brand,family,model,model_year,category,size_label,size_normalized,size_cm,height_min,height_max,height_original,height_unit,stack,reach,geometry_raw,price_eur,price_is_from,product_url,source_url,extraction_method,loaded_at
Berria,BELADOR [85d9066b],BELADOR BR DURA-ACE Di2,2027,carretera,51,,51,155,165,155-165 cm,cm,518,369,"{""(altura, fila sin etiqueta)"": ""155-165 cm"", ""1 Seat tube"": ""445 mm"", ""2 Horizontal tube"": ""510 mm"", ""3 Front angle"": ""70.5°"", ""4 Seat tube angle"": ""74.9°"", ""5 Wheelbase"": ""970 mm"", ""6 Sheath"": ""405 mm"", ""7 Front tube"": ""110 mm"", ""8 Bottom bracket drop"": ""74 mm"", ""9 Trail"": ""83 mm"", ""10 Fork feed"": ""42 mm"", ""11 Fork length"": ""375 mm"", ""12 Reach"": ""369 mm"", ""13 Stack"": ""518 mm""}",6874,true,https://berriabikes.com/en/products/belador-br-dura-ace-di2-2027,https://berriabikes.com/en/products/belador-br-dura-ace-di2-2027,html,2026-10-05
Berria,BELADOR [85d9066b],BELADOR BR DURA-ACE Di2,2027,carretera,53,,53,165,175,165-175 cm,cm,533,383,"{""(altura, fila sin etiqueta)"": ""165-175 cm"", ""1 Seat tube"": ""475 mm"", ""2 Horizontal tube"": ""530 mm"", ""3 Front angle"": ""71.3°"", ""4 Seat tube angle"": ""74.6°"", ""5 Wheelbase"": ""982 mm"", ""6 Sheath"": ""405 mm"", ""7 Front tube"": ""125 mm"", ""8 Bottom bracket drop"": ""72 mm"", ""9 Trail"": ""73 mm"", ""10 Fork feed"": ""42 mm"", ""11 Fork length"": ""375 mm"", ""12 Reach"": ""383 mm"", ""13 Stack"": ""533 mm""}",6874,true,https://berriabikes.com/en/products/belador-br-dura-ace-di2-2027,https://berriabikes.com/en/products/belador-br-dura-ace-di2-2027,html,2026-10-05
Berria,BELADOR [85d9066b],BELADOR BR DURA-ACE Di2,2027,carretera,55,,55,175,185,175-185 cm,cm,550,396,"{""(altura, fila sin etiqueta)"": ""175-185 cm"", ""1 Seat tube"": ""500 mm"", ""2 Horizontal tube"": ""550 mm"", ""3 Front angle"": ""72°"", ""4 Seat tube angle"": ""74.3°"", ""5 Wheelbase"": ""993 mm"", ""6 Sheath"": ""405 mm"", ""7 Front tube"": ""140 mm"", ""8 Bottom bracket drop"": ""72 mm"", ""9 Trail"": ""68 mm"", ""10 Fork feed"": ""42 mm"", ""11 Fork length"": ""375 mm"", ""12 Reach"": ""396 mm"", ""13 Stack"": ""550 mm""}",6874,true,https://berriabikes.com/en/products/belador-br-dura-ace-di2-2027,https://berriabikes.com/en/products/belador-br-dura-ace-di2-2027,html,2026-10-05
Berria,BELADOR [85d9066b],BELADOR BR DURA-ACE Di2,2027,carretera,57,,57,185,192,185-192 cm,cm,570,406,"{""(altura, fila sin etiqueta)"": ""185-192 cm"", ""1 Seat tube"": ""530 mm"", ""2 Horizontal tube"": ""570 mm"", ""3 Front angle"": ""72.5°"", ""4 Seat tube angle"": ""74°"", ""5 Wheelbase"": ""1006 mm"", ""6 Sheath"": ""405 mm"", ""7 Front tube"": ""160 mm"", ""8 Bottom bracket drop"": ""72 mm"", ""9 Trail"": ""65 mm"", ""10 Fork feed"": ""42 mm"", ""11 Fork length"": ""375 mm"", ""12 Reach"": ""406 mm"", ""13 Stack"": ""570 mm""}",6874,true,https://berriabikes.com/en/products/belador-br-dura-ace-di2-2027,https://berriabikes.com/en/products/belador-br-dura-ace-di2-2027,html,2026-10-05
Berria,BELADOR [85d9066b],BELADOR BR DURA-ACE Di2,2027,carretera,59,,59,192,,>192 cm,cm,590,418,"{""(altura, fila sin etiqueta)"": "">192 cm"", ""1 Seat tube"": ""565 mm"", ""2 Horizontal tube"": ""590 mm"", ""3 Front angle"": ""73°"", ""4 Seat tube angle"": ""73.7°"", ""5 Wheelbase"": ""1018 mm"", ""6 Sheath"": ""405 mm"", ""7 Front tube"": ""180 mm"", ""8 Bottom bracket drop"": ""72 mm"", ""9 Trail"": ""62 mm"", ""10 Fork feed"": ""42 mm"", ""11 Fork length"": ""375 mm"", ""12 Reach"": ""418 mm"", ""13 Stack"": ""590 mm""}",6874,true,https://berriabikes.com/en/products/belador-br-dura-ace-di2-2027,https://berriabikes.com/en/products/belador-br-dura-ace-di2-2027,html,2026-10-05
Berria,BELADOR [85d9066b],BELADOR BR ULTEGRA Di2,2027,carretera,51,,51,155,165,155-165 cm,cm,518,369,"{""(altura, fila sin etiqueta)"": ""155-165 cm"", ""1 Seat tube"": ""445 mm"", ""2 Horizontal tube"": ""510 mm"", ""3 Front angle"": ""70.5°"", ""4 Seat tube angle"": ""74.9°"", ""5 Wheelbase"": ""970 mm"", ""6 Sheath"": ""405 mm"", ""7 Front tube"": ""110 mm"", ""8 Bottom bracket drop"": ""74 mm"", ""9 Trail"": ""83 mm"", ""10 Fork feed"": ""42 mm"", ""11 Fork length"": ""375 mm"", ""12 Reach"": ""369 mm"", ""13 Stack"": ""518 mm""}",5099,true,https://berriabikes.com/en/products/belador-br-ultegra-di2-2027,https://berriabikes.com/en/products/belador-br-ultegra-di2-2027,html,2026-10-05
Berria,BELADOR [85d9066b],BELADOR BR ULTEGRA Di2,2027,carretera,53,,53,165,175,165-175 cm,cm,533,383,"{""(altura, fila sin etiqueta)"": ""165-175 cm"", ""1 Seat tube"": ""475 mm"", ""2 Horizontal tube"": ""530 mm"", ""3 Front angle"": ""71.3°"", ""4 Seat tube angle"": ""74.6°"", ""5 Wheelbase"": ""982 mm"", ""6 Sheath"": ""405 mm"", ""7 Front tube"": ""125 mm"", ""8 Bottom bracket drop"": ""72 mm"", ""9 Trail"": ""73 mm"", ""10 Fork feed"": ""42 mm"", ""11 Fork length"": ""375 mm"", ""12 Reach"": ""383 mm"", ""13 Stack"": ""533 mm""}",5099,true,https://berriabikes.com/en/products/belador-br-ultegra-di2-2027,https://berriabikes.com/en/products/belador-br-ultegra-di2-2027,html,2026-10-05
Berria,BELADOR [85d9066b],BELADOR BR ULTEGRA Di2,2027,carretera,55,,55,175,185,175-185 cm,cm,550,396,"{""(altura, fila sin etiqueta)"": ""175-185 cm"", ""1 Seat tube"": ""500 mm"", ""2 Horizontal tube"": ""550 mm"", ""3 Front angle"": ""72°"", ""4 Seat tube angle"": ""74.3°"", ""5 Wheelbase"": ""993 mm"", ""6 Sheath"": ""405 mm"", ""7 Front tube"": ""140 mm"", ""8 Bottom bracket drop"": ""72 mm"", ""9 Trail"": ""68 mm"", ""10 Fork feed"": ""42 mm"", ""11 Fork length"": ""375 mm"", ""12 Reach"": ""396 mm"", ""13 Stack"": ""550 mm""}",5099,true,https://berriabikes.com/en/products/belador-br-ultegra-di2-2027,https://berriabikes.com/en/products/belador-br-ultegra-di2-2027,html,2026-10-05
Berria,BELADOR [85d9066b],BELADOR BR ULTEGRA Di2,2027,carretera,57,,57,185,192,185-192 cm,cm,570,406,"{""(altura, fila sin etiqueta)"": ""185-192 cm"", ""1 Seat tube"": ""530 mm"", ""2 Horizontal tube"": ""570 mm"", ""3 Front angle"": ""72.5°"", ""4 Seat tube angle"": ""74°"", ""5 Wheelbase"": ""1006 mm"", ""6 Sheath"": ""405 mm"", ""7 Front tube"": ""160 mm"", ""8 Bottom bracket drop"": ""72 mm"", ""9 Trail"": ""65 mm"", ""10 Fork feed"": ""42 mm"", ""11 Fork length"": ""375 mm"", ""12 Reach"": ""406 mm"", ""13 Stack"": ""570 mm""}",5099,true,https://berriabikes.com/en/products/belador-br-ultegra-di2-2027,https://berriabikes.com/en/products/belador-br-ultegra-di2-2027,html,2026-10-05
Berria,BELADOR [85d9066b],BELADOR BR ULTEGRA Di2,2027,carretera,59,,59,192,,>192 cm,cm,590,418,"{""(altura, fila sin etiqueta)"": "">192 cm"", ""1 Seat tube"": ""565 mm"", ""2 Horizontal tube"": ""590 mm"", ""3 Front angle"": ""73°"", ""4 Seat tube angle"": ""73.7°"", ""5 Wheelbase"": ""1018 mm"", ""6 Sheath"": ""405 mm"", ""7 Front tube"": ""180 mm"", ""8 Bottom bracket drop"": ""72 mm"", ""9 Trail"": ""62 mm"", ""10 Fork feed"": ""42 mm"", ""11 Fork length"": ""375 mm"", ""12 Reach"": ""418 mm"", ""13 Stack"": ""590 mm""}",5099,true,https://berriabikes.com/en/products/belador-br-ultegra-di2-2027,https://berriabikes.com/en/products/belador-br-ultegra-di2-2027,html,2026-10-05
Berria,BELADOR [85d9066b],BELADOR PRO FORCE AXS PWM,2027,carretera,51,,51,155,165,155-165 cm,cm,518,369,"{""(altura, fila sin etiqueta)"": ""155-165 cm"", ""1 Seat tube"": ""445 mm"", ""2 Horizontal tube"": ""510 mm"", ""3 Front angle"": ""70.5°"", ""4 Seat tube angle"": ""74.9°"", ""5 Wheelbase"": ""970 mm"", ""6 Sheath"": ""405 mm"", ""7 Front tube"": ""110 mm"", ""8 Bottom bracket drop"": ""74 mm"", ""9 Trail"": ""83 mm"", ""10 Fork feed"": ""42 mm"", ""11 Fork length"": ""375 mm"", ""12 Reach"": ""369 mm"", ""13 Stack"": ""518 mm""}",3844,true,https://berriabikes.com/en/products/belador-pro-force-axs-pwm-2027,https://berriabikes.com/en/products/belador-pro-force-axs-pwm-2027,html,2026-10-05
Berria,BELADOR [85d9066b],BELADOR PRO FORCE AXS PWM,2027,carretera,53,,53,165,175,165-175 cm,cm,533,383,"{""(altura, fila sin etiqueta)"": ""165-175 cm"", ""1 Seat tube"": ""475 mm"", ""2 Horizontal tube"": ""530 mm"", ""3 Front angle"": ""71.3°"", ""4 Seat tube angle"": ""74.6°"", ""5 Wheelbase"": ""982 mm"", ""6 Sheath"": ""405 mm"", ""7 Front tube"": ""125 mm"", ""8 Bottom bracket drop"": ""72 mm"", ""9 Trail"": ""73 mm"", ""10 Fork feed"": ""42 mm"", ""11 Fork length"": ""375 mm"", ""12 Reach"": ""383 mm"", ""13 Stack"": ""533 mm""}",3844,true,https://berriabikes.com/en/products/belador-pro-force-axs-pwm-2027,https://berriabikes.com/en/products/belador-pro-force-axs-pwm-2027,html,2026-10-05
Berria,BELADOR [85d9066b],BELADOR PRO FORCE AXS PWM,2027,carretera,55,,55,175,185,175-185 cm,cm,550,396,"{""(altura, fila sin etiqueta)"": ""175-185 cm"", ""1 Seat tube"": ""500 mm"", ""2 Horizontal tube"": ""550 mm"", ""3 Front angle"": ""72°"", ""4 Seat tube angle"": ""74.3°"", ""5 Wheelbase"": ""993 mm"", ""6 Sheath"": ""405 mm"", ""7 Front tube"": ""140 mm"", ""8 Bottom bracket drop"": ""72 mm"", ""9 Trail"": ""68 mm"", ""10 Fork feed"": ""42 mm"", ""11 Fork length"": ""375 mm"", ""12 Reach"": ""396 mm"", ""13 Stack"": ""550 mm""}",3844,true,https://berriabikes.com/en/products/belador-pro-force-axs-pwm-2027,https://berriabikes.com/en/products/belador-pro-force-axs-pwm-2027,html,2026-10-05
Berria,BELADOR [85d9066b],BELADOR PRO FORCE AXS PWM,2027,carretera,57,,57,185,192,185-192 cm,cm,570,406,"{""(altura, fila sin etiqueta)"": ""185-192 cm"", ""1 Seat tube"": ""530 mm"", ""2 Horizontal tube"": ""570 mm"", ""3 Front angle"": ""72.5°"", ""4 Seat tube angle"": ""74°"", ""5 Wheelbase"": ""1006 mm"", ""6 Sheath"": ""405 mm"", ""7 Front tube"": ""160 mm"", ""8 Bottom bracket drop"": ""72 mm"", ""9 Trail"": ""65 mm"", ""10 Fork feed"": ""42 mm"", ""11 Fork length"": ""375 mm"", ""12 Reach"": ""406 mm"", ""13 Stack"": ""570 mm""}",3844,true,https://berriabikes.com/en/products/belador-pro-force-axs-pwm-2027,https://berriabikes.com/en/products/belador-pro-force-axs-pwm-2027,html,2026-10-05
Berria,BELADOR [85d9066b],BELADOR PRO FORCE AXS PWM,2027,carretera,59,,59,192,,>192 cm,cm,590,418,"{""(altura, fila sin etiqueta)"": "">192 cm"", ""1 Seat tube"": ""565 mm"", ""2 Horizontal tube"": ""590 mm"", ""3 Front angle"": ""73°"", ""4 Seat tube angle"": ""73.7°"", ""5 Wheelbase"": ""1018 mm"", ""6 Sheath"": ""405 mm"", ""7 Front tube"": ""180 mm"", ""8 Bottom bracket drop"": ""72 mm"", ""9 Trail"": ""62 mm"", ""10 Fork feed"": ""42 mm"", ""11 Fork length"": ""375 mm"", ""12 Reach"": ""418 mm"", ""13 Stack"": ""590 mm""}",3844,true,https://berriabikes.com/en/products/belador-pro-force-axs-pwm-2027,https://berriabikes.com/en/products/belador-pro-force-axs-pwm-2027,html,2026-10-05
Berria,BELADOR [85d9066b],BELADOR PRO ULTEGRA Di2,2027,carretera,51,,51,155,165,155-165 cm,cm,518,369,"{""(altura, fila sin etiqueta)"": ""155-165 cm"", ""1 Seat tube"": ""445 mm"", ""2 Horizontal tube"": ""510 mm"", ""3 Front angle"": ""70.5°"", ""4 Seat tube angle"": ""74.9°"", ""5 Wheelbase"": ""970 mm"", ""6 Sheath"": ""405 mm"", ""7 Front tube"": ""110 mm"", ""8 Bottom bracket drop"": ""74 mm"", ""9 Trail"": ""83 mm"", ""10 Fork feed"": ""42 mm"", ""11 Fork length"": ""375 mm"", ""12 Reach"": ""369 mm"", ""13 Stack"": ""518 mm""}",3544,true,https://berriabikes.com/en/products/belador-pro-ultegra-di2-2027,https://berriabikes.com/en/products/belador-pro-ultegra-di2-2027,html,2026-10-05
Berria,BELADOR [85d9066b],BELADOR PRO ULTEGRA Di2,2027,carretera,53,,53,165,175,165-175 cm,cm,533,383,"{""(altura, fila sin etiqueta)"": ""165-175 cm"", ""1 Seat tube"": ""475 mm"", ""2 Horizontal tube"": ""530 mm"", ""3 Front angle"": ""71.3°"", ""4 Seat tube angle"": ""74.6°"", ""5 Wheelbase"": ""982 mm"", ""6 Sheath"": ""405 mm"", ""7 Front tube"": ""125 mm"", ""8 Bottom bracket drop"": ""72 mm"", ""9 Trail"": ""73 mm"", ""10 Fork feed"": ""42 mm"", ""11 Fork length"": ""375 mm"", ""12 Reach"": ""383 mm"", ""13 Stack"": ""533 mm""}",3544,true,https://berriabikes.com/en/products/belador-pro-ultegra-di2-2027,https://berriabikes.com/en/products/belador-pro-ultegra-di2-2027,html,2026-10-05
Berria,BELADOR [85d9066b],BELADOR PRO ULTEGRA Di2,2027,carretera,55,,55,175,185,175-185 cm,cm,550,396,"{""(altura, fila sin etiqueta)"": ""175-185 cm"", ""1 Seat tube"": ""500 mm"", ""2 Horizontal tube"": ""550 mm"", ""3 Front angle"": ""72°"", ""4 Seat tube angle"": ""74.3°"", ""5 Wheelbase"": ""993 mm"", ""6 Sheath"": ""405 mm"", ""7 Front tube"": ""140 mm"", ""8 Bottom bracket drop"": ""72 mm"", ""9 Trail"": ""68 mm"", ""10 Fork feed"": ""42 mm"", ""11 Fork length"": ""375 mm"", ""12 Reach"": ""396 mm"", ""13 Stack"": ""550 mm""}",3544,true,https://berriabikes.com/en/products/belador-pro-ultegra-di2-2027,https://berriabikes.com/en/products/belador-pro-ultegra-di2-2027,html,2026-10-05
Berria,BELADOR [85d9066b],BELADOR PRO ULTEGRA Di2,2027,carretera,57,,57,185,192,185-192 cm,cm,570,406,"{""(altura, fila sin etiqueta)"": ""185-192 cm"", ""1 Seat tube"": ""530 mm"", ""2 Horizontal tube"": ""570 mm"", ""3 Front angle"": ""72.5°"", ""4 Seat tube angle"": ""74°"", ""5 Wheelbase"": ""1006 mm"", ""6 Sheath"": ""405 mm"", ""7 Front tube"": ""160 mm"", ""8 Bottom bracket drop"": ""72 mm"", ""9 Trail"": ""65 mm"", ""10 Fork feed"": ""42 mm"", ""11 Fork length"": ""375 mm"", ""12 Reach"": ""406 mm"", ""13 Stack"": ""570 mm""}",3544,true,https://berriabikes.com/en/products/belador-pro-ultegra-di2-2027,https://berriabikes.com/en/products/belador-pro-ultegra-di2-2027,html,2026-10-05
Berria,BELADOR [85d9066b],BELADOR PRO ULTEGRA Di2,2027,carretera,59,,59,192,,>192 cm,cm,590,418,"{""(altura, fila sin etiqueta)"": "">192 cm"", ""1 Seat tube"": ""565 mm"", ""2 Horizontal tube"": ""590 mm"", ""3 Front angle"": ""73°"", ""4 Seat tube angle"": ""73.7°"", ""5 Wheelbase"": ""1018 mm"", ""6 Sheath"": ""405 mm"", ""7 Front tube"": ""180 mm"", ""8 Bottom bracket drop"": ""72 mm"", ""9 Trail"": ""62 mm"", ""10 Fork feed"": ""42 mm"", ""11 Fork length"": ""375 mm"", ""12 Reach"": ""418 mm"", ""13 Stack"": ""590 mm""}",3544,true,https://berriabikes.com/en/products/belador-pro-ultegra-di2-2027,https://berriabikes.com/en/products/belador-pro-ultegra-di2-2027,html,2026-10-05
Berria,BELADOR [85d9066b],BELADOR PRO RIVAL AXS PWM,2027,carretera,51,,51,155,165,155-165 cm,cm,518,369,"{""(altura, fila sin etiqueta)"": ""155-165 cm"", ""1 Seat tube"": ""445 mm"", ""2 Horizontal tube"": ""510 mm"", ""3 Front angle"": ""70.5°"", ""4 Seat tube angle"": ""74.9°"", ""5 Wheelbase"": ""970 mm"", ""6 Sheath"": ""405 mm"", ""7 Front tube"": ""110 mm"", ""8 Bottom bracket drop"": ""74 mm"", ""9 Trail"": ""83 mm"", ""10 Fork feed"": ""42 mm"", ""11 Fork length"": ""375 mm"", ""12 Reach"": ""369 mm"", ""13 Stack"": ""518 mm""}",3399,true,https://berriabikes.com/en/products/belador-pro-rival-axs-pwm-2027,https://berriabikes.com/en/products/belador-pro-rival-axs-pwm-2027,html,2026-10-05
Berria,BELADOR [85d9066b],BELADOR PRO RIVAL AXS PWM,2027,carretera,53,,53,165,175,165-175 cm,cm,533,383,"{""(altura, fila sin etiqueta)"": ""165-175 cm"", ""1 Seat tube"": ""475 mm"", ""2 Horizontal tube"": ""530 mm"", ""3 Front angle"": ""71.3°"", ""4 Seat tube angle"": ""74.6°"", ""5 Wheelbase"": ""982 mm"", ""6 Sheath"": ""405 mm"", ""7 Front tube"": ""125 mm"", ""8 Bottom bracket drop"": ""72 mm"", ""9 Trail"": ""73 mm"", ""10 Fork feed"": ""42 mm"", ""11 Fork length"": ""375 mm"", ""12 Reach"": ""383 mm"", ""13 Stack"": ""533 mm""}",3399,true,https://berriabikes.com/en/products/belador-pro-rival-axs-pwm-2027,https://berriabikes.com/en/products/belador-pro-rival-axs-pwm-2027,html,2026-10-05
Berria,BELADOR [85d9066b],BELADOR PRO RIVAL AXS PWM,2027,carretera,55,,55,175,185,175-185 cm,cm,550,396,"{""(altura, fila sin etiqueta)"": ""175-185 cm"", ""1 Seat tube"": ""500 mm"", ""2 Horizontal tube"": ""550 mm"", ""3 Front angle"": ""72°"", ""4 Seat tube angle"": ""74.3°"", ""5 Wheelbase"": ""993 mm"", ""6 Sheath"": ""405 mm"", ""7 Front tube"": ""140 mm"", ""8 Bottom bracket drop"": ""72 mm"", ""9 Trail"": ""68 mm"", ""10 Fork feed"": ""42 mm"", ""11 Fork length"": ""375 mm"", ""12 Reach"": ""396 mm"", ""13 Stack"": ""550 mm""}",3399,true,https://berriabikes.com/en/products/belador-pro-rival-axs-pwm-2027,https://berriabikes.com/en/products/belador-pro-rival-axs-pwm-2027,html,2026-10-05
Berria,BELADOR [85d9066b],BELADOR PRO RIVAL AXS PWM,2027,carretera,57,,57,185,192,185-192 cm,cm,570,406,"{""(altura, fila sin etiqueta)"": ""185-192 cm"", ""1 Seat tube"": ""530 mm"", ""2 Horizontal tube"": ""570 mm"", ""3 Front angle"": ""72.5°"", ""4 Seat tube angle"": ""74°"", ""5 Wheelbase"": ""1006 mm"", ""6 Sheath"": ""405 mm"", ""7 Front tube"": ""160 mm"", ""8 Bottom bracket drop"": ""72 mm"", ""9 Trail"": ""65 mm"", ""10 Fork feed"": ""42 mm"", ""11 Fork length"": ""375 mm"", ""12 Reach"": ""406 mm"", ""13 Stack"": ""570 mm""}",3399,true,https://berriabikes.com/en/products/belador-pro-rival-axs-pwm-2027,https://berriabikes.com/en/products/belador-pro-rival-axs-pwm-2027,html,2026-10-05
Berria,BELADOR [85d9066b],BELADOR PRO RIVAL AXS PWM,2027,carretera,59,,59,192,,>192 cm,cm,590,418,"{""(altura, fila sin etiqueta)"": "">192 cm"", ""1 Seat tube"": ""565 mm"", ""2 Horizontal tube"": ""590 mm"", ""3 Front angle"": ""73°"", ""4 Seat tube angle"": ""73.7°"", ""5 Wheelbase"": ""1018 mm"", ""6 Sheath"": ""405 mm"", ""7 Front tube"": ""180 mm"", ""8 Bottom bracket drop"": ""72 mm"", ""9 Trail"": ""62 mm"", ""10 Fork feed"": ""42 mm"", ""11 Fork length"": ""375 mm"", ""12 Reach"": ""418 mm"", ""13 Stack"": ""590 mm""}",3399,true,https://berriabikes.com/en/products/belador-pro-rival-axs-pwm-2027,https://berriabikes.com/en/products/belador-pro-rival-axs-pwm-2027,html,2026-10-05
Berria,BELADOR [85d9066b],BELADOR PRO 105 Di2,2027,carretera,51,,51,155,165,155-165 cm,cm,518,369,"{""(altura, fila sin etiqueta)"": ""155-165 cm"", ""1 Seat tube"": ""445 mm"", ""2 Horizontal tube"": ""510 mm"", ""3 Front angle"": ""70.5°"", ""4 Seat tube angle"": ""74.9°"", ""5 Wheelbase"": ""970 mm"", ""6 Sheath"": ""405 mm"", ""7 Front tube"": ""110 mm"", ""8 Bottom bracket drop"": ""74 mm"", ""9 Trail"": ""83 mm"", ""10 Fork feed"": ""42 mm"", ""11 Fork length"": ""375 mm"", ""12 Reach"": ""369 mm"", ""13 Stack"": ""518 mm""}",2999,true,https://berriabikes.com/en/products/belador-pro-105-di2-2027,https://berriabikes.com/en/products/belador-pro-105-di2-2027,html,2026-10-05
Berria,BELADOR [85d9066b],BELADOR PRO 105 Di2,2027,carretera,53,,53,165,175,165-175 cm,cm,533,383,"{""(altura, fila sin etiqueta)"": ""165-175 cm"", ""1 Seat tube"": ""475 mm"", ""2 Horizontal tube"": ""530 mm"", ""3 Front angle"": ""71.3°"", ""4 Seat tube angle"": ""74.6°"", ""5 Wheelbase"": ""982 mm"", ""6 Sheath"": ""405 mm"", ""7 Front tube"": ""125 mm"", ""8 Bottom bracket drop"": ""72 mm"", ""9 Trail"": ""73 mm"", ""10 Fork feed"": ""42 mm"", ""11 Fork length"": ""375 mm"", ""12 Reach"": ""383 mm"", ""13 Stack"": ""533 mm""}",2999,true,https://berriabikes.com/en/products/belador-pro-105-di2-2027,https://berriabikes.com/en/products/belador-pro-105-di2-2027,html,2026-10-05
Berria,BELADOR [85d9066b],BELADOR PRO 105 Di2,2027,carretera,55,,55,175,185,175-185 cm,cm,550,396,"{""(altura, fila sin etiqueta)"": ""175-185 cm"", ""1 Seat tube"": ""500 mm"", ""2 Horizontal tube"": ""550 mm"", ""3 Front angle"": ""72°"", ""4 Seat tube angle"": ""74.3°"", ""5 Wheelbase"": ""993 mm"", ""6 Sheath"": ""405 mm"", ""7 Front tube"": ""140 mm"", ""8 Bottom bracket drop"": ""72 mm"", ""9 Trail"": ""68 mm"", ""10 Fork feed"": ""42 mm"", ""11 Fork length"": ""375 mm"", ""12 Reach"": ""396 mm"", ""13 Stack"": ""550 mm""}",2999,true,https://berriabikes.com/en/products/belador-pro-105-di2-2027,https://berriabikes.com/en/products/belador-pro-105-di2-2027,html,2026-10-05
Berria,BELADOR [85d9066b],BELADOR PRO 105 Di2,2027,carretera,57,,57,185,192,185-192 cm,cm,570,406,"{""(altura, fila sin etiqueta)"": ""185-192 cm"", ""1 Seat tube"": ""530 mm"", ""2 Horizontal tube"": ""570 mm"", ""3 Front angle"": ""72.5°"", ""4 Seat tube angle"": ""74°"", ""5 Wheelbase"": ""1006 mm"", ""6 Sheath"": ""405 mm"", ""7 Front tube"": ""160 mm"", ""8 Bottom bracket drop"": ""72 mm"", ""9 Trail"": ""65 mm"", ""10 Fork feed"": ""42 mm"", ""11 Fork length"": ""375 mm"", ""12 Reach"": ""406 mm"", ""13 Stack"": ""570 mm""}",2999,true,https://berriabikes.com/en/products/belador-pro-105-di2-2027,https://berriabikes.com/en/products/belador-pro-105-di2-2027,html,2026-10-05
Berria,BELADOR [85d9066b],BELADOR PRO 105 Di2,2027,carretera,59,,59,192,,>192 cm,cm,590,418,"{""(altura, fila sin etiqueta)"": "">192 cm"", ""1 Seat tube"": ""565 mm"", ""2 Horizontal tube"": ""590 mm"", ""3 Front angle"": ""73°"", ""4 Seat tube angle"": ""73.7°"", ""5 Wheelbase"": ""1018 mm"", ""6 Sheath"": ""405 mm"", ""7 Front tube"": ""180 mm"", ""8 Bottom bracket drop"": ""72 mm"", ""9 Trail"": ""62 mm"", ""10 Fork feed"": ""42 mm"", ""11 Fork length"": ""375 mm"", ""12 Reach"": ""418 mm"", ""13 Stack"": ""590 mm""}",2999,true,https://berriabikes.com/en/products/belador-pro-105-di2-2027,https://berriabikes.com/en/products/belador-pro-105-di2-2027,html,2026-10-05
Berria,BELADOR [85d9066b],BELADOR ESSENTIAL 105 Di2 CW,2027,carretera,51,,51,155,165,155-165 cm,cm,518,369,"{""(altura, fila sin etiqueta)"": ""155-165 cm"", ""1 Seat tube"": ""445 mm"", ""2 Horizontal tube"": ""510 mm"", ""3 Front angle"": ""70.5°"", ""4 Seat tube angle"": ""74.9°"", ""5 Wheelbase"": ""970 mm"", ""6 Sheath"": ""405 mm"", ""7 Front tube"": ""110 mm"", ""8 Bottom bracket drop"": ""74 mm"", ""9 Trail"": ""83 mm"", ""10 Fork feed"": ""42 mm"", ""11 Fork length"": ""375 mm"", ""12 Reach"": ""369 mm"", ""13 Stack"": ""518 mm""}",3099,false,https://berriabikes.com/en/products/belador-essential-105-di2-cw-2027,https://berriabikes.com/en/products/belador-essential-105-di2-cw-2027,html,2026-10-05
Berria,BELADOR [85d9066b],BELADOR ESSENTIAL 105 Di2 CW,2027,carretera,53,,53,165,175,165-175 cm,cm,533,383,"{""(altura, fila sin etiqueta)"": ""165-175 cm"", ""1 Seat tube"": ""475 mm"", ""2 Horizontal tube"": ""530 mm"", ""3 Front angle"": ""71.3°"", ""4 Seat tube angle"": ""74.6°"", ""5 Wheelbase"": ""982 mm"", ""6 Sheath"": ""405 mm"", ""7 Front tube"": ""125 mm"", ""8 Bottom bracket drop"": ""72 mm"", ""9 Trail"": ""73 mm"", ""10 Fork feed"": ""42 mm"", ""11 Fork length"": ""375 mm"", ""12 Reach"": ""383 mm"", ""13 Stack"": ""533 mm""}",3099,false,https://berriabikes.com/en/products/belador-essential-105-di2-cw-2027,https://berriabikes.com/en/products/belador-essential-105-di2-cw-2027,html,2026-10-05
Berria,BELADOR [85d9066b],BELADOR ESSENTIAL 105 Di2 CW,2027,carretera,55,,55,175,185,175-185 cm,cm,550,396,"{""(altura, fila sin etiqueta)"": ""175-185 cm"", ""1 Seat tube"": ""500 mm"", ""2 Horizontal tube"": ""550 mm"", ""3 Front angle"": ""72°"", ""4 Seat tube angle"": ""74.3°"", ""5 Wheelbase"": ""993 mm"", ""6 Sheath"": ""405 mm"", ""7 Front tube"": ""140 mm"", ""8 Bottom bracket drop"": ""72 mm"", ""9 Trail"": ""68 mm"", ""10 Fork feed"": ""42 mm"", ""11 Fork length"": ""375 mm"", ""12 Reach"": ""396 mm"", ""13 Stack"": ""550 mm""}",3099,false,https://berriabikes.com/en/products/belador-essential-105-di2-cw-2027,https://berriabikes.com/en/products/belador-essential-105-di2-cw-2027,html,2026-10-05
Berria,BELADOR [85d9066b],BELADOR ESSENTIAL 105 Di2 CW,2027,carretera,57,,57,185,192,185-192 cm,cm,570,406,"{""(altura, fila sin etiqueta)"": ""185-192 cm"", ""1 Seat tube"": ""530 mm"", ""2 Horizontal tube"": ""570 mm"", ""3 Front angle"": ""72.5°"", ""4 Seat tube angle"": ""74°"", ""5 Wheelbase"": ""1006 mm"", ""6 Sheath"": ""405 mm"", ""7 Front tube"": ""160 mm"", ""8 Bottom bracket drop"": ""72 mm"", ""9 Trail"": ""65 mm"", ""10 Fork feed"": ""42 mm"", ""11 Fork length"": ""375 mm"", ""12 Reach"": ""406 mm"", ""13 Stack"": ""570 mm""}",3099,false,https://berriabikes.com/en/products/belador-essential-105-di2-cw-2027,https://berriabikes.com/en/products/belador-essential-105-di2-cw-2027,html,2026-10-05
Berria,BELADOR [85d9066b],BELADOR ESSENTIAL 105 Di2 CW,2027,carretera,59,,59,192,,>192 cm,cm,590,418,"{""(altura, fila sin etiqueta)"": "">192 cm"", ""1 Seat tube"": ""565 mm"", ""2 Horizontal tube"": ""590 mm"", ""3 Front angle"": ""73°"", ""4 Seat tube angle"": ""73.7°"", ""5 Wheelbase"": ""1018 mm"", ""6 Sheath"": ""405 mm"", ""7 Front tube"": ""180 mm"", ""8 Bottom bracket drop"": ""72 mm"", ""9 Trail"": ""62 mm"", ""10 Fork feed"": ""42 mm"", ""11 Fork length"": ""375 mm"", ""12 Reach"": ""418 mm"", ""13 Stack"": ""590 mm""}",3099,false,https://berriabikes.com/en/products/belador-essential-105-di2-cw-2027,https://berriabikes.com/en/products/belador-essential-105-di2-cw-2027,html,2026-10-05
Berria,BELADOR [85d9066b],BELADOR ESSENTIAL 105 Di2,2027,carretera,51,,51,155,165,155-165 cm,cm,518,369,"{""(altura, fila sin etiqueta)"": ""155-165 cm"", ""1 Seat tube"": ""445 mm"", ""2 Horizontal tube"": ""510 mm"", ""3 Front angle"": ""70.5°"", ""4 Seat tube angle"": ""74.9°"", ""5 Wheelbase"": ""970 mm"", ""6 Sheath"": ""405 mm"", ""7 Front tube"": ""110 mm"", ""8 Bottom bracket drop"": ""74 mm"", ""9 Trail"": ""83 mm"", ""10 Fork feed"": ""42 mm"", ""11 Fork length"": ""375 mm"", ""12 Reach"": ""369 mm"", ""13 Stack"": ""518 mm""}",2499,false,https://berriabikes.com/en/products/belador-essential-105-di2-2027,https://berriabikes.com/en/products/belador-essential-105-di2-2027,html,2026-10-05
Berria,BELADOR [85d9066b],BELADOR ESSENTIAL 105 Di2,2027,carretera,53,,53,165,175,165-175 cm,cm,533,383,"{""(altura, fila sin etiqueta)"": ""165-175 cm"", ""1 Seat tube"": ""475 mm"", ""2 Horizontal tube"": ""530 mm"", ""3 Front angle"": ""71.3°"", ""4 Seat tube angle"": ""74.6°"", ""5 Wheelbase"": ""982 mm"", ""6 Sheath"": ""405 mm"", ""7 Front tube"": ""125 mm"", ""8 Bottom bracket drop"": ""72 mm"", ""9 Trail"": ""73 mm"", ""10 Fork feed"": ""42 mm"", ""11 Fork length"": ""375 mm"", ""12 Reach"": ""383 mm"", ""13 Stack"": ""533 mm""}",2499,false,https://berriabikes.com/en/products/belador-essential-105-di2-2027,https://berriabikes.com/en/products/belador-essential-105-di2-2027,html,2026-10-05
Berria,BELADOR [85d9066b],BELADOR ESSENTIAL 105 Di2,2027,carretera,55,,55,175,185,175-185 cm,cm,550,396,"{""(altura, fila sin etiqueta)"": ""175-185 cm"", ""1 Seat tube"": ""500 mm"", ""2 Horizontal tube"": ""550 mm"", ""3 Front angle"": ""72°"", ""4 Seat tube angle"": ""74.3°"", ""5 Wheelbase"": ""993 mm"", ""6 Sheath"": ""405 mm"", ""7 Front tube"": ""140 mm"", ""8 Bottom bracket drop"": ""72 mm"", ""9 Trail"": ""68 mm"", ""10 Fork feed"": ""42 mm"", ""11 Fork length"": ""375 mm"", ""12 Reach"": ""396 mm"", ""13 Stack"": ""550 mm""}",2499,false,https://berriabikes.com/en/products/belador-essential-105-di2-2027,https://berriabikes.com/en/products/belador-essential-105-di2-2027,html,2026-10-05
Berria,BELADOR [85d9066b],BELADOR ESSENTIAL 105 Di2,2027,carretera,57,,57,185,192,185-192 cm,cm,570,406,"{""(altura, fila sin etiqueta)"": ""185-192 cm"", ""1 Seat tube"": ""530 mm"", ""2 Horizontal tube"": ""570 mm"", ""3 Front angle"": ""72.5°"", ""4 Seat tube angle"": ""74°"", ""5 Wheelbase"": ""1006 mm"", ""6 Sheath"": ""405 mm"", ""7 Front tube"": ""160 mm"", ""8 Bottom bracket drop"": ""72 mm"", ""9 Trail"": ""65 mm"", ""10 Fork feed"": ""42 mm"", ""11 Fork length"": ""375 mm"", ""12 Reach"": ""406 mm"", ""13 Stack"": ""570 mm""}",2499,false,https://berriabikes.com/en/products/belador-essential-105-di2-2027,https://berriabikes.com/en/products/belador-essential-105-di2-2027,html,2026-10-05
Berria,BELADOR [85d9066b],BELADOR ESSENTIAL 105 Di2,2027,carretera,59,,59,192,,>192 cm,cm,590,418,"{""(altura, fila sin etiqueta)"": "">192 cm"", ""1 Seat tube"": ""565 mm"", ""2 Horizontal tube"": ""590 mm"", ""3 Front angle"": ""73°"", ""4 Seat tube angle"": ""73.7°"", ""5 Wheelbase"": ""1018 mm"", ""6 Sheath"": ""405 mm"", ""7 Front tube"": ""180 mm"", ""8 Bottom bracket drop"": ""72 mm"", ""9 Trail"": ""62 mm"", ""10 Fork feed"": ""42 mm"", ""11 Fork length"": ""375 mm"", ""12 Reach"": ""418 mm"", ""13 Stack"": ""590 mm""}",2499,false,https://berriabikes.com/en/products/belador-essential-105-di2-2027,https://berriabikes.com/en/products/belador-essential-105-di2-2027,html,2026-10-05
Berria,BELADOR [85d9066b],BELADOR ESSENTIAL 105,2027,carretera,51,,51,155,165,155-165 cm,cm,518,369,"{""(altura, fila sin etiqueta)"": ""155-165 cm"", ""1 Seat tube"": ""445 mm"", ""2 Horizontal tube"": ""510 mm"", ""3 Front angle"": ""70.5°"", ""4 Seat tube angle"": ""74.9°"", ""5 Wheelbase"": ""970 mm"", ""6 Sheath"": ""405 mm"", ""7 Front tube"": ""110 mm"", ""8 Bottom bracket drop"": ""74 mm"", ""9 Trail"": ""83 mm"", ""10 Fork feed"": ""42 mm"", ""11 Fork length"": ""375 mm"", ""12 Reach"": ""369 mm"", ""13 Stack"": ""518 mm""}",1999,false,https://berriabikes.com/en/products/belador-essential-105-2027,https://berriabikes.com/en/products/belador-essential-105-2027,html,2026-10-05
Berria,BELADOR [85d9066b],BELADOR ESSENTIAL 105,2027,carretera,53,,53,165,175,165-175 cm,cm,533,383,"{""(altura, fila sin etiqueta)"": ""165-175 cm"", ""1 Seat tube"": ""475 mm"", ""2 Horizontal tube"": ""530 mm"", ""3 Front angle"": ""71.3°"", ""4 Seat tube angle"": ""74.6°"", ""5 Wheelbase"": ""982 mm"", ""6 Sheath"": ""405 mm"", ""7 Front tube"": ""125 mm"", ""8 Bottom bracket drop"": ""72 mm"", ""9 Trail"": ""73 mm"", ""10 Fork feed"": ""42 mm"", ""11 Fork length"": ""375 mm"", ""12 Reach"": ""383 mm"", ""13 Stack"": ""533 mm""}",1999,false,https://berriabikes.com/en/products/belador-essential-105-2027,https://berriabikes.com/en/products/belador-essential-105-2027,html,2026-10-05
Berria,BELADOR [85d9066b],BELADOR ESSENTIAL 105,2027,carretera,55,,55,175,185,175-185 cm,cm,550,396,"{""(altura, fila sin etiqueta)"": ""175-185 cm"", ""1 Seat tube"": ""500 mm"", ""2 Horizontal tube"": ""550 mm"", ""3 Front angle"": ""72°"", ""4 Seat tube angle"": ""74.3°"", ""5 Wheelbase"": ""993 mm"", ""6 Sheath"": ""405 mm"", ""7 Front tube"": ""140 mm"", ""8 Bottom bracket drop"": ""72 mm"", ""9 Trail"": ""68 mm"", ""10 Fork feed"": ""42 mm"", ""11 Fork length"": ""375 mm"", ""12 Reach"": ""396 mm"", ""13 Stack"": ""550 mm""}",1999,false,https://berriabikes.com/en/products/belador-essential-105-2027,https://berriabikes.com/en/products/belador-essential-105-2027,html,2026-10-05
Berria,BELADOR [85d9066b],BELADOR ESSENTIAL 105,2027,carretera,57,,57,185,192,185-192 cm,cm,570,406,"{""(altura, fila sin etiqueta)"": ""185-192 cm"", ""1 Seat tube"": ""530 mm"", ""2 Horizontal tube"": ""570 mm"", ""3 Front angle"": ""72.5°"", ""4 Seat tube angle"": ""74°"", ""5 Wheelbase"": ""1006 mm"", ""6 Sheath"": ""405 mm"", ""7 Front tube"": ""160 mm"", ""8 Bottom bracket drop"": ""72 mm"", ""9 Trail"": ""65 mm"", ""10 Fork feed"": ""42 mm"", ""11 Fork length"": ""375 mm"", ""12 Reach"": ""406 mm"", ""13 Stack"": ""570 mm""}",1999,false,https://berriabikes.com/en/products/belador-essential-105-2027,https://berriabikes.com/en/products/belador-essential-105-2027,html,2026-10-05
Berria,BELADOR [85d9066b],BELADOR ESSENTIAL 105,2027,carretera,59,,59,192,,>192 cm,cm,590,418,"{""(altura, fila sin etiqueta)"": "">192 cm"", ""1 Seat tube"": ""565 mm"", ""2 Horizontal tube"": ""590 mm"", ""3 Front angle"": ""73°"", ""4 Seat tube angle"": ""73.7°"", ""5 Wheelbase"": ""1018 mm"", ""6 Sheath"": ""405 mm"", ""7 Front tube"": ""180 mm"", ""8 Bottom bracket drop"": ""72 mm"", ""9 Trail"": ""62 mm"", ""10 Fork feed"": ""42 mm"", ""11 Fork length"": ""375 mm"", ""12 Reach"": ""418 mm"", ""13 Stack"": ""590 mm""}",1999,false,https://berriabikes.com/en/products/belador-essential-105-2027,https://berriabikes.com/en/products/belador-essential-105-2027,html,2026-10-05
Berria,NAII BR [9c6a071d],NAII BR RED XPLR AXS PWM,2027,gravel,XXS,XXS,,150,,>150 cm,cm,524,372,"{""(altura, fila sin etiqueta)"": "">150 cm"", ""1 Seat tube"": ""440 mm"", ""2 Horizontal tube"": ""507 mm"", ""3 Front angle"": ""70.5°"", ""4 Seat tube angle"": ""75.5°"", ""5 Wheelbase"": ""994.3 mm"", ""6 Sheath"": ""420 mm"", ""7 Front tube"": ""95 mm"", ""8 Bottom bracket drop"": ""75 mm"", ""9 Trail"": ""75.5 mm"", ""10 Fork feed"": ""48 mm"", ""11 Fork length"": ""395 mm"", ""12 Reach"": ""372 mm"", ""13 Stack"": ""524 mm""}",7134,true,https://berriabikes.com/en/products/naii-br-red-xplr-axs-pwm-2027,https://berriabikes.com/en/products/naii-br-red-xplr-axs-pwm-2027,html,2026-10-05
Berria,NAII BR [9c6a071d],NAII BR RED XPLR AXS PWM,2027,gravel,XS,XS,,150,160,150-160 cm,cm,524.6,382,"{""(altura, fila sin etiqueta)"": ""150-160 cm"", ""1 Seat tube"": ""460 mm"", ""2 Horizontal tube"": ""525.6 mm"", ""3 Front angle"": ""71°"", ""4 Seat tube angle"": ""75°"", ""5 Wheelbase"": ""998.7 mm"", ""6 Sheath"": ""420 mm"", ""7 Front tube"": ""95 mm"", ""8 Bottom bracket drop"": ""75 mm"", ""9 Trail"": ""71.8 mm"", ""10 Fork feed"": ""48 mm"", ""11 Fork length"": ""395 mm"", ""12 Reach"": ""382 mm"", ""13 Stack"": ""524.6 mm""}",7134,true,https://berriabikes.com/en/products/naii-br-red-xplr-axs-pwm-2027,https://berriabikes.com/en/products/naii-br-red-xplr-axs-pwm-2027,html,2026-10-05
Berria,NAII BR [9c6a071d],NAII BR RED XPLR AXS PWM,2027,gravel,S,S,,160,170,160-170 cm,cm,538.8,395,"{""(altura, fila sin etiqueta)"": ""160-170 cm"", ""1 Seat tube"": ""485 mm"", ""2 Horizontal tube"": ""539.4 mm"", ""3 Front angle"": ""71°"", ""4 Seat tube angle"": ""75°"", ""5 Wheelbase"": ""1013.6 mm"", ""6 Sheath"": ""420 mm"", ""7 Front tube"": ""110 mm"", ""8 Bottom bracket drop"": ""75 mm"", ""9 Trail"": ""71.8 mm"", ""10 Fork feed"": ""48 mm"", ""11 Fork length"": ""395 mm"", ""12 Reach"": ""395 mm"", ""13 Stack"": ""538.8 mm""}",7134,true,https://berriabikes.com/en/products/naii-br-red-xplr-axs-pwm-2027,https://berriabikes.com/en/products/naii-br-red-xplr-axs-pwm-2027,html,2026-10-05
Berria,NAII BR [9c6a071d],NAII BR RED XPLR AXS PWM,2027,gravel,M,M,,170,180,170-180 cm,cm,556.5,405,"{""(altura, fila sin etiqueta)"": ""170-180 cm"", ""1 Seat tube"": ""510 mm"", ""2 Horizontal tube"": ""554.1 mm"", ""3 Front angle"": ""71.5°"", ""4 Seat tube angle"": ""75°"", ""5 Wheelbase"": ""1026.4 mm"", ""6 Sheath"": ""420 mm"", ""7 Front tube"": ""130 mm"", ""8 Bottom bracket drop"": ""72 mm"", ""9 Trail"": ""68.5 mm"", ""10 Fork feed"": ""48 mm"", ""11 Fork length"": ""395 mm"", ""12 Reach"": ""405 mm"", ""13 Stack"": ""556.5 mm""}",7134,true,https://berriabikes.com/en/products/naii-br-red-xplr-axs-pwm-2027,https://berriabikes.com/en/products/naii-br-red-xplr-axs-pwm-2027,html,2026-10-05
Berria,NAII BR [9c6a071d],NAII BR RED XPLR AXS PWM,2027,gravel,L,L,,180,190,180-190 cm,cm,575.5,415,"{""(altura, fila sin etiqueta)"": ""180-190 cm"", ""1 Seat tube"": ""535 mm"", ""2 Horizontal tube"": ""574.6 mm"", ""3 Front angle"": ""71.5°"", ""4 Seat tube angle"": ""74.5°"", ""5 Wheelbase"": ""1042.8 mm"", ""6 Sheath"": ""420 mm"", ""7 Front tube"": ""150 mm"", ""8 Bottom bracket drop"": ""72 mm"", ""9 Trail"": ""68.5 mm"", ""10 Fork feed"": ""48 mm"", ""11 Fork length"": ""395 mm"", ""12 Reach"": ""415 mm"", ""13 Stack"": ""575.5 mm""}",7134,true,https://berriabikes.com/en/products/naii-br-red-xplr-axs-pwm-2027,https://berriabikes.com/en/products/naii-br-red-xplr-axs-pwm-2027,html,2026-10-05
Berria,NAII BR [9c6a071d],NAII BR RED XPLR AXS PWM,2027,gravel,XL,XL,,190,,>190 cm,cm,596.4,425,"{""(altura, fila sin etiqueta)"": "">190 cm"", ""1 Seat tube"": ""560 mm"", ""2 Horizontal tube"": ""590.4 mm"", ""3 Front angle"": ""72°"", ""4 Seat tube angle"": ""74.5°"", ""5 Wheelbase"": ""1054.6 mm"", ""6 Sheath"": ""420 mm"", ""7 Front tube"": ""170 mm"", ""8 Bottom bracket drop"": ""72 mm"", ""9 Trail"": ""65.2 mm"", ""10 Fork feed"": ""48 mm"", ""11 Fork length"": ""395 mm"", ""12 Reach"": ""425 mm"", ""13 Stack"": ""596.4 mm""}",7134,true,https://berriabikes.com/en/products/naii-br-red-xplr-axs-pwm-2027,https://berriabikes.com/en/products/naii-br-red-xplr-axs-pwm-2027,html,2026-10-05
Berria,NAII BR [9c6a071d],NAII BR FORCE XPLR AXS PWM,2027,gravel,XXS,XXS,,150,,>150 cm,cm,524,372,"{""(altura, fila sin etiqueta)"": "">150 cm"", ""1 Seat tube"": ""440 mm"", ""2 Horizontal tube"": ""507 mm"", ""3 Front angle"": ""70.5°"", ""4 Seat tube angle"": ""75.5°"", ""5 Wheelbase"": ""994.3 mm"", ""6 Sheath"": ""420 mm"", ""7 Front tube"": ""95 mm"", ""8 Bottom bracket drop"": ""75 mm"", ""9 Trail"": ""75.5 mm"", ""10 Fork feed"": ""48 mm"", ""11 Fork length"": ""395 mm"", ""12 Reach"": ""372 mm"", ""13 Stack"": ""524 mm""}",4484,true,https://berriabikes.com/en/products/naii-br-force-xplr-axs-pwm-2027,https://berriabikes.com/en/products/naii-br-force-xplr-axs-pwm-2027,html,2026-10-05
Berria,NAII BR [9c6a071d],NAII BR FORCE XPLR AXS PWM,2027,gravel,XS,XS,,150,160,150-160 cm,cm,524.6,382,"{""(altura, fila sin etiqueta)"": ""150-160 cm"", ""1 Seat tube"": ""460 mm"", ""2 Horizontal tube"": ""525.6 mm"", ""3 Front angle"": ""71°"", ""4 Seat tube angle"": ""75°"", ""5 Wheelbase"": ""998.7 mm"", ""6 Sheath"": ""420 mm"", ""7 Front tube"": ""95 mm"", ""8 Bottom bracket drop"": ""75 mm"", ""9 Trail"": ""71.8 mm"", ""10 Fork feed"": ""48 mm"", ""11 Fork length"": ""395 mm"", ""12 Reach"": ""382 mm"", ""13 Stack"": ""524.6 mm""}",4484,true,https://berriabikes.com/en/products/naii-br-force-xplr-axs-pwm-2027,https://berriabikes.com/en/products/naii-br-force-xplr-axs-pwm-2027,html,2026-10-05
Berria,NAII BR [9c6a071d],NAII BR FORCE XPLR AXS PWM,2027,gravel,S,S,,160,170,160-170 cm,cm,538.8,395,"{""(altura, fila sin etiqueta)"": ""160-170 cm"", ""1 Seat tube"": ""485 mm"", ""2 Horizontal tube"": ""539.4 mm"", ""3 Front angle"": ""71°"", ""4 Seat tube angle"": ""75°"", ""5 Wheelbase"": ""1013.6 mm"", ""6 Sheath"": ""420 mm"", ""7 Front tube"": ""110 mm"", ""8 Bottom bracket drop"": ""75 mm"", ""9 Trail"": ""71.8 mm"", ""10 Fork feed"": ""48 mm"", ""11 Fork length"": ""395 mm"", ""12 Reach"": ""395 mm"", ""13 Stack"": ""538.8 mm""}",4484,true,https://berriabikes.com/en/products/naii-br-force-xplr-axs-pwm-2027,https://berriabikes.com/en/products/naii-br-force-xplr-axs-pwm-2027,html,2026-10-05
Berria,NAII BR [9c6a071d],NAII BR FORCE XPLR AXS PWM,2027,gravel,M,M,,170,180,170-180 cm,cm,556.5,405,"{""(altura, fila sin etiqueta)"": ""170-180 cm"", ""1 Seat tube"": ""510 mm"", ""2 Horizontal tube"": ""554.1 mm"", ""3 Front angle"": ""71.5°"", ""4 Seat tube angle"": ""75°"", ""5 Wheelbase"": ""1026.4 mm"", ""6 Sheath"": ""420 mm"", ""7 Front tube"": ""130 mm"", ""8 Bottom bracket drop"": ""72 mm"", ""9 Trail"": ""68.5 mm"", ""10 Fork feed"": ""48 mm"", ""11 Fork length"": ""395 mm"", ""12 Reach"": ""405 mm"", ""13 Stack"": ""556.5 mm""}",4484,true,https://berriabikes.com/en/products/naii-br-force-xplr-axs-pwm-2027,https://berriabikes.com/en/products/naii-br-force-xplr-axs-pwm-2027,html,2026-10-05
Berria,NAII BR [9c6a071d],NAII BR FORCE XPLR AXS PWM,2027,gravel,L,L,,180,190,180-190 cm,cm,575.5,415,"{""(altura, fila sin etiqueta)"": ""180-190 cm"", ""1 Seat tube"": ""535 mm"", ""2 Horizontal tube"": ""574.6 mm"", ""3 Front angle"": ""71.5°"", ""4 Seat tube angle"": ""74.5°"", ""5 Wheelbase"": ""1042.8 mm"", ""6 Sheath"": ""420 mm"", ""7 Front tube"": ""150 mm"", ""8 Bottom bracket drop"": ""72 mm"", ""9 Trail"": ""68.5 mm"", ""10 Fork feed"": ""48 mm"", ""11 Fork length"": ""395 mm"", ""12 Reach"": ""415 mm"", ""13 Stack"": ""575.5 mm""}",4484,true,https://berriabikes.com/en/products/naii-br-force-xplr-axs-pwm-2027,https://berriabikes.com/en/products/naii-br-force-xplr-axs-pwm-2027,html,2026-10-05
Berria,NAII BR [9c6a071d],NAII BR FORCE XPLR AXS PWM,2027,gravel,XL,XL,,190,,>190 cm,cm,596.4,425,"{""(altura, fila sin etiqueta)"": "">190 cm"", ""1 Seat tube"": ""560 mm"", ""2 Horizontal tube"": ""590.4 mm"", ""3 Front angle"": ""72°"", ""4 Seat tube angle"": ""74.5°"", ""5 Wheelbase"": ""1054.6 mm"", ""6 Sheath"": ""420 mm"", ""7 Front tube"": ""170 mm"", ""8 Bottom bracket drop"": ""72 mm"", ""9 Trail"": ""65.2 mm"", ""10 Fork feed"": ""48 mm"", ""11 Fork length"": ""395 mm"", ""12 Reach"": ""425 mm"", ""13 Stack"": ""596.4 mm""}",4484,true,https://berriabikes.com/en/products/naii-br-force-xplr-axs-pwm-2027,https://berriabikes.com/en/products/naii-br-force-xplr-axs-pwm-2027,html,2026-10-05
Berria,NAII BR [9c6a071d],NAII BR GRX800 Di2,2027,gravel,XXS,XXS,,150,,>150 cm,cm,524,372,"{""(altura, fila sin etiqueta)"": "">150 cm"", ""1 Seat tube"": ""440 mm"", ""2 Horizontal tube"": ""507 mm"", ""3 Front angle"": ""70.5°"", ""4 Seat tube angle"": ""75.5°"", ""5 Wheelbase"": ""994.3 mm"", ""6 Sheath"": ""420 mm"", ""7 Front tube"": ""95 mm"", ""8 Bottom bracket drop"": ""75 mm"", ""9 Trail"": ""75.5 mm"", ""10 Fork feed"": ""48 mm"", ""11 Fork length"": ""395 mm"", ""12 Reach"": ""372 mm"", ""13 Stack"": ""524 mm""}",4184,true,https://berriabikes.com/en/products/naii-br-grx800-di2-2027,https://berriabikes.com/en/products/naii-br-grx800-di2-2027,html,2026-10-05
Berria,NAII BR [9c6a071d],NAII BR GRX800 Di2,2027,gravel,XS,XS,,150,160,150-160 cm,cm,524.6,382,"{""(altura, fila sin etiqueta)"": ""150-160 cm"", ""1 Seat tube"": ""460 mm"", ""2 Horizontal tube"": ""525.6 mm"", ""3 Front angle"": ""71°"", ""4 Seat tube angle"": ""75°"", ""5 Wheelbase"": ""998.7 mm"", ""6 Sheath"": ""420 mm"", ""7 Front tube"": ""95 mm"", ""8 Bottom bracket drop"": ""75 mm"", ""9 Trail"": ""71.8 mm"", ""10 Fork feed"": ""48 mm"", ""11 Fork length"": ""395 mm"", ""12 Reach"": ""382 mm"", ""13 Stack"": ""524.6 mm""}",4184,true,https://berriabikes.com/en/products/naii-br-grx800-di2-2027,https://berriabikes.com/en/products/naii-br-grx800-di2-2027,html,2026-10-05
Berria,NAII BR [9c6a071d],NAII BR GRX800 Di2,2027,gravel,S,S,,160,170,160-170 cm,cm,538.8,395,"{""(altura, fila sin etiqueta)"": ""160-170 cm"", ""1 Seat tube"": ""485 mm"", ""2 Horizontal tube"": ""539.4 mm"", ""3 Front angle"": ""71°"", ""4 Seat tube angle"": ""75°"", ""5 Wheelbase"": ""1013.6 mm"", ""6 Sheath"": ""420 mm"", ""7 Front tube"": ""110 mm"", ""8 Bottom bracket drop"": ""75 mm"", ""9 Trail"": ""71.8 mm"", ""10 Fork feed"": ""48 mm"", ""11 Fork length"": ""395 mm"", ""12 Reach"": ""395 mm"", ""13 Stack"": ""538.8 mm""}",4184,true,https://berriabikes.com/en/products/naii-br-grx800-di2-2027,https://berriabikes.com/en/products/naii-br-grx800-di2-2027,html,2026-10-05
Berria,NAII BR [9c6a071d],NAII BR GRX800 Di2,2027,gravel,M,M,,170,180,170-180 cm,cm,556.5,405,"{""(altura, fila sin etiqueta)"": ""170-180 cm"", ""1 Seat tube"": ""510 mm"", ""2 Horizontal tube"": ""554.1 mm"", ""3 Front angle"": ""71.5°"", ""4 Seat tube angle"": ""75°"", ""5 Wheelbase"": ""1026.4 mm"", ""6 Sheath"": ""420 mm"", ""7 Front tube"": ""130 mm"", ""8 Bottom bracket drop"": ""72 mm"", ""9 Trail"": ""68.5 mm"", ""10 Fork feed"": ""48 mm"", ""11 Fork length"": ""395 mm"", ""12 Reach"": ""405 mm"", ""13 Stack"": ""556.5 mm""}",4184,true,https://berriabikes.com/en/products/naii-br-grx800-di2-2027,https://berriabikes.com/en/products/naii-br-grx800-di2-2027,html,2026-10-05
Berria,NAII BR [9c6a071d],NAII BR GRX800 Di2,2027,gravel,L,L,,180,190,180-190 cm,cm,575.5,415,"{""(altura, fila sin etiqueta)"": ""180-190 cm"", ""1 Seat tube"": ""535 mm"", ""2 Horizontal tube"": ""574.6 mm"", ""3 Front angle"": ""71.5°"", ""4 Seat tube angle"": ""74.5°"", ""5 Wheelbase"": ""1042.8 mm"", ""6 Sheath"": ""420 mm"", ""7 Front tube"": ""150 mm"", ""8 Bottom bracket drop"": ""72 mm"", ""9 Trail"": ""68.5 mm"", ""10 Fork feed"": ""48 mm"", ""11 Fork length"": ""395 mm"", ""12 Reach"": ""415 mm"", ""13 Stack"": ""575.5 mm""}",4184,true,https://berriabikes.com/en/products/naii-br-grx800-di2-2027,https://berriabikes.com/en/products/naii-br-grx800-di2-2027,html,2026-10-05
Berria,NAII BR [9c6a071d],NAII BR GRX800 Di2,2027,gravel,XL,XL,,190,,>190 cm,cm,596.4,425,"{""(altura, fila sin etiqueta)"": "">190 cm"", ""1 Seat tube"": ""560 mm"", ""2 Horizontal tube"": ""590.4 mm"", ""3 Front angle"": ""72°"", ""4 Seat tube angle"": ""74.5°"", ""5 Wheelbase"": ""1054.6 mm"", ""6 Sheath"": ""420 mm"", ""7 Front tube"": ""170 mm"", ""8 Bottom bracket drop"": ""72 mm"", ""9 Trail"": ""65.2 mm"", ""10 Fork feed"": ""48 mm"", ""11 Fork length"": ""395 mm"", ""12 Reach"": ""425 mm"", ""13 Stack"": ""596.4 mm""}",4184,true,https://berriabikes.com/en/products/naii-br-grx800-di2-2027,https://berriabikes.com/en/products/naii-br-grx800-di2-2027,html,2026-10-05
Berria,NAII BR [9c6a071d],NAII BR RIVAL XPLR AXS PWM,2027,gravel,XXS,XXS,,150,,>150 cm,cm,524,372,"{""(altura, fila sin etiqueta)"": "">150 cm"", ""1 Seat tube"": ""440 mm"", ""2 Horizontal tube"": ""507 mm"", ""3 Front angle"": ""70.5°"", ""4 Seat tube angle"": ""75.5°"", ""5 Wheelbase"": ""994.3 mm"", ""6 Sheath"": ""420 mm"", ""7 Front tube"": ""95 mm"", ""8 Bottom bracket drop"": ""75 mm"", ""9 Trail"": ""75.5 mm"", ""10 Fork feed"": ""48 mm"", ""11 Fork length"": ""395 mm"", ""12 Reach"": ""372 mm"", ""13 Stack"": ""524 mm""}",3984,true,https://berriabikes.com/en/products/naii-br-rival-xplr-axs-pwm-2027,https://berriabikes.com/en/products/naii-br-rival-xplr-axs-pwm-2027,html,2026-10-05
Berria,NAII BR [9c6a071d],NAII BR RIVAL XPLR AXS PWM,2027,gravel,XS,XS,,150,160,150-160 cm,cm,524.6,382,"{""(altura, fila sin etiqueta)"": ""150-160 cm"", ""1 Seat tube"": ""460 mm"", ""2 Horizontal tube"": ""525.6 mm"", ""3 Front angle"": ""71°"", ""4 Seat tube angle"": ""75°"", ""5 Wheelbase"": ""998.7 mm"", ""6 Sheath"": ""420 mm"", ""7 Front tube"": ""95 mm"", ""8 Bottom bracket drop"": ""75 mm"", ""9 Trail"": ""71.8 mm"", ""10 Fork feed"": ""48 mm"", ""11 Fork length"": ""395 mm"", ""12 Reach"": ""382 mm"", ""13 Stack"": ""524.6 mm""}",3984,true,https://berriabikes.com/en/products/naii-br-rival-xplr-axs-pwm-2027,https://berriabikes.com/en/products/naii-br-rival-xplr-axs-pwm-2027,html,2026-10-05
Berria,NAII BR [9c6a071d],NAII BR RIVAL XPLR AXS PWM,2027,gravel,S,S,,160,170,160-170 cm,cm,538.8,395,"{""(altura, fila sin etiqueta)"": ""160-170 cm"", ""1 Seat tube"": ""485 mm"", ""2 Horizontal tube"": ""539.4 mm"", ""3 Front angle"": ""71°"", ""4 Seat tube angle"": ""75°"", ""5 Wheelbase"": ""1013.6 mm"", ""6 Sheath"": ""420 mm"", ""7 Front tube"": ""110 mm"", ""8 Bottom bracket drop"": ""75 mm"", ""9 Trail"": ""71.8 mm"", ""10 Fork feed"": ""48 mm"", ""11 Fork length"": ""395 mm"", ""12 Reach"": ""395 mm"", ""13 Stack"": ""538.8 mm""}",3984,true,https://berriabikes.com/en/products/naii-br-rival-xplr-axs-pwm-2027,https://berriabikes.com/en/products/naii-br-rival-xplr-axs-pwm-2027,html,2026-10-05
Berria,NAII BR [9c6a071d],NAII BR RIVAL XPLR AXS PWM,2027,gravel,M,M,,170,180,170-180 cm,cm,556.5,405,"{""(altura, fila sin etiqueta)"": ""170-180 cm"", ""1 Seat tube"": ""510 mm"", ""2 Horizontal tube"": ""554.1 mm"", ""3 Front angle"": ""71.5°"", ""4 Seat tube angle"": ""75°"", ""5 Wheelbase"": ""1026.4 mm"", ""6 Sheath"": ""420 mm"", ""7 Front tube"": ""130 mm"", ""8 Bottom bracket drop"": ""72 mm"", ""9 Trail"": ""68.5 mm"", ""10 Fork feed"": ""48 mm"", ""11 Fork length"": ""395 mm"", ""12 Reach"": ""405 mm"", ""13 Stack"": ""556.5 mm""}",3984,true,https://berriabikes.com/en/products/naii-br-rival-xplr-axs-pwm-2027,https://berriabikes.com/en/products/naii-br-rival-xplr-axs-pwm-2027,html,2026-10-05
Berria,NAII BR [9c6a071d],NAII BR RIVAL XPLR AXS PWM,2027,gravel,L,L,,180,190,180-190 cm,cm,575.5,415,"{""(altura, fila sin etiqueta)"": ""180-190 cm"", ""1 Seat tube"": ""535 mm"", ""2 Horizontal tube"": ""574.6 mm"", ""3 Front angle"": ""71.5°"", ""4 Seat tube angle"": ""74.5°"", ""5 Wheelbase"": ""1042.8 mm"", ""6 Sheath"": ""420 mm"", ""7 Front tube"": ""150 mm"", ""8 Bottom bracket drop"": ""72 mm"", ""9 Trail"": ""68.5 mm"", ""10 Fork feed"": ""48 mm"", ""11 Fork length"": ""395 mm"", ""12 Reach"": ""415 mm"", ""13 Stack"": ""575.5 mm""}",3984,true,https://berriabikes.com/en/products/naii-br-rival-xplr-axs-pwm-2027,https://berriabikes.com/en/products/naii-br-rival-xplr-axs-pwm-2027,html,2026-10-05
Berria,NAII BR [9c6a071d],NAII BR RIVAL XPLR AXS PWM,2027,gravel,XL,XL,,190,,>190 cm,cm,596.4,425,"{""(altura, fila sin etiqueta)"": "">190 cm"", ""1 Seat tube"": ""560 mm"", ""2 Horizontal tube"": ""590.4 mm"", ""3 Front angle"": ""72°"", ""4 Seat tube angle"": ""74.5°"", ""5 Wheelbase"": ""1054.6 mm"", ""6 Sheath"": ""420 mm"", ""7 Front tube"": ""170 mm"", ""8 Bottom bracket drop"": ""72 mm"", ""9 Trail"": ""65.2 mm"", ""10 Fork feed"": ""48 mm"", ""11 Fork length"": ""395 mm"", ""12 Reach"": ""425 mm"", ""13 Stack"": ""596.4 mm""}",3984,true,https://berriabikes.com/en/products/naii-br-rival-xplr-axs-pwm-2027,https://berriabikes.com/en/products/naii-br-rival-xplr-axs-pwm-2027,html,2026-10-05
Berria,NAII X [f0f44782],NAII X PRO GRX800 Di2,2027,gravel,XXS,XXS,,,150,<150 cm,cm,524,372,"{""(altura, fila sin etiqueta)"": ""<150 cm"", ""1 Seat tube"": ""440 mm"", ""2 Horizontal tube"": ""507 mm"", ""3 Front angle"": ""70.5°"", ""4 Seat tube angle"": ""75.5°"", ""5 Wheelbase"": ""994.3 mm"", ""6 Sheath"": ""420 mm"", ""7 Front tube"": ""95 mm"", ""8 Bottom bracket drop"": ""75 mm"", ""9 Trail"": ""75.5 mm"", ""10 Fork feed"": ""48 mm"", ""11 Fork length"": ""395 mm"", ""12 Reach"": ""372 mm"", ""13 Stack"": ""524 mm""}",3824,true,https://berriabikes.com/en/products/naii-x-pro-grx800-di2-2027,https://berriabikes.com/en/products/naii-x-pro-grx800-di2-2027,html,2026-10-05
Berria,NAII X [f0f44782],NAII X PRO GRX800 Di2,2027,gravel,XS,XS,,150,160,150-160 cm,cm,534,382,"{""(altura, fila sin etiqueta)"": ""150-160 cm"", ""1 Seat tube"": ""460 mm"", ""2 Horizontal tube"": ""525 mm"", ""3 Front angle"": ""71°"", ""4 Seat tube angle"": ""75°"", ""5 Wheelbase"": ""998.7 mm"", ""6 Sheath"": ""420 mm"", ""7 Front tube"": ""105 mm"", ""8 Bottom bracket drop"": ""75 mm"", ""9 Trail"": ""71.8 mm"", ""10 Fork feed"": ""48 mm"", ""11 Fork length"": ""395 mm"", ""12 Reach"": ""382 mm"", ""13 Stack"": ""534 mm""}",3824,true,https://berriabikes.com/en/products/naii-x-pro-grx800-di2-2027,https://berriabikes.com/en/products/naii-x-pro-grx800-di2-2027,html,2026-10-05
Berria,NAII X [f0f44782],NAII X PRO GRX800 Di2,2027,gravel,S,S,,160,170,160-170 cm,cm,548,392,"{""(altura, fila sin etiqueta)"": ""160-170 cm"", ""1 Seat tube"": ""485 mm"", ""2 Horizontal tube"": ""539 mm"", ""3 Front angle"": ""71°"", ""4 Seat tube angle"": ""75°"", ""5 Wheelbase"": ""1013.6 mm"", ""6 Sheath"": ""420 mm"", ""7 Front tube"": ""120 mm"", ""8 Bottom bracket drop"": ""75 mm"", ""9 Trail"": ""71.8 mm"", ""10 Fork feed"": ""48 mm"", ""11 Fork length"": ""395 mm"", ""12 Reach"": ""392 mm"", ""13 Stack"": ""548 mm""}",3824,true,https://berriabikes.com/en/products/naii-x-pro-grx800-di2-2027,https://berriabikes.com/en/products/naii-x-pro-grx800-di2-2027,html,2026-10-05
Berria,NAII X [f0f44782],NAII X PRO GRX800 Di2,2027,gravel,M,M,,170,180,170-180 cm,cm,565,403,"{""(altura, fila sin etiqueta)"": ""170-180 cm"", ""1 Seat tube"": ""510 mm"", ""2 Horizontal tube"": ""553 mm"", ""3 Front angle"": ""71.5°"", ""4 Seat tube angle"": ""75°"", ""5 Wheelbase"": ""1026.4 mm"", ""6 Sheath"": ""420 mm"", ""7 Front tube"": ""140 mm"", ""8 Bottom bracket drop"": ""72 mm"", ""9 Trail"": ""68.5 mm"", ""10 Fork feed"": ""48 mm"", ""11 Fork length"": ""395 mm"", ""12 Reach"": ""403 mm"", ""13 Stack"": ""565 mm""}",3824,true,https://berriabikes.com/en/products/naii-x-pro-grx800-di2-2027,https://berriabikes.com/en/products/naii-x-pro-grx800-di2-2027,html,2026-10-05
Berria,NAII X [f0f44782],NAII X PRO GRX800 Di2,2027,gravel,L,L,,180,190,180-190 cm,cm,585,412,"{""(altura, fila sin etiqueta)"": ""180-190 cm"", ""1 Seat tube"": ""535 mm"", ""2 Horizontal tube"": ""574 mm"", ""3 Front angle"": ""71.5°"", ""4 Seat tube angle"": ""74.5°"", ""5 Wheelbase"": ""1042.8 mm"", ""6 Sheath"": ""420 mm"", ""7 Front tube"": ""160 mm"", ""8 Bottom bracket drop"": ""72 mm"", ""9 Trail"": ""68.5 mm"", ""10 Fork feed"": ""48 mm"", ""11 Fork length"": ""395 mm"", ""12 Reach"": ""412 mm"", ""13 Stack"": ""585 mm""}",3824,true,https://berriabikes.com/en/products/naii-x-pro-grx800-di2-2027,https://berriabikes.com/en/products/naii-x-pro-grx800-di2-2027,html,2026-10-05
Berria,NAII X [f0f44782],NAII X PRO GRX800 Di2,2027,gravel,XL,XL,,190,,>190 cm,cm,606,422,"{""(altura, fila sin etiqueta)"": "">190 cm"", ""1 Seat tube"": ""560 mm"", ""2 Horizontal tube"": ""590 mm"", ""3 Front angle"": ""72°"", ""4 Seat tube angle"": ""74.5°"", ""5 Wheelbase"": ""1054.6 mm"", ""6 Sheath"": ""420 mm"", ""7 Front tube"": ""180 mm"", ""8 Bottom bracket drop"": ""72 mm"", ""9 Trail"": ""65.2 mm"", ""10 Fork feed"": ""48 mm"", ""11 Fork length"": ""395 mm"", ""12 Reach"": ""422 mm"", ""13 Stack"": ""606 mm""}",3824,true,https://berriabikes.com/en/products/naii-x-pro-grx800-di2-2027,https://berriabikes.com/en/products/naii-x-pro-grx800-di2-2027,html,2026-10-05
Berria,NAII X [f0f44782],NAII X PRO RIVAL XPLR AXS PWM,2027,gravel,XXS,XXS,,,150,<150 cm,cm,524,372,"{""(altura, fila sin etiqueta)"": ""<150 cm"", ""1 Seat tube"": ""440 mm"", ""2 Horizontal tube"": ""507 mm"", ""3 Front angle"": ""70.5°"", ""4 Seat tube angle"": ""75.5°"", ""5 Wheelbase"": ""994.3 mm"", ""6 Sheath"": ""420 mm"", ""7 Front tube"": ""95 mm"", ""8 Bottom bracket drop"": ""75 mm"", ""9 Trail"": ""75.5 mm"", ""10 Fork feed"": ""48 mm"", ""11 Fork length"": ""395 mm"", ""12 Reach"": ""372 mm"", ""13 Stack"": ""524 mm""}",3624,true,https://berriabikes.com/en/products/naii-x-pro-rival-xplr-axs-pwm-2027,https://berriabikes.com/en/products/naii-x-pro-rival-xplr-axs-pwm-2027,html,2026-10-05
Berria,NAII X [f0f44782],NAII X PRO RIVAL XPLR AXS PWM,2027,gravel,XS,XS,,150,160,150-160 cm,cm,534,382,"{""(altura, fila sin etiqueta)"": ""150-160 cm"", ""1 Seat tube"": ""460 mm"", ""2 Horizontal tube"": ""525 mm"", ""3 Front angle"": ""71°"", ""4 Seat tube angle"": ""75°"", ""5 Wheelbase"": ""998.7 mm"", ""6 Sheath"": ""420 mm"", ""7 Front tube"": ""105 mm"", ""8 Bottom bracket drop"": ""75 mm"", ""9 Trail"": ""71.8 mm"", ""10 Fork feed"": ""48 mm"", ""11 Fork length"": ""395 mm"", ""12 Reach"": ""382 mm"", ""13 Stack"": ""534 mm""}",3624,true,https://berriabikes.com/en/products/naii-x-pro-rival-xplr-axs-pwm-2027,https://berriabikes.com/en/products/naii-x-pro-rival-xplr-axs-pwm-2027,html,2026-10-05
Berria,NAII X [f0f44782],NAII X PRO RIVAL XPLR AXS PWM,2027,gravel,S,S,,160,170,160-170 cm,cm,548,392,"{""(altura, fila sin etiqueta)"": ""160-170 cm"", ""1 Seat tube"": ""485 mm"", ""2 Horizontal tube"": ""539 mm"", ""3 Front angle"": ""71°"", ""4 Seat tube angle"": ""75°"", ""5 Wheelbase"": ""1013.6 mm"", ""6 Sheath"": ""420 mm"", ""7 Front tube"": ""120 mm"", ""8 Bottom bracket drop"": ""75 mm"", ""9 Trail"": ""71.8 mm"", ""10 Fork feed"": ""48 mm"", ""11 Fork length"": ""395 mm"", ""12 Reach"": ""392 mm"", ""13 Stack"": ""548 mm""}",3624,true,https://berriabikes.com/en/products/naii-x-pro-rival-xplr-axs-pwm-2027,https://berriabikes.com/en/products/naii-x-pro-rival-xplr-axs-pwm-2027,html,2026-10-05
Berria,NAII X [f0f44782],NAII X PRO RIVAL XPLR AXS PWM,2027,gravel,M,M,,170,180,170-180 cm,cm,565,403,"{""(altura, fila sin etiqueta)"": ""170-180 cm"", ""1 Seat tube"": ""510 mm"", ""2 Horizontal tube"": ""553 mm"", ""3 Front angle"": ""71.5°"", ""4 Seat tube angle"": ""75°"", ""5 Wheelbase"": ""1026.4 mm"", ""6 Sheath"": ""420 mm"", ""7 Front tube"": ""140 mm"", ""8 Bottom bracket drop"": ""72 mm"", ""9 Trail"": ""68.5 mm"", ""10 Fork feed"": ""48 mm"", ""11 Fork length"": ""395 mm"", ""12 Reach"": ""403 mm"", ""13 Stack"": ""565 mm""}",3624,true,https://berriabikes.com/en/products/naii-x-pro-rival-xplr-axs-pwm-2027,https://berriabikes.com/en/products/naii-x-pro-rival-xplr-axs-pwm-2027,html,2026-10-05
Berria,NAII X [f0f44782],NAII X PRO RIVAL XPLR AXS PWM,2027,gravel,L,L,,180,190,180-190 cm,cm,585,412,"{""(altura, fila sin etiqueta)"": ""180-190 cm"", ""1 Seat tube"": ""535 mm"", ""2 Horizontal tube"": ""574 mm"", ""3 Front angle"": ""71.5°"", ""4 Seat tube angle"": ""74.5°"", ""5 Wheelbase"": ""1042.8 mm"", ""6 Sheath"": ""420 mm"", ""7 Front tube"": ""160 mm"", ""8 Bottom bracket drop"": ""72 mm"", ""9 Trail"": ""68.5 mm"", ""10 Fork feed"": ""48 mm"", ""11 Fork length"": ""395 mm"", ""12 Reach"": ""412 mm"", ""13 Stack"": ""585 mm""}",3624,true,https://berriabikes.com/en/products/naii-x-pro-rival-xplr-axs-pwm-2027,https://berriabikes.com/en/products/naii-x-pro-rival-xplr-axs-pwm-2027,html,2026-10-05
Berria,NAII X [f0f44782],NAII X PRO RIVAL XPLR AXS PWM,2027,gravel,XL,XL,,190,,>190 cm,cm,606,422,"{""(altura, fila sin etiqueta)"": "">190 cm"", ""1 Seat tube"": ""560 mm"", ""2 Horizontal tube"": ""590 mm"", ""3 Front angle"": ""72°"", ""4 Seat tube angle"": ""74.5°"", ""5 Wheelbase"": ""1054.6 mm"", ""6 Sheath"": ""420 mm"", ""7 Front tube"": ""180 mm"", ""8 Bottom bracket drop"": ""72 mm"", ""9 Trail"": ""65.2 mm"", ""10 Fork feed"": ""48 mm"", ""11 Fork length"": ""395 mm"", ""12 Reach"": ""422 mm"", ""13 Stack"": ""606 mm""}",3624,true,https://berriabikes.com/en/products/naii-x-pro-rival-xplr-axs-pwm-2027,https://berriabikes.com/en/products/naii-x-pro-rival-xplr-axs-pwm-2027,html,2026-10-05
Berria,NAII X [f0f44782],NAII X PRO APEX XPLR AXS,2027,gravel,XXS,XXS,,,150,<150 cm,cm,524,372,"{""(altura, fila sin etiqueta)"": ""<150 cm"", ""1 Seat tube"": ""440 mm"", ""2 Horizontal tube"": ""507 mm"", ""3 Front angle"": ""70.5°"", ""4 Seat tube angle"": ""75.5°"", ""5 Wheelbase"": ""994.3 mm"", ""6 Sheath"": ""420 mm"", ""7 Front tube"": ""95 mm"", ""8 Bottom bracket drop"": ""75 mm"", ""9 Trail"": ""75.5 mm"", ""10 Fork feed"": ""48 mm"", ""11 Fork length"": ""395 mm"", ""12 Reach"": ""372 mm"", ""13 Stack"": ""524 mm""}",3224,true,https://berriabikes.com/en/products/naii-x-pro-apex-xplr-axs-2027,https://berriabikes.com/en/products/naii-x-pro-apex-xplr-axs-2027,html,2026-10-05
Berria,NAII X [f0f44782],NAII X PRO APEX XPLR AXS,2027,gravel,XS,XS,,150,160,150-160 cm,cm,534,382,"{""(altura, fila sin etiqueta)"": ""150-160 cm"", ""1 Seat tube"": ""460 mm"", ""2 Horizontal tube"": ""525 mm"", ""3 Front angle"": ""71°"", ""4 Seat tube angle"": ""75°"", ""5 Wheelbase"": ""998.7 mm"", ""6 Sheath"": ""420 mm"", ""7 Front tube"": ""105 mm"", ""8 Bottom bracket drop"": ""75 mm"", ""9 Trail"": ""71.8 mm"", ""10 Fork feed"": ""48 mm"", ""11 Fork length"": ""395 mm"", ""12 Reach"": ""382 mm"", ""13 Stack"": ""534 mm""}",3224,true,https://berriabikes.com/en/products/naii-x-pro-apex-xplr-axs-2027,https://berriabikes.com/en/products/naii-x-pro-apex-xplr-axs-2027,html,2026-10-05
Berria,NAII X [f0f44782],NAII X PRO APEX XPLR AXS,2027,gravel,S,S,,160,170,160-170 cm,cm,548,392,"{""(altura, fila sin etiqueta)"": ""160-170 cm"", ""1 Seat tube"": ""485 mm"", ""2 Horizontal tube"": ""539 mm"", ""3 Front angle"": ""71°"", ""4 Seat tube angle"": ""75°"", ""5 Wheelbase"": ""1013.6 mm"", ""6 Sheath"": ""420 mm"", ""7 Front tube"": ""120 mm"", ""8 Bottom bracket drop"": ""75 mm"", ""9 Trail"": ""71.8 mm"", ""10 Fork feed"": ""48 mm"", ""11 Fork length"": ""395 mm"", ""12 Reach"": ""392 mm"", ""13 Stack"": ""548 mm""}",3224,true,https://berriabikes.com/en/products/naii-x-pro-apex-xplr-axs-2027,https://berriabikes.com/en/products/naii-x-pro-apex-xplr-axs-2027,html,2026-10-05
Berria,NAII X [f0f44782],NAII X PRO APEX XPLR AXS,2027,gravel,M,M,,170,180,170-180 cm,cm,565,403,"{""(altura, fila sin etiqueta)"": ""170-180 cm"", ""1 Seat tube"": ""510 mm"", ""2 Horizontal tube"": ""553 mm"", ""3 Front angle"": ""71.5°"", ""4 Seat tube angle"": ""75°"", ""5 Wheelbase"": ""1026.4 mm"", ""6 Sheath"": ""420 mm"", ""7 Front tube"": ""140 mm"", ""8 Bottom bracket drop"": ""72 mm"", ""9 Trail"": ""68.5 mm"", ""10 Fork feed"": ""48 mm"", ""11 Fork length"": ""395 mm"", ""12 Reach"": ""403 mm"", ""13 Stack"": ""565 mm""}",3224,true,https://berriabikes.com/en/products/naii-x-pro-apex-xplr-axs-2027,https://berriabikes.com/en/products/naii-x-pro-apex-xplr-axs-2027,html,2026-10-05
Berria,NAII X [f0f44782],NAII X PRO APEX XPLR AXS,2027,gravel,L,L,,180,190,180-190 cm,cm,585,412,"{""(altura, fila sin etiqueta)"": ""180-190 cm"", ""1 Seat tube"": ""535 mm"", ""2 Horizontal tube"": ""574 mm"", ""3 Front angle"": ""71.5°"", ""4 Seat tube angle"": ""74.5°"", ""5 Wheelbase"": ""1042.8 mm"", ""6 Sheath"": ""420 mm"", ""7 Front tube"": ""160 mm"", ""8 Bottom bracket drop"": ""72 mm"", ""9 Trail"": ""68.5 mm"", ""10 Fork feed"": ""48 mm"", ""11 Fork length"": ""395 mm"", ""12 Reach"": ""412 mm"", ""13 Stack"": ""585 mm""}",3224,true,https://berriabikes.com/en/products/naii-x-pro-apex-xplr-axs-2027,https://berriabikes.com/en/products/naii-x-pro-apex-xplr-axs-2027,html,2026-10-05
Berria,NAII X [f0f44782],NAII X PRO APEX XPLR AXS,2027,gravel,XL,XL,,190,,>190 cm,cm,606,422,"{""(altura, fila sin etiqueta)"": "">190 cm"", ""1 Seat tube"": ""560 mm"", ""2 Horizontal tube"": ""590 mm"", ""3 Front angle"": ""72°"", ""4 Seat tube angle"": ""74.5°"", ""5 Wheelbase"": ""1054.6 mm"", ""6 Sheath"": ""420 mm"", ""7 Front tube"": ""180 mm"", ""8 Bottom bracket drop"": ""72 mm"", ""9 Trail"": ""65.2 mm"", ""10 Fork feed"": ""48 mm"", ""11 Fork length"": ""395 mm"", ""12 Reach"": ""422 mm"", ""13 Stack"": ""606 mm""}",3224,true,https://berriabikes.com/en/products/naii-x-pro-apex-xplr-axs-2027,https://berriabikes.com/en/products/naii-x-pro-apex-xplr-axs-2027,html,2026-10-05
Berria,NAII X [f0f44782],NAII X PRO GRX800,2027,gravel,XXS,XXS,,,150,<150 cm,cm,524,372,"{""(altura, fila sin etiqueta)"": ""<150 cm"", ""1 Seat tube"": ""440 mm"", ""2 Horizontal tube"": ""507 mm"", ""3 Front angle"": ""70.5°"", ""4 Seat tube angle"": ""75.5°"", ""5 Wheelbase"": ""994.3 mm"", ""6 Sheath"": ""420 mm"", ""7 Front tube"": ""95 mm"", ""8 Bottom bracket drop"": ""75 mm"", ""9 Trail"": ""75.5 mm"", ""10 Fork feed"": ""48 mm"", ""11 Fork length"": ""395 mm"", ""12 Reach"": ""372 mm"", ""13 Stack"": ""524 mm""}",2824,true,https://berriabikes.com/en/products/naii-x-pro-grx800-2027,https://berriabikes.com/en/products/naii-x-pro-grx800-2027,html,2026-10-05
Berria,NAII X [f0f44782],NAII X PRO GRX800,2027,gravel,XS,XS,,150,160,150-160 cm,cm,534,382,"{""(altura, fila sin etiqueta)"": ""150-160 cm"", ""1 Seat tube"": ""460 mm"", ""2 Horizontal tube"": ""525 mm"", ""3 Front angle"": ""71°"", ""4 Seat tube angle"": ""75°"", ""5 Wheelbase"": ""998.7 mm"", ""6 Sheath"": ""420 mm"", ""7 Front tube"": ""105 mm"", ""8 Bottom bracket drop"": ""75 mm"", ""9 Trail"": ""71.8 mm"", ""10 Fork feed"": ""48 mm"", ""11 Fork length"": ""395 mm"", ""12 Reach"": ""382 mm"", ""13 Stack"": ""534 mm""}",2824,true,https://berriabikes.com/en/products/naii-x-pro-grx800-2027,https://berriabikes.com/en/products/naii-x-pro-grx800-2027,html,2026-10-05
Berria,NAII X [f0f44782],NAII X PRO GRX800,2027,gravel,S,S,,160,170,160-170 cm,cm,548,392,"{""(altura, fila sin etiqueta)"": ""160-170 cm"", ""1 Seat tube"": ""485 mm"", ""2 Horizontal tube"": ""539 mm"", ""3 Front angle"": ""71°"", ""4 Seat tube angle"": ""75°"", ""5 Wheelbase"": ""1013.6 mm"", ""6 Sheath"": ""420 mm"", ""7 Front tube"": ""120 mm"", ""8 Bottom bracket drop"": ""75 mm"", ""9 Trail"": ""71.8 mm"", ""10 Fork feed"": ""48 mm"", ""11 Fork length"": ""395 mm"", ""12 Reach"": ""392 mm"", ""13 Stack"": ""548 mm""}",2824,true,https://berriabikes.com/en/products/naii-x-pro-grx800-2027,https://berriabikes.com/en/products/naii-x-pro-grx800-2027,html,2026-10-05
Berria,NAII X [f0f44782],NAII X PRO GRX800,2027,gravel,M,M,,170,180,170-180 cm,cm,565,403,"{""(altura, fila sin etiqueta)"": ""170-180 cm"", ""1 Seat tube"": ""510 mm"", ""2 Horizontal tube"": ""553 mm"", ""3 Front angle"": ""71.5°"", ""4 Seat tube angle"": ""75°"", ""5 Wheelbase"": ""1026.4 mm"", ""6 Sheath"": ""420 mm"", ""7 Front tube"": ""140 mm"", ""8 Bottom bracket drop"": ""72 mm"", ""9 Trail"": ""68.5 mm"", ""10 Fork feed"": ""48 mm"", ""11 Fork length"": ""395 mm"", ""12 Reach"": ""403 mm"", ""13 Stack"": ""565 mm""}",2824,true,https://berriabikes.com/en/products/naii-x-pro-grx800-2027,https://berriabikes.com/en/products/naii-x-pro-grx800-2027,html,2026-10-05
Berria,NAII X [f0f44782],NAII X PRO GRX800,2027,gravel,L,L,,180,190,180-190 cm,cm,585,412,"{""(altura, fila sin etiqueta)"": ""180-190 cm"", ""1 Seat tube"": ""535 mm"", ""2 Horizontal tube"": ""574 mm"", ""3 Front angle"": ""71.5°"", ""4 Seat tube angle"": ""74.5°"", ""5 Wheelbase"": ""1042.8 mm"", ""6 Sheath"": ""420 mm"", ""7 Front tube"": ""160 mm"", ""8 Bottom bracket drop"": ""72 mm"", ""9 Trail"": ""68.5 mm"", ""10 Fork feed"": ""48 mm"", ""11 Fork length"": ""395 mm"", ""12 Reach"": ""412 mm"", ""13 Stack"": ""585 mm""}",2824,true,https://berriabikes.com/en/products/naii-x-pro-grx800-2027,https://berriabikes.com/en/products/naii-x-pro-grx800-2027,html,2026-10-05
Berria,NAII X [f0f44782],NAII X PRO GRX800,2027,gravel,XL,XL,,190,,>190 cm,cm,606,422,"{""(altura, fila sin etiqueta)"": "">190 cm"", ""1 Seat tube"": ""560 mm"", ""2 Horizontal tube"": ""590 mm"", ""3 Front angle"": ""72°"", ""4 Seat tube angle"": ""74.5°"", ""5 Wheelbase"": ""1054.6 mm"", ""6 Sheath"": ""420 mm"", ""7 Front tube"": ""180 mm"", ""8 Bottom bracket drop"": ""72 mm"", ""9 Trail"": ""65.2 mm"", ""10 Fork feed"": ""48 mm"", ""11 Fork length"": ""395 mm"", ""12 Reach"": ""422 mm"", ""13 Stack"": ""606 mm""}",2824,true,https://berriabikes.com/en/products/naii-x-pro-grx800-2027,https://berriabikes.com/en/products/naii-x-pro-grx800-2027,html,2026-10-05
Berria,NAII X [f0f44782],NAII X ESSENTIAL APEX MULLET,2027,gravel,XXS,XXS,,,150,<150 cm,cm,524,372,"{""(altura, fila sin etiqueta)"": ""<150 cm"", ""1 Seat tube"": ""440 mm"", ""2 Horizontal tube"": ""507 mm"", ""3 Front angle"": ""70.5°"", ""4 Seat tube angle"": ""75.5°"", ""5 Wheelbase"": ""994.3 mm"", ""6 Sheath"": ""420 mm"", ""7 Front tube"": ""95 mm"", ""8 Bottom bracket drop"": ""75 mm"", ""9 Trail"": ""75.5 mm"", ""10 Fork feed"": ""48 mm"", ""11 Fork length"": ""395 mm"", ""12 Reach"": ""372 mm"", ""13 Stack"": ""524 mm""}",2499,false,https://berriabikes.com/en/products/naii-x-essential-apex-mullet-2027,https://berriabikes.com/en/products/naii-x-essential-apex-mullet-2027,html,2026-10-05
Berria,NAII X [f0f44782],NAII X ESSENTIAL APEX MULLET,2027,gravel,XS,XS,,150,160,150-160 cm,cm,534,382,"{""(altura, fila sin etiqueta)"": ""150-160 cm"", ""1 Seat tube"": ""460 mm"", ""2 Horizontal tube"": ""525 mm"", ""3 Front angle"": ""71°"", ""4 Seat tube angle"": ""75°"", ""5 Wheelbase"": ""998.7 mm"", ""6 Sheath"": ""420 mm"", ""7 Front tube"": ""105 mm"", ""8 Bottom bracket drop"": ""75 mm"", ""9 Trail"": ""71.8 mm"", ""10 Fork feed"": ""48 mm"", ""11 Fork length"": ""395 mm"", ""12 Reach"": ""382 mm"", ""13 Stack"": ""534 mm""}",2499,false,https://berriabikes.com/en/products/naii-x-essential-apex-mullet-2027,https://berriabikes.com/en/products/naii-x-essential-apex-mullet-2027,html,2026-10-05
Berria,NAII X [f0f44782],NAII X ESSENTIAL APEX MULLET,2027,gravel,S,S,,160,170,160-170 cm,cm,548,392,"{""(altura, fila sin etiqueta)"": ""160-170 cm"", ""1 Seat tube"": ""485 mm"", ""2 Horizontal tube"": ""539 mm"", ""3 Front angle"": ""71°"", ""4 Seat tube angle"": ""75°"", ""5 Wheelbase"": ""1013.6 mm"", ""6 Sheath"": ""420 mm"", ""7 Front tube"": ""120 mm"", ""8 Bottom bracket drop"": ""75 mm"", ""9 Trail"": ""71.8 mm"", ""10 Fork feed"": ""48 mm"", ""11 Fork length"": ""395 mm"", ""12 Reach"": ""392 mm"", ""13 Stack"": ""548 mm""}",2499,false,https://berriabikes.com/en/products/naii-x-essential-apex-mullet-2027,https://berriabikes.com/en/products/naii-x-essential-apex-mullet-2027,html,2026-10-05
Berria,NAII X [f0f44782],NAII X ESSENTIAL APEX MULLET,2027,gravel,M,M,,170,180,170-180 cm,cm,565,403,"{""(altura, fila sin etiqueta)"": ""170-180 cm"", ""1 Seat tube"": ""510 mm"", ""2 Horizontal tube"": ""553 mm"", ""3 Front angle"": ""71.5°"", ""4 Seat tube angle"": ""75°"", ""5 Wheelbase"": ""1026.4 mm"", ""6 Sheath"": ""420 mm"", ""7 Front tube"": ""140 mm"", ""8 Bottom bracket drop"": ""72 mm"", ""9 Trail"": ""68.5 mm"", ""10 Fork feed"": ""48 mm"", ""11 Fork length"": ""395 mm"", ""12 Reach"": ""403 mm"", ""13 Stack"": ""565 mm""}",2499,false,https://berriabikes.com/en/products/naii-x-essential-apex-mullet-2027,https://berriabikes.com/en/products/naii-x-essential-apex-mullet-2027,html,2026-10-05
Berria,NAII X [f0f44782],NAII X ESSENTIAL APEX MULLET,2027,gravel,L,L,,180,190,180-190 cm,cm,585,412,"{""(altura, fila sin etiqueta)"": ""180-190 cm"", ""1 Seat tube"": ""535 mm"", ""2 Horizontal tube"": ""574 mm"", ""3 Front angle"": ""71.5°"", ""4 Seat tube angle"": ""74.5°"", ""5 Wheelbase"": ""1042.8 mm"", ""6 Sheath"": ""420 mm"", ""7 Front tube"": ""160 mm"", ""8 Bottom bracket drop"": ""72 mm"", ""9 Trail"": ""68.5 mm"", ""10 Fork feed"": ""48 mm"", ""11 Fork length"": ""395 mm"", ""12 Reach"": ""412 mm"", ""13 Stack"": ""585 mm""}",2499,false,https://berriabikes.com/en/products/naii-x-essential-apex-mullet-2027,https://berriabikes.com/en/products/naii-x-essential-apex-mullet-2027,html,2026-10-05
Berria,NAII X [f0f44782],NAII X ESSENTIAL APEX MULLET,2027,gravel,XL,XL,,190,,>190 cm,cm,606,422,"{""(altura, fila sin etiqueta)"": "">190 cm"", ""1 Seat tube"": ""560 mm"", ""2 Horizontal tube"": ""590 mm"", ""3 Front angle"": ""72°"", ""4 Seat tube angle"": ""74.5°"", ""5 Wheelbase"": ""1054.6 mm"", ""6 Sheath"": ""420 mm"", ""7 Front tube"": ""180 mm"", ""8 Bottom bracket drop"": ""72 mm"", ""9 Trail"": ""65.2 mm"", ""10 Fork feed"": ""48 mm"", ""11 Fork length"": ""395 mm"", ""12 Reach"": ""422 mm"", ""13 Stack"": ""606 mm""}",2499,false,https://berriabikes.com/en/products/naii-x-essential-apex-mullet-2027,https://berriabikes.com/en/products/naii-x-essential-apex-mullet-2027,html,2026-10-05
Berria,NAII X [f0f44782],NAII X ESSENTIAL GRX400,2027,gravel,XXS,XXS,,,150,<150 cm,cm,524,372,"{""(altura, fila sin etiqueta)"": ""<150 cm"", ""1 Seat tube"": ""440 mm"", ""2 Horizontal tube"": ""507 mm"", ""3 Front angle"": ""70.5°"", ""4 Seat tube angle"": ""75.5°"", ""5 Wheelbase"": ""994.3 mm"", ""6 Sheath"": ""420 mm"", ""7 Front tube"": ""95 mm"", ""8 Bottom bracket drop"": ""75 mm"", ""9 Trail"": ""75.5 mm"", ""10 Fork feed"": ""48 mm"", ""11 Fork length"": ""395 mm"", ""12 Reach"": ""372 mm"", ""13 Stack"": ""524 mm""}",2199,false,https://berriabikes.com/en/products/naii-x-essential-grx400-2027,https://berriabikes.com/en/products/naii-x-essential-grx400-2027,html,2026-10-05
Berria,NAII X [f0f44782],NAII X ESSENTIAL GRX400,2027,gravel,XS,XS,,150,160,150-160 cm,cm,534,382,"{""(altura, fila sin etiqueta)"": ""150-160 cm"", ""1 Seat tube"": ""460 mm"", ""2 Horizontal tube"": ""525 mm"", ""3 Front angle"": ""71°"", ""4 Seat tube angle"": ""75°"", ""5 Wheelbase"": ""998.7 mm"", ""6 Sheath"": ""420 mm"", ""7 Front tube"": ""105 mm"", ""8 Bottom bracket drop"": ""75 mm"", ""9 Trail"": ""71.8 mm"", ""10 Fork feed"": ""48 mm"", ""11 Fork length"": ""395 mm"", ""12 Reach"": ""382 mm"", ""13 Stack"": ""534 mm""}",2199,false,https://berriabikes.com/en/products/naii-x-essential-grx400-2027,https://berriabikes.com/en/products/naii-x-essential-grx400-2027,html,2026-10-05
Berria,NAII X [f0f44782],NAII X ESSENTIAL GRX400,2027,gravel,S,S,,160,170,160-170 cm,cm,548,392,"{""(altura, fila sin etiqueta)"": ""160-170 cm"", ""1 Seat tube"": ""485 mm"", ""2 Horizontal tube"": ""539 mm"", ""3 Front angle"": ""71°"", ""4 Seat tube angle"": ""75°"", ""5 Wheelbase"": ""1013.6 mm"", ""6 Sheath"": ""420 mm"", ""7 Front tube"": ""120 mm"", ""8 Bottom bracket drop"": ""75 mm"", ""9 Trail"": ""71.8 mm"", ""10 Fork feed"": ""48 mm"", ""11 Fork length"": ""395 mm"", ""12 Reach"": ""392 mm"", ""13 Stack"": ""548 mm""}",2199,false,https://berriabikes.com/en/products/naii-x-essential-grx400-2027,https://berriabikes.com/en/products/naii-x-essential-grx400-2027,html,2026-10-05
Berria,NAII X [f0f44782],NAII X ESSENTIAL GRX400,2027,gravel,M,M,,170,180,170-180 cm,cm,565,403,"{""(altura, fila sin etiqueta)"": ""170-180 cm"", ""1 Seat tube"": ""510 mm"", ""2 Horizontal tube"": ""553 mm"", ""3 Front angle"": ""71.5°"", ""4 Seat tube angle"": ""75°"", ""5 Wheelbase"": ""1026.4 mm"", ""6 Sheath"": ""420 mm"", ""7 Front tube"": ""140 mm"", ""8 Bottom bracket drop"": ""72 mm"", ""9 Trail"": ""68.5 mm"", ""10 Fork feed"": ""48 mm"", ""11 Fork length"": ""395 mm"", ""12 Reach"": ""403 mm"", ""13 Stack"": ""565 mm""}",2199,false,https://berriabikes.com/en/products/naii-x-essential-grx400-2027,https://berriabikes.com/en/products/naii-x-essential-grx400-2027,html,2026-10-05
Berria,NAII X [f0f44782],NAII X ESSENTIAL GRX400,2027,gravel,L,L,,180,190,180-190 cm,cm,585,412,"{""(altura, fila sin etiqueta)"": ""180-190 cm"", ""1 Seat tube"": ""535 mm"", ""2 Horizontal tube"": ""574 mm"", ""3 Front angle"": ""71.5°"", ""4 Seat tube angle"": ""74.5°"", ""5 Wheelbase"": ""1042.8 mm"", ""6 Sheath"": ""420 mm"", ""7 Front tube"": ""160 mm"", ""8 Bottom bracket drop"": ""72 mm"", ""9 Trail"": ""68.5 mm"", ""10 Fork feed"": ""48 mm"", ""11 Fork length"": ""395 mm"", ""12 Reach"": ""412 mm"", ""13 Stack"": ""585 mm""}",2199,false,https://berriabikes.com/en/products/naii-x-essential-grx400-2027,https://berriabikes.com/en/products/naii-x-essential-grx400-2027,html,2026-10-05
Berria,NAII X [f0f44782],NAII X ESSENTIAL GRX400,2027,gravel,XL,XL,,190,,>190 cm,cm,606,422,"{""(altura, fila sin etiqueta)"": "">190 cm"", ""1 Seat tube"": ""560 mm"", ""2 Horizontal tube"": ""590 mm"", ""3 Front angle"": ""72°"", ""4 Seat tube angle"": ""74.5°"", ""5 Wheelbase"": ""1054.6 mm"", ""6 Sheath"": ""420 mm"", ""7 Front tube"": ""180 mm"", ""8 Bottom bracket drop"": ""72 mm"", ""9 Trail"": ""65.2 mm"", ""10 Fork feed"": ""48 mm"", ""11 Fork length"": ""395 mm"", ""12 Reach"": ""422 mm"", ""13 Stack"": ""606 mm""}",2199,false,https://berriabikes.com/en/products/naii-x-essential-grx400-2027,https://berriabikes.com/en/products/naii-x-essential-grx400-2027,html,2026-10-05
Berria,ALLROAD ESSENTIAL GRX400 [3b4525e0],ALLROAD ESSENTIAL GRX400,2027,gravel,XXS,XXS,,,150,<150 cm,cm,536.1,365,"{""(altura, fila sin etiqueta)"": ""<150 cm"", ""1 Seat tube"": ""440 mm"", ""2 Horizontal tube"": ""518.7 mm"", ""3 Front angle"": ""70°"", ""4 Seat tube angle"": ""74°"", ""5 Wheelbase"": ""1006.7 mm"", ""6 Sheath"": ""420 mm"", ""7 Front tube"": ""100 mm"", ""8 Bottom bracket drop"": ""77 mm"", ""9 Trail"": ""82 mm"", ""10 Fork feed"": ""51 mm"", ""11 Fork length"": ""405 mm"", ""12 Reach"": ""365 mm"", ""13 Stack"": ""536.1 mm""}",1799,false,https://berriabikes.com/en/products/allroad-essential-grx400-2027,https://berriabikes.com/en/products/allroad-essential-grx400-2027,html,2026-10-05
Berria,ALLROAD ESSENTIAL GRX400 [3b4525e0],ALLROAD ESSENTIAL GRX400,2027,gravel,XS,XS,,150,160,150-160 cm,cm,554.9,371.4,"{""(altura, fila sin etiqueta)"": ""150-160 cm"", ""1 Seat tube"": ""460 mm"", ""2 Horizontal tube"": ""525.1 mm"", ""3 Front angle"": ""70°"", ""4 Seat tube angle"": ""74°"", ""5 Wheelbase"": ""1019.5 mm"", ""6 Sheath"": ""420 mm"", ""7 Front tube"": ""120 mm"", ""8 Bottom bracket drop"": ""77 mm"", ""9 Trail"": ""82 mm"", ""10 Fork feed"": ""51 mm"", ""11 Fork length"": ""405 mm"", ""12 Reach"": ""371.4 mm"", ""13 Stack"": ""554.9 mm""}",1799,false,https://berriabikes.com/en/products/allroad-essential-grx400-2027,https://berriabikes.com/en/products/allroad-essential-grx400-2027,html,2026-10-05
Berria,ALLROAD ESSENTIAL GRX400 [3b4525e0],ALLROAD ESSENTIAL GRX400,2027,gravel,S,S,,160,170,160-170 cm,cm,573.7,378.7,"{""(altura, fila sin etiqueta)"": ""160-170 cm"", ""1 Seat tube"": ""484 mm"", ""2 Horizontal tube"": ""542.4 mm"", ""3 Front angle"": ""70.5°"", ""4 Seat tube angle"": ""73.75°"", ""5 Wheelbase"": ""1033.6 mm"", ""6 Sheath"": ""420 mm"", ""7 Front tube"": ""140 mm"", ""8 Bottom bracket drop"": ""77 mm"", ""9 Trail"": ""78.7 mm"", ""10 Fork feed"": ""51 mm"", ""11 Fork length"": ""405 mm"", ""12 Reach"": ""378.7 mm"", ""13 Stack"": ""573.7 mm""}",1799,false,https://berriabikes.com/en/products/allroad-essential-grx400-2027,https://berriabikes.com/en/products/allroad-essential-grx400-2027,html,2026-10-05
Berria,ALLROAD ESSENTIAL GRX400 [3b4525e0],ALLROAD ESSENTIAL GRX400,2027,gravel,M,M,,170,180,170-180 cm,cm,580.8,387.1,"{""(altura, fila sin etiqueta)"": ""170-180 cm"", ""1 Seat tube"": ""508 mm"", ""2 Horizontal tube"": ""555 mm"", ""3 Front angle"": ""71°"", ""4 Seat tube angle"": ""73.50°"", ""5 Wheelbase"": ""51 mm"", ""6 Sheath"": ""405 mm"", ""7 Front tube"": ""387.1 mm"", ""8 Bottom bracket drop"": ""75 mm"", ""9 Trail"": ""75.3 mm"", ""10 Fork feed"": ""51 mm"", ""11 Fork length"": ""405 mm"", ""12 Reach"": ""387.1 mm"", ""13 Stack"": ""580.8 mm""}",1799,false,https://berriabikes.com/en/products/allroad-essential-grx400-2027,https://berriabikes.com/en/products/allroad-essential-grx400-2027,html,2026-10-05
Berria,ALLROAD ESSENTIAL GRX400 [3b4525e0],ALLROAD ESSENTIAL GRX400,2027,gravel,L,L,,180,190,180-190 cm,cm,599.6,396.1,"{""(altura, fila sin etiqueta)"": ""180-190 cm"", ""1 Seat tube"": ""532 mm"", ""2 Horizontal tube"": ""570 mm"", ""3 Front angle"": ""71.5°"", ""4 Seat tube angle"": ""73.5°"", ""5 Wheelbase"": ""1062.1 mm"", ""6 Sheath"": ""420 mm"", ""7 Front tube"": ""170 mm"", ""8 Bottom bracket drop"": ""75 mm"", ""9 Trail"": ""72 mm"", ""10 Fork feed"": ""51 mm"", ""11 Fork length"": ""405 mm"", ""12 Reach"": ""396.1 mm"", ""13 Stack"": ""599.6 mm""}",1799,false,https://berriabikes.com/en/products/allroad-essential-grx400-2027,https://berriabikes.com/en/products/allroad-essential-grx400-2027,html,2026-10-05
Berria,ALLROAD ESSENTIAL GRX400 [3b4525e0],ALLROAD ESSENTIAL GRX400,2027,gravel,XL,XL,,190,,>190 cm,cm,618.4,410.3,"{""(altura, fila sin etiqueta)"": "">190 cm"", ""1 Seat tube"": ""556 mm"", ""2 Horizontal tube"": ""592.4 mm"", ""3 Front angle"": ""72°"", ""4 Seat tube angle"": ""73.5°"", ""5 Wheelbase"": ""1083.1 mm"", ""6 Sheath"": ""420 mm"", ""7 Front tube"": ""190 mm"", ""8 Bottom bracket drop"": ""75 mm"", ""9 Trail"": ""68.7 mm"", ""10 Fork feed"": ""51 mm"", ""11 Fork length"": ""405 mm"", ""12 Reach"": ""410.3 mm"", ""13 Stack"": ""618.4 mm""}",1799,false,https://berriabikes.com/en/products/allroad-essential-grx400-2027,https://berriabikes.com/en/products/allroad-essential-grx400-2027,html,2026-10-05
Berria,ALLROAD GRX400 [41e83a67],ALLROAD GRX400,2027,gravel,XXS,XXS,,,150,<150 cm,cm,536.1,365,"{""(altura, fila sin etiqueta)"": ""<150 cm"", ""1 Seat tube"": ""440 mm"", ""2 Horizontal tube"": ""518.7 mm"", ""3 Front angle"": ""70°"", ""4 Seat tube angle"": ""74°"", ""5 Wheelbase"": ""1006.7 mm"", ""6 Sheath"": ""420 mm"", ""7 Front tube"": ""100 mm"", ""8 Bottom bracket drop"": ""77 mm"", ""9 Trail"": ""82 mm"", ""10 Fork feed"": ""51 mm"", ""11 Fork length"": ""405 mm"", ""12 Reach"": ""365 mm"", ""13 Stack"": ""536.1 mm""}",1599,false,https://berriabikes.com/en/products/allroad-grx400-2027,https://berriabikes.com/en/products/allroad-grx400-2027,html,2026-10-05
Berria,ALLROAD GRX400 [41e83a67],ALLROAD GRX400,2027,gravel,XS,XS,,150,160,150-160 cm,cm,554.9,371.4,"{""(altura, fila sin etiqueta)"": ""150-160 cm"", ""1 Seat tube"": ""460 mm"", ""2 Horizontal tube"": ""525.1 mm"", ""3 Front angle"": ""70°"", ""4 Seat tube angle"": ""74°"", ""5 Wheelbase"": ""1019.5 mm"", ""6 Sheath"": ""420 mm"", ""7 Front tube"": ""120 mm"", ""8 Bottom bracket drop"": ""77 mm"", ""9 Trail"": ""82 mm"", ""10 Fork feed"": ""51 mm"", ""11 Fork length"": ""405 mm"", ""12 Reach"": ""371.4 mm"", ""13 Stack"": ""554.9 mm""}",1599,false,https://berriabikes.com/en/products/allroad-grx400-2027,https://berriabikes.com/en/products/allroad-grx400-2027,html,2026-10-05
Berria,ALLROAD GRX400 [41e83a67],ALLROAD GRX400,2027,gravel,S,S,,160,170,160-170 cm,cm,573.7,378.7,"{""(altura, fila sin etiqueta)"": ""160-170 cm"", ""1 Seat tube"": ""484 mm"", ""2 Horizontal tube"": ""542.4 mm"", ""3 Front angle"": ""70.5°"", ""4 Seat tube angle"": ""73.75°"", ""5 Wheelbase"": ""1033.6 mm"", ""6 Sheath"": ""420 mm"", ""7 Front tube"": ""140 mm"", ""8 Bottom bracket drop"": ""77 mm"", ""9 Trail"": ""78.7 mm"", ""10 Fork feed"": ""51 mm"", ""11 Fork length"": ""405 mm"", ""12 Reach"": ""378.7 mm"", ""13 Stack"": ""573.7 mm""}",1599,false,https://berriabikes.com/en/products/allroad-grx400-2027,https://berriabikes.com/en/products/allroad-grx400-2027,html,2026-10-05
Berria,ALLROAD GRX400 [41e83a67],ALLROAD GRX400,2027,gravel,M,M,,170,180,170-180 cm,cm,580.8,387.1,"{""(altura, fila sin etiqueta)"": ""170-180 cm"", ""1 Seat tube"": ""508 mm"", ""2 Horizontal tube"": ""555 mm"", ""3 Front angle"": ""71°"", ""4 Seat tube angle"": ""73.5°"", ""5 Wheelbase"": ""1046.2 mm"", ""6 Sheath"": ""420 mm"", ""7 Front tube"": ""150 mm"", ""8 Bottom bracket drop"": ""75 mm"", ""9 Trail"": ""75.3 mm"", ""10 Fork feed"": ""51 mm"", ""11 Fork length"": ""405 mm"", ""12 Reach"": ""387.1 mm"", ""13 Stack"": ""580.8 mm""}",1599,false,https://berriabikes.com/en/products/allroad-grx400-2027,https://berriabikes.com/en/products/allroad-grx400-2027,html,2026-10-05
Berria,ALLROAD GRX400 [41e83a67],ALLROAD GRX400,2027,gravel,L,L,,180,190,180-190 cm,cm,599.6,396.1,"{""(altura, fila sin etiqueta)"": ""180-190 cm"", ""1 Seat tube"": ""532 mm"", ""2 Horizontal tube"": ""570 mm"", ""3 Front angle"": ""71.5°"", ""4 Seat tube angle"": ""73.5°"", ""5 Wheelbase"": ""1062.1 mm"", ""6 Sheath"": ""420 mm"", ""7 Front tube"": ""170 mm"", ""8 Bottom bracket drop"": ""75 mm"", ""9 Trail"": ""72 mm"", ""10 Fork feed"": ""51 mm"", ""11 Fork length"": ""405 mm"", ""12 Reach"": ""396.1 mm"", ""13 Stack"": ""599.6 mm""}",1599,false,https://berriabikes.com/en/products/allroad-grx400-2027,https://berriabikes.com/en/products/allroad-grx400-2027,html,2026-10-05
Berria,ALLROAD GRX400 [41e83a67],ALLROAD GRX400,2027,gravel,XL,XL,,192,,>192 cm,cm,618.4,410.3,"{""(altura, fila sin etiqueta)"": "">192 cm"", ""1 Seat tube"": ""556 mm"", ""2 Horizontal tube"": ""592.4 mm"", ""3 Front angle"": ""72°"", ""4 Seat tube angle"": ""73.5°"", ""5 Wheelbase"": ""1083.1 mm"", ""6 Sheath"": ""420 mm"", ""7 Front tube"": ""190 mm"", ""8 Bottom bracket drop"": ""75 mm"", ""9 Trail"": ""68.7 mm"", ""10 Fork feed"": ""51 mm"", ""11 Fork length"": ""405 mm"", ""12 Reach"": ""410.3 mm"", ""13 Stack"": ""618.4 mm""}",1599,false,https://berriabikes.com/en/products/allroad-grx400-2027,https://berriabikes.com/en/products/allroad-grx400-2027,html,2026-10-05
Berria,MAKO BR [9402ccac],MAKO BR XX SL AXS FA,2027,mtb,S,S,,155,170,155-170 cm,cm,590,435,"{""(altura, fila sin etiqueta)"": ""155-170 cm"", ""1 Seat tube"": ""400 mm"", ""2 Horizontal tube"": ""580 mm"", ""3 Front angle"": ""67°"", ""4 Seat tube angle"": ""76.2°"", ""5 Wheelbase"": ""1143 mm"", ""6 Sheath"": ""430 mm"", ""7 Front tube"": ""85 mm"", ""8 Bottom bracket drop"": ""47 mm"", ""9 Trail"": ""112 mm"", ""10 Fork feed"": ""44 mm"", ""11 Fork length"": ""521 mm"", ""12 Reach"": ""435 mm"", ""13 Stack"": ""590 mm""}",10169,true,https://berriabikes.com/en/products/mako-br-xx-sl-axs-fa-2027,https://berriabikes.com/en/products/mako-br-xx-sl-axs-fa-2027,html,2026-10-05
Berria,MAKO BR [9402ccac],MAKO BR XX SL AXS FA,2027,mtb,M,M,,170,185,170-185 cm,cm,602,458,"{""(altura, fila sin etiqueta)"": ""170-185 cm"", ""1 Seat tube"": ""445 mm"", ""2 Horizontal tube"": ""608 mm"", ""3 Front angle"": ""67.5°"", ""4 Seat tube angle"": ""76°"", ""5 Wheelbase"": ""1165 mm"", ""6 Sheath"": ""430 mm"", ""7 Front tube"": ""95 mm"", ""8 Bottom bracket drop"": ""47 mm"", ""9 Trail"": ""108 mm"", ""10 Fork feed"": ""44 mm"", ""11 Fork length"": ""521 mm"", ""12 Reach"": ""458 mm"", ""13 Stack"": ""602 mm""}",10169,true,https://berriabikes.com/en/products/mako-br-xx-sl-axs-fa-2027,https://berriabikes.com/en/products/mako-br-xx-sl-axs-fa-2027,html,2026-10-05
Berria,MAKO BR [9402ccac],MAKO BR XX SL AXS FA,2027,mtb,L,L,,180,195,180-195 cm,cm,614,485,"{""(altura, fila sin etiqueta)"": ""180-195 cm"", ""1 Seat tube"": ""490 mm"", ""2 Horizontal tube"": ""640 mm"", ""3 Front angle"": ""68°"", ""4 Seat tube angle"": ""75.8°"", ""5 Wheelbase"": ""1191 mm"", ""6 Sheath"": ""430 mm"", ""7 Front tube"": ""105 mm"", ""8 Bottom bracket drop"": ""47 mm"", ""9 Trail"": ""104 mm"", ""10 Fork feed"": ""44 mm"", ""11 Fork length"": ""521 mm"", ""12 Reach"": ""485 mm"", ""13 Stack"": ""614 mm""}",10169,true,https://berriabikes.com/en/products/mako-br-xx-sl-axs-fa-2027,https://berriabikes.com/en/products/mako-br-xx-sl-axs-fa-2027,html,2026-10-05
Berria,MAKO BR [9402ccac],MAKO BR X0 AXS,2027,mtb,S,S,,155,170,155-170 cm,cm,590,435,"{""(altura, fila sin etiqueta)"": ""155-170 cm"", ""1 Seat tube"": ""400 mm"", ""2 Horizontal tube"": ""580 mm"", ""3 Front angle"": ""67°"", ""4 Seat tube angle"": ""76.2°"", ""5 Wheelbase"": ""1143 mm"", ""6 Sheath"": ""430 mm"", ""7 Front tube"": ""85 mm"", ""8 Bottom bracket drop"": ""47 mm"", ""9 Trail"": ""112 mm"", ""10 Fork feed"": ""44 mm"", ""11 Fork length"": ""521 mm"", ""12 Reach"": ""435 mm"", ""13 Stack"": ""590 mm""}",5469,true,https://berriabikes.com/en/products/mako-br-x0-axs-2027,https://berriabikes.com/en/products/mako-br-x0-axs-2027,html,2026-10-05
Berria,MAKO BR [9402ccac],MAKO BR X0 AXS,2027,mtb,M,M,,170,185,170-185 cm,cm,602,458,"{""(altura, fila sin etiqueta)"": ""170-185 cm"", ""1 Seat tube"": ""445 mm"", ""2 Horizontal tube"": ""608 mm"", ""3 Front angle"": ""67.5°"", ""4 Seat tube angle"": ""76°"", ""5 Wheelbase"": ""1165 mm"", ""6 Sheath"": ""430 mm"", ""7 Front tube"": ""95 mm"", ""8 Bottom bracket drop"": ""47 mm"", ""9 Trail"": ""108 mm"", ""10 Fork feed"": ""44 mm"", ""11 Fork length"": ""521 mm"", ""12 Reach"": ""458 mm"", ""13 Stack"": ""602 mm""}",5469,true,https://berriabikes.com/en/products/mako-br-x0-axs-2027,https://berriabikes.com/en/products/mako-br-x0-axs-2027,html,2026-10-05
Berria,MAKO BR [9402ccac],MAKO BR X0 AXS,2027,mtb,L,L,,180,195,180-195 cm,cm,614,485,"{""(altura, fila sin etiqueta)"": ""180-195 cm"", ""1 Seat tube"": ""490 mm"", ""2 Horizontal tube"": ""640 mm"", ""3 Front angle"": ""68°"", ""4 Seat tube angle"": ""75.8°"", ""5 Wheelbase"": ""1191 mm"", ""6 Sheath"": ""430 mm"", ""7 Front tube"": ""105 mm"", ""8 Bottom bracket drop"": ""47 mm"", ""9 Trail"": ""104 mm"", ""10 Fork feed"": ""44 mm"", ""11 Fork length"": ""521 mm"", ""12 Reach"": ""485 mm"", ""13 Stack"": ""614 mm""}",5469,true,https://berriabikes.com/en/products/mako-br-x0-axs-2027,https://berriabikes.com/en/products/mako-br-x0-axs-2027,html,2026-10-05
Berria,MAKO [332adbc4],MAKO PRO EAGLE 90,2027,mtb,S,S,,155,170,155-170 cm,cm,590,435,"{""(altura, fila sin etiqueta)"": ""155-170 cm"", ""1 Seat tube"": ""400 mm"", ""2 Horizontal tube"": ""580 mm"", ""3 Front angle"": ""67°"", ""4 Seat tube angle"": ""76.2°"", ""5 Wheelbase"": ""1143 mm"", ""6 Sheath"": ""430 mm"", ""7 Front tube"": ""85 mm"", ""8 Bottom bracket drop"": ""47 mm"", ""9 Trail"": ""112 mm"", ""10 Fork feed"": ""44 mm"", ""11 Fork length"": ""521 mm"", ""12 Reach"": ""435 mm"", ""13 Stack"": ""590 mm""}",3879,true,https://berriabikes.com/en/products/mako-pro-eagle-90-2027,https://berriabikes.com/en/products/mako-pro-eagle-90-2027,html,2026-10-05
Berria,MAKO [332adbc4],MAKO PRO EAGLE 90,2027,mtb,M,M,,170,185,170-185 cm,cm,602,458,"{""(altura, fila sin etiqueta)"": ""170-185 cm"", ""1 Seat tube"": ""445 mm"", ""2 Horizontal tube"": ""608 mm"", ""3 Front angle"": ""67.5°"", ""4 Seat tube angle"": ""76°"", ""5 Wheelbase"": ""1165 mm"", ""6 Sheath"": ""430 mm"", ""7 Front tube"": ""95 mm"", ""8 Bottom bracket drop"": ""47 mm"", ""9 Trail"": ""108 mm"", ""10 Fork feed"": ""44 mm"", ""11 Fork length"": ""521 mm"", ""12 Reach"": ""458 mm"", ""13 Stack"": ""602 mm""}",3879,true,https://berriabikes.com/en/products/mako-pro-eagle-90-2027,https://berriabikes.com/en/products/mako-pro-eagle-90-2027,html,2026-10-05
Berria,MAKO [332adbc4],MAKO PRO EAGLE 90,2027,mtb,L,L,,185,195,185-195 cm,cm,614,485,"{""(altura, fila sin etiqueta)"": ""185-195 cm"", ""1 Seat tube"": ""490 mm"", ""2 Horizontal tube"": ""640 mm"", ""3 Front angle"": ""68°"", ""4 Seat tube angle"": ""75.8°"", ""5 Wheelbase"": ""1191 mm"", ""6 Sheath"": ""430 mm"", ""7 Front tube"": ""105 mm"", ""8 Bottom bracket drop"": ""47 mm"", ""9 Trail"": ""104 mm"", ""10 Fork feed"": ""44 mm"", ""11 Fork length"": ""521 mm"", ""12 Reach"": ""485 mm"", ""13 Stack"": ""614 mm""}",3879,true,https://berriabikes.com/en/products/mako-pro-eagle-90-2027,https://berriabikes.com/en/products/mako-pro-eagle-90-2027,html,2026-10-05
Berria,MAKO [332adbc4],MAKO ESSENTIAL E70,2027,mtb,S,S,,155,170,155-170 cm,cm,590,435,"{""(altura, fila sin etiqueta)"": ""155-170 cm"", ""1 Seat tube"": ""400 mm"", ""2 Horizontal tube"": ""580 mm"", ""3 Front angle"": ""67°"", ""4 Seat tube angle"": ""76.2°"", ""5 Wheelbase"": ""1143 mm"", ""6 Sheath"": ""430 mm"", ""7 Front tube"": ""85 mm"", ""8 Bottom bracket drop"": ""47 mm"", ""9 Trail"": ""112 mm"", ""10 Fork feed"": ""44 mm"", ""11 Fork length"": ""521 mm"", ""12 Reach"": ""435 mm"", ""13 Stack"": ""590 mm""}",3299,false,https://berriabikes.com/en/products/mako-essential-e70-2027,https://berriabikes.com/en/products/mako-essential-e70-2027,html,2026-10-05
Berria,MAKO [332adbc4],MAKO ESSENTIAL E70,2027,mtb,M,M,,170,185,170-185 cm,cm,602,458,"{""(altura, fila sin etiqueta)"": ""170-185 cm"", ""1 Seat tube"": ""445 mm"", ""2 Horizontal tube"": ""608 mm"", ""3 Front angle"": ""67.5°"", ""4 Seat tube angle"": ""76°"", ""5 Wheelbase"": ""1165 mm"", ""6 Sheath"": ""430 mm"", ""7 Front tube"": ""95 mm"", ""8 Bottom bracket drop"": ""47 mm"", ""9 Trail"": ""108 mm"", ""10 Fork feed"": ""44 mm"", ""11 Fork length"": ""521 mm"", ""12 Reach"": ""458 mm"", ""13 Stack"": ""602 mm""}",3299,false,https://berriabikes.com/en/products/mako-essential-e70-2027,https://berriabikes.com/en/products/mako-essential-e70-2027,html,2026-10-05
Berria,MAKO [332adbc4],MAKO ESSENTIAL E70,2027,mtb,L,L,,185,195,185-195 cm,cm,614,485,"{""(altura, fila sin etiqueta)"": ""185-195 cm"", ""1 Seat tube"": ""490 mm"", ""2 Horizontal tube"": ""640 mm"", ""3 Front angle"": ""68°"", ""4 Seat tube angle"": ""75.8°"", ""5 Wheelbase"": ""1191 mm"", ""6 Sheath"": ""430 mm"", ""7 Front tube"": ""105 mm"", ""8 Bottom bracket drop"": ""47 mm"", ""9 Trail"": ""104 mm"", ""10 Fork feed"": ""44 mm"", ""11 Fork length"": ""521 mm"", ""12 Reach"": ""485 mm"", ""13 Stack"": ""614 mm""}",3299,false,https://berriabikes.com/en/products/mako-essential-e70-2027,https://berriabikes.com/en/products/mako-essential-e70-2027,html,2026-10-05
Berria,BRAVO ESSENTIAL [fc9ce81a],BRAVO ESSENTIAL E70,2027,mtb,XS,XS,,150,165,150-165 cm,cm,599,397,"{""(altura, fila sin etiqueta)"": ""150-165 cm"", ""1 Seat tube"": ""380 mm"", ""2 Horizontal tube"": ""556 mm"", ""3 Front angle"": ""66.5°"", ""4 Seat tube angle"": ""75.1°"", ""5 Wheelbase"": ""1099 mm"", ""6 Sheath"": ""420 mm"", ""7 Front tube"": ""85 mm"", ""8 Bottom bracket drop"": ""63 mm"", ""9 Trail"": ""110 mm"", ""10 Fork feed"": ""44 mm"", ""11 Fork length"": ""516 mm"", ""12 Reach"": ""397 mm"", ""13 Stack"": ""599 mm""}",1999,false,https://berriabikes.com/en/products/bravo-essential-e70-2027,https://berriabikes.com/en/products/bravo-essential-e70-2027,html,2026-10-05
Berria,BRAVO ESSENTIAL [fc9ce81a],BRAVO ESSENTIAL E70,2027,mtb,S,S,,160,175,160-175 cm,cm,610,430,"{""(altura, fila sin etiqueta)"": ""160-175 cm"", ""1 Seat tube"": ""431 mm"", ""2 Horizontal tube"": ""594 mm"", ""3 Front angle"": ""67°"", ""4 Seat tube angle"": ""75.1°"", ""5 Wheelbase"": ""1130 mm"", ""6 Sheath"": ""420 mm"", ""7 Front tube"": ""95 mm"", ""8 Bottom bracket drop"": ""63 mm"", ""9 Trail"": ""106 mm"", ""10 Fork feed"": ""44 mm"", ""11 Fork length"": ""516 mm"", ""12 Reach"": ""430 mm"", ""13 Stack"": ""610 mm""}",1999,false,https://berriabikes.com/en/products/bravo-essential-e70-2027,https://berriabikes.com/en/products/bravo-essential-e70-2027,html,2026-10-05
Berria,BRAVO ESSENTIAL [fc9ce81a],BRAVO ESSENTIAL E70,2027,mtb,M,M,,175,185,175-185 cm,cm,624,448,"{""(altura, fila sin etiqueta)"": ""175-185 cm"", ""1 Seat tube"": ""470 mm"", ""2 Horizontal tube"": ""622 mm"", ""3 Front angle"": ""67.5°"", ""4 Seat tube angle"": ""74.4°"", ""5 Wheelbase"": ""1147 mm"", ""6 Sheath"": ""420 mm"", ""7 Front tube"": ""107 mm"", ""8 Bottom bracket drop"": ""63 mm"", ""9 Trail"": ""103 mm"", ""10 Fork feed"": ""44 mm"", ""11 Fork length"": ""516 mm"", ""12 Reach"": ""448 mm"", ""13 Stack"": ""624 mm""}",1999,false,https://berriabikes.com/en/products/bravo-essential-e70-2027,https://berriabikes.com/en/products/bravo-essential-e70-2027,html,2026-10-05
Berria,BRAVO ESSENTIAL [fc9ce81a],BRAVO ESSENTIAL S100,2027,mtb,XS,XS,,150,165,150-165 cm,cm,599,397,"{""(altura, fila sin etiqueta)"": ""150-165 cm"", ""1 Seat tube"": ""380 mm"", ""2 Horizontal tube"": ""556 mm"", ""3 Front angle"": ""66.5°"", ""4 Seat tube angle"": ""75.1°"", ""5 Wheelbase"": ""1099 mm"", ""6 Sheath"": ""420 mm"", ""7 Front tube"": ""85 mm"", ""8 Bottom bracket drop"": ""63 mm"", ""9 Trail"": ""110 mm"", ""10 Fork feed"": ""44 mm"", ""11 Fork length"": ""516 mm"", ""12 Reach"": ""397 mm"", ""13 Stack"": ""599 mm""}",1799,false,https://berriabikes.com/en/products/bravo-essential-s100-2027,https://berriabikes.com/en/products/bravo-essential-s100-2027,html,2026-10-05
Berria,BRAVO ESSENTIAL [fc9ce81a],BRAVO ESSENTIAL S100,2027,mtb,S,S,,160,175,160-175 cm,cm,610,430,"{""(altura, fila sin etiqueta)"": ""160-175 cm"", ""1 Seat tube"": ""431 mm"", ""2 Horizontal tube"": ""594 mm"", ""3 Front angle"": ""67°"", ""4 Seat tube angle"": ""75.1°"", ""5 Wheelbase"": ""1130 mm"", ""6 Sheath"": ""420 mm"", ""7 Front tube"": ""95 mm"", ""8 Bottom bracket drop"": ""63 mm"", ""9 Trail"": ""106 mm"", ""10 Fork feed"": ""44 mm"", ""11 Fork length"": ""516 mm"", ""12 Reach"": ""430 mm"", ""13 Stack"": ""610 mm""}",1799,false,https://berriabikes.com/en/products/bravo-essential-s100-2027,https://berriabikes.com/en/products/bravo-essential-s100-2027,html,2026-10-05
Berria,BRAVO ESSENTIAL [fc9ce81a],BRAVO ESSENTIAL S100,2027,mtb,M,M,,175,185,175-185 cm,cm,624,448,"{""(altura, fila sin etiqueta)"": ""175-185 cm"", ""1 Seat tube"": ""470 mm"", ""2 Horizontal tube"": ""622 mm"", ""3 Front angle"": ""67.5°"", ""4 Seat tube angle"": ""74.4°"", ""5 Wheelbase"": ""1147 mm"", ""6 Sheath"": ""420 mm"", ""7 Front tube"": ""107 mm"", ""8 Bottom bracket drop"": ""63 mm"", ""9 Trail"": ""103 mm"", ""10 Fork feed"": ""44 mm"", ""11 Fork length"": ""516 mm"", ""12 Reach"": ""448 mm"", ""13 Stack"": ""624 mm""}",1799,false,https://berriabikes.com/en/products/bravo-essential-s100-2027,https://berriabikes.com/en/products/bravo-essential-s100-2027,html,2026-10-05
Berria,NEXXEN [13d0472c],NEXXEN PRO S1000 AXS,2027,emtb,S,S,,155,170,155-170 cm,cm,626,457,"{""(altura, fila sin etiqueta)"": ""155-170 cm"", ""1 Seat tube"": ""410 mm"", ""2 Horizontal tube"": ""579 mm"", ""3 Front angle"": ""64.5°"", ""4 Seat tube angle"": ""79°"", ""5 Wheelbase"": ""1228 mm"", ""6 Sheath"": ""456 mm"", ""7 Front tube"": ""110 mm"", ""8 Bottom bracket drop"": ""28 mm"", ""9 Trail"": ""131.5 mm"", ""10 Fork feed"": ""44 mm"", ""11 Fork length"": ""571 mm"", ""12 Reach"": ""457 mm"", ""13 Stack"": ""626 mm""}",6099,true,https://berriabikes.com/en/products/nexxen-pro-s1000-axs-2027,https://berriabikes.com/en/products/nexxen-pro-s1000-axs-2027,html,2026-10-05
Berria,NEXXEN [13d0472c],NEXXEN PRO S1000 AXS,2027,emtb,M,M,,170,185,170-185 cm,cm,635,460,"{""(altura, fila sin etiqueta)"": ""170-185 cm"", ""1 Seat tube"": ""440 mm"", ""2 Horizontal tube"": ""607 mm"", ""3 Front angle"": ""64.5°"", ""4 Seat tube angle"": ""77°"", ""5 Wheelbase"": ""1258 mm"", ""6 Sheath"": ""456 mm"", ""7 Front tube"": ""120 mm"", ""8 Bottom bracket drop"": ""28 mm"", ""9 Trail"": ""131.5 mm"", ""10 Fork feed"": ""44 mm"", ""11 Fork length"": ""571 mm"", ""12 Reach"": ""460 mm"", ""13 Stack"": ""635 mm""}",6099,true,https://berriabikes.com/en/products/nexxen-pro-s1000-axs-2027,https://berriabikes.com/en/products/nexxen-pro-s1000-axs-2027,html,2026-10-05
Berria,NEXXEN [13d0472c],NEXXEN PRO S1000 AXS,2027,emtb,L,L,,180,195,180-195 cm,cm,644,485,"{""(altura, fila sin etiqueta)"": ""180-195 cm"", ""1 Seat tube"": ""470 mm"", ""2 Horizontal tube"": ""637 mm"", ""3 Front angle"": ""64.5°"", ""4 Seat tube angle"": ""77°"", ""5 Wheelbase"": ""1287 mm"", ""6 Sheath"": ""456 mm"", ""7 Front tube"": ""130 mm"", ""8 Bottom bracket drop"": ""28 mm"", ""9 Trail"": ""131.5 mm"", ""10 Fork feed"": ""44 mm"", ""11 Fork length"": ""571 mm"", ""12 Reach"": ""485 mm"", ""13 Stack"": ""644 mm""}",6099,true,https://berriabikes.com/en/products/nexxen-pro-s1000-axs-2027,https://berriabikes.com/en/products/nexxen-pro-s1000-axs-2027,html,2026-10-05
Berria,NEXXEN [13d0472c],NEXXEN PRO E90,2027,emtb,S,S,,155,170,155-170 cm,cm,626,457,"{""(altura, fila sin etiqueta)"": ""155-170 cm"", ""1 Seat tube"": ""410 mm"", ""2 Horizontal tube"": ""579 mm"", ""3 Front angle"": ""64.5°"", ""4 Seat tube angle"": ""79°"", ""5 Wheelbase"": ""1228 mm"", ""6 Sheath"": ""456 mm"", ""7 Front tube"": ""110 mm"", ""8 Bottom bracket drop"": ""28 mm"", ""9 Trail"": ""131.5 mm"", ""10 Fork feed"": ""44 mm"", ""11 Fork length"": ""571 mm"", ""12 Reach"": ""457 mm"", ""13 Stack"": ""626 mm""}",5599,true,https://berriabikes.com/en/products/nexxen-pro-e90-2027,https://berriabikes.com/en/products/nexxen-pro-e90-2027,html,2026-10-05
Berria,NEXXEN [13d0472c],NEXXEN PRO E90,2027,emtb,M,M,,170,185,170-185 cm,cm,635,460,"{""(altura, fila sin etiqueta)"": ""170-185 cm"", ""1 Seat tube"": ""440 mm"", ""2 Horizontal tube"": ""607 mm"", ""3 Front angle"": ""64.5°"", ""4 Seat tube angle"": ""77°"", ""5 Wheelbase"": ""1258 mm"", ""6 Sheath"": ""456 mm"", ""7 Front tube"": ""120 mm"", ""8 Bottom bracket drop"": ""28 mm"", ""9 Trail"": ""131.5 mm"", ""10 Fork feed"": ""44 mm"", ""11 Fork length"": ""571 mm"", ""12 Reach"": ""460 mm"", ""13 Stack"": ""635 mm""}",5599,true,https://berriabikes.com/en/products/nexxen-pro-e90-2027,https://berriabikes.com/en/products/nexxen-pro-e90-2027,html,2026-10-05
Berria,NEXXEN [13d0472c],NEXXEN PRO E90,2027,emtb,L,L,,180,195,180-195 cm,cm,644,485,"{""(altura, fila sin etiqueta)"": ""180-195 cm"", ""1 Seat tube"": ""470 mm"", ""2 Horizontal tube"": ""637 mm"", ""3 Front angle"": ""64.5°"", ""4 Seat tube angle"": ""77°"", ""5 Wheelbase"": ""1287 mm"", ""6 Sheath"": ""456 mm"", ""7 Front tube"": ""130 mm"", ""8 Bottom bracket drop"": ""28 mm"", ""9 Trail"": ""131.5 mm"", ""10 Fork feed"": ""44 mm"", ""11 Fork length"": ""571 mm"", ""12 Reach"": ""485 mm"", ""13 Stack"": ""644 mm""}",5599,true,https://berriabikes.com/en/products/nexxen-pro-e90-2027,https://berriabikes.com/en/products/nexxen-pro-e90-2027,html,2026-10-05
Berria,NEXXEN [13d0472c],NEXXEN ESSENTIAL E70 ZEB,2027,emtb,S,S,,155,170,155-170 cm,cm,626,457,"{""(altura, fila sin etiqueta)"": ""155-170 cm"", ""1 Seat tube"": ""410 mm"", ""2 Horizontal tube"": ""579 mm"", ""3 Front angle"": ""64.5°"", ""4 Seat tube angle"": ""79°"", ""5 Wheelbase"": ""1228 mm"", ""6 Sheath"": ""456 mm"", ""7 Front tube"": ""110 mm"", ""8 Bottom bracket drop"": ""28 mm"", ""9 Trail"": ""131.5 mm"", ""10 Fork feed"": ""44 mm"", ""11 Fork length"": ""571 mm"", ""12 Reach"": ""457 mm"", ""13 Stack"": ""626 mm""}",4999,false,https://berriabikes.com/en/products/nexxen-essential-e70-zeb-2027,https://berriabikes.com/en/products/nexxen-essential-e70-zeb-2027,html,2026-10-05
Berria,NEXXEN [13d0472c],NEXXEN ESSENTIAL E70 ZEB,2027,emtb,M,M,,170,185,170-185 cm,cm,635,460,"{""(altura, fila sin etiqueta)"": ""170-185 cm"", ""1 Seat tube"": ""440 mm"", ""2 Horizontal tube"": ""607 mm"", ""3 Front angle"": ""64.5°"", ""4 Seat tube angle"": ""77°"", ""5 Wheelbase"": ""1258 mm"", ""6 Sheath"": ""456 mm"", ""7 Front tube"": ""120 mm"", ""8 Bottom bracket drop"": ""28 mm"", ""9 Trail"": ""131.5 mm"", ""10 Fork feed"": ""44 mm"", ""11 Fork length"": ""571 mm"", ""12 Reach"": ""460 mm"", ""13 Stack"": ""635 mm""}",4999,false,https://berriabikes.com/en/products/nexxen-essential-e70-zeb-2027,https://berriabikes.com/en/products/nexxen-essential-e70-zeb-2027,html,2026-10-05
Berria,NEXXEN [13d0472c],NEXXEN ESSENTIAL E70 ZEB,2027,emtb,L,L,,180,195,180-195 cm,cm,644,485,"{""(altura, fila sin etiqueta)"": ""180-195 cm"", ""1 Seat tube"": ""470 mm"", ""2 Horizontal tube"": ""637 mm"", ""3 Front angle"": ""64.5°"", ""4 Seat tube angle"": ""77°"", ""5 Wheelbase"": ""1287 mm"", ""6 Sheath"": ""456 mm"", ""7 Front tube"": ""130 mm"", ""8 Bottom bracket drop"": ""28 mm"", ""9 Trail"": ""131.5 mm"", ""10 Fork feed"": ""44 mm"", ""11 Fork length"": ""571 mm"", ""12 Reach"": ""485 mm"", ""13 Stack"": ""644 mm""}",4999,false,https://berriabikes.com/en/products/nexxen-essential-e70-zeb-2027,https://berriabikes.com/en/products/nexxen-essential-e70-zeb-2027,html,2026-10-05
Berria,NEXXEN [13d0472c],NEXXEN ESSENTIAL E70 PSYLO,2027,emtb,S,S,,155,170,155-170 cm,cm,626,457,"{""(altura, fila sin etiqueta)"": ""155-170 cm"", ""1 Seat tube"": ""410 mm"", ""2 Horizontal tube"": ""579 mm"", ""3 Front angle"": ""64.5°"", ""4 Seat tube angle"": ""79°"", ""5 Wheelbase"": ""1228 mm"", ""6 Sheath"": ""456 mm"", ""7 Front tube"": ""110 mm"", ""8 Bottom bracket drop"": ""28 mm"", ""9 Trail"": ""131.5 mm"", ""10 Fork feed"": ""44 mm"", ""11 Fork length"": ""571 mm"", ""12 Reach"": ""457 mm"", ""13 Stack"": ""626 mm""}",4499,false,https://berriabikes.com/en/products/nexxen-essential-e70-psylo-2027,https://berriabikes.com/en/products/nexxen-essential-e70-psylo-2027,html,2026-10-05
Berria,NEXXEN [13d0472c],NEXXEN ESSENTIAL E70 PSYLO,2027,emtb,M,M,,170,185,170-185 cm,cm,635,460,"{""(altura, fila sin etiqueta)"": ""170-185 cm"", ""1 Seat tube"": ""440 mm"", ""2 Horizontal tube"": ""607 mm"", ""3 Front angle"": ""64.5°"", ""4 Seat tube angle"": ""77°"", ""5 Wheelbase"": ""1258 mm"", ""6 Sheath"": ""456 mm"", ""7 Front tube"": ""120 mm"", ""8 Bottom bracket drop"": ""28 mm"", ""9 Trail"": ""131.5 mm"", ""10 Fork feed"": ""44 mm"", ""11 Fork length"": ""571 mm"", ""12 Reach"": ""460 mm"", ""13 Stack"": ""635 mm""}",4499,false,https://berriabikes.com/en/products/nexxen-essential-e70-psylo-2027,https://berriabikes.com/en/products/nexxen-essential-e70-psylo-2027,html,2026-10-05
Berria,NEXXEN [13d0472c],NEXXEN ESSENTIAL E70 PSYLO,2027,emtb,L,L,,180,195,180-195 cm,cm,644,485,"{""(altura, fila sin etiqueta)"": ""180-195 cm"", ""1 Seat tube"": ""470 mm"", ""2 Horizontal tube"": ""637 mm"", ""3 Front angle"": ""64.5°"", ""4 Seat tube angle"": ""77°"", ""5 Wheelbase"": ""1287 mm"", ""6 Sheath"": ""456 mm"", ""7 Front tube"": ""130 mm"", ""8 Bottom bracket drop"": ""28 mm"", ""9 Trail"": ""131.5 mm"", ""10 Fork feed"": ""44 mm"", ""11 Fork length"": ""571 mm"", ""12 Reach"": ""485 mm"", ""13 Stack"": ""644 mm""}",4499,false,https://berriabikes.com/en/products/nexxen-essential-e70-psylo-2027,https://berriabikes.com/en/products/nexxen-essential-e70-psylo-2027,html,2026-10-05
Berria,NEXXEN MAX [0f671138],NEXXEN MAX PRO E90,2027,emtb,S,S,,155,170,155-170 cm,cm,626,440,"{""(altura, fila sin etiqueta)"": ""155-170 cm"", ""1 Seat tube"": ""410 mm"", ""2 Horizontal tube"": ""579 mm"", ""3 Front angle"": ""64.5°"", ""4 Seat tube angle"": ""77°"", ""5 Wheelbase"": ""1228 mm"", ""6 Sheath"": ""456 mm"", ""7 Front tube"": ""110 mm"", ""8 Bottom bracket drop"": ""28 mm"", ""9 Trail"": ""131.5 mm"", ""10 Fork feed"": ""44 mm"", ""11 Fork length"": ""571 mm"", ""12 Reach"": ""440 mm"", ""13 Stack"": ""626 mm""}",5799,false,https://berriabikes.com/en/products/nexxen-max-pro-e90-2027,https://berriabikes.com/en/products/nexxen-max-pro-e90-2027,html,2026-10-05
Berria,NEXXEN MAX [0f671138],NEXXEN MAX PRO E90,2027,emtb,M,M,,170,185,170-185 cm,cm,635,460,"{""(altura, fila sin etiqueta)"": ""170-185 cm"", ""1 Seat tube"": ""440 mm"", ""2 Horizontal tube"": ""607 mm"", ""3 Front angle"": ""64.5°"", ""4 Seat tube angle"": ""77°"", ""5 Wheelbase"": ""1258 mm"", ""6 Sheath"": ""456 mm"", ""7 Front tube"": ""120 mm"", ""8 Bottom bracket drop"": ""28 mm"", ""9 Trail"": ""131.5 mm"", ""10 Fork feed"": ""44 mm"", ""11 Fork length"": ""571 mm"", ""12 Reach"": ""460 mm"", ""13 Stack"": ""635 mm""}",5799,false,https://berriabikes.com/en/products/nexxen-max-pro-e90-2027,https://berriabikes.com/en/products/nexxen-max-pro-e90-2027,html,2026-10-05
Berria,NEXXEN MAX [0f671138],NEXXEN MAX PRO E90,2027,emtb,L,L,,180,195,180-195 cm,cm,644,485,"{""(altura, fila sin etiqueta)"": ""180-195 cm"", ""1 Seat tube"": ""470 mm"", ""2 Horizontal tube"": ""637 mm"", ""3 Front angle"": ""64.5°"", ""4 Seat tube angle"": ""77°"", ""5 Wheelbase"": ""1287 mm"", ""6 Sheath"": ""456 mm"", ""7 Front tube"": ""130 mm"", ""8 Bottom bracket drop"": ""28 mm"", ""9 Trail"": ""131.5 mm"", ""10 Fork feed"": ""44 mm"", ""11 Fork length"": ""571 mm"", ""12 Reach"": ""485 mm"", ""13 Stack"": ""644 mm""}",5799,false,https://berriabikes.com/en/products/nexxen-max-pro-e90-2027,https://berriabikes.com/en/products/nexxen-max-pro-e90-2027,html,2026-10-05
Berria,NEXXEN MAX [0f671138],NEXXEN MAX ESSENTIAL E70 ZEB,2027,emtb,S,S,,155,170,155-170 cm,cm,626,440,"{""(altura, fila sin etiqueta)"": ""155-170 cm"", ""1 Seat tube"": ""410 mm"", ""2 Horizontal tube"": ""579 mm"", ""3 Front angle"": ""64.5°"", ""4 Seat tube angle"": ""77°"", ""5 Wheelbase"": ""1228 mm"", ""6 Sheath"": ""456 mm"", ""7 Front tube"": ""110 mm"", ""8 Bottom bracket drop"": ""28 mm"", ""9 Trail"": ""131.5 mm"", ""10 Fork feed"": ""44 mm"", ""11 Fork length"": ""571 mm"", ""12 Reach"": ""440 mm"", ""13 Stack"": ""626 mm""}",4799,false,https://berriabikes.com/en/products/nexxen-max-essential-e70-zeb-2027,https://berriabikes.com/en/products/nexxen-max-essential-e70-zeb-2027,html,2026-10-05
Berria,NEXXEN MAX [0f671138],NEXXEN MAX ESSENTIAL E70 ZEB,2027,emtb,M,M,,170,185,170-185 cm,cm,635,460,"{""(altura, fila sin etiqueta)"": ""170-185 cm"", ""1 Seat tube"": ""440 mm"", ""2 Horizontal tube"": ""607 mm"", ""3 Front angle"": ""64.5°"", ""4 Seat tube angle"": ""77°"", ""5 Wheelbase"": ""1258 mm"", ""6 Sheath"": ""456 mm"", ""7 Front tube"": ""120 mm"", ""8 Bottom bracket drop"": ""28 mm"", ""9 Trail"": ""131.5 mm"", ""10 Fork feed"": ""44 mm"", ""11 Fork length"": ""571 mm"", ""12 Reach"": ""460 mm"", ""13 Stack"": ""635 mm""}",4799,false,https://berriabikes.com/en/products/nexxen-max-essential-e70-zeb-2027,https://berriabikes.com/en/products/nexxen-max-essential-e70-zeb-2027,html,2026-10-05
Berria,NEXXEN MAX [0f671138],NEXXEN MAX ESSENTIAL E70 ZEB,2027,emtb,L,L,,180,195,180-195 cm,cm,644,485,"{""(altura, fila sin etiqueta)"": ""180-195 cm"", ""1 Seat tube"": ""470 mm"", ""2 Horizontal tube"": ""637 mm"", ""3 Front angle"": ""64.5°"", ""4 Seat tube angle"": ""77°"", ""5 Wheelbase"": ""1287 mm"", ""6 Sheath"": ""456 mm"", ""7 Front tube"": ""130 mm"", ""8 Bottom bracket drop"": ""28 mm"", ""9 Trail"": ""131.5 mm"", ""10 Fork feed"": ""44 mm"", ""11 Fork length"": ""571 mm"", ""12 Reach"": ""485 mm"", ""13 Stack"": ""644 mm""}",4799,false,https://berriabikes.com/en/products/nexxen-max-essential-e70-zeb-2027,https://berriabikes.com/en/products/nexxen-max-essential-e70-zeb-2027,html,2026-10-05
Berria,NEXXEN MAX [0f671138],NEXXEN MAX ESSENTIAL E70 PSYLO,2027,emtb,S,S,,155,170,155-170 cm,cm,626,440,"{""(altura, fila sin etiqueta)"": ""155-170 cm"", ""1 Seat tube"": ""410 mm"", ""2 Horizontal tube"": ""579 mm"", ""3 Front angle"": ""64.5°"", ""4 Seat tube angle"": ""77°"", ""5 Wheelbase"": ""1228 mm"", ""6 Sheath"": ""456 mm"", ""7 Front tube"": ""110 mm"", ""8 Bottom bracket drop"": ""28 mm"", ""9 Trail"": ""131.5 mm"", ""10 Fork feed"": ""44 mm"", ""11 Fork length"": ""571 mm"", ""12 Reach"": ""440 mm"", ""13 Stack"": ""626 mm""}",4299,false,https://berriabikes.com/en/products/nexxen-max-essential-e70-psylo-2027,https://berriabikes.com/en/products/nexxen-max-essential-e70-psylo-2027,html,2026-10-05
Berria,NEXXEN MAX [0f671138],NEXXEN MAX ESSENTIAL E70 PSYLO,2027,emtb,M,M,,170,185,170-185 cm,cm,635,460,"{""(altura, fila sin etiqueta)"": ""170-185 cm"", ""1 Seat tube"": ""440 mm"", ""2 Horizontal tube"": ""607 mm"", ""3 Front angle"": ""64.5°"", ""4 Seat tube angle"": ""77°"", ""5 Wheelbase"": ""1258 mm"", ""6 Sheath"": ""456 mm"", ""7 Front tube"": ""120 mm"", ""8 Bottom bracket drop"": ""28 mm"", ""9 Trail"": ""131.5 mm"", ""10 Fork feed"": ""44 mm"", ""11 Fork length"": ""571 mm"", ""12 Reach"": ""460 mm"", ""13 Stack"": ""635 mm""}",4299,false,https://berriabikes.com/en/products/nexxen-max-essential-e70-psylo-2027,https://berriabikes.com/en/products/nexxen-max-essential-e70-psylo-2027,html,2026-10-05
Berria,NEXXEN MAX [0f671138],NEXXEN MAX ESSENTIAL E70 PSYLO,2027,emtb,L,L,,180,195,180-195 cm,cm,644,485,"{""(altura, fila sin etiqueta)"": ""180-195 cm"", ""1 Seat tube"": ""470 mm"", ""2 Horizontal tube"": ""637 mm"", ""3 Front angle"": ""64.5°"", ""4 Seat tube angle"": ""77°"", ""5 Wheelbase"": ""1287 mm"", ""6 Sheath"": ""456 mm"", ""7 Front tube"": ""130 mm"", ""8 Bottom bracket drop"": ""28 mm"", ""9 Trail"": ""131.5 mm"", ""10 Fork feed"": ""44 mm"", ""11 Fork length"": ""571 mm"", ""12 Reach"": ""485 mm"", ""13 Stack"": ""644 mm""}",4299,false,https://berriabikes.com/en/products/nexxen-max-essential-e70-psylo-2027,https://berriabikes.com/en/products/nexxen-max-essential-e70-psylo-2027,html,2026-10-05
