brand,family,model,model_year,category,size_label,size_normalized,size_cm,height_min,height_max,height_original,height_unit,stack,reach,geometry_raw,price_eur,price_is_from,product_url,source_url,extraction_method,loaded_at
BMC,Teammachine R 01 [4d7e8fa2],Teammachine R 01 One,,carretera,47,,47,,166,<166,cm,504,368,"{""Rider Height"": ""<166"", ""Reach"": ""368"", ""Stack"": ""504"", ""Bar Drop"": ""135"", ""Bar Reach"": ""81"", ""Bar Width"": ""370/420"", ""BB Drop"": ""69"", ""Crank Length"": ""165"", ""Fork Length"": ""367"", ""Fork Rake"": ""48"", ""Front Center"": ""568"", ""Head Tube"": ""108"", ""Head Tube Angle"": ""71.5°"", ""Rear Center"": ""410"", ""Seat Angle"": ""74°"", ""Seat Tube"": ""418"", ""Seatpost Length"": ""335"", ""Seatpost Offset"": ""0"", ""Standover Height"": ""721"", ""Stem Angle"": ""-17°"", ""Stem Length"": ""80"", ""Top Tube"": ""515"", ""Trail"": ""63"", ""Wheelbase"": ""968""}",12999,false,https://es.bmc-switzerland.com/es/products/teammachine-r-01-one-bikes-bmc-27a-000050,https://es.bmc-switzerland.com/es/products/teammachine-r-01-one-bikes-bmc-27a-000050,html,2026-10-05
BMC,Teammachine R 01 [4d7e8fa2],Teammachine R 01 One,,carretera,51,,51,166,174,166-174,cm,528,378,"{""Rider Height"": ""166-174"", ""Reach"": ""378"", ""Stack"": ""528"", ""Bar Drop"": ""135"", ""Bar Reach"": ""81"", ""Bar Width"": ""370/420"", ""BB Drop"": ""69"", ""Crank Length"": ""167.5"", ""Fork Length"": ""367"", ""Fork Rake"": ""48"", ""Front Center"": ""586"", ""Head Tube"": ""133"", ""Head Tube Angle"": ""71.5°"", ""Rear Center"": ""410"", ""Seat Angle"": ""74°"", ""Seat Tube"": ""463"", ""Seatpost Length"": ""335"", ""Seatpost Offset"": ""0"", ""Standover Height"": ""755"", ""Stem Angle"": ""-17°"", ""Stem Length"": ""90"", ""Top Tube"": ""532"", ""Trail"": ""63"", ""Wheelbase"": ""986""}",12999,false,https://es.bmc-switzerland.com/es/products/teammachine-r-01-one-bikes-bmc-27a-000050,https://es.bmc-switzerland.com/es/products/teammachine-r-01-one-bikes-bmc-27a-000050,html,2026-10-05
BMC,Teammachine R 01 [4d7e8fa2],Teammachine R 01 One,,carretera,54,,54,172,180,172-180,cm,548,387,"{""Rider Height"": ""172-180"", ""Reach"": ""387"", ""Stack"": ""548"", ""Bar Drop"": ""135"", ""Bar Reach"": ""81"", ""Bar Width"": ""390/440"", ""BB Drop"": ""69"", ""Crank Length"": ""170"", ""Fork Length"": ""367"", ""Fork Rake"": ""43"", ""Front Center"": ""589"", ""Head Tube"": ""149"", ""Head Tube Angle"": ""72.3°"", ""Rear Center"": ""410"", ""Seat Angle"": ""73.5°"", ""Seat Tube"": ""499"", ""Seatpost Length"": ""385"", ""Seatpost Offset"": ""10"", ""Standover Height"": ""781"", ""Stem Angle"": ""-17°"", ""Stem Length"": ""90"", ""Top Tube"": ""552"", ""Trail"": ""63"", ""Wheelbase"": ""989""}",12999,false,https://es.bmc-switzerland.com/es/products/teammachine-r-01-one-bikes-bmc-27a-000050,https://es.bmc-switzerland.com/es/products/teammachine-r-01-one-bikes-bmc-27a-000050,html,2026-10-05
BMC,Teammachine R 01 [4d7e8fa2],Teammachine R 01 One,,carretera,56,,56,178,186,178-186,cm,563,393,"{""Rider Height"": ""178-186"", ""Reach"": ""393"", ""Stack"": ""563"", ""Bar Drop"": ""135"", ""Bar Reach"": ""81"", ""Bar Width"": ""390/440"", ""BB Drop"": ""69"", ""Crank Length"": ""170"", ""Fork Length"": ""367"", ""Fork Rake"": ""43"", ""Front Center"": ""599"", ""Head Tube"": ""165"", ""Head Tube Angle"": ""72.3°"", ""Rear Center"": ""410"", ""Seat Angle"": ""73.5°"", ""Seat Tube"": ""519"", ""Seatpost Length"": ""385"", ""Seatpost Offset"": ""10"", ""Standover Height"": ""799"", ""Stem Angle"": ""-17°"", ""Stem Length"": ""100"", ""Top Tube"": ""562"", ""Trail"": ""63"", ""Wheelbase"": ""999""}",12999,false,https://es.bmc-switzerland.com/es/products/teammachine-r-01-one-bikes-bmc-27a-000050,https://es.bmc-switzerland.com/es/products/teammachine-r-01-one-bikes-bmc-27a-000050,html,2026-10-05
BMC,Teammachine R 01 [4d7e8fa2],Teammachine R 01 One,,carretera,58,,58,184,192,184-192,cm,582,402,"{""Rider Height"": ""184-192"", ""Reach"": ""402"", ""Stack"": ""582"", ""Bar Drop"": ""135"", ""Bar Reach"": ""81"", ""Bar Width"": ""390/440"", ""BB Drop"": ""69"", ""Crank Length"": ""172.5"", ""Fork Length"": ""367"", ""Fork Rake"": ""43"", ""Front Center"": ""614"", ""Head Tube"": ""184"", ""Head Tube Angle"": ""72.3°"", ""Rear Center"": ""410"", ""Seat Angle"": ""73°"", ""Seat Tube"": ""541"", ""Seatpost Length"": ""405"", ""Seatpost Offset"": ""10"", ""Standover Height"": ""813"", ""Stem Angle"": ""-17°"", ""Stem Length"": ""110"", ""Top Tube"": ""582"", ""Trail"": ""63"", ""Wheelbase"": ""1015""}",12999,false,https://es.bmc-switzerland.com/es/products/teammachine-r-01-one-bikes-bmc-27a-000050,https://es.bmc-switzerland.com/es/products/teammachine-r-01-one-bikes-bmc-27a-000050,html,2026-10-05
BMC,Teammachine R 01 [4d7e8fa2],Teammachine R 01 One,,carretera,61,,61,190,,>190,cm,608,409,"{""Rider Height"": "">190"", ""Reach"": ""409"", ""Stack"": ""608"", ""Bar Drop"": ""135"", ""Bar Reach"": ""81"", ""Bar Width"": ""390/440"", ""BB Drop"": ""69"", ""Crank Length"": ""172.5"", ""Fork Length"": ""367"", ""Fork Rake"": ""43"", ""Front Center"": ""630"", ""Head Tube"": ""211"", ""Head Tube Angle"": ""72.3°"", ""Rear Center"": ""410"", ""Seat Angle"": ""73°"", ""Seat Tube"": ""570"", ""Seatpost Length"": ""405"", ""Seatpost Offset"": ""10"", ""Standover Height"": ""836"", ""Stem Angle"": ""-17°"", ""Stem Length"": ""110"", ""Top Tube"": ""598"", ""Trail"": ""63"", ""Wheelbase"": ""1030""}",12999,false,https://es.bmc-switzerland.com/es/products/teammachine-r-01-one-bikes-bmc-27a-000050,https://es.bmc-switzerland.com/es/products/teammachine-r-01-one-bikes-bmc-27a-000050,html,2026-10-05
BMC,Teammachine R 01 [4d7e8fa2],Teammachine R 01 Two,,carretera,47,,47,,166,<166,cm,504,368,"{""Rider Height"": ""<166"", ""Reach"": ""368"", ""Stack"": ""504"", ""Bar Drop"": ""135"", ""Bar Reach"": ""81"", ""Bar Width"": ""370/420"", ""BB Drop"": ""69"", ""Crank Length"": ""165"", ""Fork Length"": ""367"", ""Fork Rake"": ""48"", ""Front Center"": ""568"", ""Head Tube"": ""108"", ""Head Tube Angle"": ""71.5°"", ""Rear Center"": ""410"", ""Seat Angle"": ""74°"", ""Seat Tube"": ""418"", ""Seatpost Length"": ""335"", ""Seatpost Offset"": ""0"", ""Standover Height"": ""721"", ""Stem Angle"": ""-17°"", ""Stem Length"": ""80"", ""Top Tube"": ""515"", ""Trail"": ""63"", ""Wheelbase"": ""968""}",11999,false,https://es.bmc-switzerland.com/es/products/teammachine-r-01-two-bikes-bmc-27a-000052,https://es.bmc-switzerland.com/es/products/teammachine-r-01-two-bikes-bmc-27a-000052,html,2026-10-05
BMC,Teammachine R 01 [4d7e8fa2],Teammachine R 01 Two,,carretera,51,,51,166,174,166-174,cm,528,378,"{""Rider Height"": ""166-174"", ""Reach"": ""378"", ""Stack"": ""528"", ""Bar Drop"": ""135"", ""Bar Reach"": ""81"", ""Bar Width"": ""370/420"", ""BB Drop"": ""69"", ""Crank Length"": ""167.5"", ""Fork Length"": ""367"", ""Fork Rake"": ""48"", ""Front Center"": ""586"", ""Head Tube"": ""133"", ""Head Tube Angle"": ""71.5°"", ""Rear Center"": ""410"", ""Seat Angle"": ""74°"", ""Seat Tube"": ""463"", ""Seatpost Length"": ""335"", ""Seatpost Offset"": ""0"", ""Standover Height"": ""755"", ""Stem Angle"": ""-17°"", ""Stem Length"": ""90"", ""Top Tube"": ""532"", ""Trail"": ""63"", ""Wheelbase"": ""986""}",11999,false,https://es.bmc-switzerland.com/es/products/teammachine-r-01-two-bikes-bmc-27a-000052,https://es.bmc-switzerland.com/es/products/teammachine-r-01-two-bikes-bmc-27a-000052,html,2026-10-05
BMC,Teammachine R 01 [4d7e8fa2],Teammachine R 01 Two,,carretera,54,,54,172,180,172-180,cm,548,387,"{""Rider Height"": ""172-180"", ""Reach"": ""387"", ""Stack"": ""548"", ""Bar Drop"": ""135"", ""Bar Reach"": ""81"", ""Bar Width"": ""390/440"", ""BB Drop"": ""69"", ""Crank Length"": ""170"", ""Fork Length"": ""367"", ""Fork Rake"": ""43"", ""Front Center"": ""589"", ""Head Tube"": ""149"", ""Head Tube Angle"": ""72.3°"", ""Rear Center"": ""410"", ""Seat Angle"": ""73.5°"", ""Seat Tube"": ""499"", ""Seatpost Length"": ""385"", ""Seatpost Offset"": ""10"", ""Standover Height"": ""781"", ""Stem Angle"": ""-17°"", ""Stem Length"": ""90"", ""Top Tube"": ""552"", ""Trail"": ""63"", ""Wheelbase"": ""989""}",11999,false,https://es.bmc-switzerland.com/es/products/teammachine-r-01-two-bikes-bmc-27a-000052,https://es.bmc-switzerland.com/es/products/teammachine-r-01-two-bikes-bmc-27a-000052,html,2026-10-05
BMC,Teammachine R 01 [4d7e8fa2],Teammachine R 01 Two,,carretera,56,,56,178,186,178-186,cm,563,393,"{""Rider Height"": ""178-186"", ""Reach"": ""393"", ""Stack"": ""563"", ""Bar Drop"": ""135"", ""Bar Reach"": ""81"", ""Bar Width"": ""390/440"", ""BB Drop"": ""69"", ""Crank Length"": ""170"", ""Fork Length"": ""367"", ""Fork Rake"": ""43"", ""Front Center"": ""599"", ""Head Tube"": ""165"", ""Head Tube Angle"": ""72.3°"", ""Rear Center"": ""410"", ""Seat Angle"": ""73.5°"", ""Seat Tube"": ""519"", ""Seatpost Length"": ""385"", ""Seatpost Offset"": ""10"", ""Standover Height"": ""799"", ""Stem Angle"": ""-17°"", ""Stem Length"": ""100"", ""Top Tube"": ""562"", ""Trail"": ""63"", ""Wheelbase"": ""999""}",11999,false,https://es.bmc-switzerland.com/es/products/teammachine-r-01-two-bikes-bmc-27a-000052,https://es.bmc-switzerland.com/es/products/teammachine-r-01-two-bikes-bmc-27a-000052,html,2026-10-05
BMC,Teammachine R 01 [4d7e8fa2],Teammachine R 01 Two,,carretera,58,,58,184,192,184-192,cm,582,402,"{""Rider Height"": ""184-192"", ""Reach"": ""402"", ""Stack"": ""582"", ""Bar Drop"": ""135"", ""Bar Reach"": ""81"", ""Bar Width"": ""390/440"", ""BB Drop"": ""69"", ""Crank Length"": ""172.5"", ""Fork Length"": ""367"", ""Fork Rake"": ""43"", ""Front Center"": ""614"", ""Head Tube"": ""184"", ""Head Tube Angle"": ""72.3°"", ""Rear Center"": ""410"", ""Seat Angle"": ""73°"", ""Seat Tube"": ""541"", ""Seatpost Length"": ""405"", ""Seatpost Offset"": ""10"", ""Standover Height"": ""813"", ""Stem Angle"": ""-17°"", ""Stem Length"": ""110"", ""Top Tube"": ""582"", ""Trail"": ""63"", ""Wheelbase"": ""1015""}",11999,false,https://es.bmc-switzerland.com/es/products/teammachine-r-01-two-bikes-bmc-27a-000052,https://es.bmc-switzerland.com/es/products/teammachine-r-01-two-bikes-bmc-27a-000052,html,2026-10-05
BMC,Teammachine R 01 [4d7e8fa2],Teammachine R 01 Two,,carretera,61,,61,190,,>190,cm,608,409,"{""Rider Height"": "">190"", ""Reach"": ""409"", ""Stack"": ""608"", ""Bar Drop"": ""135"", ""Bar Reach"": ""81"", ""Bar Width"": ""390/440"", ""BB Drop"": ""69"", ""Crank Length"": ""172.5"", ""Fork Length"": ""367"", ""Fork Rake"": ""43"", ""Front Center"": ""630"", ""Head Tube"": ""211"", ""Head Tube Angle"": ""72.3°"", ""Rear Center"": ""410"", ""Seat Angle"": ""73°"", ""Seat Tube"": ""570"", ""Seatpost Length"": ""405"", ""Seatpost Offset"": ""10"", ""Standover Height"": ""836"", ""Stem Angle"": ""-17°"", ""Stem Length"": ""110"", ""Top Tube"": ""598"", ""Trail"": ""63"", ""Wheelbase"": ""1030""}",11999,false,https://es.bmc-switzerland.com/es/products/teammachine-r-01-two-bikes-bmc-27a-000052,https://es.bmc-switzerland.com/es/products/teammachine-r-01-two-bikes-bmc-27a-000052,html,2026-10-05
BMC,Teammachine R 01 [4d7e8fa2],Teammachine R 01 Three,,carretera,47,,47,,166,<166,cm,504,368,"{""Rider Height"": ""<166"", ""Reach"": ""368"", ""Stack"": ""504"", ""Bar Drop"": ""135"", ""Bar Reach"": ""81"", ""Bar Width"": ""370/420"", ""BB Drop"": ""69"", ""Crank Length"": ""165"", ""Fork Length"": ""367"", ""Fork Rake"": ""48"", ""Front Center"": ""568"", ""Head Tube"": ""108"", ""Head Tube Angle"": ""71.5°"", ""Rear Center"": ""410"", ""Seat Angle"": ""74°"", ""Seat Tube"": ""418"", ""Seatpost Length"": ""335"", ""Seatpost Offset"": ""0"", ""Standover Height"": ""721"", ""Stem Angle"": ""-17°"", ""Stem Length"": ""80"", ""Top Tube"": ""515"", ""Trail"": ""63"", ""Wheelbase"": ""968""}",8499,false,https://es.bmc-switzerland.com/es/products/teammachine-r-01-three-bikes-bmc-27a-000051,https://es.bmc-switzerland.com/es/products/teammachine-r-01-three-bikes-bmc-27a-000051,html,2026-10-05
BMC,Teammachine R 01 [4d7e8fa2],Teammachine R 01 Three,,carretera,51,,51,166,174,166-174,cm,528,378,"{""Rider Height"": ""166-174"", ""Reach"": ""378"", ""Stack"": ""528"", ""Bar Drop"": ""135"", ""Bar Reach"": ""81"", ""Bar Width"": ""370/420"", ""BB Drop"": ""69"", ""Crank Length"": ""170"", ""Fork Length"": ""367"", ""Fork Rake"": ""48"", ""Front Center"": ""586"", ""Head Tube"": ""133"", ""Head Tube Angle"": ""71.5°"", ""Rear Center"": ""410"", ""Seat Angle"": ""74°"", ""Seat Tube"": ""463"", ""Seatpost Length"": ""335"", ""Seatpost Offset"": ""0"", ""Standover Height"": ""755"", ""Stem Angle"": ""-17°"", ""Stem Length"": ""90"", ""Top Tube"": ""532"", ""Trail"": ""63"", ""Wheelbase"": ""986""}",8499,false,https://es.bmc-switzerland.com/es/products/teammachine-r-01-three-bikes-bmc-27a-000051,https://es.bmc-switzerland.com/es/products/teammachine-r-01-three-bikes-bmc-27a-000051,html,2026-10-05
BMC,Teammachine R 01 [4d7e8fa2],Teammachine R 01 Three,,carretera,54,,54,172,180,172-180,cm,548,387,"{""Rider Height"": ""172-180"", ""Reach"": ""387"", ""Stack"": ""548"", ""Bar Drop"": ""135"", ""Bar Reach"": ""81"", ""Bar Width"": ""390/440"", ""BB Drop"": ""69"", ""Crank Length"": ""170"", ""Fork Length"": ""367"", ""Fork Rake"": ""43"", ""Front Center"": ""589"", ""Head Tube"": ""149"", ""Head Tube Angle"": ""72.3°"", ""Rear Center"": ""410"", ""Seat Angle"": ""73.5°"", ""Seat Tube"": ""499"", ""Seatpost Length"": ""385"", ""Seatpost Offset"": ""10"", ""Standover Height"": ""781"", ""Stem Angle"": ""-17°"", ""Stem Length"": ""90"", ""Top Tube"": ""552"", ""Trail"": ""63"", ""Wheelbase"": ""989""}",8499,false,https://es.bmc-switzerland.com/es/products/teammachine-r-01-three-bikes-bmc-27a-000051,https://es.bmc-switzerland.com/es/products/teammachine-r-01-three-bikes-bmc-27a-000051,html,2026-10-05
BMC,Teammachine R 01 [4d7e8fa2],Teammachine R 01 Three,,carretera,56,,56,178,186,178-186,cm,563,393,"{""Rider Height"": ""178-186"", ""Reach"": ""393"", ""Stack"": ""563"", ""Bar Drop"": ""135"", ""Bar Reach"": ""81"", ""Bar Width"": ""390/440"", ""BB Drop"": ""69"", ""Crank Length"": ""170"", ""Fork Length"": ""367"", ""Fork Rake"": ""43"", ""Front Center"": ""599"", ""Head Tube"": ""165"", ""Head Tube Angle"": ""72.3°"", ""Rear Center"": ""410"", ""Seat Angle"": ""73.5°"", ""Seat Tube"": ""519"", ""Seatpost Length"": ""385"", ""Seatpost Offset"": ""10"", ""Standover Height"": ""799"", ""Stem Angle"": ""-17°"", ""Stem Length"": ""100"", ""Top Tube"": ""562"", ""Trail"": ""63"", ""Wheelbase"": ""999""}",8499,false,https://es.bmc-switzerland.com/es/products/teammachine-r-01-three-bikes-bmc-27a-000051,https://es.bmc-switzerland.com/es/products/teammachine-r-01-three-bikes-bmc-27a-000051,html,2026-10-05
BMC,Teammachine R 01 [4d7e8fa2],Teammachine R 01 Three,,carretera,58,,58,184,192,184-192,cm,582,402,"{""Rider Height"": ""184-192"", ""Reach"": ""402"", ""Stack"": ""582"", ""Bar Drop"": ""135"", ""Bar Reach"": ""81"", ""Bar Width"": ""390/440"", ""BB Drop"": ""69"", ""Crank Length"": ""172.5"", ""Fork Length"": ""367"", ""Fork Rake"": ""43"", ""Front Center"": ""614"", ""Head Tube"": ""184"", ""Head Tube Angle"": ""72.3°"", ""Rear Center"": ""410"", ""Seat Angle"": ""73°"", ""Seat Tube"": ""541"", ""Seatpost Length"": ""405"", ""Seatpost Offset"": ""10"", ""Standover Height"": ""813"", ""Stem Angle"": ""-17°"", ""Stem Length"": ""110"", ""Top Tube"": ""582"", ""Trail"": ""63"", ""Wheelbase"": ""1015""}",8499,false,https://es.bmc-switzerland.com/es/products/teammachine-r-01-three-bikes-bmc-27a-000051,https://es.bmc-switzerland.com/es/products/teammachine-r-01-three-bikes-bmc-27a-000051,html,2026-10-05
BMC,Teammachine R 01 [4d7e8fa2],Teammachine R 01 Three,,carretera,61,,61,190,,>190,cm,608,409,"{""Rider Height"": "">190"", ""Reach"": ""409"", ""Stack"": ""608"", ""Bar Drop"": ""135"", ""Bar Reach"": ""81"", ""Bar Width"": ""390/440"", ""BB Drop"": ""69"", ""Crank Length"": ""172.5"", ""Fork Length"": ""367"", ""Fork Rake"": ""43"", ""Front Center"": ""630"", ""Head Tube"": ""211"", ""Head Tube Angle"": ""72.3°"", ""Rear Center"": ""410"", ""Seat Angle"": ""73°"", ""Seat Tube"": ""570"", ""Seatpost Length"": ""405"", ""Seatpost Offset"": ""10"", ""Standover Height"": ""836"", ""Stem Angle"": ""-17°"", ""Stem Length"": ""110"", ""Top Tube"": ""598"", ""Trail"": ""63"", ""Wheelbase"": ""1030""}",8499,false,https://es.bmc-switzerland.com/es/products/teammachine-r-01-three-bikes-bmc-27a-000051,https://es.bmc-switzerland.com/es/products/teammachine-r-01-three-bikes-bmc-27a-000051,html,2026-10-05
BMC,Teammachine R 01 [4d7e8fa2],Teammachine R 01 Four,,carretera,47,,47,,166,<166,cm,504,368,"{""Rider Height"": ""<166"", ""Reach"": ""368"", ""Stack"": ""504"", ""Bar Drop"": ""135"", ""Bar Reach"": ""81"", ""Bar Width"": ""370/420"", ""BB Drop"": ""69"", ""Crank Length"": ""165"", ""Fork Length"": ""367"", ""Fork Rake"": ""48"", ""Front Center"": ""568"", ""Head Tube"": ""108"", ""Head Tube Angle"": ""71.5°"", ""Rear Center"": ""410"", ""Seat Angle"": ""74°"", ""Seat Tube"": ""418"", ""Seatpost Length"": ""335"", ""Seatpost Offset"": ""0"", ""Standover Height"": ""721"", ""Stem Angle"": ""-17°"", ""Stem Length"": ""80"", ""Top Tube"": ""515"", ""Trail"": ""63"", ""Wheelbase"": ""968""}",7999,false,https://es.bmc-switzerland.com/es/products/teammachine-r-01-four-bikes-bmc-27a-000044,https://es.bmc-switzerland.com/es/products/teammachine-r-01-four-bikes-bmc-27a-000044,html,2026-10-05
BMC,Teammachine R 01 [4d7e8fa2],Teammachine R 01 Four,,carretera,51,,51,166,174,166-174,cm,528,378,"{""Rider Height"": ""166-174"", ""Reach"": ""378"", ""Stack"": ""528"", ""Bar Drop"": ""135"", ""Bar Reach"": ""81"", ""Bar Width"": ""370/420"", ""BB Drop"": ""69"", ""Crank Length"": ""170"", ""Fork Length"": ""367"", ""Fork Rake"": ""48"", ""Front Center"": ""586"", ""Head Tube"": ""133"", ""Head Tube Angle"": ""71.5°"", ""Rear Center"": ""410"", ""Seat Angle"": ""74°"", ""Seat Tube"": ""463"", ""Seatpost Length"": ""335"", ""Seatpost Offset"": ""0"", ""Standover Height"": ""755"", ""Stem Angle"": ""-17°"", ""Stem Length"": ""90"", ""Top Tube"": ""532"", ""Trail"": ""63"", ""Wheelbase"": ""986""}",7999,false,https://es.bmc-switzerland.com/es/products/teammachine-r-01-four-bikes-bmc-27a-000044,https://es.bmc-switzerland.com/es/products/teammachine-r-01-four-bikes-bmc-27a-000044,html,2026-10-05
BMC,Teammachine R 01 [4d7e8fa2],Teammachine R 01 Four,,carretera,54,,54,172,180,172-180,cm,548,387,"{""Rider Height"": ""172-180"", ""Reach"": ""387"", ""Stack"": ""548"", ""Bar Drop"": ""135"", ""Bar Reach"": ""81"", ""Bar Width"": ""390/440"", ""BB Drop"": ""69"", ""Crank Length"": ""170"", ""Fork Length"": ""367"", ""Fork Rake"": ""43"", ""Front Center"": ""589"", ""Head Tube"": ""149"", ""Head Tube Angle"": ""72.3°"", ""Rear Center"": ""410"", ""Seat Angle"": ""73.5°"", ""Seat Tube"": ""499"", ""Seatpost Length"": ""385"", ""Seatpost Offset"": ""10"", ""Standover Height"": ""781"", ""Stem Angle"": ""-17°"", ""Stem Length"": ""90"", ""Top Tube"": ""552"", ""Trail"": ""63"", ""Wheelbase"": ""989""}",7999,false,https://es.bmc-switzerland.com/es/products/teammachine-r-01-four-bikes-bmc-27a-000044,https://es.bmc-switzerland.com/es/products/teammachine-r-01-four-bikes-bmc-27a-000044,html,2026-10-05
BMC,Teammachine R 01 [4d7e8fa2],Teammachine R 01 Four,,carretera,56,,56,178,186,178-186,cm,563,393,"{""Rider Height"": ""178-186"", ""Reach"": ""393"", ""Stack"": ""563"", ""Bar Drop"": ""135"", ""Bar Reach"": ""81"", ""Bar Width"": ""390/440"", ""BB Drop"": ""69"", ""Crank Length"": ""170"", ""Fork Length"": ""367"", ""Fork Rake"": ""43"", ""Front Center"": ""599"", ""Head Tube"": ""165"", ""Head Tube Angle"": ""72.3°"", ""Rear Center"": ""410"", ""Seat Angle"": ""73.5°"", ""Seat Tube"": ""519"", ""Seatpost Length"": ""385"", ""Seatpost Offset"": ""10"", ""Standover Height"": ""799"", ""Stem Angle"": ""-17°"", ""Stem Length"": ""100"", ""Top Tube"": ""562"", ""Trail"": ""63"", ""Wheelbase"": ""999""}",7999,false,https://es.bmc-switzerland.com/es/products/teammachine-r-01-four-bikes-bmc-27a-000044,https://es.bmc-switzerland.com/es/products/teammachine-r-01-four-bikes-bmc-27a-000044,html,2026-10-05
BMC,Teammachine R 01 [4d7e8fa2],Teammachine R 01 Four,,carretera,58,,58,184,192,184-192,cm,582,402,"{""Rider Height"": ""184-192"", ""Reach"": ""402"", ""Stack"": ""582"", ""Bar Drop"": ""135"", ""Bar Reach"": ""81"", ""Bar Width"": ""390/440"", ""BB Drop"": ""69"", ""Crank Length"": ""172.5"", ""Fork Length"": ""367"", ""Fork Rake"": ""43"", ""Front Center"": ""614"", ""Head Tube"": ""184"", ""Head Tube Angle"": ""72.3°"", ""Rear Center"": ""410"", ""Seat Angle"": ""73°"", ""Seat Tube"": ""541"", ""Seatpost Length"": ""405"", ""Seatpost Offset"": ""10"", ""Standover Height"": ""813"", ""Stem Angle"": ""-17°"", ""Stem Length"": ""110"", ""Top Tube"": ""582"", ""Trail"": ""63"", ""Wheelbase"": ""1015""}",7999,false,https://es.bmc-switzerland.com/es/products/teammachine-r-01-four-bikes-bmc-27a-000044,https://es.bmc-switzerland.com/es/products/teammachine-r-01-four-bikes-bmc-27a-000044,html,2026-10-05
BMC,Teammachine R 01 [4d7e8fa2],Teammachine R 01 Four,,carretera,61,,61,190,,>190,cm,608,409,"{""Rider Height"": "">190"", ""Reach"": ""409"", ""Stack"": ""608"", ""Bar Drop"": ""135"", ""Bar Reach"": ""81"", ""Bar Width"": ""390/440"", ""BB Drop"": ""69"", ""Crank Length"": ""172.5"", ""Fork Length"": ""367"", ""Fork Rake"": ""43"", ""Front Center"": ""630"", ""Head Tube"": ""211"", ""Head Tube Angle"": ""72.3°"", ""Rear Center"": ""410"", ""Seat Angle"": ""73°"", ""Seat Tube"": ""570"", ""Seatpost Length"": ""405"", ""Seatpost Offset"": ""10"", ""Standover Height"": ""836"", ""Stem Angle"": ""-17°"", ""Stem Length"": ""110"", ""Top Tube"": ""598"", ""Trail"": ""63"", ""Wheelbase"": ""1030""}",7999,false,https://es.bmc-switzerland.com/es/products/teammachine-r-01-four-bikes-bmc-27a-000044,https://es.bmc-switzerland.com/es/products/teammachine-r-01-four-bikes-bmc-27a-000044,html,2026-10-05
BMC,Teammachine SLR 01 [953fe149],Teammachine SLR 01 One,,carretera,47,,47,,166,<166,cm,506,367,"{""Rider Height"": ""<166"", ""Reach"": ""367"", ""Stack"": ""506"", ""Bar Drop"": ""135"", ""Bar Reach"": ""81"", ""Bar Width"": ""370/420"", ""BB Drop"": ""69"", ""Crank Length"": ""165"", ""Fork Length"": ""369"", ""Fork Rake"": ""48"", ""Front Center"": ""568"", ""Head Tube"": ""108"", ""Head Tube Angle"": ""71.5°"", ""Rear Center"": ""410"", ""Seat Angle"": ""74°"", ""Seat Tube"": ""422"", ""Seatpost Length"": ""335"", ""Seatpost Offset"": ""0"", ""Standover Height"": ""717"", ""Stem Angle"": ""-17°"", ""Stem Length"": ""80"", ""Top Tube"": ""515"", ""Trail"": ""63"", ""Wheelbase"": ""968""}",12999,false,https://es.bmc-switzerland.com/es/products/teammachine-slr-01-one-bikes-bmc-27a-000030,https://es.bmc-switzerland.com/es/products/teammachine-slr-01-one-bikes-bmc-27a-000030,html,2026-10-05
BMC,Teammachine SLR 01 [953fe149],Teammachine SLR 01 One,,carretera,51,,51,166,174,166-174,cm,530,377,"{""Rider Height"": ""166-174"", ""Reach"": ""377"", ""Stack"": ""530"", ""Bar Drop"": ""135"", ""Bar Reach"": ""81"", ""Bar Width"": ""370/420"", ""BB Drop"": ""69"", ""Crank Length"": ""167.5"", ""Fork Length"": ""369"", ""Fork Rake"": ""48"", ""Front Center"": ""586"", ""Head Tube"": ""133"", ""Head Tube Angle"": ""71.5°"", ""Rear Center"": ""410"", ""Seat Angle"": ""74°"", ""Seat Tube"": ""464"", ""Seatpost Length"": ""335"", ""Seatpost Offset"": ""0"", ""Standover Height"": ""752"", ""Stem Angle"": ""-17°"", ""Stem Length"": ""90"", ""Top Tube"": ""532"", ""Trail"": ""63"", ""Wheelbase"": ""986""}",12999,false,https://es.bmc-switzerland.com/es/products/teammachine-slr-01-one-bikes-bmc-27a-000030,https://es.bmc-switzerland.com/es/products/teammachine-slr-01-one-bikes-bmc-27a-000030,html,2026-10-05
BMC,Teammachine SLR 01 [953fe149],Teammachine SLR 01 One,,carretera,54,,54,172,180,172-180,cm,550,386,"{""Rider Height"": ""172-180"", ""Reach"": ""386"", ""Stack"": ""550"", ""Bar Drop"": ""135"", ""Bar Reach"": ""81"", ""Bar Width"": ""390/440"", ""BB Drop"": ""69"", ""Crank Length"": ""170"", ""Fork Length"": ""369"", ""Fork Rake"": ""43"", ""Front Center"": ""589"", ""Head Tube"": ""149"", ""Head Tube Angle"": ""72.3°"", ""Rear Center"": ""410"", ""Seat Angle"": ""73.5°"", ""Seat Tube"": ""491"", ""Seatpost Length"": ""385"", ""Seatpost Offset"": ""10"", ""Standover Height"": ""779"", ""Stem Angle"": ""-17°"", ""Stem Length"": ""90"", ""Top Tube"": ""552"", ""Trail"": ""63"", ""Wheelbase"": ""989""}",12999,false,https://es.bmc-switzerland.com/es/products/teammachine-slr-01-one-bikes-bmc-27a-000030,https://es.bmc-switzerland.com/es/products/teammachine-slr-01-one-bikes-bmc-27a-000030,html,2026-10-05
BMC,Teammachine SLR 01 [953fe149],Teammachine SLR 01 One,,carretera,56,,56,178,186,178-186,cm,565,392,"{""Rider Height"": ""178-186"", ""Reach"": ""392"", ""Stack"": ""565"", ""Bar Drop"": ""135"", ""Bar Reach"": ""81"", ""Bar Width"": ""390/440"", ""BB Drop"": ""69"", ""Crank Length"": ""170"", ""Fork Length"": ""369"", ""Fork Rake"": ""43"", ""Front Center"": ""599"", ""Head Tube"": ""165"", ""Head Tube Angle"": ""72.3°"", ""Rear Center"": ""410"", ""Seat Angle"": ""73.5°"", ""Seat Tube"": ""509"", ""Seatpost Length"": ""385"", ""Seatpost Offset"": ""10"", ""Standover Height"": ""797"", ""Stem Angle"": ""-17°"", ""Stem Length"": ""100"", ""Top Tube"": ""562"", ""Trail"": ""63"", ""Wheelbase"": ""1000""}",12999,false,https://es.bmc-switzerland.com/es/products/teammachine-slr-01-one-bikes-bmc-27a-000030,https://es.bmc-switzerland.com/es/products/teammachine-slr-01-one-bikes-bmc-27a-000030,html,2026-10-05
BMC,Teammachine SLR 01 [953fe149],Teammachine SLR 01 One,,carretera,58,,58,184,192,184-192,cm,584,401,"{""Rider Height"": ""184-192"", ""Reach"": ""401"", ""Stack"": ""584"", ""Bar Drop"": ""135"", ""Bar Reach"": ""81"", ""Bar Width"": ""390/440"", ""BB Drop"": ""69"", ""Crank Length"": ""172.5"", ""Fork Length"": ""369"", ""Fork Rake"": ""43"", ""Front Center"": ""614"", ""Head Tube"": ""184"", ""Head Tube Angle"": ""72.3°"", ""Rear Center"": ""410"", ""Seat Angle"": ""73°"", ""Seat Tube"": ""530"", ""Seatpost Length"": ""405"", ""Seatpost Offset"": ""10"", ""Standover Height"": ""817"", ""Stem Angle"": ""-17°"", ""Stem Length"": ""110"", ""Top Tube"": ""582"", ""Trail"": ""63"", ""Wheelbase"": ""1015""}",12999,false,https://es.bmc-switzerland.com/es/products/teammachine-slr-01-one-bikes-bmc-27a-000030,https://es.bmc-switzerland.com/es/products/teammachine-slr-01-one-bikes-bmc-27a-000030,html,2026-10-05
BMC,Teammachine SLR 01 [953fe149],Teammachine SLR 01 One,,carretera,61,,61,190,,>190,cm,608,409,"{""Rider Height"": "">190"", ""Reach"": ""409"", ""Stack"": ""608"", ""Bar Drop"": ""135"", ""Bar Reach"": ""81"", ""Bar Width"": ""390/440"", ""BB Drop"": ""69"", ""Crank Length"": ""172.5"", ""Fork Length"": ""369"", ""Fork Rake"": ""43"", ""Front Center"": ""630"", ""Head Tube"": ""211"", ""Head Tube Angle"": ""72.3°"", ""Rear Center"": ""410"", ""Seat Angle"": ""73°"", ""Seat Tube"": ""555"", ""Seatpost Length"": ""405"", ""Seatpost Offset"": ""10"", ""Standover Height"": ""843"", ""Stem Angle"": ""-17°"", ""Stem Length"": ""110"", ""Top Tube"": ""598"", ""Trail"": ""63"", ""Wheelbase"": ""1030""}",12999,false,https://es.bmc-switzerland.com/es/products/teammachine-slr-01-one-bikes-bmc-27a-000030,https://es.bmc-switzerland.com/es/products/teammachine-slr-01-one-bikes-bmc-27a-000030,html,2026-10-05
BMC,Teammachine SLR 01 [953fe149],Teammachine SLR 01 Two,,carretera,47,,47,,166,<166,cm,506,367,"{""Rider Height"": ""<166"", ""Reach"": ""367"", ""Stack"": ""506"", ""Bar Drop"": ""135"", ""Bar Reach"": ""81"", ""Bar Width"": ""370/420"", ""BB Drop"": ""69"", ""Crank Length"": ""165"", ""Fork Length"": ""369"", ""Fork Rake"": ""48"", ""Front Center"": ""568"", ""Head Tube"": ""108"", ""Head Tube Angle"": ""71.5°"", ""Rear Center"": ""410"", ""Seat Angle"": ""74°"", ""Seat Tube"": ""422"", ""Seatpost Length"": ""335"", ""Seatpost Offset"": ""0"", ""Standover Height"": ""717"", ""Stem Angle"": ""-17°"", ""Stem Length"": ""80"", ""Top Tube"": ""515"", ""Trail"": ""63"", ""Wheelbase"": ""968""}",11999,false,https://es.bmc-switzerland.com/es/products/teammachine-slr-01-two-bikes-bmc-27a-000035,https://es.bmc-switzerland.com/es/products/teammachine-slr-01-two-bikes-bmc-27a-000035,html,2026-10-05
BMC,Teammachine SLR 01 [953fe149],Teammachine SLR 01 Two,,carretera,51,,51,166,174,166-174,cm,530,377,"{""Rider Height"": ""166-174"", ""Reach"": ""377"", ""Stack"": ""530"", ""Bar Drop"": ""135"", ""Bar Reach"": ""81"", ""Bar Width"": ""370/420"", ""BB Drop"": ""69"", ""Crank Length"": ""167.5"", ""Fork Length"": ""369"", ""Fork Rake"": ""48"", ""Front Center"": ""586"", ""Head Tube"": ""133"", ""Head Tube Angle"": ""71.5°"", ""Rear Center"": ""410"", ""Seat Angle"": ""74°"", ""Seat Tube"": ""464"", ""Seatpost Length"": ""335"", ""Seatpost Offset"": ""0"", ""Standover Height"": ""752"", ""Stem Angle"": ""-17°"", ""Stem Length"": ""90"", ""Top Tube"": ""532"", ""Trail"": ""63"", ""Wheelbase"": ""986""}",11999,false,https://es.bmc-switzerland.com/es/products/teammachine-slr-01-two-bikes-bmc-27a-000035,https://es.bmc-switzerland.com/es/products/teammachine-slr-01-two-bikes-bmc-27a-000035,html,2026-10-05
BMC,Teammachine SLR 01 [953fe149],Teammachine SLR 01 Two,,carretera,54,,54,172,180,172-180,cm,550,386,"{""Rider Height"": ""172-180"", ""Reach"": ""386"", ""Stack"": ""550"", ""Bar Drop"": ""135"", ""Bar Reach"": ""81"", ""Bar Width"": ""390/440"", ""BB Drop"": ""69"", ""Crank Length"": ""170"", ""Fork Length"": ""369"", ""Fork Rake"": ""43"", ""Front Center"": ""589"", ""Head Tube"": ""149"", ""Head Tube Angle"": ""72.3°"", ""Rear Center"": ""410"", ""Seat Angle"": ""73.5°"", ""Seat Tube"": ""491"", ""Seatpost Length"": ""385"", ""Seatpost Offset"": ""10"", ""Standover Height"": ""779"", ""Stem Angle"": ""-17°"", ""Stem Length"": ""90"", ""Top Tube"": ""552"", ""Trail"": ""63"", ""Wheelbase"": ""989""}",11999,false,https://es.bmc-switzerland.com/es/products/teammachine-slr-01-two-bikes-bmc-27a-000035,https://es.bmc-switzerland.com/es/products/teammachine-slr-01-two-bikes-bmc-27a-000035,html,2026-10-05
BMC,Teammachine SLR 01 [953fe149],Teammachine SLR 01 Two,,carretera,56,,56,178,186,178-186,cm,565,392,"{""Rider Height"": ""178-186"", ""Reach"": ""392"", ""Stack"": ""565"", ""Bar Drop"": ""135"", ""Bar Reach"": ""81"", ""Bar Width"": ""390/440"", ""BB Drop"": ""69"", ""Crank Length"": ""170"", ""Fork Length"": ""369"", ""Fork Rake"": ""43"", ""Front Center"": ""599"", ""Head Tube"": ""165"", ""Head Tube Angle"": ""72.3°"", ""Rear Center"": ""410"", ""Seat Angle"": ""73.5°"", ""Seat Tube"": ""509"", ""Seatpost Length"": ""385"", ""Seatpost Offset"": ""10"", ""Standover Height"": ""797"", ""Stem Angle"": ""-17°"", ""Stem Length"": ""100"", ""Top Tube"": ""562"", ""Trail"": ""63"", ""Wheelbase"": ""1000""}",11999,false,https://es.bmc-switzerland.com/es/products/teammachine-slr-01-two-bikes-bmc-27a-000035,https://es.bmc-switzerland.com/es/products/teammachine-slr-01-two-bikes-bmc-27a-000035,html,2026-10-05
BMC,Teammachine SLR 01 [953fe149],Teammachine SLR 01 Two,,carretera,58,,58,184,192,184-192,cm,584,401,"{""Rider Height"": ""184-192"", ""Reach"": ""401"", ""Stack"": ""584"", ""Bar Drop"": ""135"", ""Bar Reach"": ""81"", ""Bar Width"": ""390/440"", ""BB Drop"": ""69"", ""Crank Length"": ""172.5"", ""Fork Length"": ""369"", ""Fork Rake"": ""43"", ""Front Center"": ""614"", ""Head Tube"": ""184"", ""Head Tube Angle"": ""72.3°"", ""Rear Center"": ""410"", ""Seat Angle"": ""73°"", ""Seat Tube"": ""530"", ""Seatpost Length"": ""405"", ""Seatpost Offset"": ""10"", ""Standover Height"": ""817"", ""Stem Angle"": ""-17°"", ""Stem Length"": ""110"", ""Top Tube"": ""582"", ""Trail"": ""63"", ""Wheelbase"": ""1015""}",11999,false,https://es.bmc-switzerland.com/es/products/teammachine-slr-01-two-bikes-bmc-27a-000035,https://es.bmc-switzerland.com/es/products/teammachine-slr-01-two-bikes-bmc-27a-000035,html,2026-10-05
BMC,Teammachine SLR 01 [953fe149],Teammachine SLR 01 Two,,carretera,61,,61,190,,>190,cm,608,409,"{""Rider Height"": "">190"", ""Reach"": ""409"", ""Stack"": ""608"", ""Bar Drop"": ""135"", ""Bar Reach"": ""81"", ""Bar Width"": ""390/440"", ""BB Drop"": ""69"", ""Crank Length"": ""172.5"", ""Fork Length"": ""369"", ""Fork Rake"": ""43"", ""Front Center"": ""630"", ""Head Tube"": ""211"", ""Head Tube Angle"": ""72.3°"", ""Rear Center"": ""410"", ""Seat Angle"": ""73°"", ""Seat Tube"": ""555"", ""Seatpost Length"": ""405"", ""Seatpost Offset"": ""10"", ""Standover Height"": ""843"", ""Stem Angle"": ""-17°"", ""Stem Length"": ""110"", ""Top Tube"": ""598"", ""Trail"": ""63"", ""Wheelbase"": ""1030""}",11999,false,https://es.bmc-switzerland.com/es/products/teammachine-slr-01-two-bikes-bmc-27a-000035,https://es.bmc-switzerland.com/es/products/teammachine-slr-01-two-bikes-bmc-27a-000035,html,2026-10-05
BMC,Teammachine SLR 01 [953fe149],Teammachine SLR 01 Three,,carretera,47,,47,,166,<166,cm,506,367,"{""Rider Height"": ""<166"", ""Reach"": ""367"", ""Stack"": ""506"", ""Bar Drop"": ""135"", ""Bar Reach"": ""81"", ""Bar Width"": ""370/420"", ""BB Drop"": ""69"", ""Crank Length"": ""165"", ""Fork Length"": ""369"", ""Fork Rake"": ""48"", ""Front Center"": ""568"", ""Head Tube"": ""108"", ""Head Tube Angle"": ""71.5°"", ""Rear Center"": ""410"", ""Seat Angle"": ""74°"", ""Seat Tube"": ""422"", ""Seatpost Length"": ""335"", ""Seatpost Offset"": ""0"", ""Standover Height"": ""717"", ""Stem Angle"": ""-17°"", ""Stem Length"": ""80"", ""Top Tube"": ""515"", ""Trail"": ""63"", ""Wheelbase"": ""968""}",8499,false,https://es.bmc-switzerland.com/es/products/teammachine-slr-01-three-bikes-bmc-27a-000034,https://es.bmc-switzerland.com/es/products/teammachine-slr-01-three-bikes-bmc-27a-000034,html,2026-10-05
BMC,Teammachine SLR 01 [953fe149],Teammachine SLR 01 Three,,carretera,51,,51,166,174,166-174,cm,530,377,"{""Rider Height"": ""166-174"", ""Reach"": ""377"", ""Stack"": ""530"", ""Bar Drop"": ""135"", ""Bar Reach"": ""81"", ""Bar Width"": ""370/420"", ""BB Drop"": ""69"", ""Crank Length"": ""170"", ""Fork Length"": ""369"", ""Fork Rake"": ""48"", ""Front Center"": ""586"", ""Head Tube"": ""133"", ""Head Tube Angle"": ""71.5°"", ""Rear Center"": ""410"", ""Seat Angle"": ""74°"", ""Seat Tube"": ""464"", ""Seatpost Length"": ""335"", ""Seatpost Offset"": ""0"", ""Standover Height"": ""752"", ""Stem Angle"": ""-17°"", ""Stem Length"": ""90"", ""Top Tube"": ""532"", ""Trail"": ""63"", ""Wheelbase"": ""986""}",8499,false,https://es.bmc-switzerland.com/es/products/teammachine-slr-01-three-bikes-bmc-27a-000034,https://es.bmc-switzerland.com/es/products/teammachine-slr-01-three-bikes-bmc-27a-000034,html,2026-10-05
BMC,Teammachine SLR 01 [953fe149],Teammachine SLR 01 Three,,carretera,54,,54,172,180,172-180,cm,550,386,"{""Rider Height"": ""172-180"", ""Reach"": ""386"", ""Stack"": ""550"", ""Bar Drop"": ""135"", ""Bar Reach"": ""81"", ""Bar Width"": ""390/440"", ""BB Drop"": ""69"", ""Crank Length"": ""170"", ""Fork Length"": ""369"", ""Fork Rake"": ""43"", ""Front Center"": ""589"", ""Head Tube"": ""149"", ""Head Tube Angle"": ""72.3°"", ""Rear Center"": ""410"", ""Seat Angle"": ""73.5°"", ""Seat Tube"": ""491"", ""Seatpost Length"": ""385"", ""Seatpost Offset"": ""10"", ""Standover Height"": ""779"", ""Stem Angle"": ""-17°"", ""Stem Length"": ""90"", ""Top Tube"": ""552"", ""Trail"": ""63"", ""Wheelbase"": ""989""}",8499,false,https://es.bmc-switzerland.com/es/products/teammachine-slr-01-three-bikes-bmc-27a-000034,https://es.bmc-switzerland.com/es/products/teammachine-slr-01-three-bikes-bmc-27a-000034,html,2026-10-05
BMC,Teammachine SLR 01 [953fe149],Teammachine SLR 01 Three,,carretera,56,,56,178,186,178-186,cm,565,392,"{""Rider Height"": ""178-186"", ""Reach"": ""392"", ""Stack"": ""565"", ""Bar Drop"": ""135"", ""Bar Reach"": ""81"", ""Bar Width"": ""390/440"", ""BB Drop"": ""69"", ""Crank Length"": ""170"", ""Fork Length"": ""369"", ""Fork Rake"": ""43"", ""Front Center"": ""599"", ""Head Tube"": ""165"", ""Head Tube Angle"": ""72.3°"", ""Rear Center"": ""410"", ""Seat Angle"": ""73.5°"", ""Seat Tube"": ""509"", ""Seatpost Length"": ""385"", ""Seatpost Offset"": ""10"", ""Standover Height"": ""797"", ""Stem Angle"": ""-17°"", ""Stem Length"": ""100"", ""Top Tube"": ""562"", ""Trail"": ""63"", ""Wheelbase"": ""1000""}",8499,false,https://es.bmc-switzerland.com/es/products/teammachine-slr-01-three-bikes-bmc-27a-000034,https://es.bmc-switzerland.com/es/products/teammachine-slr-01-three-bikes-bmc-27a-000034,html,2026-10-05
BMC,Teammachine SLR 01 [953fe149],Teammachine SLR 01 Three,,carretera,58,,58,184,192,184-192,cm,584,401,"{""Rider Height"": ""184-192"", ""Reach"": ""401"", ""Stack"": ""584"", ""Bar Drop"": ""135"", ""Bar Reach"": ""81"", ""Bar Width"": ""390/440"", ""BB Drop"": ""69"", ""Crank Length"": ""172.5"", ""Fork Length"": ""369"", ""Fork Rake"": ""43"", ""Front Center"": ""614"", ""Head Tube"": ""184"", ""Head Tube Angle"": ""72.3°"", ""Rear Center"": ""410"", ""Seat Angle"": ""73°"", ""Seat Tube"": ""530"", ""Seatpost Length"": ""405"", ""Seatpost Offset"": ""10"", ""Standover Height"": ""817"", ""Stem Angle"": ""-17°"", ""Stem Length"": ""110"", ""Top Tube"": ""582"", ""Trail"": ""63"", ""Wheelbase"": ""1015""}",8499,false,https://es.bmc-switzerland.com/es/products/teammachine-slr-01-three-bikes-bmc-27a-000034,https://es.bmc-switzerland.com/es/products/teammachine-slr-01-three-bikes-bmc-27a-000034,html,2026-10-05
BMC,Teammachine SLR 01 [953fe149],Teammachine SLR 01 Three,,carretera,61,,61,190,,>190,cm,608,409,"{""Rider Height"": "">190"", ""Reach"": ""409"", ""Stack"": ""608"", ""Bar Drop"": ""135"", ""Bar Reach"": ""81"", ""Bar Width"": ""390/440"", ""BB Drop"": ""69"", ""Crank Length"": ""172.5"", ""Fork Length"": ""369"", ""Fork Rake"": ""43"", ""Front Center"": ""630"", ""Head Tube"": ""211"", ""Head Tube Angle"": ""72.3°"", ""Rear Center"": ""410"", ""Seat Angle"": ""73°"", ""Seat Tube"": ""555"", ""Seatpost Length"": ""405"", ""Seatpost Offset"": ""10"", ""Standover Height"": ""843"", ""Stem Angle"": ""-17°"", ""Stem Length"": ""110"", ""Top Tube"": ""598"", ""Trail"": ""63"", ""Wheelbase"": ""1030""}",8499,false,https://es.bmc-switzerland.com/es/products/teammachine-slr-01-three-bikes-bmc-27a-000034,https://es.bmc-switzerland.com/es/products/teammachine-slr-01-three-bikes-bmc-27a-000034,html,2026-10-05
BMC,Teammachine SLR 01 [20577c6c],Teammachine SLR 01 Four,,carretera,47,,47,,166,<166,cm,506,367,"{""Rider Height"": ""<166"", ""Reach"": ""367"", ""Stack"": ""506"", ""Bar Drop"": ""127"", ""Bar Reach"": ""68"", ""Bar Width"": ""400/436"", ""BB Drop"": ""69"", ""Crank Length"": ""165"", ""Fork Length"": ""369"", ""Fork Rake"": ""48"", ""Front Center"": ""568"", ""Head Tube"": ""108"", ""Head Tube Angle"": ""71.5°"", ""Rear Center"": ""410"", ""Seat Angle"": ""74°"", ""Seat Tube"": ""422"", ""Seatpost Length"": ""335"", ""Seatpost Offset"": ""0"", ""Standover Height"": ""717"", ""Stem Angle"": ""-12°"", ""Stem Length"": ""70"", ""Top Tube"": ""515"", ""Trail"": ""63"", ""Wheelbase"": ""968""}",8999,false,https://es.bmc-switzerland.com/es/products/teammachine-slr-01-four-bikes-bmc-27a-000024,https://es.bmc-switzerland.com/es/products/teammachine-slr-01-four-bikes-bmc-27a-000024,html,2026-10-05
BMC,Teammachine SLR 01 [20577c6c],Teammachine SLR 01 Four,,carretera,51,,51,166,174,166-174,cm,530,377,"{""Rider Height"": ""166-174"", ""Reach"": ""377"", ""Stack"": ""530"", ""Bar Drop"": ""127"", ""Bar Reach"": ""68"", ""Bar Width"": ""400/436"", ""BB Drop"": ""69"", ""Crank Length"": ""167.5"", ""Fork Length"": ""369"", ""Fork Rake"": ""48"", ""Front Center"": ""586"", ""Head Tube"": ""133"", ""Head Tube Angle"": ""71.5°"", ""Rear Center"": ""410"", ""Seat Angle"": ""74°"", ""Seat Tube"": ""464"", ""Seatpost Length"": ""335"", ""Seatpost Offset"": ""0"", ""Standover Height"": ""752"", ""Stem Angle"": ""-12°"", ""Stem Length"": ""90"", ""Top Tube"": ""532"", ""Trail"": ""63"", ""Wheelbase"": ""986""}",8999,false,https://es.bmc-switzerland.com/es/products/teammachine-slr-01-four-bikes-bmc-27a-000024,https://es.bmc-switzerland.com/es/products/teammachine-slr-01-four-bikes-bmc-27a-000024,html,2026-10-05
BMC,Teammachine SLR 01 [20577c6c],Teammachine SLR 01 Four,,carretera,54,,54,172,180,172-180,cm,550,386,"{""Rider Height"": ""172-180"", ""Reach"": ""386"", ""Stack"": ""550"", ""Bar Drop"": ""127"", ""Bar Reach"": ""68"", ""Bar Width"": ""400/436"", ""BB Drop"": ""69"", ""Crank Length"": ""170"", ""Fork Length"": ""369"", ""Fork Rake"": ""43"", ""Front Center"": ""589"", ""Head Tube"": ""149"", ""Head Tube Angle"": ""72.3°"", ""Rear Center"": ""410"", ""Seat Angle"": ""73.5°"", ""Seat Tube"": ""491"", ""Seatpost Length"": ""385"", ""Seatpost Offset"": ""10"", ""Standover Height"": ""779"", ""Stem Angle"": ""-12°"", ""Stem Length"": ""90"", ""Top Tube"": ""552"", ""Trail"": ""63"", ""Wheelbase"": ""989""}",8999,false,https://es.bmc-switzerland.com/es/products/teammachine-slr-01-four-bikes-bmc-27a-000024,https://es.bmc-switzerland.com/es/products/teammachine-slr-01-four-bikes-bmc-27a-000024,html,2026-10-05
BMC,Teammachine SLR 01 [20577c6c],Teammachine SLR 01 Four,,carretera,56,,56,178,186,178-186,cm,565,392,"{""Rider Height"": ""178-186"", ""Reach"": ""392"", ""Stack"": ""565"", ""Bar Drop"": ""127"", ""Bar Reach"": ""68"", ""Bar Width"": ""400/436"", ""BB Drop"": ""69"", ""Crank Length"": ""170"", ""Fork Length"": ""369"", ""Fork Rake"": ""43"", ""Front Center"": ""599"", ""Head Tube"": ""165"", ""Head Tube Angle"": ""72.3°"", ""Rear Center"": ""410"", ""Seat Angle"": ""73.5°"", ""Seat Tube"": ""509"", ""Seatpost Length"": ""385"", ""Seatpost Offset"": ""10"", ""Standover Height"": ""797"", ""Stem Angle"": ""-12°"", ""Stem Length"": ""100"", ""Top Tube"": ""562"", ""Trail"": ""63"", ""Wheelbase"": ""1000""}",8999,false,https://es.bmc-switzerland.com/es/products/teammachine-slr-01-four-bikes-bmc-27a-000024,https://es.bmc-switzerland.com/es/products/teammachine-slr-01-four-bikes-bmc-27a-000024,html,2026-10-05
BMC,Teammachine SLR 01 [20577c6c],Teammachine SLR 01 Four,,carretera,58,,58,184,192,184-192,cm,584,401,"{""Rider Height"": ""184-192"", ""Reach"": ""401"", ""Stack"": ""584"", ""Bar Drop"": ""127"", ""Bar Reach"": ""68"", ""Bar Width"": ""400/436"", ""BB Drop"": ""69"", ""Crank Length"": ""172.5"", ""Fork Length"": ""369"", ""Fork Rake"": ""43"", ""Front Center"": ""614"", ""Head Tube"": ""184"", ""Head Tube Angle"": ""72.3°"", ""Rear Center"": ""410"", ""Seat Angle"": ""73°"", ""Seat Tube"": ""530"", ""Seatpost Length"": ""405"", ""Seatpost Offset"": ""10"", ""Standover Height"": ""817"", ""Stem Angle"": ""-12°"", ""Stem Length"": ""110"", ""Top Tube"": ""582"", ""Trail"": ""63"", ""Wheelbase"": ""1015""}",8999,false,https://es.bmc-switzerland.com/es/products/teammachine-slr-01-four-bikes-bmc-27a-000024,https://es.bmc-switzerland.com/es/products/teammachine-slr-01-four-bikes-bmc-27a-000024,html,2026-10-05
BMC,Teammachine SLR 01 [20577c6c],Teammachine SLR 01 Four,,carretera,61,,61,190,,>190,cm,608,409,"{""Rider Height"": "">190"", ""Reach"": ""409"", ""Stack"": ""608"", ""Bar Drop"": ""127"", ""Bar Reach"": ""68"", ""Bar Width"": ""400/436"", ""BB Drop"": ""69"", ""Crank Length"": ""172.5"", ""Fork Length"": ""369"", ""Fork Rake"": ""43"", ""Front Center"": ""630"", ""Head Tube"": ""211"", ""Head Tube Angle"": ""72.3°"", ""Rear Center"": ""410"", ""Seat Angle"": ""73°"", ""Seat Tube"": ""555"", ""Seatpost Length"": ""405"", ""Seatpost Offset"": ""10"", ""Standover Height"": ""843"", ""Stem Angle"": ""-12°"", ""Stem Length"": ""110"", ""Top Tube"": ""598"", ""Trail"": ""63"", ""Wheelbase"": ""1030""}",8999,false,https://es.bmc-switzerland.com/es/products/teammachine-slr-01-four-bikes-bmc-27a-000024,https://es.bmc-switzerland.com/es/products/teammachine-slr-01-four-bikes-bmc-27a-000024,html,2026-10-05
BMC,Teammachine SLR 01 [20577c6c],Teammachine SLR 01 Five,,carretera,47,,47,,166,<166,cm,506,367,"{""Rider Height"": ""<166"", ""Reach"": ""367"", ""Stack"": ""506"", ""Bar Drop"": ""127"", ""Bar Reach"": ""68"", ""Bar Width"": ""400/436"", ""BB Drop"": ""69"", ""Crank Length"": ""165"", ""Fork Length"": ""369"", ""Fork Rake"": ""48"", ""Front Center"": ""568"", ""Head Tube"": ""108"", ""Head Tube Angle"": ""71.5°"", ""Rear Center"": ""410"", ""Seat Angle"": ""74°"", ""Seat Tube"": ""422"", ""Seatpost Length"": ""335"", ""Seatpost Offset"": ""0"", ""Standover Height"": ""717"", ""Stem Angle"": ""-12°"", ""Stem Length"": ""70"", ""Top Tube"": ""515"", ""Trail"": ""63"", ""Wheelbase"": ""968""}",7499,false,https://es.bmc-switzerland.com/es/products/teammachine-slr-01-five-bikes-bmc-27a-000019,https://es.bmc-switzerland.com/es/products/teammachine-slr-01-five-bikes-bmc-27a-000019,html,2026-10-05
BMC,Teammachine SLR 01 [20577c6c],Teammachine SLR 01 Five,,carretera,51,,51,166,174,166-174,cm,530,377,"{""Rider Height"": ""166-174"", ""Reach"": ""377"", ""Stack"": ""530"", ""Bar Drop"": ""127"", ""Bar Reach"": ""68"", ""Bar Width"": ""400/436"", ""BB Drop"": ""69"", ""Crank Length"": ""170"", ""Fork Length"": ""369"", ""Fork Rake"": ""48"", ""Front Center"": ""586"", ""Head Tube"": ""133"", ""Head Tube Angle"": ""71.5°"", ""Rear Center"": ""410"", ""Seat Angle"": ""74°"", ""Seat Tube"": ""464"", ""Seatpost Length"": ""335"", ""Seatpost Offset"": ""0"", ""Standover Height"": ""752"", ""Stem Angle"": ""-12°"", ""Stem Length"": ""90"", ""Top Tube"": ""532"", ""Trail"": ""63"", ""Wheelbase"": ""986""}",7499,false,https://es.bmc-switzerland.com/es/products/teammachine-slr-01-five-bikes-bmc-27a-000019,https://es.bmc-switzerland.com/es/products/teammachine-slr-01-five-bikes-bmc-27a-000019,html,2026-10-05
BMC,Teammachine SLR 01 [20577c6c],Teammachine SLR 01 Five,,carretera,54,,54,172,180,172-180,cm,550,386,"{""Rider Height"": ""172-180"", ""Reach"": ""386"", ""Stack"": ""550"", ""Bar Drop"": ""127"", ""Bar Reach"": ""68"", ""Bar Width"": ""400/436"", ""BB Drop"": ""69"", ""Crank Length"": ""170"", ""Fork Length"": ""369"", ""Fork Rake"": ""43"", ""Front Center"": ""589"", ""Head Tube"": ""149"", ""Head Tube Angle"": ""72.3°"", ""Rear Center"": ""410"", ""Seat Angle"": ""73.5°"", ""Seat Tube"": ""491"", ""Seatpost Length"": ""385"", ""Seatpost Offset"": ""10"", ""Standover Height"": ""779"", ""Stem Angle"": ""-12°"", ""Stem Length"": ""90"", ""Top Tube"": ""552"", ""Trail"": ""63"", ""Wheelbase"": ""989""}",7499,false,https://es.bmc-switzerland.com/es/products/teammachine-slr-01-five-bikes-bmc-27a-000019,https://es.bmc-switzerland.com/es/products/teammachine-slr-01-five-bikes-bmc-27a-000019,html,2026-10-05
BMC,Teammachine SLR 01 [20577c6c],Teammachine SLR 01 Five,,carretera,56,,56,178,186,178-186,cm,565,392,"{""Rider Height"": ""178-186"", ""Reach"": ""392"", ""Stack"": ""565"", ""Bar Drop"": ""127"", ""Bar Reach"": ""68"", ""Bar Width"": ""400/436"", ""BB Drop"": ""69"", ""Crank Length"": ""170"", ""Fork Length"": ""369"", ""Fork Rake"": ""43"", ""Front Center"": ""599"", ""Head Tube"": ""165"", ""Head Tube Angle"": ""72.3°"", ""Rear Center"": ""410"", ""Seat Angle"": ""73.5°"", ""Seat Tube"": ""509"", ""Seatpost Length"": ""385"", ""Seatpost Offset"": ""10"", ""Standover Height"": ""797"", ""Stem Angle"": ""-12°"", ""Stem Length"": ""100"", ""Top Tube"": ""562"", ""Trail"": ""63"", ""Wheelbase"": ""1000""}",7499,false,https://es.bmc-switzerland.com/es/products/teammachine-slr-01-five-bikes-bmc-27a-000019,https://es.bmc-switzerland.com/es/products/teammachine-slr-01-five-bikes-bmc-27a-000019,html,2026-10-05
BMC,Teammachine SLR 01 [20577c6c],Teammachine SLR 01 Five,,carretera,58,,58,184,192,184-192,cm,584,401,"{""Rider Height"": ""184-192"", ""Reach"": ""401"", ""Stack"": ""584"", ""Bar Drop"": ""127"", ""Bar Reach"": ""68"", ""Bar Width"": ""400/436"", ""BB Drop"": ""69"", ""Crank Length"": ""172.5"", ""Fork Length"": ""369"", ""Fork Rake"": ""43"", ""Front Center"": ""614"", ""Head Tube"": ""184"", ""Head Tube Angle"": ""72.3°"", ""Rear Center"": ""410"", ""Seat Angle"": ""73°"", ""Seat Tube"": ""530"", ""Seatpost Length"": ""405"", ""Seatpost Offset"": ""10"", ""Standover Height"": ""817"", ""Stem Angle"": ""-12°"", ""Stem Length"": ""110"", ""Top Tube"": ""582"", ""Trail"": ""63"", ""Wheelbase"": ""1015""}",7499,false,https://es.bmc-switzerland.com/es/products/teammachine-slr-01-five-bikes-bmc-27a-000019,https://es.bmc-switzerland.com/es/products/teammachine-slr-01-five-bikes-bmc-27a-000019,html,2026-10-05
BMC,Teammachine SLR 01 [20577c6c],Teammachine SLR 01 Five,,carretera,61,,61,190,,>190,cm,608,409,"{""Rider Height"": "">190"", ""Reach"": ""409"", ""Stack"": ""608"", ""Bar Drop"": ""127"", ""Bar Reach"": ""68"", ""Bar Width"": ""400/436"", ""BB Drop"": ""69"", ""Crank Length"": ""172.5"", ""Fork Length"": ""369"", ""Fork Rake"": ""43"", ""Front Center"": ""630"", ""Head Tube"": ""211"", ""Head Tube Angle"": ""72.3°"", ""Rear Center"": ""410"", ""Seat Angle"": ""73°"", ""Seat Tube"": ""555"", ""Seatpost Length"": ""405"", ""Seatpost Offset"": ""10"", ""Standover Height"": ""843"", ""Stem Angle"": ""-12°"", ""Stem Length"": ""110"", ""Top Tube"": ""598"", ""Trail"": ""63"", ""Wheelbase"": ""1030""}",7499,false,https://es.bmc-switzerland.com/es/products/teammachine-slr-01-five-bikes-bmc-27a-000019,https://es.bmc-switzerland.com/es/products/teammachine-slr-01-five-bikes-bmc-27a-000019,html,2026-10-05
BMC,Teammachine R 01 Five [d3ab3656],Teammachine R 01 Five,,carretera,47,,47,,166,<166,cm,504,368,"{""Rider Height"": ""<166"", ""Reach"": ""368"", ""Stack"": ""504"", ""Bar Drop"": ""125"", ""Bar Reach"": ""80"", ""Bar Width"": ""390/414"", ""BB Drop"": ""69"", ""Crank Length"": ""165"", ""Fork Length"": ""367"", ""Fork Rake"": ""48"", ""Front Center"": ""568"", ""Head Tube"": ""108"", ""Head Tube Angle"": ""71.5°"", ""Rear Center"": ""410"", ""Seat Angle"": ""74°"", ""Seat Tube"": ""418"", ""Seatpost Length"": ""335"", ""Seatpost Offset"": ""0"", ""Standover Height"": ""721"", ""Stem Angle"": ""-12.5°"", ""Stem Length"": ""80"", ""Top Tube"": ""515"", ""Trail"": ""63"", ""Wheelbase"": ""968""}",6499,false,https://es.bmc-switzerland.com/es/products/teammachine-r-01-five-bikes-bmc-27a-000043,https://es.bmc-switzerland.com/es/products/teammachine-r-01-five-bikes-bmc-27a-000043,html,2026-10-05
BMC,Teammachine R 01 Five [d3ab3656],Teammachine R 01 Five,,carretera,51,,51,166,174,166-174,cm,528,378,"{""Rider Height"": ""166-174"", ""Reach"": ""378"", ""Stack"": ""528"", ""Bar Drop"": ""125"", ""Bar Reach"": ""80"", ""Bar Width"": ""390/414"", ""BB Drop"": ""69"", ""Crank Length"": ""170"", ""Fork Length"": ""367"", ""Fork Rake"": ""48"", ""Front Center"": ""586"", ""Head Tube"": ""133"", ""Head Tube Angle"": ""71.5°"", ""Rear Center"": ""410"", ""Seat Angle"": ""74°"", ""Seat Tube"": ""463"", ""Seatpost Length"": ""335"", ""Seatpost Offset"": ""0"", ""Standover Height"": ""755"", ""Stem Angle"": ""-12.5°"", ""Stem Length"": ""90"", ""Top Tube"": ""532"", ""Trail"": ""63"", ""Wheelbase"": ""986""}",6499,false,https://es.bmc-switzerland.com/es/products/teammachine-r-01-five-bikes-bmc-27a-000043,https://es.bmc-switzerland.com/es/products/teammachine-r-01-five-bikes-bmc-27a-000043,html,2026-10-05
BMC,Teammachine R 01 Five [d3ab3656],Teammachine R 01 Five,,carretera,54,,54,172,180,172-180,cm,548,387,"{""Rider Height"": ""172-180"", ""Reach"": ""387"", ""Stack"": ""548"", ""Bar Drop"": ""125"", ""Bar Reach"": ""80"", ""Bar Width"": ""390/414"", ""BB Drop"": ""69"", ""Crank Length"": ""170"", ""Fork Length"": ""367"", ""Fork Rake"": ""43"", ""Front Center"": ""589"", ""Head Tube"": ""149"", ""Head Tube Angle"": ""72.3°"", ""Rear Center"": ""410"", ""Seat Angle"": ""73.5°"", ""Seat Tube"": ""499"", ""Seatpost Length"": ""385"", ""Seatpost Offset"": ""10"", ""Standover Height"": ""781"", ""Stem Angle"": ""-12.5°"", ""Stem Length"": ""90"", ""Top Tube"": ""552"", ""Trail"": ""63"", ""Wheelbase"": ""989""}",6499,false,https://es.bmc-switzerland.com/es/products/teammachine-r-01-five-bikes-bmc-27a-000043,https://es.bmc-switzerland.com/es/products/teammachine-r-01-five-bikes-bmc-27a-000043,html,2026-10-05
BMC,Teammachine R 01 Five [d3ab3656],Teammachine R 01 Five,,carretera,56,,56,178,186,178-186,cm,563,393,"{""Rider Height"": ""178-186"", ""Reach"": ""393"", ""Stack"": ""563"", ""Bar Drop"": ""125"", ""Bar Reach"": ""80"", ""Bar Width"": ""390/414"", ""BB Drop"": ""69"", ""Crank Length"": ""170"", ""Fork Length"": ""367"", ""Fork Rake"": ""43"", ""Front Center"": ""599"", ""Head Tube"": ""165"", ""Head Tube Angle"": ""72.3°"", ""Rear Center"": ""410"", ""Seat Angle"": ""73.5°"", ""Seat Tube"": ""519"", ""Seatpost Length"": ""385"", ""Seatpost Offset"": ""10"", ""Standover Height"": ""799"", ""Stem Angle"": ""-12.5°"", ""Stem Length"": ""100"", ""Top Tube"": ""562"", ""Trail"": ""63"", ""Wheelbase"": ""999""}",6499,false,https://es.bmc-switzerland.com/es/products/teammachine-r-01-five-bikes-bmc-27a-000043,https://es.bmc-switzerland.com/es/products/teammachine-r-01-five-bikes-bmc-27a-000043,html,2026-10-05
BMC,Teammachine R 01 Five [d3ab3656],Teammachine R 01 Five,,carretera,58,,58,184,192,184-192,cm,582,402,"{""Rider Height"": ""184-192"", ""Reach"": ""402"", ""Stack"": ""582"", ""Bar Drop"": ""125"", ""Bar Reach"": ""80"", ""Bar Width"": ""410/434"", ""BB Drop"": ""69"", ""Crank Length"": ""172.5"", ""Fork Length"": ""367"", ""Fork Rake"": ""43"", ""Front Center"": ""614"", ""Head Tube"": ""184"", ""Head Tube Angle"": ""72.3°"", ""Rear Center"": ""410"", ""Seat Angle"": ""73°"", ""Seat Tube"": ""541"", ""Seatpost Length"": ""405"", ""Seatpost Offset"": ""10"", ""Standover Height"": ""813"", ""Stem Angle"": ""-12.5°"", ""Stem Length"": ""110"", ""Top Tube"": ""582"", ""Trail"": ""63"", ""Wheelbase"": ""1015""}",6499,false,https://es.bmc-switzerland.com/es/products/teammachine-r-01-five-bikes-bmc-27a-000043,https://es.bmc-switzerland.com/es/products/teammachine-r-01-five-bikes-bmc-27a-000043,html,2026-10-05
BMC,Teammachine R 01 Five [d3ab3656],Teammachine R 01 Five,,carretera,61,,61,190,,>190,cm,608,409,"{""Rider Height"": "">190"", ""Reach"": ""409"", ""Stack"": ""608"", ""Bar Drop"": ""125"", ""Bar Reach"": ""80"", ""Bar Width"": ""410/434"", ""BB Drop"": ""69"", ""Crank Length"": ""172.5"", ""Fork Length"": ""367"", ""Fork Rake"": ""43"", ""Front Center"": ""630"", ""Head Tube"": ""211"", ""Head Tube Angle"": ""72.3°"", ""Rear Center"": ""410"", ""Seat Angle"": ""73°"", ""Seat Tube"": ""570"", ""Seatpost Length"": ""405"", ""Seatpost Offset"": ""10"", ""Standover Height"": ""836"", ""Stem Angle"": ""-12.5°"", ""Stem Length"": ""110"", ""Top Tube"": ""598"", ""Trail"": ""63"", ""Wheelbase"": ""1030""}",6499,false,https://es.bmc-switzerland.com/es/products/teammachine-r-01-five-bikes-bmc-27a-000043,https://es.bmc-switzerland.com/es/products/teammachine-r-01-five-bikes-bmc-27a-000043,html,2026-10-05
BMC,Teammachine SLR 01 Six [e61bc370],Teammachine SLR 01 Six,,carretera,47,,47,,166,<166,cm,506,367,"{""Rider Height"": ""<166"", ""Reach"": ""367"", ""Stack"": ""506"", ""Bar Drop"": ""118"", ""Bar Reach"": ""75"", ""Bar Width"": ""370/395"", ""BB Drop"": ""69"", ""Crank Length"": ""165"", ""Fork Length"": ""369"", ""Fork Rake"": ""48"", ""Front Center"": ""568"", ""Head Tube"": ""108"", ""Head Tube Angle"": ""71.5°"", ""Rear Center"": ""410"", ""Seat Angle"": ""74°"", ""Seat Tube"": ""422"", ""Seatpost Length"": ""330"", ""Seatpost Offset"": ""0"", ""Standover Height"": ""717"", ""Stem Angle"": ""-12.5°"", ""Stem Length"": ""80"", ""Top Tube"": ""515"", ""Trail"": ""63"", ""Wheelbase"": ""968""}",6499,false,https://es.bmc-switzerland.com/es/products/teammachine-slr-01-six-bikes-bmc-27a-000033,https://es.bmc-switzerland.com/es/products/teammachine-slr-01-six-bikes-bmc-27a-000033,html,2026-10-05
BMC,Teammachine SLR 01 Six [e61bc370],Teammachine SLR 01 Six,,carretera,51,,51,166,174,166-174,cm,530,377,"{""Rider Height"": ""166-174"", ""Reach"": ""377"", ""Stack"": ""530"", ""Bar Drop"": ""118"", ""Bar Reach"": ""75"", ""Bar Width"": ""390/415"", ""BB Drop"": ""69"", ""Crank Length"": ""170"", ""Fork Length"": ""369"", ""Fork Rake"": ""48"", ""Front Center"": ""586"", ""Head Tube"": ""133"", ""Head Tube Angle"": ""71.5°"", ""Rear Center"": ""410"", ""Seat Angle"": ""74°"", ""Seat Tube"": ""464"", ""Seatpost Length"": ""330"", ""Seatpost Offset"": ""0"", ""Standover Height"": ""752"", ""Stem Angle"": ""-12.5°"", ""Stem Length"": ""90"", ""Top Tube"": ""532"", ""Trail"": ""63"", ""Wheelbase"": ""986""}",6499,false,https://es.bmc-switzerland.com/es/products/teammachine-slr-01-six-bikes-bmc-27a-000033,https://es.bmc-switzerland.com/es/products/teammachine-slr-01-six-bikes-bmc-27a-000033,html,2026-10-05
BMC,Teammachine SLR 01 Six [e61bc370],Teammachine SLR 01 Six,,carretera,54,,54,172,180,172-180,cm,550,386,"{""Rider Height"": ""172-180"", ""Reach"": ""386"", ""Stack"": ""550"", ""Bar Drop"": ""118"", ""Bar Reach"": ""75"", ""Bar Width"": ""390/415"", ""BB Drop"": ""69"", ""Crank Length"": ""170"", ""Fork Length"": ""369"", ""Fork Rake"": ""43"", ""Front Center"": ""589"", ""Head Tube"": ""149"", ""Head Tube Angle"": ""72.3°"", ""Rear Center"": ""410"", ""Seat Angle"": ""73.5°"", ""Seat Tube"": ""491"", ""Seatpost Length"": ""385"", ""Seatpost Offset"": ""10"", ""Standover Height"": ""779"", ""Stem Angle"": ""-12.5°"", ""Stem Length"": ""90"", ""Top Tube"": ""552"", ""Trail"": ""63"", ""Wheelbase"": ""989""}",6499,false,https://es.bmc-switzerland.com/es/products/teammachine-slr-01-six-bikes-bmc-27a-000033,https://es.bmc-switzerland.com/es/products/teammachine-slr-01-six-bikes-bmc-27a-000033,html,2026-10-05
BMC,Teammachine SLR 01 Six [e61bc370],Teammachine SLR 01 Six,,carretera,56,,56,178,186,178-186,cm,565,392,"{""Rider Height"": ""178-186"", ""Reach"": ""392"", ""Stack"": ""565"", ""Bar Drop"": ""118"", ""Bar Reach"": ""75"", ""Bar Width"": ""410/435"", ""BB Drop"": ""69"", ""Crank Length"": ""170"", ""Fork Length"": ""369"", ""Fork Rake"": ""43"", ""Front Center"": ""599"", ""Head Tube"": ""165"", ""Head Tube Angle"": ""72.3°"", ""Rear Center"": ""410"", ""Seat Angle"": ""73.5°"", ""Seat Tube"": ""509"", ""Seatpost Length"": ""385"", ""Seatpost Offset"": ""10"", ""Standover Height"": ""797"", ""Stem Angle"": ""-12.5°"", ""Stem Length"": ""100"", ""Top Tube"": ""562"", ""Trail"": ""63"", ""Wheelbase"": ""1000""}",6499,false,https://es.bmc-switzerland.com/es/products/teammachine-slr-01-six-bikes-bmc-27a-000033,https://es.bmc-switzerland.com/es/products/teammachine-slr-01-six-bikes-bmc-27a-000033,html,2026-10-05
BMC,Teammachine SLR 01 Six [e61bc370],Teammachine SLR 01 Six,,carretera,58,,58,184,192,184-192,cm,584,401,"{""Rider Height"": ""184-192"", ""Reach"": ""401"", ""Stack"": ""584"", ""Bar Drop"": ""118"", ""Bar Reach"": ""75"", ""Bar Width"": ""410/435"", ""BB Drop"": ""69"", ""Crank Length"": ""172.5"", ""Fork Length"": ""369"", ""Fork Rake"": ""43"", ""Front Center"": ""614"", ""Head Tube"": ""184"", ""Head Tube Angle"": ""72.3°"", ""Rear Center"": ""410"", ""Seat Angle"": ""73°"", ""Seat Tube"": ""530"", ""Seatpost Length"": ""405"", ""Seatpost Offset"": ""10"", ""Standover Height"": ""817"", ""Stem Angle"": ""-12.5°"", ""Stem Length"": ""110"", ""Top Tube"": ""582"", ""Trail"": ""63"", ""Wheelbase"": ""1015""}",6499,false,https://es.bmc-switzerland.com/es/products/teammachine-slr-01-six-bikes-bmc-27a-000033,https://es.bmc-switzerland.com/es/products/teammachine-slr-01-six-bikes-bmc-27a-000033,html,2026-10-05
BMC,Teammachine SLR 01 Six [e61bc370],Teammachine SLR 01 Six,,carretera,61,,61,190,,>190,cm,608,409,"{""Rider Height"": "">190"", ""Reach"": ""409"", ""Stack"": ""608"", ""Bar Drop"": ""118"", ""Bar Reach"": ""75"", ""Bar Width"": ""410/435"", ""BB Drop"": ""69"", ""Crank Length"": ""172.5"", ""Fork Length"": ""369"", ""Fork Rake"": ""43"", ""Front Center"": ""630"", ""Head Tube"": ""211"", ""Head Tube Angle"": ""72.3°"", ""Rear Center"": ""410"", ""Seat Angle"": ""73°"", ""Seat Tube"": ""555"", ""Seatpost Length"": ""405"", ""Seatpost Offset"": ""10"", ""Standover Height"": ""843"", ""Stem Angle"": ""-12.5°"", ""Stem Length"": ""110"", ""Top Tube"": ""598"", ""Trail"": ""63"", ""Wheelbase"": ""1030""}",6499,false,https://es.bmc-switzerland.com/es/products/teammachine-slr-01-six-bikes-bmc-27a-000033,https://es.bmc-switzerland.com/es/products/teammachine-slr-01-six-bikes-bmc-27a-000033,html,2026-10-05
BMC,Teammachine SLR [85a46afa],Teammachine SLR 01 Seven,,carretera,47,,47,,166,<166,cm,506,367,"{""Rider Height"": ""<166"", ""Reach"": ""367"", ""Stack"": ""506"", ""Bar Drop"": ""125"", ""Bar Reach"": ""80"", ""Bar Width"": ""390/414"", ""BB Drop"": ""69"", ""Crank Length"": ""165"", ""Fork Length"": ""369"", ""Fork Rake"": ""48"", ""Front Center"": ""568"", ""Head Tube"": ""108"", ""Head Tube Angle"": ""71.5°"", ""Rear Center"": ""410"", ""Seat Angle"": ""74°"", ""Seat Tube"": ""422"", ""Seatpost Length"": ""335"", ""Seatpost Offset"": ""0"", ""Standover Height"": ""717"", ""Stem Angle"": ""-12.5°"", ""Stem Length"": ""80"", ""Top Tube"": ""515"", ""Trail"": ""63"", ""Wheelbase"": ""968""}",5499,false,https://es.bmc-switzerland.com/es/products/teammachine-slr-01-seven-bikes-bmc-27a-000031,https://es.bmc-switzerland.com/es/products/teammachine-slr-01-seven-bikes-bmc-27a-000031,html,2026-10-05
BMC,Teammachine SLR [85a46afa],Teammachine SLR 01 Seven,,carretera,51,,51,166,174,166-174,cm,530,377,"{""Rider Height"": ""166-174"", ""Reach"": ""377"", ""Stack"": ""530"", ""Bar Drop"": ""125"", ""Bar Reach"": ""80"", ""Bar Width"": ""390/414"", ""BB Drop"": ""69"", ""Crank Length"": ""170"", ""Fork Length"": ""369"", ""Fork Rake"": ""48"", ""Front Center"": ""586"", ""Head Tube"": ""133"", ""Head Tube Angle"": ""71.5°"", ""Rear Center"": ""410"", ""Seat Angle"": ""74°"", ""Seat Tube"": ""464"", ""Seatpost Length"": ""335"", ""Seatpost Offset"": ""0"", ""Standover Height"": ""752"", ""Stem Angle"": ""-12.5°"", ""Stem Length"": ""90"", ""Top Tube"": ""532"", ""Trail"": ""63"", ""Wheelbase"": ""986""}",5499,false,https://es.bmc-switzerland.com/es/products/teammachine-slr-01-seven-bikes-bmc-27a-000031,https://es.bmc-switzerland.com/es/products/teammachine-slr-01-seven-bikes-bmc-27a-000031,html,2026-10-05
BMC,Teammachine SLR [85a46afa],Teammachine SLR 01 Seven,,carretera,54,,54,172,180,172-180,cm,550,386,"{""Rider Height"": ""172-180"", ""Reach"": ""386"", ""Stack"": ""550"", ""Bar Drop"": ""125"", ""Bar Reach"": ""80"", ""Bar Width"": ""390/414"", ""BB Drop"": ""69"", ""Crank Length"": ""170"", ""Fork Length"": ""369"", ""Fork Rake"": ""43"", ""Front Center"": ""589"", ""Head Tube"": ""149"", ""Head Tube Angle"": ""72.3°"", ""Rear Center"": ""410"", ""Seat Angle"": ""73.5°"", ""Seat Tube"": ""491"", ""Seatpost Length"": ""385"", ""Seatpost Offset"": ""10"", ""Standover Height"": ""779"", ""Stem Angle"": ""-12.5°"", ""Stem Length"": ""90"", ""Top Tube"": ""552"", ""Trail"": ""63"", ""Wheelbase"": ""989""}",5499,false,https://es.bmc-switzerland.com/es/products/teammachine-slr-01-seven-bikes-bmc-27a-000031,https://es.bmc-switzerland.com/es/products/teammachine-slr-01-seven-bikes-bmc-27a-000031,html,2026-10-05
BMC,Teammachine SLR [85a46afa],Teammachine SLR 01 Seven,,carretera,56,,56,178,186,178-186,cm,565,392,"{""Rider Height"": ""178-186"", ""Reach"": ""392"", ""Stack"": ""565"", ""Bar Drop"": ""125"", ""Bar Reach"": ""80"", ""Bar Width"": ""410/434"", ""BB Drop"": ""69"", ""Crank Length"": ""170"", ""Fork Length"": ""369"", ""Fork Rake"": ""43"", ""Front Center"": ""599"", ""Head Tube"": ""165"", ""Head Tube Angle"": ""72.3°"", ""Rear Center"": ""410"", ""Seat Angle"": ""73.5°"", ""Seat Tube"": ""509"", ""Seatpost Length"": ""385"", ""Seatpost Offset"": ""10"", ""Standover Height"": ""797"", ""Stem Angle"": ""-12.5°"", ""Stem Length"": ""100"", ""Top Tube"": ""562"", ""Trail"": ""63"", ""Wheelbase"": ""1000""}",5499,false,https://es.bmc-switzerland.com/es/products/teammachine-slr-01-seven-bikes-bmc-27a-000031,https://es.bmc-switzerland.com/es/products/teammachine-slr-01-seven-bikes-bmc-27a-000031,html,2026-10-05
BMC,Teammachine SLR [85a46afa],Teammachine SLR 01 Seven,,carretera,58,,58,184,192,184-192,cm,584,401,"{""Rider Height"": ""184-192"", ""Reach"": ""401"", ""Stack"": ""584"", ""Bar Drop"": ""125"", ""Bar Reach"": ""80"", ""Bar Width"": ""410/434"", ""BB Drop"": ""69"", ""Crank Length"": ""172.5"", ""Fork Length"": ""369"", ""Fork Rake"": ""43"", ""Front Center"": ""614"", ""Head Tube"": ""184"", ""Head Tube Angle"": ""72.3°"", ""Rear Center"": ""410"", ""Seat Angle"": ""73°"", ""Seat Tube"": ""530"", ""Seatpost Length"": ""405"", ""Seatpost Offset"": ""10"", ""Standover Height"": ""817"", ""Stem Angle"": ""-12.5°"", ""Stem Length"": ""110"", ""Top Tube"": ""582"", ""Trail"": ""63"", ""Wheelbase"": ""1015""}",5499,false,https://es.bmc-switzerland.com/es/products/teammachine-slr-01-seven-bikes-bmc-27a-000031,https://es.bmc-switzerland.com/es/products/teammachine-slr-01-seven-bikes-bmc-27a-000031,html,2026-10-05
BMC,Teammachine SLR [85a46afa],Teammachine SLR 01 Seven,,carretera,61,,61,190,,>190,cm,608,409,"{""Rider Height"": "">190"", ""Reach"": ""409"", ""Stack"": ""608"", ""Bar Drop"": ""125"", ""Bar Reach"": ""80"", ""Bar Width"": ""410/434"", ""BB Drop"": ""69"", ""Crank Length"": ""172.5"", ""Fork Length"": ""369"", ""Fork Rake"": ""43"", ""Front Center"": ""630"", ""Head Tube"": ""211"", ""Head Tube Angle"": ""72.3°"", ""Rear Center"": ""410"", ""Seat Angle"": ""73°"", ""Seat Tube"": ""555"", ""Seatpost Length"": ""405"", ""Seatpost Offset"": ""10"", ""Standover Height"": ""843"", ""Stem Angle"": ""-12.5°"", ""Stem Length"": ""110"", ""Top Tube"": ""598"", ""Trail"": ""63"", ""Wheelbase"": ""1030""}",5499,false,https://es.bmc-switzerland.com/es/products/teammachine-slr-01-seven-bikes-bmc-27a-000031,https://es.bmc-switzerland.com/es/products/teammachine-slr-01-seven-bikes-bmc-27a-000031,html,2026-10-05
BMC,Teammachine SLR [85a46afa],Teammachine SLR One,,carretera,47,,47,,166,<166,cm,506,367,"{""Rider Height"": ""<166"", ""Reach"": ""367"", ""Stack"": ""506"", ""Bar Drop"": ""125"", ""Bar Reach"": ""80"", ""Bar Width"": ""390/414"", ""BB Drop"": ""69"", ""Crank Length"": ""165"", ""Fork Length"": ""369"", ""Fork Rake"": ""48"", ""Front Center"": ""568"", ""Head Tube"": ""108"", ""Head Tube Angle"": ""71.5°"", ""Rear Center"": ""410"", ""Seat Angle"": ""74°"", ""Seat Tube"": ""422"", ""Seatpost Length"": ""335"", ""Seatpost Offset"": ""0"", ""Standover Height"": ""717"", ""Stem Angle"": ""-8°"", ""Stem Length"": ""70"", ""Top Tube"": ""515"", ""Trail"": ""63"", ""Wheelbase"": ""968""}",3999,false,https://es.bmc-switzerland.com/es/products/teammachine-slr-one-bikes-bmc-27a-000017,https://es.bmc-switzerland.com/es/products/teammachine-slr-one-bikes-bmc-27a-000017,html,2026-10-05
BMC,Teammachine SLR [85a46afa],Teammachine SLR One,,carretera,51,,51,166,174,166-174,cm,530,377,"{""Rider Height"": ""166-174"", ""Reach"": ""377"", ""Stack"": ""530"", ""Bar Drop"": ""125"", ""Bar Reach"": ""80"", ""Bar Width"": ""390/414"", ""BB Drop"": ""69"", ""Crank Length"": ""170"", ""Fork Length"": ""369"", ""Fork Rake"": ""48"", ""Front Center"": ""586"", ""Head Tube"": ""133"", ""Head Tube Angle"": ""71.5°"", ""Rear Center"": ""410"", ""Seat Angle"": ""74°"", ""Seat Tube"": ""464"", ""Seatpost Length"": ""335"", ""Seatpost Offset"": ""0"", ""Standover Height"": ""752"", ""Stem Angle"": ""-8°"", ""Stem Length"": ""90"", ""Top Tube"": ""532"", ""Trail"": ""63"", ""Wheelbase"": ""986""}",3999,false,https://es.bmc-switzerland.com/es/products/teammachine-slr-one-bikes-bmc-27a-000017,https://es.bmc-switzerland.com/es/products/teammachine-slr-one-bikes-bmc-27a-000017,html,2026-10-05
BMC,Teammachine SLR [85a46afa],Teammachine SLR One,,carretera,54,,54,172,180,172-180,cm,550,386,"{""Rider Height"": ""172-180"", ""Reach"": ""386"", ""Stack"": ""550"", ""Bar Drop"": ""125"", ""Bar Reach"": ""80"", ""Bar Width"": ""390/414"", ""BB Drop"": ""69"", ""Crank Length"": ""170"", ""Fork Length"": ""369"", ""Fork Rake"": ""43"", ""Front Center"": ""589"", ""Head Tube"": ""149"", ""Head Tube Angle"": ""72.3°"", ""Rear Center"": ""410"", ""Seat Angle"": ""73.5°"", ""Seat Tube"": ""491"", ""Seatpost Length"": ""385"", ""Seatpost Offset"": ""10"", ""Standover Height"": ""779"", ""Stem Angle"": ""-8°"", ""Stem Length"": ""90"", ""Top Tube"": ""552"", ""Trail"": ""63"", ""Wheelbase"": ""989""}",3999,false,https://es.bmc-switzerland.com/es/products/teammachine-slr-one-bikes-bmc-27a-000017,https://es.bmc-switzerland.com/es/products/teammachine-slr-one-bikes-bmc-27a-000017,html,2026-10-05
BMC,Teammachine SLR [85a46afa],Teammachine SLR One,,carretera,56,,56,178,186,178-186,cm,565,392,"{""Rider Height"": ""178-186"", ""Reach"": ""392"", ""Stack"": ""565"", ""Bar Drop"": ""125"", ""Bar Reach"": ""80"", ""Bar Width"": ""410/434"", ""BB Drop"": ""69"", ""Crank Length"": ""170"", ""Fork Length"": ""369"", ""Fork Rake"": ""43"", ""Front Center"": ""599"", ""Head Tube"": ""165"", ""Head Tube Angle"": ""72.3°"", ""Rear Center"": ""410"", ""Seat Angle"": ""73.5°"", ""Seat Tube"": ""509"", ""Seatpost Length"": ""385"", ""Seatpost Offset"": ""10"", ""Standover Height"": ""797"", ""Stem Angle"": ""-8°"", ""Stem Length"": ""100"", ""Top Tube"": ""562"", ""Trail"": ""63"", ""Wheelbase"": ""1000""}",3999,false,https://es.bmc-switzerland.com/es/products/teammachine-slr-one-bikes-bmc-27a-000017,https://es.bmc-switzerland.com/es/products/teammachine-slr-one-bikes-bmc-27a-000017,html,2026-10-05
BMC,Teammachine SLR [85a46afa],Teammachine SLR One,,carretera,58,,58,184,192,184-192,cm,584,401,"{""Rider Height"": ""184-192"", ""Reach"": ""401"", ""Stack"": ""584"", ""Bar Drop"": ""125"", ""Bar Reach"": ""80"", ""Bar Width"": ""410/434"", ""BB Drop"": ""69"", ""Crank Length"": ""172.5"", ""Fork Length"": ""369"", ""Fork Rake"": ""43"", ""Front Center"": ""614"", ""Head Tube"": ""184"", ""Head Tube Angle"": ""72.3°"", ""Rear Center"": ""410"", ""Seat Angle"": ""73°"", ""Seat Tube"": ""530"", ""Seatpost Length"": ""405"", ""Seatpost Offset"": ""10"", ""Standover Height"": ""817"", ""Stem Angle"": ""-8°"", ""Stem Length"": ""110"", ""Top Tube"": ""582"", ""Trail"": ""63"", ""Wheelbase"": ""1015""}",3999,false,https://es.bmc-switzerland.com/es/products/teammachine-slr-one-bikes-bmc-27a-000017,https://es.bmc-switzerland.com/es/products/teammachine-slr-one-bikes-bmc-27a-000017,html,2026-10-05
BMC,Teammachine SLR [85a46afa],Teammachine SLR One,,carretera,61,,61,190,,>190,cm,608,409,"{""Rider Height"": "">190"", ""Reach"": ""409"", ""Stack"": ""608"", ""Bar Drop"": ""125"", ""Bar Reach"": ""80"", ""Bar Width"": ""410/434"", ""BB Drop"": ""69"", ""Crank Length"": ""172.5"", ""Fork Length"": ""369"", ""Fork Rake"": ""43"", ""Front Center"": ""630"", ""Head Tube"": ""211"", ""Head Tube Angle"": ""72.3°"", ""Rear Center"": ""410"", ""Seat Angle"": ""73°"", ""Seat Tube"": ""555"", ""Seatpost Length"": ""405"", ""Seatpost Offset"": ""10"", ""Standover Height"": ""843"", ""Stem Angle"": ""-8°"", ""Stem Length"": ""110"", ""Top Tube"": ""598"", ""Trail"": ""63"", ""Wheelbase"": ""1030""}",3999,false,https://es.bmc-switzerland.com/es/products/teammachine-slr-one-bikes-bmc-27a-000017,https://es.bmc-switzerland.com/es/products/teammachine-slr-one-bikes-bmc-27a-000017,html,2026-10-05
BMC,Teammachine SLR [85a46afa],Teammachine SLR Two,,carretera,47,,47,,166,<166,cm,506,367,"{""Rider Height"": ""<166"", ""Reach"": ""367"", ""Stack"": ""506"", ""Bar Drop"": ""125"", ""Bar Reach"": ""80"", ""Bar Width"": ""390/414"", ""BB Drop"": ""69"", ""Crank Length"": ""165"", ""Fork Length"": ""369"", ""Fork Rake"": ""48"", ""Front Center"": ""568"", ""Head Tube"": ""108"", ""Head Tube Angle"": ""71.5°"", ""Rear Center"": ""410"", ""Seat Angle"": ""74°"", ""Seat Tube"": ""422"", ""Seatpost Length"": ""335"", ""Seatpost Offset"": ""0"", ""Standover Height"": ""717"", ""Stem Angle"": ""-8°"", ""Stem Length"": ""70"", ""Top Tube"": ""515"", ""Trail"": ""63"", ""Wheelbase"": ""968""}",2999,false,https://es.bmc-switzerland.com/es/products/teammachine-slr-two-bikes-bmc-27a-000022,https://es.bmc-switzerland.com/es/products/teammachine-slr-two-bikes-bmc-27a-000022,html,2026-10-05
BMC,Teammachine SLR [85a46afa],Teammachine SLR Two,,carretera,51,,51,166,174,166-174,cm,530,377,"{""Rider Height"": ""166-174"", ""Reach"": ""377"", ""Stack"": ""530"", ""Bar Drop"": ""125"", ""Bar Reach"": ""80"", ""Bar Width"": ""390/414"", ""BB Drop"": ""69"", ""Crank Length"": ""170"", ""Fork Length"": ""369"", ""Fork Rake"": ""48"", ""Front Center"": ""586"", ""Head Tube"": ""133"", ""Head Tube Angle"": ""71.5°"", ""Rear Center"": ""410"", ""Seat Angle"": ""74°"", ""Seat Tube"": ""464"", ""Seatpost Length"": ""335"", ""Seatpost Offset"": ""0"", ""Standover Height"": ""752"", ""Stem Angle"": ""-8°"", ""Stem Length"": ""90"", ""Top Tube"": ""532"", ""Trail"": ""63"", ""Wheelbase"": ""986""}",2999,false,https://es.bmc-switzerland.com/es/products/teammachine-slr-two-bikes-bmc-27a-000022,https://es.bmc-switzerland.com/es/products/teammachine-slr-two-bikes-bmc-27a-000022,html,2026-10-05
BMC,Teammachine SLR [85a46afa],Teammachine SLR Two,,carretera,54,,54,172,180,172-180,cm,550,386,"{""Rider Height"": ""172-180"", ""Reach"": ""386"", ""Stack"": ""550"", ""Bar Drop"": ""125"", ""Bar Reach"": ""80"", ""Bar Width"": ""390/414"", ""BB Drop"": ""69"", ""Crank Length"": ""170"", ""Fork Length"": ""369"", ""Fork Rake"": ""43"", ""Front Center"": ""589"", ""Head Tube"": ""149"", ""Head Tube Angle"": ""72.3°"", ""Rear Center"": ""410"", ""Seat Angle"": ""73.5°"", ""Seat Tube"": ""491"", ""Seatpost Length"": ""385"", ""Seatpost Offset"": ""10"", ""Standover Height"": ""779"", ""Stem Angle"": ""-8°"", ""Stem Length"": ""90"", ""Top Tube"": ""552"", ""Trail"": ""63"", ""Wheelbase"": ""989""}",2999,false,https://es.bmc-switzerland.com/es/products/teammachine-slr-two-bikes-bmc-27a-000022,https://es.bmc-switzerland.com/es/products/teammachine-slr-two-bikes-bmc-27a-000022,html,2026-10-05
BMC,Teammachine SLR [85a46afa],Teammachine SLR Two,,carretera,56,,56,178,186,178-186,cm,565,392,"{""Rider Height"": ""178-186"", ""Reach"": ""392"", ""Stack"": ""565"", ""Bar Drop"": ""125"", ""Bar Reach"": ""80"", ""Bar Width"": ""410/434"", ""BB Drop"": ""69"", ""Crank Length"": ""170"", ""Fork Length"": ""369"", ""Fork Rake"": ""43"", ""Front Center"": ""599"", ""Head Tube"": ""165"", ""Head Tube Angle"": ""72.3°"", ""Rear Center"": ""410"", ""Seat Angle"": ""73.5°"", ""Seat Tube"": ""509"", ""Seatpost Length"": ""385"", ""Seatpost Offset"": ""10"", ""Standover Height"": ""797"", ""Stem Angle"": ""-8°"", ""Stem Length"": ""100"", ""Top Tube"": ""562"", ""Trail"": ""63"", ""Wheelbase"": ""1000""}",2999,false,https://es.bmc-switzerland.com/es/products/teammachine-slr-two-bikes-bmc-27a-000022,https://es.bmc-switzerland.com/es/products/teammachine-slr-two-bikes-bmc-27a-000022,html,2026-10-05
BMC,Teammachine SLR [85a46afa],Teammachine SLR Two,,carretera,58,,58,184,192,184-192,cm,584,401,"{""Rider Height"": ""184-192"", ""Reach"": ""401"", ""Stack"": ""584"", ""Bar Drop"": ""125"", ""Bar Reach"": ""80"", ""Bar Width"": ""410/434"", ""BB Drop"": ""69"", ""Crank Length"": ""172.5"", ""Fork Length"": ""369"", ""Fork Rake"": ""43"", ""Front Center"": ""614"", ""Head Tube"": ""184"", ""Head Tube Angle"": ""72.3°"", ""Rear Center"": ""410"", ""Seat Angle"": ""73°"", ""Seat Tube"": ""530"", ""Seatpost Length"": ""405"", ""Seatpost Offset"": ""10"", ""Standover Height"": ""817"", ""Stem Angle"": ""-8°"", ""Stem Length"": ""110"", ""Top Tube"": ""582"", ""Trail"": ""63"", ""Wheelbase"": ""1015""}",2999,false,https://es.bmc-switzerland.com/es/products/teammachine-slr-two-bikes-bmc-27a-000022,https://es.bmc-switzerland.com/es/products/teammachine-slr-two-bikes-bmc-27a-000022,html,2026-10-05
BMC,Teammachine SLR [85a46afa],Teammachine SLR Two,,carretera,61,,61,190,,>190,cm,608,409,"{""Rider Height"": "">190"", ""Reach"": ""409"", ""Stack"": ""608"", ""Bar Drop"": ""125"", ""Bar Reach"": ""80"", ""Bar Width"": ""410/434"", ""BB Drop"": ""69"", ""Crank Length"": ""172.5"", ""Fork Length"": ""369"", ""Fork Rake"": ""43"", ""Front Center"": ""630"", ""Head Tube"": ""211"", ""Head Tube Angle"": ""72.3°"", ""Rear Center"": ""410"", ""Seat Angle"": ""73°"", ""Seat Tube"": ""555"", ""Seatpost Length"": ""405"", ""Seatpost Offset"": ""10"", ""Standover Height"": ""843"", ""Stem Angle"": ""-8°"", ""Stem Length"": ""110"", ""Top Tube"": ""598"", ""Trail"": ""63"", ""Wheelbase"": ""1030""}",2999,false,https://es.bmc-switzerland.com/es/products/teammachine-slr-two-bikes-bmc-27a-000022,https://es.bmc-switzerland.com/es/products/teammachine-slr-two-bikes-bmc-27a-000022,html,2026-10-05
BMC,Teammachine SLR [85a46afa],Teammachine SLR Three,,carretera,47,,47,,166,<166,cm,506,367,"{""Rider Height"": ""<166"", ""Reach"": ""367"", ""Stack"": ""506"", ""Bar Drop"": ""125"", ""Bar Reach"": ""80"", ""Bar Width"": ""390/414"", ""BB Drop"": ""69"", ""Crank Length"": ""165"", ""Fork Length"": ""369"", ""Fork Rake"": ""48"", ""Front Center"": ""568"", ""Head Tube"": ""108"", ""Head Tube Angle"": ""71.5°"", ""Rear Center"": ""410"", ""Seat Angle"": ""74°"", ""Seat Tube"": ""422"", ""Seatpost Length"": ""335"", ""Seatpost Offset"": ""0"", ""Standover Height"": ""717"", ""Stem Angle"": ""-8°"", ""Stem Length"": ""70"", ""Top Tube"": ""515"", ""Trail"": ""63"", ""Wheelbase"": ""968""}",2499,false,https://es.bmc-switzerland.com/es/products/teammachine-slr-three-bikes-bmc-27a-000021,https://es.bmc-switzerland.com/es/products/teammachine-slr-three-bikes-bmc-27a-000021,html,2026-10-05
BMC,Teammachine SLR [85a46afa],Teammachine SLR Three,,carretera,51,,51,166,174,166-174,cm,530,377,"{""Rider Height"": ""166-174"", ""Reach"": ""377"", ""Stack"": ""530"", ""Bar Drop"": ""125"", ""Bar Reach"": ""80"", ""Bar Width"": ""390/414"", ""BB Drop"": ""69"", ""Crank Length"": ""170"", ""Fork Length"": ""369"", ""Fork Rake"": ""48"", ""Front Center"": ""586"", ""Head Tube"": ""133"", ""Head Tube Angle"": ""71.5°"", ""Rear Center"": ""410"", ""Seat Angle"": ""74°"", ""Seat Tube"": ""464"", ""Seatpost Length"": ""335"", ""Seatpost Offset"": ""0"", ""Standover Height"": ""752"", ""Stem Angle"": ""-8°"", ""Stem Length"": ""90"", ""Top Tube"": ""532"", ""Trail"": ""63"", ""Wheelbase"": ""986""}",2499,false,https://es.bmc-switzerland.com/es/products/teammachine-slr-three-bikes-bmc-27a-000021,https://es.bmc-switzerland.com/es/products/teammachine-slr-three-bikes-bmc-27a-000021,html,2026-10-05
BMC,Teammachine SLR [85a46afa],Teammachine SLR Three,,carretera,54,,54,172,180,172-180,cm,550,386,"{""Rider Height"": ""172-180"", ""Reach"": ""386"", ""Stack"": ""550"", ""Bar Drop"": ""125"", ""Bar Reach"": ""80"", ""Bar Width"": ""390/414"", ""BB Drop"": ""69"", ""Crank Length"": ""170"", ""Fork Length"": ""369"", ""Fork Rake"": ""43"", ""Front Center"": ""589"", ""Head Tube"": ""149"", ""Head Tube Angle"": ""72.3°"", ""Rear Center"": ""410"", ""Seat Angle"": ""73.5°"", ""Seat Tube"": ""491"", ""Seatpost Length"": ""385"", ""Seatpost Offset"": ""10"", ""Standover Height"": ""779"", ""Stem Angle"": ""-8°"", ""Stem Length"": ""90"", ""Top Tube"": ""552"", ""Trail"": ""63"", ""Wheelbase"": ""989""}",2499,false,https://es.bmc-switzerland.com/es/products/teammachine-slr-three-bikes-bmc-27a-000021,https://es.bmc-switzerland.com/es/products/teammachine-slr-three-bikes-bmc-27a-000021,html,2026-10-05
BMC,Teammachine SLR [85a46afa],Teammachine SLR Three,,carretera,56,,56,178,186,178-186,cm,565,392,"{""Rider Height"": ""178-186"", ""Reach"": ""392"", ""Stack"": ""565"", ""Bar Drop"": ""125"", ""Bar Reach"": ""80"", ""Bar Width"": ""410/434"", ""BB Drop"": ""69"", ""Crank Length"": ""170"", ""Fork Length"": ""369"", ""Fork Rake"": ""43"", ""Front Center"": ""599"", ""Head Tube"": ""165"", ""Head Tube Angle"": ""72.3°"", ""Rear Center"": ""410"", ""Seat Angle"": ""73.5°"", ""Seat Tube"": ""509"", ""Seatpost Length"": ""385"", ""Seatpost Offset"": ""10"", ""Standover Height"": ""797"", ""Stem Angle"": ""-8°"", ""Stem Length"": ""100"", ""Top Tube"": ""562"", ""Trail"": ""63"", ""Wheelbase"": ""1000""}",2499,false,https://es.bmc-switzerland.com/es/products/teammachine-slr-three-bikes-bmc-27a-000021,https://es.bmc-switzerland.com/es/products/teammachine-slr-three-bikes-bmc-27a-000021,html,2026-10-05
BMC,Teammachine SLR [85a46afa],Teammachine SLR Three,,carretera,58,,58,184,192,184-192,cm,584,401,"{""Rider Height"": ""184-192"", ""Reach"": ""401"", ""Stack"": ""584"", ""Bar Drop"": ""125"", ""Bar Reach"": ""80"", ""Bar Width"": ""410/434"", ""BB Drop"": ""69"", ""Crank Length"": ""172.5"", ""Fork Length"": ""369"", ""Fork Rake"": ""43"", ""Front Center"": ""614"", ""Head Tube"": ""184"", ""Head Tube Angle"": ""72.3°"", ""Rear Center"": ""410"", ""Seat Angle"": ""73°"", ""Seat Tube"": ""530"", ""Seatpost Length"": ""405"", ""Seatpost Offset"": ""10"", ""Standover Height"": ""817"", ""Stem Angle"": ""-8°"", ""Stem Length"": ""110"", ""Top Tube"": ""582"", ""Trail"": ""63"", ""Wheelbase"": ""1015""}",2499,false,https://es.bmc-switzerland.com/es/products/teammachine-slr-three-bikes-bmc-27a-000021,https://es.bmc-switzerland.com/es/products/teammachine-slr-three-bikes-bmc-27a-000021,html,2026-10-05
BMC,Teammachine SLR [85a46afa],Teammachine SLR Three,,carretera,61,,61,190,,>190,cm,608,409,"{""Rider Height"": "">190"", ""Reach"": ""409"", ""Stack"": ""608"", ""Bar Drop"": ""125"", ""Bar Reach"": ""80"", ""Bar Width"": ""410/434"", ""BB Drop"": ""69"", ""Crank Length"": ""172.5"", ""Fork Length"": ""369"", ""Fork Rake"": ""43"", ""Front Center"": ""630"", ""Head Tube"": ""211"", ""Head Tube Angle"": ""72.3°"", ""Rear Center"": ""410"", ""Seat Angle"": ""73°"", ""Seat Tube"": ""555"", ""Seatpost Length"": ""405"", ""Seatpost Offset"": ""10"", ""Standover Height"": ""843"", ""Stem Angle"": ""-8°"", ""Stem Length"": ""110"", ""Top Tube"": ""598"", ""Trail"": ""63"", ""Wheelbase"": ""1030""}",2499,false,https://es.bmc-switzerland.com/es/products/teammachine-slr-three-bikes-bmc-27a-000021,https://es.bmc-switzerland.com/es/products/teammachine-slr-three-bikes-bmc-27a-000021,html,2026-10-05
BMC,Teammachine SLR FOUR [ea8ac049],Teammachine SLR FOUR,,carretera,47,,47,,166,<166,cm,506,367,"{""Rider Height"": ""<166"", ""Reach"": ""367"", ""Stack"": ""506"", ""Bar Drop"": ""135"", ""Bar Reach"": ""70"", ""Bar Width"": ""390/414"", ""BB Drop"": ""69"", ""Crank Length"": ""170"", ""Fork Length"": ""368"", ""Fork Rake"": ""48"", ""Front Center"": ""568"", ""Head Tube"": ""110"", ""Head Tube Angle"": ""71.5°"", ""Rear Center"": ""410"", ""Seat Angle"": ""73.5°"", ""Seat Tube"": ""423"", ""Seatpost Length"": ""330"", ""Seatpost Offset"": ""15"", ""Standover Height"": ""717"", ""Stem Angle"": ""-8"", ""Stem Length"": ""90"", ""Top Tube"": ""517"", ""Trail"": ""63"", ""Wheelbase"": ""968""}",2699,false,https://es.bmc-switzerland.com/es/products/teammachine-slr-four-bikes-bmc-26a-000022,https://es.bmc-switzerland.com/es/products/teammachine-slr-four-bikes-bmc-26a-000022,html,2026-10-05
BMC,Teammachine SLR FOUR [ea8ac049],Teammachine SLR FOUR,,carretera,51,,51,166,174,166-174,cm,530,377,"{""Rider Height"": ""166-174"", ""Reach"": ""377"", ""Stack"": ""530"", ""Bar Drop"": ""135"", ""Bar Reach"": ""70"", ""Bar Width"": ""390/414"", ""BB Drop"": ""69"", ""Crank Length"": ""170"", ""Fork Length"": ""368"", ""Fork Rake"": ""48"", ""Front Center"": ""586"", ""Head Tube"": ""130"", ""Head Tube Angle"": ""71.5°"", ""Rear Center"": ""410"", ""Seat Angle"": ""73.5°"", ""Seat Tube"": ""468"", ""Seatpost Length"": ""380"", ""Seatpost Offset"": ""15"", ""Standover Height"": ""752"", ""Stem Angle"": ""-8"", ""Stem Length"": ""100"", ""Top Tube"": ""534"", ""Trail"": ""63"", ""Wheelbase"": ""986""}",2699,false,https://es.bmc-switzerland.com/es/products/teammachine-slr-four-bikes-bmc-26a-000022,https://es.bmc-switzerland.com/es/products/teammachine-slr-four-bikes-bmc-26a-000022,html,2026-10-05
BMC,Teammachine SLR FOUR [ea8ac049],Teammachine SLR FOUR,,carretera,54,,54,172,180,172-180,cm,550,386,"{""Rider Height"": ""172-180"", ""Reach"": ""386"", ""Stack"": ""550"", ""Bar Drop"": ""135"", ""Bar Reach"": ""70"", ""Bar Width"": ""390/414"", ""BB Drop"": ""69"", ""Crank Length"": ""172.5"", ""Fork Length"": ""368"", ""Fork Rake"": ""43"", ""Front Center"": ""589"", ""Head Tube"": ""145"", ""Head Tube Angle"": ""72.3°"", ""Rear Center"": ""410"", ""Seat Angle"": ""73.5°"", ""Seat Tube"": ""504"", ""Seatpost Length"": ""380"", ""Seatpost Offset"": ""15"", ""Standover Height"": ""779"", ""Stem Angle"": ""-8"", ""Stem Length"": ""100"", ""Top Tube"": ""549"", ""Trail"": ""63"", ""Wheelbase"": ""989""}",2699,false,https://es.bmc-switzerland.com/es/products/teammachine-slr-four-bikes-bmc-26a-000022,https://es.bmc-switzerland.com/es/products/teammachine-slr-four-bikes-bmc-26a-000022,html,2026-10-05
BMC,Teammachine SLR FOUR [ea8ac049],Teammachine SLR FOUR,,carretera,56,,56,178,186,178-186,cm,565,392,"{""Rider Height"": ""178-186"", ""Reach"": ""392"", ""Stack"": ""565"", ""Bar Drop"": ""135"", ""Bar Reach"": ""70"", ""Bar Width"": ""410/434"", ""BB Drop"": ""69"", ""Crank Length"": ""172.5"", ""Fork Length"": ""368"", ""Fork Rake"": ""43"", ""Front Center"": ""599"", ""Head Tube"": ""165"", ""Head Tube Angle"": ""72.3°"", ""Rear Center"": ""410"", ""Seat Angle"": ""73.5°"", ""Seat Tube"": ""524"", ""Seatpost Length"": ""380"", ""Seatpost Offset"": ""15"", ""Standover Height"": ""797"", ""Stem Angle"": ""-8"", ""Stem Length"": ""110"", ""Top Tube"": ""559"", ""Trail"": ""63"", ""Wheelbase"": ""1000""}",2699,false,https://es.bmc-switzerland.com/es/products/teammachine-slr-four-bikes-bmc-26a-000022,https://es.bmc-switzerland.com/es/products/teammachine-slr-four-bikes-bmc-26a-000022,html,2026-10-05
BMC,Teammachine SLR FOUR [ea8ac049],Teammachine SLR FOUR,,carretera,58,,58,184,192,184-192,cm,584,401,"{""Rider Height"": ""184-192"", ""Reach"": ""401"", ""Stack"": ""584"", ""Bar Drop"": ""135"", ""Bar Reach"": ""70"", ""Bar Width"": ""410/434"", ""BB Drop"": ""69"", ""Crank Length"": ""175"", ""Fork Length"": ""368"", ""Fork Rake"": ""43"", ""Front Center"": ""614"", ""Head Tube"": ""184"", ""Head Tube Angle"": ""72.3°"", ""Rear Center"": ""410"", ""Seat Angle"": ""73.5°"", ""Seat Tube"": ""545"", ""Seatpost Length"": ""380"", ""Seatpost Offset"": ""15"", ""Standover Height"": ""817"", ""Stem Angle"": ""-8"", ""Stem Length"": ""110"", ""Top Tube"": ""574"", ""Trail"": ""63"", ""Wheelbase"": ""1015""}",2699,false,https://es.bmc-switzerland.com/es/products/teammachine-slr-four-bikes-bmc-26a-000022,https://es.bmc-switzerland.com/es/products/teammachine-slr-four-bikes-bmc-26a-000022,html,2026-10-05
BMC,Teammachine SLR FOUR [ea8ac049],Teammachine SLR FOUR,,carretera,61,,61,190,,>190,cm,608,409,"{""Rider Height"": "">190"", ""Reach"": ""409"", ""Stack"": ""608"", ""Bar Drop"": ""135"", ""Bar Reach"": ""70"", ""Bar Width"": ""430/454"", ""BB Drop"": ""69"", ""Crank Length"": ""175"", ""Fork Length"": ""368"", ""Fork Rake"": ""43"", ""Front Center"": ""630"", ""Head Tube"": ""210"", ""Head Tube Angle"": ""72.3°"", ""Rear Center"": ""410"", ""Seat Angle"": ""73.5°"", ""Seat Tube"": ""574"", ""Seatpost Length"": ""380"", ""Seatpost Offset"": ""15"", ""Standover Height"": ""843"", ""Stem Angle"": ""-8"", ""Stem Length"": ""120"", ""Top Tube"": ""589"", ""Trail"": ""63"", ""Wheelbase"": ""1030""}",2699,false,https://es.bmc-switzerland.com/es/products/teammachine-slr-four-bikes-bmc-26a-000022,https://es.bmc-switzerland.com/es/products/teammachine-slr-four-bikes-bmc-26a-000022,html,2026-10-05
BMC,Roadmachine 01 ONE [8b5b754c],Roadmachine 01 ONE,,carretera,47,,47,,160,<160,cm,525,370,"{""Rider Height"": ""<160"", ""Reach"": ""370"", ""Stack"": ""525"", ""Bar Drop"": ""127"", ""Bar Reach"": ""68"", ""Bar Width"": ""400/436"", ""BB Drop"": ""75"", ""Crank Length"": ""165"", ""Fork Length"": ""379"", ""Fork Rake"": ""50"", ""Front Center"": ""579"", ""Head Tube"": ""112"", ""Head Tube Angle"": ""71.4°"", ""Rear Center"": ""415"", ""Seat Angle"": ""74.2°"", ""Seat Tube"": ""414"", ""Seatpost Length"": ""310"", ""Seatpost Offset"": ""0"", ""Standover Height"": ""726"", ""Stem Angle"": ""-12°"", ""Stem Length"": ""70"", ""Top Tube"": ""520"", ""Trail"": ""63"", ""Wheelbase"": ""982""}",9499,false,https://es.bmc-switzerland.com/es/products/roadmachine-01-one-bikes-bmc-27a-000016,https://es.bmc-switzerland.com/es/products/roadmachine-01-one-bikes-bmc-27a-000016,html,2026-10-05
BMC,Roadmachine 01 ONE [8b5b754c],Roadmachine 01 ONE,,carretera,51,,51,158,174,158-174,cm,550,379,"{""Rider Height"": ""158-174"", ""Reach"": ""379"", ""Stack"": ""550"", ""Bar Drop"": ""127"", ""Bar Reach"": ""68"", ""Bar Width"": ""400/436"", ""BB Drop"": ""75"", ""Crank Length"": ""167.5"", ""Fork Length"": ""379"", ""Fork Rake"": ""50"", ""Front Center"": ""596"", ""Head Tube"": ""138"", ""Head Tube Angle"": ""71.4°"", ""Rear Center"": ""415"", ""Seat Angle"": ""74.2°"", ""Seat Tube"": ""461"", ""Seatpost Length"": ""360"", ""Seatpost Offset"": ""0"", ""Standover Height"": ""762"", ""Stem Angle"": ""-12°"", ""Stem Length"": ""80"", ""Top Tube"": ""537"", ""Trail"": ""63"", ""Wheelbase"": ""1000""}",9499,false,https://es.bmc-switzerland.com/es/products/roadmachine-01-one-bikes-bmc-27a-000016,https://es.bmc-switzerland.com/es/products/roadmachine-01-one-bikes-bmc-27a-000016,html,2026-10-05
BMC,Roadmachine 01 ONE [8b5b754c],Roadmachine 01 ONE,,carretera,54,,54,172,180,172-180,cm,570,383,"{""Rider Height"": ""172-180"", ""Reach"": ""383"", ""Stack"": ""570"", ""Bar Drop"": ""127"", ""Bar Reach"": ""68"", ""Bar Width"": ""400/436"", ""BB Drop"": ""75"", ""Crank Length"": ""170"", ""Fork Length"": ""379"", ""Fork Rake"": ""45"", ""Front Center"": ""594"", ""Head Tube"": ""154"", ""Head Tube Angle"": ""72.2°"", ""Rear Center"": ""415"", ""Seat Angle"": ""74.2°"", ""Seat Tube"": ""488"", ""Seatpost Length"": ""360"", ""Seatpost Offset"": ""15"", ""Standover Height"": ""786"", ""Stem Angle"": ""-12°"", ""Stem Length"": ""90"", ""Top Tube"": ""546"", ""Trail"": ""63"", ""Wheelbase"": ""997""}",9499,false,https://es.bmc-switzerland.com/es/products/roadmachine-01-one-bikes-bmc-27a-000016,https://es.bmc-switzerland.com/es/products/roadmachine-01-one-bikes-bmc-27a-000016,html,2026-10-05
BMC,Roadmachine 01 ONE [8b5b754c],Roadmachine 01 ONE,,carretera,56,,56,178,186,178-186,cm,595,388,"{""Rider Height"": ""178-186"", ""Reach"": ""388"", ""Stack"": ""595"", ""Bar Drop"": ""127"", ""Bar Reach"": ""68"", ""Bar Width"": ""400/436"", ""BB Drop"": ""75"", ""Crank Length"": ""170"", ""Fork Length"": ""379"", ""Fork Rake"": ""45"", ""Front Center"": ""607"", ""Head Tube"": ""181"", ""Head Tube Angle"": ""72.2°"", ""Rear Center"": ""415"", ""Seat Angle"": ""74.2°"", ""Seat Tube"": ""508"", ""Seatpost Length"": ""360"", ""Seatpost Offset"": ""15"", ""Standover Height"": ""807"", ""Stem Angle"": ""-12°"", ""Stem Length"": ""100"", ""Top Tube"": ""559"", ""Trail"": ""63"", ""Wheelbase"": ""1010""}",9499,false,https://es.bmc-switzerland.com/es/products/roadmachine-01-one-bikes-bmc-27a-000016,https://es.bmc-switzerland.com/es/products/roadmachine-01-one-bikes-bmc-27a-000016,html,2026-10-05
BMC,Roadmachine 01 ONE [8b5b754c],Roadmachine 01 ONE,,carretera,58,,58,184,192,184-192,cm,620,393,"{""Rider Height"": ""184-192"", ""Reach"": ""393"", ""Stack"": ""620"", ""Bar Drop"": ""127"", ""Bar Reach"": ""68"", ""Bar Width"": ""400/436"", ""BB Drop"": ""75"", ""Crank Length"": ""172.5"", ""Fork Length"": ""379"", ""Fork Rake"": ""45"", ""Front Center"": ""620"", ""Head Tube"": ""207"", ""Head Tube Angle"": ""72.2°"", ""Rear Center"": ""415"", ""Seat Angle"": ""74.2°"", ""Seat Tube"": ""529"", ""Seatpost Length"": ""400"", ""Seatpost Offset"": ""15"", ""Standover Height"": ""828"", ""Stem Angle"": ""-12°"", ""Stem Length"": ""100"", ""Top Tube"": ""571"", ""Trail"": ""63"", ""Wheelbase"": ""1023""}",9499,false,https://es.bmc-switzerland.com/es/products/roadmachine-01-one-bikes-bmc-27a-000016,https://es.bmc-switzerland.com/es/products/roadmachine-01-one-bikes-bmc-27a-000016,html,2026-10-05
BMC,Roadmachine 01 ONE [8b5b754c],Roadmachine 01 ONE,,carretera,61,,61,190,,>190,cm,645,398,"{""Rider Height"": "">190"", ""Reach"": ""398"", ""Stack"": ""645"", ""Bar Drop"": ""127"", ""Bar Reach"": ""68"", ""Bar Width"": ""400/436"", ""BB Drop"": ""75"", ""Crank Length"": ""172.5"", ""Fork Length"": ""379"", ""Fork Rake"": ""45"", ""Front Center"": ""633"", ""Head Tube"": ""233"", ""Head Tube Angle"": ""72.2°"", ""Rear Center"": ""415"", ""Seat Angle"": ""74.2°"", ""Seat Tube"": ""550"", ""Seatpost Length"": ""400"", ""Seatpost Offset"": ""15"", ""Standover Height"": ""849"", ""Stem Angle"": ""-12°"", ""Stem Length"": ""110"", ""Top Tube"": ""581"", ""Trail"": ""63"", ""Wheelbase"": ""1036""}",9499,false,https://es.bmc-switzerland.com/es/products/roadmachine-01-one-bikes-bmc-27a-000016,https://es.bmc-switzerland.com/es/products/roadmachine-01-one-bikes-bmc-27a-000016,html,2026-10-05
BMC,Roadmachine 01 [12dc13f9],Roadmachine 01 TWO,,carretera,47,,47,,160,<160,cm,525,370,"{""Rider Height"": ""<160"", ""Reach"": ""370"", ""Stack"": ""525"", ""Bar Drop"": ""115"", ""Bar Reach"": ""64"", ""Bar Width"": ""390/435"", ""BB Drop"": ""75"", ""Crank Length"": ""170"", ""Fork Length"": ""379"", ""Fork Rake"": ""50"", ""Front Center"": ""579"", ""Head Tube"": ""112"", ""Head Tube Angle"": ""71.4°"", ""Rear Center"": ""415"", ""Seat Angle"": ""74.2°"", ""Seat Tube"": ""414"", ""Seatpost Length"": ""310"", ""Seatpost Offset"": ""0"", ""Standover Height"": ""726"", ""Stem Angle"": ""-12.5°"", ""Stem Length"": ""80"", ""Top Tube"": ""520"", ""Trail"": ""63"", ""Wheelbase"": ""982""}",7999,false,https://es.bmc-switzerland.com/es/products/roadmachine-01-two-bikes-bmc-27a-000015,https://es.bmc-switzerland.com/es/products/roadmachine-01-two-bikes-bmc-27a-000015,html,2026-10-05
BMC,Roadmachine 01 [12dc13f9],Roadmachine 01 TWO,,carretera,51,,51,158,174,158-174,cm,550,379,"{""Rider Height"": ""158-174"", ""Reach"": ""379"", ""Stack"": ""550"", ""Bar Drop"": ""115"", ""Bar Reach"": ""64"", ""Bar Width"": ""390/435"", ""BB Drop"": ""75"", ""Crank Length"": ""170"", ""Fork Length"": ""379"", ""Fork Rake"": ""50"", ""Front Center"": ""596"", ""Head Tube"": ""138"", ""Head Tube Angle"": ""71.4°"", ""Rear Center"": ""415"", ""Seat Angle"": ""74.2°"", ""Seat Tube"": ""461"", ""Seatpost Length"": ""360"", ""Seatpost Offset"": ""0"", ""Standover Height"": ""762"", ""Stem Angle"": ""-12.5°"", ""Stem Length"": ""80"", ""Top Tube"": ""537"", ""Trail"": ""63"", ""Wheelbase"": ""1000""}",7999,false,https://es.bmc-switzerland.com/es/products/roadmachine-01-two-bikes-bmc-27a-000015,https://es.bmc-switzerland.com/es/products/roadmachine-01-two-bikes-bmc-27a-000015,html,2026-10-05
BMC,Roadmachine 01 [12dc13f9],Roadmachine 01 TWO,,carretera,54,,54,172,180,172-180,cm,570,383,"{""Rider Height"": ""172-180"", ""Reach"": ""383"", ""Stack"": ""570"", ""Bar Drop"": ""115"", ""Bar Reach"": ""64"", ""Bar Width"": ""390/435"", ""BB Drop"": ""75"", ""Crank Length"": ""172.5"", ""Fork Length"": ""379"", ""Fork Rake"": ""45"", ""Front Center"": ""594"", ""Head Tube"": ""154"", ""Head Tube Angle"": ""72.2°"", ""Rear Center"": ""415"", ""Seat Angle"": ""74.2°"", ""Seat Tube"": ""488"", ""Seatpost Length"": ""360"", ""Seatpost Offset"": ""15"", ""Standover Height"": ""786"", ""Stem Angle"": ""-12.5°"", ""Stem Length"": ""90"", ""Top Tube"": ""546"", ""Trail"": ""63"", ""Wheelbase"": ""997""}",7999,false,https://es.bmc-switzerland.com/es/products/roadmachine-01-two-bikes-bmc-27a-000015,https://es.bmc-switzerland.com/es/products/roadmachine-01-two-bikes-bmc-27a-000015,html,2026-10-05
BMC,Roadmachine 01 [12dc13f9],Roadmachine 01 TWO,,carretera,56,,56,178,186,178-186,cm,595,388,"{""Rider Height"": ""178-186"", ""Reach"": ""388"", ""Stack"": ""595"", ""Bar Drop"": ""115"", ""Bar Reach"": ""64"", ""Bar Width"": ""410/455"", ""BB Drop"": ""75"", ""Crank Length"": ""172.5"", ""Fork Length"": ""379"", ""Fork Rake"": ""45"", ""Front Center"": ""607"", ""Head Tube"": ""181"", ""Head Tube Angle"": ""72.2°"", ""Rear Center"": ""415"", ""Seat Angle"": ""74.2°"", ""Seat Tube"": ""508"", ""Seatpost Length"": ""360"", ""Seatpost Offset"": ""15"", ""Standover Height"": ""807"", ""Stem Angle"": ""-12.5°"", ""Stem Length"": ""100"", ""Top Tube"": ""559"", ""Trail"": ""63"", ""Wheelbase"": ""1010""}",7999,false,https://es.bmc-switzerland.com/es/products/roadmachine-01-two-bikes-bmc-27a-000015,https://es.bmc-switzerland.com/es/products/roadmachine-01-two-bikes-bmc-27a-000015,html,2026-10-05
BMC,Roadmachine 01 [12dc13f9],Roadmachine 01 TWO,,carretera,58,,58,184,192,184-192,cm,620,393,"{""Rider Height"": ""184-192"", ""Reach"": ""393"", ""Stack"": ""620"", ""Bar Drop"": ""115"", ""Bar Reach"": ""64"", ""Bar Width"": ""410/455"", ""BB Drop"": ""75"", ""Crank Length"": ""175"", ""Fork Length"": ""379"", ""Fork Rake"": ""45"", ""Front Center"": ""620"", ""Head Tube"": ""207"", ""Head Tube Angle"": ""72.2°"", ""Rear Center"": ""415"", ""Seat Angle"": ""74.2°"", ""Seat Tube"": ""529"", ""Seatpost Length"": ""400"", ""Seatpost Offset"": ""15"", ""Standover Height"": ""828"", ""Stem Angle"": ""-12.5°"", ""Stem Length"": ""100"", ""Top Tube"": ""571"", ""Trail"": ""63"", ""Wheelbase"": ""1023""}",7999,false,https://es.bmc-switzerland.com/es/products/roadmachine-01-two-bikes-bmc-27a-000015,https://es.bmc-switzerland.com/es/products/roadmachine-01-two-bikes-bmc-27a-000015,html,2026-10-05
BMC,Roadmachine 01 [12dc13f9],Roadmachine 01 TWO,,carretera,61,,61,190,,>190,cm,645,398,"{""Rider Height"": "">190"", ""Reach"": ""398"", ""Stack"": ""645"", ""Bar Drop"": ""115"", ""Bar Reach"": ""64"", ""Bar Width"": ""410/455"", ""BB Drop"": ""75"", ""Crank Length"": ""175"", ""Fork Length"": ""379"", ""Fork Rake"": ""45"", ""Front Center"": ""633"", ""Head Tube"": ""233"", ""Head Tube Angle"": ""72.2°"", ""Rear Center"": ""415"", ""Seat Angle"": ""74.2°"", ""Seat Tube"": ""550"", ""Seatpost Length"": ""400"", ""Seatpost Offset"": ""15"", ""Standover Height"": ""849"", ""Stem Angle"": ""-12.5°"", ""Stem Length"": ""110"", ""Top Tube"": ""581"", ""Trail"": ""63"", ""Wheelbase"": ""1036""}",7999,false,https://es.bmc-switzerland.com/es/products/roadmachine-01-two-bikes-bmc-27a-000015,https://es.bmc-switzerland.com/es/products/roadmachine-01-two-bikes-bmc-27a-000015,html,2026-10-05
BMC,Roadmachine 01 [12dc13f9],Roadmachine 01 THREE,,carretera,47,,47,,160,<160,cm,525,370,"{""Rider Height"": ""<160"", ""Reach"": ""370"", ""Stack"": ""525"", ""Bar Drop"": ""115"", ""Bar Reach"": ""64"", ""Bar Width"": ""390/435"", ""BB Drop"": ""75"", ""Crank Length"": ""165"", ""Fork Length"": ""379"", ""Fork Rake"": ""50"", ""Front Center"": ""579"", ""Head Tube"": ""112"", ""Head Tube Angle"": ""71.4°"", ""Rear Center"": ""415"", ""Seat Angle"": ""74.2°"", ""Seat Tube"": ""414"", ""Seatpost Length"": ""310"", ""Seatpost Offset"": ""0"", ""Standover Height"": ""726"", ""Stem Angle"": ""-12.5°"", ""Stem Length"": ""80"", ""Top Tube"": ""520"", ""Trail"": ""63"", ""Wheelbase"": ""982""}",6999,false,https://es.bmc-switzerland.com/es/products/roadmachine-01-three-bikes-bmc-27a-000014,https://es.bmc-switzerland.com/es/products/roadmachine-01-three-bikes-bmc-27a-000014,html,2026-10-05
BMC,Roadmachine 01 [12dc13f9],Roadmachine 01 THREE,,carretera,51,,51,158,174,158-174,cm,550,379,"{""Rider Height"": ""158-174"", ""Reach"": ""379"", ""Stack"": ""550"", ""Bar Drop"": ""115"", ""Bar Reach"": ""64"", ""Bar Width"": ""390/435"", ""BB Drop"": ""75"", ""Crank Length"": ""170"", ""Fork Length"": ""379"", ""Fork Rake"": ""50"", ""Front Center"": ""596"", ""Head Tube"": ""138"", ""Head Tube Angle"": ""71.4°"", ""Rear Center"": ""415"", ""Seat Angle"": ""74.2°"", ""Seat Tube"": ""461"", ""Seatpost Length"": ""360"", ""Seatpost Offset"": ""0"", ""Standover Height"": ""762"", ""Stem Angle"": ""-12.5°"", ""Stem Length"": ""80"", ""Top Tube"": ""537"", ""Trail"": ""63"", ""Wheelbase"": ""1000""}",6999,false,https://es.bmc-switzerland.com/es/products/roadmachine-01-three-bikes-bmc-27a-000014,https://es.bmc-switzerland.com/es/products/roadmachine-01-three-bikes-bmc-27a-000014,html,2026-10-05
BMC,Roadmachine 01 [12dc13f9],Roadmachine 01 THREE,,carretera,54,,54,172,180,172-180,cm,570,383,"{""Rider Height"": ""172-180"", ""Reach"": ""383"", ""Stack"": ""570"", ""Bar Drop"": ""115"", ""Bar Reach"": ""64"", ""Bar Width"": ""390/435"", ""BB Drop"": ""75"", ""Crank Length"": ""170"", ""Fork Length"": ""379"", ""Fork Rake"": ""45"", ""Front Center"": ""594"", ""Head Tube"": ""154"", ""Head Tube Angle"": ""72.2°"", ""Rear Center"": ""415"", ""Seat Angle"": ""74.2°"", ""Seat Tube"": ""488"", ""Seatpost Length"": ""360"", ""Seatpost Offset"": ""15"", ""Standover Height"": ""786"", ""Stem Angle"": ""-12.5°"", ""Stem Length"": ""90"", ""Top Tube"": ""546"", ""Trail"": ""63"", ""Wheelbase"": ""997""}",6999,false,https://es.bmc-switzerland.com/es/products/roadmachine-01-three-bikes-bmc-27a-000014,https://es.bmc-switzerland.com/es/products/roadmachine-01-three-bikes-bmc-27a-000014,html,2026-10-05
BMC,Roadmachine 01 [12dc13f9],Roadmachine 01 THREE,,carretera,56,,56,178,186,178-186,cm,595,388,"{""Rider Height"": ""178-186"", ""Reach"": ""388"", ""Stack"": ""595"", ""Bar Drop"": ""115"", ""Bar Reach"": ""64"", ""Bar Width"": ""410/455"", ""BB Drop"": ""75"", ""Crank Length"": ""170"", ""Fork Length"": ""379"", ""Fork Rake"": ""45"", ""Front Center"": ""607"", ""Head Tube"": ""181"", ""Head Tube Angle"": ""72.2°"", ""Rear Center"": ""415"", ""Seat Angle"": ""74.2°"", ""Seat Tube"": ""508"", ""Seatpost Length"": ""360"", ""Seatpost Offset"": ""15"", ""Standover Height"": ""807"", ""Stem Angle"": ""-12.5°"", ""Stem Length"": ""100"", ""Top Tube"": ""559"", ""Trail"": ""63"", ""Wheelbase"": ""1010""}",6999,false,https://es.bmc-switzerland.com/es/products/roadmachine-01-three-bikes-bmc-27a-000014,https://es.bmc-switzerland.com/es/products/roadmachine-01-three-bikes-bmc-27a-000014,html,2026-10-05
BMC,Roadmachine 01 [12dc13f9],Roadmachine 01 THREE,,carretera,58,,58,184,192,184-192,cm,620,393,"{""Rider Height"": ""184-192"", ""Reach"": ""393"", ""Stack"": ""620"", ""Bar Drop"": ""115"", ""Bar Reach"": ""64"", ""Bar Width"": ""410/455"", ""BB Drop"": ""75"", ""Crank Length"": ""172.5"", ""Fork Length"": ""379"", ""Fork Rake"": ""45"", ""Front Center"": ""620"", ""Head Tube"": ""207"", ""Head Tube Angle"": ""72.2°"", ""Rear Center"": ""415"", ""Seat Angle"": ""74.2°"", ""Seat Tube"": ""529"", ""Seatpost Length"": ""400"", ""Seatpost Offset"": ""15"", ""Standover Height"": ""828"", ""Stem Angle"": ""-12.5°"", ""Stem Length"": ""100"", ""Top Tube"": ""571"", ""Trail"": ""63"", ""Wheelbase"": ""1023""}",6999,false,https://es.bmc-switzerland.com/es/products/roadmachine-01-three-bikes-bmc-27a-000014,https://es.bmc-switzerland.com/es/products/roadmachine-01-three-bikes-bmc-27a-000014,html,2026-10-05
BMC,Roadmachine 01 [12dc13f9],Roadmachine 01 THREE,,carretera,61,,61,190,,>190,cm,645,398,"{""Rider Height"": "">190"", ""Reach"": ""398"", ""Stack"": ""645"", ""Bar Drop"": ""115"", ""Bar Reach"": ""64"", ""Bar Width"": ""410/455"", ""BB Drop"": ""75"", ""Crank Length"": ""172.5"", ""Fork Length"": ""379"", ""Fork Rake"": ""45"", ""Front Center"": ""633"", ""Head Tube"": ""233"", ""Head Tube Angle"": ""72.2°"", ""Rear Center"": ""415"", ""Seat Angle"": ""74.2°"", ""Seat Tube"": ""550"", ""Seatpost Length"": ""400"", ""Seatpost Offset"": ""15"", ""Standover Height"": ""849"", ""Stem Angle"": ""-12.5°"", ""Stem Length"": ""110"", ""Top Tube"": ""581"", ""Trail"": ""63"", ""Wheelbase"": ""1036""}",6999,false,https://es.bmc-switzerland.com/es/products/roadmachine-01-three-bikes-bmc-27a-000014,https://es.bmc-switzerland.com/es/products/roadmachine-01-three-bikes-bmc-27a-000014,html,2026-10-05
BMC,Roadmachine [d750ff77],Roadmachine ONE,,carretera,47,,47,,160,<160,cm,525,370,"{""Rider Height"": ""<160"", ""Reach"": ""370"", ""Stack"": ""525"", ""Bar Drop"": ""125"", ""Bar Reach"": ""70"", ""Bar Width"": ""390/438"", ""BB Drop"": ""75"", ""Crank Length"": ""165"", ""Fork Length"": ""379"", ""Fork Rake"": ""50"", ""Front Center"": ""579"", ""Head Tube"": ""112"", ""Head Tube Angle"": ""71.4°"", ""Rear Center"": ""415"", ""Seat Angle"": ""74.2°"", ""Seat Tube"": ""414"", ""Seatpost Length"": ""310"", ""Seatpost Offset"": ""0"", ""Standover Height"": ""726"", ""Stem Angle"": ""-8°"", ""Stem Length"": ""70"", ""Top Tube"": ""520"", ""Trail"": ""63"", ""Wheelbase"": ""982""}",3999,false,https://es.bmc-switzerland.com/es/products/roadmachine-one-bikes-bmc-27a-000008,https://es.bmc-switzerland.com/es/products/roadmachine-one-bikes-bmc-27a-000008,html,2026-10-05
BMC,Roadmachine [d750ff77],Roadmachine ONE,,carretera,51,,51,158,174,158-174,cm,550,379,"{""Rider Height"": ""158-174"", ""Reach"": ""379"", ""Stack"": ""550"", ""Bar Drop"": ""125"", ""Bar Reach"": ""70"", ""Bar Width"": ""390/438"", ""BB Drop"": ""75"", ""Crank Length"": ""170"", ""Fork Length"": ""379"", ""Fork Rake"": ""50"", ""Front Center"": ""596"", ""Head Tube"": ""138"", ""Head Tube Angle"": ""71.4°"", ""Rear Center"": ""415"", ""Seat Angle"": ""74.2°"", ""Seat Tube"": ""461"", ""Seatpost Length"": ""360"", ""Seatpost Offset"": ""0"", ""Standover Height"": ""762"", ""Stem Angle"": ""-8°"", ""Stem Length"": ""80"", ""Top Tube"": ""537"", ""Trail"": ""63"", ""Wheelbase"": ""1000""}",3999,false,https://es.bmc-switzerland.com/es/products/roadmachine-one-bikes-bmc-27a-000008,https://es.bmc-switzerland.com/es/products/roadmachine-one-bikes-bmc-27a-000008,html,2026-10-05
BMC,Roadmachine [d750ff77],Roadmachine ONE,,carretera,54,,54,172,180,172-180,cm,570,383,"{""Rider Height"": ""172-180"", ""Reach"": ""383"", ""Stack"": ""570"", ""Bar Drop"": ""125"", ""Bar Reach"": ""70"", ""Bar Width"": ""390/438"", ""BB Drop"": ""75"", ""Crank Length"": ""170"", ""Fork Length"": ""379"", ""Fork Rake"": ""45"", ""Front Center"": ""594"", ""Head Tube"": ""154"", ""Head Tube Angle"": ""72.2°"", ""Rear Center"": ""415"", ""Seat Angle"": ""74.2°"", ""Seat Tube"": ""488"", ""Seatpost Length"": ""360"", ""Seatpost Offset"": ""15"", ""Standover Height"": ""786"", ""Stem Angle"": ""-8°"", ""Stem Length"": ""90"", ""Top Tube"": ""546"", ""Trail"": ""63"", ""Wheelbase"": ""997""}",3999,false,https://es.bmc-switzerland.com/es/products/roadmachine-one-bikes-bmc-27a-000008,https://es.bmc-switzerland.com/es/products/roadmachine-one-bikes-bmc-27a-000008,html,2026-10-05
BMC,Roadmachine [d750ff77],Roadmachine ONE,,carretera,56,,56,178,186,178-186,cm,595,388,"{""Rider Height"": ""178-186"", ""Reach"": ""388"", ""Stack"": ""595"", ""Bar Drop"": ""125"", ""Bar Reach"": ""70"", ""Bar Width"": ""410/458"", ""BB Drop"": ""75"", ""Crank Length"": ""170"", ""Fork Length"": ""379"", ""Fork Rake"": ""45"", ""Front Center"": ""607"", ""Head Tube"": ""181"", ""Head Tube Angle"": ""72.2°"", ""Rear Center"": ""415"", ""Seat Angle"": ""74.2°"", ""Seat Tube"": ""508"", ""Seatpost Length"": ""360"", ""Seatpost Offset"": ""15"", ""Standover Height"": ""807"", ""Stem Angle"": ""-8°"", ""Stem Length"": ""100"", ""Top Tube"": ""559"", ""Trail"": ""63"", ""Wheelbase"": ""1010""}",3999,false,https://es.bmc-switzerland.com/es/products/roadmachine-one-bikes-bmc-27a-000008,https://es.bmc-switzerland.com/es/products/roadmachine-one-bikes-bmc-27a-000008,html,2026-10-05
BMC,Roadmachine [d750ff77],Roadmachine ONE,,carretera,58,,58,184,192,184-192,cm,620,393,"{""Rider Height"": ""184-192"", ""Reach"": ""393"", ""Stack"": ""620"", ""Bar Drop"": ""125"", ""Bar Reach"": ""70"", ""Bar Width"": ""410/458"", ""BB Drop"": ""75"", ""Crank Length"": ""172.5"", ""Fork Length"": ""379"", ""Fork Rake"": ""45"", ""Front Center"": ""620"", ""Head Tube"": ""207"", ""Head Tube Angle"": ""72.2°"", ""Rear Center"": ""415"", ""Seat Angle"": ""74.2°"", ""Seat Tube"": ""529"", ""Seatpost Length"": ""400"", ""Seatpost Offset"": ""15"", ""Standover Height"": ""828"", ""Stem Angle"": ""-8°"", ""Stem Length"": ""100"", ""Top Tube"": ""571"", ""Trail"": ""63"", ""Wheelbase"": ""1023""}",3999,false,https://es.bmc-switzerland.com/es/products/roadmachine-one-bikes-bmc-27a-000008,https://es.bmc-switzerland.com/es/products/roadmachine-one-bikes-bmc-27a-000008,html,2026-10-05
BMC,Roadmachine [d750ff77],Roadmachine ONE,,carretera,61,,61,190,,>190,cm,645,398,"{""Rider Height"": "">190"", ""Reach"": ""398"", ""Stack"": ""645"", ""Bar Drop"": ""125"", ""Bar Reach"": ""70"", ""Bar Width"": ""430/478"", ""BB Drop"": ""75"", ""Crank Length"": ""172.5"", ""Fork Length"": ""379"", ""Fork Rake"": ""45"", ""Front Center"": ""633"", ""Head Tube"": ""233"", ""Head Tube Angle"": ""72.2°"", ""Rear Center"": ""415"", ""Seat Angle"": ""74.2°"", ""Seat Tube"": ""550"", ""Seatpost Length"": ""400"", ""Seatpost Offset"": ""15"", ""Standover Height"": ""849"", ""Stem Angle"": ""-8°"", ""Stem Length"": ""110"", ""Top Tube"": ""581"", ""Trail"": ""63"", ""Wheelbase"": ""1036""}",3999,false,https://es.bmc-switzerland.com/es/products/roadmachine-one-bikes-bmc-27a-000008,https://es.bmc-switzerland.com/es/products/roadmachine-one-bikes-bmc-27a-000008,html,2026-10-05
BMC,Roadmachine [d750ff77],Roadmachine Two,,carretera,47,,47,,160,<160,cm,525,370,"{""Rider Height"": ""<160"", ""Reach"": ""370"", ""Stack"": ""525"", ""Bar Drop"": ""125"", ""Bar Reach"": ""70"", ""Bar Width"": ""390/438"", ""BB Drop"": ""75"", ""Crank Length"": ""165"", ""Fork Length"": ""379"", ""Fork Rake"": ""50"", ""Front Center"": ""579"", ""Head Tube"": ""112"", ""Head Tube Angle"": ""71.4°"", ""Rear Center"": ""415"", ""Seat Angle"": ""74.2°"", ""Seat Tube"": ""414"", ""Seatpost Length"": ""310"", ""Seatpost Offset"": ""0"", ""Standover Height"": ""726"", ""Stem Angle"": ""-8°"", ""Stem Length"": ""70"", ""Top Tube"": ""520"", ""Trail"": ""63"", ""Wheelbase"": ""982""}",2999,false,https://es.bmc-switzerland.com/es/products/roadmachine-two-bikes-bmc-27a-000012,https://es.bmc-switzerland.com/es/products/roadmachine-two-bikes-bmc-27a-000012,html,2026-10-05
BMC,Roadmachine [d750ff77],Roadmachine Two,,carretera,51,,51,158,174,158-174,cm,550,379,"{""Rider Height"": ""158-174"", ""Reach"": ""379"", ""Stack"": ""550"", ""Bar Drop"": ""125"", ""Bar Reach"": ""70"", ""Bar Width"": ""390/438"", ""BB Drop"": ""75"", ""Crank Length"": ""170"", ""Fork Length"": ""379"", ""Fork Rake"": ""50"", ""Front Center"": ""596"", ""Head Tube"": ""138"", ""Head Tube Angle"": ""71.4°"", ""Rear Center"": ""415"", ""Seat Angle"": ""74.2°"", ""Seat Tube"": ""461"", ""Seatpost Length"": ""360"", ""Seatpost Offset"": ""0"", ""Standover Height"": ""762"", ""Stem Angle"": ""-8°"", ""Stem Length"": ""80"", ""Top Tube"": ""537"", ""Trail"": ""63"", ""Wheelbase"": ""1000""}",2999,false,https://es.bmc-switzerland.com/es/products/roadmachine-two-bikes-bmc-27a-000012,https://es.bmc-switzerland.com/es/products/roadmachine-two-bikes-bmc-27a-000012,html,2026-10-05
BMC,Roadmachine [d750ff77],Roadmachine Two,,carretera,54,,54,172,180,172-180,cm,570,383,"{""Rider Height"": ""172-180"", ""Reach"": ""383"", ""Stack"": ""570"", ""Bar Drop"": ""125"", ""Bar Reach"": ""70"", ""Bar Width"": ""390/438"", ""BB Drop"": ""75"", ""Crank Length"": ""170"", ""Fork Length"": ""379"", ""Fork Rake"": ""45"", ""Front Center"": ""594"", ""Head Tube"": ""154"", ""Head Tube Angle"": ""72.2°"", ""Rear Center"": ""415"", ""Seat Angle"": ""74.2°"", ""Seat Tube"": ""488"", ""Seatpost Length"": ""360"", ""Seatpost Offset"": ""15"", ""Standover Height"": ""786"", ""Stem Angle"": ""-8°"", ""Stem Length"": ""90"", ""Top Tube"": ""546"", ""Trail"": ""63"", ""Wheelbase"": ""997""}",2999,false,https://es.bmc-switzerland.com/es/products/roadmachine-two-bikes-bmc-27a-000012,https://es.bmc-switzerland.com/es/products/roadmachine-two-bikes-bmc-27a-000012,html,2026-10-05
BMC,Roadmachine [d750ff77],Roadmachine Two,,carretera,56,,56,178,186,178-186,cm,595,388,"{""Rider Height"": ""178-186"", ""Reach"": ""388"", ""Stack"": ""595"", ""Bar Drop"": ""125"", ""Bar Reach"": ""70"", ""Bar Width"": ""410/458"", ""BB Drop"": ""75"", ""Crank Length"": ""170"", ""Fork Length"": ""379"", ""Fork Rake"": ""45"", ""Front Center"": ""607"", ""Head Tube"": ""181"", ""Head Tube Angle"": ""72.2°"", ""Rear Center"": ""415"", ""Seat Angle"": ""74.2°"", ""Seat Tube"": ""508"", ""Seatpost Length"": ""360"", ""Seatpost Offset"": ""15"", ""Standover Height"": ""807"", ""Stem Angle"": ""-8°"", ""Stem Length"": ""100"", ""Top Tube"": ""559"", ""Trail"": ""63"", ""Wheelbase"": ""1010""}",2999,false,https://es.bmc-switzerland.com/es/products/roadmachine-two-bikes-bmc-27a-000012,https://es.bmc-switzerland.com/es/products/roadmachine-two-bikes-bmc-27a-000012,html,2026-10-05
BMC,Roadmachine [d750ff77],Roadmachine Two,,carretera,58,,58,184,192,184-192,cm,620,393,"{""Rider Height"": ""184-192"", ""Reach"": ""393"", ""Stack"": ""620"", ""Bar Drop"": ""125"", ""Bar Reach"": ""70"", ""Bar Width"": ""410/458"", ""BB Drop"": ""75"", ""Crank Length"": ""172.5"", ""Fork Length"": ""379"", ""Fork Rake"": ""45"", ""Front Center"": ""620"", ""Head Tube"": ""207"", ""Head Tube Angle"": ""72.2°"", ""Rear Center"": ""415"", ""Seat Angle"": ""74.2°"", ""Seat Tube"": ""529"", ""Seatpost Length"": ""400"", ""Seatpost Offset"": ""15"", ""Standover Height"": ""828"", ""Stem Angle"": ""-8°"", ""Stem Length"": ""100"", ""Top Tube"": ""571"", ""Trail"": ""63"", ""Wheelbase"": ""1023""}",2999,false,https://es.bmc-switzerland.com/es/products/roadmachine-two-bikes-bmc-27a-000012,https://es.bmc-switzerland.com/es/products/roadmachine-two-bikes-bmc-27a-000012,html,2026-10-05
BMC,Roadmachine [d750ff77],Roadmachine Two,,carretera,61,,61,190,,>190,cm,645,398,"{""Rider Height"": "">190"", ""Reach"": ""398"", ""Stack"": ""645"", ""Bar Drop"": ""125"", ""Bar Reach"": ""70"", ""Bar Width"": ""430/478"", ""BB Drop"": ""75"", ""Crank Length"": ""172.5"", ""Fork Length"": ""379"", ""Fork Rake"": ""45"", ""Front Center"": ""633"", ""Head Tube"": ""233"", ""Head Tube Angle"": ""72.2°"", ""Rear Center"": ""415"", ""Seat Angle"": ""74.2°"", ""Seat Tube"": ""550"", ""Seatpost Length"": ""400"", ""Seatpost Offset"": ""15"", ""Standover Height"": ""849"", ""Stem Angle"": ""-8°"", ""Stem Length"": ""110"", ""Top Tube"": ""581"", ""Trail"": ""63"", ""Wheelbase"": ""1036""}",2999,false,https://es.bmc-switzerland.com/es/products/roadmachine-two-bikes-bmc-27a-000012,https://es.bmc-switzerland.com/es/products/roadmachine-two-bikes-bmc-27a-000012,html,2026-10-05
BMC,Roadmachine [d750ff77],Roadmachine Three,,carretera,47,,47,,160,<160,cm,525,370,"{""Rider Height"": ""<160"", ""Reach"": ""370"", ""Stack"": ""525"", ""Bar Drop"": ""125"", ""Bar Reach"": ""70"", ""Bar Width"": ""390/438"", ""BB Drop"": ""75"", ""Crank Length"": ""165"", ""Fork Length"": ""379"", ""Fork Rake"": ""50"", ""Front Center"": ""579"", ""Head Tube"": ""112"", ""Head Tube Angle"": ""71.4°"", ""Rear Center"": ""415"", ""Seat Angle"": ""74.2°"", ""Seat Tube"": ""414"", ""Seatpost Length"": ""310"", ""Seatpost Offset"": ""0"", ""Standover Height"": ""726"", ""Stem Angle"": ""-8°"", ""Stem Length"": ""70"", ""Top Tube"": ""520"", ""Trail"": ""63"", ""Wheelbase"": ""982""}",2499,false,https://es.bmc-switzerland.com/es/products/roadmachine-three-bikes-bmc-27a-000009,https://es.bmc-switzerland.com/es/products/roadmachine-three-bikes-bmc-27a-000009,html,2026-10-05
BMC,Roadmachine [d750ff77],Roadmachine Three,,carretera,51,,51,158,174,158-174,cm,550,379,"{""Rider Height"": ""158-174"", ""Reach"": ""379"", ""Stack"": ""550"", ""Bar Drop"": ""125"", ""Bar Reach"": ""70"", ""Bar Width"": ""390/438"", ""BB Drop"": ""75"", ""Crank Length"": ""170"", ""Fork Length"": ""379"", ""Fork Rake"": ""50"", ""Front Center"": ""596"", ""Head Tube"": ""138"", ""Head Tube Angle"": ""71.4°"", ""Rear Center"": ""415"", ""Seat Angle"": ""74.2°"", ""Seat Tube"": ""461"", ""Seatpost Length"": ""360"", ""Seatpost Offset"": ""0"", ""Standover Height"": ""762"", ""Stem Angle"": ""-8°"", ""Stem Length"": ""80"", ""Top Tube"": ""537"", ""Trail"": ""63"", ""Wheelbase"": ""1000""}",2499,false,https://es.bmc-switzerland.com/es/products/roadmachine-three-bikes-bmc-27a-000009,https://es.bmc-switzerland.com/es/products/roadmachine-three-bikes-bmc-27a-000009,html,2026-10-05
BMC,Roadmachine [d750ff77],Roadmachine Three,,carretera,54,,54,172,180,172-180,cm,570,383,"{""Rider Height"": ""172-180"", ""Reach"": ""383"", ""Stack"": ""570"", ""Bar Drop"": ""125"", ""Bar Reach"": ""70"", ""Bar Width"": ""390/438"", ""BB Drop"": ""75"", ""Crank Length"": ""170"", ""Fork Length"": ""379"", ""Fork Rake"": ""45"", ""Front Center"": ""594"", ""Head Tube"": ""154"", ""Head Tube Angle"": ""72.2°"", ""Rear Center"": ""415"", ""Seat Angle"": ""74.2°"", ""Seat Tube"": ""488"", ""Seatpost Length"": ""360"", ""Seatpost Offset"": ""15"", ""Standover Height"": ""786"", ""Stem Angle"": ""-8°"", ""Stem Length"": ""90"", ""Top Tube"": ""546"", ""Trail"": ""63"", ""Wheelbase"": ""997""}",2499,false,https://es.bmc-switzerland.com/es/products/roadmachine-three-bikes-bmc-27a-000009,https://es.bmc-switzerland.com/es/products/roadmachine-three-bikes-bmc-27a-000009,html,2026-10-05
BMC,Roadmachine [d750ff77],Roadmachine Three,,carretera,56,,56,178,186,178-186,cm,595,388,"{""Rider Height"": ""178-186"", ""Reach"": ""388"", ""Stack"": ""595"", ""Bar Drop"": ""125"", ""Bar Reach"": ""70"", ""Bar Width"": ""410/458"", ""BB Drop"": ""75"", ""Crank Length"": ""170"", ""Fork Length"": ""379"", ""Fork Rake"": ""45"", ""Front Center"": ""607"", ""Head Tube"": ""181"", ""Head Tube Angle"": ""72.2°"", ""Rear Center"": ""415"", ""Seat Angle"": ""74.2°"", ""Seat Tube"": ""508"", ""Seatpost Length"": ""360"", ""Seatpost Offset"": ""15"", ""Standover Height"": ""807"", ""Stem Angle"": ""-8°"", ""Stem Length"": ""100"", ""Top Tube"": ""559"", ""Trail"": ""63"", ""Wheelbase"": ""1010""}",2499,false,https://es.bmc-switzerland.com/es/products/roadmachine-three-bikes-bmc-27a-000009,https://es.bmc-switzerland.com/es/products/roadmachine-three-bikes-bmc-27a-000009,html,2026-10-05
BMC,Roadmachine [d750ff77],Roadmachine Three,,carretera,58,,58,184,192,184-192,cm,620,393,"{""Rider Height"": ""184-192"", ""Reach"": ""393"", ""Stack"": ""620"", ""Bar Drop"": ""125"", ""Bar Reach"": ""70"", ""Bar Width"": ""410/458"", ""BB Drop"": ""75"", ""Crank Length"": ""172.5"", ""Fork Length"": ""379"", ""Fork Rake"": ""45"", ""Front Center"": ""620"", ""Head Tube"": ""207"", ""Head Tube Angle"": ""72.2°"", ""Rear Center"": ""415"", ""Seat Angle"": ""74.2°"", ""Seat Tube"": ""529"", ""Seatpost Length"": ""400"", ""Seatpost Offset"": ""15"", ""Standover Height"": ""828"", ""Stem Angle"": ""-8°"", ""Stem Length"": ""100"", ""Top Tube"": ""571"", ""Trail"": ""63"", ""Wheelbase"": ""1023""}",2499,false,https://es.bmc-switzerland.com/es/products/roadmachine-three-bikes-bmc-27a-000009,https://es.bmc-switzerland.com/es/products/roadmachine-three-bikes-bmc-27a-000009,html,2026-10-05
BMC,Roadmachine [d750ff77],Roadmachine Three,,carretera,61,,61,190,,>190,cm,645,398,"{""Rider Height"": "">190"", ""Reach"": ""398"", ""Stack"": ""645"", ""Bar Drop"": ""125"", ""Bar Reach"": ""70"", ""Bar Width"": ""430/478"", ""BB Drop"": ""75"", ""Crank Length"": ""172.5"", ""Fork Length"": ""379"", ""Fork Rake"": ""45"", ""Front Center"": ""633"", ""Head Tube"": ""233"", ""Head Tube Angle"": ""72.2°"", ""Rear Center"": ""415"", ""Seat Angle"": ""74.2°"", ""Seat Tube"": ""550"", ""Seatpost Length"": ""400"", ""Seatpost Offset"": ""15"", ""Standover Height"": ""849"", ""Stem Angle"": ""-8°"", ""Stem Length"": ""110"", ""Top Tube"": ""581"", ""Trail"": ""63"", ""Wheelbase"": ""1036""}",2499,false,https://es.bmc-switzerland.com/es/products/roadmachine-three-bikes-bmc-27a-000009,https://es.bmc-switzerland.com/es/products/roadmachine-three-bikes-bmc-27a-000009,html,2026-10-05
BMC,Roadmachine 01 FOUR [70d784f5],Roadmachine 01 FOUR,,carretera,47,,47,,160,<160,cm,525,370,"{""Rider Height"": ""<160"", ""Reach"": ""370"", ""Stack"": ""525"", ""Bar Drop"": ""125"", ""Bar Reach"": ""80"", ""Bar Width"": ""400"", ""BB Drop"": ""75"", ""Crank Length"": ""170"", ""Fork Length"": ""379"", ""Fork Rake"": ""50"", ""Front Center"": ""579"", ""Head Tube"": ""112"", ""Head Tube Angle"": ""71.4°"", ""Rear Center"": ""415"", ""Seat Angle"": ""74.2°"", ""Seat Tube"": ""414"", ""Seatpost Length"": ""280"", ""Seatpost Offset"": ""15"", ""Standover Height"": ""726"", ""Stem Angle"": ""-12.5"", ""Stem Length"": ""80"", ""Top Tube"": ""520"", ""Trail"": ""63"", ""Wheelbase"": ""982""}",7999,false,https://es.bmc-switzerland.com/es/products/roadmachine-01-four-bikes-bmc-26a-000026,https://es.bmc-switzerland.com/es/products/roadmachine-01-four-bikes-bmc-26a-000026,html,2026-10-05
BMC,Roadmachine 01 FOUR [70d784f5],Roadmachine 01 FOUR,,carretera,51,,51,158,174,158-174,cm,550,379,"{""Rider Height"": ""158-174"", ""Reach"": ""379"", ""Stack"": ""550"", ""Bar Drop"": ""125"", ""Bar Reach"": ""80"", ""Bar Width"": ""420"", ""BB Drop"": ""75"", ""Crank Length"": ""170"", ""Fork Length"": ""379"", ""Fork Rake"": ""50"", ""Front Center"": ""596"", ""Head Tube"": ""138"", ""Head Tube Angle"": ""71.4°"", ""Rear Center"": ""415"", ""Seat Angle"": ""74.2°"", ""Seat Tube"": ""461"", ""Seatpost Length"": ""320"", ""Seatpost Offset"": ""15"", ""Standover Height"": ""762"", ""Stem Angle"": ""-12"", ""Stem Length"": ""90"", ""Top Tube"": ""537"", ""Trail"": ""63"", ""Wheelbase"": ""1000""}",7999,false,https://es.bmc-switzerland.com/es/products/roadmachine-01-four-bikes-bmc-26a-000026,https://es.bmc-switzerland.com/es/products/roadmachine-01-four-bikes-bmc-26a-000026,html,2026-10-05
BMC,Roadmachine 01 FOUR [70d784f5],Roadmachine 01 FOUR,,carretera,54,,54,172,180,172-180,cm,570,383,"{""Rider Height"": ""172-180"", ""Reach"": ""383"", ""Stack"": ""570"", ""Bar Drop"": ""125"", ""Bar Reach"": ""80"", ""Bar Width"": ""420"", ""BB Drop"": ""75"", ""Crank Length"": ""172.5"", ""Fork Length"": ""379"", ""Fork Rake"": ""45"", ""Front Center"": ""594"", ""Head Tube"": ""154"", ""Head Tube Angle"": ""72.2°"", ""Rear Center"": ""415"", ""Seat Angle"": ""74.2°"", ""Seat Tube"": ""488"", ""Seatpost Length"": ""360"", ""Seatpost Offset"": ""15"", ""Standover Height"": ""786"", ""Stem Angle"": ""-12.5"", ""Stem Length"": ""100"", ""Top Tube"": ""546"", ""Trail"": ""63"", ""Wheelbase"": ""997""}",7999,false,https://es.bmc-switzerland.com/es/products/roadmachine-01-four-bikes-bmc-26a-000026,https://es.bmc-switzerland.com/es/products/roadmachine-01-four-bikes-bmc-26a-000026,html,2026-10-05
BMC,Roadmachine 01 FOUR [70d784f5],Roadmachine 01 FOUR,,carretera,56,,56,178,186,178-186,cm,595,388,"{""Rider Height"": ""178-186"", ""Reach"": ""388"", ""Stack"": ""595"", ""Bar Drop"": ""125"", ""Bar Reach"": ""80"", ""Bar Width"": ""420"", ""BB Drop"": ""75"", ""Crank Length"": ""172.5"", ""Fork Length"": ""379"", ""Fork Rake"": ""45"", ""Front Center"": ""607"", ""Head Tube"": ""181"", ""Head Tube Angle"": ""72.2°"", ""Rear Center"": ""415"", ""Seat Angle"": ""74.2°"", ""Seat Tube"": ""508"", ""Seatpost Length"": ""360"", ""Seatpost Offset"": ""15"", ""Standover Height"": ""807"", ""Stem Angle"": ""-12.5"", ""Stem Length"": ""100"", ""Top Tube"": ""559"", ""Trail"": ""63"", ""Wheelbase"": ""1010""}",7999,false,https://es.bmc-switzerland.com/es/products/roadmachine-01-four-bikes-bmc-26a-000026,https://es.bmc-switzerland.com/es/products/roadmachine-01-four-bikes-bmc-26a-000026,html,2026-10-05
BMC,Roadmachine 01 FOUR [70d784f5],Roadmachine 01 FOUR,,carretera,58,,58,184,192,184-192,cm,620,393,"{""Rider Height"": ""184-192"", ""Reach"": ""393"", ""Stack"": ""620"", ""Bar Drop"": ""125"", ""Bar Reach"": ""80"", ""Bar Width"": ""420"", ""BB Drop"": ""75"", ""Crank Length"": ""175"", ""Fork Length"": ""379"", ""Fork Rake"": ""45"", ""Front Center"": ""620"", ""Head Tube"": ""207"", ""Head Tube Angle"": ""72.2°"", ""Rear Center"": ""415"", ""Seat Angle"": ""74.2°"", ""Seat Tube"": ""529"", ""Seatpost Length"": ""400"", ""Seatpost Offset"": ""15"", ""Standover Height"": ""828"", ""Stem Angle"": ""-12.5"", ""Stem Length"": ""110"", ""Top Tube"": ""571"", ""Trail"": ""63"", ""Wheelbase"": ""1023""}",7999,false,https://es.bmc-switzerland.com/es/products/roadmachine-01-four-bikes-bmc-26a-000026,https://es.bmc-switzerland.com/es/products/roadmachine-01-four-bikes-bmc-26a-000026,html,2026-10-05
BMC,Roadmachine 01 FOUR [70d784f5],Roadmachine 01 FOUR,,carretera,61,,61,190,,>190,cm,645,398,"{""Rider Height"": "">190"", ""Reach"": ""398"", ""Stack"": ""645"", ""Bar Drop"": ""125"", ""Bar Reach"": ""80"", ""Bar Width"": ""440"", ""BB Drop"": ""75"", ""Crank Length"": ""175"", ""Fork Length"": ""379"", ""Fork Rake"": ""45"", ""Front Center"": ""633"", ""Head Tube"": ""233"", ""Head Tube Angle"": ""72.2°"", ""Rear Center"": ""415"", ""Seat Angle"": ""74.2°"", ""Seat Tube"": ""550"", ""Seatpost Length"": ""400"", ""Seatpost Offset"": ""15"", ""Standover Height"": ""849"", ""Stem Angle"": ""-12.5"", ""Stem Length"": ""110"", ""Top Tube"": ""581"", ""Trail"": ""63"", ""Wheelbase"": ""1036""}",7999,false,https://es.bmc-switzerland.com/es/products/roadmachine-01-four-bikes-bmc-26a-000026,https://es.bmc-switzerland.com/es/products/roadmachine-01-four-bikes-bmc-26a-000026,html,2026-10-05
BMC,Kaius 01 [33abf899],Kaius 01 ONE,,gravel,47,,47,,166,<166,cm,521,385,"{""Rider Height"": ""<166"", ""Reach"": ""385"", ""Stack"": ""521"", ""Bar Drop"": ""135"", ""Bar Reach"": ""81"", ""Bar Width"": ""370/420"", ""BB Drop"": ""79"", ""Crank Length"": ""165"", ""Fork Length"": ""397"", ""Fork Rake"": ""50"", ""Front Center"": ""597"", ""Head Tube"": ""88"", ""Head Tube Angle"": ""70.8°"", ""Rear Center"": ""425"", ""Seat Angle"": ""74.3°"", ""Seat Tube"": ""429"", ""Seatpost Length"": ""335"", ""Seatpost Offset"": ""0"", ""Standover Height"": ""739"", ""Stem Angle"": ""-17°"", ""Stem Length"": ""80"", ""Top Tube"": ""531"", ""Trail"": ""72"", ""Wheelbase"": ""1010""}",10999,false,https://es.bmc-switzerland.com/es/products/kaius-01-one-bikes-bmc-27a-000072,https://es.bmc-switzerland.com/es/products/kaius-01-one-bikes-bmc-27a-000072,html,2026-10-05
BMC,Kaius 01 [33abf899],Kaius 01 ONE,,gravel,51,,51,166,174,166-174,cm,541,392,"{""Rider Height"": ""166-174"", ""Reach"": ""392"", ""Stack"": ""541"", ""Bar Drop"": ""135"", ""Bar Reach"": ""81"", ""Bar Width"": ""370/420"", ""BB Drop"": ""79"", ""Crank Length"": ""165"", ""Fork Length"": ""397"", ""Fork Rake"": ""50"", ""Front Center"": ""611"", ""Head Tube"": ""109"", ""Head Tube Angle"": ""70.8°"", ""Rear Center"": ""425"", ""Seat Angle"": ""74.3°"", ""Seat Tube"": ""449"", ""Seatpost Length"": ""335"", ""Seatpost Offset"": ""0"", ""Standover Height"": ""758"", ""Stem Angle"": ""-17°"", ""Stem Length"": ""80"", ""Top Tube"": ""544"", ""Trail"": ""72"", ""Wheelbase"": ""1024""}",10999,false,https://es.bmc-switzerland.com/es/products/kaius-01-one-bikes-bmc-27a-000072,https://es.bmc-switzerland.com/es/products/kaius-01-one-bikes-bmc-27a-000072,html,2026-10-05
BMC,Kaius 01 [33abf899],Kaius 01 ONE,,gravel,54,,54,172,180,172-180,cm,561,396,"{""Rider Height"": ""172-180"", ""Reach"": ""396"", ""Stack"": ""561"", ""Bar Drop"": ""135"", ""Bar Reach"": ""81"", ""Bar Width"": ""370/420"", ""BB Drop"": ""79"", ""Crank Length"": ""170"", ""Fork Length"": ""397"", ""Fork Rake"": ""50"", ""Front Center"": ""614"", ""Head Tube"": ""126"", ""Head Tube Angle"": ""70.8°"", ""Rear Center"": ""425"", ""Seat Angle"": ""73.8°"", ""Seat Tube"": ""471"", ""Seatpost Length"": ""385"", ""Seatpost Offset"": ""10"", ""Standover Height"": ""779"", ""Stem Angle"": ""-17°"", ""Stem Length"": ""90"", ""Top Tube"": ""559"", ""Trail"": ""72"", ""Wheelbase"": ""1027""}",10999,false,https://es.bmc-switzerland.com/es/products/kaius-01-one-bikes-bmc-27a-000072,https://es.bmc-switzerland.com/es/products/kaius-01-one-bikes-bmc-27a-000072,html,2026-10-05
BMC,Kaius 01 [33abf899],Kaius 01 ONE,,gravel,56,,56,178,186,178-186,cm,581,400,"{""Rider Height"": ""178-186"", ""Reach"": ""400"", ""Stack"": ""581"", ""Bar Drop"": ""135"", ""Bar Reach"": ""81"", ""Bar Width"": ""390/440"", ""BB Drop"": ""79"", ""Crank Length"": ""170"", ""Fork Length"": ""397"", ""Fork Rake"": ""45"", ""Front Center"": ""619"", ""Head Tube"": ""147"", ""Head Tube Angle"": ""71.6°"", ""Rear Center"": ""425"", ""Seat Angle"": ""73.8°"", ""Seat Tube"": ""485"", ""Seatpost Length"": ""385"", ""Seatpost Offset"": ""10"", ""Standover Height"": ""795"", ""Stem Angle"": ""-17°"", ""Stem Length"": ""100"", ""Top Tube"": ""569"", ""Trail"": ""72"", ""Wheelbase"": ""1032""}",10999,false,https://es.bmc-switzerland.com/es/products/kaius-01-one-bikes-bmc-27a-000072,https://es.bmc-switzerland.com/es/products/kaius-01-one-bikes-bmc-27a-000072,html,2026-10-05
BMC,Kaius 01 [33abf899],Kaius 01 ONE,,gravel,58,,58,184,192,184-192,cm,606,405,"{""Rider Height"": ""184-192"", ""Reach"": ""405"", ""Stack"": ""606"", ""Bar Drop"": ""135"", ""Bar Reach"": ""81"", ""Bar Width"": ""390/440"", ""BB Drop"": ""79"", ""Crank Length"": ""172.5"", ""Fork Length"": ""397"", ""Fork Rake"": ""45"", ""Front Center"": ""633"", ""Head Tube"": ""173"", ""Head Tube Angle"": ""71.6°"", ""Rear Center"": ""425"", ""Seat Angle"": ""73.8°"", ""Seat Tube"": ""509"", ""Seatpost Length"": ""405"", ""Seatpost Offset"": ""10"", ""Standover Height"": ""815"", ""Stem Angle"": ""-17°"", ""Stem Length"": ""100"", ""Top Tube"": ""587"", ""Trail"": ""72"", ""Wheelbase"": ""1045""}",10999,false,https://es.bmc-switzerland.com/es/products/kaius-01-one-bikes-bmc-27a-000072,https://es.bmc-switzerland.com/es/products/kaius-01-one-bikes-bmc-27a-000072,html,2026-10-05
BMC,Kaius 01 [33abf899],Kaius 01 ONE,,gravel,61,,61,190,,>190,cm,631,409,"{""Rider Height"": "">190"", ""Reach"": ""409"", ""Stack"": ""631"", ""Bar Drop"": ""135"", ""Bar Reach"": ""81"", ""Bar Width"": ""410/460"", ""BB Drop"": ""79"", ""Crank Length"": ""172.5"", ""Fork Length"": ""397"", ""Fork Rake"": ""45"", ""Front Center"": ""645"", ""Head Tube"": ""199"", ""Head Tube Angle"": ""71.6°"", ""Rear Center"": ""425"", ""Seat Angle"": ""73.8°"", ""Seat Tube"": ""533"", ""Seatpost Length"": ""405"", ""Seatpost Offset"": ""10"", ""Standover Height"": ""838"", ""Stem Angle"": ""-17°"", ""Stem Length"": ""110"", ""Top Tube"": ""598"", ""Trail"": ""72"", ""Wheelbase"": ""1058""}",10999,false,https://es.bmc-switzerland.com/es/products/kaius-01-one-bikes-bmc-27a-000072,https://es.bmc-switzerland.com/es/products/kaius-01-one-bikes-bmc-27a-000072,html,2026-10-05
BMC,Kaius 01 [33abf899],Kaius 01 TWO,,gravel,47,,47,,166,<166,cm,521,385,"{""Rider Height"": ""<166"", ""Reach"": ""385"", ""Stack"": ""521"", ""Bar Drop"": ""135"", ""Bar Reach"": ""81"", ""Bar Width"": ""370/420"", ""BB Drop"": ""79"", ""Crank Length"": ""165"", ""Fork Length"": ""397"", ""Fork Rake"": ""50"", ""Front Center"": ""597"", ""Head Tube"": ""88"", ""Head Tube Angle"": ""70.8°"", ""Rear Center"": ""425"", ""Seat Angle"": ""74.3°"", ""Seat Tube"": ""429"", ""Seatpost Length"": ""335"", ""Seatpost Offset"": ""0"", ""Standover Height"": ""739"", ""Stem Angle"": ""-17°"", ""Stem Length"": ""80"", ""Top Tube"": ""531"", ""Trail"": ""72"", ""Wheelbase"": ""1010""}",7999,false,https://es.bmc-switzerland.com/es/products/kaius-01-two-bikes-bmc-27a-000073,https://es.bmc-switzerland.com/es/products/kaius-01-two-bikes-bmc-27a-000073,html,2026-10-05
BMC,Kaius 01 [33abf899],Kaius 01 TWO,,gravel,51,,51,166,174,166-174,cm,541,392,"{""Rider Height"": ""166-174"", ""Reach"": ""392"", ""Stack"": ""541"", ""Bar Drop"": ""135"", ""Bar Reach"": ""81"", ""Bar Width"": ""370/420"", ""BB Drop"": ""79"", ""Crank Length"": ""165"", ""Fork Length"": ""397"", ""Fork Rake"": ""50"", ""Front Center"": ""611"", ""Head Tube"": ""109"", ""Head Tube Angle"": ""70.8°"", ""Rear Center"": ""425"", ""Seat Angle"": ""74.3°"", ""Seat Tube"": ""449"", ""Seatpost Length"": ""335"", ""Seatpost Offset"": ""0"", ""Standover Height"": ""758"", ""Stem Angle"": ""-17°"", ""Stem Length"": ""80"", ""Top Tube"": ""544"", ""Trail"": ""72"", ""Wheelbase"": ""1024""}",7999,false,https://es.bmc-switzerland.com/es/products/kaius-01-two-bikes-bmc-27a-000073,https://es.bmc-switzerland.com/es/products/kaius-01-two-bikes-bmc-27a-000073,html,2026-10-05
BMC,Kaius 01 [33abf899],Kaius 01 TWO,,gravel,54,,54,172,180,172-180,cm,561,396,"{""Rider Height"": ""172-180"", ""Reach"": ""396"", ""Stack"": ""561"", ""Bar Drop"": ""135"", ""Bar Reach"": ""81"", ""Bar Width"": ""370/420"", ""BB Drop"": ""79"", ""Crank Length"": ""170"", ""Fork Length"": ""397"", ""Fork Rake"": ""50"", ""Front Center"": ""614"", ""Head Tube"": ""126"", ""Head Tube Angle"": ""70.8°"", ""Rear Center"": ""425"", ""Seat Angle"": ""73.8°"", ""Seat Tube"": ""471"", ""Seatpost Length"": ""385"", ""Seatpost Offset"": ""10"", ""Standover Height"": ""779"", ""Stem Angle"": ""-17°"", ""Stem Length"": ""90"", ""Top Tube"": ""559"", ""Trail"": ""72"", ""Wheelbase"": ""1027""}",7999,false,https://es.bmc-switzerland.com/es/products/kaius-01-two-bikes-bmc-27a-000073,https://es.bmc-switzerland.com/es/products/kaius-01-two-bikes-bmc-27a-000073,html,2026-10-05
BMC,Kaius 01 [33abf899],Kaius 01 TWO,,gravel,56,,56,178,186,178-186,cm,581,400,"{""Rider Height"": ""178-186"", ""Reach"": ""400"", ""Stack"": ""581"", ""Bar Drop"": ""135"", ""Bar Reach"": ""81"", ""Bar Width"": ""390/440"", ""BB Drop"": ""79"", ""Crank Length"": ""170"", ""Fork Length"": ""397"", ""Fork Rake"": ""45"", ""Front Center"": ""619"", ""Head Tube"": ""147"", ""Head Tube Angle"": ""71.6°"", ""Rear Center"": ""425"", ""Seat Angle"": ""73.8°"", ""Seat Tube"": ""485"", ""Seatpost Length"": ""385"", ""Seatpost Offset"": ""10"", ""Standover Height"": ""795"", ""Stem Angle"": ""-17°"", ""Stem Length"": ""100"", ""Top Tube"": ""569"", ""Trail"": ""72"", ""Wheelbase"": ""1032""}",7999,false,https://es.bmc-switzerland.com/es/products/kaius-01-two-bikes-bmc-27a-000073,https://es.bmc-switzerland.com/es/products/kaius-01-two-bikes-bmc-27a-000073,html,2026-10-05
BMC,Kaius 01 [33abf899],Kaius 01 TWO,,gravel,58,,58,184,192,184-192,cm,606,405,"{""Rider Height"": ""184-192"", ""Reach"": ""405"", ""Stack"": ""606"", ""Bar Drop"": ""135"", ""Bar Reach"": ""81"", ""Bar Width"": ""390/440"", ""BB Drop"": ""79"", ""Crank Length"": ""172.5"", ""Fork Length"": ""397"", ""Fork Rake"": ""45"", ""Front Center"": ""633"", ""Head Tube"": ""173"", ""Head Tube Angle"": ""71.6°"", ""Rear Center"": ""425"", ""Seat Angle"": ""73.8°"", ""Seat Tube"": ""509"", ""Seatpost Length"": ""405"", ""Seatpost Offset"": ""10"", ""Standover Height"": ""815"", ""Stem Angle"": ""-17°"", ""Stem Length"": ""100"", ""Top Tube"": ""587"", ""Trail"": ""72"", ""Wheelbase"": ""1045""}",7999,false,https://es.bmc-switzerland.com/es/products/kaius-01-two-bikes-bmc-27a-000073,https://es.bmc-switzerland.com/es/products/kaius-01-two-bikes-bmc-27a-000073,html,2026-10-05
BMC,Kaius 01 [33abf899],Kaius 01 TWO,,gravel,61,,61,190,,>190,cm,631,409,"{""Rider Height"": "">190"", ""Reach"": ""409"", ""Stack"": ""631"", ""Bar Drop"": ""135"", ""Bar Reach"": ""81"", ""Bar Width"": ""410/460"", ""BB Drop"": ""79"", ""Crank Length"": ""172.5"", ""Fork Length"": ""397"", ""Fork Rake"": ""45"", ""Front Center"": ""645"", ""Head Tube"": ""199"", ""Head Tube Angle"": ""71.6°"", ""Rear Center"": ""425"", ""Seat Angle"": ""73.8°"", ""Seat Tube"": ""533"", ""Seatpost Length"": ""405"", ""Seatpost Offset"": ""10"", ""Standover Height"": ""838"", ""Stem Angle"": ""-17°"", ""Stem Length"": ""110"", ""Top Tube"": ""598"", ""Trail"": ""72"", ""Wheelbase"": ""1058""}",7999,false,https://es.bmc-switzerland.com/es/products/kaius-01-two-bikes-bmc-27a-000073,https://es.bmc-switzerland.com/es/products/kaius-01-two-bikes-bmc-27a-000073,html,2026-10-05
BMC,Kaius 01 THREE [f6950d30],Kaius 01 THREE,,gravel,47,,47,,166,<166,cm,521,385,"{""Rider Height"": ""<166"", ""Reach"": ""385"", ""Stack"": ""521"", ""Bar Drop"": ""125"", ""Bar Reach"": ""70"", ""Bar Width"": ""390/438"", ""BB Drop"": ""79"", ""Crank Length"": ""165"", ""Fork Length"": ""397"", ""Fork Rake"": ""50"", ""Front Center"": ""597"", ""Head Tube"": ""88"", ""Head Tube Angle"": ""70.8°"", ""Rear Center"": ""425"", ""Seat Angle"": ""74.3°"", ""Seat Tube"": ""429"", ""Seatpost Length"": ""335"", ""Seatpost Offset"": ""0"", ""Standover Height"": ""739"", ""Stem Angle"": ""-8°"", ""Stem Length"": ""80"", ""Top Tube"": ""531"", ""Trail"": ""72"", ""Wheelbase"": ""1010""}",5499,false,https://es.bmc-switzerland.com/es/products/kaius-01-three-bikes-bmc-27a-000074,https://es.bmc-switzerland.com/es/products/kaius-01-three-bikes-bmc-27a-000074,html,2026-10-05
BMC,Kaius 01 THREE [f6950d30],Kaius 01 THREE,,gravel,51,,51,166,174,166-174,cm,541,392,"{""Rider Height"": ""166-174"", ""Reach"": ""392"", ""Stack"": ""541"", ""Bar Drop"": ""125"", ""Bar Reach"": ""70"", ""Bar Width"": ""390/438"", ""BB Drop"": ""79"", ""Crank Length"": ""165"", ""Fork Length"": ""397"", ""Fork Rake"": ""50"", ""Front Center"": ""611"", ""Head Tube"": ""109"", ""Head Tube Angle"": ""70.8°"", ""Rear Center"": ""425"", ""Seat Angle"": ""74.3°"", ""Seat Tube"": ""449"", ""Seatpost Length"": ""335"", ""Seatpost Offset"": ""0"", ""Standover Height"": ""758"", ""Stem Angle"": ""-8°"", ""Stem Length"": ""90"", ""Top Tube"": ""544"", ""Trail"": ""72"", ""Wheelbase"": ""1024""}",5499,false,https://es.bmc-switzerland.com/es/products/kaius-01-three-bikes-bmc-27a-000074,https://es.bmc-switzerland.com/es/products/kaius-01-three-bikes-bmc-27a-000074,html,2026-10-05
BMC,Kaius 01 THREE [f6950d30],Kaius 01 THREE,,gravel,54,,54,172,180,172-180,cm,561,396,"{""Rider Height"": ""172-180"", ""Reach"": ""396"", ""Stack"": ""561"", ""Bar Drop"": ""125"", ""Bar Reach"": ""70"", ""Bar Width"": ""390/438"", ""BB Drop"": ""79"", ""Crank Length"": ""170"", ""Fork Length"": ""397"", ""Fork Rake"": ""50"", ""Front Center"": ""614"", ""Head Tube"": ""126"", ""Head Tube Angle"": ""70.8°"", ""Rear Center"": ""425"", ""Seat Angle"": ""73.8°"", ""Seat Tube"": ""471"", ""Seatpost Length"": ""385"", ""Seatpost Offset"": ""10"", ""Standover Height"": ""779"", ""Stem Angle"": ""-8°"", ""Stem Length"": ""90"", ""Top Tube"": ""559"", ""Trail"": ""72"", ""Wheelbase"": ""1027""}",5499,false,https://es.bmc-switzerland.com/es/products/kaius-01-three-bikes-bmc-27a-000074,https://es.bmc-switzerland.com/es/products/kaius-01-three-bikes-bmc-27a-000074,html,2026-10-05
BMC,Kaius 01 THREE [f6950d30],Kaius 01 THREE,,gravel,56,,56,178,186,178-186,cm,581,400,"{""Rider Height"": ""178-186"", ""Reach"": ""400"", ""Stack"": ""581"", ""Bar Drop"": ""125"", ""Bar Reach"": ""70"", ""Bar Width"": ""410/458"", ""BB Drop"": ""79"", ""Crank Length"": ""170"", ""Fork Length"": ""397"", ""Fork Rake"": ""45"", ""Front Center"": ""619"", ""Head Tube"": ""147"", ""Head Tube Angle"": ""71.6°"", ""Rear Center"": ""425"", ""Seat Angle"": ""73.8°"", ""Seat Tube"": ""485"", ""Seatpost Length"": ""385"", ""Seatpost Offset"": ""10"", ""Standover Height"": ""795"", ""Stem Angle"": ""-8°"", ""Stem Length"": ""100"", ""Top Tube"": ""569"", ""Trail"": ""72"", ""Wheelbase"": ""1032""}",5499,false,https://es.bmc-switzerland.com/es/products/kaius-01-three-bikes-bmc-27a-000074,https://es.bmc-switzerland.com/es/products/kaius-01-three-bikes-bmc-27a-000074,html,2026-10-05
BMC,Kaius 01 THREE [f6950d30],Kaius 01 THREE,,gravel,58,,58,184,192,184-192,cm,606,405,"{""Rider Height"": ""184-192"", ""Reach"": ""405"", ""Stack"": ""606"", ""Bar Drop"": ""125"", ""Bar Reach"": ""70"", ""Bar Width"": ""410/458"", ""BB Drop"": ""79"", ""Crank Length"": ""172.5"", ""Fork Length"": ""397"", ""Fork Rake"": ""45"", ""Front Center"": ""633"", ""Head Tube"": ""173"", ""Head Tube Angle"": ""71.6°"", ""Rear Center"": ""425"", ""Seat Angle"": ""73.8°"", ""Seat Tube"": ""509"", ""Seatpost Length"": ""405"", ""Seatpost Offset"": ""10"", ""Standover Height"": ""815"", ""Stem Angle"": ""-8°"", ""Stem Length"": ""100"", ""Top Tube"": ""587"", ""Trail"": ""72"", ""Wheelbase"": ""1045""}",5499,false,https://es.bmc-switzerland.com/es/products/kaius-01-three-bikes-bmc-27a-000074,https://es.bmc-switzerland.com/es/products/kaius-01-three-bikes-bmc-27a-000074,html,2026-10-05
BMC,Kaius 01 THREE [f6950d30],Kaius 01 THREE,,gravel,61,,61,190,,>190,cm,631,409,"{""Rider Height"": "">190"", ""Reach"": ""409"", ""Stack"": ""631"", ""Bar Drop"": ""125"", ""Bar Reach"": ""70"", ""Bar Width"": ""430/478"", ""BB Drop"": ""79"", ""Crank Length"": ""172.5"", ""Fork Length"": ""397"", ""Fork Rake"": ""45"", ""Front Center"": ""645"", ""Head Tube"": ""199"", ""Head Tube Angle"": ""71.6°"", ""Rear Center"": ""425"", ""Seat Angle"": ""73.8°"", ""Seat Tube"": ""533"", ""Seatpost Length"": ""405"", ""Seatpost Offset"": ""10"", ""Standover Height"": ""838"", ""Stem Angle"": ""-8°"", ""Stem Length"": ""110"", ""Top Tube"": ""598"", ""Trail"": ""72"", ""Wheelbase"": ""1058""}",5499,false,https://es.bmc-switzerland.com/es/products/kaius-01-three-bikes-bmc-27a-000074,https://es.bmc-switzerland.com/es/products/kaius-01-three-bikes-bmc-27a-000074,html,2026-10-05
BMC,URS [429c0548],URS 01 LT One,,gravel,XS,XS,,,167,<167,cm,560,390,"{""Rider Height"": ""<167"", ""Reach"": ""390"", ""Stack"": ""560"", ""Bar Drop"": ""115"", ""Bar Reach"": ""70"", ""Bar Width"": ""390/449"", ""BB Drop"": ""76"", ""Crank Length"": ""165"", ""Fork Length"": ""405"", ""Fork Rake"": ""50"", ""Front Center"": ""633"", ""Head Tube"": ""133"", ""Head Tube Angle"": ""69°"", ""Rear Center"": ""430"", ""Seat Angle"": ""74.5°"", ""Seat Tube"": ""430"", ""Seatpost Length"": ""310"", ""Seatpost Offset"": ""0"", ""Standover Height"": ""727"", ""Stem Angle"": ""±7°"", ""Stem Length"": ""70"", ""Top Tube"": ""545"", ""Trail"": ""84"", ""Wheelbase"": ""1052""}",4499,false,https://es.bmc-switzerland.com/es/products/urs-01-lt-one-bikes-bmc-27a-000058,https://es.bmc-switzerland.com/es/products/urs-01-lt-one-bikes-bmc-27a-000058,html,2026-10-05
BMC,URS [429c0548],URS 01 LT One,,gravel,S,S,,165,170,165-170,cm,560,400,"{""Rider Height"": ""165-170"", ""Reach"": ""400"", ""Stack"": ""560"", ""Bar Drop"": ""115"", ""Bar Reach"": ""70"", ""Bar Width"": ""390/449"", ""BB Drop"": ""76"", ""Crank Length"": ""165"", ""Fork Length"": ""405"", ""Fork Rake"": ""50"", ""Front Center"": ""643"", ""Head Tube"": ""133"", ""Head Tube Angle"": ""69°"", ""Rear Center"": ""430"", ""Seat Angle"": ""74.5°"", ""Seat Tube"": ""445"", ""Seatpost Length"": ""360"", ""Seatpost Offset"": ""0"", ""Standover Height"": ""735"", ""Stem Angle"": ""±7°"", ""Stem Length"": ""70"", ""Top Tube"": ""555"", ""Trail"": ""84"", ""Wheelbase"": ""1062""}",4499,false,https://es.bmc-switzerland.com/es/products/urs-01-lt-one-bikes-bmc-27a-000058,https://es.bmc-switzerland.com/es/products/urs-01-lt-one-bikes-bmc-27a-000058,html,2026-10-05
BMC,URS [429c0548],URS 01 LT One,,gravel,M,M,,168,178,168-178,cm,580,410,"{""Rider Height"": ""168-178"", ""Reach"": ""410"", ""Stack"": ""580"", ""Bar Drop"": ""115"", ""Bar Reach"": ""70"", ""Bar Width"": ""410/469"", ""BB Drop"": ""76"", ""Crank Length"": ""170"", ""Fork Length"": ""415"", ""Fork Rake"": ""45"", ""Front Center"": ""651"", ""Head Tube"": ""140"", ""Head Tube Angle"": ""69.5°"", ""Rear Center"": ""430"", ""Seat Angle"": ""74.5°"", ""Seat Tube"": ""475"", ""Seatpost Length"": ""360"", ""Seatpost Offset"": ""0"", ""Standover Height"": ""758"", ""Stem Angle"": ""±7°"", ""Stem Length"": ""70"", ""Top Tube"": ""571"", ""Trail"": ""86"", ""Wheelbase"": ""1070""}",4499,false,https://es.bmc-switzerland.com/es/products/urs-01-lt-one-bikes-bmc-27a-000058,https://es.bmc-switzerland.com/es/products/urs-01-lt-one-bikes-bmc-27a-000058,html,2026-10-05
BMC,URS [429c0548],URS 01 LT One,,gravel,L,L,,176,188,176-188,cm,610,420,"{""Rider Height"": ""176-188"", ""Reach"": ""420"", ""Stack"": ""610"", ""Bar Drop"": ""115"", ""Bar Reach"": ""70"", ""Bar Width"": ""410/469"", ""BB Drop"": ""76"", ""Crank Length"": ""170"", ""Fork Length"": ""415"", ""Fork Rake"": ""45"", ""Front Center"": ""672"", ""Head Tube"": ""172"", ""Head Tube Angle"": ""69.5°"", ""Rear Center"": ""430"", ""Seat Angle"": ""74.5°"", ""Seat Tube"": ""505"", ""Seatpost Length"": ""360"", ""Seatpost Offset"": ""0"", ""Standover Height"": ""778"", ""Stem Angle"": ""±7°"", ""Stem Length"": ""80"", ""Top Tube"": ""589"", ""Trail"": ""86"", ""Wheelbase"": ""1091""}",4499,false,https://es.bmc-switzerland.com/es/products/urs-01-lt-one-bikes-bmc-27a-000058,https://es.bmc-switzerland.com/es/products/urs-01-lt-one-bikes-bmc-27a-000058,html,2026-10-05
BMC,URS [429c0548],URS 01 LT One,,gravel,XL,XL,,188,,>188,cm,640,430,"{""Rider Height"": "">188"", ""Reach"": ""430"", ""Stack"": ""640"", ""Bar Drop"": ""115"", ""Bar Reach"": ""70"", ""Bar Width"": ""430/489"", ""BB Drop"": ""76"", ""Crank Length"": ""172.5"", ""Fork Length"": ""415"", ""Fork Rake"": ""45"", ""Front Center"": ""693"", ""Head Tube"": ""204"", ""Head Tube Angle"": ""69.5°"", ""Rear Center"": ""430"", ""Seat Angle"": ""74.5°"", ""Seat Tube"": ""540"", ""Seatpost Length"": ""360"", ""Seatpost Offset"": ""0"", ""Standover Height"": ""795"", ""Stem Angle"": ""±7°"", ""Stem Length"": ""90"", ""Top Tube"": ""607"", ""Trail"": ""86"", ""Wheelbase"": ""1112""}",4499,false,https://es.bmc-switzerland.com/es/products/urs-01-lt-one-bikes-bmc-27a-000058,https://es.bmc-switzerland.com/es/products/urs-01-lt-one-bikes-bmc-27a-000058,html,2026-10-05
BMC,URS [429c0548],URS 01 LT TWO,,gravel,XS,XS,,,167,<167,cm,560,390,"{""Rider Height"": ""<167"", ""Reach"": ""390"", ""Stack"": ""560"", ""Bar Drop"": ""115"", ""Bar Reach"": ""70"", ""Bar Width"": ""390/449"", ""BB Drop"": ""76"", ""Crank Length"": ""165"", ""Fork Length"": ""405"", ""Fork Rake"": ""50"", ""Front Center"": ""633"", ""Head Tube"": ""133"", ""Head Tube Angle"": ""69°"", ""Rear Center"": ""430"", ""Seat Angle"": ""74.5°"", ""Seat Tube"": ""430"", ""Seatpost Length"": ""310"", ""Seatpost Offset"": ""0"", ""Standover Height"": ""727"", ""Stem Angle"": ""±7°"", ""Stem Length"": ""70"", ""Top Tube"": ""545"", ""Trail"": ""84"", ""Wheelbase"": ""1052""}",3999,false,https://es.bmc-switzerland.com/es/products/urs-01-lt-two-bikes-bmc-27a-000059,https://es.bmc-switzerland.com/es/products/urs-01-lt-two-bikes-bmc-27a-000059,html,2026-10-05
BMC,URS [429c0548],URS 01 LT TWO,,gravel,S,S,,165,170,165-170,cm,560,400,"{""Rider Height"": ""165-170"", ""Reach"": ""400"", ""Stack"": ""560"", ""Bar Drop"": ""115"", ""Bar Reach"": ""70"", ""Bar Width"": ""390/449"", ""BB Drop"": ""76"", ""Crank Length"": ""165"", ""Fork Length"": ""405"", ""Fork Rake"": ""50"", ""Front Center"": ""643"", ""Head Tube"": ""133"", ""Head Tube Angle"": ""69°"", ""Rear Center"": ""430"", ""Seat Angle"": ""74.5°"", ""Seat Tube"": ""445"", ""Seatpost Length"": ""360"", ""Seatpost Offset"": ""0"", ""Standover Height"": ""735"", ""Stem Angle"": ""±7°"", ""Stem Length"": ""70"", ""Top Tube"": ""555"", ""Trail"": ""84"", ""Wheelbase"": ""1062""}",3999,false,https://es.bmc-switzerland.com/es/products/urs-01-lt-two-bikes-bmc-27a-000059,https://es.bmc-switzerland.com/es/products/urs-01-lt-two-bikes-bmc-27a-000059,html,2026-10-05
BMC,URS [429c0548],URS 01 LT TWO,,gravel,M,M,,168,178,168-178,cm,580,410,"{""Rider Height"": ""168-178"", ""Reach"": ""410"", ""Stack"": ""580"", ""Bar Drop"": ""115"", ""Bar Reach"": ""70"", ""Bar Width"": ""410/469"", ""BB Drop"": ""76"", ""Crank Length"": ""170"", ""Fork Length"": ""415"", ""Fork Rake"": ""45"", ""Front Center"": ""651"", ""Head Tube"": ""140"", ""Head Tube Angle"": ""69.5°"", ""Rear Center"": ""430"", ""Seat Angle"": ""74.5°"", ""Seat Tube"": ""475"", ""Seatpost Length"": ""360"", ""Seatpost Offset"": ""0"", ""Standover Height"": ""758"", ""Stem Angle"": ""±7°"", ""Stem Length"": ""70"", ""Top Tube"": ""571"", ""Trail"": ""86"", ""Wheelbase"": ""1070""}",3999,false,https://es.bmc-switzerland.com/es/products/urs-01-lt-two-bikes-bmc-27a-000059,https://es.bmc-switzerland.com/es/products/urs-01-lt-two-bikes-bmc-27a-000059,html,2026-10-05
BMC,URS [429c0548],URS 01 LT TWO,,gravel,L,L,,176,188,176-188,cm,610,420,"{""Rider Height"": ""176-188"", ""Reach"": ""420"", ""Stack"": ""610"", ""Bar Drop"": ""115"", ""Bar Reach"": ""70"", ""Bar Width"": ""410/469"", ""BB Drop"": ""76"", ""Crank Length"": ""170"", ""Fork Length"": ""415"", ""Fork Rake"": ""45"", ""Front Center"": ""672"", ""Head Tube"": ""172"", ""Head Tube Angle"": ""69.5°"", ""Rear Center"": ""430"", ""Seat Angle"": ""74.5°"", ""Seat Tube"": ""505"", ""Seatpost Length"": ""360"", ""Seatpost Offset"": ""0"", ""Standover Height"": ""778"", ""Stem Angle"": ""±7°"", ""Stem Length"": ""80"", ""Top Tube"": ""589"", ""Trail"": ""86"", ""Wheelbase"": ""1091""}",3999,false,https://es.bmc-switzerland.com/es/products/urs-01-lt-two-bikes-bmc-27a-000059,https://es.bmc-switzerland.com/es/products/urs-01-lt-two-bikes-bmc-27a-000059,html,2026-10-05
BMC,URS [429c0548],URS 01 LT TWO,,gravel,XL,XL,,188,,>188,cm,640,430,"{""Rider Height"": "">188"", ""Reach"": ""430"", ""Stack"": ""640"", ""Bar Drop"": ""115"", ""Bar Reach"": ""70"", ""Bar Width"": ""430/489"", ""BB Drop"": ""76"", ""Crank Length"": ""172.5"", ""Fork Length"": ""415"", ""Fork Rake"": ""45"", ""Front Center"": ""693"", ""Head Tube"": ""204"", ""Head Tube Angle"": ""69.5°"", ""Rear Center"": ""430"", ""Seat Angle"": ""74.5°"", ""Seat Tube"": ""540"", ""Seatpost Length"": ""360"", ""Seatpost Offset"": ""0"", ""Standover Height"": ""795"", ""Stem Angle"": ""±7°"", ""Stem Length"": ""90"", ""Top Tube"": ""607"", ""Trail"": ""86"", ""Wheelbase"": ""1112""}",3999,false,https://es.bmc-switzerland.com/es/products/urs-01-lt-two-bikes-bmc-27a-000059,https://es.bmc-switzerland.com/es/products/urs-01-lt-two-bikes-bmc-27a-000059,html,2026-10-05
BMC,URS [429c0548],URS One,,gravel,XS,XS,,,167,<167,cm,560,390,"{""Rider Height"": ""<167"", ""Reach"": ""390"", ""Stack"": ""560"", ""Bar Drop"": ""115"", ""Bar Reach"": ""70"", ""Bar Width"": ""390/449"", ""BB Drop"": ""76"", ""Crank Length"": ""165"", ""Fork Length"": ""405"", ""Fork Rake"": ""50"", ""Front Center"": ""633"", ""Head Tube"": ""133"", ""Head Tube Angle"": ""69°"", ""Rear Center"": ""430"", ""Seat Angle"": ""74.5°"", ""Seat Tube"": ""430"", ""Seatpost Length"": ""310"", ""Seatpost Offset"": ""0"", ""Standover Height"": ""727"", ""Stem Angle"": ""-8°"", ""Stem Length"": ""70"", ""Top Tube"": ""545"", ""Trail"": ""84"", ""Wheelbase"": ""1052""}",3699,false,https://es.bmc-switzerland.com/es/products/urs-one-bikes-bmc-27a-000056,https://es.bmc-switzerland.com/es/products/urs-one-bikes-bmc-27a-000056,html,2026-10-05
BMC,URS [429c0548],URS One,,gravel,S,S,,165,170,165-170,cm,560,400,"{""Rider Height"": ""165-170"", ""Reach"": ""400"", ""Stack"": ""560"", ""Bar Drop"": ""115"", ""Bar Reach"": ""70"", ""Bar Width"": ""390/449"", ""BB Drop"": ""76"", ""Crank Length"": ""165"", ""Fork Length"": ""405"", ""Fork Rake"": ""50"", ""Front Center"": ""643"", ""Head Tube"": ""133"", ""Head Tube Angle"": ""69°"", ""Rear Center"": ""430"", ""Seat Angle"": ""74.5°"", ""Seat Tube"": ""445"", ""Seatpost Length"": ""360"", ""Seatpost Offset"": ""0"", ""Standover Height"": ""735"", ""Stem Angle"": ""-8°"", ""Stem Length"": ""70"", ""Top Tube"": ""555"", ""Trail"": ""84"", ""Wheelbase"": ""1062""}",3699,false,https://es.bmc-switzerland.com/es/products/urs-one-bikes-bmc-27a-000056,https://es.bmc-switzerland.com/es/products/urs-one-bikes-bmc-27a-000056,html,2026-10-05
BMC,URS [429c0548],URS One,,gravel,M,M,,168,178,168-178,cm,580,410,"{""Rider Height"": ""168-178"", ""Reach"": ""410"", ""Stack"": ""580"", ""Bar Drop"": ""115"", ""Bar Reach"": ""70"", ""Bar Width"": ""410/469"", ""BB Drop"": ""76"", ""Crank Length"": ""170"", ""Fork Length"": ""415"", ""Fork Rake"": ""45"", ""Front Center"": ""651"", ""Head Tube"": ""140"", ""Head Tube Angle"": ""69.5°"", ""Rear Center"": ""430"", ""Seat Angle"": ""74.5°"", ""Seat Tube"": ""475"", ""Seatpost Length"": ""360"", ""Seatpost Offset"": ""0"", ""Standover Height"": ""758"", ""Stem Angle"": ""-8°"", ""Stem Length"": ""70"", ""Top Tube"": ""571"", ""Trail"": ""86"", ""Wheelbase"": ""1070""}",3699,false,https://es.bmc-switzerland.com/es/products/urs-one-bikes-bmc-27a-000056,https://es.bmc-switzerland.com/es/products/urs-one-bikes-bmc-27a-000056,html,2026-10-05
BMC,URS [429c0548],URS One,,gravel,L,L,,176,188,176-188,cm,610,420,"{""Rider Height"": ""176-188"", ""Reach"": ""420"", ""Stack"": ""610"", ""Bar Drop"": ""115"", ""Bar Reach"": ""70"", ""Bar Width"": ""410/469"", ""BB Drop"": ""76"", ""Crank Length"": ""170"", ""Fork Length"": ""415"", ""Fork Rake"": ""45"", ""Front Center"": ""672"", ""Head Tube"": ""172"", ""Head Tube Angle"": ""69.5°"", ""Rear Center"": ""430"", ""Seat Angle"": ""74.5°"", ""Seat Tube"": ""505"", ""Seatpost Length"": ""360"", ""Seatpost Offset"": ""0"", ""Standover Height"": ""778"", ""Stem Angle"": ""-8°"", ""Stem Length"": ""80"", ""Top Tube"": ""589"", ""Trail"": ""86"", ""Wheelbase"": ""1091""}",3699,false,https://es.bmc-switzerland.com/es/products/urs-one-bikes-bmc-27a-000056,https://es.bmc-switzerland.com/es/products/urs-one-bikes-bmc-27a-000056,html,2026-10-05
BMC,URS [429c0548],URS One,,gravel,XL,XL,,188,,>188,cm,640,430,"{""Rider Height"": "">188"", ""Reach"": ""430"", ""Stack"": ""640"", ""Bar Drop"": ""115"", ""Bar Reach"": ""70"", ""Bar Width"": ""430/489"", ""BB Drop"": ""76"", ""Crank Length"": ""172.5"", ""Fork Length"": ""415"", ""Fork Rake"": ""45"", ""Front Center"": ""693"", ""Head Tube"": ""204"", ""Head Tube Angle"": ""69.5°"", ""Rear Center"": ""430"", ""Seat Angle"": ""74.5°"", ""Seat Tube"": ""540"", ""Seatpost Length"": ""360"", ""Seatpost Offset"": ""0"", ""Standover Height"": ""795"", ""Stem Angle"": ""-8°"", ""Stem Length"": ""90"", ""Top Tube"": ""607"", ""Trail"": ""86"", ""Wheelbase"": ""1112""}",3699,false,https://es.bmc-switzerland.com/es/products/urs-one-bikes-bmc-27a-000056,https://es.bmc-switzerland.com/es/products/urs-one-bikes-bmc-27a-000056,html,2026-10-05
BMC,URS [429c0548],URS TWO,,gravel,XS,XS,,,167,<167,cm,560,390,"{""Rider Height"": ""<167"", ""Reach"": ""390"", ""Stack"": ""560"", ""Bar Drop"": ""115"", ""Bar Reach"": ""70"", ""Bar Width"": ""390/449"", ""BB Drop"": ""76"", ""Crank Length"": ""165"", ""Fork Length"": ""405"", ""Fork Rake"": ""50"", ""Front Center"": ""633"", ""Head Tube"": ""133"", ""Head Tube Angle"": ""69°"", ""Rear Center"": ""430"", ""Seat Angle"": ""74.5°"", ""Seat Tube"": ""430"", ""Seatpost Length"": ""310"", ""Seatpost Offset"": ""0"", ""Standover Height"": ""727"", ""Stem Angle"": ""-8°"", ""Stem Length"": ""70"", ""Top Tube"": ""545"", ""Trail"": ""84"", ""Wheelbase"": ""1052""}",2999,false,https://es.bmc-switzerland.com/es/products/urs-two-bikes-bmc-27a-000057,https://es.bmc-switzerland.com/es/products/urs-two-bikes-bmc-27a-000057,html,2026-10-05
BMC,URS [429c0548],URS TWO,,gravel,S,S,,165,170,165-170,cm,560,400,"{""Rider Height"": ""165-170"", ""Reach"": ""400"", ""Stack"": ""560"", ""Bar Drop"": ""115"", ""Bar Reach"": ""70"", ""Bar Width"": ""390/449"", ""BB Drop"": ""76"", ""Crank Length"": ""165"", ""Fork Length"": ""405"", ""Fork Rake"": ""50"", ""Front Center"": ""643"", ""Head Tube"": ""133"", ""Head Tube Angle"": ""69°"", ""Rear Center"": ""430"", ""Seat Angle"": ""74.5°"", ""Seat Tube"": ""445"", ""Seatpost Length"": ""360"", ""Seatpost Offset"": ""0"", ""Standover Height"": ""735"", ""Stem Angle"": ""-8°"", ""Stem Length"": ""70"", ""Top Tube"": ""555"", ""Trail"": ""84"", ""Wheelbase"": ""1062""}",2999,false,https://es.bmc-switzerland.com/es/products/urs-two-bikes-bmc-27a-000057,https://es.bmc-switzerland.com/es/products/urs-two-bikes-bmc-27a-000057,html,2026-10-05
BMC,URS [429c0548],URS TWO,,gravel,M,M,,168,178,168-178,cm,580,410,"{""Rider Height"": ""168-178"", ""Reach"": ""410"", ""Stack"": ""580"", ""Bar Drop"": ""115"", ""Bar Reach"": ""70"", ""Bar Width"": ""410/469"", ""BB Drop"": ""76"", ""Crank Length"": ""170"", ""Fork Length"": ""415"", ""Fork Rake"": ""45"", ""Front Center"": ""651"", ""Head Tube"": ""140"", ""Head Tube Angle"": ""69.5°"", ""Rear Center"": ""430"", ""Seat Angle"": ""74.5°"", ""Seat Tube"": ""475"", ""Seatpost Length"": ""360"", ""Seatpost Offset"": ""0"", ""Standover Height"": ""758"", ""Stem Angle"": ""-8°"", ""Stem Length"": ""70"", ""Top Tube"": ""571"", ""Trail"": ""86"", ""Wheelbase"": ""1070""}",2999,false,https://es.bmc-switzerland.com/es/products/urs-two-bikes-bmc-27a-000057,https://es.bmc-switzerland.com/es/products/urs-two-bikes-bmc-27a-000057,html,2026-10-05
BMC,URS [429c0548],URS TWO,,gravel,L,L,,176,188,176-188,cm,610,420,"{""Rider Height"": ""176-188"", ""Reach"": ""420"", ""Stack"": ""610"", ""Bar Drop"": ""115"", ""Bar Reach"": ""70"", ""Bar Width"": ""410/469"", ""BB Drop"": ""76"", ""Crank Length"": ""170"", ""Fork Length"": ""415"", ""Fork Rake"": ""45"", ""Front Center"": ""672"", ""Head Tube"": ""172"", ""Head Tube Angle"": ""69.5°"", ""Rear Center"": ""430"", ""Seat Angle"": ""74.5°"", ""Seat Tube"": ""505"", ""Seatpost Length"": ""360"", ""Seatpost Offset"": ""0"", ""Standover Height"": ""778"", ""Stem Angle"": ""-8°"", ""Stem Length"": ""80"", ""Top Tube"": ""589"", ""Trail"": ""86"", ""Wheelbase"": ""1091""}",2999,false,https://es.bmc-switzerland.com/es/products/urs-two-bikes-bmc-27a-000057,https://es.bmc-switzerland.com/es/products/urs-two-bikes-bmc-27a-000057,html,2026-10-05
BMC,URS [429c0548],URS TWO,,gravel,XL,XL,,188,,>188,cm,640,430,"{""Rider Height"": "">188"", ""Reach"": ""430"", ""Stack"": ""640"", ""Bar Drop"": ""115"", ""Bar Reach"": ""70"", ""Bar Width"": ""430/489"", ""BB Drop"": ""76"", ""Crank Length"": ""172.5"", ""Fork Length"": ""415"", ""Fork Rake"": ""45"", ""Front Center"": ""693"", ""Head Tube"": ""204"", ""Head Tube Angle"": ""69.5°"", ""Rear Center"": ""430"", ""Seat Angle"": ""74.5°"", ""Seat Tube"": ""540"", ""Seatpost Length"": ""360"", ""Seatpost Offset"": ""0"", ""Standover Height"": ""795"", ""Stem Angle"": ""-8°"", ""Stem Length"": ""90"", ""Top Tube"": ""607"", ""Trail"": ""86"", ""Wheelbase"": ""1112""}",2999,false,https://es.bmc-switzerland.com/es/products/urs-two-bikes-bmc-27a-000057,https://es.bmc-switzerland.com/es/products/urs-two-bikes-bmc-27a-000057,html,2026-10-05
BMC,URS [429c0548],URS 01 TWO,,gravel,XS,XS,,,167,<167,cm,560,390,"{""Rider Height"": ""<167"", ""Reach"": ""390"", ""Stack"": ""560"", ""Bar Drop"": ""115"", ""Bar Reach"": ""70"", ""Bar Width"": ""390/459"", ""BB Drop"": ""76"", ""Crank Length"": ""165"", ""Fork Length"": ""405"", ""Fork Rake"": ""50"", ""Front Center"": ""633"", ""Head Tube"": ""133"", ""Head Tube Angle"": ""69°"", ""Rear Center"": ""430"", ""Seat Angle"": ""74.5°"", ""Seat Tube"": ""430"", ""Seatpost Length"": ""310"", ""Seatpost Offset"": ""0"", ""Standover Height"": ""727"", ""Stem Angle"": ""0"", ""Stem Length"": ""72"", ""Top Tube"": ""545"", ""Trail"": ""84"", ""Wheelbase"": ""1052""}",5499,false,https://es.bmc-switzerland.com/es/products/urs-01-two-bikes-bmc-26a-000040,https://es.bmc-switzerland.com/es/products/urs-01-two-bikes-bmc-26a-000040,html,2026-10-05
BMC,URS [429c0548],URS 01 TWO,,gravel,S,S,,165,170,165-170,cm,560,400,"{""Rider Height"": ""165-170"", ""Reach"": ""400"", ""Stack"": ""560"", ""Bar Drop"": ""115"", ""Bar Reach"": ""70"", ""Bar Width"": ""410/479"", ""BB Drop"": ""76"", ""Crank Length"": ""170"", ""Fork Length"": ""405"", ""Fork Rake"": ""50"", ""Front Center"": ""643"", ""Head Tube"": ""133"", ""Head Tube Angle"": ""69°"", ""Rear Center"": ""430"", ""Seat Angle"": ""74.5°"", ""Seat Tube"": ""445"", ""Seatpost Length"": ""360"", ""Seatpost Offset"": ""0"", ""Standover Height"": ""735"", ""Stem Angle"": ""0"", ""Stem Length"": ""72"", ""Top Tube"": ""555"", ""Trail"": ""84"", ""Wheelbase"": ""1062""}",5499,false,https://es.bmc-switzerland.com/es/products/urs-01-two-bikes-bmc-26a-000040,https://es.bmc-switzerland.com/es/products/urs-01-two-bikes-bmc-26a-000040,html,2026-10-05
BMC,URS [429c0548],URS 01 TWO,,gravel,M,M,,168,178,168-178,cm,580,410,"{""Rider Height"": ""168-178"", ""Reach"": ""410"", ""Stack"": ""580"", ""Bar Drop"": ""115"", ""Bar Reach"": ""70"", ""Bar Width"": ""410/479"", ""BB Drop"": ""76"", ""Crank Length"": ""170"", ""Fork Length"": ""415"", ""Fork Rake"": ""45"", ""Front Center"": ""651"", ""Head Tube"": ""140"", ""Head Tube Angle"": ""69.5°"", ""Rear Center"": ""430"", ""Seat Angle"": ""74.5°"", ""Seat Tube"": ""475"", ""Seatpost Length"": ""360"", ""Seatpost Offset"": ""0"", ""Standover Height"": ""758"", ""Stem Angle"": ""0"", ""Stem Length"": ""72"", ""Top Tube"": ""571"", ""Trail"": ""86"", ""Wheelbase"": ""1070""}",5499,false,https://es.bmc-switzerland.com/es/products/urs-01-two-bikes-bmc-26a-000040,https://es.bmc-switzerland.com/es/products/urs-01-two-bikes-bmc-26a-000040,html,2026-10-05
BMC,URS [429c0548],URS 01 TWO,,gravel,L,L,,176,188,176-188,cm,610,420,"{""Rider Height"": ""176-188"", ""Reach"": ""420"", ""Stack"": ""610"", ""Bar Drop"": ""115"", ""Bar Reach"": ""70"", ""Bar Width"": ""430/499"", ""BB Drop"": ""76"", ""Crank Length"": ""172.5"", ""Fork Length"": ""415"", ""Fork Rake"": ""45"", ""Front Center"": ""672"", ""Head Tube"": ""172"", ""Head Tube Angle"": ""69.5°"", ""Rear Center"": ""430"", ""Seat Angle"": ""74.5°"", ""Seat Tube"": ""505"", ""Seatpost Length"": ""360"", ""Seatpost Offset"": ""0"", ""Standover Height"": ""778"", ""Stem Angle"": ""0"", ""Stem Length"": ""80"", ""Top Tube"": ""589"", ""Trail"": ""86"", ""Wheelbase"": ""1091""}",5499,false,https://es.bmc-switzerland.com/es/products/urs-01-two-bikes-bmc-26a-000040,https://es.bmc-switzerland.com/es/products/urs-01-two-bikes-bmc-26a-000040,html,2026-10-05
BMC,URS [429c0548],URS 01 TWO,,gravel,XL,XL,,188,,>188,cm,640,430,"{""Rider Height"": "">188"", ""Reach"": ""430"", ""Stack"": ""640"", ""Bar Drop"": ""115"", ""Bar Reach"": ""70"", ""Bar Width"": ""430/499"", ""BB Drop"": ""76"", ""Crank Length"": ""175"", ""Fork Length"": ""415"", ""Fork Rake"": ""45"", ""Front Center"": ""693"", ""Head Tube"": ""204"", ""Head Tube Angle"": ""69.5°"", ""Rear Center"": ""430"", ""Seat Angle"": ""74.5°"", ""Seat Tube"": ""540"", ""Seatpost Length"": ""360"", ""Seatpost Offset"": ""0"", ""Standover Height"": ""795"", ""Stem Angle"": ""0"", ""Stem Length"": ""90"", ""Top Tube"": ""607"", ""Trail"": ""86"", ""Wheelbase"": ""1112""}",5499,false,https://es.bmc-switzerland.com/es/products/urs-01-two-bikes-bmc-26a-000040,https://es.bmc-switzerland.com/es/products/urs-01-two-bikes-bmc-26a-000040,html,2026-10-05
BMC,URS 01 ONE [0a6bbf81],URS 01 ONE,,gravel,XS,XS,,,167,<167,cm,560,390,"{""Rider Height"": ""<167"", ""Reach"": ""390"", ""Stack"": ""560"", ""Bar Drop"": ""120"", ""Bar Reach"": ""80"", ""Bar Width"": ""400"", ""BB Drop"": ""76"", ""Crank Length"": ""165"", ""Fork Length"": ""405"", ""Fork Rake"": ""50"", ""Front Center"": ""633"", ""Head Tube"": ""133"", ""Head Tube Angle"": ""69°"", ""Rear Center"": ""430"", ""Seat Angle"": ""74.5°"", ""Seat Tube"": ""430"", ""Seatpost Length"": ""310"", ""Seatpost Offset"": ""0"", ""Standover Height"": ""727"", ""Stem Angle"": ""0"", ""Stem Length"": ""72"", ""Top Tube"": ""545"", ""Trail"": ""84"", ""Wheelbase"": ""1052""}",7999,false,https://es.bmc-switzerland.com/es/products/urs-01-one-bikes-bmc-26a-000039,https://es.bmc-switzerland.com/es/products/urs-01-one-bikes-bmc-26a-000039,html,2026-10-05
BMC,URS 01 ONE [0a6bbf81],URS 01 ONE,,gravel,S,S,,165,170,165-170,cm,560,400,"{""Rider Height"": ""165-170"", ""Reach"": ""400"", ""Stack"": ""560"", ""Bar Drop"": ""120"", ""Bar Reach"": ""80"", ""Bar Width"": ""420"", ""BB Drop"": ""76"", ""Crank Length"": ""170"", ""Fork Length"": ""405"", ""Fork Rake"": ""50"", ""Front Center"": ""643"", ""Head Tube"": ""133"", ""Head Tube Angle"": ""69°"", ""Rear Center"": ""430"", ""Seat Angle"": ""74.5°"", ""Seat Tube"": ""445"", ""Seatpost Length"": ""360"", ""Seatpost Offset"": ""0"", ""Standover Height"": ""735"", ""Stem Angle"": ""0"", ""Stem Length"": ""72"", ""Top Tube"": ""555"", ""Trail"": ""84"", ""Wheelbase"": ""1062""}",7999,false,https://es.bmc-switzerland.com/es/products/urs-01-one-bikes-bmc-26a-000039,https://es.bmc-switzerland.com/es/products/urs-01-one-bikes-bmc-26a-000039,html,2026-10-05
BMC,URS 01 ONE [0a6bbf81],URS 01 ONE,,gravel,M,M,,168,178,168-178,cm,580,410,"{""Rider Height"": ""168-178"", ""Reach"": ""410"", ""Stack"": ""580"", ""Bar Drop"": ""120"", ""Bar Reach"": ""80"", ""Bar Width"": ""420"", ""BB Drop"": ""76"", ""Crank Length"": ""170"", ""Fork Length"": ""415"", ""Fork Rake"": ""45"", ""Front Center"": ""651"", ""Head Tube"": ""140"", ""Head Tube Angle"": ""69.5°"", ""Rear Center"": ""430"", ""Seat Angle"": ""74.5°"", ""Seat Tube"": ""475"", ""Seatpost Length"": ""360"", ""Seatpost Offset"": ""0"", ""Standover Height"": ""758"", ""Stem Angle"": ""0"", ""Stem Length"": ""72"", ""Top Tube"": ""571"", ""Trail"": ""86"", ""Wheelbase"": ""1070""}",7999,false,https://es.bmc-switzerland.com/es/products/urs-01-one-bikes-bmc-26a-000039,https://es.bmc-switzerland.com/es/products/urs-01-one-bikes-bmc-26a-000039,html,2026-10-05
BMC,URS 01 ONE [0a6bbf81],URS 01 ONE,,gravel,L,L,,176,188,176-188,cm,610,420,"{""Rider Height"": ""176-188"", ""Reach"": ""420"", ""Stack"": ""610"", ""Bar Drop"": ""120"", ""Bar Reach"": ""80"", ""Bar Width"": ""440"", ""BB Drop"": ""76"", ""Crank Length"": ""172.5"", ""Fork Length"": ""415"", ""Fork Rake"": ""45"", ""Front Center"": ""672"", ""Head Tube"": ""172"", ""Head Tube Angle"": ""69.5°"", ""Rear Center"": ""430"", ""Seat Angle"": ""74.5°"", ""Seat Tube"": ""505"", ""Seatpost Length"": ""360"", ""Seatpost Offset"": ""0"", ""Standover Height"": ""778"", ""Stem Angle"": ""0"", ""Stem Length"": ""80"", ""Top Tube"": ""589"", ""Trail"": ""86"", ""Wheelbase"": ""1091""}",7999,false,https://es.bmc-switzerland.com/es/products/urs-01-one-bikes-bmc-26a-000039,https://es.bmc-switzerland.com/es/products/urs-01-one-bikes-bmc-26a-000039,html,2026-10-05
BMC,URS 01 ONE [0a6bbf81],URS 01 ONE,,gravel,XL,XL,,188,,>188,cm,640,430,"{""Rider Height"": "">188"", ""Reach"": ""430"", ""Stack"": ""640"", ""Bar Drop"": ""120"", ""Bar Reach"": ""80"", ""Bar Width"": ""440"", ""BB Drop"": ""76"", ""Crank Length"": ""175"", ""Fork Length"": ""415"", ""Fork Rake"": ""45"", ""Front Center"": ""693"", ""Head Tube"": ""204"", ""Head Tube Angle"": ""69.5°"", ""Rear Center"": ""430"", ""Seat Angle"": ""74.5°"", ""Seat Tube"": ""540"", ""Seatpost Length"": ""360"", ""Seatpost Offset"": ""0"", ""Standover Height"": ""795"", ""Stem Angle"": ""0"", ""Stem Length"": ""90"", ""Top Tube"": ""607"", ""Trail"": ""86"", ""Wheelbase"": ""1112""}",7999,false,https://es.bmc-switzerland.com/es/products/urs-01-one-bikes-bmc-26a-000039,https://es.bmc-switzerland.com/es/products/urs-01-one-bikes-bmc-26a-000039,html,2026-10-05
BMC,Kaius 01 FOUR [140a4019],Kaius 01 FOUR,,gravel,47,,47,,166,<166,cm,510,390,"{""Rider Height"": ""<166"", ""Reach"": ""390"", ""Stack"": ""510"", ""Bar Drop"": ""125"", ""Bar Reach"": ""70"", ""Bar Width"": ""390/448"", ""BB Drop"": ""80"", ""Crank Length"": ""170"", ""Fork Length"": ""387"", ""Fork Rake"": ""50"", ""Front Center"": ""596"", ""Head Tube"": ""85"", ""Head Tube Angle"": ""71°"", ""Rear Center"": ""420"", ""Seat Angle"": ""73°"", ""Seat Tube"": ""428"", ""Seatpost Length"": ""280"", ""Seatpost Offset"": ""15"", ""Standover Height"": ""684"", ""Stem Angle"": ""-8"", ""Stem Length"": ""80"", ""Top Tube"": ""546"", ""Trail"": ""68"", ""Wheelbase"": ""1003""}",5999,false,https://es.bmc-switzerland.com/es/products/kaius-01-four-bikes-bmc-26a-000038,https://es.bmc-switzerland.com/es/products/kaius-01-four-bikes-bmc-26a-000038,html,2026-10-05
BMC,Kaius 01 FOUR [140a4019],Kaius 01 FOUR,,gravel,51,,51,166,174,166-174,cm,530,397,"{""Rider Height"": ""166-174"", ""Reach"": ""397"", ""Stack"": ""530"", ""Bar Drop"": ""125"", ""Bar Reach"": ""70"", ""Bar Width"": ""390/448"", ""BB Drop"": ""80"", ""Crank Length"": ""170"", ""Fork Length"": ""387"", ""Fork Rake"": ""50"", ""Front Center"": ""610"", ""Head Tube"": ""106"", ""Head Tube Angle"": ""71°"", ""Rear Center"": ""420"", ""Seat Angle"": ""73°"", ""Seat Tube"": ""452"", ""Seatpost Length"": ""320"", ""Seatpost Offset"": ""15"", ""Standover Height"": ""722"", ""Stem Angle"": ""-8"", ""Stem Length"": ""90"", ""Top Tube"": ""559"", ""Trail"": ""68"", ""Wheelbase"": ""1017""}",5999,false,https://es.bmc-switzerland.com/es/products/kaius-01-four-bikes-bmc-26a-000038,https://es.bmc-switzerland.com/es/products/kaius-01-four-bikes-bmc-26a-000038,html,2026-10-05
BMC,Kaius 01 FOUR [140a4019],Kaius 01 FOUR,,gravel,54,,54,172,180,172-180,cm,550,401,"{""Rider Height"": ""172-180"", ""Reach"": ""401"", ""Stack"": ""550"", ""Bar Drop"": ""125"", ""Bar Reach"": ""70"", ""Bar Width"": ""390/448"", ""BB Drop"": ""80"", ""Crank Length"": ""172.5"", ""Fork Length"": ""387"", ""Fork Rake"": ""45"", ""Front Center"": ""608"", ""Head Tube"": ""123"", ""Head Tube Angle"": ""72°"", ""Rear Center"": ""420"", ""Seat Angle"": ""73°"", ""Seat Tube"": ""468"", ""Seatpost Length"": ""360"", ""Seatpost Offset"": ""15"", ""Standover Height"": ""756"", ""Stem Angle"": ""-8"", ""Stem Length"": ""90"", ""Top Tube"": ""569"", ""Trail"": ""68"", ""Wheelbase"": ""1015""}",5999,false,https://es.bmc-switzerland.com/es/products/kaius-01-four-bikes-bmc-26a-000038,https://es.bmc-switzerland.com/es/products/kaius-01-four-bikes-bmc-26a-000038,html,2026-10-05
BMC,Kaius 01 FOUR [140a4019],Kaius 01 FOUR,,gravel,56,,56,178,186,178-186,cm,570,405,"{""Rider Height"": ""178-186"", ""Reach"": ""405"", ""Stack"": ""570"", ""Bar Drop"": ""125"", ""Bar Reach"": ""70"", ""Bar Width"": ""410/468"", ""BB Drop"": ""80"", ""Crank Length"": ""172.5"", ""Fork Length"": ""387"", ""Fork Rake"": ""45"", ""Front Center"": ""619"", ""Head Tube"": ""144"", ""Head Tube Angle"": ""72°"", ""Rear Center"": ""420"", ""Seat Angle"": ""73°"", ""Seat Tube"": ""493"", ""Seatpost Length"": ""360"", ""Seatpost Offset"": ""15"", ""Standover Height"": ""780"", ""Stem Angle"": ""-8"", ""Stem Length"": ""100"", ""Top Tube"": ""579"", ""Trail"": ""68"", ""Wheelbase"": ""1026""}",5999,false,https://es.bmc-switzerland.com/es/products/kaius-01-four-bikes-bmc-26a-000038,https://es.bmc-switzerland.com/es/products/kaius-01-four-bikes-bmc-26a-000038,html,2026-10-05
BMC,Kaius 01 FOUR [140a4019],Kaius 01 FOUR,,gravel,58,,58,184,192,184-192,cm,595,410,"{""Rider Height"": ""184-192"", ""Reach"": ""410"", ""Stack"": ""595"", ""Bar Drop"": ""125"", ""Bar Reach"": ""70"", ""Bar Width"": ""410/468"", ""BB Drop"": ""80"", ""Crank Length"": ""175"", ""Fork Length"": ""387"", ""Fork Rake"": ""45"", ""Front Center"": ""632"", ""Head Tube"": ""170"", ""Head Tube Angle"": ""72°"", ""Rear Center"": ""420"", ""Seat Angle"": ""73°"", ""Seat Tube"": ""513"", ""Seatpost Length"": ""400"", ""Seatpost Offset"": ""15"", ""Standover Height"": ""798"", ""Stem Angle"": ""-8"", ""Stem Length"": ""100"", ""Top Tube"": ""592"", ""Trail"": ""68"", ""Wheelbase"": ""1039""}",5999,false,https://es.bmc-switzerland.com/es/products/kaius-01-four-bikes-bmc-26a-000038,https://es.bmc-switzerland.com/es/products/kaius-01-four-bikes-bmc-26a-000038,html,2026-10-05
BMC,Kaius 01 FOUR [140a4019],Kaius 01 FOUR,,gravel,61,,61,190,,>190,cm,620,414,"{""Rider Height"": "">190"", ""Reach"": ""414"", ""Stack"": ""620"", ""Bar Drop"": ""125"", ""Bar Reach"": ""70"", ""Bar Width"": ""430/488"", ""BB Drop"": ""80"", ""Crank Length"": ""175"", ""Fork Length"": ""387"", ""Fork Rake"": ""45"", ""Front Center"": ""644"", ""Head Tube"": ""196"", ""Head Tube Angle"": ""72°"", ""Rear Center"": ""420"", ""Seat Angle"": ""73°"", ""Seat Tube"": ""533"", ""Seatpost Length"": ""400"", ""Seatpost Offset"": ""15"", ""Standover Height"": ""818"", ""Stem Angle"": ""-8"", ""Stem Length"": ""110"", ""Top Tube"": ""604"", ""Trail"": ""68"", ""Wheelbase"": ""1051""}",5999,false,https://es.bmc-switzerland.com/es/products/kaius-01-four-bikes-bmc-26a-000038,https://es.bmc-switzerland.com/es/products/kaius-01-four-bikes-bmc-26a-000038,html,2026-10-05
BMC,Fourstroke R 01 ONE [035d3548],Fourstroke R 01 ONE,,mtb,S,S,,,172,<172,cm,584,437,"{""Rider Height"": ""<172"", ""Reach"": ""437"", ""Stack"": ""584"", ""Bar Sweep"": ""up-sweep 3°, back-sweep 8°"", ""Bar Width"": ""760"", ""BB Drop"": ""38"", ""Crank Length"": ""165"", ""Fork Length"": ""530"", ""Fork Rake"": ""44"", ""Front Center"": ""711"", ""Head Tube"": ""84"", ""Head Tube Angle"": ""66.5°"", ""Rear Center"": ""431"", ""Seat Angle"": ""75.6°"", ""Seat Tube"": ""420"", ""Seatpost Drop"": ""80"", ""Seatpost Length"": ""389"", ""Seatpost Offset"": ""0"", ""Standover Height"": ""727"", ""Stem Angle"": ""-19°"", ""Stem Length"": ""50"", ""Top Tube"": ""576"", ""Trail"": ""115"", ""Wheelbase"": ""1140""}",12999,false,https://es.bmc-switzerland.com/es/products/fourstroke-r-01-one-bikes-bmc-27a-000006,https://es.bmc-switzerland.com/es/products/fourstroke-r-01-one-bikes-bmc-27a-000006,html,2026-10-05
BMC,Fourstroke R 01 ONE [035d3548],Fourstroke R 01 ONE,,mtb,M,M,,172,182,172-182,cm,592,457,"{""Rider Height"": ""172-182"", ""Reach"": ""457"", ""Stack"": ""592"", ""Bar Sweep"": ""up-sweep 3°, back-sweep 8°"", ""Bar Width"": ""760"", ""BB Drop"": ""38"", ""Crank Length"": ""170"", ""Fork Length"": ""530"", ""Fork Rake"": ""44"", ""Front Center"": ""743"", ""Head Tube"": ""93"", ""Head Tube Angle"": ""66.5°"", ""Rear Center"": ""431"", ""Seat Angle"": ""75.6°"", ""Seat Tube"": ""440"", ""Seatpost Drop"": ""80"", ""Seatpost Length"": ""414"", ""Seatpost Offset"": ""0"", ""Standover Height"": ""727"", ""Stem Angle"": ""-19°"", ""Stem Length"": ""60"", ""Top Tube"": ""599"", ""Trail"": ""115"", ""Wheelbase"": ""1172""}",12999,false,https://es.bmc-switzerland.com/es/products/fourstroke-r-01-one-bikes-bmc-27a-000006,https://es.bmc-switzerland.com/es/products/fourstroke-r-01-one-bikes-bmc-27a-000006,html,2026-10-05
BMC,Fourstroke R 01 ONE [035d3548],Fourstroke R 01 ONE,,mtb,L,L,,180,188,180-188,cm,600,477,"{""Rider Height"": ""180-188"", ""Reach"": ""477"", ""Stack"": ""600"", ""Bar Sweep"": ""up-sweep 3°, back-sweep 8°"", ""Bar Width"": ""760"", ""BB Drop"": ""38"", ""Crank Length"": ""170"", ""Fork Length"": ""530"", ""Fork Rake"": ""44"", ""Front Center"": ""760"", ""Head Tube"": ""101"", ""Head Tube Angle"": ""66.5°"", ""Rear Center"": ""431"", ""Seat Angle"": ""75.6°"", ""Seat Tube"": ""470"", ""Seatpost Drop"": ""80"", ""Seatpost Length"": ""414"", ""Seatpost Offset"": ""0"", ""Standover Height"": ""727"", ""Stem Angle"": ""-19°"", ""Stem Length"": ""60"", ""Top Tube"": ""623"", ""Trail"": ""115"", ""Wheelbase"": ""1189""}",12999,false,https://es.bmc-switzerland.com/es/products/fourstroke-r-01-one-bikes-bmc-27a-000006,https://es.bmc-switzerland.com/es/products/fourstroke-r-01-one-bikes-bmc-27a-000006,html,2026-10-05
BMC,Fourstroke R 01 ONE [035d3548],Fourstroke R 01 ONE,,mtb,XL,XL,,188,,>188,cm,615,500,"{""Rider Height"": "">188"", ""Reach"": ""500"", ""Stack"": ""615"", ""Bar Sweep"": ""up-sweep 3°, back-sweep 8°"", ""Bar Width"": ""760"", ""BB Drop"": ""38"", ""Crank Length"": ""170"", ""Fork Length"": ""530"", ""Fork Rake"": ""44"", ""Front Center"": ""790"", ""Head Tube"": ""118"", ""Head Tube Angle"": ""66.5°"", ""Rear Center"": ""431"", ""Seat Angle"": ""75.6°"", ""Seat Tube"": ""490"", ""Seatpost Drop"": ""80"", ""Seatpost Length"": ""414"", ""Seatpost Offset"": ""0"", ""Standover Height"": ""727"", ""Stem Angle"": ""-19°"", ""Stem Length"": ""70"", ""Top Tube"": ""651"", ""Trail"": ""115"", ""Wheelbase"": ""1219""}",12999,false,https://es.bmc-switzerland.com/es/products/fourstroke-r-01-one-bikes-bmc-27a-000006,https://es.bmc-switzerland.com/es/products/fourstroke-r-01-one-bikes-bmc-27a-000006,html,2026-10-05
BMC,Twostroke 01 ONE [c86f9950],Twostroke 01 ONE,,mtb,S,S,,,172,<172,cm,600,432,"{""Rider Height"": ""<172"", ""Reach"": ""432"", ""Stack"": ""600"", ""Bar Sweep"": ""up-sweep 3°, back-sweep 8°"", ""Bar Width"": ""760"", ""BB Drop"": ""69"", ""Crank Length"": ""165"", ""Fork Length"": ""518"", ""Fork Rake"": ""44"", ""Front Center"": ""720"", ""Head Tube"": ""83"", ""Head Tube Angle"": ""66°"", ""Rear Center"": ""425"", ""Seat Angle"": ""75.5°"", ""Seat Tube"": ""410"", ""Seatpost Length"": ""380"", ""Seatpost Offset"": ""0"", ""Standover Height"": ""713"", ""Stem Angle"": ""-19°"", ""Stem Length"": ""50"", ""Top Tube"": ""585"", ""Trail"": ""117"", ""Wheelbase"": ""1136""}",5499,false,https://es.bmc-switzerland.com/es/products/twostroke-01-one-bikes-bmc-27a-000054,https://es.bmc-switzerland.com/es/products/twostroke-01-one-bikes-bmc-27a-000054,html,2026-10-05
BMC,Twostroke 01 ONE [c86f9950],Twostroke 01 ONE,,mtb,M,M,,170,180,170-180,cm,605,455,"{""Rider Height"": ""170-180"", ""Reach"": ""455"", ""Stack"": ""605"", ""Bar Sweep"": ""up-sweep 3°, back-sweep 8°"", ""Bar Width"": ""760"", ""BB Drop"": ""69"", ""Crank Length"": ""170"", ""Fork Length"": ""518"", ""Fork Rake"": ""44"", ""Front Center"": ""745"", ""Head Tube"": ""89"", ""Head Tube Angle"": ""66°"", ""Rear Center"": ""425"", ""Seat Angle"": ""75.5°"", ""Seat Tube"": ""440"", ""Seatpost Length"": ""430"", ""Seatpost Offset"": ""0"", ""Standover Height"": ""713"", ""Stem Angle"": ""-19°"", ""Stem Length"": ""60"", ""Top Tube"": ""609"", ""Trail"": ""117"", ""Wheelbase"": ""1161""}",5499,false,https://es.bmc-switzerland.com/es/products/twostroke-01-one-bikes-bmc-27a-000054,https://es.bmc-switzerland.com/es/products/twostroke-01-one-bikes-bmc-27a-000054,html,2026-10-05
BMC,Twostroke 01 ONE [c86f9950],Twostroke 01 ONE,,mtb,L,L,,178,188,178-188,cm,610,475,"{""Rider Height"": ""178-188"", ""Reach"": ""475"", ""Stack"": ""610"", ""Bar Sweep"": ""up-sweep 3°, back-sweep 8°"", ""Bar Width"": ""760"", ""BB Drop"": ""69"", ""Crank Length"": ""170"", ""Fork Length"": ""518"", ""Fork Rake"": ""44"", ""Front Center"": ""767"", ""Head Tube"": ""94"", ""Head Tube Angle"": ""66°"", ""Rear Center"": ""425"", ""Seat Angle"": ""75.5°"", ""Seat Tube"": ""480"", ""Seatpost Length"": ""430"", ""Seatpost Offset"": ""0"", ""Standover Height"": ""730"", ""Stem Angle"": ""-19°"", ""Stem Length"": ""60"", ""Top Tube"": ""630"", ""Trail"": ""117"", ""Wheelbase"": ""1183""}",5499,false,https://es.bmc-switzerland.com/es/products/twostroke-01-one-bikes-bmc-27a-000054,https://es.bmc-switzerland.com/es/products/twostroke-01-one-bikes-bmc-27a-000054,html,2026-10-05
BMC,Twostroke 01 ONE [c86f9950],Twostroke 01 ONE,,mtb,XL,XL,,188,,>188,cm,617,497,"{""Rider Height"": "">188"", ""Reach"": ""497"", ""Stack"": ""617"", ""Bar Sweep"": ""up-sweep 3°, back-sweep 8°"", ""Bar Width"": ""760"", ""BB Drop"": ""69"", ""Crank Length"": ""170"", ""Fork Length"": ""518"", ""Fork Rake"": ""44"", ""Front Center"": ""792"", ""Head Tube"": ""103"", ""Head Tube Angle"": ""66°"", ""Rear Center"": ""425"", ""Seat Angle"": ""75.5°"", ""Seat Tube"": ""510"", ""Seatpost Length"": ""430"", ""Seatpost Offset"": ""0"", ""Standover Height"": ""730"", ""Stem Angle"": ""-19°"", ""Stem Length"": ""70"", ""Top Tube"": ""654"", ""Trail"": ""117"", ""Wheelbase"": ""1209""}",5499,false,https://es.bmc-switzerland.com/es/products/twostroke-01-one-bikes-bmc-27a-000054,https://es.bmc-switzerland.com/es/products/twostroke-01-one-bikes-bmc-27a-000054,html,2026-10-05
BMC,Twostroke 01 TWO [8c335e0c],Twostroke 01 TWO,,mtb,S,S,,,172,<172,cm,600,432,"{""Rider Height"": ""<172"", ""Reach"": ""432"", ""Stack"": ""600"", ""Bar Rise"": ""4"", ""Bar Sweep"": ""up-sweep 4°, back-sweep 9°"", ""Bar Width"": ""750"", ""BB Drop"": ""69"", ""Crank Length"": ""165"", ""Fork Length"": ""518"", ""Fork Rake"": ""44"", ""Front Center"": ""720"", ""Head Tube"": ""83"", ""Head Tube Angle"": ""66°"", ""Rear Center"": ""425"", ""Seat Angle"": ""75.5°"", ""Seat Tube"": ""410"", ""Seatpost Length"": ""400"", ""Seatpost Offset"": ""0"", ""Standover Height"": ""713"", ""Stem Angle"": ""6°"", ""Stem Length"": ""45"", ""Top Tube"": ""585"", ""Trail"": ""117"", ""Wheelbase"": ""1136""}",2999,false,https://es.bmc-switzerland.com/es/products/twostroke-01-two-bikes-bmc-27a-000055,https://es.bmc-switzerland.com/es/products/twostroke-01-two-bikes-bmc-27a-000055,html,2026-10-05
BMC,Twostroke 01 TWO [8c335e0c],Twostroke 01 TWO,,mtb,M,M,,170,180,170-180,cm,605,455,"{""Rider Height"": ""170-180"", ""Reach"": ""455"", ""Stack"": ""605"", ""Bar Rise"": ""4"", ""Bar Sweep"": ""up-sweep 4°, back-sweep 9°"", ""Bar Width"": ""750"", ""BB Drop"": ""69"", ""Crank Length"": ""170"", ""Fork Length"": ""518"", ""Fork Rake"": ""44"", ""Front Center"": ""745"", ""Head Tube"": ""89"", ""Head Tube Angle"": ""66°"", ""Rear Center"": ""425"", ""Seat Angle"": ""75.5°"", ""Seat Tube"": ""440"", ""Seatpost Length"": ""400"", ""Seatpost Offset"": ""0"", ""Standover Height"": ""713"", ""Stem Angle"": ""6°"", ""Stem Length"": ""60"", ""Top Tube"": ""609"", ""Trail"": ""117"", ""Wheelbase"": ""1161""}",2999,false,https://es.bmc-switzerland.com/es/products/twostroke-01-two-bikes-bmc-27a-000055,https://es.bmc-switzerland.com/es/products/twostroke-01-two-bikes-bmc-27a-000055,html,2026-10-05
BMC,Twostroke 01 TWO [8c335e0c],Twostroke 01 TWO,,mtb,L,L,,178,188,178-188,cm,610,475,"{""Rider Height"": ""178-188"", ""Reach"": ""475"", ""Stack"": ""610"", ""Bar Rise"": ""4"", ""Bar Sweep"": ""up-sweep 4°, back-sweep 9°"", ""Bar Width"": ""750"", ""BB Drop"": ""69"", ""Crank Length"": ""170"", ""Fork Length"": ""518"", ""Fork Rake"": ""44"", ""Front Center"": ""767"", ""Head Tube"": ""94"", ""Head Tube Angle"": ""66°"", ""Rear Center"": ""425"", ""Seat Angle"": ""75.5°"", ""Seat Tube"": ""480"", ""Seatpost Length"": ""400"", ""Seatpost Offset"": ""0"", ""Standover Height"": ""730"", ""Stem Angle"": ""6°"", ""Stem Length"": ""60"", ""Top Tube"": ""630"", ""Trail"": ""117"", ""Wheelbase"": ""1183""}",2999,false,https://es.bmc-switzerland.com/es/products/twostroke-01-two-bikes-bmc-27a-000055,https://es.bmc-switzerland.com/es/products/twostroke-01-two-bikes-bmc-27a-000055,html,2026-10-05
BMC,Twostroke 01 TWO [8c335e0c],Twostroke 01 TWO,,mtb,XL,XL,,188,,>188,cm,617,497,"{""Rider Height"": "">188"", ""Reach"": ""497"", ""Stack"": ""617"", ""Bar Rise"": ""4"", ""Bar Sweep"": ""up-sweep 4°, back-sweep 9°"", ""Bar Width"": ""750"", ""BB Drop"": ""69"", ""Crank Length"": ""170"", ""Fork Length"": ""518"", ""Fork Rake"": ""44"", ""Front Center"": ""792"", ""Head Tube"": ""103"", ""Head Tube Angle"": ""66°"", ""Rear Center"": ""425"", ""Seat Angle"": ""75.5°"", ""Seat Tube"": ""510"", ""Seatpost Length"": ""400"", ""Seatpost Offset"": ""0"", ""Standover Height"": ""730"", ""Stem Angle"": ""6°"", ""Stem Length"": ""60"", ""Top Tube"": ""654"", ""Trail"": ""117"", ""Wheelbase"": ""1209""}",2999,false,https://es.bmc-switzerland.com/es/products/twostroke-01-two-bikes-bmc-27a-000055,https://es.bmc-switzerland.com/es/products/twostroke-01-two-bikes-bmc-27a-000055,html,2026-10-05
BMC,Fourstroke 01 THREE [192e041c],Fourstroke 01 THREE,,mtb,S,S,,,172,<172,cm,584,437,"{""Rider Height"": ""<172"", ""Reach"": ""437"", ""Stack"": ""584"", ""Bar Sweep"": ""9°"", ""Bar Width"": ""750"", ""BB Drop"": ""53"", ""Fork Length"": ""513"", ""Fork Rake"": ""44"", ""Front Center"": ""714"", ""Head Tube"": ""84"", ""Head Tube Angle"": ""66.75°"", ""Rear Center"": ""432"", ""Seat Angle"": ""75.6°"", ""Seat Tube"": ""420"", ""Seatpost Drop"": ""100"", ""Seatpost Length"": ""310"", ""Seatpost Offset"": ""0"", ""Standover Height"": ""725"", ""Stem Angle"": ""-5°"", ""Stem Length"": ""50"", ""Top Tube"": ""574"", ""Trail"": ""113"", ""Wheelbase"": ""1139""}",4499,false,https://es.bmc-switzerland.com/es/products/fourstroke-01-three-bikes-bmc-26a-000049,https://es.bmc-switzerland.com/es/products/fourstroke-01-three-bikes-bmc-26a-000049,html,2026-10-05
BMC,Fourstroke 01 THREE [192e041c],Fourstroke 01 THREE,,mtb,M,M,,172,182,172-182,cm,592,457,"{""Rider Height"": ""172-182"", ""Reach"": ""457"", ""Stack"": ""592"", ""Bar Sweep"": ""9°"", ""Bar Width"": ""750"", ""BB Drop"": ""53"", ""Fork Length"": ""513"", ""Fork Rake"": ""44"", ""Front Center"": ""738"", ""Head Tube"": ""93"", ""Head Tube Angle"": ""66.75°"", ""Rear Center"": ""432"", ""Seat Angle"": ""75.6°"", ""Seat Tube"": ""430"", ""Seatpost Drop"": ""100"", ""Seatpost Length"": ""310"", ""Seatpost Offset"": ""0"", ""Standover Height"": ""725"", ""Stem Angle"": ""-5°"", ""Stem Length"": ""60"", ""Top Tube"": ""597"", ""Trail"": ""113"", ""Wheelbase"": ""1171""}",4499,false,https://es.bmc-switzerland.com/es/products/fourstroke-01-three-bikes-bmc-26a-000049,https://es.bmc-switzerland.com/es/products/fourstroke-01-three-bikes-bmc-26a-000049,html,2026-10-05
BMC,Fourstroke 01 THREE [192e041c],Fourstroke 01 THREE,,mtb,L,L,,180,188,180-188,cm,600,477,"{""Rider Height"": ""180-188"", ""Reach"": ""477"", ""Stack"": ""600"", ""Bar Sweep"": ""9°"", ""Bar Width"": ""750"", ""BB Drop"": ""53"", ""Fork Length"": ""513"", ""Fork Rake"": ""44"", ""Front Center"": ""762"", ""Head Tube"": ""101"", ""Head Tube Angle"": ""66.75°"", ""Rear Center"": ""432"", ""Seat Angle"": ""75.6°"", ""Seat Tube"": ""460"", ""Seatpost Drop"": ""125"", ""Seatpost Length"": ""361"", ""Seatpost Offset"": ""0"", ""Standover Height"": ""725"", ""Stem Angle"": ""-5°"", ""Stem Length"": ""60"", ""Top Tube"": ""621"", ""Trail"": ""113"", ""Wheelbase"": ""1188""}",4499,false,https://es.bmc-switzerland.com/es/products/fourstroke-01-three-bikes-bmc-26a-000049,https://es.bmc-switzerland.com/es/products/fourstroke-01-three-bikes-bmc-26a-000049,html,2026-10-05
BMC,Fourstroke 01 THREE [192e041c],Fourstroke 01 THREE,,mtb,XL,XL,,188,,>188,cm,615,500,"{""Rider Height"": "">188"", ""Reach"": ""500"", ""Stack"": ""615"", ""Bar Sweep"": ""9°"", ""Bar Width"": ""750"", ""BB Drop"": ""53"", ""Fork Length"": ""513"", ""Fork Rake"": ""44"", ""Front Center"": ""791"", ""Head Tube"": ""118"", ""Head Tube Angle"": ""66.75°"", ""Rear Center"": ""432"", ""Seat Angle"": ""75.6°"", ""Seat Tube"": ""490"", ""Seatpost Drop"": ""125"", ""Seatpost Length"": ""361"", ""Seatpost Offset"": ""0"", ""Standover Height"": ""765"", ""Stem Angle"": ""-5°"", ""Stem Length"": ""70"", ""Top Tube"": ""649"", ""Trail"": ""113"", ""Wheelbase"": ""1218""}",4499,false,https://es.bmc-switzerland.com/es/products/fourstroke-01-three-bikes-bmc-26a-000049,https://es.bmc-switzerland.com/es/products/fourstroke-01-three-bikes-bmc-26a-000049,html,2026-10-05
