brand,family,model,model_year,category,size_label,size_normalized,size_cm,height_min,height_max,height_original,height_unit,stack,reach,geometry_raw,price_eur,price_is_from,product_url,source_url,extraction_method,loaded_at
Cannondale,Moterra EQ [36d88430],Moterra EQ,2025,emtb,SM,,,,,,,631,428,"{""Wheel Size"": ""29\"""", ""A Seat Tube Length (cm)"": ""40.0"", ""B Top Tube Actual (cm)"": ""56.3"", ""C Head Tube Angle"": ""65.6°"", ""D1 Seat Tube Angle Effective"": ""80.4°"", ""D Seat Tube Angle Actual"": ""73.3°"", ""E Standover (cm)"": ""76.5"", ""F Head Tube Length (cm)"": ""12.5"", ""G Wheelbase (cm)"": ""121.0"", ""H Front Center (cm)"": ""75.8"", ""I Chain Stay Length (cm)"": ""45.5"", ""J Bottom Bracket Drop (cm)"": ""3.7"", ""K Bottom Bracket Height (cm)"": ""34.3"", ""L Fork Rake (cm)"": ""4.4"", ""M Trail (cm)"": ""13.9"", ""N Stack (cm)"": ""63.1"", ""O Reach (cm)"": ""42.8"", ""P Axle-to-Crown (cm)"": ""57.6""}",4999,false,https://www.cannondale.com/es-es/bikes/electric/e-mountain/moterra-neo/moterra-eq,https://www.cannondale.com/-/media/images/my25/bikes/electric/e-mountain/moterra-eq/c25_moterraeq_geotable.ashx,vision,2026-10-05
Cannondale,Moterra EQ [36d88430],Moterra EQ,2025,emtb,MD,,,,,,,631,453,"{""Wheel Size"": ""29\"""", ""A Seat Tube Length (cm)"": ""40.0"", ""B Top Tube Actual (cm)"": ""59.2"", ""C Head Tube Angle"": ""65.6°"", ""D1 Seat Tube Angle Effective"": ""79.1°"", ""D Seat Tube Angle Actual"": ""73.3°"", ""E Standover (cm)"": ""76.5"", ""F Head Tube Length (cm)"": ""12.5"", ""G Wheelbase (cm)"": ""123.5"", ""H Front Center (cm)"": ""78.3"", ""I Chain Stay Length (cm)"": ""45.5"", ""J Bottom Bracket Drop (cm)"": ""3.7"", ""K Bottom Bracket Height (cm)"": ""34.3"", ""L Fork Rake (cm)"": ""4.4"", ""M Trail (cm)"": ""13.9"", ""N Stack (cm)"": ""63.1"", ""O Reach (cm)"": ""45.3"", ""P Axle-to-Crown (cm)"": ""57.6""}",4999,false,https://www.cannondale.com/es-es/bikes/electric/e-mountain/moterra-neo/moterra-eq,https://www.cannondale.com/-/media/images/my25/bikes/electric/e-mountain/moterra-eq/c25_moterraeq_geotable.ashx,vision,2026-10-05
Cannondale,Moterra EQ [36d88430],Moterra EQ,2025,emtb,LG,,,,,,,639,478,"{""Wheel Size"": ""29\"""", ""A Seat Tube Length (cm)"": ""42.0"", ""B Top Tube Actual (cm)"": ""62.2"", ""C Head Tube Angle"": ""65.6°"", ""D1 Seat Tube Angle Effective"": ""79.8°"", ""D Seat Tube Angle Actual"": ""73.3°"", ""E Standover (cm)"": ""76.5"", ""F Head Tube Length (cm)"": ""13.5"", ""G Wheelbase (cm)"": ""126.4"", ""H Front Center (cm)"": ""81.2"", ""I Chain Stay Length (cm)"": ""45.5"", ""J Bottom Bracket Drop (cm)"": ""3.7"", ""K Bottom Bracket Height (cm)"": ""34.3"", ""L Fork Rake (cm)"": ""4.4"", ""M Trail (cm)"": ""13.9"", ""N Stack (cm)"": ""63.9"", ""O Reach (cm)"": ""47.8"", ""P Axle-to-Crown (cm)"": ""57.6""}",4999,false,https://www.cannondale.com/es-es/bikes/electric/e-mountain/moterra-neo/moterra-eq,https://www.cannondale.com/-/media/images/my25/bikes/electric/e-mountain/moterra-eq/c25_moterraeq_geotable.ashx,vision,2026-10-05
Cannondale,Moterra EQ [36d88430],Moterra EQ,2025,emtb,XL,XL,,,,,,648,513,"{""Wheel Size"": ""29\"""", ""A Seat Tube Length (cm)"": ""46.0"", ""B Top Tube Actual (cm)"": ""66.2"", ""C Head Tube Angle"": ""65.6°"", ""D1 Seat Tube Angle Effective"": ""78.6°"", ""D Seat Tube Angle Actual"": ""73.3°"", ""E Standover (cm)"": ""76.5"", ""F Head Tube Length (cm)"": ""14.5"", ""G Wheelbase (cm)"": ""131.4"", ""H Front Center (cm)"": ""85.1"", ""I Chain Stay Length (cm)"": ""45.5"", ""J Bottom Bracket Drop (cm)"": ""3.7"", ""K Bottom Bracket Height (cm)"": ""34.3"", ""L Fork Rake (cm)"": ""4.4"", ""M Trail (cm)"": ""13.9"", ""N Stack (cm)"": ""64.8"", ""O Reach (cm)"": ""51.3"", ""P Axle-to-Crown (cm)"": ""57.6""}",4999,false,https://www.cannondale.com/es-es/bikes/electric/e-mountain/moterra-neo/moterra-eq,https://www.cannondale.com/-/media/images/my25/bikes/electric/e-mountain/moterra-eq/c25_moterraeq_geotable.ashx,vision,2026-10-05
Cannondale,SuperSix EVO [7388323f],SuperSix EVO LAB71,2026,carretera,44,,44,,,,,495,373,"{""Wheel Size"": ""700c"", ""A Seat Tube Length (cm)"": ""40.0"", ""B Top Tube Horizontal (cm)"": ""51.0"", ""C Top Tube Actual"": ""49.2"", ""D Head Tube Angle"": ""70.9°"", ""E Seat Tube Angle"": ""74.5°"", ""F Standover (cm)"": ""69.4"", ""G Head Tube Length (cm)"": ""8.9"", ""H Wheelbase (cm)"": ""98.0"", ""I Front Center (cm)"": ""58.2"", ""J Chain Stay Length (cm)"": ""41.0"", ""K Bottom Bracket Drop (cm)"": ""7.4"", ""L Bottom Bracket Height (cm)"": ""26.9"", ""M Fork Rake (cm)"": ""5.5"", ""N Trail (cm)"": ""6.0"", ""O Stack (cm)"": ""49.5"", ""P Reach (cm)"": ""37.3"", ""Q Axle-to-Crown (cm)"": ""37.6""}",11999,false,https://www.cannondale.com/es-es/bikes/road/race/supersix-evo/supersix-evo-lab71-smu,https://www.cannondale.com/-/media/images/my26/bikes/road/race/s6-evo/pdps/c26_supersixevo_geotable.ashx,vision,2026-10-05
Cannondale,SuperSix EVO [7388323f],SuperSix EVO LAB71,2026,carretera,48,,48,,,,,508,376,"{""Wheel Size"": ""700c"", ""A Seat Tube Length (cm)"": ""42.9"", ""B Top Tube Horizontal (cm)"": ""52.2"", ""C Top Tube Actual"": ""50.3"", ""D Head Tube Angle"": ""71.2°"", ""E Seat Tube Angle"": ""74.0°"", ""F Standover (cm)"": ""71.7"", ""G Head Tube Length (cm)"": ""10.1"", ""H Wheelbase (cm)"": ""98.5"", ""I Front Center (cm)"": ""58.6"", ""J Chain Stay Length (cm)"": ""41.0"", ""K Bottom Bracket Drop (cm)"": ""7.4"", ""L Bottom Bracket Height (cm)"": ""26.9"", ""M Fork Rake (cm)"": ""5.5"", ""N Trail (cm)"": ""5.8"", ""O Stack (cm)"": ""50.8"", ""P Reach (cm)"": ""37.6"", ""Q Axle-to-Crown (cm)"": ""37.6""}",11999,false,https://www.cannondale.com/es-es/bikes/road/race/supersix-evo/supersix-evo-lab71-smu,https://www.cannondale.com/-/media/images/my26/bikes/road/race/s6-evo/pdps/c26_supersixevo_geotable.ashx,vision,2026-10-05
Cannondale,SuperSix EVO [7388323f],SuperSix EVO LAB71,2026,carretera,50,,50,,,,,520,379,"{""Wheel Size"": ""700c"", ""A Seat Tube Length (cm)"": ""44.8"", ""B Top Tube Horizontal (cm)"": ""52.9"", ""C Top Tube Actual"": ""51.1"", ""D Head Tube Angle"": ""71.2°"", ""E Seat Tube Angle"": ""74.0°"", ""F Standover (cm)"": ""73.3"", ""G Head Tube Length (cm)"": ""11.4"", ""H Wheelbase (cm)"": ""99.3"", ""I Front Center (cm)"": ""59.4"", ""J Chain Stay Length (cm)"": ""41.0"", ""K Bottom Bracket Drop (cm)"": ""7.4"", ""L Bottom Bracket Height (cm)"": ""26.9"", ""M Fork Rake (cm)"": ""5.5"", ""N Trail (cm)"": ""5.8"", ""O Stack (cm)"": ""52.0"", ""P Reach (cm)"": ""37.9"", ""Q Axle-to-Crown (cm)"": ""37.6""}",11999,false,https://www.cannondale.com/es-es/bikes/road/race/supersix-evo/supersix-evo-lab71-smu,https://www.cannondale.com/-/media/images/my26/bikes/road/race/s6-evo/pdps/c26_supersixevo_geotable.ashx,vision,2026-10-05
Cannondale,SuperSix EVO [7388323f],SuperSix EVO LAB71,2026,carretera,52,,52,,,,,532,383,"{""Wheel Size"": ""700c"", ""A Seat Tube Length (cm)"": ""46.7"", ""B Top Tube Horizontal (cm)"": ""53.6"", ""C Top Tube Actual"": ""51.9"", ""D Head Tube Angle"": ""71.2°"", ""E Seat Tube Angle"": ""74.0°"", ""F Standover (cm)"": ""75.2"", ""G Head Tube Length (cm)"": ""13.0"", ""H Wheelbase (cm)"": ""100.2"", ""I Front Center (cm)"": ""60.2"", ""J Chain Stay Length (cm)"": ""41.0"", ""K Bottom Bracket Drop (cm)"": ""7.2"", ""L Bottom Bracket Height (cm)"": ""27.1"", ""M Fork Rake (cm)"": ""5.5"", ""N Trail (cm)"": ""5.8"", ""O Stack (cm)"": ""53.2"", ""P Reach (cm)"": ""38.3"", ""Q Axle-to-Crown (cm)"": ""37.6""}",11999,false,https://www.cannondale.com/es-es/bikes/road/race/supersix-evo/supersix-evo-lab71-smu,https://www.cannondale.com/-/media/images/my26/bikes/road/race/s6-evo/pdps/c26_supersixevo_geotable.ashx,vision,2026-10-05
Cannondale,SuperSix EVO [7388323f],SuperSix EVO LAB71,2026,carretera,54,,54,,,,,545,387,"{""Wheel Size"": ""700c"", ""A Seat Tube Length (cm)"": ""49.0"", ""B Top Tube Horizontal (cm)"": ""54.4"", ""C Top Tube Actual"": ""52.7"", ""D Head Tube Angle"": ""71.2°"", ""E Seat Tube Angle"": ""74.0°"", ""F Standover (cm)"": ""77.0"", ""G Head Tube Length (cm)"": ""14.3"", ""H Wheelbase (cm)"": ""101.0"", ""I Front Center (cm)"": ""61.1"", ""J Chain Stay Length (cm)"": ""41.0"", ""K Bottom Bracket Drop (cm)"": ""7.2"", ""L Bottom Bracket Height (cm)"": ""27.1"", ""M Fork Rake (cm)"": ""5.5"", ""N Trail (cm)"": ""5.8"", ""O Stack (cm)"": ""54.5"", ""P Reach (cm)"": ""38.7"", ""Q Axle-to-Crown (cm)"": ""37.6""}",11999,false,https://www.cannondale.com/es-es/bikes/road/race/supersix-evo/supersix-evo-lab71-smu,https://www.cannondale.com/-/media/images/my26/bikes/road/race/s6-evo/pdps/c26_supersixevo_geotable.ashx,vision,2026-10-05
Cannondale,SuperSix EVO [7388323f],SuperSix EVO LAB71,2026,carretera,56,,56,,,,,565,393,"{""Wheel Size"": ""700c"", ""A Seat Tube Length (cm)"": ""51.0"", ""B Top Tube Horizontal (cm)"": ""56.0"", ""C Top Tube Actual"": ""54.3"", ""D Head Tube Angle"": ""73.0°"", ""E Seat Tube Angle"": ""73.5°"", ""F Standover (cm)"": ""79.0"", ""G Head Tube Length (cm)"": ""15.4"", ""H Wheelbase (cm)"": ""99.5"", ""I Front Center (cm)"": ""59.5"", ""J Chain Stay Length (cm)"": ""41.0"", ""K Bottom Bracket Drop (cm)"": ""7.2"", ""L Bottom Bracket Height (cm)"": ""27.1"", ""M Fork Rake (cm)"": ""4.5"", ""N Trail (cm)"": ""5.8"", ""O Stack (cm)"": ""56.5"", ""P Reach (cm)"": ""39.3"", ""Q Axle-to-Crown (cm)"": ""37.6""}",11999,false,https://www.cannondale.com/es-es/bikes/road/race/supersix-evo/supersix-evo-lab71-smu,https://www.cannondale.com/-/media/images/my26/bikes/road/race/s6-evo/pdps/c26_supersixevo_geotable.ashx,vision,2026-10-05
Cannondale,SuperSix EVO [7388323f],SuperSix EVO LAB71,2026,carretera,58,,58,,,,,585,398,"{""Wheel Size"": ""700c"", ""A Seat Tube Length (cm)"": ""53.2"", ""B Top Tube Horizontal (cm)"": ""57.7"", ""C Top Tube Actual"": ""55.9"", ""D Head Tube Angle"": ""73.0°"", ""E Seat Tube Angle"": ""73.0°"", ""F Standover (cm)"": ""81.2"", ""G Head Tube Length (cm)"": ""17.8"", ""H Wheelbase (cm)"": ""100.7"", ""I Front Center (cm)"": ""60.7"", ""J Chain Stay Length (cm)"": ""41.0"", ""K Bottom Bracket Drop (cm)"": ""6.9"", ""L Bottom Bracket Height (cm)"": ""27.4"", ""M Fork Rake (cm)"": ""4.5"", ""N Trail (cm)"": ""5.8"", ""O Stack (cm)"": ""58.5"", ""P Reach (cm)"": ""39.8"", ""Q Axle-to-Crown (cm)"": ""37.6""}",11999,false,https://www.cannondale.com/es-es/bikes/road/race/supersix-evo/supersix-evo-lab71-smu,https://www.cannondale.com/-/media/images/my26/bikes/road/race/s6-evo/pdps/c26_supersixevo_geotable.ashx,vision,2026-10-05
Cannondale,SuperSix EVO [7388323f],SuperSix EVO LAB71,2026,carretera,61,,61,,,,,615,406,"{""Wheel Size"": ""700c"", ""A Seat Tube Length (cm)"": ""57.0"", ""B Top Tube Horizontal (cm)"": ""60.0"", ""C Top Tube Actual"": ""58.2"", ""D Head Tube Angle"": ""73.0°"", ""E Seat Tube Angle"": ""72.5°"", ""F Standover (cm)"": ""84.6"", ""G Head Tube Length (cm)"": ""20.9"", ""H Wheelbase (cm)"": ""102.4"", ""I Front Center (cm)"": ""62.4"", ""J Chain Stay Length (cm)"": ""41.0"", ""K Bottom Bracket Drop (cm)"": ""6.9"", ""L Bottom Bracket Height (cm)"": ""27.4"", ""M Fork Rake (cm)"": ""4.5"", ""N Trail (cm)"": ""5.8"", ""O Stack (cm)"": ""61.5"", ""P Reach (cm)"": ""40.6"", ""Q Axle-to-Crown (cm)"": ""37.6""}",11999,false,https://www.cannondale.com/es-es/bikes/road/race/supersix-evo/supersix-evo-lab71-smu,https://www.cannondale.com/-/media/images/my26/bikes/road/race/s6-evo/pdps/c26_supersixevo_geotable.ashx,vision,2026-10-05
Cannondale,SuperSix EVO [7388323f],SuperSix EVO LAB71 SL,2026,carretera,44,,44,,,,,495,373,"{""Wheel Size"": ""700c"", ""A Seat Tube Length (cm)"": ""40.0"", ""B Top Tube Horizontal (cm)"": ""51.0"", ""C Top Tube Actual"": ""49.2"", ""D Head Tube Angle"": ""70.9°"", ""E Seat Tube Angle"": ""74.5°"", ""F Standover (cm)"": ""69.4"", ""G Head Tube Length (cm)"": ""8.9"", ""H Wheelbase (cm)"": ""98.0"", ""I Front Center (cm)"": ""58.2"", ""J Chain Stay Length (cm)"": ""41.0"", ""K Bottom Bracket Drop (cm)"": ""7.4"", ""L Bottom Bracket Height (cm)"": ""26.9"", ""M Fork Rake (cm)"": ""5.5"", ""N Trail (cm)"": ""6.0"", ""O Stack (cm)"": ""49.5"", ""P Reach (cm)"": ""37.3"", ""Q Axle-to-Crown (cm)"": ""37.6""}",12799,false,https://www.cannondale.com/es-es/bikes/road/race/supersix-evo/supersix-evo-lab71-sl-smu,https://www.cannondale.com/-/media/images/my26/bikes/road/race/s6-evo/pdps/c26_supersixevo_geotable.ashx,vision,2026-10-05
Cannondale,SuperSix EVO [7388323f],SuperSix EVO LAB71 SL,2026,carretera,48,,48,,,,,508,376,"{""Wheel Size"": ""700c"", ""A Seat Tube Length (cm)"": ""42.9"", ""B Top Tube Horizontal (cm)"": ""52.2"", ""C Top Tube Actual"": ""50.3"", ""D Head Tube Angle"": ""71.2°"", ""E Seat Tube Angle"": ""74.0°"", ""F Standover (cm)"": ""71.7"", ""G Head Tube Length (cm)"": ""10.1"", ""H Wheelbase (cm)"": ""98.5"", ""I Front Center (cm)"": ""58.6"", ""J Chain Stay Length (cm)"": ""41.0"", ""K Bottom Bracket Drop (cm)"": ""7.4"", ""L Bottom Bracket Height (cm)"": ""26.9"", ""M Fork Rake (cm)"": ""5.5"", ""N Trail (cm)"": ""5.8"", ""O Stack (cm)"": ""50.8"", ""P Reach (cm)"": ""37.6"", ""Q Axle-to-Crown (cm)"": ""37.6""}",12799,false,https://www.cannondale.com/es-es/bikes/road/race/supersix-evo/supersix-evo-lab71-sl-smu,https://www.cannondale.com/-/media/images/my26/bikes/road/race/s6-evo/pdps/c26_supersixevo_geotable.ashx,vision,2026-10-05
Cannondale,SuperSix EVO [7388323f],SuperSix EVO LAB71 SL,2026,carretera,50,,50,,,,,520,379,"{""Wheel Size"": ""700c"", ""A Seat Tube Length (cm)"": ""44.8"", ""B Top Tube Horizontal (cm)"": ""52.9"", ""C Top Tube Actual"": ""51.1"", ""D Head Tube Angle"": ""71.2°"", ""E Seat Tube Angle"": ""74.0°"", ""F Standover (cm)"": ""73.3"", ""G Head Tube Length (cm)"": ""11.4"", ""H Wheelbase (cm)"": ""99.3"", ""I Front Center (cm)"": ""59.4"", ""J Chain Stay Length (cm)"": ""41.0"", ""K Bottom Bracket Drop (cm)"": ""7.4"", ""L Bottom Bracket Height (cm)"": ""26.9"", ""M Fork Rake (cm)"": ""5.5"", ""N Trail (cm)"": ""5.8"", ""O Stack (cm)"": ""52.0"", ""P Reach (cm)"": ""37.9"", ""Q Axle-to-Crown (cm)"": ""37.6""}",12799,false,https://www.cannondale.com/es-es/bikes/road/race/supersix-evo/supersix-evo-lab71-sl-smu,https://www.cannondale.com/-/media/images/my26/bikes/road/race/s6-evo/pdps/c26_supersixevo_geotable.ashx,vision,2026-10-05
Cannondale,SuperSix EVO [7388323f],SuperSix EVO LAB71 SL,2026,carretera,52,,52,,,,,532,383,"{""Wheel Size"": ""700c"", ""A Seat Tube Length (cm)"": ""46.7"", ""B Top Tube Horizontal (cm)"": ""53.6"", ""C Top Tube Actual"": ""51.9"", ""D Head Tube Angle"": ""71.2°"", ""E Seat Tube Angle"": ""74.0°"", ""F Standover (cm)"": ""75.2"", ""G Head Tube Length (cm)"": ""13.0"", ""H Wheelbase (cm)"": ""100.2"", ""I Front Center (cm)"": ""60.2"", ""J Chain Stay Length (cm)"": ""41.0"", ""K Bottom Bracket Drop (cm)"": ""7.2"", ""L Bottom Bracket Height (cm)"": ""27.1"", ""M Fork Rake (cm)"": ""5.5"", ""N Trail (cm)"": ""5.8"", ""O Stack (cm)"": ""53.2"", ""P Reach (cm)"": ""38.3"", ""Q Axle-to-Crown (cm)"": ""37.6""}",12799,false,https://www.cannondale.com/es-es/bikes/road/race/supersix-evo/supersix-evo-lab71-sl-smu,https://www.cannondale.com/-/media/images/my26/bikes/road/race/s6-evo/pdps/c26_supersixevo_geotable.ashx,vision,2026-10-05
Cannondale,SuperSix EVO [7388323f],SuperSix EVO LAB71 SL,2026,carretera,54,,54,,,,,545,387,"{""Wheel Size"": ""700c"", ""A Seat Tube Length (cm)"": ""49.0"", ""B Top Tube Horizontal (cm)"": ""54.4"", ""C Top Tube Actual"": ""52.7"", ""D Head Tube Angle"": ""71.2°"", ""E Seat Tube Angle"": ""74.0°"", ""F Standover (cm)"": ""77.0"", ""G Head Tube Length (cm)"": ""14.3"", ""H Wheelbase (cm)"": ""101.0"", ""I Front Center (cm)"": ""61.1"", ""J Chain Stay Length (cm)"": ""41.0"", ""K Bottom Bracket Drop (cm)"": ""7.2"", ""L Bottom Bracket Height (cm)"": ""27.1"", ""M Fork Rake (cm)"": ""5.5"", ""N Trail (cm)"": ""5.8"", ""O Stack (cm)"": ""54.5"", ""P Reach (cm)"": ""38.7"", ""Q Axle-to-Crown (cm)"": ""37.6""}",12799,false,https://www.cannondale.com/es-es/bikes/road/race/supersix-evo/supersix-evo-lab71-sl-smu,https://www.cannondale.com/-/media/images/my26/bikes/road/race/s6-evo/pdps/c26_supersixevo_geotable.ashx,vision,2026-10-05
Cannondale,SuperSix EVO [7388323f],SuperSix EVO LAB71 SL,2026,carretera,56,,56,,,,,565,393,"{""Wheel Size"": ""700c"", ""A Seat Tube Length (cm)"": ""51.0"", ""B Top Tube Horizontal (cm)"": ""56.0"", ""C Top Tube Actual"": ""54.3"", ""D Head Tube Angle"": ""73.0°"", ""E Seat Tube Angle"": ""73.5°"", ""F Standover (cm)"": ""79.0"", ""G Head Tube Length (cm)"": ""15.4"", ""H Wheelbase (cm)"": ""99.5"", ""I Front Center (cm)"": ""59.5"", ""J Chain Stay Length (cm)"": ""41.0"", ""K Bottom Bracket Drop (cm)"": ""7.2"", ""L Bottom Bracket Height (cm)"": ""27.1"", ""M Fork Rake (cm)"": ""4.5"", ""N Trail (cm)"": ""5.8"", ""O Stack (cm)"": ""56.5"", ""P Reach (cm)"": ""39.3"", ""Q Axle-to-Crown (cm)"": ""37.6""}",12799,false,https://www.cannondale.com/es-es/bikes/road/race/supersix-evo/supersix-evo-lab71-sl-smu,https://www.cannondale.com/-/media/images/my26/bikes/road/race/s6-evo/pdps/c26_supersixevo_geotable.ashx,vision,2026-10-05
Cannondale,SuperSix EVO [7388323f],SuperSix EVO LAB71 SL,2026,carretera,58,,58,,,,,585,398,"{""Wheel Size"": ""700c"", ""A Seat Tube Length (cm)"": ""53.2"", ""B Top Tube Horizontal (cm)"": ""57.7"", ""C Top Tube Actual"": ""55.9"", ""D Head Tube Angle"": ""73.0°"", ""E Seat Tube Angle"": ""73.0°"", ""F Standover (cm)"": ""81.2"", ""G Head Tube Length (cm)"": ""17.8"", ""H Wheelbase (cm)"": ""100.7"", ""I Front Center (cm)"": ""60.7"", ""J Chain Stay Length (cm)"": ""41.0"", ""K Bottom Bracket Drop (cm)"": ""6.9"", ""L Bottom Bracket Height (cm)"": ""27.4"", ""M Fork Rake (cm)"": ""4.5"", ""N Trail (cm)"": ""5.8"", ""O Stack (cm)"": ""58.5"", ""P Reach (cm)"": ""39.8"", ""Q Axle-to-Crown (cm)"": ""37.6""}",12799,false,https://www.cannondale.com/es-es/bikes/road/race/supersix-evo/supersix-evo-lab71-sl-smu,https://www.cannondale.com/-/media/images/my26/bikes/road/race/s6-evo/pdps/c26_supersixevo_geotable.ashx,vision,2026-10-05
Cannondale,SuperSix EVO [7388323f],SuperSix EVO LAB71 SL,2026,carretera,61,,61,,,,,615,406,"{""Wheel Size"": ""700c"", ""A Seat Tube Length (cm)"": ""57.0"", ""B Top Tube Horizontal (cm)"": ""60.0"", ""C Top Tube Actual"": ""58.2"", ""D Head Tube Angle"": ""73.0°"", ""E Seat Tube Angle"": ""72.5°"", ""F Standover (cm)"": ""84.6"", ""G Head Tube Length (cm)"": ""20.9"", ""H Wheelbase (cm)"": ""102.4"", ""I Front Center (cm)"": ""62.4"", ""J Chain Stay Length (cm)"": ""41.0"", ""K Bottom Bracket Drop (cm)"": ""6.9"", ""L Bottom Bracket Height (cm)"": ""27.4"", ""M Fork Rake (cm)"": ""4.5"", ""N Trail (cm)"": ""5.8"", ""O Stack (cm)"": ""61.5"", ""P Reach (cm)"": ""40.6"", ""Q Axle-to-Crown (cm)"": ""37.6""}",12799,false,https://www.cannondale.com/es-es/bikes/road/race/supersix-evo/supersix-evo-lab71-sl-smu,https://www.cannondale.com/-/media/images/my26/bikes/road/race/s6-evo/pdps/c26_supersixevo_geotable.ashx,vision,2026-10-05
Cannondale,SuperSix EVO [7388323f],SuperSix EVO 1,2026,carretera,44,,44,,,,,495,373,"{""Wheel Size"": ""700c"", ""A Seat Tube Length (cm)"": ""40.0"", ""B Top Tube Horizontal (cm)"": ""51.0"", ""C Top Tube Actual"": ""49.2"", ""D Head Tube Angle"": ""70.9°"", ""E Seat Tube Angle"": ""74.5°"", ""F Standover (cm)"": ""69.4"", ""G Head Tube Length (cm)"": ""8.9"", ""H Wheelbase (cm)"": ""98.0"", ""I Front Center (cm)"": ""58.2"", ""J Chain Stay Length (cm)"": ""41.0"", ""K Bottom Bracket Drop (cm)"": ""7.4"", ""L Bottom Bracket Height (cm)"": ""26.9"", ""M Fork Rake (cm)"": ""5.5"", ""N Trail (cm)"": ""6.0"", ""O Stack (cm)"": ""49.5"", ""P Reach (cm)"": ""37.3"", ""Q Axle-to-Crown (cm)"": ""37.6""}",8499,false,https://www.cannondale.com/es-es/bikes/road/race/supersix-evo/supersix-evo-1-smu,https://www.cannondale.com/-/media/images/my26/bikes/road/race/s6-evo/pdps/c26_supersixevo_geotable.ashx,vision,2026-10-05
Cannondale,SuperSix EVO [7388323f],SuperSix EVO 1,2026,carretera,48,,48,,,,,508,376,"{""Wheel Size"": ""700c"", ""A Seat Tube Length (cm)"": ""42.9"", ""B Top Tube Horizontal (cm)"": ""52.2"", ""C Top Tube Actual"": ""50.3"", ""D Head Tube Angle"": ""71.2°"", ""E Seat Tube Angle"": ""74.0°"", ""F Standover (cm)"": ""71.7"", ""G Head Tube Length (cm)"": ""10.1"", ""H Wheelbase (cm)"": ""98.5"", ""I Front Center (cm)"": ""58.6"", ""J Chain Stay Length (cm)"": ""41.0"", ""K Bottom Bracket Drop (cm)"": ""7.4"", ""L Bottom Bracket Height (cm)"": ""26.9"", ""M Fork Rake (cm)"": ""5.5"", ""N Trail (cm)"": ""5.8"", ""O Stack (cm)"": ""50.8"", ""P Reach (cm)"": ""37.6"", ""Q Axle-to-Crown (cm)"": ""37.6""}",8499,false,https://www.cannondale.com/es-es/bikes/road/race/supersix-evo/supersix-evo-1-smu,https://www.cannondale.com/-/media/images/my26/bikes/road/race/s6-evo/pdps/c26_supersixevo_geotable.ashx,vision,2026-10-05
Cannondale,SuperSix EVO [7388323f],SuperSix EVO 1,2026,carretera,50,,50,,,,,520,379,"{""Wheel Size"": ""700c"", ""A Seat Tube Length (cm)"": ""44.8"", ""B Top Tube Horizontal (cm)"": ""52.9"", ""C Top Tube Actual"": ""51.1"", ""D Head Tube Angle"": ""71.2°"", ""E Seat Tube Angle"": ""74.0°"", ""F Standover (cm)"": ""73.3"", ""G Head Tube Length (cm)"": ""11.4"", ""H Wheelbase (cm)"": ""99.3"", ""I Front Center (cm)"": ""59.4"", ""J Chain Stay Length (cm)"": ""41.0"", ""K Bottom Bracket Drop (cm)"": ""7.4"", ""L Bottom Bracket Height (cm)"": ""26.9"", ""M Fork Rake (cm)"": ""5.5"", ""N Trail (cm)"": ""5.8"", ""O Stack (cm)"": ""52.0"", ""P Reach (cm)"": ""37.9"", ""Q Axle-to-Crown (cm)"": ""37.6""}",8499,false,https://www.cannondale.com/es-es/bikes/road/race/supersix-evo/supersix-evo-1-smu,https://www.cannondale.com/-/media/images/my26/bikes/road/race/s6-evo/pdps/c26_supersixevo_geotable.ashx,vision,2026-10-05
Cannondale,SuperSix EVO [7388323f],SuperSix EVO 1,2026,carretera,52,,52,,,,,532,383,"{""Wheel Size"": ""700c"", ""A Seat Tube Length (cm)"": ""46.7"", ""B Top Tube Horizontal (cm)"": ""53.6"", ""C Top Tube Actual"": ""51.9"", ""D Head Tube Angle"": ""71.2°"", ""E Seat Tube Angle"": ""74.0°"", ""F Standover (cm)"": ""75.2"", ""G Head Tube Length (cm)"": ""13.0"", ""H Wheelbase (cm)"": ""100.2"", ""I Front Center (cm)"": ""60.2"", ""J Chain Stay Length (cm)"": ""41.0"", ""K Bottom Bracket Drop (cm)"": ""7.2"", ""L Bottom Bracket Height (cm)"": ""27.1"", ""M Fork Rake (cm)"": ""5.5"", ""N Trail (cm)"": ""5.8"", ""O Stack (cm)"": ""53.2"", ""P Reach (cm)"": ""38.3"", ""Q Axle-to-Crown (cm)"": ""37.6""}",8499,false,https://www.cannondale.com/es-es/bikes/road/race/supersix-evo/supersix-evo-1-smu,https://www.cannondale.com/-/media/images/my26/bikes/road/race/s6-evo/pdps/c26_supersixevo_geotable.ashx,vision,2026-10-05
Cannondale,SuperSix EVO [7388323f],SuperSix EVO 1,2026,carretera,54,,54,,,,,545,387,"{""Wheel Size"": ""700c"", ""A Seat Tube Length (cm)"": ""49.0"", ""B Top Tube Horizontal (cm)"": ""54.4"", ""C Top Tube Actual"": ""52.7"", ""D Head Tube Angle"": ""71.2°"", ""E Seat Tube Angle"": ""74.0°"", ""F Standover (cm)"": ""77.0"", ""G Head Tube Length (cm)"": ""14.3"", ""H Wheelbase (cm)"": ""101.0"", ""I Front Center (cm)"": ""61.1"", ""J Chain Stay Length (cm)"": ""41.0"", ""K Bottom Bracket Drop (cm)"": ""7.2"", ""L Bottom Bracket Height (cm)"": ""27.1"", ""M Fork Rake (cm)"": ""5.5"", ""N Trail (cm)"": ""5.8"", ""O Stack (cm)"": ""54.5"", ""P Reach (cm)"": ""38.7"", ""Q Axle-to-Crown (cm)"": ""37.6""}",8499,false,https://www.cannondale.com/es-es/bikes/road/race/supersix-evo/supersix-evo-1-smu,https://www.cannondale.com/-/media/images/my26/bikes/road/race/s6-evo/pdps/c26_supersixevo_geotable.ashx,vision,2026-10-05
Cannondale,SuperSix EVO [7388323f],SuperSix EVO 1,2026,carretera,56,,56,,,,,565,393,"{""Wheel Size"": ""700c"", ""A Seat Tube Length (cm)"": ""51.0"", ""B Top Tube Horizontal (cm)"": ""56.0"", ""C Top Tube Actual"": ""54.3"", ""D Head Tube Angle"": ""73.0°"", ""E Seat Tube Angle"": ""73.5°"", ""F Standover (cm)"": ""79.0"", ""G Head Tube Length (cm)"": ""15.4"", ""H Wheelbase (cm)"": ""99.5"", ""I Front Center (cm)"": ""59.5"", ""J Chain Stay Length (cm)"": ""41.0"", ""K Bottom Bracket Drop (cm)"": ""7.2"", ""L Bottom Bracket Height (cm)"": ""27.1"", ""M Fork Rake (cm)"": ""4.5"", ""N Trail (cm)"": ""5.8"", ""O Stack (cm)"": ""56.5"", ""P Reach (cm)"": ""39.3"", ""Q Axle-to-Crown (cm)"": ""37.6""}",8499,false,https://www.cannondale.com/es-es/bikes/road/race/supersix-evo/supersix-evo-1-smu,https://www.cannondale.com/-/media/images/my26/bikes/road/race/s6-evo/pdps/c26_supersixevo_geotable.ashx,vision,2026-10-05
Cannondale,SuperSix EVO [7388323f],SuperSix EVO 1,2026,carretera,58,,58,,,,,585,398,"{""Wheel Size"": ""700c"", ""A Seat Tube Length (cm)"": ""53.2"", ""B Top Tube Horizontal (cm)"": ""57.7"", ""C Top Tube Actual"": ""55.9"", ""D Head Tube Angle"": ""73.0°"", ""E Seat Tube Angle"": ""73.0°"", ""F Standover (cm)"": ""81.2"", ""G Head Tube Length (cm)"": ""17.8"", ""H Wheelbase (cm)"": ""100.7"", ""I Front Center (cm)"": ""60.7"", ""J Chain Stay Length (cm)"": ""41.0"", ""K Bottom Bracket Drop (cm)"": ""6.9"", ""L Bottom Bracket Height (cm)"": ""27.4"", ""M Fork Rake (cm)"": ""4.5"", ""N Trail (cm)"": ""5.8"", ""O Stack (cm)"": ""58.5"", ""P Reach (cm)"": ""39.8"", ""Q Axle-to-Crown (cm)"": ""37.6""}",8499,false,https://www.cannondale.com/es-es/bikes/road/race/supersix-evo/supersix-evo-1-smu,https://www.cannondale.com/-/media/images/my26/bikes/road/race/s6-evo/pdps/c26_supersixevo_geotable.ashx,vision,2026-10-05
Cannondale,SuperSix EVO [7388323f],SuperSix EVO 1,2026,carretera,61,,61,,,,,615,406,"{""Wheel Size"": ""700c"", ""A Seat Tube Length (cm)"": ""57.0"", ""B Top Tube Horizontal (cm)"": ""60.0"", ""C Top Tube Actual"": ""58.2"", ""D Head Tube Angle"": ""73.0°"", ""E Seat Tube Angle"": ""72.5°"", ""F Standover (cm)"": ""84.6"", ""G Head Tube Length (cm)"": ""20.9"", ""H Wheelbase (cm)"": ""102.4"", ""I Front Center (cm)"": ""62.4"", ""J Chain Stay Length (cm)"": ""41.0"", ""K Bottom Bracket Drop (cm)"": ""6.9"", ""L Bottom Bracket Height (cm)"": ""27.4"", ""M Fork Rake (cm)"": ""4.5"", ""N Trail (cm)"": ""5.8"", ""O Stack (cm)"": ""61.5"", ""P Reach (cm)"": ""40.6"", ""Q Axle-to-Crown (cm)"": ""37.6""}",8499,false,https://www.cannondale.com/es-es/bikes/road/race/supersix-evo/supersix-evo-1-smu,https://www.cannondale.com/-/media/images/my26/bikes/road/race/s6-evo/pdps/c26_supersixevo_geotable.ashx,vision,2026-10-05
Cannondale,SuperSix EVO [7388323f],SuperSix EVO 1 SL,2026,carretera,44,,44,,,,,495,373,"{""Wheel Size"": ""700c"", ""A Seat Tube Length (cm)"": ""40.0"", ""B Top Tube Horizontal (cm)"": ""51.0"", ""C Top Tube Actual"": ""49.2"", ""D Head Tube Angle"": ""70.9°"", ""E Seat Tube Angle"": ""74.5°"", ""F Standover (cm)"": ""69.4"", ""G Head Tube Length (cm)"": ""8.9"", ""H Wheelbase (cm)"": ""98.0"", ""I Front Center (cm)"": ""58.2"", ""J Chain Stay Length (cm)"": ""41.0"", ""K Bottom Bracket Drop (cm)"": ""7.4"", ""L Bottom Bracket Height (cm)"": ""26.9"", ""M Fork Rake (cm)"": ""5.5"", ""N Trail (cm)"": ""6.0"", ""O Stack (cm)"": ""49.5"", ""P Reach (cm)"": ""37.3"", ""Q Axle-to-Crown (cm)"": ""37.6""}",7999,false,https://www.cannondale.com/es-es/bikes/road/race/supersix-evo/supersix-evo-1-sl-smu,https://www.cannondale.com/-/media/images/my26/bikes/road/race/s6-evo/pdps/c26_supersixevo_geotable.ashx,vision,2026-10-05
Cannondale,SuperSix EVO [7388323f],SuperSix EVO 1 SL,2026,carretera,48,,48,,,,,508,376,"{""Wheel Size"": ""700c"", ""A Seat Tube Length (cm)"": ""42.9"", ""B Top Tube Horizontal (cm)"": ""52.2"", ""C Top Tube Actual"": ""50.3"", ""D Head Tube Angle"": ""71.2°"", ""E Seat Tube Angle"": ""74.0°"", ""F Standover (cm)"": ""71.7"", ""G Head Tube Length (cm)"": ""10.1"", ""H Wheelbase (cm)"": ""98.5"", ""I Front Center (cm)"": ""58.6"", ""J Chain Stay Length (cm)"": ""41.0"", ""K Bottom Bracket Drop (cm)"": ""7.4"", ""L Bottom Bracket Height (cm)"": ""26.9"", ""M Fork Rake (cm)"": ""5.5"", ""N Trail (cm)"": ""5.8"", ""O Stack (cm)"": ""50.8"", ""P Reach (cm)"": ""37.6"", ""Q Axle-to-Crown (cm)"": ""37.6""}",7999,false,https://www.cannondale.com/es-es/bikes/road/race/supersix-evo/supersix-evo-1-sl-smu,https://www.cannondale.com/-/media/images/my26/bikes/road/race/s6-evo/pdps/c26_supersixevo_geotable.ashx,vision,2026-10-05
Cannondale,SuperSix EVO [7388323f],SuperSix EVO 1 SL,2026,carretera,50,,50,,,,,520,379,"{""Wheel Size"": ""700c"", ""A Seat Tube Length (cm)"": ""44.8"", ""B Top Tube Horizontal (cm)"": ""52.9"", ""C Top Tube Actual"": ""51.1"", ""D Head Tube Angle"": ""71.2°"", ""E Seat Tube Angle"": ""74.0°"", ""F Standover (cm)"": ""73.3"", ""G Head Tube Length (cm)"": ""11.4"", ""H Wheelbase (cm)"": ""99.3"", ""I Front Center (cm)"": ""59.4"", ""J Chain Stay Length (cm)"": ""41.0"", ""K Bottom Bracket Drop (cm)"": ""7.4"", ""L Bottom Bracket Height (cm)"": ""26.9"", ""M Fork Rake (cm)"": ""5.5"", ""N Trail (cm)"": ""5.8"", ""O Stack (cm)"": ""52.0"", ""P Reach (cm)"": ""37.9"", ""Q Axle-to-Crown (cm)"": ""37.6""}",7999,false,https://www.cannondale.com/es-es/bikes/road/race/supersix-evo/supersix-evo-1-sl-smu,https://www.cannondale.com/-/media/images/my26/bikes/road/race/s6-evo/pdps/c26_supersixevo_geotable.ashx,vision,2026-10-05
Cannondale,SuperSix EVO [7388323f],SuperSix EVO 1 SL,2026,carretera,52,,52,,,,,532,383,"{""Wheel Size"": ""700c"", ""A Seat Tube Length (cm)"": ""46.7"", ""B Top Tube Horizontal (cm)"": ""53.6"", ""C Top Tube Actual"": ""51.9"", ""D Head Tube Angle"": ""71.2°"", ""E Seat Tube Angle"": ""74.0°"", ""F Standover (cm)"": ""75.2"", ""G Head Tube Length (cm)"": ""13.0"", ""H Wheelbase (cm)"": ""100.2"", ""I Front Center (cm)"": ""60.2"", ""J Chain Stay Length (cm)"": ""41.0"", ""K Bottom Bracket Drop (cm)"": ""7.2"", ""L Bottom Bracket Height (cm)"": ""27.1"", ""M Fork Rake (cm)"": ""5.5"", ""N Trail (cm)"": ""5.8"", ""O Stack (cm)"": ""53.2"", ""P Reach (cm)"": ""38.3"", ""Q Axle-to-Crown (cm)"": ""37.6""}",7999,false,https://www.cannondale.com/es-es/bikes/road/race/supersix-evo/supersix-evo-1-sl-smu,https://www.cannondale.com/-/media/images/my26/bikes/road/race/s6-evo/pdps/c26_supersixevo_geotable.ashx,vision,2026-10-05
Cannondale,SuperSix EVO [7388323f],SuperSix EVO 1 SL,2026,carretera,54,,54,,,,,545,387,"{""Wheel Size"": ""700c"", ""A Seat Tube Length (cm)"": ""49.0"", ""B Top Tube Horizontal (cm)"": ""54.4"", ""C Top Tube Actual"": ""52.7"", ""D Head Tube Angle"": ""71.2°"", ""E Seat Tube Angle"": ""74.0°"", ""F Standover (cm)"": ""77.0"", ""G Head Tube Length (cm)"": ""14.3"", ""H Wheelbase (cm)"": ""101.0"", ""I Front Center (cm)"": ""61.1"", ""J Chain Stay Length (cm)"": ""41.0"", ""K Bottom Bracket Drop (cm)"": ""7.2"", ""L Bottom Bracket Height (cm)"": ""27.1"", ""M Fork Rake (cm)"": ""5.5"", ""N Trail (cm)"": ""5.8"", ""O Stack (cm)"": ""54.5"", ""P Reach (cm)"": ""38.7"", ""Q Axle-to-Crown (cm)"": ""37.6""}",7999,false,https://www.cannondale.com/es-es/bikes/road/race/supersix-evo/supersix-evo-1-sl-smu,https://www.cannondale.com/-/media/images/my26/bikes/road/race/s6-evo/pdps/c26_supersixevo_geotable.ashx,vision,2026-10-05
Cannondale,SuperSix EVO [7388323f],SuperSix EVO 1 SL,2026,carretera,56,,56,,,,,565,393,"{""Wheel Size"": ""700c"", ""A Seat Tube Length (cm)"": ""51.0"", ""B Top Tube Horizontal (cm)"": ""56.0"", ""C Top Tube Actual"": ""54.3"", ""D Head Tube Angle"": ""73.0°"", ""E Seat Tube Angle"": ""73.5°"", ""F Standover (cm)"": ""79.0"", ""G Head Tube Length (cm)"": ""15.4"", ""H Wheelbase (cm)"": ""99.5"", ""I Front Center (cm)"": ""59.5"", ""J Chain Stay Length (cm)"": ""41.0"", ""K Bottom Bracket Drop (cm)"": ""7.2"", ""L Bottom Bracket Height (cm)"": ""27.1"", ""M Fork Rake (cm)"": ""4.5"", ""N Trail (cm)"": ""5.8"", ""O Stack (cm)"": ""56.5"", ""P Reach (cm)"": ""39.3"", ""Q Axle-to-Crown (cm)"": ""37.6""}",7999,false,https://www.cannondale.com/es-es/bikes/road/race/supersix-evo/supersix-evo-1-sl-smu,https://www.cannondale.com/-/media/images/my26/bikes/road/race/s6-evo/pdps/c26_supersixevo_geotable.ashx,vision,2026-10-05
Cannondale,SuperSix EVO [7388323f],SuperSix EVO 1 SL,2026,carretera,58,,58,,,,,585,398,"{""Wheel Size"": ""700c"", ""A Seat Tube Length (cm)"": ""53.2"", ""B Top Tube Horizontal (cm)"": ""57.7"", ""C Top Tube Actual"": ""55.9"", ""D Head Tube Angle"": ""73.0°"", ""E Seat Tube Angle"": ""73.0°"", ""F Standover (cm)"": ""81.2"", ""G Head Tube Length (cm)"": ""17.8"", ""H Wheelbase (cm)"": ""100.7"", ""I Front Center (cm)"": ""60.7"", ""J Chain Stay Length (cm)"": ""41.0"", ""K Bottom Bracket Drop (cm)"": ""6.9"", ""L Bottom Bracket Height (cm)"": ""27.4"", ""M Fork Rake (cm)"": ""4.5"", ""N Trail (cm)"": ""5.8"", ""O Stack (cm)"": ""58.5"", ""P Reach (cm)"": ""39.8"", ""Q Axle-to-Crown (cm)"": ""37.6""}",7999,false,https://www.cannondale.com/es-es/bikes/road/race/supersix-evo/supersix-evo-1-sl-smu,https://www.cannondale.com/-/media/images/my26/bikes/road/race/s6-evo/pdps/c26_supersixevo_geotable.ashx,vision,2026-10-05
Cannondale,SuperSix EVO [7388323f],SuperSix EVO 1 SL,2026,carretera,61,,61,,,,,615,406,"{""Wheel Size"": ""700c"", ""A Seat Tube Length (cm)"": ""57.0"", ""B Top Tube Horizontal (cm)"": ""60.0"", ""C Top Tube Actual"": ""58.2"", ""D Head Tube Angle"": ""73.0°"", ""E Seat Tube Angle"": ""72.5°"", ""F Standover (cm)"": ""84.6"", ""G Head Tube Length (cm)"": ""20.9"", ""H Wheelbase (cm)"": ""102.4"", ""I Front Center (cm)"": ""62.4"", ""J Chain Stay Length (cm)"": ""41.0"", ""K Bottom Bracket Drop (cm)"": ""6.9"", ""L Bottom Bracket Height (cm)"": ""27.4"", ""M Fork Rake (cm)"": ""4.5"", ""N Trail (cm)"": ""5.8"", ""O Stack (cm)"": ""61.5"", ""P Reach (cm)"": ""40.6"", ""Q Axle-to-Crown (cm)"": ""37.6""}",7999,false,https://www.cannondale.com/es-es/bikes/road/race/supersix-evo/supersix-evo-1-sl-smu,https://www.cannondale.com/-/media/images/my26/bikes/road/race/s6-evo/pdps/c26_supersixevo_geotable.ashx,vision,2026-10-05
Cannondale,SuperSix EVO [7388323f],SuperSix EVO 3,2026,carretera,44,,44,,,,,495,373,"{""Wheel Size"": ""700c"", ""A Seat Tube Length (cm)"": ""40.0"", ""B Top Tube Horizontal (cm)"": ""51.0"", ""C Top Tube Actual"": ""49.2"", ""D Head Tube Angle"": ""70.9°"", ""E Seat Tube Angle"": ""74.5°"", ""F Standover (cm)"": ""69.4"", ""G Head Tube Length (cm)"": ""8.9"", ""H Wheelbase (cm)"": ""98.0"", ""I Front Center (cm)"": ""58.2"", ""J Chain Stay Length (cm)"": ""41.0"", ""K Bottom Bracket Drop (cm)"": ""7.4"", ""L Bottom Bracket Height (cm)"": ""26.9"", ""M Fork Rake (cm)"": ""5.5"", ""N Trail (cm)"": ""6.0"", ""O Stack (cm)"": ""49.5"", ""P Reach (cm)"": ""37.3"", ""Q Axle-to-Crown (cm)"": ""37.6""}",6499,false,https://www.cannondale.com/es-es/bikes/road/race/supersix-evo/supersix-evo-3-smu,https://www.cannondale.com/-/media/images/my26/bikes/road/race/s6-evo/pdps/c26_supersixevo_geotable.ashx,vision,2026-10-05
Cannondale,SuperSix EVO [7388323f],SuperSix EVO 3,2026,carretera,48,,48,,,,,508,376,"{""Wheel Size"": ""700c"", ""A Seat Tube Length (cm)"": ""42.9"", ""B Top Tube Horizontal (cm)"": ""52.2"", ""C Top Tube Actual"": ""50.3"", ""D Head Tube Angle"": ""71.2°"", ""E Seat Tube Angle"": ""74.0°"", ""F Standover (cm)"": ""71.7"", ""G Head Tube Length (cm)"": ""10.1"", ""H Wheelbase (cm)"": ""98.5"", ""I Front Center (cm)"": ""58.6"", ""J Chain Stay Length (cm)"": ""41.0"", ""K Bottom Bracket Drop (cm)"": ""7.4"", ""L Bottom Bracket Height (cm)"": ""26.9"", ""M Fork Rake (cm)"": ""5.5"", ""N Trail (cm)"": ""5.8"", ""O Stack (cm)"": ""50.8"", ""P Reach (cm)"": ""37.6"", ""Q Axle-to-Crown (cm)"": ""37.6""}",6499,false,https://www.cannondale.com/es-es/bikes/road/race/supersix-evo/supersix-evo-3-smu,https://www.cannondale.com/-/media/images/my26/bikes/road/race/s6-evo/pdps/c26_supersixevo_geotable.ashx,vision,2026-10-05
Cannondale,SuperSix EVO [7388323f],SuperSix EVO 3,2026,carretera,50,,50,,,,,520,379,"{""Wheel Size"": ""700c"", ""A Seat Tube Length (cm)"": ""44.8"", ""B Top Tube Horizontal (cm)"": ""52.9"", ""C Top Tube Actual"": ""51.1"", ""D Head Tube Angle"": ""71.2°"", ""E Seat Tube Angle"": ""74.0°"", ""F Standover (cm)"": ""73.3"", ""G Head Tube Length (cm)"": ""11.4"", ""H Wheelbase (cm)"": ""99.3"", ""I Front Center (cm)"": ""59.4"", ""J Chain Stay Length (cm)"": ""41.0"", ""K Bottom Bracket Drop (cm)"": ""7.4"", ""L Bottom Bracket Height (cm)"": ""26.9"", ""M Fork Rake (cm)"": ""5.5"", ""N Trail (cm)"": ""5.8"", ""O Stack (cm)"": ""52.0"", ""P Reach (cm)"": ""37.9"", ""Q Axle-to-Crown (cm)"": ""37.6""}",6499,false,https://www.cannondale.com/es-es/bikes/road/race/supersix-evo/supersix-evo-3-smu,https://www.cannondale.com/-/media/images/my26/bikes/road/race/s6-evo/pdps/c26_supersixevo_geotable.ashx,vision,2026-10-05
Cannondale,SuperSix EVO [7388323f],SuperSix EVO 3,2026,carretera,52,,52,,,,,532,383,"{""Wheel Size"": ""700c"", ""A Seat Tube Length (cm)"": ""46.7"", ""B Top Tube Horizontal (cm)"": ""53.6"", ""C Top Tube Actual"": ""51.9"", ""D Head Tube Angle"": ""71.2°"", ""E Seat Tube Angle"": ""74.0°"", ""F Standover (cm)"": ""75.2"", ""G Head Tube Length (cm)"": ""13.0"", ""H Wheelbase (cm)"": ""100.2"", ""I Front Center (cm)"": ""60.2"", ""J Chain Stay Length (cm)"": ""41.0"", ""K Bottom Bracket Drop (cm)"": ""7.2"", ""L Bottom Bracket Height (cm)"": ""27.1"", ""M Fork Rake (cm)"": ""5.5"", ""N Trail (cm)"": ""5.8"", ""O Stack (cm)"": ""53.2"", ""P Reach (cm)"": ""38.3"", ""Q Axle-to-Crown (cm)"": ""37.6""}",6499,false,https://www.cannondale.com/es-es/bikes/road/race/supersix-evo/supersix-evo-3-smu,https://www.cannondale.com/-/media/images/my26/bikes/road/race/s6-evo/pdps/c26_supersixevo_geotable.ashx,vision,2026-10-05
Cannondale,SuperSix EVO [7388323f],SuperSix EVO 3,2026,carretera,54,,54,,,,,545,387,"{""Wheel Size"": ""700c"", ""A Seat Tube Length (cm)"": ""49.0"", ""B Top Tube Horizontal (cm)"": ""54.4"", ""C Top Tube Actual"": ""52.7"", ""D Head Tube Angle"": ""71.2°"", ""E Seat Tube Angle"": ""74.0°"", ""F Standover (cm)"": ""77.0"", ""G Head Tube Length (cm)"": ""14.3"", ""H Wheelbase (cm)"": ""101.0"", ""I Front Center (cm)"": ""61.1"", ""J Chain Stay Length (cm)"": ""41.0"", ""K Bottom Bracket Drop (cm)"": ""7.2"", ""L Bottom Bracket Height (cm)"": ""27.1"", ""M Fork Rake (cm)"": ""5.5"", ""N Trail (cm)"": ""5.8"", ""O Stack (cm)"": ""54.5"", ""P Reach (cm)"": ""38.7"", ""Q Axle-to-Crown (cm)"": ""37.6""}",6499,false,https://www.cannondale.com/es-es/bikes/road/race/supersix-evo/supersix-evo-3-smu,https://www.cannondale.com/-/media/images/my26/bikes/road/race/s6-evo/pdps/c26_supersixevo_geotable.ashx,vision,2026-10-05
Cannondale,SuperSix EVO [7388323f],SuperSix EVO 3,2026,carretera,56,,56,,,,,565,393,"{""Wheel Size"": ""700c"", ""A Seat Tube Length (cm)"": ""51.0"", ""B Top Tube Horizontal (cm)"": ""56.0"", ""C Top Tube Actual"": ""54.3"", ""D Head Tube Angle"": ""73.0°"", ""E Seat Tube Angle"": ""73.5°"", ""F Standover (cm)"": ""79.0"", ""G Head Tube Length (cm)"": ""15.4"", ""H Wheelbase (cm)"": ""99.5"", ""I Front Center (cm)"": ""59.5"", ""J Chain Stay Length (cm)"": ""41.0"", ""K Bottom Bracket Drop (cm)"": ""7.2"", ""L Bottom Bracket Height (cm)"": ""27.1"", ""M Fork Rake (cm)"": ""4.5"", ""N Trail (cm)"": ""5.8"", ""O Stack (cm)"": ""56.5"", ""P Reach (cm)"": ""39.3"", ""Q Axle-to-Crown (cm)"": ""37.6""}",6499,false,https://www.cannondale.com/es-es/bikes/road/race/supersix-evo/supersix-evo-3-smu,https://www.cannondale.com/-/media/images/my26/bikes/road/race/s6-evo/pdps/c26_supersixevo_geotable.ashx,vision,2026-10-05
Cannondale,SuperSix EVO [7388323f],SuperSix EVO 3,2026,carretera,58,,58,,,,,585,398,"{""Wheel Size"": ""700c"", ""A Seat Tube Length (cm)"": ""53.2"", ""B Top Tube Horizontal (cm)"": ""57.7"", ""C Top Tube Actual"": ""55.9"", ""D Head Tube Angle"": ""73.0°"", ""E Seat Tube Angle"": ""73.0°"", ""F Standover (cm)"": ""81.2"", ""G Head Tube Length (cm)"": ""17.8"", ""H Wheelbase (cm)"": ""100.7"", ""I Front Center (cm)"": ""60.7"", ""J Chain Stay Length (cm)"": ""41.0"", ""K Bottom Bracket Drop (cm)"": ""6.9"", ""L Bottom Bracket Height (cm)"": ""27.4"", ""M Fork Rake (cm)"": ""4.5"", ""N Trail (cm)"": ""5.8"", ""O Stack (cm)"": ""58.5"", ""P Reach (cm)"": ""39.8"", ""Q Axle-to-Crown (cm)"": ""37.6""}",6499,false,https://www.cannondale.com/es-es/bikes/road/race/supersix-evo/supersix-evo-3-smu,https://www.cannondale.com/-/media/images/my26/bikes/road/race/s6-evo/pdps/c26_supersixevo_geotable.ashx,vision,2026-10-05
Cannondale,SuperSix EVO [7388323f],SuperSix EVO 3,2026,carretera,61,,61,,,,,615,406,"{""Wheel Size"": ""700c"", ""A Seat Tube Length (cm)"": ""57.0"", ""B Top Tube Horizontal (cm)"": ""60.0"", ""C Top Tube Actual"": ""58.2"", ""D Head Tube Angle"": ""73.0°"", ""E Seat Tube Angle"": ""72.5°"", ""F Standover (cm)"": ""84.6"", ""G Head Tube Length (cm)"": ""20.9"", ""H Wheelbase (cm)"": ""102.4"", ""I Front Center (cm)"": ""62.4"", ""J Chain Stay Length (cm)"": ""41.0"", ""K Bottom Bracket Drop (cm)"": ""6.9"", ""L Bottom Bracket Height (cm)"": ""27.4"", ""M Fork Rake (cm)"": ""4.5"", ""N Trail (cm)"": ""5.8"", ""O Stack (cm)"": ""61.5"", ""P Reach (cm)"": ""40.6"", ""Q Axle-to-Crown (cm)"": ""37.6""}",6499,false,https://www.cannondale.com/es-es/bikes/road/race/supersix-evo/supersix-evo-3-smu,https://www.cannondale.com/-/media/images/my26/bikes/road/race/s6-evo/pdps/c26_supersixevo_geotable.ashx,vision,2026-10-05
Cannondale,SuperSix EVO [7388323f],SuperSix EVO 2,2026,carretera,44,,44,,,,,495,373,"{""Wheel Size"": ""700c"", ""A Seat Tube Length (cm)"": ""40.0"", ""B Top Tube Horizontal (cm)"": ""51.0"", ""C Top Tube Actual"": ""49.2"", ""D Head Tube Angle"": ""70.9°"", ""E Seat Tube Angle"": ""74.5°"", ""F Standover (cm)"": ""69.4"", ""G Head Tube Length (cm)"": ""8.9"", ""H Wheelbase (cm)"": ""98.0"", ""I Front Center (cm)"": ""58.2"", ""J Chain Stay Length (cm)"": ""41.0"", ""K Bottom Bracket Drop (cm)"": ""7.4"", ""L Bottom Bracket Height (cm)"": ""26.9"", ""M Fork Rake (cm)"": ""5.5"", ""N Trail (cm)"": ""6.0"", ""O Stack (cm)"": ""49.5"", ""P Reach (cm)"": ""37.3"", ""Q Axle-to-Crown (cm)"": ""37.6""}",6299,false,https://www.cannondale.com/es-es/bikes/road/race/supersix-evo/supersix-evo-2-smu,https://www.cannondale.com/-/media/images/my26/bikes/road/race/s6-evo/pdps/c26_supersixevo_geotable.ashx,vision,2026-10-05
Cannondale,SuperSix EVO [7388323f],SuperSix EVO 2,2026,carretera,48,,48,,,,,508,376,"{""Wheel Size"": ""700c"", ""A Seat Tube Length (cm)"": ""42.9"", ""B Top Tube Horizontal (cm)"": ""52.2"", ""C Top Tube Actual"": ""50.3"", ""D Head Tube Angle"": ""71.2°"", ""E Seat Tube Angle"": ""74.0°"", ""F Standover (cm)"": ""71.7"", ""G Head Tube Length (cm)"": ""10.1"", ""H Wheelbase (cm)"": ""98.5"", ""I Front Center (cm)"": ""58.6"", ""J Chain Stay Length (cm)"": ""41.0"", ""K Bottom Bracket Drop (cm)"": ""7.4"", ""L Bottom Bracket Height (cm)"": ""26.9"", ""M Fork Rake (cm)"": ""5.5"", ""N Trail (cm)"": ""5.8"", ""O Stack (cm)"": ""50.8"", ""P Reach (cm)"": ""37.6"", ""Q Axle-to-Crown (cm)"": ""37.6""}",6299,false,https://www.cannondale.com/es-es/bikes/road/race/supersix-evo/supersix-evo-2-smu,https://www.cannondale.com/-/media/images/my26/bikes/road/race/s6-evo/pdps/c26_supersixevo_geotable.ashx,vision,2026-10-05
Cannondale,SuperSix EVO [7388323f],SuperSix EVO 2,2026,carretera,50,,50,,,,,520,379,"{""Wheel Size"": ""700c"", ""A Seat Tube Length (cm)"": ""44.8"", ""B Top Tube Horizontal (cm)"": ""52.9"", ""C Top Tube Actual"": ""51.1"", ""D Head Tube Angle"": ""71.2°"", ""E Seat Tube Angle"": ""74.0°"", ""F Standover (cm)"": ""73.3"", ""G Head Tube Length (cm)"": ""11.4"", ""H Wheelbase (cm)"": ""99.3"", ""I Front Center (cm)"": ""59.4"", ""J Chain Stay Length (cm)"": ""41.0"", ""K Bottom Bracket Drop (cm)"": ""7.4"", ""L Bottom Bracket Height (cm)"": ""26.9"", ""M Fork Rake (cm)"": ""5.5"", ""N Trail (cm)"": ""5.8"", ""O Stack (cm)"": ""52.0"", ""P Reach (cm)"": ""37.9"", ""Q Axle-to-Crown (cm)"": ""37.6""}",6299,false,https://www.cannondale.com/es-es/bikes/road/race/supersix-evo/supersix-evo-2-smu,https://www.cannondale.com/-/media/images/my26/bikes/road/race/s6-evo/pdps/c26_supersixevo_geotable.ashx,vision,2026-10-05
Cannondale,SuperSix EVO [7388323f],SuperSix EVO 2,2026,carretera,52,,52,,,,,532,383,"{""Wheel Size"": ""700c"", ""A Seat Tube Length (cm)"": ""46.7"", ""B Top Tube Horizontal (cm)"": ""53.6"", ""C Top Tube Actual"": ""51.9"", ""D Head Tube Angle"": ""71.2°"", ""E Seat Tube Angle"": ""74.0°"", ""F Standover (cm)"": ""75.2"", ""G Head Tube Length (cm)"": ""13.0"", ""H Wheelbase (cm)"": ""100.2"", ""I Front Center (cm)"": ""60.2"", ""J Chain Stay Length (cm)"": ""41.0"", ""K Bottom Bracket Drop (cm)"": ""7.2"", ""L Bottom Bracket Height (cm)"": ""27.1"", ""M Fork Rake (cm)"": ""5.5"", ""N Trail (cm)"": ""5.8"", ""O Stack (cm)"": ""53.2"", ""P Reach (cm)"": ""38.3"", ""Q Axle-to-Crown (cm)"": ""37.6""}",6299,false,https://www.cannondale.com/es-es/bikes/road/race/supersix-evo/supersix-evo-2-smu,https://www.cannondale.com/-/media/images/my26/bikes/road/race/s6-evo/pdps/c26_supersixevo_geotable.ashx,vision,2026-10-05
Cannondale,SuperSix EVO [7388323f],SuperSix EVO 2,2026,carretera,54,,54,,,,,545,387,"{""Wheel Size"": ""700c"", ""A Seat Tube Length (cm)"": ""49.0"", ""B Top Tube Horizontal (cm)"": ""54.4"", ""C Top Tube Actual"": ""52.7"", ""D Head Tube Angle"": ""71.2°"", ""E Seat Tube Angle"": ""74.0°"", ""F Standover (cm)"": ""77.0"", ""G Head Tube Length (cm)"": ""14.3"", ""H Wheelbase (cm)"": ""101.0"", ""I Front Center (cm)"": ""61.1"", ""J Chain Stay Length (cm)"": ""41.0"", ""K Bottom Bracket Drop (cm)"": ""7.2"", ""L Bottom Bracket Height (cm)"": ""27.1"", ""M Fork Rake (cm)"": ""5.5"", ""N Trail (cm)"": ""5.8"", ""O Stack (cm)"": ""54.5"", ""P Reach (cm)"": ""38.7"", ""Q Axle-to-Crown (cm)"": ""37.6""}",6299,false,https://www.cannondale.com/es-es/bikes/road/race/supersix-evo/supersix-evo-2-smu,https://www.cannondale.com/-/media/images/my26/bikes/road/race/s6-evo/pdps/c26_supersixevo_geotable.ashx,vision,2026-10-05
Cannondale,SuperSix EVO [7388323f],SuperSix EVO 2,2026,carretera,56,,56,,,,,565,393,"{""Wheel Size"": ""700c"", ""A Seat Tube Length (cm)"": ""51.0"", ""B Top Tube Horizontal (cm)"": ""56.0"", ""C Top Tube Actual"": ""54.3"", ""D Head Tube Angle"": ""73.0°"", ""E Seat Tube Angle"": ""73.5°"", ""F Standover (cm)"": ""79.0"", ""G Head Tube Length (cm)"": ""15.4"", ""H Wheelbase (cm)"": ""99.5"", ""I Front Center (cm)"": ""59.5"", ""J Chain Stay Length (cm)"": ""41.0"", ""K Bottom Bracket Drop (cm)"": ""7.2"", ""L Bottom Bracket Height (cm)"": ""27.1"", ""M Fork Rake (cm)"": ""4.5"", ""N Trail (cm)"": ""5.8"", ""O Stack (cm)"": ""56.5"", ""P Reach (cm)"": ""39.3"", ""Q Axle-to-Crown (cm)"": ""37.6""}",6299,false,https://www.cannondale.com/es-es/bikes/road/race/supersix-evo/supersix-evo-2-smu,https://www.cannondale.com/-/media/images/my26/bikes/road/race/s6-evo/pdps/c26_supersixevo_geotable.ashx,vision,2026-10-05
Cannondale,SuperSix EVO [7388323f],SuperSix EVO 2,2026,carretera,58,,58,,,,,585,398,"{""Wheel Size"": ""700c"", ""A Seat Tube Length (cm)"": ""53.2"", ""B Top Tube Horizontal (cm)"": ""57.7"", ""C Top Tube Actual"": ""55.9"", ""D Head Tube Angle"": ""73.0°"", ""E Seat Tube Angle"": ""73.0°"", ""F Standover (cm)"": ""81.2"", ""G Head Tube Length (cm)"": ""17.8"", ""H Wheelbase (cm)"": ""100.7"", ""I Front Center (cm)"": ""60.7"", ""J Chain Stay Length (cm)"": ""41.0"", ""K Bottom Bracket Drop (cm)"": ""6.9"", ""L Bottom Bracket Height (cm)"": ""27.4"", ""M Fork Rake (cm)"": ""4.5"", ""N Trail (cm)"": ""5.8"", ""O Stack (cm)"": ""58.5"", ""P Reach (cm)"": ""39.8"", ""Q Axle-to-Crown (cm)"": ""37.6""}",6299,false,https://www.cannondale.com/es-es/bikes/road/race/supersix-evo/supersix-evo-2-smu,https://www.cannondale.com/-/media/images/my26/bikes/road/race/s6-evo/pdps/c26_supersixevo_geotable.ashx,vision,2026-10-05
Cannondale,SuperSix EVO [7388323f],SuperSix EVO 2,2026,carretera,61,,61,,,,,615,406,"{""Wheel Size"": ""700c"", ""A Seat Tube Length (cm)"": ""57.0"", ""B Top Tube Horizontal (cm)"": ""60.0"", ""C Top Tube Actual"": ""58.2"", ""D Head Tube Angle"": ""73.0°"", ""E Seat Tube Angle"": ""72.5°"", ""F Standover (cm)"": ""84.6"", ""G Head Tube Length (cm)"": ""20.9"", ""H Wheelbase (cm)"": ""102.4"", ""I Front Center (cm)"": ""62.4"", ""J Chain Stay Length (cm)"": ""41.0"", ""K Bottom Bracket Drop (cm)"": ""6.9"", ""L Bottom Bracket Height (cm)"": ""27.4"", ""M Fork Rake (cm)"": ""4.5"", ""N Trail (cm)"": ""5.8"", ""O Stack (cm)"": ""61.5"", ""P Reach (cm)"": ""40.6"", ""Q Axle-to-Crown (cm)"": ""37.6""}",6299,false,https://www.cannondale.com/es-es/bikes/road/race/supersix-evo/supersix-evo-2-smu,https://www.cannondale.com/-/media/images/my26/bikes/road/race/s6-evo/pdps/c26_supersixevo_geotable.ashx,vision,2026-10-05
Cannondale,SuperSix EVO [7388323f],SuperSix EVO 4,2026,carretera,44,,44,,,,,495,373,"{""Wheel Size"": ""700c"", ""A Seat Tube Length (cm)"": ""40.0"", ""B Top Tube Horizontal (cm)"": ""51.0"", ""C Top Tube Actual"": ""49.2"", ""D Head Tube Angle"": ""70.9°"", ""E Seat Tube Angle"": ""74.5°"", ""F Standover (cm)"": ""69.4"", ""G Head Tube Length (cm)"": ""8.9"", ""H Wheelbase (cm)"": ""98.0"", ""I Front Center (cm)"": ""58.2"", ""J Chain Stay Length (cm)"": ""41.0"", ""K Bottom Bracket Drop (cm)"": ""7.4"", ""L Bottom Bracket Height (cm)"": ""26.9"", ""M Fork Rake (cm)"": ""5.5"", ""N Trail (cm)"": ""6.0"", ""O Stack (cm)"": ""49.5"", ""P Reach (cm)"": ""37.3"", ""Q Axle-to-Crown (cm)"": ""37.6""}",4999,false,https://www.cannondale.com/es-es/bikes/road/race/supersix-evo/supersix-evo-4-smu,https://www.cannondale.com/-/media/images/my26/bikes/road/race/s6-evo/pdps/c26_supersixevo_geotable.ashx,vision,2026-10-05
Cannondale,SuperSix EVO [7388323f],SuperSix EVO 4,2026,carretera,48,,48,,,,,508,376,"{""Wheel Size"": ""700c"", ""A Seat Tube Length (cm)"": ""42.9"", ""B Top Tube Horizontal (cm)"": ""52.2"", ""C Top Tube Actual"": ""50.3"", ""D Head Tube Angle"": ""71.2°"", ""E Seat Tube Angle"": ""74.0°"", ""F Standover (cm)"": ""71.7"", ""G Head Tube Length (cm)"": ""10.1"", ""H Wheelbase (cm)"": ""98.5"", ""I Front Center (cm)"": ""58.6"", ""J Chain Stay Length (cm)"": ""41.0"", ""K Bottom Bracket Drop (cm)"": ""7.4"", ""L Bottom Bracket Height (cm)"": ""26.9"", ""M Fork Rake (cm)"": ""5.5"", ""N Trail (cm)"": ""5.8"", ""O Stack (cm)"": ""50.8"", ""P Reach (cm)"": ""37.6"", ""Q Axle-to-Crown (cm)"": ""37.6""}",4999,false,https://www.cannondale.com/es-es/bikes/road/race/supersix-evo/supersix-evo-4-smu,https://www.cannondale.com/-/media/images/my26/bikes/road/race/s6-evo/pdps/c26_supersixevo_geotable.ashx,vision,2026-10-05
Cannondale,SuperSix EVO [7388323f],SuperSix EVO 4,2026,carretera,50,,50,,,,,520,379,"{""Wheel Size"": ""700c"", ""A Seat Tube Length (cm)"": ""44.8"", ""B Top Tube Horizontal (cm)"": ""52.9"", ""C Top Tube Actual"": ""51.1"", ""D Head Tube Angle"": ""71.2°"", ""E Seat Tube Angle"": ""74.0°"", ""F Standover (cm)"": ""73.3"", ""G Head Tube Length (cm)"": ""11.4"", ""H Wheelbase (cm)"": ""99.3"", ""I Front Center (cm)"": ""59.4"", ""J Chain Stay Length (cm)"": ""41.0"", ""K Bottom Bracket Drop (cm)"": ""7.4"", ""L Bottom Bracket Height (cm)"": ""26.9"", ""M Fork Rake (cm)"": ""5.5"", ""N Trail (cm)"": ""5.8"", ""O Stack (cm)"": ""52.0"", ""P Reach (cm)"": ""37.9"", ""Q Axle-to-Crown (cm)"": ""37.6""}",4999,false,https://www.cannondale.com/es-es/bikes/road/race/supersix-evo/supersix-evo-4-smu,https://www.cannondale.com/-/media/images/my26/bikes/road/race/s6-evo/pdps/c26_supersixevo_geotable.ashx,vision,2026-10-05
Cannondale,SuperSix EVO [7388323f],SuperSix EVO 4,2026,carretera,52,,52,,,,,532,383,"{""Wheel Size"": ""700c"", ""A Seat Tube Length (cm)"": ""46.7"", ""B Top Tube Horizontal (cm)"": ""53.6"", ""C Top Tube Actual"": ""51.9"", ""D Head Tube Angle"": ""71.2°"", ""E Seat Tube Angle"": ""74.0°"", ""F Standover (cm)"": ""75.2"", ""G Head Tube Length (cm)"": ""13.0"", ""H Wheelbase (cm)"": ""100.2"", ""I Front Center (cm)"": ""60.2"", ""J Chain Stay Length (cm)"": ""41.0"", ""K Bottom Bracket Drop (cm)"": ""7.2"", ""L Bottom Bracket Height (cm)"": ""27.1"", ""M Fork Rake (cm)"": ""5.5"", ""N Trail (cm)"": ""5.8"", ""O Stack (cm)"": ""53.2"", ""P Reach (cm)"": ""38.3"", ""Q Axle-to-Crown (cm)"": ""37.6""}",4999,false,https://www.cannondale.com/es-es/bikes/road/race/supersix-evo/supersix-evo-4-smu,https://www.cannondale.com/-/media/images/my26/bikes/road/race/s6-evo/pdps/c26_supersixevo_geotable.ashx,vision,2026-10-05
Cannondale,SuperSix EVO [7388323f],SuperSix EVO 4,2026,carretera,54,,54,,,,,545,387,"{""Wheel Size"": ""700c"", ""A Seat Tube Length (cm)"": ""49.0"", ""B Top Tube Horizontal (cm)"": ""54.4"", ""C Top Tube Actual"": ""52.7"", ""D Head Tube Angle"": ""71.2°"", ""E Seat Tube Angle"": ""74.0°"", ""F Standover (cm)"": ""77.0"", ""G Head Tube Length (cm)"": ""14.3"", ""H Wheelbase (cm)"": ""101.0"", ""I Front Center (cm)"": ""61.1"", ""J Chain Stay Length (cm)"": ""41.0"", ""K Bottom Bracket Drop (cm)"": ""7.2"", ""L Bottom Bracket Height (cm)"": ""27.1"", ""M Fork Rake (cm)"": ""5.5"", ""N Trail (cm)"": ""5.8"", ""O Stack (cm)"": ""54.5"", ""P Reach (cm)"": ""38.7"", ""Q Axle-to-Crown (cm)"": ""37.6""}",4999,false,https://www.cannondale.com/es-es/bikes/road/race/supersix-evo/supersix-evo-4-smu,https://www.cannondale.com/-/media/images/my26/bikes/road/race/s6-evo/pdps/c26_supersixevo_geotable.ashx,vision,2026-10-05
Cannondale,SuperSix EVO [7388323f],SuperSix EVO 4,2026,carretera,56,,56,,,,,565,393,"{""Wheel Size"": ""700c"", ""A Seat Tube Length (cm)"": ""51.0"", ""B Top Tube Horizontal (cm)"": ""56.0"", ""C Top Tube Actual"": ""54.3"", ""D Head Tube Angle"": ""73.0°"", ""E Seat Tube Angle"": ""73.5°"", ""F Standover (cm)"": ""79.0"", ""G Head Tube Length (cm)"": ""15.4"", ""H Wheelbase (cm)"": ""99.5"", ""I Front Center (cm)"": ""59.5"", ""J Chain Stay Length (cm)"": ""41.0"", ""K Bottom Bracket Drop (cm)"": ""7.2"", ""L Bottom Bracket Height (cm)"": ""27.1"", ""M Fork Rake (cm)"": ""4.5"", ""N Trail (cm)"": ""5.8"", ""O Stack (cm)"": ""56.5"", ""P Reach (cm)"": ""39.3"", ""Q Axle-to-Crown (cm)"": ""37.6""}",4999,false,https://www.cannondale.com/es-es/bikes/road/race/supersix-evo/supersix-evo-4-smu,https://www.cannondale.com/-/media/images/my26/bikes/road/race/s6-evo/pdps/c26_supersixevo_geotable.ashx,vision,2026-10-05
Cannondale,SuperSix EVO [7388323f],SuperSix EVO 4,2026,carretera,58,,58,,,,,585,398,"{""Wheel Size"": ""700c"", ""A Seat Tube Length (cm)"": ""53.2"", ""B Top Tube Horizontal (cm)"": ""57.7"", ""C Top Tube Actual"": ""55.9"", ""D Head Tube Angle"": ""73.0°"", ""E Seat Tube Angle"": ""73.0°"", ""F Standover (cm)"": ""81.2"", ""G Head Tube Length (cm)"": ""17.8"", ""H Wheelbase (cm)"": ""100.7"", ""I Front Center (cm)"": ""60.7"", ""J Chain Stay Length (cm)"": ""41.0"", ""K Bottom Bracket Drop (cm)"": ""6.9"", ""L Bottom Bracket Height (cm)"": ""27.4"", ""M Fork Rake (cm)"": ""4.5"", ""N Trail (cm)"": ""5.8"", ""O Stack (cm)"": ""58.5"", ""P Reach (cm)"": ""39.8"", ""Q Axle-to-Crown (cm)"": ""37.6""}",4999,false,https://www.cannondale.com/es-es/bikes/road/race/supersix-evo/supersix-evo-4-smu,https://www.cannondale.com/-/media/images/my26/bikes/road/race/s6-evo/pdps/c26_supersixevo_geotable.ashx,vision,2026-10-05
Cannondale,SuperSix EVO [7388323f],SuperSix EVO 4,2026,carretera,61,,61,,,,,615,406,"{""Wheel Size"": ""700c"", ""A Seat Tube Length (cm)"": ""57.0"", ""B Top Tube Horizontal (cm)"": ""60.0"", ""C Top Tube Actual"": ""58.2"", ""D Head Tube Angle"": ""73.0°"", ""E Seat Tube Angle"": ""72.5°"", ""F Standover (cm)"": ""84.6"", ""G Head Tube Length (cm)"": ""20.9"", ""H Wheelbase (cm)"": ""102.4"", ""I Front Center (cm)"": ""62.4"", ""J Chain Stay Length (cm)"": ""41.0"", ""K Bottom Bracket Drop (cm)"": ""6.9"", ""L Bottom Bracket Height (cm)"": ""27.4"", ""M Fork Rake (cm)"": ""4.5"", ""N Trail (cm)"": ""5.8"", ""O Stack (cm)"": ""61.5"", ""P Reach (cm)"": ""40.6"", ""Q Axle-to-Crown (cm)"": ""37.6""}",4999,false,https://www.cannondale.com/es-es/bikes/road/race/supersix-evo/supersix-evo-4-smu,https://www.cannondale.com/-/media/images/my26/bikes/road/race/s6-evo/pdps/c26_supersixevo_geotable.ashx,vision,2026-10-05
Cannondale,SuperSix EVO [7388323f],SuperSix EVO 5,2026,carretera,44,,44,,,,,495,373,"{""Wheel Size"": ""700c"", ""A Seat Tube Length (cm)"": ""40.0"", ""B Top Tube Horizontal (cm)"": ""51.0"", ""C Top Tube Actual"": ""49.2"", ""D Head Tube Angle"": ""70.9°"", ""E Seat Tube Angle"": ""74.5°"", ""F Standover (cm)"": ""69.4"", ""G Head Tube Length (cm)"": ""8.9"", ""H Wheelbase (cm)"": ""98.0"", ""I Front Center (cm)"": ""58.2"", ""J Chain Stay Length (cm)"": ""41.0"", ""K Bottom Bracket Drop (cm)"": ""7.4"", ""L Bottom Bracket Height (cm)"": ""26.9"", ""M Fork Rake (cm)"": ""5.5"", ""N Trail (cm)"": ""6.0"", ""O Stack (cm)"": ""49.5"", ""P Reach (cm)"": ""37.3"", ""Q Axle-to-Crown (cm)"": ""37.6""}",4499,false,https://www.cannondale.com/es-es/bikes/road/race/supersix-evo/supersix-evo-5-smu,https://www.cannondale.com/-/media/images/my26/bikes/road/race/s6-evo/pdps/c26_supersixevo_geotable.ashx,vision,2026-10-05
Cannondale,SuperSix EVO [7388323f],SuperSix EVO 5,2026,carretera,48,,48,,,,,508,376,"{""Wheel Size"": ""700c"", ""A Seat Tube Length (cm)"": ""42.9"", ""B Top Tube Horizontal (cm)"": ""52.2"", ""C Top Tube Actual"": ""50.3"", ""D Head Tube Angle"": ""71.2°"", ""E Seat Tube Angle"": ""74.0°"", ""F Standover (cm)"": ""71.7"", ""G Head Tube Length (cm)"": ""10.1"", ""H Wheelbase (cm)"": ""98.5"", ""I Front Center (cm)"": ""58.6"", ""J Chain Stay Length (cm)"": ""41.0"", ""K Bottom Bracket Drop (cm)"": ""7.4"", ""L Bottom Bracket Height (cm)"": ""26.9"", ""M Fork Rake (cm)"": ""5.5"", ""N Trail (cm)"": ""5.8"", ""O Stack (cm)"": ""50.8"", ""P Reach (cm)"": ""37.6"", ""Q Axle-to-Crown (cm)"": ""37.6""}",4499,false,https://www.cannondale.com/es-es/bikes/road/race/supersix-evo/supersix-evo-5-smu,https://www.cannondale.com/-/media/images/my26/bikes/road/race/s6-evo/pdps/c26_supersixevo_geotable.ashx,vision,2026-10-05
Cannondale,SuperSix EVO [7388323f],SuperSix EVO 5,2026,carretera,50,,50,,,,,520,379,"{""Wheel Size"": ""700c"", ""A Seat Tube Length (cm)"": ""44.8"", ""B Top Tube Horizontal (cm)"": ""52.9"", ""C Top Tube Actual"": ""51.1"", ""D Head Tube Angle"": ""71.2°"", ""E Seat Tube Angle"": ""74.0°"", ""F Standover (cm)"": ""73.3"", ""G Head Tube Length (cm)"": ""11.4"", ""H Wheelbase (cm)"": ""99.3"", ""I Front Center (cm)"": ""59.4"", ""J Chain Stay Length (cm)"": ""41.0"", ""K Bottom Bracket Drop (cm)"": ""7.4"", ""L Bottom Bracket Height (cm)"": ""26.9"", ""M Fork Rake (cm)"": ""5.5"", ""N Trail (cm)"": ""5.8"", ""O Stack (cm)"": ""52.0"", ""P Reach (cm)"": ""37.9"", ""Q Axle-to-Crown (cm)"": ""37.6""}",4499,false,https://www.cannondale.com/es-es/bikes/road/race/supersix-evo/supersix-evo-5-smu,https://www.cannondale.com/-/media/images/my26/bikes/road/race/s6-evo/pdps/c26_supersixevo_geotable.ashx,vision,2026-10-05
Cannondale,SuperSix EVO [7388323f],SuperSix EVO 5,2026,carretera,52,,52,,,,,532,383,"{""Wheel Size"": ""700c"", ""A Seat Tube Length (cm)"": ""46.7"", ""B Top Tube Horizontal (cm)"": ""53.6"", ""C Top Tube Actual"": ""51.9"", ""D Head Tube Angle"": ""71.2°"", ""E Seat Tube Angle"": ""74.0°"", ""F Standover (cm)"": ""75.2"", ""G Head Tube Length (cm)"": ""13.0"", ""H Wheelbase (cm)"": ""100.2"", ""I Front Center (cm)"": ""60.2"", ""J Chain Stay Length (cm)"": ""41.0"", ""K Bottom Bracket Drop (cm)"": ""7.2"", ""L Bottom Bracket Height (cm)"": ""27.1"", ""M Fork Rake (cm)"": ""5.5"", ""N Trail (cm)"": ""5.8"", ""O Stack (cm)"": ""53.2"", ""P Reach (cm)"": ""38.3"", ""Q Axle-to-Crown (cm)"": ""37.6""}",4499,false,https://www.cannondale.com/es-es/bikes/road/race/supersix-evo/supersix-evo-5-smu,https://www.cannondale.com/-/media/images/my26/bikes/road/race/s6-evo/pdps/c26_supersixevo_geotable.ashx,vision,2026-10-05
Cannondale,SuperSix EVO [7388323f],SuperSix EVO 5,2026,carretera,54,,54,,,,,545,387,"{""Wheel Size"": ""700c"", ""A Seat Tube Length (cm)"": ""49.0"", ""B Top Tube Horizontal (cm)"": ""54.4"", ""C Top Tube Actual"": ""52.7"", ""D Head Tube Angle"": ""71.2°"", ""E Seat Tube Angle"": ""74.0°"", ""F Standover (cm)"": ""77.0"", ""G Head Tube Length (cm)"": ""14.3"", ""H Wheelbase (cm)"": ""101.0"", ""I Front Center (cm)"": ""61.1"", ""J Chain Stay Length (cm)"": ""41.0"", ""K Bottom Bracket Drop (cm)"": ""7.2"", ""L Bottom Bracket Height (cm)"": ""27.1"", ""M Fork Rake (cm)"": ""5.5"", ""N Trail (cm)"": ""5.8"", ""O Stack (cm)"": ""54.5"", ""P Reach (cm)"": ""38.7"", ""Q Axle-to-Crown (cm)"": ""37.6""}",4499,false,https://www.cannondale.com/es-es/bikes/road/race/supersix-evo/supersix-evo-5-smu,https://www.cannondale.com/-/media/images/my26/bikes/road/race/s6-evo/pdps/c26_supersixevo_geotable.ashx,vision,2026-10-05
Cannondale,SuperSix EVO [7388323f],SuperSix EVO 5,2026,carretera,56,,56,,,,,565,393,"{""Wheel Size"": ""700c"", ""A Seat Tube Length (cm)"": ""51.0"", ""B Top Tube Horizontal (cm)"": ""56.0"", ""C Top Tube Actual"": ""54.3"", ""D Head Tube Angle"": ""73.0°"", ""E Seat Tube Angle"": ""73.5°"", ""F Standover (cm)"": ""79.0"", ""G Head Tube Length (cm)"": ""15.4"", ""H Wheelbase (cm)"": ""99.5"", ""I Front Center (cm)"": ""59.5"", ""J Chain Stay Length (cm)"": ""41.0"", ""K Bottom Bracket Drop (cm)"": ""7.2"", ""L Bottom Bracket Height (cm)"": ""27.1"", ""M Fork Rake (cm)"": ""4.5"", ""N Trail (cm)"": ""5.8"", ""O Stack (cm)"": ""56.5"", ""P Reach (cm)"": ""39.3"", ""Q Axle-to-Crown (cm)"": ""37.6""}",4499,false,https://www.cannondale.com/es-es/bikes/road/race/supersix-evo/supersix-evo-5-smu,https://www.cannondale.com/-/media/images/my26/bikes/road/race/s6-evo/pdps/c26_supersixevo_geotable.ashx,vision,2026-10-05
Cannondale,SuperSix EVO [7388323f],SuperSix EVO 5,2026,carretera,58,,58,,,,,585,398,"{""Wheel Size"": ""700c"", ""A Seat Tube Length (cm)"": ""53.2"", ""B Top Tube Horizontal (cm)"": ""57.7"", ""C Top Tube Actual"": ""55.9"", ""D Head Tube Angle"": ""73.0°"", ""E Seat Tube Angle"": ""73.0°"", ""F Standover (cm)"": ""81.2"", ""G Head Tube Length (cm)"": ""17.8"", ""H Wheelbase (cm)"": ""100.7"", ""I Front Center (cm)"": ""60.7"", ""J Chain Stay Length (cm)"": ""41.0"", ""K Bottom Bracket Drop (cm)"": ""6.9"", ""L Bottom Bracket Height (cm)"": ""27.4"", ""M Fork Rake (cm)"": ""4.5"", ""N Trail (cm)"": ""5.8"", ""O Stack (cm)"": ""58.5"", ""P Reach (cm)"": ""39.8"", ""Q Axle-to-Crown (cm)"": ""37.6""}",4499,false,https://www.cannondale.com/es-es/bikes/road/race/supersix-evo/supersix-evo-5-smu,https://www.cannondale.com/-/media/images/my26/bikes/road/race/s6-evo/pdps/c26_supersixevo_geotable.ashx,vision,2026-10-05
Cannondale,SuperSix EVO [7388323f],SuperSix EVO 5,2026,carretera,61,,61,,,,,615,406,"{""Wheel Size"": ""700c"", ""A Seat Tube Length (cm)"": ""57.0"", ""B Top Tube Horizontal (cm)"": ""60.0"", ""C Top Tube Actual"": ""58.2"", ""D Head Tube Angle"": ""73.0°"", ""E Seat Tube Angle"": ""72.5°"", ""F Standover (cm)"": ""84.6"", ""G Head Tube Length (cm)"": ""20.9"", ""H Wheelbase (cm)"": ""102.4"", ""I Front Center (cm)"": ""62.4"", ""J Chain Stay Length (cm)"": ""41.0"", ""K Bottom Bracket Drop (cm)"": ""6.9"", ""L Bottom Bracket Height (cm)"": ""27.4"", ""M Fork Rake (cm)"": ""4.5"", ""N Trail (cm)"": ""5.8"", ""O Stack (cm)"": ""61.5"", ""P Reach (cm)"": ""40.6"", ""Q Axle-to-Crown (cm)"": ""37.6""}",4499,false,https://www.cannondale.com/es-es/bikes/road/race/supersix-evo/supersix-evo-5-smu,https://www.cannondale.com/-/media/images/my26/bikes/road/race/s6-evo/pdps/c26_supersixevo_geotable.ashx,vision,2026-10-05
Cannondale,Synapse [eb2984eb],Synapse LAB71 SmartSense,2025,carretera,44.0,,44,,,,,510,366,"{""Wheel Size"": ""700c"", ""A Seat Tube Length (cm)"": ""40.7"", ""B Top Tube Horizontal (cm)"": ""52.2"", ""C Top Tube Actual (cm)"": ""47.8"", ""D Head Tube Angle"": ""69.8°"", ""E Seat Tube Angle"": ""73.0°"", ""F Standover (cm)"": ""71.4"", ""G Head Tube Length (cm)"": ""9.1"", ""H Wheelbase (cm)"": ""100.3"", ""I Front Center (cm)"": ""58.9"", ""J Chain Stay Length (cm)"": ""42.5"", ""K Bottom Bracket Drop (cm)"": ""7.5"", ""L Bottom Bracket Height (cm)"": ""27.8"", ""M Fork Rake (cm)"": ""5.5"", ""N Trail (cm)"": ""7.1"", ""O Stack (cm)"": ""51.0"", ""P Reach (cm)"": ""36.6"", ""Q Axle to Crown (cm)"": ""39.3""}",15799,false,https://www.cannondale.com/es-es/bikes/road/endurance/synapse-carbon/synapse-lab71-smartsense-smu,https://www.cannondale.com/-/media/images/my25/bikes/road/endurance/synapse-carbon/pdps/c25_synapse_geotable.ashx,vision,2026-10-05
Cannondale,Synapse [eb2984eb],Synapse LAB71 SmartSense,2025,carretera,48.0,,48,,,,,530,371,"{""Wheel Size"": ""700c"", ""A Seat Tube Length (cm)"": ""40.7"", ""B Top Tube Horizontal (cm)"": ""53.3"", ""C Top Tube Actual (cm)"": ""48.6"", ""D Head Tube Angle"": ""70.9°"", ""E Seat Tube Angle"": ""73.0°"", ""F Standover (cm)"": ""72.2"", ""G Head Tube Length (cm)"": ""10.8"", ""H Wheelbase (cm)"": ""100.5"", ""I Front Center (cm)"": ""59.2"", ""J Chain Stay Length (cm)"": ""42.5"", ""K Bottom Bracket Drop (cm)"": ""7.5"", ""L Bottom Bracket Height (cm)"": ""27.8"", ""M Fork Rake (cm)"": ""5.5"", ""N Trail (cm)"": ""6.4"", ""O Stack (cm)"": ""53.0"", ""P Reach (cm)"": ""37.1"", ""Q Axle to Crown (cm)"": ""39.3""}",15799,false,https://www.cannondale.com/es-es/bikes/road/endurance/synapse-carbon/synapse-lab71-smartsense-smu,https://www.cannondale.com/-/media/images/my25/bikes/road/endurance/synapse-carbon/pdps/c25_synapse_geotable.ashx,vision,2026-10-05
Cannondale,Synapse [eb2984eb],Synapse LAB71 SmartSense,2025,carretera,51.0,,51,,,,,550,376,"{""Wheel Size"": ""700c"", ""A Seat Tube Length (cm)"": ""44.3"", ""B Top Tube Horizontal (cm)"": ""54.4"", ""C Top Tube Actual (cm)"": ""49.7"", ""D Head Tube Angle"": ""71.3°"", ""E Seat Tube Angle"": ""73.0°"", ""F Standover (cm)"": ""75.2"", ""G Head Tube Length (cm)"": ""12.7"", ""H Wheelbase (cm)"": ""101.3"", ""I Front Center (cm)"": ""60.0"", ""J Chain Stay Length (cm)"": ""42.5"", ""K Bottom Bracket Drop (cm)"": ""7.5"", ""L Bottom Bracket Height (cm)"": ""27.8"", ""M Fork Rake (cm)"": ""5.5"", ""N Trail (cm)"": ""6.1"", ""O Stack (cm)"": ""55.0"", ""P Reach (cm)"": ""37.6"", ""Q Axle to Crown (cm)"": ""39.3""}",15799,false,https://www.cannondale.com/es-es/bikes/road/endurance/synapse-carbon/synapse-lab71-smartsense-smu,https://www.cannondale.com/-/media/images/my25/bikes/road/endurance/synapse-carbon/pdps/c25_synapse_geotable.ashx,vision,2026-10-05
Cannondale,Synapse [eb2984eb],Synapse LAB71 SmartSense,2025,carretera,54.0,,54,,,,,570,381,"{""Wheel Size"": ""700c"", ""A Seat Tube Length (cm)"": ""48.0"", ""B Top Tube Horizontal (cm)"": ""55.5"", ""C Top Tube Actual (cm)"": ""50.9"", ""D Head Tube Angle"": ""71.3°"", ""E Seat Tube Angle"": ""73.0°"", ""F Standover (cm)"": ""78.5"", ""G Head Tube Length (cm)"": ""15.0"", ""H Wheelbase (cm)"": ""102.6"", ""I Front Center (cm)"": ""61.2"", ""J Chain Stay Length (cm)"": ""42.5"", ""K Bottom Bracket Drop (cm)"": ""7.3"", ""L Bottom Bracket Height (cm)"": ""28.0"", ""M Fork Rake (cm)"": ""5.5"", ""N Trail (cm)"": ""6.1"", ""O Stack (cm)"": ""57.0"", ""P Reach (cm)"": ""38.1"", ""Q Axle to Crown (cm)"": ""39.3""}",15799,false,https://www.cannondale.com/es-es/bikes/road/endurance/synapse-carbon/synapse-lab71-smartsense-smu,https://www.cannondale.com/-/media/images/my25/bikes/road/endurance/synapse-carbon/pdps/c25_synapse_geotable.ashx,vision,2026-10-05
Cannondale,Synapse [eb2984eb],Synapse LAB71 SmartSense,2025,carretera,56.0,,56,,,,,590,387,"{""Wheel Size"": ""700c"", ""A Seat Tube Length (cm)"": ""52.0"", ""B Top Tube Horizontal (cm)"": ""56.7"", ""C Top Tube Actual (cm)"": ""52.3"", ""D Head Tube Angle"": ""71.3°"", ""E Seat Tube Angle"": ""73.0°"", ""F Standover (cm)"": ""81.5"", ""G Head Tube Length (cm)"": ""17.1"", ""H Wheelbase (cm)"": ""104.4"", ""I Front Center (cm)"": ""62.4"", ""J Chain Stay Length (cm)"": ""43.0"", ""K Bottom Bracket Drop (cm)"": ""7.3"", ""L Bottom Bracket Height (cm)"": ""28.0"", ""M Fork Rake (cm)"": ""5.5"", ""N Trail (cm)"": ""6.1"", ""O Stack (cm)"": ""59.0"", ""P Reach (cm)"": ""38.7"", ""Q Axle to Crown (cm)"": ""39.3""}",15799,false,https://www.cannondale.com/es-es/bikes/road/endurance/synapse-carbon/synapse-lab71-smartsense-smu,https://www.cannondale.com/-/media/images/my25/bikes/road/endurance/synapse-carbon/pdps/c25_synapse_geotable.ashx,vision,2026-10-05
Cannondale,Synapse [eb2984eb],Synapse LAB71 SmartSense,2025,carretera,58.0,,58,,,,,610,393,"{""Wheel Size"": ""700c"", ""A Seat Tube Length (cm)"": ""55.0"", ""B Top Tube Horizontal (cm)"": ""58.0"", ""C Top Tube Actual (cm)"": ""53.7"", ""D Head Tube Angle"": ""71.3°"", ""E Seat Tube Angle"": ""73.0°"", ""F Standover (cm)"": ""84.3"", ""G Head Tube Length (cm)"": ""19.6"", ""H Wheelbase (cm)"": ""105.8"", ""I Front Center (cm)"": ""63.8"", ""J Chain Stay Length (cm)"": ""43.0"", ""K Bottom Bracket Drop (cm)"": ""7.0"", ""L Bottom Bracket Height (cm)"": ""28.3"", ""M Fork Rake (cm)"": ""5.5"", ""N Trail (cm)"": ""6.1"", ""O Stack (cm)"": ""61.0"", ""P Reach (cm)"": ""39.3"", ""Q Axle to Crown (cm)"": ""39.3""}",15799,false,https://www.cannondale.com/es-es/bikes/road/endurance/synapse-carbon/synapse-lab71-smartsense-smu,https://www.cannondale.com/-/media/images/my25/bikes/road/endurance/synapse-carbon/pdps/c25_synapse_geotable.ashx,vision,2026-10-05
Cannondale,Synapse [eb2984eb],Synapse LAB71 SmartSense,2025,carretera,61.0,,61,,,,,640,402,"{""Wheel Size"": ""700c"", ""A Seat Tube Length (cm)"": ""59.0"", ""B Top Tube Horizontal (cm)"": ""59.8"", ""C Top Tube Actual (cm)"": ""55.6"", ""D Head Tube Angle"": ""71.3°"", ""E Seat Tube Angle"": ""73.0°"", ""F Standover (cm)"": ""87.8"", ""G Head Tube Length (cm)"": ""22.7"", ""H Wheelbase (cm)"": ""107.7"", ""I Front Center (cm)"": ""65.7"", ""J Chain Stay Length (cm)"": ""43.0"", ""K Bottom Bracket Drop (cm)"": ""7.0"", ""L Bottom Bracket Height (cm)"": ""28.3"", ""M Fork Rake (cm)"": ""5.5"", ""N Trail (cm)"": ""6.1"", ""O Stack (cm)"": ""64.0"", ""P Reach (cm)"": ""40.2"", ""Q Axle to Crown (cm)"": ""39.3""}",15799,false,https://www.cannondale.com/es-es/bikes/road/endurance/synapse-carbon/synapse-lab71-smartsense-smu,https://www.cannondale.com/-/media/images/my25/bikes/road/endurance/synapse-carbon/pdps/c25_synapse_geotable.ashx,vision,2026-10-05
Cannondale,Synapse [eb2984eb],Synapse Carbon 1,2025,carretera,44.0,,44,,,,,510,366,"{""Wheel Size"": ""700c"", ""A Seat Tube Length (cm)"": ""40.7"", ""B Top Tube Horizontal (cm)"": ""52.2"", ""C Top Tube Actual (cm)"": ""47.8"", ""D Head Tube Angle"": ""69.8°"", ""E Seat Tube Angle"": ""73.0°"", ""F Standover (cm)"": ""71.4"", ""G Head Tube Length (cm)"": ""9.1"", ""H Wheelbase (cm)"": ""100.3"", ""I Front Center (cm)"": ""58.9"", ""J Chain Stay Length (cm)"": ""42.5"", ""K Bottom Bracket Drop (cm)"": ""7.5"", ""L Bottom Bracket Height (cm)"": ""27.8"", ""M Fork Rake (cm)"": ""5.5"", ""N Trail (cm)"": ""7.1"", ""O Stack (cm)"": ""51.0"", ""P Reach (cm)"": ""36.6"", ""Q Axle to Crown (cm)"": ""39.3""}",6999,false,https://www.cannondale.com/es-es/bikes/road/endurance/synapse-carbon/synapse-carbon-1-smu,https://www.cannondale.com/-/media/images/my25/bikes/road/endurance/synapse-carbon/pdps/c25_synapse_geotable.ashx,vision,2026-10-05
Cannondale,Synapse [eb2984eb],Synapse Carbon 1,2025,carretera,48.0,,48,,,,,530,371,"{""Wheel Size"": ""700c"", ""A Seat Tube Length (cm)"": ""40.7"", ""B Top Tube Horizontal (cm)"": ""53.3"", ""C Top Tube Actual (cm)"": ""48.6"", ""D Head Tube Angle"": ""70.9°"", ""E Seat Tube Angle"": ""73.0°"", ""F Standover (cm)"": ""72.2"", ""G Head Tube Length (cm)"": ""10.8"", ""H Wheelbase (cm)"": ""100.5"", ""I Front Center (cm)"": ""59.2"", ""J Chain Stay Length (cm)"": ""42.5"", ""K Bottom Bracket Drop (cm)"": ""7.5"", ""L Bottom Bracket Height (cm)"": ""27.8"", ""M Fork Rake (cm)"": ""5.5"", ""N Trail (cm)"": ""6.4"", ""O Stack (cm)"": ""53.0"", ""P Reach (cm)"": ""37.1"", ""Q Axle to Crown (cm)"": ""39.3""}",6999,false,https://www.cannondale.com/es-es/bikes/road/endurance/synapse-carbon/synapse-carbon-1-smu,https://www.cannondale.com/-/media/images/my25/bikes/road/endurance/synapse-carbon/pdps/c25_synapse_geotable.ashx,vision,2026-10-05
Cannondale,Synapse [eb2984eb],Synapse Carbon 1,2025,carretera,51.0,,51,,,,,550,376,"{""Wheel Size"": ""700c"", ""A Seat Tube Length (cm)"": ""44.3"", ""B Top Tube Horizontal (cm)"": ""54.4"", ""C Top Tube Actual (cm)"": ""49.7"", ""D Head Tube Angle"": ""71.3°"", ""E Seat Tube Angle"": ""73.0°"", ""F Standover (cm)"": ""75.2"", ""G Head Tube Length (cm)"": ""12.7"", ""H Wheelbase (cm)"": ""101.3"", ""I Front Center (cm)"": ""60.0"", ""J Chain Stay Length (cm)"": ""42.5"", ""K Bottom Bracket Drop (cm)"": ""7.5"", ""L Bottom Bracket Height (cm)"": ""27.8"", ""M Fork Rake (cm)"": ""5.5"", ""N Trail (cm)"": ""6.1"", ""O Stack (cm)"": ""55.0"", ""P Reach (cm)"": ""37.6"", ""Q Axle to Crown (cm)"": ""39.3""}",6999,false,https://www.cannondale.com/es-es/bikes/road/endurance/synapse-carbon/synapse-carbon-1-smu,https://www.cannondale.com/-/media/images/my25/bikes/road/endurance/synapse-carbon/pdps/c25_synapse_geotable.ashx,vision,2026-10-05
Cannondale,Synapse [eb2984eb],Synapse Carbon 1,2025,carretera,54.0,,54,,,,,570,381,"{""Wheel Size"": ""700c"", ""A Seat Tube Length (cm)"": ""48.0"", ""B Top Tube Horizontal (cm)"": ""55.5"", ""C Top Tube Actual (cm)"": ""50.9"", ""D Head Tube Angle"": ""71.3°"", ""E Seat Tube Angle"": ""73.0°"", ""F Standover (cm)"": ""78.5"", ""G Head Tube Length (cm)"": ""15.0"", ""H Wheelbase (cm)"": ""102.6"", ""I Front Center (cm)"": ""61.2"", ""J Chain Stay Length (cm)"": ""42.5"", ""K Bottom Bracket Drop (cm)"": ""7.3"", ""L Bottom Bracket Height (cm)"": ""28.0"", ""M Fork Rake (cm)"": ""5.5"", ""N Trail (cm)"": ""6.1"", ""O Stack (cm)"": ""57.0"", ""P Reach (cm)"": ""38.1"", ""Q Axle to Crown (cm)"": ""39.3""}",6999,false,https://www.cannondale.com/es-es/bikes/road/endurance/synapse-carbon/synapse-carbon-1-smu,https://www.cannondale.com/-/media/images/my25/bikes/road/endurance/synapse-carbon/pdps/c25_synapse_geotable.ashx,vision,2026-10-05
Cannondale,Synapse [eb2984eb],Synapse Carbon 1,2025,carretera,56.0,,56,,,,,590,387,"{""Wheel Size"": ""700c"", ""A Seat Tube Length (cm)"": ""52.0"", ""B Top Tube Horizontal (cm)"": ""56.7"", ""C Top Tube Actual (cm)"": ""52.3"", ""D Head Tube Angle"": ""71.3°"", ""E Seat Tube Angle"": ""73.0°"", ""F Standover (cm)"": ""81.5"", ""G Head Tube Length (cm)"": ""17.1"", ""H Wheelbase (cm)"": ""104.4"", ""I Front Center (cm)"": ""62.4"", ""J Chain Stay Length (cm)"": ""43.0"", ""K Bottom Bracket Drop (cm)"": ""7.3"", ""L Bottom Bracket Height (cm)"": ""28.0"", ""M Fork Rake (cm)"": ""5.5"", ""N Trail (cm)"": ""6.1"", ""O Stack (cm)"": ""59.0"", ""P Reach (cm)"": ""38.7"", ""Q Axle to Crown (cm)"": ""39.3""}",6999,false,https://www.cannondale.com/es-es/bikes/road/endurance/synapse-carbon/synapse-carbon-1-smu,https://www.cannondale.com/-/media/images/my25/bikes/road/endurance/synapse-carbon/pdps/c25_synapse_geotable.ashx,vision,2026-10-05
Cannondale,Synapse [eb2984eb],Synapse Carbon 1,2025,carretera,58.0,,58,,,,,610,393,"{""Wheel Size"": ""700c"", ""A Seat Tube Length (cm)"": ""55.0"", ""B Top Tube Horizontal (cm)"": ""58.0"", ""C Top Tube Actual (cm)"": ""53.7"", ""D Head Tube Angle"": ""71.3°"", ""E Seat Tube Angle"": ""73.0°"", ""F Standover (cm)"": ""84.3"", ""G Head Tube Length (cm)"": ""19.6"", ""H Wheelbase (cm)"": ""105.8"", ""I Front Center (cm)"": ""63.8"", ""J Chain Stay Length (cm)"": ""43.0"", ""K Bottom Bracket Drop (cm)"": ""7.0"", ""L Bottom Bracket Height (cm)"": ""28.3"", ""M Fork Rake (cm)"": ""5.5"", ""N Trail (cm)"": ""6.1"", ""O Stack (cm)"": ""61.0"", ""P Reach (cm)"": ""39.3"", ""Q Axle to Crown (cm)"": ""39.3""}",6999,false,https://www.cannondale.com/es-es/bikes/road/endurance/synapse-carbon/synapse-carbon-1-smu,https://www.cannondale.com/-/media/images/my25/bikes/road/endurance/synapse-carbon/pdps/c25_synapse_geotable.ashx,vision,2026-10-05
Cannondale,Synapse [eb2984eb],Synapse Carbon 1,2025,carretera,61.0,,61,,,,,640,402,"{""Wheel Size"": ""700c"", ""A Seat Tube Length (cm)"": ""59.0"", ""B Top Tube Horizontal (cm)"": ""59.8"", ""C Top Tube Actual (cm)"": ""55.6"", ""D Head Tube Angle"": ""71.3°"", ""E Seat Tube Angle"": ""73.0°"", ""F Standover (cm)"": ""87.8"", ""G Head Tube Length (cm)"": ""22.7"", ""H Wheelbase (cm)"": ""107.7"", ""I Front Center (cm)"": ""65.7"", ""J Chain Stay Length (cm)"": ""43.0"", ""K Bottom Bracket Drop (cm)"": ""7.0"", ""L Bottom Bracket Height (cm)"": ""28.3"", ""M Fork Rake (cm)"": ""5.5"", ""N Trail (cm)"": ""6.1"", ""O Stack (cm)"": ""64.0"", ""P Reach (cm)"": ""40.2"", ""Q Axle to Crown (cm)"": ""39.3""}",6999,false,https://www.cannondale.com/es-es/bikes/road/endurance/synapse-carbon/synapse-carbon-1-smu,https://www.cannondale.com/-/media/images/my25/bikes/road/endurance/synapse-carbon/pdps/c25_synapse_geotable.ashx,vision,2026-10-05
Cannondale,Synapse [eb2984eb],Synapse Carbon 2 SmartSense,2025,carretera,44.0,,44,,,,,510,366,"{""Wheel Size"": ""700c"", ""A Seat Tube Length (cm)"": ""40.7"", ""B Top Tube Horizontal (cm)"": ""52.2"", ""C Top Tube Actual (cm)"": ""47.8"", ""D Head Tube Angle"": ""69.8°"", ""E Seat Tube Angle"": ""73.0°"", ""F Standover (cm)"": ""71.4"", ""G Head Tube Length (cm)"": ""9.1"", ""H Wheelbase (cm)"": ""100.3"", ""I Front Center (cm)"": ""58.9"", ""J Chain Stay Length (cm)"": ""42.5"", ""K Bottom Bracket Drop (cm)"": ""7.5"", ""L Bottom Bracket Height (cm)"": ""27.8"", ""M Fork Rake (cm)"": ""5.5"", ""N Trail (cm)"": ""7.1"", ""O Stack (cm)"": ""51.0"", ""P Reach (cm)"": ""36.6"", ""Q Axle to Crown (cm)"": ""39.3""}",6499,false,https://www.cannondale.com/es-es/bikes/road/endurance/synapse-carbon/synapse-carbon-2-smartsense-smu,https://www.cannondale.com/-/media/images/my25/bikes/road/endurance/synapse-carbon/pdps/c25_synapse_geotable.ashx,vision,2026-10-05
Cannondale,Synapse [eb2984eb],Synapse Carbon 2 SmartSense,2025,carretera,48.0,,48,,,,,530,371,"{""Wheel Size"": ""700c"", ""A Seat Tube Length (cm)"": ""40.7"", ""B Top Tube Horizontal (cm)"": ""53.3"", ""C Top Tube Actual (cm)"": ""48.6"", ""D Head Tube Angle"": ""70.9°"", ""E Seat Tube Angle"": ""73.0°"", ""F Standover (cm)"": ""72.2"", ""G Head Tube Length (cm)"": ""10.8"", ""H Wheelbase (cm)"": ""100.5"", ""I Front Center (cm)"": ""59.2"", ""J Chain Stay Length (cm)"": ""42.5"", ""K Bottom Bracket Drop (cm)"": ""7.5"", ""L Bottom Bracket Height (cm)"": ""27.8"", ""M Fork Rake (cm)"": ""5.5"", ""N Trail (cm)"": ""6.4"", ""O Stack (cm)"": ""53.0"", ""P Reach (cm)"": ""37.1"", ""Q Axle to Crown (cm)"": ""39.3""}",6499,false,https://www.cannondale.com/es-es/bikes/road/endurance/synapse-carbon/synapse-carbon-2-smartsense-smu,https://www.cannondale.com/-/media/images/my25/bikes/road/endurance/synapse-carbon/pdps/c25_synapse_geotable.ashx,vision,2026-10-05
Cannondale,Synapse [eb2984eb],Synapse Carbon 2 SmartSense,2025,carretera,51.0,,51,,,,,550,376,"{""Wheel Size"": ""700c"", ""A Seat Tube Length (cm)"": ""44.3"", ""B Top Tube Horizontal (cm)"": ""54.4"", ""C Top Tube Actual (cm)"": ""49.7"", ""D Head Tube Angle"": ""71.3°"", ""E Seat Tube Angle"": ""73.0°"", ""F Standover (cm)"": ""75.2"", ""G Head Tube Length (cm)"": ""12.7"", ""H Wheelbase (cm)"": ""101.3"", ""I Front Center (cm)"": ""60.0"", ""J Chain Stay Length (cm)"": ""42.5"", ""K Bottom Bracket Drop (cm)"": ""7.5"", ""L Bottom Bracket Height (cm)"": ""27.8"", ""M Fork Rake (cm)"": ""5.5"", ""N Trail (cm)"": ""6.1"", ""O Stack (cm)"": ""55.0"", ""P Reach (cm)"": ""37.6"", ""Q Axle to Crown (cm)"": ""39.3""}",6499,false,https://www.cannondale.com/es-es/bikes/road/endurance/synapse-carbon/synapse-carbon-2-smartsense-smu,https://www.cannondale.com/-/media/images/my25/bikes/road/endurance/synapse-carbon/pdps/c25_synapse_geotable.ashx,vision,2026-10-05
Cannondale,Synapse [eb2984eb],Synapse Carbon 2 SmartSense,2025,carretera,54.0,,54,,,,,570,381,"{""Wheel Size"": ""700c"", ""A Seat Tube Length (cm)"": ""48.0"", ""B Top Tube Horizontal (cm)"": ""55.5"", ""C Top Tube Actual (cm)"": ""50.9"", ""D Head Tube Angle"": ""71.3°"", ""E Seat Tube Angle"": ""73.0°"", ""F Standover (cm)"": ""78.5"", ""G Head Tube Length (cm)"": ""15.0"", ""H Wheelbase (cm)"": ""102.6"", ""I Front Center (cm)"": ""61.2"", ""J Chain Stay Length (cm)"": ""42.5"", ""K Bottom Bracket Drop (cm)"": ""7.3"", ""L Bottom Bracket Height (cm)"": ""28.0"", ""M Fork Rake (cm)"": ""5.5"", ""N Trail (cm)"": ""6.1"", ""O Stack (cm)"": ""57.0"", ""P Reach (cm)"": ""38.1"", ""Q Axle to Crown (cm)"": ""39.3""}",6499,false,https://www.cannondale.com/es-es/bikes/road/endurance/synapse-carbon/synapse-carbon-2-smartsense-smu,https://www.cannondale.com/-/media/images/my25/bikes/road/endurance/synapse-carbon/pdps/c25_synapse_geotable.ashx,vision,2026-10-05
Cannondale,Synapse [eb2984eb],Synapse Carbon 2 SmartSense,2025,carretera,56.0,,56,,,,,590,387,"{""Wheel Size"": ""700c"", ""A Seat Tube Length (cm)"": ""52.0"", ""B Top Tube Horizontal (cm)"": ""56.7"", ""C Top Tube Actual (cm)"": ""52.3"", ""D Head Tube Angle"": ""71.3°"", ""E Seat Tube Angle"": ""73.0°"", ""F Standover (cm)"": ""81.5"", ""G Head Tube Length (cm)"": ""17.1"", ""H Wheelbase (cm)"": ""104.4"", ""I Front Center (cm)"": ""62.4"", ""J Chain Stay Length (cm)"": ""43.0"", ""K Bottom Bracket Drop (cm)"": ""7.3"", ""L Bottom Bracket Height (cm)"": ""28.0"", ""M Fork Rake (cm)"": ""5.5"", ""N Trail (cm)"": ""6.1"", ""O Stack (cm)"": ""59.0"", ""P Reach (cm)"": ""38.7"", ""Q Axle to Crown (cm)"": ""39.3""}",6499,false,https://www.cannondale.com/es-es/bikes/road/endurance/synapse-carbon/synapse-carbon-2-smartsense-smu,https://www.cannondale.com/-/media/images/my25/bikes/road/endurance/synapse-carbon/pdps/c25_synapse_geotable.ashx,vision,2026-10-05
Cannondale,Synapse [eb2984eb],Synapse Carbon 2 SmartSense,2025,carretera,58.0,,58,,,,,610,393,"{""Wheel Size"": ""700c"", ""A Seat Tube Length (cm)"": ""55.0"", ""B Top Tube Horizontal (cm)"": ""58.0"", ""C Top Tube Actual (cm)"": ""53.7"", ""D Head Tube Angle"": ""71.3°"", ""E Seat Tube Angle"": ""73.0°"", ""F Standover (cm)"": ""84.3"", ""G Head Tube Length (cm)"": ""19.6"", ""H Wheelbase (cm)"": ""105.8"", ""I Front Center (cm)"": ""63.8"", ""J Chain Stay Length (cm)"": ""43.0"", ""K Bottom Bracket Drop (cm)"": ""7.0"", ""L Bottom Bracket Height (cm)"": ""28.3"", ""M Fork Rake (cm)"": ""5.5"", ""N Trail (cm)"": ""6.1"", ""O Stack (cm)"": ""61.0"", ""P Reach (cm)"": ""39.3"", ""Q Axle to Crown (cm)"": ""39.3""}",6499,false,https://www.cannondale.com/es-es/bikes/road/endurance/synapse-carbon/synapse-carbon-2-smartsense-smu,https://www.cannondale.com/-/media/images/my25/bikes/road/endurance/synapse-carbon/pdps/c25_synapse_geotable.ashx,vision,2026-10-05
Cannondale,Synapse [eb2984eb],Synapse Carbon 2 SmartSense,2025,carretera,61.0,,61,,,,,640,402,"{""Wheel Size"": ""700c"", ""A Seat Tube Length (cm)"": ""59.0"", ""B Top Tube Horizontal (cm)"": ""59.8"", ""C Top Tube Actual (cm)"": ""55.6"", ""D Head Tube Angle"": ""71.3°"", ""E Seat Tube Angle"": ""73.0°"", ""F Standover (cm)"": ""87.8"", ""G Head Tube Length (cm)"": ""22.7"", ""H Wheelbase (cm)"": ""107.7"", ""I Front Center (cm)"": ""65.7"", ""J Chain Stay Length (cm)"": ""43.0"", ""K Bottom Bracket Drop (cm)"": ""7.0"", ""L Bottom Bracket Height (cm)"": ""28.3"", ""M Fork Rake (cm)"": ""5.5"", ""N Trail (cm)"": ""6.1"", ""O Stack (cm)"": ""64.0"", ""P Reach (cm)"": ""40.2"", ""Q Axle to Crown (cm)"": ""39.3""}",6499,false,https://www.cannondale.com/es-es/bikes/road/endurance/synapse-carbon/synapse-carbon-2-smartsense-smu,https://www.cannondale.com/-/media/images/my25/bikes/road/endurance/synapse-carbon/pdps/c25_synapse_geotable.ashx,vision,2026-10-05
Cannondale,Synapse [eb2984eb],Synapse Carbon 2,2025,carretera,44.0,,44,,,,,510,366,"{""Wheel Size"": ""700c"", ""A Seat Tube Length (cm)"": ""40.7"", ""B Top Tube Horizontal (cm)"": ""52.2"", ""C Top Tube Actual (cm)"": ""47.8"", ""D Head Tube Angle"": ""69.8°"", ""E Seat Tube Angle"": ""73.0°"", ""F Standover (cm)"": ""71.4"", ""G Head Tube Length (cm)"": ""9.1"", ""H Wheelbase (cm)"": ""100.3"", ""I Front Center (cm)"": ""58.9"", ""J Chain Stay Length (cm)"": ""42.5"", ""K Bottom Bracket Drop (cm)"": ""7.5"", ""L Bottom Bracket Height (cm)"": ""27.8"", ""M Fork Rake (cm)"": ""5.5"", ""N Trail (cm)"": ""7.1"", ""O Stack (cm)"": ""51.0"", ""P Reach (cm)"": ""36.6"", ""Q Axle to Crown (cm)"": ""39.3""}",5899,false,https://www.cannondale.com/es-es/bikes/road/endurance/synapse-carbon/synapse-carbon-2-smu,https://www.cannondale.com/-/media/images/my25/bikes/road/endurance/synapse-carbon/pdps/c25_synapse_geotable.ashx,vision,2026-10-05
Cannondale,Synapse [eb2984eb],Synapse Carbon 2,2025,carretera,48.0,,48,,,,,530,371,"{""Wheel Size"": ""700c"", ""A Seat Tube Length (cm)"": ""40.7"", ""B Top Tube Horizontal (cm)"": ""53.3"", ""C Top Tube Actual (cm)"": ""48.6"", ""D Head Tube Angle"": ""70.9°"", ""E Seat Tube Angle"": ""73.0°"", ""F Standover (cm)"": ""72.2"", ""G Head Tube Length (cm)"": ""10.8"", ""H Wheelbase (cm)"": ""100.5"", ""I Front Center (cm)"": ""59.2"", ""J Chain Stay Length (cm)"": ""42.5"", ""K Bottom Bracket Drop (cm)"": ""7.5"", ""L Bottom Bracket Height (cm)"": ""27.8"", ""M Fork Rake (cm)"": ""5.5"", ""N Trail (cm)"": ""6.4"", ""O Stack (cm)"": ""53.0"", ""P Reach (cm)"": ""37.1"", ""Q Axle to Crown (cm)"": ""39.3""}",5899,false,https://www.cannondale.com/es-es/bikes/road/endurance/synapse-carbon/synapse-carbon-2-smu,https://www.cannondale.com/-/media/images/my25/bikes/road/endurance/synapse-carbon/pdps/c25_synapse_geotable.ashx,vision,2026-10-05
Cannondale,Synapse [eb2984eb],Synapse Carbon 2,2025,carretera,51.0,,51,,,,,550,376,"{""Wheel Size"": ""700c"", ""A Seat Tube Length (cm)"": ""44.3"", ""B Top Tube Horizontal (cm)"": ""54.4"", ""C Top Tube Actual (cm)"": ""49.7"", ""D Head Tube Angle"": ""71.3°"", ""E Seat Tube Angle"": ""73.0°"", ""F Standover (cm)"": ""75.2"", ""G Head Tube Length (cm)"": ""12.7"", ""H Wheelbase (cm)"": ""101.3"", ""I Front Center (cm)"": ""60.0"", ""J Chain Stay Length (cm)"": ""42.5"", ""K Bottom Bracket Drop (cm)"": ""7.5"", ""L Bottom Bracket Height (cm)"": ""27.8"", ""M Fork Rake (cm)"": ""5.5"", ""N Trail (cm)"": ""6.1"", ""O Stack (cm)"": ""55.0"", ""P Reach (cm)"": ""37.6"", ""Q Axle to Crown (cm)"": ""39.3""}",5899,false,https://www.cannondale.com/es-es/bikes/road/endurance/synapse-carbon/synapse-carbon-2-smu,https://www.cannondale.com/-/media/images/my25/bikes/road/endurance/synapse-carbon/pdps/c25_synapse_geotable.ashx,vision,2026-10-05
Cannondale,Synapse [eb2984eb],Synapse Carbon 2,2025,carretera,54.0,,54,,,,,570,381,"{""Wheel Size"": ""700c"", ""A Seat Tube Length (cm)"": ""48.0"", ""B Top Tube Horizontal (cm)"": ""55.5"", ""C Top Tube Actual (cm)"": ""50.9"", ""D Head Tube Angle"": ""71.3°"", ""E Seat Tube Angle"": ""73.0°"", ""F Standover (cm)"": ""78.5"", ""G Head Tube Length (cm)"": ""15.0"", ""H Wheelbase (cm)"": ""102.6"", ""I Front Center (cm)"": ""61.2"", ""J Chain Stay Length (cm)"": ""42.5"", ""K Bottom Bracket Drop (cm)"": ""7.3"", ""L Bottom Bracket Height (cm)"": ""28.0"", ""M Fork Rake (cm)"": ""5.5"", ""N Trail (cm)"": ""6.1"", ""O Stack (cm)"": ""57.0"", ""P Reach (cm)"": ""38.1"", ""Q Axle to Crown (cm)"": ""39.3""}",5899,false,https://www.cannondale.com/es-es/bikes/road/endurance/synapse-carbon/synapse-carbon-2-smu,https://www.cannondale.com/-/media/images/my25/bikes/road/endurance/synapse-carbon/pdps/c25_synapse_geotable.ashx,vision,2026-10-05
Cannondale,Synapse [eb2984eb],Synapse Carbon 2,2025,carretera,56.0,,56,,,,,590,387,"{""Wheel Size"": ""700c"", ""A Seat Tube Length (cm)"": ""52.0"", ""B Top Tube Horizontal (cm)"": ""56.7"", ""C Top Tube Actual (cm)"": ""52.3"", ""D Head Tube Angle"": ""71.3°"", ""E Seat Tube Angle"": ""73.0°"", ""F Standover (cm)"": ""81.5"", ""G Head Tube Length (cm)"": ""17.1"", ""H Wheelbase (cm)"": ""104.4"", ""I Front Center (cm)"": ""62.4"", ""J Chain Stay Length (cm)"": ""43.0"", ""K Bottom Bracket Drop (cm)"": ""7.3"", ""L Bottom Bracket Height (cm)"": ""28.0"", ""M Fork Rake (cm)"": ""5.5"", ""N Trail (cm)"": ""6.1"", ""O Stack (cm)"": ""59.0"", ""P Reach (cm)"": ""38.7"", ""Q Axle to Crown (cm)"": ""39.3""}",5899,false,https://www.cannondale.com/es-es/bikes/road/endurance/synapse-carbon/synapse-carbon-2-smu,https://www.cannondale.com/-/media/images/my25/bikes/road/endurance/synapse-carbon/pdps/c25_synapse_geotable.ashx,vision,2026-10-05
Cannondale,Synapse [eb2984eb],Synapse Carbon 2,2025,carretera,58.0,,58,,,,,610,393,"{""Wheel Size"": ""700c"", ""A Seat Tube Length (cm)"": ""55.0"", ""B Top Tube Horizontal (cm)"": ""58.0"", ""C Top Tube Actual (cm)"": ""53.7"", ""D Head Tube Angle"": ""71.3°"", ""E Seat Tube Angle"": ""73.0°"", ""F Standover (cm)"": ""84.3"", ""G Head Tube Length (cm)"": ""19.6"", ""H Wheelbase (cm)"": ""105.8"", ""I Front Center (cm)"": ""63.8"", ""J Chain Stay Length (cm)"": ""43.0"", ""K Bottom Bracket Drop (cm)"": ""7.0"", ""L Bottom Bracket Height (cm)"": ""28.3"", ""M Fork Rake (cm)"": ""5.5"", ""N Trail (cm)"": ""6.1"", ""O Stack (cm)"": ""61.0"", ""P Reach (cm)"": ""39.3"", ""Q Axle to Crown (cm)"": ""39.3""}",5899,false,https://www.cannondale.com/es-es/bikes/road/endurance/synapse-carbon/synapse-carbon-2-smu,https://www.cannondale.com/-/media/images/my25/bikes/road/endurance/synapse-carbon/pdps/c25_synapse_geotable.ashx,vision,2026-10-05
Cannondale,Synapse [eb2984eb],Synapse Carbon 2,2025,carretera,61.0,,61,,,,,640,402,"{""Wheel Size"": ""700c"", ""A Seat Tube Length (cm)"": ""59.0"", ""B Top Tube Horizontal (cm)"": ""59.8"", ""C Top Tube Actual (cm)"": ""55.6"", ""D Head Tube Angle"": ""71.3°"", ""E Seat Tube Angle"": ""73.0°"", ""F Standover (cm)"": ""87.8"", ""G Head Tube Length (cm)"": ""22.7"", ""H Wheelbase (cm)"": ""107.7"", ""I Front Center (cm)"": ""65.7"", ""J Chain Stay Length (cm)"": ""43.0"", ""K Bottom Bracket Drop (cm)"": ""7.0"", ""L Bottom Bracket Height (cm)"": ""28.3"", ""M Fork Rake (cm)"": ""5.5"", ""N Trail (cm)"": ""6.1"", ""O Stack (cm)"": ""64.0"", ""P Reach (cm)"": ""40.2"", ""Q Axle to Crown (cm)"": ""39.3""}",5899,false,https://www.cannondale.com/es-es/bikes/road/endurance/synapse-carbon/synapse-carbon-2-smu,https://www.cannondale.com/-/media/images/my25/bikes/road/endurance/synapse-carbon/pdps/c25_synapse_geotable.ashx,vision,2026-10-05
Cannondale,Synapse [eb2984eb],Synapse Carbon 3 SmartSense,2025,carretera,44.0,,44,,,,,510,366,"{""Wheel Size"": ""700c"", ""A Seat Tube Length (cm)"": ""40.7"", ""B Top Tube Horizontal (cm)"": ""52.2"", ""C Top Tube Actual (cm)"": ""47.8"", ""D Head Tube Angle"": ""69.8°"", ""E Seat Tube Angle"": ""73.0°"", ""F Standover (cm)"": ""71.4"", ""G Head Tube Length (cm)"": ""9.1"", ""H Wheelbase (cm)"": ""100.3"", ""I Front Center (cm)"": ""58.9"", ""J Chain Stay Length (cm)"": ""42.5"", ""K Bottom Bracket Drop (cm)"": ""7.5"", ""L Bottom Bracket Height (cm)"": ""27.8"", ""M Fork Rake (cm)"": ""5.5"", ""N Trail (cm)"": ""7.1"", ""O Stack (cm)"": ""51.0"", ""P Reach (cm)"": ""36.6"", ""Q Axle to Crown (cm)"": ""39.3""}",4499,false,https://www.cannondale.com/es-es/bikes/road/endurance/synapse-carbon/synapse-carbon-3-smartsense-smu,https://www.cannondale.com/-/media/images/my25/bikes/road/endurance/synapse-carbon/pdps/c25_synapse_geotable.ashx,vision,2026-10-05
Cannondale,Synapse [eb2984eb],Synapse Carbon 3 SmartSense,2025,carretera,48.0,,48,,,,,530,371,"{""Wheel Size"": ""700c"", ""A Seat Tube Length (cm)"": ""40.7"", ""B Top Tube Horizontal (cm)"": ""53.3"", ""C Top Tube Actual (cm)"": ""48.6"", ""D Head Tube Angle"": ""70.9°"", ""E Seat Tube Angle"": ""73.0°"", ""F Standover (cm)"": ""72.2"", ""G Head Tube Length (cm)"": ""10.8"", ""H Wheelbase (cm)"": ""100.5"", ""I Front Center (cm)"": ""59.2"", ""J Chain Stay Length (cm)"": ""42.5"", ""K Bottom Bracket Drop (cm)"": ""7.5"", ""L Bottom Bracket Height (cm)"": ""27.8"", ""M Fork Rake (cm)"": ""5.5"", ""N Trail (cm)"": ""6.4"", ""O Stack (cm)"": ""53.0"", ""P Reach (cm)"": ""37.1"", ""Q Axle to Crown (cm)"": ""39.3""}",4499,false,https://www.cannondale.com/es-es/bikes/road/endurance/synapse-carbon/synapse-carbon-3-smartsense-smu,https://www.cannondale.com/-/media/images/my25/bikes/road/endurance/synapse-carbon/pdps/c25_synapse_geotable.ashx,vision,2026-10-05
Cannondale,Synapse [eb2984eb],Synapse Carbon 3 SmartSense,2025,carretera,51.0,,51,,,,,550,376,"{""Wheel Size"": ""700c"", ""A Seat Tube Length (cm)"": ""44.3"", ""B Top Tube Horizontal (cm)"": ""54.4"", ""C Top Tube Actual (cm)"": ""49.7"", ""D Head Tube Angle"": ""71.3°"", ""E Seat Tube Angle"": ""73.0°"", ""F Standover (cm)"": ""75.2"", ""G Head Tube Length (cm)"": ""12.7"", ""H Wheelbase (cm)"": ""101.3"", ""I Front Center (cm)"": ""60.0"", ""J Chain Stay Length (cm)"": ""42.5"", ""K Bottom Bracket Drop (cm)"": ""7.5"", ""L Bottom Bracket Height (cm)"": ""27.8"", ""M Fork Rake (cm)"": ""5.5"", ""N Trail (cm)"": ""6.1"", ""O Stack (cm)"": ""55.0"", ""P Reach (cm)"": ""37.6"", ""Q Axle to Crown (cm)"": ""39.3""}",4499,false,https://www.cannondale.com/es-es/bikes/road/endurance/synapse-carbon/synapse-carbon-3-smartsense-smu,https://www.cannondale.com/-/media/images/my25/bikes/road/endurance/synapse-carbon/pdps/c25_synapse_geotable.ashx,vision,2026-10-05
Cannondale,Synapse [eb2984eb],Synapse Carbon 3 SmartSense,2025,carretera,54.0,,54,,,,,570,381,"{""Wheel Size"": ""700c"", ""A Seat Tube Length (cm)"": ""48.0"", ""B Top Tube Horizontal (cm)"": ""55.5"", ""C Top Tube Actual (cm)"": ""50.9"", ""D Head Tube Angle"": ""71.3°"", ""E Seat Tube Angle"": ""73.0°"", ""F Standover (cm)"": ""78.5"", ""G Head Tube Length (cm)"": ""15.0"", ""H Wheelbase (cm)"": ""102.6"", ""I Front Center (cm)"": ""61.2"", ""J Chain Stay Length (cm)"": ""42.5"", ""K Bottom Bracket Drop (cm)"": ""7.3"", ""L Bottom Bracket Height (cm)"": ""28.0"", ""M Fork Rake (cm)"": ""5.5"", ""N Trail (cm)"": ""6.1"", ""O Stack (cm)"": ""57.0"", ""P Reach (cm)"": ""38.1"", ""Q Axle to Crown (cm)"": ""39.3""}",4499,false,https://www.cannondale.com/es-es/bikes/road/endurance/synapse-carbon/synapse-carbon-3-smartsense-smu,https://www.cannondale.com/-/media/images/my25/bikes/road/endurance/synapse-carbon/pdps/c25_synapse_geotable.ashx,vision,2026-10-05
Cannondale,Synapse [eb2984eb],Synapse Carbon 3 SmartSense,2025,carretera,56.0,,56,,,,,590,387,"{""Wheel Size"": ""700c"", ""A Seat Tube Length (cm)"": ""52.0"", ""B Top Tube Horizontal (cm)"": ""56.7"", ""C Top Tube Actual (cm)"": ""52.3"", ""D Head Tube Angle"": ""71.3°"", ""E Seat Tube Angle"": ""73.0°"", ""F Standover (cm)"": ""81.5"", ""G Head Tube Length (cm)"": ""17.1"", ""H Wheelbase (cm)"": ""104.4"", ""I Front Center (cm)"": ""62.4"", ""J Chain Stay Length (cm)"": ""43.0"", ""K Bottom Bracket Drop (cm)"": ""7.3"", ""L Bottom Bracket Height (cm)"": ""28.0"", ""M Fork Rake (cm)"": ""5.5"", ""N Trail (cm)"": ""6.1"", ""O Stack (cm)"": ""59.0"", ""P Reach (cm)"": ""38.7"", ""Q Axle to Crown (cm)"": ""39.3""}",4499,false,https://www.cannondale.com/es-es/bikes/road/endurance/synapse-carbon/synapse-carbon-3-smartsense-smu,https://www.cannondale.com/-/media/images/my25/bikes/road/endurance/synapse-carbon/pdps/c25_synapse_geotable.ashx,vision,2026-10-05
Cannondale,Synapse [eb2984eb],Synapse Carbon 3 SmartSense,2025,carretera,58.0,,58,,,,,610,393,"{""Wheel Size"": ""700c"", ""A Seat Tube Length (cm)"": ""55.0"", ""B Top Tube Horizontal (cm)"": ""58.0"", ""C Top Tube Actual (cm)"": ""53.7"", ""D Head Tube Angle"": ""71.3°"", ""E Seat Tube Angle"": ""73.0°"", ""F Standover (cm)"": ""84.3"", ""G Head Tube Length (cm)"": ""19.6"", ""H Wheelbase (cm)"": ""105.8"", ""I Front Center (cm)"": ""63.8"", ""J Chain Stay Length (cm)"": ""43.0"", ""K Bottom Bracket Drop (cm)"": ""7.0"", ""L Bottom Bracket Height (cm)"": ""28.3"", ""M Fork Rake (cm)"": ""5.5"", ""N Trail (cm)"": ""6.1"", ""O Stack (cm)"": ""61.0"", ""P Reach (cm)"": ""39.3"", ""Q Axle to Crown (cm)"": ""39.3""}",4499,false,https://www.cannondale.com/es-es/bikes/road/endurance/synapse-carbon/synapse-carbon-3-smartsense-smu,https://www.cannondale.com/-/media/images/my25/bikes/road/endurance/synapse-carbon/pdps/c25_synapse_geotable.ashx,vision,2026-10-05
Cannondale,Synapse [eb2984eb],Synapse Carbon 3 SmartSense,2025,carretera,61.0,,61,,,,,640,402,"{""Wheel Size"": ""700c"", ""A Seat Tube Length (cm)"": ""59.0"", ""B Top Tube Horizontal (cm)"": ""59.8"", ""C Top Tube Actual (cm)"": ""55.6"", ""D Head Tube Angle"": ""71.3°"", ""E Seat Tube Angle"": ""73.0°"", ""F Standover (cm)"": ""87.8"", ""G Head Tube Length (cm)"": ""22.7"", ""H Wheelbase (cm)"": ""107.7"", ""I Front Center (cm)"": ""65.7"", ""J Chain Stay Length (cm)"": ""43.0"", ""K Bottom Bracket Drop (cm)"": ""7.0"", ""L Bottom Bracket Height (cm)"": ""28.3"", ""M Fork Rake (cm)"": ""5.5"", ""N Trail (cm)"": ""6.1"", ""O Stack (cm)"": ""64.0"", ""P Reach (cm)"": ""40.2"", ""Q Axle to Crown (cm)"": ""39.3""}",4499,false,https://www.cannondale.com/es-es/bikes/road/endurance/synapse-carbon/synapse-carbon-3-smartsense-smu,https://www.cannondale.com/-/media/images/my25/bikes/road/endurance/synapse-carbon/pdps/c25_synapse_geotable.ashx,vision,2026-10-05
Cannondale,Synapse [eb2984eb],Synapse Carbon 4,2025,carretera,44.0,,44,,,,,510,366,"{""Wheel Size"": ""700c"", ""A Seat Tube Length (cm)"": ""40.7"", ""B Top Tube Horizontal (cm)"": ""52.2"", ""C Top Tube Actual (cm)"": ""47.8"", ""D Head Tube Angle"": ""69.8°"", ""E Seat Tube Angle"": ""73.0°"", ""F Standover (cm)"": ""71.4"", ""G Head Tube Length (cm)"": ""9.1"", ""H Wheelbase (cm)"": ""100.3"", ""I Front Center (cm)"": ""58.9"", ""J Chain Stay Length (cm)"": ""42.5"", ""K Bottom Bracket Drop (cm)"": ""7.5"", ""L Bottom Bracket Height (cm)"": ""27.8"", ""M Fork Rake (cm)"": ""5.5"", ""N Trail (cm)"": ""7.1"", ""O Stack (cm)"": ""51.0"", ""P Reach (cm)"": ""36.6"", ""Q Axle to Crown (cm)"": ""39.3""}",3499,false,https://www.cannondale.com/es-es/bikes/road/endurance/synapse-carbon/synapse-carbon-4-smu,https://www.cannondale.com/-/media/images/my25/bikes/road/endurance/synapse-carbon/pdps/c25_synapse_geotable.ashx,vision,2026-10-05
Cannondale,Synapse [eb2984eb],Synapse Carbon 4,2025,carretera,48.0,,48,,,,,530,371,"{""Wheel Size"": ""700c"", ""A Seat Tube Length (cm)"": ""40.7"", ""B Top Tube Horizontal (cm)"": ""53.3"", ""C Top Tube Actual (cm)"": ""48.6"", ""D Head Tube Angle"": ""70.9°"", ""E Seat Tube Angle"": ""73.0°"", ""F Standover (cm)"": ""72.2"", ""G Head Tube Length (cm)"": ""10.8"", ""H Wheelbase (cm)"": ""100.5"", ""I Front Center (cm)"": ""59.2"", ""J Chain Stay Length (cm)"": ""42.5"", ""K Bottom Bracket Drop (cm)"": ""7.5"", ""L Bottom Bracket Height (cm)"": ""27.8"", ""M Fork Rake (cm)"": ""5.5"", ""N Trail (cm)"": ""6.4"", ""O Stack (cm)"": ""53.0"", ""P Reach (cm)"": ""37.1"", ""Q Axle to Crown (cm)"": ""39.3""}",3499,false,https://www.cannondale.com/es-es/bikes/road/endurance/synapse-carbon/synapse-carbon-4-smu,https://www.cannondale.com/-/media/images/my25/bikes/road/endurance/synapse-carbon/pdps/c25_synapse_geotable.ashx,vision,2026-10-05
Cannondale,Synapse [eb2984eb],Synapse Carbon 4,2025,carretera,51.0,,51,,,,,550,376,"{""Wheel Size"": ""700c"", ""A Seat Tube Length (cm)"": ""44.3"", ""B Top Tube Horizontal (cm)"": ""54.4"", ""C Top Tube Actual (cm)"": ""49.7"", ""D Head Tube Angle"": ""71.3°"", ""E Seat Tube Angle"": ""73.0°"", ""F Standover (cm)"": ""75.2"", ""G Head Tube Length (cm)"": ""12.7"", ""H Wheelbase (cm)"": ""101.3"", ""I Front Center (cm)"": ""60.0"", ""J Chain Stay Length (cm)"": ""42.5"", ""K Bottom Bracket Drop (cm)"": ""7.5"", ""L Bottom Bracket Height (cm)"": ""27.8"", ""M Fork Rake (cm)"": ""5.5"", ""N Trail (cm)"": ""6.1"", ""O Stack (cm)"": ""55.0"", ""P Reach (cm)"": ""37.6"", ""Q Axle to Crown (cm)"": ""39.3""}",3499,false,https://www.cannondale.com/es-es/bikes/road/endurance/synapse-carbon/synapse-carbon-4-smu,https://www.cannondale.com/-/media/images/my25/bikes/road/endurance/synapse-carbon/pdps/c25_synapse_geotable.ashx,vision,2026-10-05
Cannondale,Synapse [eb2984eb],Synapse Carbon 4,2025,carretera,54.0,,54,,,,,570,381,"{""Wheel Size"": ""700c"", ""A Seat Tube Length (cm)"": ""48.0"", ""B Top Tube Horizontal (cm)"": ""55.5"", ""C Top Tube Actual (cm)"": ""50.9"", ""D Head Tube Angle"": ""71.3°"", ""E Seat Tube Angle"": ""73.0°"", ""F Standover (cm)"": ""78.5"", ""G Head Tube Length (cm)"": ""15.0"", ""H Wheelbase (cm)"": ""102.6"", ""I Front Center (cm)"": ""61.2"", ""J Chain Stay Length (cm)"": ""42.5"", ""K Bottom Bracket Drop (cm)"": ""7.3"", ""L Bottom Bracket Height (cm)"": ""28.0"", ""M Fork Rake (cm)"": ""5.5"", ""N Trail (cm)"": ""6.1"", ""O Stack (cm)"": ""57.0"", ""P Reach (cm)"": ""38.1"", ""Q Axle to Crown (cm)"": ""39.3""}",3499,false,https://www.cannondale.com/es-es/bikes/road/endurance/synapse-carbon/synapse-carbon-4-smu,https://www.cannondale.com/-/media/images/my25/bikes/road/endurance/synapse-carbon/pdps/c25_synapse_geotable.ashx,vision,2026-10-05
Cannondale,Synapse [eb2984eb],Synapse Carbon 4,2025,carretera,56.0,,56,,,,,590,387,"{""Wheel Size"": ""700c"", ""A Seat Tube Length (cm)"": ""52.0"", ""B Top Tube Horizontal (cm)"": ""56.7"", ""C Top Tube Actual (cm)"": ""52.3"", ""D Head Tube Angle"": ""71.3°"", ""E Seat Tube Angle"": ""73.0°"", ""F Standover (cm)"": ""81.5"", ""G Head Tube Length (cm)"": ""17.1"", ""H Wheelbase (cm)"": ""104.4"", ""I Front Center (cm)"": ""62.4"", ""J Chain Stay Length (cm)"": ""43.0"", ""K Bottom Bracket Drop (cm)"": ""7.3"", ""L Bottom Bracket Height (cm)"": ""28.0"", ""M Fork Rake (cm)"": ""5.5"", ""N Trail (cm)"": ""6.1"", ""O Stack (cm)"": ""59.0"", ""P Reach (cm)"": ""38.7"", ""Q Axle to Crown (cm)"": ""39.3""}",3499,false,https://www.cannondale.com/es-es/bikes/road/endurance/synapse-carbon/synapse-carbon-4-smu,https://www.cannondale.com/-/media/images/my25/bikes/road/endurance/synapse-carbon/pdps/c25_synapse_geotable.ashx,vision,2026-10-05
Cannondale,Synapse [eb2984eb],Synapse Carbon 4,2025,carretera,58.0,,58,,,,,610,393,"{""Wheel Size"": ""700c"", ""A Seat Tube Length (cm)"": ""55.0"", ""B Top Tube Horizontal (cm)"": ""58.0"", ""C Top Tube Actual (cm)"": ""53.7"", ""D Head Tube Angle"": ""71.3°"", ""E Seat Tube Angle"": ""73.0°"", ""F Standover (cm)"": ""84.3"", ""G Head Tube Length (cm)"": ""19.6"", ""H Wheelbase (cm)"": ""105.8"", ""I Front Center (cm)"": ""63.8"", ""J Chain Stay Length (cm)"": ""43.0"", ""K Bottom Bracket Drop (cm)"": ""7.0"", ""L Bottom Bracket Height (cm)"": ""28.3"", ""M Fork Rake (cm)"": ""5.5"", ""N Trail (cm)"": ""6.1"", ""O Stack (cm)"": ""61.0"", ""P Reach (cm)"": ""39.3"", ""Q Axle to Crown (cm)"": ""39.3""}",3499,false,https://www.cannondale.com/es-es/bikes/road/endurance/synapse-carbon/synapse-carbon-4-smu,https://www.cannondale.com/-/media/images/my25/bikes/road/endurance/synapse-carbon/pdps/c25_synapse_geotable.ashx,vision,2026-10-05
Cannondale,Synapse [eb2984eb],Synapse Carbon 4,2025,carretera,61.0,,61,,,,,640,402,"{""Wheel Size"": ""700c"", ""A Seat Tube Length (cm)"": ""59.0"", ""B Top Tube Horizontal (cm)"": ""59.8"", ""C Top Tube Actual (cm)"": ""55.6"", ""D Head Tube Angle"": ""71.3°"", ""E Seat Tube Angle"": ""73.0°"", ""F Standover (cm)"": ""87.8"", ""G Head Tube Length (cm)"": ""22.7"", ""H Wheelbase (cm)"": ""107.7"", ""I Front Center (cm)"": ""65.7"", ""J Chain Stay Length (cm)"": ""43.0"", ""K Bottom Bracket Drop (cm)"": ""7.0"", ""L Bottom Bracket Height (cm)"": ""28.3"", ""M Fork Rake (cm)"": ""5.5"", ""N Trail (cm)"": ""6.1"", ""O Stack (cm)"": ""64.0"", ""P Reach (cm)"": ""40.2"", ""Q Axle to Crown (cm)"": ""39.3""}",3499,false,https://www.cannondale.com/es-es/bikes/road/endurance/synapse-carbon/synapse-carbon-4-smu,https://www.cannondale.com/-/media/images/my25/bikes/road/endurance/synapse-carbon/pdps/c25_synapse_geotable.ashx,vision,2026-10-05
Cannondale,Synapse [eb2984eb],Synapse Carbon 5,2025,carretera,44.0,,44,,,,,510,366,"{""Wheel Size"": ""700c"", ""A Seat Tube Length (cm)"": ""40.7"", ""B Top Tube Horizontal (cm)"": ""52.2"", ""C Top Tube Actual (cm)"": ""47.8"", ""D Head Tube Angle"": ""69.8°"", ""E Seat Tube Angle"": ""73.0°"", ""F Standover (cm)"": ""71.4"", ""G Head Tube Length (cm)"": ""9.1"", ""H Wheelbase (cm)"": ""100.3"", ""I Front Center (cm)"": ""58.9"", ""J Chain Stay Length (cm)"": ""42.5"", ""K Bottom Bracket Drop (cm)"": ""7.5"", ""L Bottom Bracket Height (cm)"": ""27.8"", ""M Fork Rake (cm)"": ""5.5"", ""N Trail (cm)"": ""7.1"", ""O Stack (cm)"": ""51.0"", ""P Reach (cm)"": ""36.6"", ""Q Axle to Crown (cm)"": ""39.3""}",2699,false,https://www.cannondale.com/es-es/bikes/road/endurance/synapse-carbon/synapse-carbon-5-smu,https://www.cannondale.com/-/media/images/my25/bikes/road/endurance/synapse-carbon/pdps/c25_synapse_geotable.ashx,vision,2026-10-05
Cannondale,Synapse [eb2984eb],Synapse Carbon 5,2025,carretera,48.0,,48,,,,,530,371,"{""Wheel Size"": ""700c"", ""A Seat Tube Length (cm)"": ""40.7"", ""B Top Tube Horizontal (cm)"": ""53.3"", ""C Top Tube Actual (cm)"": ""48.6"", ""D Head Tube Angle"": ""70.9°"", ""E Seat Tube Angle"": ""73.0°"", ""F Standover (cm)"": ""72.2"", ""G Head Tube Length (cm)"": ""10.8"", ""H Wheelbase (cm)"": ""100.5"", ""I Front Center (cm)"": ""59.2"", ""J Chain Stay Length (cm)"": ""42.5"", ""K Bottom Bracket Drop (cm)"": ""7.5"", ""L Bottom Bracket Height (cm)"": ""27.8"", ""M Fork Rake (cm)"": ""5.5"", ""N Trail (cm)"": ""6.4"", ""O Stack (cm)"": ""53.0"", ""P Reach (cm)"": ""37.1"", ""Q Axle to Crown (cm)"": ""39.3""}",2699,false,https://www.cannondale.com/es-es/bikes/road/endurance/synapse-carbon/synapse-carbon-5-smu,https://www.cannondale.com/-/media/images/my25/bikes/road/endurance/synapse-carbon/pdps/c25_synapse_geotable.ashx,vision,2026-10-05
Cannondale,Synapse [eb2984eb],Synapse Carbon 5,2025,carretera,51.0,,51,,,,,550,376,"{""Wheel Size"": ""700c"", ""A Seat Tube Length (cm)"": ""44.3"", ""B Top Tube Horizontal (cm)"": ""54.4"", ""C Top Tube Actual (cm)"": ""49.7"", ""D Head Tube Angle"": ""71.3°"", ""E Seat Tube Angle"": ""73.0°"", ""F Standover (cm)"": ""75.2"", ""G Head Tube Length (cm)"": ""12.7"", ""H Wheelbase (cm)"": ""101.3"", ""I Front Center (cm)"": ""60.0"", ""J Chain Stay Length (cm)"": ""42.5"", ""K Bottom Bracket Drop (cm)"": ""7.5"", ""L Bottom Bracket Height (cm)"": ""27.8"", ""M Fork Rake (cm)"": ""5.5"", ""N Trail (cm)"": ""6.1"", ""O Stack (cm)"": ""55.0"", ""P Reach (cm)"": ""37.6"", ""Q Axle to Crown (cm)"": ""39.3""}",2699,false,https://www.cannondale.com/es-es/bikes/road/endurance/synapse-carbon/synapse-carbon-5-smu,https://www.cannondale.com/-/media/images/my25/bikes/road/endurance/synapse-carbon/pdps/c25_synapse_geotable.ashx,vision,2026-10-05
Cannondale,Synapse [eb2984eb],Synapse Carbon 5,2025,carretera,54.0,,54,,,,,570,381,"{""Wheel Size"": ""700c"", ""A Seat Tube Length (cm)"": ""48.0"", ""B Top Tube Horizontal (cm)"": ""55.5"", ""C Top Tube Actual (cm)"": ""50.9"", ""D Head Tube Angle"": ""71.3°"", ""E Seat Tube Angle"": ""73.0°"", ""F Standover (cm)"": ""78.5"", ""G Head Tube Length (cm)"": ""15.0"", ""H Wheelbase (cm)"": ""102.6"", ""I Front Center (cm)"": ""61.2"", ""J Chain Stay Length (cm)"": ""42.5"", ""K Bottom Bracket Drop (cm)"": ""7.3"", ""L Bottom Bracket Height (cm)"": ""28.0"", ""M Fork Rake (cm)"": ""5.5"", ""N Trail (cm)"": ""6.1"", ""O Stack (cm)"": ""57.0"", ""P Reach (cm)"": ""38.1"", ""Q Axle to Crown (cm)"": ""39.3""}",2699,false,https://www.cannondale.com/es-es/bikes/road/endurance/synapse-carbon/synapse-carbon-5-smu,https://www.cannondale.com/-/media/images/my25/bikes/road/endurance/synapse-carbon/pdps/c25_synapse_geotable.ashx,vision,2026-10-05
Cannondale,Synapse [eb2984eb],Synapse Carbon 5,2025,carretera,56.0,,56,,,,,590,387,"{""Wheel Size"": ""700c"", ""A Seat Tube Length (cm)"": ""52.0"", ""B Top Tube Horizontal (cm)"": ""56.7"", ""C Top Tube Actual (cm)"": ""52.3"", ""D Head Tube Angle"": ""71.3°"", ""E Seat Tube Angle"": ""73.0°"", ""F Standover (cm)"": ""81.5"", ""G Head Tube Length (cm)"": ""17.1"", ""H Wheelbase (cm)"": ""104.4"", ""I Front Center (cm)"": ""62.4"", ""J Chain Stay Length (cm)"": ""43.0"", ""K Bottom Bracket Drop (cm)"": ""7.3"", ""L Bottom Bracket Height (cm)"": ""28.0"", ""M Fork Rake (cm)"": ""5.5"", ""N Trail (cm)"": ""6.1"", ""O Stack (cm)"": ""59.0"", ""P Reach (cm)"": ""38.7"", ""Q Axle to Crown (cm)"": ""39.3""}",2699,false,https://www.cannondale.com/es-es/bikes/road/endurance/synapse-carbon/synapse-carbon-5-smu,https://www.cannondale.com/-/media/images/my25/bikes/road/endurance/synapse-carbon/pdps/c25_synapse_geotable.ashx,vision,2026-10-05
Cannondale,Synapse [eb2984eb],Synapse Carbon 5,2025,carretera,58.0,,58,,,,,610,393,"{""Wheel Size"": ""700c"", ""A Seat Tube Length (cm)"": ""55.0"", ""B Top Tube Horizontal (cm)"": ""58.0"", ""C Top Tube Actual (cm)"": ""53.7"", ""D Head Tube Angle"": ""71.3°"", ""E Seat Tube Angle"": ""73.0°"", ""F Standover (cm)"": ""84.3"", ""G Head Tube Length (cm)"": ""19.6"", ""H Wheelbase (cm)"": ""105.8"", ""I Front Center (cm)"": ""63.8"", ""J Chain Stay Length (cm)"": ""43.0"", ""K Bottom Bracket Drop (cm)"": ""7.0"", ""L Bottom Bracket Height (cm)"": ""28.3"", ""M Fork Rake (cm)"": ""5.5"", ""N Trail (cm)"": ""6.1"", ""O Stack (cm)"": ""61.0"", ""P Reach (cm)"": ""39.3"", ""Q Axle to Crown (cm)"": ""39.3""}",2699,false,https://www.cannondale.com/es-es/bikes/road/endurance/synapse-carbon/synapse-carbon-5-smu,https://www.cannondale.com/-/media/images/my25/bikes/road/endurance/synapse-carbon/pdps/c25_synapse_geotable.ashx,vision,2026-10-05
Cannondale,Synapse [eb2984eb],Synapse Carbon 5,2025,carretera,61.0,,61,,,,,640,402,"{""Wheel Size"": ""700c"", ""A Seat Tube Length (cm)"": ""59.0"", ""B Top Tube Horizontal (cm)"": ""59.8"", ""C Top Tube Actual (cm)"": ""55.6"", ""D Head Tube Angle"": ""71.3°"", ""E Seat Tube Angle"": ""73.0°"", ""F Standover (cm)"": ""87.8"", ""G Head Tube Length (cm)"": ""22.7"", ""H Wheelbase (cm)"": ""107.7"", ""I Front Center (cm)"": ""65.7"", ""J Chain Stay Length (cm)"": ""43.0"", ""K Bottom Bracket Drop (cm)"": ""7.0"", ""L Bottom Bracket Height (cm)"": ""28.3"", ""M Fork Rake (cm)"": ""5.5"", ""N Trail (cm)"": ""6.1"", ""O Stack (cm)"": ""64.0"", ""P Reach (cm)"": ""40.2"", ""Q Axle to Crown (cm)"": ""39.3""}",2699,false,https://www.cannondale.com/es-es/bikes/road/endurance/synapse-carbon/synapse-carbon-5-smu,https://www.cannondale.com/-/media/images/my25/bikes/road/endurance/synapse-carbon/pdps/c25_synapse_geotable.ashx,vision,2026-10-05
Cannondale,Scalpel [b0e88e68],Scalpel LAB71 Team,2025,mtb,SM,,,,,,,595,425,"{""Wheel Size"": ""29"", ""A Seat Tube Length (cm)"": ""38.0"", ""B Top Tube Horizontal (cm)"": ""57.9"", ""C Top Tube Actual (cm)"": ""53.6"", ""D Head Tube Angle"": ""66.6°"", ""E1 Seat Tube Angle"": ""69.2°"", ""E Seat Tube Angle Effective"": ""75.5°"", ""F Standover (cm)"": ""73.6"", ""G Head Tube Length (cm)"": ""9.0"", ""H Wheelbase (cm)"": ""114.6"", ""I Front Center (cm)"": ""71.5"", ""J Chain Stay Length (cm)"": ""43.4"", ""K Bottom Bracket Drop (cm)"": ""4.2"", ""L Bottom Bracket Height (cm)"": ""33.4"", ""M Fork Rake (cm)"": ""5.0"", ""N Trail (cm)"": ""10.5"", ""O Stack (cm)"": ""59.5"", ""P Reach (cm)"": ""42.5""}",11999,false,https://www.cannondale.com/es-es/bikes/mountain/cross-country/scalpel/scalpel-lab71-smu,https://www.cannondale.com/-/media/images/my24/bikes/mountain/cross-country/scalpel/pdp-lefty/c24_scalpellefty_geotable.ashx,vision,2026-10-05
Cannondale,Scalpel [b0e88e68],Scalpel LAB71 Team,2025,mtb,MD,,,,,,,595,450,"{""Wheel Size"": ""29"", ""A Seat Tube Length (cm)"": ""40.0"", ""B Top Tube Horizontal (cm)"": ""59.7"", ""C Top Tube Actual (cm)"": ""55.6"", ""D Head Tube Angle"": ""66.6°"", ""E1 Seat Tube Angle"": ""71.0°"", ""E Seat Tube Angle Effective"": ""75.5°"", ""F Standover (cm)"": ""74.4"", ""G Head Tube Length (cm)"": ""9.0"", ""H Wheelbase (cm)"": ""117.5"", ""I Front Center (cm)"": ""74.0"", ""J Chain Stay Length (cm)"": ""43.8"", ""K Bottom Bracket Drop (cm)"": ""4.2"", ""L Bottom Bracket Height (cm)"": ""33.4"", ""M Fork Rake (cm)"": ""5.0"", ""N Trail (cm)"": ""10.5"", ""O Stack (cm)"": ""59.5"", ""P Reach (cm)"": ""45.0""}",11999,false,https://www.cannondale.com/es-es/bikes/mountain/cross-country/scalpel/scalpel-lab71-smu,https://www.cannondale.com/-/media/images/my24/bikes/mountain/cross-country/scalpel/pdp-lefty/c24_scalpellefty_geotable.ashx,vision,2026-10-05
Cannondale,Scalpel [b0e88e68],Scalpel LAB71 Team,2025,mtb,LG,,,,,,,604,475,"{""Wheel Size"": ""29"", ""A Seat Tube Length (cm)"": ""44.5"", ""B Top Tube Horizontal (cm)"": ""62.5"", ""C Top Tube Actual (cm)"": ""58.4"", ""D Head Tube Angle"": ""66.6°"", ""E1 Seat Tube Angle"": ""71.7°"", ""E Seat Tube Angle Effective"": ""75.5°"", ""F Standover (cm)"": ""75.2"", ""G Head Tube Length (cm)"": ""10.0"", ""H Wheelbase (cm)"": ""120.8"", ""I Front Center (cm)"": ""76.9"", ""J Chain Stay Length (cm)"": ""44.2"", ""K Bottom Bracket Drop (cm)"": ""4.2"", ""L Bottom Bracket Height (cm)"": ""33.4"", ""M Fork Rake (cm)"": ""5.0"", ""N Trail (cm)"": ""10.5"", ""O Stack (cm)"": ""60.4"", ""P Reach (cm)"": ""47.5""}",11999,false,https://www.cannondale.com/es-es/bikes/mountain/cross-country/scalpel/scalpel-lab71-smu,https://www.cannondale.com/-/media/images/my24/bikes/mountain/cross-country/scalpel/pdp-lefty/c24_scalpellefty_geotable.ashx,vision,2026-10-05
Cannondale,Scalpel [b0e88e68],Scalpel LAB71 Team,2025,mtb,XL,XL,,,,,,613,510,"{""Wheel Size"": ""29"", ""A Seat Tube Length (cm)"": ""50.0"", ""B Top Tube Horizontal (cm)"": ""66.9"", ""C Top Tube Actual (cm)"": ""63.0"", ""D Head Tube Angle"": ""66.6°"", ""E1 Seat Tube Angle"": ""71.7°"", ""E Seat Tube Angle Effective"": ""75.5°"", ""F Standover (cm)"": ""76.3"", ""G Head Tube Length (cm)"": ""11.0"", ""H Wheelbase (cm)"": ""125.1"", ""I Front Center (cm)"": ""80.8"", ""J Chain Stay Length (cm)"": ""44.6"", ""K Bottom Bracket Drop (cm)"": ""4.2"", ""L Bottom Bracket Height (cm)"": ""33.4"", ""M Fork Rake (cm)"": ""5.0"", ""N Trail (cm)"": ""10.5"", ""O Stack (cm)"": ""61.3"", ""P Reach (cm)"": ""51.0""}",11999,false,https://www.cannondale.com/es-es/bikes/mountain/cross-country/scalpel/scalpel-lab71-smu,https://www.cannondale.com/-/media/images/my24/bikes/mountain/cross-country/scalpel/pdp-lefty/c24_scalpellefty_geotable.ashx,vision,2026-10-05
Cannondale,Scalpel [b0e88e68],Scalpel 1 Lefty,2024,mtb,SM,,,,,,,595,425,"{""Wheel Size"": ""29"", ""A Seat Tube Length (cm)"": ""38.0"", ""B Top Tube Horizontal (cm)"": ""57.9"", ""C Top Tube Actual (cm)"": ""53.6"", ""D Head Tube Angle"": ""66.6°"", ""E1 Seat Tube Angle"": ""69.2°"", ""E Seat Tube Angle Effective"": ""75.5°"", ""F Standover (cm)"": ""73.6"", ""G Head Tube Length (cm)"": ""9.0"", ""H Wheelbase (cm)"": ""114.6"", ""I Front Center (cm)"": ""71.5"", ""J Chain Stay Length (cm)"": ""43.4"", ""K Bottom Bracket Drop (cm)"": ""4.2"", ""L Bottom Bracket Height (cm)"": ""33.4"", ""M Fork Rake (cm)"": ""5.0"", ""N Trail (cm)"": ""10.5"", ""O Stack (cm)"": ""59.5"", ""P Reach (cm)"": ""42.5""}",7999,false,https://www.cannondale.com/es-es/bikes/mountain/cross-country/scalpel/scalpel-1,https://www.cannondale.com/-/media/images/my24/bikes/mountain/cross-country/scalpel/pdp-lefty/c24_scalpellefty_geotable.ashx,vision,2026-10-05
Cannondale,Scalpel [b0e88e68],Scalpel 1 Lefty,2024,mtb,MD,,,,,,,595,450,"{""Wheel Size"": ""29"", ""A Seat Tube Length (cm)"": ""40.0"", ""B Top Tube Horizontal (cm)"": ""59.7"", ""C Top Tube Actual (cm)"": ""55.6"", ""D Head Tube Angle"": ""66.6°"", ""E1 Seat Tube Angle"": ""71.0°"", ""E Seat Tube Angle Effective"": ""75.5°"", ""F Standover (cm)"": ""74.4"", ""G Head Tube Length (cm)"": ""9.0"", ""H Wheelbase (cm)"": ""117.5"", ""I Front Center (cm)"": ""74.0"", ""J Chain Stay Length (cm)"": ""43.8"", ""K Bottom Bracket Drop (cm)"": ""4.2"", ""L Bottom Bracket Height (cm)"": ""33.4"", ""M Fork Rake (cm)"": ""5.0"", ""N Trail (cm)"": ""10.5"", ""O Stack (cm)"": ""59.5"", ""P Reach (cm)"": ""45.0""}",7999,false,https://www.cannondale.com/es-es/bikes/mountain/cross-country/scalpel/scalpel-1,https://www.cannondale.com/-/media/images/my24/bikes/mountain/cross-country/scalpel/pdp-lefty/c24_scalpellefty_geotable.ashx,vision,2026-10-05
Cannondale,Scalpel [b0e88e68],Scalpel 1 Lefty,2024,mtb,LG,,,,,,,604,475,"{""Wheel Size"": ""29"", ""A Seat Tube Length (cm)"": ""44.5"", ""B Top Tube Horizontal (cm)"": ""62.5"", ""C Top Tube Actual (cm)"": ""58.4"", ""D Head Tube Angle"": ""66.6°"", ""E1 Seat Tube Angle"": ""71.7°"", ""E Seat Tube Angle Effective"": ""75.5°"", ""F Standover (cm)"": ""75.2"", ""G Head Tube Length (cm)"": ""10.0"", ""H Wheelbase (cm)"": ""120.8"", ""I Front Center (cm)"": ""76.9"", ""J Chain Stay Length (cm)"": ""44.2"", ""K Bottom Bracket Drop (cm)"": ""4.2"", ""L Bottom Bracket Height (cm)"": ""33.4"", ""M Fork Rake (cm)"": ""5.0"", ""N Trail (cm)"": ""10.5"", ""O Stack (cm)"": ""60.4"", ""P Reach (cm)"": ""47.5""}",7999,false,https://www.cannondale.com/es-es/bikes/mountain/cross-country/scalpel/scalpel-1,https://www.cannondale.com/-/media/images/my24/bikes/mountain/cross-country/scalpel/pdp-lefty/c24_scalpellefty_geotable.ashx,vision,2026-10-05
Cannondale,Scalpel [b0e88e68],Scalpel 1 Lefty,2024,mtb,XL,XL,,,,,,613,510,"{""Wheel Size"": ""29"", ""A Seat Tube Length (cm)"": ""50.0"", ""B Top Tube Horizontal (cm)"": ""66.9"", ""C Top Tube Actual (cm)"": ""63.0"", ""D Head Tube Angle"": ""66.6°"", ""E1 Seat Tube Angle"": ""71.7°"", ""E Seat Tube Angle Effective"": ""75.5°"", ""F Standover (cm)"": ""76.3"", ""G Head Tube Length (cm)"": ""11.0"", ""H Wheelbase (cm)"": ""125.1"", ""I Front Center (cm)"": ""80.8"", ""J Chain Stay Length (cm)"": ""44.6"", ""K Bottom Bracket Drop (cm)"": ""4.2"", ""L Bottom Bracket Height (cm)"": ""33.4"", ""M Fork Rake (cm)"": ""5.0"", ""N Trail (cm)"": ""10.5"", ""O Stack (cm)"": ""61.3"", ""P Reach (cm)"": ""51.0""}",7999,false,https://www.cannondale.com/es-es/bikes/mountain/cross-country/scalpel/scalpel-1,https://www.cannondale.com/-/media/images/my24/bikes/mountain/cross-country/scalpel/pdp-lefty/c24_scalpellefty_geotable.ashx,vision,2026-10-05
Cannondale,Scalpel [b0e88e68],Scalpel 2 Lefty,2025,mtb,SM,,,,,,,595,425,"{""Wheel Size"": ""29"", ""A Seat Tube Length (cm)"": ""38.0"", ""B Top Tube Horizontal (cm)"": ""57.9"", ""C Top Tube Actual (cm)"": ""53.6"", ""D Head Tube Angle"": ""66.6°"", ""E1 Seat Tube Angle"": ""69.2°"", ""E Seat Tube Angle Effective"": ""75.5°"", ""F Standover (cm)"": ""73.6"", ""G Head Tube Length (cm)"": ""9.0"", ""H Wheelbase (cm)"": ""114.6"", ""I Front Center (cm)"": ""71.5"", ""J Chain Stay Length (cm)"": ""43.4"", ""K Bottom Bracket Drop (cm)"": ""4.2"", ""L Bottom Bracket Height (cm)"": ""33.4"", ""M Fork Rake (cm)"": ""5.0"", ""N Trail (cm)"": ""10.5"", ""O Stack (cm)"": ""59.5"", ""P Reach (cm)"": ""42.5""}",5999,false,https://www.cannondale.com/es-es/bikes/mountain/cross-country/scalpel/scalpel-carbon-2-lefty,https://www.cannondale.com/-/media/images/my24/bikes/mountain/cross-country/scalpel/pdp-lefty/c24_scalpellefty_geotable.ashx,vision,2026-10-05
Cannondale,Scalpel [b0e88e68],Scalpel 2 Lefty,2025,mtb,MD,,,,,,,595,450,"{""Wheel Size"": ""29"", ""A Seat Tube Length (cm)"": ""40.0"", ""B Top Tube Horizontal (cm)"": ""59.7"", ""C Top Tube Actual (cm)"": ""55.6"", ""D Head Tube Angle"": ""66.6°"", ""E1 Seat Tube Angle"": ""71.0°"", ""E Seat Tube Angle Effective"": ""75.5°"", ""F Standover (cm)"": ""74.4"", ""G Head Tube Length (cm)"": ""9.0"", ""H Wheelbase (cm)"": ""117.5"", ""I Front Center (cm)"": ""74.0"", ""J Chain Stay Length (cm)"": ""43.8"", ""K Bottom Bracket Drop (cm)"": ""4.2"", ""L Bottom Bracket Height (cm)"": ""33.4"", ""M Fork Rake (cm)"": ""5.0"", ""N Trail (cm)"": ""10.5"", ""O Stack (cm)"": ""59.5"", ""P Reach (cm)"": ""45.0""}",5999,false,https://www.cannondale.com/es-es/bikes/mountain/cross-country/scalpel/scalpel-carbon-2-lefty,https://www.cannondale.com/-/media/images/my24/bikes/mountain/cross-country/scalpel/pdp-lefty/c24_scalpellefty_geotable.ashx,vision,2026-10-05
Cannondale,Scalpel [b0e88e68],Scalpel 2 Lefty,2025,mtb,LG,,,,,,,604,475,"{""Wheel Size"": ""29"", ""A Seat Tube Length (cm)"": ""44.5"", ""B Top Tube Horizontal (cm)"": ""62.5"", ""C Top Tube Actual (cm)"": ""58.4"", ""D Head Tube Angle"": ""66.6°"", ""E1 Seat Tube Angle"": ""71.7°"", ""E Seat Tube Angle Effective"": ""75.5°"", ""F Standover (cm)"": ""75.2"", ""G Head Tube Length (cm)"": ""10.0"", ""H Wheelbase (cm)"": ""120.8"", ""I Front Center (cm)"": ""76.9"", ""J Chain Stay Length (cm)"": ""44.2"", ""K Bottom Bracket Drop (cm)"": ""4.2"", ""L Bottom Bracket Height (cm)"": ""33.4"", ""M Fork Rake (cm)"": ""5.0"", ""N Trail (cm)"": ""10.5"", ""O Stack (cm)"": ""60.4"", ""P Reach (cm)"": ""47.5""}",5999,false,https://www.cannondale.com/es-es/bikes/mountain/cross-country/scalpel/scalpel-carbon-2-lefty,https://www.cannondale.com/-/media/images/my24/bikes/mountain/cross-country/scalpel/pdp-lefty/c24_scalpellefty_geotable.ashx,vision,2026-10-05
Cannondale,Scalpel [b0e88e68],Scalpel 2 Lefty,2025,mtb,XL,XL,,,,,,613,510,"{""Wheel Size"": ""29"", ""A Seat Tube Length (cm)"": ""50.0"", ""B Top Tube Horizontal (cm)"": ""66.9"", ""C Top Tube Actual (cm)"": ""63.0"", ""D Head Tube Angle"": ""66.6°"", ""E1 Seat Tube Angle"": ""71.7°"", ""E Seat Tube Angle Effective"": ""75.5°"", ""F Standover (cm)"": ""76.3"", ""G Head Tube Length (cm)"": ""11.0"", ""H Wheelbase (cm)"": ""125.1"", ""I Front Center (cm)"": ""80.8"", ""J Chain Stay Length (cm)"": ""44.6"", ""K Bottom Bracket Drop (cm)"": ""4.2"", ""L Bottom Bracket Height (cm)"": ""33.4"", ""M Fork Rake (cm)"": ""5.0"", ""N Trail (cm)"": ""10.5"", ""O Stack (cm)"": ""61.3"", ""P Reach (cm)"": ""51.0""}",5999,false,https://www.cannondale.com/es-es/bikes/mountain/cross-country/scalpel/scalpel-carbon-2-lefty,https://www.cannondale.com/-/media/images/my24/bikes/mountain/cross-country/scalpel/pdp-lefty/c24_scalpellefty_geotable.ashx,vision,2026-10-05
Cannondale,Scalpel HT [d87b15e1],Scalpel HT LAB71,2023,mtb,SM,,,,,,,607,404,"{""Wheel Size"": ""29\"""", ""A Seat Tube Length (cm)"": ""39.0"", ""B Top Tube Horizontal (cm)"": ""57.2"", ""C Head Tube Angle"": ""66.5°"", ""D Seat Tube Angle"": ""72.7°"", ""D1 Seat Tube Angle Effective"": ""74.5°"", ""E Standover (cm)"": ""75.4"", ""F Head Tube Length (cm)"": ""9.9"", ""G Wheelbase (cm)"": ""112.3"", ""H Front Center (cm)"": ""69.9"", ""I Chain Stay Length (cm)"": ""43.0"", ""J Bottom Bracket Drop (cm)"": ""5.9"", ""K Bottom Bracket Height (cm)"": ""31.8"", ""L Fork Rake (cm)"": ""5.0"", ""M Trail (cm)"": ""10.9"", ""N Stack (cm)"": ""60.7"", ""O Reach (cm)"": ""40.4""}",10499,false,https://www.cannondale.com/es-es/bikes/mountain/cross-country/scalpel-ht/scalpel-ht-lab71,https://www.cannondale.com/-/media/images/my21/bikes/mountain/cross-country/scalpel-ht/pdp/c21_scalpelht110_geotable.ashx,vision,2026-10-05
Cannondale,Scalpel HT [d87b15e1],Scalpel HT LAB71,2023,mtb,MD,,,,,,,617,423,"{""Wheel Size"": ""29\"""", ""A Seat Tube Length (cm)"": ""44.0"", ""B Top Tube Horizontal (cm)"": ""59.4"", ""C Head Tube Angle"": ""66.5°"", ""D Seat Tube Angle"": ""73.5°"", ""D1 Seat Tube Angle Effective"": ""74.5°"", ""E Standover (cm)"": ""79.0"", ""F Head Tube Length (cm)"": ""11.0"", ""G Wheelbase (cm)"": ""115.1"", ""H Front Center (cm)"": ""72.3"", ""I Chain Stay Length (cm)"": ""43.5"", ""J Bottom Bracket Drop (cm)"": ""5.9"", ""K Bottom Bracket Height (cm)"": ""31.8"", ""L Fork Rake (cm)"": ""5.0"", ""M Trail (cm)"": ""10.9"", ""N Stack (cm)"": ""61.7"", ""O Reach (cm)"": ""42.3""}",10499,false,https://www.cannondale.com/es-es/bikes/mountain/cross-country/scalpel-ht/scalpel-ht-lab71,https://www.cannondale.com/-/media/images/my21/bikes/mountain/cross-country/scalpel-ht/pdp/c21_scalpelht110_geotable.ashx,vision,2026-10-05
Cannondale,Scalpel HT [d87b15e1],Scalpel HT LAB71,2023,mtb,LG,,,,,,,629,444,"{""Wheel Size"": ""29\"""", ""A Seat Tube Length (cm)"": ""48.0"", ""B Top Tube Horizontal (cm)"": ""61.7"", ""C Head Tube Angle"": ""66.5°"", ""D Seat Tube Angle"": ""74.1°"", ""D1 Seat Tube Angle Effective"": ""74.6°"", ""E Standover (cm)"": ""81.9"", ""F Head Tube Length (cm)"": ""12.2"", ""G Wheelbase (cm)"": ""118.1"", ""H Front Center (cm)"": ""74.8"", ""I Chain Stay Length (cm)"": ""44.0"", ""J Bottom Bracket Drop (cm)"": ""5.9"", ""K Bottom Bracket Height (cm)"": ""31.8"", ""L Fork Rake (cm)"": ""5.0"", ""M Trail (cm)"": ""10.9"", ""N Stack (cm)"": ""62.9"", ""O Reach (cm)"": ""44.4""}",10499,false,https://www.cannondale.com/es-es/bikes/mountain/cross-country/scalpel-ht/scalpel-ht-lab71,https://www.cannondale.com/-/media/images/my21/bikes/mountain/cross-country/scalpel-ht/pdp/c21_scalpelht110_geotable.ashx,vision,2026-10-05
Cannondale,Scalpel HT [d87b15e1],Scalpel HT LAB71,2023,mtb,XL,XL,,,,,,641,465,"{""Wheel Size"": ""29\"""", ""A Seat Tube Length (cm)"": ""53.0"", ""B Top Tube Horizontal (cm)"": ""64.2"", ""C Head Tube Angle"": ""66.5°"", ""D Seat Tube Angle"": ""74.6°"", ""D1 Seat Tube Angle Effective"": ""74.6°"", ""E Standover (cm)"": ""85.5"", ""F Head Tube Length (cm)"": ""13.5"", ""G Wheelbase (cm)"": ""121.2"", ""H Front Center (cm)"": ""77.4"", ""I Chain Stay Length (cm)"": ""44.5"", ""J Bottom Bracket Drop (cm)"": ""5.9"", ""K Bottom Bracket Height (cm)"": ""31.8"", ""L Fork Rake (cm)"": ""5.0"", ""M Trail (cm)"": ""10.9"", ""N Stack (cm)"": ""64.1"", ""O Reach (cm)"": ""46.5""}",10499,false,https://www.cannondale.com/es-es/bikes/mountain/cross-country/scalpel-ht/scalpel-ht-lab71,https://www.cannondale.com/-/media/images/my21/bikes/mountain/cross-country/scalpel-ht/pdp/c21_scalpelht110_geotable.ashx,vision,2026-10-05
Cannondale,Scalpel HT [d87b15e1],Scalpel HT Carbon 1,2025,mtb,SM,,,,,,,607,404,"{""Wheel Size"": ""29\"""", ""A Seat Tube Length (cm)"": ""39.0"", ""B Top Tube Horizontal (cm)"": ""57.2"", ""C Head Tube Angle"": ""66.5°"", ""D Seat Tube Angle"": ""72.7°"", ""D1 Seat Tube Angle Effective"": ""74.5°"", ""E Standover (cm)"": ""75.4"", ""F Head Tube Length (cm)"": ""9.9"", ""G Wheelbase (cm)"": ""112.3"", ""H Front Center (cm)"": ""69.9"", ""I Chain Stay Length (cm)"": ""43.0"", ""J Bottom Bracket Drop (cm)"": ""5.9"", ""K Bottom Bracket Height (cm)"": ""31.8"", ""L Fork Rake (cm)"": ""5.0"", ""M Trail (cm)"": ""10.9"", ""N Stack (cm)"": ""60.7"", ""O Reach (cm)"": ""40.4""}",3299,false,https://www.cannondale.com/es-es/bikes/mountain/cross-country/scalpel-ht/scalpel-ht-carbon-1,https://www.cannondale.com/-/media/images/my21/bikes/mountain/cross-country/scalpel-ht/pdp/c21_scalpelht110_geotable.ashx,vision,2026-10-05
Cannondale,Scalpel HT [d87b15e1],Scalpel HT Carbon 1,2025,mtb,MD,,,,,,,617,423,"{""Wheel Size"": ""29\"""", ""A Seat Tube Length (cm)"": ""44.0"", ""B Top Tube Horizontal (cm)"": ""59.4"", ""C Head Tube Angle"": ""66.5°"", ""D Seat Tube Angle"": ""73.5°"", ""D1 Seat Tube Angle Effective"": ""74.5°"", ""E Standover (cm)"": ""79.0"", ""F Head Tube Length (cm)"": ""11.0"", ""G Wheelbase (cm)"": ""115.1"", ""H Front Center (cm)"": ""72.3"", ""I Chain Stay Length (cm)"": ""43.5"", ""J Bottom Bracket Drop (cm)"": ""5.9"", ""K Bottom Bracket Height (cm)"": ""31.8"", ""L Fork Rake (cm)"": ""5.0"", ""M Trail (cm)"": ""10.9"", ""N Stack (cm)"": ""61.7"", ""O Reach (cm)"": ""42.3""}",3299,false,https://www.cannondale.com/es-es/bikes/mountain/cross-country/scalpel-ht/scalpel-ht-carbon-1,https://www.cannondale.com/-/media/images/my21/bikes/mountain/cross-country/scalpel-ht/pdp/c21_scalpelht110_geotable.ashx,vision,2026-10-05
Cannondale,Scalpel HT [d87b15e1],Scalpel HT Carbon 1,2025,mtb,LG,,,,,,,629,444,"{""Wheel Size"": ""29\"""", ""A Seat Tube Length (cm)"": ""48.0"", ""B Top Tube Horizontal (cm)"": ""61.7"", ""C Head Tube Angle"": ""66.5°"", ""D Seat Tube Angle"": ""74.1°"", ""D1 Seat Tube Angle Effective"": ""74.6°"", ""E Standover (cm)"": ""81.9"", ""F Head Tube Length (cm)"": ""12.2"", ""G Wheelbase (cm)"": ""118.1"", ""H Front Center (cm)"": ""74.8"", ""I Chain Stay Length (cm)"": ""44.0"", ""J Bottom Bracket Drop (cm)"": ""5.9"", ""K Bottom Bracket Height (cm)"": ""31.8"", ""L Fork Rake (cm)"": ""5.0"", ""M Trail (cm)"": ""10.9"", ""N Stack (cm)"": ""62.9"", ""O Reach (cm)"": ""44.4""}",3299,false,https://www.cannondale.com/es-es/bikes/mountain/cross-country/scalpel-ht/scalpel-ht-carbon-1,https://www.cannondale.com/-/media/images/my21/bikes/mountain/cross-country/scalpel-ht/pdp/c21_scalpelht110_geotable.ashx,vision,2026-10-05
Cannondale,Scalpel HT [d87b15e1],Scalpel HT Carbon 1,2025,mtb,XL,XL,,,,,,641,465,"{""Wheel Size"": ""29\"""", ""A Seat Tube Length (cm)"": ""53.0"", ""B Top Tube Horizontal (cm)"": ""64.2"", ""C Head Tube Angle"": ""66.5°"", ""D Seat Tube Angle"": ""74.6°"", ""D1 Seat Tube Angle Effective"": ""74.6°"", ""E Standover (cm)"": ""85.5"", ""F Head Tube Length (cm)"": ""13.5"", ""G Wheelbase (cm)"": ""121.2"", ""H Front Center (cm)"": ""77.4"", ""I Chain Stay Length (cm)"": ""44.5"", ""J Bottom Bracket Drop (cm)"": ""5.9"", ""K Bottom Bracket Height (cm)"": ""31.8"", ""L Fork Rake (cm)"": ""5.0"", ""M Trail (cm)"": ""10.9"", ""N Stack (cm)"": ""64.1"", ""O Reach (cm)"": ""46.5""}",3299,false,https://www.cannondale.com/es-es/bikes/mountain/cross-country/scalpel-ht/scalpel-ht-carbon-1,https://www.cannondale.com/-/media/images/my21/bikes/mountain/cross-country/scalpel-ht/pdp/c21_scalpelht110_geotable.ashx,vision,2026-10-05
Cannondale,Scalpel HT [d87b15e1],Scalpel HT Carbon 2,2025,mtb,SM,,,,,,,607,404,"{""Wheel Size"": ""29\"""", ""A Seat Tube Length (cm)"": ""39.0"", ""B Top Tube Horizontal (cm)"": ""57.2"", ""C Head Tube Angle"": ""66.5°"", ""D Seat Tube Angle"": ""72.7°"", ""D1 Seat Tube Angle Effective"": ""74.5°"", ""E Standover (cm)"": ""75.4"", ""F Head Tube Length (cm)"": ""9.9"", ""G Wheelbase (cm)"": ""112.3"", ""H Front Center (cm)"": ""69.9"", ""I Chain Stay Length (cm)"": ""43.0"", ""J Bottom Bracket Drop (cm)"": ""5.9"", ""K Bottom Bracket Height (cm)"": ""31.8"", ""L Fork Rake (cm)"": ""5.0"", ""M Trail (cm)"": ""10.9"", ""N Stack (cm)"": ""60.7"", ""O Reach (cm)"": ""40.4""}",2499,false,https://www.cannondale.com/es-es/bikes/mountain/cross-country/scalpel-ht/scalpel-ht-carbon-2,https://www.cannondale.com/-/media/images/my21/bikes/mountain/cross-country/scalpel-ht/pdp/c21_scalpelht110_geotable.ashx,vision,2026-10-05
Cannondale,Scalpel HT [d87b15e1],Scalpel HT Carbon 2,2025,mtb,MD,,,,,,,617,423,"{""Wheel Size"": ""29\"""", ""A Seat Tube Length (cm)"": ""44.0"", ""B Top Tube Horizontal (cm)"": ""59.4"", ""C Head Tube Angle"": ""66.5°"", ""D Seat Tube Angle"": ""73.5°"", ""D1 Seat Tube Angle Effective"": ""74.5°"", ""E Standover (cm)"": ""79.0"", ""F Head Tube Length (cm)"": ""11.0"", ""G Wheelbase (cm)"": ""115.1"", ""H Front Center (cm)"": ""72.3"", ""I Chain Stay Length (cm)"": ""43.5"", ""J Bottom Bracket Drop (cm)"": ""5.9"", ""K Bottom Bracket Height (cm)"": ""31.8"", ""L Fork Rake (cm)"": ""5.0"", ""M Trail (cm)"": ""10.9"", ""N Stack (cm)"": ""61.7"", ""O Reach (cm)"": ""42.3""}",2499,false,https://www.cannondale.com/es-es/bikes/mountain/cross-country/scalpel-ht/scalpel-ht-carbon-2,https://www.cannondale.com/-/media/images/my21/bikes/mountain/cross-country/scalpel-ht/pdp/c21_scalpelht110_geotable.ashx,vision,2026-10-05
Cannondale,Scalpel HT [d87b15e1],Scalpel HT Carbon 2,2025,mtb,LG,,,,,,,629,444,"{""Wheel Size"": ""29\"""", ""A Seat Tube Length (cm)"": ""48.0"", ""B Top Tube Horizontal (cm)"": ""61.7"", ""C Head Tube Angle"": ""66.5°"", ""D Seat Tube Angle"": ""74.1°"", ""D1 Seat Tube Angle Effective"": ""74.6°"", ""E Standover (cm)"": ""81.9"", ""F Head Tube Length (cm)"": ""12.2"", ""G Wheelbase (cm)"": ""118.1"", ""H Front Center (cm)"": ""74.8"", ""I Chain Stay Length (cm)"": ""44.0"", ""J Bottom Bracket Drop (cm)"": ""5.9"", ""K Bottom Bracket Height (cm)"": ""31.8"", ""L Fork Rake (cm)"": ""5.0"", ""M Trail (cm)"": ""10.9"", ""N Stack (cm)"": ""62.9"", ""O Reach (cm)"": ""44.4""}",2499,false,https://www.cannondale.com/es-es/bikes/mountain/cross-country/scalpel-ht/scalpel-ht-carbon-2,https://www.cannondale.com/-/media/images/my21/bikes/mountain/cross-country/scalpel-ht/pdp/c21_scalpelht110_geotable.ashx,vision,2026-10-05
Cannondale,Scalpel HT [d87b15e1],Scalpel HT Carbon 2,2025,mtb,XL,XL,,,,,,641,465,"{""Wheel Size"": ""29\"""", ""A Seat Tube Length (cm)"": ""53.0"", ""B Top Tube Horizontal (cm)"": ""64.2"", ""C Head Tube Angle"": ""66.5°"", ""D Seat Tube Angle"": ""74.6°"", ""D1 Seat Tube Angle Effective"": ""74.6°"", ""E Standover (cm)"": ""85.5"", ""F Head Tube Length (cm)"": ""13.5"", ""G Wheelbase (cm)"": ""121.2"", ""H Front Center (cm)"": ""77.4"", ""I Chain Stay Length (cm)"": ""44.5"", ""J Bottom Bracket Drop (cm)"": ""5.9"", ""K Bottom Bracket Height (cm)"": ""31.8"", ""L Fork Rake (cm)"": ""5.0"", ""M Trail (cm)"": ""10.9"", ""N Stack (cm)"": ""64.1"", ""O Reach (cm)"": ""46.5""}",2499,false,https://www.cannondale.com/es-es/bikes/mountain/cross-country/scalpel-ht/scalpel-ht-carbon-2,https://www.cannondale.com/-/media/images/my21/bikes/mountain/cross-country/scalpel-ht/pdp/c21_scalpelht110_geotable.ashx,vision,2026-10-05
Cannondale,Scalpel HT [d87b15e1],Scalpel HT Carbon 3,2025,mtb,SM,,,,,,,607,404,"{""Wheel Size"": ""29\"""", ""A Seat Tube Length (cm)"": ""39.0"", ""B Top Tube Horizontal (cm)"": ""57.2"", ""C Head Tube Angle"": ""66.5°"", ""D Seat Tube Angle"": ""72.7°"", ""D1 Seat Tube Angle Effective"": ""74.5°"", ""E Standover (cm)"": ""75.4"", ""F Head Tube Length (cm)"": ""9.9"", ""G Wheelbase (cm)"": ""112.3"", ""H Front Center (cm)"": ""69.9"", ""I Chain Stay Length (cm)"": ""43.0"", ""J Bottom Bracket Drop (cm)"": ""5.9"", ""K Bottom Bracket Height (cm)"": ""31.8"", ""L Fork Rake (cm)"": ""5.0"", ""M Trail (cm)"": ""10.9"", ""N Stack (cm)"": ""60.7"", ""O Reach (cm)"": ""40.4""}",1799,false,https://www.cannondale.com/es-es/bikes/mountain/cross-country/scalpel-ht/scalpel-ht-carbon-3,https://www.cannondale.com/-/media/images/my21/bikes/mountain/cross-country/scalpel-ht/pdp/c21_scalpelht110_geotable.ashx,vision,2026-10-05
Cannondale,Scalpel HT [d87b15e1],Scalpel HT Carbon 3,2025,mtb,MD,,,,,,,617,423,"{""Wheel Size"": ""29\"""", ""A Seat Tube Length (cm)"": ""44.0"", ""B Top Tube Horizontal (cm)"": ""59.4"", ""C Head Tube Angle"": ""66.5°"", ""D Seat Tube Angle"": ""73.5°"", ""D1 Seat Tube Angle Effective"": ""74.5°"", ""E Standover (cm)"": ""79.0"", ""F Head Tube Length (cm)"": ""11.0"", ""G Wheelbase (cm)"": ""115.1"", ""H Front Center (cm)"": ""72.3"", ""I Chain Stay Length (cm)"": ""43.5"", ""J Bottom Bracket Drop (cm)"": ""5.9"", ""K Bottom Bracket Height (cm)"": ""31.8"", ""L Fork Rake (cm)"": ""5.0"", ""M Trail (cm)"": ""10.9"", ""N Stack (cm)"": ""61.7"", ""O Reach (cm)"": ""42.3""}",1799,false,https://www.cannondale.com/es-es/bikes/mountain/cross-country/scalpel-ht/scalpel-ht-carbon-3,https://www.cannondale.com/-/media/images/my21/bikes/mountain/cross-country/scalpel-ht/pdp/c21_scalpelht110_geotable.ashx,vision,2026-10-05
Cannondale,Scalpel HT [d87b15e1],Scalpel HT Carbon 3,2025,mtb,LG,,,,,,,629,444,"{""Wheel Size"": ""29\"""", ""A Seat Tube Length (cm)"": ""48.0"", ""B Top Tube Horizontal (cm)"": ""61.7"", ""C Head Tube Angle"": ""66.5°"", ""D Seat Tube Angle"": ""74.1°"", ""D1 Seat Tube Angle Effective"": ""74.6°"", ""E Standover (cm)"": ""81.9"", ""F Head Tube Length (cm)"": ""12.2"", ""G Wheelbase (cm)"": ""118.1"", ""H Front Center (cm)"": ""74.8"", ""I Chain Stay Length (cm)"": ""44.0"", ""J Bottom Bracket Drop (cm)"": ""5.9"", ""K Bottom Bracket Height (cm)"": ""31.8"", ""L Fork Rake (cm)"": ""5.0"", ""M Trail (cm)"": ""10.9"", ""N Stack (cm)"": ""62.9"", ""O Reach (cm)"": ""44.4""}",1799,false,https://www.cannondale.com/es-es/bikes/mountain/cross-country/scalpel-ht/scalpel-ht-carbon-3,https://www.cannondale.com/-/media/images/my21/bikes/mountain/cross-country/scalpel-ht/pdp/c21_scalpelht110_geotable.ashx,vision,2026-10-05
Cannondale,Scalpel HT [d87b15e1],Scalpel HT Carbon 3,2025,mtb,XL,XL,,,,,,641,465,"{""Wheel Size"": ""29\"""", ""A Seat Tube Length (cm)"": ""53.0"", ""B Top Tube Horizontal (cm)"": ""64.2"", ""C Head Tube Angle"": ""66.5°"", ""D Seat Tube Angle"": ""74.6°"", ""D1 Seat Tube Angle Effective"": ""74.6°"", ""E Standover (cm)"": ""85.5"", ""F Head Tube Length (cm)"": ""13.5"", ""G Wheelbase (cm)"": ""121.2"", ""H Front Center (cm)"": ""77.4"", ""I Chain Stay Length (cm)"": ""44.5"", ""J Bottom Bracket Drop (cm)"": ""5.9"", ""K Bottom Bracket Height (cm)"": ""31.8"", ""L Fork Rake (cm)"": ""5.0"", ""M Trail (cm)"": ""10.9"", ""N Stack (cm)"": ""64.1"", ""O Reach (cm)"": ""46.5""}",1799,false,https://www.cannondale.com/es-es/bikes/mountain/cross-country/scalpel-ht/scalpel-ht-carbon-3,https://www.cannondale.com/-/media/images/my21/bikes/mountain/cross-country/scalpel-ht/pdp/c21_scalpelht110_geotable.ashx,vision,2026-10-05
Cannondale,CAAD Optimo 3 [f3151dde],CAAD Optimo 3,2021,carretera,44.0,,44,,,,,505,370,"{""A Seat Tube Length (cm)"": ""40"", ""B Top Tube Horizontal (cm)"": ""51.0"", ""C Top Tube Actual (cm)"": ""N/A"", ""D Head Tube Angle"": ""70.8"", ""E Seat Tube Angle"": ""74.5"", ""F Standover (cm)"": ""67.7"", ""G Head Tube Length (cm)"": ""9.6"", ""H Wheelbase (cm)"": ""97.9"", ""I Front Center (cm)"": ""57.6"", ""J Chain Stay Length (cm)"": ""41.5"", ""K Bottom Bracket Drop (cm)"": ""7.4"", ""L Bottom Bracket Height (cm)"": ""26.8"", ""M Fork Rake (cm)"": ""4.8"", ""N Trail (cm)"": ""6.8"", ""O Stack (cm)"": ""50.5"", ""P Reach (cm)"": ""37.0""}",1099,false,https://www.cannondale.com/es-es/bikes/road/race/caad-optimo/caad-optimo-3,https://www.cannondale.com/-/media/images/my21/bikes/road/race/caad-optimo/caad_optimo_geo_table-my21.ashx,vision,2026-10-05
Cannondale,CAAD Optimo 3 [f3151dde],CAAD Optimo 3,2021,carretera,48.0,,48,,,,,520,374,"{""A Seat Tube Length (cm)"": ""44"", ""B Top Tube Horizontal (cm)"": ""52.0"", ""C Top Tube Actual (cm)"": ""N/A"", ""D Head Tube Angle"": ""71.9"", ""E Seat Tube Angle"": ""74.3"", ""F Standover (cm)"": ""70.9"", ""G Head Tube Length (cm)"": ""10.8"", ""H Wheelbase (cm)"": ""97.8"", ""I Front Center (cm)"": ""57.5"", ""J Chain Stay Length (cm)"": ""41.5"", ""K Bottom Bracket Drop (cm)"": ""7.4"", ""L Bottom Bracket Height (cm)"": ""26.8"", ""M Fork Rake (cm)"": ""4.8"", ""N Trail (cm)"": ""6.1"", ""O Stack (cm)"": ""52.0"", ""P Reach (cm)"": ""37.4""}",1099,false,https://www.cannondale.com/es-es/bikes/road/race/caad-optimo/caad-optimo-3,https://www.cannondale.com/-/media/images/my21/bikes/road/race/caad-optimo/caad_optimo_geo_table-my21.ashx,vision,2026-10-05
Cannondale,CAAD Optimo 3 [f3151dde],CAAD Optimo 3,2021,carretera,51.0,,51,,,,,535,377,"{""A Seat Tube Length (cm)"": ""46.7"", ""B Top Tube Horizontal (cm)"": ""53.0"", ""C Top Tube Actual (cm)"": ""N/A"", ""D Head Tube Angle"": ""72.6"", ""E Seat Tube Angle"": ""74.0"", ""F Standover (cm)"": ""73.1"", ""G Head Tube Length (cm)"": ""12.1"", ""H Wheelbase (cm)"": ""98.0"", ""I Front Center (cm)"": ""57.6"", ""J Chain Stay Length (cm)"": ""41.5"", ""K Bottom Bracket Drop (cm)"": ""7.4"", ""L Bottom Bracket Height (cm)"": ""26.8"", ""M Fork Rake (cm)"": ""4.8"", ""N Trail (cm)"": ""5.7"", ""O Stack (cm)"": ""53.5"", ""P Reach (cm)"": ""37.7""}",1099,false,https://www.cannondale.com/es-es/bikes/road/race/caad-optimo/caad-optimo-3,https://www.cannondale.com/-/media/images/my21/bikes/road/race/caad-optimo/caad_optimo_geo_table-my21.ashx,vision,2026-10-05
Cannondale,CAAD Optimo 3 [f3151dde],CAAD Optimo 3,2021,carretera,54.0,,54,,,,,555,384,"{""A Seat Tube Length (cm)"": ""49.5"", ""B Top Tube Horizontal (cm)"": ""54.6"", ""C Top Tube Actual (cm)"": ""N/A"", ""D Head Tube Angle"": ""72.6"", ""E Seat Tube Angle"": ""73.7"", ""F Standover (cm)"": ""75.8"", ""G Head Tube Length (cm)"": ""14.4"", ""H Wheelbase (cm)"": ""99.4"", ""I Front Center (cm)"": ""59.0"", ""J Chain Stay Length (cm)"": ""41.5"", ""K Bottom Bracket Drop (cm)"": ""7.2"", ""L Bottom Bracket Height (cm)"": ""27.0"", ""M Fork Rake (cm)"": ""4.8"", ""N Trail (cm)"": ""5.7"", ""O Stack (cm)"": ""55.5"", ""P Reach (cm)"": ""38.4""}",1099,false,https://www.cannondale.com/es-es/bikes/road/race/caad-optimo/caad-optimo-3,https://www.cannondale.com/-/media/images/my21/bikes/road/race/caad-optimo/caad_optimo_geo_table-my21.ashx,vision,2026-10-05
Cannondale,CAAD Optimo 3 [f3151dde],CAAD Optimo 3,2021,carretera,56.0,,56,,,,,575,390,"{""A Seat Tube Length (cm)"": ""52"", ""B Top Tube Horizontal (cm)"": ""56.2"", ""C Top Tube Actual (cm)"": ""N/A"", ""D Head Tube Angle"": ""72.6"", ""E Seat Tube Angle"": ""73.3"", ""F Standover (cm)"": ""78.2"", ""G Head Tube Length (cm)"": ""16.5"", ""H Wheelbase (cm)"": ""100.6"", ""I Front Center (cm)"": ""60.2"", ""J Chain Stay Length (cm)"": ""41.5"", ""K Bottom Bracket Drop (cm)"": ""7.2"", ""L Bottom Bracket Height (cm)"": ""27.0"", ""M Fork Rake (cm)"": ""4.8"", ""N Trail (cm)"": ""5.7"", ""O Stack (cm)"": ""57.5"", ""P Reach (cm)"": ""39.0""}",1099,false,https://www.cannondale.com/es-es/bikes/road/race/caad-optimo/caad-optimo-3,https://www.cannondale.com/-/media/images/my21/bikes/road/race/caad-optimo/caad_optimo_geo_table-my21.ashx,vision,2026-10-05
Cannondale,CAAD Optimo 3 [f3151dde],CAAD Optimo 3,2021,carretera,58.0,,58,,,,,595,395,"{""A Seat Tube Length (cm)"": ""55"", ""B Top Tube Horizontal (cm)"": ""57.8"", ""C Top Tube Actual (cm)"": ""N/A"", ""D Head Tube Angle"": ""72.6"", ""E Seat Tube Angle"": ""72.9"", ""F Standover (cm)"": ""80.8"", ""G Head Tube Length (cm)"": ""18.9"", ""H Wheelbase (cm)"": ""101.9"", ""I Front Center (cm)"": ""61.4"", ""J Chain Stay Length (cm)"": ""41.5"", ""K Bottom Bracket Drop (cm)"": ""6.9"", ""L Bottom Bracket Height (cm)"": ""27.3"", ""M Fork Rake (cm)"": ""4.8"", ""N Trail (cm)"": ""5.7"", ""O Stack (cm)"": ""59.5"", ""P Reach (cm)"": ""39.5""}",1099,false,https://www.cannondale.com/es-es/bikes/road/race/caad-optimo/caad-optimo-3,https://www.cannondale.com/-/media/images/my21/bikes/road/race/caad-optimo/caad_optimo_geo_table-my21.ashx,vision,2026-10-05
Cannondale,Habit Carbon LT 1 [4e32bde9],Habit Carbon LT 1,2022,mtb,XS,XS,,,,,,578,400,"{""Wheel Size"": ""27.5\"""", ""A Seat Tube Length (cm)"": ""36.0"", ""B Top Tube Horizontal (cm)"": ""52.7"", ""C Top Tube Actual (CM)"": ""49.9"", ""D Head Tube Angle"": ""64.7°"", ""E1 Seat Tube Angle Actual"": ""71.0°"", ""E Seat Tube Angle Effective"": ""77.0°"", ""F Standover (cm)"": ""71.3"", ""G Head Tube Length (cm)"": ""10.0"", ""H Wheelbase (cm)"": ""113.2"", ""I Front Center (cm)"": ""69.9"", ""J Chain Stay Length (cm)"": ""43.4"", ""K Bottom Bracket Drop (cm)"": ""1.3"", ""L Bottom Bracket Height (cm)"": ""34.4"", ""M Fork Rake (cm)"": ""3.7"", ""N Trail (cm)"": ""12.6"", ""O Stack (cm)"": ""57.8"", ""P Reach (cm)"": ""40.0""}",5899,false,https://www.cannondale.com/es-es/bikes/mountain/trail-bikes/habit/habit-carbon-lt-1,https://www.cannondale.com/-/media/images/my22/bikes/mountain/trail-bikes/habit/geos/c23_habitcarbonlt_geotable_v3.ashx,vision,2026-10-05
Cannondale,Habit Carbon LT 1 [4e32bde9],Habit Carbon LT 1,2022,mtb,SM,,,,,,,626,425,"{""Wheel Size"": ""29\"""", ""A Seat Tube Length (cm)"": ""38.0"", ""B Top Tube Horizontal (cm)"": ""56.3"", ""C Top Tube Actual (CM)"": ""53.1"", ""D Head Tube Angle"": ""64.7°"", ""E1 Seat Tube Angle Actual"": ""70.1°"", ""E Seat Tube Angle Effective"": ""77.1°"", ""F Standover (cm)"": ""73.6"", ""G Head Tube Length (cm)"": ""11.0"", ""H Wheelbase (cm)"": ""117.4"", ""I Front Center (cm)"": ""74.1"", ""J Chain Stay Length (cm)"": ""43.5"", ""K Bottom Bracket Drop (cm)"": ""3.4"", ""L Bottom Bracket Height (cm)"": ""34.4"", ""M Fork Rake (cm)"": ""4.2"", ""N Trail (cm)"": ""13.0"", ""O Stack (cm)"": ""62.6"", ""P Reach (cm)"": ""42.5""}",5899,false,https://www.cannondale.com/es-es/bikes/mountain/trail-bikes/habit/habit-carbon-lt-1,https://www.cannondale.com/-/media/images/my22/bikes/mountain/trail-bikes/habit/geos/c23_habitcarbonlt_geotable_v3.ashx,vision,2026-10-05
Cannondale,Habit Carbon LT 1 [4e32bde9],Habit Carbon LT 1,2022,mtb,MD,,,,,,,635,450,"{""Wheel Size"": ""29\"""", ""A Seat Tube Length (cm)"": ""40.0"", ""B Top Tube Horizontal (cm)"": ""59.0"", ""C Top Tube Actual (CM)"": ""55.4"", ""D Head Tube Angle"": ""64.7°"", ""E1 Seat Tube Angle Actual"": ""70.6°"", ""E Seat Tube Angle Effective"": ""77.1°"", ""F Standover (cm)"": ""74.0"", ""G Head Tube Length (cm)"": ""12.0"", ""H Wheelbase (cm)"": ""120.3"", ""I Front Center (cm)"": ""77.0"", ""J Chain Stay Length (cm)"": ""43.5"", ""K Bottom Bracket Drop (cm)"": ""3.4"", ""L Bottom Bracket Height (cm)"": ""34.4"", ""M Fork Rake (cm)"": ""4.2"", ""N Trail (cm)"": ""13.0"", ""O Stack (cm)"": ""63.5"", ""P Reach (cm)"": ""45.0""}",5899,false,https://www.cannondale.com/es-es/bikes/mountain/trail-bikes/habit/habit-carbon-lt-1,https://www.cannondale.com/-/media/images/my22/bikes/mountain/trail-bikes/habit/geos/c23_habitcarbonlt_geotable_v3.ashx,vision,2026-10-05
Cannondale,Habit Carbon LT 1 [4e32bde9],Habit Carbon LT 1,2022,mtb,LG,,,,,,,644,475,"{""Wheel Size"": ""29\"""", ""A Seat Tube Length (cm)"": ""44.5"", ""B Top Tube Horizontal (cm)"": ""61.7"", ""C Top Tube Actual (CM)"": ""57.9"", ""D Head Tube Angle"": ""64.7°"", ""E1 Seat Tube Angle Actual"": ""71.6°"", ""E Seat Tube Angle Effective"": ""77.1°"", ""F Standover (cm)"": ""75.7"", ""G Head Tube Length (cm)"": ""13.0"", ""H Wheelbase (cm)"": ""123.7"", ""I Front Center (cm)"": ""79.9"", ""J Chain Stay Length (cm)"": ""44.0"", ""K Bottom Bracket Drop (cm)"": ""3.4"", ""L Bottom Bracket Height (cm)"": ""34.4"", ""M Fork Rake (cm)"": ""4.2"", ""N Trail (cm)"": ""13.0"", ""O Stack (cm)"": ""64.4"", ""P Reach (cm)"": ""47.5""}",5899,false,https://www.cannondale.com/es-es/bikes/mountain/trail-bikes/habit/habit-carbon-lt-1,https://www.cannondale.com/-/media/images/my22/bikes/mountain/trail-bikes/habit/geos/c23_habitcarbonlt_geotable_v3.ashx,vision,2026-10-05
Cannondale,Habit Carbon LT 1 [4e32bde9],Habit Carbon LT 1,2022,mtb,XL,XL,,,,,,653,510,"{""Wheel Size"": ""29\"""", ""A Seat Tube Length (cm)"": ""50.0"", ""B Top Tube Horizontal (cm)"": ""65.4"", ""C Top Tube Actual (CM)"": ""61.7"", ""D Head Tube Angle"": ""64.7°"", ""E1 Seat Tube Angle Actual"": ""72.6°"", ""E Seat Tube Angle Effective"": ""77.1°"", ""F Standover (cm)"": ""76.7"", ""G Head Tube Length (cm)"": ""14.0"", ""H Wheelbase (cm)"": ""128.1"", ""I Front Center (cm)"": ""83.8"", ""J Chain Stay Length (cm)"": ""44.5"", ""K Bottom Bracket Drop (cm)"": ""3.4"", ""L Bottom Bracket Height (cm)"": ""34.4"", ""M Fork Rake (cm)"": ""4.2"", ""N Trail (cm)"": ""13.0"", ""O Stack (cm)"": ""65.3"", ""P Reach (cm)"": ""51.0""}",5899,false,https://www.cannondale.com/es-es/bikes/mountain/trail-bikes/habit/habit-carbon-lt-1,https://www.cannondale.com/-/media/images/my22/bikes/mountain/trail-bikes/habit/geos/c23_habitcarbonlt_geotable_v3.ashx,vision,2026-10-05
Cannondale,Scalpel [4af8f262],Scalpel 3,2024,mtb,SM,,,,,,,597,425,"{""Wheel Size"": ""29"", ""A Seat Tube Length (cm)"": ""38.0"", ""B Top Tube Horizontal (cm)"": ""57.9"", ""C Top Tube Actual (cm)"": ""53.6"", ""D Head Tube Angle"": ""66.6°"", ""E1 Seat Tube Angle"": ""69.2°"", ""E Seat Tube Angle Effective"": ""75.5°"", ""F Standover (cm)"": ""73.6"", ""G Head Tube Length (cm)"": ""9.0"", ""H Wheelbase (cm)"": ""114.0"", ""I Front Center (cm)"": ""70.9"", ""J Chain Stay Length (cm)"": ""43.4"", ""K Bottom Bracket Drop (cm)"": ""4.2"", ""L Bottom Bracket Height (cm)"": ""33.4"", ""M Fork Rake (cm)"": ""4.4"", ""N Trail (cm)"": ""11.2"", ""O Stack (cm)"": ""59.7"", ""P Reach (cm)"": ""42.5""}",3999,false,https://www.cannondale.com/es-es/bikes/mountain/cross-country/scalpel/scalpel-3,https://www.cannondale.com/-/media/images/my24/bikes/mountain/cross-country/scalpel/pdp-fox-fork/c24_scalpel_geotable.ashx,vision,2026-10-05
Cannondale,Scalpel [4af8f262],Scalpel 3,2024,mtb,MD,,,,,,,597,450,"{""Wheel Size"": ""29"", ""A Seat Tube Length (cm)"": ""40.0"", ""B Top Tube Horizontal (cm)"": ""59.7"", ""C Top Tube Actual (cm)"": ""55.6"", ""D Head Tube Angle"": ""66.6°"", ""E1 Seat Tube Angle"": ""71.0°"", ""E Seat Tube Angle Effective"": ""75.5°"", ""F Standover (cm)"": ""74.4"", ""G Head Tube Length (cm)"": ""9.0"", ""H Wheelbase (cm)"": ""116.9"", ""I Front Center (cm)"": ""73.4"", ""J Chain Stay Length (cm)"": ""43.8"", ""K Bottom Bracket Drop (cm)"": ""4.2"", ""L Bottom Bracket Height (cm)"": ""33.4"", ""M Fork Rake (cm)"": ""4.4"", ""N Trail (cm)"": ""11.2"", ""O Stack (cm)"": ""59.7"", ""P Reach (cm)"": ""45.0""}",3999,false,https://www.cannondale.com/es-es/bikes/mountain/cross-country/scalpel/scalpel-3,https://www.cannondale.com/-/media/images/my24/bikes/mountain/cross-country/scalpel/pdp-fox-fork/c24_scalpel_geotable.ashx,vision,2026-10-05
Cannondale,Scalpel [4af8f262],Scalpel 3,2024,mtb,LG,,,,,,,607,475,"{""Wheel Size"": ""29"", ""A Seat Tube Length (cm)"": ""44.5"", ""B Top Tube Horizontal (cm)"": ""62.5"", ""C Top Tube Actual (cm)"": ""58.4"", ""D Head Tube Angle"": ""66.6°"", ""E1 Seat Tube Angle"": ""71.7°"", ""E Seat Tube Angle Effective"": ""75.5°"", ""F Standover (cm)"": ""75.2"", ""G Head Tube Length (cm)"": ""10.0"", ""H Wheelbase (cm)"": ""120.2"", ""I Front Center (cm)"": ""76.3"", ""J Chain Stay Length (cm)"": ""44.2"", ""K Bottom Bracket Drop (cm)"": ""4.2"", ""L Bottom Bracket Height (cm)"": ""33.4"", ""M Fork Rake (cm)"": ""4.4"", ""N Trail (cm)"": ""11.2"", ""O Stack (cm)"": ""60.7"", ""P Reach (cm)"": ""47.5""}",3999,false,https://www.cannondale.com/es-es/bikes/mountain/cross-country/scalpel/scalpel-3,https://www.cannondale.com/-/media/images/my24/bikes/mountain/cross-country/scalpel/pdp-fox-fork/c24_scalpel_geotable.ashx,vision,2026-10-05
Cannondale,Scalpel [4af8f262],Scalpel 3,2024,mtb,XL,XL,,,,,,616,510,"{""Wheel Size"": ""29"", ""A Seat Tube Length (cm)"": ""50.0"", ""B Top Tube Horizontal (cm)"": ""66.9"", ""C Top Tube Actual (cm)"": ""63.0"", ""D Head Tube Angle"": ""66.6°"", ""E1 Seat Tube Angle"": ""71.7°"", ""E Seat Tube Angle Effective"": ""75.5°"", ""F Standover (cm)"": ""76.3"", ""G Head Tube Length (cm)"": ""11.0"", ""H Wheelbase (cm)"": ""124.5"", ""I Front Center (cm)"": ""80.2"", ""J Chain Stay Length (cm)"": ""44.6"", ""K Bottom Bracket Drop (cm)"": ""4.2"", ""L Bottom Bracket Height (cm)"": ""33.4"", ""M Fork Rake (cm)"": ""4.4"", ""N Trail (cm)"": ""11.2"", ""O Stack (cm)"": ""61.6"", ""P Reach (cm)"": ""51.0""}",3999,false,https://www.cannondale.com/es-es/bikes/mountain/cross-country/scalpel/scalpel-3,https://www.cannondale.com/-/media/images/my24/bikes/mountain/cross-country/scalpel/pdp-fox-fork/c24_scalpel_geotable.ashx,vision,2026-10-05
Cannondale,Scalpel [4af8f262],Scalpel 4,2024,mtb,SM,,,,,,,597,425,"{""Wheel Size"": ""29"", ""A Seat Tube Length (cm)"": ""38.0"", ""B Top Tube Horizontal (cm)"": ""57.9"", ""C Top Tube Actual (cm)"": ""53.6"", ""D Head Tube Angle"": ""66.6°"", ""E1 Seat Tube Angle"": ""69.2°"", ""E Seat Tube Angle Effective"": ""75.5°"", ""F Standover (cm)"": ""73.6"", ""G Head Tube Length (cm)"": ""9.0"", ""H Wheelbase (cm)"": ""114.0"", ""I Front Center (cm)"": ""70.9"", ""J Chain Stay Length (cm)"": ""43.4"", ""K Bottom Bracket Drop (cm)"": ""4.2"", ""L Bottom Bracket Height (cm)"": ""33.4"", ""M Fork Rake (cm)"": ""4.4"", ""N Trail (cm)"": ""11.2"", ""O Stack (cm)"": ""59.7"", ""P Reach (cm)"": ""42.5""}",3699,false,https://www.cannondale.com/es-es/bikes/mountain/cross-country/scalpel/scalpel-4,https://www.cannondale.com/-/media/images/my24/bikes/mountain/cross-country/scalpel/pdp-fox-fork/c24_scalpel_geotable.ashx,vision,2026-10-05
Cannondale,Scalpel [4af8f262],Scalpel 4,2024,mtb,MD,,,,,,,597,450,"{""Wheel Size"": ""29"", ""A Seat Tube Length (cm)"": ""40.0"", ""B Top Tube Horizontal (cm)"": ""59.7"", ""C Top Tube Actual (cm)"": ""55.6"", ""D Head Tube Angle"": ""66.6°"", ""E1 Seat Tube Angle"": ""71.0°"", ""E Seat Tube Angle Effective"": ""75.5°"", ""F Standover (cm)"": ""74.4"", ""G Head Tube Length (cm)"": ""9.0"", ""H Wheelbase (cm)"": ""116.9"", ""I Front Center (cm)"": ""73.4"", ""J Chain Stay Length (cm)"": ""43.8"", ""K Bottom Bracket Drop (cm)"": ""4.2"", ""L Bottom Bracket Height (cm)"": ""33.4"", ""M Fork Rake (cm)"": ""4.4"", ""N Trail (cm)"": ""11.2"", ""O Stack (cm)"": ""59.7"", ""P Reach (cm)"": ""45.0""}",3699,false,https://www.cannondale.com/es-es/bikes/mountain/cross-country/scalpel/scalpel-4,https://www.cannondale.com/-/media/images/my24/bikes/mountain/cross-country/scalpel/pdp-fox-fork/c24_scalpel_geotable.ashx,vision,2026-10-05
Cannondale,Scalpel [4af8f262],Scalpel 4,2024,mtb,LG,,,,,,,607,475,"{""Wheel Size"": ""29"", ""A Seat Tube Length (cm)"": ""44.5"", ""B Top Tube Horizontal (cm)"": ""62.5"", ""C Top Tube Actual (cm)"": ""58.4"", ""D Head Tube Angle"": ""66.6°"", ""E1 Seat Tube Angle"": ""71.7°"", ""E Seat Tube Angle Effective"": ""75.5°"", ""F Standover (cm)"": ""75.2"", ""G Head Tube Length (cm)"": ""10.0"", ""H Wheelbase (cm)"": ""120.2"", ""I Front Center (cm)"": ""76.3"", ""J Chain Stay Length (cm)"": ""44.2"", ""K Bottom Bracket Drop (cm)"": ""4.2"", ""L Bottom Bracket Height (cm)"": ""33.4"", ""M Fork Rake (cm)"": ""4.4"", ""N Trail (cm)"": ""11.2"", ""O Stack (cm)"": ""60.7"", ""P Reach (cm)"": ""47.5""}",3699,false,https://www.cannondale.com/es-es/bikes/mountain/cross-country/scalpel/scalpel-4,https://www.cannondale.com/-/media/images/my24/bikes/mountain/cross-country/scalpel/pdp-fox-fork/c24_scalpel_geotable.ashx,vision,2026-10-05
Cannondale,Scalpel [4af8f262],Scalpel 4,2024,mtb,XL,XL,,,,,,616,510,"{""Wheel Size"": ""29"", ""A Seat Tube Length (cm)"": ""50.0"", ""B Top Tube Horizontal (cm)"": ""66.9"", ""C Top Tube Actual (cm)"": ""63.0"", ""D Head Tube Angle"": ""66.6°"", ""E1 Seat Tube Angle"": ""71.7°"", ""E Seat Tube Angle Effective"": ""75.5°"", ""F Standover (cm)"": ""76.3"", ""G Head Tube Length (cm)"": ""11.0"", ""H Wheelbase (cm)"": ""124.5"", ""I Front Center (cm)"": ""80.2"", ""J Chain Stay Length (cm)"": ""44.6"", ""K Bottom Bracket Drop (cm)"": ""4.2"", ""L Bottom Bracket Height (cm)"": ""33.4"", ""M Fork Rake (cm)"": ""4.4"", ""N Trail (cm)"": ""11.2"", ""O Stack (cm)"": ""61.6"", ""P Reach (cm)"": ""51.0""}",3699,false,https://www.cannondale.com/es-es/bikes/mountain/cross-country/scalpel/scalpel-4,https://www.cannondale.com/-/media/images/my24/bikes/mountain/cross-country/scalpel/pdp-fox-fork/c24_scalpel_geotable.ashx,vision,2026-10-05
Cannondale,Synapse Carbon 2 RLE [cf3f2efd],Synapse Carbon 2 RLE,2021,carretera,48.0,,48,,,,,530,371,"{""Wheel Size"": ""700c"", ""A Seat Tube Length (cm)"": ""40.7"", ""B Top Tube Horizontal (cm)"": ""53.3"", ""C Top Tube Actual (cm)"": ""51.0"", ""D Head Tube Angle"": ""71.3°"", ""E Seat Tube Angle"": ""73.0°"", ""F Standover (cm)"": ""71.2"", ""G Head Tube Length (cm)"": ""10.9"", ""H Wheelbase (cm)"": ""99.1"", ""I Front Center (cm)"": ""58.8"", ""J Chain Stay Length (cm)"": ""41.5"", ""K Bottom Bracket Drop (cm)"": ""7.5"", ""L Bottom Bracket Height (cm)"": ""27.0"", ""M Fork Rake (cm)"": ""5.5"", ""N Trail (cm)"": ""5.9"", ""O Stack (cm)"": ""53.0"", ""P Reach (cm)"": ""37.1""}",5899,false,https://www.cannondale.com/es-es/bikes/road/endurance/synapse-carbon/synapse-carbon-2-rle,https://www.cannondale.com/-/media/images/my21/bikes/road/endurance/synapse/pdp/c22_synapse_geotable.ashx,vision,2026-10-05
Cannondale,Synapse Carbon 2 RLE [cf3f2efd],Synapse Carbon 2 RLE,2021,carretera,51.0,,51,,,,,550,376,"{""Wheel Size"": ""700c"", ""A Seat Tube Length (cm)"": ""44.3"", ""B Top Tube Horizontal (cm)"": ""54.4"", ""C Top Tube Actual (cm)"": ""52.1"", ""D Head Tube Angle"": ""71.4°"", ""E Seat Tube Angle"": ""73.0°"", ""F Standover (cm)"": ""74.2"", ""G Head Tube Length (cm)"": ""13.0"", ""H Wheelbase (cm)"": ""100.2"", ""I Front Center (cm)"": ""59.8"", ""J Chain Stay Length (cm)"": ""41.5"", ""K Bottom Bracket Drop (cm)"": ""7.5"", ""L Bottom Bracket Height (cm)"": ""27.0"", ""M Fork Rake (cm)"": ""5.5"", ""N Trail (cm)"": ""5.8"", ""O Stack (cm)"": ""55.0"", ""P Reach (cm)"": ""37.6""}",5899,false,https://www.cannondale.com/es-es/bikes/road/endurance/synapse-carbon/synapse-carbon-2-rle,https://www.cannondale.com/-/media/images/my21/bikes/road/endurance/synapse/pdp/c22_synapse_geotable.ashx,vision,2026-10-05
Cannondale,Synapse Carbon 2 RLE [cf3f2efd],Synapse Carbon 2 RLE,2021,carretera,54.0,,54,,,,,570,381,"{""Wheel Size"": ""700c"", ""A Seat Tube Length (cm)"": ""48.0"", ""B Top Tube Horizontal (cm)"": ""55.5"", ""C Top Tube Actual (cm)"": ""53.3"", ""D Head Tube Angle"": ""73.1°"", ""E Seat Tube Angle"": ""73.0°"", ""F Standover (cm)"": ""77.3"", ""G Head Tube Length (cm)"": ""14.3"", ""H Wheelbase (cm)"": ""98.7"", ""I Front Center (cm)"": ""58.3"", ""J Chain Stay Length (cm)"": ""41.5"", ""K Bottom Bracket Drop (cm)"": ""7.3"", ""L Bottom Bracket Height (cm)"": ""27.2"", ""M Fork Rake (cm)"": ""4.5"", ""N Trail (cm)"": ""5.8"", ""O Stack (cm)"": ""57.0"", ""P Reach (cm)"": ""38.1""}",5899,false,https://www.cannondale.com/es-es/bikes/road/endurance/synapse-carbon/synapse-carbon-2-rle,https://www.cannondale.com/-/media/images/my21/bikes/road/endurance/synapse/pdp/c22_synapse_geotable.ashx,vision,2026-10-05
Cannondale,Synapse Carbon 2 RLE [cf3f2efd],Synapse Carbon 2 RLE,2021,carretera,56.0,,56,,,,,590,387,"{""Wheel Size"": ""700c"", ""A Seat Tube Length (cm)"": ""52.0"", ""B Top Tube Horizontal (cm)"": ""56.7"", ""C Top Tube Actual (cm)"": ""54.7"", ""D Head Tube Angle"": ""73.2°"", ""E Seat Tube Angle"": ""73.0°"", ""F Standover (cm)"": ""78.7"", ""G Head Tube Length (cm)"": ""16.4"", ""H Wheelbase (cm)"": ""99.8"", ""I Front Center (cm)"": ""59.4"", ""J Chain Stay Length (cm)"": ""41.5"", ""K Bottom Bracket Drop (cm)"": ""7.3"", ""L Bottom Bracket Height (cm)"": ""27.2"", ""M Fork Rake (cm)"": ""4.5"", ""N Trail (cm)"": ""5.7"", ""O Stack (cm)"": ""59.0"", ""P Reach (cm)"": ""38.7""}",5899,false,https://www.cannondale.com/es-es/bikes/road/endurance/synapse-carbon/synapse-carbon-2-rle,https://www.cannondale.com/-/media/images/my21/bikes/road/endurance/synapse/pdp/c22_synapse_geotable.ashx,vision,2026-10-05
Cannondale,Synapse Carbon 2 RLE [cf3f2efd],Synapse Carbon 2 RLE,2021,carretera,58.0,,58,,,,,610,393,"{""Wheel Size"": ""700c"", ""A Seat Tube Length (cm)"": ""55.0"", ""B Top Tube Horizontal (cm)"": ""57.9"", ""C Top Tube Actual (cm)"": ""56.0"", ""D Head Tube Angle"": ""73.3°"", ""E Seat Tube Angle"": ""73.0°"", ""F Standover (cm)"": ""83.3"", ""G Head Tube Length (cm)"": ""18.7"", ""H Wheelbase (cm)"": ""101.1"", ""I Front Center (cm)"": ""60.6"", ""J Chain Stay Length (cm)"": ""41.5"", ""K Bottom Bracket Drop (cm)"": ""7.0"", ""L Bottom Bracket Height (cm)"": ""27.5"", ""M Fork Rake (cm)"": ""4.5"", ""N Trail (cm)"": ""5.6"", ""O Stack (cm)"": ""61.0"", ""P Reach (cm)"": ""39.3""}",5899,false,https://www.cannondale.com/es-es/bikes/road/endurance/synapse-carbon/synapse-carbon-2-rle,https://www.cannondale.com/-/media/images/my21/bikes/road/endurance/synapse/pdp/c22_synapse_geotable.ashx,vision,2026-10-05
Cannondale,Synapse Carbon 2 RLE [cf3f2efd],Synapse Carbon 2 RLE,2021,carretera,61.0,,61,,,,,640,402,"{""Wheel Size"": ""700c"", ""A Seat Tube Length (cm)"": ""59.0"", ""B Top Tube Horizontal (cm)"": ""59.8"", ""C Top Tube Actual (cm)"": ""57.9"", ""D Head Tube Angle"": ""73.4°"", ""E Seat Tube Angle"": ""73.0°"", ""F Standover (cm)"": ""86.8"", ""G Head Tube Length (cm)"": ""21.8"", ""H Wheelbase (cm)"": ""102.8"", ""I Front Center (cm)"": ""62.3"", ""J Chain Stay Length (cm)"": ""41.5"", ""K Bottom Bracket Drop (cm)"": ""7.0"", ""L Bottom Bracket Height (cm)"": ""27.5"", ""M Fork Rake (cm)"": ""4.5"", ""N Trail (cm)"": ""5.6"", ""O Stack (cm)"": ""64.0"", ""P Reach (cm)"": ""40.2""}",5899,false,https://www.cannondale.com/es-es/bikes/road/endurance/synapse-carbon/synapse-carbon-2-rle,https://www.cannondale.com/-/media/images/my21/bikes/road/endurance/synapse/pdp/c22_synapse_geotable.ashx,vision,2026-10-05
Cannondale,Topstone Carbon [38c62a9b],Topstone Carbon 2 Lefty,2023,gravel,XS,XS,,,,,,539,361,"{""Wheel Size"": ""700c"", ""A Seat Tube Length (cm)"": ""41.0"", ""B Top Tube Horizontal (cm)"": ""53.2"", ""C Top Tube Actual (cm)"": ""50.3"", ""D Head Tube Angle"": ""69.3°"", ""E Seat Tube Angle Effective"": ""72.4°"", ""E Seat Tube Angle Actual"": ""70.7°"", ""F Standover (cm)"": ""71.0"", ""G Head Tube Length (cm)"": ""10.5"", ""H Wheelbase (cm)"": ""101.2"", ""I Front Center (cm)"": ""60.1"", ""J Chain Stay Length (cm)"": ""42.0"", ""K Bottom Bracket Drop (cm)"": ""6.9"", ""L Bottom Bracket Height (cm)"": ""28.3"", ""M Fork Rake (cm)"": ""5.5"", ""N Trail (cm)"": ""7.4"", ""O Stack (cm)"": ""53.9"", ""P Reach (cm)"": ""36.1""}",4899,false,https://www.cannondale.com/es-es/bikes/road/gravel/topstone-carbon/topstone-carbon-2-lefty,https://www.cannondale.com/-/media/images/my22/bikes/road/gravel/topstone-carbon/pdp-lefty/c22_topstone_carbon_lefty_geotables_v2.ashx,vision,2026-10-05
Cannondale,Topstone Carbon [38c62a9b],Topstone Carbon 2 Lefty,2023,gravel,SM,,,,,,,555,367,"{""Wheel Size"": ""700c"", ""A Seat Tube Length (cm)"": ""45.8"", ""B Top Tube Horizontal (cm)"": ""54.3"", ""C Top Tube Actual (cm)"": ""51.6"", ""D Head Tube Angle"": ""70.3°"", ""E Seat Tube Angle Effective"": ""72.4°"", ""E Seat Tube Angle Actual"": ""70.9°"", ""F Standover (cm)"": ""75.1"", ""G Head Tube Length (cm)"": ""12.3"", ""H Wheelbase (cm)"": ""101.6"", ""I Front Center (cm)"": ""60.5"", ""J Chain Stay Length (cm)"": ""42.0"", ""K Bottom Bracket Drop (cm)"": ""6.4"", ""L Bottom Bracket Height (cm)"": ""28.8"", ""M Fork Rake (cm)"": ""5.5"", ""N Trail (cm)"": ""6.7"", ""O Stack (cm)"": ""55.5"", ""P Reach (cm)"": ""36.7""}",4899,false,https://www.cannondale.com/es-es/bikes/road/gravel/topstone-carbon/topstone-carbon-2-lefty,https://www.cannondale.com/-/media/images/my22/bikes/road/gravel/topstone-carbon/pdp-lefty/c22_topstone_carbon_lefty_geotables_v2.ashx,vision,2026-10-05
Cannondale,Topstone Carbon [38c62a9b],Topstone Carbon 2 Lefty,2023,gravel,MD,,,,,,,579,373,"{""Wheel Size"": ""700c"", ""A Seat Tube Length (cm)"": ""50.5"", ""B Top Tube Horizontal (cm)"": ""55.6"", ""C Top Tube Actual (cm)"": ""53.2"", ""D Head Tube Angle"": ""70.5°"", ""E Seat Tube Angle Effective"": ""72.4°"", ""E Seat Tube Angle Actual"": ""71.1°"", ""F Standover (cm)"": ""79.1"", ""G Head Tube Length (cm)"": ""15.0"", ""H Wheelbase (cm)"": ""103.0"", ""I Front Center (cm)"": ""61.7"", ""J Chain Stay Length (cm)"": ""42.0"", ""K Bottom Bracket Drop (cm)"": ""6.1"", ""L Bottom Bracket Height (cm)"": ""29.0"", ""M Fork Rake (cm)"": ""5.5"", ""N Trail (cm)"": ""6.6"", ""O Stack (cm)"": ""57.9"", ""P Reach (cm)"": ""37.3""}",4899,false,https://www.cannondale.com/es-es/bikes/road/gravel/topstone-carbon/topstone-carbon-2-lefty,https://www.cannondale.com/-/media/images/my22/bikes/road/gravel/topstone-carbon/pdp-lefty/c22_topstone_carbon_lefty_geotables_v2.ashx,vision,2026-10-05
Cannondale,Topstone Carbon [38c62a9b],Topstone Carbon 2 Lefty,2023,gravel,LG,,,,,,,605,379,"{""Wheel Size"": ""700c"", ""A Seat Tube Length (cm)"": ""55.3"", ""B Top Tube Horizontal (cm)"": ""57.1"", ""C Top Tube Actual (cm)"": ""55.0"", ""D Head Tube Angle"": ""70.5°"", ""E Seat Tube Angle Effective"": ""72.4°"", ""E Seat Tube Angle Actual"": ""71.2°"", ""F Standover (cm)"": ""82.9"", ""G Head Tube Length (cm)"": ""17.7"", ""H Wheelbase (cm)"": ""104.6"", ""I Front Center (cm)"": ""63.3"", ""J Chain Stay Length (cm)"": ""42.0"", ""K Bottom Bracket Drop (cm)"": ""6.1"", ""L Bottom Bracket Height (cm)"": ""29.0"", ""M Fork Rake (cm)"": ""5.5"", ""N Trail (cm)"": ""6.6"", ""O Stack (cm)"": ""60.5"", ""P Reach (cm)"": ""37.9""}",4899,false,https://www.cannondale.com/es-es/bikes/road/gravel/topstone-carbon/topstone-carbon-2-lefty,https://www.cannondale.com/-/media/images/my22/bikes/road/gravel/topstone-carbon/pdp-lefty/c22_topstone_carbon_lefty_geotables_v2.ashx,vision,2026-10-05
Cannondale,Topstone Carbon [38c62a9b],Topstone Carbon 2 Lefty,2023,gravel,XL,XL,,,,,,629,386,"{""Wheel Size"": ""700c"", ""A Seat Tube Length (cm)"": ""59.0"", ""B Top Tube Horizontal (cm)"": ""58.6"", ""C Top Tube Actual (cm)"": ""56.7"", ""D Head Tube Angle"": ""70.5°"", ""E Seat Tube Angle Effective"": ""72.4°"", ""E Seat Tube Angle Actual"": ""71.4°"", ""F Standover (cm)"": ""86.4"", ""G Head Tube Length (cm)"": ""20.5"", ""H Wheelbase (cm)"": ""106.2"", ""I Front Center (cm)"": ""64.9"", ""J Chain Stay Length (cm)"": ""42.0"", ""K Bottom Bracket Drop (cm)"": ""5.9"", ""L Bottom Bracket Height (cm)"": ""29.3"", ""M Fork Rake (cm)"": ""5.5"", ""N Trail (cm)"": ""6.6"", ""O Stack (cm)"": ""62.9"", ""P Reach (cm)"": ""38.6""}",4899,false,https://www.cannondale.com/es-es/bikes/road/gravel/topstone-carbon/topstone-carbon-2-lefty,https://www.cannondale.com/-/media/images/my22/bikes/road/gravel/topstone-carbon/pdp-lefty/c22_topstone_carbon_lefty_geotables_v2.ashx,vision,2026-10-05
Cannondale,Topstone Carbon [38c62a9b],Topstone Carbon 1 Lefty,2022,gravel,XS,XS,,,,,,539,361,"{""Wheel Size"": ""700c"", ""A Seat Tube Length (cm)"": ""41.0"", ""B Top Tube Horizontal (cm)"": ""53.2"", ""C Top Tube Actual (cm)"": ""50.3"", ""D Head Tube Angle"": ""69.3°"", ""E Seat Tube Angle Effective"": ""72.4°"", ""E Seat Tube Angle Actual"": ""70.7°"", ""F Standover (cm)"": ""71.0"", ""G Head Tube Length (cm)"": ""10.5"", ""H Wheelbase (cm)"": ""101.2"", ""I Front Center (cm)"": ""60.1"", ""J Chain Stay Length (cm)"": ""42.0"", ""K Bottom Bracket Drop (cm)"": ""6.9"", ""L Bottom Bracket Height (cm)"": ""28.3"", ""M Fork Rake (cm)"": ""5.5"", ""N Trail (cm)"": ""7.4"", ""O Stack (cm)"": ""53.9"", ""P Reach (cm)"": ""36.1""}",7799,false,https://www.cannondale.com/es-es/bikes/road/gravel/topstone-carbon/topstone-carbon-1-lefty,https://www.cannondale.com/-/media/images/my22/bikes/road/gravel/topstone-carbon/pdp-lefty/c22_topstone_carbon_lefty_geotables_v2.ashx,vision,2026-10-05
Cannondale,Topstone Carbon [38c62a9b],Topstone Carbon 1 Lefty,2022,gravel,SM,,,,,,,555,367,"{""Wheel Size"": ""700c"", ""A Seat Tube Length (cm)"": ""45.8"", ""B Top Tube Horizontal (cm)"": ""54.3"", ""C Top Tube Actual (cm)"": ""51.6"", ""D Head Tube Angle"": ""70.3°"", ""E Seat Tube Angle Effective"": ""72.4°"", ""E Seat Tube Angle Actual"": ""70.9°"", ""F Standover (cm)"": ""75.1"", ""G Head Tube Length (cm)"": ""12.3"", ""H Wheelbase (cm)"": ""101.6"", ""I Front Center (cm)"": ""60.5"", ""J Chain Stay Length (cm)"": ""42.0"", ""K Bottom Bracket Drop (cm)"": ""6.4"", ""L Bottom Bracket Height (cm)"": ""28.8"", ""M Fork Rake (cm)"": ""5.5"", ""N Trail (cm)"": ""6.7"", ""O Stack (cm)"": ""55.5"", ""P Reach (cm)"": ""36.7""}",7799,false,https://www.cannondale.com/es-es/bikes/road/gravel/topstone-carbon/topstone-carbon-1-lefty,https://www.cannondale.com/-/media/images/my22/bikes/road/gravel/topstone-carbon/pdp-lefty/c22_topstone_carbon_lefty_geotables_v2.ashx,vision,2026-10-05
Cannondale,Topstone Carbon [38c62a9b],Topstone Carbon 1 Lefty,2022,gravel,MD,,,,,,,579,373,"{""Wheel Size"": ""700c"", ""A Seat Tube Length (cm)"": ""50.5"", ""B Top Tube Horizontal (cm)"": ""55.6"", ""C Top Tube Actual (cm)"": ""53.2"", ""D Head Tube Angle"": ""70.5°"", ""E Seat Tube Angle Effective"": ""72.4°"", ""E Seat Tube Angle Actual"": ""71.1°"", ""F Standover (cm)"": ""79.1"", ""G Head Tube Length (cm)"": ""15.0"", ""H Wheelbase (cm)"": ""103.0"", ""I Front Center (cm)"": ""61.7"", ""J Chain Stay Length (cm)"": ""42.0"", ""K Bottom Bracket Drop (cm)"": ""6.1"", ""L Bottom Bracket Height (cm)"": ""29.0"", ""M Fork Rake (cm)"": ""5.5"", ""N Trail (cm)"": ""6.6"", ""O Stack (cm)"": ""57.9"", ""P Reach (cm)"": ""37.3""}",7799,false,https://www.cannondale.com/es-es/bikes/road/gravel/topstone-carbon/topstone-carbon-1-lefty,https://www.cannondale.com/-/media/images/my22/bikes/road/gravel/topstone-carbon/pdp-lefty/c22_topstone_carbon_lefty_geotables_v2.ashx,vision,2026-10-05
Cannondale,Topstone Carbon [38c62a9b],Topstone Carbon 1 Lefty,2022,gravel,LG,,,,,,,605,379,"{""Wheel Size"": ""700c"", ""A Seat Tube Length (cm)"": ""55.3"", ""B Top Tube Horizontal (cm)"": ""57.1"", ""C Top Tube Actual (cm)"": ""55.0"", ""D Head Tube Angle"": ""70.5°"", ""E Seat Tube Angle Effective"": ""72.4°"", ""E Seat Tube Angle Actual"": ""71.2°"", ""F Standover (cm)"": ""82.9"", ""G Head Tube Length (cm)"": ""17.7"", ""H Wheelbase (cm)"": ""104.6"", ""I Front Center (cm)"": ""63.3"", ""J Chain Stay Length (cm)"": ""42.0"", ""K Bottom Bracket Drop (cm)"": ""6.1"", ""L Bottom Bracket Height (cm)"": ""29.0"", ""M Fork Rake (cm)"": ""5.5"", ""N Trail (cm)"": ""6.6"", ""O Stack (cm)"": ""60.5"", ""P Reach (cm)"": ""37.9""}",7799,false,https://www.cannondale.com/es-es/bikes/road/gravel/topstone-carbon/topstone-carbon-1-lefty,https://www.cannondale.com/-/media/images/my22/bikes/road/gravel/topstone-carbon/pdp-lefty/c22_topstone_carbon_lefty_geotables_v2.ashx,vision,2026-10-05
Cannondale,Topstone Carbon [38c62a9b],Topstone Carbon 1 Lefty,2022,gravel,XL,XL,,,,,,629,386,"{""Wheel Size"": ""700c"", ""A Seat Tube Length (cm)"": ""59.0"", ""B Top Tube Horizontal (cm)"": ""58.6"", ""C Top Tube Actual (cm)"": ""56.7"", ""D Head Tube Angle"": ""70.5°"", ""E Seat Tube Angle Effective"": ""72.4°"", ""E Seat Tube Angle Actual"": ""71.4°"", ""F Standover (cm)"": ""86.4"", ""G Head Tube Length (cm)"": ""20.5"", ""H Wheelbase (cm)"": ""106.2"", ""I Front Center (cm)"": ""64.9"", ""J Chain Stay Length (cm)"": ""42.0"", ""K Bottom Bracket Drop (cm)"": ""5.9"", ""L Bottom Bracket Height (cm)"": ""29.3"", ""M Fork Rake (cm)"": ""5.5"", ""N Trail (cm)"": ""6.6"", ""O Stack (cm)"": ""62.9"", ""P Reach (cm)"": ""38.6""}",7799,false,https://www.cannondale.com/es-es/bikes/road/gravel/topstone-carbon/topstone-carbon-1-lefty,https://www.cannondale.com/-/media/images/my22/bikes/road/gravel/topstone-carbon/pdp-lefty/c22_topstone_carbon_lefty_geotables_v2.ashx,vision,2026-10-05
Cannondale,Moterra SL [6b0fafcc],Moterra SL LAB71,2025,emtb,SM,,,,,,,630,420,"{""Wheel Size"": ""29F 27.5R"", ""A Seat Tube Length (cm)"": ""38.0"", ""B Top Tube Horizontal (cm)"": ""56.5"", ""C Top Tube Actual (cm)"": ""53.7"", ""D Head Tube Angle"": ""62.5°"", ""E Seat Tube Angle Effective"": ""77.0°"", ""E1 Seat Tube Angle Actual"": ""70.7°"", ""F Standover (cm)"": ""73.8"", ""G Head Tube Length (cm)"": ""11.5"", ""H Wheelbase (cm)"": ""121.9"", ""I Front Center (cm)"": ""77.1"", ""J Chain Stay Length (cm)"": ""44.9"", ""K Bottom Bracket Drop (cm)"": ""3.0"", ""L Bottom Bracket Height (cm)"": ""33.5"", ""M Fork Rake (cm)"": ""4.4"", ""N Trail (cm)"": ""14.5"", ""O Stack (cm)"": ""63.0"", ""P Reach (cm)"": ""42.0""}",13999,false,https://www.cannondale.com/es-es/bikes/electric/e-mountain/moterra-sl/moterra-sl-lab71-c65165u,https://www.cannondale.com/-/media/images/my24/bikes/electric/e-mountain/moterra-sl/pdp/c24_moterrasl_geotable_final.ashx,vision,2026-10-05
Cannondale,Moterra SL [6b0fafcc],Moterra SL LAB71,2025,emtb,MD,,,,,,,639,445,"{""Wheel Size"": ""29F 27.5R"", ""A Seat Tube Length (cm)"": ""40.0"", ""B Top Tube Horizontal (cm)"": ""59.2"", ""C Top Tube Actual (cm)"": ""55.9"", ""D Head Tube Angle"": ""62.5°"", ""E Seat Tube Angle Effective"": ""77.0°"", ""E1 Seat Tube Angle Actual"": ""71.3°"", ""F Standover (cm)"": ""73.7"", ""G Head Tube Length (cm)"": ""12.5"", ""H Wheelbase (cm)"": ""124.8"", ""I Front Center (cm)"": ""80.1"", ""J Chain Stay Length (cm)"": ""44.9"", ""K Bottom Bracket Drop (cm)"": ""3.0"", ""L Bottom Bracket Height (cm)"": ""33.5"", ""M Fork Rake (cm)"": ""4.4"", ""N Trail (cm)"": ""14.5"", ""O Stack (cm)"": ""63.9"", ""P Reach (cm)"": ""44.5""}",13999,false,https://www.cannondale.com/es-es/bikes/electric/e-mountain/moterra-sl/moterra-sl-lab71-c65165u,https://www.cannondale.com/-/media/images/my24/bikes/electric/e-mountain/moterra-sl/pdp/c24_moterrasl_geotable_final.ashx,vision,2026-10-05
Cannondale,Moterra SL [6b0fafcc],Moterra SL LAB71,2025,emtb,LG,,,,,,,648,470,"{""Wheel Size"": ""29F 27.5R"", ""A Seat Tube Length (cm)"": ""44.5"", ""B Top Tube Horizontal (cm)"": ""61.9"", ""C Top Tube Actual (cm)"": ""58.4"", ""D Head Tube Angle"": ""62.5°"", ""E Seat Tube Angle Effective"": ""77.0°"", ""E1 Seat Tube Angle Actual"": ""72.3°"", ""F Standover (cm)"": ""73.7"", ""G Head Tube Length (cm)"": ""13.5"", ""H Wheelbase (cm)"": ""128.3"", ""I Front Center (cm)"": ""83.0"", ""J Chain Stay Length (cm)"": ""45.3"", ""K Bottom Bracket Drop (cm)"": ""3.0"", ""L Bottom Bracket Height (cm)"": ""33.5"", ""M Fork Rake (cm)"": ""4.4"", ""N Trail (cm)"": ""14.5"", ""O Stack (cm)"": ""64.8"", ""P Reach (cm)"": ""47.0""}",13999,false,https://www.cannondale.com/es-es/bikes/electric/e-mountain/moterra-sl/moterra-sl-lab71-c65165u,https://www.cannondale.com/-/media/images/my24/bikes/electric/e-mountain/moterra-sl/pdp/c24_moterrasl_geotable_final.ashx,vision,2026-10-05
Cannondale,Moterra SL [6b0fafcc],Moterra SL LAB71,2025,emtb,XL,XL,,,,,,657,505,"{""Wheel Size"": ""29F 27.5R"", ""A Seat Tube Length (cm)"": ""49.0"", ""B Top Tube Horizontal (cm)"": ""65.6"", ""C Top Tube Actual (cm)"": ""62.1"", ""D Head Tube Angle"": ""62.5°"", ""E Seat Tube Angle Effective"": ""77.0°"", ""E1 Seat Tube Angle Actual"": ""73.1°"", ""F Standover (cm)"": ""74.2"", ""G Head Tube Length (cm)"": ""14.5"", ""H Wheelbase (cm)"": ""132.7"", ""I Front Center (cm)"": ""87.0"", ""J Chain Stay Length (cm)"": ""45.8"", ""K Bottom Bracket Drop (cm)"": ""3.0"", ""L Bottom Bracket Height (cm)"": ""33.5"", ""M Fork Rake (cm)"": ""4.4"", ""N Trail (cm)"": ""14.4"", ""O Stack (cm)"": ""65.7"", ""P Reach (cm)"": ""50.5""}",13999,false,https://www.cannondale.com/es-es/bikes/electric/e-mountain/moterra-sl/moterra-sl-lab71-c65165u,https://www.cannondale.com/-/media/images/my24/bikes/electric/e-mountain/moterra-sl/pdp/c24_moterrasl_geotable_final.ashx,vision,2026-10-05
Cannondale,Moterra SL [6b0fafcc],Moterra SL 1,2025,emtb,SM,,,,,,,630,420,"{""Wheel Size"": ""29F 27.5R"", ""A Seat Tube Length (cm)"": ""38.0"", ""B Top Tube Horizontal (cm)"": ""56.5"", ""C Top Tube Actual (cm)"": ""53.7"", ""D Head Tube Angle"": ""62.5°"", ""E Seat Tube Angle Effective"": ""77.0°"", ""E1 Seat Tube Angle Actual"": ""70.7°"", ""F Standover (cm)"": ""73.8"", ""G Head Tube Length (cm)"": ""11.5"", ""H Wheelbase (cm)"": ""121.9"", ""I Front Center (cm)"": ""77.1"", ""J Chain Stay Length (cm)"": ""44.9"", ""K Bottom Bracket Drop (cm)"": ""3.0"", ""L Bottom Bracket Height (cm)"": ""33.5"", ""M Fork Rake (cm)"": ""4.4"", ""N Trail (cm)"": ""14.5"", ""O Stack (cm)"": ""63.0"", ""P Reach (cm)"": ""42.0""}",8499,false,https://www.cannondale.com/es-es/bikes/electric/e-mountain/moterra-sl/moterra-sl-1-c65195u,https://www.cannondale.com/-/media/images/my24/bikes/electric/e-mountain/moterra-sl/pdp/c24_moterrasl_geotable_final.ashx,vision,2026-10-05
Cannondale,Moterra SL [6b0fafcc],Moterra SL 1,2025,emtb,MD,,,,,,,639,445,"{""Wheel Size"": ""29F 27.5R"", ""A Seat Tube Length (cm)"": ""40.0"", ""B Top Tube Horizontal (cm)"": ""59.2"", ""C Top Tube Actual (cm)"": ""55.9"", ""D Head Tube Angle"": ""62.5°"", ""E Seat Tube Angle Effective"": ""77.0°"", ""E1 Seat Tube Angle Actual"": ""71.3°"", ""F Standover (cm)"": ""73.7"", ""G Head Tube Length (cm)"": ""12.5"", ""H Wheelbase (cm)"": ""124.8"", ""I Front Center (cm)"": ""80.1"", ""J Chain Stay Length (cm)"": ""44.9"", ""K Bottom Bracket Drop (cm)"": ""3.0"", ""L Bottom Bracket Height (cm)"": ""33.5"", ""M Fork Rake (cm)"": ""4.4"", ""N Trail (cm)"": ""14.5"", ""O Stack (cm)"": ""63.9"", ""P Reach (cm)"": ""44.5""}",8499,false,https://www.cannondale.com/es-es/bikes/electric/e-mountain/moterra-sl/moterra-sl-1-c65195u,https://www.cannondale.com/-/media/images/my24/bikes/electric/e-mountain/moterra-sl/pdp/c24_moterrasl_geotable_final.ashx,vision,2026-10-05
Cannondale,Moterra SL [6b0fafcc],Moterra SL 1,2025,emtb,LG,,,,,,,648,470,"{""Wheel Size"": ""29F 27.5R"", ""A Seat Tube Length (cm)"": ""44.5"", ""B Top Tube Horizontal (cm)"": ""61.9"", ""C Top Tube Actual (cm)"": ""58.4"", ""D Head Tube Angle"": ""62.5°"", ""E Seat Tube Angle Effective"": ""77.0°"", ""E1 Seat Tube Angle Actual"": ""72.3°"", ""F Standover (cm)"": ""73.7"", ""G Head Tube Length (cm)"": ""13.5"", ""H Wheelbase (cm)"": ""128.3"", ""I Front Center (cm)"": ""83.0"", ""J Chain Stay Length (cm)"": ""45.3"", ""K Bottom Bracket Drop (cm)"": ""3.0"", ""L Bottom Bracket Height (cm)"": ""33.5"", ""M Fork Rake (cm)"": ""4.4"", ""N Trail (cm)"": ""14.5"", ""O Stack (cm)"": ""64.8"", ""P Reach (cm)"": ""47.0""}",8499,false,https://www.cannondale.com/es-es/bikes/electric/e-mountain/moterra-sl/moterra-sl-1-c65195u,https://www.cannondale.com/-/media/images/my24/bikes/electric/e-mountain/moterra-sl/pdp/c24_moterrasl_geotable_final.ashx,vision,2026-10-05
Cannondale,Moterra SL [6b0fafcc],Moterra SL 1,2025,emtb,XL,XL,,,,,,657,505,"{""Wheel Size"": ""29F 27.5R"", ""A Seat Tube Length (cm)"": ""49.0"", ""B Top Tube Horizontal (cm)"": ""65.6"", ""C Top Tube Actual (cm)"": ""62.1"", ""D Head Tube Angle"": ""62.5°"", ""E Seat Tube Angle Effective"": ""77.0°"", ""E1 Seat Tube Angle Actual"": ""73.1°"", ""F Standover (cm)"": ""74.2"", ""G Head Tube Length (cm)"": ""14.5"", ""H Wheelbase (cm)"": ""132.7"", ""I Front Center (cm)"": ""87.0"", ""J Chain Stay Length (cm)"": ""45.8"", ""K Bottom Bracket Drop (cm)"": ""3.0"", ""L Bottom Bracket Height (cm)"": ""33.5"", ""M Fork Rake (cm)"": ""4.4"", ""N Trail (cm)"": ""14.4"", ""O Stack (cm)"": ""65.7"", ""P Reach (cm)"": ""50.5""}",8499,false,https://www.cannondale.com/es-es/bikes/electric/e-mountain/moterra-sl/moterra-sl-1-c65195u,https://www.cannondale.com/-/media/images/my24/bikes/electric/e-mountain/moterra-sl/pdp/c24_moterrasl_geotable_final.ashx,vision,2026-10-05
Cannondale,Moterra SL [6b0fafcc],Moterra SL 2,2025,emtb,SM,,,,,,,630,420,"{""Wheel Size"": ""29F 27.5R"", ""A Seat Tube Length (cm)"": ""38.0"", ""B Top Tube Horizontal (cm)"": ""56.5"", ""C Top Tube Actual (cm)"": ""53.7"", ""D Head Tube Angle"": ""62.5°"", ""E Seat Tube Angle Effective"": ""77.0°"", ""E1 Seat Tube Angle Actual"": ""70.7°"", ""F Standover (cm)"": ""73.8"", ""G Head Tube Length (cm)"": ""11.5"", ""H Wheelbase (cm)"": ""121.9"", ""I Front Center (cm)"": ""77.1"", ""J Chain Stay Length (cm)"": ""44.9"", ""K Bottom Bracket Drop (cm)"": ""3.0"", ""L Bottom Bracket Height (cm)"": ""33.5"", ""M Fork Rake (cm)"": ""4.4"", ""N Trail (cm)"": ""14.5"", ""O Stack (cm)"": ""63.0"", ""P Reach (cm)"": ""42.0""}",6499,false,https://www.cannondale.com/es-es/bikes/electric/e-mountain/moterra-sl/moterra-sl-2-c65135u,https://www.cannondale.com/-/media/images/my24/bikes/electric/e-mountain/moterra-sl/pdp/c24_moterrasl_geotable_final.ashx,vision,2026-10-05
Cannondale,Moterra SL [6b0fafcc],Moterra SL 2,2025,emtb,MD,,,,,,,639,445,"{""Wheel Size"": ""29F 27.5R"", ""A Seat Tube Length (cm)"": ""40.0"", ""B Top Tube Horizontal (cm)"": ""59.2"", ""C Top Tube Actual (cm)"": ""55.9"", ""D Head Tube Angle"": ""62.5°"", ""E Seat Tube Angle Effective"": ""77.0°"", ""E1 Seat Tube Angle Actual"": ""71.3°"", ""F Standover (cm)"": ""73.7"", ""G Head Tube Length (cm)"": ""12.5"", ""H Wheelbase (cm)"": ""124.8"", ""I Front Center (cm)"": ""80.1"", ""J Chain Stay Length (cm)"": ""44.9"", ""K Bottom Bracket Drop (cm)"": ""3.0"", ""L Bottom Bracket Height (cm)"": ""33.5"", ""M Fork Rake (cm)"": ""4.4"", ""N Trail (cm)"": ""14.5"", ""O Stack (cm)"": ""63.9"", ""P Reach (cm)"": ""44.5""}",6499,false,https://www.cannondale.com/es-es/bikes/electric/e-mountain/moterra-sl/moterra-sl-2-c65135u,https://www.cannondale.com/-/media/images/my24/bikes/electric/e-mountain/moterra-sl/pdp/c24_moterrasl_geotable_final.ashx,vision,2026-10-05
Cannondale,Moterra SL [6b0fafcc],Moterra SL 2,2025,emtb,LG,,,,,,,648,470,"{""Wheel Size"": ""29F 27.5R"", ""A Seat Tube Length (cm)"": ""44.5"", ""B Top Tube Horizontal (cm)"": ""61.9"", ""C Top Tube Actual (cm)"": ""58.4"", ""D Head Tube Angle"": ""62.5°"", ""E Seat Tube Angle Effective"": ""77.0°"", ""E1 Seat Tube Angle Actual"": ""72.3°"", ""F Standover (cm)"": ""73.7"", ""G Head Tube Length (cm)"": ""13.5"", ""H Wheelbase (cm)"": ""128.3"", ""I Front Center (cm)"": ""83.0"", ""J Chain Stay Length (cm)"": ""45.3"", ""K Bottom Bracket Drop (cm)"": ""3.0"", ""L Bottom Bracket Height (cm)"": ""33.5"", ""M Fork Rake (cm)"": ""4.4"", ""N Trail (cm)"": ""14.5"", ""O Stack (cm)"": ""64.8"", ""P Reach (cm)"": ""47.0""}",6499,false,https://www.cannondale.com/es-es/bikes/electric/e-mountain/moterra-sl/moterra-sl-2-c65135u,https://www.cannondale.com/-/media/images/my24/bikes/electric/e-mountain/moterra-sl/pdp/c24_moterrasl_geotable_final.ashx,vision,2026-10-05
Cannondale,Moterra SL [6b0fafcc],Moterra SL 2,2025,emtb,XL,XL,,,,,,657,505,"{""Wheel Size"": ""29F 27.5R"", ""A Seat Tube Length (cm)"": ""49.0"", ""B Top Tube Horizontal (cm)"": ""65.6"", ""C Top Tube Actual (cm)"": ""62.1"", ""D Head Tube Angle"": ""62.5°"", ""E Seat Tube Angle Effective"": ""77.0°"", ""E1 Seat Tube Angle Actual"": ""73.1°"", ""F Standover (cm)"": ""74.2"", ""G Head Tube Length (cm)"": ""14.5"", ""H Wheelbase (cm)"": ""132.7"", ""I Front Center (cm)"": ""87.0"", ""J Chain Stay Length (cm)"": ""45.8"", ""K Bottom Bracket Drop (cm)"": ""3.0"", ""L Bottom Bracket Height (cm)"": ""33.5"", ""M Fork Rake (cm)"": ""4.4"", ""N Trail (cm)"": ""14.4"", ""O Stack (cm)"": ""65.7"", ""P Reach (cm)"": ""50.5""}",6499,false,https://www.cannondale.com/es-es/bikes/electric/e-mountain/moterra-sl/moterra-sl-2-c65135u,https://www.cannondale.com/-/media/images/my24/bikes/electric/e-mountain/moterra-sl/pdp/c24_moterrasl_geotable_final.ashx,vision,2026-10-05
Cannondale,Habit Neo [5296671b],Habit Neo 1,2025,emtb,SM,,,,,,,629,430,"{""Wheel Size"": ""29\"""", ""A Seat Tube Length (cm)"": ""38"", ""B Top Tube Horizontal (mm)"": ""564"", ""C Top Tube Actual (mm)"": ""543"", ""D Head Tube Angle"": ""64°"", ""E Seat Tube Angle Effective"": ""78°"", ""E1 Seat Tube Angle Actual"": ""72.4°"", ""F Standover (mm)"": ""753"", ""G Head Tube Length (cm)"": ""115"", ""H Wheelbase (mm)"": ""1212"", ""I Front Center (mm)"": ""768"", ""J Chain Stay Length (mm)"": ""448"", ""K Bottom Bracket Drop (mm)"": ""39"", ""L Bottom Bracket Height (mm)"": ""339"", ""M Fork Rake (mm)"": ""44"", ""N Trail (mm)"": ""135"", ""O Stack (mm)"": ""629"", ""P Reach (mm)"": ""430"", ""Q Axle-to-Crown (mm)"": ""563""}",12499,false,https://www.cannondale.com/es-es/bikes/electric/e-mountain/habit-neo/habit-neo-1,https://www.cannondale.com/-/media/images/my25/bikes/electric/e-mountain/habit-neo/pdp/habit_neo_webgeo_table.ashx,vision,2026-10-05
Cannondale,Habit Neo [5296671b],Habit Neo 1,2025,emtb,MD,,,,,,,638,455,"{""Wheel Size"": ""29\"""", ""A Seat Tube Length (cm)"": ""40"", ""B Top Tube Horizontal (mm)"": ""591"", ""C Top Tube Actual (mm)"": ""566"", ""D Head Tube Angle"": ""64°"", ""E Seat Tube Angle Effective"": ""78°"", ""E1 Seat Tube Angle Actual"": ""73°"", ""F Standover (mm)"": ""753"", ""G Head Tube Length (cm)"": ""125"", ""H Wheelbase (mm)"": ""1241"", ""I Front Center (mm)"": ""797"", ""J Chain Stay Length (mm)"": ""448"", ""K Bottom Bracket Drop (mm)"": ""39"", ""L Bottom Bracket Height (mm)"": ""339"", ""M Fork Rake (mm)"": ""44"", ""N Trail (mm)"": ""135"", ""O Stack (mm)"": ""638"", ""P Reach (mm)"": ""455"", ""Q Axle-to-Crown (mm)"": ""563""}",12499,false,https://www.cannondale.com/es-es/bikes/electric/e-mountain/habit-neo/habit-neo-1,https://www.cannondale.com/-/media/images/my25/bikes/electric/e-mountain/habit-neo/pdp/habit_neo_webgeo_table.ashx,vision,2026-10-05
Cannondale,Habit Neo [5296671b],Habit Neo 1,2025,emtb,LG,,,,,,,647,480,"{""Wheel Size"": ""29\"""", ""A Seat Tube Length (cm)"": ""44,5"", ""B Top Tube Horizontal (mm)"": ""618"", ""C Top Tube Actual (mm)"": ""586"", ""D Head Tube Angle"": ""64°"", ""E Seat Tube Angle Effective"": ""78°"", ""E1 Seat Tube Angle Actual"": ""73.3°"", ""F Standover (mm)"": ""755"", ""G Head Tube Length (cm)"": ""135"", ""H Wheelbase (mm)"": ""1277"", ""I Front Center (mm)"": ""826"", ""J Chain Stay Length (mm)"": ""453"", ""K Bottom Bracket Drop (mm)"": ""39"", ""L Bottom Bracket Height (mm)"": ""339"", ""M Fork Rake (mm)"": ""44"", ""N Trail (mm)"": ""135"", ""O Stack (mm)"": ""647"", ""P Reach (mm)"": ""480"", ""Q Axle-to-Crown (mm)"": ""563""}",12499,false,https://www.cannondale.com/es-es/bikes/electric/e-mountain/habit-neo/habit-neo-1,https://www.cannondale.com/-/media/images/my25/bikes/electric/e-mountain/habit-neo/pdp/habit_neo_webgeo_table.ashx,vision,2026-10-05
Cannondale,Habit Neo [5296671b],Habit Neo 1,2025,emtb,XL,XL,,,,,,656,515,"{""Wheel Size"": ""29\"""", ""A Seat Tube Length (cm)"": ""49"", ""B Top Tube Horizontal (mm)"": ""654"", ""C Top Tube Actual (mm)"": ""621"", ""D Head Tube Angle"": ""64°"", ""E Seat Tube Angle Effective"": ""78°"", ""E1 Seat Tube Angle Actual"": ""73.8°"", ""F Standover (mm)"": ""755"", ""G Head Tube Length (cm)"": ""145"", ""H Wheelbase (mm)"": ""1316"", ""I Front Center (mm)"": ""866"", ""J Chain Stay Length (mm)"": ""453"", ""K Bottom Bracket Drop (mm)"": ""39"", ""L Bottom Bracket Height (mm)"": ""339"", ""M Fork Rake (mm)"": ""44"", ""N Trail (mm)"": ""135"", ""O Stack (mm)"": ""656"", ""P Reach (mm)"": ""515"", ""Q Axle-to-Crown (mm)"": ""563""}",12499,false,https://www.cannondale.com/es-es/bikes/electric/e-mountain/habit-neo/habit-neo-1,https://www.cannondale.com/-/media/images/my25/bikes/electric/e-mountain/habit-neo/pdp/habit_neo_webgeo_table.ashx,vision,2026-10-05
Cannondale,Habit Neo [5296671b],Habit Neo 2,2025,emtb,SM,,,,,,,629,430,"{""Wheel Size"": ""29\"""", ""A Seat Tube Length (cm)"": ""38"", ""B Top Tube Horizontal (mm)"": ""564"", ""C Top Tube Actual (mm)"": ""543"", ""D Head Tube Angle"": ""64°"", ""E Seat Tube Angle Effective"": ""78°"", ""E1 Seat Tube Angle Actual"": ""72.4°"", ""F Standover (mm)"": ""753"", ""G Head Tube Length (cm)"": ""115"", ""H Wheelbase (mm)"": ""1212"", ""I Front Center (mm)"": ""768"", ""J Chain Stay Length (mm)"": ""448"", ""K Bottom Bracket Drop (mm)"": ""39"", ""L Bottom Bracket Height (mm)"": ""339"", ""M Fork Rake (mm)"": ""44"", ""N Trail (mm)"": ""135"", ""O Stack (mm)"": ""629"", ""P Reach (mm)"": ""430"", ""Q Axle-to-Crown (mm)"": ""563""}",8999,false,https://www.cannondale.com/es-es/bikes/electric/e-mountain/habit-neo/habit-neo-2,https://www.cannondale.com/-/media/images/my25/bikes/electric/e-mountain/habit-neo/pdp/habit_neo_webgeo_table.ashx,vision,2026-10-05
Cannondale,Habit Neo [5296671b],Habit Neo 2,2025,emtb,MD,,,,,,,638,455,"{""Wheel Size"": ""29\"""", ""A Seat Tube Length (cm)"": ""40"", ""B Top Tube Horizontal (mm)"": ""591"", ""C Top Tube Actual (mm)"": ""566"", ""D Head Tube Angle"": ""64°"", ""E Seat Tube Angle Effective"": ""78°"", ""E1 Seat Tube Angle Actual"": ""73°"", ""F Standover (mm)"": ""753"", ""G Head Tube Length (cm)"": ""125"", ""H Wheelbase (mm)"": ""1241"", ""I Front Center (mm)"": ""797"", ""J Chain Stay Length (mm)"": ""448"", ""K Bottom Bracket Drop (mm)"": ""39"", ""L Bottom Bracket Height (mm)"": ""339"", ""M Fork Rake (mm)"": ""44"", ""N Trail (mm)"": ""135"", ""O Stack (mm)"": ""638"", ""P Reach (mm)"": ""455"", ""Q Axle-to-Crown (mm)"": ""563""}",8999,false,https://www.cannondale.com/es-es/bikes/electric/e-mountain/habit-neo/habit-neo-2,https://www.cannondale.com/-/media/images/my25/bikes/electric/e-mountain/habit-neo/pdp/habit_neo_webgeo_table.ashx,vision,2026-10-05
Cannondale,Habit Neo [5296671b],Habit Neo 2,2025,emtb,LG,,,,,,,647,480,"{""Wheel Size"": ""29\"""", ""A Seat Tube Length (cm)"": ""44,5"", ""B Top Tube Horizontal (mm)"": ""618"", ""C Top Tube Actual (mm)"": ""586"", ""D Head Tube Angle"": ""64°"", ""E Seat Tube Angle Effective"": ""78°"", ""E1 Seat Tube Angle Actual"": ""73.3°"", ""F Standover (mm)"": ""755"", ""G Head Tube Length (cm)"": ""135"", ""H Wheelbase (mm)"": ""1277"", ""I Front Center (mm)"": ""826"", ""J Chain Stay Length (mm)"": ""453"", ""K Bottom Bracket Drop (mm)"": ""39"", ""L Bottom Bracket Height (mm)"": ""339"", ""M Fork Rake (mm)"": ""44"", ""N Trail (mm)"": ""135"", ""O Stack (mm)"": ""647"", ""P Reach (mm)"": ""480"", ""Q Axle-to-Crown (mm)"": ""563""}",8999,false,https://www.cannondale.com/es-es/bikes/electric/e-mountain/habit-neo/habit-neo-2,https://www.cannondale.com/-/media/images/my25/bikes/electric/e-mountain/habit-neo/pdp/habit_neo_webgeo_table.ashx,vision,2026-10-05
Cannondale,Habit Neo [5296671b],Habit Neo 2,2025,emtb,XL,XL,,,,,,656,515,"{""Wheel Size"": ""29\"""", ""A Seat Tube Length (cm)"": ""49"", ""B Top Tube Horizontal (mm)"": ""654"", ""C Top Tube Actual (mm)"": ""621"", ""D Head Tube Angle"": ""64°"", ""E Seat Tube Angle Effective"": ""78°"", ""E1 Seat Tube Angle Actual"": ""73.8°"", ""F Standover (mm)"": ""755"", ""G Head Tube Length (cm)"": ""145"", ""H Wheelbase (mm)"": ""1316"", ""I Front Center (mm)"": ""866"", ""J Chain Stay Length (mm)"": ""453"", ""K Bottom Bracket Drop (mm)"": ""39"", ""L Bottom Bracket Height (mm)"": ""339"", ""M Fork Rake (mm)"": ""44"", ""N Trail (mm)"": ""135"", ""O Stack (mm)"": ""656"", ""P Reach (mm)"": ""515"", ""Q Axle-to-Crown (mm)"": ""563""}",8999,false,https://www.cannondale.com/es-es/bikes/electric/e-mountain/habit-neo/habit-neo-2,https://www.cannondale.com/-/media/images/my25/bikes/electric/e-mountain/habit-neo/pdp/habit_neo_webgeo_table.ashx,vision,2026-10-05
Cannondale,Habit Neo [5296671b],Habit Neo 3,2025,emtb,SM,,,,,,,629,430,"{""Wheel Size"": ""29\"""", ""A Seat Tube Length (cm)"": ""38"", ""B Top Tube Horizontal (mm)"": ""564"", ""C Top Tube Actual (mm)"": ""543"", ""D Head Tube Angle"": ""64°"", ""E Seat Tube Angle Effective"": ""78°"", ""E1 Seat Tube Angle Actual"": ""72.4°"", ""F Standover (mm)"": ""753"", ""G Head Tube Length (cm)"": ""115"", ""H Wheelbase (mm)"": ""1212"", ""I Front Center (mm)"": ""768"", ""J Chain Stay Length (mm)"": ""448"", ""K Bottom Bracket Drop (mm)"": ""39"", ""L Bottom Bracket Height (mm)"": ""339"", ""M Fork Rake (mm)"": ""44"", ""N Trail (mm)"": ""135"", ""O Stack (mm)"": ""629"", ""P Reach (mm)"": ""430"", ""Q Axle-to-Crown (mm)"": ""563""}",6999,false,https://www.cannondale.com/es-es/bikes/electric/e-mountain/habit-neo/habit-neo-3,https://www.cannondale.com/-/media/images/my25/bikes/electric/e-mountain/habit-neo/pdp/habit_neo_webgeo_table.ashx,vision,2026-10-05
Cannondale,Habit Neo [5296671b],Habit Neo 3,2025,emtb,MD,,,,,,,638,455,"{""Wheel Size"": ""29\"""", ""A Seat Tube Length (cm)"": ""40"", ""B Top Tube Horizontal (mm)"": ""591"", ""C Top Tube Actual (mm)"": ""566"", ""D Head Tube Angle"": ""64°"", ""E Seat Tube Angle Effective"": ""78°"", ""E1 Seat Tube Angle Actual"": ""73°"", ""F Standover (mm)"": ""753"", ""G Head Tube Length (cm)"": ""125"", ""H Wheelbase (mm)"": ""1241"", ""I Front Center (mm)"": ""797"", ""J Chain Stay Length (mm)"": ""448"", ""K Bottom Bracket Drop (mm)"": ""39"", ""L Bottom Bracket Height (mm)"": ""339"", ""M Fork Rake (mm)"": ""44"", ""N Trail (mm)"": ""135"", ""O Stack (mm)"": ""638"", ""P Reach (mm)"": ""455"", ""Q Axle-to-Crown (mm)"": ""563""}",6999,false,https://www.cannondale.com/es-es/bikes/electric/e-mountain/habit-neo/habit-neo-3,https://www.cannondale.com/-/media/images/my25/bikes/electric/e-mountain/habit-neo/pdp/habit_neo_webgeo_table.ashx,vision,2026-10-05
Cannondale,Habit Neo [5296671b],Habit Neo 3,2025,emtb,LG,,,,,,,647,480,"{""Wheel Size"": ""29\"""", ""A Seat Tube Length (cm)"": ""44,5"", ""B Top Tube Horizontal (mm)"": ""618"", ""C Top Tube Actual (mm)"": ""586"", ""D Head Tube Angle"": ""64°"", ""E Seat Tube Angle Effective"": ""78°"", ""E1 Seat Tube Angle Actual"": ""73.3°"", ""F Standover (mm)"": ""755"", ""G Head Tube Length (cm)"": ""135"", ""H Wheelbase (mm)"": ""1277"", ""I Front Center (mm)"": ""826"", ""J Chain Stay Length (mm)"": ""453"", ""K Bottom Bracket Drop (mm)"": ""39"", ""L Bottom Bracket Height (mm)"": ""339"", ""M Fork Rake (mm)"": ""44"", ""N Trail (mm)"": ""135"", ""O Stack (mm)"": ""647"", ""P Reach (mm)"": ""480"", ""Q Axle-to-Crown (mm)"": ""563""}",6999,false,https://www.cannondale.com/es-es/bikes/electric/e-mountain/habit-neo/habit-neo-3,https://www.cannondale.com/-/media/images/my25/bikes/electric/e-mountain/habit-neo/pdp/habit_neo_webgeo_table.ashx,vision,2026-10-05
Cannondale,Habit Neo [5296671b],Habit Neo 3,2025,emtb,XL,XL,,,,,,656,515,"{""Wheel Size"": ""29\"""", ""A Seat Tube Length (cm)"": ""49"", ""B Top Tube Horizontal (mm)"": ""654"", ""C Top Tube Actual (mm)"": ""621"", ""D Head Tube Angle"": ""64°"", ""E Seat Tube Angle Effective"": ""78°"", ""E1 Seat Tube Angle Actual"": ""73.8°"", ""F Standover (mm)"": ""755"", ""G Head Tube Length (cm)"": ""145"", ""H Wheelbase (mm)"": ""1316"", ""I Front Center (mm)"": ""866"", ""J Chain Stay Length (mm)"": ""453"", ""K Bottom Bracket Drop (mm)"": ""39"", ""L Bottom Bracket Height (mm)"": ""339"", ""M Fork Rake (mm)"": ""44"", ""N Trail (mm)"": ""135"", ""O Stack (mm)"": ""656"", ""P Reach (mm)"": ""515"", ""Q Axle-to-Crown (mm)"": ""563""}",6999,false,https://www.cannondale.com/es-es/bikes/electric/e-mountain/habit-neo/habit-neo-3,https://www.cannondale.com/-/media/images/my25/bikes/electric/e-mountain/habit-neo/pdp/habit_neo_webgeo_table.ashx,vision,2026-10-05
Cannondale,SuperX [e1056b9e],SuperX LAB71,2026,gravel,46,,46,,,,,515,365,"{""Wheel Size"": ""700C"", ""A Seat Tube Length (cm)"": ""44.9"", ""B Top Tube Horizontal (cm)"": ""51"", ""C Top Tube Actual (cm)"": ""47"", ""D Head Tube Angle"": ""70°"", ""E Seat Tube Angle"": ""74.3°"", ""F Standover (cm)"": ""74.6"", ""G Head Tube Length (cm)"": ""8.6"", ""H Wheelbase (cm)"": ""99.8"", ""I Front Center (cm)"": ""58.8"", ""J Chain Stay Length (cm)"": ""42.2"", ""K Bottom Bracket Drop (cm)"": ""7.7"", ""L Bottom Bracket Height (cm)"": ""28.3"", ""M Fork Rake (cm)"": ""5.5"", ""N Trail (cm)"": ""7.2"", ""O Stack (cm)"": ""51.5"", ""P Reach (cm)"": ""36.5"", ""Q Axle to Crown (cm)"": ""40.0""}",12499,false,https://www.cannondale.com/es-es/bikes/road/gravel/superx/superx-lab71-smu,https://www.cannondale.com/-/media/images/my25/bikes/road/gravel/superx/pdps/c25_superx_geo_table_v2.ashx,vision,2026-10-05
Cannondale,SuperX [e1056b9e],SuperX LAB71,2026,gravel,51,,51,,,,,535,371,"{""Wheel Size"": ""700C"", ""A Seat Tube Length (cm)"": ""48.8"", ""B Top Tube Horizontal (cm)"": ""52.1"", ""C Top Tube Actual (cm)"": ""48.4"", ""D Head Tube Angle"": ""71°"", ""E Seat Tube Angle"": ""74.3°"", ""F Standover (cm)"": ""78.2"", ""G Head Tube Length (cm)"": ""10.8"", ""H Wheelbase (cm)"": ""100.5"", ""I Front Center (cm)"": ""59.3"", ""J Chain Stay Length (cm)"": ""42.2"", ""K Bottom Bracket Drop (cm)"": ""7.2"", ""L Bottom Bracket Height (cm)"": ""28.8"", ""M Fork Rake (cm)"": ""5.5"", ""N Trail (cm)"": ""6.5"", ""O Stack (cm)"": ""53.5"", ""P Reach (cm)"": ""37.1"", ""Q Axle to Crown (cm)"": ""40.0""}",12499,false,https://www.cannondale.com/es-es/bikes/road/gravel/superx/superx-lab71-smu,https://www.cannondale.com/-/media/images/my25/bikes/road/gravel/superx/pdps/c25_superx_geo_table_v2.ashx,vision,2026-10-05
Cannondale,SuperX [e1056b9e],SuperX LAB71,2026,gravel,54,,54,,,,,555,378,"{""Wheel Size"": ""700C"", ""A Seat Tube Length (cm)"": ""52.4"", ""B Top Tube Horizontal (cm)"": ""54"", ""C Top Tube Actual (cm)"": ""50.4"", ""D Head Tube Angle"": ""71°"", ""E Seat Tube Angle"": ""73.7°"", ""F Standover (cm)"": ""81.2"", ""G Head Tube Length (cm)"": ""13.2"", ""H Wheelbase (cm)"": ""102"", ""I Front Center (cm)"": ""60.7"", ""J Chain Stay Length (cm)"": ""42.2"", ""K Bottom Bracket Drop (cm)"": ""6.9"", ""L Bottom Bracket Height (cm)"": ""29"", ""M Fork Rake (cm)"": ""5.5"", ""N Trail (cm)"": ""6.5"", ""O Stack (cm)"": ""55.5"", ""P Reach (cm)"": ""37.8"", ""Q Axle to Crown (cm)"": ""40.0""}",12499,false,https://www.cannondale.com/es-es/bikes/road/gravel/superx/superx-lab71-smu,https://www.cannondale.com/-/media/images/my25/bikes/road/gravel/superx/pdps/c25_superx_geo_table_v2.ashx,vision,2026-10-05
Cannondale,SuperX [e1056b9e],SuperX LAB71,2026,gravel,56,,56,,,,,575,385,"{""Wheel Size"": ""700C"", ""A Seat Tube Length (cm)"": ""54.6"", ""B Top Tube Horizontal (cm)"": ""55.8"", ""C Top Tube Actual (cm)"": ""52.1"", ""D Head Tube Angle"": ""71°"", ""E Seat Tube Angle"": ""73.3°"", ""F Standover (cm)"": ""83.2"", ""G Head Tube Length (cm)"": ""15.3"", ""H Wheelbase (cm)"": ""103.4"", ""I Front Center (cm)"": ""62.1"", ""J Chain Stay Length (cm)"": ""42.2"", ""K Bottom Bracket Drop (cm)"": ""6.9"", ""L Bottom Bracket Height (cm)"": ""29"", ""M Fork Rake (cm)"": ""5.5"", ""N Trail (cm)"": ""6.5"", ""O Stack (cm)"": ""57.5"", ""P Reach (cm)"": ""38.5"", ""Q Axle to Crown (cm)"": ""40.0""}",12499,false,https://www.cannondale.com/es-es/bikes/road/gravel/superx/superx-lab71-smu,https://www.cannondale.com/-/media/images/my25/bikes/road/gravel/superx/pdps/c25_superx_geo_table_v2.ashx,vision,2026-10-05
Cannondale,SuperX [e1056b9e],SuperX LAB71,2026,gravel,58,,58,,,,,595,392,"{""Wheel Size"": ""700C"", ""A Seat Tube Length (cm)"": ""56.6"", ""B Top Tube Horizontal (cm)"": ""57.5"", ""C Top Tube Actual (cm)"": ""53.8"", ""D Head Tube Angle"": ""71°"", ""E Seat Tube Angle"": ""72.9°"", ""F Standover (cm)"": ""83.6"", ""G Head Tube Length (cm)"": ""17.7"", ""H Wheelbase (cm)"": ""104.9"", ""I Front Center (cm)"": ""63.6"", ""J Chain Stay Length (cm)"": ""42.2"", ""K Bottom Bracket Drop (cm)"": ""6.7"", ""L Bottom Bracket Height (cm)"": ""29.3"", ""M Fork Rake (cm)"": ""5.5"", ""N Trail (cm)"": ""6.5"", ""O Stack (cm)"": ""59.5"", ""P Reach (cm)"": ""39.2"", ""Q Axle to Crown (cm)"": ""40.0""}",12499,false,https://www.cannondale.com/es-es/bikes/road/gravel/superx/superx-lab71-smu,https://www.cannondale.com/-/media/images/my25/bikes/road/gravel/superx/pdps/c25_superx_geo_table_v2.ashx,vision,2026-10-05
Cannondale,SuperX [e1056b9e],SuperX LAB71,2026,gravel,61,,61,,,,,615,398,"{""Wheel Size"": ""700C"", ""A Seat Tube Length (cm)"": ""58.9"", ""B Top Tube Horizontal (cm)"": ""59.4"", ""C Top Tube Actual (cm)"": ""55.6"", ""D Head Tube Angle"": ""71°"", ""E Seat Tube Angle"": ""72.3°"", ""F Standover (cm)"": ""84.9"", ""G Head Tube Length (cm)"": ""19.8"", ""H Wheelbase (cm)"": ""106.2"", ""I Front Center (cm)"": ""64.8"", ""J Chain Stay Length (cm)"": ""42.2"", ""K Bottom Bracket Drop (cm)"": ""6.7"", ""L Bottom Bracket Height (cm)"": ""29.3"", ""M Fork Rake (cm)"": ""5.5"", ""N Trail (cm)"": ""6.5"", ""O Stack (cm)"": ""61.5"", ""P Reach (cm)"": ""39.8"", ""Q Axle to Crown (cm)"": ""40.0""}",12499,false,https://www.cannondale.com/es-es/bikes/road/gravel/superx/superx-lab71-smu,https://www.cannondale.com/-/media/images/my25/bikes/road/gravel/superx/pdps/c25_superx_geo_table_v2.ashx,vision,2026-10-05
Cannondale,SuperX [e1056b9e],SuperX 1,2026,gravel,46,,46,,,,,515,365,"{""Wheel Size"": ""700C"", ""A Seat Tube Length (cm)"": ""44.9"", ""B Top Tube Horizontal (cm)"": ""51"", ""C Top Tube Actual (cm)"": ""47"", ""D Head Tube Angle"": ""70°"", ""E Seat Tube Angle"": ""74.3°"", ""F Standover (cm)"": ""74.6"", ""G Head Tube Length (cm)"": ""8.6"", ""H Wheelbase (cm)"": ""99.8"", ""I Front Center (cm)"": ""58.8"", ""J Chain Stay Length (cm)"": ""42.2"", ""K Bottom Bracket Drop (cm)"": ""7.7"", ""L Bottom Bracket Height (cm)"": ""28.3"", ""M Fork Rake (cm)"": ""5.5"", ""N Trail (cm)"": ""7.2"", ""O Stack (cm)"": ""51.5"", ""P Reach (cm)"": ""36.5"", ""Q Axle to Crown (cm)"": ""40.0""}",6999,false,https://www.cannondale.com/es-es/bikes/road/gravel/superx/superx-1-smu,https://www.cannondale.com/-/media/images/my25/bikes/road/gravel/superx/pdps/c25_superx_geo_table_v2.ashx,vision,2026-10-05
Cannondale,SuperX [e1056b9e],SuperX 1,2026,gravel,51,,51,,,,,535,371,"{""Wheel Size"": ""700C"", ""A Seat Tube Length (cm)"": ""48.8"", ""B Top Tube Horizontal (cm)"": ""52.1"", ""C Top Tube Actual (cm)"": ""48.4"", ""D Head Tube Angle"": ""71°"", ""E Seat Tube Angle"": ""74.3°"", ""F Standover (cm)"": ""78.2"", ""G Head Tube Length (cm)"": ""10.8"", ""H Wheelbase (cm)"": ""100.5"", ""I Front Center (cm)"": ""59.3"", ""J Chain Stay Length (cm)"": ""42.2"", ""K Bottom Bracket Drop (cm)"": ""7.2"", ""L Bottom Bracket Height (cm)"": ""28.8"", ""M Fork Rake (cm)"": ""5.5"", ""N Trail (cm)"": ""6.5"", ""O Stack (cm)"": ""53.5"", ""P Reach (cm)"": ""37.1"", ""Q Axle to Crown (cm)"": ""40.0""}",6999,false,https://www.cannondale.com/es-es/bikes/road/gravel/superx/superx-1-smu,https://www.cannondale.com/-/media/images/my25/bikes/road/gravel/superx/pdps/c25_superx_geo_table_v2.ashx,vision,2026-10-05
Cannondale,SuperX [e1056b9e],SuperX 1,2026,gravel,54,,54,,,,,555,378,"{""Wheel Size"": ""700C"", ""A Seat Tube Length (cm)"": ""52.4"", ""B Top Tube Horizontal (cm)"": ""54"", ""C Top Tube Actual (cm)"": ""50.4"", ""D Head Tube Angle"": ""71°"", ""E Seat Tube Angle"": ""73.7°"", ""F Standover (cm)"": ""81.2"", ""G Head Tube Length (cm)"": ""13.2"", ""H Wheelbase (cm)"": ""102"", ""I Front Center (cm)"": ""60.7"", ""J Chain Stay Length (cm)"": ""42.2"", ""K Bottom Bracket Drop (cm)"": ""6.9"", ""L Bottom Bracket Height (cm)"": ""29"", ""M Fork Rake (cm)"": ""5.5"", ""N Trail (cm)"": ""6.5"", ""O Stack (cm)"": ""55.5"", ""P Reach (cm)"": ""37.8"", ""Q Axle to Crown (cm)"": ""40.0""}",6999,false,https://www.cannondale.com/es-es/bikes/road/gravel/superx/superx-1-smu,https://www.cannondale.com/-/media/images/my25/bikes/road/gravel/superx/pdps/c25_superx_geo_table_v2.ashx,vision,2026-10-05
Cannondale,SuperX [e1056b9e],SuperX 1,2026,gravel,56,,56,,,,,575,385,"{""Wheel Size"": ""700C"", ""A Seat Tube Length (cm)"": ""54.6"", ""B Top Tube Horizontal (cm)"": ""55.8"", ""C Top Tube Actual (cm)"": ""52.1"", ""D Head Tube Angle"": ""71°"", ""E Seat Tube Angle"": ""73.3°"", ""F Standover (cm)"": ""83.2"", ""G Head Tube Length (cm)"": ""15.3"", ""H Wheelbase (cm)"": ""103.4"", ""I Front Center (cm)"": ""62.1"", ""J Chain Stay Length (cm)"": ""42.2"", ""K Bottom Bracket Drop (cm)"": ""6.9"", ""L Bottom Bracket Height (cm)"": ""29"", ""M Fork Rake (cm)"": ""5.5"", ""N Trail (cm)"": ""6.5"", ""O Stack (cm)"": ""57.5"", ""P Reach (cm)"": ""38.5"", ""Q Axle to Crown (cm)"": ""40.0""}",6999,false,https://www.cannondale.com/es-es/bikes/road/gravel/superx/superx-1-smu,https://www.cannondale.com/-/media/images/my25/bikes/road/gravel/superx/pdps/c25_superx_geo_table_v2.ashx,vision,2026-10-05
Cannondale,SuperX [e1056b9e],SuperX 1,2026,gravel,58,,58,,,,,595,392,"{""Wheel Size"": ""700C"", ""A Seat Tube Length (cm)"": ""56.6"", ""B Top Tube Horizontal (cm)"": ""57.5"", ""C Top Tube Actual (cm)"": ""53.8"", ""D Head Tube Angle"": ""71°"", ""E Seat Tube Angle"": ""72.9°"", ""F Standover (cm)"": ""83.6"", ""G Head Tube Length (cm)"": ""17.7"", ""H Wheelbase (cm)"": ""104.9"", ""I Front Center (cm)"": ""63.6"", ""J Chain Stay Length (cm)"": ""42.2"", ""K Bottom Bracket Drop (cm)"": ""6.7"", ""L Bottom Bracket Height (cm)"": ""29.3"", ""M Fork Rake (cm)"": ""5.5"", ""N Trail (cm)"": ""6.5"", ""O Stack (cm)"": ""59.5"", ""P Reach (cm)"": ""39.2"", ""Q Axle to Crown (cm)"": ""40.0""}",6999,false,https://www.cannondale.com/es-es/bikes/road/gravel/superx/superx-1-smu,https://www.cannondale.com/-/media/images/my25/bikes/road/gravel/superx/pdps/c25_superx_geo_table_v2.ashx,vision,2026-10-05
Cannondale,SuperX [e1056b9e],SuperX 1,2026,gravel,61,,61,,,,,615,398,"{""Wheel Size"": ""700C"", ""A Seat Tube Length (cm)"": ""58.9"", ""B Top Tube Horizontal (cm)"": ""59.4"", ""C Top Tube Actual (cm)"": ""55.6"", ""D Head Tube Angle"": ""71°"", ""E Seat Tube Angle"": ""72.3°"", ""F Standover (cm)"": ""84.9"", ""G Head Tube Length (cm)"": ""19.8"", ""H Wheelbase (cm)"": ""106.2"", ""I Front Center (cm)"": ""64.8"", ""J Chain Stay Length (cm)"": ""42.2"", ""K Bottom Bracket Drop (cm)"": ""6.7"", ""L Bottom Bracket Height (cm)"": ""29.3"", ""M Fork Rake (cm)"": ""5.5"", ""N Trail (cm)"": ""6.5"", ""O Stack (cm)"": ""61.5"", ""P Reach (cm)"": ""39.8"", ""Q Axle to Crown (cm)"": ""40.0""}",6999,false,https://www.cannondale.com/es-es/bikes/road/gravel/superx/superx-1-smu,https://www.cannondale.com/-/media/images/my25/bikes/road/gravel/superx/pdps/c25_superx_geo_table_v2.ashx,vision,2026-10-05
Cannondale,SuperX [e1056b9e],SuperX 2,2025,gravel,46,,46,,,,,515,365,"{""Wheel Size"": ""700C"", ""A Seat Tube Length (cm)"": ""44.9"", ""B Top Tube Horizontal (cm)"": ""51"", ""C Top Tube Actual (cm)"": ""47"", ""D Head Tube Angle"": ""70°"", ""E Seat Tube Angle"": ""74.3°"", ""F Standover (cm)"": ""74.6"", ""G Head Tube Length (cm)"": ""8.6"", ""H Wheelbase (cm)"": ""99.8"", ""I Front Center (cm)"": ""58.8"", ""J Chain Stay Length (cm)"": ""42.2"", ""K Bottom Bracket Drop (cm)"": ""7.7"", ""L Bottom Bracket Height (cm)"": ""28.3"", ""M Fork Rake (cm)"": ""5.5"", ""N Trail (cm)"": ""7.2"", ""O Stack (cm)"": ""51.5"", ""P Reach (cm)"": ""36.5"", ""Q Axle to Crown (cm)"": ""40.0""}",6499,false,https://www.cannondale.com/es-es/bikes/road/gravel/superx/superx-2-c17095u,https://www.cannondale.com/-/media/images/my25/bikes/road/gravel/superx/pdps/c25_superx_geo_table_v2.ashx,vision,2026-10-05
Cannondale,SuperX [e1056b9e],SuperX 2,2025,gravel,51,,51,,,,,535,371,"{""Wheel Size"": ""700C"", ""A Seat Tube Length (cm)"": ""48.8"", ""B Top Tube Horizontal (cm)"": ""52.1"", ""C Top Tube Actual (cm)"": ""48.4"", ""D Head Tube Angle"": ""71°"", ""E Seat Tube Angle"": ""74.3°"", ""F Standover (cm)"": ""78.2"", ""G Head Tube Length (cm)"": ""10.8"", ""H Wheelbase (cm)"": ""100.5"", ""I Front Center (cm)"": ""59.3"", ""J Chain Stay Length (cm)"": ""42.2"", ""K Bottom Bracket Drop (cm)"": ""7.2"", ""L Bottom Bracket Height (cm)"": ""28.8"", ""M Fork Rake (cm)"": ""5.5"", ""N Trail (cm)"": ""6.5"", ""O Stack (cm)"": ""53.5"", ""P Reach (cm)"": ""37.1"", ""Q Axle to Crown (cm)"": ""40.0""}",6499,false,https://www.cannondale.com/es-es/bikes/road/gravel/superx/superx-2-c17095u,https://www.cannondale.com/-/media/images/my25/bikes/road/gravel/superx/pdps/c25_superx_geo_table_v2.ashx,vision,2026-10-05
Cannondale,SuperX [e1056b9e],SuperX 2,2025,gravel,54,,54,,,,,555,378,"{""Wheel Size"": ""700C"", ""A Seat Tube Length (cm)"": ""52.4"", ""B Top Tube Horizontal (cm)"": ""54"", ""C Top Tube Actual (cm)"": ""50.4"", ""D Head Tube Angle"": ""71°"", ""E Seat Tube Angle"": ""73.7°"", ""F Standover (cm)"": ""81.2"", ""G Head Tube Length (cm)"": ""13.2"", ""H Wheelbase (cm)"": ""102"", ""I Front Center (cm)"": ""60.7"", ""J Chain Stay Length (cm)"": ""42.2"", ""K Bottom Bracket Drop (cm)"": ""6.9"", ""L Bottom Bracket Height (cm)"": ""29"", ""M Fork Rake (cm)"": ""5.5"", ""N Trail (cm)"": ""6.5"", ""O Stack (cm)"": ""55.5"", ""P Reach (cm)"": ""37.8"", ""Q Axle to Crown (cm)"": ""40.0""}",6499,false,https://www.cannondale.com/es-es/bikes/road/gravel/superx/superx-2-c17095u,https://www.cannondale.com/-/media/images/my25/bikes/road/gravel/superx/pdps/c25_superx_geo_table_v2.ashx,vision,2026-10-05
Cannondale,SuperX [e1056b9e],SuperX 2,2025,gravel,56,,56,,,,,575,385,"{""Wheel Size"": ""700C"", ""A Seat Tube Length (cm)"": ""54.6"", ""B Top Tube Horizontal (cm)"": ""55.8"", ""C Top Tube Actual (cm)"": ""52.1"", ""D Head Tube Angle"": ""71°"", ""E Seat Tube Angle"": ""73.3°"", ""F Standover (cm)"": ""83.2"", ""G Head Tube Length (cm)"": ""15.3"", ""H Wheelbase (cm)"": ""103.4"", ""I Front Center (cm)"": ""62.1"", ""J Chain Stay Length (cm)"": ""42.2"", ""K Bottom Bracket Drop (cm)"": ""6.9"", ""L Bottom Bracket Height (cm)"": ""29"", ""M Fork Rake (cm)"": ""5.5"", ""N Trail (cm)"": ""6.5"", ""O Stack (cm)"": ""57.5"", ""P Reach (cm)"": ""38.5"", ""Q Axle to Crown (cm)"": ""40.0""}",6499,false,https://www.cannondale.com/es-es/bikes/road/gravel/superx/superx-2-c17095u,https://www.cannondale.com/-/media/images/my25/bikes/road/gravel/superx/pdps/c25_superx_geo_table_v2.ashx,vision,2026-10-05
Cannondale,SuperX [e1056b9e],SuperX 2,2025,gravel,58,,58,,,,,595,392,"{""Wheel Size"": ""700C"", ""A Seat Tube Length (cm)"": ""56.6"", ""B Top Tube Horizontal (cm)"": ""57.5"", ""C Top Tube Actual (cm)"": ""53.8"", ""D Head Tube Angle"": ""71°"", ""E Seat Tube Angle"": ""72.9°"", ""F Standover (cm)"": ""83.6"", ""G Head Tube Length (cm)"": ""17.7"", ""H Wheelbase (cm)"": ""104.9"", ""I Front Center (cm)"": ""63.6"", ""J Chain Stay Length (cm)"": ""42.2"", ""K Bottom Bracket Drop (cm)"": ""6.7"", ""L Bottom Bracket Height (cm)"": ""29.3"", ""M Fork Rake (cm)"": ""5.5"", ""N Trail (cm)"": ""6.5"", ""O Stack (cm)"": ""59.5"", ""P Reach (cm)"": ""39.2"", ""Q Axle to Crown (cm)"": ""40.0""}",6499,false,https://www.cannondale.com/es-es/bikes/road/gravel/superx/superx-2-c17095u,https://www.cannondale.com/-/media/images/my25/bikes/road/gravel/superx/pdps/c25_superx_geo_table_v2.ashx,vision,2026-10-05
Cannondale,SuperX [e1056b9e],SuperX 2,2025,gravel,61,,61,,,,,615,398,"{""Wheel Size"": ""700C"", ""A Seat Tube Length (cm)"": ""58.9"", ""B Top Tube Horizontal (cm)"": ""59.4"", ""C Top Tube Actual (cm)"": ""55.6"", ""D Head Tube Angle"": ""71°"", ""E Seat Tube Angle"": ""72.3°"", ""F Standover (cm)"": ""84.9"", ""G Head Tube Length (cm)"": ""19.8"", ""H Wheelbase (cm)"": ""106.2"", ""I Front Center (cm)"": ""64.8"", ""J Chain Stay Length (cm)"": ""42.2"", ""K Bottom Bracket Drop (cm)"": ""6.7"", ""L Bottom Bracket Height (cm)"": ""29.3"", ""M Fork Rake (cm)"": ""5.5"", ""N Trail (cm)"": ""6.5"", ""O Stack (cm)"": ""61.5"", ""P Reach (cm)"": ""39.8"", ""Q Axle to Crown (cm)"": ""40.0""}",6499,false,https://www.cannondale.com/es-es/bikes/road/gravel/superx/superx-2-c17095u,https://www.cannondale.com/-/media/images/my25/bikes/road/gravel/superx/pdps/c25_superx_geo_table_v2.ashx,vision,2026-10-05
Cannondale,SuperX [e1056b9e],SuperX 3,2026,gravel,46,,46,,,,,515,365,"{""Wheel Size"": ""700C"", ""A Seat Tube Length (cm)"": ""44.9"", ""B Top Tube Horizontal (cm)"": ""51"", ""C Top Tube Actual (cm)"": ""47"", ""D Head Tube Angle"": ""70°"", ""E Seat Tube Angle"": ""74.3°"", ""F Standover (cm)"": ""74.6"", ""G Head Tube Length (cm)"": ""8.6"", ""H Wheelbase (cm)"": ""99.8"", ""I Front Center (cm)"": ""58.8"", ""J Chain Stay Length (cm)"": ""42.2"", ""K Bottom Bracket Drop (cm)"": ""7.7"", ""L Bottom Bracket Height (cm)"": ""28.3"", ""M Fork Rake (cm)"": ""5.5"", ""N Trail (cm)"": ""7.2"", ""O Stack (cm)"": ""51.5"", ""P Reach (cm)"": ""36.5"", ""Q Axle to Crown (cm)"": ""40.0""}",4999,false,https://www.cannondale.com/es-es/bikes/road/gravel/superx/superx-3-smu,https://www.cannondale.com/-/media/images/my25/bikes/road/gravel/superx/pdps/c25_superx_geo_table_v2.ashx,vision,2026-10-05
Cannondale,SuperX [e1056b9e],SuperX 3,2026,gravel,51,,51,,,,,535,371,"{""Wheel Size"": ""700C"", ""A Seat Tube Length (cm)"": ""48.8"", ""B Top Tube Horizontal (cm)"": ""52.1"", ""C Top Tube Actual (cm)"": ""48.4"", ""D Head Tube Angle"": ""71°"", ""E Seat Tube Angle"": ""74.3°"", ""F Standover (cm)"": ""78.2"", ""G Head Tube Length (cm)"": ""10.8"", ""H Wheelbase (cm)"": ""100.5"", ""I Front Center (cm)"": ""59.3"", ""J Chain Stay Length (cm)"": ""42.2"", ""K Bottom Bracket Drop (cm)"": ""7.2"", ""L Bottom Bracket Height (cm)"": ""28.8"", ""M Fork Rake (cm)"": ""5.5"", ""N Trail (cm)"": ""6.5"", ""O Stack (cm)"": ""53.5"", ""P Reach (cm)"": ""37.1"", ""Q Axle to Crown (cm)"": ""40.0""}",4999,false,https://www.cannondale.com/es-es/bikes/road/gravel/superx/superx-3-smu,https://www.cannondale.com/-/media/images/my25/bikes/road/gravel/superx/pdps/c25_superx_geo_table_v2.ashx,vision,2026-10-05
Cannondale,SuperX [e1056b9e],SuperX 3,2026,gravel,54,,54,,,,,555,378,"{""Wheel Size"": ""700C"", ""A Seat Tube Length (cm)"": ""52.4"", ""B Top Tube Horizontal (cm)"": ""54"", ""C Top Tube Actual (cm)"": ""50.4"", ""D Head Tube Angle"": ""71°"", ""E Seat Tube Angle"": ""73.7°"", ""F Standover (cm)"": ""81.2"", ""G Head Tube Length (cm)"": ""13.2"", ""H Wheelbase (cm)"": ""102"", ""I Front Center (cm)"": ""60.7"", ""J Chain Stay Length (cm)"": ""42.2"", ""K Bottom Bracket Drop (cm)"": ""6.9"", ""L Bottom Bracket Height (cm)"": ""29"", ""M Fork Rake (cm)"": ""5.5"", ""N Trail (cm)"": ""6.5"", ""O Stack (cm)"": ""55.5"", ""P Reach (cm)"": ""37.8"", ""Q Axle to Crown (cm)"": ""40.0""}",4999,false,https://www.cannondale.com/es-es/bikes/road/gravel/superx/superx-3-smu,https://www.cannondale.com/-/media/images/my25/bikes/road/gravel/superx/pdps/c25_superx_geo_table_v2.ashx,vision,2026-10-05
Cannondale,SuperX [e1056b9e],SuperX 3,2026,gravel,56,,56,,,,,575,385,"{""Wheel Size"": ""700C"", ""A Seat Tube Length (cm)"": ""54.6"", ""B Top Tube Horizontal (cm)"": ""55.8"", ""C Top Tube Actual (cm)"": ""52.1"", ""D Head Tube Angle"": ""71°"", ""E Seat Tube Angle"": ""73.3°"", ""F Standover (cm)"": ""83.2"", ""G Head Tube Length (cm)"": ""15.3"", ""H Wheelbase (cm)"": ""103.4"", ""I Front Center (cm)"": ""62.1"", ""J Chain Stay Length (cm)"": ""42.2"", ""K Bottom Bracket Drop (cm)"": ""6.9"", ""L Bottom Bracket Height (cm)"": ""29"", ""M Fork Rake (cm)"": ""5.5"", ""N Trail (cm)"": ""6.5"", ""O Stack (cm)"": ""57.5"", ""P Reach (cm)"": ""38.5"", ""Q Axle to Crown (cm)"": ""40.0""}",4999,false,https://www.cannondale.com/es-es/bikes/road/gravel/superx/superx-3-smu,https://www.cannondale.com/-/media/images/my25/bikes/road/gravel/superx/pdps/c25_superx_geo_table_v2.ashx,vision,2026-10-05
Cannondale,SuperX [e1056b9e],SuperX 3,2026,gravel,58,,58,,,,,595,392,"{""Wheel Size"": ""700C"", ""A Seat Tube Length (cm)"": ""56.6"", ""B Top Tube Horizontal (cm)"": ""57.5"", ""C Top Tube Actual (cm)"": ""53.8"", ""D Head Tube Angle"": ""71°"", ""E Seat Tube Angle"": ""72.9°"", ""F Standover (cm)"": ""83.6"", ""G Head Tube Length (cm)"": ""17.7"", ""H Wheelbase (cm)"": ""104.9"", ""I Front Center (cm)"": ""63.6"", ""J Chain Stay Length (cm)"": ""42.2"", ""K Bottom Bracket Drop (cm)"": ""6.7"", ""L Bottom Bracket Height (cm)"": ""29.3"", ""M Fork Rake (cm)"": ""5.5"", ""N Trail (cm)"": ""6.5"", ""O Stack (cm)"": ""59.5"", ""P Reach (cm)"": ""39.2"", ""Q Axle to Crown (cm)"": ""40.0""}",4999,false,https://www.cannondale.com/es-es/bikes/road/gravel/superx/superx-3-smu,https://www.cannondale.com/-/media/images/my25/bikes/road/gravel/superx/pdps/c25_superx_geo_table_v2.ashx,vision,2026-10-05
Cannondale,SuperX [e1056b9e],SuperX 3,2026,gravel,61,,61,,,,,615,398,"{""Wheel Size"": ""700C"", ""A Seat Tube Length (cm)"": ""58.9"", ""B Top Tube Horizontal (cm)"": ""59.4"", ""C Top Tube Actual (cm)"": ""55.6"", ""D Head Tube Angle"": ""71°"", ""E Seat Tube Angle"": ""72.3°"", ""F Standover (cm)"": ""84.9"", ""G Head Tube Length (cm)"": ""19.8"", ""H Wheelbase (cm)"": ""106.2"", ""I Front Center (cm)"": ""64.8"", ""J Chain Stay Length (cm)"": ""42.2"", ""K Bottom Bracket Drop (cm)"": ""6.7"", ""L Bottom Bracket Height (cm)"": ""29.3"", ""M Fork Rake (cm)"": ""5.5"", ""N Trail (cm)"": ""6.5"", ""O Stack (cm)"": ""61.5"", ""P Reach (cm)"": ""39.8"", ""Q Axle to Crown (cm)"": ""40.0""}",4999,false,https://www.cannondale.com/es-es/bikes/road/gravel/superx/superx-3-smu,https://www.cannondale.com/-/media/images/my25/bikes/road/gravel/superx/pdps/c25_superx_geo_table_v2.ashx,vision,2026-10-05
Cannondale,SuperX [e1056b9e],SuperX 4 AXS,2026,gravel,46,,46,,,,,515,365,"{""Wheel Size"": ""700C"", ""A Seat Tube Length (cm)"": ""44.9"", ""B Top Tube Horizontal (cm)"": ""51"", ""C Top Tube Actual (cm)"": ""47"", ""D Head Tube Angle"": ""70°"", ""E Seat Tube Angle"": ""74.3°"", ""F Standover (cm)"": ""74.6"", ""G Head Tube Length (cm)"": ""8.6"", ""H Wheelbase (cm)"": ""99.8"", ""I Front Center (cm)"": ""58.8"", ""J Chain Stay Length (cm)"": ""42.2"", ""K Bottom Bracket Drop (cm)"": ""7.7"", ""L Bottom Bracket Height (cm)"": ""28.3"", ""M Fork Rake (cm)"": ""5.5"", ""N Trail (cm)"": ""7.2"", ""O Stack (cm)"": ""51.5"", ""P Reach (cm)"": ""36.5"", ""Q Axle to Crown (cm)"": ""40.0""}",3799,false,https://www.cannondale.com/es-es/bikes/road/gravel/superx/superx-4-axs-smu,https://www.cannondale.com/-/media/images/my25/bikes/road/gravel/superx/pdps/c25_superx_geo_table_v2.ashx,vision,2026-10-05
Cannondale,SuperX [e1056b9e],SuperX 4 AXS,2026,gravel,51,,51,,,,,535,371,"{""Wheel Size"": ""700C"", ""A Seat Tube Length (cm)"": ""48.8"", ""B Top Tube Horizontal (cm)"": ""52.1"", ""C Top Tube Actual (cm)"": ""48.4"", ""D Head Tube Angle"": ""71°"", ""E Seat Tube Angle"": ""74.3°"", ""F Standover (cm)"": ""78.2"", ""G Head Tube Length (cm)"": ""10.8"", ""H Wheelbase (cm)"": ""100.5"", ""I Front Center (cm)"": ""59.3"", ""J Chain Stay Length (cm)"": ""42.2"", ""K Bottom Bracket Drop (cm)"": ""7.2"", ""L Bottom Bracket Height (cm)"": ""28.8"", ""M Fork Rake (cm)"": ""5.5"", ""N Trail (cm)"": ""6.5"", ""O Stack (cm)"": ""53.5"", ""P Reach (cm)"": ""37.1"", ""Q Axle to Crown (cm)"": ""40.0""}",3799,false,https://www.cannondale.com/es-es/bikes/road/gravel/superx/superx-4-axs-smu,https://www.cannondale.com/-/media/images/my25/bikes/road/gravel/superx/pdps/c25_superx_geo_table_v2.ashx,vision,2026-10-05
Cannondale,SuperX [e1056b9e],SuperX 4 AXS,2026,gravel,54,,54,,,,,555,378,"{""Wheel Size"": ""700C"", ""A Seat Tube Length (cm)"": ""52.4"", ""B Top Tube Horizontal (cm)"": ""54"", ""C Top Tube Actual (cm)"": ""50.4"", ""D Head Tube Angle"": ""71°"", ""E Seat Tube Angle"": ""73.7°"", ""F Standover (cm)"": ""81.2"", ""G Head Tube Length (cm)"": ""13.2"", ""H Wheelbase (cm)"": ""102"", ""I Front Center (cm)"": ""60.7"", ""J Chain Stay Length (cm)"": ""42.2"", ""K Bottom Bracket Drop (cm)"": ""6.9"", ""L Bottom Bracket Height (cm)"": ""29"", ""M Fork Rake (cm)"": ""5.5"", ""N Trail (cm)"": ""6.5"", ""O Stack (cm)"": ""55.5"", ""P Reach (cm)"": ""37.8"", ""Q Axle to Crown (cm)"": ""40.0""}",3799,false,https://www.cannondale.com/es-es/bikes/road/gravel/superx/superx-4-axs-smu,https://www.cannondale.com/-/media/images/my25/bikes/road/gravel/superx/pdps/c25_superx_geo_table_v2.ashx,vision,2026-10-05
Cannondale,SuperX [e1056b9e],SuperX 4 AXS,2026,gravel,56,,56,,,,,575,385,"{""Wheel Size"": ""700C"", ""A Seat Tube Length (cm)"": ""54.6"", ""B Top Tube Horizontal (cm)"": ""55.8"", ""C Top Tube Actual (cm)"": ""52.1"", ""D Head Tube Angle"": ""71°"", ""E Seat Tube Angle"": ""73.3°"", ""F Standover (cm)"": ""83.2"", ""G Head Tube Length (cm)"": ""15.3"", ""H Wheelbase (cm)"": ""103.4"", ""I Front Center (cm)"": ""62.1"", ""J Chain Stay Length (cm)"": ""42.2"", ""K Bottom Bracket Drop (cm)"": ""6.9"", ""L Bottom Bracket Height (cm)"": ""29"", ""M Fork Rake (cm)"": ""5.5"", ""N Trail (cm)"": ""6.5"", ""O Stack (cm)"": ""57.5"", ""P Reach (cm)"": ""38.5"", ""Q Axle to Crown (cm)"": ""40.0""}",3799,false,https://www.cannondale.com/es-es/bikes/road/gravel/superx/superx-4-axs-smu,https://www.cannondale.com/-/media/images/my25/bikes/road/gravel/superx/pdps/c25_superx_geo_table_v2.ashx,vision,2026-10-05
Cannondale,SuperX [e1056b9e],SuperX 4 AXS,2026,gravel,58,,58,,,,,595,392,"{""Wheel Size"": ""700C"", ""A Seat Tube Length (cm)"": ""56.6"", ""B Top Tube Horizontal (cm)"": ""57.5"", ""C Top Tube Actual (cm)"": ""53.8"", ""D Head Tube Angle"": ""71°"", ""E Seat Tube Angle"": ""72.9°"", ""F Standover (cm)"": ""83.6"", ""G Head Tube Length (cm)"": ""17.7"", ""H Wheelbase (cm)"": ""104.9"", ""I Front Center (cm)"": ""63.6"", ""J Chain Stay Length (cm)"": ""42.2"", ""K Bottom Bracket Drop (cm)"": ""6.7"", ""L Bottom Bracket Height (cm)"": ""29.3"", ""M Fork Rake (cm)"": ""5.5"", ""N Trail (cm)"": ""6.5"", ""O Stack (cm)"": ""59.5"", ""P Reach (cm)"": ""39.2"", ""Q Axle to Crown (cm)"": ""40.0""}",3799,false,https://www.cannondale.com/es-es/bikes/road/gravel/superx/superx-4-axs-smu,https://www.cannondale.com/-/media/images/my25/bikes/road/gravel/superx/pdps/c25_superx_geo_table_v2.ashx,vision,2026-10-05
Cannondale,SuperX [e1056b9e],SuperX 4 AXS,2026,gravel,61,,61,,,,,615,398,"{""Wheel Size"": ""700C"", ""A Seat Tube Length (cm)"": ""58.9"", ""B Top Tube Horizontal (cm)"": ""59.4"", ""C Top Tube Actual (cm)"": ""55.6"", ""D Head Tube Angle"": ""71°"", ""E Seat Tube Angle"": ""72.3°"", ""F Standover (cm)"": ""84.9"", ""G Head Tube Length (cm)"": ""19.8"", ""H Wheelbase (cm)"": ""106.2"", ""I Front Center (cm)"": ""64.8"", ""J Chain Stay Length (cm)"": ""42.2"", ""K Bottom Bracket Drop (cm)"": ""6.7"", ""L Bottom Bracket Height (cm)"": ""29.3"", ""M Fork Rake (cm)"": ""5.5"", ""N Trail (cm)"": ""6.5"", ""O Stack (cm)"": ""61.5"", ""P Reach (cm)"": ""39.8"", ""Q Axle to Crown (cm)"": ""40.0""}",3799,false,https://www.cannondale.com/es-es/bikes/road/gravel/superx/superx-4-axs-smu,https://www.cannondale.com/-/media/images/my25/bikes/road/gravel/superx/pdps/c25_superx_geo_table_v2.ashx,vision,2026-10-05
Cannondale,Moterra [7e9bb525],Moterra 1,2026,emtb,SM,,,,,,,644,430,"{""Wheel Size"": ""29 F"", ""A Seat Tube Length (cm)"": ""38.0"", ""B Top Tube Horizontal (cm)"": ""57.0"", ""C Head Tube Angle"": ""64.4°"", ""D1 Seat Tube Angle Effective"": ""77.7°"", ""D Seat Tube Angle Actual"": ""72.1°"", ""E Standover (cm)"": ""75.2"", ""F Head Tube Length (cm)"": ""12.5"", ""G Wheelbase (cm)"": ""122.5"", ""H Front Center (cm)"": ""77.2"", ""I Chain Stay Length (cm)"": ""45.5"", ""J Bottom Bracket Drop (cm)"": ""3.3"", ""K Bottom Bracket Height (cm)"": ""34.6"", ""L Fork Rake (cm)"": ""4.4"", ""M Trail (cm)"": ""13.3"", ""N Stack (cm)"": ""64.4"", ""O Reach (cm)"": ""43.0"", ""P Axle-to-Crown (cm)"": ""57.6""}",8999,false,https://www.cannondale.com/es-es/bikes/electric/e-mountain/moterra-neo/moterra-1-smu,https://www.cannondale.com/-/media/images/my25/bikes/electric/e-mountain/moterra/pdp/c25_moterracarbon_geotable.ashx,vision,2026-10-05
Cannondale,Moterra [7e9bb525],Moterra 1,2026,emtb,MD,,,,,,,644,455,"{""Wheel Size"": ""29 F"", ""A Seat Tube Length (cm)"": ""40.0"", ""B Top Tube Horizontal (cm)"": ""59.5"", ""C Head Tube Angle"": ""64.4°"", ""D1 Seat Tube Angle Effective"": ""77.7°"", ""D Seat Tube Angle Actual"": ""72.2°"", ""E Standover (cm)"": ""76.2"", ""F Head Tube Length (cm)"": ""12.5"", ""G Wheelbase (cm)"": ""125.0"", ""H Front Center (cm)"": ""79.7"", ""I Chain Stay Length (cm)"": ""45.5"", ""J Bottom Bracket Drop (cm)"": ""3.4"", ""K Bottom Bracket Height (cm)"": ""34.6"", ""L Fork Rake (cm)"": ""4.4"", ""M Trail (cm)"": ""13.3"", ""N Stack (cm)"": ""64.4"", ""O Reach (cm)"": ""45.5"", ""P Axle-to-Crown (cm)"": ""57.6""}",8999,false,https://www.cannondale.com/es-es/bikes/electric/e-mountain/moterra-neo/moterra-1-smu,https://www.cannondale.com/-/media/images/my25/bikes/electric/e-mountain/moterra/pdp/c25_moterracarbon_geotable.ashx,vision,2026-10-05
Cannondale,Moterra [7e9bb525],Moterra 1,2026,emtb,LG,,,,,,,653,480,"{""Wheel Size"": ""29 F"", ""A Seat Tube Length (cm)"": ""42.0"", ""B Top Tube Horizontal (cm)"": ""62.2"", ""C Head Tube Angle"": ""64.4°"", ""D1 Seat Tube Angle Effective"": ""77.7°"", ""D Seat Tube Angle Actual"": ""72.4°"", ""E Standover (cm)"": ""77.5"", ""F Head Tube Length (cm)"": ""13.5"", ""G Wheelbase (cm)"": ""128.4"", ""H Front Center (cm)"": ""82.6"", ""I Chain Stay Length (cm)"": ""46.0"", ""J Bottom Bracket Drop (cm)"": ""3.4"", ""K Bottom Bracket Height (cm)"": ""34.6"", ""L Fork Rake (cm)"": ""4.4"", ""M Trail (cm)"": ""13.3"", ""N Stack (cm)"": ""65.3"", ""O Reach (cm)"": ""48.0"", ""P Axle-to-Crown (cm)"": ""57.6""}",8999,false,https://www.cannondale.com/es-es/bikes/electric/e-mountain/moterra-neo/moterra-1-smu,https://www.cannondale.com/-/media/images/my25/bikes/electric/e-mountain/moterra/pdp/c25_moterracarbon_geotable.ashx,vision,2026-10-05
Cannondale,Moterra [7e9bb525],Moterra 1,2026,emtb,XL,XL,,,,,,661,515,"{""Wheel Size"": ""29 F"", ""A Seat Tube Length (cm)"": ""46.0"", ""B Top Tube Horizontal (cm)"": ""65.8"", ""C Head Tube Angle"": ""64.4°"", ""D1 Seat Tube Angle Effective"": ""77.7°"", ""D Seat Tube Angle Actual"": ""72.4°"", ""E Standover (cm)"": ""78.51"", ""F Head Tube Length (cm)"": ""14.5"", ""G Wheelbase (cm)"": ""132.3"", ""H Front Center (cm)"": ""86.5"", ""I Chain Stay Length (cm)"": ""46.0"", ""J Bottom Bracket Drop (cm)"": ""3.4"", ""K Bottom Bracket Height (cm)"": ""34.6"", ""L Fork Rake (cm)"": ""4.4"", ""M Trail (cm)"": ""13.3"", ""N Stack (cm)"": ""66.1"", ""O Reach (cm)"": ""51.5"", ""P Axle-to-Crown (cm)"": ""57.6""}",8999,false,https://www.cannondale.com/es-es/bikes/electric/e-mountain/moterra-neo/moterra-1-smu,https://www.cannondale.com/-/media/images/my25/bikes/electric/e-mountain/moterra/pdp/c25_moterracarbon_geotable.ashx,vision,2026-10-05
Cannondale,Moterra [7e9bb525],Moterra 2,2026,emtb,SM,,,,,,,644,430,"{""Wheel Size"": ""29 F"", ""A Seat Tube Length (cm)"": ""38.0"", ""B Top Tube Horizontal (cm)"": ""57.0"", ""C Head Tube Angle"": ""64.4°"", ""D1 Seat Tube Angle Effective"": ""77.7°"", ""D Seat Tube Angle Actual"": ""72.1°"", ""E Standover (cm)"": ""75.2"", ""F Head Tube Length (cm)"": ""12.5"", ""G Wheelbase (cm)"": ""122.5"", ""H Front Center (cm)"": ""77.2"", ""I Chain Stay Length (cm)"": ""45.5"", ""J Bottom Bracket Drop (cm)"": ""3.3"", ""K Bottom Bracket Height (cm)"": ""34.6"", ""L Fork Rake (cm)"": ""4.4"", ""M Trail (cm)"": ""13.3"", ""N Stack (cm)"": ""64.4"", ""O Reach (cm)"": ""43.0"", ""P Axle-to-Crown (cm)"": ""57.6""}",6999,false,https://www.cannondale.com/es-es/bikes/electric/e-mountain/moterra-neo/moterra-2-smu,https://www.cannondale.com/-/media/images/my25/bikes/electric/e-mountain/moterra/pdp/c25_moterracarbon_geotable.ashx,vision,2026-10-05
Cannondale,Moterra [7e9bb525],Moterra 2,2026,emtb,MD,,,,,,,644,455,"{""Wheel Size"": ""29 F"", ""A Seat Tube Length (cm)"": ""40.0"", ""B Top Tube Horizontal (cm)"": ""59.5"", ""C Head Tube Angle"": ""64.4°"", ""D1 Seat Tube Angle Effective"": ""77.7°"", ""D Seat Tube Angle Actual"": ""72.2°"", ""E Standover (cm)"": ""76.2"", ""F Head Tube Length (cm)"": ""12.5"", ""G Wheelbase (cm)"": ""125.0"", ""H Front Center (cm)"": ""79.7"", ""I Chain Stay Length (cm)"": ""45.5"", ""J Bottom Bracket Drop (cm)"": ""3.4"", ""K Bottom Bracket Height (cm)"": ""34.6"", ""L Fork Rake (cm)"": ""4.4"", ""M Trail (cm)"": ""13.3"", ""N Stack (cm)"": ""64.4"", ""O Reach (cm)"": ""45.5"", ""P Axle-to-Crown (cm)"": ""57.6""}",6999,false,https://www.cannondale.com/es-es/bikes/electric/e-mountain/moterra-neo/moterra-2-smu,https://www.cannondale.com/-/media/images/my25/bikes/electric/e-mountain/moterra/pdp/c25_moterracarbon_geotable.ashx,vision,2026-10-05
Cannondale,Moterra [7e9bb525],Moterra 2,2026,emtb,LG,,,,,,,653,480,"{""Wheel Size"": ""29 F"", ""A Seat Tube Length (cm)"": ""42.0"", ""B Top Tube Horizontal (cm)"": ""62.2"", ""C Head Tube Angle"": ""64.4°"", ""D1 Seat Tube Angle Effective"": ""77.7°"", ""D Seat Tube Angle Actual"": ""72.4°"", ""E Standover (cm)"": ""77.5"", ""F Head Tube Length (cm)"": ""13.5"", ""G Wheelbase (cm)"": ""128.4"", ""H Front Center (cm)"": ""82.6"", ""I Chain Stay Length (cm)"": ""46.0"", ""J Bottom Bracket Drop (cm)"": ""3.4"", ""K Bottom Bracket Height (cm)"": ""34.6"", ""L Fork Rake (cm)"": ""4.4"", ""M Trail (cm)"": ""13.3"", ""N Stack (cm)"": ""65.3"", ""O Reach (cm)"": ""48.0"", ""P Axle-to-Crown (cm)"": ""57.6""}",6999,false,https://www.cannondale.com/es-es/bikes/electric/e-mountain/moterra-neo/moterra-2-smu,https://www.cannondale.com/-/media/images/my25/bikes/electric/e-mountain/moterra/pdp/c25_moterracarbon_geotable.ashx,vision,2026-10-05
Cannondale,Moterra [7e9bb525],Moterra 2,2026,emtb,XL,XL,,,,,,661,515,"{""Wheel Size"": ""29 F"", ""A Seat Tube Length (cm)"": ""46.0"", ""B Top Tube Horizontal (cm)"": ""65.8"", ""C Head Tube Angle"": ""64.4°"", ""D1 Seat Tube Angle Effective"": ""77.7°"", ""D Seat Tube Angle Actual"": ""72.4°"", ""E Standover (cm)"": ""78.51"", ""F Head Tube Length (cm)"": ""14.5"", ""G Wheelbase (cm)"": ""132.3"", ""H Front Center (cm)"": ""86.5"", ""I Chain Stay Length (cm)"": ""46.0"", ""J Bottom Bracket Drop (cm)"": ""3.4"", ""K Bottom Bracket Height (cm)"": ""34.6"", ""L Fork Rake (cm)"": ""4.4"", ""M Trail (cm)"": ""13.3"", ""N Stack (cm)"": ""66.1"", ""O Reach (cm)"": ""51.5"", ""P Axle-to-Crown (cm)"": ""57.6""}",6999,false,https://www.cannondale.com/es-es/bikes/electric/e-mountain/moterra-neo/moterra-2-smu,https://www.cannondale.com/-/media/images/my25/bikes/electric/e-mountain/moterra/pdp/c25_moterracarbon_geotable.ashx,vision,2026-10-05
Cannondale,Habit [77f12bdf],Habit LTD,2023,mtb,XS,XS,,,,,,575,405,"{""Wheel Size"": ""27.5\"""", ""A Seat Tube Length (cm)"": ""36.0"", ""B Top Tube Horizontal (cm)"": ""52.7"", ""C Top Tube Actual (CM)"": ""49.9"", ""D Head Tube Angle"": ""65.5°"", ""E Seat Tube Angle Actual"": ""71.5°"", ""E1 Seat Tube Angle Effective"": ""77.5°"", ""F Standover (cm)"": ""70.5"", ""G Head Tube Length (cm)"": ""10.0"", ""H Wheelbase (cm)"": ""112.9"", ""I Front Center (cm)"": ""69.6"", ""J Chain Stay Length (cm)"": ""43.4"", ""K Bottom Bracket Drop (cm)"": ""1.6"", ""L Bottom Bracket Height (cm)"": ""34.2"", ""M Fork Rake (cm)"": ""3.7"", ""N Trail (cm)"": ""12.2"", ""O Stack (cm)"": ""57.5"", ""P Reach (cm)"": ""40.5""}",8499,false,https://www.cannondale.com/es-es/bikes/mountain/trail-bikes/habit/habit-ltd,https://www.cannondale.com/-/media/images/my22/bikes/mountain/trail-bikes/habit/geos/c23_habitcarbon_geotable_v2.ashx,vision,2026-10-05
Cannondale,Habit [77f12bdf],Habit LTD,2023,mtb,SM,,,,,,,623,430,"{""Wheel Size"": ""29\"""", ""A Seat Tube Length (cm)"": ""38.0"", ""B Top Tube Horizontal (cm)"": ""56.3"", ""C Top Tube Actual (CM)"": ""53.1"", ""D Head Tube Angle"": ""65.5°"", ""E Seat Tube Angle Actual"": ""70.5°"", ""E1 Seat Tube Angle Effective"": ""77.5°"", ""F Standover (cm)"": ""73.0"", ""G Head Tube Length (cm)"": ""11.0"", ""H Wheelbase (cm)"": ""117.0"", ""I Front Center (cm)"": ""73.8"", ""J Chain Stay Length (cm)"": ""43.4"", ""K Bottom Bracket Drop (cm)"": ""3.8"", ""L Bottom Bracket Height (cm)"": ""34.1"", ""M Fork Rake (cm)"": ""4.2"", ""N Trail (cm)"": ""12.7"", ""O Stack (cm)"": ""62.3"", ""P Reach (cm)"": ""43.0""}",8499,false,https://www.cannondale.com/es-es/bikes/mountain/trail-bikes/habit/habit-ltd,https://www.cannondale.com/-/media/images/my22/bikes/mountain/trail-bikes/habit/geos/c23_habitcarbon_geotable_v2.ashx,vision,2026-10-05
Cannondale,Habit [77f12bdf],Habit LTD,2023,mtb,MD,,,,,,,632,455,"{""Wheel Size"": ""29\"""", ""A Seat Tube Length (cm)"": ""40.0"", ""B Top Tube Horizontal (cm)"": ""59.0"", ""C Top Tube Actual (CM)"": ""55.4"", ""D Head Tube Angle"": ""65.5°"", ""E Seat Tube Angle Actual"": ""71.0°"", ""E1 Seat Tube Angle Effective"": ""77.5°"", ""F Standover (cm)"": ""73.5"", ""G Head Tube Length (cm)"": ""12.0"", ""H Wheelbase (cm)"": ""120.0"", ""I Front Center (cm)"": ""76.7"", ""J Chain Stay Length (cm)"": ""43.5"", ""K Bottom Bracket Drop (cm)"": ""3.8"", ""L Bottom Bracket Height (cm)"": ""34.1"", ""M Fork Rake (cm)"": ""4.2"", ""N Trail (cm)"": ""12.7"", ""O Stack (cm)"": ""63.2"", ""P Reach (cm)"": ""45.5""}",8499,false,https://www.cannondale.com/es-es/bikes/mountain/trail-bikes/habit/habit-ltd,https://www.cannondale.com/-/media/images/my22/bikes/mountain/trail-bikes/habit/geos/c23_habitcarbon_geotable_v2.ashx,vision,2026-10-05
Cannondale,Habit [77f12bdf],Habit LTD,2023,mtb,LG,,,,,,,641,480,"{""Wheel Size"": ""29\"""", ""A Seat Tube Length (cm)"": ""44.5"", ""B Top Tube Horizontal (cm)"": ""61.7"", ""C Top Tube Actual (CM)"": ""57.9"", ""D Head Tube Angle"": ""65.5°"", ""E Seat Tube Angle Actual"": ""72.0°"", ""E1 Seat Tube Angle Effective"": ""77.5°"", ""F Standover (cm)"": ""75.1"", ""G Head Tube Length (cm)"": ""13.0"", ""H Wheelbase (cm)"": ""123.4"", ""I Front Center (cm)"": ""79.6"", ""J Chain Stay Length (cm)"": ""44.0"", ""K Bottom Bracket Drop (cm)"": ""3.8"", ""L Bottom Bracket Height (cm)"": ""34.1"", ""M Fork Rake (cm)"": ""4.2"", ""N Trail (cm)"": ""12.7"", ""O Stack (cm)"": ""64.1"", ""P Reach (cm)"": ""48.0""}",8499,false,https://www.cannondale.com/es-es/bikes/mountain/trail-bikes/habit/habit-ltd,https://www.cannondale.com/-/media/images/my22/bikes/mountain/trail-bikes/habit/geos/c23_habitcarbon_geotable_v2.ashx,vision,2026-10-05
Cannondale,Habit [77f12bdf],Habit LTD,2023,mtb,XL,XL,,,,,,650,515,"{""Wheel Size"": ""29\"""", ""A Seat Tube Length (cm)"": ""50.0"", ""B Top Tube Horizontal (cm)"": ""65.4"", ""C Top Tube Actual (CM)"": ""61.7"", ""D Head Tube Angle"": ""65.5°"", ""E Seat Tube Angle Actual"": ""73.0°"", ""E1 Seat Tube Angle Effective"": ""77.5°"", ""F Standover (cm)"": ""76.2"", ""G Head Tube Length (cm)"": ""14.0"", ""H Wheelbase (cm)"": ""127.8"", ""I Front Center (cm)"": ""83.5"", ""J Chain Stay Length (cm)"": ""44.5"", ""K Bottom Bracket Drop (cm)"": ""3.8"", ""L Bottom Bracket Height (cm)"": ""34.1"", ""M Fork Rake (cm)"": ""4.2"", ""N Trail (cm)"": ""12.7"", ""O Stack (cm)"": ""65.0"", ""P Reach (cm)"": ""51.5""}",8499,false,https://www.cannondale.com/es-es/bikes/mountain/trail-bikes/habit/habit-ltd,https://www.cannondale.com/-/media/images/my22/bikes/mountain/trail-bikes/habit/geos/c23_habitcarbon_geotable_v2.ashx,vision,2026-10-05
Cannondale,Habit [77f12bdf],Habit Carbon 1 AXS,2023,mtb,XS,XS,,,,,,575,405,"{""Wheel Size"": ""27.5\"""", ""A Seat Tube Length (cm)"": ""36.0"", ""B Top Tube Horizontal (cm)"": ""52.7"", ""C Top Tube Actual (CM)"": ""49.9"", ""D Head Tube Angle"": ""65.5°"", ""E Seat Tube Angle Actual"": ""71.5°"", ""E1 Seat Tube Angle Effective"": ""77.5°"", ""F Standover (cm)"": ""70.5"", ""G Head Tube Length (cm)"": ""10.0"", ""H Wheelbase (cm)"": ""112.9"", ""I Front Center (cm)"": ""69.6"", ""J Chain Stay Length (cm)"": ""43.4"", ""K Bottom Bracket Drop (cm)"": ""1.6"", ""L Bottom Bracket Height (cm)"": ""34.2"", ""M Fork Rake (cm)"": ""3.7"", ""N Trail (cm)"": ""12.2"", ""O Stack (cm)"": ""57.5"", ""P Reach (cm)"": ""40.5""}",6499,false,https://www.cannondale.com/es-es/bikes/mountain/trail-bikes/habit/habit-carbon-1-axs,https://www.cannondale.com/-/media/images/my22/bikes/mountain/trail-bikes/habit/geos/c23_habitcarbon_geotable_v2.ashx,vision,2026-10-05
Cannondale,Habit [77f12bdf],Habit Carbon 1 AXS,2023,mtb,SM,,,,,,,623,430,"{""Wheel Size"": ""29\"""", ""A Seat Tube Length (cm)"": ""38.0"", ""B Top Tube Horizontal (cm)"": ""56.3"", ""C Top Tube Actual (CM)"": ""53.1"", ""D Head Tube Angle"": ""65.5°"", ""E Seat Tube Angle Actual"": ""70.5°"", ""E1 Seat Tube Angle Effective"": ""77.5°"", ""F Standover (cm)"": ""73.0"", ""G Head Tube Length (cm)"": ""11.0"", ""H Wheelbase (cm)"": ""117.0"", ""I Front Center (cm)"": ""73.8"", ""J Chain Stay Length (cm)"": ""43.4"", ""K Bottom Bracket Drop (cm)"": ""3.8"", ""L Bottom Bracket Height (cm)"": ""34.1"", ""M Fork Rake (cm)"": ""4.2"", ""N Trail (cm)"": ""12.7"", ""O Stack (cm)"": ""62.3"", ""P Reach (cm)"": ""43.0""}",6499,false,https://www.cannondale.com/es-es/bikes/mountain/trail-bikes/habit/habit-carbon-1-axs,https://www.cannondale.com/-/media/images/my22/bikes/mountain/trail-bikes/habit/geos/c23_habitcarbon_geotable_v2.ashx,vision,2026-10-05
Cannondale,Habit [77f12bdf],Habit Carbon 1 AXS,2023,mtb,MD,,,,,,,632,455,"{""Wheel Size"": ""29\"""", ""A Seat Tube Length (cm)"": ""40.0"", ""B Top Tube Horizontal (cm)"": ""59.0"", ""C Top Tube Actual (CM)"": ""55.4"", ""D Head Tube Angle"": ""65.5°"", ""E Seat Tube Angle Actual"": ""71.0°"", ""E1 Seat Tube Angle Effective"": ""77.5°"", ""F Standover (cm)"": ""73.5"", ""G Head Tube Length (cm)"": ""12.0"", ""H Wheelbase (cm)"": ""120.0"", ""I Front Center (cm)"": ""76.7"", ""J Chain Stay Length (cm)"": ""43.5"", ""K Bottom Bracket Drop (cm)"": ""3.8"", ""L Bottom Bracket Height (cm)"": ""34.1"", ""M Fork Rake (cm)"": ""4.2"", ""N Trail (cm)"": ""12.7"", ""O Stack (cm)"": ""63.2"", ""P Reach (cm)"": ""45.5""}",6499,false,https://www.cannondale.com/es-es/bikes/mountain/trail-bikes/habit/habit-carbon-1-axs,https://www.cannondale.com/-/media/images/my22/bikes/mountain/trail-bikes/habit/geos/c23_habitcarbon_geotable_v2.ashx,vision,2026-10-05
Cannondale,Habit [77f12bdf],Habit Carbon 1 AXS,2023,mtb,LG,,,,,,,641,480,"{""Wheel Size"": ""29\"""", ""A Seat Tube Length (cm)"": ""44.5"", ""B Top Tube Horizontal (cm)"": ""61.7"", ""C Top Tube Actual (CM)"": ""57.9"", ""D Head Tube Angle"": ""65.5°"", ""E Seat Tube Angle Actual"": ""72.0°"", ""E1 Seat Tube Angle Effective"": ""77.5°"", ""F Standover (cm)"": ""75.1"", ""G Head Tube Length (cm)"": ""13.0"", ""H Wheelbase (cm)"": ""123.4"", ""I Front Center (cm)"": ""79.6"", ""J Chain Stay Length (cm)"": ""44.0"", ""K Bottom Bracket Drop (cm)"": ""3.8"", ""L Bottom Bracket Height (cm)"": ""34.1"", ""M Fork Rake (cm)"": ""4.2"", ""N Trail (cm)"": ""12.7"", ""O Stack (cm)"": ""64.1"", ""P Reach (cm)"": ""48.0""}",6499,false,https://www.cannondale.com/es-es/bikes/mountain/trail-bikes/habit/habit-carbon-1-axs,https://www.cannondale.com/-/media/images/my22/bikes/mountain/trail-bikes/habit/geos/c23_habitcarbon_geotable_v2.ashx,vision,2026-10-05
Cannondale,Habit [77f12bdf],Habit Carbon 1 AXS,2023,mtb,XL,XL,,,,,,650,515,"{""Wheel Size"": ""29\"""", ""A Seat Tube Length (cm)"": ""50.0"", ""B Top Tube Horizontal (cm)"": ""65.4"", ""C Top Tube Actual (CM)"": ""61.7"", ""D Head Tube Angle"": ""65.5°"", ""E Seat Tube Angle Actual"": ""73.0°"", ""E1 Seat Tube Angle Effective"": ""77.5°"", ""F Standover (cm)"": ""76.2"", ""G Head Tube Length (cm)"": ""14.0"", ""H Wheelbase (cm)"": ""127.8"", ""I Front Center (cm)"": ""83.5"", ""J Chain Stay Length (cm)"": ""44.5"", ""K Bottom Bracket Drop (cm)"": ""3.8"", ""L Bottom Bracket Height (cm)"": ""34.1"", ""M Fork Rake (cm)"": ""4.2"", ""N Trail (cm)"": ""12.7"", ""O Stack (cm)"": ""65.0"", ""P Reach (cm)"": ""51.5""}",6499,false,https://www.cannondale.com/es-es/bikes/mountain/trail-bikes/habit/habit-carbon-1-axs,https://www.cannondale.com/-/media/images/my22/bikes/mountain/trail-bikes/habit/geos/c23_habitcarbon_geotable_v2.ashx,vision,2026-10-05
Cannondale,Habit [77f12bdf],Habit Carbon 2,2022,mtb,XS,XS,,,,,,575,405,"{""Wheel Size"": ""27.5\"""", ""A Seat Tube Length (cm)"": ""36.0"", ""B Top Tube Horizontal (cm)"": ""52.7"", ""C Top Tube Actual (CM)"": ""49.9"", ""D Head Tube Angle"": ""65.5°"", ""E Seat Tube Angle Actual"": ""71.5°"", ""E1 Seat Tube Angle Effective"": ""77.5°"", ""F Standover (cm)"": ""70.5"", ""G Head Tube Length (cm)"": ""10.0"", ""H Wheelbase (cm)"": ""112.9"", ""I Front Center (cm)"": ""69.6"", ""J Chain Stay Length (cm)"": ""43.4"", ""K Bottom Bracket Drop (cm)"": ""1.6"", ""L Bottom Bracket Height (cm)"": ""34.2"", ""M Fork Rake (cm)"": ""3.7"", ""N Trail (cm)"": ""12.2"", ""O Stack (cm)"": ""57.5"", ""P Reach (cm)"": ""40.5""}",4499,false,https://www.cannondale.com/es-es/bikes/mountain/trail-bikes/habit/habit-carbon-2,https://www.cannondale.com/-/media/images/my22/bikes/mountain/trail-bikes/habit/geos/c23_habitcarbon_geotable_v2.ashx,vision,2026-10-05
Cannondale,Habit [77f12bdf],Habit Carbon 2,2022,mtb,SM,,,,,,,623,430,"{""Wheel Size"": ""29\"""", ""A Seat Tube Length (cm)"": ""38.0"", ""B Top Tube Horizontal (cm)"": ""56.3"", ""C Top Tube Actual (CM)"": ""53.1"", ""D Head Tube Angle"": ""65.5°"", ""E Seat Tube Angle Actual"": ""70.5°"", ""E1 Seat Tube Angle Effective"": ""77.5°"", ""F Standover (cm)"": ""73.0"", ""G Head Tube Length (cm)"": ""11.0"", ""H Wheelbase (cm)"": ""117.0"", ""I Front Center (cm)"": ""73.8"", ""J Chain Stay Length (cm)"": ""43.4"", ""K Bottom Bracket Drop (cm)"": ""3.8"", ""L Bottom Bracket Height (cm)"": ""34.1"", ""M Fork Rake (cm)"": ""4.2"", ""N Trail (cm)"": ""12.7"", ""O Stack (cm)"": ""62.3"", ""P Reach (cm)"": ""43.0""}",4499,false,https://www.cannondale.com/es-es/bikes/mountain/trail-bikes/habit/habit-carbon-2,https://www.cannondale.com/-/media/images/my22/bikes/mountain/trail-bikes/habit/geos/c23_habitcarbon_geotable_v2.ashx,vision,2026-10-05
Cannondale,Habit [77f12bdf],Habit Carbon 2,2022,mtb,MD,,,,,,,632,455,"{""Wheel Size"": ""29\"""", ""A Seat Tube Length (cm)"": ""40.0"", ""B Top Tube Horizontal (cm)"": ""59.0"", ""C Top Tube Actual (CM)"": ""55.4"", ""D Head Tube Angle"": ""65.5°"", ""E Seat Tube Angle Actual"": ""71.0°"", ""E1 Seat Tube Angle Effective"": ""77.5°"", ""F Standover (cm)"": ""73.5"", ""G Head Tube Length (cm)"": ""12.0"", ""H Wheelbase (cm)"": ""120.0"", ""I Front Center (cm)"": ""76.7"", ""J Chain Stay Length (cm)"": ""43.5"", ""K Bottom Bracket Drop (cm)"": ""3.8"", ""L Bottom Bracket Height (cm)"": ""34.1"", ""M Fork Rake (cm)"": ""4.2"", ""N Trail (cm)"": ""12.7"", ""O Stack (cm)"": ""63.2"", ""P Reach (cm)"": ""45.5""}",4499,false,https://www.cannondale.com/es-es/bikes/mountain/trail-bikes/habit/habit-carbon-2,https://www.cannondale.com/-/media/images/my22/bikes/mountain/trail-bikes/habit/geos/c23_habitcarbon_geotable_v2.ashx,vision,2026-10-05
Cannondale,Habit [77f12bdf],Habit Carbon 2,2022,mtb,LG,,,,,,,641,480,"{""Wheel Size"": ""29\"""", ""A Seat Tube Length (cm)"": ""44.5"", ""B Top Tube Horizontal (cm)"": ""61.7"", ""C Top Tube Actual (CM)"": ""57.9"", ""D Head Tube Angle"": ""65.5°"", ""E Seat Tube Angle Actual"": ""72.0°"", ""E1 Seat Tube Angle Effective"": ""77.5°"", ""F Standover (cm)"": ""75.1"", ""G Head Tube Length (cm)"": ""13.0"", ""H Wheelbase (cm)"": ""123.4"", ""I Front Center (cm)"": ""79.6"", ""J Chain Stay Length (cm)"": ""44.0"", ""K Bottom Bracket Drop (cm)"": ""3.8"", ""L Bottom Bracket Height (cm)"": ""34.1"", ""M Fork Rake (cm)"": ""4.2"", ""N Trail (cm)"": ""12.7"", ""O Stack (cm)"": ""64.1"", ""P Reach (cm)"": ""48.0""}",4499,false,https://www.cannondale.com/es-es/bikes/mountain/trail-bikes/habit/habit-carbon-2,https://www.cannondale.com/-/media/images/my22/bikes/mountain/trail-bikes/habit/geos/c23_habitcarbon_geotable_v2.ashx,vision,2026-10-05
Cannondale,Habit [77f12bdf],Habit Carbon 2,2022,mtb,XL,XL,,,,,,650,515,"{""Wheel Size"": ""29\"""", ""A Seat Tube Length (cm)"": ""50.0"", ""B Top Tube Horizontal (cm)"": ""65.4"", ""C Top Tube Actual (CM)"": ""61.7"", ""D Head Tube Angle"": ""65.5°"", ""E Seat Tube Angle Actual"": ""73.0°"", ""E1 Seat Tube Angle Effective"": ""77.5°"", ""F Standover (cm)"": ""76.2"", ""G Head Tube Length (cm)"": ""14.0"", ""H Wheelbase (cm)"": ""127.8"", ""I Front Center (cm)"": ""83.5"", ""J Chain Stay Length (cm)"": ""44.5"", ""K Bottom Bracket Drop (cm)"": ""3.8"", ""L Bottom Bracket Height (cm)"": ""34.1"", ""M Fork Rake (cm)"": ""4.2"", ""N Trail (cm)"": ""12.7"", ""O Stack (cm)"": ""65.0"", ""P Reach (cm)"": ""51.5""}",4499,false,https://www.cannondale.com/es-es/bikes/mountain/trail-bikes/habit/habit-carbon-2,https://www.cannondale.com/-/media/images/my22/bikes/mountain/trail-bikes/habit/geos/c23_habitcarbon_geotable_v2.ashx,vision,2026-10-05
Cannondale,Topstone Carbon [a727119d],Topstone Carbon LTD Lefty AXS,2025,gravel,47.0,,47,,,,,554,364,"{""A Seat Tube Length (cm)"": ""41.0"", ""B Top Tube Horizontal (cm)"": ""53.2"", ""C Top Tube Actual (cm)"": ""51.0"", ""D Head Tube Angle"": ""69.9°"", ""E Seat Tube Angle"": ""73.1°"", ""F Standover (cm)"": ""71.6"", ""G Head Tube Length (cm)"": ""9.7"", ""H Wheelbase (cm)"": ""100.9"", ""I Front Center (cm)"": ""60.1"", ""J Chain Stay Length (cm)"": ""42.0"", ""K Bottom Bracket Drop (cm)"": ""7.9"", ""L Bottom Bracket Height (cm)"": ""28.0"", ""M Fork Rake (cm)"": ""5.5"", ""N Trail (cm)"": ""7.3"", ""O Stack (cm)"": ""55.4"", ""P Reach (cm)"": ""36.4"", ""Q Axle-to-Crown"": ""42.9""}",7999,false,https://www.cannondale.com/es-es/bikes/road/gravel/topstone-carbon/topstone-carbon-ltd-lefty-axs,https://www.cannondale.com/-/media/images/my25/bikes/road/gravel/topstone-carbon/pdps/cy25_topstonecarbon_geotable.ashx,vision,2026-10-05
Cannondale,Topstone Carbon [a727119d],Topstone Carbon LTD Lefty AXS,2025,gravel,51.0,,51,,,,,561,373,"{""A Seat Tube Length (cm)"": ""44.6"", ""B Top Tube Horizontal (cm)"": ""54.3"", ""C Top Tube Actual (cm)"": ""52.0"", ""D Head Tube Angle"": ""70.7°"", ""E Seat Tube Angle"": ""73.1°"", ""F Standover (cm)"": ""74.1"", ""G Head Tube Length (cm)"": ""10.1"", ""H Wheelbase (cm)"": ""101.2"", ""I Front Center (cm)"": ""60.5"", ""J Chain Stay Length (cm)"": ""42.0"", ""K Bottom Bracket Drop (cm)"": ""7.9"", ""L Bottom Bracket Height (cm)"": ""28.0"", ""M Fork Rake (cm)"": ""5.5"", ""N Trail (cm)"": ""6.7"", ""O Stack (cm)"": ""56.1"", ""P Reach (cm)"": ""37.3"", ""Q Axle-to-Crown"": ""42.9""}",7999,false,https://www.cannondale.com/es-es/bikes/road/gravel/topstone-carbon/topstone-carbon-ltd-lefty-axs,https://www.cannondale.com/-/media/images/my25/bikes/road/gravel/topstone-carbon/pdps/cy25_topstonecarbon_geotable.ashx,vision,2026-10-05
Cannondale,Topstone Carbon [a727119d],Topstone Carbon LTD Lefty AXS,2025,gravel,54.0,,54,,,,,579,378,"{""A Seat Tube Length (cm)"": ""48.2"", ""B Top Tube Horizontal (cm)"": ""55.4"", ""C Top Tube Actual (cm)"": ""53.1"", ""D Head Tube Angle"": ""70.7°"", ""E Seat Tube Angle"": ""73.1°"", ""F Standover (cm)"": ""77.2"", ""G Head Tube Length (cm)"": ""12.3"", ""H Wheelbase (cm)"": ""102.6"", ""I Front Center (cm)"": ""61.7"", ""J Chain Stay Length (cm)"": ""42.0"", ""K Bottom Bracket Drop (cm)"": ""7.6"", ""L Bottom Bracket Height (cm)"": ""28.3"", ""M Fork Rake (cm)"": ""5.5"", ""N Trail (cm)"": ""6.7"", ""O Stack (cm)"": ""57.9"", ""P Reach (cm)"": ""37.8"", ""Q Axle-to-Crown"": ""42.9""}",7999,false,https://www.cannondale.com/es-es/bikes/road/gravel/topstone-carbon/topstone-carbon-ltd-lefty-axs,https://www.cannondale.com/-/media/images/my25/bikes/road/gravel/topstone-carbon/pdps/cy25_topstonecarbon_geotable.ashx,vision,2026-10-05
Cannondale,Topstone Carbon [a727119d],Topstone Carbon LTD Lefty AXS,2025,gravel,56.0,,56,,,,,597,383,"{""A Seat Tube Length (cm)"": ""51.8"", ""B Top Tube Horizontal (cm)"": ""56.4"", ""C Top Tube Actual (cm)"": ""54.3"", ""D Head Tube Angle"": ""70.7°"", ""E Seat Tube Angle"": ""73.1°"", ""F Standover (cm)"": ""80.0"", ""G Head Tube Length (cm)"": ""14.2"", ""H Wheelbase (cm)"": ""103.6"", ""I Front Center (cm)"": ""62.8"", ""J Chain Stay Length (cm)"": ""42.0"", ""K Bottom Bracket Drop (cm)"": ""7.6"", ""L Bottom Bracket Height (cm)"": ""28.3"", ""M Fork Rake (cm)"": ""5.5"", ""N Trail (cm)"": ""6.7"", ""O Stack (cm)"": ""59.7"", ""P Reach (cm)"": ""38.3"", ""Q Axle-to-Crown"": ""42.9""}",7999,false,https://www.cannondale.com/es-es/bikes/road/gravel/topstone-carbon/topstone-carbon-ltd-lefty-axs,https://www.cannondale.com/-/media/images/my25/bikes/road/gravel/topstone-carbon/pdps/cy25_topstonecarbon_geotable.ashx,vision,2026-10-05
Cannondale,Topstone Carbon [a727119d],Topstone Carbon LTD Lefty AXS,2025,gravel,58.0,,58,,,,,615,389,"{""A Seat Tube Length (cm)"": ""55.4"", ""B Top Tube Horizontal (cm)"": ""57.6"", ""C Top Tube Actual (cm)"": ""55.7"", ""D Head Tube Angle"": ""70.7°"", ""E Seat Tube Angle"": ""73.1°"", ""F Standover (cm)"": ""83.1"", ""G Head Tube Length (cm)"": ""16.4"", ""H Wheelbase (cm)"": ""105.0"", ""I Front Center (cm)"": ""64.1"", ""J Chain Stay Length (cm)"": ""42.0"", ""K Bottom Bracket Drop (cm)"": ""7.4"", ""L Bottom Bracket Height (cm)"": ""28.5"", ""M Fork Rake (cm)"": ""5.5"", ""N Trail (cm)"": ""6.7"", ""O Stack (cm)"": ""61.5"", ""P Reach (cm)"": ""38.9"", ""Q Axle-to-Crown"": ""42.9""}",7999,false,https://www.cannondale.com/es-es/bikes/road/gravel/topstone-carbon/topstone-carbon-ltd-lefty-axs,https://www.cannondale.com/-/media/images/my25/bikes/road/gravel/topstone-carbon/pdps/cy25_topstonecarbon_geotable.ashx,vision,2026-10-05
Cannondale,Topstone Carbon [a727119d],Topstone Carbon LTD Lefty AXS,2025,gravel,61.0,,61,,,,,646,397,"{""A Seat Tube Length (cm)"": ""59.0"", ""B Top Tube Horizontal (cm)"": ""59.3"", ""C Top Tube Actual (cm)"": ""57.4"", ""D Head Tube Angle"": ""70.7°"", ""E Seat Tube Angle"": ""73.1°"", ""F Standover (cm)"": ""86.4"", ""G Head Tube Length (cm)"": ""19.6"", ""H Wheelbase (cm)"": ""106.9"", ""I Front Center (cm)"": ""65.9"", ""J Chain Stay Length (cm)"": ""42.0"", ""K Bottom Bracket Drop (cm)"": ""7.4"", ""L Bottom Bracket Height (cm)"": ""28.5"", ""M Fork Rake (cm)"": ""5.5"", ""N Trail (cm)"": ""6.7"", ""O Stack (cm)"": ""64.6"", ""P Reach (cm)"": ""39.7"", ""Q Axle-to-Crown"": ""42.9""}",7999,false,https://www.cannondale.com/es-es/bikes/road/gravel/topstone-carbon/topstone-carbon-ltd-lefty-axs,https://www.cannondale.com/-/media/images/my25/bikes/road/gravel/topstone-carbon/pdps/cy25_topstonecarbon_geotable.ashx,vision,2026-10-05
Cannondale,Topstone Carbon [a727119d],Topstone Carbon LTD Di2,2025,gravel,47.0,,47,,,,,554,364,"{""A Seat Tube Length (cm)"": ""41.0"", ""B Top Tube Horizontal (cm)"": ""53.2"", ""C Top Tube Actual (cm)"": ""51.0"", ""D Head Tube Angle"": ""69.9°"", ""E Seat Tube Angle"": ""73.1°"", ""F Standover (cm)"": ""71.6"", ""G Head Tube Length (cm)"": ""9.7"", ""H Wheelbase (cm)"": ""100.9"", ""I Front Center (cm)"": ""60.1"", ""J Chain Stay Length (cm)"": ""42.0"", ""K Bottom Bracket Drop (cm)"": ""7.9"", ""L Bottom Bracket Height (cm)"": ""28.0"", ""M Fork Rake (cm)"": ""5.5"", ""N Trail (cm)"": ""7.3"", ""O Stack (cm)"": ""55.4"", ""P Reach (cm)"": ""36.4"", ""Q Axle-to-Crown"": ""42.9""}",6499,false,https://www.cannondale.com/es-es/bikes/road/gravel/topstone-carbon/topstone-carbon-ltd-di2-c15315u,https://www.cannondale.com/-/media/images/my25/bikes/road/gravel/topstone-carbon/pdps/cy25_topstonecarbon_geotable.ashx,vision,2026-10-05
Cannondale,Topstone Carbon [a727119d],Topstone Carbon LTD Di2,2025,gravel,51.0,,51,,,,,561,373,"{""A Seat Tube Length (cm)"": ""44.6"", ""B Top Tube Horizontal (cm)"": ""54.3"", ""C Top Tube Actual (cm)"": ""52.0"", ""D Head Tube Angle"": ""70.7°"", ""E Seat Tube Angle"": ""73.1°"", ""F Standover (cm)"": ""74.1"", ""G Head Tube Length (cm)"": ""10.1"", ""H Wheelbase (cm)"": ""101.2"", ""I Front Center (cm)"": ""60.5"", ""J Chain Stay Length (cm)"": ""42.0"", ""K Bottom Bracket Drop (cm)"": ""7.9"", ""L Bottom Bracket Height (cm)"": ""28.0"", ""M Fork Rake (cm)"": ""5.5"", ""N Trail (cm)"": ""6.7"", ""O Stack (cm)"": ""56.1"", ""P Reach (cm)"": ""37.3"", ""Q Axle-to-Crown"": ""42.9""}",6499,false,https://www.cannondale.com/es-es/bikes/road/gravel/topstone-carbon/topstone-carbon-ltd-di2-c15315u,https://www.cannondale.com/-/media/images/my25/bikes/road/gravel/topstone-carbon/pdps/cy25_topstonecarbon_geotable.ashx,vision,2026-10-05
Cannondale,Topstone Carbon [a727119d],Topstone Carbon LTD Di2,2025,gravel,54.0,,54,,,,,579,378,"{""A Seat Tube Length (cm)"": ""48.2"", ""B Top Tube Horizontal (cm)"": ""55.4"", ""C Top Tube Actual (cm)"": ""53.1"", ""D Head Tube Angle"": ""70.7°"", ""E Seat Tube Angle"": ""73.1°"", ""F Standover (cm)"": ""77.2"", ""G Head Tube Length (cm)"": ""12.3"", ""H Wheelbase (cm)"": ""102.6"", ""I Front Center (cm)"": ""61.7"", ""J Chain Stay Length (cm)"": ""42.0"", ""K Bottom Bracket Drop (cm)"": ""7.6"", ""L Bottom Bracket Height (cm)"": ""28.3"", ""M Fork Rake (cm)"": ""5.5"", ""N Trail (cm)"": ""6.7"", ""O Stack (cm)"": ""57.9"", ""P Reach (cm)"": ""37.8"", ""Q Axle-to-Crown"": ""42.9""}",6499,false,https://www.cannondale.com/es-es/bikes/road/gravel/topstone-carbon/topstone-carbon-ltd-di2-c15315u,https://www.cannondale.com/-/media/images/my25/bikes/road/gravel/topstone-carbon/pdps/cy25_topstonecarbon_geotable.ashx,vision,2026-10-05
Cannondale,Topstone Carbon [a727119d],Topstone Carbon LTD Di2,2025,gravel,56.0,,56,,,,,597,383,"{""A Seat Tube Length (cm)"": ""51.8"", ""B Top Tube Horizontal (cm)"": ""56.4"", ""C Top Tube Actual (cm)"": ""54.3"", ""D Head Tube Angle"": ""70.7°"", ""E Seat Tube Angle"": ""73.1°"", ""F Standover (cm)"": ""80.0"", ""G Head Tube Length (cm)"": ""14.2"", ""H Wheelbase (cm)"": ""103.6"", ""I Front Center (cm)"": ""62.8"", ""J Chain Stay Length (cm)"": ""42.0"", ""K Bottom Bracket Drop (cm)"": ""7.6"", ""L Bottom Bracket Height (cm)"": ""28.3"", ""M Fork Rake (cm)"": ""5.5"", ""N Trail (cm)"": ""6.7"", ""O Stack (cm)"": ""59.7"", ""P Reach (cm)"": ""38.3"", ""Q Axle-to-Crown"": ""42.9""}",6499,false,https://www.cannondale.com/es-es/bikes/road/gravel/topstone-carbon/topstone-carbon-ltd-di2-c15315u,https://www.cannondale.com/-/media/images/my25/bikes/road/gravel/topstone-carbon/pdps/cy25_topstonecarbon_geotable.ashx,vision,2026-10-05
Cannondale,Topstone Carbon [a727119d],Topstone Carbon LTD Di2,2025,gravel,58.0,,58,,,,,615,389,"{""A Seat Tube Length (cm)"": ""55.4"", ""B Top Tube Horizontal (cm)"": ""57.6"", ""C Top Tube Actual (cm)"": ""55.7"", ""D Head Tube Angle"": ""70.7°"", ""E Seat Tube Angle"": ""73.1°"", ""F Standover (cm)"": ""83.1"", ""G Head Tube Length (cm)"": ""16.4"", ""H Wheelbase (cm)"": ""105.0"", ""I Front Center (cm)"": ""64.1"", ""J Chain Stay Length (cm)"": ""42.0"", ""K Bottom Bracket Drop (cm)"": ""7.4"", ""L Bottom Bracket Height (cm)"": ""28.5"", ""M Fork Rake (cm)"": ""5.5"", ""N Trail (cm)"": ""6.7"", ""O Stack (cm)"": ""61.5"", ""P Reach (cm)"": ""38.9"", ""Q Axle-to-Crown"": ""42.9""}",6499,false,https://www.cannondale.com/es-es/bikes/road/gravel/topstone-carbon/topstone-carbon-ltd-di2-c15315u,https://www.cannondale.com/-/media/images/my25/bikes/road/gravel/topstone-carbon/pdps/cy25_topstonecarbon_geotable.ashx,vision,2026-10-05
Cannondale,Topstone Carbon [a727119d],Topstone Carbon LTD Di2,2025,gravel,61.0,,61,,,,,646,397,"{""A Seat Tube Length (cm)"": ""59.0"", ""B Top Tube Horizontal (cm)"": ""59.3"", ""C Top Tube Actual (cm)"": ""57.4"", ""D Head Tube Angle"": ""70.7°"", ""E Seat Tube Angle"": ""73.1°"", ""F Standover (cm)"": ""86.4"", ""G Head Tube Length (cm)"": ""19.6"", ""H Wheelbase (cm)"": ""106.9"", ""I Front Center (cm)"": ""65.9"", ""J Chain Stay Length (cm)"": ""42.0"", ""K Bottom Bracket Drop (cm)"": ""7.4"", ""L Bottom Bracket Height (cm)"": ""28.5"", ""M Fork Rake (cm)"": ""5.5"", ""N Trail (cm)"": ""6.7"", ""O Stack (cm)"": ""64.6"", ""P Reach (cm)"": ""39.7"", ""Q Axle-to-Crown"": ""42.9""}",6499,false,https://www.cannondale.com/es-es/bikes/road/gravel/topstone-carbon/topstone-carbon-ltd-di2-c15315u,https://www.cannondale.com/-/media/images/my25/bikes/road/gravel/topstone-carbon/pdps/cy25_topstonecarbon_geotable.ashx,vision,2026-10-05
Cannondale,Topstone Carbon [a727119d],Topstone Carbon 1 Lefty AXS,2026,gravel,47.0,,47,,,,,554,364,"{""A Seat Tube Length (cm)"": ""41.0"", ""B Top Tube Horizontal (cm)"": ""53.2"", ""C Top Tube Actual (cm)"": ""51.0"", ""D Head Tube Angle"": ""69.9°"", ""E Seat Tube Angle"": ""73.1°"", ""F Standover (cm)"": ""71.6"", ""G Head Tube Length (cm)"": ""9.7"", ""H Wheelbase (cm)"": ""100.9"", ""I Front Center (cm)"": ""60.1"", ""J Chain Stay Length (cm)"": ""42.0"", ""K Bottom Bracket Drop (cm)"": ""7.9"", ""L Bottom Bracket Height (cm)"": ""28.0"", ""M Fork Rake (cm)"": ""5.5"", ""N Trail (cm)"": ""7.3"", ""O Stack (cm)"": ""55.4"", ""P Reach (cm)"": ""36.4"", ""Q Axle-to-Crown"": ""42.9""}",5999,false,https://www.cannondale.com/es-es/bikes/road/gravel/topstone-carbon/topstone-carbon-1-lefty-axs-smu,https://www.cannondale.com/-/media/images/my25/bikes/road/gravel/topstone-carbon/pdps/cy25_topstonecarbon_geotable.ashx,vision,2026-10-05
Cannondale,Topstone Carbon [a727119d],Topstone Carbon 1 Lefty AXS,2026,gravel,51.0,,51,,,,,561,373,"{""A Seat Tube Length (cm)"": ""44.6"", ""B Top Tube Horizontal (cm)"": ""54.3"", ""C Top Tube Actual (cm)"": ""52.0"", ""D Head Tube Angle"": ""70.7°"", ""E Seat Tube Angle"": ""73.1°"", ""F Standover (cm)"": ""74.1"", ""G Head Tube Length (cm)"": ""10.1"", ""H Wheelbase (cm)"": ""101.2"", ""I Front Center (cm)"": ""60.5"", ""J Chain Stay Length (cm)"": ""42.0"", ""K Bottom Bracket Drop (cm)"": ""7.9"", ""L Bottom Bracket Height (cm)"": ""28.0"", ""M Fork Rake (cm)"": ""5.5"", ""N Trail (cm)"": ""6.7"", ""O Stack (cm)"": ""56.1"", ""P Reach (cm)"": ""37.3"", ""Q Axle-to-Crown"": ""42.9""}",5999,false,https://www.cannondale.com/es-es/bikes/road/gravel/topstone-carbon/topstone-carbon-1-lefty-axs-smu,https://www.cannondale.com/-/media/images/my25/bikes/road/gravel/topstone-carbon/pdps/cy25_topstonecarbon_geotable.ashx,vision,2026-10-05
Cannondale,Topstone Carbon [a727119d],Topstone Carbon 1 Lefty AXS,2026,gravel,54.0,,54,,,,,579,378,"{""A Seat Tube Length (cm)"": ""48.2"", ""B Top Tube Horizontal (cm)"": ""55.4"", ""C Top Tube Actual (cm)"": ""53.1"", ""D Head Tube Angle"": ""70.7°"", ""E Seat Tube Angle"": ""73.1°"", ""F Standover (cm)"": ""77.2"", ""G Head Tube Length (cm)"": ""12.3"", ""H Wheelbase (cm)"": ""102.6"", ""I Front Center (cm)"": ""61.7"", ""J Chain Stay Length (cm)"": ""42.0"", ""K Bottom Bracket Drop (cm)"": ""7.6"", ""L Bottom Bracket Height (cm)"": ""28.3"", ""M Fork Rake (cm)"": ""5.5"", ""N Trail (cm)"": ""6.7"", ""O Stack (cm)"": ""57.9"", ""P Reach (cm)"": ""37.8"", ""Q Axle-to-Crown"": ""42.9""}",5999,false,https://www.cannondale.com/es-es/bikes/road/gravel/topstone-carbon/topstone-carbon-1-lefty-axs-smu,https://www.cannondale.com/-/media/images/my25/bikes/road/gravel/topstone-carbon/pdps/cy25_topstonecarbon_geotable.ashx,vision,2026-10-05
Cannondale,Topstone Carbon [a727119d],Topstone Carbon 1 Lefty AXS,2026,gravel,56.0,,56,,,,,597,383,"{""A Seat Tube Length (cm)"": ""51.8"", ""B Top Tube Horizontal (cm)"": ""56.4"", ""C Top Tube Actual (cm)"": ""54.3"", ""D Head Tube Angle"": ""70.7°"", ""E Seat Tube Angle"": ""73.1°"", ""F Standover (cm)"": ""80.0"", ""G Head Tube Length (cm)"": ""14.2"", ""H Wheelbase (cm)"": ""103.6"", ""I Front Center (cm)"": ""62.8"", ""J Chain Stay Length (cm)"": ""42.0"", ""K Bottom Bracket Drop (cm)"": ""7.6"", ""L Bottom Bracket Height (cm)"": ""28.3"", ""M Fork Rake (cm)"": ""5.5"", ""N Trail (cm)"": ""6.7"", ""O Stack (cm)"": ""59.7"", ""P Reach (cm)"": ""38.3"", ""Q Axle-to-Crown"": ""42.9""}",5999,false,https://www.cannondale.com/es-es/bikes/road/gravel/topstone-carbon/topstone-carbon-1-lefty-axs-smu,https://www.cannondale.com/-/media/images/my25/bikes/road/gravel/topstone-carbon/pdps/cy25_topstonecarbon_geotable.ashx,vision,2026-10-05
Cannondale,Topstone Carbon [a727119d],Topstone Carbon 1 Lefty AXS,2026,gravel,58.0,,58,,,,,615,389,"{""A Seat Tube Length (cm)"": ""55.4"", ""B Top Tube Horizontal (cm)"": ""57.6"", ""C Top Tube Actual (cm)"": ""55.7"", ""D Head Tube Angle"": ""70.7°"", ""E Seat Tube Angle"": ""73.1°"", ""F Standover (cm)"": ""83.1"", ""G Head Tube Length (cm)"": ""16.4"", ""H Wheelbase (cm)"": ""105.0"", ""I Front Center (cm)"": ""64.1"", ""J Chain Stay Length (cm)"": ""42.0"", ""K Bottom Bracket Drop (cm)"": ""7.4"", ""L Bottom Bracket Height (cm)"": ""28.5"", ""M Fork Rake (cm)"": ""5.5"", ""N Trail (cm)"": ""6.7"", ""O Stack (cm)"": ""61.5"", ""P Reach (cm)"": ""38.9"", ""Q Axle-to-Crown"": ""42.9""}",5999,false,https://www.cannondale.com/es-es/bikes/road/gravel/topstone-carbon/topstone-carbon-1-lefty-axs-smu,https://www.cannondale.com/-/media/images/my25/bikes/road/gravel/topstone-carbon/pdps/cy25_topstonecarbon_geotable.ashx,vision,2026-10-05
Cannondale,Topstone Carbon [a727119d],Topstone Carbon 1 Lefty AXS,2026,gravel,61.0,,61,,,,,646,397,"{""A Seat Tube Length (cm)"": ""59.0"", ""B Top Tube Horizontal (cm)"": ""59.3"", ""C Top Tube Actual (cm)"": ""57.4"", ""D Head Tube Angle"": ""70.7°"", ""E Seat Tube Angle"": ""73.1°"", ""F Standover (cm)"": ""86.4"", ""G Head Tube Length (cm)"": ""19.6"", ""H Wheelbase (cm)"": ""106.9"", ""I Front Center (cm)"": ""65.9"", ""J Chain Stay Length (cm)"": ""42.0"", ""K Bottom Bracket Drop (cm)"": ""7.4"", ""L Bottom Bracket Height (cm)"": ""28.5"", ""M Fork Rake (cm)"": ""5.5"", ""N Trail (cm)"": ""6.7"", ""O Stack (cm)"": ""64.6"", ""P Reach (cm)"": ""39.7"", ""Q Axle-to-Crown"": ""42.9""}",5999,false,https://www.cannondale.com/es-es/bikes/road/gravel/topstone-carbon/topstone-carbon-1-lefty-axs-smu,https://www.cannondale.com/-/media/images/my25/bikes/road/gravel/topstone-carbon/pdps/cy25_topstonecarbon_geotable.ashx,vision,2026-10-05
Cannondale,Topstone Carbon [a727119d],Topstone Carbon 1 AXS,2025,gravel,47.0,,47,,,,,554,364,"{""A Seat Tube Length (cm)"": ""41.0"", ""B Top Tube Horizontal (cm)"": ""53.2"", ""C Top Tube Actual (cm)"": ""51.0"", ""D Head Tube Angle"": ""69.9°"", ""E Seat Tube Angle"": ""73.1°"", ""F Standover (cm)"": ""71.6"", ""G Head Tube Length (cm)"": ""9.7"", ""H Wheelbase (cm)"": ""100.9"", ""I Front Center (cm)"": ""60.1"", ""J Chain Stay Length (cm)"": ""42.0"", ""K Bottom Bracket Drop (cm)"": ""7.9"", ""L Bottom Bracket Height (cm)"": ""28.0"", ""M Fork Rake (cm)"": ""5.5"", ""N Trail (cm)"": ""7.3"", ""O Stack (cm)"": ""55.4"", ""P Reach (cm)"": ""36.4"", ""Q Axle-to-Crown"": ""42.9""}",4999,false,https://www.cannondale.com/es-es/bikes/road/gravel/topstone-carbon/topstone-carbon-1-axs-c15305u,https://www.cannondale.com/-/media/images/my25/bikes/road/gravel/topstone-carbon/pdps/cy25_topstonecarbon_geotable.ashx,vision,2026-10-05
Cannondale,Topstone Carbon [a727119d],Topstone Carbon 1 AXS,2025,gravel,51.0,,51,,,,,561,373,"{""A Seat Tube Length (cm)"": ""44.6"", ""B Top Tube Horizontal (cm)"": ""54.3"", ""C Top Tube Actual (cm)"": ""52.0"", ""D Head Tube Angle"": ""70.7°"", ""E Seat Tube Angle"": ""73.1°"", ""F Standover (cm)"": ""74.1"", ""G Head Tube Length (cm)"": ""10.1"", ""H Wheelbase (cm)"": ""101.2"", ""I Front Center (cm)"": ""60.5"", ""J Chain Stay Length (cm)"": ""42.0"", ""K Bottom Bracket Drop (cm)"": ""7.9"", ""L Bottom Bracket Height (cm)"": ""28.0"", ""M Fork Rake (cm)"": ""5.5"", ""N Trail (cm)"": ""6.7"", ""O Stack (cm)"": ""56.1"", ""P Reach (cm)"": ""37.3"", ""Q Axle-to-Crown"": ""42.9""}",4999,false,https://www.cannondale.com/es-es/bikes/road/gravel/topstone-carbon/topstone-carbon-1-axs-c15305u,https://www.cannondale.com/-/media/images/my25/bikes/road/gravel/topstone-carbon/pdps/cy25_topstonecarbon_geotable.ashx,vision,2026-10-05
Cannondale,Topstone Carbon [a727119d],Topstone Carbon 1 AXS,2025,gravel,54.0,,54,,,,,579,378,"{""A Seat Tube Length (cm)"": ""48.2"", ""B Top Tube Horizontal (cm)"": ""55.4"", ""C Top Tube Actual (cm)"": ""53.1"", ""D Head Tube Angle"": ""70.7°"", ""E Seat Tube Angle"": ""73.1°"", ""F Standover (cm)"": ""77.2"", ""G Head Tube Length (cm)"": ""12.3"", ""H Wheelbase (cm)"": ""102.6"", ""I Front Center (cm)"": ""61.7"", ""J Chain Stay Length (cm)"": ""42.0"", ""K Bottom Bracket Drop (cm)"": ""7.6"", ""L Bottom Bracket Height (cm)"": ""28.3"", ""M Fork Rake (cm)"": ""5.5"", ""N Trail (cm)"": ""6.7"", ""O Stack (cm)"": ""57.9"", ""P Reach (cm)"": ""37.8"", ""Q Axle-to-Crown"": ""42.9""}",4999,false,https://www.cannondale.com/es-es/bikes/road/gravel/topstone-carbon/topstone-carbon-1-axs-c15305u,https://www.cannondale.com/-/media/images/my25/bikes/road/gravel/topstone-carbon/pdps/cy25_topstonecarbon_geotable.ashx,vision,2026-10-05
Cannondale,Topstone Carbon [a727119d],Topstone Carbon 1 AXS,2025,gravel,56.0,,56,,,,,597,383,"{""A Seat Tube Length (cm)"": ""51.8"", ""B Top Tube Horizontal (cm)"": ""56.4"", ""C Top Tube Actual (cm)"": ""54.3"", ""D Head Tube Angle"": ""70.7°"", ""E Seat Tube Angle"": ""73.1°"", ""F Standover (cm)"": ""80.0"", ""G Head Tube Length (cm)"": ""14.2"", ""H Wheelbase (cm)"": ""103.6"", ""I Front Center (cm)"": ""62.8"", ""J Chain Stay Length (cm)"": ""42.0"", ""K Bottom Bracket Drop (cm)"": ""7.6"", ""L Bottom Bracket Height (cm)"": ""28.3"", ""M Fork Rake (cm)"": ""5.5"", ""N Trail (cm)"": ""6.7"", ""O Stack (cm)"": ""59.7"", ""P Reach (cm)"": ""38.3"", ""Q Axle-to-Crown"": ""42.9""}",4999,false,https://www.cannondale.com/es-es/bikes/road/gravel/topstone-carbon/topstone-carbon-1-axs-c15305u,https://www.cannondale.com/-/media/images/my25/bikes/road/gravel/topstone-carbon/pdps/cy25_topstonecarbon_geotable.ashx,vision,2026-10-05
Cannondale,Topstone Carbon [a727119d],Topstone Carbon 1 AXS,2025,gravel,58.0,,58,,,,,615,389,"{""A Seat Tube Length (cm)"": ""55.4"", ""B Top Tube Horizontal (cm)"": ""57.6"", ""C Top Tube Actual (cm)"": ""55.7"", ""D Head Tube Angle"": ""70.7°"", ""E Seat Tube Angle"": ""73.1°"", ""F Standover (cm)"": ""83.1"", ""G Head Tube Length (cm)"": ""16.4"", ""H Wheelbase (cm)"": ""105.0"", ""I Front Center (cm)"": ""64.1"", ""J Chain Stay Length (cm)"": ""42.0"", ""K Bottom Bracket Drop (cm)"": ""7.4"", ""L Bottom Bracket Height (cm)"": ""28.5"", ""M Fork Rake (cm)"": ""5.5"", ""N Trail (cm)"": ""6.7"", ""O Stack (cm)"": ""61.5"", ""P Reach (cm)"": ""38.9"", ""Q Axle-to-Crown"": ""42.9""}",4999,false,https://www.cannondale.com/es-es/bikes/road/gravel/topstone-carbon/topstone-carbon-1-axs-c15305u,https://www.cannondale.com/-/media/images/my25/bikes/road/gravel/topstone-carbon/pdps/cy25_topstonecarbon_geotable.ashx,vision,2026-10-05
Cannondale,Topstone Carbon [a727119d],Topstone Carbon 1 AXS,2025,gravel,61.0,,61,,,,,646,397,"{""A Seat Tube Length (cm)"": ""59.0"", ""B Top Tube Horizontal (cm)"": ""59.3"", ""C Top Tube Actual (cm)"": ""57.4"", ""D Head Tube Angle"": ""70.7°"", ""E Seat Tube Angle"": ""73.1°"", ""F Standover (cm)"": ""86.4"", ""G Head Tube Length (cm)"": ""19.6"", ""H Wheelbase (cm)"": ""106.9"", ""I Front Center (cm)"": ""65.9"", ""J Chain Stay Length (cm)"": ""42.0"", ""K Bottom Bracket Drop (cm)"": ""7.4"", ""L Bottom Bracket Height (cm)"": ""28.5"", ""M Fork Rake (cm)"": ""5.5"", ""N Trail (cm)"": ""6.7"", ""O Stack (cm)"": ""64.6"", ""P Reach (cm)"": ""39.7"", ""Q Axle-to-Crown"": ""42.9""}",4999,false,https://www.cannondale.com/es-es/bikes/road/gravel/topstone-carbon/topstone-carbon-1-axs-c15305u,https://www.cannondale.com/-/media/images/my25/bikes/road/gravel/topstone-carbon/pdps/cy25_topstonecarbon_geotable.ashx,vision,2026-10-05
Cannondale,Topstone Carbon [a727119d],Topstone Carbon 2 AXS SmartSense,2026,gravel,47.0,,47,,,,,554,364,"{""A Seat Tube Length (cm)"": ""41.0"", ""B Top Tube Horizontal (cm)"": ""53.2"", ""C Top Tube Actual (cm)"": ""51.0"", ""D Head Tube Angle"": ""69.9°"", ""E Seat Tube Angle"": ""73.1°"", ""F Standover (cm)"": ""71.6"", ""G Head Tube Length (cm)"": ""9.7"", ""H Wheelbase (cm)"": ""100.9"", ""I Front Center (cm)"": ""60.1"", ""J Chain Stay Length (cm)"": ""42.0"", ""K Bottom Bracket Drop (cm)"": ""7.9"", ""L Bottom Bracket Height (cm)"": ""28.0"", ""M Fork Rake (cm)"": ""5.5"", ""N Trail (cm)"": ""7.3"", ""O Stack (cm)"": ""55.4"", ""P Reach (cm)"": ""36.4"", ""Q Axle-to-Crown"": ""42.9""}",3999,false,https://www.cannondale.com/es-es/bikes/road/gravel/topstone-carbon/topstone-carbon-2-axs-smartsense-smu,https://www.cannondale.com/-/media/images/my25/bikes/road/gravel/topstone-carbon/pdps/cy25_topstonecarbon_geotable.ashx,vision,2026-10-05
Cannondale,Topstone Carbon [a727119d],Topstone Carbon 2 AXS SmartSense,2026,gravel,51.0,,51,,,,,561,373,"{""A Seat Tube Length (cm)"": ""44.6"", ""B Top Tube Horizontal (cm)"": ""54.3"", ""C Top Tube Actual (cm)"": ""52.0"", ""D Head Tube Angle"": ""70.7°"", ""E Seat Tube Angle"": ""73.1°"", ""F Standover (cm)"": ""74.1"", ""G Head Tube Length (cm)"": ""10.1"", ""H Wheelbase (cm)"": ""101.2"", ""I Front Center (cm)"": ""60.5"", ""J Chain Stay Length (cm)"": ""42.0"", ""K Bottom Bracket Drop (cm)"": ""7.9"", ""L Bottom Bracket Height (cm)"": ""28.0"", ""M Fork Rake (cm)"": ""5.5"", ""N Trail (cm)"": ""6.7"", ""O Stack (cm)"": ""56.1"", ""P Reach (cm)"": ""37.3"", ""Q Axle-to-Crown"": ""42.9""}",3999,false,https://www.cannondale.com/es-es/bikes/road/gravel/topstone-carbon/topstone-carbon-2-axs-smartsense-smu,https://www.cannondale.com/-/media/images/my25/bikes/road/gravel/topstone-carbon/pdps/cy25_topstonecarbon_geotable.ashx,vision,2026-10-05
Cannondale,Topstone Carbon [a727119d],Topstone Carbon 2 AXS SmartSense,2026,gravel,54.0,,54,,,,,579,378,"{""A Seat Tube Length (cm)"": ""48.2"", ""B Top Tube Horizontal (cm)"": ""55.4"", ""C Top Tube Actual (cm)"": ""53.1"", ""D Head Tube Angle"": ""70.7°"", ""E Seat Tube Angle"": ""73.1°"", ""F Standover (cm)"": ""77.2"", ""G Head Tube Length (cm)"": ""12.3"", ""H Wheelbase (cm)"": ""102.6"", ""I Front Center (cm)"": ""61.7"", ""J Chain Stay Length (cm)"": ""42.0"", ""K Bottom Bracket Drop (cm)"": ""7.6"", ""L Bottom Bracket Height (cm)"": ""28.3"", ""M Fork Rake (cm)"": ""5.5"", ""N Trail (cm)"": ""6.7"", ""O Stack (cm)"": ""57.9"", ""P Reach (cm)"": ""37.8"", ""Q Axle-to-Crown"": ""42.9""}",3999,false,https://www.cannondale.com/es-es/bikes/road/gravel/topstone-carbon/topstone-carbon-2-axs-smartsense-smu,https://www.cannondale.com/-/media/images/my25/bikes/road/gravel/topstone-carbon/pdps/cy25_topstonecarbon_geotable.ashx,vision,2026-10-05
Cannondale,Topstone Carbon [a727119d],Topstone Carbon 2 AXS SmartSense,2026,gravel,56.0,,56,,,,,597,383,"{""A Seat Tube Length (cm)"": ""51.8"", ""B Top Tube Horizontal (cm)"": ""56.4"", ""C Top Tube Actual (cm)"": ""54.3"", ""D Head Tube Angle"": ""70.7°"", ""E Seat Tube Angle"": ""73.1°"", ""F Standover (cm)"": ""80.0"", ""G Head Tube Length (cm)"": ""14.2"", ""H Wheelbase (cm)"": ""103.6"", ""I Front Center (cm)"": ""62.8"", ""J Chain Stay Length (cm)"": ""42.0"", ""K Bottom Bracket Drop (cm)"": ""7.6"", ""L Bottom Bracket Height (cm)"": ""28.3"", ""M Fork Rake (cm)"": ""5.5"", ""N Trail (cm)"": ""6.7"", ""O Stack (cm)"": ""59.7"", ""P Reach (cm)"": ""38.3"", ""Q Axle-to-Crown"": ""42.9""}",3999,false,https://www.cannondale.com/es-es/bikes/road/gravel/topstone-carbon/topstone-carbon-2-axs-smartsense-smu,https://www.cannondale.com/-/media/images/my25/bikes/road/gravel/topstone-carbon/pdps/cy25_topstonecarbon_geotable.ashx,vision,2026-10-05
Cannondale,Topstone Carbon [a727119d],Topstone Carbon 2 AXS SmartSense,2026,gravel,58.0,,58,,,,,615,389,"{""A Seat Tube Length (cm)"": ""55.4"", ""B Top Tube Horizontal (cm)"": ""57.6"", ""C Top Tube Actual (cm)"": ""55.7"", ""D Head Tube Angle"": ""70.7°"", ""E Seat Tube Angle"": ""73.1°"", ""F Standover (cm)"": ""83.1"", ""G Head Tube Length (cm)"": ""16.4"", ""H Wheelbase (cm)"": ""105.0"", ""I Front Center (cm)"": ""64.1"", ""J Chain Stay Length (cm)"": ""42.0"", ""K Bottom Bracket Drop (cm)"": ""7.4"", ""L Bottom Bracket Height (cm)"": ""28.5"", ""M Fork Rake (cm)"": ""5.5"", ""N Trail (cm)"": ""6.7"", ""O Stack (cm)"": ""61.5"", ""P Reach (cm)"": ""38.9"", ""Q Axle-to-Crown"": ""42.9""}",3999,false,https://www.cannondale.com/es-es/bikes/road/gravel/topstone-carbon/topstone-carbon-2-axs-smartsense-smu,https://www.cannondale.com/-/media/images/my25/bikes/road/gravel/topstone-carbon/pdps/cy25_topstonecarbon_geotable.ashx,vision,2026-10-05
Cannondale,Topstone Carbon [a727119d],Topstone Carbon 2 AXS SmartSense,2026,gravel,61.0,,61,,,,,646,397,"{""A Seat Tube Length (cm)"": ""59.0"", ""B Top Tube Horizontal (cm)"": ""59.3"", ""C Top Tube Actual (cm)"": ""57.4"", ""D Head Tube Angle"": ""70.7°"", ""E Seat Tube Angle"": ""73.1°"", ""F Standover (cm)"": ""86.4"", ""G Head Tube Length (cm)"": ""19.6"", ""H Wheelbase (cm)"": ""106.9"", ""I Front Center (cm)"": ""65.9"", ""J Chain Stay Length (cm)"": ""42.0"", ""K Bottom Bracket Drop (cm)"": ""7.4"", ""L Bottom Bracket Height (cm)"": ""28.5"", ""M Fork Rake (cm)"": ""5.5"", ""N Trail (cm)"": ""6.7"", ""O Stack (cm)"": ""64.6"", ""P Reach (cm)"": ""39.7"", ""Q Axle-to-Crown"": ""42.9""}",3999,false,https://www.cannondale.com/es-es/bikes/road/gravel/topstone-carbon/topstone-carbon-2-axs-smartsense-smu,https://www.cannondale.com/-/media/images/my25/bikes/road/gravel/topstone-carbon/pdps/cy25_topstonecarbon_geotable.ashx,vision,2026-10-05
Cannondale,Topstone Carbon [a727119d],Topstone Carbon 2 AXS - 1x,2025,gravel,47.0,,47,,,,,554,364,"{""A Seat Tube Length (cm)"": ""41.0"", ""B Top Tube Horizontal (cm)"": ""53.2"", ""C Top Tube Actual (cm)"": ""51.0"", ""D Head Tube Angle"": ""69.9°"", ""E Seat Tube Angle"": ""73.1°"", ""F Standover (cm)"": ""71.6"", ""G Head Tube Length (cm)"": ""9.7"", ""H Wheelbase (cm)"": ""100.9"", ""I Front Center (cm)"": ""60.1"", ""J Chain Stay Length (cm)"": ""42.0"", ""K Bottom Bracket Drop (cm)"": ""7.9"", ""L Bottom Bracket Height (cm)"": ""28.0"", ""M Fork Rake (cm)"": ""5.5"", ""N Trail (cm)"": ""7.3"", ""O Stack (cm)"": ""55.4"", ""P Reach (cm)"": ""36.4"", ""Q Axle-to-Crown"": ""42.9""}",3699,false,https://www.cannondale.com/es-es/bikes/road/gravel/topstone-carbon/topstone-carbon-2-axs-1x-c15335u,https://www.cannondale.com/-/media/images/my25/bikes/road/gravel/topstone-carbon/pdps/cy25_topstonecarbon_geotable.ashx,vision,2026-10-05
Cannondale,Topstone Carbon [a727119d],Topstone Carbon 2 AXS - 1x,2025,gravel,51.0,,51,,,,,561,373,"{""A Seat Tube Length (cm)"": ""44.6"", ""B Top Tube Horizontal (cm)"": ""54.3"", ""C Top Tube Actual (cm)"": ""52.0"", ""D Head Tube Angle"": ""70.7°"", ""E Seat Tube Angle"": ""73.1°"", ""F Standover (cm)"": ""74.1"", ""G Head Tube Length (cm)"": ""10.1"", ""H Wheelbase (cm)"": ""101.2"", ""I Front Center (cm)"": ""60.5"", ""J Chain Stay Length (cm)"": ""42.0"", ""K Bottom Bracket Drop (cm)"": ""7.9"", ""L Bottom Bracket Height (cm)"": ""28.0"", ""M Fork Rake (cm)"": ""5.5"", ""N Trail (cm)"": ""6.7"", ""O Stack (cm)"": ""56.1"", ""P Reach (cm)"": ""37.3"", ""Q Axle-to-Crown"": ""42.9""}",3699,false,https://www.cannondale.com/es-es/bikes/road/gravel/topstone-carbon/topstone-carbon-2-axs-1x-c15335u,https://www.cannondale.com/-/media/images/my25/bikes/road/gravel/topstone-carbon/pdps/cy25_topstonecarbon_geotable.ashx,vision,2026-10-05
Cannondale,Topstone Carbon [a727119d],Topstone Carbon 2 AXS - 1x,2025,gravel,54.0,,54,,,,,579,378,"{""A Seat Tube Length (cm)"": ""48.2"", ""B Top Tube Horizontal (cm)"": ""55.4"", ""C Top Tube Actual (cm)"": ""53.1"", ""D Head Tube Angle"": ""70.7°"", ""E Seat Tube Angle"": ""73.1°"", ""F Standover (cm)"": ""77.2"", ""G Head Tube Length (cm)"": ""12.3"", ""H Wheelbase (cm)"": ""102.6"", ""I Front Center (cm)"": ""61.7"", ""J Chain Stay Length (cm)"": ""42.0"", ""K Bottom Bracket Drop (cm)"": ""7.6"", ""L Bottom Bracket Height (cm)"": ""28.3"", ""M Fork Rake (cm)"": ""5.5"", ""N Trail (cm)"": ""6.7"", ""O Stack (cm)"": ""57.9"", ""P Reach (cm)"": ""37.8"", ""Q Axle-to-Crown"": ""42.9""}",3699,false,https://www.cannondale.com/es-es/bikes/road/gravel/topstone-carbon/topstone-carbon-2-axs-1x-c15335u,https://www.cannondale.com/-/media/images/my25/bikes/road/gravel/topstone-carbon/pdps/cy25_topstonecarbon_geotable.ashx,vision,2026-10-05
Cannondale,Topstone Carbon [a727119d],Topstone Carbon 2 AXS - 1x,2025,gravel,56.0,,56,,,,,597,383,"{""A Seat Tube Length (cm)"": ""51.8"", ""B Top Tube Horizontal (cm)"": ""56.4"", ""C Top Tube Actual (cm)"": ""54.3"", ""D Head Tube Angle"": ""70.7°"", ""E Seat Tube Angle"": ""73.1°"", ""F Standover (cm)"": ""80.0"", ""G Head Tube Length (cm)"": ""14.2"", ""H Wheelbase (cm)"": ""103.6"", ""I Front Center (cm)"": ""62.8"", ""J Chain Stay Length (cm)"": ""42.0"", ""K Bottom Bracket Drop (cm)"": ""7.6"", ""L Bottom Bracket Height (cm)"": ""28.3"", ""M Fork Rake (cm)"": ""5.5"", ""N Trail (cm)"": ""6.7"", ""O Stack (cm)"": ""59.7"", ""P Reach (cm)"": ""38.3"", ""Q Axle-to-Crown"": ""42.9""}",3699,false,https://www.cannondale.com/es-es/bikes/road/gravel/topstone-carbon/topstone-carbon-2-axs-1x-c15335u,https://www.cannondale.com/-/media/images/my25/bikes/road/gravel/topstone-carbon/pdps/cy25_topstonecarbon_geotable.ashx,vision,2026-10-05
Cannondale,Topstone Carbon [a727119d],Topstone Carbon 2 AXS - 1x,2025,gravel,58.0,,58,,,,,615,389,"{""A Seat Tube Length (cm)"": ""55.4"", ""B Top Tube Horizontal (cm)"": ""57.6"", ""C Top Tube Actual (cm)"": ""55.7"", ""D Head Tube Angle"": ""70.7°"", ""E Seat Tube Angle"": ""73.1°"", ""F Standover (cm)"": ""83.1"", ""G Head Tube Length (cm)"": ""16.4"", ""H Wheelbase (cm)"": ""105.0"", ""I Front Center (cm)"": ""64.1"", ""J Chain Stay Length (cm)"": ""42.0"", ""K Bottom Bracket Drop (cm)"": ""7.4"", ""L Bottom Bracket Height (cm)"": ""28.5"", ""M Fork Rake (cm)"": ""5.5"", ""N Trail (cm)"": ""6.7"", ""O Stack (cm)"": ""61.5"", ""P Reach (cm)"": ""38.9"", ""Q Axle-to-Crown"": ""42.9""}",3699,false,https://www.cannondale.com/es-es/bikes/road/gravel/topstone-carbon/topstone-carbon-2-axs-1x-c15335u,https://www.cannondale.com/-/media/images/my25/bikes/road/gravel/topstone-carbon/pdps/cy25_topstonecarbon_geotable.ashx,vision,2026-10-05
Cannondale,Topstone Carbon [a727119d],Topstone Carbon 2 AXS - 1x,2025,gravel,61.0,,61,,,,,646,397,"{""A Seat Tube Length (cm)"": ""59.0"", ""B Top Tube Horizontal (cm)"": ""59.3"", ""C Top Tube Actual (cm)"": ""57.4"", ""D Head Tube Angle"": ""70.7°"", ""E Seat Tube Angle"": ""73.1°"", ""F Standover (cm)"": ""86.4"", ""G Head Tube Length (cm)"": ""19.6"", ""H Wheelbase (cm)"": ""106.9"", ""I Front Center (cm)"": ""65.9"", ""J Chain Stay Length (cm)"": ""42.0"", ""K Bottom Bracket Drop (cm)"": ""7.4"", ""L Bottom Bracket Height (cm)"": ""28.5"", ""M Fork Rake (cm)"": ""5.5"", ""N Trail (cm)"": ""6.7"", ""O Stack (cm)"": ""64.6"", ""P Reach (cm)"": ""39.7"", ""Q Axle-to-Crown"": ""42.9""}",3699,false,https://www.cannondale.com/es-es/bikes/road/gravel/topstone-carbon/topstone-carbon-2-axs-1x-c15335u,https://www.cannondale.com/-/media/images/my25/bikes/road/gravel/topstone-carbon/pdps/cy25_topstonecarbon_geotable.ashx,vision,2026-10-05
Cannondale,Topstone Carbon [a727119d],Topstone Carbon 2 GRX - 2x,2025,gravel,47.0,,47,,,,,554,364,"{""A Seat Tube Length (cm)"": ""41.0"", ""B Top Tube Horizontal (cm)"": ""53.2"", ""C Top Tube Actual (cm)"": ""51.0"", ""D Head Tube Angle"": ""69.9°"", ""E Seat Tube Angle"": ""73.1°"", ""F Standover (cm)"": ""71.6"", ""G Head Tube Length (cm)"": ""9.7"", ""H Wheelbase (cm)"": ""100.9"", ""I Front Center (cm)"": ""60.1"", ""J Chain Stay Length (cm)"": ""42.0"", ""K Bottom Bracket Drop (cm)"": ""7.9"", ""L Bottom Bracket Height (cm)"": ""28.0"", ""M Fork Rake (cm)"": ""5.5"", ""N Trail (cm)"": ""7.3"", ""O Stack (cm)"": ""55.4"", ""P Reach (cm)"": ""36.4"", ""Q Axle-to-Crown"": ""42.9""}",3699,false,https://www.cannondale.com/es-es/bikes/road/gravel/topstone-carbon/topstone-carbon-2-grx-2x-c15325u,https://www.cannondale.com/-/media/images/my25/bikes/road/gravel/topstone-carbon/pdps/cy25_topstonecarbon_geotable.ashx,vision,2026-10-05
Cannondale,Topstone Carbon [a727119d],Topstone Carbon 2 GRX - 2x,2025,gravel,51.0,,51,,,,,561,373,"{""A Seat Tube Length (cm)"": ""44.6"", ""B Top Tube Horizontal (cm)"": ""54.3"", ""C Top Tube Actual (cm)"": ""52.0"", ""D Head Tube Angle"": ""70.7°"", ""E Seat Tube Angle"": ""73.1°"", ""F Standover (cm)"": ""74.1"", ""G Head Tube Length (cm)"": ""10.1"", ""H Wheelbase (cm)"": ""101.2"", ""I Front Center (cm)"": ""60.5"", ""J Chain Stay Length (cm)"": ""42.0"", ""K Bottom Bracket Drop (cm)"": ""7.9"", ""L Bottom Bracket Height (cm)"": ""28.0"", ""M Fork Rake (cm)"": ""5.5"", ""N Trail (cm)"": ""6.7"", ""O Stack (cm)"": ""56.1"", ""P Reach (cm)"": ""37.3"", ""Q Axle-to-Crown"": ""42.9""}",3699,false,https://www.cannondale.com/es-es/bikes/road/gravel/topstone-carbon/topstone-carbon-2-grx-2x-c15325u,https://www.cannondale.com/-/media/images/my25/bikes/road/gravel/topstone-carbon/pdps/cy25_topstonecarbon_geotable.ashx,vision,2026-10-05
Cannondale,Topstone Carbon [a727119d],Topstone Carbon 2 GRX - 2x,2025,gravel,54.0,,54,,,,,579,378,"{""A Seat Tube Length (cm)"": ""48.2"", ""B Top Tube Horizontal (cm)"": ""55.4"", ""C Top Tube Actual (cm)"": ""53.1"", ""D Head Tube Angle"": ""70.7°"", ""E Seat Tube Angle"": ""73.1°"", ""F Standover (cm)"": ""77.2"", ""G Head Tube Length (cm)"": ""12.3"", ""H Wheelbase (cm)"": ""102.6"", ""I Front Center (cm)"": ""61.7"", ""J Chain Stay Length (cm)"": ""42.0"", ""K Bottom Bracket Drop (cm)"": ""7.6"", ""L Bottom Bracket Height (cm)"": ""28.3"", ""M Fork Rake (cm)"": ""5.5"", ""N Trail (cm)"": ""6.7"", ""O Stack (cm)"": ""57.9"", ""P Reach (cm)"": ""37.8"", ""Q Axle-to-Crown"": ""42.9""}",3699,false,https://www.cannondale.com/es-es/bikes/road/gravel/topstone-carbon/topstone-carbon-2-grx-2x-c15325u,https://www.cannondale.com/-/media/images/my25/bikes/road/gravel/topstone-carbon/pdps/cy25_topstonecarbon_geotable.ashx,vision,2026-10-05
Cannondale,Topstone Carbon [a727119d],Topstone Carbon 2 GRX - 2x,2025,gravel,56.0,,56,,,,,597,383,"{""A Seat Tube Length (cm)"": ""51.8"", ""B Top Tube Horizontal (cm)"": ""56.4"", ""C Top Tube Actual (cm)"": ""54.3"", ""D Head Tube Angle"": ""70.7°"", ""E Seat Tube Angle"": ""73.1°"", ""F Standover (cm)"": ""80.0"", ""G Head Tube Length (cm)"": ""14.2"", ""H Wheelbase (cm)"": ""103.6"", ""I Front Center (cm)"": ""62.8"", ""J Chain Stay Length (cm)"": ""42.0"", ""K Bottom Bracket Drop (cm)"": ""7.6"", ""L Bottom Bracket Height (cm)"": ""28.3"", ""M Fork Rake (cm)"": ""5.5"", ""N Trail (cm)"": ""6.7"", ""O Stack (cm)"": ""59.7"", ""P Reach (cm)"": ""38.3"", ""Q Axle-to-Crown"": ""42.9""}",3699,false,https://www.cannondale.com/es-es/bikes/road/gravel/topstone-carbon/topstone-carbon-2-grx-2x-c15325u,https://www.cannondale.com/-/media/images/my25/bikes/road/gravel/topstone-carbon/pdps/cy25_topstonecarbon_geotable.ashx,vision,2026-10-05
Cannondale,Topstone Carbon [a727119d],Topstone Carbon 2 GRX - 2x,2025,gravel,58.0,,58,,,,,615,389,"{""A Seat Tube Length (cm)"": ""55.4"", ""B Top Tube Horizontal (cm)"": ""57.6"", ""C Top Tube Actual (cm)"": ""55.7"", ""D Head Tube Angle"": ""70.7°"", ""E Seat Tube Angle"": ""73.1°"", ""F Standover (cm)"": ""83.1"", ""G Head Tube Length (cm)"": ""16.4"", ""H Wheelbase (cm)"": ""105.0"", ""I Front Center (cm)"": ""64.1"", ""J Chain Stay Length (cm)"": ""42.0"", ""K Bottom Bracket Drop (cm)"": ""7.4"", ""L Bottom Bracket Height (cm)"": ""28.5"", ""M Fork Rake (cm)"": ""5.5"", ""N Trail (cm)"": ""6.7"", ""O Stack (cm)"": ""61.5"", ""P Reach (cm)"": ""38.9"", ""Q Axle-to-Crown"": ""42.9""}",3699,false,https://www.cannondale.com/es-es/bikes/road/gravel/topstone-carbon/topstone-carbon-2-grx-2x-c15325u,https://www.cannondale.com/-/media/images/my25/bikes/road/gravel/topstone-carbon/pdps/cy25_topstonecarbon_geotable.ashx,vision,2026-10-05
Cannondale,Topstone Carbon [a727119d],Topstone Carbon 2 GRX - 2x,2025,gravel,61.0,,61,,,,,646,397,"{""A Seat Tube Length (cm)"": ""59.0"", ""B Top Tube Horizontal (cm)"": ""59.3"", ""C Top Tube Actual (cm)"": ""57.4"", ""D Head Tube Angle"": ""70.7°"", ""E Seat Tube Angle"": ""73.1°"", ""F Standover (cm)"": ""86.4"", ""G Head Tube Length (cm)"": ""19.6"", ""H Wheelbase (cm)"": ""106.9"", ""I Front Center (cm)"": ""65.9"", ""J Chain Stay Length (cm)"": ""42.0"", ""K Bottom Bracket Drop (cm)"": ""7.4"", ""L Bottom Bracket Height (cm)"": ""28.5"", ""M Fork Rake (cm)"": ""5.5"", ""N Trail (cm)"": ""6.7"", ""O Stack (cm)"": ""64.6"", ""P Reach (cm)"": ""39.7"", ""Q Axle-to-Crown"": ""42.9""}",3699,false,https://www.cannondale.com/es-es/bikes/road/gravel/topstone-carbon/topstone-carbon-2-grx-2x-c15325u,https://www.cannondale.com/-/media/images/my25/bikes/road/gravel/topstone-carbon/pdps/cy25_topstonecarbon_geotable.ashx,vision,2026-10-05
Cannondale,Topstone Carbon [a727119d],Topstone Carbon 3 GRX - 1x,2025,gravel,47.0,,47,,,,,554,364,"{""A Seat Tube Length (cm)"": ""41.0"", ""B Top Tube Horizontal (cm)"": ""53.2"", ""C Top Tube Actual (cm)"": ""51.0"", ""D Head Tube Angle"": ""69.9°"", ""E Seat Tube Angle"": ""73.1°"", ""F Standover (cm)"": ""71.6"", ""G Head Tube Length (cm)"": ""9.7"", ""H Wheelbase (cm)"": ""100.9"", ""I Front Center (cm)"": ""60.1"", ""J Chain Stay Length (cm)"": ""42.0"", ""K Bottom Bracket Drop (cm)"": ""7.9"", ""L Bottom Bracket Height (cm)"": ""28.0"", ""M Fork Rake (cm)"": ""5.5"", ""N Trail (cm)"": ""7.3"", ""O Stack (cm)"": ""55.4"", ""P Reach (cm)"": ""36.4"", ""Q Axle-to-Crown"": ""42.9""}",2999,false,https://www.cannondale.com/es-es/bikes/road/gravel/topstone-carbon/topstone-carbon-3-grx-1x-c15355u,https://www.cannondale.com/-/media/images/my25/bikes/road/gravel/topstone-carbon/pdps/cy25_topstonecarbon_geotable.ashx,vision,2026-10-05
Cannondale,Topstone Carbon [a727119d],Topstone Carbon 3 GRX - 1x,2025,gravel,51.0,,51,,,,,561,373,"{""A Seat Tube Length (cm)"": ""44.6"", ""B Top Tube Horizontal (cm)"": ""54.3"", ""C Top Tube Actual (cm)"": ""52.0"", ""D Head Tube Angle"": ""70.7°"", ""E Seat Tube Angle"": ""73.1°"", ""F Standover (cm)"": ""74.1"", ""G Head Tube Length (cm)"": ""10.1"", ""H Wheelbase (cm)"": ""101.2"", ""I Front Center (cm)"": ""60.5"", ""J Chain Stay Length (cm)"": ""42.0"", ""K Bottom Bracket Drop (cm)"": ""7.9"", ""L Bottom Bracket Height (cm)"": ""28.0"", ""M Fork Rake (cm)"": ""5.5"", ""N Trail (cm)"": ""6.7"", ""O Stack (cm)"": ""56.1"", ""P Reach (cm)"": ""37.3"", ""Q Axle-to-Crown"": ""42.9""}",2999,false,https://www.cannondale.com/es-es/bikes/road/gravel/topstone-carbon/topstone-carbon-3-grx-1x-c15355u,https://www.cannondale.com/-/media/images/my25/bikes/road/gravel/topstone-carbon/pdps/cy25_topstonecarbon_geotable.ashx,vision,2026-10-05
Cannondale,Topstone Carbon [a727119d],Topstone Carbon 3 GRX - 1x,2025,gravel,54.0,,54,,,,,579,378,"{""A Seat Tube Length (cm)"": ""48.2"", ""B Top Tube Horizontal (cm)"": ""55.4"", ""C Top Tube Actual (cm)"": ""53.1"", ""D Head Tube Angle"": ""70.7°"", ""E Seat Tube Angle"": ""73.1°"", ""F Standover (cm)"": ""77.2"", ""G Head Tube Length (cm)"": ""12.3"", ""H Wheelbase (cm)"": ""102.6"", ""I Front Center (cm)"": ""61.7"", ""J Chain Stay Length (cm)"": ""42.0"", ""K Bottom Bracket Drop (cm)"": ""7.6"", ""L Bottom Bracket Height (cm)"": ""28.3"", ""M Fork Rake (cm)"": ""5.5"", ""N Trail (cm)"": ""6.7"", ""O Stack (cm)"": ""57.9"", ""P Reach (cm)"": ""37.8"", ""Q Axle-to-Crown"": ""42.9""}",2999,false,https://www.cannondale.com/es-es/bikes/road/gravel/topstone-carbon/topstone-carbon-3-grx-1x-c15355u,https://www.cannondale.com/-/media/images/my25/bikes/road/gravel/topstone-carbon/pdps/cy25_topstonecarbon_geotable.ashx,vision,2026-10-05
Cannondale,Topstone Carbon [a727119d],Topstone Carbon 3 GRX - 1x,2025,gravel,56.0,,56,,,,,597,383,"{""A Seat Tube Length (cm)"": ""51.8"", ""B Top Tube Horizontal (cm)"": ""56.4"", ""C Top Tube Actual (cm)"": ""54.3"", ""D Head Tube Angle"": ""70.7°"", ""E Seat Tube Angle"": ""73.1°"", ""F Standover (cm)"": ""80.0"", ""G Head Tube Length (cm)"": ""14.2"", ""H Wheelbase (cm)"": ""103.6"", ""I Front Center (cm)"": ""62.8"", ""J Chain Stay Length (cm)"": ""42.0"", ""K Bottom Bracket Drop (cm)"": ""7.6"", ""L Bottom Bracket Height (cm)"": ""28.3"", ""M Fork Rake (cm)"": ""5.5"", ""N Trail (cm)"": ""6.7"", ""O Stack (cm)"": ""59.7"", ""P Reach (cm)"": ""38.3"", ""Q Axle-to-Crown"": ""42.9""}",2999,false,https://www.cannondale.com/es-es/bikes/road/gravel/topstone-carbon/topstone-carbon-3-grx-1x-c15355u,https://www.cannondale.com/-/media/images/my25/bikes/road/gravel/topstone-carbon/pdps/cy25_topstonecarbon_geotable.ashx,vision,2026-10-05
Cannondale,Topstone Carbon [a727119d],Topstone Carbon 3 GRX - 1x,2025,gravel,58.0,,58,,,,,615,389,"{""A Seat Tube Length (cm)"": ""55.4"", ""B Top Tube Horizontal (cm)"": ""57.6"", ""C Top Tube Actual (cm)"": ""55.7"", ""D Head Tube Angle"": ""70.7°"", ""E Seat Tube Angle"": ""73.1°"", ""F Standover (cm)"": ""83.1"", ""G Head Tube Length (cm)"": ""16.4"", ""H Wheelbase (cm)"": ""105.0"", ""I Front Center (cm)"": ""64.1"", ""J Chain Stay Length (cm)"": ""42.0"", ""K Bottom Bracket Drop (cm)"": ""7.4"", ""L Bottom Bracket Height (cm)"": ""28.5"", ""M Fork Rake (cm)"": ""5.5"", ""N Trail (cm)"": ""6.7"", ""O Stack (cm)"": ""61.5"", ""P Reach (cm)"": ""38.9"", ""Q Axle-to-Crown"": ""42.9""}",2999,false,https://www.cannondale.com/es-es/bikes/road/gravel/topstone-carbon/topstone-carbon-3-grx-1x-c15355u,https://www.cannondale.com/-/media/images/my25/bikes/road/gravel/topstone-carbon/pdps/cy25_topstonecarbon_geotable.ashx,vision,2026-10-05
Cannondale,Topstone Carbon [a727119d],Topstone Carbon 3 GRX - 1x,2025,gravel,61.0,,61,,,,,646,397,"{""A Seat Tube Length (cm)"": ""59.0"", ""B Top Tube Horizontal (cm)"": ""59.3"", ""C Top Tube Actual (cm)"": ""57.4"", ""D Head Tube Angle"": ""70.7°"", ""E Seat Tube Angle"": ""73.1°"", ""F Standover (cm)"": ""86.4"", ""G Head Tube Length (cm)"": ""19.6"", ""H Wheelbase (cm)"": ""106.9"", ""I Front Center (cm)"": ""65.9"", ""J Chain Stay Length (cm)"": ""42.0"", ""K Bottom Bracket Drop (cm)"": ""7.4"", ""L Bottom Bracket Height (cm)"": ""28.5"", ""M Fork Rake (cm)"": ""5.5"", ""N Trail (cm)"": ""6.7"", ""O Stack (cm)"": ""64.6"", ""P Reach (cm)"": ""39.7"", ""Q Axle-to-Crown"": ""42.9""}",2999,false,https://www.cannondale.com/es-es/bikes/road/gravel/topstone-carbon/topstone-carbon-3-grx-1x-c15355u,https://www.cannondale.com/-/media/images/my25/bikes/road/gravel/topstone-carbon/pdps/cy25_topstonecarbon_geotable.ashx,vision,2026-10-05
Cannondale,Topstone Carbon [a727119d],Topstone Carbon 3 GRX - 2x,2025,gravel,47.0,,47,,,,,554,364,"{""A Seat Tube Length (cm)"": ""41.0"", ""B Top Tube Horizontal (cm)"": ""53.2"", ""C Top Tube Actual (cm)"": ""51.0"", ""D Head Tube Angle"": ""69.9°"", ""E Seat Tube Angle"": ""73.1°"", ""F Standover (cm)"": ""71.6"", ""G Head Tube Length (cm)"": ""9.7"", ""H Wheelbase (cm)"": ""100.9"", ""I Front Center (cm)"": ""60.1"", ""J Chain Stay Length (cm)"": ""42.0"", ""K Bottom Bracket Drop (cm)"": ""7.9"", ""L Bottom Bracket Height (cm)"": ""28.0"", ""M Fork Rake (cm)"": ""5.5"", ""N Trail (cm)"": ""7.3"", ""O Stack (cm)"": ""55.4"", ""P Reach (cm)"": ""36.4"", ""Q Axle-to-Crown"": ""42.9""}",2999,false,https://www.cannondale.com/es-es/bikes/road/gravel/topstone-carbon/topstone-carbon-3-grx-2x-c15345u,https://www.cannondale.com/-/media/images/my25/bikes/road/gravel/topstone-carbon/pdps/cy25_topstonecarbon_geotable.ashx,vision,2026-10-05
Cannondale,Topstone Carbon [a727119d],Topstone Carbon 3 GRX - 2x,2025,gravel,51.0,,51,,,,,561,373,"{""A Seat Tube Length (cm)"": ""44.6"", ""B Top Tube Horizontal (cm)"": ""54.3"", ""C Top Tube Actual (cm)"": ""52.0"", ""D Head Tube Angle"": ""70.7°"", ""E Seat Tube Angle"": ""73.1°"", ""F Standover (cm)"": ""74.1"", ""G Head Tube Length (cm)"": ""10.1"", ""H Wheelbase (cm)"": ""101.2"", ""I Front Center (cm)"": ""60.5"", ""J Chain Stay Length (cm)"": ""42.0"", ""K Bottom Bracket Drop (cm)"": ""7.9"", ""L Bottom Bracket Height (cm)"": ""28.0"", ""M Fork Rake (cm)"": ""5.5"", ""N Trail (cm)"": ""6.7"", ""O Stack (cm)"": ""56.1"", ""P Reach (cm)"": ""37.3"", ""Q Axle-to-Crown"": ""42.9""}",2999,false,https://www.cannondale.com/es-es/bikes/road/gravel/topstone-carbon/topstone-carbon-3-grx-2x-c15345u,https://www.cannondale.com/-/media/images/my25/bikes/road/gravel/topstone-carbon/pdps/cy25_topstonecarbon_geotable.ashx,vision,2026-10-05
Cannondale,Topstone Carbon [a727119d],Topstone Carbon 3 GRX - 2x,2025,gravel,54.0,,54,,,,,579,378,"{""A Seat Tube Length (cm)"": ""48.2"", ""B Top Tube Horizontal (cm)"": ""55.4"", ""C Top Tube Actual (cm)"": ""53.1"", ""D Head Tube Angle"": ""70.7°"", ""E Seat Tube Angle"": ""73.1°"", ""F Standover (cm)"": ""77.2"", ""G Head Tube Length (cm)"": ""12.3"", ""H Wheelbase (cm)"": ""102.6"", ""I Front Center (cm)"": ""61.7"", ""J Chain Stay Length (cm)"": ""42.0"", ""K Bottom Bracket Drop (cm)"": ""7.6"", ""L Bottom Bracket Height (cm)"": ""28.3"", ""M Fork Rake (cm)"": ""5.5"", ""N Trail (cm)"": ""6.7"", ""O Stack (cm)"": ""57.9"", ""P Reach (cm)"": ""37.8"", ""Q Axle-to-Crown"": ""42.9""}",2999,false,https://www.cannondale.com/es-es/bikes/road/gravel/topstone-carbon/topstone-carbon-3-grx-2x-c15345u,https://www.cannondale.com/-/media/images/my25/bikes/road/gravel/topstone-carbon/pdps/cy25_topstonecarbon_geotable.ashx,vision,2026-10-05
Cannondale,Topstone Carbon [a727119d],Topstone Carbon 3 GRX - 2x,2025,gravel,56.0,,56,,,,,597,383,"{""A Seat Tube Length (cm)"": ""51.8"", ""B Top Tube Horizontal (cm)"": ""56.4"", ""C Top Tube Actual (cm)"": ""54.3"", ""D Head Tube Angle"": ""70.7°"", ""E Seat Tube Angle"": ""73.1°"", ""F Standover (cm)"": ""80.0"", ""G Head Tube Length (cm)"": ""14.2"", ""H Wheelbase (cm)"": ""103.6"", ""I Front Center (cm)"": ""62.8"", ""J Chain Stay Length (cm)"": ""42.0"", ""K Bottom Bracket Drop (cm)"": ""7.6"", ""L Bottom Bracket Height (cm)"": ""28.3"", ""M Fork Rake (cm)"": ""5.5"", ""N Trail (cm)"": ""6.7"", ""O Stack (cm)"": ""59.7"", ""P Reach (cm)"": ""38.3"", ""Q Axle-to-Crown"": ""42.9""}",2999,false,https://www.cannondale.com/es-es/bikes/road/gravel/topstone-carbon/topstone-carbon-3-grx-2x-c15345u,https://www.cannondale.com/-/media/images/my25/bikes/road/gravel/topstone-carbon/pdps/cy25_topstonecarbon_geotable.ashx,vision,2026-10-05
Cannondale,Topstone Carbon [a727119d],Topstone Carbon 3 GRX - 2x,2025,gravel,58.0,,58,,,,,615,389,"{""A Seat Tube Length (cm)"": ""55.4"", ""B Top Tube Horizontal (cm)"": ""57.6"", ""C Top Tube Actual (cm)"": ""55.7"", ""D Head Tube Angle"": ""70.7°"", ""E Seat Tube Angle"": ""73.1°"", ""F Standover (cm)"": ""83.1"", ""G Head Tube Length (cm)"": ""16.4"", ""H Wheelbase (cm)"": ""105.0"", ""I Front Center (cm)"": ""64.1"", ""J Chain Stay Length (cm)"": ""42.0"", ""K Bottom Bracket Drop (cm)"": ""7.4"", ""L Bottom Bracket Height (cm)"": ""28.5"", ""M Fork Rake (cm)"": ""5.5"", ""N Trail (cm)"": ""6.7"", ""O Stack (cm)"": ""61.5"", ""P Reach (cm)"": ""38.9"", ""Q Axle-to-Crown"": ""42.9""}",2999,false,https://www.cannondale.com/es-es/bikes/road/gravel/topstone-carbon/topstone-carbon-3-grx-2x-c15345u,https://www.cannondale.com/-/media/images/my25/bikes/road/gravel/topstone-carbon/pdps/cy25_topstonecarbon_geotable.ashx,vision,2026-10-05
Cannondale,Topstone Carbon [a727119d],Topstone Carbon 3 GRX - 2x,2025,gravel,61.0,,61,,,,,646,397,"{""A Seat Tube Length (cm)"": ""59.0"", ""B Top Tube Horizontal (cm)"": ""59.3"", ""C Top Tube Actual (cm)"": ""57.4"", ""D Head Tube Angle"": ""70.7°"", ""E Seat Tube Angle"": ""73.1°"", ""F Standover (cm)"": ""86.4"", ""G Head Tube Length (cm)"": ""19.6"", ""H Wheelbase (cm)"": ""106.9"", ""I Front Center (cm)"": ""65.9"", ""J Chain Stay Length (cm)"": ""42.0"", ""K Bottom Bracket Drop (cm)"": ""7.4"", ""L Bottom Bracket Height (cm)"": ""28.5"", ""M Fork Rake (cm)"": ""5.5"", ""N Trail (cm)"": ""6.7"", ""O Stack (cm)"": ""64.6"", ""P Reach (cm)"": ""39.7"", ""Q Axle-to-Crown"": ""42.9""}",2999,false,https://www.cannondale.com/es-es/bikes/road/gravel/topstone-carbon/topstone-carbon-3-grx-2x-c15345u,https://www.cannondale.com/-/media/images/my25/bikes/road/gravel/topstone-carbon/pdps/cy25_topstonecarbon_geotable.ashx,vision,2026-10-05
Cannondale,Topstone Carbon [a727119d],Topstone Carbon 4 CUES 1x,2026,gravel,47.0,,47,,,,,554,364,"{""A Seat Tube Length (cm)"": ""41.0"", ""B Top Tube Horizontal (cm)"": ""53.2"", ""C Top Tube Actual (cm)"": ""51.0"", ""D Head Tube Angle"": ""69.9°"", ""E Seat Tube Angle"": ""73.1°"", ""F Standover (cm)"": ""71.6"", ""G Head Tube Length (cm)"": ""9.7"", ""H Wheelbase (cm)"": ""100.9"", ""I Front Center (cm)"": ""60.1"", ""J Chain Stay Length (cm)"": ""42.0"", ""K Bottom Bracket Drop (cm)"": ""7.9"", ""L Bottom Bracket Height (cm)"": ""28.0"", ""M Fork Rake (cm)"": ""5.5"", ""N Trail (cm)"": ""7.3"", ""O Stack (cm)"": ""55.4"", ""P Reach (cm)"": ""36.4"", ""Q Axle-to-Crown"": ""42.9""}",2699,false,https://www.cannondale.com/es-es/bikes/road/gravel/topstone-carbon/topstone-carbon-4-cues-1x-smu,https://www.cannondale.com/-/media/images/my25/bikes/road/gravel/topstone-carbon/pdps/cy25_topstonecarbon_geotable.ashx,vision,2026-10-05
Cannondale,Topstone Carbon [a727119d],Topstone Carbon 4 CUES 1x,2026,gravel,51.0,,51,,,,,561,373,"{""A Seat Tube Length (cm)"": ""44.6"", ""B Top Tube Horizontal (cm)"": ""54.3"", ""C Top Tube Actual (cm)"": ""52.0"", ""D Head Tube Angle"": ""70.7°"", ""E Seat Tube Angle"": ""73.1°"", ""F Standover (cm)"": ""74.1"", ""G Head Tube Length (cm)"": ""10.1"", ""H Wheelbase (cm)"": ""101.2"", ""I Front Center (cm)"": ""60.5"", ""J Chain Stay Length (cm)"": ""42.0"", ""K Bottom Bracket Drop (cm)"": ""7.9"", ""L Bottom Bracket Height (cm)"": ""28.0"", ""M Fork Rake (cm)"": ""5.5"", ""N Trail (cm)"": ""6.7"", ""O Stack (cm)"": ""56.1"", ""P Reach (cm)"": ""37.3"", ""Q Axle-to-Crown"": ""42.9""}",2699,false,https://www.cannondale.com/es-es/bikes/road/gravel/topstone-carbon/topstone-carbon-4-cues-1x-smu,https://www.cannondale.com/-/media/images/my25/bikes/road/gravel/topstone-carbon/pdps/cy25_topstonecarbon_geotable.ashx,vision,2026-10-05
Cannondale,Topstone Carbon [a727119d],Topstone Carbon 4 CUES 1x,2026,gravel,54.0,,54,,,,,579,378,"{""A Seat Tube Length (cm)"": ""48.2"", ""B Top Tube Horizontal (cm)"": ""55.4"", ""C Top Tube Actual (cm)"": ""53.1"", ""D Head Tube Angle"": ""70.7°"", ""E Seat Tube Angle"": ""73.1°"", ""F Standover (cm)"": ""77.2"", ""G Head Tube Length (cm)"": ""12.3"", ""H Wheelbase (cm)"": ""102.6"", ""I Front Center (cm)"": ""61.7"", ""J Chain Stay Length (cm)"": ""42.0"", ""K Bottom Bracket Drop (cm)"": ""7.6"", ""L Bottom Bracket Height (cm)"": ""28.3"", ""M Fork Rake (cm)"": ""5.5"", ""N Trail (cm)"": ""6.7"", ""O Stack (cm)"": ""57.9"", ""P Reach (cm)"": ""37.8"", ""Q Axle-to-Crown"": ""42.9""}",2699,false,https://www.cannondale.com/es-es/bikes/road/gravel/topstone-carbon/topstone-carbon-4-cues-1x-smu,https://www.cannondale.com/-/media/images/my25/bikes/road/gravel/topstone-carbon/pdps/cy25_topstonecarbon_geotable.ashx,vision,2026-10-05
Cannondale,Topstone Carbon [a727119d],Topstone Carbon 4 CUES 1x,2026,gravel,56.0,,56,,,,,597,383,"{""A Seat Tube Length (cm)"": ""51.8"", ""B Top Tube Horizontal (cm)"": ""56.4"", ""C Top Tube Actual (cm)"": ""54.3"", ""D Head Tube Angle"": ""70.7°"", ""E Seat Tube Angle"": ""73.1°"", ""F Standover (cm)"": ""80.0"", ""G Head Tube Length (cm)"": ""14.2"", ""H Wheelbase (cm)"": ""103.6"", ""I Front Center (cm)"": ""62.8"", ""J Chain Stay Length (cm)"": ""42.0"", ""K Bottom Bracket Drop (cm)"": ""7.6"", ""L Bottom Bracket Height (cm)"": ""28.3"", ""M Fork Rake (cm)"": ""5.5"", ""N Trail (cm)"": ""6.7"", ""O Stack (cm)"": ""59.7"", ""P Reach (cm)"": ""38.3"", ""Q Axle-to-Crown"": ""42.9""}",2699,false,https://www.cannondale.com/es-es/bikes/road/gravel/topstone-carbon/topstone-carbon-4-cues-1x-smu,https://www.cannondale.com/-/media/images/my25/bikes/road/gravel/topstone-carbon/pdps/cy25_topstonecarbon_geotable.ashx,vision,2026-10-05
Cannondale,Topstone Carbon [a727119d],Topstone Carbon 4 CUES 1x,2026,gravel,58.0,,58,,,,,615,389,"{""A Seat Tube Length (cm)"": ""55.4"", ""B Top Tube Horizontal (cm)"": ""57.6"", ""C Top Tube Actual (cm)"": ""55.7"", ""D Head Tube Angle"": ""70.7°"", ""E Seat Tube Angle"": ""73.1°"", ""F Standover (cm)"": ""83.1"", ""G Head Tube Length (cm)"": ""16.4"", ""H Wheelbase (cm)"": ""105.0"", ""I Front Center (cm)"": ""64.1"", ""J Chain Stay Length (cm)"": ""42.0"", ""K Bottom Bracket Drop (cm)"": ""7.4"", ""L Bottom Bracket Height (cm)"": ""28.5"", ""M Fork Rake (cm)"": ""5.5"", ""N Trail (cm)"": ""6.7"", ""O Stack (cm)"": ""61.5"", ""P Reach (cm)"": ""38.9"", ""Q Axle-to-Crown"": ""42.9""}",2699,false,https://www.cannondale.com/es-es/bikes/road/gravel/topstone-carbon/topstone-carbon-4-cues-1x-smu,https://www.cannondale.com/-/media/images/my25/bikes/road/gravel/topstone-carbon/pdps/cy25_topstonecarbon_geotable.ashx,vision,2026-10-05
Cannondale,Topstone Carbon [a727119d],Topstone Carbon 4 CUES 1x,2026,gravel,61.0,,61,,,,,646,397,"{""A Seat Tube Length (cm)"": ""59.0"", ""B Top Tube Horizontal (cm)"": ""59.3"", ""C Top Tube Actual (cm)"": ""57.4"", ""D Head Tube Angle"": ""70.7°"", ""E Seat Tube Angle"": ""73.1°"", ""F Standover (cm)"": ""86.4"", ""G Head Tube Length (cm)"": ""19.6"", ""H Wheelbase (cm)"": ""106.9"", ""I Front Center (cm)"": ""65.9"", ""J Chain Stay Length (cm)"": ""42.0"", ""K Bottom Bracket Drop (cm)"": ""7.4"", ""L Bottom Bracket Height (cm)"": ""28.5"", ""M Fork Rake (cm)"": ""5.5"", ""N Trail (cm)"": ""6.7"", ""O Stack (cm)"": ""64.6"", ""P Reach (cm)"": ""39.7"", ""Q Axle-to-Crown"": ""42.9""}",2699,false,https://www.cannondale.com/es-es/bikes/road/gravel/topstone-carbon/topstone-carbon-4-cues-1x-smu,https://www.cannondale.com/-/media/images/my25/bikes/road/gravel/topstone-carbon/pdps/cy25_topstonecarbon_geotable.ashx,vision,2026-10-05
Cannondale,Bad Habit [f49137c6],Bad Habit 1,2026,mtb,SM,,,,,,,630,430,"{""Wheel Size"": ""29/27.5"", ""A Seat Tube Length (mm)"": ""355"", ""B Top Tube Horizontal (mm)"": ""565"", ""C Top Tube Actual (mm)"": ""535"", ""D Head Tube Angle"": ""64°"", ""E Seat Tube Angle Effective"": ""77.7°"", ""E1 Seat Tube Angle Actual"": ""69.7°"", ""F Standover (mm)"": ""734"", ""G Head Tube Length (mm)"": ""110"", ""H Wheelbase (mm)"": ""1195"", ""I Front Center (mm)"": ""764"", ""J Chain Stay Length (mm)"": ""430"", ""K Bottom Bracket Drop (mm)"": ""25"", ""L Bottom Bracket Height (mm)"": ""342"", ""M Fork Rake (mm)"": ""44"", ""N Trail (mm)"": ""135"", ""O Stack (mm)"": ""630"", ""P Reach (mm)"": ""430"", ""Q Axle-to-Crown"": ""573"", ""R Rear Travel (mm)"": ""155"", ""S Shock Eye-to-Eye (mm)"": ""210"", ""T Shock Stroke (mm)"": ""55""}",7999,false,https://www.cannondale.com/es-es/bikes/mountain/enduro/bad-habit/bad-habit-1-smu,https://www.cannondale.com/-/media/images/my26/bikes/mountain/enduro/bad-habit/pdp/c26_badhabit_geo_table_v2.ashx,vision,2026-10-05
Cannondale,Bad Habit [f49137c6],Bad Habit 1,2026,mtb,MD,,,,,,,641,455,"{""Wheel Size"": ""29/27.5"", ""A Seat Tube Length (mm)"": ""380"", ""B Top Tube Horizontal (mm)"": ""592"", ""C Top Tube Actual (mm)"": ""555"", ""D Head Tube Angle"": ""64°"", ""E Seat Tube Angle Effective"": ""77.7°"", ""E1 Seat Tube Angle Actual"": ""70.2°"", ""F Standover (mm)"": ""737"", ""G Head Tube Length (mm)"": ""120"", ""H Wheelbase (mm)"": ""1224"", ""I Front Center (mm)"": ""793"", ""J Chain Stay Length (mm)"": ""430"", ""K Bottom Bracket Drop (mm)"": ""25"", ""L Bottom Bracket Height (mm)"": ""342"", ""M Fork Rake (mm)"": ""44"", ""N Trail (mm)"": ""135"", ""O Stack (mm)"": ""641"", ""P Reach (mm)"": ""455"", ""Q Axle-to-Crown"": ""573"", ""R Rear Travel (mm)"": ""155"", ""S Shock Eye-to-Eye (mm)"": ""210"", ""T Shock Stroke (mm)"": ""55""}",7999,false,https://www.cannondale.com/es-es/bikes/mountain/enduro/bad-habit/bad-habit-1-smu,https://www.cannondale.com/-/media/images/my26/bikes/mountain/enduro/bad-habit/pdp/c26_badhabit_geo_table_v2.ashx,vision,2026-10-05
Cannondale,Bad Habit [f49137c6],Bad Habit 1,2026,mtb,LG,,,,,,,648,480,"{""Wheel Size"": ""29/27.5"", ""A Seat Tube Length (mm)"": ""420"", ""B Top Tube Horizontal (mm)"": ""618"", ""C Top Tube Actual (mm)"": ""577"", ""D Head Tube Angle"": ""64°"", ""E Seat Tube Angle Effective"": ""77.8°"", ""E1 Seat Tube Angle Actual"": ""71.1°"", ""F Standover (mm)"": ""739"", ""G Head Tube Length (mm)"": ""130"", ""H Wheelbase (mm)"": ""1256"", ""I Front Center (mm)"": ""822"", ""J Chain Stay Length (mm)"": ""435"", ""K Bottom Bracket Drop (mm)"": ""25"", ""L Bottom Bracket Height (mm)"": ""342"", ""M Fork Rake (mm)"": ""44"", ""N Trail (mm)"": ""135"", ""O Stack (mm)"": ""648"", ""P Reach (mm)"": ""480"", ""Q Axle-to-Crown"": ""573"", ""R Rear Travel (mm)"": ""155"", ""S Shock Eye-to-Eye (mm)"": ""210"", ""T Shock Stroke (mm)"": ""55""}",7999,false,https://www.cannondale.com/es-es/bikes/mountain/enduro/bad-habit/bad-habit-1-smu,https://www.cannondale.com/-/media/images/my26/bikes/mountain/enduro/bad-habit/pdp/c26_badhabit_geo_table_v2.ashx,vision,2026-10-05
Cannondale,Bad Habit [f49137c6],Bad Habit 1,2026,mtb,XL,XL,,,,,,657,515,"{""Wheel Size"": ""29/27.5"", ""A Seat Tube Length (mm)"": ""455"", ""B Top Tube Horizontal (mm)"": ""655"", ""C Top Tube Actual (mm)"": ""609"", ""D Head Tube Angle"": ""64°"", ""E Seat Tube Angle Effective"": ""77.8°"", ""E1 Seat Tube Angle Actual"": ""71.5°"", ""F Standover (mm)"": ""746"", ""G Head Tube Length (mm)"": ""140"", ""H Wheelbase (mm)"": ""1295"", ""I Front Center (mm)"": ""862"", ""J Chain Stay Length (mm)"": ""435"", ""K Bottom Bracket Drop (mm)"": ""25"", ""L Bottom Bracket Height (mm)"": ""342"", ""M Fork Rake (mm)"": ""44"", ""N Trail (mm)"": ""135"", ""O Stack (mm)"": ""657"", ""P Reach (mm)"": ""515"", ""Q Axle-to-Crown"": ""573"", ""R Rear Travel (mm)"": ""155"", ""S Shock Eye-to-Eye (mm)"": ""210"", ""T Shock Stroke (mm)"": ""55""}",7999,false,https://www.cannondale.com/es-es/bikes/mountain/enduro/bad-habit/bad-habit-1-smu,https://www.cannondale.com/-/media/images/my26/bikes/mountain/enduro/bad-habit/pdp/c26_badhabit_geo_table_v2.ashx,vision,2026-10-05
Cannondale,Bad Habit [f49137c6],Bad Habit 2,2026,mtb,SM,,,,,,,630,430,"{""Wheel Size"": ""29/27.5"", ""A Seat Tube Length (mm)"": ""355"", ""B Top Tube Horizontal (mm)"": ""565"", ""C Top Tube Actual (mm)"": ""535"", ""D Head Tube Angle"": ""64°"", ""E Seat Tube Angle Effective"": ""77.7°"", ""E1 Seat Tube Angle Actual"": ""69.7°"", ""F Standover (mm)"": ""734"", ""G Head Tube Length (mm)"": ""110"", ""H Wheelbase (mm)"": ""1195"", ""I Front Center (mm)"": ""764"", ""J Chain Stay Length (mm)"": ""430"", ""K Bottom Bracket Drop (mm)"": ""25"", ""L Bottom Bracket Height (mm)"": ""342"", ""M Fork Rake (mm)"": ""44"", ""N Trail (mm)"": ""135"", ""O Stack (mm)"": ""630"", ""P Reach (mm)"": ""430"", ""Q Axle-to-Crown"": ""573"", ""R Rear Travel (mm)"": ""155"", ""S Shock Eye-to-Eye (mm)"": ""210"", ""T Shock Stroke (mm)"": ""55""}",4999,false,https://www.cannondale.com/es-es/bikes/mountain/enduro/bad-habit/bad-habit-2-smu,https://www.cannondale.com/-/media/images/my26/bikes/mountain/enduro/bad-habit/pdp/c26_badhabit_geo_table_v2.ashx,vision,2026-10-05
Cannondale,Bad Habit [f49137c6],Bad Habit 2,2026,mtb,MD,,,,,,,641,455,"{""Wheel Size"": ""29/27.5"", ""A Seat Tube Length (mm)"": ""380"", ""B Top Tube Horizontal (mm)"": ""592"", ""C Top Tube Actual (mm)"": ""555"", ""D Head Tube Angle"": ""64°"", ""E Seat Tube Angle Effective"": ""77.7°"", ""E1 Seat Tube Angle Actual"": ""70.2°"", ""F Standover (mm)"": ""737"", ""G Head Tube Length (mm)"": ""120"", ""H Wheelbase (mm)"": ""1224"", ""I Front Center (mm)"": ""793"", ""J Chain Stay Length (mm)"": ""430"", ""K Bottom Bracket Drop (mm)"": ""25"", ""L Bottom Bracket Height (mm)"": ""342"", ""M Fork Rake (mm)"": ""44"", ""N Trail (mm)"": ""135"", ""O Stack (mm)"": ""641"", ""P Reach (mm)"": ""455"", ""Q Axle-to-Crown"": ""573"", ""R Rear Travel (mm)"": ""155"", ""S Shock Eye-to-Eye (mm)"": ""210"", ""T Shock Stroke (mm)"": ""55""}",4999,false,https://www.cannondale.com/es-es/bikes/mountain/enduro/bad-habit/bad-habit-2-smu,https://www.cannondale.com/-/media/images/my26/bikes/mountain/enduro/bad-habit/pdp/c26_badhabit_geo_table_v2.ashx,vision,2026-10-05
Cannondale,Bad Habit [f49137c6],Bad Habit 2,2026,mtb,LG,,,,,,,648,480,"{""Wheel Size"": ""29/27.5"", ""A Seat Tube Length (mm)"": ""420"", ""B Top Tube Horizontal (mm)"": ""618"", ""C Top Tube Actual (mm)"": ""577"", ""D Head Tube Angle"": ""64°"", ""E Seat Tube Angle Effective"": ""77.8°"", ""E1 Seat Tube Angle Actual"": ""71.1°"", ""F Standover (mm)"": ""739"", ""G Head Tube Length (mm)"": ""130"", ""H Wheelbase (mm)"": ""1256"", ""I Front Center (mm)"": ""822"", ""J Chain Stay Length (mm)"": ""435"", ""K Bottom Bracket Drop (mm)"": ""25"", ""L Bottom Bracket Height (mm)"": ""342"", ""M Fork Rake (mm)"": ""44"", ""N Trail (mm)"": ""135"", ""O Stack (mm)"": ""648"", ""P Reach (mm)"": ""480"", ""Q Axle-to-Crown"": ""573"", ""R Rear Travel (mm)"": ""155"", ""S Shock Eye-to-Eye (mm)"": ""210"", ""T Shock Stroke (mm)"": ""55""}",4999,false,https://www.cannondale.com/es-es/bikes/mountain/enduro/bad-habit/bad-habit-2-smu,https://www.cannondale.com/-/media/images/my26/bikes/mountain/enduro/bad-habit/pdp/c26_badhabit_geo_table_v2.ashx,vision,2026-10-05
Cannondale,Bad Habit [f49137c6],Bad Habit 2,2026,mtb,XL,XL,,,,,,657,515,"{""Wheel Size"": ""29/27.5"", ""A Seat Tube Length (mm)"": ""455"", ""B Top Tube Horizontal (mm)"": ""655"", ""C Top Tube Actual (mm)"": ""609"", ""D Head Tube Angle"": ""64°"", ""E Seat Tube Angle Effective"": ""77.8°"", ""E1 Seat Tube Angle Actual"": ""71.5°"", ""F Standover (mm)"": ""746"", ""G Head Tube Length (mm)"": ""140"", ""H Wheelbase (mm)"": ""1295"", ""I Front Center (mm)"": ""862"", ""J Chain Stay Length (mm)"": ""435"", ""K Bottom Bracket Drop (mm)"": ""25"", ""L Bottom Bracket Height (mm)"": ""342"", ""M Fork Rake (mm)"": ""44"", ""N Trail (mm)"": ""135"", ""O Stack (mm)"": ""657"", ""P Reach (mm)"": ""515"", ""Q Axle-to-Crown"": ""573"", ""R Rear Travel (mm)"": ""155"", ""S Shock Eye-to-Eye (mm)"": ""210"", ""T Shock Stroke (mm)"": ""55""}",4999,false,https://www.cannondale.com/es-es/bikes/mountain/enduro/bad-habit/bad-habit-2-smu,https://www.cannondale.com/-/media/images/my26/bikes/mountain/enduro/bad-habit/pdp/c26_badhabit_geo_table_v2.ashx,vision,2026-10-05
Cannondale,Topstone Carbon 1 RLE [3dc543d0],Topstone Carbon 1 RLE,2022,gravel,XS,XS,,,,,,534,371,"{""Wheel Size"": ""700c"", ""A Seat Tube Length (cm)"": ""41.0"", ""B Top Tube Horizontal (cm)"": ""53.3"", ""C Top Tube Actual (cm)"": ""50.3"", ""D Head Tube Angle"": ""70.0°"", ""E Seat Tube Angle Effective"": ""73.1°"", ""E Seat Tube Angle Actual"": ""71.4°"", ""F Standover (cm)"": ""70.4"", ""G Head Tube Length (cm)"": ""10.5"", ""H Wheelbase (cm)"": ""101.0"", ""I Front Center (cm)"": ""60.1"", ""J Chain Stay Length (cm)"": ""42.0"", ""K Bottom Bracket Drop (cm)"": ""7.4"", ""L Bottom Bracket Height (cm)"": ""27.8"", ""M Fork Rake (cm)"": ""5.5"", ""N Trail (cm)"": ""6.9"", ""O Stack (cm)"": ""53.4"", ""P Reach (cm)"": ""37.1""}",7799,false,https://www.cannondale.com/es-es/bikes/road/gravel/topstone-carbon/topstone-carbon-1-rle,https://www.cannondale.com/-/media/images/my22/bikes/road/gravel/topstone-carbon/pdp-non-lefty/c22_topstone_carbon_geotable_v2.ashx,vision,2026-10-05
Cannondale,Topstone Carbon 1 RLE [3dc543d0],Topstone Carbon 1 RLE,2022,gravel,SM,,,,,,,551,377,"{""Wheel Size"": ""700c"", ""A Seat Tube Length (cm)"": ""45.8"", ""B Top Tube Horizontal (cm)"": ""54.4"", ""C Top Tube Actual (cm)"": ""51.6"", ""D Head Tube Angle"": ""71.2°"", ""E Seat Tube Angle Effective"": ""73.1°"", ""E Seat Tube Angle Actual"": ""71.6°"", ""F Standover (cm)"": ""74.5"", ""G Head Tube Length (cm)"": ""12.3"", ""H Wheelbase (cm)"": ""101.3"", ""I Front Center (cm)"": ""60.3"", ""J Chain Stay Length (cm)"": ""42.0"", ""K Bottom Bracket Drop (cm)"": ""6.9"", ""L Bottom Bracket Height (cm)"": ""28.3"", ""M Fork Rake (cm)"": ""5.5"", ""N Trail (cm)"": ""6.2"", ""O Stack (cm)"": ""55.1"", ""P Reach (cm)"": ""37.7""}",7799,false,https://www.cannondale.com/es-es/bikes/road/gravel/topstone-carbon/topstone-carbon-1-rle,https://www.cannondale.com/-/media/images/my22/bikes/road/gravel/topstone-carbon/pdp-non-lefty/c22_topstone_carbon_geotable_v2.ashx,vision,2026-10-05
Cannondale,Topstone Carbon 1 RLE [3dc543d0],Topstone Carbon 1 RLE,2022,gravel,MD,,,,,,,574,383,"{""Wheel Size"": ""700c"", ""A Seat Tube Length (cm)"": ""50.5"", ""B Top Tube Horizontal (cm)"": ""55.7"", ""C Top Tube Actual (cm)"": ""53.2"", ""D Head Tube Angle"": ""71.2°"", ""E Seat Tube Angle Effective"": ""73.1°"", ""E Seat Tube Angle Actual"": ""71.8°"", ""F Standover (cm)"": ""78.5"", ""G Head Tube Length (cm)"": ""15.0"", ""H Wheelbase (cm)"": ""102.9"", ""I Front Center (cm)"": ""61.7"", ""J Chain Stay Length (cm)"": ""42.0"", ""K Bottom Bracket Drop (cm)"": ""6.7"", ""L Bottom Bracket Height (cm)"": ""28.5"", ""M Fork Rake (cm)"": ""5.5"", ""N Trail (cm)"": ""6.2"", ""O Stack (cm)"": ""57.4"", ""P Reach (cm)"": ""38.3""}",7799,false,https://www.cannondale.com/es-es/bikes/road/gravel/topstone-carbon/topstone-carbon-1-rle,https://www.cannondale.com/-/media/images/my22/bikes/road/gravel/topstone-carbon/pdp-non-lefty/c22_topstone_carbon_geotable_v2.ashx,vision,2026-10-05
Cannondale,Topstone Carbon 1 RLE [3dc543d0],Topstone Carbon 1 RLE,2022,gravel,LG,,,,,,,600,390,"{""Wheel Size"": ""700c"", ""A Seat Tube Length (cm)"": ""55.3"", ""B Top Tube Horizontal (cm)"": ""57.2"", ""C Top Tube Actual (cm)"": ""55.0"", ""D Head Tube Angle"": ""71.2°"", ""E Seat Tube Angle Effective"": ""73.1°"", ""E Seat Tube Angle Actual"": ""71.9°"", ""F Standover (cm)"": ""82.3"", ""G Head Tube Length (cm)"": ""17.7"", ""H Wheelbase (cm)"": ""104.4"", ""I Front Center (cm)"": ""63.3"", ""J Chain Stay Length (cm)"": ""42.0"", ""K Bottom Bracket Drop (cm)"": ""6.7"", ""L Bottom Bracket Height (cm)"": ""28.5"", ""M Fork Rake (cm)"": ""5.5"", ""N Trail (cm)"": ""6.2"", ""O Stack (cm)"": ""60.0"", ""P Reach (cm)"": ""39.0""}",7799,false,https://www.cannondale.com/es-es/bikes/road/gravel/topstone-carbon/topstone-carbon-1-rle,https://www.cannondale.com/-/media/images/my22/bikes/road/gravel/topstone-carbon/pdp-non-lefty/c22_topstone_carbon_geotable_v2.ashx,vision,2026-10-05
Cannondale,Topstone Carbon 1 RLE [3dc543d0],Topstone Carbon 1 RLE,2022,gravel,XL,XL,,,,,,624,397,"{""Wheel Size"": ""700c"", ""A Seat Tube Length (cm)"": ""59.0"", ""B Top Tube Horizontal (cm)"": ""58.7"", ""C Top Tube Actual (cm)"": ""56.7"", ""D Head Tube Angle"": ""71.2°"", ""E Seat Tube Angle Effective"": ""73.1°"", ""E Seat Tube Angle Actual"": ""72.1°"", ""F Standover (cm)"": ""85.7"", ""G Head Tube Length (cm)"": ""20.5"", ""H Wheelbase (cm)"": ""106.1"", ""I Front Center (cm)"": ""64.9"", ""J Chain Stay Length (cm)"": ""42.0"", ""K Bottom Bracket Drop (cm)"": ""6.4"", ""L Bottom Bracket Height (cm)"": ""28.8"", ""M Fork Rake (cm)"": ""5.5"", ""N Trail (cm)"": ""6.2"", ""O Stack (cm)"": ""62.4"", ""P Reach (cm)"": ""39.7""}",7799,false,https://www.cannondale.com/es-es/bikes/road/gravel/topstone-carbon/topstone-carbon-1-rle,https://www.cannondale.com/-/media/images/my22/bikes/road/gravel/topstone-carbon/pdp-non-lefty/c22_topstone_carbon_geotable_v2.ashx,vision,2026-10-05
Cannondale,CAAD14 [f9a5afaf],CAAD14 1,2026,carretera,48.0,,48,,,,,505,377,"{""Wheel Size"": ""700C"", ""A Seat Tube Length (cm)"": ""49.0"", ""B Top Tube Horizontal (cm)"": ""52.1"", ""C Top Tube Actual (cm)"": ""51.2"", ""D Head Tube Angle"": ""71.2"", ""E Seat Tube Angle"": ""74.1"", ""F Standover (cm)"": ""73.2"", ""G Head Tube Length (cm)"": ""9.8"", ""H Wheelbase (cm)"": ""99.0"", ""I Front Center (cm)"": ""58.7"", ""J Chain Stay Length (cm)"": ""41.5"", ""K Bottom Bracket Drop (cm)"": ""7.4"", ""L Bottom Bracket Height (cm)"": ""26.8"", ""M Fork Rake (cm)"": ""5.5"", ""N Trail (cm)"": ""5.8"", ""O Stack (cm)"": ""50.5"", ""P Reach (cm)"": ""37.7"", ""Q Axle to Crown (cm)"": ""37.6""}",7499,false,https://www.cannondale.com/es-es/bikes/road/race/caad14/caad14-1,https://www.cannondale.com/-/media/images/my26/bikes/road/race/caad14/pdp/caad14_geo_table.ashx,vision,2026-10-05
Cannondale,CAAD14 [f9a5afaf],CAAD14 1,2026,carretera,51.0,,51,,,,,520,381,"{""Wheel Size"": ""700C"", ""A Seat Tube Length (cm)"": ""52.5"", ""B Top Tube Horizontal (cm)"": ""53.3"", ""C Top Tube Actual (cm)"": ""52.9"", ""D Head Tube Angle"": ""71.2"", ""E Seat Tube Angle"": ""73.7"", ""F Standover (cm)"": ""76.1"", ""G Head Tube Length (cm)"": ""11.7"", ""H Wheelbase (cm)"": ""100.1"", ""I Front Center (cm)"": ""59.6"", ""J Chain Stay Length (cm)"": ""41.5"", ""K Bottom Bracket Drop (cm)"": ""7.2"", ""L Bottom Bracket Height (cm)"": ""27.1"", ""M Fork Rake (cm)"": ""5.5"", ""N Trail (cm)"": ""5.8"", ""O Stack (cm)"": ""52.0"", ""P Reach (cm)"": ""38.1"", ""Q Axle to Crown (cm)"": ""37.6""}",7499,false,https://www.cannondale.com/es-es/bikes/road/race/caad14/caad14-1,https://www.cannondale.com/-/media/images/my26/bikes/road/race/caad14/pdp/caad14_geo_table.ashx,vision,2026-10-05
Cannondale,CAAD14 [f9a5afaf],CAAD14 1,2026,carretera,54.0,,54,,,,,540,386,"{""Wheel Size"": ""700C"", ""A Seat Tube Length (cm)"": ""55.5"", ""B Top Tube Horizontal (cm)"": ""54.8"", ""C Top Tube Actual (cm)"": ""54.6"", ""D Head Tube Angle"": ""71.2"", ""E Seat Tube Angle"": ""73.3"", ""F Standover (cm)"": ""78.5"", ""G Head Tube Length (cm)"": ""13.8"", ""H Wheelbase (cm)"": ""101.2"", ""I Front Center (cm)"": ""60.8"", ""J Chain Stay Length (cm)"": ""41.5"", ""K Bottom Bracket Drop (cm)"": ""7.2"", ""L Bottom Bracket Height (cm)"": ""27.1"", ""M Fork Rake (cm)"": ""5.5"", ""N Trail (cm)"": ""5.8"", ""O Stack (cm)"": ""54.0"", ""P Reach (cm)"": ""38.6"", ""Q Axle to Crown (cm)"": ""37.6""}",7499,false,https://www.cannondale.com/es-es/bikes/road/race/caad14/caad14-1,https://www.cannondale.com/-/media/images/my26/bikes/road/race/caad14/pdp/caad14_geo_table.ashx,vision,2026-10-05
Cannondale,CAAD14 [f9a5afaf],CAAD14 1,2026,carretera,56.0,,56,,,,,560,392,"{""Wheel Size"": ""700C"", ""A Seat Tube Length (cm)"": ""58.0"", ""B Top Tube Horizontal (cm)"": ""56.4"", ""C Top Tube Actual (cm)"": ""56.3"", ""D Head Tube Angle"": ""73.0"", ""E Seat Tube Angle"": ""72.9"", ""F Standover (cm)"": ""80.9"", ""G Head Tube Length (cm)"": ""15.1"", ""H Wheelbase (cm)"": ""99.8"", ""I Front Center (cm)"": ""59.3"", ""J Chain Stay Length (cm)"": ""41.5"", ""K Bottom Bracket Drop (cm)"": ""6.9"", ""L Bottom Bracket Height (cm)"": ""27.3"", ""M Fork Rake (cm)"": ""4.5"", ""N Trail (cm)"": ""5.8"", ""O Stack (cm)"": ""56.0"", ""P Reach (cm)"": ""39.2"", ""Q Axle to Crown (cm)"": ""37.6""}",7499,false,https://www.cannondale.com/es-es/bikes/road/race/caad14/caad14-1,https://www.cannondale.com/-/media/images/my26/bikes/road/race/caad14/pdp/caad14_geo_table.ashx,vision,2026-10-05
Cannondale,CAAD14 [f9a5afaf],CAAD14 1,2026,carretera,58.0,,58,,,,,580,398,"{""Wheel Size"": ""700C"", ""A Seat Tube Length (cm)"": ""60.0"", ""B Top Tube Horizontal (cm)"": ""58.1"", ""C Top Tube Actual (cm)"": ""57.8"", ""D Head Tube Angle"": ""73.0"", ""E Seat Tube Angle"": ""72.5"", ""F Standover (cm)"": ""82.8"", ""G Head Tube Length (cm)"": ""17.2"", ""H Wheelbase (cm)"": ""101.1"", ""I Front Center (cm)"": ""60.5"", ""J Chain Stay Length (cm)"": ""41.5"", ""K Bottom Bracket Drop (cm)"": ""6.9"", ""L Bottom Bracket Height (cm)"": ""27.3"", ""M Fork Rake (cm)"": ""4.5"", ""N Trail (cm)"": ""5.8"", ""O Stack (cm)"": ""58.0"", ""P Reach (cm)"": ""39.8"", ""Q Axle to Crown (cm)"": ""37.6""}",7499,false,https://www.cannondale.com/es-es/bikes/road/race/caad14/caad14-1,https://www.cannondale.com/-/media/images/my26/bikes/road/race/caad14/pdp/caad14_geo_table.ashx,vision,2026-10-05
Cannondale,CAAD14 [f9a5afaf],CAAD14 1,2026,carretera,61.0,,61,,,,,610,407,"{""Wheel Size"": ""700C"", ""A Seat Tube Length (cm)"": ""62.0"", ""B Top Tube Horizontal (cm)"": ""60.4"", ""C Top Tube Actual (cm)"": ""59.8"", ""D Head Tube Angle"": ""73.0°"", ""E Seat Tube Angle"": ""72.1°"", ""F Standover (cm)"": ""85.1"", ""G Head Tube Length (cm)"": ""20.3"", ""H Wheelbase (cm)"": ""102.9"", ""I Front Center (cm)"": ""62.3"", ""J Chain Stay Length (cm)"": ""41.5"", ""K Bottom Bracket Drop (cm)"": ""6.9"", ""L Bottom Bracket Height (cm)"": ""27.3"", ""M Fork Rake (cm)"": ""4.5"", ""N Trail (cm)"": ""5.8"", ""O Stack (cm)"": ""61.0"", ""P Reach (cm)"": ""40.7"", ""Q Axle to Crown (cm)"": ""37.6""}",7499,false,https://www.cannondale.com/es-es/bikes/road/race/caad14/caad14-1,https://www.cannondale.com/-/media/images/my26/bikes/road/race/caad14/pdp/caad14_geo_table.ashx,vision,2026-10-05
Cannondale,CAAD14 [f9a5afaf],CAAD14 2,2026,carretera,48.0,,48,,,,,505,377,"{""Wheel Size"": ""700C"", ""A Seat Tube Length (cm)"": ""49.0"", ""B Top Tube Horizontal (cm)"": ""52.1"", ""C Top Tube Actual (cm)"": ""51.2"", ""D Head Tube Angle"": ""71.2"", ""E Seat Tube Angle"": ""74.1"", ""F Standover (cm)"": ""73.2"", ""G Head Tube Length (cm)"": ""9.8"", ""H Wheelbase (cm)"": ""99.0"", ""I Front Center (cm)"": ""58.7"", ""J Chain Stay Length (cm)"": ""41.5"", ""K Bottom Bracket Drop (cm)"": ""7.4"", ""L Bottom Bracket Height (cm)"": ""26.8"", ""M Fork Rake (cm)"": ""5.5"", ""N Trail (cm)"": ""5.8"", ""O Stack (cm)"": ""50.5"", ""P Reach (cm)"": ""37.7"", ""Q Axle to Crown (cm)"": ""37.6""}",3799,false,https://www.cannondale.com/es-es/bikes/road/race/caad14/caad14-2-smu,https://www.cannondale.com/-/media/images/my26/bikes/road/race/caad14/pdp/caad14_geo_table.ashx,vision,2026-10-05
Cannondale,CAAD14 [f9a5afaf],CAAD14 2,2026,carretera,51.0,,51,,,,,520,381,"{""Wheel Size"": ""700C"", ""A Seat Tube Length (cm)"": ""52.5"", ""B Top Tube Horizontal (cm)"": ""53.3"", ""C Top Tube Actual (cm)"": ""52.9"", ""D Head Tube Angle"": ""71.2"", ""E Seat Tube Angle"": ""73.7"", ""F Standover (cm)"": ""76.1"", ""G Head Tube Length (cm)"": ""11.7"", ""H Wheelbase (cm)"": ""100.1"", ""I Front Center (cm)"": ""59.6"", ""J Chain Stay Length (cm)"": ""41.5"", ""K Bottom Bracket Drop (cm)"": ""7.2"", ""L Bottom Bracket Height (cm)"": ""27.1"", ""M Fork Rake (cm)"": ""5.5"", ""N Trail (cm)"": ""5.8"", ""O Stack (cm)"": ""52.0"", ""P Reach (cm)"": ""38.1"", ""Q Axle to Crown (cm)"": ""37.6""}",3799,false,https://www.cannondale.com/es-es/bikes/road/race/caad14/caad14-2-smu,https://www.cannondale.com/-/media/images/my26/bikes/road/race/caad14/pdp/caad14_geo_table.ashx,vision,2026-10-05
Cannondale,CAAD14 [f9a5afaf],CAAD14 2,2026,carretera,54.0,,54,,,,,540,386,"{""Wheel Size"": ""700C"", ""A Seat Tube Length (cm)"": ""55.5"", ""B Top Tube Horizontal (cm)"": ""54.8"", ""C Top Tube Actual (cm)"": ""54.6"", ""D Head Tube Angle"": ""71.2"", ""E Seat Tube Angle"": ""73.3"", ""F Standover (cm)"": ""78.5"", ""G Head Tube Length (cm)"": ""13.8"", ""H Wheelbase (cm)"": ""101.2"", ""I Front Center (cm)"": ""60.8"", ""J Chain Stay Length (cm)"": ""41.5"", ""K Bottom Bracket Drop (cm)"": ""7.2"", ""L Bottom Bracket Height (cm)"": ""27.1"", ""M Fork Rake (cm)"": ""5.5"", ""N Trail (cm)"": ""5.8"", ""O Stack (cm)"": ""54.0"", ""P Reach (cm)"": ""38.6"", ""Q Axle to Crown (cm)"": ""37.6""}",3799,false,https://www.cannondale.com/es-es/bikes/road/race/caad14/caad14-2-smu,https://www.cannondale.com/-/media/images/my26/bikes/road/race/caad14/pdp/caad14_geo_table.ashx,vision,2026-10-05
Cannondale,CAAD14 [f9a5afaf],CAAD14 2,2026,carretera,56.0,,56,,,,,560,392,"{""Wheel Size"": ""700C"", ""A Seat Tube Length (cm)"": ""58.0"", ""B Top Tube Horizontal (cm)"": ""56.4"", ""C Top Tube Actual (cm)"": ""56.3"", ""D Head Tube Angle"": ""73.0"", ""E Seat Tube Angle"": ""72.9"", ""F Standover (cm)"": ""80.9"", ""G Head Tube Length (cm)"": ""15.1"", ""H Wheelbase (cm)"": ""99.8"", ""I Front Center (cm)"": ""59.3"", ""J Chain Stay Length (cm)"": ""41.5"", ""K Bottom Bracket Drop (cm)"": ""6.9"", ""L Bottom Bracket Height (cm)"": ""27.3"", ""M Fork Rake (cm)"": ""4.5"", ""N Trail (cm)"": ""5.8"", ""O Stack (cm)"": ""56.0"", ""P Reach (cm)"": ""39.2"", ""Q Axle to Crown (cm)"": ""37.6""}",3799,false,https://www.cannondale.com/es-es/bikes/road/race/caad14/caad14-2-smu,https://www.cannondale.com/-/media/images/my26/bikes/road/race/caad14/pdp/caad14_geo_table.ashx,vision,2026-10-05
Cannondale,CAAD14 [f9a5afaf],CAAD14 2,2026,carretera,58.0,,58,,,,,580,398,"{""Wheel Size"": ""700C"", ""A Seat Tube Length (cm)"": ""60.0"", ""B Top Tube Horizontal (cm)"": ""58.1"", ""C Top Tube Actual (cm)"": ""57.8"", ""D Head Tube Angle"": ""73.0"", ""E Seat Tube Angle"": ""72.5"", ""F Standover (cm)"": ""82.8"", ""G Head Tube Length (cm)"": ""17.2"", ""H Wheelbase (cm)"": ""101.1"", ""I Front Center (cm)"": ""60.5"", ""J Chain Stay Length (cm)"": ""41.5"", ""K Bottom Bracket Drop (cm)"": ""6.9"", ""L Bottom Bracket Height (cm)"": ""27.3"", ""M Fork Rake (cm)"": ""4.5"", ""N Trail (cm)"": ""5.8"", ""O Stack (cm)"": ""58.0"", ""P Reach (cm)"": ""39.8"", ""Q Axle to Crown (cm)"": ""37.6""}",3799,false,https://www.cannondale.com/es-es/bikes/road/race/caad14/caad14-2-smu,https://www.cannondale.com/-/media/images/my26/bikes/road/race/caad14/pdp/caad14_geo_table.ashx,vision,2026-10-05
Cannondale,CAAD14 [f9a5afaf],CAAD14 2,2026,carretera,61.0,,61,,,,,610,407,"{""Wheel Size"": ""700C"", ""A Seat Tube Length (cm)"": ""62.0"", ""B Top Tube Horizontal (cm)"": ""60.4"", ""C Top Tube Actual (cm)"": ""59.8"", ""D Head Tube Angle"": ""73.0°"", ""E Seat Tube Angle"": ""72.1°"", ""F Standover (cm)"": ""85.1"", ""G Head Tube Length (cm)"": ""20.3"", ""H Wheelbase (cm)"": ""102.9"", ""I Front Center (cm)"": ""62.3"", ""J Chain Stay Length (cm)"": ""41.5"", ""K Bottom Bracket Drop (cm)"": ""6.9"", ""L Bottom Bracket Height (cm)"": ""27.3"", ""M Fork Rake (cm)"": ""4.5"", ""N Trail (cm)"": ""5.8"", ""O Stack (cm)"": ""61.0"", ""P Reach (cm)"": ""40.7"", ""Q Axle to Crown (cm)"": ""37.6""}",3799,false,https://www.cannondale.com/es-es/bikes/road/race/caad14/caad14-2-smu,https://www.cannondale.com/-/media/images/my26/bikes/road/race/caad14/pdp/caad14_geo_table.ashx,vision,2026-10-05
Cannondale,CAAD14 [f9a5afaf],CAAD14 3,2026,carretera,48.0,,48,,,,,505,377,"{""Wheel Size"": ""700C"", ""A Seat Tube Length (cm)"": ""49.0"", ""B Top Tube Horizontal (cm)"": ""52.1"", ""C Top Tube Actual (cm)"": ""51.2"", ""D Head Tube Angle"": ""71.2"", ""E Seat Tube Angle"": ""74.1"", ""F Standover (cm)"": ""73.2"", ""G Head Tube Length (cm)"": ""9.8"", ""H Wheelbase (cm)"": ""99.0"", ""I Front Center (cm)"": ""58.7"", ""J Chain Stay Length (cm)"": ""41.5"", ""K Bottom Bracket Drop (cm)"": ""7.4"", ""L Bottom Bracket Height (cm)"": ""26.8"", ""M Fork Rake (cm)"": ""5.5"", ""N Trail (cm)"": ""5.8"", ""O Stack (cm)"": ""50.5"", ""P Reach (cm)"": ""37.7"", ""Q Axle to Crown (cm)"": ""37.6""}",2499,false,https://www.cannondale.com/es-es/bikes/road/race/caad14/caad14-3-smu,https://www.cannondale.com/-/media/images/my26/bikes/road/race/caad14/pdp/caad14_geo_table.ashx,vision,2026-10-05
Cannondale,CAAD14 [f9a5afaf],CAAD14 3,2026,carretera,51.0,,51,,,,,520,381,"{""Wheel Size"": ""700C"", ""A Seat Tube Length (cm)"": ""52.5"", ""B Top Tube Horizontal (cm)"": ""53.3"", ""C Top Tube Actual (cm)"": ""52.9"", ""D Head Tube Angle"": ""71.2"", ""E Seat Tube Angle"": ""73.7"", ""F Standover (cm)"": ""76.1"", ""G Head Tube Length (cm)"": ""11.7"", ""H Wheelbase (cm)"": ""100.1"", ""I Front Center (cm)"": ""59.6"", ""J Chain Stay Length (cm)"": ""41.5"", ""K Bottom Bracket Drop (cm)"": ""7.2"", ""L Bottom Bracket Height (cm)"": ""27.1"", ""M Fork Rake (cm)"": ""5.5"", ""N Trail (cm)"": ""5.8"", ""O Stack (cm)"": ""52.0"", ""P Reach (cm)"": ""38.1"", ""Q Axle to Crown (cm)"": ""37.6""}",2499,false,https://www.cannondale.com/es-es/bikes/road/race/caad14/caad14-3-smu,https://www.cannondale.com/-/media/images/my26/bikes/road/race/caad14/pdp/caad14_geo_table.ashx,vision,2026-10-05
Cannondale,CAAD14 [f9a5afaf],CAAD14 3,2026,carretera,54.0,,54,,,,,540,386,"{""Wheel Size"": ""700C"", ""A Seat Tube Length (cm)"": ""55.5"", ""B Top Tube Horizontal (cm)"": ""54.8"", ""C Top Tube Actual (cm)"": ""54.6"", ""D Head Tube Angle"": ""71.2"", ""E Seat Tube Angle"": ""73.3"", ""F Standover (cm)"": ""78.5"", ""G Head Tube Length (cm)"": ""13.8"", ""H Wheelbase (cm)"": ""101.2"", ""I Front Center (cm)"": ""60.8"", ""J Chain Stay Length (cm)"": ""41.5"", ""K Bottom Bracket Drop (cm)"": ""7.2"", ""L Bottom Bracket Height (cm)"": ""27.1"", ""M Fork Rake (cm)"": ""5.5"", ""N Trail (cm)"": ""5.8"", ""O Stack (cm)"": ""54.0"", ""P Reach (cm)"": ""38.6"", ""Q Axle to Crown (cm)"": ""37.6""}",2499,false,https://www.cannondale.com/es-es/bikes/road/race/caad14/caad14-3-smu,https://www.cannondale.com/-/media/images/my26/bikes/road/race/caad14/pdp/caad14_geo_table.ashx,vision,2026-10-05
Cannondale,CAAD14 [f9a5afaf],CAAD14 3,2026,carretera,56.0,,56,,,,,560,392,"{""Wheel Size"": ""700C"", ""A Seat Tube Length (cm)"": ""58.0"", ""B Top Tube Horizontal (cm)"": ""56.4"", ""C Top Tube Actual (cm)"": ""56.3"", ""D Head Tube Angle"": ""73.0"", ""E Seat Tube Angle"": ""72.9"", ""F Standover (cm)"": ""80.9"", ""G Head Tube Length (cm)"": ""15.1"", ""H Wheelbase (cm)"": ""99.8"", ""I Front Center (cm)"": ""59.3"", ""J Chain Stay Length (cm)"": ""41.5"", ""K Bottom Bracket Drop (cm)"": ""6.9"", ""L Bottom Bracket Height (cm)"": ""27.3"", ""M Fork Rake (cm)"": ""4.5"", ""N Trail (cm)"": ""5.8"", ""O Stack (cm)"": ""56.0"", ""P Reach (cm)"": ""39.2"", ""Q Axle to Crown (cm)"": ""37.6""}",2499,false,https://www.cannondale.com/es-es/bikes/road/race/caad14/caad14-3-smu,https://www.cannondale.com/-/media/images/my26/bikes/road/race/caad14/pdp/caad14_geo_table.ashx,vision,2026-10-05
Cannondale,CAAD14 [f9a5afaf],CAAD14 3,2026,carretera,58.0,,58,,,,,580,398,"{""Wheel Size"": ""700C"", ""A Seat Tube Length (cm)"": ""60.0"", ""B Top Tube Horizontal (cm)"": ""58.1"", ""C Top Tube Actual (cm)"": ""57.8"", ""D Head Tube Angle"": ""73.0"", ""E Seat Tube Angle"": ""72.5"", ""F Standover (cm)"": ""82.8"", ""G Head Tube Length (cm)"": ""17.2"", ""H Wheelbase (cm)"": ""101.1"", ""I Front Center (cm)"": ""60.5"", ""J Chain Stay Length (cm)"": ""41.5"", ""K Bottom Bracket Drop (cm)"": ""6.9"", ""L Bottom Bracket Height (cm)"": ""27.3"", ""M Fork Rake (cm)"": ""4.5"", ""N Trail (cm)"": ""5.8"", ""O Stack (cm)"": ""58.0"", ""P Reach (cm)"": ""39.8"", ""Q Axle to Crown (cm)"": ""37.6""}",2499,false,https://www.cannondale.com/es-es/bikes/road/race/caad14/caad14-3-smu,https://www.cannondale.com/-/media/images/my26/bikes/road/race/caad14/pdp/caad14_geo_table.ashx,vision,2026-10-05
Cannondale,CAAD14 [f9a5afaf],CAAD14 3,2026,carretera,61.0,,61,,,,,610,407,"{""Wheel Size"": ""700C"", ""A Seat Tube Length (cm)"": ""62.0"", ""B Top Tube Horizontal (cm)"": ""60.4"", ""C Top Tube Actual (cm)"": ""59.8"", ""D Head Tube Angle"": ""73.0°"", ""E Seat Tube Angle"": ""72.1°"", ""F Standover (cm)"": ""85.1"", ""G Head Tube Length (cm)"": ""20.3"", ""H Wheelbase (cm)"": ""102.9"", ""I Front Center (cm)"": ""62.3"", ""J Chain Stay Length (cm)"": ""41.5"", ""K Bottom Bracket Drop (cm)"": ""6.9"", ""L Bottom Bracket Height (cm)"": ""27.3"", ""M Fork Rake (cm)"": ""4.5"", ""N Trail (cm)"": ""5.8"", ""O Stack (cm)"": ""61.0"", ""P Reach (cm)"": ""40.7"", ""Q Axle to Crown (cm)"": ""37.6""}",2499,false,https://www.cannondale.com/es-es/bikes/road/race/caad14/caad14-3-smu,https://www.cannondale.com/-/media/images/my26/bikes/road/race/caad14/pdp/caad14_geo_table.ashx,vision,2026-10-05
Cannondale,Moterra LT 1 [90a8f475],Moterra LT 1,2025,emtb,SM,,,,,,,647,425,"{""Wheel Size"": ""29 F / 27.5 R"", ""A Seat Tube Length (cm)"": ""38.0"", ""B Top Tube Horizontal (cm)"": ""56.8"", ""C Head Tube Angle"": ""64.4°"", ""D1 Seat Tube Angle Effective"": ""77.5°"", ""D Seat Tube Angle Actual"": ""71.7°"", ""E Standover (cm)"": ""76.5"", ""F Head Tube Length (cm)"": ""12.5"", ""G Wheelbase (cm)"": ""122.4"", ""H Front Center (cm)"": ""77.9"", ""I Chain Stay Length (cm)"": ""44.5"", ""J Bottom Bracket Drop (cm)"": ""1.5"", ""K Bottom Bracket Height (cm)"": ""35.2"", ""L Fork Rake (cm)"": ""4.4"", ""M Trail (cm)"": ""13.6"", ""N Stack (cm)"": ""64.7"", ""O Reach (cm)"": ""42.5"", ""P Axle-to-Crown (cm)"": ""58.8""}",7399,false,https://www.cannondale.com/es-es/bikes/electric/e-mountain/moterra-neo-lt/moterra-lt-1,https://www.cannondale.com/-/media/images/my25/bikes/electric/e-mountain/moterra-lt/pdp/c25_moterracarbonlt_geotable_v2.ashx,vision,2026-10-05
Cannondale,Moterra LT 1 [90a8f475],Moterra LT 1,2025,emtb,MD,,,,,,,647,450,"{""Wheel Size"": ""29 F / 27.5 R"", ""A Seat Tube Length (cm)"": ""40.0"", ""B Top Tube Horizontal (cm)"": ""59.3"", ""C Head Tube Angle"": ""64.4°"", ""D1 Seat Tube Angle Effective"": ""77.5°"", ""D Seat Tube Angle Actual"": ""71.7°"", ""E Standover (cm)"": ""77.5"", ""F Head Tube Length (cm)"": ""12.5"", ""G Wheelbase (cm)"": ""124.9"", ""H Front Center (cm)"": ""80.4"", ""I Chain Stay Length (cm)"": ""44.5"", ""J Bottom Bracket Drop (cm)"": ""1.5"", ""K Bottom Bracket Height (cm)"": ""35.2"", ""L Fork Rake (cm)"": ""4.4"", ""M Trail (cm)"": ""13.6"", ""N Stack (cm)"": ""64.7"", ""O Reach (cm)"": ""45.0"", ""P Axle-to-Crown (cm)"": ""58.8""}",7399,false,https://www.cannondale.com/es-es/bikes/electric/e-mountain/moterra-neo-lt/moterra-lt-1,https://www.cannondale.com/-/media/images/my25/bikes/electric/e-mountain/moterra-lt/pdp/c25_moterracarbonlt_geotable_v2.ashx,vision,2026-10-05
Cannondale,Moterra LT 1 [90a8f475],Moterra LT 1,2025,emtb,LG,,,,,,,656,475,"{""Wheel Size"": ""29 F / 27.5 R"", ""A Seat Tube Length (cm)"": ""42.0"", ""B Top Tube Horizontal (cm)"": ""62.0"", ""C Head Tube Angle"": ""64.4°"", ""D1 Seat Tube Angle Effective"": ""77.5°"", ""D Seat Tube Angle Actual"": ""72°"", ""E Standover (cm)"": ""78.8"", ""F Head Tube Length (cm)"": ""13.5"", ""G Wheelbase (cm)"": ""128.3"", ""H Front Center (cm)"": ""83.4"", ""I Chain Stay Length (cm)"": ""45.0"", ""J Bottom Bracket Drop (cm)"": ""1.5"", ""K Bottom Bracket Height (cm)"": ""35.2"", ""L Fork Rake (cm)"": ""4.4"", ""M Trail (cm)"": ""13.6"", ""N Stack (cm)"": ""65.6"", ""O Reach (cm)"": ""47.5"", ""P Axle-to-Crown (cm)"": ""58.8""}",7399,false,https://www.cannondale.com/es-es/bikes/electric/e-mountain/moterra-neo-lt/moterra-lt-1,https://www.cannondale.com/-/media/images/my25/bikes/electric/e-mountain/moterra-lt/pdp/c25_moterracarbonlt_geotable_v2.ashx,vision,2026-10-05
Cannondale,Moterra LT 1 [90a8f475],Moterra LT 1,2025,emtb,XL,XL,,,,,,665,510,"{""Wheel Size"": ""29 F / 27.5 R"", ""A Seat Tube Length (cm)"": ""46.0"", ""B Top Tube Horizontal (cm)"": ""65.7"", ""C Head Tube Angle"": ""64.4°"", ""D1 Seat Tube Angle Effective"": ""77.5°"", ""D Seat Tube Angle Actual"": ""72°"", ""E Standover (cm)"": ""80.1"", ""F Head Tube Length (cm)"": ""14.5"", ""G Wheelbase (cm)"": ""132.3"", ""H Front Center (cm)"": ""87.3"", ""I Chain Stay Length (cm)"": ""45.0"", ""J Bottom Bracket Drop (cm)"": ""1.5"", ""K Bottom Bracket Height (cm)"": ""35.2"", ""L Fork Rake (cm)"": ""4.4"", ""M Trail (cm)"": ""13.6"", ""N Stack (cm)"": ""66.5"", ""O Reach (cm)"": ""51.0"", ""P Axle-to-Crown (cm)"": ""58.8""}",7399,false,https://www.cannondale.com/es-es/bikes/electric/e-mountain/moterra-neo-lt/moterra-lt-1,https://www.cannondale.com/-/media/images/my25/bikes/electric/e-mountain/moterra-lt/pdp/c25_moterracarbonlt_geotable_v2.ashx,vision,2026-10-05
Cannondale,Moterra [a696fbd3],Moterra 3,2025,emtb,SM,,,,,,,641,434,"{""A Seat Tube Length (cm)"": ""40.0"", ""B Top Tube Horizontal (cm)"": ""56.3"", ""C Head Tube Angle"": ""64.8°"", ""D1 Seat Tube Angle Effective"": ""78.6°"", ""D Seat Tube Angle Actual"": ""72.5°"", ""E Standover (cm)"": ""76.8"", ""F Head Tube Length (cm)"": ""12.5"", ""G Wheelbase (cm)"": ""122.0"", ""H Front Center (cm)"": ""76.8"", ""I Chain Stay Length (cm)"": ""45.5"", ""J Bottom Bracket Drop (cm)"": ""3.7"", ""K Bottom Bracket Height (cm)"": ""34.3"", ""L Fork Rake (cm)"": ""4.4"", ""M Trail (cm)"": ""13.9"", ""N Stack (cm)"": ""64.1"", ""O Reach (cm)"": ""43.4"", ""P Axle-to-Crown (cm)"": ""57.6""}",4799,false,https://www.cannondale.com/es-es/bikes/electric/e-mountain/moterra-neo/moterra-3,https://www.cannondale.com/-/media/images/my25/bikes/electric/e-mountain/moterra-3-4/pdp/c25_moterraalloy_geotable.ashx,vision,2026-10-05
Cannondale,Moterra [a696fbd3],Moterra 3,2025,emtb,MD,,,,,,,641,459,"{""A Seat Tube Length (cm)"": ""40.0"", ""B Top Tube Horizontal (cm)"": ""59.2"", ""C Head Tube Angle"": ""64.8°"", ""D1 Seat Tube Angle Effective"": ""78.3°"", ""D Seat Tube Angle Actual"": ""72.5°"", ""E Standover (cm)"": ""77.0"", ""F Head Tube Length (cm)"": ""12.5"", ""G Wheelbase (cm)"": ""124.5"", ""H Front Center (cm)"": ""79.3"", ""I Chain Stay Length (cm)"": ""45.5"", ""J Bottom Bracket Drop (cm)"": ""3.7"", ""K Bottom Bracket Height (cm)"": ""34.3"", ""L Fork Rake (cm)"": ""4.4"", ""M Trail (cm)"": ""13.9"", ""N Stack (cm)"": ""64.1"", ""O Reach (cm)"": ""45.9"", ""P Axle-to-Crown (cm)"": ""57.6""}",4799,false,https://www.cannondale.com/es-es/bikes/electric/e-mountain/moterra-neo/moterra-3,https://www.cannondale.com/-/media/images/my25/bikes/electric/e-mountain/moterra-3-4/pdp/c25_moterraalloy_geotable.ashx,vision,2026-10-05
Cannondale,Moterra [a696fbd3],Moterra 3,2025,emtb,LG,,,,,,,649,484,"{""A Seat Tube Length (cm)"": ""42.0"", ""B Top Tube Horizontal (cm)"": ""62.2"", ""C Head Tube Angle"": ""64.8°"", ""D1 Seat Tube Angle Effective"": ""78.0°"", ""D Seat Tube Angle Actual"": ""72.5°"", ""E Standover (cm)"": ""77.2"", ""F Head Tube Length (cm)"": ""13.5"", ""G Wheelbase (cm)"": ""127.4"", ""H Front Center (cm)"": ""82.2"", ""I Chain Stay Length (cm)"": ""45.5"", ""J Bottom Bracket Drop (cm)"": ""3.7"", ""K Bottom Bracket Height (cm)"": ""34.3"", ""L Fork Rake (cm)"": ""4.4"", ""M Trail (cm)"": ""13.9"", ""N Stack (cm)"": ""64.9"", ""O Reach (cm)"": ""48.4"", ""P Axle-to-Crown (cm)"": ""57.6""}",4799,false,https://www.cannondale.com/es-es/bikes/electric/e-mountain/moterra-neo/moterra-3,https://www.cannondale.com/-/media/images/my25/bikes/electric/e-mountain/moterra-3-4/pdp/c25_moterraalloy_geotable.ashx,vision,2026-10-05
Cannondale,Moterra [a696fbd3],Moterra 3,2025,emtb,XL,XL,,,,,,658,519,"{""A Seat Tube Length (cm)"": ""46.0"", ""B Top Tube Horizontal (cm)"": ""66.2"", ""C Head Tube Angle"": ""64.8°"", ""D1 Seat Tube Angle Effective"": ""77.8°"", ""D Seat Tube Angle Actual"": ""72.5°"", ""E Standover (cm)"": ""77.5"", ""F Head Tube Length (cm)"": ""14.5"", ""G Wheelbase (cm)"": ""131.4"", ""H Front Center (cm)"": ""86.1"", ""I Chain Stay Length (cm)"": ""45.5"", ""J Bottom Bracket Drop (cm)"": ""3.7"", ""K Bottom Bracket Height (cm)"": ""34.3"", ""L Fork Rake (cm)"": ""4.4"", ""M Trail (cm)"": ""13.9"", ""N Stack (cm)"": ""65.8"", ""O Reach (cm)"": ""51.9"", ""P Axle-to-Crown (cm)"": ""57.6""}",4799,false,https://www.cannondale.com/es-es/bikes/electric/e-mountain/moterra-neo/moterra-3,https://www.cannondale.com/-/media/images/my25/bikes/electric/e-mountain/moterra-3-4/pdp/c25_moterraalloy_geotable.ashx,vision,2026-10-05
Cannondale,Moterra [a696fbd3],Moterra 4+,2026,emtb,SM,,,,,,,641,434,"{""A Seat Tube Length (cm)"": ""40.0"", ""B Top Tube Horizontal (cm)"": ""56.3"", ""C Head Tube Angle"": ""64.8°"", ""D1 Seat Tube Angle Effective"": ""78.6°"", ""D Seat Tube Angle Actual"": ""72.5°"", ""E Standover (cm)"": ""76.8"", ""F Head Tube Length (cm)"": ""12.5"", ""G Wheelbase (cm)"": ""122.0"", ""H Front Center (cm)"": ""76.8"", ""I Chain Stay Length (cm)"": ""45.5"", ""J Bottom Bracket Drop (cm)"": ""3.7"", ""K Bottom Bracket Height (cm)"": ""34.3"", ""L Fork Rake (cm)"": ""4.4"", ""M Trail (cm)"": ""13.9"", ""N Stack (cm)"": ""64.1"", ""O Reach (cm)"": ""43.4"", ""P Axle-to-Crown (cm)"": ""57.6""}",4299,false,https://www.cannondale.com/es-es/bikes/electric/e-mountain/moterra-neo/moterra-4-plus,https://www.cannondale.com/-/media/images/my25/bikes/electric/e-mountain/moterra-3-4/pdp/c25_moterraalloy_geotable.ashx,vision,2026-10-05
Cannondale,Moterra [a696fbd3],Moterra 4+,2026,emtb,MD,,,,,,,641,459,"{""A Seat Tube Length (cm)"": ""40.0"", ""B Top Tube Horizontal (cm)"": ""59.2"", ""C Head Tube Angle"": ""64.8°"", ""D1 Seat Tube Angle Effective"": ""78.3°"", ""D Seat Tube Angle Actual"": ""72.5°"", ""E Standover (cm)"": ""77.0"", ""F Head Tube Length (cm)"": ""12.5"", ""G Wheelbase (cm)"": ""124.5"", ""H Front Center (cm)"": ""79.3"", ""I Chain Stay Length (cm)"": ""45.5"", ""J Bottom Bracket Drop (cm)"": ""3.7"", ""K Bottom Bracket Height (cm)"": ""34.3"", ""L Fork Rake (cm)"": ""4.4"", ""M Trail (cm)"": ""13.9"", ""N Stack (cm)"": ""64.1"", ""O Reach (cm)"": ""45.9"", ""P Axle-to-Crown (cm)"": ""57.6""}",4299,false,https://www.cannondale.com/es-es/bikes/electric/e-mountain/moterra-neo/moterra-4-plus,https://www.cannondale.com/-/media/images/my25/bikes/electric/e-mountain/moterra-3-4/pdp/c25_moterraalloy_geotable.ashx,vision,2026-10-05
Cannondale,Moterra [a696fbd3],Moterra 4+,2026,emtb,LG,,,,,,,649,484,"{""A Seat Tube Length (cm)"": ""42.0"", ""B Top Tube Horizontal (cm)"": ""62.2"", ""C Head Tube Angle"": ""64.8°"", ""D1 Seat Tube Angle Effective"": ""78.0°"", ""D Seat Tube Angle Actual"": ""72.5°"", ""E Standover (cm)"": ""77.2"", ""F Head Tube Length (cm)"": ""13.5"", ""G Wheelbase (cm)"": ""127.4"", ""H Front Center (cm)"": ""82.2"", ""I Chain Stay Length (cm)"": ""45.5"", ""J Bottom Bracket Drop (cm)"": ""3.7"", ""K Bottom Bracket Height (cm)"": ""34.3"", ""L Fork Rake (cm)"": ""4.4"", ""M Trail (cm)"": ""13.9"", ""N Stack (cm)"": ""64.9"", ""O Reach (cm)"": ""48.4"", ""P Axle-to-Crown (cm)"": ""57.6""}",4299,false,https://www.cannondale.com/es-es/bikes/electric/e-mountain/moterra-neo/moterra-4-plus,https://www.cannondale.com/-/media/images/my25/bikes/electric/e-mountain/moterra-3-4/pdp/c25_moterraalloy_geotable.ashx,vision,2026-10-05
Cannondale,Moterra [a696fbd3],Moterra 4+,2026,emtb,XL,XL,,,,,,658,519,"{""A Seat Tube Length (cm)"": ""46.0"", ""B Top Tube Horizontal (cm)"": ""66.2"", ""C Head Tube Angle"": ""64.8°"", ""D1 Seat Tube Angle Effective"": ""77.8°"", ""D Seat Tube Angle Actual"": ""72.5°"", ""E Standover (cm)"": ""77.5"", ""F Head Tube Length (cm)"": ""14.5"", ""G Wheelbase (cm)"": ""131.4"", ""H Front Center (cm)"": ""86.1"", ""I Chain Stay Length (cm)"": ""45.5"", ""J Bottom Bracket Drop (cm)"": ""3.7"", ""K Bottom Bracket Height (cm)"": ""34.3"", ""L Fork Rake (cm)"": ""4.4"", ""M Trail (cm)"": ""13.9"", ""N Stack (cm)"": ""65.8"", ""O Reach (cm)"": ""51.9"", ""P Axle-to-Crown (cm)"": ""57.6""}",4299,false,https://www.cannondale.com/es-es/bikes/electric/e-mountain/moterra-neo/moterra-4-plus,https://www.cannondale.com/-/media/images/my25/bikes/electric/e-mountain/moterra-3-4/pdp/c25_moterraalloy_geotable.ashx,vision,2026-10-05
Cannondale,Moterra [a696fbd3],Moterra 4,2025,emtb,SM,,,,,,,641,434,"{""A Seat Tube Length (cm)"": ""40.0"", ""B Top Tube Horizontal (cm)"": ""56.3"", ""C Head Tube Angle"": ""64.8°"", ""D1 Seat Tube Angle Effective"": ""78.6°"", ""D Seat Tube Angle Actual"": ""72.5°"", ""E Standover (cm)"": ""76.8"", ""F Head Tube Length (cm)"": ""12.5"", ""G Wheelbase (cm)"": ""122.0"", ""H Front Center (cm)"": ""76.8"", ""I Chain Stay Length (cm)"": ""45.5"", ""J Bottom Bracket Drop (cm)"": ""3.7"", ""K Bottom Bracket Height (cm)"": ""34.3"", ""L Fork Rake (cm)"": ""4.4"", ""M Trail (cm)"": ""13.9"", ""N Stack (cm)"": ""64.1"", ""O Reach (cm)"": ""43.4"", ""P Axle-to-Crown (cm)"": ""57.6""}",3999,false,https://www.cannondale.com/es-es/bikes/electric/e-mountain/moterra-neo/moterra-4,https://www.cannondale.com/-/media/images/my25/bikes/electric/e-mountain/moterra-3-4/pdp/c25_moterraalloy_geotable.ashx,vision,2026-10-05
Cannondale,Moterra [a696fbd3],Moterra 4,2025,emtb,MD,,,,,,,641,459,"{""A Seat Tube Length (cm)"": ""40.0"", ""B Top Tube Horizontal (cm)"": ""59.2"", ""C Head Tube Angle"": ""64.8°"", ""D1 Seat Tube Angle Effective"": ""78.3°"", ""D Seat Tube Angle Actual"": ""72.5°"", ""E Standover (cm)"": ""77.0"", ""F Head Tube Length (cm)"": ""12.5"", ""G Wheelbase (cm)"": ""124.5"", ""H Front Center (cm)"": ""79.3"", ""I Chain Stay Length (cm)"": ""45.5"", ""J Bottom Bracket Drop (cm)"": ""3.7"", ""K Bottom Bracket Height (cm)"": ""34.3"", ""L Fork Rake (cm)"": ""4.4"", ""M Trail (cm)"": ""13.9"", ""N Stack (cm)"": ""64.1"", ""O Reach (cm)"": ""45.9"", ""P Axle-to-Crown (cm)"": ""57.6""}",3999,false,https://www.cannondale.com/es-es/bikes/electric/e-mountain/moterra-neo/moterra-4,https://www.cannondale.com/-/media/images/my25/bikes/electric/e-mountain/moterra-3-4/pdp/c25_moterraalloy_geotable.ashx,vision,2026-10-05
Cannondale,Moterra [a696fbd3],Moterra 4,2025,emtb,LG,,,,,,,649,484,"{""A Seat Tube Length (cm)"": ""42.0"", ""B Top Tube Horizontal (cm)"": ""62.2"", ""C Head Tube Angle"": ""64.8°"", ""D1 Seat Tube Angle Effective"": ""78.0°"", ""D Seat Tube Angle Actual"": ""72.5°"", ""E Standover (cm)"": ""77.2"", ""F Head Tube Length (cm)"": ""13.5"", ""G Wheelbase (cm)"": ""127.4"", ""H Front Center (cm)"": ""82.2"", ""I Chain Stay Length (cm)"": ""45.5"", ""J Bottom Bracket Drop (cm)"": ""3.7"", ""K Bottom Bracket Height (cm)"": ""34.3"", ""L Fork Rake (cm)"": ""4.4"", ""M Trail (cm)"": ""13.9"", ""N Stack (cm)"": ""64.9"", ""O Reach (cm)"": ""48.4"", ""P Axle-to-Crown (cm)"": ""57.6""}",3999,false,https://www.cannondale.com/es-es/bikes/electric/e-mountain/moterra-neo/moterra-4,https://www.cannondale.com/-/media/images/my25/bikes/electric/e-mountain/moterra-3-4/pdp/c25_moterraalloy_geotable.ashx,vision,2026-10-05
Cannondale,Moterra [a696fbd3],Moterra 4,2025,emtb,XL,XL,,,,,,658,519,"{""A Seat Tube Length (cm)"": ""46.0"", ""B Top Tube Horizontal (cm)"": ""66.2"", ""C Head Tube Angle"": ""64.8°"", ""D1 Seat Tube Angle Effective"": ""77.8°"", ""D Seat Tube Angle Actual"": ""72.5°"", ""E Standover (cm)"": ""77.5"", ""F Head Tube Length (cm)"": ""14.5"", ""G Wheelbase (cm)"": ""131.4"", ""H Front Center (cm)"": ""86.1"", ""I Chain Stay Length (cm)"": ""45.5"", ""J Bottom Bracket Drop (cm)"": ""3.7"", ""K Bottom Bracket Height (cm)"": ""34.3"", ""L Fork Rake (cm)"": ""4.4"", ""M Trail (cm)"": ""13.9"", ""N Stack (cm)"": ""65.8"", ""O Reach (cm)"": ""51.9"", ""P Axle-to-Crown (cm)"": ""57.6""}",3999,false,https://www.cannondale.com/es-es/bikes/electric/e-mountain/moterra-neo/moterra-4,https://www.cannondale.com/-/media/images/my25/bikes/electric/e-mountain/moterra-3-4/pdp/c25_moterraalloy_geotable.ashx,vision,2026-10-05
Cannondale,Trail Neo 2 [02afa16b],Trail Neo 2,2023,emtb,SM,,,,,,,622,401,"{""Wheel Size"": ""27.5\"""", ""A Seat Tube Length (cm)"": ""40.0"", ""B Top Tube Horizontal (cm)"": ""57.9"", ""C Head Tube Angle"": ""68.0°"", ""D Seat Tube Angle"": ""74.0°"", ""E Standover (cm)"": ""75.0"", ""F Head Tube Length (cm)"": ""14.0"", ""G Wheelbase (cm)"": ""116.3"", ""H Front Center (cm)"": ""68.8"", ""I Chain Stay Length (cm)"": ""48.0"", ""J Bottom Bracket Drop (cm)"": ""5.2"", ""K Bottom Bracket Height (cm)"": ""29.9"", ""L Fork Rake (cm)"": ""5.1"", ""M Trail (cm)"": ""8.7"", ""N Stack (cm)"": ""62.2"", ""O Reach (cm)"": ""40.1""}",4299,false,https://www.cannondale.com/es-es/bikes/electric/e-mountain/trail-neo/trail-neo-2,https://www.cannondale.com/-/media/images/my23/bikes/electric/e-mountain/trail-neo-2/c22_trailneo1_geo.ashx,vision,2026-10-05
Cannondale,Trail Neo 2 [02afa16b],Trail Neo 2,2023,emtb,MD,,,,,,,635,417,"{""Wheel Size"": ""29\"""", ""A Seat Tube Length (cm)"": ""43.5"", ""B Top Tube Horizontal (cm)"": ""59.9"", ""C Head Tube Angle"": ""68.0°"", ""D Seat Tube Angle"": ""74.0°"", ""E Standover (cm)"": ""78.4"", ""F Head Tube Length (cm)"": ""13.0"", ""G Wheelbase (cm)"": ""117.8"", ""H Front Center (cm)"": ""70.5"", ""I Chain Stay Length (cm)"": ""48.0"", ""J Bottom Bracket Drop (cm)"": ""6.5"", ""K Bottom Bracket Height (cm)"": ""30.5"", ""L Fork Rake (cm)"": ""5.1"", ""M Trail (cm)"": ""9.4"", ""N Stack (cm)"": ""63.5"", ""O Reach (cm)"": ""41.7""}",4299,false,https://www.cannondale.com/es-es/bikes/electric/e-mountain/trail-neo/trail-neo-2,https://www.cannondale.com/-/media/images/my23/bikes/electric/e-mountain/trail-neo-2/c22_trailneo1_geo.ashx,vision,2026-10-05
Cannondale,Trail Neo 2 [02afa16b],Trail Neo 2,2023,emtb,LG,,,,,,,644,433,"{""Wheel Size"": ""29\"""", ""A Seat Tube Length (cm)"": ""47.0"", ""B Top Tube Horizontal (cm)"": ""61.8"", ""C Head Tube Angle"": ""68.0°"", ""D Seat Tube Angle"": ""74.0°"", ""E Standover (cm)"": ""80.7"", ""F Head Tube Length (cm)"": ""14.0"", ""G Wheelbase (cm)"": ""119.8"", ""H Front Center (cm)"": ""72.5"", ""I Chain Stay Length (cm)"": ""48.0"", ""J Bottom Bracket Drop (cm)"": ""6.5"", ""K Bottom Bracket Height (cm)"": ""30.5"", ""L Fork Rake (cm)"": ""5.1"", ""M Trail (cm)"": ""9.4"", ""N Stack (cm)"": ""64.4"", ""O Reach (cm)"": ""43.3""}",4299,false,https://www.cannondale.com/es-es/bikes/electric/e-mountain/trail-neo/trail-neo-2,https://www.cannondale.com/-/media/images/my23/bikes/electric/e-mountain/trail-neo-2/c22_trailneo1_geo.ashx,vision,2026-10-05
Cannondale,Trail Neo 2 [02afa16b],Trail Neo 2,2023,emtb,XL,XL,,,,,,658,450,"{""Wheel Size"": ""29\"""", ""A Seat Tube Length (cm)"": ""50.0"", ""B Top Tube Horizontal (cm)"": ""63.9"", ""C Head Tube Angle"": ""68.0°"", ""D Seat Tube Angle"": ""74.0°"", ""E Standover (cm)"": ""82.9"", ""F Head Tube Length (cm)"": ""15.5"", ""G Wheelbase (cm)"": ""122.0"", ""H Front Center (cm)"": ""74.8"", ""I Chain Stay Length (cm)"": ""48.0"", ""J Bottom Bracket Drop (cm)"": ""6.5"", ""K Bottom Bracket Height (cm)"": ""30.5"", ""L Fork Rake (cm)"": ""5.1"", ""M Trail (cm)"": ""9.4"", ""N Stack (cm)"": ""65.8"", ""O Reach (cm)"": ""45.0""}",4299,false,https://www.cannondale.com/es-es/bikes/electric/e-mountain/trail-neo/trail-neo-2,https://www.cannondale.com/-/media/images/my23/bikes/electric/e-mountain/trail-neo-2/c22_trailneo1_geo.ashx,vision,2026-10-05
Cannondale,Habit 3 [d813a6a7],Habit 3,2022,mtb,XS,XS,,,,,,575,405,"{""Wheel Size"": ""27.5\"""", ""A Seat Tube Length (cm)"": ""36.0"", ""B Top Tube Horizontal (cm)"": ""52.7"", ""C Top Tube Actual (CM)"": ""49.9"", ""D Head Tube Angle"": ""65.5°"", ""E1 Seat Tube Angle Actual"": ""71.5°"", ""E Seat Tube Angle Effective"": ""77.5°"", ""F Standover (cm)"": ""70.5"", ""G Head Tube Length (cm)"": ""10.0"", ""H Wheelbase (cm)"": ""112.9"", ""I Front Center (cm)"": ""69.6"", ""J Chain Stay Length (cm)"": ""43.4"", ""K Bottom Bracket Drop (cm)"": ""1.6"", ""L Bottom Bracket Height (cm)"": ""34.2"", ""M Fork Rake (cm)"": ""3.7"", ""N Trail (cm)"": ""12.2"", ""O Stack (cm)"": ""57.5"", ""P Reach (cm)"": ""40.5""}",3699,false,https://www.cannondale.com/es-es/bikes/mountain/trail-bikes/habit/habit-3,https://www.cannondale.com/-/media/images/my22/bikes/mountain/trail-bikes/habit/geos/c23_habitalloy_geotable_v2.ashx,vision,2026-10-05
Cannondale,Habit 3 [d813a6a7],Habit 3,2022,mtb,SM,,,,,,,623,430,"{""Wheel Size"": ""29\"""", ""A Seat Tube Length (cm)"": ""38.0"", ""B Top Tube Horizontal (cm)"": ""56.3"", ""C Top Tube Actual (CM)"": ""53.4"", ""D Head Tube Angle"": ""65.5°"", ""E1 Seat Tube Angle Actual"": ""71.0°"", ""E Seat Tube Angle Effective"": ""77.5°"", ""F Standover (cm)"": ""73.7"", ""G Head Tube Length (cm)"": ""11.0"", ""H Wheelbase (cm)"": ""117.0"", ""I Front Center (cm)"": ""73.8"", ""J Chain Stay Length (cm)"": ""43.5"", ""K Bottom Bracket Drop (cm)"": ""3.8"", ""L Bottom Bracket Height (cm)"": ""34.1"", ""M Fork Rake (cm)"": ""4.2"", ""N Trail (cm)"": ""12.7"", ""O Stack (cm)"": ""62.3"", ""P Reach (cm)"": ""43.0""}",3699,false,https://www.cannondale.com/es-es/bikes/mountain/trail-bikes/habit/habit-3,https://www.cannondale.com/-/media/images/my22/bikes/mountain/trail-bikes/habit/geos/c23_habitalloy_geotable_v2.ashx,vision,2026-10-05
Cannondale,Habit 3 [d813a6a7],Habit 3,2022,mtb,MD,,,,,,,632,455,"{""Wheel Size"": ""29\"""", ""A Seat Tube Length (cm)"": ""40.0"", ""B Top Tube Horizontal (cm)"": ""59.0"", ""C Top Tube Actual (CM)"": ""55.4"", ""D Head Tube Angle"": ""65.5°"", ""E1 Seat Tube Angle Actual"": ""71.0°"", ""E Seat Tube Angle Effective"": ""77.5°"", ""F Standover (cm)"": ""73.8"", ""G Head Tube Length (cm)"": ""12.0"", ""H Wheelbase (cm)"": ""120.0"", ""I Front Center (cm)"": ""76.7"", ""J Chain Stay Length (cm)"": ""43.5"", ""K Bottom Bracket Drop (cm)"": ""3.8"", ""L Bottom Bracket Height (cm)"": ""34.1"", ""M Fork Rake (cm)"": ""4.2"", ""N Trail (cm)"": ""12.7"", ""O Stack (cm)"": ""63.2"", ""P Reach (cm)"": ""45.5""}",3699,false,https://www.cannondale.com/es-es/bikes/mountain/trail-bikes/habit/habit-3,https://www.cannondale.com/-/media/images/my22/bikes/mountain/trail-bikes/habit/geos/c23_habitalloy_geotable_v2.ashx,vision,2026-10-05
Cannondale,Habit 3 [d813a6a7],Habit 3,2022,mtb,LG,,,,,,,641,480,"{""Wheel Size"": ""29\"""", ""A Seat Tube Length (cm)"": ""44.5"", ""B Top Tube Horizontal (cm)"": ""61.7"", ""C Top Tube Actual (CM)"": ""58.0"", ""D Head Tube Angle"": ""65.5°"", ""E1 Seat Tube Angle Actual"": ""72.3°"", ""E Seat Tube Angle Effective"": ""77.5°"", ""F Standover (cm)"": ""75.1"", ""G Head Tube Length (cm)"": ""13.0"", ""H Wheelbase (cm)"": ""123.6"", ""I Front Center (cm)"": ""80.4"", ""J Chain Stay Length (cm)"": ""44.5"", ""K Bottom Bracket Drop (cm)"": ""3.8"", ""L Bottom Bracket Height (cm)"": ""34.1"", ""M Fork Rake (cm)"": ""4.2"", ""N Trail (cm)"": ""12.7"", ""O Stack (cm)"": ""64.1"", ""P Reach (cm)"": ""48.0""}",3699,false,https://www.cannondale.com/es-es/bikes/mountain/trail-bikes/habit/habit-3,https://www.cannondale.com/-/media/images/my22/bikes/mountain/trail-bikes/habit/geos/c23_habitalloy_geotable_v2.ashx,vision,2026-10-05
Cannondale,Habit 3 [d813a6a7],Habit 3,2022,mtb,XL,XL,,,,,,650,515,"{""Wheel Size"": ""29\"""", ""A Seat Tube Length (cm)"": ""50.0"", ""B Top Tube Horizontal (cm)"": ""65.4"", ""C Top Tube Actual (CM)"": ""61.5"", ""D Head Tube Angle"": ""65.5°"", ""E1 Seat Tube Angle Actual"": ""72.5°"", ""E Seat Tube Angle Effective"": ""77.5°"", ""F Standover (cm)"": ""76.1"", ""G Head Tube Length (cm)"": ""14.0"", ""H Wheelbase (cm)"": ""127.5"", ""I Front Center (cm)"": ""84.3"", ""J Chain Stay Length (cm)"": ""44.5"", ""K Bottom Bracket Drop (cm)"": ""3.8"", ""L Bottom Bracket Height (cm)"": ""34.1"", ""M Fork Rake (cm)"": ""4.2"", ""N Trail (cm)"": ""12.7"", ""O Stack (cm)"": ""65.0"", ""P Reach (cm)"": ""51.5""}",3699,false,https://www.cannondale.com/es-es/bikes/mountain/trail-bikes/habit/habit-3,https://www.cannondale.com/-/media/images/my22/bikes/mountain/trail-bikes/habit/geos/c23_habitalloy_geotable_v2.ashx,vision,2026-10-05
Cannondale,SuperSix EVO 6 [991f9634],SuperSix EVO 6,2026,carretera,44,,44,,,,,505,370,"{""Wheel Size"": ""700c"", ""A Seat Tube Length (cm)"": ""40.0"", ""B Top Tube Horizontal (cm)"": ""51.2"", ""C Top Tube Actual (cm)"": ""46.9"", ""D Head Tube Angle"": ""70.9°"", ""E Seat Tube Angle"": ""74.3°"", ""F Standover (cm)"": ""69.8"", ""G Head Tube Length (cm)"": ""10.0"", ""H Wheelbase (cm)"": ""98.1"", ""I Front Center (cm)"": ""58.2"", ""J Chain Stay Length (cm)"": ""41.0"", ""K Bottom Bracket Drop (cm)"": ""7.4"", ""L Bottom Bracket Height (cm)"": ""26.8"", ""M Fork Rake (cm)"": ""5.5"", ""N Trail (cm)"": ""6.0"", ""O Stack (cm)"": ""50.5"", ""P Reach (cm)"": ""37.0""}",2799,false,https://www.cannondale.com/es-es/bikes/road/race/supersix-evo/supersix-evo-6-smu,https://www.cannondale.com/-/media/images/my23/bikes/road/race/supersix-evo/cy23_supersixevo_geotable.ashx,vision,2026-10-05
Cannondale,SuperSix EVO 6 [991f9634],SuperSix EVO 6,2026,carretera,48,,48,,,,,520,374,"{""Wheel Size"": ""700c"", ""A Seat Tube Length (cm)"": ""43.8"", ""B Top Tube Horizontal (cm)"": ""52.0"", ""C Top Tube Actual (cm)"": ""47.9"", ""D Head Tube Angle"": ""71.2°"", ""E Seat Tube Angle"": ""74.3°"", ""F Standover (cm)"": ""72.7"", ""G Head Tube Length (cm)"": ""11.4"", ""H Wheelbase (cm)"": ""98.7"", ""I Front Center (cm)"": ""58.9"", ""J Chain Stay Length (cm)"": ""41.0"", ""K Bottom Bracket Drop (cm)"": ""7.4"", ""L Bottom Bracket Height (cm)"": ""26.8"", ""M Fork Rake (cm)"": ""5.5"", ""N Trail (cm)"": ""5.8"", ""O Stack (cm)"": ""52.0"", ""P Reach (cm)"": ""37.4""}",2799,false,https://www.cannondale.com/es-es/bikes/road/race/supersix-evo/supersix-evo-6-smu,https://www.cannondale.com/-/media/images/my23/bikes/road/race/supersix-evo/cy23_supersixevo_geotable.ashx,vision,2026-10-05
Cannondale,SuperSix EVO 6 [991f9634],SuperSix EVO 6,2026,carretera,51,,51,,,,,535,378,"{""Wheel Size"": ""700c"", ""A Seat Tube Length (cm)"": ""47.7"", ""B Top Tube Horizontal (cm)"": ""52.8"", ""C Top Tube Actual (cm)"": ""48.9"", ""D Head Tube Angle"": ""71.2°"", ""E Seat Tube Angle"": ""74.3°"", ""F Standover (cm)"": ""75.6"", ""G Head Tube Length (cm)"": ""13.0"", ""H Wheelbase (cm)"": ""99.6"", ""I Front Center (cm)"": ""59.8"", ""J Chain Stay Length (cm)"": ""41.0"", ""K Bottom Bracket Drop (cm)"": ""7.4"", ""L Bottom Bracket Height (cm)"": ""26.8"", ""M Fork Rake (cm)"": ""5.5"", ""N Trail (cm)"": ""5.8"", ""O Stack (cm)"": ""53.5"", ""P Reach (cm)"": ""37.8""}",2799,false,https://www.cannondale.com/es-es/bikes/road/race/supersix-evo/supersix-evo-6-smu,https://www.cannondale.com/-/media/images/my23/bikes/road/race/supersix-evo/cy23_supersixevo_geotable.ashx,vision,2026-10-05
Cannondale,SuperSix EVO 6 [991f9634],SuperSix EVO 6,2026,carretera,54,,54,,,,,555,384,"{""Wheel Size"": ""700c"", ""A Seat Tube Length (cm)"": ""51.5"", ""B Top Tube Horizontal (cm)"": ""54.6"", ""C Top Tube Actual (cm)"": ""50.9"", ""D Head Tube Angle"": ""71.2°"", ""E Seat Tube Angle"": ""73.7°"", ""F Standover (cm)"": ""78.8"", ""G Head Tube Length (cm)"": ""15.4"", ""H Wheelbase (cm)"": ""101.0"", ""I Front Center (cm)"": ""61.1"", ""J Chain Stay Length (cm)"": ""41.0"", ""K Bottom Bracket Drop (cm)"": ""7.2"", ""L Bottom Bracket Height (cm)"": ""27.1"", ""M Fork Rake (cm)"": ""5.5"", ""N Trail (cm)"": ""5.8"", ""O Stack (cm)"": ""55.5"", ""P Reach (cm)"": ""38.4""}",2799,false,https://www.cannondale.com/es-es/bikes/road/race/supersix-evo/supersix-evo-6-smu,https://www.cannondale.com/-/media/images/my23/bikes/road/race/supersix-evo/cy23_supersixevo_geotable.ashx,vision,2026-10-05
Cannondale,SuperSix EVO 6 [991f9634],SuperSix EVO 6,2026,carretera,56,,56,,,,,575,389,"{""Wheel Size"": ""700c"", ""A Seat Tube Length (cm)"": ""53.4"", ""B Top Tube Horizontal (cm)"": ""56.2"", ""C Top Tube Actual (cm)"": ""52.3"", ""D Head Tube Angle"": ""73°"", ""E Seat Tube Angle"": ""73.3°"", ""F Standover (cm)"": ""80.7"", ""G Head Tube Length (cm)"": ""16.5"", ""H Wheelbase (cm)"": ""99.4"", ""I Front Center (cm)"": ""59.4"", ""J Chain Stay Length (cm)"": ""41.0"", ""K Bottom Bracket Drop (cm)"": ""7.2"", ""L Bottom Bracket Height (cm)"": ""27.1"", ""M Fork Rake (cm)"": ""4.5"", ""N Trail (cm)"": ""5.8"", ""O Stack (cm)"": ""57.5"", ""P Reach (cm)"": ""38.9""}",2799,false,https://www.cannondale.com/es-es/bikes/road/race/supersix-evo/supersix-evo-6-smu,https://www.cannondale.com/-/media/images/my23/bikes/road/race/supersix-evo/cy23_supersixevo_geotable.ashx,vision,2026-10-05
Cannondale,SuperSix EVO 6 [991f9634],SuperSix EVO 6,2026,carretera,58,,58,,,,,595,395,"{""Wheel Size"": ""700c"", ""A Seat Tube Length (cm)"": ""56.7"", ""B Top Tube Horizontal (cm)"": ""57.8"", ""C Top Tube Actual (cm)"": ""54.1"", ""D Head Tube Angle"": ""73°"", ""E Seat Tube Angle"": ""72.9°"", ""F Standover (cm)"": ""83.6"", ""G Head Tube Length (cm)"": ""18.8"", ""H Wheelbase (cm)"": ""100.7"", ""I Front Center (cm)"": ""60.7"", ""J Chain Stay Length (cm)"": ""41.0"", ""K Bottom Bracket Drop (cm)"": ""6.9"", ""L Bottom Bracket Height (cm)"": ""27.3"", ""M Fork Rake (cm)"": ""4.5"", ""N Trail (cm)"": ""5.8"", ""O Stack (cm)"": ""59.5"", ""P Reach (cm)"": ""39.5""}",2799,false,https://www.cannondale.com/es-es/bikes/road/race/supersix-evo/supersix-evo-6-smu,https://www.cannondale.com/-/media/images/my23/bikes/road/race/supersix-evo/cy23_supersixevo_geotable.ashx,vision,2026-10-05
Cannondale,SuperSix EVO 6 [991f9634],SuperSix EVO 6,2026,carretera,61,,61,,,,,625,403,"{""Wheel Size"": ""700c"", ""A Seat Tube Length (cm)"": ""60.0"", ""B Top Tube Horizontal (cm)"": ""60.3"", ""C Top Tube Actual (cm)"": ""56.4"", ""D Head Tube Angle"": ""73°"", ""E Seat Tube Angle"": ""72.3°"", ""F Standover (cm)"": ""86.6"", ""G Head Tube Length (cm)"": ""22.0"", ""H Wheelbase (cm)"": ""102.4"", ""I Front Center (cm)"": ""62.4"", ""J Chain Stay Length (cm)"": ""41.0"", ""K Bottom Bracket Drop (cm)"": ""6.9"", ""L Bottom Bracket Height (cm)"": ""27.3"", ""M Fork Rake (cm)"": ""4.5"", ""N Trail (cm)"": ""5.8"", ""O Stack (cm)"": ""62.5"", ""P Reach (cm)"": ""40.3""}",2799,false,https://www.cannondale.com/es-es/bikes/road/race/supersix-evo/supersix-evo-6-smu,https://www.cannondale.com/-/media/images/my23/bikes/road/race/supersix-evo/cy23_supersixevo_geotable.ashx,vision,2026-10-05
Cannondale,Topstone [ebd3204e],Topstone 1,2025,gravel,XS,XS,,,,,,518,368,"{""Wheel Size"": ""700c"", ""A Seat Tube Length (cm)"": ""41.0"", ""B Top Tube Horizontal (cm)"": ""53.3"", ""C Top Tube Actual (cm)"": ""N/A"", ""D Head Tube Angle"": ""70.0°"", ""E Seat Tube Angle Effective"": ""73.1°"", ""E Seat Tube Angle Actual"": ""71.8°"", ""F Standover (cm)"": ""70.3"", ""G Head Tube Length (cm)"": ""8.6"", ""H Wheelbase (cm)"": ""101.6"", ""I Front Center (cm)"": ""59.3"", ""J Chain Stay Length (cm)"": ""43.5"", ""K Bottom Bracket Drop (cm)"": ""7.5"", ""L Bottom Bracket Height (cm)"": ""28.0"", ""M Fork Rake (cm)"": ""5.5"", ""N Trail (cm)"": ""7.2"", ""O Stack (cm)"": ""51.8"", ""P Reach (cm)"": ""36.8""}",2399,false,https://www.cannondale.com/es-es/bikes/road/gravel/topstone-alloy/topstone-1-c15395u,https://www.cannondale.com/-/media/images/my22/bikes/road/gravel/topstone-alloy/pdp/c22_topstone_alloy_geo_table_v2.ashx,vision,2026-10-05
Cannondale,Topstone [ebd3204e],Topstone 1,2025,gravel,SM,,,,,,,549,377,"{""Wheel Size"": ""700c"", ""A Seat Tube Length (cm)"": ""45.8"", ""B Top Tube Horizontal (cm)"": ""54.4"", ""C Top Tube Actual (cm)"": ""N/A"", ""D Head Tube Angle"": ""71.0°"", ""E Seat Tube Angle Effective"": ""73.1°"", ""E Seat Tube Angle Actual"": ""71.8°"", ""F Standover (cm)"": ""74.4"", ""G Head Tube Length (cm)"": ""11.5"", ""H Wheelbase (cm)"": ""102.7"", ""I Front Center (cm)"": ""60.3"", ""J Chain Stay Length (cm)"": ""43.5"", ""K Bottom Bracket Drop (cm)"": ""7.5"", ""L Bottom Bracket Height (cm)"": ""28.4"", ""M Fork Rake (cm)"": ""5.5"", ""N Trail (cm)"": ""6.5"", ""O Stack (cm)"": ""54.9"", ""P Reach (cm)"": ""37.7""}",2399,false,https://www.cannondale.com/es-es/bikes/road/gravel/topstone-alloy/topstone-1-c15395u,https://www.cannondale.com/-/media/images/my22/bikes/road/gravel/topstone-alloy/pdp/c22_topstone_alloy_geo_table_v2.ashx,vision,2026-10-05
Cannondale,Topstone [ebd3204e],Topstone 1,2025,gravel,MD,,,,,,,579,385,"{""Wheel Size"": ""700c"", ""A Seat Tube Length (cm)"": ""50.5"", ""B Top Tube Horizontal (cm)"": ""55.7"", ""C Top Tube Actual (cm)"": ""N/A"", ""D Head Tube Angle"": ""71.0°"", ""E Seat Tube Angle Effective"": ""73.1°"", ""E Seat Tube Angle Actual"": ""71.8°"", ""F Standover (cm)"": ""78.4"", ""G Head Tube Length (cm)"": ""14.7"", ""H Wheelbase (cm)"": ""104.5"", ""I Front Center (cm)"": ""62.1"", ""J Chain Stay Length (cm)"": ""43.5"", ""K Bottom Bracket Drop (cm)"": ""7.5"", ""L Bottom Bracket Height (cm)"": ""28.4"", ""M Fork Rake (cm)"": ""5.5"", ""N Trail (cm)"": ""6.5"", ""O Stack (cm)"": ""57.9"", ""P Reach (cm)"": ""38.5""}",2399,false,https://www.cannondale.com/es-es/bikes/road/gravel/topstone-alloy/topstone-1-c15395u,https://www.cannondale.com/-/media/images/my22/bikes/road/gravel/topstone-alloy/pdp/c22_topstone_alloy_geo_table_v2.ashx,vision,2026-10-05
Cannondale,Topstone [ebd3204e],Topstone 1,2025,gravel,LG,,,,,,,610,394,"{""Wheel Size"": ""700c"", ""A Seat Tube Length (cm)"": ""55.3"", ""B Top Tube Horizontal (cm)"": ""57.2"", ""C Top Tube Actual (cm)"": ""N/A"", ""D Head Tube Angle"": ""71.0°"", ""E Seat Tube Angle Effective"": ""73.1°"", ""E Seat Tube Angle Actual"": ""71.8°"", ""F Standover (cm)"": ""82.4"", ""G Head Tube Length (cm)"": ""18.0"", ""H Wheelbase (cm)"": ""106.5"", ""I Front Center (cm)"": ""64.1"", ""J Chain Stay Length (cm)"": ""43.5"", ""K Bottom Bracket Drop (cm)"": ""7.5"", ""L Bottom Bracket Height (cm)"": ""28.4"", ""M Fork Rake (cm)"": ""5.5"", ""N Trail (cm)"": ""6.5"", ""O Stack (cm)"": ""61.0"", ""P Reach (cm)"": ""39.4""}",2399,false,https://www.cannondale.com/es-es/bikes/road/gravel/topstone-alloy/topstone-1-c15395u,https://www.cannondale.com/-/media/images/my22/bikes/road/gravel/topstone-alloy/pdp/c22_topstone_alloy_geo_table_v2.ashx,vision,2026-10-05
Cannondale,Topstone [ebd3204e],Topstone 1,2025,gravel,XL,XL,,,,,,640,402,"{""Wheel Size"": ""700c"", ""A Seat Tube Length (cm)"": ""60.0"", ""B Top Tube Horizontal (cm)"": ""58.7"", ""C Top Tube Actual (cm)"": ""N/A"", ""D Head Tube Angle"": ""71.0°"", ""E Seat Tube Angle Effective"": ""73.1°"", ""E Seat Tube Angle Actual"": ""71.8°"", ""F Standover (cm)"": ""86.4"", ""G Head Tube Length (cm)"": ""21.2"", ""H Wheelbase (cm)"": ""108.3"", ""I Front Center (cm)"": ""65.9"", ""J Chain Stay Length (cm)"": ""43.5"", ""K Bottom Bracket Drop (cm)"": ""7.5"", ""L Bottom Bracket Height (cm)"": ""28.0"", ""M Fork Rake (cm)"": ""5.5"", ""N Trail (cm)"": ""6.5"", ""O Stack (cm)"": ""64.0"", ""P Reach (cm)"": ""40.2""}",2399,false,https://www.cannondale.com/es-es/bikes/road/gravel/topstone-alloy/topstone-1-c15395u,https://www.cannondale.com/-/media/images/my22/bikes/road/gravel/topstone-alloy/pdp/c22_topstone_alloy_geo_table_v2.ashx,vision,2026-10-05
Cannondale,Topstone [ebd3204e],Topstone EQ,2025,gravel,XS,XS,,,,,,518,368,"{""Wheel Size"": ""700c"", ""A Seat Tube Length (cm)"": ""41.0"", ""B Top Tube Horizontal (cm)"": ""53.3"", ""C Top Tube Actual (cm)"": ""N/A"", ""D Head Tube Angle"": ""70.0°"", ""E Seat Tube Angle Effective"": ""73.1°"", ""E Seat Tube Angle Actual"": ""71.8°"", ""F Standover (cm)"": ""70.3"", ""G Head Tube Length (cm)"": ""8.6"", ""H Wheelbase (cm)"": ""101.6"", ""I Front Center (cm)"": ""59.3"", ""J Chain Stay Length (cm)"": ""43.5"", ""K Bottom Bracket Drop (cm)"": ""7.5"", ""L Bottom Bracket Height (cm)"": ""28.0"", ""M Fork Rake (cm)"": ""5.5"", ""N Trail (cm)"": ""7.2"", ""O Stack (cm)"": ""51.8"", ""P Reach (cm)"": ""36.8""}",2299,false,https://www.cannondale.com/es-es/bikes/road/gravel/topstone-alloy/topstone-eq,https://www.cannondale.com/-/media/images/my22/bikes/road/gravel/topstone-alloy/pdp/c22_topstone_alloy_geo_table_v2.ashx,vision,2026-10-05
Cannondale,Topstone [ebd3204e],Topstone EQ,2025,gravel,SM,,,,,,,549,377,"{""Wheel Size"": ""700c"", ""A Seat Tube Length (cm)"": ""45.8"", ""B Top Tube Horizontal (cm)"": ""54.4"", ""C Top Tube Actual (cm)"": ""N/A"", ""D Head Tube Angle"": ""71.0°"", ""E Seat Tube Angle Effective"": ""73.1°"", ""E Seat Tube Angle Actual"": ""71.8°"", ""F Standover (cm)"": ""74.4"", ""G Head Tube Length (cm)"": ""11.5"", ""H Wheelbase (cm)"": ""102.7"", ""I Front Center (cm)"": ""60.3"", ""J Chain Stay Length (cm)"": ""43.5"", ""K Bottom Bracket Drop (cm)"": ""7.5"", ""L Bottom Bracket Height (cm)"": ""28.4"", ""M Fork Rake (cm)"": ""5.5"", ""N Trail (cm)"": ""6.5"", ""O Stack (cm)"": ""54.9"", ""P Reach (cm)"": ""37.7""}",2299,false,https://www.cannondale.com/es-es/bikes/road/gravel/topstone-alloy/topstone-eq,https://www.cannondale.com/-/media/images/my22/bikes/road/gravel/topstone-alloy/pdp/c22_topstone_alloy_geo_table_v2.ashx,vision,2026-10-05
Cannondale,Topstone [ebd3204e],Topstone EQ,2025,gravel,MD,,,,,,,579,385,"{""Wheel Size"": ""700c"", ""A Seat Tube Length (cm)"": ""50.5"", ""B Top Tube Horizontal (cm)"": ""55.7"", ""C Top Tube Actual (cm)"": ""N/A"", ""D Head Tube Angle"": ""71.0°"", ""E Seat Tube Angle Effective"": ""73.1°"", ""E Seat Tube Angle Actual"": ""71.8°"", ""F Standover (cm)"": ""78.4"", ""G Head Tube Length (cm)"": ""14.7"", ""H Wheelbase (cm)"": ""104.5"", ""I Front Center (cm)"": ""62.1"", ""J Chain Stay Length (cm)"": ""43.5"", ""K Bottom Bracket Drop (cm)"": ""7.5"", ""L Bottom Bracket Height (cm)"": ""28.4"", ""M Fork Rake (cm)"": ""5.5"", ""N Trail (cm)"": ""6.5"", ""O Stack (cm)"": ""57.9"", ""P Reach (cm)"": ""38.5""}",2299,false,https://www.cannondale.com/es-es/bikes/road/gravel/topstone-alloy/topstone-eq,https://www.cannondale.com/-/media/images/my22/bikes/road/gravel/topstone-alloy/pdp/c22_topstone_alloy_geo_table_v2.ashx,vision,2026-10-05
Cannondale,Topstone [ebd3204e],Topstone EQ,2025,gravel,LG,,,,,,,610,394,"{""Wheel Size"": ""700c"", ""A Seat Tube Length (cm)"": ""55.3"", ""B Top Tube Horizontal (cm)"": ""57.2"", ""C Top Tube Actual (cm)"": ""N/A"", ""D Head Tube Angle"": ""71.0°"", ""E Seat Tube Angle Effective"": ""73.1°"", ""E Seat Tube Angle Actual"": ""71.8°"", ""F Standover (cm)"": ""82.4"", ""G Head Tube Length (cm)"": ""18.0"", ""H Wheelbase (cm)"": ""106.5"", ""I Front Center (cm)"": ""64.1"", ""J Chain Stay Length (cm)"": ""43.5"", ""K Bottom Bracket Drop (cm)"": ""7.5"", ""L Bottom Bracket Height (cm)"": ""28.4"", ""M Fork Rake (cm)"": ""5.5"", ""N Trail (cm)"": ""6.5"", ""O Stack (cm)"": ""61.0"", ""P Reach (cm)"": ""39.4""}",2299,false,https://www.cannondale.com/es-es/bikes/road/gravel/topstone-alloy/topstone-eq,https://www.cannondale.com/-/media/images/my22/bikes/road/gravel/topstone-alloy/pdp/c22_topstone_alloy_geo_table_v2.ashx,vision,2026-10-05
Cannondale,Topstone [ebd3204e],Topstone EQ,2025,gravel,XL,XL,,,,,,640,402,"{""Wheel Size"": ""700c"", ""A Seat Tube Length (cm)"": ""60.0"", ""B Top Tube Horizontal (cm)"": ""58.7"", ""C Top Tube Actual (cm)"": ""N/A"", ""D Head Tube Angle"": ""71.0°"", ""E Seat Tube Angle Effective"": ""73.1°"", ""E Seat Tube Angle Actual"": ""71.8°"", ""F Standover (cm)"": ""86.4"", ""G Head Tube Length (cm)"": ""21.2"", ""H Wheelbase (cm)"": ""108.3"", ""I Front Center (cm)"": ""65.9"", ""J Chain Stay Length (cm)"": ""43.5"", ""K Bottom Bracket Drop (cm)"": ""7.5"", ""L Bottom Bracket Height (cm)"": ""28.0"", ""M Fork Rake (cm)"": ""5.5"", ""N Trail (cm)"": ""6.5"", ""O Stack (cm)"": ""64.0"", ""P Reach (cm)"": ""40.2""}",2299,false,https://www.cannondale.com/es-es/bikes/road/gravel/topstone-alloy/topstone-eq,https://www.cannondale.com/-/media/images/my22/bikes/road/gravel/topstone-alloy/pdp/c22_topstone_alloy_geo_table_v2.ashx,vision,2026-10-05
Cannondale,Topstone [ebd3204e],Topstone 2 GRX - 2x,,gravel,XS,XS,,,,,,518,368,"{""Wheel Size"": ""700c"", ""A Seat Tube Length (cm)"": ""41.0"", ""B Top Tube Horizontal (cm)"": ""53.3"", ""C Top Tube Actual (cm)"": ""N/A"", ""D Head Tube Angle"": ""70.0°"", ""E Seat Tube Angle Effective"": ""73.1°"", ""E Seat Tube Angle Actual"": ""71.8°"", ""F Standover (cm)"": ""70.3"", ""G Head Tube Length (cm)"": ""8.6"", ""H Wheelbase (cm)"": ""101.6"", ""I Front Center (cm)"": ""59.3"", ""J Chain Stay Length (cm)"": ""43.5"", ""K Bottom Bracket Drop (cm)"": ""7.5"", ""L Bottom Bracket Height (cm)"": ""28.0"", ""M Fork Rake (cm)"": ""5.5"", ""N Trail (cm)"": ""7.2"", ""O Stack (cm)"": ""51.8"", ""P Reach (cm)"": ""36.8""}",1999,false,https://www.cannondale.com/es-es/bikes/road/gravel/topstone-alloy/topstone-2-grx-2x-c15385u,https://www.cannondale.com/-/media/images/my22/bikes/road/gravel/topstone-alloy/pdp/c22_topstone_alloy_geo_table_v2.ashx,vision,2026-10-05
Cannondale,Topstone [ebd3204e],Topstone 2 GRX - 2x,,gravel,SM,,,,,,,549,377,"{""Wheel Size"": ""700c"", ""A Seat Tube Length (cm)"": ""45.8"", ""B Top Tube Horizontal (cm)"": ""54.4"", ""C Top Tube Actual (cm)"": ""N/A"", ""D Head Tube Angle"": ""71.0°"", ""E Seat Tube Angle Effective"": ""73.1°"", ""E Seat Tube Angle Actual"": ""71.8°"", ""F Standover (cm)"": ""74.4"", ""G Head Tube Length (cm)"": ""11.5"", ""H Wheelbase (cm)"": ""102.7"", ""I Front Center (cm)"": ""60.3"", ""J Chain Stay Length (cm)"": ""43.5"", ""K Bottom Bracket Drop (cm)"": ""7.5"", ""L Bottom Bracket Height (cm)"": ""28.4"", ""M Fork Rake (cm)"": ""5.5"", ""N Trail (cm)"": ""6.5"", ""O Stack (cm)"": ""54.9"", ""P Reach (cm)"": ""37.7""}",1999,false,https://www.cannondale.com/es-es/bikes/road/gravel/topstone-alloy/topstone-2-grx-2x-c15385u,https://www.cannondale.com/-/media/images/my22/bikes/road/gravel/topstone-alloy/pdp/c22_topstone_alloy_geo_table_v2.ashx,vision,2026-10-05
Cannondale,Topstone [ebd3204e],Topstone 2 GRX - 2x,,gravel,MD,,,,,,,579,385,"{""Wheel Size"": ""700c"", ""A Seat Tube Length (cm)"": ""50.5"", ""B Top Tube Horizontal (cm)"": ""55.7"", ""C Top Tube Actual (cm)"": ""N/A"", ""D Head Tube Angle"": ""71.0°"", ""E Seat Tube Angle Effective"": ""73.1°"", ""E Seat Tube Angle Actual"": ""71.8°"", ""F Standover (cm)"": ""78.4"", ""G Head Tube Length (cm)"": ""14.7"", ""H Wheelbase (cm)"": ""104.5"", ""I Front Center (cm)"": ""62.1"", ""J Chain Stay Length (cm)"": ""43.5"", ""K Bottom Bracket Drop (cm)"": ""7.5"", ""L Bottom Bracket Height (cm)"": ""28.4"", ""M Fork Rake (cm)"": ""5.5"", ""N Trail (cm)"": ""6.5"", ""O Stack (cm)"": ""57.9"", ""P Reach (cm)"": ""38.5""}",1999,false,https://www.cannondale.com/es-es/bikes/road/gravel/topstone-alloy/topstone-2-grx-2x-c15385u,https://www.cannondale.com/-/media/images/my22/bikes/road/gravel/topstone-alloy/pdp/c22_topstone_alloy_geo_table_v2.ashx,vision,2026-10-05
Cannondale,Topstone [ebd3204e],Topstone 2 GRX - 2x,,gravel,LG,,,,,,,610,394,"{""Wheel Size"": ""700c"", ""A Seat Tube Length (cm)"": ""55.3"", ""B Top Tube Horizontal (cm)"": ""57.2"", ""C Top Tube Actual (cm)"": ""N/A"", ""D Head Tube Angle"": ""71.0°"", ""E Seat Tube Angle Effective"": ""73.1°"", ""E Seat Tube Angle Actual"": ""71.8°"", ""F Standover (cm)"": ""82.4"", ""G Head Tube Length (cm)"": ""18.0"", ""H Wheelbase (cm)"": ""106.5"", ""I Front Center (cm)"": ""64.1"", ""J Chain Stay Length (cm)"": ""43.5"", ""K Bottom Bracket Drop (cm)"": ""7.5"", ""L Bottom Bracket Height (cm)"": ""28.4"", ""M Fork Rake (cm)"": ""5.5"", ""N Trail (cm)"": ""6.5"", ""O Stack (cm)"": ""61.0"", ""P Reach (cm)"": ""39.4""}",1999,false,https://www.cannondale.com/es-es/bikes/road/gravel/topstone-alloy/topstone-2-grx-2x-c15385u,https://www.cannondale.com/-/media/images/my22/bikes/road/gravel/topstone-alloy/pdp/c22_topstone_alloy_geo_table_v2.ashx,vision,2026-10-05
Cannondale,Topstone [ebd3204e],Topstone 2 GRX - 2x,,gravel,XL,XL,,,,,,640,402,"{""Wheel Size"": ""700c"", ""A Seat Tube Length (cm)"": ""60.0"", ""B Top Tube Horizontal (cm)"": ""58.7"", ""C Top Tube Actual (cm)"": ""N/A"", ""D Head Tube Angle"": ""71.0°"", ""E Seat Tube Angle Effective"": ""73.1°"", ""E Seat Tube Angle Actual"": ""71.8°"", ""F Standover (cm)"": ""86.4"", ""G Head Tube Length (cm)"": ""21.2"", ""H Wheelbase (cm)"": ""108.3"", ""I Front Center (cm)"": ""65.9"", ""J Chain Stay Length (cm)"": ""43.5"", ""K Bottom Bracket Drop (cm)"": ""7.5"", ""L Bottom Bracket Height (cm)"": ""28.0"", ""M Fork Rake (cm)"": ""5.5"", ""N Trail (cm)"": ""6.5"", ""O Stack (cm)"": ""64.0"", ""P Reach (cm)"": ""40.2""}",1999,false,https://www.cannondale.com/es-es/bikes/road/gravel/topstone-alloy/topstone-2-grx-2x-c15385u,https://www.cannondale.com/-/media/images/my22/bikes/road/gravel/topstone-alloy/pdp/c22_topstone_alloy_geo_table_v2.ashx,vision,2026-10-05
Cannondale,Topstone [ebd3204e],Topstone 2 CUES - 1x,2025,gravel,XS,XS,,,,,,518,368,"{""Wheel Size"": ""700c"", ""A Seat Tube Length (cm)"": ""41.0"", ""B Top Tube Horizontal (cm)"": ""53.3"", ""C Top Tube Actual (cm)"": ""N/A"", ""D Head Tube Angle"": ""70.0°"", ""E Seat Tube Angle Effective"": ""73.1°"", ""E Seat Tube Angle Actual"": ""71.8°"", ""F Standover (cm)"": ""70.3"", ""G Head Tube Length (cm)"": ""8.6"", ""H Wheelbase (cm)"": ""101.6"", ""I Front Center (cm)"": ""59.3"", ""J Chain Stay Length (cm)"": ""43.5"", ""K Bottom Bracket Drop (cm)"": ""7.5"", ""L Bottom Bracket Height (cm)"": ""28.0"", ""M Fork Rake (cm)"": ""5.5"", ""N Trail (cm)"": ""7.2"", ""O Stack (cm)"": ""51.8"", ""P Reach (cm)"": ""36.8""}",1999,false,https://www.cannondale.com/es-es/bikes/road/gravel/topstone-alloy/topstone-2-cues-1x-c15365u,https://www.cannondale.com/-/media/images/my22/bikes/road/gravel/topstone-alloy/pdp/c22_topstone_alloy_geo_table_v2.ashx,vision,2026-10-05
Cannondale,Topstone [ebd3204e],Topstone 2 CUES - 1x,2025,gravel,SM,,,,,,,549,377,"{""Wheel Size"": ""700c"", ""A Seat Tube Length (cm)"": ""45.8"", ""B Top Tube Horizontal (cm)"": ""54.4"", ""C Top Tube Actual (cm)"": ""N/A"", ""D Head Tube Angle"": ""71.0°"", ""E Seat Tube Angle Effective"": ""73.1°"", ""E Seat Tube Angle Actual"": ""71.8°"", ""F Standover (cm)"": ""74.4"", ""G Head Tube Length (cm)"": ""11.5"", ""H Wheelbase (cm)"": ""102.7"", ""I Front Center (cm)"": ""60.3"", ""J Chain Stay Length (cm)"": ""43.5"", ""K Bottom Bracket Drop (cm)"": ""7.5"", ""L Bottom Bracket Height (cm)"": ""28.4"", ""M Fork Rake (cm)"": ""5.5"", ""N Trail (cm)"": ""6.5"", ""O Stack (cm)"": ""54.9"", ""P Reach (cm)"": ""37.7""}",1999,false,https://www.cannondale.com/es-es/bikes/road/gravel/topstone-alloy/topstone-2-cues-1x-c15365u,https://www.cannondale.com/-/media/images/my22/bikes/road/gravel/topstone-alloy/pdp/c22_topstone_alloy_geo_table_v2.ashx,vision,2026-10-05
Cannondale,Topstone [ebd3204e],Topstone 2 CUES - 1x,2025,gravel,MD,,,,,,,579,385,"{""Wheel Size"": ""700c"", ""A Seat Tube Length (cm)"": ""50.5"", ""B Top Tube Horizontal (cm)"": ""55.7"", ""C Top Tube Actual (cm)"": ""N/A"", ""D Head Tube Angle"": ""71.0°"", ""E Seat Tube Angle Effective"": ""73.1°"", ""E Seat Tube Angle Actual"": ""71.8°"", ""F Standover (cm)"": ""78.4"", ""G Head Tube Length (cm)"": ""14.7"", ""H Wheelbase (cm)"": ""104.5"", ""I Front Center (cm)"": ""62.1"", ""J Chain Stay Length (cm)"": ""43.5"", ""K Bottom Bracket Drop (cm)"": ""7.5"", ""L Bottom Bracket Height (cm)"": ""28.4"", ""M Fork Rake (cm)"": ""5.5"", ""N Trail (cm)"": ""6.5"", ""O Stack (cm)"": ""57.9"", ""P Reach (cm)"": ""38.5""}",1999,false,https://www.cannondale.com/es-es/bikes/road/gravel/topstone-alloy/topstone-2-cues-1x-c15365u,https://www.cannondale.com/-/media/images/my22/bikes/road/gravel/topstone-alloy/pdp/c22_topstone_alloy_geo_table_v2.ashx,vision,2026-10-05
Cannondale,Topstone [ebd3204e],Topstone 2 CUES - 1x,2025,gravel,LG,,,,,,,610,394,"{""Wheel Size"": ""700c"", ""A Seat Tube Length (cm)"": ""55.3"", ""B Top Tube Horizontal (cm)"": ""57.2"", ""C Top Tube Actual (cm)"": ""N/A"", ""D Head Tube Angle"": ""71.0°"", ""E Seat Tube Angle Effective"": ""73.1°"", ""E Seat Tube Angle Actual"": ""71.8°"", ""F Standover (cm)"": ""82.4"", ""G Head Tube Length (cm)"": ""18.0"", ""H Wheelbase (cm)"": ""106.5"", ""I Front Center (cm)"": ""64.1"", ""J Chain Stay Length (cm)"": ""43.5"", ""K Bottom Bracket Drop (cm)"": ""7.5"", ""L Bottom Bracket Height (cm)"": ""28.4"", ""M Fork Rake (cm)"": ""5.5"", ""N Trail (cm)"": ""6.5"", ""O Stack (cm)"": ""61.0"", ""P Reach (cm)"": ""39.4""}",1999,false,https://www.cannondale.com/es-es/bikes/road/gravel/topstone-alloy/topstone-2-cues-1x-c15365u,https://www.cannondale.com/-/media/images/my22/bikes/road/gravel/topstone-alloy/pdp/c22_topstone_alloy_geo_table_v2.ashx,vision,2026-10-05
Cannondale,Topstone [ebd3204e],Topstone 2 CUES - 1x,2025,gravel,XL,XL,,,,,,640,402,"{""Wheel Size"": ""700c"", ""A Seat Tube Length (cm)"": ""60.0"", ""B Top Tube Horizontal (cm)"": ""58.7"", ""C Top Tube Actual (cm)"": ""N/A"", ""D Head Tube Angle"": ""71.0°"", ""E Seat Tube Angle Effective"": ""73.1°"", ""E Seat Tube Angle Actual"": ""71.8°"", ""F Standover (cm)"": ""86.4"", ""G Head Tube Length (cm)"": ""21.2"", ""H Wheelbase (cm)"": ""108.3"", ""I Front Center (cm)"": ""65.9"", ""J Chain Stay Length (cm)"": ""43.5"", ""K Bottom Bracket Drop (cm)"": ""7.5"", ""L Bottom Bracket Height (cm)"": ""28.0"", ""M Fork Rake (cm)"": ""5.5"", ""N Trail (cm)"": ""6.5"", ""O Stack (cm)"": ""64.0"", ""P Reach (cm)"": ""40.2""}",1999,false,https://www.cannondale.com/es-es/bikes/road/gravel/topstone-alloy/topstone-2-cues-1x-c15365u,https://www.cannondale.com/-/media/images/my22/bikes/road/gravel/topstone-alloy/pdp/c22_topstone_alloy_geo_table_v2.ashx,vision,2026-10-05
Cannondale,Topstone [ebd3204e],Topstone 3,2025,gravel,XS,XS,,,,,,518,368,"{""Wheel Size"": ""700c"", ""A Seat Tube Length (cm)"": ""41.0"", ""B Top Tube Horizontal (cm)"": ""53.3"", ""C Top Tube Actual (cm)"": ""N/A"", ""D Head Tube Angle"": ""70.0°"", ""E Seat Tube Angle Effective"": ""73.1°"", ""E Seat Tube Angle Actual"": ""71.8°"", ""F Standover (cm)"": ""70.3"", ""G Head Tube Length (cm)"": ""8.6"", ""H Wheelbase (cm)"": ""101.6"", ""I Front Center (cm)"": ""59.3"", ""J Chain Stay Length (cm)"": ""43.5"", ""K Bottom Bracket Drop (cm)"": ""7.5"", ""L Bottom Bracket Height (cm)"": ""28.0"", ""M Fork Rake (cm)"": ""5.5"", ""N Trail (cm)"": ""7.2"", ""O Stack (cm)"": ""51.8"", ""P Reach (cm)"": ""36.8""}",1499,false,https://www.cannondale.com/es-es/bikes/road/gravel/topstone-alloy/topstone-3-c15375u,https://www.cannondale.com/-/media/images/my22/bikes/road/gravel/topstone-alloy/pdp/c22_topstone_alloy_geo_table_v2.ashx,vision,2026-10-05
Cannondale,Topstone [ebd3204e],Topstone 3,2025,gravel,SM,,,,,,,549,377,"{""Wheel Size"": ""700c"", ""A Seat Tube Length (cm)"": ""45.8"", ""B Top Tube Horizontal (cm)"": ""54.4"", ""C Top Tube Actual (cm)"": ""N/A"", ""D Head Tube Angle"": ""71.0°"", ""E Seat Tube Angle Effective"": ""73.1°"", ""E Seat Tube Angle Actual"": ""71.8°"", ""F Standover (cm)"": ""74.4"", ""G Head Tube Length (cm)"": ""11.5"", ""H Wheelbase (cm)"": ""102.7"", ""I Front Center (cm)"": ""60.3"", ""J Chain Stay Length (cm)"": ""43.5"", ""K Bottom Bracket Drop (cm)"": ""7.5"", ""L Bottom Bracket Height (cm)"": ""28.4"", ""M Fork Rake (cm)"": ""5.5"", ""N Trail (cm)"": ""6.5"", ""O Stack (cm)"": ""54.9"", ""P Reach (cm)"": ""37.7""}",1499,false,https://www.cannondale.com/es-es/bikes/road/gravel/topstone-alloy/topstone-3-c15375u,https://www.cannondale.com/-/media/images/my22/bikes/road/gravel/topstone-alloy/pdp/c22_topstone_alloy_geo_table_v2.ashx,vision,2026-10-05
Cannondale,Topstone [ebd3204e],Topstone 3,2025,gravel,MD,,,,,,,579,385,"{""Wheel Size"": ""700c"", ""A Seat Tube Length (cm)"": ""50.5"", ""B Top Tube Horizontal (cm)"": ""55.7"", ""C Top Tube Actual (cm)"": ""N/A"", ""D Head Tube Angle"": ""71.0°"", ""E Seat Tube Angle Effective"": ""73.1°"", ""E Seat Tube Angle Actual"": ""71.8°"", ""F Standover (cm)"": ""78.4"", ""G Head Tube Length (cm)"": ""14.7"", ""H Wheelbase (cm)"": ""104.5"", ""I Front Center (cm)"": ""62.1"", ""J Chain Stay Length (cm)"": ""43.5"", ""K Bottom Bracket Drop (cm)"": ""7.5"", ""L Bottom Bracket Height (cm)"": ""28.4"", ""M Fork Rake (cm)"": ""5.5"", ""N Trail (cm)"": ""6.5"", ""O Stack (cm)"": ""57.9"", ""P Reach (cm)"": ""38.5""}",1499,false,https://www.cannondale.com/es-es/bikes/road/gravel/topstone-alloy/topstone-3-c15375u,https://www.cannondale.com/-/media/images/my22/bikes/road/gravel/topstone-alloy/pdp/c22_topstone_alloy_geo_table_v2.ashx,vision,2026-10-05
Cannondale,Topstone [ebd3204e],Topstone 3,2025,gravel,LG,,,,,,,610,394,"{""Wheel Size"": ""700c"", ""A Seat Tube Length (cm)"": ""55.3"", ""B Top Tube Horizontal (cm)"": ""57.2"", ""C Top Tube Actual (cm)"": ""N/A"", ""D Head Tube Angle"": ""71.0°"", ""E Seat Tube Angle Effective"": ""73.1°"", ""E Seat Tube Angle Actual"": ""71.8°"", ""F Standover (cm)"": ""82.4"", ""G Head Tube Length (cm)"": ""18.0"", ""H Wheelbase (cm)"": ""106.5"", ""I Front Center (cm)"": ""64.1"", ""J Chain Stay Length (cm)"": ""43.5"", ""K Bottom Bracket Drop (cm)"": ""7.5"", ""L Bottom Bracket Height (cm)"": ""28.4"", ""M Fork Rake (cm)"": ""5.5"", ""N Trail (cm)"": ""6.5"", ""O Stack (cm)"": ""61.0"", ""P Reach (cm)"": ""39.4""}",1499,false,https://www.cannondale.com/es-es/bikes/road/gravel/topstone-alloy/topstone-3-c15375u,https://www.cannondale.com/-/media/images/my22/bikes/road/gravel/topstone-alloy/pdp/c22_topstone_alloy_geo_table_v2.ashx,vision,2026-10-05
Cannondale,Topstone [ebd3204e],Topstone 3,2025,gravel,XL,XL,,,,,,640,402,"{""Wheel Size"": ""700c"", ""A Seat Tube Length (cm)"": ""60.0"", ""B Top Tube Horizontal (cm)"": ""58.7"", ""C Top Tube Actual (cm)"": ""N/A"", ""D Head Tube Angle"": ""71.0°"", ""E Seat Tube Angle Effective"": ""73.1°"", ""E Seat Tube Angle Actual"": ""71.8°"", ""F Standover (cm)"": ""86.4"", ""G Head Tube Length (cm)"": ""21.2"", ""H Wheelbase (cm)"": ""108.3"", ""I Front Center (cm)"": ""65.9"", ""J Chain Stay Length (cm)"": ""43.5"", ""K Bottom Bracket Drop (cm)"": ""7.5"", ""L Bottom Bracket Height (cm)"": ""28.0"", ""M Fork Rake (cm)"": ""5.5"", ""N Trail (cm)"": ""6.5"", ""O Stack (cm)"": ""64.0"", ""P Reach (cm)"": ""40.2""}",1499,false,https://www.cannondale.com/es-es/bikes/road/gravel/topstone-alloy/topstone-3-c15375u,https://www.cannondale.com/-/media/images/my22/bikes/road/gravel/topstone-alloy/pdp/c22_topstone_alloy_geo_table_v2.ashx,vision,2026-10-05
Cannondale,Habit HT [88199a4d],Habit HT 1,2025,mtb,SM,,,,,,,634,415,"{""Wheel Size"": ""29\"""", ""A Seat Tube Length (cm)"": ""38.0"", ""B Top Tube Horizontal (cm)"": ""57.3"", ""C Top Tube Actual (cm)"": ""56.9"", ""D Head Tube Angle"": ""64.0°"", ""E Seat Tube Angle"": ""75.4°"", ""E Seat Tube Angle Effective"": ""76.0°"", ""F Standover (cm)"": ""71.0"", ""G Head Tube Length (cm)"": ""11.0"", ""H Wheelbase (cm)"": ""117.7"", ""I Front Center (cm)"": ""74.2"", ""J Chain Stay Length (cm)"": ""44.0"", ""K Bottom Bracket Drop (cm)"": ""5.5"", ""L Bottom Bracket Height (cm)"": ""32.5"", ""M Fork Rake (cm)"": ""4.4"", ""N Trail (cm)"": ""13.2"", ""O Stack (cm)"": ""63.4"", ""P Reach (cm)"": ""41.5""}",1549,false,https://www.cannondale.com/es-es/bikes/mountain/trail-bikes/habit-ht/habit-ht-1,https://www.cannondale.com/-/media/images/my23/bikes/mountain/trail/habit-ht/c23_habitht_geotable.ashx,vision,2026-10-05
Cannondale,Habit HT [88199a4d],Habit HT 1,2025,mtb,MD,,,,,,,643,440,"{""Wheel Size"": ""29\"""", ""A Seat Tube Length (cm)"": ""40.0"", ""B Top Tube Horizontal (cm)"": ""60.0"", ""C Top Tube Actual (cm)"": ""58.9"", ""D Head Tube Angle"": ""64.0°"", ""E Seat Tube Angle"": ""75.0°"", ""E Seat Tube Angle Effective"": ""76.0°"", ""F Standover (cm)"": ""73.0"", ""G Head Tube Length (cm)"": ""12.0"", ""H Wheelbase (cm)"": ""120.6"", ""I Front Center (cm)"": ""77.1"", ""J Chain Stay Length (cm)"": ""44.0"", ""K Bottom Bracket Drop (cm)"": ""5.5"", ""L Bottom Bracket Height (cm)"": ""32.5"", ""M Fork Rake (cm)"": ""4.4"", ""N Trail (cm)"": ""13.2"", ""O Stack (cm)"": ""64.3"", ""P Reach (cm)"": ""44.0""}",1549,false,https://www.cannondale.com/es-es/bikes/mountain/trail-bikes/habit-ht/habit-ht-1,https://www.cannondale.com/-/media/images/my23/bikes/mountain/trail/habit-ht/c23_habitht_geotable.ashx,vision,2026-10-05
Cannondale,Habit HT [88199a4d],Habit HT 1,2025,mtb,LG,,,,,,,653,465,"{""Wheel Size"": ""29\"""", ""A Seat Tube Length (cm)"": ""44.0"", ""B Top Tube Horizontal (cm)"": ""62.8"", ""C Top Tube Actual (cm)"": ""60.3"", ""D Head Tube Angle"": ""64.0°"", ""E Seat Tube Angle"": ""73.8°"", ""E Seat Tube Angle Effective"": ""76.0°"", ""F Standover (cm)"": ""74.0"", ""G Head Tube Length (cm)"": ""13.0"", ""H Wheelbase (cm)"": ""123.5"", ""I Front Center (cm)"": ""80.1"", ""J Chain Stay Length (cm)"": ""44.0"", ""K Bottom Bracket Drop (cm)"": ""5.5"", ""L Bottom Bracket Height (cm)"": ""32.5"", ""M Fork Rake (cm)"": ""4.4"", ""N Trail (cm)"": ""13.2"", ""O Stack (cm)"": ""65.3"", ""P Reach (cm)"": ""46.5""}",1549,false,https://www.cannondale.com/es-es/bikes/mountain/trail-bikes/habit-ht/habit-ht-1,https://www.cannondale.com/-/media/images/my23/bikes/mountain/trail/habit-ht/c23_habitht_geotable.ashx,vision,2026-10-05
Cannondale,Habit HT [88199a4d],Habit HT 1,2025,mtb,XL,XL,,,,,,662,500,"{""Wheel Size"": ""29\"""", ""A Seat Tube Length (cm)"": ""48.0"", ""B Top Tube Horizontal (cm)"": ""66.5"", ""C Top Tube Actual (cm)"": ""62.9"", ""D Head Tube Angle"": ""64.0°"", ""E Seat Tube Angle"": ""72.7°"", ""E Seat Tube Angle Effective"": ""76.0°"", ""F Standover (cm)"": ""76.0"", ""G Head Tube Length (cm)"": ""14.0"", ""H Wheelbase (cm)"": ""127.5"", ""I Front Center (cm)"": ""84.0"", ""J Chain Stay Length (cm)"": ""44.0"", ""K Bottom Bracket Drop (cm)"": ""5.5"", ""L Bottom Bracket Height (cm)"": ""32.5"", ""M Fork Rake (cm)"": ""4.4"", ""N Trail (cm)"": ""13.2"", ""O Stack (cm)"": ""66.2"", ""P Reach (cm)"": ""50.0""}",1549,false,https://www.cannondale.com/es-es/bikes/mountain/trail-bikes/habit-ht/habit-ht-1,https://www.cannondale.com/-/media/images/my23/bikes/mountain/trail/habit-ht/c23_habitht_geotable.ashx,vision,2026-10-05
Cannondale,Habit HT [88199a4d],Habit HT 2,2025,mtb,SM,,,,,,,634,415,"{""Wheel Size"": ""29\"""", ""A Seat Tube Length (cm)"": ""38.0"", ""B Top Tube Horizontal (cm)"": ""57.3"", ""C Top Tube Actual (cm)"": ""56.9"", ""D Head Tube Angle"": ""64.0°"", ""E Seat Tube Angle"": ""75.4°"", ""E Seat Tube Angle Effective"": ""76.0°"", ""F Standover (cm)"": ""71.0"", ""G Head Tube Length (cm)"": ""11.0"", ""H Wheelbase (cm)"": ""117.7"", ""I Front Center (cm)"": ""74.2"", ""J Chain Stay Length (cm)"": ""44.0"", ""K Bottom Bracket Drop (cm)"": ""5.5"", ""L Bottom Bracket Height (cm)"": ""32.5"", ""M Fork Rake (cm)"": ""4.4"", ""N Trail (cm)"": ""13.2"", ""O Stack (cm)"": ""63.4"", ""P Reach (cm)"": ""41.5""}",1149,false,https://www.cannondale.com/es-es/bikes/mountain/trail-bikes/habit-ht/habit-ht-2,https://www.cannondale.com/-/media/images/my23/bikes/mountain/trail/habit-ht/c23_habitht_geotable.ashx,vision,2026-10-05
Cannondale,Habit HT [88199a4d],Habit HT 2,2025,mtb,MD,,,,,,,643,440,"{""Wheel Size"": ""29\"""", ""A Seat Tube Length (cm)"": ""40.0"", ""B Top Tube Horizontal (cm)"": ""60.0"", ""C Top Tube Actual (cm)"": ""58.9"", ""D Head Tube Angle"": ""64.0°"", ""E Seat Tube Angle"": ""75.0°"", ""E Seat Tube Angle Effective"": ""76.0°"", ""F Standover (cm)"": ""73.0"", ""G Head Tube Length (cm)"": ""12.0"", ""H Wheelbase (cm)"": ""120.6"", ""I Front Center (cm)"": ""77.1"", ""J Chain Stay Length (cm)"": ""44.0"", ""K Bottom Bracket Drop (cm)"": ""5.5"", ""L Bottom Bracket Height (cm)"": ""32.5"", ""M Fork Rake (cm)"": ""4.4"", ""N Trail (cm)"": ""13.2"", ""O Stack (cm)"": ""64.3"", ""P Reach (cm)"": ""44.0""}",1149,false,https://www.cannondale.com/es-es/bikes/mountain/trail-bikes/habit-ht/habit-ht-2,https://www.cannondale.com/-/media/images/my23/bikes/mountain/trail/habit-ht/c23_habitht_geotable.ashx,vision,2026-10-05
Cannondale,Habit HT [88199a4d],Habit HT 2,2025,mtb,LG,,,,,,,653,465,"{""Wheel Size"": ""29\"""", ""A Seat Tube Length (cm)"": ""44.0"", ""B Top Tube Horizontal (cm)"": ""62.8"", ""C Top Tube Actual (cm)"": ""60.3"", ""D Head Tube Angle"": ""64.0°"", ""E Seat Tube Angle"": ""73.8°"", ""E Seat Tube Angle Effective"": ""76.0°"", ""F Standover (cm)"": ""74.0"", ""G Head Tube Length (cm)"": ""13.0"", ""H Wheelbase (cm)"": ""123.5"", ""I Front Center (cm)"": ""80.1"", ""J Chain Stay Length (cm)"": ""44.0"", ""K Bottom Bracket Drop (cm)"": ""5.5"", ""L Bottom Bracket Height (cm)"": ""32.5"", ""M Fork Rake (cm)"": ""4.4"", ""N Trail (cm)"": ""13.2"", ""O Stack (cm)"": ""65.3"", ""P Reach (cm)"": ""46.5""}",1149,false,https://www.cannondale.com/es-es/bikes/mountain/trail-bikes/habit-ht/habit-ht-2,https://www.cannondale.com/-/media/images/my23/bikes/mountain/trail/habit-ht/c23_habitht_geotable.ashx,vision,2026-10-05
Cannondale,Habit HT [88199a4d],Habit HT 2,2025,mtb,XL,XL,,,,,,662,500,"{""Wheel Size"": ""29\"""", ""A Seat Tube Length (cm)"": ""48.0"", ""B Top Tube Horizontal (cm)"": ""66.5"", ""C Top Tube Actual (cm)"": ""62.9"", ""D Head Tube Angle"": ""64.0°"", ""E Seat Tube Angle"": ""72.7°"", ""E Seat Tube Angle Effective"": ""76.0°"", ""F Standover (cm)"": ""76.0"", ""G Head Tube Length (cm)"": ""14.0"", ""H Wheelbase (cm)"": ""127.5"", ""I Front Center (cm)"": ""84.0"", ""J Chain Stay Length (cm)"": ""44.0"", ""K Bottom Bracket Drop (cm)"": ""5.5"", ""L Bottom Bracket Height (cm)"": ""32.5"", ""M Fork Rake (cm)"": ""4.4"", ""N Trail (cm)"": ""13.2"", ""O Stack (cm)"": ""66.2"", ""P Reach (cm)"": ""50.0""}",1149,false,https://www.cannondale.com/es-es/bikes/mountain/trail-bikes/habit-ht/habit-ht-2,https://www.cannondale.com/-/media/images/my23/bikes/mountain/trail/habit-ht/c23_habitht_geotable.ashx,vision,2026-10-05
Cannondale,Trail [458f2646],Trail 5,,mtb,"XS (27.5"")",XS,,,,,,573,365,"{""A Seat Tube Length (cm)"": ""33.0"", ""B Top Tube Horizontal (cm)"": ""53.5"", ""C Top Tube Actual (cm)"": ""N/A"", ""D Head Tube Angle"": ""68.0°"", ""E Seat Tube Angle"": ""73.5°"", ""F Standover (cm)"": ""67.3"", ""G Head Tube Length (cm)"": ""9.5"", ""H Wheelbase (cm)"": ""105.4"", ""I Front Center (cm)"": ""62.1"", ""J Chain Stay Length (cm)"": ""44.0"", ""K Bottom Bracket Drop (cm)"": ""6.0"", ""L Bottom Bracket Height (cm)"": ""29.3"", ""M Fork Rake (cm)"": ""4.2"", ""N Trail (cm)"": ""9.7"", ""O Stack (cm)"": ""57.3"", ""P Reach (cm)"": ""36.5""}",899,false,https://www.cannondale.com/es-es/bikes/mountain/trail-bikes/trail/trail-5-smu,https://www.cannondale.com/-/media/images/my21/bikes/mountain/trail-bikes/trail/pdp/trail/trail_5_8_geo_table.ashx,vision,2026-10-05
Cannondale,Trail [458f2646],Trail 5,,mtb,"SM (27.5"")",,,,,,,591,402,"{""A Seat Tube Length (cm)"": ""38.1"", ""B Top Tube Horizontal (cm)"": ""57.7"", ""C Top Tube Actual (cm)"": ""N/A"", ""D Head Tube Angle"": ""68.0°"", ""E Seat Tube Angle"": ""73.5°"", ""F Standover (cm)"": ""71.0"", ""G Head Tube Length (cm)"": ""9.5"", ""H Wheelbase (cm)"": ""109.8"", ""I Front Center (cm)"": ""66.5"", ""J Chain Stay Length (cm)"": ""44.0"", ""K Bottom Bracket Drop (cm)"": ""6.0"", ""L Bottom Bracket Height (cm)"": ""29.3"", ""M Fork Rake (cm)"": ""4.2"", ""N Trail (cm)"": ""9.7"", ""O Stack (cm)"": ""59.1"", ""P Reach (cm)"": ""40.2""}",899,false,https://www.cannondale.com/es-es/bikes/mountain/trail-bikes/trail/trail-5-smu,https://www.cannondale.com/-/media/images/my21/bikes/mountain/trail-bikes/trail/pdp/trail/trail_5_8_geo_table.ashx,vision,2026-10-05
Cannondale,Trail [458f2646],Trail 5,,mtb,"MD (29"")",,,,,,,623,425,"{""A Seat Tube Length (cm)"": ""43.2"", ""B Top Tube Horizontal (cm)"": ""60.9"", ""C Top Tube Actual (cm)"": ""N/A"", ""D Head Tube Angle"": ""68.0°"", ""E Seat Tube Angle"": ""73.5°"", ""F Standover (cm)"": ""76.8"", ""G Head Tube Length (cm)"": ""10.5"", ""H Wheelbase (cm)"": ""114.0"", ""I Front Center (cm)"": ""70.2"", ""J Chain Stay Length (cm)"": ""44.5"", ""K Bottom Bracket Drop (cm)"": ""6.5"", ""L Bottom Bracket Height (cm)"": ""30.7"", ""M Fork Rake (cm)"": ""4.6"", ""N Trail (cm)"": ""10.1"", ""O Stack (cm)"": ""62.3"", ""P Reach (cm)"": ""42.5""}",899,false,https://www.cannondale.com/es-es/bikes/mountain/trail-bikes/trail/trail-5-smu,https://www.cannondale.com/-/media/images/my21/bikes/mountain/trail-bikes/trail/pdp/trail/trail_5_8_geo_table.ashx,vision,2026-10-05
Cannondale,Trail [458f2646],Trail 5,,mtb,"LG (29"")",,,,,,,632,447,"{""A Seat Tube Length (cm)"": ""47.0"", ""B Top Tube Horizontal (cm)"": ""63.4"", ""C Top Tube Actual (cm)"": ""N/A"", ""D Head Tube Angle"": ""68.0°"", ""E Seat Tube Angle"": ""73.5°"", ""F Standover (cm)"": ""79.5"", ""G Head Tube Length (cm)"": ""11.5"", ""H Wheelbase (cm)"": ""116.6"", ""I Front Center (cm)"": ""72.8"", ""J Chain Stay Length (cm)"": ""44.5"", ""K Bottom Bracket Drop (cm)"": ""6.5"", ""L Bottom Bracket Height (cm)"": ""30.7"", ""M Fork Rake (cm)"": ""4.6"", ""N Trail (cm)"": ""10.1"", ""O Stack (cm)"": ""63.2"", ""P Reach (cm)"": ""44.7""}",899,false,https://www.cannondale.com/es-es/bikes/mountain/trail-bikes/trail/trail-5-smu,https://www.cannondale.com/-/media/images/my21/bikes/mountain/trail-bikes/trail/pdp/trail/trail_5_8_geo_table.ashx,vision,2026-10-05
Cannondale,Trail [458f2646],Trail 5,,mtb,"XL (29"")",XL,,,,,,641,469,"{""A Seat Tube Length (cm)"": ""53.3"", ""B Top Tube Horizontal (cm)"": ""65.9"", ""C Top Tube Actual (cm)"": ""N/A"", ""D Head Tube Angle"": ""68.0°"", ""E Seat Tube Angle"": ""73.5°"", ""F Standover (cm)"": ""83.9"", ""G Head Tube Length (cm)"": ""12.5"", ""H Wheelbase (cm)"": ""119.2"", ""I Front Center (cm)"": ""75.4"", ""J Chain Stay Length (cm)"": ""44.5"", ""K Bottom Bracket Drop (cm)"": ""6.5"", ""L Bottom Bracket Height (cm)"": ""30.7"", ""M Fork Rake (cm)"": ""4.6"", ""N Trail (cm)"": ""10.1"", ""O Stack (cm)"": ""64.1"", ""P Reach (cm)"": ""46.9""}",899,false,https://www.cannondale.com/es-es/bikes/mountain/trail-bikes/trail/trail-5-smu,https://www.cannondale.com/-/media/images/my21/bikes/mountain/trail-bikes/trail/pdp/trail/trail_5_8_geo_table.ashx,vision,2026-10-05
Cannondale,Trail [458f2646],Trail 1,2025,mtb,"XS (27.5"")",XS,,,,,,573,365,"{""A Seat Tube Length (cm)"": ""33.0"", ""B Top Tube Horizontal (cm)"": ""53.5"", ""C Top Tube Actual (cm)"": ""N/A"", ""D Head Tube Angle"": ""68.0°"", ""E Seat Tube Angle"": ""73.5°"", ""F Standover (cm)"": ""67.3"", ""G Head Tube Length (cm)"": ""9.5"", ""H Wheelbase (cm)"": ""105.4"", ""I Front Center (cm)"": ""62.1"", ""J Chain Stay Length (cm)"": ""44.0"", ""K Bottom Bracket Drop (cm)"": ""6.0"", ""L Bottom Bracket Height (cm)"": ""29.3"", ""M Fork Rake (cm)"": ""4.2"", ""N Trail (cm)"": ""9.7"", ""O Stack (cm)"": ""57.3"", ""P Reach (cm)"": ""36.5""}",849,false,https://www.cannondale.com/es-es/bikes/mountain/trail-bikes/trail/trail-1,https://www.cannondale.com/-/media/images/my25/bikes/mountain/trail-bikes/trail/pdps/cy25_trail_geo.ashx,vision,2026-10-05
Cannondale,Trail [458f2646],Trail 1,2025,mtb,"SM (27.5"")",,,,,,,591,402,"{""A Seat Tube Length (cm)"": ""38.1"", ""B Top Tube Horizontal (cm)"": ""57.7"", ""C Top Tube Actual (cm)"": ""N/A"", ""D Head Tube Angle"": ""68.0°"", ""E Seat Tube Angle"": ""73.5°"", ""F Standover (cm)"": ""71.0"", ""G Head Tube Length (cm)"": ""9.5"", ""H Wheelbase (cm)"": ""109.8"", ""I Front Center (cm)"": ""66.5"", ""J Chain Stay Length (cm)"": ""44.0"", ""K Bottom Bracket Drop (cm)"": ""6.0"", ""L Bottom Bracket Height (cm)"": ""29.3"", ""M Fork Rake (cm)"": ""4.2"", ""N Trail (cm)"": ""9.7"", ""O Stack (cm)"": ""59.1"", ""P Reach (cm)"": ""40.2""}",849,false,https://www.cannondale.com/es-es/bikes/mountain/trail-bikes/trail/trail-1,https://www.cannondale.com/-/media/images/my25/bikes/mountain/trail-bikes/trail/pdps/cy25_trail_geo.ashx,vision,2026-10-05
Cannondale,Trail [458f2646],Trail 1,2025,mtb,"MD (29"")",,,,,,,623,425,"{""A Seat Tube Length (cm)"": ""43.2"", ""B Top Tube Horizontal (cm)"": ""60.9"", ""C Top Tube Actual (cm)"": ""N/A"", ""D Head Tube Angle"": ""68.0°"", ""E Seat Tube Angle"": ""73.5°"", ""F Standover (cm)"": ""76.8"", ""G Head Tube Length (cm)"": ""10.5"", ""H Wheelbase (cm)"": ""114.0"", ""I Front Center (cm)"": ""70.2"", ""J Chain Stay Length (cm)"": ""44.5"", ""K Bottom Bracket Drop (cm)"": ""6.5"", ""L Bottom Bracket Height (cm)"": ""30.7"", ""M Fork Rake (cm)"": ""4.6"", ""N Trail (cm)"": ""10.1"", ""O Stack (cm)"": ""62.3"", ""P Reach (cm)"": ""42.5""}",849,false,https://www.cannondale.com/es-es/bikes/mountain/trail-bikes/trail/trail-1,https://www.cannondale.com/-/media/images/my25/bikes/mountain/trail-bikes/trail/pdps/cy25_trail_geo.ashx,vision,2026-10-05
Cannondale,Trail [458f2646],Trail 1,2025,mtb,"LG (29"")",,,,,,,632,447,"{""A Seat Tube Length (cm)"": ""47.0"", ""B Top Tube Horizontal (cm)"": ""63.4"", ""C Top Tube Actual (cm)"": ""N/A"", ""D Head Tube Angle"": ""68.0°"", ""E Seat Tube Angle"": ""73.5°"", ""F Standover (cm)"": ""79.5"", ""G Head Tube Length (cm)"": ""11.5"", ""H Wheelbase (cm)"": ""116.6"", ""I Front Center (cm)"": ""72.8"", ""J Chain Stay Length (cm)"": ""44.5"", ""K Bottom Bracket Drop (cm)"": ""6.5"", ""L Bottom Bracket Height (cm)"": ""30.7"", ""M Fork Rake (cm)"": ""4.6"", ""N Trail (cm)"": ""10.1"", ""O Stack (cm)"": ""63.2"", ""P Reach (cm)"": ""44.7""}",849,false,https://www.cannondale.com/es-es/bikes/mountain/trail-bikes/trail/trail-1,https://www.cannondale.com/-/media/images/my25/bikes/mountain/trail-bikes/trail/pdps/cy25_trail_geo.ashx,vision,2026-10-05
Cannondale,Trail [458f2646],Trail 1,2025,mtb,"XL (29"")",XL,,,,,,641,469,"{""A Seat Tube Length (cm)"": ""53.3"", ""B Top Tube Horizontal (cm)"": ""65.9"", ""C Top Tube Actual (cm)"": ""N/A"", ""D Head Tube Angle"": ""68.0°"", ""E Seat Tube Angle"": ""73.5°"", ""F Standover (cm)"": ""83.9"", ""G Head Tube Length (cm)"": ""12.5"", ""H Wheelbase (cm)"": ""119.2"", ""I Front Center (cm)"": ""75.4"", ""J Chain Stay Length (cm)"": ""44.5"", ""K Bottom Bracket Drop (cm)"": ""6.5"", ""L Bottom Bracket Height (cm)"": ""30.7"", ""M Fork Rake (cm)"": ""4.6"", ""N Trail (cm)"": ""10.1"", ""O Stack (cm)"": ""64.1"", ""P Reach (cm)"": ""46.9""}",849,false,https://www.cannondale.com/es-es/bikes/mountain/trail-bikes/trail/trail-1,https://www.cannondale.com/-/media/images/my25/bikes/mountain/trail-bikes/trail/pdps/cy25_trail_geo.ashx,vision,2026-10-05
Cannondale,Trail [458f2646],Trail 7,,mtb,"XS (27.5"")",XS,,,,,,573,365,"{""A Seat Tube Length (cm)"": ""33.0"", ""B Top Tube Horizontal (cm)"": ""53.5"", ""C Top Tube Actual (cm)"": ""N/A"", ""D Head Tube Angle"": ""68.0°"", ""E Seat Tube Angle"": ""73.5°"", ""F Standover (cm)"": ""67.3"", ""G Head Tube Length (cm)"": ""9.5"", ""H Wheelbase (cm)"": ""105.4"", ""I Front Center (cm)"": ""62.1"", ""J Chain Stay Length (cm)"": ""44.0"", ""K Bottom Bracket Drop (cm)"": ""6.0"", ""L Bottom Bracket Height (cm)"": ""29.3"", ""M Fork Rake (cm)"": ""4.2"", ""N Trail (cm)"": ""9.7"", ""O Stack (cm)"": ""57.3"", ""P Reach (cm)"": ""36.5""}",699,false,https://www.cannondale.com/es-es/bikes/mountain/trail-bikes/trail/trail-7-smu,https://www.cannondale.com/-/media/images/my21/bikes/mountain/trail-bikes/trail/pdp/trail/trail_5_8_geo_table.ashx,vision,2026-10-05
Cannondale,Trail [458f2646],Trail 7,,mtb,"SM (27.5"")",,,,,,,591,402,"{""A Seat Tube Length (cm)"": ""38.1"", ""B Top Tube Horizontal (cm)"": ""57.7"", ""C Top Tube Actual (cm)"": ""N/A"", ""D Head Tube Angle"": ""68.0°"", ""E Seat Tube Angle"": ""73.5°"", ""F Standover (cm)"": ""71.0"", ""G Head Tube Length (cm)"": ""9.5"", ""H Wheelbase (cm)"": ""109.8"", ""I Front Center (cm)"": ""66.5"", ""J Chain Stay Length (cm)"": ""44.0"", ""K Bottom Bracket Drop (cm)"": ""6.0"", ""L Bottom Bracket Height (cm)"": ""29.3"", ""M Fork Rake (cm)"": ""4.2"", ""N Trail (cm)"": ""9.7"", ""O Stack (cm)"": ""59.1"", ""P Reach (cm)"": ""40.2""}",699,false,https://www.cannondale.com/es-es/bikes/mountain/trail-bikes/trail/trail-7-smu,https://www.cannondale.com/-/media/images/my21/bikes/mountain/trail-bikes/trail/pdp/trail/trail_5_8_geo_table.ashx,vision,2026-10-05
Cannondale,Trail [458f2646],Trail 7,,mtb,"MD (29"")",,,,,,,623,425,"{""A Seat Tube Length (cm)"": ""43.2"", ""B Top Tube Horizontal (cm)"": ""60.9"", ""C Top Tube Actual (cm)"": ""N/A"", ""D Head Tube Angle"": ""68.0°"", ""E Seat Tube Angle"": ""73.5°"", ""F Standover (cm)"": ""76.8"", ""G Head Tube Length (cm)"": ""10.5"", ""H Wheelbase (cm)"": ""114.0"", ""I Front Center (cm)"": ""70.2"", ""J Chain Stay Length (cm)"": ""44.5"", ""K Bottom Bracket Drop (cm)"": ""6.5"", ""L Bottom Bracket Height (cm)"": ""30.7"", ""M Fork Rake (cm)"": ""4.6"", ""N Trail (cm)"": ""10.1"", ""O Stack (cm)"": ""62.3"", ""P Reach (cm)"": ""42.5""}",699,false,https://www.cannondale.com/es-es/bikes/mountain/trail-bikes/trail/trail-7-smu,https://www.cannondale.com/-/media/images/my21/bikes/mountain/trail-bikes/trail/pdp/trail/trail_5_8_geo_table.ashx,vision,2026-10-05
Cannondale,Trail [458f2646],Trail 7,,mtb,"LG (29"")",,,,,,,632,447,"{""A Seat Tube Length (cm)"": ""47.0"", ""B Top Tube Horizontal (cm)"": ""63.4"", ""C Top Tube Actual (cm)"": ""N/A"", ""D Head Tube Angle"": ""68.0°"", ""E Seat Tube Angle"": ""73.5°"", ""F Standover (cm)"": ""79.5"", ""G Head Tube Length (cm)"": ""11.5"", ""H Wheelbase (cm)"": ""116.6"", ""I Front Center (cm)"": ""72.8"", ""J Chain Stay Length (cm)"": ""44.5"", ""K Bottom Bracket Drop (cm)"": ""6.5"", ""L Bottom Bracket Height (cm)"": ""30.7"", ""M Fork Rake (cm)"": ""4.6"", ""N Trail (cm)"": ""10.1"", ""O Stack (cm)"": ""63.2"", ""P Reach (cm)"": ""44.7""}",699,false,https://www.cannondale.com/es-es/bikes/mountain/trail-bikes/trail/trail-7-smu,https://www.cannondale.com/-/media/images/my21/bikes/mountain/trail-bikes/trail/pdp/trail/trail_5_8_geo_table.ashx,vision,2026-10-05
Cannondale,Trail [458f2646],Trail 7,,mtb,"XL (29"")",XL,,,,,,641,469,"{""A Seat Tube Length (cm)"": ""53.3"", ""B Top Tube Horizontal (cm)"": ""65.9"", ""C Top Tube Actual (cm)"": ""N/A"", ""D Head Tube Angle"": ""68.0°"", ""E Seat Tube Angle"": ""73.5°"", ""F Standover (cm)"": ""83.9"", ""G Head Tube Length (cm)"": ""12.5"", ""H Wheelbase (cm)"": ""119.2"", ""I Front Center (cm)"": ""75.4"", ""J Chain Stay Length (cm)"": ""44.5"", ""K Bottom Bracket Drop (cm)"": ""6.5"", ""L Bottom Bracket Height (cm)"": ""30.7"", ""M Fork Rake (cm)"": ""4.6"", ""N Trail (cm)"": ""10.1"", ""O Stack (cm)"": ""64.1"", ""P Reach (cm)"": ""46.9""}",699,false,https://www.cannondale.com/es-es/bikes/mountain/trail-bikes/trail/trail-7-smu,https://www.cannondale.com/-/media/images/my21/bikes/mountain/trail-bikes/trail/pdp/trail/trail_5_8_geo_table.ashx,vision,2026-10-05
Cannondale,Trail [458f2646],Trail 2,2025,mtb,"XS (27.5"")",XS,,,,,,573,365,"{""A Seat Tube Length (cm)"": ""33.0"", ""B Top Tube Horizontal (cm)"": ""53.5"", ""C Top Tube Actual (cm)"": ""N/A"", ""D Head Tube Angle"": ""68.0°"", ""E Seat Tube Angle"": ""73.5°"", ""F Standover (cm)"": ""67.3"", ""G Head Tube Length (cm)"": ""9.5"", ""H Wheelbase (cm)"": ""105.4"", ""I Front Center (cm)"": ""62.1"", ""J Chain Stay Length (cm)"": ""44.0"", ""K Bottom Bracket Drop (cm)"": ""6.0"", ""L Bottom Bracket Height (cm)"": ""29.3"", ""M Fork Rake (cm)"": ""4.2"", ""N Trail (cm)"": ""9.7"", ""O Stack (cm)"": ""57.3"", ""P Reach (cm)"": ""36.5""}",649,false,https://www.cannondale.com/es-es/bikes/mountain/trail-bikes/trail/trail-2,https://www.cannondale.com/-/media/images/my25/bikes/mountain/trail-bikes/trail/pdps/cy25_trail_geo.ashx,vision,2026-10-05
Cannondale,Trail [458f2646],Trail 2,2025,mtb,"SM (27.5"")",,,,,,,591,402,"{""A Seat Tube Length (cm)"": ""38.1"", ""B Top Tube Horizontal (cm)"": ""57.7"", ""C Top Tube Actual (cm)"": ""N/A"", ""D Head Tube Angle"": ""68.0°"", ""E Seat Tube Angle"": ""73.5°"", ""F Standover (cm)"": ""71.0"", ""G Head Tube Length (cm)"": ""9.5"", ""H Wheelbase (cm)"": ""109.8"", ""I Front Center (cm)"": ""66.5"", ""J Chain Stay Length (cm)"": ""44.0"", ""K Bottom Bracket Drop (cm)"": ""6.0"", ""L Bottom Bracket Height (cm)"": ""29.3"", ""M Fork Rake (cm)"": ""4.2"", ""N Trail (cm)"": ""9.7"", ""O Stack (cm)"": ""59.1"", ""P Reach (cm)"": ""40.2""}",649,false,https://www.cannondale.com/es-es/bikes/mountain/trail-bikes/trail/trail-2,https://www.cannondale.com/-/media/images/my25/bikes/mountain/trail-bikes/trail/pdps/cy25_trail_geo.ashx,vision,2026-10-05
Cannondale,Trail [458f2646],Trail 2,2025,mtb,"MD (29"")",,,,,,,623,425,"{""A Seat Tube Length (cm)"": ""43.2"", ""B Top Tube Horizontal (cm)"": ""60.9"", ""C Top Tube Actual (cm)"": ""N/A"", ""D Head Tube Angle"": ""68.0°"", ""E Seat Tube Angle"": ""73.5°"", ""F Standover (cm)"": ""76.8"", ""G Head Tube Length (cm)"": ""10.5"", ""H Wheelbase (cm)"": ""114.0"", ""I Front Center (cm)"": ""70.2"", ""J Chain Stay Length (cm)"": ""44.5"", ""K Bottom Bracket Drop (cm)"": ""6.5"", ""L Bottom Bracket Height (cm)"": ""30.7"", ""M Fork Rake (cm)"": ""4.6"", ""N Trail (cm)"": ""10.1"", ""O Stack (cm)"": ""62.3"", ""P Reach (cm)"": ""42.5""}",649,false,https://www.cannondale.com/es-es/bikes/mountain/trail-bikes/trail/trail-2,https://www.cannondale.com/-/media/images/my25/bikes/mountain/trail-bikes/trail/pdps/cy25_trail_geo.ashx,vision,2026-10-05
Cannondale,Trail [458f2646],Trail 2,2025,mtb,"LG (29"")",,,,,,,632,447,"{""A Seat Tube Length (cm)"": ""47.0"", ""B Top Tube Horizontal (cm)"": ""63.4"", ""C Top Tube Actual (cm)"": ""N/A"", ""D Head Tube Angle"": ""68.0°"", ""E Seat Tube Angle"": ""73.5°"", ""F Standover (cm)"": ""79.5"", ""G Head Tube Length (cm)"": ""11.5"", ""H Wheelbase (cm)"": ""116.6"", ""I Front Center (cm)"": ""72.8"", ""J Chain Stay Length (cm)"": ""44.5"", ""K Bottom Bracket Drop (cm)"": ""6.5"", ""L Bottom Bracket Height (cm)"": ""30.7"", ""M Fork Rake (cm)"": ""4.6"", ""N Trail (cm)"": ""10.1"", ""O Stack (cm)"": ""63.2"", ""P Reach (cm)"": ""44.7""}",649,false,https://www.cannondale.com/es-es/bikes/mountain/trail-bikes/trail/trail-2,https://www.cannondale.com/-/media/images/my25/bikes/mountain/trail-bikes/trail/pdps/cy25_trail_geo.ashx,vision,2026-10-05
Cannondale,Trail [458f2646],Trail 2,2025,mtb,"XL (29"")",XL,,,,,,641,469,"{""A Seat Tube Length (cm)"": ""53.3"", ""B Top Tube Horizontal (cm)"": ""65.9"", ""C Top Tube Actual (cm)"": ""N/A"", ""D Head Tube Angle"": ""68.0°"", ""E Seat Tube Angle"": ""73.5°"", ""F Standover (cm)"": ""83.9"", ""G Head Tube Length (cm)"": ""12.5"", ""H Wheelbase (cm)"": ""119.2"", ""I Front Center (cm)"": ""75.4"", ""J Chain Stay Length (cm)"": ""44.5"", ""K Bottom Bracket Drop (cm)"": ""6.5"", ""L Bottom Bracket Height (cm)"": ""30.7"", ""M Fork Rake (cm)"": ""4.6"", ""N Trail (cm)"": ""10.1"", ""O Stack (cm)"": ""64.1"", ""P Reach (cm)"": ""46.9""}",649,false,https://www.cannondale.com/es-es/bikes/mountain/trail-bikes/trail/trail-2,https://www.cannondale.com/-/media/images/my25/bikes/mountain/trail-bikes/trail/pdps/cy25_trail_geo.ashx,vision,2026-10-05
