brand,family,model,model_year,category,size_label,size_normalized,size_cm,height_min,height_max,height_original,height_unit,stack,reach,geometry_raw,price_eur,price_is_from,product_url,source_url,extraction_method,loaded_at
Cube,Cube Litening AIR C:68X [c10592c6],Cube Litening AIR C:68X SLT,,carretera,50 cm,,50,,,,,514,389,"{""Tubo del sillín"": ""440"", ""Tubo Horizontal"": ""527"", ""Ángulo del asiento"": ""75°"", ""Ángulo del tubo de dirección"": ""72.2°"", ""Longitud de Vainas"": ""410"", ""Tubo de dirección"": ""107"", ""Distancia entre ejes"": ""981"", ""Altura del pedalier al eje del buje"": ""72"", ""Altura de proyección - 80mm"": ""723"", ""Reach"": ""389"", ""Stack"": ""514""}",7499,false,https://www.cube.eu/es-es/cube-litening-air-c-68x-slt-beamfibre-n-black/1134910,https://www.cube.eu/es-es/cube-litening-air-c-68x-slt-beamfibre-n-black/1134910,html,2026-10-05
Cube,Cube Litening AIR C:68X [c10592c6],Cube Litening AIR C:68X SLT,,carretera,52 cm,,52,,,,,524,389,"{""Tubo del sillín"": ""460"", ""Tubo Horizontal"": ""537"", ""Ángulo del asiento"": ""74.2°"", ""Ángulo del tubo de dirección"": ""72.5°"", ""Longitud de Vainas"": ""410"", ""Tubo de dirección"": ""117"", ""Distancia entre ejes"": ""981"", ""Altura del pedalier al eje del buje"": ""72"", ""Altura de proyección - 80mm"": ""739"", ""Reach"": ""389"", ""Stack"": ""524""}",7499,false,https://www.cube.eu/es-es/cube-litening-air-c-68x-slt-beamfibre-n-black/1134910,https://www.cube.eu/es-es/cube-litening-air-c-68x-slt-beamfibre-n-black/1134910,html,2026-10-05
Cube,Cube Litening AIR C:68X [c10592c6],Cube Litening AIR C:68X SLT,,carretera,54 cm,,54,,,,,542,390,"{""Tubo del sillín"": ""480"", ""Tubo Horizontal"": ""550"", ""Ángulo del asiento"": ""73.5°"", ""Ángulo del tubo de dirección"": ""73°"", ""Longitud de Vainas"": ""410"", ""Tubo de dirección"": ""137"", ""Distancia entre ejes"": ""984"", ""Altura del pedalier al eje del buje"": ""69"", ""Altura de proyección - 80mm"": ""760"", ""Reach"": ""390"", ""Stack"": ""542""}",7499,false,https://www.cube.eu/es-es/cube-litening-air-c-68x-slt-beamfibre-n-black/1134910,https://www.cube.eu/es-es/cube-litening-air-c-68x-slt-beamfibre-n-black/1134910,html,2026-10-05
Cube,Cube Litening AIR C:68X [c10592c6],Cube Litening AIR C:68X SLT,,carretera,56 cm,,56,,,,,563,398,"{""Tubo del sillín"": ""500"", ""Tubo Horizontal"": ""565"", ""Ángulo del asiento"": ""73.5°"", ""Ángulo del tubo de dirección"": ""73.5°"", ""Longitud de Vainas"": ""410"", ""Tubo de dirección"": ""157"", ""Distancia entre ejes"": ""995"", ""Altura del pedalier al eje del buje"": ""69"", ""Altura de proyección - 80mm"": ""780"", ""Reach"": ""398"", ""Stack"": ""563""}",7499,false,https://www.cube.eu/es-es/cube-litening-air-c-68x-slt-beamfibre-n-black/1134910,https://www.cube.eu/es-es/cube-litening-air-c-68x-slt-beamfibre-n-black/1134910,html,2026-10-05
Cube,Cube Litening AIR C:68X [c10592c6],Cube Litening AIR C:68X SLT,,carretera,58 cm,,58,,,,,580,403,"{""Tubo del sillín"": ""520"", ""Tubo Horizontal"": ""580"", ""Ángulo del asiento"": ""73°"", ""Ángulo del tubo de dirección"": ""73.5°"", ""Longitud de Vainas"": ""410"", ""Tubo de dirección"": ""177"", ""Distancia entre ejes"": ""1005"", ""Altura del pedalier al eje del buje"": ""67"", ""Altura de proyección - 80mm"": ""800"", ""Reach"": ""403"", ""Stack"": ""580""}",7499,false,https://www.cube.eu/es-es/cube-litening-air-c-68x-slt-beamfibre-n-black/1134910,https://www.cube.eu/es-es/cube-litening-air-c-68x-slt-beamfibre-n-black/1134910,html,2026-10-05
Cube,Cube Litening AIR C:68X [c10592c6],Cube Litening AIR C:68X SLT,,carretera,60 cm,,60,,,,,594,405,"{""Tubo del sillín"": ""540"", ""Tubo Horizontal"": ""592"", ""Ángulo del asiento"": ""72.5°"", ""Ángulo del tubo de dirección"": ""73.5°"", ""Longitud de Vainas"": ""410"", ""Tubo de dirección"": ""192"", ""Distancia entre ejes"": ""1011"", ""Altura del pedalier al eje del buje"": ""67"", ""Altura de proyección - 80mm"": ""817"", ""Reach"": ""405"", ""Stack"": ""594""}",7499,false,https://www.cube.eu/es-es/cube-litening-air-c-68x-slt-beamfibre-n-black/1134910,https://www.cube.eu/es-es/cube-litening-air-c-68x-slt-beamfibre-n-black/1134910,html,2026-10-05
Cube,Cube Litening AIR C:68X [c10592c6],Cube Litening AIR C:68X SLX,,carretera,50 cm,,50,,,,,514,389,"{""Tubo del sillín"": ""440"", ""Tubo Horizontal"": ""527"", ""Ángulo del asiento"": ""75°"", ""Ángulo del tubo de dirección"": ""72.2°"", ""Longitud de Vainas"": ""410"", ""Tubo de dirección"": ""107"", ""Distancia entre ejes"": ""981"", ""Altura del pedalier al eje del buje"": ""72"", ""Altura de proyección - 80mm"": ""723"", ""Reach"": ""389"", ""Stack"": ""514""}",7499,false,https://www.cube.eu/es-es/cube-litening-air-c-68x-slx-liquidblue-n-crisscross/1134600,https://www.cube.eu/es-es/cube-litening-air-c-68x-slx-liquidblue-n-crisscross/1134600,html,2026-10-05
Cube,Cube Litening AIR C:68X [c10592c6],Cube Litening AIR C:68X SLX,,carretera,52 cm,,52,,,,,524,389,"{""Tubo del sillín"": ""460"", ""Tubo Horizontal"": ""537"", ""Ángulo del asiento"": ""74.2°"", ""Ángulo del tubo de dirección"": ""72.5°"", ""Longitud de Vainas"": ""410"", ""Tubo de dirección"": ""117"", ""Distancia entre ejes"": ""981"", ""Altura del pedalier al eje del buje"": ""72"", ""Altura de proyección - 80mm"": ""739"", ""Reach"": ""389"", ""Stack"": ""524""}",7499,false,https://www.cube.eu/es-es/cube-litening-air-c-68x-slx-liquidblue-n-crisscross/1134600,https://www.cube.eu/es-es/cube-litening-air-c-68x-slx-liquidblue-n-crisscross/1134600,html,2026-10-05
Cube,Cube Litening AIR C:68X [c10592c6],Cube Litening AIR C:68X SLX,,carretera,54 cm,,54,,,,,542,390,"{""Tubo del sillín"": ""480"", ""Tubo Horizontal"": ""550"", ""Ángulo del asiento"": ""73.5°"", ""Ángulo del tubo de dirección"": ""73°"", ""Longitud de Vainas"": ""410"", ""Tubo de dirección"": ""137"", ""Distancia entre ejes"": ""984"", ""Altura del pedalier al eje del buje"": ""69"", ""Altura de proyección - 80mm"": ""760"", ""Reach"": ""390"", ""Stack"": ""542""}",7499,false,https://www.cube.eu/es-es/cube-litening-air-c-68x-slx-liquidblue-n-crisscross/1134600,https://www.cube.eu/es-es/cube-litening-air-c-68x-slx-liquidblue-n-crisscross/1134600,html,2026-10-05
Cube,Cube Litening AIR C:68X [c10592c6],Cube Litening AIR C:68X SLX,,carretera,56 cm,,56,,,,,563,398,"{""Tubo del sillín"": ""500"", ""Tubo Horizontal"": ""565"", ""Ángulo del asiento"": ""73.5°"", ""Ángulo del tubo de dirección"": ""73.5°"", ""Longitud de Vainas"": ""410"", ""Tubo de dirección"": ""157"", ""Distancia entre ejes"": ""995"", ""Altura del pedalier al eje del buje"": ""69"", ""Altura de proyección - 80mm"": ""780"", ""Reach"": ""398"", ""Stack"": ""563""}",7499,false,https://www.cube.eu/es-es/cube-litening-air-c-68x-slx-liquidblue-n-crisscross/1134600,https://www.cube.eu/es-es/cube-litening-air-c-68x-slx-liquidblue-n-crisscross/1134600,html,2026-10-05
Cube,Cube Litening AIR C:68X [c10592c6],Cube Litening AIR C:68X SLX,,carretera,58 cm,,58,,,,,580,403,"{""Tubo del sillín"": ""520"", ""Tubo Horizontal"": ""580"", ""Ángulo del asiento"": ""73°"", ""Ángulo del tubo de dirección"": ""73.5°"", ""Longitud de Vainas"": ""410"", ""Tubo de dirección"": ""177"", ""Distancia entre ejes"": ""1005"", ""Altura del pedalier al eje del buje"": ""67"", ""Altura de proyección - 80mm"": ""800"", ""Reach"": ""403"", ""Stack"": ""580""}",7499,false,https://www.cube.eu/es-es/cube-litening-air-c-68x-slx-liquidblue-n-crisscross/1134600,https://www.cube.eu/es-es/cube-litening-air-c-68x-slx-liquidblue-n-crisscross/1134600,html,2026-10-05
Cube,Cube Litening AIR C:68X [c10592c6],Cube Litening AIR C:68X SLX,,carretera,60 cm,,60,,,,,594,405,"{""Tubo del sillín"": ""540"", ""Tubo Horizontal"": ""592"", ""Ángulo del asiento"": ""72.5°"", ""Ángulo del tubo de dirección"": ""73.5°"", ""Longitud de Vainas"": ""410"", ""Tubo de dirección"": ""192"", ""Distancia entre ejes"": ""1011"", ""Altura del pedalier al eje del buje"": ""67"", ""Altura de proyección - 80mm"": ""817"", ""Reach"": ""405"", ""Stack"": ""594""}",7499,false,https://www.cube.eu/es-es/cube-litening-air-c-68x-slx-liquidblue-n-crisscross/1134600,https://www.cube.eu/es-es/cube-litening-air-c-68x-slx-liquidblue-n-crisscross/1134600,html,2026-10-05
Cube,Cube Litening AIR C:68X [c10592c6],Cube Litening AIR C:68X Race,,carretera,50 cm,,50,,,,,514,389,"{""Tubo del sillín"": ""440"", ""Tubo Horizontal"": ""527"", ""Ángulo del asiento"": ""75°"", ""Ángulo del tubo de dirección"": ""72.2°"", ""Longitud de Vainas"": ""410"", ""Tubo de dirección"": ""107"", ""Distancia entre ejes"": ""981"", ""Altura del pedalier al eje del buje"": ""72"", ""Altura de proyección - 80mm"": ""723"", ""Reach"": ""389"", ""Stack"": ""514""}",5299,false,https://www.cube.eu/es-es/cube-litening-air-c-68x-race-blackpearl-n-black/1134300,https://www.cube.eu/es-es/cube-litening-air-c-68x-race-blackpearl-n-black/1134300,html,2026-10-05
Cube,Cube Litening AIR C:68X [c10592c6],Cube Litening AIR C:68X Race,,carretera,52 cm,,52,,,,,524,389,"{""Tubo del sillín"": ""460"", ""Tubo Horizontal"": ""537"", ""Ángulo del asiento"": ""74.2°"", ""Ángulo del tubo de dirección"": ""72.5°"", ""Longitud de Vainas"": ""410"", ""Tubo de dirección"": ""117"", ""Distancia entre ejes"": ""981"", ""Altura del pedalier al eje del buje"": ""72"", ""Altura de proyección - 80mm"": ""739"", ""Reach"": ""389"", ""Stack"": ""524""}",5299,false,https://www.cube.eu/es-es/cube-litening-air-c-68x-race-blackpearl-n-black/1134300,https://www.cube.eu/es-es/cube-litening-air-c-68x-race-blackpearl-n-black/1134300,html,2026-10-05
Cube,Cube Litening AIR C:68X [c10592c6],Cube Litening AIR C:68X Race,,carretera,54 cm,,54,,,,,542,390,"{""Tubo del sillín"": ""480"", ""Tubo Horizontal"": ""550"", ""Ángulo del asiento"": ""73.5°"", ""Ángulo del tubo de dirección"": ""73°"", ""Longitud de Vainas"": ""410"", ""Tubo de dirección"": ""137"", ""Distancia entre ejes"": ""984"", ""Altura del pedalier al eje del buje"": ""69"", ""Altura de proyección - 80mm"": ""760"", ""Reach"": ""390"", ""Stack"": ""542""}",5299,false,https://www.cube.eu/es-es/cube-litening-air-c-68x-race-blackpearl-n-black/1134300,https://www.cube.eu/es-es/cube-litening-air-c-68x-race-blackpearl-n-black/1134300,html,2026-10-05
Cube,Cube Litening AIR C:68X [c10592c6],Cube Litening AIR C:68X Race,,carretera,56 cm,,56,,,,,563,398,"{""Tubo del sillín"": ""500"", ""Tubo Horizontal"": ""565"", ""Ángulo del asiento"": ""73.5°"", ""Ángulo del tubo de dirección"": ""73.5°"", ""Longitud de Vainas"": ""410"", ""Tubo de dirección"": ""157"", ""Distancia entre ejes"": ""995"", ""Altura del pedalier al eje del buje"": ""69"", ""Altura de proyección - 80mm"": ""780"", ""Reach"": ""398"", ""Stack"": ""563""}",5299,false,https://www.cube.eu/es-es/cube-litening-air-c-68x-race-blackpearl-n-black/1134300,https://www.cube.eu/es-es/cube-litening-air-c-68x-race-blackpearl-n-black/1134300,html,2026-10-05
Cube,Cube Litening AIR C:68X [c10592c6],Cube Litening AIR C:68X Race,,carretera,58 cm,,58,,,,,580,403,"{""Tubo del sillín"": ""520"", ""Tubo Horizontal"": ""580"", ""Ángulo del asiento"": ""73°"", ""Ángulo del tubo de dirección"": ""73.5°"", ""Longitud de Vainas"": ""410"", ""Tubo de dirección"": ""177"", ""Distancia entre ejes"": ""1005"", ""Altura del pedalier al eje del buje"": ""67"", ""Altura de proyección - 80mm"": ""800"", ""Reach"": ""403"", ""Stack"": ""580""}",5299,false,https://www.cube.eu/es-es/cube-litening-air-c-68x-race-blackpearl-n-black/1134300,https://www.cube.eu/es-es/cube-litening-air-c-68x-race-blackpearl-n-black/1134300,html,2026-10-05
Cube,Cube Litening AIR C:68X [c10592c6],Cube Litening AIR C:68X Race,,carretera,60 cm,,60,,,,,594,405,"{""Tubo del sillín"": ""540"", ""Tubo Horizontal"": ""592"", ""Ángulo del asiento"": ""72.5°"", ""Ángulo del tubo de dirección"": ""73.5°"", ""Longitud de Vainas"": ""410"", ""Tubo de dirección"": ""192"", ""Distancia entre ejes"": ""1011"", ""Altura del pedalier al eje del buje"": ""67"", ""Altura de proyección - 80mm"": ""817"", ""Reach"": ""405"", ""Stack"": ""594""}",5299,false,https://www.cube.eu/es-es/cube-litening-air-c-68x-race-blackpearl-n-black/1134300,https://www.cube.eu/es-es/cube-litening-air-c-68x-race-blackpearl-n-black/1134300,html,2026-10-05
Cube,Cube Litening AIR C:68X [c10592c6],Cube Litening AIR C:68X Pro,,carretera,50 cm,,50,,,,,514,389,"{""Tubo del sillín"": ""440"", ""Tubo Horizontal"": ""527"", ""Ángulo del asiento"": ""75°"", ""Ángulo del tubo de dirección"": ""72.2°"", ""Longitud de Vainas"": ""410"", ""Tubo de dirección"": ""107"", ""Distancia entre ejes"": ""981"", ""Altura del pedalier al eje del buje"": ""72"", ""Altura de proyección - 80mm"": ""723"", ""Reach"": ""389"", ""Stack"": ""514""}",4999,false,https://www.cube.eu/es-es/cube-litening-air-c-68x-pro-chalkyfibre-n-gold/1134200,https://www.cube.eu/es-es/cube-litening-air-c-68x-pro-chalkyfibre-n-gold/1134200,html,2026-10-05
Cube,Cube Litening AIR C:68X [c10592c6],Cube Litening AIR C:68X Pro,,carretera,52 cm,,52,,,,,524,389,"{""Tubo del sillín"": ""460"", ""Tubo Horizontal"": ""537"", ""Ángulo del asiento"": ""74.2°"", ""Ángulo del tubo de dirección"": ""72.5°"", ""Longitud de Vainas"": ""410"", ""Tubo de dirección"": ""117"", ""Distancia entre ejes"": ""981"", ""Altura del pedalier al eje del buje"": ""72"", ""Altura de proyección - 80mm"": ""739"", ""Reach"": ""389"", ""Stack"": ""524""}",4999,false,https://www.cube.eu/es-es/cube-litening-air-c-68x-pro-chalkyfibre-n-gold/1134200,https://www.cube.eu/es-es/cube-litening-air-c-68x-pro-chalkyfibre-n-gold/1134200,html,2026-10-05
Cube,Cube Litening AIR C:68X [c10592c6],Cube Litening AIR C:68X Pro,,carretera,54 cm,,54,,,,,542,390,"{""Tubo del sillín"": ""480"", ""Tubo Horizontal"": ""550"", ""Ángulo del asiento"": ""73.5°"", ""Ángulo del tubo de dirección"": ""73°"", ""Longitud de Vainas"": ""410"", ""Tubo de dirección"": ""137"", ""Distancia entre ejes"": ""984"", ""Altura del pedalier al eje del buje"": ""69"", ""Altura de proyección - 80mm"": ""760"", ""Reach"": ""390"", ""Stack"": ""542""}",4999,false,https://www.cube.eu/es-es/cube-litening-air-c-68x-pro-chalkyfibre-n-gold/1134200,https://www.cube.eu/es-es/cube-litening-air-c-68x-pro-chalkyfibre-n-gold/1134200,html,2026-10-05
Cube,Cube Litening AIR C:68X [c10592c6],Cube Litening AIR C:68X Pro,,carretera,56 cm,,56,,,,,563,398,"{""Tubo del sillín"": ""500"", ""Tubo Horizontal"": ""565"", ""Ángulo del asiento"": ""73.5°"", ""Ángulo del tubo de dirección"": ""73.5°"", ""Longitud de Vainas"": ""410"", ""Tubo de dirección"": ""157"", ""Distancia entre ejes"": ""995"", ""Altura del pedalier al eje del buje"": ""69"", ""Altura de proyección - 80mm"": ""780"", ""Reach"": ""398"", ""Stack"": ""563""}",4999,false,https://www.cube.eu/es-es/cube-litening-air-c-68x-pro-chalkyfibre-n-gold/1134200,https://www.cube.eu/es-es/cube-litening-air-c-68x-pro-chalkyfibre-n-gold/1134200,html,2026-10-05
Cube,Cube Litening AIR C:68X [c10592c6],Cube Litening AIR C:68X Pro,,carretera,58 cm,,58,,,,,580,403,"{""Tubo del sillín"": ""520"", ""Tubo Horizontal"": ""580"", ""Ángulo del asiento"": ""73°"", ""Ángulo del tubo de dirección"": ""73.5°"", ""Longitud de Vainas"": ""410"", ""Tubo de dirección"": ""177"", ""Distancia entre ejes"": ""1005"", ""Altura del pedalier al eje del buje"": ""67"", ""Altura de proyección - 80mm"": ""800"", ""Reach"": ""403"", ""Stack"": ""580""}",4999,false,https://www.cube.eu/es-es/cube-litening-air-c-68x-pro-chalkyfibre-n-gold/1134200,https://www.cube.eu/es-es/cube-litening-air-c-68x-pro-chalkyfibre-n-gold/1134200,html,2026-10-05
Cube,Cube Litening AIR C:68X [c10592c6],Cube Litening AIR C:68X Pro,,carretera,60 cm,,60,,,,,594,405,"{""Tubo del sillín"": ""540"", ""Tubo Horizontal"": ""592"", ""Ángulo del asiento"": ""72.5°"", ""Ángulo del tubo de dirección"": ""73.5°"", ""Longitud de Vainas"": ""410"", ""Tubo de dirección"": ""192"", ""Distancia entre ejes"": ""1011"", ""Altura del pedalier al eje del buje"": ""67"", ""Altura de proyección - 80mm"": ""817"", ""Reach"": ""405"", ""Stack"": ""594""}",4999,false,https://www.cube.eu/es-es/cube-litening-air-c-68x-pro-chalkyfibre-n-gold/1134200,https://www.cube.eu/es-es/cube-litening-air-c-68x-pro-chalkyfibre-n-gold/1134200,html,2026-10-05
Cube,Cube Litening AERO C:68X [40edd974],Cube Litening AERO C:68X SLT,,carretera,50 cm,,50,,,,,514,389,"{""Tubo del sillín"": ""460"", ""Tubo Horizontal"": ""527"", ""Ángulo del asiento"": ""75°"", ""Ángulo del tubo de dirección"": ""72.2°"", ""Longitud de Vainas"": ""410"", ""Tubo de dirección"": ""110"", ""Distancia entre ejes"": ""981"", ""Altura del pedalier al eje del buje"": ""72"", ""Altura de proyección - 80mm"": ""747"", ""Reach"": ""389"", ""Stack"": ""514""}",7299,false,https://www.cube.eu/es-es/cube-litening-aero-c-68x-slt-slategrey-n-prizm/1133900,https://www.cube.eu/es-es/cube-litening-aero-c-68x-slt-slategrey-n-prizm/1133900,html,2026-10-05
Cube,Cube Litening AERO C:68X [40edd974],Cube Litening AERO C:68X SLT,,carretera,52 cm,,52,,,,,524,389,"{""Tubo del sillín"": ""480"", ""Tubo Horizontal"": ""537"", ""Ángulo del asiento"": ""74.2°"", ""Ángulo del tubo de dirección"": ""74.2°"", ""Longitud de Vainas"": ""410"", ""Tubo de dirección"": ""120"", ""Distancia entre ejes"": ""981"", ""Altura del pedalier al eje del buje"": ""72"", ""Altura de proyección - 80mm"": ""762"", ""Reach"": ""389"", ""Stack"": ""524""}",7299,false,https://www.cube.eu/es-es/cube-litening-aero-c-68x-slt-slategrey-n-prizm/1133900,https://www.cube.eu/es-es/cube-litening-aero-c-68x-slt-slategrey-n-prizm/1133900,html,2026-10-05
Cube,Cube Litening AERO C:68X [40edd974],Cube Litening AERO C:68X SLT,,carretera,54 cm,,54,,,,,542,389,"{""Tubo del sillín"": ""500"", ""Tubo Horizontal"": ""550"", ""Ángulo del asiento"": ""73.5°"", ""Ángulo del tubo de dirección"": ""73°"", ""Longitud de Vainas"": ""410"", ""Tubo de dirección"": ""140"", ""Distancia entre ejes"": ""984"", ""Altura del pedalier al eje del buje"": ""69"", ""Altura de proyección - 80mm"": ""784"", ""Reach"": ""389"", ""Stack"": ""542""}",7299,false,https://www.cube.eu/es-es/cube-litening-aero-c-68x-slt-slategrey-n-prizm/1133900,https://www.cube.eu/es-es/cube-litening-aero-c-68x-slt-slategrey-n-prizm/1133900,html,2026-10-05
Cube,Cube Litening AERO C:68X [40edd974],Cube Litening AERO C:68X SLT,,carretera,56 cm,,56,,,,,563,398,"{""Tubo del sillín"": ""520"", ""Tubo Horizontal"": ""565"", ""Ángulo del asiento"": ""73.5°"", ""Ángulo del tubo de dirección"": ""73.5°"", ""Longitud de Vainas"": ""410"", ""Tubo de dirección"": ""160"", ""Distancia entre ejes"": ""995"", ""Altura del pedalier al eje del buje"": ""69"", ""Altura de proyección - 80mm"": ""804"", ""Reach"": ""398"", ""Stack"": ""563""}",7299,false,https://www.cube.eu/es-es/cube-litening-aero-c-68x-slt-slategrey-n-prizm/1133900,https://www.cube.eu/es-es/cube-litening-aero-c-68x-slt-slategrey-n-prizm/1133900,html,2026-10-05
Cube,Cube Litening AERO C:68X [40edd974],Cube Litening AERO C:68X SLT,,carretera,58 cm,,58,,,,,580,403,"{""Tubo del sillín"": ""540"", ""Tubo Horizontal"": ""580"", ""Ángulo del asiento"": ""73°"", ""Ángulo del tubo de dirección"": ""73.5°"", ""Longitud de Vainas"": ""410"", ""Tubo de dirección"": ""180"", ""Distancia entre ejes"": ""1005"", ""Altura del pedalier al eje del buje"": ""67"", ""Altura de proyección - 80mm"": ""824"", ""Reach"": ""403"", ""Stack"": ""580""}",7299,false,https://www.cube.eu/es-es/cube-litening-aero-c-68x-slt-slategrey-n-prizm/1133900,https://www.cube.eu/es-es/cube-litening-aero-c-68x-slt-slategrey-n-prizm/1133900,html,2026-10-05
Cube,Cube Litening AERO C:68X [40edd974],Cube Litening AERO C:68X SLT,,carretera,60 cm,,60,,,,,594,405,"{""Tubo del sillín"": ""560"", ""Tubo Horizontal"": ""592"", ""Ángulo del asiento"": ""72.5°"", ""Ángulo del tubo de dirección"": ""73.5°"", ""Longitud de Vainas"": ""410"", ""Tubo de dirección"": ""195"", ""Distancia entre ejes"": ""1011"", ""Altura del pedalier al eje del buje"": ""67"", ""Altura de proyección - 80mm"": ""840"", ""Reach"": ""405"", ""Stack"": ""594""}",7299,false,https://www.cube.eu/es-es/cube-litening-aero-c-68x-slt-slategrey-n-prizm/1133900,https://www.cube.eu/es-es/cube-litening-aero-c-68x-slt-slategrey-n-prizm/1133900,html,2026-10-05
Cube,Cube Litening AERO C:68X [40edd974],Cube Litening AERO C:68X SLT,,carretera,62 cm,,62,,,,,609,412,"{""Tubo del sillín"": ""580"", ""Tubo Horizontal"": ""604"", ""Ángulo del asiento"": ""72.5°"", ""Ángulo del tubo de dirección"": ""73.5°"", ""Longitud de Vainas"": ""410"", ""Tubo de dirección"": ""210"", ""Distancia entre ejes"": ""1023"", ""Altura del pedalier al eje del buje"": ""67"", ""Altura de proyección - 80mm"": ""855"", ""Reach"": ""412"", ""Stack"": ""609""}",7299,false,https://www.cube.eu/es-es/cube-litening-aero-c-68x-slt-slategrey-n-prizm/1133900,https://www.cube.eu/es-es/cube-litening-aero-c-68x-slt-slategrey-n-prizm/1133900,html,2026-10-05
Cube,Cube Litening AERO C:68X [40edd974],Cube Litening AERO C:68X SLX,,carretera,50 cm,,50,,,,,514,389,"{""Tubo del sillín"": ""460"", ""Tubo Horizontal"": ""527"", ""Ángulo del asiento"": ""75°"", ""Ángulo del tubo de dirección"": ""72.2°"", ""Longitud de Vainas"": ""410"", ""Tubo de dirección"": ""110"", ""Distancia entre ejes"": ""981"", ""Altura del pedalier al eje del buje"": ""72"", ""Altura de proyección - 80mm"": ""747"", ""Reach"": ""389"", ""Stack"": ""514""}",7299,false,https://www.cube.eu/es-es/cube-litening-aero-c-68x-slx-oceanfibre-n-prizm/1133600,https://www.cube.eu/es-es/cube-litening-aero-c-68x-slx-oceanfibre-n-prizm/1133600,html,2026-10-05
Cube,Cube Litening AERO C:68X [40edd974],Cube Litening AERO C:68X SLX,,carretera,52 cm,,52,,,,,524,389,"{""Tubo del sillín"": ""480"", ""Tubo Horizontal"": ""537"", ""Ángulo del asiento"": ""74.2°"", ""Ángulo del tubo de dirección"": ""74.2°"", ""Longitud de Vainas"": ""410"", ""Tubo de dirección"": ""120"", ""Distancia entre ejes"": ""981"", ""Altura del pedalier al eje del buje"": ""72"", ""Altura de proyección - 80mm"": ""762"", ""Reach"": ""389"", ""Stack"": ""524""}",7299,false,https://www.cube.eu/es-es/cube-litening-aero-c-68x-slx-oceanfibre-n-prizm/1133600,https://www.cube.eu/es-es/cube-litening-aero-c-68x-slx-oceanfibre-n-prizm/1133600,html,2026-10-05
Cube,Cube Litening AERO C:68X [40edd974],Cube Litening AERO C:68X SLX,,carretera,54 cm,,54,,,,,542,389,"{""Tubo del sillín"": ""500"", ""Tubo Horizontal"": ""550"", ""Ángulo del asiento"": ""73.5°"", ""Ángulo del tubo de dirección"": ""73°"", ""Longitud de Vainas"": ""410"", ""Tubo de dirección"": ""140"", ""Distancia entre ejes"": ""984"", ""Altura del pedalier al eje del buje"": ""69"", ""Altura de proyección - 80mm"": ""784"", ""Reach"": ""389"", ""Stack"": ""542""}",7299,false,https://www.cube.eu/es-es/cube-litening-aero-c-68x-slx-oceanfibre-n-prizm/1133600,https://www.cube.eu/es-es/cube-litening-aero-c-68x-slx-oceanfibre-n-prizm/1133600,html,2026-10-05
Cube,Cube Litening AERO C:68X [40edd974],Cube Litening AERO C:68X SLX,,carretera,56 cm,,56,,,,,563,398,"{""Tubo del sillín"": ""520"", ""Tubo Horizontal"": ""565"", ""Ángulo del asiento"": ""73.5°"", ""Ángulo del tubo de dirección"": ""73.5°"", ""Longitud de Vainas"": ""410"", ""Tubo de dirección"": ""160"", ""Distancia entre ejes"": ""995"", ""Altura del pedalier al eje del buje"": ""69"", ""Altura de proyección - 80mm"": ""804"", ""Reach"": ""398"", ""Stack"": ""563""}",7299,false,https://www.cube.eu/es-es/cube-litening-aero-c-68x-slx-oceanfibre-n-prizm/1133600,https://www.cube.eu/es-es/cube-litening-aero-c-68x-slx-oceanfibre-n-prizm/1133600,html,2026-10-05
Cube,Cube Litening AERO C:68X [40edd974],Cube Litening AERO C:68X SLX,,carretera,58 cm,,58,,,,,580,403,"{""Tubo del sillín"": ""540"", ""Tubo Horizontal"": ""580"", ""Ángulo del asiento"": ""73°"", ""Ángulo del tubo de dirección"": ""73.5°"", ""Longitud de Vainas"": ""410"", ""Tubo de dirección"": ""180"", ""Distancia entre ejes"": ""1005"", ""Altura del pedalier al eje del buje"": ""67"", ""Altura de proyección - 80mm"": ""824"", ""Reach"": ""403"", ""Stack"": ""580""}",7299,false,https://www.cube.eu/es-es/cube-litening-aero-c-68x-slx-oceanfibre-n-prizm/1133600,https://www.cube.eu/es-es/cube-litening-aero-c-68x-slx-oceanfibre-n-prizm/1133600,html,2026-10-05
Cube,Cube Litening AERO C:68X [40edd974],Cube Litening AERO C:68X SLX,,carretera,60 cm,,60,,,,,594,405,"{""Tubo del sillín"": ""560"", ""Tubo Horizontal"": ""592"", ""Ángulo del asiento"": ""72.5°"", ""Ángulo del tubo de dirección"": ""73.5°"", ""Longitud de Vainas"": ""410"", ""Tubo de dirección"": ""195"", ""Distancia entre ejes"": ""1011"", ""Altura del pedalier al eje del buje"": ""67"", ""Altura de proyección - 80mm"": ""840"", ""Reach"": ""405"", ""Stack"": ""594""}",7299,false,https://www.cube.eu/es-es/cube-litening-aero-c-68x-slx-oceanfibre-n-prizm/1133600,https://www.cube.eu/es-es/cube-litening-aero-c-68x-slx-oceanfibre-n-prizm/1133600,html,2026-10-05
Cube,Cube Litening AERO C:68X [40edd974],Cube Litening AERO C:68X SLX,,carretera,62 cm,,62,,,,,609,412,"{""Tubo del sillín"": ""580"", ""Tubo Horizontal"": ""604"", ""Ángulo del asiento"": ""72.5°"", ""Ángulo del tubo de dirección"": ""73.5°"", ""Longitud de Vainas"": ""410"", ""Tubo de dirección"": ""210"", ""Distancia entre ejes"": ""1023"", ""Altura del pedalier al eje del buje"": ""67"", ""Altura de proyección - 80mm"": ""855"", ""Reach"": ""412"", ""Stack"": ""609""}",7299,false,https://www.cube.eu/es-es/cube-litening-aero-c-68x-slx-oceanfibre-n-prizm/1133600,https://www.cube.eu/es-es/cube-litening-aero-c-68x-slx-oceanfibre-n-prizm/1133600,html,2026-10-05
Cube,Cube Litening AERO C:68X [40edd974],Cube Litening AERO C:68X Orbit,,carretera,50 cm,,50,,,,,514,389,"{""Tubo del sillín"": ""460"", ""Tubo Horizontal"": ""527"", ""Ángulo del asiento"": ""75°"", ""Ángulo del tubo de dirección"": ""72.2°"", ""Longitud de Vainas"": ""410"", ""Tubo de dirección"": ""110"", ""Distancia entre ejes"": ""981"", ""Altura del pedalier al eje del buje"": ""72"", ""Altura de proyección - 80mm"": ""747"", ""Reach"": ""389"", ""Stack"": ""514""}",6999,false,https://www.cube.eu/es-es/cube-litening-aero-c-68x-orbit-digitalcarbon-n-prizm/1133650,https://www.cube.eu/es-es/cube-litening-aero-c-68x-orbit-digitalcarbon-n-prizm/1133650,html,2026-10-05
Cube,Cube Litening AERO C:68X [40edd974],Cube Litening AERO C:68X Orbit,,carretera,52 cm,,52,,,,,524,389,"{""Tubo del sillín"": ""480"", ""Tubo Horizontal"": ""537"", ""Ángulo del asiento"": ""74.2°"", ""Ángulo del tubo de dirección"": ""74.2°"", ""Longitud de Vainas"": ""410"", ""Tubo de dirección"": ""120"", ""Distancia entre ejes"": ""981"", ""Altura del pedalier al eje del buje"": ""72"", ""Altura de proyección - 80mm"": ""762"", ""Reach"": ""389"", ""Stack"": ""524""}",6999,false,https://www.cube.eu/es-es/cube-litening-aero-c-68x-orbit-digitalcarbon-n-prizm/1133650,https://www.cube.eu/es-es/cube-litening-aero-c-68x-orbit-digitalcarbon-n-prizm/1133650,html,2026-10-05
Cube,Cube Litening AERO C:68X [40edd974],Cube Litening AERO C:68X Orbit,,carretera,54 cm,,54,,,,,542,389,"{""Tubo del sillín"": ""500"", ""Tubo Horizontal"": ""550"", ""Ángulo del asiento"": ""73.5°"", ""Ángulo del tubo de dirección"": ""73°"", ""Longitud de Vainas"": ""410"", ""Tubo de dirección"": ""140"", ""Distancia entre ejes"": ""984"", ""Altura del pedalier al eje del buje"": ""69"", ""Altura de proyección - 80mm"": ""784"", ""Reach"": ""389"", ""Stack"": ""542""}",6999,false,https://www.cube.eu/es-es/cube-litening-aero-c-68x-orbit-digitalcarbon-n-prizm/1133650,https://www.cube.eu/es-es/cube-litening-aero-c-68x-orbit-digitalcarbon-n-prizm/1133650,html,2026-10-05
Cube,Cube Litening AERO C:68X [40edd974],Cube Litening AERO C:68X Orbit,,carretera,56 cm,,56,,,,,563,398,"{""Tubo del sillín"": ""520"", ""Tubo Horizontal"": ""565"", ""Ángulo del asiento"": ""73.5°"", ""Ángulo del tubo de dirección"": ""73.5°"", ""Longitud de Vainas"": ""410"", ""Tubo de dirección"": ""160"", ""Distancia entre ejes"": ""995"", ""Altura del pedalier al eje del buje"": ""69"", ""Altura de proyección - 80mm"": ""804"", ""Reach"": ""398"", ""Stack"": ""563""}",6999,false,https://www.cube.eu/es-es/cube-litening-aero-c-68x-orbit-digitalcarbon-n-prizm/1133650,https://www.cube.eu/es-es/cube-litening-aero-c-68x-orbit-digitalcarbon-n-prizm/1133650,html,2026-10-05
Cube,Cube Litening AERO C:68X [40edd974],Cube Litening AERO C:68X Orbit,,carretera,58 cm,,58,,,,,580,403,"{""Tubo del sillín"": ""540"", ""Tubo Horizontal"": ""580"", ""Ángulo del asiento"": ""73°"", ""Ángulo del tubo de dirección"": ""73.5°"", ""Longitud de Vainas"": ""410"", ""Tubo de dirección"": ""180"", ""Distancia entre ejes"": ""1005"", ""Altura del pedalier al eje del buje"": ""67"", ""Altura de proyección - 80mm"": ""824"", ""Reach"": ""403"", ""Stack"": ""580""}",6999,false,https://www.cube.eu/es-es/cube-litening-aero-c-68x-orbit-digitalcarbon-n-prizm/1133650,https://www.cube.eu/es-es/cube-litening-aero-c-68x-orbit-digitalcarbon-n-prizm/1133650,html,2026-10-05
Cube,Cube Litening AERO C:68X [40edd974],Cube Litening AERO C:68X Orbit,,carretera,60 cm,,60,,,,,594,405,"{""Tubo del sillín"": ""560"", ""Tubo Horizontal"": ""592"", ""Ángulo del asiento"": ""72.5°"", ""Ángulo del tubo de dirección"": ""73.5°"", ""Longitud de Vainas"": ""410"", ""Tubo de dirección"": ""195"", ""Distancia entre ejes"": ""1011"", ""Altura del pedalier al eje del buje"": ""67"", ""Altura de proyección - 80mm"": ""840"", ""Reach"": ""405"", ""Stack"": ""594""}",6999,false,https://www.cube.eu/es-es/cube-litening-aero-c-68x-orbit-digitalcarbon-n-prizm/1133650,https://www.cube.eu/es-es/cube-litening-aero-c-68x-orbit-digitalcarbon-n-prizm/1133650,html,2026-10-05
Cube,Cube Litening AERO C:68X [40edd974],Cube Litening AERO C:68X Orbit,,carretera,62 cm,,62,,,,,609,412,"{""Tubo del sillín"": ""580"", ""Tubo Horizontal"": ""604"", ""Ángulo del asiento"": ""72.5°"", ""Ángulo del tubo de dirección"": ""73.5°"", ""Longitud de Vainas"": ""410"", ""Tubo de dirección"": ""210"", ""Distancia entre ejes"": ""1023"", ""Altura del pedalier al eje del buje"": ""67"", ""Altura de proyección - 80mm"": ""855"", ""Reach"": ""412"", ""Stack"": ""609""}",6999,false,https://www.cube.eu/es-es/cube-litening-aero-c-68x-orbit-digitalcarbon-n-prizm/1133650,https://www.cube.eu/es-es/cube-litening-aero-c-68x-orbit-digitalcarbon-n-prizm/1133650,html,2026-10-05
Cube,Cube Litening AERO C:68X [40edd974],Cube Litening AERO C:68X Pro,,carretera,50 cm,,50,,,,,514,389,"{""Tubo del sillín"": ""460"", ""Tubo Horizontal"": ""527"", ""Ángulo del asiento"": ""75°"", ""Ángulo del tubo de dirección"": ""72.2°"", ""Longitud de Vainas"": ""410"", ""Tubo de dirección"": ""110"", ""Distancia entre ejes"": ""981"", ""Altura del pedalier al eje del buje"": ""72"", ""Altura de proyección - 80mm"": ""747"", ""Reach"": ""389"", ""Stack"": ""514""}",4999,false,https://www.cube.eu/es-es/cube-litening-aero-c-68x-pro-beamfibre-n-black/1133210,https://www.cube.eu/es-es/cube-litening-aero-c-68x-pro-beamfibre-n-black/1133210,html,2026-10-05
Cube,Cube Litening AERO C:68X [40edd974],Cube Litening AERO C:68X Pro,,carretera,52 cm,,52,,,,,524,389,"{""Tubo del sillín"": ""480"", ""Tubo Horizontal"": ""537"", ""Ángulo del asiento"": ""74.2°"", ""Ángulo del tubo de dirección"": ""74.2°"", ""Longitud de Vainas"": ""410"", ""Tubo de dirección"": ""120"", ""Distancia entre ejes"": ""981"", ""Altura del pedalier al eje del buje"": ""72"", ""Altura de proyección - 80mm"": ""762"", ""Reach"": ""389"", ""Stack"": ""524""}",4999,false,https://www.cube.eu/es-es/cube-litening-aero-c-68x-pro-beamfibre-n-black/1133210,https://www.cube.eu/es-es/cube-litening-aero-c-68x-pro-beamfibre-n-black/1133210,html,2026-10-05
Cube,Cube Litening AERO C:68X [40edd974],Cube Litening AERO C:68X Pro,,carretera,54 cm,,54,,,,,542,389,"{""Tubo del sillín"": ""500"", ""Tubo Horizontal"": ""550"", ""Ángulo del asiento"": ""73.5°"", ""Ángulo del tubo de dirección"": ""73°"", ""Longitud de Vainas"": ""410"", ""Tubo de dirección"": ""140"", ""Distancia entre ejes"": ""984"", ""Altura del pedalier al eje del buje"": ""69"", ""Altura de proyección - 80mm"": ""784"", ""Reach"": ""389"", ""Stack"": ""542""}",4999,false,https://www.cube.eu/es-es/cube-litening-aero-c-68x-pro-beamfibre-n-black/1133210,https://www.cube.eu/es-es/cube-litening-aero-c-68x-pro-beamfibre-n-black/1133210,html,2026-10-05
Cube,Cube Litening AERO C:68X [40edd974],Cube Litening AERO C:68X Pro,,carretera,56 cm,,56,,,,,563,398,"{""Tubo del sillín"": ""520"", ""Tubo Horizontal"": ""565"", ""Ángulo del asiento"": ""73.5°"", ""Ángulo del tubo de dirección"": ""73.5°"", ""Longitud de Vainas"": ""410"", ""Tubo de dirección"": ""160"", ""Distancia entre ejes"": ""995"", ""Altura del pedalier al eje del buje"": ""69"", ""Altura de proyección - 80mm"": ""804"", ""Reach"": ""398"", ""Stack"": ""563""}",4999,false,https://www.cube.eu/es-es/cube-litening-aero-c-68x-pro-beamfibre-n-black/1133210,https://www.cube.eu/es-es/cube-litening-aero-c-68x-pro-beamfibre-n-black/1133210,html,2026-10-05
Cube,Cube Litening AERO C:68X [40edd974],Cube Litening AERO C:68X Pro,,carretera,58 cm,,58,,,,,580,403,"{""Tubo del sillín"": ""540"", ""Tubo Horizontal"": ""580"", ""Ángulo del asiento"": ""73°"", ""Ángulo del tubo de dirección"": ""73.5°"", ""Longitud de Vainas"": ""410"", ""Tubo de dirección"": ""180"", ""Distancia entre ejes"": ""1005"", ""Altura del pedalier al eje del buje"": ""67"", ""Altura de proyección - 80mm"": ""824"", ""Reach"": ""403"", ""Stack"": ""580""}",4999,false,https://www.cube.eu/es-es/cube-litening-aero-c-68x-pro-beamfibre-n-black/1133210,https://www.cube.eu/es-es/cube-litening-aero-c-68x-pro-beamfibre-n-black/1133210,html,2026-10-05
Cube,Cube Litening AERO C:68X [40edd974],Cube Litening AERO C:68X Pro,,carretera,60 cm,,60,,,,,594,405,"{""Tubo del sillín"": ""560"", ""Tubo Horizontal"": ""592"", ""Ángulo del asiento"": ""72.5°"", ""Ángulo del tubo de dirección"": ""73.5°"", ""Longitud de Vainas"": ""410"", ""Tubo de dirección"": ""195"", ""Distancia entre ejes"": ""1011"", ""Altura del pedalier al eje del buje"": ""67"", ""Altura de proyección - 80mm"": ""840"", ""Reach"": ""405"", ""Stack"": ""594""}",4999,false,https://www.cube.eu/es-es/cube-litening-aero-c-68x-pro-beamfibre-n-black/1133210,https://www.cube.eu/es-es/cube-litening-aero-c-68x-pro-beamfibre-n-black/1133210,html,2026-10-05
Cube,Cube Litening AERO C:68X [40edd974],Cube Litening AERO C:68X Pro,,carretera,62 cm,,62,,,,,609,412,"{""Tubo del sillín"": ""580"", ""Tubo Horizontal"": ""604"", ""Ángulo del asiento"": ""72.5°"", ""Ángulo del tubo de dirección"": ""73.5°"", ""Longitud de Vainas"": ""410"", ""Tubo de dirección"": ""210"", ""Distancia entre ejes"": ""1023"", ""Altura del pedalier al eje del buje"": ""67"", ""Altura de proyección - 80mm"": ""855"", ""Reach"": ""412"", ""Stack"": ""609""}",4999,false,https://www.cube.eu/es-es/cube-litening-aero-c-68x-pro-beamfibre-n-black/1133210,https://www.cube.eu/es-es/cube-litening-aero-c-68x-pro-beamfibre-n-black/1133210,html,2026-10-05
Cube,Cube Litening AERO C:68X [40edd974],Cube Litening AERO C:68X Race,,carretera,50 cm,,50,,,,,514,389,"{""Tubo del sillín"": ""460"", ""Tubo Horizontal"": ""527"", ""Ángulo del asiento"": ""75°"", ""Ángulo del tubo de dirección"": ""72.2°"", ""Longitud de Vainas"": ""410"", ""Tubo de dirección"": ""110"", ""Distancia entre ejes"": ""981"", ""Altura del pedalier al eje del buje"": ""72"", ""Altura de proyección - 80mm"": ""747"", ""Reach"": ""389"", ""Stack"": ""514""}",4999,false,https://www.cube.eu/es-es/cube-litening-aero-c-68x-race-carbon-n-chrome/1133300,https://www.cube.eu/es-es/cube-litening-aero-c-68x-race-carbon-n-chrome/1133300,html,2026-10-05
Cube,Cube Litening AERO C:68X [40edd974],Cube Litening AERO C:68X Race,,carretera,52 cm,,52,,,,,524,389,"{""Tubo del sillín"": ""480"", ""Tubo Horizontal"": ""537"", ""Ángulo del asiento"": ""74.2°"", ""Ángulo del tubo de dirección"": ""74.2°"", ""Longitud de Vainas"": ""410"", ""Tubo de dirección"": ""120"", ""Distancia entre ejes"": ""981"", ""Altura del pedalier al eje del buje"": ""72"", ""Altura de proyección - 80mm"": ""762"", ""Reach"": ""389"", ""Stack"": ""524""}",4999,false,https://www.cube.eu/es-es/cube-litening-aero-c-68x-race-carbon-n-chrome/1133300,https://www.cube.eu/es-es/cube-litening-aero-c-68x-race-carbon-n-chrome/1133300,html,2026-10-05
Cube,Cube Litening AERO C:68X [40edd974],Cube Litening AERO C:68X Race,,carretera,54 cm,,54,,,,,542,389,"{""Tubo del sillín"": ""500"", ""Tubo Horizontal"": ""550"", ""Ángulo del asiento"": ""73.5°"", ""Ángulo del tubo de dirección"": ""73°"", ""Longitud de Vainas"": ""410"", ""Tubo de dirección"": ""140"", ""Distancia entre ejes"": ""984"", ""Altura del pedalier al eje del buje"": ""69"", ""Altura de proyección - 80mm"": ""784"", ""Reach"": ""389"", ""Stack"": ""542""}",4999,false,https://www.cube.eu/es-es/cube-litening-aero-c-68x-race-carbon-n-chrome/1133300,https://www.cube.eu/es-es/cube-litening-aero-c-68x-race-carbon-n-chrome/1133300,html,2026-10-05
Cube,Cube Litening AERO C:68X [40edd974],Cube Litening AERO C:68X Race,,carretera,56 cm,,56,,,,,563,398,"{""Tubo del sillín"": ""520"", ""Tubo Horizontal"": ""565"", ""Ángulo del asiento"": ""73.5°"", ""Ángulo del tubo de dirección"": ""73.5°"", ""Longitud de Vainas"": ""410"", ""Tubo de dirección"": ""160"", ""Distancia entre ejes"": ""995"", ""Altura del pedalier al eje del buje"": ""69"", ""Altura de proyección - 80mm"": ""804"", ""Reach"": ""398"", ""Stack"": ""563""}",4999,false,https://www.cube.eu/es-es/cube-litening-aero-c-68x-race-carbon-n-chrome/1133300,https://www.cube.eu/es-es/cube-litening-aero-c-68x-race-carbon-n-chrome/1133300,html,2026-10-05
Cube,Cube Litening AERO C:68X [40edd974],Cube Litening AERO C:68X Race,,carretera,58 cm,,58,,,,,580,403,"{""Tubo del sillín"": ""540"", ""Tubo Horizontal"": ""580"", ""Ángulo del asiento"": ""73°"", ""Ángulo del tubo de dirección"": ""73.5°"", ""Longitud de Vainas"": ""410"", ""Tubo de dirección"": ""180"", ""Distancia entre ejes"": ""1005"", ""Altura del pedalier al eje del buje"": ""67"", ""Altura de proyección - 80mm"": ""824"", ""Reach"": ""403"", ""Stack"": ""580""}",4999,false,https://www.cube.eu/es-es/cube-litening-aero-c-68x-race-carbon-n-chrome/1133300,https://www.cube.eu/es-es/cube-litening-aero-c-68x-race-carbon-n-chrome/1133300,html,2026-10-05
Cube,Cube Litening AERO C:68X [40edd974],Cube Litening AERO C:68X Race,,carretera,60 cm,,60,,,,,594,405,"{""Tubo del sillín"": ""560"", ""Tubo Horizontal"": ""592"", ""Ángulo del asiento"": ""72.5°"", ""Ángulo del tubo de dirección"": ""73.5°"", ""Longitud de Vainas"": ""410"", ""Tubo de dirección"": ""195"", ""Distancia entre ejes"": ""1011"", ""Altura del pedalier al eje del buje"": ""67"", ""Altura de proyección - 80mm"": ""840"", ""Reach"": ""405"", ""Stack"": ""594""}",4999,false,https://www.cube.eu/es-es/cube-litening-aero-c-68x-race-carbon-n-chrome/1133300,https://www.cube.eu/es-es/cube-litening-aero-c-68x-race-carbon-n-chrome/1133300,html,2026-10-05
Cube,Cube Litening AERO C:68X [40edd974],Cube Litening AERO C:68X Race,,carretera,62 cm,,62,,,,,609,412,"{""Tubo del sillín"": ""580"", ""Tubo Horizontal"": ""604"", ""Ángulo del asiento"": ""72.5°"", ""Ángulo del tubo de dirección"": ""73.5°"", ""Longitud de Vainas"": ""410"", ""Tubo de dirección"": ""210"", ""Distancia entre ejes"": ""1023"", ""Altura del pedalier al eje del buje"": ""67"", ""Altura de proyección - 80mm"": ""855"", ""Reach"": ""412"", ""Stack"": ""609""}",4999,false,https://www.cube.eu/es-es/cube-litening-aero-c-68x-race-carbon-n-chrome/1133300,https://www.cube.eu/es-es/cube-litening-aero-c-68x-race-carbon-n-chrome/1133300,html,2026-10-05
Cube,Cube Agree C:62 [fb630f22],Cube Agree C:62 SLT AXS,,carretera,50 cm,,50,,,,,523,378,"{""Tubo del sillín"": ""440"", ""Tubo Horizontal"": ""522"", ""Ángulo del asiento"": ""74.6°"", ""Ángulo del tubo de dirección"": ""71.5°"", ""Longitud de Vainas"": ""412"", ""Tubo de dirección"": ""120"", ""Distancia entre ejes"": ""987"", ""Altura del pedalier al eje del buje"": ""73"", ""Altura de proyección - 80mm"": ""734"", ""Reach"": ""378"", ""Stack"": ""523""}",5299,false,https://www.cube.eu/es-es/cube-agree-c-62-slt-axs-blackpearl-n-switchwhite/1132920,https://www.cube.eu/es-es/cube-agree-c-62-slt-axs-blackpearl-n-switchwhite/1132920,html,2026-10-05
Cube,Cube Agree C:62 [fb630f22],Cube Agree C:62 SLT AXS,,carretera,53 cm,,53,,,,,544,383,"{""Tubo del sillín"": ""470"", ""Tubo Horizontal"": ""539"", ""Ángulo del asiento"": ""74°"", ""Ángulo del tubo de dirección"": ""72°"", ""Longitud de Vainas"": ""412"", ""Tubo de dirección"": ""140"", ""Distancia entre ejes"": ""994"", ""Altura del pedalier al eje del buje"": ""73"", ""Altura de proyección - 80mm"": ""764"", ""Reach"": ""383"", ""Stack"": ""544""}",5299,false,https://www.cube.eu/es-es/cube-agree-c-62-slt-axs-blackpearl-n-switchwhite/1132920,https://www.cube.eu/es-es/cube-agree-c-62-slt-axs-blackpearl-n-switchwhite/1132920,html,2026-10-05
Cube,Cube Agree C:62 [fb630f22],Cube Agree C:62 SLT AXS,,carretera,56 cm,,56,,,,,572,391,"{""Tubo del sillín"": ""500"", ""Tubo Horizontal"": ""560"", ""Ángulo del asiento"": ""73.5°"", ""Ángulo del tubo de dirección"": ""72.5°"", ""Longitud de Vainas"": ""412"", ""Tubo de dirección"": ""170"", ""Distancia entre ejes"": ""1007"", ""Altura del pedalier al eje del buje"": ""71"", ""Altura de proyección - 80mm"": ""794"", ""Reach"": ""391"", ""Stack"": ""572""}",5299,false,https://www.cube.eu/es-es/cube-agree-c-62-slt-axs-blackpearl-n-switchwhite/1132920,https://www.cube.eu/es-es/cube-agree-c-62-slt-axs-blackpearl-n-switchwhite/1132920,html,2026-10-05
Cube,Cube Agree C:62 [fb630f22],Cube Agree C:62 SLT AXS,,carretera,58 cm,,58,,,,,591,394,"{""Tubo del sillín"": ""520"", ""Tubo Horizontal"": ""575"", ""Ángulo del asiento"": ""73°"", ""Ángulo del tubo de dirección"": ""72.5°"", ""Longitud de Vainas"": ""412"", ""Tubo de dirección"": ""190"", ""Distancia entre ejes"": ""1017"", ""Altura del pedalier al eje del buje"": ""71"", ""Altura de proyección - 80mm"": ""813"", ""Reach"": ""394"", ""Stack"": ""591""}",5299,false,https://www.cube.eu/es-es/cube-agree-c-62-slt-axs-blackpearl-n-switchwhite/1132920,https://www.cube.eu/es-es/cube-agree-c-62-slt-axs-blackpearl-n-switchwhite/1132920,html,2026-10-05
Cube,Cube Agree C:62 [fb630f22],Cube Agree C:62 SLT AXS,,carretera,60 cm,,60,,,,,606,399,"{""Tubo del sillín"": ""540"", ""Tubo Horizontal"": ""590"", ""Ángulo del asiento"": ""72.5°"", ""Ángulo del tubo de dirección"": ""72.5°"", ""Longitud de Vainas"": ""412"", ""Tubo de dirección"": ""208"", ""Distancia entre ejes"": ""1027"", ""Altura del pedalier al eje del buje"": ""69"", ""Altura de proyección - 80mm"": ""833"", ""Reach"": ""399"", ""Stack"": ""606""}",5299,false,https://www.cube.eu/es-es/cube-agree-c-62-slt-axs-blackpearl-n-switchwhite/1132920,https://www.cube.eu/es-es/cube-agree-c-62-slt-axs-blackpearl-n-switchwhite/1132920,html,2026-10-05
Cube,Cube Agree C:62 [fb630f22],Cube Agree C:62 SLT AXS,,carretera,62 cm,,62,,,,,628,402,"{""Tubo del sillín"": ""560"", ""Tubo Horizontal"": ""600"", ""Ángulo del asiento"": ""72.5°"", ""Ángulo del tubo de dirección"": ""72.5°"", ""Longitud de Vainas"": ""412"", ""Tubo de dirección"": ""231"", ""Distancia entre ejes"": ""1037"", ""Altura del pedalier al eje del buje"": ""69"", ""Altura de proyección - 80mm"": ""852"", ""Reach"": ""402"", ""Stack"": ""628""}",5299,false,https://www.cube.eu/es-es/cube-agree-c-62-slt-axs-blackpearl-n-switchwhite/1132920,https://www.cube.eu/es-es/cube-agree-c-62-slt-axs-blackpearl-n-switchwhite/1132920,html,2026-10-05
Cube,Cube Agree C:62 [fb630f22],Cube Agree C:62 SLT Di2,,carretera,50 cm,,50,,,,,523,378,"{""Tubo del sillín"": ""440"", ""Tubo Horizontal"": ""522"", ""Ángulo del asiento"": ""74.6°"", ""Ángulo del tubo de dirección"": ""71.5°"", ""Longitud de Vainas"": ""412"", ""Tubo de dirección"": ""120"", ""Distancia entre ejes"": ""987"", ""Altura del pedalier al eje del buje"": ""73"", ""Altura de proyección - 80mm"": ""734"", ""Reach"": ""378"", ""Stack"": ""523""}",4999,false,https://www.cube.eu/es-es/cube-agree-c-62-slt-di2-blackpearl-n-switchwhite/1132900,https://www.cube.eu/es-es/cube-agree-c-62-slt-di2-blackpearl-n-switchwhite/1132900,html,2026-10-05
Cube,Cube Agree C:62 [fb630f22],Cube Agree C:62 SLT Di2,,carretera,53 cm,,53,,,,,544,383,"{""Tubo del sillín"": ""470"", ""Tubo Horizontal"": ""539"", ""Ángulo del asiento"": ""74°"", ""Ángulo del tubo de dirección"": ""72°"", ""Longitud de Vainas"": ""412"", ""Tubo de dirección"": ""140"", ""Distancia entre ejes"": ""994"", ""Altura del pedalier al eje del buje"": ""73"", ""Altura de proyección - 80mm"": ""764"", ""Reach"": ""383"", ""Stack"": ""544""}",4999,false,https://www.cube.eu/es-es/cube-agree-c-62-slt-di2-blackpearl-n-switchwhite/1132900,https://www.cube.eu/es-es/cube-agree-c-62-slt-di2-blackpearl-n-switchwhite/1132900,html,2026-10-05
Cube,Cube Agree C:62 [fb630f22],Cube Agree C:62 SLT Di2,,carretera,56 cm,,56,,,,,572,391,"{""Tubo del sillín"": ""500"", ""Tubo Horizontal"": ""560"", ""Ángulo del asiento"": ""73.5°"", ""Ángulo del tubo de dirección"": ""72.5°"", ""Longitud de Vainas"": ""412"", ""Tubo de dirección"": ""170"", ""Distancia entre ejes"": ""1007"", ""Altura del pedalier al eje del buje"": ""71"", ""Altura de proyección - 80mm"": ""794"", ""Reach"": ""391"", ""Stack"": ""572""}",4999,false,https://www.cube.eu/es-es/cube-agree-c-62-slt-di2-blackpearl-n-switchwhite/1132900,https://www.cube.eu/es-es/cube-agree-c-62-slt-di2-blackpearl-n-switchwhite/1132900,html,2026-10-05
Cube,Cube Agree C:62 [fb630f22],Cube Agree C:62 SLT Di2,,carretera,58 cm,,58,,,,,591,394,"{""Tubo del sillín"": ""520"", ""Tubo Horizontal"": ""575"", ""Ángulo del asiento"": ""73°"", ""Ángulo del tubo de dirección"": ""72.5°"", ""Longitud de Vainas"": ""412"", ""Tubo de dirección"": ""190"", ""Distancia entre ejes"": ""1017"", ""Altura del pedalier al eje del buje"": ""71"", ""Altura de proyección - 80mm"": ""813"", ""Reach"": ""394"", ""Stack"": ""591""}",4999,false,https://www.cube.eu/es-es/cube-agree-c-62-slt-di2-blackpearl-n-switchwhite/1132900,https://www.cube.eu/es-es/cube-agree-c-62-slt-di2-blackpearl-n-switchwhite/1132900,html,2026-10-05
Cube,Cube Agree C:62 [fb630f22],Cube Agree C:62 SLT Di2,,carretera,60 cm,,60,,,,,606,399,"{""Tubo del sillín"": ""540"", ""Tubo Horizontal"": ""590"", ""Ángulo del asiento"": ""72.5°"", ""Ángulo del tubo de dirección"": ""72.5°"", ""Longitud de Vainas"": ""412"", ""Tubo de dirección"": ""208"", ""Distancia entre ejes"": ""1027"", ""Altura del pedalier al eje del buje"": ""69"", ""Altura de proyección - 80mm"": ""833"", ""Reach"": ""399"", ""Stack"": ""606""}",4999,false,https://www.cube.eu/es-es/cube-agree-c-62-slt-di2-blackpearl-n-switchwhite/1132900,https://www.cube.eu/es-es/cube-agree-c-62-slt-di2-blackpearl-n-switchwhite/1132900,html,2026-10-05
Cube,Cube Agree C:62 [fb630f22],Cube Agree C:62 SLT Di2,,carretera,62 cm,,62,,,,,628,402,"{""Tubo del sillín"": ""560"", ""Tubo Horizontal"": ""600"", ""Ángulo del asiento"": ""72.5°"", ""Ángulo del tubo de dirección"": ""72.5°"", ""Longitud de Vainas"": ""412"", ""Tubo de dirección"": ""231"", ""Distancia entre ejes"": ""1037"", ""Altura del pedalier al eje del buje"": ""69"", ""Altura de proyección - 80mm"": ""852"", ""Reach"": ""402"", ""Stack"": ""628""}",4999,false,https://www.cube.eu/es-es/cube-agree-c-62-slt-di2-blackpearl-n-switchwhite/1132900,https://www.cube.eu/es-es/cube-agree-c-62-slt-di2-blackpearl-n-switchwhite/1132900,html,2026-10-05
Cube,Cube Agree C:62 [fb630f22],Cube Agree C:62 EX,,carretera,50 cm,,50,,,,,523,378,"{""Tubo del sillín"": ""440"", ""Tubo Horizontal"": ""522"", ""Ángulo del asiento"": ""74.6°"", ""Ángulo del tubo de dirección"": ""71.5°"", ""Longitud de Vainas"": ""412"", ""Tubo de dirección"": ""120"", ""Distancia entre ejes"": ""987"", ""Altura del pedalier al eje del buje"": ""73"", ""Altura de proyección - 80mm"": ""734"", ""Reach"": ""378"", ""Stack"": ""523""}",2999,false,https://www.cube.eu/es-es/cube-agree-c-62-ex-glacier-n-black/1132100,https://www.cube.eu/es-es/cube-agree-c-62-ex-glacier-n-black/1132100,html,2026-10-05
Cube,Cube Agree C:62 [fb630f22],Cube Agree C:62 EX,,carretera,53 cm,,53,,,,,544,383,"{""Tubo del sillín"": ""470"", ""Tubo Horizontal"": ""539"", ""Ángulo del asiento"": ""74°"", ""Ángulo del tubo de dirección"": ""72°"", ""Longitud de Vainas"": ""412"", ""Tubo de dirección"": ""140"", ""Distancia entre ejes"": ""994"", ""Altura del pedalier al eje del buje"": ""73"", ""Altura de proyección - 80mm"": ""764"", ""Reach"": ""383"", ""Stack"": ""544""}",2999,false,https://www.cube.eu/es-es/cube-agree-c-62-ex-glacier-n-black/1132100,https://www.cube.eu/es-es/cube-agree-c-62-ex-glacier-n-black/1132100,html,2026-10-05
Cube,Cube Agree C:62 [fb630f22],Cube Agree C:62 EX,,carretera,56 cm,,56,,,,,572,391,"{""Tubo del sillín"": ""500"", ""Tubo Horizontal"": ""560"", ""Ángulo del asiento"": ""73.5°"", ""Ángulo del tubo de dirección"": ""72.5°"", ""Longitud de Vainas"": ""412"", ""Tubo de dirección"": ""170"", ""Distancia entre ejes"": ""1007"", ""Altura del pedalier al eje del buje"": ""71"", ""Altura de proyección - 80mm"": ""794"", ""Reach"": ""391"", ""Stack"": ""572""}",2999,false,https://www.cube.eu/es-es/cube-agree-c-62-ex-glacier-n-black/1132100,https://www.cube.eu/es-es/cube-agree-c-62-ex-glacier-n-black/1132100,html,2026-10-05
Cube,Cube Agree C:62 [fb630f22],Cube Agree C:62 EX,,carretera,58 cm,,58,,,,,591,394,"{""Tubo del sillín"": ""520"", ""Tubo Horizontal"": ""575"", ""Ángulo del asiento"": ""73°"", ""Ángulo del tubo de dirección"": ""72.5°"", ""Longitud de Vainas"": ""412"", ""Tubo de dirección"": ""190"", ""Distancia entre ejes"": ""1017"", ""Altura del pedalier al eje del buje"": ""71"", ""Altura de proyección - 80mm"": ""813"", ""Reach"": ""394"", ""Stack"": ""591""}",2999,false,https://www.cube.eu/es-es/cube-agree-c-62-ex-glacier-n-black/1132100,https://www.cube.eu/es-es/cube-agree-c-62-ex-glacier-n-black/1132100,html,2026-10-05
Cube,Cube Agree C:62 [fb630f22],Cube Agree C:62 EX,,carretera,60 cm,,60,,,,,606,399,"{""Tubo del sillín"": ""540"", ""Tubo Horizontal"": ""590"", ""Ángulo del asiento"": ""72.5°"", ""Ángulo del tubo de dirección"": ""72.5°"", ""Longitud de Vainas"": ""412"", ""Tubo de dirección"": ""208"", ""Distancia entre ejes"": ""1027"", ""Altura del pedalier al eje del buje"": ""69"", ""Altura de proyección - 80mm"": ""833"", ""Reach"": ""399"", ""Stack"": ""606""}",2999,false,https://www.cube.eu/es-es/cube-agree-c-62-ex-glacier-n-black/1132100,https://www.cube.eu/es-es/cube-agree-c-62-ex-glacier-n-black/1132100,html,2026-10-05
Cube,Cube Agree C:62 [fb630f22],Cube Agree C:62 EX,,carretera,62 cm,,62,,,,,628,402,"{""Tubo del sillín"": ""560"", ""Tubo Horizontal"": ""600"", ""Ángulo del asiento"": ""72.5°"", ""Ángulo del tubo de dirección"": ""72.5°"", ""Longitud de Vainas"": ""412"", ""Tubo de dirección"": ""231"", ""Distancia entre ejes"": ""1037"", ""Altura del pedalier al eje del buje"": ""69"", ""Altura de proyección - 80mm"": ""852"", ""Reach"": ""402"", ""Stack"": ""628""}",2999,false,https://www.cube.eu/es-es/cube-agree-c-62-ex-glacier-n-black/1132100,https://www.cube.eu/es-es/cube-agree-c-62-ex-glacier-n-black/1132100,html,2026-10-05
Cube,Cube Agree C:62 [fb630f22],Cube Agree C:62 ONE,,carretera,50 cm,,50,,,,,523,378,"{""Tubo del sillín"": ""440"", ""Tubo Horizontal"": ""522"", ""Ángulo del asiento"": ""74.6°"", ""Ángulo del tubo de dirección"": ""71.5°"", ""Longitud de Vainas"": ""412"", ""Tubo de dirección"": ""120"", ""Distancia entre ejes"": ""987"", ""Altura del pedalier al eje del buje"": ""73"", ""Altura de proyección - 80mm"": ""734"", ""Reach"": ""378"", ""Stack"": ""523""}",2799,false,https://www.cube.eu/es-es/cube-agree-c-62-one-midnightteal-n-sea/1132000,https://www.cube.eu/es-es/cube-agree-c-62-one-midnightteal-n-sea/1132000,html,2026-10-05
Cube,Cube Agree C:62 [fb630f22],Cube Agree C:62 ONE,,carretera,53 cm,,53,,,,,544,383,"{""Tubo del sillín"": ""470"", ""Tubo Horizontal"": ""539"", ""Ángulo del asiento"": ""74°"", ""Ángulo del tubo de dirección"": ""72°"", ""Longitud de Vainas"": ""412"", ""Tubo de dirección"": ""140"", ""Distancia entre ejes"": ""994"", ""Altura del pedalier al eje del buje"": ""73"", ""Altura de proyección - 80mm"": ""764"", ""Reach"": ""383"", ""Stack"": ""544""}",2799,false,https://www.cube.eu/es-es/cube-agree-c-62-one-midnightteal-n-sea/1132000,https://www.cube.eu/es-es/cube-agree-c-62-one-midnightteal-n-sea/1132000,html,2026-10-05
Cube,Cube Agree C:62 [fb630f22],Cube Agree C:62 ONE,,carretera,56 cm,,56,,,,,572,391,"{""Tubo del sillín"": ""500"", ""Tubo Horizontal"": ""560"", ""Ángulo del asiento"": ""73.5°"", ""Ángulo del tubo de dirección"": ""72.5°"", ""Longitud de Vainas"": ""412"", ""Tubo de dirección"": ""170"", ""Distancia entre ejes"": ""1007"", ""Altura del pedalier al eje del buje"": ""71"", ""Altura de proyección - 80mm"": ""794"", ""Reach"": ""391"", ""Stack"": ""572""}",2799,false,https://www.cube.eu/es-es/cube-agree-c-62-one-midnightteal-n-sea/1132000,https://www.cube.eu/es-es/cube-agree-c-62-one-midnightteal-n-sea/1132000,html,2026-10-05
Cube,Cube Agree C:62 [fb630f22],Cube Agree C:62 ONE,,carretera,58 cm,,58,,,,,591,394,"{""Tubo del sillín"": ""520"", ""Tubo Horizontal"": ""575"", ""Ángulo del asiento"": ""73°"", ""Ángulo del tubo de dirección"": ""72.5°"", ""Longitud de Vainas"": ""412"", ""Tubo de dirección"": ""190"", ""Distancia entre ejes"": ""1017"", ""Altura del pedalier al eje del buje"": ""71"", ""Altura de proyección - 80mm"": ""813"", ""Reach"": ""394"", ""Stack"": ""591""}",2799,false,https://www.cube.eu/es-es/cube-agree-c-62-one-midnightteal-n-sea/1132000,https://www.cube.eu/es-es/cube-agree-c-62-one-midnightteal-n-sea/1132000,html,2026-10-05
Cube,Cube Agree C:62 [fb630f22],Cube Agree C:62 ONE,,carretera,60 cm,,60,,,,,606,399,"{""Tubo del sillín"": ""540"", ""Tubo Horizontal"": ""590"", ""Ángulo del asiento"": ""72.5°"", ""Ángulo del tubo de dirección"": ""72.5°"", ""Longitud de Vainas"": ""412"", ""Tubo de dirección"": ""208"", ""Distancia entre ejes"": ""1027"", ""Altura del pedalier al eje del buje"": ""69"", ""Altura de proyección - 80mm"": ""833"", ""Reach"": ""399"", ""Stack"": ""606""}",2799,false,https://www.cube.eu/es-es/cube-agree-c-62-one-midnightteal-n-sea/1132000,https://www.cube.eu/es-es/cube-agree-c-62-one-midnightteal-n-sea/1132000,html,2026-10-05
Cube,Cube Agree C:62 [fb630f22],Cube Agree C:62 ONE,,carretera,62 cm,,62,,,,,628,402,"{""Tubo del sillín"": ""560"", ""Tubo Horizontal"": ""600"", ""Ángulo del asiento"": ""72.5°"", ""Ángulo del tubo de dirección"": ""72.5°"", ""Longitud de Vainas"": ""412"", ""Tubo de dirección"": ""231"", ""Distancia entre ejes"": ""1037"", ""Altura del pedalier al eje del buje"": ""69"", ""Altura de proyección - 80mm"": ""852"", ""Reach"": ""402"", ""Stack"": ""628""}",2799,false,https://www.cube.eu/es-es/cube-agree-c-62-one-midnightteal-n-sea/1132000,https://www.cube.eu/es-es/cube-agree-c-62-one-midnightteal-n-sea/1132000,html,2026-10-05
Cube,Cube Agree C:62 [2dc1f593],Cube Agree C:62 SLX,,carretera,47 cm,,47,,,,,513,376,"{""Tubo del sillín"": ""410"", ""Tubo Horizontal"": ""517"", ""Ángulo del asiento"": ""74.6°"", ""Ángulo del tubo de dirección"": ""71°"", ""Longitud de Vainas"": ""412"", ""Tubo de dirección"": ""112"", ""Distancia entre ejes"": ""986"", ""Altura del pedalier al eje del buje"": ""73"", ""Altura de proyección - 80mm"": ""717"", ""Reach"": ""376"", ""Stack"": ""513""}",3999,false,https://www.cube.eu/es-es/cube-agree-c-62-slx-slategrey-n-chrome/1132600,https://www.cube.eu/es-es/cube-agree-c-62-slx-slategrey-n-chrome/1132600,html,2026-10-05
Cube,Cube Agree C:62 [2dc1f593],Cube Agree C:62 SLX,,carretera,50 cm,,50,,,,,523,378,"{""Tubo del sillín"": ""440"", ""Tubo Horizontal"": ""522"", ""Ángulo del asiento"": ""74.6°"", ""Ángulo del tubo de dirección"": ""71.5°"", ""Longitud de Vainas"": ""412"", ""Tubo de dirección"": ""120"", ""Distancia entre ejes"": ""987"", ""Altura del pedalier al eje del buje"": ""73"", ""Altura de proyección - 80mm"": ""734"", ""Reach"": ""378"", ""Stack"": ""523""}",3999,false,https://www.cube.eu/es-es/cube-agree-c-62-slx-slategrey-n-chrome/1132600,https://www.cube.eu/es-es/cube-agree-c-62-slx-slategrey-n-chrome/1132600,html,2026-10-05
Cube,Cube Agree C:62 [2dc1f593],Cube Agree C:62 SLX,,carretera,53 cm,,53,,,,,544,383,"{""Tubo del sillín"": ""470"", ""Tubo Horizontal"": ""539"", ""Ángulo del asiento"": ""74°"", ""Ángulo del tubo de dirección"": ""72°"", ""Longitud de Vainas"": ""412"", ""Tubo de dirección"": ""140"", ""Distancia entre ejes"": ""994"", ""Altura del pedalier al eje del buje"": ""73"", ""Altura de proyección - 80mm"": ""764"", ""Reach"": ""383"", ""Stack"": ""544""}",3999,false,https://www.cube.eu/es-es/cube-agree-c-62-slx-slategrey-n-chrome/1132600,https://www.cube.eu/es-es/cube-agree-c-62-slx-slategrey-n-chrome/1132600,html,2026-10-05
Cube,Cube Agree C:62 [2dc1f593],Cube Agree C:62 SLX,,carretera,56 cm,,56,,,,,572,391,"{""Tubo del sillín"": ""500"", ""Tubo Horizontal"": ""560"", ""Ángulo del asiento"": ""73.5°"", ""Ángulo del tubo de dirección"": ""72.5°"", ""Longitud de Vainas"": ""412"", ""Tubo de dirección"": ""170"", ""Distancia entre ejes"": ""1007"", ""Altura del pedalier al eje del buje"": ""71"", ""Altura de proyección - 80mm"": ""794"", ""Reach"": ""391"", ""Stack"": ""572""}",3999,false,https://www.cube.eu/es-es/cube-agree-c-62-slx-slategrey-n-chrome/1132600,https://www.cube.eu/es-es/cube-agree-c-62-slx-slategrey-n-chrome/1132600,html,2026-10-05
Cube,Cube Agree C:62 [2dc1f593],Cube Agree C:62 SLX,,carretera,58 cm,,58,,,,,591,394,"{""Tubo del sillín"": ""520"", ""Tubo Horizontal"": ""575"", ""Ángulo del asiento"": ""73°"", ""Ángulo del tubo de dirección"": ""72.5°"", ""Longitud de Vainas"": ""412"", ""Tubo de dirección"": ""190"", ""Distancia entre ejes"": ""1017"", ""Altura del pedalier al eje del buje"": ""71"", ""Altura de proyección - 80mm"": ""813"", ""Reach"": ""394"", ""Stack"": ""591""}",3999,false,https://www.cube.eu/es-es/cube-agree-c-62-slx-slategrey-n-chrome/1132600,https://www.cube.eu/es-es/cube-agree-c-62-slx-slategrey-n-chrome/1132600,html,2026-10-05
Cube,Cube Agree C:62 [2dc1f593],Cube Agree C:62 SLX,,carretera,60 cm,,60,,,,,606,399,"{""Tubo del sillín"": ""540"", ""Tubo Horizontal"": ""590"", ""Ángulo del asiento"": ""72.5°"", ""Ángulo del tubo de dirección"": ""72.5°"", ""Longitud de Vainas"": ""412"", ""Tubo de dirección"": ""208"", ""Distancia entre ejes"": ""1027"", ""Altura del pedalier al eje del buje"": ""69"", ""Altura de proyección - 80mm"": ""833"", ""Reach"": ""399"", ""Stack"": ""606""}",3999,false,https://www.cube.eu/es-es/cube-agree-c-62-slx-slategrey-n-chrome/1132600,https://www.cube.eu/es-es/cube-agree-c-62-slx-slategrey-n-chrome/1132600,html,2026-10-05
Cube,Cube Agree C:62 [2dc1f593],Cube Agree C:62 SLX,,carretera,62 cm,,62,,,,,628,402,"{""Tubo del sillín"": ""560"", ""Tubo Horizontal"": ""600"", ""Ángulo del asiento"": ""72.5°"", ""Ángulo del tubo de dirección"": ""72.5°"", ""Longitud de Vainas"": ""412"", ""Tubo de dirección"": ""231"", ""Distancia entre ejes"": ""1037"", ""Altura del pedalier al eje del buje"": ""69"", ""Altura de proyección - 80mm"": ""852"", ""Reach"": ""402"", ""Stack"": ""628""}",3999,false,https://www.cube.eu/es-es/cube-agree-c-62-slx-slategrey-n-chrome/1132600,https://www.cube.eu/es-es/cube-agree-c-62-slx-slategrey-n-chrome/1132600,html,2026-10-05
Cube,Cube Agree C:62 [2dc1f593],Cube Agree C:62 Race,,carretera,47 cm,,47,,,,,513,376,"{""Tubo del sillín"": ""410"", ""Tubo Horizontal"": ""517"", ""Ángulo del asiento"": ""74.6°"", ""Ángulo del tubo de dirección"": ""71°"", ""Longitud de Vainas"": ""412"", ""Tubo de dirección"": ""112"", ""Distancia entre ejes"": ""986"", ""Altura del pedalier al eje del buje"": ""73"", ""Altura de proyección - 80mm"": ""717"", ""Reach"": ""376"", ""Stack"": ""513""}",3699,false,https://www.cube.eu/es-es/cube-agree-c-62-race-chromeblue-n-liquidblue/1132300,https://www.cube.eu/es-es/cube-agree-c-62-race-chromeblue-n-liquidblue/1132300,html,2026-10-05
Cube,Cube Agree C:62 [2dc1f593],Cube Agree C:62 Race,,carretera,50 cm,,50,,,,,523,378,"{""Tubo del sillín"": ""440"", ""Tubo Horizontal"": ""522"", ""Ángulo del asiento"": ""74.6°"", ""Ángulo del tubo de dirección"": ""71.5°"", ""Longitud de Vainas"": ""412"", ""Tubo de dirección"": ""120"", ""Distancia entre ejes"": ""987"", ""Altura del pedalier al eje del buje"": ""73"", ""Altura de proyección - 80mm"": ""734"", ""Reach"": ""378"", ""Stack"": ""523""}",3699,false,https://www.cube.eu/es-es/cube-agree-c-62-race-chromeblue-n-liquidblue/1132300,https://www.cube.eu/es-es/cube-agree-c-62-race-chromeblue-n-liquidblue/1132300,html,2026-10-05
Cube,Cube Agree C:62 [2dc1f593],Cube Agree C:62 Race,,carretera,53 cm,,53,,,,,544,383,"{""Tubo del sillín"": ""470"", ""Tubo Horizontal"": ""539"", ""Ángulo del asiento"": ""74°"", ""Ángulo del tubo de dirección"": ""72°"", ""Longitud de Vainas"": ""412"", ""Tubo de dirección"": ""140"", ""Distancia entre ejes"": ""994"", ""Altura del pedalier al eje del buje"": ""73"", ""Altura de proyección - 80mm"": ""764"", ""Reach"": ""383"", ""Stack"": ""544""}",3699,false,https://www.cube.eu/es-es/cube-agree-c-62-race-chromeblue-n-liquidblue/1132300,https://www.cube.eu/es-es/cube-agree-c-62-race-chromeblue-n-liquidblue/1132300,html,2026-10-05
Cube,Cube Agree C:62 [2dc1f593],Cube Agree C:62 Race,,carretera,56 cm,,56,,,,,572,391,"{""Tubo del sillín"": ""500"", ""Tubo Horizontal"": ""560"", ""Ángulo del asiento"": ""73.5°"", ""Ángulo del tubo de dirección"": ""72.5°"", ""Longitud de Vainas"": ""412"", ""Tubo de dirección"": ""170"", ""Distancia entre ejes"": ""1007"", ""Altura del pedalier al eje del buje"": ""71"", ""Altura de proyección - 80mm"": ""794"", ""Reach"": ""391"", ""Stack"": ""572""}",3699,false,https://www.cube.eu/es-es/cube-agree-c-62-race-chromeblue-n-liquidblue/1132300,https://www.cube.eu/es-es/cube-agree-c-62-race-chromeblue-n-liquidblue/1132300,html,2026-10-05
Cube,Cube Agree C:62 [2dc1f593],Cube Agree C:62 Race,,carretera,58 cm,,58,,,,,591,394,"{""Tubo del sillín"": ""520"", ""Tubo Horizontal"": ""575"", ""Ángulo del asiento"": ""73°"", ""Ángulo del tubo de dirección"": ""72.5°"", ""Longitud de Vainas"": ""412"", ""Tubo de dirección"": ""190"", ""Distancia entre ejes"": ""1017"", ""Altura del pedalier al eje del buje"": ""71"", ""Altura de proyección - 80mm"": ""813"", ""Reach"": ""394"", ""Stack"": ""591""}",3699,false,https://www.cube.eu/es-es/cube-agree-c-62-race-chromeblue-n-liquidblue/1132300,https://www.cube.eu/es-es/cube-agree-c-62-race-chromeblue-n-liquidblue/1132300,html,2026-10-05
Cube,Cube Agree C:62 [2dc1f593],Cube Agree C:62 Race,,carretera,60 cm,,60,,,,,606,399,"{""Tubo del sillín"": ""540"", ""Tubo Horizontal"": ""590"", ""Ángulo del asiento"": ""72.5°"", ""Ángulo del tubo de dirección"": ""72.5°"", ""Longitud de Vainas"": ""412"", ""Tubo de dirección"": ""208"", ""Distancia entre ejes"": ""1027"", ""Altura del pedalier al eje del buje"": ""69"", ""Altura de proyección - 80mm"": ""833"", ""Reach"": ""399"", ""Stack"": ""606""}",3699,false,https://www.cube.eu/es-es/cube-agree-c-62-race-chromeblue-n-liquidblue/1132300,https://www.cube.eu/es-es/cube-agree-c-62-race-chromeblue-n-liquidblue/1132300,html,2026-10-05
Cube,Cube Agree C:62 [2dc1f593],Cube Agree C:62 Race,,carretera,62 cm,,62,,,,,628,402,"{""Tubo del sillín"": ""560"", ""Tubo Horizontal"": ""600"", ""Ángulo del asiento"": ""72.5°"", ""Ángulo del tubo de dirección"": ""72.5°"", ""Longitud de Vainas"": ""412"", ""Tubo de dirección"": ""231"", ""Distancia entre ejes"": ""1037"", ""Altura del pedalier al eje del buje"": ""69"", ""Altura de proyección - 80mm"": ""852"", ""Reach"": ""402"", ""Stack"": ""628""}",3699,false,https://www.cube.eu/es-es/cube-agree-c-62-race-chromeblue-n-liquidblue/1132300,https://www.cube.eu/es-es/cube-agree-c-62-race-chromeblue-n-liquidblue/1132300,html,2026-10-05
Cube,Cube Agree C:62 [2dc1f593],Cube Agree C:62 Pro,,carretera,47 cm,,47,,,,,513,376,"{""Tubo del sillín"": ""410"", ""Tubo Horizontal"": ""517"", ""Ángulo del asiento"": ""74.6°"", ""Ángulo del tubo de dirección"": ""71°"", ""Longitud de Vainas"": ""412"", ""Tubo de dirección"": ""112"", ""Distancia entre ejes"": ""986"", ""Altura del pedalier al eje del buje"": ""73"", ""Altura de proyección - 80mm"": ""717"", ""Reach"": ""376"", ""Stack"": ""513""}",3299,false,https://www.cube.eu/es-es/cube-agree-c-62-pro-carbon-n-black/1132200,https://www.cube.eu/es-es/cube-agree-c-62-pro-carbon-n-black/1132200,html,2026-10-05
Cube,Cube Agree C:62 [2dc1f593],Cube Agree C:62 Pro,,carretera,50 cm,,50,,,,,523,378,"{""Tubo del sillín"": ""440"", ""Tubo Horizontal"": ""522"", ""Ángulo del asiento"": ""74.6°"", ""Ángulo del tubo de dirección"": ""71.5°"", ""Longitud de Vainas"": ""412"", ""Tubo de dirección"": ""120"", ""Distancia entre ejes"": ""987"", ""Altura del pedalier al eje del buje"": ""73"", ""Altura de proyección - 80mm"": ""734"", ""Reach"": ""378"", ""Stack"": ""523""}",3299,false,https://www.cube.eu/es-es/cube-agree-c-62-pro-carbon-n-black/1132200,https://www.cube.eu/es-es/cube-agree-c-62-pro-carbon-n-black/1132200,html,2026-10-05
Cube,Cube Agree C:62 [2dc1f593],Cube Agree C:62 Pro,,carretera,53 cm,,53,,,,,544,383,"{""Tubo del sillín"": ""470"", ""Tubo Horizontal"": ""539"", ""Ángulo del asiento"": ""74°"", ""Ángulo del tubo de dirección"": ""72°"", ""Longitud de Vainas"": ""412"", ""Tubo de dirección"": ""140"", ""Distancia entre ejes"": ""994"", ""Altura del pedalier al eje del buje"": ""73"", ""Altura de proyección - 80mm"": ""764"", ""Reach"": ""383"", ""Stack"": ""544""}",3299,false,https://www.cube.eu/es-es/cube-agree-c-62-pro-carbon-n-black/1132200,https://www.cube.eu/es-es/cube-agree-c-62-pro-carbon-n-black/1132200,html,2026-10-05
Cube,Cube Agree C:62 [2dc1f593],Cube Agree C:62 Pro,,carretera,56 cm,,56,,,,,572,391,"{""Tubo del sillín"": ""500"", ""Tubo Horizontal"": ""560"", ""Ángulo del asiento"": ""73.5°"", ""Ángulo del tubo de dirección"": ""72.5°"", ""Longitud de Vainas"": ""412"", ""Tubo de dirección"": ""170"", ""Distancia entre ejes"": ""1007"", ""Altura del pedalier al eje del buje"": ""71"", ""Altura de proyección - 80mm"": ""794"", ""Reach"": ""391"", ""Stack"": ""572""}",3299,false,https://www.cube.eu/es-es/cube-agree-c-62-pro-carbon-n-black/1132200,https://www.cube.eu/es-es/cube-agree-c-62-pro-carbon-n-black/1132200,html,2026-10-05
Cube,Cube Agree C:62 [2dc1f593],Cube Agree C:62 Pro,,carretera,58 cm,,58,,,,,591,394,"{""Tubo del sillín"": ""520"", ""Tubo Horizontal"": ""575"", ""Ángulo del asiento"": ""73°"", ""Ángulo del tubo de dirección"": ""72.5°"", ""Longitud de Vainas"": ""412"", ""Tubo de dirección"": ""190"", ""Distancia entre ejes"": ""1017"", ""Altura del pedalier al eje del buje"": ""71"", ""Altura de proyección - 80mm"": ""813"", ""Reach"": ""394"", ""Stack"": ""591""}",3299,false,https://www.cube.eu/es-es/cube-agree-c-62-pro-carbon-n-black/1132200,https://www.cube.eu/es-es/cube-agree-c-62-pro-carbon-n-black/1132200,html,2026-10-05
Cube,Cube Agree C:62 [2dc1f593],Cube Agree C:62 Pro,,carretera,60 cm,,60,,,,,606,399,"{""Tubo del sillín"": ""540"", ""Tubo Horizontal"": ""590"", ""Ángulo del asiento"": ""72.5°"", ""Ángulo del tubo de dirección"": ""72.5°"", ""Longitud de Vainas"": ""412"", ""Tubo de dirección"": ""208"", ""Distancia entre ejes"": ""1027"", ""Altura del pedalier al eje del buje"": ""69"", ""Altura de proyección - 80mm"": ""833"", ""Reach"": ""399"", ""Stack"": ""606""}",3299,false,https://www.cube.eu/es-es/cube-agree-c-62-pro-carbon-n-black/1132200,https://www.cube.eu/es-es/cube-agree-c-62-pro-carbon-n-black/1132200,html,2026-10-05
Cube,Cube Agree C:62 [2dc1f593],Cube Agree C:62 Pro,,carretera,62 cm,,62,,,,,628,402,"{""Tubo del sillín"": ""560"", ""Tubo Horizontal"": ""600"", ""Ángulo del asiento"": ""72.5°"", ""Ángulo del tubo de dirección"": ""72.5°"", ""Longitud de Vainas"": ""412"", ""Tubo de dirección"": ""231"", ""Distancia entre ejes"": ""1037"", ""Altura del pedalier al eje del buje"": ""69"", ""Altura de proyección - 80mm"": ""852"", ""Reach"": ""402"", ""Stack"": ""628""}",3299,false,https://www.cube.eu/es-es/cube-agree-c-62-pro-carbon-n-black/1132200,https://www.cube.eu/es-es/cube-agree-c-62-pro-carbon-n-black/1132200,html,2026-10-05
Cube,Cube Reaction C:68X SLX [d8af8984],Cube Reaction C:68X SLX,,mtb,S,S,,,,,,607,412,"{""Tubo del sillín"": ""370"", ""Tubo Horizontal"": ""574 / 575"", ""Ángulo del asiento"": ""74.9° / 74.7°"", ""Ángulo del tubo de dirección"": ""68.4° / 69°"", ""Longitud de Vainas"": ""425"", ""Tubo de dirección"": ""94"", ""Distancia entre ejes"": ""1091"", ""Altura del pedalier al eje del buje"": ""64 / 63"", ""Altura de proyección - 80mm"": ""762"", ""Reach"": ""412 / 410"", ""Stack"": ""607 / 609""}",3499,false,https://www.cube.eu/es-es/cube-reaction-c-68x-slx-mediterreneansea-n-prizm/1143600,https://www.cube.eu/es-es/cube-reaction-c-68x-slx-mediterreneansea-n-prizm/1143600,html,2026-10-05
Cube,Cube Reaction C:68X SLX [d8af8984],Cube Reaction C:68X SLX,,mtb,M,M,,,,,,610,436,"{""Tubo del sillín"": ""420"", ""Tubo Horizontal"": ""604 / 605"", ""Ángulo del asiento"": ""74.5° / 74.3°"", ""Ángulo del tubo de dirección"": ""68.4° / 69°"", ""Longitud de Vainas"": ""425"", ""Tubo de dirección"": ""97"", ""Distancia entre ejes"": ""1117"", ""Altura del pedalier al eje del buje"": ""64 / 63"", ""Altura de proyección - 80mm"": ""793"", ""Reach"": ""436 / 435"", ""Stack"": ""610 / 612""}",3499,false,https://www.cube.eu/es-es/cube-reaction-c-68x-slx-mediterreneansea-n-prizm/1143600,https://www.cube.eu/es-es/cube-reaction-c-68x-slx-mediterreneansea-n-prizm/1143600,html,2026-10-05
Cube,Cube Reaction C:68X SLX [d8af8984],Cube Reaction C:68X SLX,,mtb,L,L,,,,,,622,457,"{""Tubo del sillín"": ""450"", ""Tubo Horizontal"": ""629 / 630"", ""Ángulo del asiento"": ""74.5° / 74.3°"", ""Ángulo del tubo de dirección"": ""68.4° / 69°"", ""Longitud de Vainas"": ""425"", ""Tubo de dirección"": ""110"", ""Distancia entre ejes"": ""1143"", ""Altura del pedalier al eje del buje"": ""64 / 63"", ""Altura de proyección - 80mm"": ""817"", ""Reach"": ""457 / 456"", ""Stack"": ""622 / 624""}",3499,false,https://www.cube.eu/es-es/cube-reaction-c-68x-slx-mediterreneansea-n-prizm/1143600,https://www.cube.eu/es-es/cube-reaction-c-68x-slx-mediterreneansea-n-prizm/1143600,html,2026-10-05
Cube,Cube Reaction C:68X SLX [d8af8984],Cube Reaction C:68X SLX,,mtb,XL,XL,,,,,,637,483,"{""Tubo del sillín"": ""510"", ""Tubo Horizontal"": ""659 / 660"", ""Ángulo del asiento"": ""74.5° / 74.3°"", ""Ángulo del tubo de dirección"": ""68.4° / 69°"", ""Longitud de Vainas"": ""425"", ""Tubo de dirección"": ""126"", ""Distancia entre ejes"": ""1174"", ""Altura del pedalier al eje del buje"": ""64 / 63"", ""Altura de proyección - 80mm"": ""857"", ""Reach"": ""483 / 482"", ""Stack"": ""637 / 639""}",3499,false,https://www.cube.eu/es-es/cube-reaction-c-68x-slx-mediterreneansea-n-prizm/1143600,https://www.cube.eu/es-es/cube-reaction-c-68x-slx-mediterreneansea-n-prizm/1143600,html,2026-10-05
Cube,Cube Reaction C:62 [16061129],Cube Reaction C:62 Race,,mtb,S,S,,,,,,612,405,"{""Tubo del sillín"": ""370"", ""Tubo Horizontal"": ""578"", ""Ángulo del asiento"": ""74°"", ""Ángulo del tubo de dirección"": ""68.5°"", ""Longitud de Vainas"": ""426"", ""Tubo de dirección"": ""97"", ""Distancia entre ejes"": ""1088"", ""Altura del pedalier al eje del buje"": ""65"", ""Altura de proyección - 80mm"": ""767"", ""Reach"": ""405"", ""Stack"": ""612""}",2799,false,https://www.cube.eu/es-es/cube-reaction-c-62-race-oceanbreeze-n-white/1143310,https://www.cube.eu/es-es/cube-reaction-c-62-race-oceanbreeze-n-white/1143310,html,2026-10-05
Cube,Cube Reaction C:62 [16061129],Cube Reaction C:62 Race,,mtb,M,M,,,,,,621,422,"{""Tubo del sillín"": ""420"", ""Tubo Horizontal"": ""598"", ""Ángulo del asiento"": ""74°"", ""Ángulo del tubo de dirección"": ""68.5°"", ""Longitud de Vainas"": ""426"", ""Tubo de dirección"": ""107"", ""Distancia entre ejes"": ""1109"", ""Altura del pedalier al eje del buje"": ""65"", ""Altura de proyección - 80mm"": ""801"", ""Reach"": ""422"", ""Stack"": ""621""}",2799,false,https://www.cube.eu/es-es/cube-reaction-c-62-race-oceanbreeze-n-white/1143310,https://www.cube.eu/es-es/cube-reaction-c-62-race-oceanbreeze-n-white/1143310,html,2026-10-05
Cube,Cube Reaction C:62 [16061129],Cube Reaction C:62 Race,,mtb,L,L,,,,,,630,439,"{""Tubo del sillín"": ""450"", ""Tubo Horizontal"": ""618"", ""Ángulo del asiento"": ""74°"", ""Ángulo del tubo de dirección"": ""68.5°"", ""Longitud de Vainas"": ""426"", ""Tubo de dirección"": ""117"", ""Distancia entre ejes"": ""1130"", ""Altura del pedalier al eje del buje"": ""65"", ""Altura de proyección - 80mm"": ""821"", ""Reach"": ""439"", ""Stack"": ""630""}",2799,false,https://www.cube.eu/es-es/cube-reaction-c-62-race-oceanbreeze-n-white/1143310,https://www.cube.eu/es-es/cube-reaction-c-62-race-oceanbreeze-n-white/1143310,html,2026-10-05
Cube,Cube Reaction C:62 [16061129],Cube Reaction C:62 Race,,mtb,XL,XL,,,,,,639,456,"{""Tubo del sillín"": ""510"", ""Tubo Horizontal"": ""638"", ""Ángulo del asiento"": ""74°"", ""Ángulo del tubo de dirección"": ""68.5°"", ""Longitud de Vainas"": ""426"", ""Tubo de dirección"": ""127"", ""Distancia entre ejes"": ""1151"", ""Altura del pedalier al eje del buje"": ""65"", ""Altura de proyección - 80mm"": ""859"", ""Reach"": ""456"", ""Stack"": ""639""}",2799,false,https://www.cube.eu/es-es/cube-reaction-c-62-race-oceanbreeze-n-white/1143310,https://www.cube.eu/es-es/cube-reaction-c-62-race-oceanbreeze-n-white/1143310,html,2026-10-05
Cube,Cube Reaction C:62 [16061129],Cube Reaction C:62 Race,,mtb,XXL,XXL,,,,,,653,472,"{""Tubo del sillín"": ""560"", ""Tubo Horizontal"": ""658"", ""Ángulo del asiento"": ""74°"", ""Ángulo del tubo de dirección"": ""68.5°"", ""Longitud de Vainas"": ""426"", ""Tubo de dirección"": ""142"", ""Distancia entre ejes"": ""1173"", ""Altura del pedalier al eje del buje"": ""65"", ""Altura de proyección - 80mm"": ""866"", ""Reach"": ""472"", ""Stack"": ""653""}",2799,false,https://www.cube.eu/es-es/cube-reaction-c-62-race-oceanbreeze-n-white/1143310,https://www.cube.eu/es-es/cube-reaction-c-62-race-oceanbreeze-n-white/1143310,html,2026-10-05
Cube,Cube Reaction C:62 [16061129],Cube Reaction C:62 Pro,,mtb,S,S,,,,,,612,405,"{""Tubo del sillín"": ""370"", ""Tubo Horizontal"": ""578"", ""Ángulo del asiento"": ""74°"", ""Ángulo del tubo de dirección"": ""68.5°"", ""Longitud de Vainas"": ""426"", ""Tubo de dirección"": ""97"", ""Distancia entre ejes"": ""1088"", ""Altura del pedalier al eje del buje"": ""65"", ""Altura de proyección - 80mm"": ""767"", ""Reach"": ""405"", ""Stack"": ""612""}",1999,false,https://www.cube.eu/es-es/cube-reaction-c-62-pro-blackline/1143200,https://www.cube.eu/es-es/cube-reaction-c-62-pro-blackline/1143200,html,2026-10-05
Cube,Cube Reaction C:62 [16061129],Cube Reaction C:62 Pro,,mtb,M,M,,,,,,621,422,"{""Tubo del sillín"": ""420"", ""Tubo Horizontal"": ""598"", ""Ángulo del asiento"": ""74°"", ""Ángulo del tubo de dirección"": ""68.5°"", ""Longitud de Vainas"": ""426"", ""Tubo de dirección"": ""107"", ""Distancia entre ejes"": ""1109"", ""Altura del pedalier al eje del buje"": ""65"", ""Altura de proyección - 80mm"": ""801"", ""Reach"": ""422"", ""Stack"": ""621""}",1999,false,https://www.cube.eu/es-es/cube-reaction-c-62-pro-blackline/1143200,https://www.cube.eu/es-es/cube-reaction-c-62-pro-blackline/1143200,html,2026-10-05
Cube,Cube Reaction C:62 [16061129],Cube Reaction C:62 Pro,,mtb,L,L,,,,,,630,439,"{""Tubo del sillín"": ""450"", ""Tubo Horizontal"": ""618"", ""Ángulo del asiento"": ""74°"", ""Ángulo del tubo de dirección"": ""68.5°"", ""Longitud de Vainas"": ""426"", ""Tubo de dirección"": ""117"", ""Distancia entre ejes"": ""1130"", ""Altura del pedalier al eje del buje"": ""65"", ""Altura de proyección - 80mm"": ""821"", ""Reach"": ""439"", ""Stack"": ""630""}",1999,false,https://www.cube.eu/es-es/cube-reaction-c-62-pro-blackline/1143200,https://www.cube.eu/es-es/cube-reaction-c-62-pro-blackline/1143200,html,2026-10-05
Cube,Cube Reaction C:62 [16061129],Cube Reaction C:62 Pro,,mtb,XL,XL,,,,,,639,456,"{""Tubo del sillín"": ""510"", ""Tubo Horizontal"": ""638"", ""Ángulo del asiento"": ""74°"", ""Ángulo del tubo de dirección"": ""68.5°"", ""Longitud de Vainas"": ""426"", ""Tubo de dirección"": ""127"", ""Distancia entre ejes"": ""1151"", ""Altura del pedalier al eje del buje"": ""65"", ""Altura de proyección - 80mm"": ""859"", ""Reach"": ""456"", ""Stack"": ""639""}",1999,false,https://www.cube.eu/es-es/cube-reaction-c-62-pro-blackline/1143200,https://www.cube.eu/es-es/cube-reaction-c-62-pro-blackline/1143200,html,2026-10-05
Cube,Cube Reaction C:62 [16061129],Cube Reaction C:62 Pro,,mtb,XXL,XXL,,,,,,653,472,"{""Tubo del sillín"": ""560"", ""Tubo Horizontal"": ""658"", ""Ángulo del asiento"": ""74°"", ""Ángulo del tubo de dirección"": ""68.5°"", ""Longitud de Vainas"": ""426"", ""Tubo de dirección"": ""142"", ""Distancia entre ejes"": ""1173"", ""Altura del pedalier al eje del buje"": ""65"", ""Altura de proyección - 80mm"": ""866"", ""Reach"": ""472"", ""Stack"": ""653""}",1999,false,https://www.cube.eu/es-es/cube-reaction-c-62-pro-blackline/1143200,https://www.cube.eu/es-es/cube-reaction-c-62-pro-blackline/1143200,html,2026-10-05
Cube,Cube Reaction TM [1d8616f3],Cube Reaction TM Pro,,mtb,XS,XS,,,,,,605,404,"{""Tubo del sillín"": ""320"", ""Tubo Horizontal"": ""570"", ""Ángulo del asiento"": ""73.5°"", ""Ángulo del tubo de dirección"": ""65°"", ""Longitud de Vainas"": ""408"", ""Tubo de dirección"": ""100"", ""Distancia entre ejes"": ""1111"", ""Altura del pedalier al eje del buje"": ""46"", ""Altura de proyección - 80mm"": ""699"", ""Reach"": ""404"", ""Stack"": ""605""}",1699,false,https://www.cube.eu/es-es/cube-reaction-tm-pro-raw-n-black/1142200,https://www.cube.eu/es-es/cube-reaction-tm-pro-raw-n-black/1142200,html,2026-10-05
Cube,Cube Reaction TM [1d8616f3],Cube Reaction TM Pro,,mtb,S,S,,,,,,605,424,"{""Tubo del sillín"": ""370"", ""Tubo Horizontal"": ""590"", ""Ángulo del asiento"": ""73.5°"", ""Ángulo del tubo de dirección"": ""65°"", ""Longitud de Vainas"": ""408"", ""Tubo de dirección"": ""100"", ""Distancia entre ejes"": ""1131"", ""Altura del pedalier al eje del buje"": ""46"", ""Altura de proyección - 80mm"": ""698"", ""Reach"": ""424"", ""Stack"": ""605""}",1699,false,https://www.cube.eu/es-es/cube-reaction-tm-pro-raw-n-black/1142200,https://www.cube.eu/es-es/cube-reaction-tm-pro-raw-n-black/1142200,html,2026-10-05
Cube,Cube Reaction TM [1d8616f3],Cube Reaction TM Pro,,mtb,M,M,,,,,,635,442,"{""Tubo del sillín"": ""405"", ""Tubo Horizontal"": ""610"", ""Ángulo del asiento"": ""73.5°"", ""Ángulo del tubo de dirección"": ""65°"", ""Longitud de Vainas"": ""427"", ""Tubo de dirección"": ""100"", ""Distancia entre ejes"": ""1181"", ""Altura del pedalier al eje del buje"": ""60"", ""Altura de proyección - 80mm"": ""735"", ""Reach"": ""442"", ""Stack"": ""635""}",1699,false,https://www.cube.eu/es-es/cube-reaction-tm-pro-raw-n-black/1142200,https://www.cube.eu/es-es/cube-reaction-tm-pro-raw-n-black/1142200,html,2026-10-05
Cube,Cube Reaction TM [1d8616f3],Cube Reaction TM Pro,,mtb,L,L,,,,,,635,462,"{""Tubo del sillín"": ""420"", ""Tubo Horizontal"": ""630"", ""Ángulo del asiento"": ""73.5°"", ""Ángulo del tubo de dirección"": ""65°"", ""Longitud de Vainas"": ""427"", ""Tubo de dirección"": ""100"", ""Distancia entre ejes"": ""1201"", ""Altura del pedalier al eje del buje"": ""60"", ""Altura de proyección - 80mm"": ""741"", ""Reach"": ""462"", ""Stack"": ""635""}",1699,false,https://www.cube.eu/es-es/cube-reaction-tm-pro-raw-n-black/1142200,https://www.cube.eu/es-es/cube-reaction-tm-pro-raw-n-black/1142200,html,2026-10-05
Cube,Cube Reaction TM [1d8616f3],Cube Reaction TM Pro,,mtb,XL,XL,,,,,,644,482,"{""Tubo del sillín"": ""470"", ""Tubo Horizontal"": ""653"", ""Ángulo del asiento"": ""73.5°"", ""Ángulo del tubo de dirección"": ""65°"", ""Longitud de Vainas"": ""427"", ""Tubo de dirección"": ""110"", ""Distancia entre ejes"": ""1226"", ""Altura del pedalier al eje del buje"": ""60"", ""Altura de proyección - 80mm"": ""768"", ""Reach"": ""482"", ""Stack"": ""644""}",1699,false,https://www.cube.eu/es-es/cube-reaction-tm-pro-raw-n-black/1142200,https://www.cube.eu/es-es/cube-reaction-tm-pro-raw-n-black/1142200,html,2026-10-05
Cube,Cube Reaction TM [1d8616f3],Cube Reaction TM ONE,,mtb,XS,XS,,,,,,605,404,"{""Tubo del sillín"": ""320"", ""Tubo Horizontal"": ""570"", ""Ángulo del asiento"": ""73.5°"", ""Ángulo del tubo de dirección"": ""65°"", ""Longitud de Vainas"": ""408"", ""Tubo de dirección"": ""100"", ""Distancia entre ejes"": ""1111"", ""Altura del pedalier al eje del buje"": ""46"", ""Altura de proyección - 80mm"": ""699"", ""Reach"": ""404"", ""Stack"": ""605""}",1099,false,https://www.cube.eu/es-es/cube-reaction-tm-one-kolibri-n-black/1142100,https://www.cube.eu/es-es/cube-reaction-tm-one-kolibri-n-black/1142100,html,2026-10-05
Cube,Cube Reaction TM [1d8616f3],Cube Reaction TM ONE,,mtb,S,S,,,,,,605,424,"{""Tubo del sillín"": ""370"", ""Tubo Horizontal"": ""590"", ""Ángulo del asiento"": ""73.5°"", ""Ángulo del tubo de dirección"": ""65°"", ""Longitud de Vainas"": ""408"", ""Tubo de dirección"": ""100"", ""Distancia entre ejes"": ""1131"", ""Altura del pedalier al eje del buje"": ""46"", ""Altura de proyección - 80mm"": ""698"", ""Reach"": ""424"", ""Stack"": ""605""}",1099,false,https://www.cube.eu/es-es/cube-reaction-tm-one-kolibri-n-black/1142100,https://www.cube.eu/es-es/cube-reaction-tm-one-kolibri-n-black/1142100,html,2026-10-05
Cube,Cube Reaction TM [1d8616f3],Cube Reaction TM ONE,,mtb,M,M,,,,,,635,442,"{""Tubo del sillín"": ""405"", ""Tubo Horizontal"": ""610"", ""Ángulo del asiento"": ""73.5°"", ""Ángulo del tubo de dirección"": ""65°"", ""Longitud de Vainas"": ""427"", ""Tubo de dirección"": ""100"", ""Distancia entre ejes"": ""1181"", ""Altura del pedalier al eje del buje"": ""60"", ""Altura de proyección - 80mm"": ""735"", ""Reach"": ""442"", ""Stack"": ""635""}",1099,false,https://www.cube.eu/es-es/cube-reaction-tm-one-kolibri-n-black/1142100,https://www.cube.eu/es-es/cube-reaction-tm-one-kolibri-n-black/1142100,html,2026-10-05
Cube,Cube Reaction TM [1d8616f3],Cube Reaction TM ONE,,mtb,L,L,,,,,,635,462,"{""Tubo del sillín"": ""420"", ""Tubo Horizontal"": ""630"", ""Ángulo del asiento"": ""73.5°"", ""Ángulo del tubo de dirección"": ""65°"", ""Longitud de Vainas"": ""427"", ""Tubo de dirección"": ""100"", ""Distancia entre ejes"": ""1201"", ""Altura del pedalier al eje del buje"": ""60"", ""Altura de proyección - 80mm"": ""741"", ""Reach"": ""462"", ""Stack"": ""635""}",1099,false,https://www.cube.eu/es-es/cube-reaction-tm-one-kolibri-n-black/1142100,https://www.cube.eu/es-es/cube-reaction-tm-one-kolibri-n-black/1142100,html,2026-10-05
Cube,Cube Reaction TM [1d8616f3],Cube Reaction TM ONE,,mtb,XL,XL,,,,,,644,482,"{""Tubo del sillín"": ""470"", ""Tubo Horizontal"": ""653"", ""Ángulo del asiento"": ""73.5°"", ""Ángulo del tubo de dirección"": ""65°"", ""Longitud de Vainas"": ""427"", ""Tubo de dirección"": ""110"", ""Distancia entre ejes"": ""1226"", ""Altura del pedalier al eje del buje"": ""60"", ""Altura de proyección - 80mm"": ""768"", ""Reach"": ""482"", ""Stack"": ""644""}",1099,false,https://www.cube.eu/es-es/cube-reaction-tm-one-kolibri-n-black/1142100,https://www.cube.eu/es-es/cube-reaction-tm-one-kolibri-n-black/1142100,html,2026-10-05
Cube,Cube Reaction C:62 ONE [eb2937c5],Cube Reaction C:62 ONE,,mtb,XS,XS,,,,,,600,385,"{""Tubo del sillín"": ""355"", ""Tubo Horizontal"": ""555"", ""Ángulo del asiento"": ""74°"", ""Ángulo del tubo de dirección"": ""68.5°"", ""Longitud de Vainas"": ""410"", ""Tubo de dirección"": ""125"", ""Distancia entre ejes"": ""1058"", ""Altura del pedalier al eje del buje"": ""46"", ""Altura de proyección - 80mm"": ""757"", ""Reach"": ""385"", ""Stack"": ""600""}",1499,false,https://www.cube.eu/es-es/cube-reaction-c-62-one-cappuccino-n-black/1143110,https://www.cube.eu/es-es/cube-reaction-c-62-one-cappuccino-n-black/1143110,html,2026-10-05
Cube,Cube Reaction C:62 ONE [eb2937c5],Cube Reaction C:62 ONE,,mtb,S,S,,,,,,612,405,"{""Tubo del sillín"": ""370"", ""Tubo Horizontal"": ""578"", ""Ángulo del asiento"": ""74°"", ""Ángulo del tubo de dirección"": ""68.5°"", ""Longitud de Vainas"": ""426"", ""Tubo de dirección"": ""97"", ""Distancia entre ejes"": ""1088"", ""Altura del pedalier al eje del buje"": ""65"", ""Altura de proyección - 80mm"": ""767"", ""Reach"": ""405"", ""Stack"": ""612""}",1499,false,https://www.cube.eu/es-es/cube-reaction-c-62-one-cappuccino-n-black/1143110,https://www.cube.eu/es-es/cube-reaction-c-62-one-cappuccino-n-black/1143110,html,2026-10-05
Cube,Cube Reaction C:62 ONE [eb2937c5],Cube Reaction C:62 ONE,,mtb,M,M,,,,,,621,422,"{""Tubo del sillín"": ""420"", ""Tubo Horizontal"": ""598"", ""Ángulo del asiento"": ""74°"", ""Ángulo del tubo de dirección"": ""68.5°"", ""Longitud de Vainas"": ""426"", ""Tubo de dirección"": ""107"", ""Distancia entre ejes"": ""1109"", ""Altura del pedalier al eje del buje"": ""65"", ""Altura de proyección - 80mm"": ""801"", ""Reach"": ""422"", ""Stack"": ""621""}",1499,false,https://www.cube.eu/es-es/cube-reaction-c-62-one-cappuccino-n-black/1143110,https://www.cube.eu/es-es/cube-reaction-c-62-one-cappuccino-n-black/1143110,html,2026-10-05
Cube,Cube Reaction C:62 ONE [eb2937c5],Cube Reaction C:62 ONE,,mtb,L,L,,,,,,630,439,"{""Tubo del sillín"": ""450"", ""Tubo Horizontal"": ""618"", ""Ángulo del asiento"": ""74°"", ""Ángulo del tubo de dirección"": ""68.5°"", ""Longitud de Vainas"": ""426"", ""Tubo de dirección"": ""117"", ""Distancia entre ejes"": ""1130"", ""Altura del pedalier al eje del buje"": ""65"", ""Altura de proyección - 80mm"": ""821"", ""Reach"": ""439"", ""Stack"": ""630""}",1499,false,https://www.cube.eu/es-es/cube-reaction-c-62-one-cappuccino-n-black/1143110,https://www.cube.eu/es-es/cube-reaction-c-62-one-cappuccino-n-black/1143110,html,2026-10-05
Cube,Cube Reaction C:62 ONE [eb2937c5],Cube Reaction C:62 ONE,,mtb,XL,XL,,,,,,639,456,"{""Tubo del sillín"": ""510"", ""Tubo Horizontal"": ""638"", ""Ángulo del asiento"": ""74°"", ""Ángulo del tubo de dirección"": ""68.5°"", ""Longitud de Vainas"": ""426"", ""Tubo de dirección"": ""127"", ""Distancia entre ejes"": ""1151"", ""Altura del pedalier al eje del buje"": ""65"", ""Altura de proyección - 80mm"": ""859"", ""Reach"": ""456"", ""Stack"": ""639""}",1499,false,https://www.cube.eu/es-es/cube-reaction-c-62-one-cappuccino-n-black/1143110,https://www.cube.eu/es-es/cube-reaction-c-62-one-cappuccino-n-black/1143110,html,2026-10-05
Cube,Cube Reaction C:62 ONE [eb2937c5],Cube Reaction C:62 ONE,,mtb,XXL,XXL,,,,,,653,472,"{""Tubo del sillín"": ""560"", ""Tubo Horizontal"": ""658"", ""Ángulo del asiento"": ""74°"", ""Ángulo del tubo de dirección"": ""68.5°"", ""Longitud de Vainas"": ""426"", ""Tubo de dirección"": ""142"", ""Distancia entre ejes"": ""1173"", ""Altura del pedalier al eje del buje"": ""65"", ""Altura de proyección - 80mm"": ""866"", ""Reach"": ""472"", ""Stack"": ""653""}",1499,false,https://www.cube.eu/es-es/cube-reaction-c-62-one-cappuccino-n-black/1143110,https://www.cube.eu/es-es/cube-reaction-c-62-one-cappuccino-n-black/1143110,html,2026-10-05
Cube,Cube Reaction [b5582c5d],Cube Reaction SLX,,mtb,XS,XS,,,,,,601,383,"{""Tubo del sillín"": ""340"", ""Tubo Horizontal"": ""555"", ""Ángulo del asiento"": ""74°"", ""Ángulo del tubo de dirección"": ""68.2°"", ""Longitud de Vainas"": ""437"", ""Tubo de dirección"": ""112"", ""Distancia entre ejes"": ""1076"", ""Altura del pedalier al eje del buje"": ""52"", ""Altura de proyección - 80mm"": ""703"", ""Reach"": ""383"", ""Stack"": ""601""}",1299,false,https://www.cube.eu/es-es/cube-reaction-slx-navyblack-n-black/1141600,https://www.cube.eu/es-es/cube-reaction-slx-navyblack-n-black/1141600,html,2026-10-05
Cube,Cube Reaction [b5582c5d],Cube Reaction SLX,,mtb,S,S,,,,,,616,400,"{""Tubo del sillín"": ""375"", ""Tubo Horizontal"": ""576"", ""Ángulo del asiento"": ""74°"", ""Ángulo del tubo de dirección"": ""68.2°"", ""Longitud de Vainas"": ""437"", ""Tubo de dirección"": ""128"", ""Distancia entre ejes"": ""1090"", ""Altura del pedalier al eje del buje"": ""52"", ""Altura de proyección - 80mm"": ""727"", ""Reach"": ""400"", ""Stack"": ""616""}",1299,false,https://www.cube.eu/es-es/cube-reaction-slx-navyblack-n-black/1141600,https://www.cube.eu/es-es/cube-reaction-slx-navyblack-n-black/1141600,html,2026-10-05
Cube,Cube Reaction [b5582c5d],Cube Reaction SLX,,mtb,M,M,,,,,,630,417,"{""Tubo del sillín"": ""430"", ""Tubo Horizontal"": ""598"", ""Ángulo del asiento"": ""74°"", ""Ángulo del tubo de dirección"": ""68.2°"", ""Longitud de Vainas"": ""452"", ""Tubo de dirección"": ""112"", ""Distancia entre ejes"": ""1136"", ""Altura del pedalier al eje del buje"": ""65"", ""Altura de proyección - 80mm"": ""771"", ""Reach"": ""417"", ""Stack"": ""630""}",1299,false,https://www.cube.eu/es-es/cube-reaction-slx-navyblack-n-black/1141600,https://www.cube.eu/es-es/cube-reaction-slx-navyblack-n-black/1141600,html,2026-10-05
Cube,Cube Reaction [b5582c5d],Cube Reaction SLX,,mtb,L,L,,,,,,644,434,"{""Tubo del sillín"": ""485"", ""Tubo Horizontal"": ""619"", ""Ángulo del asiento"": ""74°"", ""Ángulo del tubo de dirección"": ""68.2°"", ""Longitud de Vainas"": ""452"", ""Tubo de dirección"": ""127"", ""Distancia entre ejes"": ""1158"", ""Altura del pedalier al eje del buje"": ""65"", ""Altura de proyección - 80mm"": ""809"", ""Reach"": ""434"", ""Stack"": ""644""}",1299,false,https://www.cube.eu/es-es/cube-reaction-slx-navyblack-n-black/1141600,https://www.cube.eu/es-es/cube-reaction-slx-navyblack-n-black/1141600,html,2026-10-05
Cube,Cube Reaction [b5582c5d],Cube Reaction SLX,,mtb,XL,XL,,,,,,658,452,"{""Tubo del sillín"": ""535"", ""Tubo Horizontal"": ""640"", ""Ángulo del asiento"": ""74°"", ""Ángulo del tubo de dirección"": ""68.2°"", ""Longitud de Vainas"": ""452"", ""Tubo de dirección"": ""142"", ""Distancia entre ejes"": ""1181"", ""Altura del pedalier al eje del buje"": ""65"", ""Altura de proyección - 80mm"": ""843"", ""Reach"": ""452"", ""Stack"": ""658""}",1299,false,https://www.cube.eu/es-es/cube-reaction-slx-navyblack-n-black/1141600,https://www.cube.eu/es-es/cube-reaction-slx-navyblack-n-black/1141600,html,2026-10-05
Cube,Cube Reaction [b5582c5d],Cube Reaction Pro,,mtb,XS,XS,,,,,,601,383,"{""Tubo del sillín"": ""340"", ""Tubo Horizontal"": ""555"", ""Ángulo del asiento"": ""74°"", ""Ángulo del tubo de dirección"": ""68.2°"", ""Longitud de Vainas"": ""437"", ""Tubo de dirección"": ""112"", ""Distancia entre ejes"": ""1076"", ""Altura del pedalier al eje del buje"": ""52"", ""Altura de proyección - 80mm"": ""703"", ""Reach"": ""383"", ""Stack"": ""601""}",999,false,https://www.cube.eu/es-es/cube-reaction-pro-emerald-n-blue/1141210,https://www.cube.eu/es-es/cube-reaction-pro-emerald-n-blue/1141210,html,2026-10-05
Cube,Cube Reaction [b5582c5d],Cube Reaction Pro,,mtb,S,S,,,,,,616,400,"{""Tubo del sillín"": ""375"", ""Tubo Horizontal"": ""576"", ""Ángulo del asiento"": ""74°"", ""Ángulo del tubo de dirección"": ""68.2°"", ""Longitud de Vainas"": ""437"", ""Tubo de dirección"": ""128"", ""Distancia entre ejes"": ""1090"", ""Altura del pedalier al eje del buje"": ""52"", ""Altura de proyección - 80mm"": ""727"", ""Reach"": ""400"", ""Stack"": ""616""}",999,false,https://www.cube.eu/es-es/cube-reaction-pro-emerald-n-blue/1141210,https://www.cube.eu/es-es/cube-reaction-pro-emerald-n-blue/1141210,html,2026-10-05
Cube,Cube Reaction [b5582c5d],Cube Reaction Pro,,mtb,M,M,,,,,,630,417,"{""Tubo del sillín"": ""430"", ""Tubo Horizontal"": ""598"", ""Ángulo del asiento"": ""74°"", ""Ángulo del tubo de dirección"": ""68.2°"", ""Longitud de Vainas"": ""452"", ""Tubo de dirección"": ""112"", ""Distancia entre ejes"": ""1136"", ""Altura del pedalier al eje del buje"": ""65"", ""Altura de proyección - 80mm"": ""771"", ""Reach"": ""417"", ""Stack"": ""630""}",999,false,https://www.cube.eu/es-es/cube-reaction-pro-emerald-n-blue/1141210,https://www.cube.eu/es-es/cube-reaction-pro-emerald-n-blue/1141210,html,2026-10-05
Cube,Cube Reaction [b5582c5d],Cube Reaction Pro,,mtb,L,L,,,,,,644,434,"{""Tubo del sillín"": ""485"", ""Tubo Horizontal"": ""619"", ""Ángulo del asiento"": ""74°"", ""Ángulo del tubo de dirección"": ""68.2°"", ""Longitud de Vainas"": ""452"", ""Tubo de dirección"": ""127"", ""Distancia entre ejes"": ""1158"", ""Altura del pedalier al eje del buje"": ""65"", ""Altura de proyección - 80mm"": ""809"", ""Reach"": ""434"", ""Stack"": ""644""}",999,false,https://www.cube.eu/es-es/cube-reaction-pro-emerald-n-blue/1141210,https://www.cube.eu/es-es/cube-reaction-pro-emerald-n-blue/1141210,html,2026-10-05
Cube,Cube Reaction [b5582c5d],Cube Reaction Pro,,mtb,XL,XL,,,,,,658,452,"{""Tubo del sillín"": ""535"", ""Tubo Horizontal"": ""640"", ""Ángulo del asiento"": ""74°"", ""Ángulo del tubo de dirección"": ""68.2°"", ""Longitud de Vainas"": ""452"", ""Tubo de dirección"": ""142"", ""Distancia entre ejes"": ""1181"", ""Altura del pedalier al eje del buje"": ""65"", ""Altura de proyección - 80mm"": ""843"", ""Reach"": ""452"", ""Stack"": ""658""}",999,false,https://www.cube.eu/es-es/cube-reaction-pro-emerald-n-blue/1141210,https://www.cube.eu/es-es/cube-reaction-pro-emerald-n-blue/1141210,html,2026-10-05
Cube,Cube Aim [ec9dead2],Cube Aim SLT,,mtb,XS,XS,,,,,,602,384,"{""Tubo del sillín"": ""340"", ""Tubo Horizontal"": ""555"", ""Ángulo del asiento"": ""74°"", ""Ángulo del tubo de dirección"": ""68.2°"", ""Longitud de Vainas"": ""437"", ""Tubo de dirección"": ""111"", ""Distancia entre ejes"": ""1082"", ""Altura del pedalier al eje del buje"": ""52"", ""Altura de proyección - 80mm"": ""710"", ""Reach"": ""384"", ""Stack"": ""602""}",799,false,https://www.cube.eu/es-es/cube-aim-slt-cappuccino-n-black/1140910,https://www.cube.eu/es-es/cube-aim-slt-cappuccino-n-black/1140910,html,2026-10-05
Cube,Cube Aim [ec9dead2],Cube Aim SLT,,mtb,S,S,,,,,,619,398,"{""Tubo del sillín"": ""375"", ""Tubo Horizontal"": ""576"", ""Ángulo del asiento"": ""74°"", ""Ángulo del tubo de dirección"": ""68.2°"", ""Longitud de Vainas"": ""437"", ""Tubo de dirección"": ""130"", ""Distancia entre ejes"": ""1096"", ""Altura del pedalier al eje del buje"": ""52"", ""Altura de proyección - 80mm"": ""734"", ""Reach"": ""398"", ""Stack"": ""619""}",799,false,https://www.cube.eu/es-es/cube-aim-slt-cappuccino-n-black/1140910,https://www.cube.eu/es-es/cube-aim-slt-cappuccino-n-black/1140910,html,2026-10-05
Cube,Cube Aim [ec9dead2],Cube Aim SLT,,mtb,M,M,,,,,,641,414,"{""Tubo del sillín"": ""430"", ""Tubo Horizontal"": ""598"", ""Ángulo del asiento"": ""74°"", ""Ángulo del tubo de dirección"": ""68.2°"", ""Longitud de Vainas"": ""452"", ""Tubo de dirección"": ""119"", ""Distancia entre ejes"": ""1141"", ""Altura del pedalier al eje del buje"": ""65"", ""Altura de proyección - 80mm"": ""786"", ""Reach"": ""414"", ""Stack"": ""641""}",799,false,https://www.cube.eu/es-es/cube-aim-slt-cappuccino-n-black/1140910,https://www.cube.eu/es-es/cube-aim-slt-cappuccino-n-black/1140910,html,2026-10-05
Cube,Cube Aim [ec9dead2],Cube Aim SLT,,mtb,L,L,,,,,,655,431,"{""Tubo del sillín"": ""485"", ""Tubo Horizontal"": ""619"", ""Ángulo del asiento"": ""74°"", ""Ángulo del tubo de dirección"": ""68.2°"", ""Longitud de Vainas"": ""452"", ""Tubo de dirección"": ""134"", ""Distancia entre ejes"": ""1164"", ""Altura del pedalier al eje del buje"": ""65"", ""Altura de proyección - 80mm"": ""823"", ""Reach"": ""431"", ""Stack"": ""655""}",799,false,https://www.cube.eu/es-es/cube-aim-slt-cappuccino-n-black/1140910,https://www.cube.eu/es-es/cube-aim-slt-cappuccino-n-black/1140910,html,2026-10-05
Cube,Cube Aim [ec9dead2],Cube Aim SLT,,mtb,XL,XL,,,,,,678,446,"{""Tubo del sillín"": ""535"", ""Tubo Horizontal"": ""619"", ""Ángulo del asiento"": ""74°"", ""Ángulo del tubo de dirección"": ""68.2°"", ""Longitud de Vainas"": ""452"", ""Tubo de dirección"": ""159"", ""Distancia entre ejes"": ""1188"", ""Altura del pedalier al eje del buje"": ""65"", ""Altura de proyección - 80mm"": ""862"", ""Reach"": ""446"", ""Stack"": ""678""}",799,false,https://www.cube.eu/es-es/cube-aim-slt-cappuccino-n-black/1140910,https://www.cube.eu/es-es/cube-aim-slt-cappuccino-n-black/1140910,html,2026-10-05
Cube,Cube Aim [ec9dead2],Cube Aim SLX FE,,mtb,XS,XS,,,,,,602,384,"{""Tubo del sillín"": ""340"", ""Tubo Horizontal"": ""555"", ""Ángulo del asiento"": ""74°"", ""Ángulo del tubo de dirección"": ""68.2°"", ""Longitud de Vainas"": ""437"", ""Tubo de dirección"": ""111"", ""Distancia entre ejes"": ""1082"", ""Altura del pedalier al eje del buje"": ""52"", ""Altura de proyección - 80mm"": ""710"", ""Reach"": ""384"", ""Stack"": ""602""}",799,false,https://www.cube.eu/es-es/cube-aim-slx-fe-rustyrose-n-peach/1140670,https://www.cube.eu/es-es/cube-aim-slx-fe-rustyrose-n-peach/1140670,html,2026-10-05
Cube,Cube Aim [ec9dead2],Cube Aim SLX FE,,mtb,S,S,,,,,,619,398,"{""Tubo del sillín"": ""375"", ""Tubo Horizontal"": ""576"", ""Ángulo del asiento"": ""74°"", ""Ángulo del tubo de dirección"": ""68.2°"", ""Longitud de Vainas"": ""437"", ""Tubo de dirección"": ""130"", ""Distancia entre ejes"": ""1096"", ""Altura del pedalier al eje del buje"": ""52"", ""Altura de proyección - 80mm"": ""734"", ""Reach"": ""398"", ""Stack"": ""619""}",799,false,https://www.cube.eu/es-es/cube-aim-slx-fe-rustyrose-n-peach/1140670,https://www.cube.eu/es-es/cube-aim-slx-fe-rustyrose-n-peach/1140670,html,2026-10-05
Cube,Cube Aim [ec9dead2],Cube Aim SLX FE,,mtb,M,M,,,,,,641,414,"{""Tubo del sillín"": ""430"", ""Tubo Horizontal"": ""598"", ""Ángulo del asiento"": ""74°"", ""Ángulo del tubo de dirección"": ""68.2°"", ""Longitud de Vainas"": ""452"", ""Tubo de dirección"": ""119"", ""Distancia entre ejes"": ""1141"", ""Altura del pedalier al eje del buje"": ""65"", ""Altura de proyección - 80mm"": ""786"", ""Reach"": ""414"", ""Stack"": ""641""}",799,false,https://www.cube.eu/es-es/cube-aim-slx-fe-rustyrose-n-peach/1140670,https://www.cube.eu/es-es/cube-aim-slx-fe-rustyrose-n-peach/1140670,html,2026-10-05
Cube,Cube Aim [ec9dead2],Cube Aim SLX FE,,mtb,L,L,,,,,,655,431,"{""Tubo del sillín"": ""485"", ""Tubo Horizontal"": ""619"", ""Ángulo del asiento"": ""74°"", ""Ángulo del tubo de dirección"": ""68.2°"", ""Longitud de Vainas"": ""452"", ""Tubo de dirección"": ""134"", ""Distancia entre ejes"": ""1164"", ""Altura del pedalier al eje del buje"": ""65"", ""Altura de proyección - 80mm"": ""823"", ""Reach"": ""431"", ""Stack"": ""655""}",799,false,https://www.cube.eu/es-es/cube-aim-slx-fe-rustyrose-n-peach/1140670,https://www.cube.eu/es-es/cube-aim-slx-fe-rustyrose-n-peach/1140670,html,2026-10-05
Cube,Cube Aim [ec9dead2],Cube Aim SLX FE,,mtb,XL,XL,,,,,,678,446,"{""Tubo del sillín"": ""535"", ""Tubo Horizontal"": ""619"", ""Ángulo del asiento"": ""74°"", ""Ángulo del tubo de dirección"": ""68.2°"", ""Longitud de Vainas"": ""452"", ""Tubo de dirección"": ""159"", ""Distancia entre ejes"": ""1188"", ""Altura del pedalier al eje del buje"": ""65"", ""Altura de proyección - 80mm"": ""862"", ""Reach"": ""446"", ""Stack"": ""678""}",799,false,https://www.cube.eu/es-es/cube-aim-slx-fe-rustyrose-n-peach/1140670,https://www.cube.eu/es-es/cube-aim-slx-fe-rustyrose-n-peach/1140670,html,2026-10-05
Cube,Cube Aim [ec9dead2],Cube Aim Pro FE,,mtb,XS,XS,,,,,,602,384,"{""Tubo del sillín"": ""340"", ""Tubo Horizontal"": ""555"", ""Ángulo del asiento"": ""74°"", ""Ángulo del tubo de dirección"": ""68.2°"", ""Longitud de Vainas"": ""437"", ""Tubo de dirección"": ""111"", ""Distancia entre ejes"": ""1082"", ""Altura del pedalier al eje del buje"": ""52"", ""Altura de proyección - 80mm"": ""710"", ""Reach"": ""384"", ""Stack"": ""602""}",699,false,https://www.cube.eu/es-es/cube-aim-pro-fe-aloegreen-n-green/1140270,https://www.cube.eu/es-es/cube-aim-pro-fe-aloegreen-n-green/1140270,html,2026-10-05
Cube,Cube Aim [ec9dead2],Cube Aim Pro FE,,mtb,S,S,,,,,,619,398,"{""Tubo del sillín"": ""375"", ""Tubo Horizontal"": ""576"", ""Ángulo del asiento"": ""74°"", ""Ángulo del tubo de dirección"": ""68.2°"", ""Longitud de Vainas"": ""437"", ""Tubo de dirección"": ""130"", ""Distancia entre ejes"": ""1096"", ""Altura del pedalier al eje del buje"": ""52"", ""Altura de proyección - 80mm"": ""734"", ""Reach"": ""398"", ""Stack"": ""619""}",699,false,https://www.cube.eu/es-es/cube-aim-pro-fe-aloegreen-n-green/1140270,https://www.cube.eu/es-es/cube-aim-pro-fe-aloegreen-n-green/1140270,html,2026-10-05
Cube,Cube Aim [ec9dead2],Cube Aim Pro FE,,mtb,M,M,,,,,,641,414,"{""Tubo del sillín"": ""430"", ""Tubo Horizontal"": ""598"", ""Ángulo del asiento"": ""74°"", ""Ángulo del tubo de dirección"": ""68.2°"", ""Longitud de Vainas"": ""452"", ""Tubo de dirección"": ""119"", ""Distancia entre ejes"": ""1141"", ""Altura del pedalier al eje del buje"": ""65"", ""Altura de proyección - 80mm"": ""786"", ""Reach"": ""414"", ""Stack"": ""641""}",699,false,https://www.cube.eu/es-es/cube-aim-pro-fe-aloegreen-n-green/1140270,https://www.cube.eu/es-es/cube-aim-pro-fe-aloegreen-n-green/1140270,html,2026-10-05
Cube,Cube Aim [ec9dead2],Cube Aim Pro FE,,mtb,L,L,,,,,,655,431,"{""Tubo del sillín"": ""485"", ""Tubo Horizontal"": ""619"", ""Ángulo del asiento"": ""74°"", ""Ángulo del tubo de dirección"": ""68.2°"", ""Longitud de Vainas"": ""452"", ""Tubo de dirección"": ""134"", ""Distancia entre ejes"": ""1164"", ""Altura del pedalier al eje del buje"": ""65"", ""Altura de proyección - 80mm"": ""823"", ""Reach"": ""431"", ""Stack"": ""655""}",699,false,https://www.cube.eu/es-es/cube-aim-pro-fe-aloegreen-n-green/1140270,https://www.cube.eu/es-es/cube-aim-pro-fe-aloegreen-n-green/1140270,html,2026-10-05
Cube,Cube Aim [ec9dead2],Cube Aim Pro FE,,mtb,XL,XL,,,,,,678,446,"{""Tubo del sillín"": ""535"", ""Tubo Horizontal"": ""619"", ""Ángulo del asiento"": ""74°"", ""Ángulo del tubo de dirección"": ""68.2°"", ""Longitud de Vainas"": ""452"", ""Tubo de dirección"": ""159"", ""Distancia entre ejes"": ""1188"", ""Altura del pedalier al eje del buje"": ""65"", ""Altura de proyección - 80mm"": ""862"", ""Reach"": ""446"", ""Stack"": ""678""}",699,false,https://www.cube.eu/es-es/cube-aim-pro-fe-aloegreen-n-green/1140270,https://www.cube.eu/es-es/cube-aim-pro-fe-aloegreen-n-green/1140270,html,2026-10-05
Cube,Cube Aim [ec9dead2],Cube Aim SLX,,mtb,XS,XS,,,,,,602,384,"{""Tubo del sillín"": ""340"", ""Tubo Horizontal"": ""555"", ""Ángulo del asiento"": ""74°"", ""Ángulo del tubo de dirección"": ""68.2°"", ""Longitud de Vainas"": ""437"", ""Tubo de dirección"": ""111"", ""Distancia entre ejes"": ""1082"", ""Altura del pedalier al eje del buje"": ""52"", ""Altura de proyección - 80mm"": ""710"", ""Reach"": ""384"", ""Stack"": ""602""}",699,false,https://www.cube.eu/es-es/cube-aim-slx-rustyrose-n-peach/1140620,https://www.cube.eu/es-es/cube-aim-slx-rustyrose-n-peach/1140620,html,2026-10-05
Cube,Cube Aim [ec9dead2],Cube Aim SLX,,mtb,S,S,,,,,,619,398,"{""Tubo del sillín"": ""375"", ""Tubo Horizontal"": ""576"", ""Ángulo del asiento"": ""74°"", ""Ángulo del tubo de dirección"": ""68.2°"", ""Longitud de Vainas"": ""437"", ""Tubo de dirección"": ""130"", ""Distancia entre ejes"": ""1096"", ""Altura del pedalier al eje del buje"": ""52"", ""Altura de proyección - 80mm"": ""734"", ""Reach"": ""398"", ""Stack"": ""619""}",699,false,https://www.cube.eu/es-es/cube-aim-slx-rustyrose-n-peach/1140620,https://www.cube.eu/es-es/cube-aim-slx-rustyrose-n-peach/1140620,html,2026-10-05
Cube,Cube Aim [ec9dead2],Cube Aim SLX,,mtb,M,M,,,,,,641,414,"{""Tubo del sillín"": ""430"", ""Tubo Horizontal"": ""598"", ""Ángulo del asiento"": ""74°"", ""Ángulo del tubo de dirección"": ""68.2°"", ""Longitud de Vainas"": ""452"", ""Tubo de dirección"": ""119"", ""Distancia entre ejes"": ""1141"", ""Altura del pedalier al eje del buje"": ""65"", ""Altura de proyección - 80mm"": ""786"", ""Reach"": ""414"", ""Stack"": ""641""}",699,false,https://www.cube.eu/es-es/cube-aim-slx-rustyrose-n-peach/1140620,https://www.cube.eu/es-es/cube-aim-slx-rustyrose-n-peach/1140620,html,2026-10-05
Cube,Cube Aim [ec9dead2],Cube Aim SLX,,mtb,L,L,,,,,,655,431,"{""Tubo del sillín"": ""485"", ""Tubo Horizontal"": ""619"", ""Ángulo del asiento"": ""74°"", ""Ángulo del tubo de dirección"": ""68.2°"", ""Longitud de Vainas"": ""452"", ""Tubo de dirección"": ""134"", ""Distancia entre ejes"": ""1164"", ""Altura del pedalier al eje del buje"": ""65"", ""Altura de proyección - 80mm"": ""823"", ""Reach"": ""431"", ""Stack"": ""655""}",699,false,https://www.cube.eu/es-es/cube-aim-slx-rustyrose-n-peach/1140620,https://www.cube.eu/es-es/cube-aim-slx-rustyrose-n-peach/1140620,html,2026-10-05
Cube,Cube Aim [ec9dead2],Cube Aim SLX,,mtb,XL,XL,,,,,,678,446,"{""Tubo del sillín"": ""535"", ""Tubo Horizontal"": ""619"", ""Ángulo del asiento"": ""74°"", ""Ángulo del tubo de dirección"": ""68.2°"", ""Longitud de Vainas"": ""452"", ""Tubo de dirección"": ""159"", ""Distancia entre ejes"": ""1188"", ""Altura del pedalier al eje del buje"": ""65"", ""Altura de proyección - 80mm"": ""862"", ""Reach"": ""446"", ""Stack"": ""678""}",699,false,https://www.cube.eu/es-es/cube-aim-slx-rustyrose-n-peach/1140620,https://www.cube.eu/es-es/cube-aim-slx-rustyrose-n-peach/1140620,html,2026-10-05
Cube,Cube Aim [ec9dead2],Cube Aim ONE FE,,mtb,XS,XS,,,,,,602,384,"{""Tubo del sillín"": ""340"", ""Tubo Horizontal"": ""555"", ""Ángulo del asiento"": ""74°"", ""Ángulo del tubo de dirección"": ""68.2°"", ""Longitud de Vainas"": ""437"", ""Tubo de dirección"": ""111"", ""Distancia entre ejes"": ""1082"", ""Altura del pedalier al eje del buje"": ""52"", ""Altura de proyección - 80mm"": ""710"", ""Reach"": ""384"", ""Stack"": ""602""}",599,false,https://www.cube.eu/es-es/cube-aim-one-fe-metallicwhite-n-black/1140160,https://www.cube.eu/es-es/cube-aim-one-fe-metallicwhite-n-black/1140160,html,2026-10-05
Cube,Cube Aim [ec9dead2],Cube Aim ONE FE,,mtb,S,S,,,,,,619,398,"{""Tubo del sillín"": ""375"", ""Tubo Horizontal"": ""576"", ""Ángulo del asiento"": ""74°"", ""Ángulo del tubo de dirección"": ""68.2°"", ""Longitud de Vainas"": ""437"", ""Tubo de dirección"": ""130"", ""Distancia entre ejes"": ""1096"", ""Altura del pedalier al eje del buje"": ""52"", ""Altura de proyección - 80mm"": ""734"", ""Reach"": ""398"", ""Stack"": ""619""}",599,false,https://www.cube.eu/es-es/cube-aim-one-fe-metallicwhite-n-black/1140160,https://www.cube.eu/es-es/cube-aim-one-fe-metallicwhite-n-black/1140160,html,2026-10-05
Cube,Cube Aim [ec9dead2],Cube Aim ONE FE,,mtb,M,M,,,,,,641,414,"{""Tubo del sillín"": ""430"", ""Tubo Horizontal"": ""598"", ""Ángulo del asiento"": ""74°"", ""Ángulo del tubo de dirección"": ""68.2°"", ""Longitud de Vainas"": ""452"", ""Tubo de dirección"": ""119"", ""Distancia entre ejes"": ""1141"", ""Altura del pedalier al eje del buje"": ""65"", ""Altura de proyección - 80mm"": ""786"", ""Reach"": ""414"", ""Stack"": ""641""}",599,false,https://www.cube.eu/es-es/cube-aim-one-fe-metallicwhite-n-black/1140160,https://www.cube.eu/es-es/cube-aim-one-fe-metallicwhite-n-black/1140160,html,2026-10-05
Cube,Cube Aim [ec9dead2],Cube Aim ONE FE,,mtb,L,L,,,,,,655,431,"{""Tubo del sillín"": ""485"", ""Tubo Horizontal"": ""619"", ""Ángulo del asiento"": ""74°"", ""Ángulo del tubo de dirección"": ""68.2°"", ""Longitud de Vainas"": ""452"", ""Tubo de dirección"": ""134"", ""Distancia entre ejes"": ""1164"", ""Altura del pedalier al eje del buje"": ""65"", ""Altura de proyección - 80mm"": ""823"", ""Reach"": ""431"", ""Stack"": ""655""}",599,false,https://www.cube.eu/es-es/cube-aim-one-fe-metallicwhite-n-black/1140160,https://www.cube.eu/es-es/cube-aim-one-fe-metallicwhite-n-black/1140160,html,2026-10-05
Cube,Cube Aim [ec9dead2],Cube Aim ONE FE,,mtb,XL,XL,,,,,,678,446,"{""Tubo del sillín"": ""535"", ""Tubo Horizontal"": ""619"", ""Ángulo del asiento"": ""74°"", ""Ángulo del tubo de dirección"": ""68.2°"", ""Longitud de Vainas"": ""452"", ""Tubo de dirección"": ""159"", ""Distancia entre ejes"": ""1188"", ""Altura del pedalier al eje del buje"": ""65"", ""Altura de proyección - 80mm"": ""862"", ""Reach"": ""446"", ""Stack"": ""678""}",599,false,https://www.cube.eu/es-es/cube-aim-one-fe-metallicwhite-n-black/1140160,https://www.cube.eu/es-es/cube-aim-one-fe-metallicwhite-n-black/1140160,html,2026-10-05
Cube,Cube Aim [ec9dead2],Cube Aim Pro,,mtb,XS,XS,,,,,,602,384,"{""Tubo del sillín"": ""340"", ""Tubo Horizontal"": ""555"", ""Ángulo del asiento"": ""74°"", ""Ángulo del tubo de dirección"": ""68.2°"", ""Longitud de Vainas"": ""437"", ""Tubo de dirección"": ""111"", ""Distancia entre ejes"": ""1082"", ""Altura del pedalier al eje del buje"": ""52"", ""Altura de proyección - 80mm"": ""710"", ""Reach"": ""384"", ""Stack"": ""602""}",599,false,https://www.cube.eu/es-es/cube-aim-pro-aloegreen-n-green/1140220,https://www.cube.eu/es-es/cube-aim-pro-aloegreen-n-green/1140220,html,2026-10-05
Cube,Cube Aim [ec9dead2],Cube Aim Pro,,mtb,S,S,,,,,,619,398,"{""Tubo del sillín"": ""375"", ""Tubo Horizontal"": ""576"", ""Ángulo del asiento"": ""74°"", ""Ángulo del tubo de dirección"": ""68.2°"", ""Longitud de Vainas"": ""437"", ""Tubo de dirección"": ""130"", ""Distancia entre ejes"": ""1096"", ""Altura del pedalier al eje del buje"": ""52"", ""Altura de proyección - 80mm"": ""734"", ""Reach"": ""398"", ""Stack"": ""619""}",599,false,https://www.cube.eu/es-es/cube-aim-pro-aloegreen-n-green/1140220,https://www.cube.eu/es-es/cube-aim-pro-aloegreen-n-green/1140220,html,2026-10-05
Cube,Cube Aim [ec9dead2],Cube Aim Pro,,mtb,M,M,,,,,,641,414,"{""Tubo del sillín"": ""430"", ""Tubo Horizontal"": ""598"", ""Ángulo del asiento"": ""74°"", ""Ángulo del tubo de dirección"": ""68.2°"", ""Longitud de Vainas"": ""452"", ""Tubo de dirección"": ""119"", ""Distancia entre ejes"": ""1141"", ""Altura del pedalier al eje del buje"": ""65"", ""Altura de proyección - 80mm"": ""786"", ""Reach"": ""414"", ""Stack"": ""641""}",599,false,https://www.cube.eu/es-es/cube-aim-pro-aloegreen-n-green/1140220,https://www.cube.eu/es-es/cube-aim-pro-aloegreen-n-green/1140220,html,2026-10-05
Cube,Cube Aim [ec9dead2],Cube Aim Pro,,mtb,L,L,,,,,,655,431,"{""Tubo del sillín"": ""485"", ""Tubo Horizontal"": ""619"", ""Ángulo del asiento"": ""74°"", ""Ángulo del tubo de dirección"": ""68.2°"", ""Longitud de Vainas"": ""452"", ""Tubo de dirección"": ""134"", ""Distancia entre ejes"": ""1164"", ""Altura del pedalier al eje del buje"": ""65"", ""Altura de proyección - 80mm"": ""823"", ""Reach"": ""431"", ""Stack"": ""655""}",599,false,https://www.cube.eu/es-es/cube-aim-pro-aloegreen-n-green/1140220,https://www.cube.eu/es-es/cube-aim-pro-aloegreen-n-green/1140220,html,2026-10-05
Cube,Cube Aim [ec9dead2],Cube Aim Pro,,mtb,XL,XL,,,,,,678,446,"{""Tubo del sillín"": ""535"", ""Tubo Horizontal"": ""619"", ""Ángulo del asiento"": ""74°"", ""Ángulo del tubo de dirección"": ""68.2°"", ""Longitud de Vainas"": ""452"", ""Tubo de dirección"": ""159"", ""Distancia entre ejes"": ""1188"", ""Altura del pedalier al eje del buje"": ""65"", ""Altura de proyección - 80mm"": ""862"", ""Reach"": ""446"", ""Stack"": ""678""}",599,false,https://www.cube.eu/es-es/cube-aim-pro-aloegreen-n-green/1140220,https://www.cube.eu/es-es/cube-aim-pro-aloegreen-n-green/1140220,html,2026-10-05
Cube,Cube Aim [ec9dead2],Cube Aim ONE,,mtb,XS,XS,,,,,,602,384,"{""Tubo del sillín"": ""340"", ""Tubo Horizontal"": ""555"", ""Ángulo del asiento"": ""74°"", ""Ángulo del tubo de dirección"": ""68.2°"", ""Longitud de Vainas"": ""437"", ""Tubo de dirección"": ""111"", ""Distancia entre ejes"": ""1082"", ""Altura del pedalier al eje del buje"": ""52"", ""Altura de proyección - 80mm"": ""710"", ""Reach"": ""384"", ""Stack"": ""602""}",499,false,https://www.cube.eu/es-es/cube-aim-one-metallicwhite-n-black/1140110,https://www.cube.eu/es-es/cube-aim-one-metallicwhite-n-black/1140110,html,2026-10-05
Cube,Cube Aim [ec9dead2],Cube Aim ONE,,mtb,S,S,,,,,,619,398,"{""Tubo del sillín"": ""375"", ""Tubo Horizontal"": ""576"", ""Ángulo del asiento"": ""74°"", ""Ángulo del tubo de dirección"": ""68.2°"", ""Longitud de Vainas"": ""437"", ""Tubo de dirección"": ""130"", ""Distancia entre ejes"": ""1096"", ""Altura del pedalier al eje del buje"": ""52"", ""Altura de proyección - 80mm"": ""734"", ""Reach"": ""398"", ""Stack"": ""619""}",499,false,https://www.cube.eu/es-es/cube-aim-one-metallicwhite-n-black/1140110,https://www.cube.eu/es-es/cube-aim-one-metallicwhite-n-black/1140110,html,2026-10-05
Cube,Cube Aim [ec9dead2],Cube Aim ONE,,mtb,M,M,,,,,,641,414,"{""Tubo del sillín"": ""430"", ""Tubo Horizontal"": ""598"", ""Ángulo del asiento"": ""74°"", ""Ángulo del tubo de dirección"": ""68.2°"", ""Longitud de Vainas"": ""452"", ""Tubo de dirección"": ""119"", ""Distancia entre ejes"": ""1141"", ""Altura del pedalier al eje del buje"": ""65"", ""Altura de proyección - 80mm"": ""786"", ""Reach"": ""414"", ""Stack"": ""641""}",499,false,https://www.cube.eu/es-es/cube-aim-one-metallicwhite-n-black/1140110,https://www.cube.eu/es-es/cube-aim-one-metallicwhite-n-black/1140110,html,2026-10-05
Cube,Cube Aim [ec9dead2],Cube Aim ONE,,mtb,L,L,,,,,,655,431,"{""Tubo del sillín"": ""485"", ""Tubo Horizontal"": ""619"", ""Ángulo del asiento"": ""74°"", ""Ángulo del tubo de dirección"": ""68.2°"", ""Longitud de Vainas"": ""452"", ""Tubo de dirección"": ""134"", ""Distancia entre ejes"": ""1164"", ""Altura del pedalier al eje del buje"": ""65"", ""Altura de proyección - 80mm"": ""823"", ""Reach"": ""431"", ""Stack"": ""655""}",499,false,https://www.cube.eu/es-es/cube-aim-one-metallicwhite-n-black/1140110,https://www.cube.eu/es-es/cube-aim-one-metallicwhite-n-black/1140110,html,2026-10-05
Cube,Cube Aim [ec9dead2],Cube Aim ONE,,mtb,XL,XL,,,,,,678,446,"{""Tubo del sillín"": ""535"", ""Tubo Horizontal"": ""619"", ""Ángulo del asiento"": ""74°"", ""Ángulo del tubo de dirección"": ""68.2°"", ""Longitud de Vainas"": ""452"", ""Tubo de dirección"": ""159"", ""Distancia entre ejes"": ""1188"", ""Altura del pedalier al eje del buje"": ""65"", ""Altura de proyección - 80mm"": ""862"", ""Reach"": ""446"", ""Stack"": ""678""}",499,false,https://www.cube.eu/es-es/cube-aim-one-metallicwhite-n-black/1140110,https://www.cube.eu/es-es/cube-aim-one-metallicwhite-n-black/1140110,html,2026-10-05
Cube,Cube Stereo C:62 [4dd258eb],Cube Stereo C:62 SLT,,mtb,S,S,,,,,,619,430,"{""Tubo del sillín"": ""370"", ""Tubo Horizontal"": ""565 / 566"", ""Ángulo del asiento"": ""76.7° / 76.5°"", ""Ángulo del tubo de dirección"": ""64.2° / 64.4°"", ""Longitud de Vainas"": ""439"", ""Tubo de dirección"": ""100"", ""Distancia entre ejes"": ""1198 / 1195"", ""Altura del pedalier al eje del buje"": ""36 / 34"", ""Altura de proyección - 80mm"": ""733"", ""Reach"": ""430 / 428"", ""Stack"": ""619 / 621""}",5499,false,https://www.cube.eu/es-es/cube-stereo-c-62-slt-artichoke-n-black/1172900,https://www.cube.eu/es-es/cube-stereo-c-62-slt-artichoke-n-black/1172900,html,2026-10-05
Cube,Cube Stereo C:62 [4dd258eb],Cube Stereo C:62 SLT,,mtb,M,M,,,,,,625,455,"{""Tubo del sillín"": ""405"", ""Tubo Horizontal"": ""592 / 594"", ""Ángulo del asiento"": ""77.6° / 77.3°"", ""Ángulo del tubo de dirección"": ""64.2° / 64.8°"", ""Longitud de Vainas"": ""439"", ""Tubo de dirección"": ""106"", ""Distancia entre ejes"": ""1225 / 1218"", ""Altura del pedalier al eje del buje"": ""36 / 34"", ""Altura de proyección - 80mm"": ""730"", ""Reach"": ""455 / 453"", ""Stack"": ""625 / 627""}",5499,false,https://www.cube.eu/es-es/cube-stereo-c-62-slt-artichoke-n-black/1172900,https://www.cube.eu/es-es/cube-stereo-c-62-slt-artichoke-n-black/1172900,html,2026-10-05
Cube,Cube Stereo C:62 [4dd258eb],Cube Stereo C:62 SLT,,mtb,L,L,,,,,,634,480,"{""Tubo del sillín"": ""420"", ""Tubo Horizontal"": ""620 / 622"", ""Ángulo del asiento"": ""77.5° / 76.5°"", ""Ángulo del tubo de dirección"": ""64.2° / 64.8°"", ""Longitud de Vainas"": ""439"", ""Tubo de dirección"": ""116"", ""Distancia entre ejes"": ""1255 / 1247"", ""Altura del pedalier al eje del buje"": ""36 / 34"", ""Altura de proyección - 80mm"": ""731"", ""Reach"": ""480 / 478"", ""Stack"": ""634 / 636""}",5499,false,https://www.cube.eu/es-es/cube-stereo-c-62-slt-artichoke-n-black/1172900,https://www.cube.eu/es-es/cube-stereo-c-62-slt-artichoke-n-black/1172900,html,2026-10-05
Cube,Cube Stereo C:62 [4dd258eb],Cube Stereo C:62 SLT,,mtb,XL,XL,,,,,,652,505,"{""Tubo del sillín"": ""470"", ""Tubo Horizontal"": ""652 / 653"", ""Ángulo del asiento"": ""77.3° / 76.5°"", ""Ángulo del tubo de dirección"": ""64.2° / 64.8°"", ""Longitud de Vainas"": ""439"", ""Tubo de dirección"": ""136"", ""Distancia entre ejes"": ""1288 / 1281"", ""Altura del pedalier al eje del buje"": ""36 / 34"", ""Altura de proyección - 80mm"": ""733"", ""Reach"": ""505 / 503"", ""Stack"": ""652 / 654""}",5499,false,https://www.cube.eu/es-es/cube-stereo-c-62-slt-artichoke-n-black/1172900,https://www.cube.eu/es-es/cube-stereo-c-62-slt-artichoke-n-black/1172900,html,2026-10-05
Cube,Cube Stereo C:62 [4dd258eb],Cube Stereo C:62 Super TM,,mtb,S,S,,,,,,619,430,"{""Tubo del sillín"": ""370"", ""Tubo Horizontal"": ""565 / 566"", ""Ángulo del asiento"": ""76.7° / 76.5°"", ""Ángulo del tubo de dirección"": ""64.2° / 64.4°"", ""Longitud de Vainas"": ""439"", ""Tubo de dirección"": ""100"", ""Distancia entre ejes"": ""1198 / 1195"", ""Altura del pedalier al eje del buje"": ""36 / 34"", ""Altura de proyección - 80mm"": ""733"", ""Reach"": ""430 / 428"", ""Stack"": ""619 / 621""}",4999,false,https://www.cube.eu/es-es/cube-stereo-c-62-super-tm-splintercobalt-n-chrome/1172700,https://www.cube.eu/es-es/cube-stereo-c-62-super-tm-splintercobalt-n-chrome/1172700,html,2026-10-05
Cube,Cube Stereo C:62 [4dd258eb],Cube Stereo C:62 Super TM,,mtb,M,M,,,,,,625,455,"{""Tubo del sillín"": ""405"", ""Tubo Horizontal"": ""592 / 594"", ""Ángulo del asiento"": ""77.6° / 77.3°"", ""Ángulo del tubo de dirección"": ""64.2° / 64.8°"", ""Longitud de Vainas"": ""439"", ""Tubo de dirección"": ""106"", ""Distancia entre ejes"": ""1225 / 1218"", ""Altura del pedalier al eje del buje"": ""36 / 34"", ""Altura de proyección - 80mm"": ""730"", ""Reach"": ""455 / 453"", ""Stack"": ""625 / 627""}",4999,false,https://www.cube.eu/es-es/cube-stereo-c-62-super-tm-splintercobalt-n-chrome/1172700,https://www.cube.eu/es-es/cube-stereo-c-62-super-tm-splintercobalt-n-chrome/1172700,html,2026-10-05
Cube,Cube Stereo C:62 [4dd258eb],Cube Stereo C:62 Super TM,,mtb,L,L,,,,,,634,480,"{""Tubo del sillín"": ""420"", ""Tubo Horizontal"": ""620 / 622"", ""Ángulo del asiento"": ""77.5° / 76.5°"", ""Ángulo del tubo de dirección"": ""64.2° / 64.8°"", ""Longitud de Vainas"": ""439"", ""Tubo de dirección"": ""116"", ""Distancia entre ejes"": ""1255 / 1247"", ""Altura del pedalier al eje del buje"": ""36 / 34"", ""Altura de proyección - 80mm"": ""731"", ""Reach"": ""480 / 478"", ""Stack"": ""634 / 636""}",4999,false,https://www.cube.eu/es-es/cube-stereo-c-62-super-tm-splintercobalt-n-chrome/1172700,https://www.cube.eu/es-es/cube-stereo-c-62-super-tm-splintercobalt-n-chrome/1172700,html,2026-10-05
Cube,Cube Stereo C:62 [4dd258eb],Cube Stereo C:62 Super TM,,mtb,XL,XL,,,,,,652,505,"{""Tubo del sillín"": ""470"", ""Tubo Horizontal"": ""652 / 653"", ""Ángulo del asiento"": ""77.3° / 76.5°"", ""Ángulo del tubo de dirección"": ""64.2° / 64.8°"", ""Longitud de Vainas"": ""439"", ""Tubo de dirección"": ""136"", ""Distancia entre ejes"": ""1288 / 1281"", ""Altura del pedalier al eje del buje"": ""36 / 34"", ""Altura de proyección - 80mm"": ""733"", ""Reach"": ""505 / 503"", ""Stack"": ""652 / 654""}",4999,false,https://www.cube.eu/es-es/cube-stereo-c-62-super-tm-splintercobalt-n-chrome/1172700,https://www.cube.eu/es-es/cube-stereo-c-62-super-tm-splintercobalt-n-chrome/1172700,html,2026-10-05
Cube,Cube FRITZZ C:62 [acc58039],Cube FRITZZ C:62 Super TM,,mtb,S,S,,,,,,628,426,"{""Tubo del sillín"": ""370"", ""Tubo Horizontal"": ""567 / 568"", ""Ángulo del asiento"": ""76.9° / 76.7°"", ""Ángulo del tubo de dirección"": ""63.8° / 64.4°"", ""Longitud de Vainas"": ""435"", ""Tubo de dirección"": ""103"", ""Distancia entre ejes"": ""1206 / 1198"", ""Altura del pedalier al eje del buje"": ""7 / 5"", ""Altura de proyección - 80mm"": ""743"", ""Reach"": ""426 / 423"", ""Stack"": ""628 / 630""}",4999,false,https://www.cube.eu/es-es/cube-fritzz-c-62-super-tm-graphiteglitch-n-grey/1173900,https://www.cube.eu/es-es/cube-fritzz-c-62-super-tm-graphiteglitch-n-grey/1173900,html,2026-10-05
Cube,Cube FRITZZ C:62 [acc58039],Cube FRITZZ C:62 Super TM,,mtb,M,M,,,,,,628,452,"{""Tubo del sillín"": ""405"", ""Tubo Horizontal"": ""592 / 593"", ""Ángulo del asiento"": ""76.9° / 76.7°"", ""Ángulo del tubo de dirección"": ""63.8° / 64.4°"", ""Longitud de Vainas"": ""435"", ""Tubo de dirección"": ""103"", ""Distancia entre ejes"": ""1231 / 1223"", ""Altura del pedalier al eje del buje"": ""7 / 5"", ""Altura de proyección - 80mm"": ""737"", ""Reach"": ""452 / 448"", ""Stack"": ""628 / 630""}",4999,false,https://www.cube.eu/es-es/cube-fritzz-c-62-super-tm-graphiteglitch-n-grey/1173900,https://www.cube.eu/es-es/cube-fritzz-c-62-super-tm-graphiteglitch-n-grey/1173900,html,2026-10-05
Cube,Cube FRITZZ C:62 [acc58039],Cube FRITZZ C:62 Super TM,,mtb,L,L,,,,,,629,476,"{""Tubo del sillín"": ""420"", ""Tubo Horizontal"": ""617 / 619"", ""Ángulo del asiento"": ""76.9° / 76.7°"", ""Ángulo del tubo de dirección"": ""63.8° / 64.4°"", ""Longitud de Vainas"": ""435"", ""Tubo de dirección"": ""105"", ""Distancia entre ejes"": ""1256 / 1249"", ""Altura del pedalier al eje del buje"": ""7 / 5"", ""Altura de proyección - 80mm"": ""738"", ""Reach"": ""476 / 473"", ""Stack"": ""629 / 631""}",4999,false,https://www.cube.eu/es-es/cube-fritzz-c-62-super-tm-graphiteglitch-n-grey/1173900,https://www.cube.eu/es-es/cube-fritzz-c-62-super-tm-graphiteglitch-n-grey/1173900,html,2026-10-05
Cube,Cube FRITZZ C:62 [acc58039],Cube FRITZZ C:62 Super TM,,mtb,XL,XL,,,,,,647,496,"{""Tubo del sillín"": ""420"", ""Tubo Horizontal"": ""653 / 654"", ""Ángulo del asiento"": ""76.9° / 76.7°"", ""Ángulo del tubo de dirección"": ""63.8° / 64.4°"", ""Longitud de Vainas"": ""435"", ""Tubo de dirección"": ""125"", ""Distancia entre ejes"": ""1295 / 1287"", ""Altura del pedalier al eje del buje"": ""7 / 5"", ""Altura de proyección - 80mm"": ""741"", ""Reach"": ""496 / 493"", ""Stack"": ""647 / 649""}",4999,false,https://www.cube.eu/es-es/cube-fritzz-c-62-super-tm-graphiteglitch-n-grey/1173900,https://www.cube.eu/es-es/cube-fritzz-c-62-super-tm-graphiteglitch-n-grey/1173900,html,2026-10-05
Cube,Cube FRITZZ C:62 [acc58039],Cube FRITZZ C:62 TM,,mtb,S,S,,,,,,628,426,"{""Tubo del sillín"": ""370"", ""Tubo Horizontal"": ""567 / 568"", ""Ángulo del asiento"": ""76.9° / 76.7°"", ""Ángulo del tubo de dirección"": ""63.8° / 64.4°"", ""Longitud de Vainas"": ""435"", ""Tubo de dirección"": ""103"", ""Distancia entre ejes"": ""1206 / 1198"", ""Altura del pedalier al eje del buje"": ""7 / 5"", ""Altura de proyección - 80mm"": ""743"", ""Reach"": ""426 / 423"", ""Stack"": ""628 / 630""}",2999,false,https://www.cube.eu/es-es/cube-fritzz-c-62-tm-hintofmint-n-grey/1173700,https://www.cube.eu/es-es/cube-fritzz-c-62-tm-hintofmint-n-grey/1173700,html,2026-10-05
Cube,Cube FRITZZ C:62 [acc58039],Cube FRITZZ C:62 TM,,mtb,M,M,,,,,,628,452,"{""Tubo del sillín"": ""405"", ""Tubo Horizontal"": ""592 / 593"", ""Ángulo del asiento"": ""76.9° / 76.7°"", ""Ángulo del tubo de dirección"": ""63.8° / 64.4°"", ""Longitud de Vainas"": ""435"", ""Tubo de dirección"": ""103"", ""Distancia entre ejes"": ""1231 / 1223"", ""Altura del pedalier al eje del buje"": ""7 / 5"", ""Altura de proyección - 80mm"": ""737"", ""Reach"": ""452 / 448"", ""Stack"": ""628 / 630""}",2999,false,https://www.cube.eu/es-es/cube-fritzz-c-62-tm-hintofmint-n-grey/1173700,https://www.cube.eu/es-es/cube-fritzz-c-62-tm-hintofmint-n-grey/1173700,html,2026-10-05
Cube,Cube FRITZZ C:62 [acc58039],Cube FRITZZ C:62 TM,,mtb,L,L,,,,,,629,476,"{""Tubo del sillín"": ""420"", ""Tubo Horizontal"": ""617 / 619"", ""Ángulo del asiento"": ""76.9° / 76.7°"", ""Ángulo del tubo de dirección"": ""63.8° / 64.4°"", ""Longitud de Vainas"": ""435"", ""Tubo de dirección"": ""105"", ""Distancia entre ejes"": ""1256 / 1249"", ""Altura del pedalier al eje del buje"": ""7 / 5"", ""Altura de proyección - 80mm"": ""738"", ""Reach"": ""476 / 473"", ""Stack"": ""629 / 631""}",2999,false,https://www.cube.eu/es-es/cube-fritzz-c-62-tm-hintofmint-n-grey/1173700,https://www.cube.eu/es-es/cube-fritzz-c-62-tm-hintofmint-n-grey/1173700,html,2026-10-05
Cube,Cube FRITZZ C:62 [acc58039],Cube FRITZZ C:62 TM,,mtb,XL,XL,,,,,,647,496,"{""Tubo del sillín"": ""420"", ""Tubo Horizontal"": ""653 / 654"", ""Ángulo del asiento"": ""76.9° / 76.7°"", ""Ángulo del tubo de dirección"": ""63.8° / 64.4°"", ""Longitud de Vainas"": ""435"", ""Tubo de dirección"": ""125"", ""Distancia entre ejes"": ""1295 / 1287"", ""Altura del pedalier al eje del buje"": ""7 / 5"", ""Altura de proyección - 80mm"": ""741"", ""Reach"": ""496 / 493"", ""Stack"": ""647 / 649""}",2999,false,https://www.cube.eu/es-es/cube-fritzz-c-62-tm-hintofmint-n-grey/1173700,https://www.cube.eu/es-es/cube-fritzz-c-62-tm-hintofmint-n-grey/1173700,html,2026-10-05
Cube,Cube TWO15 [374456a2],Cube TWO15 SLX,,mtb,M,M,,,,,,655,447,"{""Tubo del sillín"": ""400"", ""Tubo Horizontal"": ""561 / 562"", ""Ángulo del asiento"": ""78.5° / 78.3°"", ""Ángulo del tubo de dirección"": ""63.3° / 63.8°"", ""Longitud de Vainas"": ""440"", ""Tubo de dirección"": ""124"", ""Distancia entre ejes"": ""1264 / 1257"", ""Altura del pedalier al eje del buje"": ""10 / 8"", ""Altura de proyección - 80mm"": ""774"", ""Reach"": ""447 / 445"", ""Stack"": ""655 / 657""}",3999,false,https://www.cube.eu/es-es/cube-two15-slx-deepteal-n-clouds/1174600,https://www.cube.eu/es-es/cube-two15-slx-deepteal-n-clouds/1174600,html,2026-10-05
Cube,Cube TWO15 [374456a2],Cube TWO15 SLX,,mtb,L,L,,,,,,655,467,"{""Tubo del sillín"": ""400"", ""Tubo Horizontal"": ""581 / 582"", ""Ángulo del asiento"": ""78.5° / 78.3°"", ""Ángulo del tubo de dirección"": ""63.3° / 63.8°"", ""Longitud de Vainas"": ""440"", ""Tubo de dirección"": ""124"", ""Distancia entre ejes"": ""1284 / 1277"", ""Altura del pedalier al eje del buje"": ""10 / 8"", ""Altura de proyección - 80mm"": ""734"", ""Reach"": ""467 / 465"", ""Stack"": ""655 / 657""}",3999,false,https://www.cube.eu/es-es/cube-two15-slx-deepteal-n-clouds/1174600,https://www.cube.eu/es-es/cube-two15-slx-deepteal-n-clouds/1174600,html,2026-10-05
Cube,Cube TWO15 [374456a2],Cube TWO15 SLX,,mtb,XL,XL,,,,,,655,486,"{""Tubo del sillín"": ""400"", ""Tubo Horizontal"": ""601 / 602"", ""Ángulo del asiento"": ""78.5° / 78.3°"", ""Ángulo del tubo de dirección"": ""63.3° / 63.8°"", ""Longitud de Vainas"": ""440"", ""Tubo de dirección"": ""124"", ""Distancia entre ejes"": ""1304 / 1297"", ""Altura del pedalier al eje del buje"": ""10 / 8"", ""Altura de proyección - 80mm"": ""733"", ""Reach"": ""486 / 485"", ""Stack"": ""655 / 657""}",3999,false,https://www.cube.eu/es-es/cube-two15-slx-deepteal-n-clouds/1174600,https://www.cube.eu/es-es/cube-two15-slx-deepteal-n-clouds/1174600,html,2026-10-05
Cube,Cube TWO15 [374456a2],Cube TWO15 Race,,mtb,M,M,,,,,,655,447,"{""Tubo del sillín"": ""400"", ""Tubo Horizontal"": ""561 / 562"", ""Ángulo del asiento"": ""78.5° / 78.3°"", ""Ángulo del tubo de dirección"": ""63.3° / 63.8°"", ""Longitud de Vainas"": ""440"", ""Tubo de dirección"": ""124"", ""Distancia entre ejes"": ""1264 / 1257"", ""Altura del pedalier al eje del buje"": ""10 / 8"", ""Altura de proyección - 80mm"": ""774"", ""Reach"": ""447 / 445"", ""Stack"": ""655 / 657""}",2999,false,https://www.cube.eu/es-es/cube-two15-race-powdergold-n-black/1174300,https://www.cube.eu/es-es/cube-two15-race-powdergold-n-black/1174300,html,2026-10-05
Cube,Cube TWO15 [374456a2],Cube TWO15 Race,,mtb,L,L,,,,,,655,467,"{""Tubo del sillín"": ""400"", ""Tubo Horizontal"": ""581 / 582"", ""Ángulo del asiento"": ""78.5° / 78.3°"", ""Ángulo del tubo de dirección"": ""63.3° / 63.8°"", ""Longitud de Vainas"": ""440"", ""Tubo de dirección"": ""124"", ""Distancia entre ejes"": ""1284 / 1277"", ""Altura del pedalier al eje del buje"": ""10 / 8"", ""Altura de proyección - 80mm"": ""734"", ""Reach"": ""467 / 465"", ""Stack"": ""655 / 657""}",2999,false,https://www.cube.eu/es-es/cube-two15-race-powdergold-n-black/1174300,https://www.cube.eu/es-es/cube-two15-race-powdergold-n-black/1174300,html,2026-10-05
Cube,Cube TWO15 [374456a2],Cube TWO15 Race,,mtb,XL,XL,,,,,,655,486,"{""Tubo del sillín"": ""400"", ""Tubo Horizontal"": ""601 / 602"", ""Ángulo del asiento"": ""78.5° / 78.3°"", ""Ángulo del tubo de dirección"": ""63.3° / 63.8°"", ""Longitud de Vainas"": ""440"", ""Tubo de dirección"": ""124"", ""Distancia entre ejes"": ""1304 / 1297"", ""Altura del pedalier al eje del buje"": ""10 / 8"", ""Altura de proyección - 80mm"": ""733"", ""Reach"": ""486 / 485"", ""Stack"": ""655 / 657""}",2999,false,https://www.cube.eu/es-es/cube-two15-race-powdergold-n-black/1174300,https://www.cube.eu/es-es/cube-two15-race-powdergold-n-black/1174300,html,2026-10-05
Cube,Cube AMS Hybrid 177 C:62 [be184ff8],Cube AMS Hybrid 177 C:62 Super TM 600X,,emtb,S,S,,,,,,631,427,"{""Tubo del sillín"": ""370"", ""Tubo Horizontal"": ""571 / 572"", ""Ángulo del asiento"": ""77.2° / 76.9°"", ""Ángulo del tubo de dirección"": ""63.6° / 64.2°"", ""Longitud de Vainas"": ""443"", ""Tubo de dirección"": ""105"", ""Distancia entre ejes"": ""1218 / 1210"", ""Altura del pedalier al eje del buje"": ""7 / 6"", ""Altura de proyección - 80mm"": ""786"", ""Reach"": ""427 / 425"", ""Stack"": ""631 / 632""}",9999,false,https://www.cube.eu/es-es/cube-ams-hybrid-177-c-62-super-tm-600x-artichoke-n-lime/1106900,https://www.cube.eu/es-es/cube-ams-hybrid-177-c-62-super-tm-600x-artichoke-n-lime/1106900,html,2026-10-05
Cube,Cube AMS Hybrid 177 C:62 [be184ff8],Cube AMS Hybrid 177 C:62 Super TM 600X,,emtb,M,M,,,,,,631,452,"{""Tubo del sillín"": ""405"", ""Tubo Horizontal"": ""596 / 597"", ""Ángulo del asiento"": ""77.1° / 76.9°"", ""Ángulo del tubo de dirección"": ""63.6° / 64.2°"", ""Longitud de Vainas"": ""443"", ""Tubo de dirección"": ""105"", ""Distancia entre ejes"": ""1243 / 1235"", ""Altura del pedalier al eje del buje"": ""7 / 6"", ""Altura de proyección - 80mm"": ""782"", ""Reach"": ""452 / 450"", ""Stack"": ""631 / 632""}",9999,false,https://www.cube.eu/es-es/cube-ams-hybrid-177-c-62-super-tm-600x-artichoke-n-lime/1106900,https://www.cube.eu/es-es/cube-ams-hybrid-177-c-62-super-tm-600x-artichoke-n-lime/1106900,html,2026-10-05
Cube,Cube AMS Hybrid 177 C:62 [be184ff8],Cube AMS Hybrid 177 C:62 Super TM 600X,,emtb,L,L,,,,,,636,477,"{""Tubo del sillín"": ""420"", ""Tubo Horizontal"": ""622 / 624"", ""Ángulo del asiento"": ""77.1° / 76.9°"", ""Ángulo del tubo de dirección"": ""63.6° / 64.2°"", ""Longitud de Vainas"": ""443"", ""Tubo de dirección"": ""111"", ""Distancia entre ejes"": ""1271 / 1263"", ""Altura del pedalier al eje del buje"": ""7 / 6"", ""Altura de proyección - 80mm"": ""781"", ""Reach"": ""477 / 475"", ""Stack"": ""636 / 638""}",9999,false,https://www.cube.eu/es-es/cube-ams-hybrid-177-c-62-super-tm-600x-artichoke-n-lime/1106900,https://www.cube.eu/es-es/cube-ams-hybrid-177-c-62-super-tm-600x-artichoke-n-lime/1106900,html,2026-10-05
Cube,Cube AMS Hybrid 177 C:62 [be184ff8],Cube AMS Hybrid 177 C:62 Super TM 600X,,emtb,XL,XL,,,,,,654,507,"{""Tubo del sillín"": ""480"", ""Tubo Horizontal"": ""658 / 659"", ""Ángulo del asiento"": ""77° / 76.8°"", ""Ángulo del tubo de dirección"": ""63.6° / 64.2°"", ""Longitud de Vainas"": ""443"", ""Tubo de dirección"": ""131"", ""Distancia entre ejes"": ""1310 / 1302"", ""Altura del pedalier al eje del buje"": ""7 / 6"", ""Altura de proyección - 80mm"": ""781"", ""Reach"": ""507 / 505"", ""Stack"": ""654 / 656""}",9999,false,https://www.cube.eu/es-es/cube-ams-hybrid-177-c-62-super-tm-600x-artichoke-n-lime/1106900,https://www.cube.eu/es-es/cube-ams-hybrid-177-c-62-super-tm-600x-artichoke-n-lime/1106900,html,2026-10-05
Cube,Cube AMS Hybrid 177 C:62 [be184ff8],Cube AMS Hybrid 177 C:62 AT 600X,,emtb,S,S,,,,,,631,427,"{""Tubo del sillín"": ""370"", ""Tubo Horizontal"": ""571 / 572"", ""Ángulo del asiento"": ""77.2° / 76.9°"", ""Ángulo del tubo de dirección"": ""63.6° / 64.2°"", ""Longitud de Vainas"": ""443"", ""Tubo de dirección"": ""105"", ""Distancia entre ejes"": ""1218 / 1210"", ""Altura del pedalier al eje del buje"": ""7 / 6"", ""Altura de proyección - 80mm"": ""786"", ""Reach"": ""427 / 425"", ""Stack"": ""631 / 632""}",7499,false,https://www.cube.eu/es-es/cube-ams-hybrid-177-c-62-at-600x-carbon-n-white/1106800,https://www.cube.eu/es-es/cube-ams-hybrid-177-c-62-at-600x-carbon-n-white/1106800,html,2026-10-05
Cube,Cube AMS Hybrid 177 C:62 [be184ff8],Cube AMS Hybrid 177 C:62 AT 600X,,emtb,M,M,,,,,,631,452,"{""Tubo del sillín"": ""405"", ""Tubo Horizontal"": ""596 / 597"", ""Ángulo del asiento"": ""77.1° / 76.9°"", ""Ángulo del tubo de dirección"": ""63.6° / 64.2°"", ""Longitud de Vainas"": ""443"", ""Tubo de dirección"": ""105"", ""Distancia entre ejes"": ""1243 / 1235"", ""Altura del pedalier al eje del buje"": ""7 / 6"", ""Altura de proyección - 80mm"": ""782"", ""Reach"": ""452 / 450"", ""Stack"": ""631 / 632""}",7499,false,https://www.cube.eu/es-es/cube-ams-hybrid-177-c-62-at-600x-carbon-n-white/1106800,https://www.cube.eu/es-es/cube-ams-hybrid-177-c-62-at-600x-carbon-n-white/1106800,html,2026-10-05
Cube,Cube AMS Hybrid 177 C:62 [be184ff8],Cube AMS Hybrid 177 C:62 AT 600X,,emtb,L,L,,,,,,636,477,"{""Tubo del sillín"": ""420"", ""Tubo Horizontal"": ""622 / 624"", ""Ángulo del asiento"": ""77.1° / 76.9°"", ""Ángulo del tubo de dirección"": ""63.6° / 64.2°"", ""Longitud de Vainas"": ""443"", ""Tubo de dirección"": ""111"", ""Distancia entre ejes"": ""1271 / 1263"", ""Altura del pedalier al eje del buje"": ""7 / 6"", ""Altura de proyección - 80mm"": ""781"", ""Reach"": ""477 / 475"", ""Stack"": ""636 / 638""}",7499,false,https://www.cube.eu/es-es/cube-ams-hybrid-177-c-62-at-600x-carbon-n-white/1106800,https://www.cube.eu/es-es/cube-ams-hybrid-177-c-62-at-600x-carbon-n-white/1106800,html,2026-10-05
Cube,Cube AMS Hybrid 177 C:62 [be184ff8],Cube AMS Hybrid 177 C:62 AT 600X,,emtb,XL,XL,,,,,,654,507,"{""Tubo del sillín"": ""480"", ""Tubo Horizontal"": ""658 / 659"", ""Ángulo del asiento"": ""77° / 76.8°"", ""Ángulo del tubo de dirección"": ""63.6° / 64.2°"", ""Longitud de Vainas"": ""443"", ""Tubo de dirección"": ""131"", ""Distancia entre ejes"": ""1310 / 1302"", ""Altura del pedalier al eje del buje"": ""7 / 6"", ""Altura de proyección - 80mm"": ""781"", ""Reach"": ""507 / 505"", ""Stack"": ""654 / 656""}",7499,false,https://www.cube.eu/es-es/cube-ams-hybrid-177-c-62-at-600x-carbon-n-white/1106800,https://www.cube.eu/es-es/cube-ams-hybrid-177-c-62-at-600x-carbon-n-white/1106800,html,2026-10-05
Cube,Cube AMS Hybrid 177 C:62 [be184ff8],Cube AMS Hybrid 177 C:62 TM 600X,,emtb,S,S,,,,,,631,427,"{""Tubo del sillín"": ""370"", ""Tubo Horizontal"": ""571 / 572"", ""Ángulo del asiento"": ""77.2° / 76.9°"", ""Ángulo del tubo de dirección"": ""63.6° / 64.2°"", ""Longitud de Vainas"": ""443"", ""Tubo de dirección"": ""105"", ""Distancia entre ejes"": ""1218 / 1210"", ""Altura del pedalier al eje del buje"": ""7 / 6"", ""Altura de proyección - 80mm"": ""786"", ""Reach"": ""427 / 425"", ""Stack"": ""631 / 632""}",5799,false,https://www.cube.eu/es-es/cube-ams-hybrid-177-c-62-tm-600x-reedgreen-n-gills/1106700,https://www.cube.eu/es-es/cube-ams-hybrid-177-c-62-tm-600x-reedgreen-n-gills/1106700,html,2026-10-05
Cube,Cube AMS Hybrid 177 C:62 [be184ff8],Cube AMS Hybrid 177 C:62 TM 600X,,emtb,M,M,,,,,,631,452,"{""Tubo del sillín"": ""405"", ""Tubo Horizontal"": ""596 / 597"", ""Ángulo del asiento"": ""77.1° / 76.9°"", ""Ángulo del tubo de dirección"": ""63.6° / 64.2°"", ""Longitud de Vainas"": ""443"", ""Tubo de dirección"": ""105"", ""Distancia entre ejes"": ""1243 / 1235"", ""Altura del pedalier al eje del buje"": ""7 / 6"", ""Altura de proyección - 80mm"": ""782"", ""Reach"": ""452 / 450"", ""Stack"": ""631 / 632""}",5799,false,https://www.cube.eu/es-es/cube-ams-hybrid-177-c-62-tm-600x-reedgreen-n-gills/1106700,https://www.cube.eu/es-es/cube-ams-hybrid-177-c-62-tm-600x-reedgreen-n-gills/1106700,html,2026-10-05
Cube,Cube AMS Hybrid 177 C:62 [be184ff8],Cube AMS Hybrid 177 C:62 TM 600X,,emtb,L,L,,,,,,636,477,"{""Tubo del sillín"": ""420"", ""Tubo Horizontal"": ""622 / 624"", ""Ángulo del asiento"": ""77.1° / 76.9°"", ""Ángulo del tubo de dirección"": ""63.6° / 64.2°"", ""Longitud de Vainas"": ""443"", ""Tubo de dirección"": ""111"", ""Distancia entre ejes"": ""1271 / 1263"", ""Altura del pedalier al eje del buje"": ""7 / 6"", ""Altura de proyección - 80mm"": ""781"", ""Reach"": ""477 / 475"", ""Stack"": ""636 / 638""}",5799,false,https://www.cube.eu/es-es/cube-ams-hybrid-177-c-62-tm-600x-reedgreen-n-gills/1106700,https://www.cube.eu/es-es/cube-ams-hybrid-177-c-62-tm-600x-reedgreen-n-gills/1106700,html,2026-10-05
Cube,Cube AMS Hybrid 177 C:62 [be184ff8],Cube AMS Hybrid 177 C:62 TM 600X,,emtb,XL,XL,,,,,,654,507,"{""Tubo del sillín"": ""480"", ""Tubo Horizontal"": ""658 / 659"", ""Ángulo del asiento"": ""77° / 76.8°"", ""Ángulo del tubo de dirección"": ""63.6° / 64.2°"", ""Longitud de Vainas"": ""443"", ""Tubo de dirección"": ""131"", ""Distancia entre ejes"": ""1310 / 1302"", ""Altura del pedalier al eje del buje"": ""7 / 6"", ""Altura de proyección - 80mm"": ""781"", ""Reach"": ""507 / 505"", ""Stack"": ""654 / 656""}",5799,false,https://www.cube.eu/es-es/cube-ams-hybrid-177-c-62-tm-600x-reedgreen-n-gills/1106700,https://www.cube.eu/es-es/cube-ams-hybrid-177-c-62-tm-600x-reedgreen-n-gills/1106700,html,2026-10-05
Cube,Cube Stereo Hybrid ONE77 HPC [d10a4b65],Cube Stereo Hybrid ONE77 HPC SLT 800,,emtb,S,S,,,,,,635,427,"{""Tubo del sillín"": ""370"", ""Tubo Horizontal"": ""572 / 573"", ""Ángulo del asiento"": ""76.7° / 76.5°"", ""Ángulo del tubo de dirección"": ""63.8° / 64.4°"", ""Longitud de Vainas"": ""443"", ""Tubo de dirección"": ""103"", ""Distancia entre ejes"": ""1213 / 1206"", ""Altura del pedalier al eje del buje"": ""13"", ""Altura de proyección - 80mm"": ""758"", ""Reach"": ""427 / 425"", ""Stack"": ""635 / 637""}",8699,false,https://www.cube.eu/es-es/cube-stereo-hybrid-one77-hpc-slt-800-bluegalaxy-n-grey/1104900,https://www.cube.eu/es-es/cube-stereo-hybrid-one77-hpc-slt-800-bluegalaxy-n-grey/1104900,html,2026-10-05
Cube,Cube Stereo Hybrid ONE77 HPC [d10a4b65],Cube Stereo Hybrid ONE77 HPC SLT 800,,emtb,M,M,,,,,,635,452,"{""Tubo del sillín"": ""405"", ""Tubo Horizontal"": ""597 / 598"", ""Ángulo del asiento"": ""76.7° / 76.5°"", ""Ángulo del tubo de dirección"": ""63.8° / 64.4°"", ""Longitud de Vainas"": ""443"", ""Tubo de dirección"": ""103"", ""Distancia entre ejes"": ""1238 / 1231"", ""Altura del pedalier al eje del buje"": ""13"", ""Altura de proyección - 80mm"": ""754"", ""Reach"": ""452 / 450"", ""Stack"": ""635 / 637""}",8699,false,https://www.cube.eu/es-es/cube-stereo-hybrid-one77-hpc-slt-800-bluegalaxy-n-grey/1104900,https://www.cube.eu/es-es/cube-stereo-hybrid-one77-hpc-slt-800-bluegalaxy-n-grey/1104900,html,2026-10-05
Cube,Cube Stereo Hybrid ONE77 HPC [d10a4b65],Cube Stereo Hybrid ONE77 HPC SLT 800,,emtb,L,L,,,,,,645,477,"{""Tubo del sillín"": ""420"", ""Tubo Horizontal"": ""625 / 626"", ""Ángulo del asiento"": ""76.7° / 76.5°"", ""Ángulo del tubo de dirección"": ""63.8° / 64.4°"", ""Longitud de Vainas"": ""443"", ""Tubo de dirección"": ""115"", ""Distancia entre ejes"": ""1269 / 1261"", ""Altura del pedalier al eje del buje"": ""13"", ""Altura de proyección - 80mm"": ""753"", ""Reach"": ""477 / 475"", ""Stack"": ""645 / 648""}",8699,false,https://www.cube.eu/es-es/cube-stereo-hybrid-one77-hpc-slt-800-bluegalaxy-n-grey/1104900,https://www.cube.eu/es-es/cube-stereo-hybrid-one77-hpc-slt-800-bluegalaxy-n-grey/1104900,html,2026-10-05
Cube,Cube Stereo Hybrid ONE77 HPC [d10a4b65],Cube Stereo Hybrid ONE77 HPC SLT 800,,emtb,XL,XL,,,,,,659,506,"{""Tubo del sillín"": ""480"", ""Tubo Horizontal"": ""659 / 661"", ""Ángulo del asiento"": ""76.7° / 76.5°"", ""Ángulo del tubo de dirección"": ""63.8° / 64.4°"", ""Longitud de Vainas"": ""443"", ""Tubo de dirección"": ""130"", ""Distancia entre ejes"": ""1305 / 1297"", ""Altura del pedalier al eje del buje"": ""13"", ""Altura de proyección - 80mm"": ""752"", ""Reach"": ""506 / 505"", ""Stack"": ""659 / 661""}",8699,false,https://www.cube.eu/es-es/cube-stereo-hybrid-one77-hpc-slt-800-bluegalaxy-n-grey/1104900,https://www.cube.eu/es-es/cube-stereo-hybrid-one77-hpc-slt-800-bluegalaxy-n-grey/1104900,html,2026-10-05
Cube,Cube Stereo Hybrid ONE77 HPC [d10a4b65],Cube Stereo Hybrid ONE77 HPC AT 800,,emtb,S,S,,,,,,635,427,"{""Tubo del sillín"": ""370"", ""Tubo Horizontal"": ""572 / 573"", ""Ángulo del asiento"": ""76.7° / 76.5°"", ""Ángulo del tubo de dirección"": ""63.8° / 64.4°"", ""Longitud de Vainas"": ""443"", ""Tubo de dirección"": ""103"", ""Distancia entre ejes"": ""1213 / 1206"", ""Altura del pedalier al eje del buje"": ""13"", ""Altura de proyección - 80mm"": ""758"", ""Reach"": ""427 / 425"", ""Stack"": ""635 / 637""}",7199,false,https://www.cube.eu/es-es/cube-stereo-hybrid-one77-hpc-at-800-actionteam/1104810,https://www.cube.eu/es-es/cube-stereo-hybrid-one77-hpc-at-800-actionteam/1104810,html,2026-10-05
Cube,Cube Stereo Hybrid ONE77 HPC [d10a4b65],Cube Stereo Hybrid ONE77 HPC AT 800,,emtb,M,M,,,,,,635,452,"{""Tubo del sillín"": ""405"", ""Tubo Horizontal"": ""597 / 598"", ""Ángulo del asiento"": ""76.7° / 76.5°"", ""Ángulo del tubo de dirección"": ""63.8° / 64.4°"", ""Longitud de Vainas"": ""443"", ""Tubo de dirección"": ""103"", ""Distancia entre ejes"": ""1238 / 1231"", ""Altura del pedalier al eje del buje"": ""13"", ""Altura de proyección - 80mm"": ""754"", ""Reach"": ""452 / 450"", ""Stack"": ""635 / 637""}",7199,false,https://www.cube.eu/es-es/cube-stereo-hybrid-one77-hpc-at-800-actionteam/1104810,https://www.cube.eu/es-es/cube-stereo-hybrid-one77-hpc-at-800-actionteam/1104810,html,2026-10-05
Cube,Cube Stereo Hybrid ONE77 HPC [d10a4b65],Cube Stereo Hybrid ONE77 HPC AT 800,,emtb,L,L,,,,,,645,477,"{""Tubo del sillín"": ""420"", ""Tubo Horizontal"": ""625 / 626"", ""Ángulo del asiento"": ""76.7° / 76.5°"", ""Ángulo del tubo de dirección"": ""63.8° / 64.4°"", ""Longitud de Vainas"": ""443"", ""Tubo de dirección"": ""115"", ""Distancia entre ejes"": ""1269 / 1261"", ""Altura del pedalier al eje del buje"": ""13"", ""Altura de proyección - 80mm"": ""753"", ""Reach"": ""477 / 475"", ""Stack"": ""645 / 648""}",7199,false,https://www.cube.eu/es-es/cube-stereo-hybrid-one77-hpc-at-800-actionteam/1104810,https://www.cube.eu/es-es/cube-stereo-hybrid-one77-hpc-at-800-actionteam/1104810,html,2026-10-05
Cube,Cube Stereo Hybrid ONE77 HPC [d10a4b65],Cube Stereo Hybrid ONE77 HPC AT 800,,emtb,XL,XL,,,,,,659,506,"{""Tubo del sillín"": ""480"", ""Tubo Horizontal"": ""659 / 661"", ""Ángulo del asiento"": ""76.7° / 76.5°"", ""Ángulo del tubo de dirección"": ""63.8° / 64.4°"", ""Longitud de Vainas"": ""443"", ""Tubo de dirección"": ""130"", ""Distancia entre ejes"": ""1305 / 1297"", ""Altura del pedalier al eje del buje"": ""13"", ""Altura de proyección - 80mm"": ""752"", ""Reach"": ""506 / 505"", ""Stack"": ""659 / 661""}",7199,false,https://www.cube.eu/es-es/cube-stereo-hybrid-one77-hpc-at-800-actionteam/1104810,https://www.cube.eu/es-es/cube-stereo-hybrid-one77-hpc-at-800-actionteam/1104810,html,2026-10-05
Cube,Cube Stereo Hybrid ONE77 HPC [d10a4b65],Cube Stereo Hybrid ONE77 HPC TM 800,,emtb,S,S,,,,,,635,427,"{""Tubo del sillín"": ""370"", ""Tubo Horizontal"": ""572 / 573"", ""Ángulo del asiento"": ""76.7° / 76.5°"", ""Ángulo del tubo de dirección"": ""63.8° / 64.4°"", ""Longitud de Vainas"": ""443"", ""Tubo de dirección"": ""103"", ""Distancia entre ejes"": ""1213 / 1206"", ""Altura del pedalier al eje del buje"": ""13"", ""Altura de proyección - 80mm"": ""758"", ""Reach"": ""427 / 425"", ""Stack"": ""635 / 637""}",6199,false,https://www.cube.eu/es-es/cube-stereo-hybrid-one77-hpc-tm-800-reedgreen-n-gills/1104700,https://www.cube.eu/es-es/cube-stereo-hybrid-one77-hpc-tm-800-reedgreen-n-gills/1104700,html,2026-10-05
Cube,Cube Stereo Hybrid ONE77 HPC [d10a4b65],Cube Stereo Hybrid ONE77 HPC TM 800,,emtb,M,M,,,,,,635,452,"{""Tubo del sillín"": ""405"", ""Tubo Horizontal"": ""597 / 598"", ""Ángulo del asiento"": ""76.7° / 76.5°"", ""Ángulo del tubo de dirección"": ""63.8° / 64.4°"", ""Longitud de Vainas"": ""443"", ""Tubo de dirección"": ""103"", ""Distancia entre ejes"": ""1238 / 1231"", ""Altura del pedalier al eje del buje"": ""13"", ""Altura de proyección - 80mm"": ""754"", ""Reach"": ""452 / 450"", ""Stack"": ""635 / 637""}",6199,false,https://www.cube.eu/es-es/cube-stereo-hybrid-one77-hpc-tm-800-reedgreen-n-gills/1104700,https://www.cube.eu/es-es/cube-stereo-hybrid-one77-hpc-tm-800-reedgreen-n-gills/1104700,html,2026-10-05
Cube,Cube Stereo Hybrid ONE77 HPC [d10a4b65],Cube Stereo Hybrid ONE77 HPC TM 800,,emtb,L,L,,,,,,645,477,"{""Tubo del sillín"": ""420"", ""Tubo Horizontal"": ""625 / 626"", ""Ángulo del asiento"": ""76.7° / 76.5°"", ""Ángulo del tubo de dirección"": ""63.8° / 64.4°"", ""Longitud de Vainas"": ""443"", ""Tubo de dirección"": ""115"", ""Distancia entre ejes"": ""1269 / 1261"", ""Altura del pedalier al eje del buje"": ""13"", ""Altura de proyección - 80mm"": ""753"", ""Reach"": ""477 / 475"", ""Stack"": ""645 / 648""}",6199,false,https://www.cube.eu/es-es/cube-stereo-hybrid-one77-hpc-tm-800-reedgreen-n-gills/1104700,https://www.cube.eu/es-es/cube-stereo-hybrid-one77-hpc-tm-800-reedgreen-n-gills/1104700,html,2026-10-05
Cube,Cube Stereo Hybrid ONE77 HPC [d10a4b65],Cube Stereo Hybrid ONE77 HPC TM 800,,emtb,XL,XL,,,,,,659,506,"{""Tubo del sillín"": ""480"", ""Tubo Horizontal"": ""659 / 661"", ""Ángulo del asiento"": ""76.7° / 76.5°"", ""Ángulo del tubo de dirección"": ""63.8° / 64.4°"", ""Longitud de Vainas"": ""443"", ""Tubo de dirección"": ""130"", ""Distancia entre ejes"": ""1305 / 1297"", ""Altura del pedalier al eje del buje"": ""13"", ""Altura de proyección - 80mm"": ""752"", ""Reach"": ""506 / 505"", ""Stack"": ""659 / 661""}",6199,false,https://www.cube.eu/es-es/cube-stereo-hybrid-one77-hpc-tm-800-reedgreen-n-gills/1104700,https://www.cube.eu/es-es/cube-stereo-hybrid-one77-hpc-tm-800-reedgreen-n-gills/1104700,html,2026-10-05
Cube,Cube Stereo Hybrid ONE77 HPC [d10a4b65],Cube Stereo Hybrid ONE77 HPC SLX 800,,emtb,S,S,,,,,,635,427,"{""Tubo del sillín"": ""370"", ""Tubo Horizontal"": ""572 / 573"", ""Ángulo del asiento"": ""76.7° / 76.5°"", ""Ángulo del tubo de dirección"": ""63.8° / 64.4°"", ""Longitud de Vainas"": ""443"", ""Tubo de dirección"": ""103"", ""Distancia entre ejes"": ""1213 / 1206"", ""Altura del pedalier al eje del buje"": ""13"", ""Altura de proyección - 80mm"": ""758"", ""Reach"": ""427 / 425"", ""Stack"": ""635 / 637""}",4999,false,https://www.cube.eu/es-es/cube-stereo-hybrid-one77-hpc-slx-800-blackline/1104600,https://www.cube.eu/es-es/cube-stereo-hybrid-one77-hpc-slx-800-blackline/1104600,html,2026-10-05
Cube,Cube Stereo Hybrid ONE77 HPC [d10a4b65],Cube Stereo Hybrid ONE77 HPC SLX 800,,emtb,M,M,,,,,,635,452,"{""Tubo del sillín"": ""405"", ""Tubo Horizontal"": ""597 / 598"", ""Ángulo del asiento"": ""76.7° / 76.5°"", ""Ángulo del tubo de dirección"": ""63.8° / 64.4°"", ""Longitud de Vainas"": ""443"", ""Tubo de dirección"": ""103"", ""Distancia entre ejes"": ""1238 / 1231"", ""Altura del pedalier al eje del buje"": ""13"", ""Altura de proyección - 80mm"": ""754"", ""Reach"": ""452 / 450"", ""Stack"": ""635 / 637""}",4999,false,https://www.cube.eu/es-es/cube-stereo-hybrid-one77-hpc-slx-800-blackline/1104600,https://www.cube.eu/es-es/cube-stereo-hybrid-one77-hpc-slx-800-blackline/1104600,html,2026-10-05
Cube,Cube Stereo Hybrid ONE77 HPC [d10a4b65],Cube Stereo Hybrid ONE77 HPC SLX 800,,emtb,L,L,,,,,,645,477,"{""Tubo del sillín"": ""420"", ""Tubo Horizontal"": ""625 / 626"", ""Ángulo del asiento"": ""76.7° / 76.5°"", ""Ángulo del tubo de dirección"": ""63.8° / 64.4°"", ""Longitud de Vainas"": ""443"", ""Tubo de dirección"": ""115"", ""Distancia entre ejes"": ""1269 / 1261"", ""Altura del pedalier al eje del buje"": ""13"", ""Altura de proyección - 80mm"": ""753"", ""Reach"": ""477 / 475"", ""Stack"": ""645 / 648""}",4999,false,https://www.cube.eu/es-es/cube-stereo-hybrid-one77-hpc-slx-800-blackline/1104600,https://www.cube.eu/es-es/cube-stereo-hybrid-one77-hpc-slx-800-blackline/1104600,html,2026-10-05
Cube,Cube Stereo Hybrid ONE77 HPC [d10a4b65],Cube Stereo Hybrid ONE77 HPC SLX 800,,emtb,XL,XL,,,,,,659,506,"{""Tubo del sillín"": ""480"", ""Tubo Horizontal"": ""659 / 661"", ""Ángulo del asiento"": ""76.7° / 76.5°"", ""Ángulo del tubo de dirección"": ""63.8° / 64.4°"", ""Longitud de Vainas"": ""443"", ""Tubo de dirección"": ""130"", ""Distancia entre ejes"": ""1305 / 1297"", ""Altura del pedalier al eje del buje"": ""13"", ""Altura de proyección - 80mm"": ""752"", ""Reach"": ""506 / 505"", ""Stack"": ""659 / 661""}",4999,false,https://www.cube.eu/es-es/cube-stereo-hybrid-one77-hpc-slx-800-blackline/1104600,https://www.cube.eu/es-es/cube-stereo-hybrid-one77-hpc-slx-800-blackline/1104600,html,2026-10-05
Cube,Cube Stereo Hybrid ONE77 HPC [d10a4b65],Cube Stereo Hybrid ONE77 HPC Race 800,,emtb,S,S,,,,,,635,427,"{""Tubo del sillín"": ""370"", ""Tubo Horizontal"": ""572 / 573"", ""Ángulo del asiento"": ""76.7° / 76.5°"", ""Ángulo del tubo de dirección"": ""63.8° / 64.4°"", ""Longitud de Vainas"": ""443"", ""Tubo de dirección"": ""103"", ""Distancia entre ejes"": ""1213 / 1206"", ""Altura del pedalier al eje del buje"": ""13"", ""Altura de proyección - 80mm"": ""758"", ""Reach"": ""427 / 425"", ""Stack"": ""635 / 637""}",4399,false,https://www.cube.eu/es-es/cube-stereo-hybrid-one77-hpc-race-800-metallicpetrol-n-black/1104310,https://www.cube.eu/es-es/cube-stereo-hybrid-one77-hpc-race-800-metallicpetrol-n-black/1104310,html,2026-10-05
Cube,Cube Stereo Hybrid ONE77 HPC [d10a4b65],Cube Stereo Hybrid ONE77 HPC Race 800,,emtb,M,M,,,,,,635,452,"{""Tubo del sillín"": ""405"", ""Tubo Horizontal"": ""597 / 598"", ""Ángulo del asiento"": ""76.7° / 76.5°"", ""Ángulo del tubo de dirección"": ""63.8° / 64.4°"", ""Longitud de Vainas"": ""443"", ""Tubo de dirección"": ""103"", ""Distancia entre ejes"": ""1238 / 1231"", ""Altura del pedalier al eje del buje"": ""13"", ""Altura de proyección - 80mm"": ""754"", ""Reach"": ""452 / 450"", ""Stack"": ""635 / 637""}",4399,false,https://www.cube.eu/es-es/cube-stereo-hybrid-one77-hpc-race-800-metallicpetrol-n-black/1104310,https://www.cube.eu/es-es/cube-stereo-hybrid-one77-hpc-race-800-metallicpetrol-n-black/1104310,html,2026-10-05
Cube,Cube Stereo Hybrid ONE77 HPC [d10a4b65],Cube Stereo Hybrid ONE77 HPC Race 800,,emtb,L,L,,,,,,645,477,"{""Tubo del sillín"": ""420"", ""Tubo Horizontal"": ""625 / 626"", ""Ángulo del asiento"": ""76.7° / 76.5°"", ""Ángulo del tubo de dirección"": ""63.8° / 64.4°"", ""Longitud de Vainas"": ""443"", ""Tubo de dirección"": ""115"", ""Distancia entre ejes"": ""1269 / 1261"", ""Altura del pedalier al eje del buje"": ""13"", ""Altura de proyección - 80mm"": ""753"", ""Reach"": ""477 / 475"", ""Stack"": ""645 / 648""}",4399,false,https://www.cube.eu/es-es/cube-stereo-hybrid-one77-hpc-race-800-metallicpetrol-n-black/1104310,https://www.cube.eu/es-es/cube-stereo-hybrid-one77-hpc-race-800-metallicpetrol-n-black/1104310,html,2026-10-05
Cube,Cube Stereo Hybrid ONE77 HPC [d10a4b65],Cube Stereo Hybrid ONE77 HPC Race 800,,emtb,XL,XL,,,,,,659,506,"{""Tubo del sillín"": ""480"", ""Tubo Horizontal"": ""659 / 661"", ""Ángulo del asiento"": ""76.7° / 76.5°"", ""Ángulo del tubo de dirección"": ""63.8° / 64.4°"", ""Longitud de Vainas"": ""443"", ""Tubo de dirección"": ""130"", ""Distancia entre ejes"": ""1305 / 1297"", ""Altura del pedalier al eje del buje"": ""13"", ""Altura de proyección - 80mm"": ""752"", ""Reach"": ""506 / 505"", ""Stack"": ""659 / 661""}",4399,false,https://www.cube.eu/es-es/cube-stereo-hybrid-one77-hpc-race-800-metallicpetrol-n-black/1104310,https://www.cube.eu/es-es/cube-stereo-hybrid-one77-hpc-race-800-metallicpetrol-n-black/1104310,html,2026-10-05
Cube,Cube Stereo Hybrid ONE44 HPC [a143eb9c],Cube Stereo Hybrid ONE44 HPC SLT 800,,emtb,S,S,,,,,,604,427,"{""Tubo del sillín"": ""370"", ""Tubo Horizontal"": ""566 / 568"", ""Ángulo del asiento"": ""76.2° / 76°"", ""Ángulo del tubo de dirección"": ""64.8° / 64.4°"", ""Longitud de Vainas"": ""450"", ""Tubo de dirección"": ""128"", ""Distancia entre ejes"": ""1204 / 1196"", ""Altura del pedalier al eje del buje"": ""12 / 11"", ""Altura de proyección - 80mm"": ""733"", ""Reach"": ""427 / 425"", ""Stack"": ""604 / 606""}",8499,false,https://www.cube.eu/es-es/cube-stereo-hybrid-one44-hpc-slt-800-splinternavy-n-prizm/1103900,https://www.cube.eu/es-es/cube-stereo-hybrid-one44-hpc-slt-800-splinternavy-n-prizm/1103900,html,2026-10-05
Cube,Cube Stereo Hybrid ONE44 HPC [a143eb9c],Cube Stereo Hybrid ONE44 HPC SLT 800,,emtb,M,M,,,,,,620,452,"{""Tubo del sillín"": ""405"", ""Tubo Horizontal"": ""596 / 598"", ""Ángulo del asiento"": ""76.2° / 76°"", ""Ángulo del tubo de dirección"": ""64.8° / 65.4°"", ""Longitud de Vainas"": ""457"", ""Tubo de dirección"": ""106"", ""Distancia entre ejes"": ""1233 / 1226"", ""Altura del pedalier al eje del buje"": ""30"", ""Altura de proyección - 80mm"": ""748"", ""Reach"": ""452 / 450"", ""Stack"": ""620 / 622""}",8499,false,https://www.cube.eu/es-es/cube-stereo-hybrid-one44-hpc-slt-800-splinternavy-n-prizm/1103900,https://www.cube.eu/es-es/cube-stereo-hybrid-one44-hpc-slt-800-splinternavy-n-prizm/1103900,html,2026-10-05
Cube,Cube Stereo Hybrid ONE44 HPC [a143eb9c],Cube Stereo Hybrid ONE44 HPC SLT 800,,emtb,L,L,,,,,,632,477,"{""Tubo del sillín"": ""420"", ""Tubo Horizontal"": ""626 / 627"", ""Ángulo del asiento"": ""76.2° / 76°"", ""Ángulo del tubo de dirección"": ""64.8° / 65.4°"", ""Longitud de Vainas"": ""457"", ""Tubo de dirección"": ""120"", ""Distancia entre ejes"": ""1264 / 1256"", ""Altura del pedalier al eje del buje"": ""30"", ""Altura de proyección - 80mm"": ""748"", ""Reach"": ""477 / 475"", ""Stack"": ""632 / 634""}",8499,false,https://www.cube.eu/es-es/cube-stereo-hybrid-one44-hpc-slt-800-splinternavy-n-prizm/1103900,https://www.cube.eu/es-es/cube-stereo-hybrid-one44-hpc-slt-800-splinternavy-n-prizm/1103900,html,2026-10-05
Cube,Cube Stereo Hybrid ONE44 HPC [a143eb9c],Cube Stereo Hybrid ONE44 HPC SLT 800,,emtb,XL,XL,,,,,,658,512,"{""Tubo del sillín"": ""480"", ""Tubo Horizontal"": ""669 / 671"", ""Ángulo del asiento"": ""76.2° / 76°"", ""Ángulo del tubo de dirección"": ""64.8° / 65.4°"", ""Longitud de Vainas"": ""457"", ""Tubo de dirección"": ""148"", ""Distancia entre ejes"": ""1311 / 1303"", ""Altura del pedalier al eje del buje"": ""30"", ""Altura de proyección - 80mm"": ""748"", ""Reach"": ""512 / 510"", ""Stack"": ""658 / 660""}",8499,false,https://www.cube.eu/es-es/cube-stereo-hybrid-one44-hpc-slt-800-splinternavy-n-prizm/1103900,https://www.cube.eu/es-es/cube-stereo-hybrid-one44-hpc-slt-800-splinternavy-n-prizm/1103900,html,2026-10-05
Cube,Cube Stereo Hybrid ONE44 HPC [a143eb9c],Cube Stereo Hybrid ONE44 HPC AT 800,,emtb,S,S,,,,,,604,427,"{""Tubo del sillín"": ""370"", ""Tubo Horizontal"": ""566 / 568"", ""Ángulo del asiento"": ""76.2° / 76°"", ""Ángulo del tubo de dirección"": ""64.8° / 64.4°"", ""Longitud de Vainas"": ""450"", ""Tubo de dirección"": ""128"", ""Distancia entre ejes"": ""1204 / 1196"", ""Altura del pedalier al eje del buje"": ""12 / 11"", ""Altura de proyección - 80mm"": ""733"", ""Reach"": ""427 / 425"", ""Stack"": ""604 / 606""}",6999,false,https://www.cube.eu/es-es/cube-stereo-hybrid-one44-hpc-at-800-actionteam/1103810,https://www.cube.eu/es-es/cube-stereo-hybrid-one44-hpc-at-800-actionteam/1103810,html,2026-10-05
Cube,Cube Stereo Hybrid ONE44 HPC [a143eb9c],Cube Stereo Hybrid ONE44 HPC AT 800,,emtb,M,M,,,,,,620,452,"{""Tubo del sillín"": ""405"", ""Tubo Horizontal"": ""596 / 598"", ""Ángulo del asiento"": ""76.2° / 76°"", ""Ángulo del tubo de dirección"": ""64.8° / 65.4°"", ""Longitud de Vainas"": ""457"", ""Tubo de dirección"": ""106"", ""Distancia entre ejes"": ""1233 / 1226"", ""Altura del pedalier al eje del buje"": ""30"", ""Altura de proyección - 80mm"": ""748"", ""Reach"": ""452 / 450"", ""Stack"": ""620 / 622""}",6999,false,https://www.cube.eu/es-es/cube-stereo-hybrid-one44-hpc-at-800-actionteam/1103810,https://www.cube.eu/es-es/cube-stereo-hybrid-one44-hpc-at-800-actionteam/1103810,html,2026-10-05
Cube,Cube Stereo Hybrid ONE44 HPC [a143eb9c],Cube Stereo Hybrid ONE44 HPC AT 800,,emtb,L,L,,,,,,632,477,"{""Tubo del sillín"": ""420"", ""Tubo Horizontal"": ""626 / 627"", ""Ángulo del asiento"": ""76.2° / 76°"", ""Ángulo del tubo de dirección"": ""64.8° / 65.4°"", ""Longitud de Vainas"": ""457"", ""Tubo de dirección"": ""120"", ""Distancia entre ejes"": ""1264 / 1256"", ""Altura del pedalier al eje del buje"": ""30"", ""Altura de proyección - 80mm"": ""748"", ""Reach"": ""477 / 475"", ""Stack"": ""632 / 634""}",6999,false,https://www.cube.eu/es-es/cube-stereo-hybrid-one44-hpc-at-800-actionteam/1103810,https://www.cube.eu/es-es/cube-stereo-hybrid-one44-hpc-at-800-actionteam/1103810,html,2026-10-05
Cube,Cube Stereo Hybrid ONE44 HPC [a143eb9c],Cube Stereo Hybrid ONE44 HPC AT 800,,emtb,XL,XL,,,,,,658,512,"{""Tubo del sillín"": ""480"", ""Tubo Horizontal"": ""669 / 671"", ""Ángulo del asiento"": ""76.2° / 76°"", ""Ángulo del tubo de dirección"": ""64.8° / 65.4°"", ""Longitud de Vainas"": ""457"", ""Tubo de dirección"": ""148"", ""Distancia entre ejes"": ""1311 / 1303"", ""Altura del pedalier al eje del buje"": ""30"", ""Altura de proyección - 80mm"": ""748"", ""Reach"": ""512 / 510"", ""Stack"": ""658 / 660""}",6999,false,https://www.cube.eu/es-es/cube-stereo-hybrid-one44-hpc-at-800-actionteam/1103810,https://www.cube.eu/es-es/cube-stereo-hybrid-one44-hpc-at-800-actionteam/1103810,html,2026-10-05
Cube,Cube Stereo Hybrid ONE44 HPC [a143eb9c],Cube Stereo Hybrid ONE44 HPC TM 800,,emtb,S,S,,,,,,604,427,"{""Tubo del sillín"": ""370"", ""Tubo Horizontal"": ""566 / 568"", ""Ángulo del asiento"": ""76.2° / 76°"", ""Ángulo del tubo de dirección"": ""64.8° / 64.4°"", ""Longitud de Vainas"": ""450"", ""Tubo de dirección"": ""128"", ""Distancia entre ejes"": ""1204 / 1196"", ""Altura del pedalier al eje del buje"": ""12 / 11"", ""Altura de proyección - 80mm"": ""733"", ""Reach"": ""427 / 425"", ""Stack"": ""604 / 606""}",5999,false,https://www.cube.eu/es-es/cube-stereo-hybrid-one44-hpc-tm-800-reedgreen-n-gills/1103700,https://www.cube.eu/es-es/cube-stereo-hybrid-one44-hpc-tm-800-reedgreen-n-gills/1103700,html,2026-10-05
Cube,Cube Stereo Hybrid ONE44 HPC [a143eb9c],Cube Stereo Hybrid ONE44 HPC TM 800,,emtb,M,M,,,,,,620,452,"{""Tubo del sillín"": ""405"", ""Tubo Horizontal"": ""596 / 598"", ""Ángulo del asiento"": ""76.2° / 76°"", ""Ángulo del tubo de dirección"": ""64.8° / 65.4°"", ""Longitud de Vainas"": ""457"", ""Tubo de dirección"": ""106"", ""Distancia entre ejes"": ""1233 / 1226"", ""Altura del pedalier al eje del buje"": ""30"", ""Altura de proyección - 80mm"": ""748"", ""Reach"": ""452 / 450"", ""Stack"": ""620 / 622""}",5999,false,https://www.cube.eu/es-es/cube-stereo-hybrid-one44-hpc-tm-800-reedgreen-n-gills/1103700,https://www.cube.eu/es-es/cube-stereo-hybrid-one44-hpc-tm-800-reedgreen-n-gills/1103700,html,2026-10-05
Cube,Cube Stereo Hybrid ONE44 HPC [a143eb9c],Cube Stereo Hybrid ONE44 HPC TM 800,,emtb,L,L,,,,,,632,477,"{""Tubo del sillín"": ""420"", ""Tubo Horizontal"": ""626 / 627"", ""Ángulo del asiento"": ""76.2° / 76°"", ""Ángulo del tubo de dirección"": ""64.8° / 65.4°"", ""Longitud de Vainas"": ""457"", ""Tubo de dirección"": ""120"", ""Distancia entre ejes"": ""1264 / 1256"", ""Altura del pedalier al eje del buje"": ""30"", ""Altura de proyección - 80mm"": ""748"", ""Reach"": ""477 / 475"", ""Stack"": ""632 / 634""}",5999,false,https://www.cube.eu/es-es/cube-stereo-hybrid-one44-hpc-tm-800-reedgreen-n-gills/1103700,https://www.cube.eu/es-es/cube-stereo-hybrid-one44-hpc-tm-800-reedgreen-n-gills/1103700,html,2026-10-05
Cube,Cube Stereo Hybrid ONE44 HPC [a143eb9c],Cube Stereo Hybrid ONE44 HPC TM 800,,emtb,XL,XL,,,,,,658,512,"{""Tubo del sillín"": ""480"", ""Tubo Horizontal"": ""669 / 671"", ""Ángulo del asiento"": ""76.2° / 76°"", ""Ángulo del tubo de dirección"": ""64.8° / 65.4°"", ""Longitud de Vainas"": ""457"", ""Tubo de dirección"": ""148"", ""Distancia entre ejes"": ""1311 / 1303"", ""Altura del pedalier al eje del buje"": ""30"", ""Altura de proyección - 80mm"": ""748"", ""Reach"": ""512 / 510"", ""Stack"": ""658 / 660""}",5999,false,https://www.cube.eu/es-es/cube-stereo-hybrid-one44-hpc-tm-800-reedgreen-n-gills/1103700,https://www.cube.eu/es-es/cube-stereo-hybrid-one44-hpc-tm-800-reedgreen-n-gills/1103700,html,2026-10-05
Cube,Cube Stereo Hybrid ONE44 HPC [a143eb9c],Cube Stereo Hybrid ONE44 HPC SLX Evo 800,,emtb,S,S,,,,,,604,427,"{""Tubo del sillín"": ""370"", ""Tubo Horizontal"": ""566 / 568"", ""Ángulo del asiento"": ""76.2° / 76°"", ""Ángulo del tubo de dirección"": ""64.8° / 64.4°"", ""Longitud de Vainas"": ""450"", ""Tubo de dirección"": ""128"", ""Distancia entre ejes"": ""1204 / 1196"", ""Altura del pedalier al eje del buje"": ""12 / 11"", ""Altura de proyección - 80mm"": ""733"", ""Reach"": ""427 / 425"", ""Stack"": ""604 / 606""}",5699,false,https://www.cube.eu/es-es/cube-stereo-hybrid-one44-hpc-slx-evo-800-artline/1103660,https://www.cube.eu/es-es/cube-stereo-hybrid-one44-hpc-slx-evo-800-artline/1103660,html,2026-10-05
Cube,Cube Stereo Hybrid ONE44 HPC [a143eb9c],Cube Stereo Hybrid ONE44 HPC SLX Evo 800,,emtb,M,M,,,,,,620,452,"{""Tubo del sillín"": ""405"", ""Tubo Horizontal"": ""596 / 598"", ""Ángulo del asiento"": ""76.2° / 76°"", ""Ángulo del tubo de dirección"": ""64.8° / 65.4°"", ""Longitud de Vainas"": ""457"", ""Tubo de dirección"": ""106"", ""Distancia entre ejes"": ""1233 / 1226"", ""Altura del pedalier al eje del buje"": ""30"", ""Altura de proyección - 80mm"": ""748"", ""Reach"": ""452 / 450"", ""Stack"": ""620 / 622""}",5699,false,https://www.cube.eu/es-es/cube-stereo-hybrid-one44-hpc-slx-evo-800-artline/1103660,https://www.cube.eu/es-es/cube-stereo-hybrid-one44-hpc-slx-evo-800-artline/1103660,html,2026-10-05
Cube,Cube Stereo Hybrid ONE44 HPC [a143eb9c],Cube Stereo Hybrid ONE44 HPC SLX Evo 800,,emtb,L,L,,,,,,632,477,"{""Tubo del sillín"": ""420"", ""Tubo Horizontal"": ""626 / 627"", ""Ángulo del asiento"": ""76.2° / 76°"", ""Ángulo del tubo de dirección"": ""64.8° / 65.4°"", ""Longitud de Vainas"": ""457"", ""Tubo de dirección"": ""120"", ""Distancia entre ejes"": ""1264 / 1256"", ""Altura del pedalier al eje del buje"": ""30"", ""Altura de proyección - 80mm"": ""748"", ""Reach"": ""477 / 475"", ""Stack"": ""632 / 634""}",5699,false,https://www.cube.eu/es-es/cube-stereo-hybrid-one44-hpc-slx-evo-800-artline/1103660,https://www.cube.eu/es-es/cube-stereo-hybrid-one44-hpc-slx-evo-800-artline/1103660,html,2026-10-05
Cube,Cube Stereo Hybrid ONE44 HPC [a143eb9c],Cube Stereo Hybrid ONE44 HPC SLX Evo 800,,emtb,XL,XL,,,,,,658,512,"{""Tubo del sillín"": ""480"", ""Tubo Horizontal"": ""669 / 671"", ""Ángulo del asiento"": ""76.2° / 76°"", ""Ángulo del tubo de dirección"": ""64.8° / 65.4°"", ""Longitud de Vainas"": ""457"", ""Tubo de dirección"": ""148"", ""Distancia entre ejes"": ""1311 / 1303"", ""Altura del pedalier al eje del buje"": ""30"", ""Altura de proyección - 80mm"": ""748"", ""Reach"": ""512 / 510"", ""Stack"": ""658 / 660""}",5699,false,https://www.cube.eu/es-es/cube-stereo-hybrid-one44-hpc-slx-evo-800-artline/1103660,https://www.cube.eu/es-es/cube-stereo-hybrid-one44-hpc-slx-evo-800-artline/1103660,html,2026-10-05
Cube,Cube Stereo Hybrid ONE44 HPC [a143eb9c],Cube Stereo Hybrid ONE44 HPC SLX 800,,emtb,S,S,,,,,,604,427,"{""Tubo del sillín"": ""370"", ""Tubo Horizontal"": ""566 / 568"", ""Ángulo del asiento"": ""76.2° / 76°"", ""Ángulo del tubo de dirección"": ""64.8° / 64.4°"", ""Longitud de Vainas"": ""450"", ""Tubo de dirección"": ""128"", ""Distancia entre ejes"": ""1204 / 1196"", ""Altura del pedalier al eje del buje"": ""12 / 11"", ""Altura de proyección - 80mm"": ""733"", ""Reach"": ""427 / 425"", ""Stack"": ""604 / 606""}",4999,false,https://www.cube.eu/es-es/cube-stereo-hybrid-one44-hpc-slx-800-blackline/1103600,https://www.cube.eu/es-es/cube-stereo-hybrid-one44-hpc-slx-800-blackline/1103600,html,2026-10-05
Cube,Cube Stereo Hybrid ONE44 HPC [a143eb9c],Cube Stereo Hybrid ONE44 HPC SLX 800,,emtb,M,M,,,,,,620,452,"{""Tubo del sillín"": ""405"", ""Tubo Horizontal"": ""596 / 598"", ""Ángulo del asiento"": ""76.2° / 76°"", ""Ángulo del tubo de dirección"": ""64.8° / 65.4°"", ""Longitud de Vainas"": ""457"", ""Tubo de dirección"": ""106"", ""Distancia entre ejes"": ""1233 / 1226"", ""Altura del pedalier al eje del buje"": ""30"", ""Altura de proyección - 80mm"": ""748"", ""Reach"": ""452 / 450"", ""Stack"": ""620 / 622""}",4999,false,https://www.cube.eu/es-es/cube-stereo-hybrid-one44-hpc-slx-800-blackline/1103600,https://www.cube.eu/es-es/cube-stereo-hybrid-one44-hpc-slx-800-blackline/1103600,html,2026-10-05
Cube,Cube Stereo Hybrid ONE44 HPC [a143eb9c],Cube Stereo Hybrid ONE44 HPC SLX 800,,emtb,L,L,,,,,,632,477,"{""Tubo del sillín"": ""420"", ""Tubo Horizontal"": ""626 / 627"", ""Ángulo del asiento"": ""76.2° / 76°"", ""Ángulo del tubo de dirección"": ""64.8° / 65.4°"", ""Longitud de Vainas"": ""457"", ""Tubo de dirección"": ""120"", ""Distancia entre ejes"": ""1264 / 1256"", ""Altura del pedalier al eje del buje"": ""30"", ""Altura de proyección - 80mm"": ""748"", ""Reach"": ""477 / 475"", ""Stack"": ""632 / 634""}",4999,false,https://www.cube.eu/es-es/cube-stereo-hybrid-one44-hpc-slx-800-blackline/1103600,https://www.cube.eu/es-es/cube-stereo-hybrid-one44-hpc-slx-800-blackline/1103600,html,2026-10-05
Cube,Cube Stereo Hybrid ONE44 HPC [a143eb9c],Cube Stereo Hybrid ONE44 HPC SLX 800,,emtb,XL,XL,,,,,,658,512,"{""Tubo del sillín"": ""480"", ""Tubo Horizontal"": ""669 / 671"", ""Ángulo del asiento"": ""76.2° / 76°"", ""Ángulo del tubo de dirección"": ""64.8° / 65.4°"", ""Longitud de Vainas"": ""457"", ""Tubo de dirección"": ""148"", ""Distancia entre ejes"": ""1311 / 1303"", ""Altura del pedalier al eje del buje"": ""30"", ""Altura de proyección - 80mm"": ""748"", ""Reach"": ""512 / 510"", ""Stack"": ""658 / 660""}",4999,false,https://www.cube.eu/es-es/cube-stereo-hybrid-one44-hpc-slx-800-blackline/1103600,https://www.cube.eu/es-es/cube-stereo-hybrid-one44-hpc-slx-800-blackline/1103600,html,2026-10-05
Cube,Cube Stereo Hybrid ONE44 HPC [a143eb9c],Cube Stereo Hybrid ONE44 HPC Race 800,,emtb,S,S,,,,,,604,427,"{""Tubo del sillín"": ""370"", ""Tubo Horizontal"": ""566 / 568"", ""Ángulo del asiento"": ""76.2° / 76°"", ""Ángulo del tubo de dirección"": ""64.8° / 64.4°"", ""Longitud de Vainas"": ""450"", ""Tubo de dirección"": ""128"", ""Distancia entre ejes"": ""1204 / 1196"", ""Altura del pedalier al eje del buje"": ""12 / 11"", ""Altura de proyección - 80mm"": ""733"", ""Reach"": ""427 / 425"", ""Stack"": ""604 / 606""}",4399,false,https://www.cube.eu/es-es/cube-stereo-hybrid-one44-hpc-race-800-coal-n-green/1103300,https://www.cube.eu/es-es/cube-stereo-hybrid-one44-hpc-race-800-coal-n-green/1103300,html,2026-10-05
Cube,Cube Stereo Hybrid ONE44 HPC [a143eb9c],Cube Stereo Hybrid ONE44 HPC Race 800,,emtb,M,M,,,,,,620,452,"{""Tubo del sillín"": ""405"", ""Tubo Horizontal"": ""596 / 598"", ""Ángulo del asiento"": ""76.2° / 76°"", ""Ángulo del tubo de dirección"": ""64.8° / 65.4°"", ""Longitud de Vainas"": ""457"", ""Tubo de dirección"": ""106"", ""Distancia entre ejes"": ""1233 / 1226"", ""Altura del pedalier al eje del buje"": ""30"", ""Altura de proyección - 80mm"": ""748"", ""Reach"": ""452 / 450"", ""Stack"": ""620 / 622""}",4399,false,https://www.cube.eu/es-es/cube-stereo-hybrid-one44-hpc-race-800-coal-n-green/1103300,https://www.cube.eu/es-es/cube-stereo-hybrid-one44-hpc-race-800-coal-n-green/1103300,html,2026-10-05
Cube,Cube Stereo Hybrid ONE44 HPC [a143eb9c],Cube Stereo Hybrid ONE44 HPC Race 800,,emtb,L,L,,,,,,632,477,"{""Tubo del sillín"": ""420"", ""Tubo Horizontal"": ""626 / 627"", ""Ángulo del asiento"": ""76.2° / 76°"", ""Ángulo del tubo de dirección"": ""64.8° / 65.4°"", ""Longitud de Vainas"": ""457"", ""Tubo de dirección"": ""120"", ""Distancia entre ejes"": ""1264 / 1256"", ""Altura del pedalier al eje del buje"": ""30"", ""Altura de proyección - 80mm"": ""748"", ""Reach"": ""477 / 475"", ""Stack"": ""632 / 634""}",4399,false,https://www.cube.eu/es-es/cube-stereo-hybrid-one44-hpc-race-800-coal-n-green/1103300,https://www.cube.eu/es-es/cube-stereo-hybrid-one44-hpc-race-800-coal-n-green/1103300,html,2026-10-05
Cube,Cube Stereo Hybrid ONE44 HPC [a143eb9c],Cube Stereo Hybrid ONE44 HPC Race 800,,emtb,XL,XL,,,,,,658,512,"{""Tubo del sillín"": ""480"", ""Tubo Horizontal"": ""669 / 671"", ""Ángulo del asiento"": ""76.2° / 76°"", ""Ángulo del tubo de dirección"": ""64.8° / 65.4°"", ""Longitud de Vainas"": ""457"", ""Tubo de dirección"": ""148"", ""Distancia entre ejes"": ""1311 / 1303"", ""Altura del pedalier al eje del buje"": ""30"", ""Altura de proyección - 80mm"": ""748"", ""Reach"": ""512 / 510"", ""Stack"": ""658 / 660""}",4399,false,https://www.cube.eu/es-es/cube-stereo-hybrid-one44-hpc-race-800-coal-n-green/1103300,https://www.cube.eu/es-es/cube-stereo-hybrid-one44-hpc-race-800-coal-n-green/1103300,html,2026-10-05
Cube,Cube Stereo Hybrid ONE44 HPC [a143eb9c],Cube Stereo Hybrid ONE44 HPC Pro 800,,emtb,S,S,,,,,,604,427,"{""Tubo del sillín"": ""370"", ""Tubo Horizontal"": ""566 / 568"", ""Ángulo del asiento"": ""76.2° / 76°"", ""Ángulo del tubo de dirección"": ""64.8° / 64.4°"", ""Longitud de Vainas"": ""450"", ""Tubo de dirección"": ""128"", ""Distancia entre ejes"": ""1204 / 1196"", ""Altura del pedalier al eje del buje"": ""12 / 11"", ""Altura de proyección - 80mm"": ""733"", ""Reach"": ""427 / 425"", ""Stack"": ""604 / 606""}",4099,false,https://www.cube.eu/es-es/cube-stereo-hybrid-one44-hpc-pro-800-metallicwhite-n-blue/1103210,https://www.cube.eu/es-es/cube-stereo-hybrid-one44-hpc-pro-800-metallicwhite-n-blue/1103210,html,2026-10-05
Cube,Cube Stereo Hybrid ONE44 HPC [a143eb9c],Cube Stereo Hybrid ONE44 HPC Pro 800,,emtb,M,M,,,,,,620,452,"{""Tubo del sillín"": ""405"", ""Tubo Horizontal"": ""596 / 598"", ""Ángulo del asiento"": ""76.2° / 76°"", ""Ángulo del tubo de dirección"": ""64.8° / 65.4°"", ""Longitud de Vainas"": ""457"", ""Tubo de dirección"": ""106"", ""Distancia entre ejes"": ""1233 / 1226"", ""Altura del pedalier al eje del buje"": ""30"", ""Altura de proyección - 80mm"": ""748"", ""Reach"": ""452 / 450"", ""Stack"": ""620 / 622""}",4099,false,https://www.cube.eu/es-es/cube-stereo-hybrid-one44-hpc-pro-800-metallicwhite-n-blue/1103210,https://www.cube.eu/es-es/cube-stereo-hybrid-one44-hpc-pro-800-metallicwhite-n-blue/1103210,html,2026-10-05
Cube,Cube Stereo Hybrid ONE44 HPC [a143eb9c],Cube Stereo Hybrid ONE44 HPC Pro 800,,emtb,L,L,,,,,,632,477,"{""Tubo del sillín"": ""420"", ""Tubo Horizontal"": ""626 / 627"", ""Ángulo del asiento"": ""76.2° / 76°"", ""Ángulo del tubo de dirección"": ""64.8° / 65.4°"", ""Longitud de Vainas"": ""457"", ""Tubo de dirección"": ""120"", ""Distancia entre ejes"": ""1264 / 1256"", ""Altura del pedalier al eje del buje"": ""30"", ""Altura de proyección - 80mm"": ""748"", ""Reach"": ""477 / 475"", ""Stack"": ""632 / 634""}",4099,false,https://www.cube.eu/es-es/cube-stereo-hybrid-one44-hpc-pro-800-metallicwhite-n-blue/1103210,https://www.cube.eu/es-es/cube-stereo-hybrid-one44-hpc-pro-800-metallicwhite-n-blue/1103210,html,2026-10-05
Cube,Cube Stereo Hybrid ONE44 HPC [a143eb9c],Cube Stereo Hybrid ONE44 HPC Pro 800,,emtb,XL,XL,,,,,,658,512,"{""Tubo del sillín"": ""480"", ""Tubo Horizontal"": ""669 / 671"", ""Ángulo del asiento"": ""76.2° / 76°"", ""Ángulo del tubo de dirección"": ""64.8° / 65.4°"", ""Longitud de Vainas"": ""457"", ""Tubo de dirección"": ""148"", ""Distancia entre ejes"": ""1311 / 1303"", ""Altura del pedalier al eje del buje"": ""30"", ""Altura de proyección - 80mm"": ""748"", ""Reach"": ""512 / 510"", ""Stack"": ""658 / 660""}",4099,false,https://www.cube.eu/es-es/cube-stereo-hybrid-one44-hpc-pro-800-metallicwhite-n-blue/1103210,https://www.cube.eu/es-es/cube-stereo-hybrid-one44-hpc-pro-800-metallicwhite-n-blue/1103210,html,2026-10-05
Cube,Cube AMS Hybrid ONE44 C:68X [97afe5f2],Cube AMS Hybrid ONE44 C:68X SLT 400X,,emtb,S,S,,,,,,617,428,"{""Tubo del sillín"": ""370"", ""Tubo Horizontal"": ""576"", ""Ángulo del asiento"": ""76°"", ""Ángulo del tubo de dirección"": ""65.6°"", ""Longitud de Vainas"": ""450"", ""Tubo de dirección"": ""102"", ""Distancia entre ejes"": ""1190"", ""Altura del pedalier al eje del buje"": ""-32"", ""Altura de proyección - 80mm"": ""763"", ""Reach"": ""428"", ""Stack"": ""617""}",7999,false,https://www.cube.eu/es-es/cube-ams-hybrid-one44-c-68x-slt-400x-matrixblack-n-white/104300,https://www.cube.eu/es-es/cube-ams-hybrid-one44-c-68x-slt-400x-matrixblack-n-white/104300,html,2026-10-05
Cube,Cube AMS Hybrid ONE44 C:68X [97afe5f2],Cube AMS Hybrid ONE44 C:68X SLT 400X,,emtb,M,M,,,,,,626,448,"{""Tubo del sillín"": ""405"", ""Tubo Horizontal"": ""599"", ""Ángulo del asiento"": ""76°"", ""Ángulo del tubo de dirección"": ""65.6°"", ""Longitud de Vainas"": ""450"", ""Tubo de dirección"": ""112"", ""Distancia entre ejes"": ""1214"", ""Altura del pedalier al eje del buje"": ""-32"", ""Altura de proyección - 80mm"": ""764"", ""Reach"": ""448"", ""Stack"": ""626""}",7999,false,https://www.cube.eu/es-es/cube-ams-hybrid-one44-c-68x-slt-400x-matrixblack-n-white/104300,https://www.cube.eu/es-es/cube-ams-hybrid-one44-c-68x-slt-400x-matrixblack-n-white/104300,html,2026-10-05
Cube,Cube AMS Hybrid ONE44 C:68X [97afe5f2],Cube AMS Hybrid ONE44 C:68X SLT 400X,,emtb,L,L,,,,,,635,473,"{""Tubo del sillín"": ""420"", ""Tubo Horizontal"": ""627"", ""Ángulo del asiento"": ""76°"", ""Ángulo del tubo de dirección"": ""65.6°"", ""Longitud de Vainas"": ""450"", ""Tubo de dirección"": ""122"", ""Distancia entre ejes"": ""1243"", ""Altura del pedalier al eje del buje"": ""-32"", ""Altura de proyección - 80mm"": ""764"", ""Reach"": ""473"", ""Stack"": ""635""}",7999,false,https://www.cube.eu/es-es/cube-ams-hybrid-one44-c-68x-slt-400x-matrixblack-n-white/104300,https://www.cube.eu/es-es/cube-ams-hybrid-one44-c-68x-slt-400x-matrixblack-n-white/104300,html,2026-10-05
Cube,Cube AMS Hybrid ONE44 C:68X [97afe5f2],Cube AMS Hybrid ONE44 C:68X SLT 400X,,emtb,XL,XL,,,,,,653,500,"{""Tubo del sillín"": ""470"", ""Tubo Horizontal"": ""659"", ""Ángulo del asiento"": ""76°"", ""Ángulo del tubo de dirección"": ""65.6°"", ""Longitud de Vainas"": ""450"", ""Tubo de dirección"": ""142"", ""Distancia entre ejes"": ""1279"", ""Altura del pedalier al eje del buje"": ""-32"", ""Altura de proyección - 80mm"": ""765"", ""Reach"": ""500"", ""Stack"": ""653""}",7999,false,https://www.cube.eu/es-es/cube-ams-hybrid-one44-c-68x-slt-400x-matrixblack-n-white/104300,https://www.cube.eu/es-es/cube-ams-hybrid-one44-c-68x-slt-400x-matrixblack-n-white/104300,html,2026-10-05
Cube,Cube AMS Hybrid ONE44 C:68X [97afe5f2],Cube AMS Hybrid ONE44 C:68X TM 400X,,emtb,S,S,,,,,,617,428,"{""Tubo del sillín"": ""370"", ""Tubo Horizontal"": ""576"", ""Ángulo del asiento"": ""76°"", ""Ángulo del tubo de dirección"": ""65.6°"", ""Longitud de Vainas"": ""450"", ""Tubo de dirección"": ""102"", ""Distancia entre ejes"": ""1190"", ""Altura del pedalier al eje del buje"": ""-32"", ""Altura de proyección - 80mm"": ""763"", ""Reach"": ""428"", ""Stack"": ""617""}",6499,false,https://www.cube.eu/es-es/cube-ams-hybrid-one44-c-68x-tm-400x-reedgreen-n-matrix/104200,https://www.cube.eu/es-es/cube-ams-hybrid-one44-c-68x-tm-400x-reedgreen-n-matrix/104200,html,2026-10-05
Cube,Cube AMS Hybrid ONE44 C:68X [97afe5f2],Cube AMS Hybrid ONE44 C:68X TM 400X,,emtb,M,M,,,,,,626,448,"{""Tubo del sillín"": ""405"", ""Tubo Horizontal"": ""599"", ""Ángulo del asiento"": ""76°"", ""Ángulo del tubo de dirección"": ""65.6°"", ""Longitud de Vainas"": ""450"", ""Tubo de dirección"": ""112"", ""Distancia entre ejes"": ""1214"", ""Altura del pedalier al eje del buje"": ""-32"", ""Altura de proyección - 80mm"": ""764"", ""Reach"": ""448"", ""Stack"": ""626""}",6499,false,https://www.cube.eu/es-es/cube-ams-hybrid-one44-c-68x-tm-400x-reedgreen-n-matrix/104200,https://www.cube.eu/es-es/cube-ams-hybrid-one44-c-68x-tm-400x-reedgreen-n-matrix/104200,html,2026-10-05
Cube,Cube AMS Hybrid ONE44 C:68X [97afe5f2],Cube AMS Hybrid ONE44 C:68X TM 400X,,emtb,L,L,,,,,,635,473,"{""Tubo del sillín"": ""420"", ""Tubo Horizontal"": ""627"", ""Ángulo del asiento"": ""76°"", ""Ángulo del tubo de dirección"": ""65.6°"", ""Longitud de Vainas"": ""450"", ""Tubo de dirección"": ""122"", ""Distancia entre ejes"": ""1243"", ""Altura del pedalier al eje del buje"": ""-32"", ""Altura de proyección - 80mm"": ""764"", ""Reach"": ""473"", ""Stack"": ""635""}",6499,false,https://www.cube.eu/es-es/cube-ams-hybrid-one44-c-68x-tm-400x-reedgreen-n-matrix/104200,https://www.cube.eu/es-es/cube-ams-hybrid-one44-c-68x-tm-400x-reedgreen-n-matrix/104200,html,2026-10-05
Cube,Cube AMS Hybrid ONE44 C:68X [97afe5f2],Cube AMS Hybrid ONE44 C:68X TM 400X,,emtb,XL,XL,,,,,,653,500,"{""Tubo del sillín"": ""470"", ""Tubo Horizontal"": ""659"", ""Ángulo del asiento"": ""76°"", ""Ángulo del tubo de dirección"": ""65.6°"", ""Longitud de Vainas"": ""450"", ""Tubo de dirección"": ""142"", ""Distancia entre ejes"": ""1279"", ""Altura del pedalier al eje del buje"": ""-32"", ""Altura de proyección - 80mm"": ""765"", ""Reach"": ""500"", ""Stack"": ""653""}",6499,false,https://www.cube.eu/es-es/cube-ams-hybrid-one44-c-68x-tm-400x-reedgreen-n-matrix/104200,https://www.cube.eu/es-es/cube-ams-hybrid-one44-c-68x-tm-400x-reedgreen-n-matrix/104200,html,2026-10-05
Cube,Cube AMS Hybrid ONE44 C:68X [97afe5f2],Cube AMS Hybrid ONE44 C:68X SLX 400X,,emtb,S,S,,,,,,617,428,"{""Tubo del sillín"": ""370"", ""Tubo Horizontal"": ""576"", ""Ángulo del asiento"": ""76°"", ""Ángulo del tubo de dirección"": ""65.6°"", ""Longitud de Vainas"": ""450"", ""Tubo de dirección"": ""102"", ""Distancia entre ejes"": ""1190"", ""Altura del pedalier al eje del buje"": ""-32"", ""Altura de proyección - 80mm"": ""763"", ""Reach"": ""428"", ""Stack"": ""617""}",5999,false,https://www.cube.eu/es-es/cube-ams-hybrid-one44-c-68x-slx-400x-nebula-n-black/104100,https://www.cube.eu/es-es/cube-ams-hybrid-one44-c-68x-slx-400x-nebula-n-black/104100,html,2026-10-05
Cube,Cube AMS Hybrid ONE44 C:68X [97afe5f2],Cube AMS Hybrid ONE44 C:68X SLX 400X,,emtb,M,M,,,,,,626,448,"{""Tubo del sillín"": ""405"", ""Tubo Horizontal"": ""599"", ""Ángulo del asiento"": ""76°"", ""Ángulo del tubo de dirección"": ""65.6°"", ""Longitud de Vainas"": ""450"", ""Tubo de dirección"": ""112"", ""Distancia entre ejes"": ""1214"", ""Altura del pedalier al eje del buje"": ""-32"", ""Altura de proyección - 80mm"": ""764"", ""Reach"": ""448"", ""Stack"": ""626""}",5999,false,https://www.cube.eu/es-es/cube-ams-hybrid-one44-c-68x-slx-400x-nebula-n-black/104100,https://www.cube.eu/es-es/cube-ams-hybrid-one44-c-68x-slx-400x-nebula-n-black/104100,html,2026-10-05
Cube,Cube AMS Hybrid ONE44 C:68X [97afe5f2],Cube AMS Hybrid ONE44 C:68X SLX 400X,,emtb,L,L,,,,,,635,473,"{""Tubo del sillín"": ""420"", ""Tubo Horizontal"": ""627"", ""Ángulo del asiento"": ""76°"", ""Ángulo del tubo de dirección"": ""65.6°"", ""Longitud de Vainas"": ""450"", ""Tubo de dirección"": ""122"", ""Distancia entre ejes"": ""1243"", ""Altura del pedalier al eje del buje"": ""-32"", ""Altura de proyección - 80mm"": ""764"", ""Reach"": ""473"", ""Stack"": ""635""}",5999,false,https://www.cube.eu/es-es/cube-ams-hybrid-one44-c-68x-slx-400x-nebula-n-black/104100,https://www.cube.eu/es-es/cube-ams-hybrid-one44-c-68x-slx-400x-nebula-n-black/104100,html,2026-10-05
Cube,Cube AMS Hybrid ONE44 C:68X [97afe5f2],Cube AMS Hybrid ONE44 C:68X SLX 400X,,emtb,XL,XL,,,,,,653,500,"{""Tubo del sillín"": ""470"", ""Tubo Horizontal"": ""659"", ""Ángulo del asiento"": ""76°"", ""Ángulo del tubo de dirección"": ""65.6°"", ""Longitud de Vainas"": ""450"", ""Tubo de dirección"": ""142"", ""Distancia entre ejes"": ""1279"", ""Altura del pedalier al eje del buje"": ""-32"", ""Altura de proyección - 80mm"": ""765"", ""Reach"": ""500"", ""Stack"": ""653""}",5999,false,https://www.cube.eu/es-es/cube-ams-hybrid-one44-c-68x-slx-400x-nebula-n-black/104100,https://www.cube.eu/es-es/cube-ams-hybrid-one44-c-68x-slx-400x-nebula-n-black/104100,html,2026-10-05
Cube,Cube Stereo Hybrid ONE44 HPC [9715755c],Cube Stereo Hybrid ONE44 HPC Super TM 800,,emtb,S,S,,,,,,606,425,"{""Tubo del sillín"": ""370"", ""Tubo Horizontal"": ""567"", ""Ángulo del asiento"": ""76°"", ""Ángulo del tubo de dirección"": ""65°"", ""Longitud de Vainas"": ""450"", ""Tubo de dirección"": ""128"", ""Distancia entre ejes"": ""1201"", ""Altura del pedalier al eje del buje"": ""11"", ""Altura de proyección - 80mm"": ""738"", ""Reach"": ""425"", ""Stack"": ""606""}",6999,false,https://www.cube.eu/es-es/cube-stereo-hybrid-one44-hpc-super-tm-800-graphiteglitch-n-grey/1203850,https://www.cube.eu/es-es/cube-stereo-hybrid-one44-hpc-super-tm-800-graphiteglitch-n-grey/1203850,html,2026-10-05
Cube,Cube Stereo Hybrid ONE44 HPC [9715755c],Cube Stereo Hybrid ONE44 HPC Super TM 800,,emtb,M,M,,,,,,621,450,"{""Tubo del sillín"": ""405"", ""Tubo Horizontal"": ""598"", ""Ángulo del asiento"": ""76°"", ""Ángulo del tubo de dirección"": ""65°"", ""Longitud de Vainas"": ""457"", ""Tubo de dirección"": ""106"", ""Distancia entre ejes"": ""1230"", ""Altura del pedalier al eje del buje"": ""30"", ""Altura de proyección - 80mm"": ""750"", ""Reach"": ""450"", ""Stack"": ""621""}",6999,false,https://www.cube.eu/es-es/cube-stereo-hybrid-one44-hpc-super-tm-800-graphiteglitch-n-grey/1203850,https://www.cube.eu/es-es/cube-stereo-hybrid-one44-hpc-super-tm-800-graphiteglitch-n-grey/1203850,html,2026-10-05
Cube,Cube Stereo Hybrid ONE44 HPC [9715755c],Cube Stereo Hybrid ONE44 HPC Super TM 800,,emtb,L,L,,,,,,634,475,"{""Tubo del sillín"": ""420"", ""Tubo Horizontal"": ""627"", ""Ángulo del asiento"": ""76°"", ""Ángulo del tubo de dirección"": ""65°"", ""Longitud de Vainas"": ""457"", ""Tubo de dirección"": ""120"", ""Distancia entre ejes"": ""1261"", ""Altura del pedalier al eje del buje"": ""30"", ""Altura de proyección - 80mm"": ""750"", ""Reach"": ""475"", ""Stack"": ""634""}",6999,false,https://www.cube.eu/es-es/cube-stereo-hybrid-one44-hpc-super-tm-800-graphiteglitch-n-grey/1203850,https://www.cube.eu/es-es/cube-stereo-hybrid-one44-hpc-super-tm-800-graphiteglitch-n-grey/1203850,html,2026-10-05
Cube,Cube Stereo Hybrid ONE44 HPC [9715755c],Cube Stereo Hybrid ONE44 HPC Super TM 800,,emtb,XL,XL,,,,,,660,510,"{""Tubo del sillín"": ""480"", ""Tubo Horizontal"": ""670"", ""Ángulo del asiento"": ""76°"", ""Ángulo del tubo de dirección"": ""65°"", ""Longitud de Vainas"": ""457"", ""Tubo de dirección"": ""148"", ""Distancia entre ejes"": ""1308"", ""Altura del pedalier al eje del buje"": ""30"", ""Altura de proyección - 80mm"": ""750"", ""Reach"": ""510"", ""Stack"": ""660""}",6999,false,https://www.cube.eu/es-es/cube-stereo-hybrid-one44-hpc-super-tm-800-graphiteglitch-n-grey/1203850,https://www.cube.eu/es-es/cube-stereo-hybrid-one44-hpc-super-tm-800-graphiteglitch-n-grey/1203850,html,2026-10-05
Cube,Cube Stereo Hybrid ONE44 HPC [9715755c],Cube Stereo Hybrid ONE44 HPC EXC 800,,emtb,S,S,,,,,,606,425,"{""Tubo del sillín"": ""370"", ""Tubo Horizontal"": ""567"", ""Ángulo del asiento"": ""76°"", ""Ángulo del tubo de dirección"": ""65°"", ""Longitud de Vainas"": ""450"", ""Tubo de dirección"": ""128"", ""Distancia entre ejes"": ""1201"", ""Altura del pedalier al eje del buje"": ""11"", ""Altura de proyección - 80mm"": ""738"", ""Reach"": ""425"", ""Stack"": ""606""}",4799,false,https://www.cube.eu/es-es/cube-stereo-hybrid-one44-hpc-exc-800-nebula-n-blue/1203410,https://www.cube.eu/es-es/cube-stereo-hybrid-one44-hpc-exc-800-nebula-n-blue/1203410,html,2026-10-05
Cube,Cube Stereo Hybrid ONE44 HPC [9715755c],Cube Stereo Hybrid ONE44 HPC EXC 800,,emtb,M,M,,,,,,621,450,"{""Tubo del sillín"": ""405"", ""Tubo Horizontal"": ""598"", ""Ángulo del asiento"": ""76°"", ""Ángulo del tubo de dirección"": ""65°"", ""Longitud de Vainas"": ""457"", ""Tubo de dirección"": ""106"", ""Distancia entre ejes"": ""1230"", ""Altura del pedalier al eje del buje"": ""30"", ""Altura de proyección - 80mm"": ""750"", ""Reach"": ""450"", ""Stack"": ""621""}",4799,false,https://www.cube.eu/es-es/cube-stereo-hybrid-one44-hpc-exc-800-nebula-n-blue/1203410,https://www.cube.eu/es-es/cube-stereo-hybrid-one44-hpc-exc-800-nebula-n-blue/1203410,html,2026-10-05
Cube,Cube Stereo Hybrid ONE44 HPC [9715755c],Cube Stereo Hybrid ONE44 HPC EXC 800,,emtb,L,L,,,,,,634,475,"{""Tubo del sillín"": ""420"", ""Tubo Horizontal"": ""627"", ""Ángulo del asiento"": ""76°"", ""Ángulo del tubo de dirección"": ""65°"", ""Longitud de Vainas"": ""457"", ""Tubo de dirección"": ""120"", ""Distancia entre ejes"": ""1261"", ""Altura del pedalier al eje del buje"": ""30"", ""Altura de proyección - 80mm"": ""750"", ""Reach"": ""475"", ""Stack"": ""634""}",4799,false,https://www.cube.eu/es-es/cube-stereo-hybrid-one44-hpc-exc-800-nebula-n-blue/1203410,https://www.cube.eu/es-es/cube-stereo-hybrid-one44-hpc-exc-800-nebula-n-blue/1203410,html,2026-10-05
Cube,Cube Stereo Hybrid ONE44 HPC [9715755c],Cube Stereo Hybrid ONE44 HPC EXC 800,,emtb,XL,XL,,,,,,660,510,"{""Tubo del sillín"": ""480"", ""Tubo Horizontal"": ""670"", ""Ángulo del asiento"": ""76°"", ""Ángulo del tubo de dirección"": ""65°"", ""Longitud de Vainas"": ""457"", ""Tubo de dirección"": ""148"", ""Distancia entre ejes"": ""1308"", ""Altura del pedalier al eje del buje"": ""30"", ""Altura de proyección - 80mm"": ""750"", ""Reach"": ""510"", ""Stack"": ""660""}",4799,false,https://www.cube.eu/es-es/cube-stereo-hybrid-one44-hpc-exc-800-nebula-n-blue/1203410,https://www.cube.eu/es-es/cube-stereo-hybrid-one44-hpc-exc-800-nebula-n-blue/1203410,html,2026-10-05
Cube,Cube Stereo Hybrid ONE44 [22e3adaa],Cube Stereo Hybrid ONE44 SLX 800 FE,,emtb,S,S,,,,,,622,420,"{""Tubo del sillín"": ""370"", ""Tubo Horizontal"": ""567"", ""Ángulo del asiento"": ""76°"", ""Ángulo del tubo de dirección"": ""65.4°"", ""Longitud de Vainas"": ""461"", ""Tubo de dirección"": ""149"", ""Distancia entre ejes"": ""1206"", ""Altura del pedalier al eje del buje"": ""17"", ""Altura de proyección - 80mm"": ""756"", ""Reach"": ""420"", ""Stack"": ""622""}",4899,false,https://www.cube.eu/es-es/cube-stereo-hybrid-one44-slx-800-fe-oatgrey-n-grey/1102650,https://www.cube.eu/es-es/cube-stereo-hybrid-one44-slx-800-fe-oatgrey-n-grey/1102650,html,2026-10-05
Cube,Cube Stereo Hybrid ONE44 [22e3adaa],Cube Stereo Hybrid ONE44 SLX 800 FE,,emtb,M,M,,,,,,631,447,"{""Tubo del sillín"": ""405"", ""Tubo Horizontal"": ""597"", ""Ángulo del asiento"": ""76°"", ""Ángulo del tubo de dirección"": ""65.4°"", ""Longitud de Vainas"": ""494"", ""Tubo de dirección"": ""107"", ""Distancia entre ejes"": ""1260"", ""Altura del pedalier al eje del buje"": ""36"", ""Altura de proyección - 80mm"": ""786"", ""Reach"": ""447"", ""Stack"": ""631""}",4899,false,https://www.cube.eu/es-es/cube-stereo-hybrid-one44-slx-800-fe-oatgrey-n-grey/1102650,https://www.cube.eu/es-es/cube-stereo-hybrid-one44-slx-800-fe-oatgrey-n-grey/1102650,html,2026-10-05
Cube,Cube Stereo Hybrid ONE44 [22e3adaa],Cube Stereo Hybrid ONE44 SLX 800 FE,,emtb,L,L,,,,,,640,474,"{""Tubo del sillín"": ""420"", ""Tubo Horizontal"": ""627"", ""Ángulo del asiento"": ""76°"", ""Ángulo del tubo de dirección"": ""65.4°"", ""Longitud de Vainas"": ""494"", ""Tubo de dirección"": ""117"", ""Distancia entre ejes"": ""1291"", ""Altura del pedalier al eje del buje"": ""36"", ""Altura de proyección - 80mm"": ""789"", ""Reach"": ""474"", ""Stack"": ""640""}",4899,false,https://www.cube.eu/es-es/cube-stereo-hybrid-one44-slx-800-fe-oatgrey-n-grey/1102650,https://www.cube.eu/es-es/cube-stereo-hybrid-one44-slx-800-fe-oatgrey-n-grey/1102650,html,2026-10-05
Cube,Cube Stereo Hybrid ONE44 [22e3adaa],Cube Stereo Hybrid ONE44 SLX 800 FE,,emtb,XL,XL,,,,,,660,510,"{""Tubo del sillín"": ""480"", ""Tubo Horizontal"": ""670"", ""Ángulo del asiento"": ""76°"", ""Ángulo del tubo de dirección"": ""65.4°"", ""Longitud de Vainas"": ""494"", ""Tubo de dirección"": ""139"", ""Distancia entre ejes"": ""1337"", ""Altura del pedalier al eje del buje"": ""36"", ""Altura de proyección - 80mm"": ""799"", ""Reach"": ""510"", ""Stack"": ""660""}",4899,false,https://www.cube.eu/es-es/cube-stereo-hybrid-one44-slx-800-fe-oatgrey-n-grey/1102650,https://www.cube.eu/es-es/cube-stereo-hybrid-one44-slx-800-fe-oatgrey-n-grey/1102650,html,2026-10-05
Cube,Cube Stereo Hybrid ONE44 [22e3adaa],Cube Stereo Hybrid ONE44 SLX 800,,emtb,S,S,,,,,,622,420,"{""Tubo del sillín"": ""370"", ""Tubo Horizontal"": ""567"", ""Ángulo del asiento"": ""76°"", ""Ángulo del tubo de dirección"": ""65.4°"", ""Longitud de Vainas"": ""461"", ""Tubo de dirección"": ""149"", ""Distancia entre ejes"": ""1206"", ""Altura del pedalier al eje del buje"": ""17"", ""Altura de proyección - 80mm"": ""756"", ""Reach"": ""420"", ""Stack"": ""622""}",4699,false,https://www.cube.eu/es-es/cube-stereo-hybrid-one44-slx-800-oatgrey-n-grey/1102600,https://www.cube.eu/es-es/cube-stereo-hybrid-one44-slx-800-oatgrey-n-grey/1102600,html,2026-10-05
Cube,Cube Stereo Hybrid ONE44 [22e3adaa],Cube Stereo Hybrid ONE44 SLX 800,,emtb,M,M,,,,,,631,447,"{""Tubo del sillín"": ""405"", ""Tubo Horizontal"": ""597"", ""Ángulo del asiento"": ""76°"", ""Ángulo del tubo de dirección"": ""65.4°"", ""Longitud de Vainas"": ""494"", ""Tubo de dirección"": ""107"", ""Distancia entre ejes"": ""1260"", ""Altura del pedalier al eje del buje"": ""36"", ""Altura de proyección - 80mm"": ""786"", ""Reach"": ""447"", ""Stack"": ""631""}",4699,false,https://www.cube.eu/es-es/cube-stereo-hybrid-one44-slx-800-oatgrey-n-grey/1102600,https://www.cube.eu/es-es/cube-stereo-hybrid-one44-slx-800-oatgrey-n-grey/1102600,html,2026-10-05
Cube,Cube Stereo Hybrid ONE44 [22e3adaa],Cube Stereo Hybrid ONE44 SLX 800,,emtb,L,L,,,,,,640,474,"{""Tubo del sillín"": ""420"", ""Tubo Horizontal"": ""627"", ""Ángulo del asiento"": ""76°"", ""Ángulo del tubo de dirección"": ""65.4°"", ""Longitud de Vainas"": ""494"", ""Tubo de dirección"": ""117"", ""Distancia entre ejes"": ""1291"", ""Altura del pedalier al eje del buje"": ""36"", ""Altura de proyección - 80mm"": ""789"", ""Reach"": ""474"", ""Stack"": ""640""}",4699,false,https://www.cube.eu/es-es/cube-stereo-hybrid-one44-slx-800-oatgrey-n-grey/1102600,https://www.cube.eu/es-es/cube-stereo-hybrid-one44-slx-800-oatgrey-n-grey/1102600,html,2026-10-05
Cube,Cube Stereo Hybrid ONE44 [22e3adaa],Cube Stereo Hybrid ONE44 SLX 800,,emtb,XL,XL,,,,,,660,510,"{""Tubo del sillín"": ""480"", ""Tubo Horizontal"": ""670"", ""Ángulo del asiento"": ""76°"", ""Ángulo del tubo de dirección"": ""65.4°"", ""Longitud de Vainas"": ""494"", ""Tubo de dirección"": ""139"", ""Distancia entre ejes"": ""1337"", ""Altura del pedalier al eje del buje"": ""36"", ""Altura de proyección - 80mm"": ""799"", ""Reach"": ""510"", ""Stack"": ""660""}",4699,false,https://www.cube.eu/es-es/cube-stereo-hybrid-one44-slx-800-oatgrey-n-grey/1102600,https://www.cube.eu/es-es/cube-stereo-hybrid-one44-slx-800-oatgrey-n-grey/1102600,html,2026-10-05
Cube,Cube Stereo Hybrid ONE44 [22e3adaa],Cube Stereo Hybrid ONE44 Pro 800 FE,,emtb,S,S,,,,,,622,420,"{""Tubo del sillín"": ""370"", ""Tubo Horizontal"": ""567"", ""Ángulo del asiento"": ""76°"", ""Ángulo del tubo de dirección"": ""65.4°"", ""Longitud de Vainas"": ""461"", ""Tubo de dirección"": ""149"", ""Distancia entre ejes"": ""1206"", ""Altura del pedalier al eje del buje"": ""17"", ""Altura de proyección - 80mm"": ""756"", ""Reach"": ""420"", ""Stack"": ""622""}",4099,false,https://www.cube.eu/es-es/cube-stereo-hybrid-one44-pro-800-fe-blueiris-n-purple/1102270,https://www.cube.eu/es-es/cube-stereo-hybrid-one44-pro-800-fe-blueiris-n-purple/1102270,html,2026-10-05
Cube,Cube Stereo Hybrid ONE44 [22e3adaa],Cube Stereo Hybrid ONE44 Pro 800 FE,,emtb,M,M,,,,,,631,447,"{""Tubo del sillín"": ""405"", ""Tubo Horizontal"": ""597"", ""Ángulo del asiento"": ""76°"", ""Ángulo del tubo de dirección"": ""65.4°"", ""Longitud de Vainas"": ""494"", ""Tubo de dirección"": ""107"", ""Distancia entre ejes"": ""1260"", ""Altura del pedalier al eje del buje"": ""36"", ""Altura de proyección - 80mm"": ""786"", ""Reach"": ""447"", ""Stack"": ""631""}",4099,false,https://www.cube.eu/es-es/cube-stereo-hybrid-one44-pro-800-fe-blueiris-n-purple/1102270,https://www.cube.eu/es-es/cube-stereo-hybrid-one44-pro-800-fe-blueiris-n-purple/1102270,html,2026-10-05
Cube,Cube Stereo Hybrid ONE44 [22e3adaa],Cube Stereo Hybrid ONE44 Pro 800 FE,,emtb,L,L,,,,,,640,474,"{""Tubo del sillín"": ""420"", ""Tubo Horizontal"": ""627"", ""Ángulo del asiento"": ""76°"", ""Ángulo del tubo de dirección"": ""65.4°"", ""Longitud de Vainas"": ""494"", ""Tubo de dirección"": ""117"", ""Distancia entre ejes"": ""1291"", ""Altura del pedalier al eje del buje"": ""36"", ""Altura de proyección - 80mm"": ""789"", ""Reach"": ""474"", ""Stack"": ""640""}",4099,false,https://www.cube.eu/es-es/cube-stereo-hybrid-one44-pro-800-fe-blueiris-n-purple/1102270,https://www.cube.eu/es-es/cube-stereo-hybrid-one44-pro-800-fe-blueiris-n-purple/1102270,html,2026-10-05
Cube,Cube Stereo Hybrid ONE44 [22e3adaa],Cube Stereo Hybrid ONE44 Pro 800 FE,,emtb,XL,XL,,,,,,660,510,"{""Tubo del sillín"": ""480"", ""Tubo Horizontal"": ""670"", ""Ángulo del asiento"": ""76°"", ""Ángulo del tubo de dirección"": ""65.4°"", ""Longitud de Vainas"": ""494"", ""Tubo de dirección"": ""139"", ""Distancia entre ejes"": ""1337"", ""Altura del pedalier al eje del buje"": ""36"", ""Altura de proyección - 80mm"": ""799"", ""Reach"": ""510"", ""Stack"": ""660""}",4099,false,https://www.cube.eu/es-es/cube-stereo-hybrid-one44-pro-800-fe-blueiris-n-purple/1102270,https://www.cube.eu/es-es/cube-stereo-hybrid-one44-pro-800-fe-blueiris-n-purple/1102270,html,2026-10-05
Cube,Cube Stereo Hybrid ONE44 [22e3adaa],Cube Stereo Hybrid ONE44 Pro 800,,emtb,S,S,,,,,,622,420,"{""Tubo del sillín"": ""370"", ""Tubo Horizontal"": ""567"", ""Ángulo del asiento"": ""76°"", ""Ángulo del tubo de dirección"": ""65.4°"", ""Longitud de Vainas"": ""461"", ""Tubo de dirección"": ""149"", ""Distancia entre ejes"": ""1206"", ""Altura del pedalier al eje del buje"": ""17"", ""Altura de proyección - 80mm"": ""756"", ""Reach"": ""420"", ""Stack"": ""622""}",3899,false,https://www.cube.eu/es-es/cube-stereo-hybrid-one44-pro-800-blueiris-n-purple/1102220,https://www.cube.eu/es-es/cube-stereo-hybrid-one44-pro-800-blueiris-n-purple/1102220,html,2026-10-05
Cube,Cube Stereo Hybrid ONE44 [22e3adaa],Cube Stereo Hybrid ONE44 Pro 800,,emtb,M,M,,,,,,631,447,"{""Tubo del sillín"": ""405"", ""Tubo Horizontal"": ""597"", ""Ángulo del asiento"": ""76°"", ""Ángulo del tubo de dirección"": ""65.4°"", ""Longitud de Vainas"": ""494"", ""Tubo de dirección"": ""107"", ""Distancia entre ejes"": ""1260"", ""Altura del pedalier al eje del buje"": ""36"", ""Altura de proyección - 80mm"": ""786"", ""Reach"": ""447"", ""Stack"": ""631""}",3899,false,https://www.cube.eu/es-es/cube-stereo-hybrid-one44-pro-800-blueiris-n-purple/1102220,https://www.cube.eu/es-es/cube-stereo-hybrid-one44-pro-800-blueiris-n-purple/1102220,html,2026-10-05
Cube,Cube Stereo Hybrid ONE44 [22e3adaa],Cube Stereo Hybrid ONE44 Pro 800,,emtb,L,L,,,,,,640,474,"{""Tubo del sillín"": ""420"", ""Tubo Horizontal"": ""627"", ""Ángulo del asiento"": ""76°"", ""Ángulo del tubo de dirección"": ""65.4°"", ""Longitud de Vainas"": ""494"", ""Tubo de dirección"": ""117"", ""Distancia entre ejes"": ""1291"", ""Altura del pedalier al eje del buje"": ""36"", ""Altura de proyección - 80mm"": ""789"", ""Reach"": ""474"", ""Stack"": ""640""}",3899,false,https://www.cube.eu/es-es/cube-stereo-hybrid-one44-pro-800-blueiris-n-purple/1102220,https://www.cube.eu/es-es/cube-stereo-hybrid-one44-pro-800-blueiris-n-purple/1102220,html,2026-10-05
Cube,Cube Stereo Hybrid ONE44 [22e3adaa],Cube Stereo Hybrid ONE44 Pro 800,,emtb,XL,XL,,,,,,660,510,"{""Tubo del sillín"": ""480"", ""Tubo Horizontal"": ""670"", ""Ángulo del asiento"": ""76°"", ""Ángulo del tubo de dirección"": ""65.4°"", ""Longitud de Vainas"": ""494"", ""Tubo de dirección"": ""139"", ""Distancia entre ejes"": ""1337"", ""Altura del pedalier al eje del buje"": ""36"", ""Altura de proyección - 80mm"": ""799"", ""Reach"": ""510"", ""Stack"": ""660""}",3899,false,https://www.cube.eu/es-es/cube-stereo-hybrid-one44-pro-800-blueiris-n-purple/1102220,https://www.cube.eu/es-es/cube-stereo-hybrid-one44-pro-800-blueiris-n-purple/1102220,html,2026-10-05
Cube,Cube AMS Hybrid ONE44 C:62 [53c1333e],Cube AMS Hybrid ONE44 C:62 Race 400X,,emtb,S,S,,,,,,615,429,"{""Tubo del sillín"": ""370"", ""Tubo Horizontal"": ""576 / 577"", ""Ángulo del asiento"": ""76.2° / 76°"", ""Ángulo del tubo de dirección"": ""65.4° / 66°"", ""Longitud de Vainas"": ""450"", ""Tubo de dirección"": ""102"", ""Distancia entre ejes"": ""1193 / 1186"", ""Altura del pedalier al eje del buje"": ""-34 / -32"", ""Altura de proyección - 80mm"": ""761 / 765"", ""Reach"": ""429 / 428"", ""Stack"": ""615 / 617""}",4499,false,https://www.cube.eu/es-es/cube-ams-hybrid-one44-c-62-race-400x-reedbeige-n-black/104050,https://www.cube.eu/es-es/cube-ams-hybrid-one44-c-62-race-400x-reedbeige-n-black/104050,html,2026-10-05
Cube,Cube AMS Hybrid ONE44 C:62 [53c1333e],Cube AMS Hybrid ONE44 C:62 Race 400X,,emtb,M,M,,,,,,624,449,"{""Tubo del sillín"": ""405"", ""Tubo Horizontal"": ""598 / 599"", ""Ángulo del asiento"": ""76.2° / 76°"", ""Ángulo del tubo de dirección"": ""65.4° / 66°"", ""Longitud de Vainas"": ""450"", ""Tubo de dirección"": ""112"", ""Distancia entre ejes"": ""1217 / 1210"", ""Altura del pedalier al eje del buje"": ""-34 / -32"", ""Altura de proyección - 80mm"": ""762 / 766"", ""Reach"": ""449 / 448"", ""Stack"": ""624 / 626""}",4499,false,https://www.cube.eu/es-es/cube-ams-hybrid-one44-c-62-race-400x-reedbeige-n-black/104050,https://www.cube.eu/es-es/cube-ams-hybrid-one44-c-62-race-400x-reedbeige-n-black/104050,html,2026-10-05
Cube,Cube AMS Hybrid ONE44 C:62 [53c1333e],Cube AMS Hybrid ONE44 C:62 Race 400X,,emtb,L,L,,,,,,633,474,"{""Tubo del sillín"": ""420"", ""Tubo Horizontal"": ""626 / 627"", ""Ángulo del asiento"": ""76.2° / 76°"", ""Ángulo del tubo de dirección"": ""65.4° / 66°"", ""Longitud de Vainas"": ""450"", ""Tubo de dirección"": ""122"", ""Distancia entre ejes"": ""1246 / 1239"", ""Altura del pedalier al eje del buje"": ""-33 / -32"", ""Altura de proyección - 80mm"": ""762 / 766"", ""Reach"": ""474 / 473"", ""Stack"": ""633 / 635""}",4499,false,https://www.cube.eu/es-es/cube-ams-hybrid-one44-c-62-race-400x-reedbeige-n-black/104050,https://www.cube.eu/es-es/cube-ams-hybrid-one44-c-62-race-400x-reedbeige-n-black/104050,html,2026-10-05
Cube,Cube AMS Hybrid ONE44 C:62 [53c1333e],Cube AMS Hybrid ONE44 C:62 Race 400X,,emtb,XL,XL,,,,,,652,501,"{""Tubo del sillín"": ""470"", ""Tubo Horizontal"": ""658 / 660"", ""Ángulo del asiento"": ""76.2° / 76°"", ""Ángulo del tubo de dirección"": ""65.4° / 66°"", ""Longitud de Vainas"": ""450"", ""Tubo de dirección"": ""142"", ""Distancia entre ejes"": ""1282 / 1274"", ""Altura del pedalier al eje del buje"": ""-33 / -32"", ""Altura de proyección - 80mm"": ""763 / 767"", ""Reach"": ""501 / 500"", ""Stack"": ""652 / 654""}",4499,false,https://www.cube.eu/es-es/cube-ams-hybrid-one44-c-62-race-400x-reedbeige-n-black/104050,https://www.cube.eu/es-es/cube-ams-hybrid-one44-c-62-race-400x-reedbeige-n-black/104050,html,2026-10-05
Cube,Cube AMS Hybrid ONE44 C:62 [53c1333e],Cube AMS Hybrid ONE44 C:62 Pro 400X,,emtb,S,S,,,,,,615,429,"{""Tubo del sillín"": ""370"", ""Tubo Horizontal"": ""576 / 577"", ""Ángulo del asiento"": ""76.2° / 76°"", ""Ángulo del tubo de dirección"": ""65.4° / 66°"", ""Longitud de Vainas"": ""450"", ""Tubo de dirección"": ""102"", ""Distancia entre ejes"": ""1193 / 1186"", ""Altura del pedalier al eje del buje"": ""-34 / -32"", ""Altura de proyección - 80mm"": ""761 / 765"", ""Reach"": ""429 / 428"", ""Stack"": ""615 / 617""}",4199,false,https://www.cube.eu/es-es/cube-ams-hybrid-one44-c-62-pro-400x-blackline/104020,https://www.cube.eu/es-es/cube-ams-hybrid-one44-c-62-pro-400x-blackline/104020,html,2026-10-05
Cube,Cube AMS Hybrid ONE44 C:62 [53c1333e],Cube AMS Hybrid ONE44 C:62 Pro 400X,,emtb,M,M,,,,,,624,449,"{""Tubo del sillín"": ""405"", ""Tubo Horizontal"": ""598 / 599"", ""Ángulo del asiento"": ""76.2° / 76°"", ""Ángulo del tubo de dirección"": ""65.4° / 66°"", ""Longitud de Vainas"": ""450"", ""Tubo de dirección"": ""112"", ""Distancia entre ejes"": ""1217 / 1210"", ""Altura del pedalier al eje del buje"": ""-34 / -32"", ""Altura de proyección - 80mm"": ""762 / 766"", ""Reach"": ""449 / 448"", ""Stack"": ""624 / 626""}",4199,false,https://www.cube.eu/es-es/cube-ams-hybrid-one44-c-62-pro-400x-blackline/104020,https://www.cube.eu/es-es/cube-ams-hybrid-one44-c-62-pro-400x-blackline/104020,html,2026-10-05
Cube,Cube AMS Hybrid ONE44 C:62 [53c1333e],Cube AMS Hybrid ONE44 C:62 Pro 400X,,emtb,L,L,,,,,,633,474,"{""Tubo del sillín"": ""420"", ""Tubo Horizontal"": ""626 / 627"", ""Ángulo del asiento"": ""76.2° / 76°"", ""Ángulo del tubo de dirección"": ""65.4° / 66°"", ""Longitud de Vainas"": ""450"", ""Tubo de dirección"": ""122"", ""Distancia entre ejes"": ""1246 / 1239"", ""Altura del pedalier al eje del buje"": ""-33 / -32"", ""Altura de proyección - 80mm"": ""762 / 766"", ""Reach"": ""474 / 473"", ""Stack"": ""633 / 635""}",4199,false,https://www.cube.eu/es-es/cube-ams-hybrid-one44-c-62-pro-400x-blackline/104020,https://www.cube.eu/es-es/cube-ams-hybrid-one44-c-62-pro-400x-blackline/104020,html,2026-10-05
Cube,Cube AMS Hybrid ONE44 C:62 [53c1333e],Cube AMS Hybrid ONE44 C:62 Pro 400X,,emtb,XL,XL,,,,,,652,501,"{""Tubo del sillín"": ""470"", ""Tubo Horizontal"": ""658 / 660"", ""Ángulo del asiento"": ""76.2° / 76°"", ""Ángulo del tubo de dirección"": ""65.4° / 66°"", ""Longitud de Vainas"": ""450"", ""Tubo de dirección"": ""142"", ""Distancia entre ejes"": ""1282 / 1274"", ""Altura del pedalier al eje del buje"": ""-33 / -32"", ""Altura de proyección - 80mm"": ""763 / 767"", ""Reach"": ""501 / 500"", ""Stack"": ""652 / 654""}",4199,false,https://www.cube.eu/es-es/cube-ams-hybrid-one44-c-62-pro-400x-blackline/104020,https://www.cube.eu/es-es/cube-ams-hybrid-one44-c-62-pro-400x-blackline/104020,html,2026-10-05
Cube,Cube Stereo Hybrid ONE22 [34593e3a],Cube Stereo Hybrid ONE22 SLX 800 FE,,emtb,S,S,,,,,,638,417,"{""Tubo del sillín"": ""370"", ""Tubo Horizontal"": ""570"", ""Ángulo del asiento"": ""76°"", ""Ángulo del tubo de dirección"": ""66.5°"", ""Longitud de Vainas"": ""455"", ""Tubo de dirección"": ""163"", ""Distancia entre ejes"": ""1186"", ""Altura del pedalier al eje del buje"": ""-23"", ""Altura de proyección - 80mm"": ""764"", ""Reach"": ""417"", ""Stack"": ""638""}",4399,false,https://www.cube.eu/es-es/cube-stereo-hybrid-one22-slx-800-fe-cactus-n-black/1101660,https://www.cube.eu/es-es/cube-stereo-hybrid-one22-slx-800-fe-cactus-n-black/1101660,html,2026-10-05
Cube,Cube Stereo Hybrid ONE22 [34593e3a],Cube Stereo Hybrid ONE22 SLX 800 FE,,emtb,M,M,,,,,,647,444,"{""Tubo del sillín"": ""405"", ""Tubo Horizontal"": ""600"", ""Ángulo del asiento"": ""76°"", ""Ángulo del tubo de dirección"": ""66.5°"", ""Longitud de Vainas"": ""488"", ""Tubo de dirección"": ""132"", ""Distancia entre ejes"": ""1240"", ""Altura del pedalier al eje del buje"": ""-43"", ""Altura de proyección - 80mm"": ""786"", ""Reach"": ""444"", ""Stack"": ""647""}",4399,false,https://www.cube.eu/es-es/cube-stereo-hybrid-one22-slx-800-fe-cactus-n-black/1101660,https://www.cube.eu/es-es/cube-stereo-hybrid-one22-slx-800-fe-cactus-n-black/1101660,html,2026-10-05
Cube,Cube Stereo Hybrid ONE22 [34593e3a],Cube Stereo Hybrid ONE22 SLX 800 FE,,emtb,L,L,,,,,,656,471,"{""Tubo del sillín"": ""420"", ""Tubo Horizontal"": ""630"", ""Ángulo del asiento"": ""76°"", ""Ángulo del tubo de dirección"": ""66.5°"", ""Longitud de Vainas"": ""488"", ""Tubo de dirección"": ""142"", ""Distancia entre ejes"": ""1271"", ""Altura del pedalier al eje del buje"": ""-43"", ""Altura de proyección - 80mm"": ""784"", ""Reach"": ""471"", ""Stack"": ""656""}",4399,false,https://www.cube.eu/es-es/cube-stereo-hybrid-one22-slx-800-fe-cactus-n-black/1101660,https://www.cube.eu/es-es/cube-stereo-hybrid-one22-slx-800-fe-cactus-n-black/1101660,html,2026-10-05
Cube,Cube Stereo Hybrid ONE22 [34593e3a],Cube Stereo Hybrid ONE22 SLX 800 FE,,emtb,XL,XL,,,,,,670,496,"{""Tubo del sillín"": ""480"", ""Tubo Horizontal"": ""660"", ""Ángulo del asiento"": ""76°"", ""Ángulo del tubo de dirección"": ""66.5°"", ""Longitud de Vainas"": ""488"", ""Tubo de dirección"": ""157"", ""Distancia entre ejes"": ""1303"", ""Altura del pedalier al eje del buje"": ""-43"", ""Altura de proyección - 80mm"": ""794"", ""Reach"": ""496"", ""Stack"": ""670""}",4399,false,https://www.cube.eu/es-es/cube-stereo-hybrid-one22-slx-800-fe-cactus-n-black/1101660,https://www.cube.eu/es-es/cube-stereo-hybrid-one22-slx-800-fe-cactus-n-black/1101660,html,2026-10-05
Cube,Cube Stereo Hybrid ONE22 [34593e3a],Cube Stereo Hybrid ONE22 SLX 800,,emtb,S,S,,,,,,638,417,"{""Tubo del sillín"": ""370"", ""Tubo Horizontal"": ""570"", ""Ángulo del asiento"": ""76°"", ""Ángulo del tubo de dirección"": ""66.5°"", ""Longitud de Vainas"": ""455"", ""Tubo de dirección"": ""163"", ""Distancia entre ejes"": ""1186"", ""Altura del pedalier al eje del buje"": ""-23"", ""Altura de proyección - 80mm"": ""764"", ""Reach"": ""417"", ""Stack"": ""638""}",4199,false,https://www.cube.eu/es-es/cube-stereo-hybrid-one22-slx-800-cactus-n-black/1101610,https://www.cube.eu/es-es/cube-stereo-hybrid-one22-slx-800-cactus-n-black/1101610,html,2026-10-05
Cube,Cube Stereo Hybrid ONE22 [34593e3a],Cube Stereo Hybrid ONE22 SLX 800,,emtb,M,M,,,,,,647,444,"{""Tubo del sillín"": ""405"", ""Tubo Horizontal"": ""600"", ""Ángulo del asiento"": ""76°"", ""Ángulo del tubo de dirección"": ""66.5°"", ""Longitud de Vainas"": ""488"", ""Tubo de dirección"": ""132"", ""Distancia entre ejes"": ""1240"", ""Altura del pedalier al eje del buje"": ""-43"", ""Altura de proyección - 80mm"": ""786"", ""Reach"": ""444"", ""Stack"": ""647""}",4199,false,https://www.cube.eu/es-es/cube-stereo-hybrid-one22-slx-800-cactus-n-black/1101610,https://www.cube.eu/es-es/cube-stereo-hybrid-one22-slx-800-cactus-n-black/1101610,html,2026-10-05
Cube,Cube Stereo Hybrid ONE22 [34593e3a],Cube Stereo Hybrid ONE22 SLX 800,,emtb,L,L,,,,,,656,471,"{""Tubo del sillín"": ""420"", ""Tubo Horizontal"": ""630"", ""Ángulo del asiento"": ""76°"", ""Ángulo del tubo de dirección"": ""66.5°"", ""Longitud de Vainas"": ""488"", ""Tubo de dirección"": ""142"", ""Distancia entre ejes"": ""1271"", ""Altura del pedalier al eje del buje"": ""-43"", ""Altura de proyección - 80mm"": ""784"", ""Reach"": ""471"", ""Stack"": ""656""}",4199,false,https://www.cube.eu/es-es/cube-stereo-hybrid-one22-slx-800-cactus-n-black/1101610,https://www.cube.eu/es-es/cube-stereo-hybrid-one22-slx-800-cactus-n-black/1101610,html,2026-10-05
Cube,Cube Stereo Hybrid ONE22 [34593e3a],Cube Stereo Hybrid ONE22 SLX 800,,emtb,XL,XL,,,,,,670,496,"{""Tubo del sillín"": ""480"", ""Tubo Horizontal"": ""660"", ""Ángulo del asiento"": ""76°"", ""Ángulo del tubo de dirección"": ""66.5°"", ""Longitud de Vainas"": ""488"", ""Tubo de dirección"": ""157"", ""Distancia entre ejes"": ""1303"", ""Altura del pedalier al eje del buje"": ""-43"", ""Altura de proyección - 80mm"": ""794"", ""Reach"": ""496"", ""Stack"": ""670""}",4199,false,https://www.cube.eu/es-es/cube-stereo-hybrid-one22-slx-800-cactus-n-black/1101610,https://www.cube.eu/es-es/cube-stereo-hybrid-one22-slx-800-cactus-n-black/1101610,html,2026-10-05
Cube,Cube Stereo Hybrid ONE22 [34593e3a],Cube Stereo Hybrid ONE22 Pro 800 FE,,emtb,S,S,,,,,,638,417,"{""Tubo del sillín"": ""370"", ""Tubo Horizontal"": ""570"", ""Ángulo del asiento"": ""76°"", ""Ángulo del tubo de dirección"": ""66.5°"", ""Longitud de Vainas"": ""455"", ""Tubo de dirección"": ""163"", ""Distancia entre ejes"": ""1186"", ""Altura del pedalier al eje del buje"": ""-23"", ""Altura de proyección - 80mm"": ""764"", ""Reach"": ""417"", ""Stack"": ""638""}",3899,false,https://www.cube.eu/es-es/cube-stereo-hybrid-one22-pro-800-fe-bluesapphire-n-blue/1101260,https://www.cube.eu/es-es/cube-stereo-hybrid-one22-pro-800-fe-bluesapphire-n-blue/1101260,html,2026-10-05
Cube,Cube Stereo Hybrid ONE22 [34593e3a],Cube Stereo Hybrid ONE22 Pro 800 FE,,emtb,M,M,,,,,,647,444,"{""Tubo del sillín"": ""405"", ""Tubo Horizontal"": ""600"", ""Ángulo del asiento"": ""76°"", ""Ángulo del tubo de dirección"": ""66.5°"", ""Longitud de Vainas"": ""488"", ""Tubo de dirección"": ""132"", ""Distancia entre ejes"": ""1240"", ""Altura del pedalier al eje del buje"": ""-43"", ""Altura de proyección - 80mm"": ""786"", ""Reach"": ""444"", ""Stack"": ""647""}",3899,false,https://www.cube.eu/es-es/cube-stereo-hybrid-one22-pro-800-fe-bluesapphire-n-blue/1101260,https://www.cube.eu/es-es/cube-stereo-hybrid-one22-pro-800-fe-bluesapphire-n-blue/1101260,html,2026-10-05
Cube,Cube Stereo Hybrid ONE22 [34593e3a],Cube Stereo Hybrid ONE22 Pro 800 FE,,emtb,L,L,,,,,,656,471,"{""Tubo del sillín"": ""420"", ""Tubo Horizontal"": ""630"", ""Ángulo del asiento"": ""76°"", ""Ángulo del tubo de dirección"": ""66.5°"", ""Longitud de Vainas"": ""488"", ""Tubo de dirección"": ""142"", ""Distancia entre ejes"": ""1271"", ""Altura del pedalier al eje del buje"": ""-43"", ""Altura de proyección - 80mm"": ""784"", ""Reach"": ""471"", ""Stack"": ""656""}",3899,false,https://www.cube.eu/es-es/cube-stereo-hybrid-one22-pro-800-fe-bluesapphire-n-blue/1101260,https://www.cube.eu/es-es/cube-stereo-hybrid-one22-pro-800-fe-bluesapphire-n-blue/1101260,html,2026-10-05
Cube,Cube Stereo Hybrid ONE22 [34593e3a],Cube Stereo Hybrid ONE22 Pro 800 FE,,emtb,XL,XL,,,,,,670,496,"{""Tubo del sillín"": ""480"", ""Tubo Horizontal"": ""660"", ""Ángulo del asiento"": ""76°"", ""Ángulo del tubo de dirección"": ""66.5°"", ""Longitud de Vainas"": ""488"", ""Tubo de dirección"": ""157"", ""Distancia entre ejes"": ""1303"", ""Altura del pedalier al eje del buje"": ""-43"", ""Altura de proyección - 80mm"": ""794"", ""Reach"": ""496"", ""Stack"": ""670""}",3899,false,https://www.cube.eu/es-es/cube-stereo-hybrid-one22-pro-800-fe-bluesapphire-n-blue/1101260,https://www.cube.eu/es-es/cube-stereo-hybrid-one22-pro-800-fe-bluesapphire-n-blue/1101260,html,2026-10-05
Cube,Cube Stereo Hybrid ONE22 [34593e3a],Cube Stereo Hybrid ONE22 Pro 800,,emtb,S,S,,,,,,638,417,"{""Tubo del sillín"": ""370"", ""Tubo Horizontal"": ""570"", ""Ángulo del asiento"": ""76°"", ""Ángulo del tubo de dirección"": ""66.5°"", ""Longitud de Vainas"": ""455"", ""Tubo de dirección"": ""163"", ""Distancia entre ejes"": ""1186"", ""Altura del pedalier al eje del buje"": ""-23"", ""Altura de proyección - 80mm"": ""764"", ""Reach"": ""417"", ""Stack"": ""638""}",3699,false,https://www.cube.eu/es-es/cube-stereo-hybrid-one22-pro-800-bluesapphire-n-blue/1101210,https://www.cube.eu/es-es/cube-stereo-hybrid-one22-pro-800-bluesapphire-n-blue/1101210,html,2026-10-05
Cube,Cube Stereo Hybrid ONE22 [34593e3a],Cube Stereo Hybrid ONE22 Pro 800,,emtb,M,M,,,,,,647,444,"{""Tubo del sillín"": ""405"", ""Tubo Horizontal"": ""600"", ""Ángulo del asiento"": ""76°"", ""Ángulo del tubo de dirección"": ""66.5°"", ""Longitud de Vainas"": ""488"", ""Tubo de dirección"": ""132"", ""Distancia entre ejes"": ""1240"", ""Altura del pedalier al eje del buje"": ""-43"", ""Altura de proyección - 80mm"": ""786"", ""Reach"": ""444"", ""Stack"": ""647""}",3699,false,https://www.cube.eu/es-es/cube-stereo-hybrid-one22-pro-800-bluesapphire-n-blue/1101210,https://www.cube.eu/es-es/cube-stereo-hybrid-one22-pro-800-bluesapphire-n-blue/1101210,html,2026-10-05
Cube,Cube Stereo Hybrid ONE22 [34593e3a],Cube Stereo Hybrid ONE22 Pro 800,,emtb,L,L,,,,,,656,471,"{""Tubo del sillín"": ""420"", ""Tubo Horizontal"": ""630"", ""Ángulo del asiento"": ""76°"", ""Ángulo del tubo de dirección"": ""66.5°"", ""Longitud de Vainas"": ""488"", ""Tubo de dirección"": ""142"", ""Distancia entre ejes"": ""1271"", ""Altura del pedalier al eje del buje"": ""-43"", ""Altura de proyección - 80mm"": ""784"", ""Reach"": ""471"", ""Stack"": ""656""}",3699,false,https://www.cube.eu/es-es/cube-stereo-hybrid-one22-pro-800-bluesapphire-n-blue/1101210,https://www.cube.eu/es-es/cube-stereo-hybrid-one22-pro-800-bluesapphire-n-blue/1101210,html,2026-10-05
Cube,Cube Stereo Hybrid ONE22 [34593e3a],Cube Stereo Hybrid ONE22 Pro 800,,emtb,XL,XL,,,,,,670,496,"{""Tubo del sillín"": ""480"", ""Tubo Horizontal"": ""660"", ""Ángulo del asiento"": ""76°"", ""Ángulo del tubo de dirección"": ""66.5°"", ""Longitud de Vainas"": ""488"", ""Tubo de dirección"": ""157"", ""Distancia entre ejes"": ""1303"", ""Altura del pedalier al eje del buje"": ""-43"", ""Altura de proyección - 80mm"": ""794"", ""Reach"": ""496"", ""Stack"": ""670""}",3699,false,https://www.cube.eu/es-es/cube-stereo-hybrid-one22-pro-800-bluesapphire-n-blue/1101210,https://www.cube.eu/es-es/cube-stereo-hybrid-one22-pro-800-bluesapphire-n-blue/1101210,html,2026-10-05
Cube,Cube Reaction Hybrid [f34b1363],Cube Reaction Hybrid SLT 800,,emtb,S,S,,,,,,646,409,"{""Tubo del sillín"": ""370"", ""Tubo Horizontal"": ""587"", ""Ángulo del asiento"": ""74.5°"", ""Ángulo del tubo de dirección"": ""67.5°"", ""Longitud de Vainas"": ""456"", ""Tubo de dirección"": ""159"", ""Distancia entre ejes"": ""1157"", ""Altura del pedalier al eje del buje"": ""46"", ""Altura de proyección - 80mm"": ""755"", ""Reach"": ""409"", ""Stack"": ""646""}",4799,false,https://www.cube.eu/es-es/cube-reaction-hybrid-slt-800-kolibri-n-crisscross/1107910,https://www.cube.eu/es-es/cube-reaction-hybrid-slt-800-kolibri-n-crisscross/1107910,html,2026-10-05
Cube,Cube Reaction Hybrid [f34b1363],Cube Reaction Hybrid SLT 800,,emtb,M,M,,,,,,653,420,"{""Tubo del sillín"": ""405"", ""Tubo Horizontal"": ""607"", ""Ángulo del asiento"": ""74°"", ""Ángulo del tubo de dirección"": ""67.5°"", ""Longitud de Vainas"": ""470"", ""Tubo de dirección"": ""110"", ""Distancia entre ejes"": ""1176"", ""Altura del pedalier al eje del buje"": ""65"", ""Altura de proyección - 80mm"": ""778"", ""Reach"": ""420"", ""Stack"": ""653""}",4799,false,https://www.cube.eu/es-es/cube-reaction-hybrid-slt-800-kolibri-n-crisscross/1107910,https://www.cube.eu/es-es/cube-reaction-hybrid-slt-800-kolibri-n-crisscross/1107910,html,2026-10-05
Cube,Cube Reaction Hybrid [f34b1363],Cube Reaction Hybrid SLT 800,,emtb,L,L,,,,,,662,437,"{""Tubo del sillín"": ""450"", ""Tubo Horizontal"": ""627"", ""Ángulo del asiento"": ""74°"", ""Ángulo del tubo de dirección"": ""67.5°"", ""Longitud de Vainas"": ""470"", ""Tubo de dirección"": ""120"", ""Distancia entre ejes"": ""1198"", ""Altura del pedalier al eje del buje"": ""65"", ""Altura de proyección - 80mm"": ""782"", ""Reach"": ""437"", ""Stack"": ""662""}",4799,false,https://www.cube.eu/es-es/cube-reaction-hybrid-slt-800-kolibri-n-crisscross/1107910,https://www.cube.eu/es-es/cube-reaction-hybrid-slt-800-kolibri-n-crisscross/1107910,html,2026-10-05
Cube,Cube Reaction Hybrid [f34b1363],Cube Reaction Hybrid SLT 800,,emtb,XL,XL,,,,,,674,455,"{""Tubo del sillín"": ""495"", ""Tubo Horizontal"": ""647"", ""Ángulo del asiento"": ""74°"", ""Ángulo del tubo de dirección"": ""67.5°"", ""Longitud de Vainas"": ""470"", ""Tubo de dirección"": ""130"", ""Distancia entre ejes"": ""1218"", ""Altura del pedalier al eje del buje"": ""65"", ""Altura de proyección - 80mm"": ""787"", ""Reach"": ""455"", ""Stack"": ""674""}",4799,false,https://www.cube.eu/es-es/cube-reaction-hybrid-slt-800-kolibri-n-crisscross/1107910,https://www.cube.eu/es-es/cube-reaction-hybrid-slt-800-kolibri-n-crisscross/1107910,html,2026-10-05
Cube,Cube Reaction Hybrid [f34b1363],Cube Reaction Hybrid SLT 800,,emtb,XXL,XXL,,,,,,685,471,"{""Tubo del sillín"": ""545"", ""Tubo Horizontal"": ""667"", ""Ángulo del asiento"": ""74°"", ""Ángulo del tubo de dirección"": ""67.5°"", ""Longitud de Vainas"": ""470"", ""Tubo de dirección"": ""145"", ""Distancia entre ejes"": ""1240"", ""Altura del pedalier al eje del buje"": ""65"", ""Altura de proyección - 80mm"": ""824"", ""Reach"": ""471"", ""Stack"": ""685""}",4799,false,https://www.cube.eu/es-es/cube-reaction-hybrid-slt-800-kolibri-n-crisscross/1107910,https://www.cube.eu/es-es/cube-reaction-hybrid-slt-800-kolibri-n-crisscross/1107910,html,2026-10-05
Cube,Cube Reaction Hybrid [f34b1363],Cube Reaction Hybrid SLX 800 FE,,emtb,S,S,,,,,,646,409,"{""Tubo del sillín"": ""370"", ""Tubo Horizontal"": ""587"", ""Ángulo del asiento"": ""74.5°"", ""Ángulo del tubo de dirección"": ""67.5°"", ""Longitud de Vainas"": ""456"", ""Tubo de dirección"": ""159"", ""Distancia entre ejes"": ""1157"", ""Altura del pedalier al eje del buje"": ""46"", ""Altura de proyección - 80mm"": ""755"", ""Reach"": ""409"", ""Stack"": ""646""}",4399,false,https://www.cube.eu/es-es/cube-reaction-hybrid-slx-800-fe-artline/1107670,https://www.cube.eu/es-es/cube-reaction-hybrid-slx-800-fe-artline/1107670,html,2026-10-05
Cube,Cube Reaction Hybrid [f34b1363],Cube Reaction Hybrid SLX 800 FE,,emtb,M,M,,,,,,653,420,"{""Tubo del sillín"": ""405"", ""Tubo Horizontal"": ""607"", ""Ángulo del asiento"": ""74°"", ""Ángulo del tubo de dirección"": ""67.5°"", ""Longitud de Vainas"": ""470"", ""Tubo de dirección"": ""110"", ""Distancia entre ejes"": ""1176"", ""Altura del pedalier al eje del buje"": ""65"", ""Altura de proyección - 80mm"": ""778"", ""Reach"": ""420"", ""Stack"": ""653""}",4399,false,https://www.cube.eu/es-es/cube-reaction-hybrid-slx-800-fe-artline/1107670,https://www.cube.eu/es-es/cube-reaction-hybrid-slx-800-fe-artline/1107670,html,2026-10-05
Cube,Cube Reaction Hybrid [f34b1363],Cube Reaction Hybrid SLX 800 FE,,emtb,L,L,,,,,,662,437,"{""Tubo del sillín"": ""450"", ""Tubo Horizontal"": ""627"", ""Ángulo del asiento"": ""74°"", ""Ángulo del tubo de dirección"": ""67.5°"", ""Longitud de Vainas"": ""470"", ""Tubo de dirección"": ""120"", ""Distancia entre ejes"": ""1198"", ""Altura del pedalier al eje del buje"": ""65"", ""Altura de proyección - 80mm"": ""782"", ""Reach"": ""437"", ""Stack"": ""662""}",4399,false,https://www.cube.eu/es-es/cube-reaction-hybrid-slx-800-fe-artline/1107670,https://www.cube.eu/es-es/cube-reaction-hybrid-slx-800-fe-artline/1107670,html,2026-10-05
Cube,Cube Reaction Hybrid [f34b1363],Cube Reaction Hybrid SLX 800 FE,,emtb,XL,XL,,,,,,674,455,"{""Tubo del sillín"": ""495"", ""Tubo Horizontal"": ""647"", ""Ángulo del asiento"": ""74°"", ""Ángulo del tubo de dirección"": ""67.5°"", ""Longitud de Vainas"": ""470"", ""Tubo de dirección"": ""130"", ""Distancia entre ejes"": ""1218"", ""Altura del pedalier al eje del buje"": ""65"", ""Altura de proyección - 80mm"": ""787"", ""Reach"": ""455"", ""Stack"": ""674""}",4399,false,https://www.cube.eu/es-es/cube-reaction-hybrid-slx-800-fe-artline/1107670,https://www.cube.eu/es-es/cube-reaction-hybrid-slx-800-fe-artline/1107670,html,2026-10-05
Cube,Cube Reaction Hybrid [f34b1363],Cube Reaction Hybrid SLX 800 FE,,emtb,XXL,XXL,,,,,,685,471,"{""Tubo del sillín"": ""545"", ""Tubo Horizontal"": ""667"", ""Ángulo del asiento"": ""74°"", ""Ángulo del tubo de dirección"": ""67.5°"", ""Longitud de Vainas"": ""470"", ""Tubo de dirección"": ""145"", ""Distancia entre ejes"": ""1240"", ""Altura del pedalier al eje del buje"": ""65"", ""Altura de proyección - 80mm"": ""824"", ""Reach"": ""471"", ""Stack"": ""685""}",4399,false,https://www.cube.eu/es-es/cube-reaction-hybrid-slx-800-fe-artline/1107670,https://www.cube.eu/es-es/cube-reaction-hybrid-slx-800-fe-artline/1107670,html,2026-10-05
Cube,Cube Reaction Hybrid [f34b1363],Cube Reaction Hybrid SLX 800,,emtb,S,S,,,,,,646,409,"{""Tubo del sillín"": ""370"", ""Tubo Horizontal"": ""587"", ""Ángulo del asiento"": ""74.5°"", ""Ángulo del tubo de dirección"": ""67.5°"", ""Longitud de Vainas"": ""456"", ""Tubo de dirección"": ""159"", ""Distancia entre ejes"": ""1157"", ""Altura del pedalier al eje del buje"": ""46"", ""Altura de proyección - 80mm"": ""755"", ""Reach"": ""409"", ""Stack"": ""646""}",4199,false,https://www.cube.eu/es-es/cube-reaction-hybrid-slx-800-artline/1107620,https://www.cube.eu/es-es/cube-reaction-hybrid-slx-800-artline/1107620,html,2026-10-05
Cube,Cube Reaction Hybrid [f34b1363],Cube Reaction Hybrid SLX 800,,emtb,M,M,,,,,,653,420,"{""Tubo del sillín"": ""405"", ""Tubo Horizontal"": ""607"", ""Ángulo del asiento"": ""74°"", ""Ángulo del tubo de dirección"": ""67.5°"", ""Longitud de Vainas"": ""470"", ""Tubo de dirección"": ""110"", ""Distancia entre ejes"": ""1176"", ""Altura del pedalier al eje del buje"": ""65"", ""Altura de proyección - 80mm"": ""778"", ""Reach"": ""420"", ""Stack"": ""653""}",4199,false,https://www.cube.eu/es-es/cube-reaction-hybrid-slx-800-artline/1107620,https://www.cube.eu/es-es/cube-reaction-hybrid-slx-800-artline/1107620,html,2026-10-05
Cube,Cube Reaction Hybrid [f34b1363],Cube Reaction Hybrid SLX 800,,emtb,L,L,,,,,,662,437,"{""Tubo del sillín"": ""450"", ""Tubo Horizontal"": ""627"", ""Ángulo del asiento"": ""74°"", ""Ángulo del tubo de dirección"": ""67.5°"", ""Longitud de Vainas"": ""470"", ""Tubo de dirección"": ""120"", ""Distancia entre ejes"": ""1198"", ""Altura del pedalier al eje del buje"": ""65"", ""Altura de proyección - 80mm"": ""782"", ""Reach"": ""437"", ""Stack"": ""662""}",4199,false,https://www.cube.eu/es-es/cube-reaction-hybrid-slx-800-artline/1107620,https://www.cube.eu/es-es/cube-reaction-hybrid-slx-800-artline/1107620,html,2026-10-05
Cube,Cube Reaction Hybrid [f34b1363],Cube Reaction Hybrid SLX 800,,emtb,XL,XL,,,,,,674,455,"{""Tubo del sillín"": ""495"", ""Tubo Horizontal"": ""647"", ""Ángulo del asiento"": ""74°"", ""Ángulo del tubo de dirección"": ""67.5°"", ""Longitud de Vainas"": ""470"", ""Tubo de dirección"": ""130"", ""Distancia entre ejes"": ""1218"", ""Altura del pedalier al eje del buje"": ""65"", ""Altura de proyección - 80mm"": ""787"", ""Reach"": ""455"", ""Stack"": ""674""}",4199,false,https://www.cube.eu/es-es/cube-reaction-hybrid-slx-800-artline/1107620,https://www.cube.eu/es-es/cube-reaction-hybrid-slx-800-artline/1107620,html,2026-10-05
Cube,Cube Reaction Hybrid [f34b1363],Cube Reaction Hybrid SLX 800,,emtb,XXL,XXL,,,,,,685,471,"{""Tubo del sillín"": ""545"", ""Tubo Horizontal"": ""667"", ""Ángulo del asiento"": ""74°"", ""Ángulo del tubo de dirección"": ""67.5°"", ""Longitud de Vainas"": ""470"", ""Tubo de dirección"": ""145"", ""Distancia entre ejes"": ""1240"", ""Altura del pedalier al eje del buje"": ""65"", ""Altura de proyección - 80mm"": ""824"", ""Reach"": ""471"", ""Stack"": ""685""}",4199,false,https://www.cube.eu/es-es/cube-reaction-hybrid-slx-800-artline/1107620,https://www.cube.eu/es-es/cube-reaction-hybrid-slx-800-artline/1107620,html,2026-10-05
Cube,Cube Reaction Hybrid [f34b1363],Cube Reaction Hybrid Race 800 FE,,emtb,S,S,,,,,,646,409,"{""Tubo del sillín"": ""370"", ""Tubo Horizontal"": ""587"", ""Ángulo del asiento"": ""74.5°"", ""Ángulo del tubo de dirección"": ""67.5°"", ""Longitud de Vainas"": ""456"", ""Tubo de dirección"": ""159"", ""Distancia entre ejes"": ""1157"", ""Altura del pedalier al eje del buje"": ""46"", ""Altura de proyección - 80mm"": ""755"", ""Reach"": ""409"", ""Stack"": ""646""}",3899,false,https://www.cube.eu/es-es/cube-reaction-hybrid-race-800-fe-bananasplit-n-black/1107370,https://www.cube.eu/es-es/cube-reaction-hybrid-race-800-fe-bananasplit-n-black/1107370,html,2026-10-05
Cube,Cube Reaction Hybrid [f34b1363],Cube Reaction Hybrid Race 800 FE,,emtb,M,M,,,,,,653,420,"{""Tubo del sillín"": ""405"", ""Tubo Horizontal"": ""607"", ""Ángulo del asiento"": ""74°"", ""Ángulo del tubo de dirección"": ""67.5°"", ""Longitud de Vainas"": ""470"", ""Tubo de dirección"": ""110"", ""Distancia entre ejes"": ""1176"", ""Altura del pedalier al eje del buje"": ""65"", ""Altura de proyección - 80mm"": ""778"", ""Reach"": ""420"", ""Stack"": ""653""}",3899,false,https://www.cube.eu/es-es/cube-reaction-hybrid-race-800-fe-bananasplit-n-black/1107370,https://www.cube.eu/es-es/cube-reaction-hybrid-race-800-fe-bananasplit-n-black/1107370,html,2026-10-05
Cube,Cube Reaction Hybrid [f34b1363],Cube Reaction Hybrid Race 800 FE,,emtb,L,L,,,,,,662,437,"{""Tubo del sillín"": ""450"", ""Tubo Horizontal"": ""627"", ""Ángulo del asiento"": ""74°"", ""Ángulo del tubo de dirección"": ""67.5°"", ""Longitud de Vainas"": ""470"", ""Tubo de dirección"": ""120"", ""Distancia entre ejes"": ""1198"", ""Altura del pedalier al eje del buje"": ""65"", ""Altura de proyección - 80mm"": ""782"", ""Reach"": ""437"", ""Stack"": ""662""}",3899,false,https://www.cube.eu/es-es/cube-reaction-hybrid-race-800-fe-bananasplit-n-black/1107370,https://www.cube.eu/es-es/cube-reaction-hybrid-race-800-fe-bananasplit-n-black/1107370,html,2026-10-05
Cube,Cube Reaction Hybrid [f34b1363],Cube Reaction Hybrid Race 800 FE,,emtb,XL,XL,,,,,,674,455,"{""Tubo del sillín"": ""495"", ""Tubo Horizontal"": ""647"", ""Ángulo del asiento"": ""74°"", ""Ángulo del tubo de dirección"": ""67.5°"", ""Longitud de Vainas"": ""470"", ""Tubo de dirección"": ""130"", ""Distancia entre ejes"": ""1218"", ""Altura del pedalier al eje del buje"": ""65"", ""Altura de proyección - 80mm"": ""787"", ""Reach"": ""455"", ""Stack"": ""674""}",3899,false,https://www.cube.eu/es-es/cube-reaction-hybrid-race-800-fe-bananasplit-n-black/1107370,https://www.cube.eu/es-es/cube-reaction-hybrid-race-800-fe-bananasplit-n-black/1107370,html,2026-10-05
Cube,Cube Reaction Hybrid [f34b1363],Cube Reaction Hybrid Race 800 FE,,emtb,XXL,XXL,,,,,,685,471,"{""Tubo del sillín"": ""545"", ""Tubo Horizontal"": ""667"", ""Ángulo del asiento"": ""74°"", ""Ángulo del tubo de dirección"": ""67.5°"", ""Longitud de Vainas"": ""470"", ""Tubo de dirección"": ""145"", ""Distancia entre ejes"": ""1240"", ""Altura del pedalier al eje del buje"": ""65"", ""Altura de proyección - 80mm"": ""824"", ""Reach"": ""471"", ""Stack"": ""685""}",3899,false,https://www.cube.eu/es-es/cube-reaction-hybrid-race-800-fe-bananasplit-n-black/1107370,https://www.cube.eu/es-es/cube-reaction-hybrid-race-800-fe-bananasplit-n-black/1107370,html,2026-10-05
Cube,Cube Reaction Hybrid [f34b1363],Cube Reaction Hybrid Race 800,,emtb,S,S,,,,,,646,409,"{""Tubo del sillín"": ""370"", ""Tubo Horizontal"": ""587"", ""Ángulo del asiento"": ""74.5°"", ""Ángulo del tubo de dirección"": ""67.5°"", ""Longitud de Vainas"": ""456"", ""Tubo de dirección"": ""159"", ""Distancia entre ejes"": ""1157"", ""Altura del pedalier al eje del buje"": ""46"", ""Altura de proyección - 80mm"": ""755"", ""Reach"": ""409"", ""Stack"": ""646""}",3699,false,https://www.cube.eu/es-es/cube-reaction-hybrid-race-800-bananasplit-n-black/1107320,https://www.cube.eu/es-es/cube-reaction-hybrid-race-800-bananasplit-n-black/1107320,html,2026-10-05
Cube,Cube Reaction Hybrid [f34b1363],Cube Reaction Hybrid Race 800,,emtb,M,M,,,,,,653,420,"{""Tubo del sillín"": ""405"", ""Tubo Horizontal"": ""607"", ""Ángulo del asiento"": ""74°"", ""Ángulo del tubo de dirección"": ""67.5°"", ""Longitud de Vainas"": ""470"", ""Tubo de dirección"": ""110"", ""Distancia entre ejes"": ""1176"", ""Altura del pedalier al eje del buje"": ""65"", ""Altura de proyección - 80mm"": ""778"", ""Reach"": ""420"", ""Stack"": ""653""}",3699,false,https://www.cube.eu/es-es/cube-reaction-hybrid-race-800-bananasplit-n-black/1107320,https://www.cube.eu/es-es/cube-reaction-hybrid-race-800-bananasplit-n-black/1107320,html,2026-10-05
Cube,Cube Reaction Hybrid [f34b1363],Cube Reaction Hybrid Race 800,,emtb,L,L,,,,,,662,437,"{""Tubo del sillín"": ""450"", ""Tubo Horizontal"": ""627"", ""Ángulo del asiento"": ""74°"", ""Ángulo del tubo de dirección"": ""67.5°"", ""Longitud de Vainas"": ""470"", ""Tubo de dirección"": ""120"", ""Distancia entre ejes"": ""1198"", ""Altura del pedalier al eje del buje"": ""65"", ""Altura de proyección - 80mm"": ""782"", ""Reach"": ""437"", ""Stack"": ""662""}",3699,false,https://www.cube.eu/es-es/cube-reaction-hybrid-race-800-bananasplit-n-black/1107320,https://www.cube.eu/es-es/cube-reaction-hybrid-race-800-bananasplit-n-black/1107320,html,2026-10-05
Cube,Cube Reaction Hybrid [f34b1363],Cube Reaction Hybrid Race 800,,emtb,XL,XL,,,,,,674,455,"{""Tubo del sillín"": ""495"", ""Tubo Horizontal"": ""647"", ""Ángulo del asiento"": ""74°"", ""Ángulo del tubo de dirección"": ""67.5°"", ""Longitud de Vainas"": ""470"", ""Tubo de dirección"": ""130"", ""Distancia entre ejes"": ""1218"", ""Altura del pedalier al eje del buje"": ""65"", ""Altura de proyección - 80mm"": ""787"", ""Reach"": ""455"", ""Stack"": ""674""}",3699,false,https://www.cube.eu/es-es/cube-reaction-hybrid-race-800-bananasplit-n-black/1107320,https://www.cube.eu/es-es/cube-reaction-hybrid-race-800-bananasplit-n-black/1107320,html,2026-10-05
Cube,Cube Reaction Hybrid [f34b1363],Cube Reaction Hybrid Race 800,,emtb,XXL,XXL,,,,,,685,471,"{""Tubo del sillín"": ""545"", ""Tubo Horizontal"": ""667"", ""Ángulo del asiento"": ""74°"", ""Ángulo del tubo de dirección"": ""67.5°"", ""Longitud de Vainas"": ""470"", ""Tubo de dirección"": ""145"", ""Distancia entre ejes"": ""1240"", ""Altura del pedalier al eje del buje"": ""65"", ""Altura de proyección - 80mm"": ""824"", ""Reach"": ""471"", ""Stack"": ""685""}",3699,false,https://www.cube.eu/es-es/cube-reaction-hybrid-race-800-bananasplit-n-black/1107320,https://www.cube.eu/es-es/cube-reaction-hybrid-race-800-bananasplit-n-black/1107320,html,2026-10-05
Cube,Cube Reaction Hybrid [f34b1363],Cube Reaction Hybrid Pro 800 FE,,emtb,S,S,,,,,,646,409,"{""Tubo del sillín"": ""370"", ""Tubo Horizontal"": ""587"", ""Ángulo del asiento"": ""74.5°"", ""Ángulo del tubo de dirección"": ""67.5°"", ""Longitud de Vainas"": ""456"", ""Tubo de dirección"": ""159"", ""Distancia entre ejes"": ""1157"", ""Altura del pedalier al eje del buje"": ""46"", ""Altura de proyección - 80mm"": ""755"", ""Reach"": ""409"", ""Stack"": ""646""}",3399,false,https://www.cube.eu/es-es/cube-reaction-hybrid-pro-800-fe-lilacbreeze-n-prizm/1107270,https://www.cube.eu/es-es/cube-reaction-hybrid-pro-800-fe-lilacbreeze-n-prizm/1107270,html,2026-10-05
Cube,Cube Reaction Hybrid [f34b1363],Cube Reaction Hybrid Pro 800 FE,,emtb,M,M,,,,,,653,420,"{""Tubo del sillín"": ""405"", ""Tubo Horizontal"": ""607"", ""Ángulo del asiento"": ""74°"", ""Ángulo del tubo de dirección"": ""67.5°"", ""Longitud de Vainas"": ""470"", ""Tubo de dirección"": ""110"", ""Distancia entre ejes"": ""1176"", ""Altura del pedalier al eje del buje"": ""65"", ""Altura de proyección - 80mm"": ""778"", ""Reach"": ""420"", ""Stack"": ""653""}",3399,false,https://www.cube.eu/es-es/cube-reaction-hybrid-pro-800-fe-lilacbreeze-n-prizm/1107270,https://www.cube.eu/es-es/cube-reaction-hybrid-pro-800-fe-lilacbreeze-n-prizm/1107270,html,2026-10-05
Cube,Cube Reaction Hybrid [f34b1363],Cube Reaction Hybrid Pro 800 FE,,emtb,L,L,,,,,,662,437,"{""Tubo del sillín"": ""450"", ""Tubo Horizontal"": ""627"", ""Ángulo del asiento"": ""74°"", ""Ángulo del tubo de dirección"": ""67.5°"", ""Longitud de Vainas"": ""470"", ""Tubo de dirección"": ""120"", ""Distancia entre ejes"": ""1198"", ""Altura del pedalier al eje del buje"": ""65"", ""Altura de proyección - 80mm"": ""782"", ""Reach"": ""437"", ""Stack"": ""662""}",3399,false,https://www.cube.eu/es-es/cube-reaction-hybrid-pro-800-fe-lilacbreeze-n-prizm/1107270,https://www.cube.eu/es-es/cube-reaction-hybrid-pro-800-fe-lilacbreeze-n-prizm/1107270,html,2026-10-05
Cube,Cube Reaction Hybrid [f34b1363],Cube Reaction Hybrid Pro 800 FE,,emtb,XL,XL,,,,,,674,455,"{""Tubo del sillín"": ""495"", ""Tubo Horizontal"": ""647"", ""Ángulo del asiento"": ""74°"", ""Ángulo del tubo de dirección"": ""67.5°"", ""Longitud de Vainas"": ""470"", ""Tubo de dirección"": ""130"", ""Distancia entre ejes"": ""1218"", ""Altura del pedalier al eje del buje"": ""65"", ""Altura de proyección - 80mm"": ""787"", ""Reach"": ""455"", ""Stack"": ""674""}",3399,false,https://www.cube.eu/es-es/cube-reaction-hybrid-pro-800-fe-lilacbreeze-n-prizm/1107270,https://www.cube.eu/es-es/cube-reaction-hybrid-pro-800-fe-lilacbreeze-n-prizm/1107270,html,2026-10-05
Cube,Cube Reaction Hybrid [f34b1363],Cube Reaction Hybrid Pro 800 FE,,emtb,XXL,XXL,,,,,,685,471,"{""Tubo del sillín"": ""545"", ""Tubo Horizontal"": ""667"", ""Ángulo del asiento"": ""74°"", ""Ángulo del tubo de dirección"": ""67.5°"", ""Longitud de Vainas"": ""470"", ""Tubo de dirección"": ""145"", ""Distancia entre ejes"": ""1240"", ""Altura del pedalier al eje del buje"": ""65"", ""Altura de proyección - 80mm"": ""824"", ""Reach"": ""471"", ""Stack"": ""685""}",3399,false,https://www.cube.eu/es-es/cube-reaction-hybrid-pro-800-fe-lilacbreeze-n-prizm/1107270,https://www.cube.eu/es-es/cube-reaction-hybrid-pro-800-fe-lilacbreeze-n-prizm/1107270,html,2026-10-05
Cube,Cube Reaction Hybrid [f34b1363],Cube Reaction Hybrid Pro 800,,emtb,S,S,,,,,,646,409,"{""Tubo del sillín"": ""370"", ""Tubo Horizontal"": ""587"", ""Ángulo del asiento"": ""74.5°"", ""Ángulo del tubo de dirección"": ""67.5°"", ""Longitud de Vainas"": ""456"", ""Tubo de dirección"": ""159"", ""Distancia entre ejes"": ""1157"", ""Altura del pedalier al eje del buje"": ""46"", ""Altura de proyección - 80mm"": ""755"", ""Reach"": ""409"", ""Stack"": ""646""}",3199,false,https://www.cube.eu/es-es/cube-reaction-hybrid-pro-800-lilacbreeze-n-prizm/1107220,https://www.cube.eu/es-es/cube-reaction-hybrid-pro-800-lilacbreeze-n-prizm/1107220,html,2026-10-05
Cube,Cube Reaction Hybrid [f34b1363],Cube Reaction Hybrid Pro 800,,emtb,M,M,,,,,,653,420,"{""Tubo del sillín"": ""405"", ""Tubo Horizontal"": ""607"", ""Ángulo del asiento"": ""74°"", ""Ángulo del tubo de dirección"": ""67.5°"", ""Longitud de Vainas"": ""470"", ""Tubo de dirección"": ""110"", ""Distancia entre ejes"": ""1176"", ""Altura del pedalier al eje del buje"": ""65"", ""Altura de proyección - 80mm"": ""778"", ""Reach"": ""420"", ""Stack"": ""653""}",3199,false,https://www.cube.eu/es-es/cube-reaction-hybrid-pro-800-lilacbreeze-n-prizm/1107220,https://www.cube.eu/es-es/cube-reaction-hybrid-pro-800-lilacbreeze-n-prizm/1107220,html,2026-10-05
Cube,Cube Reaction Hybrid [f34b1363],Cube Reaction Hybrid Pro 800,,emtb,L,L,,,,,,662,437,"{""Tubo del sillín"": ""450"", ""Tubo Horizontal"": ""627"", ""Ángulo del asiento"": ""74°"", ""Ángulo del tubo de dirección"": ""67.5°"", ""Longitud de Vainas"": ""470"", ""Tubo de dirección"": ""120"", ""Distancia entre ejes"": ""1198"", ""Altura del pedalier al eje del buje"": ""65"", ""Altura de proyección - 80mm"": ""782"", ""Reach"": ""437"", ""Stack"": ""662""}",3199,false,https://www.cube.eu/es-es/cube-reaction-hybrid-pro-800-lilacbreeze-n-prizm/1107220,https://www.cube.eu/es-es/cube-reaction-hybrid-pro-800-lilacbreeze-n-prizm/1107220,html,2026-10-05
Cube,Cube Reaction Hybrid [f34b1363],Cube Reaction Hybrid Pro 800,,emtb,XL,XL,,,,,,674,455,"{""Tubo del sillín"": ""495"", ""Tubo Horizontal"": ""647"", ""Ángulo del asiento"": ""74°"", ""Ángulo del tubo de dirección"": ""67.5°"", ""Longitud de Vainas"": ""470"", ""Tubo de dirección"": ""130"", ""Distancia entre ejes"": ""1218"", ""Altura del pedalier al eje del buje"": ""65"", ""Altura de proyección - 80mm"": ""787"", ""Reach"": ""455"", ""Stack"": ""674""}",3199,false,https://www.cube.eu/es-es/cube-reaction-hybrid-pro-800-lilacbreeze-n-prizm/1107220,https://www.cube.eu/es-es/cube-reaction-hybrid-pro-800-lilacbreeze-n-prizm/1107220,html,2026-10-05
Cube,Cube Reaction Hybrid [f34b1363],Cube Reaction Hybrid Pro 800,,emtb,XXL,XXL,,,,,,685,471,"{""Tubo del sillín"": ""545"", ""Tubo Horizontal"": ""667"", ""Ángulo del asiento"": ""74°"", ""Ángulo del tubo de dirección"": ""67.5°"", ""Longitud de Vainas"": ""470"", ""Tubo de dirección"": ""145"", ""Distancia entre ejes"": ""1240"", ""Altura del pedalier al eje del buje"": ""65"", ""Altura de proyección - 80mm"": ""824"", ""Reach"": ""471"", ""Stack"": ""685""}",3199,false,https://www.cube.eu/es-es/cube-reaction-hybrid-pro-800-lilacbreeze-n-prizm/1107220,https://www.cube.eu/es-es/cube-reaction-hybrid-pro-800-lilacbreeze-n-prizm/1107220,html,2026-10-05
Cube,Cube Reaction Hybrid [f34b1363],Cube Reaction Hybrid ONE 720 FE,,emtb,S,S,,,,,,646,409,"{""Tubo del sillín"": ""370"", ""Tubo Horizontal"": ""587"", ""Ángulo del asiento"": ""74.5°"", ""Ángulo del tubo de dirección"": ""67.5°"", ""Longitud de Vainas"": ""456"", ""Tubo de dirección"": ""159"", ""Distancia entre ejes"": ""1157"", ""Altura del pedalier al eje del buje"": ""46"", ""Altura de proyección - 80mm"": ""755"", ""Reach"": ""409"", ""Stack"": ""646""}",2999,false,https://www.cube.eu/es-es/cube-reaction-hybrid-one-720-fe-cactus-n-black/1107160,https://www.cube.eu/es-es/cube-reaction-hybrid-one-720-fe-cactus-n-black/1107160,html,2026-10-05
Cube,Cube Reaction Hybrid [f34b1363],Cube Reaction Hybrid ONE 720 FE,,emtb,M,M,,,,,,653,420,"{""Tubo del sillín"": ""405"", ""Tubo Horizontal"": ""607"", ""Ángulo del asiento"": ""74°"", ""Ángulo del tubo de dirección"": ""67.5°"", ""Longitud de Vainas"": ""470"", ""Tubo de dirección"": ""110"", ""Distancia entre ejes"": ""1176"", ""Altura del pedalier al eje del buje"": ""65"", ""Altura de proyección - 80mm"": ""778"", ""Reach"": ""420"", ""Stack"": ""653""}",2999,false,https://www.cube.eu/es-es/cube-reaction-hybrid-one-720-fe-cactus-n-black/1107160,https://www.cube.eu/es-es/cube-reaction-hybrid-one-720-fe-cactus-n-black/1107160,html,2026-10-05
Cube,Cube Reaction Hybrid [f34b1363],Cube Reaction Hybrid ONE 720 FE,,emtb,L,L,,,,,,662,437,"{""Tubo del sillín"": ""450"", ""Tubo Horizontal"": ""627"", ""Ángulo del asiento"": ""74°"", ""Ángulo del tubo de dirección"": ""67.5°"", ""Longitud de Vainas"": ""470"", ""Tubo de dirección"": ""120"", ""Distancia entre ejes"": ""1198"", ""Altura del pedalier al eje del buje"": ""65"", ""Altura de proyección - 80mm"": ""782"", ""Reach"": ""437"", ""Stack"": ""662""}",2999,false,https://www.cube.eu/es-es/cube-reaction-hybrid-one-720-fe-cactus-n-black/1107160,https://www.cube.eu/es-es/cube-reaction-hybrid-one-720-fe-cactus-n-black/1107160,html,2026-10-05
Cube,Cube Reaction Hybrid [f34b1363],Cube Reaction Hybrid ONE 720 FE,,emtb,XL,XL,,,,,,674,455,"{""Tubo del sillín"": ""495"", ""Tubo Horizontal"": ""647"", ""Ángulo del asiento"": ""74°"", ""Ángulo del tubo de dirección"": ""67.5°"", ""Longitud de Vainas"": ""470"", ""Tubo de dirección"": ""130"", ""Distancia entre ejes"": ""1218"", ""Altura del pedalier al eje del buje"": ""65"", ""Altura de proyección - 80mm"": ""787"", ""Reach"": ""455"", ""Stack"": ""674""}",2999,false,https://www.cube.eu/es-es/cube-reaction-hybrid-one-720-fe-cactus-n-black/1107160,https://www.cube.eu/es-es/cube-reaction-hybrid-one-720-fe-cactus-n-black/1107160,html,2026-10-05
Cube,Cube Reaction Hybrid [f34b1363],Cube Reaction Hybrid ONE 720 FE,,emtb,XXL,XXL,,,,,,685,471,"{""Tubo del sillín"": ""545"", ""Tubo Horizontal"": ""667"", ""Ángulo del asiento"": ""74°"", ""Ángulo del tubo de dirección"": ""67.5°"", ""Longitud de Vainas"": ""470"", ""Tubo de dirección"": ""145"", ""Distancia entre ejes"": ""1240"", ""Altura del pedalier al eje del buje"": ""65"", ""Altura de proyección - 80mm"": ""824"", ""Reach"": ""471"", ""Stack"": ""685""}",2999,false,https://www.cube.eu/es-es/cube-reaction-hybrid-one-720-fe-cactus-n-black/1107160,https://www.cube.eu/es-es/cube-reaction-hybrid-one-720-fe-cactus-n-black/1107160,html,2026-10-05
Cube,Cube Reaction Hybrid [f34b1363],Cube Reaction Hybrid ONE 720,,emtb,S,S,,,,,,646,409,"{""Tubo del sillín"": ""370"", ""Tubo Horizontal"": ""587"", ""Ángulo del asiento"": ""74.5°"", ""Ángulo del tubo de dirección"": ""67.5°"", ""Longitud de Vainas"": ""456"", ""Tubo de dirección"": ""159"", ""Distancia entre ejes"": ""1157"", ""Altura del pedalier al eje del buje"": ""46"", ""Altura de proyección - 80mm"": ""755"", ""Reach"": ""409"", ""Stack"": ""646""}",2799,false,https://www.cube.eu/es-es/cube-reaction-hybrid-one-720-cactus-n-black/1107110,https://www.cube.eu/es-es/cube-reaction-hybrid-one-720-cactus-n-black/1107110,html,2026-10-05
Cube,Cube Reaction Hybrid [f34b1363],Cube Reaction Hybrid ONE 720,,emtb,M,M,,,,,,653,420,"{""Tubo del sillín"": ""405"", ""Tubo Horizontal"": ""607"", ""Ángulo del asiento"": ""74°"", ""Ángulo del tubo de dirección"": ""67.5°"", ""Longitud de Vainas"": ""470"", ""Tubo de dirección"": ""110"", ""Distancia entre ejes"": ""1176"", ""Altura del pedalier al eje del buje"": ""65"", ""Altura de proyección - 80mm"": ""778"", ""Reach"": ""420"", ""Stack"": ""653""}",2799,false,https://www.cube.eu/es-es/cube-reaction-hybrid-one-720-cactus-n-black/1107110,https://www.cube.eu/es-es/cube-reaction-hybrid-one-720-cactus-n-black/1107110,html,2026-10-05
Cube,Cube Reaction Hybrid [f34b1363],Cube Reaction Hybrid ONE 720,,emtb,L,L,,,,,,662,437,"{""Tubo del sillín"": ""450"", ""Tubo Horizontal"": ""627"", ""Ángulo del asiento"": ""74°"", ""Ángulo del tubo de dirección"": ""67.5°"", ""Longitud de Vainas"": ""470"", ""Tubo de dirección"": ""120"", ""Distancia entre ejes"": ""1198"", ""Altura del pedalier al eje del buje"": ""65"", ""Altura de proyección - 80mm"": ""782"", ""Reach"": ""437"", ""Stack"": ""662""}",2799,false,https://www.cube.eu/es-es/cube-reaction-hybrid-one-720-cactus-n-black/1107110,https://www.cube.eu/es-es/cube-reaction-hybrid-one-720-cactus-n-black/1107110,html,2026-10-05
Cube,Cube Reaction Hybrid [f34b1363],Cube Reaction Hybrid ONE 720,,emtb,XL,XL,,,,,,674,455,"{""Tubo del sillín"": ""495"", ""Tubo Horizontal"": ""647"", ""Ángulo del asiento"": ""74°"", ""Ángulo del tubo de dirección"": ""67.5°"", ""Longitud de Vainas"": ""470"", ""Tubo de dirección"": ""130"", ""Distancia entre ejes"": ""1218"", ""Altura del pedalier al eje del buje"": ""65"", ""Altura de proyección - 80mm"": ""787"", ""Reach"": ""455"", ""Stack"": ""674""}",2799,false,https://www.cube.eu/es-es/cube-reaction-hybrid-one-720-cactus-n-black/1107110,https://www.cube.eu/es-es/cube-reaction-hybrid-one-720-cactus-n-black/1107110,html,2026-10-05
Cube,Cube Reaction Hybrid [f34b1363],Cube Reaction Hybrid ONE 720,,emtb,XXL,XXL,,,,,,685,471,"{""Tubo del sillín"": ""545"", ""Tubo Horizontal"": ""667"", ""Ángulo del asiento"": ""74°"", ""Ángulo del tubo de dirección"": ""67.5°"", ""Longitud de Vainas"": ""470"", ""Tubo de dirección"": ""145"", ""Distancia entre ejes"": ""1240"", ""Altura del pedalier al eje del buje"": ""65"", ""Altura de proyección - 80mm"": ""824"", ""Reach"": ""471"", ""Stack"": ""685""}",2799,false,https://www.cube.eu/es-es/cube-reaction-hybrid-one-720-cactus-n-black/1107110,https://www.cube.eu/es-es/cube-reaction-hybrid-one-720-cactus-n-black/1107110,html,2026-10-05
Cube,Cube Reaction Hybrid [f34b1363],Cube Reaction Hybrid Performance 720 FE,,emtb,S,S,,,,,,646,409,"{""Tubo del sillín"": ""370"", ""Tubo Horizontal"": ""587"", ""Ángulo del asiento"": ""74.5°"", ""Ángulo del tubo de dirección"": ""67.5°"", ""Longitud de Vainas"": ""456"", ""Tubo de dirección"": ""159"", ""Distancia entre ejes"": ""1157"", ""Altura del pedalier al eje del buje"": ""46"", ""Altura de proyección - 80mm"": ""755"", ""Reach"": ""409"", ""Stack"": ""646""}",2699,false,https://www.cube.eu/es-es/cube-reaction-hybrid-performance-720-fe-ashgrey-n-prism/1107050,https://www.cube.eu/es-es/cube-reaction-hybrid-performance-720-fe-ashgrey-n-prism/1107050,html,2026-10-05
Cube,Cube Reaction Hybrid [f34b1363],Cube Reaction Hybrid Performance 720 FE,,emtb,M,M,,,,,,653,420,"{""Tubo del sillín"": ""405"", ""Tubo Horizontal"": ""607"", ""Ángulo del asiento"": ""74°"", ""Ángulo del tubo de dirección"": ""67.5°"", ""Longitud de Vainas"": ""470"", ""Tubo de dirección"": ""110"", ""Distancia entre ejes"": ""1176"", ""Altura del pedalier al eje del buje"": ""65"", ""Altura de proyección - 80mm"": ""778"", ""Reach"": ""420"", ""Stack"": ""653""}",2699,false,https://www.cube.eu/es-es/cube-reaction-hybrid-performance-720-fe-ashgrey-n-prism/1107050,https://www.cube.eu/es-es/cube-reaction-hybrid-performance-720-fe-ashgrey-n-prism/1107050,html,2026-10-05
Cube,Cube Reaction Hybrid [f34b1363],Cube Reaction Hybrid Performance 720 FE,,emtb,L,L,,,,,,662,437,"{""Tubo del sillín"": ""450"", ""Tubo Horizontal"": ""627"", ""Ángulo del asiento"": ""74°"", ""Ángulo del tubo de dirección"": ""67.5°"", ""Longitud de Vainas"": ""470"", ""Tubo de dirección"": ""120"", ""Distancia entre ejes"": ""1198"", ""Altura del pedalier al eje del buje"": ""65"", ""Altura de proyección - 80mm"": ""782"", ""Reach"": ""437"", ""Stack"": ""662""}",2699,false,https://www.cube.eu/es-es/cube-reaction-hybrid-performance-720-fe-ashgrey-n-prism/1107050,https://www.cube.eu/es-es/cube-reaction-hybrid-performance-720-fe-ashgrey-n-prism/1107050,html,2026-10-05
Cube,Cube Reaction Hybrid [f34b1363],Cube Reaction Hybrid Performance 720 FE,,emtb,XL,XL,,,,,,674,455,"{""Tubo del sillín"": ""495"", ""Tubo Horizontal"": ""647"", ""Ángulo del asiento"": ""74°"", ""Ángulo del tubo de dirección"": ""67.5°"", ""Longitud de Vainas"": ""470"", ""Tubo de dirección"": ""130"", ""Distancia entre ejes"": ""1218"", ""Altura del pedalier al eje del buje"": ""65"", ""Altura de proyección - 80mm"": ""787"", ""Reach"": ""455"", ""Stack"": ""674""}",2699,false,https://www.cube.eu/es-es/cube-reaction-hybrid-performance-720-fe-ashgrey-n-prism/1107050,https://www.cube.eu/es-es/cube-reaction-hybrid-performance-720-fe-ashgrey-n-prism/1107050,html,2026-10-05
Cube,Cube Reaction Hybrid [f34b1363],Cube Reaction Hybrid Performance 720 FE,,emtb,XXL,XXL,,,,,,685,471,"{""Tubo del sillín"": ""545"", ""Tubo Horizontal"": ""667"", ""Ángulo del asiento"": ""74°"", ""Ángulo del tubo de dirección"": ""67.5°"", ""Longitud de Vainas"": ""470"", ""Tubo de dirección"": ""145"", ""Distancia entre ejes"": ""1240"", ""Altura del pedalier al eje del buje"": ""65"", ""Altura de proyección - 80mm"": ""824"", ""Reach"": ""471"", ""Stack"": ""685""}",2699,false,https://www.cube.eu/es-es/cube-reaction-hybrid-performance-720-fe-ashgrey-n-prism/1107050,https://www.cube.eu/es-es/cube-reaction-hybrid-performance-720-fe-ashgrey-n-prism/1107050,html,2026-10-05
Cube,Cube Reaction Hybrid [f34b1363],Cube Reaction Hybrid Performance 720,,emtb,S,S,,,,,,646,409,"{""Tubo del sillín"": ""370"", ""Tubo Horizontal"": ""587"", ""Ángulo del asiento"": ""74.5°"", ""Ángulo del tubo de dirección"": ""67.5°"", ""Longitud de Vainas"": ""456"", ""Tubo de dirección"": ""159"", ""Distancia entre ejes"": ""1157"", ""Altura del pedalier al eje del buje"": ""46"", ""Altura de proyección - 80mm"": ""755"", ""Reach"": ""409"", ""Stack"": ""646""}",2499,false,https://www.cube.eu/es-es/cube-reaction-hybrid-performance-720-ashgrey-n-prism/1107000,https://www.cube.eu/es-es/cube-reaction-hybrid-performance-720-ashgrey-n-prism/1107000,html,2026-10-05
Cube,Cube Reaction Hybrid [f34b1363],Cube Reaction Hybrid Performance 720,,emtb,M,M,,,,,,653,420,"{""Tubo del sillín"": ""405"", ""Tubo Horizontal"": ""607"", ""Ángulo del asiento"": ""74°"", ""Ángulo del tubo de dirección"": ""67.5°"", ""Longitud de Vainas"": ""470"", ""Tubo de dirección"": ""110"", ""Distancia entre ejes"": ""1176"", ""Altura del pedalier al eje del buje"": ""65"", ""Altura de proyección - 80mm"": ""778"", ""Reach"": ""420"", ""Stack"": ""653""}",2499,false,https://www.cube.eu/es-es/cube-reaction-hybrid-performance-720-ashgrey-n-prism/1107000,https://www.cube.eu/es-es/cube-reaction-hybrid-performance-720-ashgrey-n-prism/1107000,html,2026-10-05
Cube,Cube Reaction Hybrid [f34b1363],Cube Reaction Hybrid Performance 720,,emtb,L,L,,,,,,662,437,"{""Tubo del sillín"": ""450"", ""Tubo Horizontal"": ""627"", ""Ángulo del asiento"": ""74°"", ""Ángulo del tubo de dirección"": ""67.5°"", ""Longitud de Vainas"": ""470"", ""Tubo de dirección"": ""120"", ""Distancia entre ejes"": ""1198"", ""Altura del pedalier al eje del buje"": ""65"", ""Altura de proyección - 80mm"": ""782"", ""Reach"": ""437"", ""Stack"": ""662""}",2499,false,https://www.cube.eu/es-es/cube-reaction-hybrid-performance-720-ashgrey-n-prism/1107000,https://www.cube.eu/es-es/cube-reaction-hybrid-performance-720-ashgrey-n-prism/1107000,html,2026-10-05
Cube,Cube Reaction Hybrid [f34b1363],Cube Reaction Hybrid Performance 720,,emtb,XL,XL,,,,,,674,455,"{""Tubo del sillín"": ""495"", ""Tubo Horizontal"": ""647"", ""Ángulo del asiento"": ""74°"", ""Ángulo del tubo de dirección"": ""67.5°"", ""Longitud de Vainas"": ""470"", ""Tubo de dirección"": ""130"", ""Distancia entre ejes"": ""1218"", ""Altura del pedalier al eje del buje"": ""65"", ""Altura de proyección - 80mm"": ""787"", ""Reach"": ""455"", ""Stack"": ""674""}",2499,false,https://www.cube.eu/es-es/cube-reaction-hybrid-performance-720-ashgrey-n-prism/1107000,https://www.cube.eu/es-es/cube-reaction-hybrid-performance-720-ashgrey-n-prism/1107000,html,2026-10-05
Cube,Cube Reaction Hybrid [f34b1363],Cube Reaction Hybrid Performance 720,,emtb,XXL,XXL,,,,,,685,471,"{""Tubo del sillín"": ""545"", ""Tubo Horizontal"": ""667"", ""Ángulo del asiento"": ""74°"", ""Ángulo del tubo de dirección"": ""67.5°"", ""Longitud de Vainas"": ""470"", ""Tubo de dirección"": ""145"", ""Distancia entre ejes"": ""1240"", ""Altura del pedalier al eje del buje"": ""65"", ""Altura de proyección - 80mm"": ""824"", ""Reach"": ""471"", ""Stack"": ""685""}",2499,false,https://www.cube.eu/es-es/cube-reaction-hybrid-performance-720-ashgrey-n-prism/1107000,https://www.cube.eu/es-es/cube-reaction-hybrid-performance-720-ashgrey-n-prism/1107000,html,2026-10-05
