brand,family,model,model_year,category,size_label,size_normalized,size_cm,height_min,height_max,height_original,height_unit,stack,reach,geometry_raw,price_eur,price_is_from,product_url,source_url,extraction_method,loaded_at
Giant,Stance E+ [479db880],Stance E+ 0,2027,emtb,S,S,,162,174,162-174 cm,cm,614,431,"{""A Longitud del tubo del sillín (mm) (inch)"": ""400"", ""A1 Seat Post Insertion Depth (mm) (inch)"": ""235"", ""B Ángulo del tubo del sillín (degrees)"": ""76,5°"", ""C Longitud del tubo superior (mm) (mm) (inch)"": ""579"", ""D Longitud del tubo de dirección (mm) (mm) (inch)"": ""100"", ""E Ángulo del tubo de dirección (degrees)"": ""64,5°"", ""F Inclinación de la horquilla (mm) (inch)"": ""44"", ""G Trail (mm) (mm) (inch)"": ""132"", ""H Distancia entre ejes (mm) (mm) (inch)"": ""1229"", ""I Longitud de la vaina (mm) (mm) (inch)"": ""468"", ""J Caída del eje de pedalier (mm) (mm) (inch)"": ""26"", ""K Stack (mm) (mm) (inch)"": ""614"", ""L Reach (mm) (mm) (inch)"": ""431"", ""M Altura del suelo al tubo (mm) (mm) (inch)"": ""746"", ""N Ancho del manillar (mm) (mm) (inch)"": ""780"", ""O Longitud de la potencia (mm) (mm) (inch)"": ""40"", ""P Longitud de las bielas (mm) (mm) (inch)"": ""165"", ""Q Tamaño de ruedas"": ""29\""""}",5499,false,https://www.giant-bicycles.com/es/stance-eplus-0-2027,https://www.giant-bicycles.com/es/stance-eplus-0-2027,html,2026-10-05
Giant,Stance E+ [479db880],Stance E+ 0,2027,emtb,M,M,,168,184,168-184 cm,cm,628,455,"{""A Longitud del tubo del sillín (mm) (inch)"": ""425"", ""A1 Seat Post Insertion Depth (mm) (inch)"": ""260"", ""B Ángulo del tubo del sillín (degrees)"": ""76,5°"", ""C Longitud del tubo superior (mm) (mm) (inch)"": ""606"", ""D Longitud del tubo de dirección (mm) (mm) (inch)"": ""115"", ""E Ángulo del tubo de dirección (degrees)"": ""64,5°"", ""F Inclinación de la horquilla (mm) (inch)"": ""44"", ""G Trail (mm) (mm) (inch)"": ""132"", ""H Distancia entre ejes (mm) (mm) (inch)"": ""1259"", ""I Longitud de la vaina (mm) (mm) (inch)"": ""468"", ""J Caída del eje de pedalier (mm) (mm) (inch)"": ""26"", ""K Stack (mm) (mm) (inch)"": ""628"", ""L Reach (mm) (mm) (inch)"": ""455"", ""M Altura del suelo al tubo (mm) (mm) (inch)"": ""744"", ""N Ancho del manillar (mm) (mm) (inch)"": ""780"", ""O Longitud de la potencia (mm) (mm) (inch)"": ""40"", ""P Longitud de las bielas (mm) (mm) (inch)"": ""165"", ""Q Tamaño de ruedas"": ""29\""""}",5499,false,https://www.giant-bicycles.com/es/stance-eplus-0-2027,https://www.giant-bicycles.com/es/stance-eplus-0-2027,html,2026-10-05
Giant,Stance E+ [479db880],Stance E+ 0,2027,emtb,L,L,,178,192,178-192 cm,cm,641,480,"{""A Longitud del tubo del sillín (mm) (inch)"": ""450"", ""A1 Seat Post Insertion Depth (mm) (inch)"": ""285"", ""B Ángulo del tubo del sillín (degrees)"": ""76,5°"", ""C Longitud del tubo superior (mm) (mm) (inch)"": ""635"", ""D Longitud del tubo de dirección (mm) (mm) (inch)"": ""130"", ""E Ángulo del tubo de dirección (degrees)"": ""64,5°"", ""F Inclinación de la horquilla (mm) (inch)"": ""44"", ""G Trail (mm) (mm) (inch)"": ""132"", ""H Distancia entre ejes (mm) (mm) (inch)"": ""1291"", ""I Longitud de la vaina (mm) (mm) (inch)"": ""468"", ""J Caída del eje de pedalier (mm) (mm) (inch)"": ""26"", ""K Stack (mm) (mm) (inch)"": ""641"", ""L Reach (mm) (mm) (inch)"": ""480"", ""M Altura del suelo al tubo (mm) (mm) (inch)"": ""756"", ""N Ancho del manillar (mm) (mm) (inch)"": ""780"", ""O Longitud de la potencia (mm) (mm) (inch)"": ""40"", ""P Longitud de las bielas (mm) (mm) (inch)"": ""165"", ""Q Tamaño de ruedas"": ""29\""""}",5499,false,https://www.giant-bicycles.com/es/stance-eplus-0-2027,https://www.giant-bicycles.com/es/stance-eplus-0-2027,html,2026-10-05
Giant,Stance E+ [479db880],Stance E+ 0,2027,emtb,XL,XL,,184,200,184-200 cm,cm,655,505,"{""A Longitud del tubo del sillín (mm) (inch)"": ""475"", ""A1 Seat Post Insertion Depth (mm) (inch)"": ""310"", ""B Ángulo del tubo del sillín (degrees)"": ""76,5°"", ""C Longitud del tubo superior (mm) (mm) (inch)"": ""663"", ""D Longitud del tubo de dirección (mm) (mm) (inch)"": ""145"", ""E Ángulo del tubo de dirección (degrees)"": ""64,5°"", ""F Inclinación de la horquilla (mm) (inch)"": ""44"", ""G Trail (mm) (mm) (inch)"": ""132"", ""H Distancia entre ejes (mm) (mm) (inch)"": ""1322"", ""I Longitud de la vaina (mm) (mm) (inch)"": ""468"", ""J Caída del eje de pedalier (mm) (mm) (inch)"": ""26"", ""K Stack (mm) (mm) (inch)"": ""655"", ""L Reach (mm) (mm) (inch)"": ""505"", ""M Altura del suelo al tubo (mm) (mm) (inch)"": ""762"", ""N Ancho del manillar (mm) (mm) (inch)"": ""780"", ""O Longitud de la potencia (mm) (mm) (inch)"": ""40"", ""P Longitud de las bielas (mm) (mm) (inch)"": ""165"", ""Q Tamaño de ruedas"": ""29\""""}",5499,false,https://www.giant-bicycles.com/es/stance-eplus-0-2027,https://www.giant-bicycles.com/es/stance-eplus-0-2027,html,2026-10-05
Giant,Stance E+ [479db880],Stance E+ 1,2027,emtb,S,S,,162,174,162-174 cm,cm,614,431,"{""A Longitud del tubo del sillín (mm) (inch)"": ""400"", ""A1 Seat Post Insertion Depth (mm) (inch)"": ""235"", ""B Ángulo del tubo del sillín (degrees)"": ""76,5°"", ""C Longitud del tubo superior (mm) (mm) (inch)"": ""579"", ""D Longitud del tubo de dirección (mm) (mm) (inch)"": ""100"", ""E Ángulo del tubo de dirección (degrees)"": ""64,5°"", ""F Inclinación de la horquilla (mm) (inch)"": ""44"", ""G Trail (mm) (mm) (inch)"": ""132"", ""H Distancia entre ejes (mm) (mm) (inch)"": ""1229"", ""I Longitud de la vaina (mm) (mm) (inch)"": ""468"", ""J Caída del eje de pedalier (mm) (mm) (inch)"": ""26"", ""K Stack (mm) (mm) (inch)"": ""614"", ""L Reach (mm) (mm) (inch)"": ""431"", ""M Altura del suelo al tubo (mm) (mm) (inch)"": ""746"", ""N Ancho del manillar (mm) (mm) (inch)"": ""780"", ""O Longitud de la potencia (mm) (mm) (inch)"": ""40"", ""P Longitud de las bielas (mm) (mm) (inch)"": ""165"", ""Q Tamaño de ruedas"": ""29\""""}",4499,false,https://www.giant-bicycles.com/es/stance-eplus-1-2027,https://www.giant-bicycles.com/es/stance-eplus-1-2027,html,2026-10-05
Giant,Stance E+ [479db880],Stance E+ 1,2027,emtb,M,M,,168,184,168-184 cm,cm,628,455,"{""A Longitud del tubo del sillín (mm) (inch)"": ""425"", ""A1 Seat Post Insertion Depth (mm) (inch)"": ""260"", ""B Ángulo del tubo del sillín (degrees)"": ""76,5°"", ""C Longitud del tubo superior (mm) (mm) (inch)"": ""606"", ""D Longitud del tubo de dirección (mm) (mm) (inch)"": ""115"", ""E Ángulo del tubo de dirección (degrees)"": ""64,5°"", ""F Inclinación de la horquilla (mm) (inch)"": ""44"", ""G Trail (mm) (mm) (inch)"": ""132"", ""H Distancia entre ejes (mm) (mm) (inch)"": ""1259"", ""I Longitud de la vaina (mm) (mm) (inch)"": ""468"", ""J Caída del eje de pedalier (mm) (mm) (inch)"": ""26"", ""K Stack (mm) (mm) (inch)"": ""628"", ""L Reach (mm) (mm) (inch)"": ""455"", ""M Altura del suelo al tubo (mm) (mm) (inch)"": ""744"", ""N Ancho del manillar (mm) (mm) (inch)"": ""780"", ""O Longitud de la potencia (mm) (mm) (inch)"": ""40"", ""P Longitud de las bielas (mm) (mm) (inch)"": ""165"", ""Q Tamaño de ruedas"": ""29\""""}",4499,false,https://www.giant-bicycles.com/es/stance-eplus-1-2027,https://www.giant-bicycles.com/es/stance-eplus-1-2027,html,2026-10-05
Giant,Stance E+ [479db880],Stance E+ 1,2027,emtb,L,L,,178,192,178-192 cm,cm,641,480,"{""A Longitud del tubo del sillín (mm) (inch)"": ""450"", ""A1 Seat Post Insertion Depth (mm) (inch)"": ""285"", ""B Ángulo del tubo del sillín (degrees)"": ""76,5°"", ""C Longitud del tubo superior (mm) (mm) (inch)"": ""635"", ""D Longitud del tubo de dirección (mm) (mm) (inch)"": ""130"", ""E Ángulo del tubo de dirección (degrees)"": ""64,5°"", ""F Inclinación de la horquilla (mm) (inch)"": ""44"", ""G Trail (mm) (mm) (inch)"": ""132"", ""H Distancia entre ejes (mm) (mm) (inch)"": ""1291"", ""I Longitud de la vaina (mm) (mm) (inch)"": ""468"", ""J Caída del eje de pedalier (mm) (mm) (inch)"": ""26"", ""K Stack (mm) (mm) (inch)"": ""641"", ""L Reach (mm) (mm) (inch)"": ""480"", ""M Altura del suelo al tubo (mm) (mm) (inch)"": ""756"", ""N Ancho del manillar (mm) (mm) (inch)"": ""780"", ""O Longitud de la potencia (mm) (mm) (inch)"": ""40"", ""P Longitud de las bielas (mm) (mm) (inch)"": ""165"", ""Q Tamaño de ruedas"": ""29\""""}",4499,false,https://www.giant-bicycles.com/es/stance-eplus-1-2027,https://www.giant-bicycles.com/es/stance-eplus-1-2027,html,2026-10-05
Giant,Stance E+ [479db880],Stance E+ 1,2027,emtb,XL,XL,,184,200,184-200 cm,cm,655,505,"{""A Longitud del tubo del sillín (mm) (inch)"": ""475"", ""A1 Seat Post Insertion Depth (mm) (inch)"": ""310"", ""B Ángulo del tubo del sillín (degrees)"": ""76,5°"", ""C Longitud del tubo superior (mm) (mm) (inch)"": ""663"", ""D Longitud del tubo de dirección (mm) (mm) (inch)"": ""145"", ""E Ángulo del tubo de dirección (degrees)"": ""64,5°"", ""F Inclinación de la horquilla (mm) (inch)"": ""44"", ""G Trail (mm) (mm) (inch)"": ""132"", ""H Distancia entre ejes (mm) (mm) (inch)"": ""1322"", ""I Longitud de la vaina (mm) (mm) (inch)"": ""468"", ""J Caída del eje de pedalier (mm) (mm) (inch)"": ""26"", ""K Stack (mm) (mm) (inch)"": ""655"", ""L Reach (mm) (mm) (inch)"": ""505"", ""M Altura del suelo al tubo (mm) (mm) (inch)"": ""762"", ""N Ancho del manillar (mm) (mm) (inch)"": ""780"", ""O Longitud de la potencia (mm) (mm) (inch)"": ""40"", ""P Longitud de las bielas (mm) (mm) (inch)"": ""165"", ""Q Tamaño de ruedas"": ""29\""""}",4499,false,https://www.giant-bicycles.com/es/stance-eplus-1-2027,https://www.giant-bicycles.com/es/stance-eplus-1-2027,html,2026-10-05
Giant,Stance E+ [479db880],Stance E+ 2,2027,emtb,S,S,,162,174,162-174 cm,cm,614,431,"{""A Longitud del tubo del sillín (mm) (inch)"": ""400"", ""A1 Seat Post Insertion Depth (mm) (inch)"": ""235"", ""B Ángulo del tubo del sillín (degrees)"": ""76,5°"", ""C Longitud del tubo superior (mm) (mm) (inch)"": ""579"", ""D Longitud del tubo de dirección (mm) (mm) (inch)"": ""100"", ""E Ángulo del tubo de dirección (degrees)"": ""64,5°"", ""F Inclinación de la horquilla (mm) (inch)"": ""44"", ""G Trail (mm) (mm) (inch)"": ""132"", ""H Distancia entre ejes (mm) (mm) (inch)"": ""1229"", ""I Longitud de la vaina (mm) (mm) (inch)"": ""468"", ""J Caída del eje de pedalier (mm) (mm) (inch)"": ""26"", ""K Stack (mm) (mm) (inch)"": ""614"", ""L Reach (mm) (mm) (inch)"": ""431"", ""M Altura del suelo al tubo (mm) (mm) (inch)"": ""746"", ""N Ancho del manillar (mm) (mm) (inch)"": ""780"", ""O Longitud de la potencia (mm) (mm) (inch)"": ""40"", ""P Longitud de las bielas (mm) (mm) (inch)"": ""165"", ""Q Tamaño de ruedas"": ""29\""""}",3999,false,https://www.giant-bicycles.com/es/stance-eplus-2-2027,https://www.giant-bicycles.com/es/stance-eplus-2-2027,html,2026-10-05
Giant,Stance E+ [479db880],Stance E+ 2,2027,emtb,M,M,,168,184,168-184 cm,cm,628,455,"{""A Longitud del tubo del sillín (mm) (inch)"": ""425"", ""A1 Seat Post Insertion Depth (mm) (inch)"": ""260"", ""B Ángulo del tubo del sillín (degrees)"": ""76,5°"", ""C Longitud del tubo superior (mm) (mm) (inch)"": ""606"", ""D Longitud del tubo de dirección (mm) (mm) (inch)"": ""115"", ""E Ángulo del tubo de dirección (degrees)"": ""64,5°"", ""F Inclinación de la horquilla (mm) (inch)"": ""44"", ""G Trail (mm) (mm) (inch)"": ""132"", ""H Distancia entre ejes (mm) (mm) (inch)"": ""1259"", ""I Longitud de la vaina (mm) (mm) (inch)"": ""468"", ""J Caída del eje de pedalier (mm) (mm) (inch)"": ""26"", ""K Stack (mm) (mm) (inch)"": ""628"", ""L Reach (mm) (mm) (inch)"": ""455"", ""M Altura del suelo al tubo (mm) (mm) (inch)"": ""744"", ""N Ancho del manillar (mm) (mm) (inch)"": ""780"", ""O Longitud de la potencia (mm) (mm) (inch)"": ""40"", ""P Longitud de las bielas (mm) (mm) (inch)"": ""165"", ""Q Tamaño de ruedas"": ""29\""""}",3999,false,https://www.giant-bicycles.com/es/stance-eplus-2-2027,https://www.giant-bicycles.com/es/stance-eplus-2-2027,html,2026-10-05
Giant,Stance E+ [479db880],Stance E+ 2,2027,emtb,L,L,,178,192,178-192 cm,cm,641,480,"{""A Longitud del tubo del sillín (mm) (inch)"": ""450"", ""A1 Seat Post Insertion Depth (mm) (inch)"": ""285"", ""B Ángulo del tubo del sillín (degrees)"": ""76,5°"", ""C Longitud del tubo superior (mm) (mm) (inch)"": ""635"", ""D Longitud del tubo de dirección (mm) (mm) (inch)"": ""130"", ""E Ángulo del tubo de dirección (degrees)"": ""64,5°"", ""F Inclinación de la horquilla (mm) (inch)"": ""44"", ""G Trail (mm) (mm) (inch)"": ""132"", ""H Distancia entre ejes (mm) (mm) (inch)"": ""1291"", ""I Longitud de la vaina (mm) (mm) (inch)"": ""468"", ""J Caída del eje de pedalier (mm) (mm) (inch)"": ""26"", ""K Stack (mm) (mm) (inch)"": ""641"", ""L Reach (mm) (mm) (inch)"": ""480"", ""M Altura del suelo al tubo (mm) (mm) (inch)"": ""756"", ""N Ancho del manillar (mm) (mm) (inch)"": ""780"", ""O Longitud de la potencia (mm) (mm) (inch)"": ""40"", ""P Longitud de las bielas (mm) (mm) (inch)"": ""165"", ""Q Tamaño de ruedas"": ""29\""""}",3999,false,https://www.giant-bicycles.com/es/stance-eplus-2-2027,https://www.giant-bicycles.com/es/stance-eplus-2-2027,html,2026-10-05
Giant,Stance E+ [479db880],Stance E+ 2,2027,emtb,XL,XL,,184,200,184-200 cm,cm,655,505,"{""A Longitud del tubo del sillín (mm) (inch)"": ""475"", ""A1 Seat Post Insertion Depth (mm) (inch)"": ""310"", ""B Ángulo del tubo del sillín (degrees)"": ""76,5°"", ""C Longitud del tubo superior (mm) (mm) (inch)"": ""663"", ""D Longitud del tubo de dirección (mm) (mm) (inch)"": ""145"", ""E Ángulo del tubo de dirección (degrees)"": ""64,5°"", ""F Inclinación de la horquilla (mm) (inch)"": ""44"", ""G Trail (mm) (mm) (inch)"": ""132"", ""H Distancia entre ejes (mm) (mm) (inch)"": ""1322"", ""I Longitud de la vaina (mm) (mm) (inch)"": ""468"", ""J Caída del eje de pedalier (mm) (mm) (inch)"": ""26"", ""K Stack (mm) (mm) (inch)"": ""655"", ""L Reach (mm) (mm) (inch)"": ""505"", ""M Altura del suelo al tubo (mm) (mm) (inch)"": ""762"", ""N Ancho del manillar (mm) (mm) (inch)"": ""780"", ""O Longitud de la potencia (mm) (mm) (inch)"": ""40"", ""P Longitud de las bielas (mm) (mm) (inch)"": ""165"", ""Q Tamaño de ruedas"": ""29\""""}",3999,false,https://www.giant-bicycles.com/es/stance-eplus-2-2027,https://www.giant-bicycles.com/es/stance-eplus-2-2027,html,2026-10-05
Giant,Propel Advanced [6b535a60],Propel Advanced 0,2027,carretera,XS,XS,,157,169,157-169 cm,cm,515,377,"{""A Longitud del tubo del sillín (mm) (inch)"": ""484"", ""B Ángulo del tubo del sillín (degrees)"": ""74,5°"", ""C Longitud del tubo superior (mm) (mm) (inch)"": ""520"", ""D Longitud del tubo de dirección (mm) (mm) (inch)"": ""115"", ""E Ángulo del tubo de dirección (degrees)"": ""71,5°"", ""F Inclinación de la horquilla (mm) (inch)"": ""45"", ""G Trail (mm) (mm) (inch)"": ""67,8"", ""H Distancia entre ejes (mm) (mm) (inch)"": ""971"", ""I Longitud de la vaina (mm) (mm) (inch)"": ""405"", ""J Caída del eje de pedalier (mm) (mm) (inch)"": ""72"", ""K Stack (mm) (mm) (inch)"": ""515"", ""L Reach (mm) (mm) (inch)"": ""377"", ""M Altura del suelo al tubo (mm) (mm) (inch)"": ""746"", ""N Ancho del manillar (mm) (mm) (inch)"": ""380"", ""O Longitud de la potencia (mm) (mm) (inch)"": ""80"", ""P Longitud de las bielas (mm) (mm) (inch)"": ""165"", ""Q Tamaño de ruedas"": ""700C""}",4599,false,https://www.giant-bicycles.com/es/propel-advanced-0-2027,https://www.giant-bicycles.com/es/propel-advanced-0-2027,html,2026-10-05
Giant,Propel Advanced [6b535a60],Propel Advanced 0,2027,carretera,S,S,,165,175,165-175 cm,cm,530,383,"{""A Longitud del tubo del sillín (mm) (inch)"": ""505"", ""B Ángulo del tubo del sillín (degrees)"": ""74,0°"", ""C Longitud del tubo superior (mm) (mm) (inch)"": ""535"", ""D Longitud del tubo de dirección (mm) (mm) (inch)"": ""127"", ""E Ángulo del tubo de dirección (degrees)"": ""72,5°"", ""F Inclinación de la horquilla (mm) (inch)"": ""45"", ""G Trail (mm) (mm) (inch)"": ""61,4"", ""H Distancia entre ejes (mm) (mm) (inch)"": ""973"", ""I Longitud de la vaina (mm) (mm) (inch)"": ""405"", ""J Caída del eje de pedalier (mm) (mm) (inch)"": ""72"", ""K Stack (mm) (mm) (inch)"": ""530"", ""L Reach (mm) (mm) (inch)"": ""383"", ""M Altura del suelo al tubo (mm) (mm) (inch)"": ""764"", ""N Ancho del manillar (mm) (mm) (inch)"": ""380"", ""O Longitud de la potencia (mm) (mm) (inch)"": ""90"", ""P Longitud de las bielas (mm) (mm) (inch)"": ""165"", ""Q Tamaño de ruedas"": ""700C""}",4599,false,https://www.giant-bicycles.com/es/propel-advanced-0-2027,https://www.giant-bicycles.com/es/propel-advanced-0-2027,html,2026-10-05
Giant,Propel Advanced [6b535a60],Propel Advanced 0,2027,carretera,M,M,,171,181,171-181 cm,cm,546,388,"{""A Longitud del tubo del sillín (mm) (inch)"": ""528,5"", ""B Ángulo del tubo del sillín (degrees)"": ""73,5°"", ""C Longitud del tubo superior (mm) (mm) (inch)"": ""550"", ""D Longitud del tubo de dirección (mm) (mm) (inch)"": ""145"", ""E Ángulo del tubo de dirección (degrees)"": ""73,0°"", ""F Inclinación de la horquilla (mm) (inch)"": ""45"", ""G Trail (mm) (mm) (inch)"": ""58,3"", ""H Distancia entre ejes (mm) (mm) (inch)"": ""980"", ""I Longitud de la vaina (mm) (mm) (inch)"": ""405"", ""J Caída del eje de pedalier (mm) (mm) (inch)"": ""69,5"", ""K Stack (mm) (mm) (inch)"": ""546"", ""L Reach (mm) (mm) (inch)"": ""388"", ""M Altura del suelo al tubo (mm) (mm) (inch)"": ""787"", ""N Ancho del manillar (mm) (mm) (inch)"": ""400"", ""O Longitud de la potencia (mm) (mm) (inch)"": ""100"", ""P Longitud de las bielas (mm) (mm) (inch)"": ""170"", ""Q Tamaño de ruedas"": ""700C""}",4599,false,https://www.giant-bicycles.com/es/propel-advanced-0-2027,https://www.giant-bicycles.com/es/propel-advanced-0-2027,html,2026-10-05
Giant,Propel Advanced [6b535a60],Propel Advanced 0,2027,carretera,M/L,M/L,,177,187,177-187 cm,cm,565,392,"{""A Longitud del tubo del sillín (mm) (inch)"": ""554"", ""B Ángulo del tubo del sillín (degrees)"": ""73,0°"", ""C Longitud del tubo superior (mm) (mm) (inch)"": ""565"", ""D Longitud del tubo de dirección (mm) (mm) (inch)"": ""165"", ""E Ángulo del tubo de dirección (degrees)"": ""73,0°"", ""F Inclinación de la horquilla (mm) (inch)"": ""45"", ""G Trail (mm) (mm) (inch)"": ""58,3"", ""H Distancia entre ejes (mm) (mm) (inch)"": ""990"", ""I Longitud de la vaina (mm) (mm) (inch)"": ""405"", ""J Caída del eje de pedalier (mm) (mm) (inch)"": ""69,5"", ""K Stack (mm) (mm) (inch)"": ""565"", ""L Reach (mm) (mm) (inch)"": ""392"", ""M Altura del suelo al tubo (mm) (mm) (inch)"": ""808"", ""N Ancho del manillar (mm) (mm) (inch)"": ""400"", ""O Longitud de la potencia (mm) (mm) (inch)"": ""110"", ""P Longitud de las bielas (mm) (mm) (inch)"": ""170"", ""Q Tamaño de ruedas"": ""700C""}",4599,false,https://www.giant-bicycles.com/es/propel-advanced-0-2027,https://www.giant-bicycles.com/es/propel-advanced-0-2027,html,2026-10-05
Giant,Propel Advanced [6b535a60],Propel Advanced 0,2027,carretera,L,L,,183,193,183-193 cm,cm,582,402,"{""A Longitud del tubo del sillín (mm) (inch)"": ""576"", ""B Ángulo del tubo del sillín (degrees)"": ""73,0°"", ""C Longitud del tubo superior (mm) (mm) (inch)"": ""580"", ""D Longitud del tubo de dirección (mm) (mm) (inch)"": ""185"", ""E Ángulo del tubo de dirección (degrees)"": ""73,0°"", ""F Inclinación de la horquilla (mm) (inch)"": ""45"", ""G Trail (mm) (mm) (inch)"": ""58,3"", ""H Distancia entre ejes (mm) (mm) (inch)"": ""1006"", ""I Longitud de la vaina (mm) (mm) (inch)"": ""405"", ""J Caída del eje de pedalier (mm) (mm) (inch)"": ""67"", ""K Stack (mm) (mm) (inch)"": ""582"", ""L Reach (mm) (mm) (inch)"": ""402"", ""M Altura del suelo al tubo (mm) (mm) (inch)"": ""832"", ""N Ancho del manillar (mm) (mm) (inch)"": ""420"", ""O Longitud de la potencia (mm) (mm) (inch)"": ""110"", ""P Longitud de las bielas (mm) (mm) (inch)"": ""172,5"", ""Q Tamaño de ruedas"": ""700C""}",4599,false,https://www.giant-bicycles.com/es/propel-advanced-0-2027,https://www.giant-bicycles.com/es/propel-advanced-0-2027,html,2026-10-05
Giant,Propel Advanced [6b535a60],Propel Advanced 0,2027,carretera,XL,XL,,189,199,189-199 cm,cm,596,412,"{""A Longitud del tubo del sillín (mm) (inch)"": ""595"", ""B Ángulo del tubo del sillín (degrees)"": ""72,5°"", ""C Longitud del tubo superior (mm) (mm) (inch)"": ""600"", ""D Longitud del tubo de dirección (mm) (mm) (inch)"": ""200"", ""E Ángulo del tubo de dirección (degrees)"": ""73,0°"", ""F Inclinación de la horquilla (mm) (inch)"": ""45"", ""G Trail (mm) (mm) (inch)"": ""58,3"", ""H Distancia entre ejes (mm) (mm) (inch)"": ""1020"", ""I Longitud de la vaina (mm) (mm) (inch)"": ""405"", ""J Caída del eje de pedalier (mm) (mm) (inch)"": ""67"", ""K Stack (mm) (mm) (inch)"": ""596"", ""L Reach (mm) (mm) (inch)"": ""412"", ""M Altura del suelo al tubo (mm) (mm) (inch)"": ""847"", ""N Ancho del manillar (mm) (mm) (inch)"": ""420"", ""O Longitud de la potencia (mm) (mm) (inch)"": ""120"", ""P Longitud de las bielas (mm) (mm) (inch)"": ""172,5"", ""Q Tamaño de ruedas"": ""700C""}",4599,false,https://www.giant-bicycles.com/es/propel-advanced-0-2027,https://www.giant-bicycles.com/es/propel-advanced-0-2027,html,2026-10-05
Giant,Propel Advanced [6b535a60],Propel Advanced 1,2027,carretera,XS,XS,,157,169,157-169 cm,cm,515,377,"{""A Longitud del tubo del sillín (mm) (inch)"": ""484"", ""B Ángulo del tubo del sillín (degrees)"": ""74,5°"", ""C Longitud del tubo superior (mm) (mm) (inch)"": ""520"", ""D Longitud del tubo de dirección (mm) (mm) (inch)"": ""115"", ""E Ángulo del tubo de dirección (degrees)"": ""71,5°"", ""F Inclinación de la horquilla (mm) (inch)"": ""45"", ""G Trail (mm) (mm) (inch)"": ""67,8"", ""H Distancia entre ejes (mm) (mm) (inch)"": ""971"", ""I Longitud de la vaina (mm) (mm) (inch)"": ""405"", ""J Caída del eje de pedalier (mm) (mm) (inch)"": ""72"", ""K Stack (mm) (mm) (inch)"": ""515"", ""L Reach (mm) (mm) (inch)"": ""377"", ""M Altura del suelo al tubo (mm) (mm) (inch)"": ""746"", ""N Ancho del manillar (mm) (mm) (inch)"": ""380"", ""O Longitud de la potencia (mm) (mm) (inch)"": ""80"", ""P Longitud de las bielas (mm) (mm) (inch)"": ""165"", ""Q Tamaño de ruedas"": ""700C""}",4199,false,https://www.giant-bicycles.com/es/propel-advanced-1-2027,https://www.giant-bicycles.com/es/propel-advanced-1-2027,html,2026-10-05
Giant,Propel Advanced [6b535a60],Propel Advanced 1,2027,carretera,S,S,,165,175,165-175 cm,cm,530,383,"{""A Longitud del tubo del sillín (mm) (inch)"": ""505"", ""B Ángulo del tubo del sillín (degrees)"": ""74,0°"", ""C Longitud del tubo superior (mm) (mm) (inch)"": ""535"", ""D Longitud del tubo de dirección (mm) (mm) (inch)"": ""127"", ""E Ángulo del tubo de dirección (degrees)"": ""72,5°"", ""F Inclinación de la horquilla (mm) (inch)"": ""45"", ""G Trail (mm) (mm) (inch)"": ""61,4"", ""H Distancia entre ejes (mm) (mm) (inch)"": ""973"", ""I Longitud de la vaina (mm) (mm) (inch)"": ""405"", ""J Caída del eje de pedalier (mm) (mm) (inch)"": ""72"", ""K Stack (mm) (mm) (inch)"": ""530"", ""L Reach (mm) (mm) (inch)"": ""383"", ""M Altura del suelo al tubo (mm) (mm) (inch)"": ""764"", ""N Ancho del manillar (mm) (mm) (inch)"": ""380"", ""O Longitud de la potencia (mm) (mm) (inch)"": ""90"", ""P Longitud de las bielas (mm) (mm) (inch)"": ""165"", ""Q Tamaño de ruedas"": ""700C""}",4199,false,https://www.giant-bicycles.com/es/propel-advanced-1-2027,https://www.giant-bicycles.com/es/propel-advanced-1-2027,html,2026-10-05
Giant,Propel Advanced [6b535a60],Propel Advanced 1,2027,carretera,M,M,,171,181,171-181 cm,cm,546,388,"{""A Longitud del tubo del sillín (mm) (inch)"": ""528,5"", ""B Ángulo del tubo del sillín (degrees)"": ""73,5°"", ""C Longitud del tubo superior (mm) (mm) (inch)"": ""550"", ""D Longitud del tubo de dirección (mm) (mm) (inch)"": ""145"", ""E Ángulo del tubo de dirección (degrees)"": ""73,0°"", ""F Inclinación de la horquilla (mm) (inch)"": ""45"", ""G Trail (mm) (mm) (inch)"": ""58,3"", ""H Distancia entre ejes (mm) (mm) (inch)"": ""980"", ""I Longitud de la vaina (mm) (mm) (inch)"": ""405"", ""J Caída del eje de pedalier (mm) (mm) (inch)"": ""69,5"", ""K Stack (mm) (mm) (inch)"": ""546"", ""L Reach (mm) (mm) (inch)"": ""388"", ""M Altura del suelo al tubo (mm) (mm) (inch)"": ""787"", ""N Ancho del manillar (mm) (mm) (inch)"": ""400"", ""O Longitud de la potencia (mm) (mm) (inch)"": ""100"", ""P Longitud de las bielas (mm) (mm) (inch)"": ""170"", ""Q Tamaño de ruedas"": ""700C""}",4199,false,https://www.giant-bicycles.com/es/propel-advanced-1-2027,https://www.giant-bicycles.com/es/propel-advanced-1-2027,html,2026-10-05
Giant,Propel Advanced [6b535a60],Propel Advanced 1,2027,carretera,M/L,M/L,,177,187,177-187 cm,cm,565,392,"{""A Longitud del tubo del sillín (mm) (inch)"": ""554"", ""B Ángulo del tubo del sillín (degrees)"": ""73,0°"", ""C Longitud del tubo superior (mm) (mm) (inch)"": ""565"", ""D Longitud del tubo de dirección (mm) (mm) (inch)"": ""165"", ""E Ángulo del tubo de dirección (degrees)"": ""73,0°"", ""F Inclinación de la horquilla (mm) (inch)"": ""45"", ""G Trail (mm) (mm) (inch)"": ""58,3"", ""H Distancia entre ejes (mm) (mm) (inch)"": ""990"", ""I Longitud de la vaina (mm) (mm) (inch)"": ""405"", ""J Caída del eje de pedalier (mm) (mm) (inch)"": ""69,5"", ""K Stack (mm) (mm) (inch)"": ""565"", ""L Reach (mm) (mm) (inch)"": ""392"", ""M Altura del suelo al tubo (mm) (mm) (inch)"": ""808"", ""N Ancho del manillar (mm) (mm) (inch)"": ""400"", ""O Longitud de la potencia (mm) (mm) (inch)"": ""110"", ""P Longitud de las bielas (mm) (mm) (inch)"": ""170"", ""Q Tamaño de ruedas"": ""700C""}",4199,false,https://www.giant-bicycles.com/es/propel-advanced-1-2027,https://www.giant-bicycles.com/es/propel-advanced-1-2027,html,2026-10-05
Giant,Propel Advanced [6b535a60],Propel Advanced 1,2027,carretera,L,L,,183,193,183-193 cm,cm,582,402,"{""A Longitud del tubo del sillín (mm) (inch)"": ""576"", ""B Ángulo del tubo del sillín (degrees)"": ""73,0°"", ""C Longitud del tubo superior (mm) (mm) (inch)"": ""580"", ""D Longitud del tubo de dirección (mm) (mm) (inch)"": ""185"", ""E Ángulo del tubo de dirección (degrees)"": ""73,0°"", ""F Inclinación de la horquilla (mm) (inch)"": ""45"", ""G Trail (mm) (mm) (inch)"": ""58,3"", ""H Distancia entre ejes (mm) (mm) (inch)"": ""1006"", ""I Longitud de la vaina (mm) (mm) (inch)"": ""405"", ""J Caída del eje de pedalier (mm) (mm) (inch)"": ""67"", ""K Stack (mm) (mm) (inch)"": ""582"", ""L Reach (mm) (mm) (inch)"": ""402"", ""M Altura del suelo al tubo (mm) (mm) (inch)"": ""832"", ""N Ancho del manillar (mm) (mm) (inch)"": ""420"", ""O Longitud de la potencia (mm) (mm) (inch)"": ""110"", ""P Longitud de las bielas (mm) (mm) (inch)"": ""172,5"", ""Q Tamaño de ruedas"": ""700C""}",4199,false,https://www.giant-bicycles.com/es/propel-advanced-1-2027,https://www.giant-bicycles.com/es/propel-advanced-1-2027,html,2026-10-05
Giant,Propel Advanced [6b535a60],Propel Advanced 1,2027,carretera,XL,XL,,189,199,189-199 cm,cm,596,412,"{""A Longitud del tubo del sillín (mm) (inch)"": ""595"", ""B Ángulo del tubo del sillín (degrees)"": ""72,5°"", ""C Longitud del tubo superior (mm) (mm) (inch)"": ""600"", ""D Longitud del tubo de dirección (mm) (mm) (inch)"": ""200"", ""E Ángulo del tubo de dirección (degrees)"": ""73,0°"", ""F Inclinación de la horquilla (mm) (inch)"": ""45"", ""G Trail (mm) (mm) (inch)"": ""58,3"", ""H Distancia entre ejes (mm) (mm) (inch)"": ""1020"", ""I Longitud de la vaina (mm) (mm) (inch)"": ""405"", ""J Caída del eje de pedalier (mm) (mm) (inch)"": ""67"", ""K Stack (mm) (mm) (inch)"": ""596"", ""L Reach (mm) (mm) (inch)"": ""412"", ""M Altura del suelo al tubo (mm) (mm) (inch)"": ""847"", ""N Ancho del manillar (mm) (mm) (inch)"": ""420"", ""O Longitud de la potencia (mm) (mm) (inch)"": ""120"", ""P Longitud de las bielas (mm) (mm) (inch)"": ""172,5"", ""Q Tamaño de ruedas"": ""700C""}",4199,false,https://www.giant-bicycles.com/es/propel-advanced-1-2027,https://www.giant-bicycles.com/es/propel-advanced-1-2027,html,2026-10-05
Giant,Propel Advanced [6b535a60],Propel Advanced 2,2027,carretera,XS,XS,,157,169,157-169 cm,cm,515,377,"{""A Longitud del tubo del sillín (mm) (inch)"": ""484"", ""B Ángulo del tubo del sillín (degrees)"": ""74,5°"", ""C Longitud del tubo superior (mm) (mm) (inch)"": ""520"", ""D Longitud del tubo de dirección (mm) (mm) (inch)"": ""115"", ""E Ángulo del tubo de dirección (degrees)"": ""71,5°"", ""F Inclinación de la horquilla (mm) (inch)"": ""45"", ""G Trail (mm) (mm) (inch)"": ""67,8"", ""H Distancia entre ejes (mm) (mm) (inch)"": ""971"", ""I Longitud de la vaina (mm) (mm) (inch)"": ""405"", ""J Caída del eje de pedalier (mm) (mm) (inch)"": ""72"", ""K Stack (mm) (mm) (inch)"": ""515"", ""L Reach (mm) (mm) (inch)"": ""377"", ""M Altura del suelo al tubo (mm) (mm) (inch)"": ""746"", ""N Ancho del manillar (mm) (mm) (inch)"": ""380"", ""O Longitud de la potencia (mm) (mm) (inch)"": ""80"", ""P Longitud de las bielas (mm) (mm) (inch)"": ""165"", ""Q Tamaño de ruedas"": ""700C""}",2799,false,https://www.giant-bicycles.com/es/propel-advanced-2-2027,https://www.giant-bicycles.com/es/propel-advanced-2-2027,html,2026-10-05
Giant,Propel Advanced [6b535a60],Propel Advanced 2,2027,carretera,S,S,,165,175,165-175 cm,cm,530,383,"{""A Longitud del tubo del sillín (mm) (inch)"": ""505"", ""B Ángulo del tubo del sillín (degrees)"": ""74,0°"", ""C Longitud del tubo superior (mm) (mm) (inch)"": ""535"", ""D Longitud del tubo de dirección (mm) (mm) (inch)"": ""127"", ""E Ángulo del tubo de dirección (degrees)"": ""72,5°"", ""F Inclinación de la horquilla (mm) (inch)"": ""45"", ""G Trail (mm) (mm) (inch)"": ""61,4"", ""H Distancia entre ejes (mm) (mm) (inch)"": ""973"", ""I Longitud de la vaina (mm) (mm) (inch)"": ""405"", ""J Caída del eje de pedalier (mm) (mm) (inch)"": ""72"", ""K Stack (mm) (mm) (inch)"": ""530"", ""L Reach (mm) (mm) (inch)"": ""383"", ""M Altura del suelo al tubo (mm) (mm) (inch)"": ""764"", ""N Ancho del manillar (mm) (mm) (inch)"": ""380"", ""O Longitud de la potencia (mm) (mm) (inch)"": ""90"", ""P Longitud de las bielas (mm) (mm) (inch)"": ""165"", ""Q Tamaño de ruedas"": ""700C""}",2799,false,https://www.giant-bicycles.com/es/propel-advanced-2-2027,https://www.giant-bicycles.com/es/propel-advanced-2-2027,html,2026-10-05
Giant,Propel Advanced [6b535a60],Propel Advanced 2,2027,carretera,M,M,,171,181,171-181 cm,cm,546,388,"{""A Longitud del tubo del sillín (mm) (inch)"": ""528,5"", ""B Ángulo del tubo del sillín (degrees)"": ""73,5°"", ""C Longitud del tubo superior (mm) (mm) (inch)"": ""550"", ""D Longitud del tubo de dirección (mm) (mm) (inch)"": ""145"", ""E Ángulo del tubo de dirección (degrees)"": ""73,0°"", ""F Inclinación de la horquilla (mm) (inch)"": ""45"", ""G Trail (mm) (mm) (inch)"": ""58,3"", ""H Distancia entre ejes (mm) (mm) (inch)"": ""980"", ""I Longitud de la vaina (mm) (mm) (inch)"": ""405"", ""J Caída del eje de pedalier (mm) (mm) (inch)"": ""69,5"", ""K Stack (mm) (mm) (inch)"": ""546"", ""L Reach (mm) (mm) (inch)"": ""388"", ""M Altura del suelo al tubo (mm) (mm) (inch)"": ""787"", ""N Ancho del manillar (mm) (mm) (inch)"": ""400"", ""O Longitud de la potencia (mm) (mm) (inch)"": ""100"", ""P Longitud de las bielas (mm) (mm) (inch)"": ""170"", ""Q Tamaño de ruedas"": ""700C""}",2799,false,https://www.giant-bicycles.com/es/propel-advanced-2-2027,https://www.giant-bicycles.com/es/propel-advanced-2-2027,html,2026-10-05
Giant,Propel Advanced [6b535a60],Propel Advanced 2,2027,carretera,M/L,M/L,,177,187,177-187 cm,cm,565,392,"{""A Longitud del tubo del sillín (mm) (inch)"": ""554"", ""B Ángulo del tubo del sillín (degrees)"": ""73,0°"", ""C Longitud del tubo superior (mm) (mm) (inch)"": ""565"", ""D Longitud del tubo de dirección (mm) (mm) (inch)"": ""165"", ""E Ángulo del tubo de dirección (degrees)"": ""73,0°"", ""F Inclinación de la horquilla (mm) (inch)"": ""45"", ""G Trail (mm) (mm) (inch)"": ""58,3"", ""H Distancia entre ejes (mm) (mm) (inch)"": ""990"", ""I Longitud de la vaina (mm) (mm) (inch)"": ""405"", ""J Caída del eje de pedalier (mm) (mm) (inch)"": ""69,5"", ""K Stack (mm) (mm) (inch)"": ""565"", ""L Reach (mm) (mm) (inch)"": ""392"", ""M Altura del suelo al tubo (mm) (mm) (inch)"": ""808"", ""N Ancho del manillar (mm) (mm) (inch)"": ""400"", ""O Longitud de la potencia (mm) (mm) (inch)"": ""110"", ""P Longitud de las bielas (mm) (mm) (inch)"": ""170"", ""Q Tamaño de ruedas"": ""700C""}",2799,false,https://www.giant-bicycles.com/es/propel-advanced-2-2027,https://www.giant-bicycles.com/es/propel-advanced-2-2027,html,2026-10-05
Giant,Propel Advanced [6b535a60],Propel Advanced 2,2027,carretera,L,L,,183,193,183-193 cm,cm,582,402,"{""A Longitud del tubo del sillín (mm) (inch)"": ""576"", ""B Ángulo del tubo del sillín (degrees)"": ""73,0°"", ""C Longitud del tubo superior (mm) (mm) (inch)"": ""580"", ""D Longitud del tubo de dirección (mm) (mm) (inch)"": ""185"", ""E Ángulo del tubo de dirección (degrees)"": ""73,0°"", ""F Inclinación de la horquilla (mm) (inch)"": ""45"", ""G Trail (mm) (mm) (inch)"": ""58,3"", ""H Distancia entre ejes (mm) (mm) (inch)"": ""1006"", ""I Longitud de la vaina (mm) (mm) (inch)"": ""405"", ""J Caída del eje de pedalier (mm) (mm) (inch)"": ""67"", ""K Stack (mm) (mm) (inch)"": ""582"", ""L Reach (mm) (mm) (inch)"": ""402"", ""M Altura del suelo al tubo (mm) (mm) (inch)"": ""832"", ""N Ancho del manillar (mm) (mm) (inch)"": ""420"", ""O Longitud de la potencia (mm) (mm) (inch)"": ""110"", ""P Longitud de las bielas (mm) (mm) (inch)"": ""172,5"", ""Q Tamaño de ruedas"": ""700C""}",2799,false,https://www.giant-bicycles.com/es/propel-advanced-2-2027,https://www.giant-bicycles.com/es/propel-advanced-2-2027,html,2026-10-05
Giant,Propel Advanced [6b535a60],Propel Advanced 2,2027,carretera,XL,XL,,189,199,189-199 cm,cm,596,412,"{""A Longitud del tubo del sillín (mm) (inch)"": ""595"", ""B Ángulo del tubo del sillín (degrees)"": ""72,5°"", ""C Longitud del tubo superior (mm) (mm) (inch)"": ""600"", ""D Longitud del tubo de dirección (mm) (mm) (inch)"": ""200"", ""E Ángulo del tubo de dirección (degrees)"": ""73,0°"", ""F Inclinación de la horquilla (mm) (inch)"": ""45"", ""G Trail (mm) (mm) (inch)"": ""58,3"", ""H Distancia entre ejes (mm) (mm) (inch)"": ""1020"", ""I Longitud de la vaina (mm) (mm) (inch)"": ""405"", ""J Caída del eje de pedalier (mm) (mm) (inch)"": ""67"", ""K Stack (mm) (mm) (inch)"": ""596"", ""L Reach (mm) (mm) (inch)"": ""412"", ""M Altura del suelo al tubo (mm) (mm) (inch)"": ""847"", ""N Ancho del manillar (mm) (mm) (inch)"": ""420"", ""O Longitud de la potencia (mm) (mm) (inch)"": ""120"", ""P Longitud de las bielas (mm) (mm) (inch)"": ""172,5"", ""Q Tamaño de ruedas"": ""700C""}",2799,false,https://www.giant-bicycles.com/es/propel-advanced-2-2027,https://www.giant-bicycles.com/es/propel-advanced-2-2027,html,2026-10-05
Giant,Propel Advanced [6b535a60],Propel Advanced Pro 0-AXS,2027,carretera,XS,XS,,157,169,157-169 cm,cm,515,377,"{""A Longitud del tubo del sillín (mm) (inch)"": ""484"", ""B Ángulo del tubo del sillín (degrees)"": ""74,5°"", ""C Longitud del tubo superior (mm) (mm) (inch)"": ""520"", ""D Longitud del tubo de dirección (mm) (mm) (inch)"": ""115"", ""E Ángulo del tubo de dirección (degrees)"": ""71,5°"", ""F Inclinación de la horquilla (mm) (inch)"": ""45"", ""G Trail (mm) (mm) (inch)"": ""67,8"", ""H Distancia entre ejes (mm) (mm) (inch)"": ""971"", ""I Longitud de la vaina (mm) (mm) (inch)"": ""405"", ""J Caída del eje de pedalier (mm) (mm) (inch)"": ""72"", ""K Stack (mm) (mm) (inch)"": ""515"", ""L Reach (mm) (mm) (inch)"": ""377"", ""M Altura del suelo al tubo (mm) (mm) (inch)"": ""746"", ""N Ancho del manillar (mm) (mm) (inch)"": ""380"", ""O Longitud de la potencia (mm) (mm) (inch)"": ""80"", ""P Longitud de las bielas (mm) (mm) (inch)"": ""165"", ""Q Tamaño de ruedas"": ""700C""}",6599,false,https://www.giant-bicycles.com/es/propel-advanced-pro-0-axs-2027,https://www.giant-bicycles.com/es/propel-advanced-pro-0-axs-2027,html,2026-10-05
Giant,Propel Advanced [6b535a60],Propel Advanced Pro 0-AXS,2027,carretera,S,S,,165,175,165-175 cm,cm,530,383,"{""A Longitud del tubo del sillín (mm) (inch)"": ""505"", ""B Ángulo del tubo del sillín (degrees)"": ""74,0°"", ""C Longitud del tubo superior (mm) (mm) (inch)"": ""535"", ""D Longitud del tubo de dirección (mm) (mm) (inch)"": ""127"", ""E Ángulo del tubo de dirección (degrees)"": ""72,5°"", ""F Inclinación de la horquilla (mm) (inch)"": ""45"", ""G Trail (mm) (mm) (inch)"": ""61,4"", ""H Distancia entre ejes (mm) (mm) (inch)"": ""973"", ""I Longitud de la vaina (mm) (mm) (inch)"": ""405"", ""J Caída del eje de pedalier (mm) (mm) (inch)"": ""72"", ""K Stack (mm) (mm) (inch)"": ""530"", ""L Reach (mm) (mm) (inch)"": ""383"", ""M Altura del suelo al tubo (mm) (mm) (inch)"": ""764"", ""N Ancho del manillar (mm) (mm) (inch)"": ""380"", ""O Longitud de la potencia (mm) (mm) (inch)"": ""90"", ""P Longitud de las bielas (mm) (mm) (inch)"": ""165"", ""Q Tamaño de ruedas"": ""700C""}",6599,false,https://www.giant-bicycles.com/es/propel-advanced-pro-0-axs-2027,https://www.giant-bicycles.com/es/propel-advanced-pro-0-axs-2027,html,2026-10-05
Giant,Propel Advanced [6b535a60],Propel Advanced Pro 0-AXS,2027,carretera,M,M,,171,181,171-181 cm,cm,546,388,"{""A Longitud del tubo del sillín (mm) (inch)"": ""528,5"", ""B Ángulo del tubo del sillín (degrees)"": ""73,5°"", ""C Longitud del tubo superior (mm) (mm) (inch)"": ""550"", ""D Longitud del tubo de dirección (mm) (mm) (inch)"": ""145"", ""E Ángulo del tubo de dirección (degrees)"": ""73,0°"", ""F Inclinación de la horquilla (mm) (inch)"": ""45"", ""G Trail (mm) (mm) (inch)"": ""58,3"", ""H Distancia entre ejes (mm) (mm) (inch)"": ""980"", ""I Longitud de la vaina (mm) (mm) (inch)"": ""405"", ""J Caída del eje de pedalier (mm) (mm) (inch)"": ""69,5"", ""K Stack (mm) (mm) (inch)"": ""546"", ""L Reach (mm) (mm) (inch)"": ""388"", ""M Altura del suelo al tubo (mm) (mm) (inch)"": ""787"", ""N Ancho del manillar (mm) (mm) (inch)"": ""400"", ""O Longitud de la potencia (mm) (mm) (inch)"": ""100"", ""P Longitud de las bielas (mm) (mm) (inch)"": ""170"", ""Q Tamaño de ruedas"": ""700C""}",6599,false,https://www.giant-bicycles.com/es/propel-advanced-pro-0-axs-2027,https://www.giant-bicycles.com/es/propel-advanced-pro-0-axs-2027,html,2026-10-05
Giant,Propel Advanced [6b535a60],Propel Advanced Pro 0-AXS,2027,carretera,M/L,M/L,,177,187,177-187 cm,cm,565,392,"{""A Longitud del tubo del sillín (mm) (inch)"": ""554"", ""B Ángulo del tubo del sillín (degrees)"": ""73,0°"", ""C Longitud del tubo superior (mm) (mm) (inch)"": ""565"", ""D Longitud del tubo de dirección (mm) (mm) (inch)"": ""165"", ""E Ángulo del tubo de dirección (degrees)"": ""73,0°"", ""F Inclinación de la horquilla (mm) (inch)"": ""45"", ""G Trail (mm) (mm) (inch)"": ""58,3"", ""H Distancia entre ejes (mm) (mm) (inch)"": ""990"", ""I Longitud de la vaina (mm) (mm) (inch)"": ""405"", ""J Caída del eje de pedalier (mm) (mm) (inch)"": ""69,5"", ""K Stack (mm) (mm) (inch)"": ""565"", ""L Reach (mm) (mm) (inch)"": ""392"", ""M Altura del suelo al tubo (mm) (mm) (inch)"": ""808"", ""N Ancho del manillar (mm) (mm) (inch)"": ""400"", ""O Longitud de la potencia (mm) (mm) (inch)"": ""110"", ""P Longitud de las bielas (mm) (mm) (inch)"": ""170"", ""Q Tamaño de ruedas"": ""700C""}",6599,false,https://www.giant-bicycles.com/es/propel-advanced-pro-0-axs-2027,https://www.giant-bicycles.com/es/propel-advanced-pro-0-axs-2027,html,2026-10-05
Giant,Propel Advanced [6b535a60],Propel Advanced Pro 0-AXS,2027,carretera,L,L,,183,193,183-193 cm,cm,582,402,"{""A Longitud del tubo del sillín (mm) (inch)"": ""576"", ""B Ángulo del tubo del sillín (degrees)"": ""73,0°"", ""C Longitud del tubo superior (mm) (mm) (inch)"": ""580"", ""D Longitud del tubo de dirección (mm) (mm) (inch)"": ""185"", ""E Ángulo del tubo de dirección (degrees)"": ""73,0°"", ""F Inclinación de la horquilla (mm) (inch)"": ""45"", ""G Trail (mm) (mm) (inch)"": ""58,3"", ""H Distancia entre ejes (mm) (mm) (inch)"": ""1006"", ""I Longitud de la vaina (mm) (mm) (inch)"": ""405"", ""J Caída del eje de pedalier (mm) (mm) (inch)"": ""67"", ""K Stack (mm) (mm) (inch)"": ""582"", ""L Reach (mm) (mm) (inch)"": ""402"", ""M Altura del suelo al tubo (mm) (mm) (inch)"": ""832"", ""N Ancho del manillar (mm) (mm) (inch)"": ""420"", ""O Longitud de la potencia (mm) (mm) (inch)"": ""110"", ""P Longitud de las bielas (mm) (mm) (inch)"": ""172,5"", ""Q Tamaño de ruedas"": ""700C""}",6599,false,https://www.giant-bicycles.com/es/propel-advanced-pro-0-axs-2027,https://www.giant-bicycles.com/es/propel-advanced-pro-0-axs-2027,html,2026-10-05
Giant,Propel Advanced [6b535a60],Propel Advanced Pro 0-AXS,2027,carretera,XL,XL,,189,199,189-199 cm,cm,596,412,"{""A Longitud del tubo del sillín (mm) (inch)"": ""595"", ""B Ángulo del tubo del sillín (degrees)"": ""72,5°"", ""C Longitud del tubo superior (mm) (mm) (inch)"": ""600"", ""D Longitud del tubo de dirección (mm) (mm) (inch)"": ""200"", ""E Ángulo del tubo de dirección (degrees)"": ""73,0°"", ""F Inclinación de la horquilla (mm) (inch)"": ""45"", ""G Trail (mm) (mm) (inch)"": ""58,3"", ""H Distancia entre ejes (mm) (mm) (inch)"": ""1020"", ""I Longitud de la vaina (mm) (mm) (inch)"": ""405"", ""J Caída del eje de pedalier (mm) (mm) (inch)"": ""67"", ""K Stack (mm) (mm) (inch)"": ""596"", ""L Reach (mm) (mm) (inch)"": ""412"", ""M Altura del suelo al tubo (mm) (mm) (inch)"": ""847"", ""N Ancho del manillar (mm) (mm) (inch)"": ""420"", ""O Longitud de la potencia (mm) (mm) (inch)"": ""120"", ""P Longitud de las bielas (mm) (mm) (inch)"": ""172,5"", ""Q Tamaño de ruedas"": ""700C""}",6599,false,https://www.giant-bicycles.com/es/propel-advanced-pro-0-axs-2027,https://www.giant-bicycles.com/es/propel-advanced-pro-0-axs-2027,html,2026-10-05
Giant,Propel Advanced [6b535a60],Propel Advanced Pro 0-Di2,2027,carretera,XS,XS,,157,169,157-169 cm,cm,515,377,"{""A Longitud del tubo del sillín (mm) (inch)"": ""484"", ""B Ángulo del tubo del sillín (degrees)"": ""74,5°"", ""C Longitud del tubo superior (mm) (mm) (inch)"": ""520"", ""D Longitud del tubo de dirección (mm) (mm) (inch)"": ""115"", ""E Ángulo del tubo de dirección (degrees)"": ""71,5°"", ""F Inclinación de la horquilla (mm) (inch)"": ""45"", ""G Trail (mm) (mm) (inch)"": ""67,8"", ""H Distancia entre ejes (mm) (mm) (inch)"": ""971"", ""I Longitud de la vaina (mm) (mm) (inch)"": ""405"", ""J Caída del eje de pedalier (mm) (mm) (inch)"": ""72"", ""K Stack (mm) (mm) (inch)"": ""515"", ""L Reach (mm) (mm) (inch)"": ""377"", ""M Altura del suelo al tubo (mm) (mm) (inch)"": ""746"", ""N Ancho del manillar (mm) (mm) (inch)"": ""380"", ""O Longitud de la potencia (mm) (mm) (inch)"": ""80"", ""P Longitud de las bielas (mm) (mm) (inch)"": ""165"", ""Q Tamaño de ruedas"": ""700C""}",6599,false,https://www.giant-bicycles.com/es/propel-advanced-pro-0-di2-2027,https://www.giant-bicycles.com/es/propel-advanced-pro-0-di2-2027,html,2026-10-05
Giant,Propel Advanced [6b535a60],Propel Advanced Pro 0-Di2,2027,carretera,S,S,,165,175,165-175 cm,cm,530,383,"{""A Longitud del tubo del sillín (mm) (inch)"": ""505"", ""B Ángulo del tubo del sillín (degrees)"": ""74,0°"", ""C Longitud del tubo superior (mm) (mm) (inch)"": ""535"", ""D Longitud del tubo de dirección (mm) (mm) (inch)"": ""127"", ""E Ángulo del tubo de dirección (degrees)"": ""72,5°"", ""F Inclinación de la horquilla (mm) (inch)"": ""45"", ""G Trail (mm) (mm) (inch)"": ""61,4"", ""H Distancia entre ejes (mm) (mm) (inch)"": ""973"", ""I Longitud de la vaina (mm) (mm) (inch)"": ""405"", ""J Caída del eje de pedalier (mm) (mm) (inch)"": ""72"", ""K Stack (mm) (mm) (inch)"": ""530"", ""L Reach (mm) (mm) (inch)"": ""383"", ""M Altura del suelo al tubo (mm) (mm) (inch)"": ""764"", ""N Ancho del manillar (mm) (mm) (inch)"": ""380"", ""O Longitud de la potencia (mm) (mm) (inch)"": ""90"", ""P Longitud de las bielas (mm) (mm) (inch)"": ""165"", ""Q Tamaño de ruedas"": ""700C""}",6599,false,https://www.giant-bicycles.com/es/propel-advanced-pro-0-di2-2027,https://www.giant-bicycles.com/es/propel-advanced-pro-0-di2-2027,html,2026-10-05
Giant,Propel Advanced [6b535a60],Propel Advanced Pro 0-Di2,2027,carretera,M,M,,171,181,171-181 cm,cm,546,388,"{""A Longitud del tubo del sillín (mm) (inch)"": ""528,5"", ""B Ángulo del tubo del sillín (degrees)"": ""73,5°"", ""C Longitud del tubo superior (mm) (mm) (inch)"": ""550"", ""D Longitud del tubo de dirección (mm) (mm) (inch)"": ""145"", ""E Ángulo del tubo de dirección (degrees)"": ""73,0°"", ""F Inclinación de la horquilla (mm) (inch)"": ""45"", ""G Trail (mm) (mm) (inch)"": ""58,3"", ""H Distancia entre ejes (mm) (mm) (inch)"": ""980"", ""I Longitud de la vaina (mm) (mm) (inch)"": ""405"", ""J Caída del eje de pedalier (mm) (mm) (inch)"": ""69,5"", ""K Stack (mm) (mm) (inch)"": ""546"", ""L Reach (mm) (mm) (inch)"": ""388"", ""M Altura del suelo al tubo (mm) (mm) (inch)"": ""787"", ""N Ancho del manillar (mm) (mm) (inch)"": ""400"", ""O Longitud de la potencia (mm) (mm) (inch)"": ""100"", ""P Longitud de las bielas (mm) (mm) (inch)"": ""170"", ""Q Tamaño de ruedas"": ""700C""}",6599,false,https://www.giant-bicycles.com/es/propel-advanced-pro-0-di2-2027,https://www.giant-bicycles.com/es/propel-advanced-pro-0-di2-2027,html,2026-10-05
Giant,Propel Advanced [6b535a60],Propel Advanced Pro 0-Di2,2027,carretera,M/L,M/L,,177,187,177-187 cm,cm,565,392,"{""A Longitud del tubo del sillín (mm) (inch)"": ""554"", ""B Ángulo del tubo del sillín (degrees)"": ""73,0°"", ""C Longitud del tubo superior (mm) (mm) (inch)"": ""565"", ""D Longitud del tubo de dirección (mm) (mm) (inch)"": ""165"", ""E Ángulo del tubo de dirección (degrees)"": ""73,0°"", ""F Inclinación de la horquilla (mm) (inch)"": ""45"", ""G Trail (mm) (mm) (inch)"": ""58,3"", ""H Distancia entre ejes (mm) (mm) (inch)"": ""990"", ""I Longitud de la vaina (mm) (mm) (inch)"": ""405"", ""J Caída del eje de pedalier (mm) (mm) (inch)"": ""69,5"", ""K Stack (mm) (mm) (inch)"": ""565"", ""L Reach (mm) (mm) (inch)"": ""392"", ""M Altura del suelo al tubo (mm) (mm) (inch)"": ""808"", ""N Ancho del manillar (mm) (mm) (inch)"": ""400"", ""O Longitud de la potencia (mm) (mm) (inch)"": ""110"", ""P Longitud de las bielas (mm) (mm) (inch)"": ""170"", ""Q Tamaño de ruedas"": ""700C""}",6599,false,https://www.giant-bicycles.com/es/propel-advanced-pro-0-di2-2027,https://www.giant-bicycles.com/es/propel-advanced-pro-0-di2-2027,html,2026-10-05
Giant,Propel Advanced [6b535a60],Propel Advanced Pro 0-Di2,2027,carretera,L,L,,183,193,183-193 cm,cm,582,402,"{""A Longitud del tubo del sillín (mm) (inch)"": ""576"", ""B Ángulo del tubo del sillín (degrees)"": ""73,0°"", ""C Longitud del tubo superior (mm) (mm) (inch)"": ""580"", ""D Longitud del tubo de dirección (mm) (mm) (inch)"": ""185"", ""E Ángulo del tubo de dirección (degrees)"": ""73,0°"", ""F Inclinación de la horquilla (mm) (inch)"": ""45"", ""G Trail (mm) (mm) (inch)"": ""58,3"", ""H Distancia entre ejes (mm) (mm) (inch)"": ""1006"", ""I Longitud de la vaina (mm) (mm) (inch)"": ""405"", ""J Caída del eje de pedalier (mm) (mm) (inch)"": ""67"", ""K Stack (mm) (mm) (inch)"": ""582"", ""L Reach (mm) (mm) (inch)"": ""402"", ""M Altura del suelo al tubo (mm) (mm) (inch)"": ""832"", ""N Ancho del manillar (mm) (mm) (inch)"": ""420"", ""O Longitud de la potencia (mm) (mm) (inch)"": ""110"", ""P Longitud de las bielas (mm) (mm) (inch)"": ""172,5"", ""Q Tamaño de ruedas"": ""700C""}",6599,false,https://www.giant-bicycles.com/es/propel-advanced-pro-0-di2-2027,https://www.giant-bicycles.com/es/propel-advanced-pro-0-di2-2027,html,2026-10-05
Giant,Propel Advanced [6b535a60],Propel Advanced Pro 0-Di2,2027,carretera,XL,XL,,189,199,189-199 cm,cm,596,412,"{""A Longitud del tubo del sillín (mm) (inch)"": ""595"", ""B Ángulo del tubo del sillín (degrees)"": ""72,5°"", ""C Longitud del tubo superior (mm) (mm) (inch)"": ""600"", ""D Longitud del tubo de dirección (mm) (mm) (inch)"": ""200"", ""E Ángulo del tubo de dirección (degrees)"": ""73,0°"", ""F Inclinación de la horquilla (mm) (inch)"": ""45"", ""G Trail (mm) (mm) (inch)"": ""58,3"", ""H Distancia entre ejes (mm) (mm) (inch)"": ""1020"", ""I Longitud de la vaina (mm) (mm) (inch)"": ""405"", ""J Caída del eje de pedalier (mm) (mm) (inch)"": ""67"", ""K Stack (mm) (mm) (inch)"": ""596"", ""L Reach (mm) (mm) (inch)"": ""412"", ""M Altura del suelo al tubo (mm) (mm) (inch)"": ""847"", ""N Ancho del manillar (mm) (mm) (inch)"": ""420"", ""O Longitud de la potencia (mm) (mm) (inch)"": ""120"", ""P Longitud de las bielas (mm) (mm) (inch)"": ""172,5"", ""Q Tamaño de ruedas"": ""700C""}",6599,false,https://www.giant-bicycles.com/es/propel-advanced-pro-0-di2-2027,https://www.giant-bicycles.com/es/propel-advanced-pro-0-di2-2027,html,2026-10-05
Giant,Propel Advanced [6b535a60],Propel Advanced Pro 1-AXS,2027,carretera,XS,XS,,157,169,157-169 cm,cm,515,377,"{""A Longitud del tubo del sillín (mm) (inch)"": ""484"", ""B Ángulo del tubo del sillín (degrees)"": ""74,5°"", ""C Longitud del tubo superior (mm) (mm) (inch)"": ""520"", ""D Longitud del tubo de dirección (mm) (mm) (inch)"": ""115"", ""E Ángulo del tubo de dirección (degrees)"": ""71,5°"", ""F Inclinación de la horquilla (mm) (inch)"": ""45"", ""G Trail (mm) (mm) (inch)"": ""67,8"", ""H Distancia entre ejes (mm) (mm) (inch)"": ""971"", ""I Longitud de la vaina (mm) (mm) (inch)"": ""405"", ""J Caída del eje de pedalier (mm) (mm) (inch)"": ""72"", ""K Stack (mm) (mm) (inch)"": ""515"", ""L Reach (mm) (mm) (inch)"": ""377"", ""M Altura del suelo al tubo (mm) (mm) (inch)"": ""746"", ""N Ancho del manillar (mm) (mm) (inch)"": ""380"", ""O Longitud de la potencia (mm) (mm) (inch)"": ""80"", ""P Longitud de las bielas (mm) (mm) (inch)"": ""165"", ""Q Tamaño de ruedas"": ""700C""}",5399,false,https://www.giant-bicycles.com/es/propel-advanced-pro-1-axs-2027,https://www.giant-bicycles.com/es/propel-advanced-pro-1-axs-2027,html,2026-10-05
Giant,Propel Advanced [6b535a60],Propel Advanced Pro 1-AXS,2027,carretera,S,S,,165,175,165-175 cm,cm,530,383,"{""A Longitud del tubo del sillín (mm) (inch)"": ""505"", ""B Ángulo del tubo del sillín (degrees)"": ""74,0°"", ""C Longitud del tubo superior (mm) (mm) (inch)"": ""535"", ""D Longitud del tubo de dirección (mm) (mm) (inch)"": ""127"", ""E Ángulo del tubo de dirección (degrees)"": ""72,5°"", ""F Inclinación de la horquilla (mm) (inch)"": ""45"", ""G Trail (mm) (mm) (inch)"": ""61,4"", ""H Distancia entre ejes (mm) (mm) (inch)"": ""973"", ""I Longitud de la vaina (mm) (mm) (inch)"": ""405"", ""J Caída del eje de pedalier (mm) (mm) (inch)"": ""72"", ""K Stack (mm) (mm) (inch)"": ""530"", ""L Reach (mm) (mm) (inch)"": ""383"", ""M Altura del suelo al tubo (mm) (mm) (inch)"": ""764"", ""N Ancho del manillar (mm) (mm) (inch)"": ""380"", ""O Longitud de la potencia (mm) (mm) (inch)"": ""90"", ""P Longitud de las bielas (mm) (mm) (inch)"": ""165"", ""Q Tamaño de ruedas"": ""700C""}",5399,false,https://www.giant-bicycles.com/es/propel-advanced-pro-1-axs-2027,https://www.giant-bicycles.com/es/propel-advanced-pro-1-axs-2027,html,2026-10-05
Giant,Propel Advanced [6b535a60],Propel Advanced Pro 1-AXS,2027,carretera,M,M,,171,181,171-181 cm,cm,546,388,"{""A Longitud del tubo del sillín (mm) (inch)"": ""528,5"", ""B Ángulo del tubo del sillín (degrees)"": ""73,5°"", ""C Longitud del tubo superior (mm) (mm) (inch)"": ""550"", ""D Longitud del tubo de dirección (mm) (mm) (inch)"": ""145"", ""E Ángulo del tubo de dirección (degrees)"": ""73,0°"", ""F Inclinación de la horquilla (mm) (inch)"": ""45"", ""G Trail (mm) (mm) (inch)"": ""58,3"", ""H Distancia entre ejes (mm) (mm) (inch)"": ""980"", ""I Longitud de la vaina (mm) (mm) (inch)"": ""405"", ""J Caída del eje de pedalier (mm) (mm) (inch)"": ""69,5"", ""K Stack (mm) (mm) (inch)"": ""546"", ""L Reach (mm) (mm) (inch)"": ""388"", ""M Altura del suelo al tubo (mm) (mm) (inch)"": ""787"", ""N Ancho del manillar (mm) (mm) (inch)"": ""400"", ""O Longitud de la potencia (mm) (mm) (inch)"": ""100"", ""P Longitud de las bielas (mm) (mm) (inch)"": ""170"", ""Q Tamaño de ruedas"": ""700C""}",5399,false,https://www.giant-bicycles.com/es/propel-advanced-pro-1-axs-2027,https://www.giant-bicycles.com/es/propel-advanced-pro-1-axs-2027,html,2026-10-05
Giant,Propel Advanced [6b535a60],Propel Advanced Pro 1-AXS,2027,carretera,M/L,M/L,,177,187,177-187 cm,cm,565,392,"{""A Longitud del tubo del sillín (mm) (inch)"": ""554"", ""B Ángulo del tubo del sillín (degrees)"": ""73,0°"", ""C Longitud del tubo superior (mm) (mm) (inch)"": ""565"", ""D Longitud del tubo de dirección (mm) (mm) (inch)"": ""165"", ""E Ángulo del tubo de dirección (degrees)"": ""73,0°"", ""F Inclinación de la horquilla (mm) (inch)"": ""45"", ""G Trail (mm) (mm) (inch)"": ""58,3"", ""H Distancia entre ejes (mm) (mm) (inch)"": ""990"", ""I Longitud de la vaina (mm) (mm) (inch)"": ""405"", ""J Caída del eje de pedalier (mm) (mm) (inch)"": ""69,5"", ""K Stack (mm) (mm) (inch)"": ""565"", ""L Reach (mm) (mm) (inch)"": ""392"", ""M Altura del suelo al tubo (mm) (mm) (inch)"": ""808"", ""N Ancho del manillar (mm) (mm) (inch)"": ""400"", ""O Longitud de la potencia (mm) (mm) (inch)"": ""110"", ""P Longitud de las bielas (mm) (mm) (inch)"": ""170"", ""Q Tamaño de ruedas"": ""700C""}",5399,false,https://www.giant-bicycles.com/es/propel-advanced-pro-1-axs-2027,https://www.giant-bicycles.com/es/propel-advanced-pro-1-axs-2027,html,2026-10-05
Giant,Propel Advanced [6b535a60],Propel Advanced Pro 1-AXS,2027,carretera,L,L,,183,193,183-193 cm,cm,582,402,"{""A Longitud del tubo del sillín (mm) (inch)"": ""576"", ""B Ángulo del tubo del sillín (degrees)"": ""73,0°"", ""C Longitud del tubo superior (mm) (mm) (inch)"": ""580"", ""D Longitud del tubo de dirección (mm) (mm) (inch)"": ""185"", ""E Ángulo del tubo de dirección (degrees)"": ""73,0°"", ""F Inclinación de la horquilla (mm) (inch)"": ""45"", ""G Trail (mm) (mm) (inch)"": ""58,3"", ""H Distancia entre ejes (mm) (mm) (inch)"": ""1006"", ""I Longitud de la vaina (mm) (mm) (inch)"": ""405"", ""J Caída del eje de pedalier (mm) (mm) (inch)"": ""67"", ""K Stack (mm) (mm) (inch)"": ""582"", ""L Reach (mm) (mm) (inch)"": ""402"", ""M Altura del suelo al tubo (mm) (mm) (inch)"": ""832"", ""N Ancho del manillar (mm) (mm) (inch)"": ""420"", ""O Longitud de la potencia (mm) (mm) (inch)"": ""110"", ""P Longitud de las bielas (mm) (mm) (inch)"": ""172,5"", ""Q Tamaño de ruedas"": ""700C""}",5399,false,https://www.giant-bicycles.com/es/propel-advanced-pro-1-axs-2027,https://www.giant-bicycles.com/es/propel-advanced-pro-1-axs-2027,html,2026-10-05
Giant,Propel Advanced [6b535a60],Propel Advanced Pro 1-AXS,2027,carretera,XL,XL,,189,199,189-199 cm,cm,596,412,"{""A Longitud del tubo del sillín (mm) (inch)"": ""595"", ""B Ángulo del tubo del sillín (degrees)"": ""72,5°"", ""C Longitud del tubo superior (mm) (mm) (inch)"": ""600"", ""D Longitud del tubo de dirección (mm) (mm) (inch)"": ""200"", ""E Ángulo del tubo de dirección (degrees)"": ""73,0°"", ""F Inclinación de la horquilla (mm) (inch)"": ""45"", ""G Trail (mm) (mm) (inch)"": ""58,3"", ""H Distancia entre ejes (mm) (mm) (inch)"": ""1020"", ""I Longitud de la vaina (mm) (mm) (inch)"": ""405"", ""J Caída del eje de pedalier (mm) (mm) (inch)"": ""67"", ""K Stack (mm) (mm) (inch)"": ""596"", ""L Reach (mm) (mm) (inch)"": ""412"", ""M Altura del suelo al tubo (mm) (mm) (inch)"": ""847"", ""N Ancho del manillar (mm) (mm) (inch)"": ""420"", ""O Longitud de la potencia (mm) (mm) (inch)"": ""120"", ""P Longitud de las bielas (mm) (mm) (inch)"": ""172,5"", ""Q Tamaño de ruedas"": ""700C""}",5399,false,https://www.giant-bicycles.com/es/propel-advanced-pro-1-axs-2027,https://www.giant-bicycles.com/es/propel-advanced-pro-1-axs-2027,html,2026-10-05
Giant,Propel Advanced [6b535a60],Propel Advanced Pro 1-Di2,2027,carretera,XS,XS,,157,169,157-169 cm,cm,515,377,"{""A Longitud del tubo del sillín (mm) (inch)"": ""484"", ""B Ángulo del tubo del sillín (degrees)"": ""74,5°"", ""C Longitud del tubo superior (mm) (mm) (inch)"": ""520"", ""D Longitud del tubo de dirección (mm) (mm) (inch)"": ""115"", ""E Ángulo del tubo de dirección (degrees)"": ""71,5°"", ""F Inclinación de la horquilla (mm) (inch)"": ""45"", ""G Trail (mm) (mm) (inch)"": ""67,8"", ""H Distancia entre ejes (mm) (mm) (inch)"": ""971"", ""I Longitud de la vaina (mm) (mm) (inch)"": ""405"", ""J Caída del eje de pedalier (mm) (mm) (inch)"": ""72"", ""K Stack (mm) (mm) (inch)"": ""515"", ""L Reach (mm) (mm) (inch)"": ""377"", ""M Altura del suelo al tubo (mm) (mm) (inch)"": ""746"", ""N Ancho del manillar (mm) (mm) (inch)"": ""380"", ""O Longitud de la potencia (mm) (mm) (inch)"": ""80"", ""P Longitud de las bielas (mm) (mm) (inch)"": ""165"", ""Q Tamaño de ruedas"": ""700C""}",5399,false,https://www.giant-bicycles.com/es/propel-advanced-pro-1-di2-2027,https://www.giant-bicycles.com/es/propel-advanced-pro-1-di2-2027,html,2026-10-05
Giant,Propel Advanced [6b535a60],Propel Advanced Pro 1-Di2,2027,carretera,S,S,,165,175,165-175 cm,cm,530,383,"{""A Longitud del tubo del sillín (mm) (inch)"": ""505"", ""B Ángulo del tubo del sillín (degrees)"": ""74,0°"", ""C Longitud del tubo superior (mm) (mm) (inch)"": ""535"", ""D Longitud del tubo de dirección (mm) (mm) (inch)"": ""127"", ""E Ángulo del tubo de dirección (degrees)"": ""72,5°"", ""F Inclinación de la horquilla (mm) (inch)"": ""45"", ""G Trail (mm) (mm) (inch)"": ""61,4"", ""H Distancia entre ejes (mm) (mm) (inch)"": ""973"", ""I Longitud de la vaina (mm) (mm) (inch)"": ""405"", ""J Caída del eje de pedalier (mm) (mm) (inch)"": ""72"", ""K Stack (mm) (mm) (inch)"": ""530"", ""L Reach (mm) (mm) (inch)"": ""383"", ""M Altura del suelo al tubo (mm) (mm) (inch)"": ""764"", ""N Ancho del manillar (mm) (mm) (inch)"": ""380"", ""O Longitud de la potencia (mm) (mm) (inch)"": ""90"", ""P Longitud de las bielas (mm) (mm) (inch)"": ""165"", ""Q Tamaño de ruedas"": ""700C""}",5399,false,https://www.giant-bicycles.com/es/propel-advanced-pro-1-di2-2027,https://www.giant-bicycles.com/es/propel-advanced-pro-1-di2-2027,html,2026-10-05
Giant,Propel Advanced [6b535a60],Propel Advanced Pro 1-Di2,2027,carretera,M,M,,171,181,171-181 cm,cm,546,388,"{""A Longitud del tubo del sillín (mm) (inch)"": ""528,5"", ""B Ángulo del tubo del sillín (degrees)"": ""73,5°"", ""C Longitud del tubo superior (mm) (mm) (inch)"": ""550"", ""D Longitud del tubo de dirección (mm) (mm) (inch)"": ""145"", ""E Ángulo del tubo de dirección (degrees)"": ""73,0°"", ""F Inclinación de la horquilla (mm) (inch)"": ""45"", ""G Trail (mm) (mm) (inch)"": ""58,3"", ""H Distancia entre ejes (mm) (mm) (inch)"": ""980"", ""I Longitud de la vaina (mm) (mm) (inch)"": ""405"", ""J Caída del eje de pedalier (mm) (mm) (inch)"": ""69,5"", ""K Stack (mm) (mm) (inch)"": ""546"", ""L Reach (mm) (mm) (inch)"": ""388"", ""M Altura del suelo al tubo (mm) (mm) (inch)"": ""787"", ""N Ancho del manillar (mm) (mm) (inch)"": ""400"", ""O Longitud de la potencia (mm) (mm) (inch)"": ""100"", ""P Longitud de las bielas (mm) (mm) (inch)"": ""170"", ""Q Tamaño de ruedas"": ""700C""}",5399,false,https://www.giant-bicycles.com/es/propel-advanced-pro-1-di2-2027,https://www.giant-bicycles.com/es/propel-advanced-pro-1-di2-2027,html,2026-10-05
Giant,Propel Advanced [6b535a60],Propel Advanced Pro 1-Di2,2027,carretera,M/L,M/L,,177,187,177-187 cm,cm,565,392,"{""A Longitud del tubo del sillín (mm) (inch)"": ""554"", ""B Ángulo del tubo del sillín (degrees)"": ""73,0°"", ""C Longitud del tubo superior (mm) (mm) (inch)"": ""565"", ""D Longitud del tubo de dirección (mm) (mm) (inch)"": ""165"", ""E Ángulo del tubo de dirección (degrees)"": ""73,0°"", ""F Inclinación de la horquilla (mm) (inch)"": ""45"", ""G Trail (mm) (mm) (inch)"": ""58,3"", ""H Distancia entre ejes (mm) (mm) (inch)"": ""990"", ""I Longitud de la vaina (mm) (mm) (inch)"": ""405"", ""J Caída del eje de pedalier (mm) (mm) (inch)"": ""69,5"", ""K Stack (mm) (mm) (inch)"": ""565"", ""L Reach (mm) (mm) (inch)"": ""392"", ""M Altura del suelo al tubo (mm) (mm) (inch)"": ""808"", ""N Ancho del manillar (mm) (mm) (inch)"": ""400"", ""O Longitud de la potencia (mm) (mm) (inch)"": ""110"", ""P Longitud de las bielas (mm) (mm) (inch)"": ""170"", ""Q Tamaño de ruedas"": ""700C""}",5399,false,https://www.giant-bicycles.com/es/propel-advanced-pro-1-di2-2027,https://www.giant-bicycles.com/es/propel-advanced-pro-1-di2-2027,html,2026-10-05
Giant,Propel Advanced [6b535a60],Propel Advanced Pro 1-Di2,2027,carretera,L,L,,183,193,183-193 cm,cm,582,402,"{""A Longitud del tubo del sillín (mm) (inch)"": ""576"", ""B Ángulo del tubo del sillín (degrees)"": ""73,0°"", ""C Longitud del tubo superior (mm) (mm) (inch)"": ""580"", ""D Longitud del tubo de dirección (mm) (mm) (inch)"": ""185"", ""E Ángulo del tubo de dirección (degrees)"": ""73,0°"", ""F Inclinación de la horquilla (mm) (inch)"": ""45"", ""G Trail (mm) (mm) (inch)"": ""58,3"", ""H Distancia entre ejes (mm) (mm) (inch)"": ""1006"", ""I Longitud de la vaina (mm) (mm) (inch)"": ""405"", ""J Caída del eje de pedalier (mm) (mm) (inch)"": ""67"", ""K Stack (mm) (mm) (inch)"": ""582"", ""L Reach (mm) (mm) (inch)"": ""402"", ""M Altura del suelo al tubo (mm) (mm) (inch)"": ""832"", ""N Ancho del manillar (mm) (mm) (inch)"": ""420"", ""O Longitud de la potencia (mm) (mm) (inch)"": ""110"", ""P Longitud de las bielas (mm) (mm) (inch)"": ""172,5"", ""Q Tamaño de ruedas"": ""700C""}",5399,false,https://www.giant-bicycles.com/es/propel-advanced-pro-1-di2-2027,https://www.giant-bicycles.com/es/propel-advanced-pro-1-di2-2027,html,2026-10-05
Giant,Propel Advanced [6b535a60],Propel Advanced Pro 1-Di2,2027,carretera,XL,XL,,189,199,189-199 cm,cm,596,412,"{""A Longitud del tubo del sillín (mm) (inch)"": ""595"", ""B Ángulo del tubo del sillín (degrees)"": ""72,5°"", ""C Longitud del tubo superior (mm) (mm) (inch)"": ""600"", ""D Longitud del tubo de dirección (mm) (mm) (inch)"": ""200"", ""E Ángulo del tubo de dirección (degrees)"": ""73,0°"", ""F Inclinación de la horquilla (mm) (inch)"": ""45"", ""G Trail (mm) (mm) (inch)"": ""58,3"", ""H Distancia entre ejes (mm) (mm) (inch)"": ""1020"", ""I Longitud de la vaina (mm) (mm) (inch)"": ""405"", ""J Caída del eje de pedalier (mm) (mm) (inch)"": ""67"", ""K Stack (mm) (mm) (inch)"": ""596"", ""L Reach (mm) (mm) (inch)"": ""412"", ""M Altura del suelo al tubo (mm) (mm) (inch)"": ""847"", ""N Ancho del manillar (mm) (mm) (inch)"": ""420"", ""O Longitud de la potencia (mm) (mm) (inch)"": ""120"", ""P Longitud de las bielas (mm) (mm) (inch)"": ""172,5"", ""Q Tamaño de ruedas"": ""700C""}",5399,false,https://www.giant-bicycles.com/es/propel-advanced-pro-1-di2-2027,https://www.giant-bicycles.com/es/propel-advanced-pro-1-di2-2027,html,2026-10-05
Giant,Propel Advanced [6b535a60],Propel Advanced Pro-DA,2027,carretera,XS,XS,,157,169,157-169 cm,cm,515,377,"{""A Longitud del tubo del sillín (mm) (inch)"": ""484"", ""B Ángulo del tubo del sillín (degrees)"": ""74,5°"", ""C Longitud del tubo superior (mm) (mm) (inch)"": ""520"", ""D Longitud del tubo de dirección (mm) (mm) (inch)"": ""115"", ""E Ángulo del tubo de dirección (degrees)"": ""71,5°"", ""F Inclinación de la horquilla (mm) (inch)"": ""45"", ""G Trail (mm) (mm) (inch)"": ""67,8"", ""H Distancia entre ejes (mm) (mm) (inch)"": ""971"", ""I Longitud de la vaina (mm) (mm) (inch)"": ""405"", ""J Caída del eje de pedalier (mm) (mm) (inch)"": ""72"", ""K Stack (mm) (mm) (inch)"": ""515"", ""L Reach (mm) (mm) (inch)"": ""377"", ""M Altura del suelo al tubo (mm) (mm) (inch)"": ""746"", ""N Ancho del manillar (mm) (mm) (inch)"": ""380"", ""O Longitud de la potencia (mm) (mm) (inch)"": ""80"", ""P Longitud de las bielas (mm) (mm) (inch)"": ""165"", ""Q Tamaño de ruedas"": ""700C""}",7999,false,https://www.giant-bicycles.com/es/propel-advanced-pro-da-2027,https://www.giant-bicycles.com/es/propel-advanced-pro-da-2027,html,2026-10-05
Giant,Propel Advanced [6b535a60],Propel Advanced Pro-DA,2027,carretera,S,S,,165,175,165-175 cm,cm,530,383,"{""A Longitud del tubo del sillín (mm) (inch)"": ""505"", ""B Ángulo del tubo del sillín (degrees)"": ""74,0°"", ""C Longitud del tubo superior (mm) (mm) (inch)"": ""535"", ""D Longitud del tubo de dirección (mm) (mm) (inch)"": ""127"", ""E Ángulo del tubo de dirección (degrees)"": ""72,5°"", ""F Inclinación de la horquilla (mm) (inch)"": ""45"", ""G Trail (mm) (mm) (inch)"": ""61,4"", ""H Distancia entre ejes (mm) (mm) (inch)"": ""973"", ""I Longitud de la vaina (mm) (mm) (inch)"": ""405"", ""J Caída del eje de pedalier (mm) (mm) (inch)"": ""72"", ""K Stack (mm) (mm) (inch)"": ""530"", ""L Reach (mm) (mm) (inch)"": ""383"", ""M Altura del suelo al tubo (mm) (mm) (inch)"": ""764"", ""N Ancho del manillar (mm) (mm) (inch)"": ""380"", ""O Longitud de la potencia (mm) (mm) (inch)"": ""90"", ""P Longitud de las bielas (mm) (mm) (inch)"": ""165"", ""Q Tamaño de ruedas"": ""700C""}",7999,false,https://www.giant-bicycles.com/es/propel-advanced-pro-da-2027,https://www.giant-bicycles.com/es/propel-advanced-pro-da-2027,html,2026-10-05
Giant,Propel Advanced [6b535a60],Propel Advanced Pro-DA,2027,carretera,M,M,,171,181,171-181 cm,cm,546,388,"{""A Longitud del tubo del sillín (mm) (inch)"": ""528,5"", ""B Ángulo del tubo del sillín (degrees)"": ""73,5°"", ""C Longitud del tubo superior (mm) (mm) (inch)"": ""550"", ""D Longitud del tubo de dirección (mm) (mm) (inch)"": ""145"", ""E Ángulo del tubo de dirección (degrees)"": ""73,0°"", ""F Inclinación de la horquilla (mm) (inch)"": ""45"", ""G Trail (mm) (mm) (inch)"": ""58,3"", ""H Distancia entre ejes (mm) (mm) (inch)"": ""980"", ""I Longitud de la vaina (mm) (mm) (inch)"": ""405"", ""J Caída del eje de pedalier (mm) (mm) (inch)"": ""69,5"", ""K Stack (mm) (mm) (inch)"": ""546"", ""L Reach (mm) (mm) (inch)"": ""388"", ""M Altura del suelo al tubo (mm) (mm) (inch)"": ""787"", ""N Ancho del manillar (mm) (mm) (inch)"": ""400"", ""O Longitud de la potencia (mm) (mm) (inch)"": ""100"", ""P Longitud de las bielas (mm) (mm) (inch)"": ""170"", ""Q Tamaño de ruedas"": ""700C""}",7999,false,https://www.giant-bicycles.com/es/propel-advanced-pro-da-2027,https://www.giant-bicycles.com/es/propel-advanced-pro-da-2027,html,2026-10-05
Giant,Propel Advanced [6b535a60],Propel Advanced Pro-DA,2027,carretera,M/L,M/L,,177,187,177-187 cm,cm,565,392,"{""A Longitud del tubo del sillín (mm) (inch)"": ""554"", ""B Ángulo del tubo del sillín (degrees)"": ""73,0°"", ""C Longitud del tubo superior (mm) (mm) (inch)"": ""565"", ""D Longitud del tubo de dirección (mm) (mm) (inch)"": ""165"", ""E Ángulo del tubo de dirección (degrees)"": ""73,0°"", ""F Inclinación de la horquilla (mm) (inch)"": ""45"", ""G Trail (mm) (mm) (inch)"": ""58,3"", ""H Distancia entre ejes (mm) (mm) (inch)"": ""990"", ""I Longitud de la vaina (mm) (mm) (inch)"": ""405"", ""J Caída del eje de pedalier (mm) (mm) (inch)"": ""69,5"", ""K Stack (mm) (mm) (inch)"": ""565"", ""L Reach (mm) (mm) (inch)"": ""392"", ""M Altura del suelo al tubo (mm) (mm) (inch)"": ""808"", ""N Ancho del manillar (mm) (mm) (inch)"": ""400"", ""O Longitud de la potencia (mm) (mm) (inch)"": ""110"", ""P Longitud de las bielas (mm) (mm) (inch)"": ""170"", ""Q Tamaño de ruedas"": ""700C""}",7999,false,https://www.giant-bicycles.com/es/propel-advanced-pro-da-2027,https://www.giant-bicycles.com/es/propel-advanced-pro-da-2027,html,2026-10-05
Giant,Propel Advanced [6b535a60],Propel Advanced Pro-DA,2027,carretera,L,L,,183,193,183-193 cm,cm,582,402,"{""A Longitud del tubo del sillín (mm) (inch)"": ""576"", ""B Ángulo del tubo del sillín (degrees)"": ""73,0°"", ""C Longitud del tubo superior (mm) (mm) (inch)"": ""580"", ""D Longitud del tubo de dirección (mm) (mm) (inch)"": ""185"", ""E Ángulo del tubo de dirección (degrees)"": ""73,0°"", ""F Inclinación de la horquilla (mm) (inch)"": ""45"", ""G Trail (mm) (mm) (inch)"": ""58,3"", ""H Distancia entre ejes (mm) (mm) (inch)"": ""1006"", ""I Longitud de la vaina (mm) (mm) (inch)"": ""405"", ""J Caída del eje de pedalier (mm) (mm) (inch)"": ""67"", ""K Stack (mm) (mm) (inch)"": ""582"", ""L Reach (mm) (mm) (inch)"": ""402"", ""M Altura del suelo al tubo (mm) (mm) (inch)"": ""832"", ""N Ancho del manillar (mm) (mm) (inch)"": ""420"", ""O Longitud de la potencia (mm) (mm) (inch)"": ""110"", ""P Longitud de las bielas (mm) (mm) (inch)"": ""172,5"", ""Q Tamaño de ruedas"": ""700C""}",7999,false,https://www.giant-bicycles.com/es/propel-advanced-pro-da-2027,https://www.giant-bicycles.com/es/propel-advanced-pro-da-2027,html,2026-10-05
Giant,Propel Advanced [6b535a60],Propel Advanced Pro-DA,2027,carretera,XL,XL,,189,199,189-199 cm,cm,596,412,"{""A Longitud del tubo del sillín (mm) (inch)"": ""595"", ""B Ángulo del tubo del sillín (degrees)"": ""72,5°"", ""C Longitud del tubo superior (mm) (mm) (inch)"": ""600"", ""D Longitud del tubo de dirección (mm) (mm) (inch)"": ""200"", ""E Ángulo del tubo de dirección (degrees)"": ""73,0°"", ""F Inclinación de la horquilla (mm) (inch)"": ""45"", ""G Trail (mm) (mm) (inch)"": ""58,3"", ""H Distancia entre ejes (mm) (mm) (inch)"": ""1020"", ""I Longitud de la vaina (mm) (mm) (inch)"": ""405"", ""J Caída del eje de pedalier (mm) (mm) (inch)"": ""67"", ""K Stack (mm) (mm) (inch)"": ""596"", ""L Reach (mm) (mm) (inch)"": ""412"", ""M Altura del suelo al tubo (mm) (mm) (inch)"": ""847"", ""N Ancho del manillar (mm) (mm) (inch)"": ""420"", ""O Longitud de la potencia (mm) (mm) (inch)"": ""120"", ""P Longitud de las bielas (mm) (mm) (inch)"": ""172,5"", ""Q Tamaño de ruedas"": ""700C""}",7999,false,https://www.giant-bicycles.com/es/propel-advanced-pro-da-2027,https://www.giant-bicycles.com/es/propel-advanced-pro-da-2027,html,2026-10-05
Giant,Propel Advanced SL [a1ffff6b],Propel Advanced SL 0-DA,2027,carretera,XS,XS,,157,169,157-169 cm,cm,515,377,"{""A Longitud del tubo del sillín (mm) (inch)"": ""680"", ""B Ángulo del tubo del sillín (degrees)"": ""74,5°"", ""C Longitud del tubo superior (mm) (mm) (inch)"": ""520"", ""D Longitud del tubo de dirección (mm) (mm) (inch)"": ""115"", ""E Ángulo del tubo de dirección (degrees)"": ""71,5°"", ""F Inclinación de la horquilla (mm) (inch)"": ""45"", ""G Trail (mm) (mm) (inch)"": ""67,8"", ""H Distancia entre ejes (mm) (mm) (inch)"": ""971"", ""I Longitud de la vaina (mm) (mm) (inch)"": ""405"", ""J Caída del eje de pedalier (mm) (mm) (inch)"": ""72"", ""K Stack (mm) (mm) (inch)"": ""515"", ""L Reach (mm) (mm) (inch)"": ""377"", ""M Altura del suelo al tubo (mm) (mm) (inch)"": ""746"", ""N Ancho del manillar (mm) (mm) (inch)"": ""380"", ""O Longitud de la potencia (mm) (mm) (inch)"": ""80"", ""P Longitud de las bielas (mm) (mm) (inch)"": ""165"", ""Q Tamaño de ruedas"": ""700C""}",11399,false,https://www.giant-bicycles.com/es/propel-advanced-sl-0-da-2027,https://www.giant-bicycles.com/es/propel-advanced-sl-0-da-2027,html,2026-10-05
Giant,Propel Advanced SL [a1ffff6b],Propel Advanced SL 0-DA,2027,carretera,S,S,,165,175,165-175 cm,cm,530,383,"{""A Longitud del tubo del sillín (mm) (inch)"": ""710"", ""B Ángulo del tubo del sillín (degrees)"": ""74,0°"", ""C Longitud del tubo superior (mm) (mm) (inch)"": ""535"", ""D Longitud del tubo de dirección (mm) (mm) (inch)"": ""127"", ""E Ángulo del tubo de dirección (degrees)"": ""72,5°"", ""F Inclinación de la horquilla (mm) (inch)"": ""45"", ""G Trail (mm) (mm) (inch)"": ""61,4"", ""H Distancia entre ejes (mm) (mm) (inch)"": ""973"", ""I Longitud de la vaina (mm) (mm) (inch)"": ""405"", ""J Caída del eje de pedalier (mm) (mm) (inch)"": ""72"", ""K Stack (mm) (mm) (inch)"": ""530"", ""L Reach (mm) (mm) (inch)"": ""383"", ""M Altura del suelo al tubo (mm) (mm) (inch)"": ""764"", ""N Ancho del manillar (mm) (mm) (inch)"": ""380"", ""O Longitud de la potencia (mm) (mm) (inch)"": ""90"", ""P Longitud de las bielas (mm) (mm) (inch)"": ""165"", ""Q Tamaño de ruedas"": ""700C""}",11399,false,https://www.giant-bicycles.com/es/propel-advanced-sl-0-da-2027,https://www.giant-bicycles.com/es/propel-advanced-sl-0-da-2027,html,2026-10-05
Giant,Propel Advanced SL [a1ffff6b],Propel Advanced SL 0-DA,2027,carretera,M,M,,171,181,171-181 cm,cm,546,388,"{""A Longitud del tubo del sillín (mm) (inch)"": ""740"", ""B Ángulo del tubo del sillín (degrees)"": ""73,5°"", ""C Longitud del tubo superior (mm) (mm) (inch)"": ""550"", ""D Longitud del tubo de dirección (mm) (mm) (inch)"": ""145"", ""E Ángulo del tubo de dirección (degrees)"": ""73,0°"", ""F Inclinación de la horquilla (mm) (inch)"": ""45"", ""G Trail (mm) (mm) (inch)"": ""58,3"", ""H Distancia entre ejes (mm) (mm) (inch)"": ""980"", ""I Longitud de la vaina (mm) (mm) (inch)"": ""405"", ""J Caída del eje de pedalier (mm) (mm) (inch)"": ""69,5"", ""K Stack (mm) (mm) (inch)"": ""546"", ""L Reach (mm) (mm) (inch)"": ""388"", ""M Altura del suelo al tubo (mm) (mm) (inch)"": ""787"", ""N Ancho del manillar (mm) (mm) (inch)"": ""400"", ""O Longitud de la potencia (mm) (mm) (inch)"": ""100"", ""P Longitud de las bielas (mm) (mm) (inch)"": ""170"", ""Q Tamaño de ruedas"": ""700C""}",11399,false,https://www.giant-bicycles.com/es/propel-advanced-sl-0-da-2027,https://www.giant-bicycles.com/es/propel-advanced-sl-0-da-2027,html,2026-10-05
Giant,Propel Advanced SL [a1ffff6b],Propel Advanced SL 0-DA,2027,carretera,M/L,M/L,,177,187,177-187 cm,cm,565,392,"{""A Longitud del tubo del sillín (mm) (inch)"": ""770"", ""B Ángulo del tubo del sillín (degrees)"": ""73,0°"", ""C Longitud del tubo superior (mm) (mm) (inch)"": ""565"", ""D Longitud del tubo de dirección (mm) (mm) (inch)"": ""165"", ""E Ángulo del tubo de dirección (degrees)"": ""73,0°"", ""F Inclinación de la horquilla (mm) (inch)"": ""45"", ""G Trail (mm) (mm) (inch)"": ""58,3"", ""H Distancia entre ejes (mm) (mm) (inch)"": ""990"", ""I Longitud de la vaina (mm) (mm) (inch)"": ""405"", ""J Caída del eje de pedalier (mm) (mm) (inch)"": ""69,5"", ""K Stack (mm) (mm) (inch)"": ""565"", ""L Reach (mm) (mm) (inch)"": ""392"", ""M Altura del suelo al tubo (mm) (mm) (inch)"": ""808"", ""N Ancho del manillar (mm) (mm) (inch)"": ""400"", ""O Longitud de la potencia (mm) (mm) (inch)"": ""110"", ""P Longitud de las bielas (mm) (mm) (inch)"": ""170"", ""Q Tamaño de ruedas"": ""700C""}",11399,false,https://www.giant-bicycles.com/es/propel-advanced-sl-0-da-2027,https://www.giant-bicycles.com/es/propel-advanced-sl-0-da-2027,html,2026-10-05
Giant,Propel Advanced SL [a1ffff6b],Propel Advanced SL 0-DA,2027,carretera,L,L,,183,193,183-193 cm,cm,582,402,"{""A Longitud del tubo del sillín (mm) (inch)"": ""800"", ""B Ángulo del tubo del sillín (degrees)"": ""73,0°"", ""C Longitud del tubo superior (mm) (mm) (inch)"": ""580"", ""D Longitud del tubo de dirección (mm) (mm) (inch)"": ""185"", ""E Ángulo del tubo de dirección (degrees)"": ""73,0°"", ""F Inclinación de la horquilla (mm) (inch)"": ""45"", ""G Trail (mm) (mm) (inch)"": ""58,3"", ""H Distancia entre ejes (mm) (mm) (inch)"": ""1006"", ""I Longitud de la vaina (mm) (mm) (inch)"": ""405"", ""J Caída del eje de pedalier (mm) (mm) (inch)"": ""67"", ""K Stack (mm) (mm) (inch)"": ""582"", ""L Reach (mm) (mm) (inch)"": ""402"", ""M Altura del suelo al tubo (mm) (mm) (inch)"": ""832"", ""N Ancho del manillar (mm) (mm) (inch)"": ""420"", ""O Longitud de la potencia (mm) (mm) (inch)"": ""110"", ""P Longitud de las bielas (mm) (mm) (inch)"": ""172,5"", ""Q Tamaño de ruedas"": ""700C""}",11399,false,https://www.giant-bicycles.com/es/propel-advanced-sl-0-da-2027,https://www.giant-bicycles.com/es/propel-advanced-sl-0-da-2027,html,2026-10-05
Giant,Propel Advanced SL [a1ffff6b],Propel Advanced SL 0-DA,2027,carretera,XL,XL,,189,199,189-199 cm,cm,596,412,"{""A Longitud del tubo del sillín (mm) (inch)"": ""830"", ""B Ángulo del tubo del sillín (degrees)"": ""72,5°"", ""C Longitud del tubo superior (mm) (mm) (inch)"": ""600"", ""D Longitud del tubo de dirección (mm) (mm) (inch)"": ""200"", ""E Ángulo del tubo de dirección (degrees)"": ""73,0°"", ""F Inclinación de la horquilla (mm) (inch)"": ""45"", ""G Trail (mm) (mm) (inch)"": ""58,3"", ""H Distancia entre ejes (mm) (mm) (inch)"": ""1020"", ""I Longitud de la vaina (mm) (mm) (inch)"": ""405"", ""J Caída del eje de pedalier (mm) (mm) (inch)"": ""67"", ""K Stack (mm) (mm) (inch)"": ""596"", ""L Reach (mm) (mm) (inch)"": ""412"", ""M Altura del suelo al tubo (mm) (mm) (inch)"": ""847"", ""N Ancho del manillar (mm) (mm) (inch)"": ""420"", ""O Longitud de la potencia (mm) (mm) (inch)"": ""120"", ""P Longitud de las bielas (mm) (mm) (inch)"": ""172,5"", ""Q Tamaño de ruedas"": ""700C""}",11399,false,https://www.giant-bicycles.com/es/propel-advanced-sl-0-da-2027,https://www.giant-bicycles.com/es/propel-advanced-sl-0-da-2027,html,2026-10-05
Giant,Propel Advanced SL [a1ffff6b],Propel Advanced SL 0-Red,2027,carretera,XS,XS,,157,169,157-169 cm,cm,515,377,"{""A Longitud del tubo del sillín (mm) (inch)"": ""680"", ""B Ángulo del tubo del sillín (degrees)"": ""74,5°"", ""C Longitud del tubo superior (mm) (mm) (inch)"": ""520"", ""D Longitud del tubo de dirección (mm) (mm) (inch)"": ""115"", ""E Ángulo del tubo de dirección (degrees)"": ""71,5°"", ""F Inclinación de la horquilla (mm) (inch)"": ""45"", ""G Trail (mm) (mm) (inch)"": ""67,8"", ""H Distancia entre ejes (mm) (mm) (inch)"": ""971"", ""I Longitud de la vaina (mm) (mm) (inch)"": ""405"", ""J Caída del eje de pedalier (mm) (mm) (inch)"": ""72"", ""K Stack (mm) (mm) (inch)"": ""515"", ""L Reach (mm) (mm) (inch)"": ""377"", ""M Altura del suelo al tubo (mm) (mm) (inch)"": ""746"", ""N Ancho del manillar (mm) (mm) (inch)"": ""380"", ""O Longitud de la potencia (mm) (mm) (inch)"": ""80"", ""P Longitud de las bielas (mm) (mm) (inch)"": ""165"", ""Q Tamaño de ruedas"": ""700C""}",11999,false,https://www.giant-bicycles.com/es/propel-advanced-sl-0-red-2027,https://www.giant-bicycles.com/es/propel-advanced-sl-0-red-2027,html,2026-10-05
Giant,Propel Advanced SL [a1ffff6b],Propel Advanced SL 0-Red,2027,carretera,S,S,,165,175,165-175 cm,cm,530,383,"{""A Longitud del tubo del sillín (mm) (inch)"": ""710"", ""B Ángulo del tubo del sillín (degrees)"": ""74,0°"", ""C Longitud del tubo superior (mm) (mm) (inch)"": ""535"", ""D Longitud del tubo de dirección (mm) (mm) (inch)"": ""127"", ""E Ángulo del tubo de dirección (degrees)"": ""72,5°"", ""F Inclinación de la horquilla (mm) (inch)"": ""45"", ""G Trail (mm) (mm) (inch)"": ""61,4"", ""H Distancia entre ejes (mm) (mm) (inch)"": ""973"", ""I Longitud de la vaina (mm) (mm) (inch)"": ""405"", ""J Caída del eje de pedalier (mm) (mm) (inch)"": ""72"", ""K Stack (mm) (mm) (inch)"": ""530"", ""L Reach (mm) (mm) (inch)"": ""383"", ""M Altura del suelo al tubo (mm) (mm) (inch)"": ""764"", ""N Ancho del manillar (mm) (mm) (inch)"": ""380"", ""O Longitud de la potencia (mm) (mm) (inch)"": ""90"", ""P Longitud de las bielas (mm) (mm) (inch)"": ""165"", ""Q Tamaño de ruedas"": ""700C""}",11999,false,https://www.giant-bicycles.com/es/propel-advanced-sl-0-red-2027,https://www.giant-bicycles.com/es/propel-advanced-sl-0-red-2027,html,2026-10-05
Giant,Propel Advanced SL [a1ffff6b],Propel Advanced SL 0-Red,2027,carretera,M,M,,171,181,171-181 cm,cm,546,388,"{""A Longitud del tubo del sillín (mm) (inch)"": ""740"", ""B Ángulo del tubo del sillín (degrees)"": ""73,5°"", ""C Longitud del tubo superior (mm) (mm) (inch)"": ""550"", ""D Longitud del tubo de dirección (mm) (mm) (inch)"": ""145"", ""E Ángulo del tubo de dirección (degrees)"": ""73,0°"", ""F Inclinación de la horquilla (mm) (inch)"": ""45"", ""G Trail (mm) (mm) (inch)"": ""58,3"", ""H Distancia entre ejes (mm) (mm) (inch)"": ""980"", ""I Longitud de la vaina (mm) (mm) (inch)"": ""405"", ""J Caída del eje de pedalier (mm) (mm) (inch)"": ""69,5"", ""K Stack (mm) (mm) (inch)"": ""546"", ""L Reach (mm) (mm) (inch)"": ""388"", ""M Altura del suelo al tubo (mm) (mm) (inch)"": ""787"", ""N Ancho del manillar (mm) (mm) (inch)"": ""400"", ""O Longitud de la potencia (mm) (mm) (inch)"": ""100"", ""P Longitud de las bielas (mm) (mm) (inch)"": ""170"", ""Q Tamaño de ruedas"": ""700C""}",11999,false,https://www.giant-bicycles.com/es/propel-advanced-sl-0-red-2027,https://www.giant-bicycles.com/es/propel-advanced-sl-0-red-2027,html,2026-10-05
Giant,Propel Advanced SL [a1ffff6b],Propel Advanced SL 0-Red,2027,carretera,M/L,M/L,,177,187,177-187 cm,cm,565,392,"{""A Longitud del tubo del sillín (mm) (inch)"": ""770"", ""B Ángulo del tubo del sillín (degrees)"": ""73,0°"", ""C Longitud del tubo superior (mm) (mm) (inch)"": ""565"", ""D Longitud del tubo de dirección (mm) (mm) (inch)"": ""165"", ""E Ángulo del tubo de dirección (degrees)"": ""73,0°"", ""F Inclinación de la horquilla (mm) (inch)"": ""45"", ""G Trail (mm) (mm) (inch)"": ""58,3"", ""H Distancia entre ejes (mm) (mm) (inch)"": ""990"", ""I Longitud de la vaina (mm) (mm) (inch)"": ""405"", ""J Caída del eje de pedalier (mm) (mm) (inch)"": ""69,5"", ""K Stack (mm) (mm) (inch)"": ""565"", ""L Reach (mm) (mm) (inch)"": ""392"", ""M Altura del suelo al tubo (mm) (mm) (inch)"": ""808"", ""N Ancho del manillar (mm) (mm) (inch)"": ""400"", ""O Longitud de la potencia (mm) (mm) (inch)"": ""110"", ""P Longitud de las bielas (mm) (mm) (inch)"": ""170"", ""Q Tamaño de ruedas"": ""700C""}",11999,false,https://www.giant-bicycles.com/es/propel-advanced-sl-0-red-2027,https://www.giant-bicycles.com/es/propel-advanced-sl-0-red-2027,html,2026-10-05
Giant,Propel Advanced SL [a1ffff6b],Propel Advanced SL 0-Red,2027,carretera,L,L,,183,193,183-193 cm,cm,582,402,"{""A Longitud del tubo del sillín (mm) (inch)"": ""800"", ""B Ángulo del tubo del sillín (degrees)"": ""73,0°"", ""C Longitud del tubo superior (mm) (mm) (inch)"": ""580"", ""D Longitud del tubo de dirección (mm) (mm) (inch)"": ""185"", ""E Ángulo del tubo de dirección (degrees)"": ""73,0°"", ""F Inclinación de la horquilla (mm) (inch)"": ""45"", ""G Trail (mm) (mm) (inch)"": ""58,3"", ""H Distancia entre ejes (mm) (mm) (inch)"": ""1006"", ""I Longitud de la vaina (mm) (mm) (inch)"": ""405"", ""J Caída del eje de pedalier (mm) (mm) (inch)"": ""67"", ""K Stack (mm) (mm) (inch)"": ""582"", ""L Reach (mm) (mm) (inch)"": ""402"", ""M Altura del suelo al tubo (mm) (mm) (inch)"": ""832"", ""N Ancho del manillar (mm) (mm) (inch)"": ""420"", ""O Longitud de la potencia (mm) (mm) (inch)"": ""110"", ""P Longitud de las bielas (mm) (mm) (inch)"": ""172,5"", ""Q Tamaño de ruedas"": ""700C""}",11999,false,https://www.giant-bicycles.com/es/propel-advanced-sl-0-red-2027,https://www.giant-bicycles.com/es/propel-advanced-sl-0-red-2027,html,2026-10-05
Giant,Propel Advanced SL [a1ffff6b],Propel Advanced SL 0-Red,2027,carretera,XL,XL,,189,199,189-199 cm,cm,596,412,"{""A Longitud del tubo del sillín (mm) (inch)"": ""830"", ""B Ángulo del tubo del sillín (degrees)"": ""72,5°"", ""C Longitud del tubo superior (mm) (mm) (inch)"": ""600"", ""D Longitud del tubo de dirección (mm) (mm) (inch)"": ""200"", ""E Ángulo del tubo de dirección (degrees)"": ""73,0°"", ""F Inclinación de la horquilla (mm) (inch)"": ""45"", ""G Trail (mm) (mm) (inch)"": ""58,3"", ""H Distancia entre ejes (mm) (mm) (inch)"": ""1020"", ""I Longitud de la vaina (mm) (mm) (inch)"": ""405"", ""J Caída del eje de pedalier (mm) (mm) (inch)"": ""67"", ""K Stack (mm) (mm) (inch)"": ""596"", ""L Reach (mm) (mm) (inch)"": ""412"", ""M Altura del suelo al tubo (mm) (mm) (inch)"": ""847"", ""N Ancho del manillar (mm) (mm) (inch)"": ""420"", ""O Longitud de la potencia (mm) (mm) (inch)"": ""120"", ""P Longitud de las bielas (mm) (mm) (inch)"": ""172,5"", ""Q Tamaño de ruedas"": ""700C""}",11999,false,https://www.giant-bicycles.com/es/propel-advanced-sl-0-red-2027,https://www.giant-bicycles.com/es/propel-advanced-sl-0-red-2027,html,2026-10-05
Giant,Propel Advanced SL [a1ffff6b],Propel Advanced SL 1,2027,carretera,XS,XS,,157,169,157-169 cm,cm,515,377,"{""A Longitud del tubo del sillín (mm) (inch)"": ""680"", ""B Ángulo del tubo del sillín (degrees)"": ""74,5°"", ""C Longitud del tubo superior (mm) (mm) (inch)"": ""520"", ""D Longitud del tubo de dirección (mm) (mm) (inch)"": ""115"", ""E Ángulo del tubo de dirección (degrees)"": ""71,5°"", ""F Inclinación de la horquilla (mm) (inch)"": ""45"", ""G Trail (mm) (mm) (inch)"": ""67,8"", ""H Distancia entre ejes (mm) (mm) (inch)"": ""971"", ""I Longitud de la vaina (mm) (mm) (inch)"": ""405"", ""J Caída del eje de pedalier (mm) (mm) (inch)"": ""72"", ""K Stack (mm) (mm) (inch)"": ""515"", ""L Reach (mm) (mm) (inch)"": ""377"", ""M Altura del suelo al tubo (mm) (mm) (inch)"": ""746"", ""N Ancho del manillar (mm) (mm) (inch)"": ""380"", ""O Longitud de la potencia (mm) (mm) (inch)"": ""80"", ""P Longitud de las bielas (mm) (mm) (inch)"": ""165"", ""Q Tamaño de ruedas"": ""700C""}",8249,false,https://www.giant-bicycles.com/es/propel-advanced-sl-1-2027,https://www.giant-bicycles.com/es/propel-advanced-sl-1-2027,html,2026-10-05
Giant,Propel Advanced SL [a1ffff6b],Propel Advanced SL 1,2027,carretera,S,S,,165,175,165-175 cm,cm,530,383,"{""A Longitud del tubo del sillín (mm) (inch)"": ""710"", ""B Ángulo del tubo del sillín (degrees)"": ""74,0°"", ""C Longitud del tubo superior (mm) (mm) (inch)"": ""535"", ""D Longitud del tubo de dirección (mm) (mm) (inch)"": ""127"", ""E Ángulo del tubo de dirección (degrees)"": ""72,5°"", ""F Inclinación de la horquilla (mm) (inch)"": ""45"", ""G Trail (mm) (mm) (inch)"": ""61,4"", ""H Distancia entre ejes (mm) (mm) (inch)"": ""973"", ""I Longitud de la vaina (mm) (mm) (inch)"": ""405"", ""J Caída del eje de pedalier (mm) (mm) (inch)"": ""72"", ""K Stack (mm) (mm) (inch)"": ""530"", ""L Reach (mm) (mm) (inch)"": ""383"", ""M Altura del suelo al tubo (mm) (mm) (inch)"": ""764"", ""N Ancho del manillar (mm) (mm) (inch)"": ""380"", ""O Longitud de la potencia (mm) (mm) (inch)"": ""90"", ""P Longitud de las bielas (mm) (mm) (inch)"": ""165"", ""Q Tamaño de ruedas"": ""700C""}",8249,false,https://www.giant-bicycles.com/es/propel-advanced-sl-1-2027,https://www.giant-bicycles.com/es/propel-advanced-sl-1-2027,html,2026-10-05
Giant,Propel Advanced SL [a1ffff6b],Propel Advanced SL 1,2027,carretera,M,M,,171,181,171-181 cm,cm,546,388,"{""A Longitud del tubo del sillín (mm) (inch)"": ""740"", ""B Ángulo del tubo del sillín (degrees)"": ""73,5°"", ""C Longitud del tubo superior (mm) (mm) (inch)"": ""550"", ""D Longitud del tubo de dirección (mm) (mm) (inch)"": ""145"", ""E Ángulo del tubo de dirección (degrees)"": ""73,0°"", ""F Inclinación de la horquilla (mm) (inch)"": ""45"", ""G Trail (mm) (mm) (inch)"": ""58,3"", ""H Distancia entre ejes (mm) (mm) (inch)"": ""980"", ""I Longitud de la vaina (mm) (mm) (inch)"": ""405"", ""J Caída del eje de pedalier (mm) (mm) (inch)"": ""69,5"", ""K Stack (mm) (mm) (inch)"": ""546"", ""L Reach (mm) (mm) (inch)"": ""388"", ""M Altura del suelo al tubo (mm) (mm) (inch)"": ""787"", ""N Ancho del manillar (mm) (mm) (inch)"": ""400"", ""O Longitud de la potencia (mm) (mm) (inch)"": ""100"", ""P Longitud de las bielas (mm) (mm) (inch)"": ""170"", ""Q Tamaño de ruedas"": ""700C""}",8249,false,https://www.giant-bicycles.com/es/propel-advanced-sl-1-2027,https://www.giant-bicycles.com/es/propel-advanced-sl-1-2027,html,2026-10-05
Giant,Propel Advanced SL [a1ffff6b],Propel Advanced SL 1,2027,carretera,M/L,M/L,,177,187,177-187 cm,cm,565,392,"{""A Longitud del tubo del sillín (mm) (inch)"": ""770"", ""B Ángulo del tubo del sillín (degrees)"": ""73,0°"", ""C Longitud del tubo superior (mm) (mm) (inch)"": ""565"", ""D Longitud del tubo de dirección (mm) (mm) (inch)"": ""165"", ""E Ángulo del tubo de dirección (degrees)"": ""73,0°"", ""F Inclinación de la horquilla (mm) (inch)"": ""45"", ""G Trail (mm) (mm) (inch)"": ""58,3"", ""H Distancia entre ejes (mm) (mm) (inch)"": ""990"", ""I Longitud de la vaina (mm) (mm) (inch)"": ""405"", ""J Caída del eje de pedalier (mm) (mm) (inch)"": ""69,5"", ""K Stack (mm) (mm) (inch)"": ""565"", ""L Reach (mm) (mm) (inch)"": ""392"", ""M Altura del suelo al tubo (mm) (mm) (inch)"": ""808"", ""N Ancho del manillar (mm) (mm) (inch)"": ""400"", ""O Longitud de la potencia (mm) (mm) (inch)"": ""110"", ""P Longitud de las bielas (mm) (mm) (inch)"": ""170"", ""Q Tamaño de ruedas"": ""700C""}",8249,false,https://www.giant-bicycles.com/es/propel-advanced-sl-1-2027,https://www.giant-bicycles.com/es/propel-advanced-sl-1-2027,html,2026-10-05
Giant,Propel Advanced SL [a1ffff6b],Propel Advanced SL 1,2027,carretera,L,L,,183,193,183-193 cm,cm,582,402,"{""A Longitud del tubo del sillín (mm) (inch)"": ""800"", ""B Ángulo del tubo del sillín (degrees)"": ""73,0°"", ""C Longitud del tubo superior (mm) (mm) (inch)"": ""580"", ""D Longitud del tubo de dirección (mm) (mm) (inch)"": ""185"", ""E Ángulo del tubo de dirección (degrees)"": ""73,0°"", ""F Inclinación de la horquilla (mm) (inch)"": ""45"", ""G Trail (mm) (mm) (inch)"": ""58,3"", ""H Distancia entre ejes (mm) (mm) (inch)"": ""1006"", ""I Longitud de la vaina (mm) (mm) (inch)"": ""405"", ""J Caída del eje de pedalier (mm) (mm) (inch)"": ""67"", ""K Stack (mm) (mm) (inch)"": ""582"", ""L Reach (mm) (mm) (inch)"": ""402"", ""M Altura del suelo al tubo (mm) (mm) (inch)"": ""832"", ""N Ancho del manillar (mm) (mm) (inch)"": ""420"", ""O Longitud de la potencia (mm) (mm) (inch)"": ""110"", ""P Longitud de las bielas (mm) (mm) (inch)"": ""172,5"", ""Q Tamaño de ruedas"": ""700C""}",8249,false,https://www.giant-bicycles.com/es/propel-advanced-sl-1-2027,https://www.giant-bicycles.com/es/propel-advanced-sl-1-2027,html,2026-10-05
Giant,Propel Advanced SL [a1ffff6b],Propel Advanced SL 1,2027,carretera,XL,XL,,189,199,189-199 cm,cm,596,412,"{""A Longitud del tubo del sillín (mm) (inch)"": ""830"", ""B Ángulo del tubo del sillín (degrees)"": ""72,5°"", ""C Longitud del tubo superior (mm) (mm) (inch)"": ""600"", ""D Longitud del tubo de dirección (mm) (mm) (inch)"": ""200"", ""E Ángulo del tubo de dirección (degrees)"": ""73,0°"", ""F Inclinación de la horquilla (mm) (inch)"": ""45"", ""G Trail (mm) (mm) (inch)"": ""58,3"", ""H Distancia entre ejes (mm) (mm) (inch)"": ""1020"", ""I Longitud de la vaina (mm) (mm) (inch)"": ""405"", ""J Caída del eje de pedalier (mm) (mm) (inch)"": ""67"", ""K Stack (mm) (mm) (inch)"": ""596"", ""L Reach (mm) (mm) (inch)"": ""412"", ""M Altura del suelo al tubo (mm) (mm) (inch)"": ""847"", ""N Ancho del manillar (mm) (mm) (inch)"": ""420"", ""O Longitud de la potencia (mm) (mm) (inch)"": ""120"", ""P Longitud de las bielas (mm) (mm) (inch)"": ""172,5"", ""Q Tamaño de ruedas"": ""700C""}",8249,false,https://www.giant-bicycles.com/es/propel-advanced-sl-1-2027,https://www.giant-bicycles.com/es/propel-advanced-sl-1-2027,html,2026-10-05
Giant,Talon [4f26dc93],Talon 0,2027,mtb,"S (29"")",S,,,,,,597,415,"{""A Longitud del tubo del sillín (mm) (inch)"": ""380"", ""A1 Seat Post Insertion Depth (mm) (inch)"": ""245"", ""B Ángulo del tubo del sillín (degrees)"": ""74,5°"", ""C Longitud del tubo superior (mm) (mm) (inch)"": ""581"", ""D Longitud del tubo de dirección (mm) (mm) (inch)"": ""95"", ""E Ángulo del tubo de dirección (degrees)"": ""67,5°"", ""F Inclinación de la horquilla (mm) (inch)"": ""44"", ""G Trail (mm) (mm) (inch)"": ""109"", ""H Distancia entre ejes (mm) (mm) (inch)"": ""1140"", ""I Longitud de la vaina (mm) (mm) (inch)"": ""455"", ""J Caída del eje de pedalier (mm) (mm) (inch)"": ""55"", ""K Stack (mm) (mm) (inch)"": ""597"", ""L Reach (mm) (mm) (inch)"": ""415"", ""M Altura del suelo al tubo (mm) (mm) (inch)"": ""715"", ""N Ancho del manillar (mm) (mm) (inch)"": ""760"", ""O Longitud de la potencia (mm) (mm) (inch)"": ""40"", ""P Longitud de las bielas (mm) (mm) (inch)"": ""170""}",1099,false,https://www.giant-bicycles.com/es/talon-0-2027,https://www.giant-bicycles.com/es/talon-0-2027,html,2026-10-05
Giant,Talon [4f26dc93],Talon 0,2027,mtb,"M (29"")",M,,,,,,606,435,"{""A Longitud del tubo del sillín (mm) (inch)"": ""420"", ""A1 Seat Post Insertion Depth (mm) (inch)"": ""200"", ""B Ángulo del tubo del sillín (degrees)"": ""74,5°"", ""C Longitud del tubo superior (mm) (mm) (inch)"": ""604"", ""D Longitud del tubo de dirección (mm) (mm) (inch)"": ""105"", ""E Ángulo del tubo de dirección (degrees)"": ""67,5°"", ""F Inclinación de la horquilla (mm) (inch)"": ""44"", ""G Trail (mm) (mm) (inch)"": ""109"", ""H Distancia entre ejes (mm) (mm) (inch)"": ""1164"", ""I Longitud de la vaina (mm) (mm) (inch)"": ""455"", ""J Caída del eje de pedalier (mm) (mm) (inch)"": ""55"", ""K Stack (mm) (mm) (inch)"": ""606"", ""L Reach (mm) (mm) (inch)"": ""435"", ""M Altura del suelo al tubo (mm) (mm) (inch)"": ""708"", ""N Ancho del manillar (mm) (mm) (inch)"": ""760"", ""O Longitud de la potencia (mm) (mm) (inch)"": ""50"", ""P Longitud de las bielas (mm) (mm) (inch)"": ""170""}",1099,false,https://www.giant-bicycles.com/es/talon-0-2027,https://www.giant-bicycles.com/es/talon-0-2027,html,2026-10-05
Giant,Talon [4f26dc93],Talon 0,2027,mtb,"L (29"")",L,,,,,,625,455,"{""A Longitud del tubo del sillín (mm) (inch)"": ""450"", ""A1 Seat Post Insertion Depth (mm) (inch)"": ""250"", ""B Ángulo del tubo del sillín (degrees)"": ""74,5°"", ""C Longitud del tubo superior (mm) (mm) (inch)"": ""629"", ""D Longitud del tubo de dirección (mm) (mm) (inch)"": ""125"", ""E Ángulo del tubo de dirección (degrees)"": ""67,5°"", ""F Inclinación de la horquilla (mm) (inch)"": ""44"", ""G Trail (mm) (mm) (inch)"": ""109"", ""H Distancia entre ejes (mm) (mm) (inch)"": ""1191"", ""I Longitud de la vaina (mm) (mm) (inch)"": ""455"", ""J Caída del eje de pedalier (mm) (mm) (inch)"": ""55"", ""K Stack (mm) (mm) (inch)"": ""625"", ""L Reach (mm) (mm) (inch)"": ""455"", ""M Altura del suelo al tubo (mm) (mm) (inch)"": ""708"", ""N Ancho del manillar (mm) (mm) (inch)"": ""760"", ""O Longitud de la potencia (mm) (mm) (inch)"": ""60"", ""P Longitud de las bielas (mm) (mm) (inch)"": ""170""}",1099,false,https://www.giant-bicycles.com/es/talon-0-2027,https://www.giant-bicycles.com/es/talon-0-2027,html,2026-10-05
Giant,Talon [4f26dc93],Talon 0,2027,mtb,"XL (29"")",XL,,,,,,638,475,"{""A Longitud del tubo del sillín (mm) (inch)"": ""480"", ""A1 Seat Post Insertion Depth (mm) (inch)"": ""300"", ""B Ángulo del tubo del sillín (degrees)"": ""74,5°"", ""C Longitud del tubo superior (mm) (mm) (inch)"": ""653"", ""D Longitud del tubo de dirección (mm) (mm) (inch)"": ""140"", ""E Ángulo del tubo de dirección (degrees)"": ""67,5°"", ""F Inclinación de la horquilla (mm) (inch)"": ""44"", ""G Trail (mm) (mm) (inch)"": ""109"", ""H Distancia entre ejes (mm) (mm) (inch)"": ""1216"", ""I Longitud de la vaina (mm) (mm) (inch)"": ""455"", ""J Caída del eje de pedalier (mm) (mm) (inch)"": ""55"", ""K Stack (mm) (mm) (inch)"": ""638"", ""L Reach (mm) (mm) (inch)"": ""475"", ""M Altura del suelo al tubo (mm) (mm) (inch)"": ""710"", ""N Ancho del manillar (mm) (mm) (inch)"": ""760"", ""O Longitud de la potencia (mm) (mm) (inch)"": ""60"", ""P Longitud de las bielas (mm) (mm) (inch)"": ""175""}",1099,false,https://www.giant-bicycles.com/es/talon-0-2027,https://www.giant-bicycles.com/es/talon-0-2027,html,2026-10-05
Giant,Talon [4f26dc93],Talon 1,2027,mtb,"S (29"")",S,,,,,,597,415,"{""A Longitud del tubo del sillín (mm) (inch)"": ""380"", ""A1 Seat Post Insertion Depth (mm) (inch)"": ""245"", ""B Ángulo del tubo del sillín (degrees)"": ""74,5°"", ""C Longitud del tubo superior (mm) (mm) (inch)"": ""581"", ""D Longitud del tubo de dirección (mm) (mm) (inch)"": ""95"", ""E Ángulo del tubo de dirección (degrees)"": ""67,5°"", ""F Inclinación de la horquilla (mm) (inch)"": ""44"", ""G Trail (mm) (mm) (inch)"": ""109"", ""H Distancia entre ejes (mm) (mm) (inch)"": ""1140"", ""I Longitud de la vaina (mm) (mm) (inch)"": ""455"", ""J Caída del eje de pedalier (mm) (mm) (inch)"": ""55"", ""K Stack (mm) (mm) (inch)"": ""597"", ""L Reach (mm) (mm) (inch)"": ""415"", ""M Altura del suelo al tubo (mm) (mm) (inch)"": ""715"", ""N Ancho del manillar (mm) (mm) (inch)"": ""760"", ""O Longitud de la potencia (mm) (mm) (inch)"": ""40"", ""P Longitud de las bielas (mm) (mm) (inch)"": ""170""}",949,false,https://www.giant-bicycles.com/es/talon-1-2027,https://www.giant-bicycles.com/es/talon-1-2027,html,2026-10-05
Giant,Talon [4f26dc93],Talon 1,2027,mtb,"M (29"")",M,,,,,,606,435,"{""A Longitud del tubo del sillín (mm) (inch)"": ""420"", ""A1 Seat Post Insertion Depth (mm) (inch)"": ""200"", ""B Ángulo del tubo del sillín (degrees)"": ""74,5°"", ""C Longitud del tubo superior (mm) (mm) (inch)"": ""604"", ""D Longitud del tubo de dirección (mm) (mm) (inch)"": ""105"", ""E Ángulo del tubo de dirección (degrees)"": ""67,5°"", ""F Inclinación de la horquilla (mm) (inch)"": ""44"", ""G Trail (mm) (mm) (inch)"": ""109"", ""H Distancia entre ejes (mm) (mm) (inch)"": ""1164"", ""I Longitud de la vaina (mm) (mm) (inch)"": ""455"", ""J Caída del eje de pedalier (mm) (mm) (inch)"": ""55"", ""K Stack (mm) (mm) (inch)"": ""606"", ""L Reach (mm) (mm) (inch)"": ""435"", ""M Altura del suelo al tubo (mm) (mm) (inch)"": ""708"", ""N Ancho del manillar (mm) (mm) (inch)"": ""760"", ""O Longitud de la potencia (mm) (mm) (inch)"": ""50"", ""P Longitud de las bielas (mm) (mm) (inch)"": ""170""}",949,false,https://www.giant-bicycles.com/es/talon-1-2027,https://www.giant-bicycles.com/es/talon-1-2027,html,2026-10-05
Giant,Talon [4f26dc93],Talon 1,2027,mtb,"L (29"")",L,,,,,,625,455,"{""A Longitud del tubo del sillín (mm) (inch)"": ""450"", ""A1 Seat Post Insertion Depth (mm) (inch)"": ""250"", ""B Ángulo del tubo del sillín (degrees)"": ""74,5°"", ""C Longitud del tubo superior (mm) (mm) (inch)"": ""629"", ""D Longitud del tubo de dirección (mm) (mm) (inch)"": ""125"", ""E Ángulo del tubo de dirección (degrees)"": ""67,5°"", ""F Inclinación de la horquilla (mm) (inch)"": ""44"", ""G Trail (mm) (mm) (inch)"": ""109"", ""H Distancia entre ejes (mm) (mm) (inch)"": ""1191"", ""I Longitud de la vaina (mm) (mm) (inch)"": ""455"", ""J Caída del eje de pedalier (mm) (mm) (inch)"": ""55"", ""K Stack (mm) (mm) (inch)"": ""625"", ""L Reach (mm) (mm) (inch)"": ""455"", ""M Altura del suelo al tubo (mm) (mm) (inch)"": ""708"", ""N Ancho del manillar (mm) (mm) (inch)"": ""760"", ""O Longitud de la potencia (mm) (mm) (inch)"": ""60"", ""P Longitud de las bielas (mm) (mm) (inch)"": ""170""}",949,false,https://www.giant-bicycles.com/es/talon-1-2027,https://www.giant-bicycles.com/es/talon-1-2027,html,2026-10-05
Giant,Talon [4f26dc93],Talon 1,2027,mtb,"XL (29"")",XL,,,,,,638,475,"{""A Longitud del tubo del sillín (mm) (inch)"": ""480"", ""A1 Seat Post Insertion Depth (mm) (inch)"": ""300"", ""B Ángulo del tubo del sillín (degrees)"": ""74,5°"", ""C Longitud del tubo superior (mm) (mm) (inch)"": ""653"", ""D Longitud del tubo de dirección (mm) (mm) (inch)"": ""140"", ""E Ángulo del tubo de dirección (degrees)"": ""67,5°"", ""F Inclinación de la horquilla (mm) (inch)"": ""44"", ""G Trail (mm) (mm) (inch)"": ""109"", ""H Distancia entre ejes (mm) (mm) (inch)"": ""1216"", ""I Longitud de la vaina (mm) (mm) (inch)"": ""455"", ""J Caída del eje de pedalier (mm) (mm) (inch)"": ""55"", ""K Stack (mm) (mm) (inch)"": ""638"", ""L Reach (mm) (mm) (inch)"": ""475"", ""M Altura del suelo al tubo (mm) (mm) (inch)"": ""710"", ""N Ancho del manillar (mm) (mm) (inch)"": ""760"", ""O Longitud de la potencia (mm) (mm) (inch)"": ""60"", ""P Longitud de las bielas (mm) (mm) (inch)"": ""175""}",949,false,https://www.giant-bicycles.com/es/talon-1-2027,https://www.giant-bicycles.com/es/talon-1-2027,html,2026-10-05
Giant,Talon [4f26dc93],Talon 2,2027,mtb,"S (29"")",S,,,,,,597,415,"{""A Longitud del tubo del sillín (mm) (inch)"": ""380"", ""A1 Seat Post Insertion Depth (mm) (inch)"": ""245"", ""B Ángulo del tubo del sillín (degrees)"": ""74,5°"", ""C Longitud del tubo superior (mm) (mm) (inch)"": ""581"", ""D Longitud del tubo de dirección (mm) (mm) (inch)"": ""95"", ""E Ángulo del tubo de dirección (degrees)"": ""67,5°"", ""F Inclinación de la horquilla (mm) (inch)"": ""44"", ""G Trail (mm) (mm) (inch)"": ""109"", ""H Distancia entre ejes (mm) (mm) (inch)"": ""1140"", ""I Longitud de la vaina (mm) (mm) (inch)"": ""455"", ""J Caída del eje de pedalier (mm) (mm) (inch)"": ""55"", ""K Stack (mm) (mm) (inch)"": ""597"", ""L Reach (mm) (mm) (inch)"": ""415"", ""M Altura del suelo al tubo (mm) (mm) (inch)"": ""715"", ""N Ancho del manillar (mm) (mm) (inch)"": ""760"", ""O Longitud de la potencia (mm) (mm) (inch)"": ""40"", ""P Longitud de las bielas (mm) (mm) (inch)"": ""170""}",799,false,https://www.giant-bicycles.com/es/talon-2-2027,https://www.giant-bicycles.com/es/talon-2-2027,html,2026-10-05
Giant,Talon [4f26dc93],Talon 2,2027,mtb,"M (29"")",M,,,,,,606,435,"{""A Longitud del tubo del sillín (mm) (inch)"": ""420"", ""A1 Seat Post Insertion Depth (mm) (inch)"": ""200"", ""B Ángulo del tubo del sillín (degrees)"": ""74,5°"", ""C Longitud del tubo superior (mm) (mm) (inch)"": ""604"", ""D Longitud del tubo de dirección (mm) (mm) (inch)"": ""105"", ""E Ángulo del tubo de dirección (degrees)"": ""67,5°"", ""F Inclinación de la horquilla (mm) (inch)"": ""44"", ""G Trail (mm) (mm) (inch)"": ""109"", ""H Distancia entre ejes (mm) (mm) (inch)"": ""1164"", ""I Longitud de la vaina (mm) (mm) (inch)"": ""455"", ""J Caída del eje de pedalier (mm) (mm) (inch)"": ""55"", ""K Stack (mm) (mm) (inch)"": ""606"", ""L Reach (mm) (mm) (inch)"": ""435"", ""M Altura del suelo al tubo (mm) (mm) (inch)"": ""708"", ""N Ancho del manillar (mm) (mm) (inch)"": ""760"", ""O Longitud de la potencia (mm) (mm) (inch)"": ""50"", ""P Longitud de las bielas (mm) (mm) (inch)"": ""170""}",799,false,https://www.giant-bicycles.com/es/talon-2-2027,https://www.giant-bicycles.com/es/talon-2-2027,html,2026-10-05
Giant,Talon [4f26dc93],Talon 2,2027,mtb,"L (29"")",L,,,,,,625,455,"{""A Longitud del tubo del sillín (mm) (inch)"": ""450"", ""A1 Seat Post Insertion Depth (mm) (inch)"": ""250"", ""B Ángulo del tubo del sillín (degrees)"": ""74,5°"", ""C Longitud del tubo superior (mm) (mm) (inch)"": ""629"", ""D Longitud del tubo de dirección (mm) (mm) (inch)"": ""125"", ""E Ángulo del tubo de dirección (degrees)"": ""67,5°"", ""F Inclinación de la horquilla (mm) (inch)"": ""44"", ""G Trail (mm) (mm) (inch)"": ""109"", ""H Distancia entre ejes (mm) (mm) (inch)"": ""1191"", ""I Longitud de la vaina (mm) (mm) (inch)"": ""455"", ""J Caída del eje de pedalier (mm) (mm) (inch)"": ""55"", ""K Stack (mm) (mm) (inch)"": ""625"", ""L Reach (mm) (mm) (inch)"": ""455"", ""M Altura del suelo al tubo (mm) (mm) (inch)"": ""708"", ""N Ancho del manillar (mm) (mm) (inch)"": ""760"", ""O Longitud de la potencia (mm) (mm) (inch)"": ""60"", ""P Longitud de las bielas (mm) (mm) (inch)"": ""170""}",799,false,https://www.giant-bicycles.com/es/talon-2-2027,https://www.giant-bicycles.com/es/talon-2-2027,html,2026-10-05
Giant,Talon [4f26dc93],Talon 2,2027,mtb,"XL (29"")",XL,,,,,,638,475,"{""A Longitud del tubo del sillín (mm) (inch)"": ""480"", ""A1 Seat Post Insertion Depth (mm) (inch)"": ""300"", ""B Ángulo del tubo del sillín (degrees)"": ""74,5°"", ""C Longitud del tubo superior (mm) (mm) (inch)"": ""653"", ""D Longitud del tubo de dirección (mm) (mm) (inch)"": ""140"", ""E Ángulo del tubo de dirección (degrees)"": ""67,5°"", ""F Inclinación de la horquilla (mm) (inch)"": ""44"", ""G Trail (mm) (mm) (inch)"": ""109"", ""H Distancia entre ejes (mm) (mm) (inch)"": ""1216"", ""I Longitud de la vaina (mm) (mm) (inch)"": ""455"", ""J Caída del eje de pedalier (mm) (mm) (inch)"": ""55"", ""K Stack (mm) (mm) (inch)"": ""638"", ""L Reach (mm) (mm) (inch)"": ""475"", ""M Altura del suelo al tubo (mm) (mm) (inch)"": ""710"", ""N Ancho del manillar (mm) (mm) (inch)"": ""760"", ""O Longitud de la potencia (mm) (mm) (inch)"": ""60"", ""P Longitud de las bielas (mm) (mm) (inch)"": ""175""}",799,false,https://www.giant-bicycles.com/es/talon-2-2027,https://www.giant-bicycles.com/es/talon-2-2027,html,2026-10-05
Giant,Talon 3 [ae856deb],Talon 3,2027,mtb,"XS (27.5"")",XS,,,,,,548,385,"{""A Longitud del tubo del sillín (mm) (inch)"": ""345"", ""A1 Seat Post Insertion Depth (mm) (inch)"": ""300"", ""B Ángulo del tubo del sillín (degrees)"": ""74,0°"", ""C Longitud del tubo superior (mm) (mm) (inch)"": ""542"", ""D Longitud del tubo de dirección (mm) (mm) (inch)"": ""90"", ""E Ángulo del tubo de dirección (degrees)"": ""67,0°"", ""F Inclinación de la horquilla (mm) (inch)"": ""44"", ""G Trail (mm) (mm) (inch)"": ""105"", ""H Distancia entre ejes (mm) (mm) (inch)"": ""1084"", ""I Longitud de la vaina (mm) (mm) (inch)"": ""440"", ""J Caída del eje de pedalier (mm) (mm) (inch)"": ""45"", ""K Stack (mm) (mm) (inch)"": ""548"", ""L Reach (mm) (mm) (inch)"": ""385"", ""M Altura del suelo al tubo (mm) (mm) (inch)"": ""684"", ""N Ancho del manillar (mm) (mm) (inch)"": ""760"", ""O Longitud de la potencia (mm) (mm) (inch)"": ""40"", ""P Longitud de las bielas (mm) (mm) (inch)"": ""165""}",699,false,https://www.giant-bicycles.com/es/talon-3-2027,https://www.giant-bicycles.com/es/talon-3-2027,html,2026-10-05
Giant,Talon 3 [ae856deb],Talon 3,2027,mtb,"S (27.5"")",S,,,,,,548,405,"{""A Longitud del tubo del sillín (mm) (inch)"": ""375"", ""A1 Seat Post Insertion Depth (mm) (inch)"": ""340"", ""B Ángulo del tubo del sillín (degrees)"": ""74,0°"", ""C Longitud del tubo superior (mm) (mm) (inch)"": ""562"", ""D Longitud del tubo de dirección (mm) (mm) (inch)"": ""90"", ""E Ángulo del tubo de dirección (degrees)"": ""67,0°"", ""F Inclinación de la horquilla (mm) (inch)"": ""44"", ""G Trail (mm) (mm) (inch)"": ""105"", ""H Distancia entre ejes (mm) (mm) (inch)"": ""1104"", ""I Longitud de la vaina (mm) (mm) (inch)"": ""440"", ""J Caída del eje de pedalier (mm) (mm) (inch)"": ""45"", ""K Stack (mm) (mm) (inch)"": ""548"", ""L Reach (mm) (mm) (inch)"": ""405"", ""M Altura del suelo al tubo (mm) (mm) (inch)"": ""684"", ""N Ancho del manillar (mm) (mm) (inch)"": ""760"", ""O Longitud de la potencia (mm) (mm) (inch)"": ""50"", ""P Longitud de las bielas (mm) (mm) (inch)"": ""165""}",699,false,https://www.giant-bicycles.com/es/talon-3-2027,https://www.giant-bicycles.com/es/talon-3-2027,html,2026-10-05
Giant,Talon 3 [ae856deb],Talon 3,2027,mtb,"S (29"")",S,,,,,,597,415,"{""A Longitud del tubo del sillín (mm) (inch)"": ""380"", ""A1 Seat Post Insertion Depth (mm) (inch)"": ""245"", ""B Ángulo del tubo del sillín (degrees)"": ""74,5°"", ""C Longitud del tubo superior (mm) (mm) (inch)"": ""581"", ""D Longitud del tubo de dirección (mm) (mm) (inch)"": ""95"", ""E Ángulo del tubo de dirección (degrees)"": ""67,5°"", ""F Inclinación de la horquilla (mm) (inch)"": ""44"", ""G Trail (mm) (mm) (inch)"": ""109"", ""H Distancia entre ejes (mm) (mm) (inch)"": ""1140"", ""I Longitud de la vaina (mm) (mm) (inch)"": ""455"", ""J Caída del eje de pedalier (mm) (mm) (inch)"": ""55"", ""K Stack (mm) (mm) (inch)"": ""597"", ""L Reach (mm) (mm) (inch)"": ""415"", ""M Altura del suelo al tubo (mm) (mm) (inch)"": ""715"", ""N Ancho del manillar (mm) (mm) (inch)"": ""760"", ""O Longitud de la potencia (mm) (mm) (inch)"": ""40"", ""P Longitud de las bielas (mm) (mm) (inch)"": ""170""}",699,false,https://www.giant-bicycles.com/es/talon-3-2027,https://www.giant-bicycles.com/es/talon-3-2027,html,2026-10-05
Giant,Talon 3 [ae856deb],Talon 3,2027,mtb,"M (29"")",M,,,,,,606,435,"{""A Longitud del tubo del sillín (mm) (inch)"": ""420"", ""A1 Seat Post Insertion Depth (mm) (inch)"": ""200"", ""B Ángulo del tubo del sillín (degrees)"": ""74,5°"", ""C Longitud del tubo superior (mm) (mm) (inch)"": ""604"", ""D Longitud del tubo de dirección (mm) (mm) (inch)"": ""105"", ""E Ángulo del tubo de dirección (degrees)"": ""67,5°"", ""F Inclinación de la horquilla (mm) (inch)"": ""44"", ""G Trail (mm) (mm) (inch)"": ""109"", ""H Distancia entre ejes (mm) (mm) (inch)"": ""1164"", ""I Longitud de la vaina (mm) (mm) (inch)"": ""455"", ""J Caída del eje de pedalier (mm) (mm) (inch)"": ""55"", ""K Stack (mm) (mm) (inch)"": ""606"", ""L Reach (mm) (mm) (inch)"": ""435"", ""M Altura del suelo al tubo (mm) (mm) (inch)"": ""708"", ""N Ancho del manillar (mm) (mm) (inch)"": ""760"", ""O Longitud de la potencia (mm) (mm) (inch)"": ""50"", ""P Longitud de las bielas (mm) (mm) (inch)"": ""170""}",699,false,https://www.giant-bicycles.com/es/talon-3-2027,https://www.giant-bicycles.com/es/talon-3-2027,html,2026-10-05
Giant,Talon 3 [ae856deb],Talon 3,2027,mtb,"L (29"")",L,,,,,,625,455,"{""A Longitud del tubo del sillín (mm) (inch)"": ""450"", ""A1 Seat Post Insertion Depth (mm) (inch)"": ""250"", ""B Ángulo del tubo del sillín (degrees)"": ""74,5°"", ""C Longitud del tubo superior (mm) (mm) (inch)"": ""629"", ""D Longitud del tubo de dirección (mm) (mm) (inch)"": ""125"", ""E Ángulo del tubo de dirección (degrees)"": ""67,5°"", ""F Inclinación de la horquilla (mm) (inch)"": ""44"", ""G Trail (mm) (mm) (inch)"": ""109"", ""H Distancia entre ejes (mm) (mm) (inch)"": ""1191"", ""I Longitud de la vaina (mm) (mm) (inch)"": ""455"", ""J Caída del eje de pedalier (mm) (mm) (inch)"": ""55"", ""K Stack (mm) (mm) (inch)"": ""625"", ""L Reach (mm) (mm) (inch)"": ""455"", ""M Altura del suelo al tubo (mm) (mm) (inch)"": ""708"", ""N Ancho del manillar (mm) (mm) (inch)"": ""760"", ""O Longitud de la potencia (mm) (mm) (inch)"": ""60"", ""P Longitud de las bielas (mm) (mm) (inch)"": ""170""}",699,false,https://www.giant-bicycles.com/es/talon-3-2027,https://www.giant-bicycles.com/es/talon-3-2027,html,2026-10-05
Giant,Talon 3 [ae856deb],Talon 3,2027,mtb,"XL (29"")",XL,,,,,,638,475,"{""A Longitud del tubo del sillín (mm) (inch)"": ""480"", ""A1 Seat Post Insertion Depth (mm) (inch)"": ""300"", ""B Ángulo del tubo del sillín (degrees)"": ""74,5°"", ""C Longitud del tubo superior (mm) (mm) (inch)"": ""653"", ""D Longitud del tubo de dirección (mm) (mm) (inch)"": ""140"", ""E Ángulo del tubo de dirección (degrees)"": ""67,5°"", ""F Inclinación de la horquilla (mm) (inch)"": ""44"", ""G Trail (mm) (mm) (inch)"": ""109"", ""H Distancia entre ejes (mm) (mm) (inch)"": ""1216"", ""I Longitud de la vaina (mm) (mm) (inch)"": ""455"", ""J Caída del eje de pedalier (mm) (mm) (inch)"": ""55"", ""K Stack (mm) (mm) (inch)"": ""638"", ""L Reach (mm) (mm) (inch)"": ""475"", ""M Altura del suelo al tubo (mm) (mm) (inch)"": ""710"", ""N Ancho del manillar (mm) (mm) (inch)"": ""760"", ""O Longitud de la potencia (mm) (mm) (inch)"": ""60"", ""P Longitud de las bielas (mm) (mm) (inch)"": ""175""}",699,false,https://www.giant-bicycles.com/es/talon-3-2027,https://www.giant-bicycles.com/es/talon-3-2027,html,2026-10-05
Giant,TCR [792ed56c],TCR Advanced-Ui2,2027,carretera,XS,XS,,157,169,157-169 cm,cm,517,376,"{""A Longitud del tubo del sillín (mm) (inch)"": ""425"", ""B Ángulo del tubo del sillín (degrees)"": ""74,5°"", ""C Longitud del tubo superior (mm) (mm) (inch)"": ""520"", ""D Longitud del tubo de dirección (mm) (mm) (inch)"": ""120"", ""E Ángulo del tubo de dirección (degrees)"": ""71,0°"", ""F Inclinación de la horquilla (mm) (inch)"": ""45"", ""G Trail (mm) (mm) (inch)"": ""72,1"", ""H Distancia entre ejes (mm) (mm) (inch)"": ""976"", ""I Longitud de la vaina (mm) (mm) (inch)"": ""405"", ""J Caída del eje de pedalier (mm) (mm) (inch)"": ""72"", ""K Stack (mm) (mm) (inch)"": ""517"", ""L Reach (mm) (mm) (inch)"": ""376"", ""M Altura del suelo al tubo (mm) (mm) (inch)"": ""719"", ""N Ancho del manillar (mm) (mm) (inch)"": ""380"", ""O Longitud de la potencia (mm) (mm) (inch)"": ""80"", ""P Longitud de las bielas (mm) (mm) (inch)"": ""165""}",4599,false,https://www.giant-bicycles.com/es/tcr-advanced-ui2-2027,https://www.giant-bicycles.com/es/tcr-advanced-ui2-2027,html,2026-10-05
Giant,TCR [792ed56c],TCR Advanced-Ui2,2027,carretera,S,S,,165,175,165-175 cm,cm,528,383,"{""A Longitud del tubo del sillín (mm) (inch)"": ""445"", ""B Ángulo del tubo del sillín (degrees)"": ""74,0°"", ""C Longitud del tubo superior (mm) (mm) (inch)"": ""535"", ""D Longitud del tubo de dirección (mm) (mm) (inch)"": ""130"", ""E Ángulo del tubo de dirección (degrees)"": ""72,3°"", ""F Inclinación de la horquilla (mm) (inch)"": ""45"", ""G Trail (mm) (mm) (inch)"": ""64"", ""H Distancia entre ejes (mm) (mm) (inch)"": ""977"", ""I Longitud de la vaina (mm) (mm) (inch)"": ""405"", ""J Caída del eje de pedalier (mm) (mm) (inch)"": ""70"", ""K Stack (mm) (mm) (inch)"": ""528"", ""L Reach (mm) (mm) (inch)"": ""383"", ""M Altura del suelo al tubo (mm) (mm) (inch)"": ""734"", ""N Ancho del manillar (mm) (mm) (inch)"": ""380"", ""O Longitud de la potencia (mm) (mm) (inch)"": ""90"", ""P Longitud de las bielas (mm) (mm) (inch)"": ""165""}",4599,false,https://www.giant-bicycles.com/es/tcr-advanced-ui2-2027,https://www.giant-bicycles.com/es/tcr-advanced-ui2-2027,html,2026-10-05
Giant,TCR [792ed56c],TCR Advanced-Ui2,2027,carretera,M,M,,171,181,171-181 cm,cm,545,388,"{""A Longitud del tubo del sillín (mm) (inch)"": ""470"", ""B Ángulo del tubo del sillín (degrees)"": ""73,5°"", ""C Longitud del tubo superior (mm) (mm) (inch)"": ""550"", ""D Longitud del tubo de dirección (mm) (mm) (inch)"": ""145"", ""E Ángulo del tubo de dirección (degrees)"": ""73,0°"", ""F Inclinación de la horquilla (mm) (inch)"": ""45"", ""G Trail (mm) (mm) (inch)"": ""59,2"", ""H Distancia entre ejes (mm) (mm) (inch)"": ""980"", ""I Longitud de la vaina (mm) (mm) (inch)"": ""405"", ""J Caída del eje de pedalier (mm) (mm) (inch)"": ""70"", ""K Stack (mm) (mm) (inch)"": ""545"", ""L Reach (mm) (mm) (inch)"": ""388"", ""M Altura del suelo al tubo (mm) (mm) (inch)"": ""752"", ""N Ancho del manillar (mm) (mm) (inch)"": ""400"", ""O Longitud de la potencia (mm) (mm) (inch)"": ""100"", ""P Longitud de las bielas (mm) (mm) (inch)"": ""170""}",4599,false,https://www.giant-bicycles.com/es/tcr-advanced-ui2-2027,https://www.giant-bicycles.com/es/tcr-advanced-ui2-2027,html,2026-10-05
Giant,TCR [792ed56c],TCR Advanced-Ui2,2027,carretera,ML,M/L,,177,187,177-187 cm,cm,562,393,"{""A Longitud del tubo del sillín (mm) (inch)"": ""500"", ""B Ángulo del tubo del sillín (degrees)"": ""73,0°"", ""C Longitud del tubo superior (mm) (mm) (inch)"": ""565"", ""D Longitud del tubo de dirección (mm) (mm) (inch)"": ""165"", ""E Ángulo del tubo de dirección (degrees)"": ""73,0°"", ""F Inclinación de la horquilla (mm) (inch)"": ""45"", ""G Trail (mm) (mm) (inch)"": ""59,2"", ""H Distancia entre ejes (mm) (mm) (inch)"": ""991"", ""I Longitud de la vaina (mm) (mm) (inch)"": ""405"", ""J Caída del eje de pedalier (mm) (mm) (inch)"": ""67"", ""K Stack (mm) (mm) (inch)"": ""562"", ""L Reach (mm) (mm) (inch)"": ""393"", ""M Altura del suelo al tubo (mm) (mm) (inch)"": ""768"", ""N Ancho del manillar (mm) (mm) (inch)"": ""400"", ""O Longitud de la potencia (mm) (mm) (inch)"": ""110"", ""P Longitud de las bielas (mm) (mm) (inch)"": ""170""}",4599,false,https://www.giant-bicycles.com/es/tcr-advanced-ui2-2027,https://www.giant-bicycles.com/es/tcr-advanced-ui2-2027,html,2026-10-05
Giant,TCR [792ed56c],TCR Advanced-Ui2,2027,carretera,L,L,,183,193,183-193 cm,cm,581,402,"{""A Longitud del tubo del sillín (mm) (inch)"": ""530"", ""B Ángulo del tubo del sillín (degrees)"": ""73,0°"", ""C Longitud del tubo superior (mm) (mm) (inch)"": ""580"", ""D Longitud del tubo de dirección (mm) (mm) (inch)"": ""185"", ""E Ángulo del tubo de dirección (degrees)"": ""73,0°"", ""F Inclinación de la horquilla (mm) (inch)"": ""45"", ""G Trail (mm) (mm) (inch)"": ""59,2"", ""H Distancia entre ejes (mm) (mm) (inch)"": ""1006"", ""I Longitud de la vaina (mm) (mm) (inch)"": ""405"", ""J Caída del eje de pedalier (mm) (mm) (inch)"": ""67"", ""K Stack (mm) (mm) (inch)"": ""581"", ""L Reach (mm) (mm) (inch)"": ""402"", ""M Altura del suelo al tubo (mm) (mm) (inch)"": ""786"", ""N Ancho del manillar (mm) (mm) (inch)"": ""420"", ""O Longitud de la potencia (mm) (mm) (inch)"": ""110"", ""P Longitud de las bielas (mm) (mm) (inch)"": ""172,5""}",4599,false,https://www.giant-bicycles.com/es/tcr-advanced-ui2-2027,https://www.giant-bicycles.com/es/tcr-advanced-ui2-2027,html,2026-10-05
Giant,TCR [792ed56c],TCR Advanced-Ui2,2027,carretera,XL,XL,,189,199,189-199 cm,cm,596,412,"{""A Longitud del tubo del sillín (mm) (inch)"": ""560"", ""B Ángulo del tubo del sillín (degrees)"": ""72,5°"", ""C Longitud del tubo superior (mm) (mm) (inch)"": ""600"", ""D Longitud del tubo de dirección (mm) (mm) (inch)"": ""200"", ""E Ángulo del tubo de dirección (degrees)"": ""73,0°"", ""F Inclinación de la horquilla (mm) (inch)"": ""45"", ""G Trail (mm) (mm) (inch)"": ""59,2"", ""H Distancia entre ejes (mm) (mm) (inch)"": ""1020"", ""I Longitud de la vaina (mm) (mm) (inch)"": ""405"", ""J Caída del eje de pedalier (mm) (mm) (inch)"": ""67"", ""K Stack (mm) (mm) (inch)"": ""596"", ""L Reach (mm) (mm) (inch)"": ""412"", ""M Altura del suelo al tubo (mm) (mm) (inch)"": ""803"", ""N Ancho del manillar (mm) (mm) (inch)"": ""420"", ""O Longitud de la potencia (mm) (mm) (inch)"": ""120"", ""P Longitud de las bielas (mm) (mm) (inch)"": ""172,5""}",4599,false,https://www.giant-bicycles.com/es/tcr-advanced-ui2-2027,https://www.giant-bicycles.com/es/tcr-advanced-ui2-2027,html,2026-10-05
Giant,TCR [792ed56c],TCR Advanced Pro (Dura-Ace),2027,carretera,XS,XS,,157,169,157-169 cm,cm,517,376,"{""A Longitud del tubo del sillín (mm) (inch)"": ""425"", ""B Ángulo del tubo del sillín (degrees)"": ""74,5°"", ""C Longitud del tubo superior (mm) (mm) (inch)"": ""520"", ""D Longitud del tubo de dirección (mm) (mm) (inch)"": ""120"", ""E Ángulo del tubo de dirección (degrees)"": ""71,0°"", ""F Inclinación de la horquilla (mm) (inch)"": ""45"", ""G Trail (mm) (mm) (inch)"": ""72,1"", ""H Distancia entre ejes (mm) (mm) (inch)"": ""976"", ""I Longitud de la vaina (mm) (mm) (inch)"": ""405"", ""J Caída del eje de pedalier (mm) (mm) (inch)"": ""72"", ""K Stack (mm) (mm) (inch)"": ""517"", ""L Reach (mm) (mm) (inch)"": ""376"", ""M Altura del suelo al tubo (mm) (mm) (inch)"": ""719"", ""N Ancho del manillar (mm) (mm) (inch)"": ""420"", ""O Longitud de la potencia (mm) (mm) (inch)"": ""80"", ""P Longitud de las bielas (mm) (mm) (inch)"": ""165""}",7999,false,https://www.giant-bicycles.com/es/tcr-advanced-pro--dura-ace--2027,https://www.giant-bicycles.com/es/tcr-advanced-pro--dura-ace--2027,html,2026-10-05
Giant,TCR [792ed56c],TCR Advanced Pro (Dura-Ace),2027,carretera,S,S,,165,175,165-175 cm,cm,528,383,"{""A Longitud del tubo del sillín (mm) (inch)"": ""445"", ""B Ángulo del tubo del sillín (degrees)"": ""74,0°"", ""C Longitud del tubo superior (mm) (mm) (inch)"": ""535"", ""D Longitud del tubo de dirección (mm) (mm) (inch)"": ""130"", ""E Ángulo del tubo de dirección (degrees)"": ""72,3°"", ""F Inclinación de la horquilla (mm) (inch)"": ""45"", ""G Trail (mm) (mm) (inch)"": ""64"", ""H Distancia entre ejes (mm) (mm) (inch)"": ""977"", ""I Longitud de la vaina (mm) (mm) (inch)"": ""405"", ""J Caída del eje de pedalier (mm) (mm) (inch)"": ""70"", ""K Stack (mm) (mm) (inch)"": ""528"", ""L Reach (mm) (mm) (inch)"": ""383"", ""M Altura del suelo al tubo (mm) (mm) (inch)"": ""734"", ""N Ancho del manillar (mm) (mm) (inch)"": ""420"", ""O Longitud de la potencia (mm) (mm) (inch)"": ""90"", ""P Longitud de las bielas (mm) (mm) (inch)"": ""165""}",7999,false,https://www.giant-bicycles.com/es/tcr-advanced-pro--dura-ace--2027,https://www.giant-bicycles.com/es/tcr-advanced-pro--dura-ace--2027,html,2026-10-05
Giant,TCR [792ed56c],TCR Advanced Pro (Dura-Ace),2027,carretera,M,M,,171,181,171-181 cm,cm,545,388,"{""A Longitud del tubo del sillín (mm) (inch)"": ""470"", ""B Ángulo del tubo del sillín (degrees)"": ""73,5°"", ""C Longitud del tubo superior (mm) (mm) (inch)"": ""550"", ""D Longitud del tubo de dirección (mm) (mm) (inch)"": ""145"", ""E Ángulo del tubo de dirección (degrees)"": ""73,0°"", ""F Inclinación de la horquilla (mm) (inch)"": ""45"", ""G Trail (mm) (mm) (inch)"": ""59,2"", ""H Distancia entre ejes (mm) (mm) (inch)"": ""980"", ""I Longitud de la vaina (mm) (mm) (inch)"": ""405"", ""J Caída del eje de pedalier (mm) (mm) (inch)"": ""70"", ""K Stack (mm) (mm) (inch)"": ""545"", ""L Reach (mm) (mm) (inch)"": ""388"", ""M Altura del suelo al tubo (mm) (mm) (inch)"": ""752"", ""N Ancho del manillar (mm) (mm) (inch)"": ""440"", ""O Longitud de la potencia (mm) (mm) (inch)"": ""100"", ""P Longitud de las bielas (mm) (mm) (inch)"": ""170""}",7999,false,https://www.giant-bicycles.com/es/tcr-advanced-pro--dura-ace--2027,https://www.giant-bicycles.com/es/tcr-advanced-pro--dura-ace--2027,html,2026-10-05
Giant,TCR [792ed56c],TCR Advanced Pro (Dura-Ace),2027,carretera,ML,M/L,,177,187,177-187 cm,cm,562,393,"{""A Longitud del tubo del sillín (mm) (inch)"": ""500"", ""B Ángulo del tubo del sillín (degrees)"": ""73,0°"", ""C Longitud del tubo superior (mm) (mm) (inch)"": ""565"", ""D Longitud del tubo de dirección (mm) (mm) (inch)"": ""165"", ""E Ángulo del tubo de dirección (degrees)"": ""73,0°"", ""F Inclinación de la horquilla (mm) (inch)"": ""45"", ""G Trail (mm) (mm) (inch)"": ""59,2"", ""H Distancia entre ejes (mm) (mm) (inch)"": ""991"", ""I Longitud de la vaina (mm) (mm) (inch)"": ""405"", ""J Caída del eje de pedalier (mm) (mm) (inch)"": ""67"", ""K Stack (mm) (mm) (inch)"": ""562"", ""L Reach (mm) (mm) (inch)"": ""393"", ""M Altura del suelo al tubo (mm) (mm) (inch)"": ""768"", ""N Ancho del manillar (mm) (mm) (inch)"": ""440"", ""O Longitud de la potencia (mm) (mm) (inch)"": ""110"", ""P Longitud de las bielas (mm) (mm) (inch)"": ""170""}",7999,false,https://www.giant-bicycles.com/es/tcr-advanced-pro--dura-ace--2027,https://www.giant-bicycles.com/es/tcr-advanced-pro--dura-ace--2027,html,2026-10-05
Giant,TCR [792ed56c],TCR Advanced Pro (Dura-Ace),2027,carretera,L,L,,183,193,183-193 cm,cm,581,402,"{""A Longitud del tubo del sillín (mm) (inch)"": ""530"", ""B Ángulo del tubo del sillín (degrees)"": ""73,0°"", ""C Longitud del tubo superior (mm) (mm) (inch)"": ""580"", ""D Longitud del tubo de dirección (mm) (mm) (inch)"": ""185"", ""E Ángulo del tubo de dirección (degrees)"": ""73,0°"", ""F Inclinación de la horquilla (mm) (inch)"": ""45"", ""G Trail (mm) (mm) (inch)"": ""59,2"", ""H Distancia entre ejes (mm) (mm) (inch)"": ""1006"", ""I Longitud de la vaina (mm) (mm) (inch)"": ""405"", ""J Caída del eje de pedalier (mm) (mm) (inch)"": ""67"", ""K Stack (mm) (mm) (inch)"": ""581"", ""L Reach (mm) (mm) (inch)"": ""402"", ""M Altura del suelo al tubo (mm) (mm) (inch)"": ""786"", ""N Ancho del manillar (mm) (mm) (inch)"": ""440"", ""O Longitud de la potencia (mm) (mm) (inch)"": ""110"", ""P Longitud de las bielas (mm) (mm) (inch)"": ""172,5""}",7999,false,https://www.giant-bicycles.com/es/tcr-advanced-pro--dura-ace--2027,https://www.giant-bicycles.com/es/tcr-advanced-pro--dura-ace--2027,html,2026-10-05
Giant,TCR [792ed56c],TCR Advanced Pro (Dura-Ace),2027,carretera,XL,XL,,189,199,189-199 cm,cm,596,412,"{""A Longitud del tubo del sillín (mm) (inch)"": ""560"", ""B Ángulo del tubo del sillín (degrees)"": ""72,5°"", ""C Longitud del tubo superior (mm) (mm) (inch)"": ""600"", ""D Longitud del tubo de dirección (mm) (mm) (inch)"": ""200"", ""E Ángulo del tubo de dirección (degrees)"": ""73,0°"", ""F Inclinación de la horquilla (mm) (inch)"": ""45"", ""G Trail (mm) (mm) (inch)"": ""59,2"", ""H Distancia entre ejes (mm) (mm) (inch)"": ""1020"", ""I Longitud de la vaina (mm) (mm) (inch)"": ""405"", ""J Caída del eje de pedalier (mm) (mm) (inch)"": ""67"", ""K Stack (mm) (mm) (inch)"": ""596"", ""L Reach (mm) (mm) (inch)"": ""412"", ""M Altura del suelo al tubo (mm) (mm) (inch)"": ""803"", ""N Ancho del manillar (mm) (mm) (inch)"": ""440"", ""O Longitud de la potencia (mm) (mm) (inch)"": ""120"", ""P Longitud de las bielas (mm) (mm) (inch)"": ""172,5""}",7999,false,https://www.giant-bicycles.com/es/tcr-advanced-pro--dura-ace--2027,https://www.giant-bicycles.com/es/tcr-advanced-pro--dura-ace--2027,html,2026-10-05
Giant,TCR [792ed56c],TCR Advanced 0-PC,2027,carretera,XS,XS,,157,169,157-169 cm,cm,517,376,"{""A Longitud del tubo del sillín (mm) (inch)"": ""425"", ""B Ángulo del tubo del sillín (degrees)"": ""74,5°"", ""C Longitud del tubo superior (mm) (mm) (inch)"": ""520"", ""D Longitud del tubo de dirección (mm) (mm) (inch)"": ""120"", ""E Ángulo del tubo de dirección (degrees)"": ""71,0°"", ""F Inclinación de la horquilla (mm) (inch)"": ""45"", ""G Trail (mm) (mm) (inch)"": ""72,1"", ""H Distancia entre ejes (mm) (mm) (inch)"": ""976"", ""I Longitud de la vaina (mm) (mm) (inch)"": ""405"", ""J Caída del eje de pedalier (mm) (mm) (inch)"": ""72"", ""K Stack (mm) (mm) (inch)"": ""517"", ""L Reach (mm) (mm) (inch)"": ""376"", ""M Altura del suelo al tubo (mm) (mm) (inch)"": ""719"", ""N Ancho del manillar (mm) (mm) (inch)"": ""380"", ""O Longitud de la potencia (mm) (mm) (inch)"": ""80"", ""P Longitud de las bielas (mm) (mm) (inch)"": ""165""}",3899,false,https://www.giant-bicycles.com/es/tcr-advanced-0-pc-2027,https://www.giant-bicycles.com/es/tcr-advanced-0-pc-2027,html,2026-10-05
Giant,TCR [792ed56c],TCR Advanced 0-PC,2027,carretera,S,S,,165,175,165-175 cm,cm,528,383,"{""A Longitud del tubo del sillín (mm) (inch)"": ""445"", ""B Ángulo del tubo del sillín (degrees)"": ""74,0°"", ""C Longitud del tubo superior (mm) (mm) (inch)"": ""535"", ""D Longitud del tubo de dirección (mm) (mm) (inch)"": ""130"", ""E Ángulo del tubo de dirección (degrees)"": ""72,3°"", ""F Inclinación de la horquilla (mm) (inch)"": ""45"", ""G Trail (mm) (mm) (inch)"": ""64"", ""H Distancia entre ejes (mm) (mm) (inch)"": ""977"", ""I Longitud de la vaina (mm) (mm) (inch)"": ""405"", ""J Caída del eje de pedalier (mm) (mm) (inch)"": ""70"", ""K Stack (mm) (mm) (inch)"": ""528"", ""L Reach (mm) (mm) (inch)"": ""383"", ""M Altura del suelo al tubo (mm) (mm) (inch)"": ""734"", ""N Ancho del manillar (mm) (mm) (inch)"": ""380"", ""O Longitud de la potencia (mm) (mm) (inch)"": ""90"", ""P Longitud de las bielas (mm) (mm) (inch)"": ""165""}",3899,false,https://www.giant-bicycles.com/es/tcr-advanced-0-pc-2027,https://www.giant-bicycles.com/es/tcr-advanced-0-pc-2027,html,2026-10-05
Giant,TCR [792ed56c],TCR Advanced 0-PC,2027,carretera,M,M,,171,181,171-181 cm,cm,545,388,"{""A Longitud del tubo del sillín (mm) (inch)"": ""470"", ""B Ángulo del tubo del sillín (degrees)"": ""73,5°"", ""C Longitud del tubo superior (mm) (mm) (inch)"": ""550"", ""D Longitud del tubo de dirección (mm) (mm) (inch)"": ""145"", ""E Ángulo del tubo de dirección (degrees)"": ""73,0°"", ""F Inclinación de la horquilla (mm) (inch)"": ""45"", ""G Trail (mm) (mm) (inch)"": ""59,2"", ""H Distancia entre ejes (mm) (mm) (inch)"": ""980"", ""I Longitud de la vaina (mm) (mm) (inch)"": ""405"", ""J Caída del eje de pedalier (mm) (mm) (inch)"": ""70"", ""K Stack (mm) (mm) (inch)"": ""545"", ""L Reach (mm) (mm) (inch)"": ""388"", ""M Altura del suelo al tubo (mm) (mm) (inch)"": ""752"", ""N Ancho del manillar (mm) (mm) (inch)"": ""400"", ""O Longitud de la potencia (mm) (mm) (inch)"": ""100"", ""P Longitud de las bielas (mm) (mm) (inch)"": ""170""}",3899,false,https://www.giant-bicycles.com/es/tcr-advanced-0-pc-2027,https://www.giant-bicycles.com/es/tcr-advanced-0-pc-2027,html,2026-10-05
Giant,TCR [792ed56c],TCR Advanced 0-PC,2027,carretera,ML,M/L,,177,187,177-187 cm,cm,562,393,"{""A Longitud del tubo del sillín (mm) (inch)"": ""500"", ""B Ángulo del tubo del sillín (degrees)"": ""73,0°"", ""C Longitud del tubo superior (mm) (mm) (inch)"": ""565"", ""D Longitud del tubo de dirección (mm) (mm) (inch)"": ""165"", ""E Ángulo del tubo de dirección (degrees)"": ""73,0°"", ""F Inclinación de la horquilla (mm) (inch)"": ""45"", ""G Trail (mm) (mm) (inch)"": ""59,2"", ""H Distancia entre ejes (mm) (mm) (inch)"": ""991"", ""I Longitud de la vaina (mm) (mm) (inch)"": ""405"", ""J Caída del eje de pedalier (mm) (mm) (inch)"": ""67"", ""K Stack (mm) (mm) (inch)"": ""562"", ""L Reach (mm) (mm) (inch)"": ""393"", ""M Altura del suelo al tubo (mm) (mm) (inch)"": ""768"", ""N Ancho del manillar (mm) (mm) (inch)"": ""400"", ""O Longitud de la potencia (mm) (mm) (inch)"": ""110"", ""P Longitud de las bielas (mm) (mm) (inch)"": ""170""}",3899,false,https://www.giant-bicycles.com/es/tcr-advanced-0-pc-2027,https://www.giant-bicycles.com/es/tcr-advanced-0-pc-2027,html,2026-10-05
Giant,TCR [792ed56c],TCR Advanced 0-PC,2027,carretera,L,L,,183,193,183-193 cm,cm,581,402,"{""A Longitud del tubo del sillín (mm) (inch)"": ""530"", ""B Ángulo del tubo del sillín (degrees)"": ""73,0°"", ""C Longitud del tubo superior (mm) (mm) (inch)"": ""580"", ""D Longitud del tubo de dirección (mm) (mm) (inch)"": ""185"", ""E Ángulo del tubo de dirección (degrees)"": ""73,0°"", ""F Inclinación de la horquilla (mm) (inch)"": ""45"", ""G Trail (mm) (mm) (inch)"": ""59,2"", ""H Distancia entre ejes (mm) (mm) (inch)"": ""1006"", ""I Longitud de la vaina (mm) (mm) (inch)"": ""405"", ""J Caída del eje de pedalier (mm) (mm) (inch)"": ""67"", ""K Stack (mm) (mm) (inch)"": ""581"", ""L Reach (mm) (mm) (inch)"": ""402"", ""M Altura del suelo al tubo (mm) (mm) (inch)"": ""786"", ""N Ancho del manillar (mm) (mm) (inch)"": ""420"", ""O Longitud de la potencia (mm) (mm) (inch)"": ""110"", ""P Longitud de las bielas (mm) (mm) (inch)"": ""172,5""}",3899,false,https://www.giant-bicycles.com/es/tcr-advanced-0-pc-2027,https://www.giant-bicycles.com/es/tcr-advanced-0-pc-2027,html,2026-10-05
Giant,TCR [792ed56c],TCR Advanced 0-PC,2027,carretera,XL,XL,,189,199,189-199 cm,cm,596,412,"{""A Longitud del tubo del sillín (mm) (inch)"": ""560"", ""B Ángulo del tubo del sillín (degrees)"": ""72,5°"", ""C Longitud del tubo superior (mm) (mm) (inch)"": ""600"", ""D Longitud del tubo de dirección (mm) (mm) (inch)"": ""200"", ""E Ángulo del tubo de dirección (degrees)"": ""73,0°"", ""F Inclinación de la horquilla (mm) (inch)"": ""45"", ""G Trail (mm) (mm) (inch)"": ""59,2"", ""H Distancia entre ejes (mm) (mm) (inch)"": ""1020"", ""I Longitud de la vaina (mm) (mm) (inch)"": ""405"", ""J Caída del eje de pedalier (mm) (mm) (inch)"": ""67"", ""K Stack (mm) (mm) (inch)"": ""596"", ""L Reach (mm) (mm) (inch)"": ""412"", ""M Altura del suelo al tubo (mm) (mm) (inch)"": ""803"", ""N Ancho del manillar (mm) (mm) (inch)"": ""420"", ""O Longitud de la potencia (mm) (mm) (inch)"": ""120"", ""P Longitud de las bielas (mm) (mm) (inch)"": ""172,5""}",3899,false,https://www.giant-bicycles.com/es/tcr-advanced-0-pc-2027,https://www.giant-bicycles.com/es/tcr-advanced-0-pc-2027,html,2026-10-05
Giant,TCR [792ed56c],TCR Advanced 2-PC,2027,carretera,XS,XS,,157,169,157-169 cm,cm,517,376,"{""A Longitud del tubo del sillín (mm) (inch)"": ""425"", ""B Ángulo del tubo del sillín (degrees)"": ""74,5°"", ""C Longitud del tubo superior (mm) (mm) (inch)"": ""520"", ""D Longitud del tubo de dirección (mm) (mm) (inch)"": ""120"", ""E Ángulo del tubo de dirección (degrees)"": ""71,0°"", ""F Inclinación de la horquilla (mm) (inch)"": ""45"", ""G Trail (mm) (mm) (inch)"": ""72,1"", ""H Distancia entre ejes (mm) (mm) (inch)"": ""976"", ""I Longitud de la vaina (mm) (mm) (inch)"": ""405"", ""J Caída del eje de pedalier (mm) (mm) (inch)"": ""72"", ""K Stack (mm) (mm) (inch)"": ""517"", ""L Reach (mm) (mm) (inch)"": ""376"", ""M Altura del suelo al tubo (mm) (mm) (inch)"": ""719"", ""N Ancho del manillar (mm) (mm) (inch)"": ""380"", ""O Longitud de la potencia (mm) (mm) (inch)"": ""80"", ""P Longitud de las bielas (mm) (mm) (inch)"": ""165""}",2599,false,https://www.giant-bicycles.com/es/tcr-advanced-2-pc-2027,https://www.giant-bicycles.com/es/tcr-advanced-2-pc-2027,html,2026-10-05
Giant,TCR [792ed56c],TCR Advanced 2-PC,2027,carretera,S,S,,165,175,165-175 cm,cm,528,383,"{""A Longitud del tubo del sillín (mm) (inch)"": ""445"", ""B Ángulo del tubo del sillín (degrees)"": ""74,0°"", ""C Longitud del tubo superior (mm) (mm) (inch)"": ""535"", ""D Longitud del tubo de dirección (mm) (mm) (inch)"": ""130"", ""E Ángulo del tubo de dirección (degrees)"": ""72,3°"", ""F Inclinación de la horquilla (mm) (inch)"": ""45"", ""G Trail (mm) (mm) (inch)"": ""64"", ""H Distancia entre ejes (mm) (mm) (inch)"": ""977"", ""I Longitud de la vaina (mm) (mm) (inch)"": ""405"", ""J Caída del eje de pedalier (mm) (mm) (inch)"": ""70"", ""K Stack (mm) (mm) (inch)"": ""528"", ""L Reach (mm) (mm) (inch)"": ""383"", ""M Altura del suelo al tubo (mm) (mm) (inch)"": ""734"", ""N Ancho del manillar (mm) (mm) (inch)"": ""380"", ""O Longitud de la potencia (mm) (mm) (inch)"": ""90"", ""P Longitud de las bielas (mm) (mm) (inch)"": ""165""}",2599,false,https://www.giant-bicycles.com/es/tcr-advanced-2-pc-2027,https://www.giant-bicycles.com/es/tcr-advanced-2-pc-2027,html,2026-10-05
Giant,TCR [792ed56c],TCR Advanced 2-PC,2027,carretera,M,M,,171,181,171-181 cm,cm,545,388,"{""A Longitud del tubo del sillín (mm) (inch)"": ""470"", ""B Ángulo del tubo del sillín (degrees)"": ""73,5°"", ""C Longitud del tubo superior (mm) (mm) (inch)"": ""550"", ""D Longitud del tubo de dirección (mm) (mm) (inch)"": ""145"", ""E Ángulo del tubo de dirección (degrees)"": ""73,0°"", ""F Inclinación de la horquilla (mm) (inch)"": ""45"", ""G Trail (mm) (mm) (inch)"": ""59,2"", ""H Distancia entre ejes (mm) (mm) (inch)"": ""980"", ""I Longitud de la vaina (mm) (mm) (inch)"": ""405"", ""J Caída del eje de pedalier (mm) (mm) (inch)"": ""70"", ""K Stack (mm) (mm) (inch)"": ""545"", ""L Reach (mm) (mm) (inch)"": ""388"", ""M Altura del suelo al tubo (mm) (mm) (inch)"": ""752"", ""N Ancho del manillar (mm) (mm) (inch)"": ""400"", ""O Longitud de la potencia (mm) (mm) (inch)"": ""100"", ""P Longitud de las bielas (mm) (mm) (inch)"": ""170""}",2599,false,https://www.giant-bicycles.com/es/tcr-advanced-2-pc-2027,https://www.giant-bicycles.com/es/tcr-advanced-2-pc-2027,html,2026-10-05
Giant,TCR [792ed56c],TCR Advanced 2-PC,2027,carretera,ML,M/L,,177,187,177-187 cm,cm,562,393,"{""A Longitud del tubo del sillín (mm) (inch)"": ""500"", ""B Ángulo del tubo del sillín (degrees)"": ""73,0°"", ""C Longitud del tubo superior (mm) (mm) (inch)"": ""565"", ""D Longitud del tubo de dirección (mm) (mm) (inch)"": ""165"", ""E Ángulo del tubo de dirección (degrees)"": ""73,0°"", ""F Inclinación de la horquilla (mm) (inch)"": ""45"", ""G Trail (mm) (mm) (inch)"": ""59,2"", ""H Distancia entre ejes (mm) (mm) (inch)"": ""991"", ""I Longitud de la vaina (mm) (mm) (inch)"": ""405"", ""J Caída del eje de pedalier (mm) (mm) (inch)"": ""67"", ""K Stack (mm) (mm) (inch)"": ""562"", ""L Reach (mm) (mm) (inch)"": ""393"", ""M Altura del suelo al tubo (mm) (mm) (inch)"": ""768"", ""N Ancho del manillar (mm) (mm) (inch)"": ""400"", ""O Longitud de la potencia (mm) (mm) (inch)"": ""110"", ""P Longitud de las bielas (mm) (mm) (inch)"": ""170""}",2599,false,https://www.giant-bicycles.com/es/tcr-advanced-2-pc-2027,https://www.giant-bicycles.com/es/tcr-advanced-2-pc-2027,html,2026-10-05
Giant,TCR [792ed56c],TCR Advanced 2-PC,2027,carretera,L,L,,183,193,183-193 cm,cm,581,402,"{""A Longitud del tubo del sillín (mm) (inch)"": ""530"", ""B Ángulo del tubo del sillín (degrees)"": ""73,0°"", ""C Longitud del tubo superior (mm) (mm) (inch)"": ""580"", ""D Longitud del tubo de dirección (mm) (mm) (inch)"": ""185"", ""E Ángulo del tubo de dirección (degrees)"": ""73,0°"", ""F Inclinación de la horquilla (mm) (inch)"": ""45"", ""G Trail (mm) (mm) (inch)"": ""59,2"", ""H Distancia entre ejes (mm) (mm) (inch)"": ""1006"", ""I Longitud de la vaina (mm) (mm) (inch)"": ""405"", ""J Caída del eje de pedalier (mm) (mm) (inch)"": ""67"", ""K Stack (mm) (mm) (inch)"": ""581"", ""L Reach (mm) (mm) (inch)"": ""402"", ""M Altura del suelo al tubo (mm) (mm) (inch)"": ""786"", ""N Ancho del manillar (mm) (mm) (inch)"": ""420"", ""O Longitud de la potencia (mm) (mm) (inch)"": ""110"", ""P Longitud de las bielas (mm) (mm) (inch)"": ""172,5""}",2599,false,https://www.giant-bicycles.com/es/tcr-advanced-2-pc-2027,https://www.giant-bicycles.com/es/tcr-advanced-2-pc-2027,html,2026-10-05
Giant,TCR [792ed56c],TCR Advanced 2-PC,2027,carretera,XL,XL,,189,199,189-199 cm,cm,596,412,"{""A Longitud del tubo del sillín (mm) (inch)"": ""560"", ""B Ángulo del tubo del sillín (degrees)"": ""72,5°"", ""C Longitud del tubo superior (mm) (mm) (inch)"": ""600"", ""D Longitud del tubo de dirección (mm) (mm) (inch)"": ""200"", ""E Ángulo del tubo de dirección (degrees)"": ""73,0°"", ""F Inclinación de la horquilla (mm) (inch)"": ""45"", ""G Trail (mm) (mm) (inch)"": ""59,2"", ""H Distancia entre ejes (mm) (mm) (inch)"": ""1020"", ""I Longitud de la vaina (mm) (mm) (inch)"": ""405"", ""J Caída del eje de pedalier (mm) (mm) (inch)"": ""67"", ""K Stack (mm) (mm) (inch)"": ""596"", ""L Reach (mm) (mm) (inch)"": ""412"", ""M Altura del suelo al tubo (mm) (mm) (inch)"": ""803"", ""N Ancho del manillar (mm) (mm) (inch)"": ""420"", ""O Longitud de la potencia (mm) (mm) (inch)"": ""120"", ""P Longitud de las bielas (mm) (mm) (inch)"": ""172,5""}",2599,false,https://www.giant-bicycles.com/es/tcr-advanced-2-pc-2027,https://www.giant-bicycles.com/es/tcr-advanced-2-pc-2027,html,2026-10-05
Giant,Defy [f642dcfc],Defy Advanced-Ui2,2027,carretera,XS,XS,,160,168,160-168 cm,cm,527,369,"{""A Longitud del tubo del sillín (mm) (inch)"": ""410"", ""A1 Seat Post Insertion Depth (mm) (inch)"": ""190"", ""B Ángulo del tubo del sillín (degrees)"": ""74,5°"", ""C Longitud del tubo superior (mm) (mm) (inch)"": ""515"", ""D Longitud del tubo de dirección (mm) (mm) (inch)"": ""125"", ""E Ángulo del tubo de dirección (degrees)"": ""70,5°"", ""F Inclinación de la horquilla (mm) (inch)"": ""50"", ""G Trail (mm) (mm) (inch)"": ""71,6"", ""H Distancia entre ejes (mm) (mm) (inch)"": ""995"", ""I Longitud de la vaina (mm) (mm) (inch)"": ""420"", ""J Caída del eje de pedalier (mm) (mm) (inch)"": ""75"", ""K Stack (mm) (mm) (inch)"": ""527"", ""L Reach (mm) (mm) (inch)"": ""369"", ""M Altura del suelo al tubo (mm) (mm) (inch)"": ""705"", ""N Ancho del manillar (mm) (mm) (inch)"": ""410"", ""O Longitud de la potencia (mm) (mm) (inch)"": ""80"", ""P Longitud de las bielas (mm) (mm) (inch)"": ""165""}",4599,false,https://www.giant-bicycles.com/es/defy-advanced-ui2-2027,https://www.giant-bicycles.com/es/defy-advanced-ui2-2027,html,2026-10-05
Giant,Defy [f642dcfc],Defy Advanced-Ui2,2027,carretera,S,S,,166,174,166-174 cm,cm,541,375,"{""A Longitud del tubo del sillín (mm) (inch)"": ""445"", ""A1 Seat Post Insertion Depth (mm) (inch)"": ""190"", ""B Ángulo del tubo del sillín (degrees)"": ""74,0°"", ""C Longitud del tubo superior (mm) (mm) (inch)"": ""530"", ""D Longitud del tubo de dirección (mm) (mm) (inch)"": ""135"", ""E Ángulo del tubo de dirección (degrees)"": ""71,8°"", ""F Inclinación de la horquilla (mm) (inch)"": ""50"", ""G Trail (mm) (mm) (inch)"": ""63,4"", ""H Distancia entre ejes (mm) (mm) (inch)"": ""994"", ""I Longitud de la vaina (mm) (mm) (inch)"": ""420"", ""J Caída del eje de pedalier (mm) (mm) (inch)"": ""75"", ""K Stack (mm) (mm) (inch)"": ""541"", ""L Reach (mm) (mm) (inch)"": ""375"", ""M Altura del suelo al tubo (mm) (mm) (inch)"": ""733"", ""N Ancho del manillar (mm) (mm) (inch)"": ""410"", ""O Longitud de la potencia (mm) (mm) (inch)"": ""90"", ""P Longitud de las bielas (mm) (mm) (inch)"": ""165""}",4599,false,https://www.giant-bicycles.com/es/defy-advanced-ui2-2027,https://www.giant-bicycles.com/es/defy-advanced-ui2-2027,html,2026-10-05
Giant,Defy [f642dcfc],Defy Advanced-Ui2,2027,carretera,M,M,,172,180,172-180 cm,cm,558,380,"{""A Longitud del tubo del sillín (mm) (inch)"": ""480"", ""A1 Seat Post Insertion Depth (mm) (inch)"": ""190"", ""B Ángulo del tubo del sillín (degrees)"": ""73,5°"", ""C Longitud del tubo superior (mm) (mm) (inch)"": ""545"", ""D Longitud del tubo de dirección (mm) (mm) (inch)"": ""150"", ""E Ángulo del tubo de dirección (degrees)"": ""72,5°"", ""F Inclinación de la horquilla (mm) (inch)"": ""50"", ""G Trail (mm) (mm) (inch)"": ""58,6"", ""H Distancia entre ejes (mm) (mm) (inch)"": ""998"", ""I Longitud de la vaina (mm) (mm) (inch)"": ""420"", ""J Caída del eje de pedalier (mm) (mm) (inch)"": ""75"", ""K Stack (mm) (mm) (inch)"": ""558"", ""L Reach (mm) (mm) (inch)"": ""380"", ""M Altura del suelo al tubo (mm) (mm) (inch)"": ""762"", ""N Ancho del manillar (mm) (mm) (inch)"": ""430"", ""O Longitud de la potencia (mm) (mm) (inch)"": ""100"", ""P Longitud de las bielas (mm) (mm) (inch)"": ""170""}",4599,false,https://www.giant-bicycles.com/es/defy-advanced-ui2-2027,https://www.giant-bicycles.com/es/defy-advanced-ui2-2027,html,2026-10-05
Giant,Defy [f642dcfc],Defy Advanced-Ui2,2027,carretera,ML,M/L,,178,186,178-186 cm,cm,577,384,"{""A Longitud del tubo del sillín (mm) (inch)"": ""515"", ""A1 Seat Post Insertion Depth (mm) (inch)"": ""190"", ""B Ángulo del tubo del sillín (degrees)"": ""73,0°"", ""C Longitud del tubo superior (mm) (mm) (inch)"": ""560"", ""D Longitud del tubo de dirección (mm) (mm) (inch)"": ""175"", ""E Ángulo del tubo de dirección (degrees)"": ""72,5°"", ""F Inclinación de la horquilla (mm) (inch)"": ""50"", ""G Trail (mm) (mm) (inch)"": ""58,6"", ""H Distancia entre ejes (mm) (mm) (inch)"": ""1010"", ""I Longitud de la vaina (mm) (mm) (inch)"": ""420"", ""J Caída del eje de pedalier (mm) (mm) (inch)"": ""70"", ""K Stack (mm) (mm) (inch)"": ""577"", ""L Reach (mm) (mm) (inch)"": ""384"", ""M Altura del suelo al tubo (mm) (mm) (inch)"": ""796"", ""N Ancho del manillar (mm) (mm) (inch)"": ""430"", ""O Longitud de la potencia (mm) (mm) (inch)"": ""100"", ""P Longitud de las bielas (mm) (mm) (inch)"": ""170""}",4599,false,https://www.giant-bicycles.com/es/defy-advanced-ui2-2027,https://www.giant-bicycles.com/es/defy-advanced-ui2-2027,html,2026-10-05
Giant,Defy [f642dcfc],Defy Advanced-Ui2,2027,carretera,L,L,,184,192,184-192 cm,cm,596,393,"{""A Longitud del tubo del sillín (mm) (inch)"": ""535"", ""A1 Seat Post Insertion Depth (mm) (inch)"": ""190"", ""B Ángulo del tubo del sillín (degrees)"": ""73,0°"", ""C Longitud del tubo superior (mm) (mm) (inch)"": ""575"", ""D Longitud del tubo de dirección (mm) (mm) (inch)"": ""195"", ""E Ángulo del tubo de dirección (degrees)"": ""72,5°"", ""F Inclinación de la horquilla (mm) (inch)"": ""50"", ""G Trail (mm) (mm) (inch)"": ""58,6"", ""H Distancia entre ejes (mm) (mm) (inch)"": ""1025"", ""I Longitud de la vaina (mm) (mm) (inch)"": ""420"", ""J Caída del eje de pedalier (mm) (mm) (inch)"": ""70"", ""K Stack (mm) (mm) (inch)"": ""596"", ""L Reach (mm) (mm) (inch)"": ""393"", ""M Altura del suelo al tubo (mm) (mm) (inch)"": ""814"", ""N Ancho del manillar (mm) (mm) (inch)"": ""450"", ""O Longitud de la potencia (mm) (mm) (inch)"": ""110"", ""P Longitud de las bielas (mm) (mm) (inch)"": ""172,5""}",4599,false,https://www.giant-bicycles.com/es/defy-advanced-ui2-2027,https://www.giant-bicycles.com/es/defy-advanced-ui2-2027,html,2026-10-05
Giant,Defy [f642dcfc],Defy Advanced-Ui2,2027,carretera,XL,XL,,190,198,190-198 cm,cm,615,402,"{""A Longitud del tubo del sillín (mm) (inch)"": ""565"", ""A1 Seat Post Insertion Depth (mm) (inch)"": ""190"", ""B Ángulo del tubo del sillín (degrees)"": ""73,0°"", ""C Longitud del tubo superior (mm) (mm) (inch)"": ""595"", ""D Longitud del tubo de dirección (mm) (mm) (inch)"": ""215"", ""E Ángulo del tubo de dirección (degrees)"": ""72,5°"", ""F Inclinación de la horquilla (mm) (inch)"": ""50"", ""G Trail (mm) (mm) (inch)"": ""58,6"", ""H Distancia entre ejes (mm) (mm) (inch)"": ""1040"", ""I Longitud de la vaina (mm) (mm) (inch)"": ""420"", ""J Caída del eje de pedalier (mm) (mm) (inch)"": ""70"", ""K Stack (mm) (mm) (inch)"": ""615"", ""L Reach (mm) (mm) (inch)"": ""402"", ""M Altura del suelo al tubo (mm) (mm) (inch)"": ""841"", ""N Ancho del manillar (mm) (mm) (inch)"": ""450"", ""O Longitud de la potencia (mm) (mm) (inch)"": ""110"", ""P Longitud de las bielas (mm) (mm) (inch)"": ""172,5""}",4599,false,https://www.giant-bicycles.com/es/defy-advanced-ui2-2027,https://www.giant-bicycles.com/es/defy-advanced-ui2-2027,html,2026-10-05
Giant,Defy [f642dcfc],Defy Advanced Pro 1,2027,carretera,XS,XS,,160,168,160-168 cm,cm,527,369,"{""A Longitud del tubo del sillín (mm) (inch)"": ""410"", ""A1 Seat Post Insertion Depth (mm) (inch)"": ""190"", ""B Ángulo del tubo del sillín (degrees)"": ""74,5°"", ""C Longitud del tubo superior (mm) (mm) (inch)"": ""515"", ""D Longitud del tubo de dirección (mm) (mm) (inch)"": ""125"", ""E Ángulo del tubo de dirección (degrees)"": ""70,5°"", ""F Inclinación de la horquilla (mm) (inch)"": ""50"", ""G Trail (mm) (mm) (inch)"": ""71,6"", ""H Distancia entre ejes (mm) (mm) (inch)"": ""995"", ""I Longitud de la vaina (mm) (mm) (inch)"": ""420"", ""J Caída del eje de pedalier (mm) (mm) (inch)"": ""75"", ""K Stack (mm) (mm) (inch)"": ""527"", ""L Reach (mm) (mm) (inch)"": ""369"", ""M Altura del suelo al tubo (mm) (mm) (inch)"": ""705"", ""N Ancho del manillar (mm) (mm) (inch)"": ""404"", ""O Longitud de la potencia (mm) (mm) (inch)"": ""80"", ""P Longitud de las bielas (mm) (mm) (inch)"": ""165""}",4999,false,https://www.giant-bicycles.com/es/defy-advanced-pro-1-2027,https://www.giant-bicycles.com/es/defy-advanced-pro-1-2027,html,2026-10-05
Giant,Defy [f642dcfc],Defy Advanced Pro 1,2027,carretera,S,S,,166,174,166-174 cm,cm,541,375,"{""A Longitud del tubo del sillín (mm) (inch)"": ""445"", ""A1 Seat Post Insertion Depth (mm) (inch)"": ""190"", ""B Ángulo del tubo del sillín (degrees)"": ""74,0°"", ""C Longitud del tubo superior (mm) (mm) (inch)"": ""530"", ""D Longitud del tubo de dirección (mm) (mm) (inch)"": ""135"", ""E Ángulo del tubo de dirección (degrees)"": ""71,8°"", ""F Inclinación de la horquilla (mm) (inch)"": ""50"", ""G Trail (mm) (mm) (inch)"": ""63,4"", ""H Distancia entre ejes (mm) (mm) (inch)"": ""994"", ""I Longitud de la vaina (mm) (mm) (inch)"": ""420"", ""J Caída del eje de pedalier (mm) (mm) (inch)"": ""75"", ""K Stack (mm) (mm) (inch)"": ""541"", ""L Reach (mm) (mm) (inch)"": ""375"", ""M Altura del suelo al tubo (mm) (mm) (inch)"": ""733"", ""N Ancho del manillar (mm) (mm) (inch)"": ""404"", ""O Longitud de la potencia (mm) (mm) (inch)"": ""90"", ""P Longitud de las bielas (mm) (mm) (inch)"": ""165""}",4999,false,https://www.giant-bicycles.com/es/defy-advanced-pro-1-2027,https://www.giant-bicycles.com/es/defy-advanced-pro-1-2027,html,2026-10-05
Giant,Defy [f642dcfc],Defy Advanced Pro 1,2027,carretera,M,M,,172,180,172-180 cm,cm,558,380,"{""A Longitud del tubo del sillín (mm) (inch)"": ""480"", ""A1 Seat Post Insertion Depth (mm) (inch)"": ""190"", ""B Ángulo del tubo del sillín (degrees)"": ""73,5°"", ""C Longitud del tubo superior (mm) (mm) (inch)"": ""545"", ""D Longitud del tubo de dirección (mm) (mm) (inch)"": ""150"", ""E Ángulo del tubo de dirección (degrees)"": ""72,5°"", ""F Inclinación de la horquilla (mm) (inch)"": ""50"", ""G Trail (mm) (mm) (inch)"": ""58,6"", ""H Distancia entre ejes (mm) (mm) (inch)"": ""998"", ""I Longitud de la vaina (mm) (mm) (inch)"": ""420"", ""J Caída del eje de pedalier (mm) (mm) (inch)"": ""75"", ""K Stack (mm) (mm) (inch)"": ""558"", ""L Reach (mm) (mm) (inch)"": ""380"", ""M Altura del suelo al tubo (mm) (mm) (inch)"": ""762"", ""N Ancho del manillar (mm) (mm) (inch)"": ""424"", ""O Longitud de la potencia (mm) (mm) (inch)"": ""100"", ""P Longitud de las bielas (mm) (mm) (inch)"": ""170""}",4999,false,https://www.giant-bicycles.com/es/defy-advanced-pro-1-2027,https://www.giant-bicycles.com/es/defy-advanced-pro-1-2027,html,2026-10-05
Giant,Defy [f642dcfc],Defy Advanced Pro 1,2027,carretera,ML,M/L,,178,186,178-186 cm,cm,577,384,"{""A Longitud del tubo del sillín (mm) (inch)"": ""515"", ""A1 Seat Post Insertion Depth (mm) (inch)"": ""190"", ""B Ángulo del tubo del sillín (degrees)"": ""73,0°"", ""C Longitud del tubo superior (mm) (mm) (inch)"": ""560"", ""D Longitud del tubo de dirección (mm) (mm) (inch)"": ""175"", ""E Ángulo del tubo de dirección (degrees)"": ""72,5°"", ""F Inclinación de la horquilla (mm) (inch)"": ""50"", ""G Trail (mm) (mm) (inch)"": ""58,6"", ""H Distancia entre ejes (mm) (mm) (inch)"": ""1010"", ""I Longitud de la vaina (mm) (mm) (inch)"": ""420"", ""J Caída del eje de pedalier (mm) (mm) (inch)"": ""70"", ""K Stack (mm) (mm) (inch)"": ""577"", ""L Reach (mm) (mm) (inch)"": ""384"", ""M Altura del suelo al tubo (mm) (mm) (inch)"": ""796"", ""N Ancho del manillar (mm) (mm) (inch)"": ""424"", ""O Longitud de la potencia (mm) (mm) (inch)"": ""100"", ""P Longitud de las bielas (mm) (mm) (inch)"": ""170""}",4999,false,https://www.giant-bicycles.com/es/defy-advanced-pro-1-2027,https://www.giant-bicycles.com/es/defy-advanced-pro-1-2027,html,2026-10-05
Giant,Defy [f642dcfc],Defy Advanced Pro 1,2027,carretera,L,L,,184,192,184-192 cm,cm,596,393,"{""A Longitud del tubo del sillín (mm) (inch)"": ""535"", ""A1 Seat Post Insertion Depth (mm) (inch)"": ""190"", ""B Ángulo del tubo del sillín (degrees)"": ""73,0°"", ""C Longitud del tubo superior (mm) (mm) (inch)"": ""575"", ""D Longitud del tubo de dirección (mm) (mm) (inch)"": ""195"", ""E Ángulo del tubo de dirección (degrees)"": ""72,5°"", ""F Inclinación de la horquilla (mm) (inch)"": ""50"", ""G Trail (mm) (mm) (inch)"": ""58,6"", ""H Distancia entre ejes (mm) (mm) (inch)"": ""1025"", ""I Longitud de la vaina (mm) (mm) (inch)"": ""420"", ""J Caída del eje de pedalier (mm) (mm) (inch)"": ""70"", ""K Stack (mm) (mm) (inch)"": ""596"", ""L Reach (mm) (mm) (inch)"": ""393"", ""M Altura del suelo al tubo (mm) (mm) (inch)"": ""814"", ""N Ancho del manillar (mm) (mm) (inch)"": ""444"", ""O Longitud de la potencia (mm) (mm) (inch)"": ""110"", ""P Longitud de las bielas (mm) (mm) (inch)"": ""172,5""}",4999,false,https://www.giant-bicycles.com/es/defy-advanced-pro-1-2027,https://www.giant-bicycles.com/es/defy-advanced-pro-1-2027,html,2026-10-05
Giant,Defy [f642dcfc],Defy Advanced Pro 1,2027,carretera,XL,XL,,190,198,190-198 cm,cm,615,402,"{""A Longitud del tubo del sillín (mm) (inch)"": ""565"", ""A1 Seat Post Insertion Depth (mm) (inch)"": ""190"", ""B Ángulo del tubo del sillín (degrees)"": ""73,0°"", ""C Longitud del tubo superior (mm) (mm) (inch)"": ""595"", ""D Longitud del tubo de dirección (mm) (mm) (inch)"": ""215"", ""E Ángulo del tubo de dirección (degrees)"": ""72,5°"", ""F Inclinación de la horquilla (mm) (inch)"": ""50"", ""G Trail (mm) (mm) (inch)"": ""58,6"", ""H Distancia entre ejes (mm) (mm) (inch)"": ""1040"", ""I Longitud de la vaina (mm) (mm) (inch)"": ""420"", ""J Caída del eje de pedalier (mm) (mm) (inch)"": ""70"", ""K Stack (mm) (mm) (inch)"": ""615"", ""L Reach (mm) (mm) (inch)"": ""402"", ""M Altura del suelo al tubo (mm) (mm) (inch)"": ""841"", ""N Ancho del manillar (mm) (mm) (inch)"": ""444"", ""O Longitud de la potencia (mm) (mm) (inch)"": ""110"", ""P Longitud de las bielas (mm) (mm) (inch)"": ""172,5""}",4999,false,https://www.giant-bicycles.com/es/defy-advanced-pro-1-2027,https://www.giant-bicycles.com/es/defy-advanced-pro-1-2027,html,2026-10-05
Giant,Defy [f642dcfc],Defy Advanced 1,2027,carretera,XS,XS,,160,168,160-168 cm,cm,527,369,"{""A Longitud del tubo del sillín (mm) (inch)"": ""410"", ""A1 Seat Post Insertion Depth (mm) (inch)"": ""190"", ""B Ángulo del tubo del sillín (degrees)"": ""74,5°"", ""C Longitud del tubo superior (mm) (mm) (inch)"": ""515"", ""D Longitud del tubo de dirección (mm) (mm) (inch)"": ""125"", ""E Ángulo del tubo de dirección (degrees)"": ""70,5°"", ""F Inclinación de la horquilla (mm) (inch)"": ""50"", ""G Trail (mm) (mm) (inch)"": ""71,6"", ""H Distancia entre ejes (mm) (mm) (inch)"": ""995"", ""I Longitud de la vaina (mm) (mm) (inch)"": ""420"", ""J Caída del eje de pedalier (mm) (mm) (inch)"": ""75"", ""K Stack (mm) (mm) (inch)"": ""527"", ""L Reach (mm) (mm) (inch)"": ""369"", ""M Altura del suelo al tubo (mm) (mm) (inch)"": ""705"", ""N Ancho del manillar (mm) (mm) (inch)"": ""410"", ""O Longitud de la potencia (mm) (mm) (inch)"": ""80"", ""P Longitud de las bielas (mm) (mm) (inch)"": ""165""}",3399,false,https://www.giant-bicycles.com/es/defy-advanced-1-2027,https://www.giant-bicycles.com/es/defy-advanced-1-2027,html,2026-10-05
Giant,Defy [f642dcfc],Defy Advanced 1,2027,carretera,S,S,,166,174,166-174 cm,cm,541,375,"{""A Longitud del tubo del sillín (mm) (inch)"": ""445"", ""A1 Seat Post Insertion Depth (mm) (inch)"": ""190"", ""B Ángulo del tubo del sillín (degrees)"": ""74,0°"", ""C Longitud del tubo superior (mm) (mm) (inch)"": ""530"", ""D Longitud del tubo de dirección (mm) (mm) (inch)"": ""135"", ""E Ángulo del tubo de dirección (degrees)"": ""71,8°"", ""F Inclinación de la horquilla (mm) (inch)"": ""50"", ""G Trail (mm) (mm) (inch)"": ""63,4"", ""H Distancia entre ejes (mm) (mm) (inch)"": ""994"", ""I Longitud de la vaina (mm) (mm) (inch)"": ""420"", ""J Caída del eje de pedalier (mm) (mm) (inch)"": ""75"", ""K Stack (mm) (mm) (inch)"": ""541"", ""L Reach (mm) (mm) (inch)"": ""375"", ""M Altura del suelo al tubo (mm) (mm) (inch)"": ""733"", ""N Ancho del manillar (mm) (mm) (inch)"": ""410"", ""O Longitud de la potencia (mm) (mm) (inch)"": ""90"", ""P Longitud de las bielas (mm) (mm) (inch)"": ""165""}",3399,false,https://www.giant-bicycles.com/es/defy-advanced-1-2027,https://www.giant-bicycles.com/es/defy-advanced-1-2027,html,2026-10-05
Giant,Defy [f642dcfc],Defy Advanced 1,2027,carretera,M,M,,172,180,172-180 cm,cm,558,380,"{""A Longitud del tubo del sillín (mm) (inch)"": ""480"", ""A1 Seat Post Insertion Depth (mm) (inch)"": ""190"", ""B Ángulo del tubo del sillín (degrees)"": ""73,5°"", ""C Longitud del tubo superior (mm) (mm) (inch)"": ""545"", ""D Longitud del tubo de dirección (mm) (mm) (inch)"": ""150"", ""E Ángulo del tubo de dirección (degrees)"": ""72,5°"", ""F Inclinación de la horquilla (mm) (inch)"": ""50"", ""G Trail (mm) (mm) (inch)"": ""58,6"", ""H Distancia entre ejes (mm) (mm) (inch)"": ""998"", ""I Longitud de la vaina (mm) (mm) (inch)"": ""420"", ""J Caída del eje de pedalier (mm) (mm) (inch)"": ""75"", ""K Stack (mm) (mm) (inch)"": ""558"", ""L Reach (mm) (mm) (inch)"": ""380"", ""M Altura del suelo al tubo (mm) (mm) (inch)"": ""762"", ""N Ancho del manillar (mm) (mm) (inch)"": ""430"", ""O Longitud de la potencia (mm) (mm) (inch)"": ""100"", ""P Longitud de las bielas (mm) (mm) (inch)"": ""170""}",3399,false,https://www.giant-bicycles.com/es/defy-advanced-1-2027,https://www.giant-bicycles.com/es/defy-advanced-1-2027,html,2026-10-05
Giant,Defy [f642dcfc],Defy Advanced 1,2027,carretera,ML,M/L,,178,186,178-186 cm,cm,577,384,"{""A Longitud del tubo del sillín (mm) (inch)"": ""515"", ""A1 Seat Post Insertion Depth (mm) (inch)"": ""190"", ""B Ángulo del tubo del sillín (degrees)"": ""73,0°"", ""C Longitud del tubo superior (mm) (mm) (inch)"": ""560"", ""D Longitud del tubo de dirección (mm) (mm) (inch)"": ""175"", ""E Ángulo del tubo de dirección (degrees)"": ""72,5°"", ""F Inclinación de la horquilla (mm) (inch)"": ""50"", ""G Trail (mm) (mm) (inch)"": ""58,6"", ""H Distancia entre ejes (mm) (mm) (inch)"": ""1010"", ""I Longitud de la vaina (mm) (mm) (inch)"": ""420"", ""J Caída del eje de pedalier (mm) (mm) (inch)"": ""70"", ""K Stack (mm) (mm) (inch)"": ""577"", ""L Reach (mm) (mm) (inch)"": ""384"", ""M Altura del suelo al tubo (mm) (mm) (inch)"": ""796"", ""N Ancho del manillar (mm) (mm) (inch)"": ""430"", ""O Longitud de la potencia (mm) (mm) (inch)"": ""100"", ""P Longitud de las bielas (mm) (mm) (inch)"": ""170""}",3399,false,https://www.giant-bicycles.com/es/defy-advanced-1-2027,https://www.giant-bicycles.com/es/defy-advanced-1-2027,html,2026-10-05
Giant,Defy [f642dcfc],Defy Advanced 1,2027,carretera,L,L,,184,192,184-192 cm,cm,596,393,"{""A Longitud del tubo del sillín (mm) (inch)"": ""535"", ""A1 Seat Post Insertion Depth (mm) (inch)"": ""190"", ""B Ángulo del tubo del sillín (degrees)"": ""73,0°"", ""C Longitud del tubo superior (mm) (mm) (inch)"": ""575"", ""D Longitud del tubo de dirección (mm) (mm) (inch)"": ""195"", ""E Ángulo del tubo de dirección (degrees)"": ""72,5°"", ""F Inclinación de la horquilla (mm) (inch)"": ""50"", ""G Trail (mm) (mm) (inch)"": ""58,6"", ""H Distancia entre ejes (mm) (mm) (inch)"": ""1025"", ""I Longitud de la vaina (mm) (mm) (inch)"": ""420"", ""J Caída del eje de pedalier (mm) (mm) (inch)"": ""70"", ""K Stack (mm) (mm) (inch)"": ""596"", ""L Reach (mm) (mm) (inch)"": ""393"", ""M Altura del suelo al tubo (mm) (mm) (inch)"": ""814"", ""N Ancho del manillar (mm) (mm) (inch)"": ""450"", ""O Longitud de la potencia (mm) (mm) (inch)"": ""110"", ""P Longitud de las bielas (mm) (mm) (inch)"": ""172,5""}",3399,false,https://www.giant-bicycles.com/es/defy-advanced-1-2027,https://www.giant-bicycles.com/es/defy-advanced-1-2027,html,2026-10-05
Giant,Defy [f642dcfc],Defy Advanced 1,2027,carretera,XL,XL,,190,198,190-198 cm,cm,615,402,"{""A Longitud del tubo del sillín (mm) (inch)"": ""565"", ""A1 Seat Post Insertion Depth (mm) (inch)"": ""190"", ""B Ángulo del tubo del sillín (degrees)"": ""73,0°"", ""C Longitud del tubo superior (mm) (mm) (inch)"": ""595"", ""D Longitud del tubo de dirección (mm) (mm) (inch)"": ""215"", ""E Ángulo del tubo de dirección (degrees)"": ""72,5°"", ""F Inclinación de la horquilla (mm) (inch)"": ""50"", ""G Trail (mm) (mm) (inch)"": ""58,6"", ""H Distancia entre ejes (mm) (mm) (inch)"": ""1040"", ""I Longitud de la vaina (mm) (mm) (inch)"": ""420"", ""J Caída del eje de pedalier (mm) (mm) (inch)"": ""70"", ""K Stack (mm) (mm) (inch)"": ""615"", ""L Reach (mm) (mm) (inch)"": ""402"", ""M Altura del suelo al tubo (mm) (mm) (inch)"": ""841"", ""N Ancho del manillar (mm) (mm) (inch)"": ""450"", ""O Longitud de la potencia (mm) (mm) (inch)"": ""110"", ""P Longitud de las bielas (mm) (mm) (inch)"": ""172,5""}",3399,false,https://www.giant-bicycles.com/es/defy-advanced-1-2027,https://www.giant-bicycles.com/es/defy-advanced-1-2027,html,2026-10-05
Giant,Defy [f642dcfc],Defy Advanced 2,2027,carretera,XS,XS,,160,168,160-168 cm,cm,527,369,"{""A Longitud del tubo del sillín (mm) (inch)"": ""410"", ""A1 Seat Post Insertion Depth (mm) (inch)"": ""190"", ""B Ángulo del tubo del sillín (degrees)"": ""74,5°"", ""C Longitud del tubo superior (mm) (mm) (inch)"": ""515"", ""D Longitud del tubo de dirección (mm) (mm) (inch)"": ""125"", ""E Ángulo del tubo de dirección (degrees)"": ""70,5°"", ""F Inclinación de la horquilla (mm) (inch)"": ""50"", ""G Trail (mm) (mm) (inch)"": ""71,6"", ""H Distancia entre ejes (mm) (mm) (inch)"": ""995"", ""I Longitud de la vaina (mm) (mm) (inch)"": ""420"", ""J Caída del eje de pedalier (mm) (mm) (inch)"": ""75"", ""K Stack (mm) (mm) (inch)"": ""527"", ""L Reach (mm) (mm) (inch)"": ""369"", ""M Altura del suelo al tubo (mm) (mm) (inch)"": ""705"", ""N Ancho del manillar (mm) (mm) (inch)"": ""410"", ""O Longitud de la potencia (mm) (mm) (inch)"": ""80"", ""P Longitud de las bielas (mm) (mm) (inch)"": ""165""}",2599,false,https://www.giant-bicycles.com/es/defy-advanced-2-2027,https://www.giant-bicycles.com/es/defy-advanced-2-2027,html,2026-10-05
Giant,Defy [f642dcfc],Defy Advanced 2,2027,carretera,S,S,,166,174,166-174 cm,cm,541,375,"{""A Longitud del tubo del sillín (mm) (inch)"": ""445"", ""A1 Seat Post Insertion Depth (mm) (inch)"": ""190"", ""B Ángulo del tubo del sillín (degrees)"": ""74,0°"", ""C Longitud del tubo superior (mm) (mm) (inch)"": ""530"", ""D Longitud del tubo de dirección (mm) (mm) (inch)"": ""135"", ""E Ángulo del tubo de dirección (degrees)"": ""71,8°"", ""F Inclinación de la horquilla (mm) (inch)"": ""50"", ""G Trail (mm) (mm) (inch)"": ""63,4"", ""H Distancia entre ejes (mm) (mm) (inch)"": ""994"", ""I Longitud de la vaina (mm) (mm) (inch)"": ""420"", ""J Caída del eje de pedalier (mm) (mm) (inch)"": ""75"", ""K Stack (mm) (mm) (inch)"": ""541"", ""L Reach (mm) (mm) (inch)"": ""375"", ""M Altura del suelo al tubo (mm) (mm) (inch)"": ""733"", ""N Ancho del manillar (mm) (mm) (inch)"": ""410"", ""O Longitud de la potencia (mm) (mm) (inch)"": ""90"", ""P Longitud de las bielas (mm) (mm) (inch)"": ""165""}",2599,false,https://www.giant-bicycles.com/es/defy-advanced-2-2027,https://www.giant-bicycles.com/es/defy-advanced-2-2027,html,2026-10-05
Giant,Defy [f642dcfc],Defy Advanced 2,2027,carretera,M,M,,172,180,172-180 cm,cm,558,380,"{""A Longitud del tubo del sillín (mm) (inch)"": ""480"", ""A1 Seat Post Insertion Depth (mm) (inch)"": ""190"", ""B Ángulo del tubo del sillín (degrees)"": ""73,5°"", ""C Longitud del tubo superior (mm) (mm) (inch)"": ""545"", ""D Longitud del tubo de dirección (mm) (mm) (inch)"": ""150"", ""E Ángulo del tubo de dirección (degrees)"": ""72,5°"", ""F Inclinación de la horquilla (mm) (inch)"": ""50"", ""G Trail (mm) (mm) (inch)"": ""58,6"", ""H Distancia entre ejes (mm) (mm) (inch)"": ""998"", ""I Longitud de la vaina (mm) (mm) (inch)"": ""420"", ""J Caída del eje de pedalier (mm) (mm) (inch)"": ""75"", ""K Stack (mm) (mm) (inch)"": ""558"", ""L Reach (mm) (mm) (inch)"": ""380"", ""M Altura del suelo al tubo (mm) (mm) (inch)"": ""762"", ""N Ancho del manillar (mm) (mm) (inch)"": ""430"", ""O Longitud de la potencia (mm) (mm) (inch)"": ""100"", ""P Longitud de las bielas (mm) (mm) (inch)"": ""170""}",2599,false,https://www.giant-bicycles.com/es/defy-advanced-2-2027,https://www.giant-bicycles.com/es/defy-advanced-2-2027,html,2026-10-05
Giant,Defy [f642dcfc],Defy Advanced 2,2027,carretera,ML,M/L,,178,186,178-186 cm,cm,577,384,"{""A Longitud del tubo del sillín (mm) (inch)"": ""515"", ""A1 Seat Post Insertion Depth (mm) (inch)"": ""190"", ""B Ángulo del tubo del sillín (degrees)"": ""73,0°"", ""C Longitud del tubo superior (mm) (mm) (inch)"": ""560"", ""D Longitud del tubo de dirección (mm) (mm) (inch)"": ""175"", ""E Ángulo del tubo de dirección (degrees)"": ""72,5°"", ""F Inclinación de la horquilla (mm) (inch)"": ""50"", ""G Trail (mm) (mm) (inch)"": ""58,6"", ""H Distancia entre ejes (mm) (mm) (inch)"": ""1010"", ""I Longitud de la vaina (mm) (mm) (inch)"": ""420"", ""J Caída del eje de pedalier (mm) (mm) (inch)"": ""70"", ""K Stack (mm) (mm) (inch)"": ""577"", ""L Reach (mm) (mm) (inch)"": ""384"", ""M Altura del suelo al tubo (mm) (mm) (inch)"": ""796"", ""N Ancho del manillar (mm) (mm) (inch)"": ""430"", ""O Longitud de la potencia (mm) (mm) (inch)"": ""100"", ""P Longitud de las bielas (mm) (mm) (inch)"": ""170""}",2599,false,https://www.giant-bicycles.com/es/defy-advanced-2-2027,https://www.giant-bicycles.com/es/defy-advanced-2-2027,html,2026-10-05
Giant,Defy [f642dcfc],Defy Advanced 2,2027,carretera,L,L,,184,192,184-192 cm,cm,596,393,"{""A Longitud del tubo del sillín (mm) (inch)"": ""535"", ""A1 Seat Post Insertion Depth (mm) (inch)"": ""190"", ""B Ángulo del tubo del sillín (degrees)"": ""73,0°"", ""C Longitud del tubo superior (mm) (mm) (inch)"": ""575"", ""D Longitud del tubo de dirección (mm) (mm) (inch)"": ""195"", ""E Ángulo del tubo de dirección (degrees)"": ""72,5°"", ""F Inclinación de la horquilla (mm) (inch)"": ""50"", ""G Trail (mm) (mm) (inch)"": ""58,6"", ""H Distancia entre ejes (mm) (mm) (inch)"": ""1025"", ""I Longitud de la vaina (mm) (mm) (inch)"": ""420"", ""J Caída del eje de pedalier (mm) (mm) (inch)"": ""70"", ""K Stack (mm) (mm) (inch)"": ""596"", ""L Reach (mm) (mm) (inch)"": ""393"", ""M Altura del suelo al tubo (mm) (mm) (inch)"": ""814"", ""N Ancho del manillar (mm) (mm) (inch)"": ""450"", ""O Longitud de la potencia (mm) (mm) (inch)"": ""110"", ""P Longitud de las bielas (mm) (mm) (inch)"": ""172,5""}",2599,false,https://www.giant-bicycles.com/es/defy-advanced-2-2027,https://www.giant-bicycles.com/es/defy-advanced-2-2027,html,2026-10-05
Giant,Defy [f642dcfc],Defy Advanced 2,2027,carretera,XL,XL,,190,198,190-198 cm,cm,615,402,"{""A Longitud del tubo del sillín (mm) (inch)"": ""565"", ""A1 Seat Post Insertion Depth (mm) (inch)"": ""190"", ""B Ángulo del tubo del sillín (degrees)"": ""73,0°"", ""C Longitud del tubo superior (mm) (mm) (inch)"": ""595"", ""D Longitud del tubo de dirección (mm) (mm) (inch)"": ""215"", ""E Ángulo del tubo de dirección (degrees)"": ""72,5°"", ""F Inclinación de la horquilla (mm) (inch)"": ""50"", ""G Trail (mm) (mm) (inch)"": ""58,6"", ""H Distancia entre ejes (mm) (mm) (inch)"": ""1040"", ""I Longitud de la vaina (mm) (mm) (inch)"": ""420"", ""J Caída del eje de pedalier (mm) (mm) (inch)"": ""70"", ""K Stack (mm) (mm) (inch)"": ""615"", ""L Reach (mm) (mm) (inch)"": ""402"", ""M Altura del suelo al tubo (mm) (mm) (inch)"": ""841"", ""N Ancho del manillar (mm) (mm) (inch)"": ""450"", ""O Longitud de la potencia (mm) (mm) (inch)"": ""110"", ""P Longitud de las bielas (mm) (mm) (inch)"": ""172,5""}",2599,false,https://www.giant-bicycles.com/es/defy-advanced-2-2027,https://www.giant-bicycles.com/es/defy-advanced-2-2027,html,2026-10-05
Giant,Defy [f642dcfc],Defy Advanced 4,2027,carretera,XS,XS,,160,168,160-168 cm,cm,527,369,"{""A Longitud del tubo del sillín (mm) (inch)"": ""410"", ""A1 Seat Post Insertion Depth (mm) (inch)"": ""190"", ""B Ángulo del tubo del sillín (degrees)"": ""74,5°"", ""C Longitud del tubo superior (mm) (mm) (inch)"": ""515"", ""D Longitud del tubo de dirección (mm) (mm) (inch)"": ""125"", ""E Ángulo del tubo de dirección (degrees)"": ""70,5°"", ""F Inclinación de la horquilla (mm) (inch)"": ""50"", ""G Trail (mm) (mm) (inch)"": ""71,6"", ""H Distancia entre ejes (mm) (mm) (inch)"": ""995"", ""I Longitud de la vaina (mm) (mm) (inch)"": ""420"", ""J Caída del eje de pedalier (mm) (mm) (inch)"": ""75"", ""K Stack (mm) (mm) (inch)"": ""527"", ""L Reach (mm) (mm) (inch)"": ""369"", ""M Altura del suelo al tubo (mm) (mm) (inch)"": ""705"", ""N Ancho del manillar (mm) (mm) (inch)"": ""410"", ""O Longitud de la potencia (mm) (mm) (inch)"": ""80"", ""P Longitud de las bielas (mm) (mm) (inch)"": ""165""}",1999,false,https://www.giant-bicycles.com/es/defy-advanced-4-2027,https://www.giant-bicycles.com/es/defy-advanced-4-2027,html,2026-10-05
Giant,Defy [f642dcfc],Defy Advanced 4,2027,carretera,S,S,,166,174,166-174 cm,cm,541,375,"{""A Longitud del tubo del sillín (mm) (inch)"": ""445"", ""A1 Seat Post Insertion Depth (mm) (inch)"": ""190"", ""B Ángulo del tubo del sillín (degrees)"": ""74,0°"", ""C Longitud del tubo superior (mm) (mm) (inch)"": ""530"", ""D Longitud del tubo de dirección (mm) (mm) (inch)"": ""135"", ""E Ángulo del tubo de dirección (degrees)"": ""71,8°"", ""F Inclinación de la horquilla (mm) (inch)"": ""50"", ""G Trail (mm) (mm) (inch)"": ""63,4"", ""H Distancia entre ejes (mm) (mm) (inch)"": ""994"", ""I Longitud de la vaina (mm) (mm) (inch)"": ""420"", ""J Caída del eje de pedalier (mm) (mm) (inch)"": ""75"", ""K Stack (mm) (mm) (inch)"": ""541"", ""L Reach (mm) (mm) (inch)"": ""375"", ""M Altura del suelo al tubo (mm) (mm) (inch)"": ""733"", ""N Ancho del manillar (mm) (mm) (inch)"": ""410"", ""O Longitud de la potencia (mm) (mm) (inch)"": ""90"", ""P Longitud de las bielas (mm) (mm) (inch)"": ""165""}",1999,false,https://www.giant-bicycles.com/es/defy-advanced-4-2027,https://www.giant-bicycles.com/es/defy-advanced-4-2027,html,2026-10-05
Giant,Defy [f642dcfc],Defy Advanced 4,2027,carretera,M,M,,172,180,172-180 cm,cm,558,380,"{""A Longitud del tubo del sillín (mm) (inch)"": ""480"", ""A1 Seat Post Insertion Depth (mm) (inch)"": ""190"", ""B Ángulo del tubo del sillín (degrees)"": ""73,5°"", ""C Longitud del tubo superior (mm) (mm) (inch)"": ""545"", ""D Longitud del tubo de dirección (mm) (mm) (inch)"": ""150"", ""E Ángulo del tubo de dirección (degrees)"": ""72,5°"", ""F Inclinación de la horquilla (mm) (inch)"": ""50"", ""G Trail (mm) (mm) (inch)"": ""58,6"", ""H Distancia entre ejes (mm) (mm) (inch)"": ""998"", ""I Longitud de la vaina (mm) (mm) (inch)"": ""420"", ""J Caída del eje de pedalier (mm) (mm) (inch)"": ""75"", ""K Stack (mm) (mm) (inch)"": ""558"", ""L Reach (mm) (mm) (inch)"": ""380"", ""M Altura del suelo al tubo (mm) (mm) (inch)"": ""762"", ""N Ancho del manillar (mm) (mm) (inch)"": ""430"", ""O Longitud de la potencia (mm) (mm) (inch)"": ""100"", ""P Longitud de las bielas (mm) (mm) (inch)"": ""170""}",1999,false,https://www.giant-bicycles.com/es/defy-advanced-4-2027,https://www.giant-bicycles.com/es/defy-advanced-4-2027,html,2026-10-05
Giant,Defy [f642dcfc],Defy Advanced 4,2027,carretera,ML,M/L,,178,186,178-186 cm,cm,577,384,"{""A Longitud del tubo del sillín (mm) (inch)"": ""515"", ""A1 Seat Post Insertion Depth (mm) (inch)"": ""190"", ""B Ángulo del tubo del sillín (degrees)"": ""73,0°"", ""C Longitud del tubo superior (mm) (mm) (inch)"": ""560"", ""D Longitud del tubo de dirección (mm) (mm) (inch)"": ""175"", ""E Ángulo del tubo de dirección (degrees)"": ""72,5°"", ""F Inclinación de la horquilla (mm) (inch)"": ""50"", ""G Trail (mm) (mm) (inch)"": ""58,6"", ""H Distancia entre ejes (mm) (mm) (inch)"": ""1010"", ""I Longitud de la vaina (mm) (mm) (inch)"": ""420"", ""J Caída del eje de pedalier (mm) (mm) (inch)"": ""70"", ""K Stack (mm) (mm) (inch)"": ""577"", ""L Reach (mm) (mm) (inch)"": ""384"", ""M Altura del suelo al tubo (mm) (mm) (inch)"": ""796"", ""N Ancho del manillar (mm) (mm) (inch)"": ""430"", ""O Longitud de la potencia (mm) (mm) (inch)"": ""100"", ""P Longitud de las bielas (mm) (mm) (inch)"": ""170""}",1999,false,https://www.giant-bicycles.com/es/defy-advanced-4-2027,https://www.giant-bicycles.com/es/defy-advanced-4-2027,html,2026-10-05
Giant,Defy [f642dcfc],Defy Advanced 4,2027,carretera,L,L,,184,192,184-192 cm,cm,596,393,"{""A Longitud del tubo del sillín (mm) (inch)"": ""535"", ""A1 Seat Post Insertion Depth (mm) (inch)"": ""190"", ""B Ángulo del tubo del sillín (degrees)"": ""73,0°"", ""C Longitud del tubo superior (mm) (mm) (inch)"": ""575"", ""D Longitud del tubo de dirección (mm) (mm) (inch)"": ""195"", ""E Ángulo del tubo de dirección (degrees)"": ""72,5°"", ""F Inclinación de la horquilla (mm) (inch)"": ""50"", ""G Trail (mm) (mm) (inch)"": ""58,6"", ""H Distancia entre ejes (mm) (mm) (inch)"": ""1025"", ""I Longitud de la vaina (mm) (mm) (inch)"": ""420"", ""J Caída del eje de pedalier (mm) (mm) (inch)"": ""70"", ""K Stack (mm) (mm) (inch)"": ""596"", ""L Reach (mm) (mm) (inch)"": ""393"", ""M Altura del suelo al tubo (mm) (mm) (inch)"": ""814"", ""N Ancho del manillar (mm) (mm) (inch)"": ""450"", ""O Longitud de la potencia (mm) (mm) (inch)"": ""110"", ""P Longitud de las bielas (mm) (mm) (inch)"": ""172,5""}",1999,false,https://www.giant-bicycles.com/es/defy-advanced-4-2027,https://www.giant-bicycles.com/es/defy-advanced-4-2027,html,2026-10-05
Giant,Defy [f642dcfc],Defy Advanced 4,2027,carretera,XL,XL,,190,198,190-198 cm,cm,615,402,"{""A Longitud del tubo del sillín (mm) (inch)"": ""565"", ""A1 Seat Post Insertion Depth (mm) (inch)"": ""190"", ""B Ángulo del tubo del sillín (degrees)"": ""73,0°"", ""C Longitud del tubo superior (mm) (mm) (inch)"": ""595"", ""D Longitud del tubo de dirección (mm) (mm) (inch)"": ""215"", ""E Ángulo del tubo de dirección (degrees)"": ""72,5°"", ""F Inclinación de la horquilla (mm) (inch)"": ""50"", ""G Trail (mm) (mm) (inch)"": ""58,6"", ""H Distancia entre ejes (mm) (mm) (inch)"": ""1040"", ""I Longitud de la vaina (mm) (mm) (inch)"": ""420"", ""J Caída del eje de pedalier (mm) (mm) (inch)"": ""70"", ""K Stack (mm) (mm) (inch)"": ""615"", ""L Reach (mm) (mm) (inch)"": ""402"", ""M Altura del suelo al tubo (mm) (mm) (inch)"": ""841"", ""N Ancho del manillar (mm) (mm) (inch)"": ""450"", ""O Longitud de la potencia (mm) (mm) (inch)"": ""110"", ""P Longitud de las bielas (mm) (mm) (inch)"": ""172,5""}",1999,false,https://www.giant-bicycles.com/es/defy-advanced-4-2027,https://www.giant-bicycles.com/es/defy-advanced-4-2027,html,2026-10-05
Giant,Defy [f642dcfc],Defy Advanced Pro 0,2027,carretera,XS,XS,,160,168,160-168 cm,cm,527,369,"{""A Longitud del tubo del sillín (mm) (inch)"": ""410"", ""A1 Seat Post Insertion Depth (mm) (inch)"": ""190"", ""B Ángulo del tubo del sillín (degrees)"": ""74,5°"", ""C Longitud del tubo superior (mm) (mm) (inch)"": ""515"", ""D Longitud del tubo de dirección (mm) (mm) (inch)"": ""125"", ""E Ángulo del tubo de dirección (degrees)"": ""70,5°"", ""F Inclinación de la horquilla (mm) (inch)"": ""50"", ""G Trail (mm) (mm) (inch)"": ""71,6"", ""H Distancia entre ejes (mm) (mm) (inch)"": ""995"", ""I Longitud de la vaina (mm) (mm) (inch)"": ""420"", ""J Caída del eje de pedalier (mm) (mm) (inch)"": ""75"", ""K Stack (mm) (mm) (inch)"": ""527"", ""L Reach (mm) (mm) (inch)"": ""369"", ""M Altura del suelo al tubo (mm) (mm) (inch)"": ""705"", ""N Ancho del manillar (mm) (mm) (inch)"": ""404"", ""O Longitud de la potencia (mm) (mm) (inch)"": ""80"", ""P Longitud de las bielas (mm) (mm) (inch)"": ""165""}",6399,false,https://www.giant-bicycles.com/es/defy-advanced-pro-0-2027,https://www.giant-bicycles.com/es/defy-advanced-pro-0-2027,html,2026-10-05
Giant,Defy [f642dcfc],Defy Advanced Pro 0,2027,carretera,S,S,,166,174,166-174 cm,cm,541,375,"{""A Longitud del tubo del sillín (mm) (inch)"": ""445"", ""A1 Seat Post Insertion Depth (mm) (inch)"": ""190"", ""B Ángulo del tubo del sillín (degrees)"": ""74,0°"", ""C Longitud del tubo superior (mm) (mm) (inch)"": ""530"", ""D Longitud del tubo de dirección (mm) (mm) (inch)"": ""135"", ""E Ángulo del tubo de dirección (degrees)"": ""71,8°"", ""F Inclinación de la horquilla (mm) (inch)"": ""50"", ""G Trail (mm) (mm) (inch)"": ""63,4"", ""H Distancia entre ejes (mm) (mm) (inch)"": ""994"", ""I Longitud de la vaina (mm) (mm) (inch)"": ""420"", ""J Caída del eje de pedalier (mm) (mm) (inch)"": ""75"", ""K Stack (mm) (mm) (inch)"": ""541"", ""L Reach (mm) (mm) (inch)"": ""375"", ""M Altura del suelo al tubo (mm) (mm) (inch)"": ""733"", ""N Ancho del manillar (mm) (mm) (inch)"": ""404"", ""O Longitud de la potencia (mm) (mm) (inch)"": ""90"", ""P Longitud de las bielas (mm) (mm) (inch)"": ""165""}",6399,false,https://www.giant-bicycles.com/es/defy-advanced-pro-0-2027,https://www.giant-bicycles.com/es/defy-advanced-pro-0-2027,html,2026-10-05
Giant,Defy [f642dcfc],Defy Advanced Pro 0,2027,carretera,M,M,,172,180,172-180 cm,cm,558,380,"{""A Longitud del tubo del sillín (mm) (inch)"": ""480"", ""A1 Seat Post Insertion Depth (mm) (inch)"": ""190"", ""B Ángulo del tubo del sillín (degrees)"": ""73,5°"", ""C Longitud del tubo superior (mm) (mm) (inch)"": ""545"", ""D Longitud del tubo de dirección (mm) (mm) (inch)"": ""150"", ""E Ángulo del tubo de dirección (degrees)"": ""72,5°"", ""F Inclinación de la horquilla (mm) (inch)"": ""50"", ""G Trail (mm) (mm) (inch)"": ""58,6"", ""H Distancia entre ejes (mm) (mm) (inch)"": ""998"", ""I Longitud de la vaina (mm) (mm) (inch)"": ""420"", ""J Caída del eje de pedalier (mm) (mm) (inch)"": ""75"", ""K Stack (mm) (mm) (inch)"": ""558"", ""L Reach (mm) (mm) (inch)"": ""380"", ""M Altura del suelo al tubo (mm) (mm) (inch)"": ""762"", ""N Ancho del manillar (mm) (mm) (inch)"": ""424"", ""O Longitud de la potencia (mm) (mm) (inch)"": ""100"", ""P Longitud de las bielas (mm) (mm) (inch)"": ""170""}",6399,false,https://www.giant-bicycles.com/es/defy-advanced-pro-0-2027,https://www.giant-bicycles.com/es/defy-advanced-pro-0-2027,html,2026-10-05
Giant,Defy [f642dcfc],Defy Advanced Pro 0,2027,carretera,ML,M/L,,178,186,178-186 cm,cm,577,384,"{""A Longitud del tubo del sillín (mm) (inch)"": ""515"", ""A1 Seat Post Insertion Depth (mm) (inch)"": ""190"", ""B Ángulo del tubo del sillín (degrees)"": ""73,0°"", ""C Longitud del tubo superior (mm) (mm) (inch)"": ""560"", ""D Longitud del tubo de dirección (mm) (mm) (inch)"": ""175"", ""E Ángulo del tubo de dirección (degrees)"": ""72,5°"", ""F Inclinación de la horquilla (mm) (inch)"": ""50"", ""G Trail (mm) (mm) (inch)"": ""58,6"", ""H Distancia entre ejes (mm) (mm) (inch)"": ""1010"", ""I Longitud de la vaina (mm) (mm) (inch)"": ""420"", ""J Caída del eje de pedalier (mm) (mm) (inch)"": ""70"", ""K Stack (mm) (mm) (inch)"": ""577"", ""L Reach (mm) (mm) (inch)"": ""384"", ""M Altura del suelo al tubo (mm) (mm) (inch)"": ""796"", ""N Ancho del manillar (mm) (mm) (inch)"": ""424"", ""O Longitud de la potencia (mm) (mm) (inch)"": ""100"", ""P Longitud de las bielas (mm) (mm) (inch)"": ""170""}",6399,false,https://www.giant-bicycles.com/es/defy-advanced-pro-0-2027,https://www.giant-bicycles.com/es/defy-advanced-pro-0-2027,html,2026-10-05
Giant,Defy [f642dcfc],Defy Advanced Pro 0,2027,carretera,L,L,,184,192,184-192 cm,cm,596,393,"{""A Longitud del tubo del sillín (mm) (inch)"": ""535"", ""A1 Seat Post Insertion Depth (mm) (inch)"": ""190"", ""B Ángulo del tubo del sillín (degrees)"": ""73,0°"", ""C Longitud del tubo superior (mm) (mm) (inch)"": ""575"", ""D Longitud del tubo de dirección (mm) (mm) (inch)"": ""195"", ""E Ángulo del tubo de dirección (degrees)"": ""72,5°"", ""F Inclinación de la horquilla (mm) (inch)"": ""50"", ""G Trail (mm) (mm) (inch)"": ""58,6"", ""H Distancia entre ejes (mm) (mm) (inch)"": ""1025"", ""I Longitud de la vaina (mm) (mm) (inch)"": ""420"", ""J Caída del eje de pedalier (mm) (mm) (inch)"": ""70"", ""K Stack (mm) (mm) (inch)"": ""596"", ""L Reach (mm) (mm) (inch)"": ""393"", ""M Altura del suelo al tubo (mm) (mm) (inch)"": ""814"", ""N Ancho del manillar (mm) (mm) (inch)"": ""444"", ""O Longitud de la potencia (mm) (mm) (inch)"": ""110"", ""P Longitud de las bielas (mm) (mm) (inch)"": ""172,5""}",6399,false,https://www.giant-bicycles.com/es/defy-advanced-pro-0-2027,https://www.giant-bicycles.com/es/defy-advanced-pro-0-2027,html,2026-10-05
Giant,Defy [f642dcfc],Defy Advanced Pro 0,2027,carretera,XL,XL,,190,198,190-198 cm,cm,615,402,"{""A Longitud del tubo del sillín (mm) (inch)"": ""565"", ""A1 Seat Post Insertion Depth (mm) (inch)"": ""190"", ""B Ángulo del tubo del sillín (degrees)"": ""73,0°"", ""C Longitud del tubo superior (mm) (mm) (inch)"": ""595"", ""D Longitud del tubo de dirección (mm) (mm) (inch)"": ""215"", ""E Ángulo del tubo de dirección (degrees)"": ""72,5°"", ""F Inclinación de la horquilla (mm) (inch)"": ""50"", ""G Trail (mm) (mm) (inch)"": ""58,6"", ""H Distancia entre ejes (mm) (mm) (inch)"": ""1040"", ""I Longitud de la vaina (mm) (mm) (inch)"": ""420"", ""J Caída del eje de pedalier (mm) (mm) (inch)"": ""70"", ""K Stack (mm) (mm) (inch)"": ""615"", ""L Reach (mm) (mm) (inch)"": ""402"", ""M Altura del suelo al tubo (mm) (mm) (inch)"": ""841"", ""N Ancho del manillar (mm) (mm) (inch)"": ""444"", ""O Longitud de la potencia (mm) (mm) (inch)"": ""110"", ""P Longitud de las bielas (mm) (mm) (inch)"": ""172,5""}",6399,false,https://www.giant-bicycles.com/es/defy-advanced-pro-0-2027,https://www.giant-bicycles.com/es/defy-advanced-pro-0-2027,html,2026-10-05
Giant,Revolt Advanced SL [c21dc431],Revolt Advanced SL 0,2027,gravel,XS,XS,,155,166,155-166 cm,cm,525,389,"{""A Longitud del tubo del sillín (mm) (inch)"": ""430"", ""B Ángulo del tubo del sillín (degrees)"": ""75,0°"", ""C Longitud del tubo superior (mm) (mm) (inch)"": ""530"", ""D Longitud del tubo de dirección (mm) (mm) (inch)"": ""90"", ""E Ángulo del tubo de dirección (degrees)"": ""70,5°"", ""F Inclinación de la horquilla (mm) (inch)"": ""50"", ""G Trail (mm) (mm) (inch)"": ""78"", ""H Distancia entre ejes (mm) (mm) (inch)"": ""1026"", ""I Longitud de la vaina (mm) (mm) (inch)"": ""433"", ""J Caída del eje de pedalier (mm) (mm) (inch)"": ""80"", ""K Stack (mm) (mm) (inch)"": ""525"", ""L Reach (mm) (mm) (inch)"": ""389"", ""M Altura del suelo al tubo (mm) (mm) (inch)"": ""726"", ""N Ancho del manillar (mm) (mm) (inch)"": ""380"", ""O Longitud de la potencia (mm) (mm) (inch)"": ""70"", ""P Longitud de las bielas (mm) (mm) (inch)"": ""165"", ""Q Tamaño de ruedas"": ""700C""}",9999,false,https://www.giant-bicycles.com/es/revolt-advanced-sl-0-2027,https://www.giant-bicycles.com/es/revolt-advanced-sl-0-2027,html,2026-10-05
Giant,Revolt Advanced SL [c21dc431],Revolt Advanced SL 0,2027,gravel,S,S,,159,171,159-171 cm,cm,536,391,"{""A Longitud del tubo del sillín (mm) (inch)"": ""450"", ""B Ángulo del tubo del sillín (degrees)"": ""74,5°"", ""C Longitud del tubo superior (mm) (mm) (inch)"": ""540"", ""D Longitud del tubo de dirección (mm) (mm) (inch)"": ""100"", ""E Ángulo del tubo de dirección (degrees)"": ""71,0°"", ""F Inclinación de la horquilla (mm) (inch)"": ""50"", ""G Trail (mm) (mm) (inch)"": ""74"", ""H Distancia entre ejes (mm) (mm) (inch)"": ""1027"", ""I Longitud de la vaina (mm) (mm) (inch)"": ""433"", ""J Caída del eje de pedalier (mm) (mm) (inch)"": ""80"", ""K Stack (mm) (mm) (inch)"": ""536"", ""L Reach (mm) (mm) (inch)"": ""391"", ""M Altura del suelo al tubo (mm) (mm) (inch)"": ""743"", ""N Ancho del manillar (mm) (mm) (inch)"": ""380"", ""O Longitud de la potencia (mm) (mm) (inch)"": ""80"", ""P Longitud de las bielas (mm) (mm) (inch)"": ""165"", ""Q Tamaño de ruedas"": ""700C""}",9999,false,https://www.giant-bicycles.com/es/revolt-advanced-sl-0-2027,https://www.giant-bicycles.com/es/revolt-advanced-sl-0-2027,html,2026-10-05
Giant,Revolt Advanced SL [c21dc431],Revolt Advanced SL 0,2027,gravel,M,M,,169,181,169-181 cm,cm,557,395,"{""A Longitud del tubo del sillín (mm) (inch)"": ""470"", ""B Ángulo del tubo del sillín (degrees)"": ""74,5°"", ""C Longitud del tubo superior (mm) (mm) (inch)"": ""550"", ""D Longitud del tubo de dirección (mm) (mm) (inch)"": ""120"", ""E Ángulo del tubo de dirección (degrees)"": ""71,5°"", ""F Inclinación de la horquilla (mm) (inch)"": ""50"", ""G Trail (mm) (mm) (inch)"": ""71"", ""H Distancia entre ejes (mm) (mm) (inch)"": ""1033"", ""I Longitud de la vaina (mm) (mm) (inch)"": ""433"", ""J Caída del eje de pedalier (mm) (mm) (inch)"": ""80"", ""K Stack (mm) (mm) (inch)"": ""557"", ""L Reach (mm) (mm) (inch)"": ""395"", ""M Altura del suelo al tubo (mm) (mm) (inch)"": ""762"", ""N Ancho del manillar (mm) (mm) (inch)"": ""400"", ""O Longitud de la potencia (mm) (mm) (inch)"": ""90"", ""P Longitud de las bielas (mm) (mm) (inch)"": ""170"", ""Q Tamaño de ruedas"": ""700C""}",9999,false,https://www.giant-bicycles.com/es/revolt-advanced-sl-0-2027,https://www.giant-bicycles.com/es/revolt-advanced-sl-0-2027,html,2026-10-05
Giant,Revolt Advanced SL [c21dc431],Revolt Advanced SL 0,2027,gravel,ML,M/L,,174,186,174-186 cm,cm,573,401,"{""A Longitud del tubo del sillín (mm) (inch)"": ""490"", ""B Ángulo del tubo del sillín (degrees)"": ""74,0°"", ""C Longitud del tubo superior (mm) (mm) (inch)"": ""565"", ""D Longitud del tubo de dirección (mm) (mm) (inch)"": ""135"", ""E Ángulo del tubo de dirección (degrees)"": ""72,0°"", ""F Inclinación de la horquilla (mm) (inch)"": ""50"", ""G Trail (mm) (mm) (inch)"": ""67"", ""H Distancia entre ejes (mm) (mm) (inch)"": ""1039"", ""I Longitud de la vaina (mm) (mm) (inch)"": ""433"", ""J Caída del eje de pedalier (mm) (mm) (inch)"": ""80"", ""K Stack (mm) (mm) (inch)"": ""573"", ""L Reach (mm) (mm) (inch)"": ""401"", ""M Altura del suelo al tubo (mm) (mm) (inch)"": ""779"", ""N Ancho del manillar (mm) (mm) (inch)"": ""400"", ""O Longitud de la potencia (mm) (mm) (inch)"": ""100"", ""P Longitud de las bielas (mm) (mm) (inch)"": ""170"", ""Q Tamaño de ruedas"": ""700C""}",9999,false,https://www.giant-bicycles.com/es/revolt-advanced-sl-0-2027,https://www.giant-bicycles.com/es/revolt-advanced-sl-0-2027,html,2026-10-05
Giant,Revolt Advanced SL [c21dc431],Revolt Advanced SL 0,2027,gravel,L,L,,179,191,179-191 cm,cm,592,410,"{""A Longitud del tubo del sillín (mm) (inch)"": ""510"", ""B Ángulo del tubo del sillín (degrees)"": ""74,0°"", ""C Longitud del tubo superior (mm) (mm) (inch)"": ""580"", ""D Longitud del tubo de dirección (mm) (mm) (inch)"": ""155"", ""E Ángulo del tubo de dirección (degrees)"": ""72,0°"", ""F Inclinación de la horquilla (mm) (inch)"": ""50"", ""G Trail (mm) (mm) (inch)"": ""67"", ""H Distancia entre ejes (mm) (mm) (inch)"": ""1055"", ""I Longitud de la vaina (mm) (mm) (inch)"": ""433"", ""J Caída del eje de pedalier (mm) (mm) (inch)"": ""80"", ""K Stack (mm) (mm) (inch)"": ""592"", ""L Reach (mm) (mm) (inch)"": ""410"", ""M Altura del suelo al tubo (mm) (mm) (inch)"": ""798"", ""N Ancho del manillar (mm) (mm) (inch)"": ""420"", ""O Longitud de la potencia (mm) (mm) (inch)"": ""100"", ""P Longitud de las bielas (mm) (mm) (inch)"": ""172,5"", ""Q Tamaño de ruedas"": ""700C""}",9999,false,https://www.giant-bicycles.com/es/revolt-advanced-sl-0-2027,https://www.giant-bicycles.com/es/revolt-advanced-sl-0-2027,html,2026-10-05
Giant,Revolt Advanced SL [c21dc431],Revolt Advanced SL 0,2027,gravel,XL,XL,,189,200,189-200 cm,cm,616,413,"{""A Longitud del tubo del sillín (mm) (inch)"": ""530"", ""B Ángulo del tubo del sillín (degrees)"": ""74,0°"", ""C Longitud del tubo superior (mm) (mm) (inch)"": ""590"", ""D Longitud del tubo de dirección (mm) (mm) (inch)"": ""180"", ""E Ángulo del tubo de dirección (degrees)"": ""72,0°"", ""F Inclinación de la horquilla (mm) (inch)"": ""50"", ""G Trail (mm) (mm) (inch)"": ""67"", ""H Distancia entre ejes (mm) (mm) (inch)"": ""1066"", ""I Longitud de la vaina (mm) (mm) (inch)"": ""433"", ""J Caída del eje de pedalier (mm) (mm) (inch)"": ""80"", ""K Stack (mm) (mm) (inch)"": ""616"", ""L Reach (mm) (mm) (inch)"": ""413"", ""M Altura del suelo al tubo (mm) (mm) (inch)"": ""818"", ""N Ancho del manillar (mm) (mm) (inch)"": ""420"", ""O Longitud de la potencia (mm) (mm) (inch)"": ""110"", ""P Longitud de las bielas (mm) (mm) (inch)"": ""172,5"", ""Q Tamaño de ruedas"": ""700C""}",9999,false,https://www.giant-bicycles.com/es/revolt-advanced-sl-0-2027,https://www.giant-bicycles.com/es/revolt-advanced-sl-0-2027,html,2026-10-05
Giant,Revolt Advanced SL [c21dc431],Revolt Advanced SL 1,2027,gravel,XS,XS,,155,166,155-166 cm,cm,525,389,"{""A Longitud del tubo del sillín (mm) (inch)"": ""430"", ""B Ángulo del tubo del sillín (degrees)"": ""75,0°"", ""C Longitud del tubo superior (mm) (mm) (inch)"": ""530"", ""D Longitud del tubo de dirección (mm) (mm) (inch)"": ""90"", ""E Ángulo del tubo de dirección (degrees)"": ""70,5°"", ""F Inclinación de la horquilla (mm) (inch)"": ""50"", ""G Trail (mm) (mm) (inch)"": ""78"", ""H Distancia entre ejes (mm) (mm) (inch)"": ""1026"", ""I Longitud de la vaina (mm) (mm) (inch)"": ""433"", ""J Caída del eje de pedalier (mm) (mm) (inch)"": ""80"", ""K Stack (mm) (mm) (inch)"": ""525"", ""L Reach (mm) (mm) (inch)"": ""389"", ""M Altura del suelo al tubo (mm) (mm) (inch)"": ""726"", ""N Ancho del manillar (mm) (mm) (inch)"": ""380"", ""O Longitud de la potencia (mm) (mm) (inch)"": ""70"", ""P Longitud de las bielas (mm) (mm) (inch)"": ""165"", ""Q Tamaño de ruedas"": ""700C""}",7599,false,https://www.giant-bicycles.com/es/revolt-advanced-sl-1-2027,https://www.giant-bicycles.com/es/revolt-advanced-sl-1-2027,html,2026-10-05
Giant,Revolt Advanced SL [c21dc431],Revolt Advanced SL 1,2027,gravel,S,S,,159,171,159-171 cm,cm,536,391,"{""A Longitud del tubo del sillín (mm) (inch)"": ""450"", ""B Ángulo del tubo del sillín (degrees)"": ""74,5°"", ""C Longitud del tubo superior (mm) (mm) (inch)"": ""540"", ""D Longitud del tubo de dirección (mm) (mm) (inch)"": ""100"", ""E Ángulo del tubo de dirección (degrees)"": ""71,0°"", ""F Inclinación de la horquilla (mm) (inch)"": ""50"", ""G Trail (mm) (mm) (inch)"": ""74"", ""H Distancia entre ejes (mm) (mm) (inch)"": ""1027"", ""I Longitud de la vaina (mm) (mm) (inch)"": ""433"", ""J Caída del eje de pedalier (mm) (mm) (inch)"": ""80"", ""K Stack (mm) (mm) (inch)"": ""536"", ""L Reach (mm) (mm) (inch)"": ""391"", ""M Altura del suelo al tubo (mm) (mm) (inch)"": ""743"", ""N Ancho del manillar (mm) (mm) (inch)"": ""380"", ""O Longitud de la potencia (mm) (mm) (inch)"": ""80"", ""P Longitud de las bielas (mm) (mm) (inch)"": ""165"", ""Q Tamaño de ruedas"": ""700C""}",7599,false,https://www.giant-bicycles.com/es/revolt-advanced-sl-1-2027,https://www.giant-bicycles.com/es/revolt-advanced-sl-1-2027,html,2026-10-05
Giant,Revolt Advanced SL [c21dc431],Revolt Advanced SL 1,2027,gravel,M,M,,169,181,169-181 cm,cm,557,395,"{""A Longitud del tubo del sillín (mm) (inch)"": ""470"", ""B Ángulo del tubo del sillín (degrees)"": ""74,5°"", ""C Longitud del tubo superior (mm) (mm) (inch)"": ""550"", ""D Longitud del tubo de dirección (mm) (mm) (inch)"": ""120"", ""E Ángulo del tubo de dirección (degrees)"": ""71,5°"", ""F Inclinación de la horquilla (mm) (inch)"": ""50"", ""G Trail (mm) (mm) (inch)"": ""71"", ""H Distancia entre ejes (mm) (mm) (inch)"": ""1033"", ""I Longitud de la vaina (mm) (mm) (inch)"": ""433"", ""J Caída del eje de pedalier (mm) (mm) (inch)"": ""80"", ""K Stack (mm) (mm) (inch)"": ""557"", ""L Reach (mm) (mm) (inch)"": ""395"", ""M Altura del suelo al tubo (mm) (mm) (inch)"": ""762"", ""N Ancho del manillar (mm) (mm) (inch)"": ""400"", ""O Longitud de la potencia (mm) (mm) (inch)"": ""90"", ""P Longitud de las bielas (mm) (mm) (inch)"": ""170"", ""Q Tamaño de ruedas"": ""700C""}",7599,false,https://www.giant-bicycles.com/es/revolt-advanced-sl-1-2027,https://www.giant-bicycles.com/es/revolt-advanced-sl-1-2027,html,2026-10-05
Giant,Revolt Advanced SL [c21dc431],Revolt Advanced SL 1,2027,gravel,ML,M/L,,174,186,174-186 cm,cm,573,401,"{""A Longitud del tubo del sillín (mm) (inch)"": ""490"", ""B Ángulo del tubo del sillín (degrees)"": ""74,0°"", ""C Longitud del tubo superior (mm) (mm) (inch)"": ""565"", ""D Longitud del tubo de dirección (mm) (mm) (inch)"": ""135"", ""E Ángulo del tubo de dirección (degrees)"": ""72,0°"", ""F Inclinación de la horquilla (mm) (inch)"": ""50"", ""G Trail (mm) (mm) (inch)"": ""67"", ""H Distancia entre ejes (mm) (mm) (inch)"": ""1039"", ""I Longitud de la vaina (mm) (mm) (inch)"": ""433"", ""J Caída del eje de pedalier (mm) (mm) (inch)"": ""80"", ""K Stack (mm) (mm) (inch)"": ""573"", ""L Reach (mm) (mm) (inch)"": ""401"", ""M Altura del suelo al tubo (mm) (mm) (inch)"": ""779"", ""N Ancho del manillar (mm) (mm) (inch)"": ""400"", ""O Longitud de la potencia (mm) (mm) (inch)"": ""100"", ""P Longitud de las bielas (mm) (mm) (inch)"": ""170"", ""Q Tamaño de ruedas"": ""700C""}",7599,false,https://www.giant-bicycles.com/es/revolt-advanced-sl-1-2027,https://www.giant-bicycles.com/es/revolt-advanced-sl-1-2027,html,2026-10-05
Giant,Revolt Advanced SL [c21dc431],Revolt Advanced SL 1,2027,gravel,L,L,,179,191,179-191 cm,cm,592,410,"{""A Longitud del tubo del sillín (mm) (inch)"": ""510"", ""B Ángulo del tubo del sillín (degrees)"": ""74,0°"", ""C Longitud del tubo superior (mm) (mm) (inch)"": ""580"", ""D Longitud del tubo de dirección (mm) (mm) (inch)"": ""155"", ""E Ángulo del tubo de dirección (degrees)"": ""72,0°"", ""F Inclinación de la horquilla (mm) (inch)"": ""50"", ""G Trail (mm) (mm) (inch)"": ""67"", ""H Distancia entre ejes (mm) (mm) (inch)"": ""1055"", ""I Longitud de la vaina (mm) (mm) (inch)"": ""433"", ""J Caída del eje de pedalier (mm) (mm) (inch)"": ""80"", ""K Stack (mm) (mm) (inch)"": ""592"", ""L Reach (mm) (mm) (inch)"": ""410"", ""M Altura del suelo al tubo (mm) (mm) (inch)"": ""798"", ""N Ancho del manillar (mm) (mm) (inch)"": ""420"", ""O Longitud de la potencia (mm) (mm) (inch)"": ""100"", ""P Longitud de las bielas (mm) (mm) (inch)"": ""172,5"", ""Q Tamaño de ruedas"": ""700C""}",7599,false,https://www.giant-bicycles.com/es/revolt-advanced-sl-1-2027,https://www.giant-bicycles.com/es/revolt-advanced-sl-1-2027,html,2026-10-05
Giant,Revolt Advanced SL [c21dc431],Revolt Advanced SL 1,2027,gravel,XL,XL,,189,200,189-200 cm,cm,616,413,"{""A Longitud del tubo del sillín (mm) (inch)"": ""530"", ""B Ángulo del tubo del sillín (degrees)"": ""74,0°"", ""C Longitud del tubo superior (mm) (mm) (inch)"": ""590"", ""D Longitud del tubo de dirección (mm) (mm) (inch)"": ""180"", ""E Ángulo del tubo de dirección (degrees)"": ""72,0°"", ""F Inclinación de la horquilla (mm) (inch)"": ""50"", ""G Trail (mm) (mm) (inch)"": ""67"", ""H Distancia entre ejes (mm) (mm) (inch)"": ""1066"", ""I Longitud de la vaina (mm) (mm) (inch)"": ""433"", ""J Caída del eje de pedalier (mm) (mm) (inch)"": ""80"", ""K Stack (mm) (mm) (inch)"": ""616"", ""L Reach (mm) (mm) (inch)"": ""413"", ""M Altura del suelo al tubo (mm) (mm) (inch)"": ""818"", ""N Ancho del manillar (mm) (mm) (inch)"": ""420"", ""O Longitud de la potencia (mm) (mm) (inch)"": ""110"", ""P Longitud de las bielas (mm) (mm) (inch)"": ""172,5"", ""Q Tamaño de ruedas"": ""700C""}",7599,false,https://www.giant-bicycles.com/es/revolt-advanced-sl-1-2027,https://www.giant-bicycles.com/es/revolt-advanced-sl-1-2027,html,2026-10-05
Giant,Revolt Advanced SL [c21dc431],Revolt Advanced SL 2,2027,gravel,XS,XS,,155,166,155-166 cm,cm,525,389,"{""A Longitud del tubo del sillín (mm) (inch)"": ""430"", ""B Ángulo del tubo del sillín (degrees)"": ""75,0°"", ""C Longitud del tubo superior (mm) (mm) (inch)"": ""530"", ""D Longitud del tubo de dirección (mm) (mm) (inch)"": ""90"", ""E Ángulo del tubo de dirección (degrees)"": ""70,5°"", ""F Inclinación de la horquilla (mm) (inch)"": ""50"", ""G Trail (mm) (mm) (inch)"": ""78"", ""H Distancia entre ejes (mm) (mm) (inch)"": ""1026"", ""I Longitud de la vaina (mm) (mm) (inch)"": ""433"", ""J Caída del eje de pedalier (mm) (mm) (inch)"": ""80"", ""K Stack (mm) (mm) (inch)"": ""525"", ""L Reach (mm) (mm) (inch)"": ""389"", ""M Altura del suelo al tubo (mm) (mm) (inch)"": ""726"", ""N Ancho del manillar (mm) (mm) (inch)"": ""380"", ""O Longitud de la potencia (mm) (mm) (inch)"": ""70"", ""P Longitud de las bielas (mm) (mm) (inch)"": ""165"", ""Q Tamaño de ruedas"": ""700C""}",6599,false,https://www.giant-bicycles.com/es/revolt-advanced-sl-2-2027,https://www.giant-bicycles.com/es/revolt-advanced-sl-2-2027,html,2026-10-05
Giant,Revolt Advanced SL [c21dc431],Revolt Advanced SL 2,2027,gravel,S,S,,159,171,159-171 cm,cm,536,391,"{""A Longitud del tubo del sillín (mm) (inch)"": ""450"", ""B Ángulo del tubo del sillín (degrees)"": ""74,5°"", ""C Longitud del tubo superior (mm) (mm) (inch)"": ""540"", ""D Longitud del tubo de dirección (mm) (mm) (inch)"": ""100"", ""E Ángulo del tubo de dirección (degrees)"": ""71,0°"", ""F Inclinación de la horquilla (mm) (inch)"": ""50"", ""G Trail (mm) (mm) (inch)"": ""74"", ""H Distancia entre ejes (mm) (mm) (inch)"": ""1027"", ""I Longitud de la vaina (mm) (mm) (inch)"": ""433"", ""J Caída del eje de pedalier (mm) (mm) (inch)"": ""80"", ""K Stack (mm) (mm) (inch)"": ""536"", ""L Reach (mm) (mm) (inch)"": ""391"", ""M Altura del suelo al tubo (mm) (mm) (inch)"": ""743"", ""N Ancho del manillar (mm) (mm) (inch)"": ""380"", ""O Longitud de la potencia (mm) (mm) (inch)"": ""80"", ""P Longitud de las bielas (mm) (mm) (inch)"": ""165"", ""Q Tamaño de ruedas"": ""700C""}",6599,false,https://www.giant-bicycles.com/es/revolt-advanced-sl-2-2027,https://www.giant-bicycles.com/es/revolt-advanced-sl-2-2027,html,2026-10-05
Giant,Revolt Advanced SL [c21dc431],Revolt Advanced SL 2,2027,gravel,M,M,,169,181,169-181 cm,cm,557,395,"{""A Longitud del tubo del sillín (mm) (inch)"": ""470"", ""B Ángulo del tubo del sillín (degrees)"": ""74,5°"", ""C Longitud del tubo superior (mm) (mm) (inch)"": ""550"", ""D Longitud del tubo de dirección (mm) (mm) (inch)"": ""120"", ""E Ángulo del tubo de dirección (degrees)"": ""71,5°"", ""F Inclinación de la horquilla (mm) (inch)"": ""50"", ""G Trail (mm) (mm) (inch)"": ""71"", ""H Distancia entre ejes (mm) (mm) (inch)"": ""1033"", ""I Longitud de la vaina (mm) (mm) (inch)"": ""433"", ""J Caída del eje de pedalier (mm) (mm) (inch)"": ""80"", ""K Stack (mm) (mm) (inch)"": ""557"", ""L Reach (mm) (mm) (inch)"": ""395"", ""M Altura del suelo al tubo (mm) (mm) (inch)"": ""762"", ""N Ancho del manillar (mm) (mm) (inch)"": ""400"", ""O Longitud de la potencia (mm) (mm) (inch)"": ""90"", ""P Longitud de las bielas (mm) (mm) (inch)"": ""170"", ""Q Tamaño de ruedas"": ""700C""}",6599,false,https://www.giant-bicycles.com/es/revolt-advanced-sl-2-2027,https://www.giant-bicycles.com/es/revolt-advanced-sl-2-2027,html,2026-10-05
Giant,Revolt Advanced SL [c21dc431],Revolt Advanced SL 2,2027,gravel,ML,M/L,,174,186,174-186 cm,cm,573,401,"{""A Longitud del tubo del sillín (mm) (inch)"": ""490"", ""B Ángulo del tubo del sillín (degrees)"": ""74,0°"", ""C Longitud del tubo superior (mm) (mm) (inch)"": ""565"", ""D Longitud del tubo de dirección (mm) (mm) (inch)"": ""135"", ""E Ángulo del tubo de dirección (degrees)"": ""72,0°"", ""F Inclinación de la horquilla (mm) (inch)"": ""50"", ""G Trail (mm) (mm) (inch)"": ""67"", ""H Distancia entre ejes (mm) (mm) (inch)"": ""1039"", ""I Longitud de la vaina (mm) (mm) (inch)"": ""433"", ""J Caída del eje de pedalier (mm) (mm) (inch)"": ""80"", ""K Stack (mm) (mm) (inch)"": ""573"", ""L Reach (mm) (mm) (inch)"": ""401"", ""M Altura del suelo al tubo (mm) (mm) (inch)"": ""779"", ""N Ancho del manillar (mm) (mm) (inch)"": ""400"", ""O Longitud de la potencia (mm) (mm) (inch)"": ""100"", ""P Longitud de las bielas (mm) (mm) (inch)"": ""170"", ""Q Tamaño de ruedas"": ""700C""}",6599,false,https://www.giant-bicycles.com/es/revolt-advanced-sl-2-2027,https://www.giant-bicycles.com/es/revolt-advanced-sl-2-2027,html,2026-10-05
Giant,Revolt Advanced SL [c21dc431],Revolt Advanced SL 2,2027,gravel,L,L,,179,191,179-191 cm,cm,592,410,"{""A Longitud del tubo del sillín (mm) (inch)"": ""510"", ""B Ángulo del tubo del sillín (degrees)"": ""74,0°"", ""C Longitud del tubo superior (mm) (mm) (inch)"": ""580"", ""D Longitud del tubo de dirección (mm) (mm) (inch)"": ""155"", ""E Ángulo del tubo de dirección (degrees)"": ""72,0°"", ""F Inclinación de la horquilla (mm) (inch)"": ""50"", ""G Trail (mm) (mm) (inch)"": ""67"", ""H Distancia entre ejes (mm) (mm) (inch)"": ""1055"", ""I Longitud de la vaina (mm) (mm) (inch)"": ""433"", ""J Caída del eje de pedalier (mm) (mm) (inch)"": ""80"", ""K Stack (mm) (mm) (inch)"": ""592"", ""L Reach (mm) (mm) (inch)"": ""410"", ""M Altura del suelo al tubo (mm) (mm) (inch)"": ""798"", ""N Ancho del manillar (mm) (mm) (inch)"": ""420"", ""O Longitud de la potencia (mm) (mm) (inch)"": ""100"", ""P Longitud de las bielas (mm) (mm) (inch)"": ""172,5"", ""Q Tamaño de ruedas"": ""700C""}",6599,false,https://www.giant-bicycles.com/es/revolt-advanced-sl-2-2027,https://www.giant-bicycles.com/es/revolt-advanced-sl-2-2027,html,2026-10-05
Giant,Revolt Advanced SL [c21dc431],Revolt Advanced SL 2,2027,gravel,XL,XL,,189,200,189-200 cm,cm,616,413,"{""A Longitud del tubo del sillín (mm) (inch)"": ""530"", ""B Ángulo del tubo del sillín (degrees)"": ""74,0°"", ""C Longitud del tubo superior (mm) (mm) (inch)"": ""590"", ""D Longitud del tubo de dirección (mm) (mm) (inch)"": ""180"", ""E Ángulo del tubo de dirección (degrees)"": ""72,0°"", ""F Inclinación de la horquilla (mm) (inch)"": ""50"", ""G Trail (mm) (mm) (inch)"": ""67"", ""H Distancia entre ejes (mm) (mm) (inch)"": ""1066"", ""I Longitud de la vaina (mm) (mm) (inch)"": ""433"", ""J Caída del eje de pedalier (mm) (mm) (inch)"": ""80"", ""K Stack (mm) (mm) (inch)"": ""616"", ""L Reach (mm) (mm) (inch)"": ""413"", ""M Altura del suelo al tubo (mm) (mm) (inch)"": ""818"", ""N Ancho del manillar (mm) (mm) (inch)"": ""420"", ""O Longitud de la potencia (mm) (mm) (inch)"": ""110"", ""P Longitud de las bielas (mm) (mm) (inch)"": ""172,5"", ""Q Tamaño de ruedas"": ""700C""}",6599,false,https://www.giant-bicycles.com/es/revolt-advanced-sl-2-2027,https://www.giant-bicycles.com/es/revolt-advanced-sl-2-2027,html,2026-10-05
Giant,TCR Advanced SL [eab74205],TCR Advanced SL 0-Red,2027,carretera,XS,XS,,157,169,157-169 cm,cm,517,376,"{""A Longitud del tubo del sillín (mm) (inch)"": ""680"", ""B Ángulo del tubo del sillín (degrees)"": ""74,5°"", ""C Longitud del tubo superior (mm) (mm) (inch)"": ""520"", ""D Longitud del tubo de dirección (mm) (mm) (inch)"": ""120"", ""E Ángulo del tubo de dirección (degrees)"": ""71,0°"", ""F Inclinación de la horquilla (mm) (inch)"": ""45"", ""G Trail (mm) (mm) (inch)"": ""72,1"", ""H Distancia entre ejes (mm) (mm) (inch)"": ""976"", ""I Longitud de la vaina (mm) (mm) (inch)"": ""405"", ""J Caída del eje de pedalier (mm) (mm) (inch)"": ""72"", ""K Stack (mm) (mm) (inch)"": ""517"", ""L Reach (mm) (mm) (inch)"": ""376"", ""M Altura del suelo al tubo (mm) (mm) (inch)"": ""719"", ""N Ancho del manillar (mm) (mm) (inch)"": ""420"", ""O Longitud de la potencia (mm) (mm) (inch)"": ""80"", ""P Longitud de las bielas (mm) (mm) (inch)"": ""165""}",11799,false,https://www.giant-bicycles.com/es/tcr-advanced-sl-0-red-2027,https://www.giant-bicycles.com/es/tcr-advanced-sl-0-red-2027,html,2026-10-05
Giant,TCR Advanced SL [eab74205],TCR Advanced SL 0-Red,2027,carretera,S,S,,165,175,165-175 cm,cm,528,383,"{""A Longitud del tubo del sillín (mm) (inch)"": ""710"", ""B Ángulo del tubo del sillín (degrees)"": ""74,0°"", ""C Longitud del tubo superior (mm) (mm) (inch)"": ""535"", ""D Longitud del tubo de dirección (mm) (mm) (inch)"": ""130"", ""E Ángulo del tubo de dirección (degrees)"": ""72,3°"", ""F Inclinación de la horquilla (mm) (inch)"": ""45"", ""G Trail (mm) (mm) (inch)"": ""64"", ""H Distancia entre ejes (mm) (mm) (inch)"": ""977"", ""I Longitud de la vaina (mm) (mm) (inch)"": ""405"", ""J Caída del eje de pedalier (mm) (mm) (inch)"": ""70"", ""K Stack (mm) (mm) (inch)"": ""528"", ""L Reach (mm) (mm) (inch)"": ""383"", ""M Altura del suelo al tubo (mm) (mm) (inch)"": ""734"", ""N Ancho del manillar (mm) (mm) (inch)"": ""420"", ""O Longitud de la potencia (mm) (mm) (inch)"": ""90"", ""P Longitud de las bielas (mm) (mm) (inch)"": ""165""}",11799,false,https://www.giant-bicycles.com/es/tcr-advanced-sl-0-red-2027,https://www.giant-bicycles.com/es/tcr-advanced-sl-0-red-2027,html,2026-10-05
Giant,TCR Advanced SL [eab74205],TCR Advanced SL 0-Red,2027,carretera,M,M,,171,181,171-181 cm,cm,545,388,"{""A Longitud del tubo del sillín (mm) (inch)"": ""740"", ""B Ángulo del tubo del sillín (degrees)"": ""73,5°"", ""C Longitud del tubo superior (mm) (mm) (inch)"": ""550"", ""D Longitud del tubo de dirección (mm) (mm) (inch)"": ""145"", ""E Ángulo del tubo de dirección (degrees)"": ""73,0°"", ""F Inclinación de la horquilla (mm) (inch)"": ""45"", ""G Trail (mm) (mm) (inch)"": ""59,2"", ""H Distancia entre ejes (mm) (mm) (inch)"": ""980"", ""I Longitud de la vaina (mm) (mm) (inch)"": ""405"", ""J Caída del eje de pedalier (mm) (mm) (inch)"": ""70"", ""K Stack (mm) (mm) (inch)"": ""545"", ""L Reach (mm) (mm) (inch)"": ""388"", ""M Altura del suelo al tubo (mm) (mm) (inch)"": ""752"", ""N Ancho del manillar (mm) (mm) (inch)"": ""440"", ""O Longitud de la potencia (mm) (mm) (inch)"": ""100"", ""P Longitud de las bielas (mm) (mm) (inch)"": ""170""}",11799,false,https://www.giant-bicycles.com/es/tcr-advanced-sl-0-red-2027,https://www.giant-bicycles.com/es/tcr-advanced-sl-0-red-2027,html,2026-10-05
Giant,TCR Advanced SL [eab74205],TCR Advanced SL 0-Red,2027,carretera,ML,M/L,,177,187,177-187 cm,cm,562,393,"{""A Longitud del tubo del sillín (mm) (inch)"": ""770"", ""B Ángulo del tubo del sillín (degrees)"": ""73,0°"", ""C Longitud del tubo superior (mm) (mm) (inch)"": ""565"", ""D Longitud del tubo de dirección (mm) (mm) (inch)"": ""165"", ""E Ángulo del tubo de dirección (degrees)"": ""73,0°"", ""F Inclinación de la horquilla (mm) (inch)"": ""45"", ""G Trail (mm) (mm) (inch)"": ""59,2"", ""H Distancia entre ejes (mm) (mm) (inch)"": ""991"", ""I Longitud de la vaina (mm) (mm) (inch)"": ""405"", ""J Caída del eje de pedalier (mm) (mm) (inch)"": ""67"", ""K Stack (mm) (mm) (inch)"": ""562"", ""L Reach (mm) (mm) (inch)"": ""393"", ""M Altura del suelo al tubo (mm) (mm) (inch)"": ""768"", ""N Ancho del manillar (mm) (mm) (inch)"": ""440"", ""O Longitud de la potencia (mm) (mm) (inch)"": ""110"", ""P Longitud de las bielas (mm) (mm) (inch)"": ""170""}",11799,false,https://www.giant-bicycles.com/es/tcr-advanced-sl-0-red-2027,https://www.giant-bicycles.com/es/tcr-advanced-sl-0-red-2027,html,2026-10-05
Giant,TCR Advanced SL [eab74205],TCR Advanced SL 0-Red,2027,carretera,L,L,,183,193,183-193 cm,cm,581,402,"{""A Longitud del tubo del sillín (mm) (inch)"": ""800"", ""B Ángulo del tubo del sillín (degrees)"": ""73,0°"", ""C Longitud del tubo superior (mm) (mm) (inch)"": ""580"", ""D Longitud del tubo de dirección (mm) (mm) (inch)"": ""185"", ""E Ángulo del tubo de dirección (degrees)"": ""73,0°"", ""F Inclinación de la horquilla (mm) (inch)"": ""45"", ""G Trail (mm) (mm) (inch)"": ""59,2"", ""H Distancia entre ejes (mm) (mm) (inch)"": ""1006"", ""I Longitud de la vaina (mm) (mm) (inch)"": ""405"", ""J Caída del eje de pedalier (mm) (mm) (inch)"": ""67"", ""K Stack (mm) (mm) (inch)"": ""581"", ""L Reach (mm) (mm) (inch)"": ""402"", ""M Altura del suelo al tubo (mm) (mm) (inch)"": ""786"", ""N Ancho del manillar (mm) (mm) (inch)"": ""440"", ""O Longitud de la potencia (mm) (mm) (inch)"": ""110"", ""P Longitud de las bielas (mm) (mm) (inch)"": ""172,5""}",11799,false,https://www.giant-bicycles.com/es/tcr-advanced-sl-0-red-2027,https://www.giant-bicycles.com/es/tcr-advanced-sl-0-red-2027,html,2026-10-05
Giant,TCR Advanced SL [eab74205],TCR Advanced SL 0-Red,2027,carretera,XL,XL,,189,199,189-199 cm,cm,596,412,"{""A Longitud del tubo del sillín (mm) (inch)"": ""830"", ""B Ángulo del tubo del sillín (degrees)"": ""72,5°"", ""C Longitud del tubo superior (mm) (mm) (inch)"": ""600"", ""D Longitud del tubo de dirección (mm) (mm) (inch)"": ""200"", ""E Ángulo del tubo de dirección (degrees)"": ""73,0°"", ""F Inclinación de la horquilla (mm) (inch)"": ""45"", ""G Trail (mm) (mm) (inch)"": ""59,2"", ""H Distancia entre ejes (mm) (mm) (inch)"": ""1020"", ""I Longitud de la vaina (mm) (mm) (inch)"": ""405"", ""J Caída del eje de pedalier (mm) (mm) (inch)"": ""67"", ""K Stack (mm) (mm) (inch)"": ""596"", ""L Reach (mm) (mm) (inch)"": ""412"", ""M Altura del suelo al tubo (mm) (mm) (inch)"": ""803"", ""N Ancho del manillar (mm) (mm) (inch)"": ""440"", ""O Longitud de la potencia (mm) (mm) (inch)"": ""120"", ""P Longitud de las bielas (mm) (mm) (inch)"": ""172,5""}",11799,false,https://www.giant-bicycles.com/es/tcr-advanced-sl-0-red-2027,https://www.giant-bicycles.com/es/tcr-advanced-sl-0-red-2027,html,2026-10-05
Giant,TCR Advanced SL [eab74205],TCR Advanced SL 1,2027,carretera,XS,XS,,157,169,157-169 cm,cm,517,376,"{""A Longitud del tubo del sillín (mm) (inch)"": ""680"", ""B Ángulo del tubo del sillín (degrees)"": ""74,5°"", ""C Longitud del tubo superior (mm) (mm) (inch)"": ""520"", ""D Longitud del tubo de dirección (mm) (mm) (inch)"": ""120"", ""E Ángulo del tubo de dirección (degrees)"": ""71,0°"", ""F Inclinación de la horquilla (mm) (inch)"": ""45"", ""G Trail (mm) (mm) (inch)"": ""72,1"", ""H Distancia entre ejes (mm) (mm) (inch)"": ""976"", ""I Longitud de la vaina (mm) (mm) (inch)"": ""405"", ""J Caída del eje de pedalier (mm) (mm) (inch)"": ""72"", ""K Stack (mm) (mm) (inch)"": ""517"", ""L Reach (mm) (mm) (inch)"": ""376"", ""M Altura del suelo al tubo (mm) (mm) (inch)"": ""719"", ""N Ancho del manillar (mm) (mm) (inch)"": ""420"", ""O Longitud de la potencia (mm) (mm) (inch)"": ""80"", ""P Longitud de las bielas (mm) (mm) (inch)"": ""165""}",,,https://www.giant-bicycles.com/es/tcr-advanced-sl-1-2027,https://www.giant-bicycles.com/es/tcr-advanced-sl-1-2027,html,2026-10-05
Giant,TCR Advanced SL [eab74205],TCR Advanced SL 1,2027,carretera,S,S,,165,175,165-175 cm,cm,528,383,"{""A Longitud del tubo del sillín (mm) (inch)"": ""710"", ""B Ángulo del tubo del sillín (degrees)"": ""74,0°"", ""C Longitud del tubo superior (mm) (mm) (inch)"": ""535"", ""D Longitud del tubo de dirección (mm) (mm) (inch)"": ""130"", ""E Ángulo del tubo de dirección (degrees)"": ""72,3°"", ""F Inclinación de la horquilla (mm) (inch)"": ""45"", ""G Trail (mm) (mm) (inch)"": ""64"", ""H Distancia entre ejes (mm) (mm) (inch)"": ""977"", ""I Longitud de la vaina (mm) (mm) (inch)"": ""405"", ""J Caída del eje de pedalier (mm) (mm) (inch)"": ""70"", ""K Stack (mm) (mm) (inch)"": ""528"", ""L Reach (mm) (mm) (inch)"": ""383"", ""M Altura del suelo al tubo (mm) (mm) (inch)"": ""734"", ""N Ancho del manillar (mm) (mm) (inch)"": ""420"", ""O Longitud de la potencia (mm) (mm) (inch)"": ""90"", ""P Longitud de las bielas (mm) (mm) (inch)"": ""165""}",,,https://www.giant-bicycles.com/es/tcr-advanced-sl-1-2027,https://www.giant-bicycles.com/es/tcr-advanced-sl-1-2027,html,2026-10-05
Giant,TCR Advanced SL [eab74205],TCR Advanced SL 1,2027,carretera,M,M,,171,181,171-181 cm,cm,545,388,"{""A Longitud del tubo del sillín (mm) (inch)"": ""740"", ""B Ángulo del tubo del sillín (degrees)"": ""73,5°"", ""C Longitud del tubo superior (mm) (mm) (inch)"": ""550"", ""D Longitud del tubo de dirección (mm) (mm) (inch)"": ""145"", ""E Ángulo del tubo de dirección (degrees)"": ""73,0°"", ""F Inclinación de la horquilla (mm) (inch)"": ""45"", ""G Trail (mm) (mm) (inch)"": ""59,2"", ""H Distancia entre ejes (mm) (mm) (inch)"": ""980"", ""I Longitud de la vaina (mm) (mm) (inch)"": ""405"", ""J Caída del eje de pedalier (mm) (mm) (inch)"": ""70"", ""K Stack (mm) (mm) (inch)"": ""545"", ""L Reach (mm) (mm) (inch)"": ""388"", ""M Altura del suelo al tubo (mm) (mm) (inch)"": ""752"", ""N Ancho del manillar (mm) (mm) (inch)"": ""440"", ""O Longitud de la potencia (mm) (mm) (inch)"": ""100"", ""P Longitud de las bielas (mm) (mm) (inch)"": ""170""}",,,https://www.giant-bicycles.com/es/tcr-advanced-sl-1-2027,https://www.giant-bicycles.com/es/tcr-advanced-sl-1-2027,html,2026-10-05
Giant,TCR Advanced SL [eab74205],TCR Advanced SL 1,2027,carretera,ML,M/L,,177,187,177-187 cm,cm,562,393,"{""A Longitud del tubo del sillín (mm) (inch)"": ""770"", ""B Ángulo del tubo del sillín (degrees)"": ""73,0°"", ""C Longitud del tubo superior (mm) (mm) (inch)"": ""565"", ""D Longitud del tubo de dirección (mm) (mm) (inch)"": ""165"", ""E Ángulo del tubo de dirección (degrees)"": ""73,0°"", ""F Inclinación de la horquilla (mm) (inch)"": ""45"", ""G Trail (mm) (mm) (inch)"": ""59,2"", ""H Distancia entre ejes (mm) (mm) (inch)"": ""991"", ""I Longitud de la vaina (mm) (mm) (inch)"": ""405"", ""J Caída del eje de pedalier (mm) (mm) (inch)"": ""67"", ""K Stack (mm) (mm) (inch)"": ""562"", ""L Reach (mm) (mm) (inch)"": ""393"", ""M Altura del suelo al tubo (mm) (mm) (inch)"": ""768"", ""N Ancho del manillar (mm) (mm) (inch)"": ""440"", ""O Longitud de la potencia (mm) (mm) (inch)"": ""110"", ""P Longitud de las bielas (mm) (mm) (inch)"": ""170""}",,,https://www.giant-bicycles.com/es/tcr-advanced-sl-1-2027,https://www.giant-bicycles.com/es/tcr-advanced-sl-1-2027,html,2026-10-05
Giant,TCR Advanced SL [eab74205],TCR Advanced SL 1,2027,carretera,L,L,,183,193,183-193 cm,cm,581,402,"{""A Longitud del tubo del sillín (mm) (inch)"": ""800"", ""B Ángulo del tubo del sillín (degrees)"": ""73,0°"", ""C Longitud del tubo superior (mm) (mm) (inch)"": ""580"", ""D Longitud del tubo de dirección (mm) (mm) (inch)"": ""185"", ""E Ángulo del tubo de dirección (degrees)"": ""73,0°"", ""F Inclinación de la horquilla (mm) (inch)"": ""45"", ""G Trail (mm) (mm) (inch)"": ""59,2"", ""H Distancia entre ejes (mm) (mm) (inch)"": ""1006"", ""I Longitud de la vaina (mm) (mm) (inch)"": ""405"", ""J Caída del eje de pedalier (mm) (mm) (inch)"": ""67"", ""K Stack (mm) (mm) (inch)"": ""581"", ""L Reach (mm) (mm) (inch)"": ""402"", ""M Altura del suelo al tubo (mm) (mm) (inch)"": ""786"", ""N Ancho del manillar (mm) (mm) (inch)"": ""440"", ""O Longitud de la potencia (mm) (mm) (inch)"": ""110"", ""P Longitud de las bielas (mm) (mm) (inch)"": ""172,5""}",,,https://www.giant-bicycles.com/es/tcr-advanced-sl-1-2027,https://www.giant-bicycles.com/es/tcr-advanced-sl-1-2027,html,2026-10-05
Giant,TCR Advanced SL [eab74205],TCR Advanced SL 1,2027,carretera,XL,XL,,189,199,189-199 cm,cm,596,412,"{""A Longitud del tubo del sillín (mm) (inch)"": ""830"", ""B Ángulo del tubo del sillín (degrees)"": ""72,5°"", ""C Longitud del tubo superior (mm) (mm) (inch)"": ""600"", ""D Longitud del tubo de dirección (mm) (mm) (inch)"": ""200"", ""E Ángulo del tubo de dirección (degrees)"": ""73,0°"", ""F Inclinación de la horquilla (mm) (inch)"": ""45"", ""G Trail (mm) (mm) (inch)"": ""59,2"", ""H Distancia entre ejes (mm) (mm) (inch)"": ""1020"", ""I Longitud de la vaina (mm) (mm) (inch)"": ""405"", ""J Caída del eje de pedalier (mm) (mm) (inch)"": ""67"", ""K Stack (mm) (mm) (inch)"": ""596"", ""L Reach (mm) (mm) (inch)"": ""412"", ""M Altura del suelo al tubo (mm) (mm) (inch)"": ""803"", ""N Ancho del manillar (mm) (mm) (inch)"": ""440"", ""O Longitud de la potencia (mm) (mm) (inch)"": ""120"", ""P Longitud de las bielas (mm) (mm) (inch)"": ""172,5""}",,,https://www.giant-bicycles.com/es/tcr-advanced-sl-1-2027,https://www.giant-bicycles.com/es/tcr-advanced-sl-1-2027,html,2026-10-05
Giant,Talon E+ [6d053af7],Talon E+ 2,2027,emtb,S,S,,162,176,162-176 cm,cm,613,404,"{""A Longitud del tubo del sillín (mm) (inch)"": ""385"", ""A1 Seat Post Insertion Depth (mm) (inch)"": ""200"", ""B Ángulo del tubo del sillín (degrees)"": ""74,0°"", ""C Longitud del tubo superior (mm) (mm) (inch)"": ""580"", ""D Longitud del tubo de dirección (mm) (mm) (inch)"": ""100"", ""E Ángulo del tubo de dirección (degrees)"": ""68,0°"", ""F Inclinación de la horquilla (mm) (inch)"": ""46"", ""G Trail (mm) (mm) (inch)"": ""103,9"", ""H Distancia entre ejes (mm) (mm) (inch)"": ""1143"", ""I Longitud de la vaina (mm) (mm) (inch)"": ""470"", ""J Caída del eje de pedalier (mm) (mm) (inch)"": ""60"", ""K Stack (mm) (mm) (inch)"": ""613"", ""L Reach (mm) (mm) (inch)"": ""404"", ""M Altura del suelo al tubo (mm) (mm) (inch)"": ""723"", ""N Ancho del manillar (mm) (mm) (inch)"": ""750"", ""O Longitud de la potencia (mm) (mm) (inch)"": ""40"", ""Q Tamaño de ruedas"": ""29\""""}",2599,false,https://www.giant-bicycles.com/es/talon-eplus-2-2027,https://www.giant-bicycles.com/es/talon-eplus-2-2027,html,2026-10-05
Giant,Talon E+ [6d053af7],Talon E+ 2,2027,emtb,M,M,,171,184,171-184 cm,cm,627,420,"{""A Longitud del tubo del sillín (mm) (inch)"": ""435"", ""A1 Seat Post Insertion Depth (mm) (inch)"": ""240"", ""B Ángulo del tubo del sillín (degrees)"": ""74,0°"", ""C Longitud del tubo superior (mm) (mm) (inch)"": ""600"", ""D Longitud del tubo de dirección (mm) (mm) (inch)"": ""115"", ""E Ángulo del tubo de dirección (degrees)"": ""68,0°"", ""F Inclinación de la horquilla (mm) (inch)"": ""46"", ""G Trail (mm) (mm) (inch)"": ""103,9"", ""H Distancia entre ejes (mm) (mm) (inch)"": ""1165"", ""I Longitud de la vaina (mm) (mm) (inch)"": ""470"", ""J Caída del eje de pedalier (mm) (mm) (inch)"": ""60"", ""K Stack (mm) (mm) (inch)"": ""627"", ""L Reach (mm) (mm) (inch)"": ""420"", ""M Altura del suelo al tubo (mm) (mm) (inch)"": ""753"", ""N Ancho del manillar (mm) (mm) (inch)"": ""750"", ""O Longitud de la potencia (mm) (mm) (inch)"": ""40"", ""Q Tamaño de ruedas"": ""29\""""}",2599,false,https://www.giant-bicycles.com/es/talon-eplus-2-2027,https://www.giant-bicycles.com/es/talon-eplus-2-2027,html,2026-10-05
Giant,Talon E+ [6d053af7],Talon E+ 2,2027,emtb,L,L,,176,192,176-192 cm,cm,641,436,"{""A Longitud del tubo del sillín (mm) (inch)"": ""485"", ""A1 Seat Post Insertion Depth (mm) (inch)"": ""260"", ""B Ángulo del tubo del sillín (degrees)"": ""74,0°"", ""C Longitud del tubo superior (mm) (mm) (inch)"": ""620"", ""D Longitud del tubo de dirección (mm) (mm) (inch)"": ""130"", ""E Ángulo del tubo de dirección (degrees)"": ""68,0°"", ""F Inclinación de la horquilla (mm) (inch)"": ""46"", ""G Trail (mm) (mm) (inch)"": ""103,9"", ""H Distancia entre ejes (mm) (mm) (inch)"": ""1186"", ""I Longitud de la vaina (mm) (mm) (inch)"": ""470"", ""J Caída del eje de pedalier (mm) (mm) (inch)"": ""60"", ""K Stack (mm) (mm) (inch)"": ""641"", ""L Reach (mm) (mm) (inch)"": ""436"", ""M Altura del suelo al tubo (mm) (mm) (inch)"": ""788"", ""N Ancho del manillar (mm) (mm) (inch)"": ""780"", ""O Longitud de la potencia (mm) (mm) (inch)"": ""50"", ""Q Tamaño de ruedas"": ""29\""""}",2599,false,https://www.giant-bicycles.com/es/talon-eplus-2-2027,https://www.giant-bicycles.com/es/talon-eplus-2-2027,html,2026-10-05
Giant,Talon E+ [6d053af7],Talon E+ 2,2027,emtb,XL,XL,,184,200,184-200 cm,cm,655,452,"{""A Longitud del tubo del sillín (mm) (inch)"": ""535"", ""A1 Seat Post Insertion Depth (mm) (inch)"": ""260"", ""B Ángulo del tubo del sillín (degrees)"": ""74,0°"", ""C Longitud del tubo superior (mm) (mm) (inch)"": ""640"", ""D Longitud del tubo de dirección (mm) (mm) (inch)"": ""145"", ""E Ángulo del tubo de dirección (degrees)"": ""68,0°"", ""F Inclinación de la horquilla (mm) (inch)"": ""46"", ""G Trail (mm) (mm) (inch)"": ""103,9"", ""H Distancia entre ejes (mm) (mm) (inch)"": ""1208"", ""I Longitud de la vaina (mm) (mm) (inch)"": ""470"", ""J Caída del eje de pedalier (mm) (mm) (inch)"": ""60"", ""K Stack (mm) (mm) (inch)"": ""655"", ""L Reach (mm) (mm) (inch)"": ""452"", ""M Altura del suelo al tubo (mm) (mm) (inch)"": ""808"", ""N Ancho del manillar (mm) (mm) (inch)"": ""780"", ""O Longitud de la potencia (mm) (mm) (inch)"": ""50"", ""Q Tamaño de ruedas"": ""29\""""}",2599,false,https://www.giant-bicycles.com/es/talon-eplus-2-2027,https://www.giant-bicycles.com/es/talon-eplus-2-2027,html,2026-10-05
Giant,Talon E+ [6d053af7],Talon E+ 1,2027,emtb,S,S,,162,176,162-176 cm,cm,613,404,"{""A Longitud del tubo del sillín (mm) (inch)"": ""385"", ""A1 Seat Post Insertion Depth (mm) (inch)"": ""200"", ""B Ángulo del tubo del sillín (degrees)"": ""74,0°"", ""C Longitud del tubo superior (mm) (mm) (inch)"": ""580"", ""D Longitud del tubo de dirección (mm) (mm) (inch)"": ""100"", ""E Ángulo del tubo de dirección (degrees)"": ""68,0°"", ""F Inclinación de la horquilla (mm) (inch)"": ""46"", ""G Trail (mm) (mm) (inch)"": ""103,9"", ""H Distancia entre ejes (mm) (mm) (inch)"": ""1143"", ""I Longitud de la vaina (mm) (mm) (inch)"": ""470"", ""J Caída del eje de pedalier (mm) (mm) (inch)"": ""60"", ""K Stack (mm) (mm) (inch)"": ""613"", ""L Reach (mm) (mm) (inch)"": ""404"", ""M Altura del suelo al tubo (mm) (mm) (inch)"": ""723"", ""N Ancho del manillar (mm) (mm) (inch)"": ""750"", ""O Longitud de la potencia (mm) (mm) (inch)"": ""40"", ""Q Tamaño de ruedas"": ""29\""""}",2999,false,https://www.giant-bicycles.com/es/talon-eplus-1-2027,https://www.giant-bicycles.com/es/talon-eplus-1-2027,html,2026-10-05
Giant,Talon E+ [6d053af7],Talon E+ 1,2027,emtb,M,M,,171,184,171-184 cm,cm,627,420,"{""A Longitud del tubo del sillín (mm) (inch)"": ""435"", ""A1 Seat Post Insertion Depth (mm) (inch)"": ""240"", ""B Ángulo del tubo del sillín (degrees)"": ""74,0°"", ""C Longitud del tubo superior (mm) (mm) (inch)"": ""600"", ""D Longitud del tubo de dirección (mm) (mm) (inch)"": ""115"", ""E Ángulo del tubo de dirección (degrees)"": ""68,0°"", ""F Inclinación de la horquilla (mm) (inch)"": ""46"", ""G Trail (mm) (mm) (inch)"": ""103,9"", ""H Distancia entre ejes (mm) (mm) (inch)"": ""1165"", ""I Longitud de la vaina (mm) (mm) (inch)"": ""470"", ""J Caída del eje de pedalier (mm) (mm) (inch)"": ""60"", ""K Stack (mm) (mm) (inch)"": ""627"", ""L Reach (mm) (mm) (inch)"": ""420"", ""M Altura del suelo al tubo (mm) (mm) (inch)"": ""753"", ""N Ancho del manillar (mm) (mm) (inch)"": ""750"", ""O Longitud de la potencia (mm) (mm) (inch)"": ""40"", ""Q Tamaño de ruedas"": ""29\""""}",2999,false,https://www.giant-bicycles.com/es/talon-eplus-1-2027,https://www.giant-bicycles.com/es/talon-eplus-1-2027,html,2026-10-05
Giant,Talon E+ [6d053af7],Talon E+ 1,2027,emtb,L,L,,176,192,176-192 cm,cm,641,436,"{""A Longitud del tubo del sillín (mm) (inch)"": ""485"", ""A1 Seat Post Insertion Depth (mm) (inch)"": ""260"", ""B Ángulo del tubo del sillín (degrees)"": ""74,0°"", ""C Longitud del tubo superior (mm) (mm) (inch)"": ""620"", ""D Longitud del tubo de dirección (mm) (mm) (inch)"": ""130"", ""E Ángulo del tubo de dirección (degrees)"": ""68,0°"", ""F Inclinación de la horquilla (mm) (inch)"": ""46"", ""G Trail (mm) (mm) (inch)"": ""103,9"", ""H Distancia entre ejes (mm) (mm) (inch)"": ""1186"", ""I Longitud de la vaina (mm) (mm) (inch)"": ""470"", ""J Caída del eje de pedalier (mm) (mm) (inch)"": ""60"", ""K Stack (mm) (mm) (inch)"": ""641"", ""L Reach (mm) (mm) (inch)"": ""436"", ""M Altura del suelo al tubo (mm) (mm) (inch)"": ""788"", ""N Ancho del manillar (mm) (mm) (inch)"": ""780"", ""O Longitud de la potencia (mm) (mm) (inch)"": ""50"", ""Q Tamaño de ruedas"": ""29\""""}",2999,false,https://www.giant-bicycles.com/es/talon-eplus-1-2027,https://www.giant-bicycles.com/es/talon-eplus-1-2027,html,2026-10-05
Giant,Talon E+ [6d053af7],Talon E+ 1,2027,emtb,XL,XL,,184,200,184-200 cm,cm,655,452,"{""A Longitud del tubo del sillín (mm) (inch)"": ""535"", ""A1 Seat Post Insertion Depth (mm) (inch)"": ""260"", ""B Ángulo del tubo del sillín (degrees)"": ""74,0°"", ""C Longitud del tubo superior (mm) (mm) (inch)"": ""640"", ""D Longitud del tubo de dirección (mm) (mm) (inch)"": ""145"", ""E Ángulo del tubo de dirección (degrees)"": ""68,0°"", ""F Inclinación de la horquilla (mm) (inch)"": ""46"", ""G Trail (mm) (mm) (inch)"": ""103,9"", ""H Distancia entre ejes (mm) (mm) (inch)"": ""1208"", ""I Longitud de la vaina (mm) (mm) (inch)"": ""470"", ""J Caída del eje de pedalier (mm) (mm) (inch)"": ""60"", ""K Stack (mm) (mm) (inch)"": ""655"", ""L Reach (mm) (mm) (inch)"": ""452"", ""M Altura del suelo al tubo (mm) (mm) (inch)"": ""808"", ""N Ancho del manillar (mm) (mm) (inch)"": ""780"", ""O Longitud de la potencia (mm) (mm) (inch)"": ""50"", ""Q Tamaño de ruedas"": ""29\""""}",2999,false,https://www.giant-bicycles.com/es/talon-eplus-1-2027,https://www.giant-bicycles.com/es/talon-eplus-1-2027,html,2026-10-05
Giant,TCR Advanced [90368236],TCR Advanced 1 - Pro Compact,2027,carretera,XS,XS,,,,,,517,376,"{""B Ángulo del tubo del sillín (degrees)"": ""74,5°"", ""C Longitud del tubo superior (mm) (mm) (inch)"": ""520"", ""D Longitud del tubo de dirección (mm) (mm) (inch)"": ""120"", ""E Ángulo del tubo de dirección (degrees)"": ""71,0°"", ""H Distancia entre ejes (mm) (mm) (inch)"": ""976"", ""I Longitud de la vaina (mm) (mm) (inch)"": ""405"", ""K Stack (mm) (mm) (inch)"": ""517"", ""L Reach (mm) (mm) (inch)"": ""376"", ""M Altura del suelo al tubo (mm) (mm) (inch)"": ""719"", ""P Longitud de las bielas (mm) (mm) (inch)"": ""165""}",3299,false,https://www.giant-bicycles.com/es/tcr-advanced-1---pro-compact-2027,https://www.giant-bicycles.com/es/tcr-advanced-1---pro-compact-2027,html,2026-10-05
Giant,TCR Advanced [90368236],TCR Advanced 1 - Pro Compact,2027,carretera,S,S,,,,,,528,383,"{""B Ángulo del tubo del sillín (degrees)"": ""74,0°"", ""C Longitud del tubo superior (mm) (mm) (inch)"": ""535"", ""D Longitud del tubo de dirección (mm) (mm) (inch)"": ""130"", ""E Ángulo del tubo de dirección (degrees)"": ""72,3°"", ""H Distancia entre ejes (mm) (mm) (inch)"": ""977"", ""I Longitud de la vaina (mm) (mm) (inch)"": ""405"", ""K Stack (mm) (mm) (inch)"": ""528"", ""L Reach (mm) (mm) (inch)"": ""383"", ""M Altura del suelo al tubo (mm) (mm) (inch)"": ""734"", ""P Longitud de las bielas (mm) (mm) (inch)"": ""165""}",3299,false,https://www.giant-bicycles.com/es/tcr-advanced-1---pro-compact-2027,https://www.giant-bicycles.com/es/tcr-advanced-1---pro-compact-2027,html,2026-10-05
Giant,TCR Advanced [90368236],TCR Advanced 1 - Pro Compact,2027,carretera,M,M,,,,,,545,388,"{""B Ángulo del tubo del sillín (degrees)"": ""73,5°"", ""C Longitud del tubo superior (mm) (mm) (inch)"": ""550"", ""D Longitud del tubo de dirección (mm) (mm) (inch)"": ""145"", ""E Ángulo del tubo de dirección (degrees)"": ""73,0°"", ""H Distancia entre ejes (mm) (mm) (inch)"": ""980"", ""I Longitud de la vaina (mm) (mm) (inch)"": ""405"", ""K Stack (mm) (mm) (inch)"": ""545"", ""L Reach (mm) (mm) (inch)"": ""388"", ""M Altura del suelo al tubo (mm) (mm) (inch)"": ""752"", ""P Longitud de las bielas (mm) (mm) (inch)"": ""170""}",3299,false,https://www.giant-bicycles.com/es/tcr-advanced-1---pro-compact-2027,https://www.giant-bicycles.com/es/tcr-advanced-1---pro-compact-2027,html,2026-10-05
Giant,TCR Advanced [90368236],TCR Advanced 1 - Pro Compact,2027,carretera,ML,M/L,,,,,,562,393,"{""B Ángulo del tubo del sillín (degrees)"": ""73,0°"", ""C Longitud del tubo superior (mm) (mm) (inch)"": ""565"", ""D Longitud del tubo de dirección (mm) (mm) (inch)"": ""165"", ""E Ángulo del tubo de dirección (degrees)"": ""73,0°"", ""H Distancia entre ejes (mm) (mm) (inch)"": ""991"", ""I Longitud de la vaina (mm) (mm) (inch)"": ""405"", ""K Stack (mm) (mm) (inch)"": ""562"", ""L Reach (mm) (mm) (inch)"": ""393"", ""M Altura del suelo al tubo (mm) (mm) (inch)"": ""768"", ""P Longitud de las bielas (mm) (mm) (inch)"": ""170""}",3299,false,https://www.giant-bicycles.com/es/tcr-advanced-1---pro-compact-2027,https://www.giant-bicycles.com/es/tcr-advanced-1---pro-compact-2027,html,2026-10-05
Giant,TCR Advanced [90368236],TCR Advanced 1 - Pro Compact,2027,carretera,L,L,,,,,,581,402,"{""B Ángulo del tubo del sillín (degrees)"": ""73,0°"", ""C Longitud del tubo superior (mm) (mm) (inch)"": ""580"", ""D Longitud del tubo de dirección (mm) (mm) (inch)"": ""185"", ""E Ángulo del tubo de dirección (degrees)"": ""73,0°"", ""H Distancia entre ejes (mm) (mm) (inch)"": ""1006"", ""I Longitud de la vaina (mm) (mm) (inch)"": ""405"", ""K Stack (mm) (mm) (inch)"": ""581"", ""L Reach (mm) (mm) (inch)"": ""402"", ""M Altura del suelo al tubo (mm) (mm) (inch)"": ""786"", ""P Longitud de las bielas (mm) (mm) (inch)"": ""172,5""}",3299,false,https://www.giant-bicycles.com/es/tcr-advanced-1---pro-compact-2027,https://www.giant-bicycles.com/es/tcr-advanced-1---pro-compact-2027,html,2026-10-05
Giant,TCR Advanced [90368236],TCR Advanced 1 - Pro Compact,2027,carretera,XL,XL,,,,,,596,412,"{""B Ángulo del tubo del sillín (degrees)"": ""72,5°"", ""C Longitud del tubo superior (mm) (mm) (inch)"": ""600"", ""D Longitud del tubo de dirección (mm) (mm) (inch)"": ""200"", ""E Ángulo del tubo de dirección (degrees)"": ""73,0°"", ""H Distancia entre ejes (mm) (mm) (inch)"": ""1020"", ""I Longitud de la vaina (mm) (mm) (inch)"": ""405"", ""K Stack (mm) (mm) (inch)"": ""596"", ""L Reach (mm) (mm) (inch)"": ""412"", ""M Altura del suelo al tubo (mm) (mm) (inch)"": ""803"", ""P Longitud de las bielas (mm) (mm) (inch)"": ""172,5""}",3299,false,https://www.giant-bicycles.com/es/tcr-advanced-1---pro-compact-2027,https://www.giant-bicycles.com/es/tcr-advanced-1---pro-compact-2027,html,2026-10-05
Giant,TCR Advanced [90368236],TCR Advanced Pro 0-Di2,2027,carretera,XS,XS,,,,,,517,376,"{""B Ángulo del tubo del sillín (degrees)"": ""74,5°"", ""C Longitud del tubo superior (mm) (mm) (inch)"": ""520"", ""D Longitud del tubo de dirección (mm) (mm) (inch)"": ""120"", ""E Ángulo del tubo de dirección (degrees)"": ""71,0°"", ""H Distancia entre ejes (mm) (mm) (inch)"": ""976"", ""I Longitud de la vaina (mm) (mm) (inch)"": ""405"", ""K Stack (mm) (mm) (inch)"": ""517"", ""L Reach (mm) (mm) (inch)"": ""376"", ""M Altura del suelo al tubo (mm) (mm) (inch)"": ""719"", ""P Longitud de las bielas (mm) (mm) (inch)"": ""165""}",6199,false,https://www.giant-bicycles.com/es/tcr-advanced-pro-0-di2-2027,https://www.giant-bicycles.com/es/tcr-advanced-pro-0-di2-2027,html,2026-10-05
Giant,TCR Advanced [90368236],TCR Advanced Pro 0-Di2,2027,carretera,S,S,,,,,,528,383,"{""B Ángulo del tubo del sillín (degrees)"": ""74,0°"", ""C Longitud del tubo superior (mm) (mm) (inch)"": ""535"", ""D Longitud del tubo de dirección (mm) (mm) (inch)"": ""130"", ""E Ángulo del tubo de dirección (degrees)"": ""72,3°"", ""H Distancia entre ejes (mm) (mm) (inch)"": ""977"", ""I Longitud de la vaina (mm) (mm) (inch)"": ""405"", ""K Stack (mm) (mm) (inch)"": ""528"", ""L Reach (mm) (mm) (inch)"": ""383"", ""M Altura del suelo al tubo (mm) (mm) (inch)"": ""734"", ""P Longitud de las bielas (mm) (mm) (inch)"": ""165""}",6199,false,https://www.giant-bicycles.com/es/tcr-advanced-pro-0-di2-2027,https://www.giant-bicycles.com/es/tcr-advanced-pro-0-di2-2027,html,2026-10-05
Giant,TCR Advanced [90368236],TCR Advanced Pro 0-Di2,2027,carretera,M,M,,,,,,545,388,"{""B Ángulo del tubo del sillín (degrees)"": ""73,5°"", ""C Longitud del tubo superior (mm) (mm) (inch)"": ""550"", ""D Longitud del tubo de dirección (mm) (mm) (inch)"": ""145"", ""E Ángulo del tubo de dirección (degrees)"": ""73,0°"", ""H Distancia entre ejes (mm) (mm) (inch)"": ""980"", ""I Longitud de la vaina (mm) (mm) (inch)"": ""405"", ""K Stack (mm) (mm) (inch)"": ""545"", ""L Reach (mm) (mm) (inch)"": ""388"", ""M Altura del suelo al tubo (mm) (mm) (inch)"": ""752"", ""P Longitud de las bielas (mm) (mm) (inch)"": ""170""}",6199,false,https://www.giant-bicycles.com/es/tcr-advanced-pro-0-di2-2027,https://www.giant-bicycles.com/es/tcr-advanced-pro-0-di2-2027,html,2026-10-05
Giant,TCR Advanced [90368236],TCR Advanced Pro 0-Di2,2027,carretera,ML,M/L,,,,,,562,393,"{""B Ángulo del tubo del sillín (degrees)"": ""73,0°"", ""C Longitud del tubo superior (mm) (mm) (inch)"": ""565"", ""D Longitud del tubo de dirección (mm) (mm) (inch)"": ""165"", ""E Ángulo del tubo de dirección (degrees)"": ""73,0°"", ""H Distancia entre ejes (mm) (mm) (inch)"": ""991"", ""I Longitud de la vaina (mm) (mm) (inch)"": ""405"", ""K Stack (mm) (mm) (inch)"": ""562"", ""L Reach (mm) (mm) (inch)"": ""393"", ""M Altura del suelo al tubo (mm) (mm) (inch)"": ""768"", ""P Longitud de las bielas (mm) (mm) (inch)"": ""170""}",6199,false,https://www.giant-bicycles.com/es/tcr-advanced-pro-0-di2-2027,https://www.giant-bicycles.com/es/tcr-advanced-pro-0-di2-2027,html,2026-10-05
Giant,TCR Advanced [90368236],TCR Advanced Pro 0-Di2,2027,carretera,L,L,,,,,,581,402,"{""B Ángulo del tubo del sillín (degrees)"": ""73,0°"", ""C Longitud del tubo superior (mm) (mm) (inch)"": ""580"", ""D Longitud del tubo de dirección (mm) (mm) (inch)"": ""185"", ""E Ángulo del tubo de dirección (degrees)"": ""73,0°"", ""H Distancia entre ejes (mm) (mm) (inch)"": ""1006"", ""I Longitud de la vaina (mm) (mm) (inch)"": ""405"", ""K Stack (mm) (mm) (inch)"": ""581"", ""L Reach (mm) (mm) (inch)"": ""402"", ""M Altura del suelo al tubo (mm) (mm) (inch)"": ""786"", ""P Longitud de las bielas (mm) (mm) (inch)"": ""172,5""}",6199,false,https://www.giant-bicycles.com/es/tcr-advanced-pro-0-di2-2027,https://www.giant-bicycles.com/es/tcr-advanced-pro-0-di2-2027,html,2026-10-05
Giant,TCR Advanced [90368236],TCR Advanced Pro 0-Di2,2027,carretera,XL,XL,,,,,,596,412,"{""B Ángulo del tubo del sillín (degrees)"": ""72,5°"", ""C Longitud del tubo superior (mm) (mm) (inch)"": ""600"", ""D Longitud del tubo de dirección (mm) (mm) (inch)"": ""200"", ""E Ángulo del tubo de dirección (degrees)"": ""73,0°"", ""H Distancia entre ejes (mm) (mm) (inch)"": ""1020"", ""I Longitud de la vaina (mm) (mm) (inch)"": ""405"", ""K Stack (mm) (mm) (inch)"": ""596"", ""L Reach (mm) (mm) (inch)"": ""412"", ""M Altura del suelo al tubo (mm) (mm) (inch)"": ""803"", ""P Longitud de las bielas (mm) (mm) (inch)"": ""172,5""}",6199,false,https://www.giant-bicycles.com/es/tcr-advanced-pro-0-di2-2027,https://www.giant-bicycles.com/es/tcr-advanced-pro-0-di2-2027,html,2026-10-05
Giant,TCR Advanced [90368236],TCR Advanced SL 0-DA,2027,carretera,XS,XS,,,,,,517,376,"{""B Ángulo del tubo del sillín (degrees)"": ""74,5°"", ""C Longitud del tubo superior (mm) (mm) (inch)"": ""520"", ""D Longitud del tubo de dirección (mm) (mm) (inch)"": ""120"", ""E Ángulo del tubo de dirección (degrees)"": ""71,0°"", ""H Distancia entre ejes (mm) (mm) (inch)"": ""976"", ""I Longitud de la vaina (mm) (mm) (inch)"": ""405"", ""K Stack (mm) (mm) (inch)"": ""517"", ""L Reach (mm) (mm) (inch)"": ""376"", ""M Altura del suelo al tubo (mm) (mm) (inch)"": ""719"", ""P Longitud de las bielas (mm) (mm) (inch)"": ""165""}",11799,false,https://www.giant-bicycles.com/es/tcr-advanced-sl-0-da-2027,https://www.giant-bicycles.com/es/tcr-advanced-sl-0-da-2027,html,2026-10-05
Giant,TCR Advanced [90368236],TCR Advanced SL 0-DA,2027,carretera,S,S,,,,,,528,383,"{""B Ángulo del tubo del sillín (degrees)"": ""74,0°"", ""C Longitud del tubo superior (mm) (mm) (inch)"": ""535"", ""D Longitud del tubo de dirección (mm) (mm) (inch)"": ""130"", ""E Ángulo del tubo de dirección (degrees)"": ""72,3°"", ""H Distancia entre ejes (mm) (mm) (inch)"": ""977"", ""I Longitud de la vaina (mm) (mm) (inch)"": ""405"", ""K Stack (mm) (mm) (inch)"": ""528"", ""L Reach (mm) (mm) (inch)"": ""383"", ""M Altura del suelo al tubo (mm) (mm) (inch)"": ""734"", ""P Longitud de las bielas (mm) (mm) (inch)"": ""165""}",11799,false,https://www.giant-bicycles.com/es/tcr-advanced-sl-0-da-2027,https://www.giant-bicycles.com/es/tcr-advanced-sl-0-da-2027,html,2026-10-05
Giant,TCR Advanced [90368236],TCR Advanced SL 0-DA,2027,carretera,M,M,,,,,,545,388,"{""B Ángulo del tubo del sillín (degrees)"": ""73,5°"", ""C Longitud del tubo superior (mm) (mm) (inch)"": ""550"", ""D Longitud del tubo de dirección (mm) (mm) (inch)"": ""145"", ""E Ángulo del tubo de dirección (degrees)"": ""73,0°"", ""H Distancia entre ejes (mm) (mm) (inch)"": ""980"", ""I Longitud de la vaina (mm) (mm) (inch)"": ""405"", ""K Stack (mm) (mm) (inch)"": ""545"", ""L Reach (mm) (mm) (inch)"": ""388"", ""M Altura del suelo al tubo (mm) (mm) (inch)"": ""752"", ""P Longitud de las bielas (mm) (mm) (inch)"": ""170""}",11799,false,https://www.giant-bicycles.com/es/tcr-advanced-sl-0-da-2027,https://www.giant-bicycles.com/es/tcr-advanced-sl-0-da-2027,html,2026-10-05
Giant,TCR Advanced [90368236],TCR Advanced SL 0-DA,2027,carretera,ML,M/L,,,,,,562,393,"{""B Ángulo del tubo del sillín (degrees)"": ""73,0°"", ""C Longitud del tubo superior (mm) (mm) (inch)"": ""565"", ""D Longitud del tubo de dirección (mm) (mm) (inch)"": ""165"", ""E Ángulo del tubo de dirección (degrees)"": ""73,0°"", ""H Distancia entre ejes (mm) (mm) (inch)"": ""991"", ""I Longitud de la vaina (mm) (mm) (inch)"": ""405"", ""K Stack (mm) (mm) (inch)"": ""562"", ""L Reach (mm) (mm) (inch)"": ""393"", ""M Altura del suelo al tubo (mm) (mm) (inch)"": ""768"", ""P Longitud de las bielas (mm) (mm) (inch)"": ""170""}",11799,false,https://www.giant-bicycles.com/es/tcr-advanced-sl-0-da-2027,https://www.giant-bicycles.com/es/tcr-advanced-sl-0-da-2027,html,2026-10-05
Giant,TCR Advanced [90368236],TCR Advanced SL 0-DA,2027,carretera,L,L,,,,,,581,402,"{""B Ángulo del tubo del sillín (degrees)"": ""73,0°"", ""C Longitud del tubo superior (mm) (mm) (inch)"": ""580"", ""D Longitud del tubo de dirección (mm) (mm) (inch)"": ""185"", ""E Ángulo del tubo de dirección (degrees)"": ""73,0°"", ""H Distancia entre ejes (mm) (mm) (inch)"": ""1006"", ""I Longitud de la vaina (mm) (mm) (inch)"": ""405"", ""K Stack (mm) (mm) (inch)"": ""581"", ""L Reach (mm) (mm) (inch)"": ""402"", ""M Altura del suelo al tubo (mm) (mm) (inch)"": ""786"", ""P Longitud de las bielas (mm) (mm) (inch)"": ""172,5""}",11799,false,https://www.giant-bicycles.com/es/tcr-advanced-sl-0-da-2027,https://www.giant-bicycles.com/es/tcr-advanced-sl-0-da-2027,html,2026-10-05
Giant,TCR Advanced [90368236],TCR Advanced SL 0-DA,2027,carretera,XL,XL,,,,,,596,412,"{""B Ángulo del tubo del sillín (degrees)"": ""72,5°"", ""C Longitud del tubo superior (mm) (mm) (inch)"": ""600"", ""D Longitud del tubo de dirección (mm) (mm) (inch)"": ""200"", ""E Ángulo del tubo de dirección (degrees)"": ""73,0°"", ""H Distancia entre ejes (mm) (mm) (inch)"": ""1020"", ""I Longitud de la vaina (mm) (mm) (inch)"": ""405"", ""K Stack (mm) (mm) (inch)"": ""596"", ""L Reach (mm) (mm) (inch)"": ""412"", ""M Altura del suelo al tubo (mm) (mm) (inch)"": ""803"", ""P Longitud de las bielas (mm) (mm) (inch)"": ""172,5""}",11799,false,https://www.giant-bicycles.com/es/tcr-advanced-sl-0-da-2027,https://www.giant-bicycles.com/es/tcr-advanced-sl-0-da-2027,html,2026-10-05
