brand,family,model,model_year,category,size_label,size_normalized,size_cm,height_min,height_max,height_original,height_unit,stack,reach,geometry_raw,price_eur,price_is_from,product_url,source_url,extraction_method,loaded_at
KTM,REVELATOR ALTO [740c12b1],REVELATOR ALTO EXONIC,2027,carretera,XS (49),XS,49,,,,,519,361,"{""Seattube length"": ""440"", ""Toptube length"": ""510"", ""Seat angle"": ""74,0°"", ""Head angle"": ""71,5°"", ""Headtube length"": ""115"", ""Chainstay length"": ""410"", ""Wheelbase"": ""960"", ""Stack"": ""519"", ""Reach"": ""361"", ""Standover height"": ""733"", ""BB drop"": ""72""}",7999,false,https://www.ktm-bikes.at/bikes/detail/mx1270440115-revelator-alto-exonic-axs-pm-m-55-mx1270440115revelator-alto-exoniccarbon-crystal-red-white-2x12-sram-red-axs-pm-2027,https://www.ktm-bikes.at/bikes/detail/mx1270440115-revelator-alto-exonic-axs-pm-m-55-mx1270440115revelator-alto-exoniccarbon-crystal-red-white-2x12-sram-red-axs-pm-2027,html,2026-10-05
KTM,REVELATOR ALTO [740c12b1],REVELATOR ALTO EXONIC,2027,carretera,S (52),S,52,,,,,535,377,"{""Seattube length"": ""470"", ""Toptube length"": ""530"", ""Seat angle"": ""74,0°"", ""Head angle"": ""72,0°"", ""Headtube length"": ""130"", ""Chainstay length"": ""410"", ""Wheelbase"": ""976"", ""Stack"": ""535"", ""Reach"": ""377"", ""Standover height"": ""757"", ""BB drop"": ""72""}",7999,false,https://www.ktm-bikes.at/bikes/detail/mx1270440115-revelator-alto-exonic-axs-pm-m-55-mx1270440115revelator-alto-exoniccarbon-crystal-red-white-2x12-sram-red-axs-pm-2027,https://www.ktm-bikes.at/bikes/detail/mx1270440115-revelator-alto-exonic-axs-pm-m-55-mx1270440115revelator-alto-exoniccarbon-crystal-red-white-2x12-sram-red-axs-pm-2027,html,2026-10-05
KTM,REVELATOR ALTO [740c12b1],REVELATOR ALTO EXONIC,2027,carretera,M (55),M,55,,,,,550,387,"{""Seattube length"": ""500"", ""Toptube length"": ""550"", ""Seat angle"": ""73,5°"", ""Head angle"": ""72,0°"", ""Headtube length"": ""145"", ""Chainstay length"": ""410"", ""Wheelbase"": ""991"", ""Stack"": ""550"", ""Reach"": ""387"", ""Standover height"": ""778"", ""BB drop"": ""72""}",7999,false,https://www.ktm-bikes.at/bikes/detail/mx1270440115-revelator-alto-exonic-axs-pm-m-55-mx1270440115revelator-alto-exoniccarbon-crystal-red-white-2x12-sram-red-axs-pm-2027,https://www.ktm-bikes.at/bikes/detail/mx1270440115-revelator-alto-exonic-axs-pm-m-55-mx1270440115revelator-alto-exoniccarbon-crystal-red-white-2x12-sram-red-axs-pm-2027,html,2026-10-05
KTM,REVELATOR ALTO [740c12b1],REVELATOR ALTO EXONIC,2027,carretera,L (57),L,57,,,,,559,392,"{""Seattube length"": ""520"", ""Toptube length"": ""563"", ""Seat angle"": ""73,0°"", ""Head angle"": ""72,5°"", ""Headtube length"": ""155"", ""Chainstay length"": ""410"", ""Wheelbase"": ""995"", ""Stack"": ""559"", ""Reach"": ""392"", ""Standover height"": ""794"", ""BB drop"": ""70""}",7999,false,https://www.ktm-bikes.at/bikes/detail/mx1270440115-revelator-alto-exonic-axs-pm-m-55-mx1270440115revelator-alto-exoniccarbon-crystal-red-white-2x12-sram-red-axs-pm-2027,https://www.ktm-bikes.at/bikes/detail/mx1270440115-revelator-alto-exonic-axs-pm-m-55-mx1270440115revelator-alto-exoniccarbon-crystal-red-white-2x12-sram-red-axs-pm-2027,html,2026-10-05
KTM,REVELATOR ALTO [740c12b1],REVELATOR ALTO EXONIC,2027,carretera,XL (59),XL,59,,,,,571,396,"{""Seattube length"": ""540"", ""Toptube length"": ""576"", ""Seat angle"": ""72,5°"", ""Head angle"": ""72,5°"", ""Headtube length"": ""170"", ""Chainstay length"": ""410"", ""Wheelbase"": ""1004"", ""Stack"": ""571"", ""Reach"": ""396"", ""Standover height"": ""811"", ""BB drop"": ""68""}",7999,false,https://www.ktm-bikes.at/bikes/detail/mx1270440115-revelator-alto-exonic-axs-pm-m-55-mx1270440115revelator-alto-exoniccarbon-crystal-red-white-2x12-sram-red-axs-pm-2027,https://www.ktm-bikes.at/bikes/detail/mx1270440115-revelator-alto-exonic-axs-pm-m-55-mx1270440115revelator-alto-exoniccarbon-crystal-red-white-2x12-sram-red-axs-pm-2027,html,2026-10-05
KTM,REVELATOR ALTO [740c12b1],REVELATOR ALTO PRESTIGE,2027,carretera,XS (49),XS,49,,,,,519,361,"{""Seattube length"": ""440"", ""Toptube length"": ""510"", ""Seat angle"": ""74,0°"", ""Head angle"": ""71,5°"", ""Headtube length"": ""115"", ""Chainstay length"": ""410"", ""Wheelbase"": ""960"", ""Stack"": ""519"", ""Reach"": ""361"", ""Standover height"": ""733"", ""BB drop"": ""72""}",5499,false,https://www.ktm-bikes.at/bikes/detail/mx1270452115-revelator-alto-prestige-di2-pm-m-55-mx1270452115revelator-alto-prestigedodger-blue-silver-black-2x12-shimano-dura-ace-di2-pm-2027,https://www.ktm-bikes.at/bikes/detail/mx1270452115-revelator-alto-prestige-di2-pm-m-55-mx1270452115revelator-alto-prestigedodger-blue-silver-black-2x12-shimano-dura-ace-di2-pm-2027,html,2026-10-05
KTM,REVELATOR ALTO [740c12b1],REVELATOR ALTO PRESTIGE,2027,carretera,S (52),S,52,,,,,535,377,"{""Seattube length"": ""470"", ""Toptube length"": ""530"", ""Seat angle"": ""74,0°"", ""Head angle"": ""72,0°"", ""Headtube length"": ""130"", ""Chainstay length"": ""410"", ""Wheelbase"": ""976"", ""Stack"": ""535"", ""Reach"": ""377"", ""Standover height"": ""757"", ""BB drop"": ""72""}",5499,false,https://www.ktm-bikes.at/bikes/detail/mx1270452115-revelator-alto-prestige-di2-pm-m-55-mx1270452115revelator-alto-prestigedodger-blue-silver-black-2x12-shimano-dura-ace-di2-pm-2027,https://www.ktm-bikes.at/bikes/detail/mx1270452115-revelator-alto-prestige-di2-pm-m-55-mx1270452115revelator-alto-prestigedodger-blue-silver-black-2x12-shimano-dura-ace-di2-pm-2027,html,2026-10-05
KTM,REVELATOR ALTO [740c12b1],REVELATOR ALTO PRESTIGE,2027,carretera,M (55),M,55,,,,,550,387,"{""Seattube length"": ""500"", ""Toptube length"": ""550"", ""Seat angle"": ""73,5°"", ""Head angle"": ""72,0°"", ""Headtube length"": ""145"", ""Chainstay length"": ""410"", ""Wheelbase"": ""991"", ""Stack"": ""550"", ""Reach"": ""387"", ""Standover height"": ""778"", ""BB drop"": ""72""}",5499,false,https://www.ktm-bikes.at/bikes/detail/mx1270452115-revelator-alto-prestige-di2-pm-m-55-mx1270452115revelator-alto-prestigedodger-blue-silver-black-2x12-shimano-dura-ace-di2-pm-2027,https://www.ktm-bikes.at/bikes/detail/mx1270452115-revelator-alto-prestige-di2-pm-m-55-mx1270452115revelator-alto-prestigedodger-blue-silver-black-2x12-shimano-dura-ace-di2-pm-2027,html,2026-10-05
KTM,REVELATOR ALTO [740c12b1],REVELATOR ALTO PRESTIGE,2027,carretera,L (57),L,57,,,,,559,392,"{""Seattube length"": ""520"", ""Toptube length"": ""563"", ""Seat angle"": ""73,0°"", ""Head angle"": ""72,5°"", ""Headtube length"": ""155"", ""Chainstay length"": ""410"", ""Wheelbase"": ""995"", ""Stack"": ""559"", ""Reach"": ""392"", ""Standover height"": ""794"", ""BB drop"": ""70""}",5499,false,https://www.ktm-bikes.at/bikes/detail/mx1270452115-revelator-alto-prestige-di2-pm-m-55-mx1270452115revelator-alto-prestigedodger-blue-silver-black-2x12-shimano-dura-ace-di2-pm-2027,https://www.ktm-bikes.at/bikes/detail/mx1270452115-revelator-alto-prestige-di2-pm-m-55-mx1270452115revelator-alto-prestigedodger-blue-silver-black-2x12-shimano-dura-ace-di2-pm-2027,html,2026-10-05
KTM,REVELATOR ALTO [740c12b1],REVELATOR ALTO PRESTIGE,2027,carretera,XL (59),XL,59,,,,,571,396,"{""Seattube length"": ""540"", ""Toptube length"": ""576"", ""Seat angle"": ""72,5°"", ""Head angle"": ""72,5°"", ""Headtube length"": ""170"", ""Chainstay length"": ""410"", ""Wheelbase"": ""1004"", ""Stack"": ""571"", ""Reach"": ""396"", ""Standover height"": ""811"", ""BB drop"": ""68""}",5499,false,https://www.ktm-bikes.at/bikes/detail/mx1270452115-revelator-alto-prestige-di2-pm-m-55-mx1270452115revelator-alto-prestigedodger-blue-silver-black-2x12-shimano-dura-ace-di2-pm-2027,https://www.ktm-bikes.at/bikes/detail/mx1270452115-revelator-alto-prestige-di2-pm-m-55-mx1270452115revelator-alto-prestigedodger-blue-silver-black-2x12-shimano-dura-ace-di2-pm-2027,html,2026-10-05
KTM,REVELATOR ALTO [740c12b1],REVELATOR ALTO MASTER PM,2027,carretera,XS (49),XS,49,,,,,519,361,"{""Seattube length"": ""440"", ""Toptube length"": ""510"", ""Seat angle"": ""74,0°"", ""Head angle"": ""71,5°"", ""Headtube length"": ""115"", ""Chainstay length"": ""410"", ""Wheelbase"": ""960"", ""Stack"": ""519"", ""Reach"": ""361"", ""Standover height"": ""733"", ""BB drop"": ""72""}",3499,false,https://www.ktm-bikes.at/bikes/detail/mx2270453115-revelator-alto-master-di2-pm-m-55-mx2270453115revelator-alto-master-pmvibrant-grey-black-2x12-shimano-ultegra-di2-pm-2027,https://www.ktm-bikes.at/bikes/detail/mx2270453115-revelator-alto-master-di2-pm-m-55-mx2270453115revelator-alto-master-pmvibrant-grey-black-2x12-shimano-ultegra-di2-pm-2027,html,2026-10-05
KTM,REVELATOR ALTO [740c12b1],REVELATOR ALTO MASTER PM,2027,carretera,S (52),S,52,,,,,535,377,"{""Seattube length"": ""470"", ""Toptube length"": ""530"", ""Seat angle"": ""74,0°"", ""Head angle"": ""72,0°"", ""Headtube length"": ""130"", ""Chainstay length"": ""410"", ""Wheelbase"": ""976"", ""Stack"": ""535"", ""Reach"": ""377"", ""Standover height"": ""757"", ""BB drop"": ""72""}",3499,false,https://www.ktm-bikes.at/bikes/detail/mx2270453115-revelator-alto-master-di2-pm-m-55-mx2270453115revelator-alto-master-pmvibrant-grey-black-2x12-shimano-ultegra-di2-pm-2027,https://www.ktm-bikes.at/bikes/detail/mx2270453115-revelator-alto-master-di2-pm-m-55-mx2270453115revelator-alto-master-pmvibrant-grey-black-2x12-shimano-ultegra-di2-pm-2027,html,2026-10-05
KTM,REVELATOR ALTO [740c12b1],REVELATOR ALTO MASTER PM,2027,carretera,M (55),M,55,,,,,550,387,"{""Seattube length"": ""500"", ""Toptube length"": ""550"", ""Seat angle"": ""73,5°"", ""Head angle"": ""72,0°"", ""Headtube length"": ""145"", ""Chainstay length"": ""410"", ""Wheelbase"": ""991"", ""Stack"": ""550"", ""Reach"": ""387"", ""Standover height"": ""778"", ""BB drop"": ""72""}",3499,false,https://www.ktm-bikes.at/bikes/detail/mx2270453115-revelator-alto-master-di2-pm-m-55-mx2270453115revelator-alto-master-pmvibrant-grey-black-2x12-shimano-ultegra-di2-pm-2027,https://www.ktm-bikes.at/bikes/detail/mx2270453115-revelator-alto-master-di2-pm-m-55-mx2270453115revelator-alto-master-pmvibrant-grey-black-2x12-shimano-ultegra-di2-pm-2027,html,2026-10-05
KTM,REVELATOR ALTO [740c12b1],REVELATOR ALTO MASTER PM,2027,carretera,L (57),L,57,,,,,559,392,"{""Seattube length"": ""520"", ""Toptube length"": ""563"", ""Seat angle"": ""73,0°"", ""Head angle"": ""72,5°"", ""Headtube length"": ""155"", ""Chainstay length"": ""410"", ""Wheelbase"": ""995"", ""Stack"": ""559"", ""Reach"": ""392"", ""Standover height"": ""794"", ""BB drop"": ""70""}",3499,false,https://www.ktm-bikes.at/bikes/detail/mx2270453115-revelator-alto-master-di2-pm-m-55-mx2270453115revelator-alto-master-pmvibrant-grey-black-2x12-shimano-ultegra-di2-pm-2027,https://www.ktm-bikes.at/bikes/detail/mx2270453115-revelator-alto-master-di2-pm-m-55-mx2270453115revelator-alto-master-pmvibrant-grey-black-2x12-shimano-ultegra-di2-pm-2027,html,2026-10-05
KTM,REVELATOR ALTO [740c12b1],REVELATOR ALTO MASTER PM,2027,carretera,XL (59),XL,59,,,,,571,396,"{""Seattube length"": ""540"", ""Toptube length"": ""576"", ""Seat angle"": ""72,5°"", ""Head angle"": ""72,5°"", ""Headtube length"": ""170"", ""Chainstay length"": ""410"", ""Wheelbase"": ""1004"", ""Stack"": ""571"", ""Reach"": ""396"", ""Standover height"": ""811"", ""BB drop"": ""68""}",3499,false,https://www.ktm-bikes.at/bikes/detail/mx2270453115-revelator-alto-master-di2-pm-m-55-mx2270453115revelator-alto-master-pmvibrant-grey-black-2x12-shimano-ultegra-di2-pm-2027,https://www.ktm-bikes.at/bikes/detail/mx2270453115-revelator-alto-master-di2-pm-m-55-mx2270453115revelator-alto-master-pmvibrant-grey-black-2x12-shimano-ultegra-di2-pm-2027,html,2026-10-05
KTM,REVELATOR ALTO [740c12b1],REVELATOR ALTO MASTER,2027,carretera,XS (49),XS,49,,,,,519,361,"{""Seattube length"": ""440"", ""Toptube length"": ""510"", ""Seat angle"": ""74,0°"", ""Head angle"": ""71,5°"", ""Headtube length"": ""115"", ""Chainstay length"": ""410"", ""Wheelbase"": ""960"", ""Stack"": ""519"", ""Reach"": ""361"", ""Standover height"": ""733"", ""BB drop"": ""72""}",3299,false,https://www.ktm-bikes.at/bikes/detail/mx2270442115-revelator-alto-master-di2-m-55-mx2270442115revelator-alto-mastermoon-rock-matt-black-orange-2x12-shimano-ultegra-di2-2027,https://www.ktm-bikes.at/bikes/detail/mx2270442115-revelator-alto-master-di2-m-55-mx2270442115revelator-alto-mastermoon-rock-matt-black-orange-2x12-shimano-ultegra-di2-2027,html,2026-10-05
KTM,REVELATOR ALTO [740c12b1],REVELATOR ALTO MASTER,2027,carretera,S (52),S,52,,,,,535,377,"{""Seattube length"": ""470"", ""Toptube length"": ""530"", ""Seat angle"": ""74,0°"", ""Head angle"": ""72,0°"", ""Headtube length"": ""130"", ""Chainstay length"": ""410"", ""Wheelbase"": ""976"", ""Stack"": ""535"", ""Reach"": ""377"", ""Standover height"": ""757"", ""BB drop"": ""72""}",3299,false,https://www.ktm-bikes.at/bikes/detail/mx2270442115-revelator-alto-master-di2-m-55-mx2270442115revelator-alto-mastermoon-rock-matt-black-orange-2x12-shimano-ultegra-di2-2027,https://www.ktm-bikes.at/bikes/detail/mx2270442115-revelator-alto-master-di2-m-55-mx2270442115revelator-alto-mastermoon-rock-matt-black-orange-2x12-shimano-ultegra-di2-2027,html,2026-10-05
KTM,REVELATOR ALTO [740c12b1],REVELATOR ALTO MASTER,2027,carretera,M (55),M,55,,,,,550,387,"{""Seattube length"": ""500"", ""Toptube length"": ""550"", ""Seat angle"": ""73,5°"", ""Head angle"": ""72,0°"", ""Headtube length"": ""145"", ""Chainstay length"": ""410"", ""Wheelbase"": ""991"", ""Stack"": ""550"", ""Reach"": ""387"", ""Standover height"": ""778"", ""BB drop"": ""72""}",3299,false,https://www.ktm-bikes.at/bikes/detail/mx2270442115-revelator-alto-master-di2-m-55-mx2270442115revelator-alto-mastermoon-rock-matt-black-orange-2x12-shimano-ultegra-di2-2027,https://www.ktm-bikes.at/bikes/detail/mx2270442115-revelator-alto-master-di2-m-55-mx2270442115revelator-alto-mastermoon-rock-matt-black-orange-2x12-shimano-ultegra-di2-2027,html,2026-10-05
KTM,REVELATOR ALTO [740c12b1],REVELATOR ALTO MASTER,2027,carretera,L (57),L,57,,,,,559,392,"{""Seattube length"": ""520"", ""Toptube length"": ""563"", ""Seat angle"": ""73,0°"", ""Head angle"": ""72,5°"", ""Headtube length"": ""155"", ""Chainstay length"": ""410"", ""Wheelbase"": ""995"", ""Stack"": ""559"", ""Reach"": ""392"", ""Standover height"": ""794"", ""BB drop"": ""70""}",3299,false,https://www.ktm-bikes.at/bikes/detail/mx2270442115-revelator-alto-master-di2-m-55-mx2270442115revelator-alto-mastermoon-rock-matt-black-orange-2x12-shimano-ultegra-di2-2027,https://www.ktm-bikes.at/bikes/detail/mx2270442115-revelator-alto-master-di2-m-55-mx2270442115revelator-alto-mastermoon-rock-matt-black-orange-2x12-shimano-ultegra-di2-2027,html,2026-10-05
KTM,REVELATOR ALTO [740c12b1],REVELATOR ALTO MASTER,2027,carretera,XL (59),XL,59,,,,,571,396,"{""Seattube length"": ""540"", ""Toptube length"": ""576"", ""Seat angle"": ""72,5°"", ""Head angle"": ""72,5°"", ""Headtube length"": ""170"", ""Chainstay length"": ""410"", ""Wheelbase"": ""1004"", ""Stack"": ""571"", ""Reach"": ""396"", ""Standover height"": ""811"", ""BB drop"": ""68""}",3299,false,https://www.ktm-bikes.at/bikes/detail/mx2270442115-revelator-alto-master-di2-m-55-mx2270442115revelator-alto-mastermoon-rock-matt-black-orange-2x12-shimano-ultegra-di2-2027,https://www.ktm-bikes.at/bikes/detail/mx2270442115-revelator-alto-master-di2-m-55-mx2270442115revelator-alto-mastermoon-rock-matt-black-orange-2x12-shimano-ultegra-di2-2027,html,2026-10-05
KTM,REVELATOR ALTO [740c12b1],REVELATOR ALTO ELITE,2027,carretera,XS (49),XS,49,,,,,519,361,"{""Seattube length"": ""440"", ""Toptube length"": ""510"", ""Seat angle"": ""74,0°"", ""Head angle"": ""71,5°"", ""Headtube length"": ""115"", ""Chainstay length"": ""410"", ""Wheelbase"": ""960"", ""Stack"": ""519"", ""Reach"": ""361"", ""Standover height"": ""733"", ""BB drop"": ""72""}",2799,false,https://www.ktm-bikes.at/bikes/detail/mx2270443115-revelator-alto-elite-di2-m-55-mx2270443115revelator-alto-elitedark-sea-silver-black-2x12-shimano-105-di2-2027,https://www.ktm-bikes.at/bikes/detail/mx2270443115-revelator-alto-elite-di2-m-55-mx2270443115revelator-alto-elitedark-sea-silver-black-2x12-shimano-105-di2-2027,html,2026-10-05
KTM,REVELATOR ALTO [740c12b1],REVELATOR ALTO ELITE,2027,carretera,S (52),S,52,,,,,535,377,"{""Seattube length"": ""470"", ""Toptube length"": ""530"", ""Seat angle"": ""74,0°"", ""Head angle"": ""72,0°"", ""Headtube length"": ""130"", ""Chainstay length"": ""410"", ""Wheelbase"": ""976"", ""Stack"": ""535"", ""Reach"": ""377"", ""Standover height"": ""757"", ""BB drop"": ""72""}",2799,false,https://www.ktm-bikes.at/bikes/detail/mx2270443115-revelator-alto-elite-di2-m-55-mx2270443115revelator-alto-elitedark-sea-silver-black-2x12-shimano-105-di2-2027,https://www.ktm-bikes.at/bikes/detail/mx2270443115-revelator-alto-elite-di2-m-55-mx2270443115revelator-alto-elitedark-sea-silver-black-2x12-shimano-105-di2-2027,html,2026-10-05
KTM,REVELATOR ALTO [740c12b1],REVELATOR ALTO ELITE,2027,carretera,M (55),M,55,,,,,550,387,"{""Seattube length"": ""500"", ""Toptube length"": ""550"", ""Seat angle"": ""73,5°"", ""Head angle"": ""72,0°"", ""Headtube length"": ""145"", ""Chainstay length"": ""410"", ""Wheelbase"": ""991"", ""Stack"": ""550"", ""Reach"": ""387"", ""Standover height"": ""778"", ""BB drop"": ""72""}",2799,false,https://www.ktm-bikes.at/bikes/detail/mx2270443115-revelator-alto-elite-di2-m-55-mx2270443115revelator-alto-elitedark-sea-silver-black-2x12-shimano-105-di2-2027,https://www.ktm-bikes.at/bikes/detail/mx2270443115-revelator-alto-elite-di2-m-55-mx2270443115revelator-alto-elitedark-sea-silver-black-2x12-shimano-105-di2-2027,html,2026-10-05
KTM,REVELATOR ALTO [740c12b1],REVELATOR ALTO ELITE,2027,carretera,L (57),L,57,,,,,559,392,"{""Seattube length"": ""520"", ""Toptube length"": ""563"", ""Seat angle"": ""73,0°"", ""Head angle"": ""72,5°"", ""Headtube length"": ""155"", ""Chainstay length"": ""410"", ""Wheelbase"": ""995"", ""Stack"": ""559"", ""Reach"": ""392"", ""Standover height"": ""794"", ""BB drop"": ""70""}",2799,false,https://www.ktm-bikes.at/bikes/detail/mx2270443115-revelator-alto-elite-di2-m-55-mx2270443115revelator-alto-elitedark-sea-silver-black-2x12-shimano-105-di2-2027,https://www.ktm-bikes.at/bikes/detail/mx2270443115-revelator-alto-elite-di2-m-55-mx2270443115revelator-alto-elitedark-sea-silver-black-2x12-shimano-105-di2-2027,html,2026-10-05
KTM,REVELATOR ALTO [740c12b1],REVELATOR ALTO ELITE,2027,carretera,XL (59),XL,59,,,,,571,396,"{""Seattube length"": ""540"", ""Toptube length"": ""576"", ""Seat angle"": ""72,5°"", ""Head angle"": ""72,5°"", ""Headtube length"": ""170"", ""Chainstay length"": ""410"", ""Wheelbase"": ""1004"", ""Stack"": ""571"", ""Reach"": ""396"", ""Standover height"": ""811"", ""BB drop"": ""68""}",2799,false,https://www.ktm-bikes.at/bikes/detail/mx2270443115-revelator-alto-elite-di2-m-55-mx2270443115revelator-alto-elitedark-sea-silver-black-2x12-shimano-105-di2-2027,https://www.ktm-bikes.at/bikes/detail/mx2270443115-revelator-alto-elite-di2-m-55-mx2270443115revelator-alto-elitedark-sea-silver-black-2x12-shimano-105-di2-2027,html,2026-10-05
KTM,REVELATOR ALTO [740c12b1],REVELATOR ALTO SUPERPRO,2027,carretera,XS (49),XS,49,,,,,519,361,"{""Seattube length"": ""440"", ""Toptube length"": ""510"", ""Seat angle"": ""74,0°"", ""Head angle"": ""71,5°"", ""Headtube length"": ""115"", ""Chainstay length"": ""410"", ""Wheelbase"": ""960"", ""Stack"": ""519"", ""Reach"": ""361"", ""Standover height"": ""733"", ""BB drop"": ""72""}",1999,false,https://www.ktm-bikes.at/bikes/detail/mx2270456215-revelator-alto-superpro-m-55-mx2270456215revelator-alto-superproaurora-blue-matt-silver-2x12-shimano-105-2027,https://www.ktm-bikes.at/bikes/detail/mx2270456215-revelator-alto-superpro-m-55-mx2270456215revelator-alto-superproaurora-blue-matt-silver-2x12-shimano-105-2027,html,2026-10-05
KTM,REVELATOR ALTO [740c12b1],REVELATOR ALTO SUPERPRO,2027,carretera,S (52),S,52,,,,,535,377,"{""Seattube length"": ""470"", ""Toptube length"": ""530"", ""Seat angle"": ""74,0°"", ""Head angle"": ""72,0°"", ""Headtube length"": ""130"", ""Chainstay length"": ""410"", ""Wheelbase"": ""976"", ""Stack"": ""535"", ""Reach"": ""377"", ""Standover height"": ""757"", ""BB drop"": ""72""}",1999,false,https://www.ktm-bikes.at/bikes/detail/mx2270456215-revelator-alto-superpro-m-55-mx2270456215revelator-alto-superproaurora-blue-matt-silver-2x12-shimano-105-2027,https://www.ktm-bikes.at/bikes/detail/mx2270456215-revelator-alto-superpro-m-55-mx2270456215revelator-alto-superproaurora-blue-matt-silver-2x12-shimano-105-2027,html,2026-10-05
KTM,REVELATOR ALTO [740c12b1],REVELATOR ALTO SUPERPRO,2027,carretera,M (55),M,55,,,,,550,387,"{""Seattube length"": ""500"", ""Toptube length"": ""550"", ""Seat angle"": ""73,5°"", ""Head angle"": ""72,0°"", ""Headtube length"": ""145"", ""Chainstay length"": ""410"", ""Wheelbase"": ""991"", ""Stack"": ""550"", ""Reach"": ""387"", ""Standover height"": ""778"", ""BB drop"": ""72""}",1999,false,https://www.ktm-bikes.at/bikes/detail/mx2270456215-revelator-alto-superpro-m-55-mx2270456215revelator-alto-superproaurora-blue-matt-silver-2x12-shimano-105-2027,https://www.ktm-bikes.at/bikes/detail/mx2270456215-revelator-alto-superpro-m-55-mx2270456215revelator-alto-superproaurora-blue-matt-silver-2x12-shimano-105-2027,html,2026-10-05
KTM,REVELATOR ALTO [740c12b1],REVELATOR ALTO SUPERPRO,2027,carretera,L (57),L,57,,,,,559,392,"{""Seattube length"": ""520"", ""Toptube length"": ""563"", ""Seat angle"": ""73,0°"", ""Head angle"": ""72,5°"", ""Headtube length"": ""155"", ""Chainstay length"": ""410"", ""Wheelbase"": ""995"", ""Stack"": ""559"", ""Reach"": ""392"", ""Standover height"": ""794"", ""BB drop"": ""70""}",1999,false,https://www.ktm-bikes.at/bikes/detail/mx2270456215-revelator-alto-superpro-m-55-mx2270456215revelator-alto-superproaurora-blue-matt-silver-2x12-shimano-105-2027,https://www.ktm-bikes.at/bikes/detail/mx2270456215-revelator-alto-superpro-m-55-mx2270456215revelator-alto-superproaurora-blue-matt-silver-2x12-shimano-105-2027,html,2026-10-05
KTM,REVELATOR ALTO [740c12b1],REVELATOR ALTO SUPERPRO,2027,carretera,XL (59),XL,59,,,,,571,396,"{""Seattube length"": ""540"", ""Toptube length"": ""576"", ""Seat angle"": ""72,5°"", ""Head angle"": ""72,5°"", ""Headtube length"": ""170"", ""Chainstay length"": ""410"", ""Wheelbase"": ""1004"", ""Stack"": ""571"", ""Reach"": ""396"", ""Standover height"": ""811"", ""BB drop"": ""68""}",1999,false,https://www.ktm-bikes.at/bikes/detail/mx2270456215-revelator-alto-superpro-m-55-mx2270456215revelator-alto-superproaurora-blue-matt-silver-2x12-shimano-105-2027,https://www.ktm-bikes.at/bikes/detail/mx2270456215-revelator-alto-superpro-m-55-mx2270456215revelator-alto-superproaurora-blue-matt-silver-2x12-shimano-105-2027,html,2026-10-05
KTM,REVELATOR ALTO [740c12b1],REVELATOR ALTO PRO,2027,carretera,XS (49),XS,49,,,,,519,361,"{""Seattube length"": ""440"", ""Toptube length"": ""510"", ""Seat angle"": ""74,0°"", ""Head angle"": ""71,5°"", ""Headtube length"": ""115"", ""Chainstay length"": ""410"", ""Wheelbase"": ""960"", ""Stack"": ""519"", ""Reach"": ""361"", ""Standover height"": ""733"", ""BB drop"": ""72""}",1699,false,https://www.ktm-bikes.at/bikes/detail/mx2270444215-revelator-alto-pro-m-55-mx2270444215revelator-alto-proaurora-blue-matt-silver-2x12-shimano-105-2027,https://www.ktm-bikes.at/bikes/detail/mx2270444215-revelator-alto-pro-m-55-mx2270444215revelator-alto-proaurora-blue-matt-silver-2x12-shimano-105-2027,html,2026-10-05
KTM,REVELATOR ALTO [740c12b1],REVELATOR ALTO PRO,2027,carretera,S (52),S,52,,,,,535,377,"{""Seattube length"": ""470"", ""Toptube length"": ""530"", ""Seat angle"": ""74,0°"", ""Head angle"": ""72,0°"", ""Headtube length"": ""130"", ""Chainstay length"": ""410"", ""Wheelbase"": ""976"", ""Stack"": ""535"", ""Reach"": ""377"", ""Standover height"": ""757"", ""BB drop"": ""72""}",1699,false,https://www.ktm-bikes.at/bikes/detail/mx2270444215-revelator-alto-pro-m-55-mx2270444215revelator-alto-proaurora-blue-matt-silver-2x12-shimano-105-2027,https://www.ktm-bikes.at/bikes/detail/mx2270444215-revelator-alto-pro-m-55-mx2270444215revelator-alto-proaurora-blue-matt-silver-2x12-shimano-105-2027,html,2026-10-05
KTM,REVELATOR ALTO [740c12b1],REVELATOR ALTO PRO,2027,carretera,M (55),M,55,,,,,550,387,"{""Seattube length"": ""500"", ""Toptube length"": ""550"", ""Seat angle"": ""73,5°"", ""Head angle"": ""72,0°"", ""Headtube length"": ""145"", ""Chainstay length"": ""410"", ""Wheelbase"": ""991"", ""Stack"": ""550"", ""Reach"": ""387"", ""Standover height"": ""778"", ""BB drop"": ""72""}",1699,false,https://www.ktm-bikes.at/bikes/detail/mx2270444215-revelator-alto-pro-m-55-mx2270444215revelator-alto-proaurora-blue-matt-silver-2x12-shimano-105-2027,https://www.ktm-bikes.at/bikes/detail/mx2270444215-revelator-alto-pro-m-55-mx2270444215revelator-alto-proaurora-blue-matt-silver-2x12-shimano-105-2027,html,2026-10-05
KTM,REVELATOR ALTO [740c12b1],REVELATOR ALTO PRO,2027,carretera,L (57),L,57,,,,,559,392,"{""Seattube length"": ""520"", ""Toptube length"": ""563"", ""Seat angle"": ""73,0°"", ""Head angle"": ""72,5°"", ""Headtube length"": ""155"", ""Chainstay length"": ""410"", ""Wheelbase"": ""995"", ""Stack"": ""559"", ""Reach"": ""392"", ""Standover height"": ""794"", ""BB drop"": ""70""}",1699,false,https://www.ktm-bikes.at/bikes/detail/mx2270444215-revelator-alto-pro-m-55-mx2270444215revelator-alto-proaurora-blue-matt-silver-2x12-shimano-105-2027,https://www.ktm-bikes.at/bikes/detail/mx2270444215-revelator-alto-pro-m-55-mx2270444215revelator-alto-proaurora-blue-matt-silver-2x12-shimano-105-2027,html,2026-10-05
KTM,REVELATOR ALTO [740c12b1],REVELATOR ALTO PRO,2027,carretera,XL (59),XL,59,,,,,571,396,"{""Seattube length"": ""540"", ""Toptube length"": ""576"", ""Seat angle"": ""72,5°"", ""Head angle"": ""72,5°"", ""Headtube length"": ""170"", ""Chainstay length"": ""410"", ""Wheelbase"": ""1004"", ""Stack"": ""571"", ""Reach"": ""396"", ""Standover height"": ""811"", ""BB drop"": ""68""}",1699,false,https://www.ktm-bikes.at/bikes/detail/mx2270444215-revelator-alto-pro-m-55-mx2270444215revelator-alto-proaurora-blue-matt-silver-2x12-shimano-105-2027,https://www.ktm-bikes.at/bikes/detail/mx2270444215-revelator-alto-pro-m-55-mx2270444215revelator-alto-proaurora-blue-matt-silver-2x12-shimano-105-2027,html,2026-10-05
KTM,REVELATOR SYRO [81504af0],REVELATOR SYRO PRESTIGE,2027,carretera,XXS (46),XXS,46,,,,,513,363,"{""Seattube length"": ""410"", ""Toptube length"": ""500"", ""Seat angle"": ""75,0°"", ""Head angle"": ""70,5°"", ""Headtube length"": ""106"", ""Chainstay length"": ""415"", ""Wheelbase"": ""972"", ""Stack"": ""513"", ""Reach"": ""363"", ""Standover height"": ""725"", ""BB drop"": ""74""}",6799,false,https://www.ktm-bikes.at/bikes/detail/mx1270454115-revelator-syro-prestige-axs-pm-m-55-mx1270454115revelator-syro-prestigecrystal-gecko1x13-sram-red-xplr-axs-pm-2027,https://www.ktm-bikes.at/bikes/detail/mx1270454115-revelator-syro-prestige-axs-pm-m-55-mx1270454115revelator-syro-prestigecrystal-gecko1x13-sram-red-xplr-axs-pm-2027,html,2026-10-05
KTM,REVELATOR SYRO [81504af0],REVELATOR SYRO PRESTIGE,2027,carretera,XS (49),XS,49,,,,,534,367,"{""Seattube length"": ""440"", ""Toptube length"": ""515"", ""Seat angle"": ""74,5°"", ""Head angle"": ""71,0°"", ""Headtube length"": ""126"", ""Chainstay length"": ""415"", ""Wheelbase"": ""979"", ""Stack"": ""534"", ""Reach"": ""367"", ""Standover height"": ""749"", ""BB drop"": ""74""}",6799,false,https://www.ktm-bikes.at/bikes/detail/mx1270454115-revelator-syro-prestige-axs-pm-m-55-mx1270454115revelator-syro-prestigecrystal-gecko1x13-sram-red-xplr-axs-pm-2027,https://www.ktm-bikes.at/bikes/detail/mx1270454115-revelator-syro-prestige-axs-pm-m-55-mx1270454115revelator-syro-prestigecrystal-gecko1x13-sram-red-xplr-axs-pm-2027,html,2026-10-05
KTM,REVELATOR SYRO [81504af0],REVELATOR SYRO PRESTIGE,2027,carretera,S (52),S,52,,,,,554,376,"{""Seattube length"": ""470"", ""Toptube length"": ""535"", ""Seat angle"": ""74,0°"", ""Head angle"": ""72,0°"", ""Headtube length"": ""146"", ""Chainstay length"": ""415"", ""Wheelbase"": ""987"", ""Stack"": ""554"", ""Reach"": ""376"", ""Standover height"": ""775"", ""BB drop"": ""72""}",6799,false,https://www.ktm-bikes.at/bikes/detail/mx1270454115-revelator-syro-prestige-axs-pm-m-55-mx1270454115revelator-syro-prestigecrystal-gecko1x13-sram-red-xplr-axs-pm-2027,https://www.ktm-bikes.at/bikes/detail/mx1270454115-revelator-syro-prestige-axs-pm-m-55-mx1270454115revelator-syro-prestigecrystal-gecko1x13-sram-red-xplr-axs-pm-2027,html,2026-10-05
KTM,REVELATOR SYRO [81504af0],REVELATOR SYRO PRESTIGE,2027,carretera,M (55),M,55,,,,,573,380,"{""Seattube length"": ""500"", ""Toptube length"": ""550"", ""Seat angle"": ""73,5°"", ""Head angle"": ""72,0°"", ""Headtube length"": ""166"", ""Chainstay length"": ""415"", ""Wheelbase"": ""997"", ""Stack"": ""573"", ""Reach"": ""380"", ""Standover height"": ""799"", ""BB drop"": ""72""}",6799,false,https://www.ktm-bikes.at/bikes/detail/mx1270454115-revelator-syro-prestige-axs-pm-m-55-mx1270454115revelator-syro-prestigecrystal-gecko1x13-sram-red-xplr-axs-pm-2027,https://www.ktm-bikes.at/bikes/detail/mx1270454115-revelator-syro-prestige-axs-pm-m-55-mx1270454115revelator-syro-prestigecrystal-gecko1x13-sram-red-xplr-axs-pm-2027,html,2026-10-05
KTM,REVELATOR SYRO [81504af0],REVELATOR SYRO PRESTIGE,2027,carretera,L (57),L,57,,,,,590,385,"{""Seattube length"": ""520"", ""Toptube length"": ""565"", ""Seat angle"": ""73,0°"", ""Head angle"": ""72,0°"", ""Headtube length"": ""186"", ""Chainstay length"": ""415"", ""Wheelbase"": ""1008"", ""Stack"": ""590"", ""Reach"": ""385"", ""Standover height"": ""818"", ""BB drop"": ""70""}",6799,false,https://www.ktm-bikes.at/bikes/detail/mx1270454115-revelator-syro-prestige-axs-pm-m-55-mx1270454115revelator-syro-prestigecrystal-gecko1x13-sram-red-xplr-axs-pm-2027,https://www.ktm-bikes.at/bikes/detail/mx1270454115-revelator-syro-prestige-axs-pm-m-55-mx1270454115revelator-syro-prestigecrystal-gecko1x13-sram-red-xplr-axs-pm-2027,html,2026-10-05
KTM,REVELATOR SYRO [81504af0],REVELATOR SYRO PRESTIGE,2027,carretera,XL (59),XL,59,,,,,607,389,"{""Seattube length"": ""540"", ""Toptube length"": ""580"", ""Seat angle"": ""72,5°"", ""Head angle"": ""72,0°"", ""Headtube length"": ""206"", ""Chainstay length"": ""415"", ""Wheelbase"": ""1018"", ""Stack"": ""607"", ""Reach"": ""389"", ""Standover height"": ""837"", ""BB drop"": ""68""}",6799,false,https://www.ktm-bikes.at/bikes/detail/mx1270454115-revelator-syro-prestige-axs-pm-m-55-mx1270454115revelator-syro-prestigecrystal-gecko1x13-sram-red-xplr-axs-pm-2027,https://www.ktm-bikes.at/bikes/detail/mx1270454115-revelator-syro-prestige-axs-pm-m-55-mx1270454115revelator-syro-prestigecrystal-gecko1x13-sram-red-xplr-axs-pm-2027,html,2026-10-05
KTM,REVELATOR SYRO [81504af0],REVELATOR SYRO PRESTIGE,2027,carretera,XXL (61),XXL,61,,,,,626,392,"{""Seattube length"": ""560"", ""Toptube length"": ""595"", ""Seat angle"": ""72,0°"", ""Head angle"": ""72,0°"", ""Headtube length"": ""226"", ""Chainstay length"": ""415"", ""Wheelbase"": ""1028"", ""Stack"": ""626"", ""Reach"": ""392"", ""Standover height"": ""856"", ""BB drop"": ""68""}",6799,false,https://www.ktm-bikes.at/bikes/detail/mx1270454115-revelator-syro-prestige-axs-pm-m-55-mx1270454115revelator-syro-prestigecrystal-gecko1x13-sram-red-xplr-axs-pm-2027,https://www.ktm-bikes.at/bikes/detail/mx1270454115-revelator-syro-prestige-axs-pm-m-55-mx1270454115revelator-syro-prestigecrystal-gecko1x13-sram-red-xplr-axs-pm-2027,html,2026-10-05
KTM,REVELATOR SYRO [81504af0],REVELATOR SYRO PRIME,2027,carretera,XXS (46),XXS,46,,,,,513,363,"{""Seattube length"": ""410"", ""Toptube length"": ""500"", ""Seat angle"": ""75,0°"", ""Head angle"": ""70,5°"", ""Headtube length"": ""106"", ""Chainstay length"": ""415"", ""Wheelbase"": ""972"", ""Stack"": ""513"", ""Reach"": ""363"", ""Standover height"": ""725"", ""BB drop"": ""74""}",4299,false,https://www.ktm-bikes.at/bikes/detail/mx2270445115-revelator-syro-prime-axs-pm-m-55-mx2270445115revelator-syro-primevibrant-grey-black-white-2x12-sram-force-axs-pm-2027,https://www.ktm-bikes.at/bikes/detail/mx2270445115-revelator-syro-prime-axs-pm-m-55-mx2270445115revelator-syro-primevibrant-grey-black-white-2x12-sram-force-axs-pm-2027,html,2026-10-05
KTM,REVELATOR SYRO [81504af0],REVELATOR SYRO PRIME,2027,carretera,XS (49),XS,49,,,,,534,367,"{""Seattube length"": ""440"", ""Toptube length"": ""515"", ""Seat angle"": ""74,5°"", ""Head angle"": ""71,0°"", ""Headtube length"": ""126"", ""Chainstay length"": ""415"", ""Wheelbase"": ""979"", ""Stack"": ""534"", ""Reach"": ""367"", ""Standover height"": ""749"", ""BB drop"": ""74""}",4299,false,https://www.ktm-bikes.at/bikes/detail/mx2270445115-revelator-syro-prime-axs-pm-m-55-mx2270445115revelator-syro-primevibrant-grey-black-white-2x12-sram-force-axs-pm-2027,https://www.ktm-bikes.at/bikes/detail/mx2270445115-revelator-syro-prime-axs-pm-m-55-mx2270445115revelator-syro-primevibrant-grey-black-white-2x12-sram-force-axs-pm-2027,html,2026-10-05
KTM,REVELATOR SYRO [81504af0],REVELATOR SYRO PRIME,2027,carretera,S (52),S,52,,,,,554,376,"{""Seattube length"": ""470"", ""Toptube length"": ""535"", ""Seat angle"": ""74,0°"", ""Head angle"": ""72,0°"", ""Headtube length"": ""146"", ""Chainstay length"": ""415"", ""Wheelbase"": ""987"", ""Stack"": ""554"", ""Reach"": ""376"", ""Standover height"": ""775"", ""BB drop"": ""72""}",4299,false,https://www.ktm-bikes.at/bikes/detail/mx2270445115-revelator-syro-prime-axs-pm-m-55-mx2270445115revelator-syro-primevibrant-grey-black-white-2x12-sram-force-axs-pm-2027,https://www.ktm-bikes.at/bikes/detail/mx2270445115-revelator-syro-prime-axs-pm-m-55-mx2270445115revelator-syro-primevibrant-grey-black-white-2x12-sram-force-axs-pm-2027,html,2026-10-05
KTM,REVELATOR SYRO [81504af0],REVELATOR SYRO PRIME,2027,carretera,M (55),M,55,,,,,573,380,"{""Seattube length"": ""500"", ""Toptube length"": ""550"", ""Seat angle"": ""73,5°"", ""Head angle"": ""72,0°"", ""Headtube length"": ""166"", ""Chainstay length"": ""415"", ""Wheelbase"": ""997"", ""Stack"": ""573"", ""Reach"": ""380"", ""Standover height"": ""799"", ""BB drop"": ""72""}",4299,false,https://www.ktm-bikes.at/bikes/detail/mx2270445115-revelator-syro-prime-axs-pm-m-55-mx2270445115revelator-syro-primevibrant-grey-black-white-2x12-sram-force-axs-pm-2027,https://www.ktm-bikes.at/bikes/detail/mx2270445115-revelator-syro-prime-axs-pm-m-55-mx2270445115revelator-syro-primevibrant-grey-black-white-2x12-sram-force-axs-pm-2027,html,2026-10-05
KTM,REVELATOR SYRO [81504af0],REVELATOR SYRO PRIME,2027,carretera,L (57),L,57,,,,,590,385,"{""Seattube length"": ""520"", ""Toptube length"": ""565"", ""Seat angle"": ""73,0°"", ""Head angle"": ""72,0°"", ""Headtube length"": ""186"", ""Chainstay length"": ""415"", ""Wheelbase"": ""1008"", ""Stack"": ""590"", ""Reach"": ""385"", ""Standover height"": ""818"", ""BB drop"": ""70""}",4299,false,https://www.ktm-bikes.at/bikes/detail/mx2270445115-revelator-syro-prime-axs-pm-m-55-mx2270445115revelator-syro-primevibrant-grey-black-white-2x12-sram-force-axs-pm-2027,https://www.ktm-bikes.at/bikes/detail/mx2270445115-revelator-syro-prime-axs-pm-m-55-mx2270445115revelator-syro-primevibrant-grey-black-white-2x12-sram-force-axs-pm-2027,html,2026-10-05
KTM,REVELATOR SYRO [81504af0],REVELATOR SYRO PRIME,2027,carretera,XL (59),XL,59,,,,,607,389,"{""Seattube length"": ""540"", ""Toptube length"": ""580"", ""Seat angle"": ""72,5°"", ""Head angle"": ""72,0°"", ""Headtube length"": ""206"", ""Chainstay length"": ""415"", ""Wheelbase"": ""1018"", ""Stack"": ""607"", ""Reach"": ""389"", ""Standover height"": ""837"", ""BB drop"": ""68""}",4299,false,https://www.ktm-bikes.at/bikes/detail/mx2270445115-revelator-syro-prime-axs-pm-m-55-mx2270445115revelator-syro-primevibrant-grey-black-white-2x12-sram-force-axs-pm-2027,https://www.ktm-bikes.at/bikes/detail/mx2270445115-revelator-syro-prime-axs-pm-m-55-mx2270445115revelator-syro-primevibrant-grey-black-white-2x12-sram-force-axs-pm-2027,html,2026-10-05
KTM,REVELATOR SYRO [81504af0],REVELATOR SYRO PRIME,2027,carretera,XXL (61),XXL,61,,,,,626,392,"{""Seattube length"": ""560"", ""Toptube length"": ""595"", ""Seat angle"": ""72,0°"", ""Head angle"": ""72,0°"", ""Headtube length"": ""226"", ""Chainstay length"": ""415"", ""Wheelbase"": ""1028"", ""Stack"": ""626"", ""Reach"": ""392"", ""Standover height"": ""856"", ""BB drop"": ""68""}",4299,false,https://www.ktm-bikes.at/bikes/detail/mx2270445115-revelator-syro-prime-axs-pm-m-55-mx2270445115revelator-syro-primevibrant-grey-black-white-2x12-sram-force-axs-pm-2027,https://www.ktm-bikes.at/bikes/detail/mx2270445115-revelator-syro-prime-axs-pm-m-55-mx2270445115revelator-syro-primevibrant-grey-black-white-2x12-sram-force-axs-pm-2027,html,2026-10-05
KTM,REVELATOR SYRO [81504af0],REVELATOR SYRO MASTER PM,2027,carretera,XXS (46),XXS,46,,,,,513,363,"{""Seattube length"": ""410"", ""Toptube length"": ""500"", ""Seat angle"": ""75,0°"", ""Head angle"": ""70,5°"", ""Headtube length"": ""106"", ""Chainstay length"": ""415"", ""Wheelbase"": ""972"", ""Stack"": ""513"", ""Reach"": ""363"", ""Standover height"": ""725"", ""BB drop"": ""74""}",3599,false,https://www.ktm-bikes.at/bikes/detail/mx2270455115-revelator-syro-master-di2-pm-m-55-mx2270455115revelator-syro-master-pmcandy-bluegrey-black-white-2x12-shimano-ultegra-di2-pm-2027,https://www.ktm-bikes.at/bikes/detail/mx2270455115-revelator-syro-master-di2-pm-m-55-mx2270455115revelator-syro-master-pmcandy-bluegrey-black-white-2x12-shimano-ultegra-di2-pm-2027,html,2026-10-05
KTM,REVELATOR SYRO [81504af0],REVELATOR SYRO MASTER PM,2027,carretera,XS (49),XS,49,,,,,534,367,"{""Seattube length"": ""440"", ""Toptube length"": ""515"", ""Seat angle"": ""74,5°"", ""Head angle"": ""71,0°"", ""Headtube length"": ""126"", ""Chainstay length"": ""415"", ""Wheelbase"": ""979"", ""Stack"": ""534"", ""Reach"": ""367"", ""Standover height"": ""749"", ""BB drop"": ""74""}",3599,false,https://www.ktm-bikes.at/bikes/detail/mx2270455115-revelator-syro-master-di2-pm-m-55-mx2270455115revelator-syro-master-pmcandy-bluegrey-black-white-2x12-shimano-ultegra-di2-pm-2027,https://www.ktm-bikes.at/bikes/detail/mx2270455115-revelator-syro-master-di2-pm-m-55-mx2270455115revelator-syro-master-pmcandy-bluegrey-black-white-2x12-shimano-ultegra-di2-pm-2027,html,2026-10-05
KTM,REVELATOR SYRO [81504af0],REVELATOR SYRO MASTER PM,2027,carretera,S (52),S,52,,,,,554,376,"{""Seattube length"": ""470"", ""Toptube length"": ""535"", ""Seat angle"": ""74,0°"", ""Head angle"": ""72,0°"", ""Headtube length"": ""146"", ""Chainstay length"": ""415"", ""Wheelbase"": ""987"", ""Stack"": ""554"", ""Reach"": ""376"", ""Standover height"": ""775"", ""BB drop"": ""72""}",3599,false,https://www.ktm-bikes.at/bikes/detail/mx2270455115-revelator-syro-master-di2-pm-m-55-mx2270455115revelator-syro-master-pmcandy-bluegrey-black-white-2x12-shimano-ultegra-di2-pm-2027,https://www.ktm-bikes.at/bikes/detail/mx2270455115-revelator-syro-master-di2-pm-m-55-mx2270455115revelator-syro-master-pmcandy-bluegrey-black-white-2x12-shimano-ultegra-di2-pm-2027,html,2026-10-05
KTM,REVELATOR SYRO [81504af0],REVELATOR SYRO MASTER PM,2027,carretera,M (55),M,55,,,,,573,380,"{""Seattube length"": ""500"", ""Toptube length"": ""550"", ""Seat angle"": ""73,5°"", ""Head angle"": ""72,0°"", ""Headtube length"": ""166"", ""Chainstay length"": ""415"", ""Wheelbase"": ""997"", ""Stack"": ""573"", ""Reach"": ""380"", ""Standover height"": ""799"", ""BB drop"": ""72""}",3599,false,https://www.ktm-bikes.at/bikes/detail/mx2270455115-revelator-syro-master-di2-pm-m-55-mx2270455115revelator-syro-master-pmcandy-bluegrey-black-white-2x12-shimano-ultegra-di2-pm-2027,https://www.ktm-bikes.at/bikes/detail/mx2270455115-revelator-syro-master-di2-pm-m-55-mx2270455115revelator-syro-master-pmcandy-bluegrey-black-white-2x12-shimano-ultegra-di2-pm-2027,html,2026-10-05
KTM,REVELATOR SYRO [81504af0],REVELATOR SYRO MASTER PM,2027,carretera,L (57),L,57,,,,,590,385,"{""Seattube length"": ""520"", ""Toptube length"": ""565"", ""Seat angle"": ""73,0°"", ""Head angle"": ""72,0°"", ""Headtube length"": ""186"", ""Chainstay length"": ""415"", ""Wheelbase"": ""1008"", ""Stack"": ""590"", ""Reach"": ""385"", ""Standover height"": ""818"", ""BB drop"": ""70""}",3599,false,https://www.ktm-bikes.at/bikes/detail/mx2270455115-revelator-syro-master-di2-pm-m-55-mx2270455115revelator-syro-master-pmcandy-bluegrey-black-white-2x12-shimano-ultegra-di2-pm-2027,https://www.ktm-bikes.at/bikes/detail/mx2270455115-revelator-syro-master-di2-pm-m-55-mx2270455115revelator-syro-master-pmcandy-bluegrey-black-white-2x12-shimano-ultegra-di2-pm-2027,html,2026-10-05
KTM,REVELATOR SYRO [81504af0],REVELATOR SYRO MASTER PM,2027,carretera,XL (59),XL,59,,,,,607,389,"{""Seattube length"": ""540"", ""Toptube length"": ""580"", ""Seat angle"": ""72,5°"", ""Head angle"": ""72,0°"", ""Headtube length"": ""206"", ""Chainstay length"": ""415"", ""Wheelbase"": ""1018"", ""Stack"": ""607"", ""Reach"": ""389"", ""Standover height"": ""837"", ""BB drop"": ""68""}",3599,false,https://www.ktm-bikes.at/bikes/detail/mx2270455115-revelator-syro-master-di2-pm-m-55-mx2270455115revelator-syro-master-pmcandy-bluegrey-black-white-2x12-shimano-ultegra-di2-pm-2027,https://www.ktm-bikes.at/bikes/detail/mx2270455115-revelator-syro-master-di2-pm-m-55-mx2270455115revelator-syro-master-pmcandy-bluegrey-black-white-2x12-shimano-ultegra-di2-pm-2027,html,2026-10-05
KTM,REVELATOR SYRO [81504af0],REVELATOR SYRO MASTER PM,2027,carretera,XXL (61),XXL,61,,,,,626,392,"{""Seattube length"": ""560"", ""Toptube length"": ""595"", ""Seat angle"": ""72,0°"", ""Head angle"": ""72,0°"", ""Headtube length"": ""226"", ""Chainstay length"": ""415"", ""Wheelbase"": ""1028"", ""Stack"": ""626"", ""Reach"": ""392"", ""Standover height"": ""856"", ""BB drop"": ""68""}",3599,false,https://www.ktm-bikes.at/bikes/detail/mx2270455115-revelator-syro-master-di2-pm-m-55-mx2270455115revelator-syro-master-pmcandy-bluegrey-black-white-2x12-shimano-ultegra-di2-pm-2027,https://www.ktm-bikes.at/bikes/detail/mx2270455115-revelator-syro-master-di2-pm-m-55-mx2270455115revelator-syro-master-pmcandy-bluegrey-black-white-2x12-shimano-ultegra-di2-pm-2027,html,2026-10-05
KTM,REVELATOR SYRO [81504af0],REVELATOR SYRO MASTER,2027,carretera,XXS (46),XXS,46,,,,,513,363,"{""Seattube length"": ""410"", ""Toptube length"": ""500"", ""Seat angle"": ""75,0°"", ""Head angle"": ""70,5°"", ""Headtube length"": ""106"", ""Chainstay length"": ""415"", ""Wheelbase"": ""972"", ""Stack"": ""513"", ""Reach"": ""363"", ""Standover height"": ""725"", ""BB drop"": ""74""}",3399,false,https://www.ktm-bikes.at/bikes/detail/mx2270446215-revelator-syro-master-di2-m-55-mx2270446215revelator-syro-mastercosmic-blue-black-silver-2x12-shimano-ultegra-di2-2027,https://www.ktm-bikes.at/bikes/detail/mx2270446215-revelator-syro-master-di2-m-55-mx2270446215revelator-syro-mastercosmic-blue-black-silver-2x12-shimano-ultegra-di2-2027,html,2026-10-05
KTM,REVELATOR SYRO [81504af0],REVELATOR SYRO MASTER,2027,carretera,XS (49),XS,49,,,,,534,367,"{""Seattube length"": ""440"", ""Toptube length"": ""515"", ""Seat angle"": ""74,5°"", ""Head angle"": ""71,0°"", ""Headtube length"": ""126"", ""Chainstay length"": ""415"", ""Wheelbase"": ""979"", ""Stack"": ""534"", ""Reach"": ""367"", ""Standover height"": ""749"", ""BB drop"": ""74""}",3399,false,https://www.ktm-bikes.at/bikes/detail/mx2270446215-revelator-syro-master-di2-m-55-mx2270446215revelator-syro-mastercosmic-blue-black-silver-2x12-shimano-ultegra-di2-2027,https://www.ktm-bikes.at/bikes/detail/mx2270446215-revelator-syro-master-di2-m-55-mx2270446215revelator-syro-mastercosmic-blue-black-silver-2x12-shimano-ultegra-di2-2027,html,2026-10-05
KTM,REVELATOR SYRO [81504af0],REVELATOR SYRO MASTER,2027,carretera,S (52),S,52,,,,,554,376,"{""Seattube length"": ""470"", ""Toptube length"": ""535"", ""Seat angle"": ""74,0°"", ""Head angle"": ""72,0°"", ""Headtube length"": ""146"", ""Chainstay length"": ""415"", ""Wheelbase"": ""987"", ""Stack"": ""554"", ""Reach"": ""376"", ""Standover height"": ""775"", ""BB drop"": ""72""}",3399,false,https://www.ktm-bikes.at/bikes/detail/mx2270446215-revelator-syro-master-di2-m-55-mx2270446215revelator-syro-mastercosmic-blue-black-silver-2x12-shimano-ultegra-di2-2027,https://www.ktm-bikes.at/bikes/detail/mx2270446215-revelator-syro-master-di2-m-55-mx2270446215revelator-syro-mastercosmic-blue-black-silver-2x12-shimano-ultegra-di2-2027,html,2026-10-05
KTM,REVELATOR SYRO [81504af0],REVELATOR SYRO MASTER,2027,carretera,M (55),M,55,,,,,573,380,"{""Seattube length"": ""500"", ""Toptube length"": ""550"", ""Seat angle"": ""73,5°"", ""Head angle"": ""72,0°"", ""Headtube length"": ""166"", ""Chainstay length"": ""415"", ""Wheelbase"": ""997"", ""Stack"": ""573"", ""Reach"": ""380"", ""Standover height"": ""799"", ""BB drop"": ""72""}",3399,false,https://www.ktm-bikes.at/bikes/detail/mx2270446215-revelator-syro-master-di2-m-55-mx2270446215revelator-syro-mastercosmic-blue-black-silver-2x12-shimano-ultegra-di2-2027,https://www.ktm-bikes.at/bikes/detail/mx2270446215-revelator-syro-master-di2-m-55-mx2270446215revelator-syro-mastercosmic-blue-black-silver-2x12-shimano-ultegra-di2-2027,html,2026-10-05
KTM,REVELATOR SYRO [81504af0],REVELATOR SYRO MASTER,2027,carretera,L (57),L,57,,,,,590,385,"{""Seattube length"": ""520"", ""Toptube length"": ""565"", ""Seat angle"": ""73,0°"", ""Head angle"": ""72,0°"", ""Headtube length"": ""186"", ""Chainstay length"": ""415"", ""Wheelbase"": ""1008"", ""Stack"": ""590"", ""Reach"": ""385"", ""Standover height"": ""818"", ""BB drop"": ""70""}",3399,false,https://www.ktm-bikes.at/bikes/detail/mx2270446215-revelator-syro-master-di2-m-55-mx2270446215revelator-syro-mastercosmic-blue-black-silver-2x12-shimano-ultegra-di2-2027,https://www.ktm-bikes.at/bikes/detail/mx2270446215-revelator-syro-master-di2-m-55-mx2270446215revelator-syro-mastercosmic-blue-black-silver-2x12-shimano-ultegra-di2-2027,html,2026-10-05
KTM,REVELATOR SYRO [81504af0],REVELATOR SYRO MASTER,2027,carretera,XL (59),XL,59,,,,,607,389,"{""Seattube length"": ""540"", ""Toptube length"": ""580"", ""Seat angle"": ""72,5°"", ""Head angle"": ""72,0°"", ""Headtube length"": ""206"", ""Chainstay length"": ""415"", ""Wheelbase"": ""1018"", ""Stack"": ""607"", ""Reach"": ""389"", ""Standover height"": ""837"", ""BB drop"": ""68""}",3399,false,https://www.ktm-bikes.at/bikes/detail/mx2270446215-revelator-syro-master-di2-m-55-mx2270446215revelator-syro-mastercosmic-blue-black-silver-2x12-shimano-ultegra-di2-2027,https://www.ktm-bikes.at/bikes/detail/mx2270446215-revelator-syro-master-di2-m-55-mx2270446215revelator-syro-mastercosmic-blue-black-silver-2x12-shimano-ultegra-di2-2027,html,2026-10-05
KTM,REVELATOR SYRO [81504af0],REVELATOR SYRO MASTER,2027,carretera,XXL (61),XXL,61,,,,,626,392,"{""Seattube length"": ""560"", ""Toptube length"": ""595"", ""Seat angle"": ""72,0°"", ""Head angle"": ""72,0°"", ""Headtube length"": ""226"", ""Chainstay length"": ""415"", ""Wheelbase"": ""1028"", ""Stack"": ""626"", ""Reach"": ""392"", ""Standover height"": ""856"", ""BB drop"": ""68""}",3399,false,https://www.ktm-bikes.at/bikes/detail/mx2270446215-revelator-syro-master-di2-m-55-mx2270446215revelator-syro-mastercosmic-blue-black-silver-2x12-shimano-ultegra-di2-2027,https://www.ktm-bikes.at/bikes/detail/mx2270446215-revelator-syro-master-di2-m-55-mx2270446215revelator-syro-mastercosmic-blue-black-silver-2x12-shimano-ultegra-di2-2027,html,2026-10-05
KTM,REVELATOR SYRO [81504af0],REVELATOR SYRO ELITE,2027,carretera,XXS (46),XXS,46,,,,,513,363,"{""Seattube length"": ""410"", ""Toptube length"": ""500"", ""Seat angle"": ""75,0°"", ""Head angle"": ""70,5°"", ""Headtube length"": ""106"", ""Chainstay length"": ""415"", ""Wheelbase"": ""972"", ""Stack"": ""513"", ""Reach"": ""363"", ""Standover height"": ""725"", ""BB drop"": ""74""}",2999,false,https://www.ktm-bikes.at/bikes/detail/mx2270447215-revelator-syro-elite-di2-m-55-mx2270447215revelator-syro-eliteburnt-orange-black-2x12-shimano-105-di2-2027,https://www.ktm-bikes.at/bikes/detail/mx2270447215-revelator-syro-elite-di2-m-55-mx2270447215revelator-syro-eliteburnt-orange-black-2x12-shimano-105-di2-2027,html,2026-10-05
KTM,REVELATOR SYRO [81504af0],REVELATOR SYRO ELITE,2027,carretera,XS (49),XS,49,,,,,534,367,"{""Seattube length"": ""440"", ""Toptube length"": ""515"", ""Seat angle"": ""74,5°"", ""Head angle"": ""71,0°"", ""Headtube length"": ""126"", ""Chainstay length"": ""415"", ""Wheelbase"": ""979"", ""Stack"": ""534"", ""Reach"": ""367"", ""Standover height"": ""749"", ""BB drop"": ""74""}",2999,false,https://www.ktm-bikes.at/bikes/detail/mx2270447215-revelator-syro-elite-di2-m-55-mx2270447215revelator-syro-eliteburnt-orange-black-2x12-shimano-105-di2-2027,https://www.ktm-bikes.at/bikes/detail/mx2270447215-revelator-syro-elite-di2-m-55-mx2270447215revelator-syro-eliteburnt-orange-black-2x12-shimano-105-di2-2027,html,2026-10-05
KTM,REVELATOR SYRO [81504af0],REVELATOR SYRO ELITE,2027,carretera,S (52),S,52,,,,,554,376,"{""Seattube length"": ""470"", ""Toptube length"": ""535"", ""Seat angle"": ""74,0°"", ""Head angle"": ""72,0°"", ""Headtube length"": ""146"", ""Chainstay length"": ""415"", ""Wheelbase"": ""987"", ""Stack"": ""554"", ""Reach"": ""376"", ""Standover height"": ""775"", ""BB drop"": ""72""}",2999,false,https://www.ktm-bikes.at/bikes/detail/mx2270447215-revelator-syro-elite-di2-m-55-mx2270447215revelator-syro-eliteburnt-orange-black-2x12-shimano-105-di2-2027,https://www.ktm-bikes.at/bikes/detail/mx2270447215-revelator-syro-elite-di2-m-55-mx2270447215revelator-syro-eliteburnt-orange-black-2x12-shimano-105-di2-2027,html,2026-10-05
KTM,REVELATOR SYRO [81504af0],REVELATOR SYRO ELITE,2027,carretera,M (55),M,55,,,,,573,380,"{""Seattube length"": ""500"", ""Toptube length"": ""550"", ""Seat angle"": ""73,5°"", ""Head angle"": ""72,0°"", ""Headtube length"": ""166"", ""Chainstay length"": ""415"", ""Wheelbase"": ""997"", ""Stack"": ""573"", ""Reach"": ""380"", ""Standover height"": ""799"", ""BB drop"": ""72""}",2999,false,https://www.ktm-bikes.at/bikes/detail/mx2270447215-revelator-syro-elite-di2-m-55-mx2270447215revelator-syro-eliteburnt-orange-black-2x12-shimano-105-di2-2027,https://www.ktm-bikes.at/bikes/detail/mx2270447215-revelator-syro-elite-di2-m-55-mx2270447215revelator-syro-eliteburnt-orange-black-2x12-shimano-105-di2-2027,html,2026-10-05
KTM,REVELATOR SYRO [81504af0],REVELATOR SYRO ELITE,2027,carretera,L (57),L,57,,,,,590,385,"{""Seattube length"": ""520"", ""Toptube length"": ""565"", ""Seat angle"": ""73,0°"", ""Head angle"": ""72,0°"", ""Headtube length"": ""186"", ""Chainstay length"": ""415"", ""Wheelbase"": ""1008"", ""Stack"": ""590"", ""Reach"": ""385"", ""Standover height"": ""818"", ""BB drop"": ""70""}",2999,false,https://www.ktm-bikes.at/bikes/detail/mx2270447215-revelator-syro-elite-di2-m-55-mx2270447215revelator-syro-eliteburnt-orange-black-2x12-shimano-105-di2-2027,https://www.ktm-bikes.at/bikes/detail/mx2270447215-revelator-syro-elite-di2-m-55-mx2270447215revelator-syro-eliteburnt-orange-black-2x12-shimano-105-di2-2027,html,2026-10-05
KTM,REVELATOR SYRO [81504af0],REVELATOR SYRO ELITE,2027,carretera,XL (59),XL,59,,,,,607,389,"{""Seattube length"": ""540"", ""Toptube length"": ""580"", ""Seat angle"": ""72,5°"", ""Head angle"": ""72,0°"", ""Headtube length"": ""206"", ""Chainstay length"": ""415"", ""Wheelbase"": ""1018"", ""Stack"": ""607"", ""Reach"": ""389"", ""Standover height"": ""837"", ""BB drop"": ""68""}",2999,false,https://www.ktm-bikes.at/bikes/detail/mx2270447215-revelator-syro-elite-di2-m-55-mx2270447215revelator-syro-eliteburnt-orange-black-2x12-shimano-105-di2-2027,https://www.ktm-bikes.at/bikes/detail/mx2270447215-revelator-syro-elite-di2-m-55-mx2270447215revelator-syro-eliteburnt-orange-black-2x12-shimano-105-di2-2027,html,2026-10-05
KTM,REVELATOR SYRO [81504af0],REVELATOR SYRO ELITE,2027,carretera,XXL (61),XXL,61,,,,,626,392,"{""Seattube length"": ""560"", ""Toptube length"": ""595"", ""Seat angle"": ""72,0°"", ""Head angle"": ""72,0°"", ""Headtube length"": ""226"", ""Chainstay length"": ""415"", ""Wheelbase"": ""1028"", ""Stack"": ""626"", ""Reach"": ""392"", ""Standover height"": ""856"", ""BB drop"": ""68""}",2999,false,https://www.ktm-bikes.at/bikes/detail/mx2270447215-revelator-syro-elite-di2-m-55-mx2270447215revelator-syro-eliteburnt-orange-black-2x12-shimano-105-di2-2027,https://www.ktm-bikes.at/bikes/detail/mx2270447215-revelator-syro-elite-di2-m-55-mx2270447215revelator-syro-eliteburnt-orange-black-2x12-shimano-105-di2-2027,html,2026-10-05
KTM,REVELATOR SYRO [81504af0],REVELATOR SYRO PRO,2027,carretera,XXS (46),XXS,46,,,,,513,363,"{""Seattube length"": ""410"", ""Toptube length"": ""500"", ""Seat angle"": ""75,0°"", ""Head angle"": ""70,5°"", ""Headtube length"": ""106"", ""Chainstay length"": ""415"", ""Wheelbase"": ""972"", ""Stack"": ""513"", ""Reach"": ""363"", ""Standover height"": ""725"", ""BB drop"": ""74""}",2499,false,https://www.ktm-bikes.at/bikes/detail/mx2270448215-revelator-syro-pro-di2-m-55-mx2270448215revelator-syro-prosmaragd-white-violet-magenta-2x12-shimano-105-di2-2027,https://www.ktm-bikes.at/bikes/detail/mx2270448215-revelator-syro-pro-di2-m-55-mx2270448215revelator-syro-prosmaragd-white-violet-magenta-2x12-shimano-105-di2-2027,html,2026-10-05
KTM,REVELATOR SYRO [81504af0],REVELATOR SYRO PRO,2027,carretera,XS (49),XS,49,,,,,534,367,"{""Seattube length"": ""440"", ""Toptube length"": ""515"", ""Seat angle"": ""74,5°"", ""Head angle"": ""71,0°"", ""Headtube length"": ""126"", ""Chainstay length"": ""415"", ""Wheelbase"": ""979"", ""Stack"": ""534"", ""Reach"": ""367"", ""Standover height"": ""749"", ""BB drop"": ""74""}",2499,false,https://www.ktm-bikes.at/bikes/detail/mx2270448215-revelator-syro-pro-di2-m-55-mx2270448215revelator-syro-prosmaragd-white-violet-magenta-2x12-shimano-105-di2-2027,https://www.ktm-bikes.at/bikes/detail/mx2270448215-revelator-syro-pro-di2-m-55-mx2270448215revelator-syro-prosmaragd-white-violet-magenta-2x12-shimano-105-di2-2027,html,2026-10-05
KTM,REVELATOR SYRO [81504af0],REVELATOR SYRO PRO,2027,carretera,S (52),S,52,,,,,554,376,"{""Seattube length"": ""470"", ""Toptube length"": ""535"", ""Seat angle"": ""74,0°"", ""Head angle"": ""72,0°"", ""Headtube length"": ""146"", ""Chainstay length"": ""415"", ""Wheelbase"": ""987"", ""Stack"": ""554"", ""Reach"": ""376"", ""Standover height"": ""775"", ""BB drop"": ""72""}",2499,false,https://www.ktm-bikes.at/bikes/detail/mx2270448215-revelator-syro-pro-di2-m-55-mx2270448215revelator-syro-prosmaragd-white-violet-magenta-2x12-shimano-105-di2-2027,https://www.ktm-bikes.at/bikes/detail/mx2270448215-revelator-syro-pro-di2-m-55-mx2270448215revelator-syro-prosmaragd-white-violet-magenta-2x12-shimano-105-di2-2027,html,2026-10-05
KTM,REVELATOR SYRO [81504af0],REVELATOR SYRO PRO,2027,carretera,M (55),M,55,,,,,573,380,"{""Seattube length"": ""500"", ""Toptube length"": ""550"", ""Seat angle"": ""73,5°"", ""Head angle"": ""72,0°"", ""Headtube length"": ""166"", ""Chainstay length"": ""415"", ""Wheelbase"": ""997"", ""Stack"": ""573"", ""Reach"": ""380"", ""Standover height"": ""799"", ""BB drop"": ""72""}",2499,false,https://www.ktm-bikes.at/bikes/detail/mx2270448215-revelator-syro-pro-di2-m-55-mx2270448215revelator-syro-prosmaragd-white-violet-magenta-2x12-shimano-105-di2-2027,https://www.ktm-bikes.at/bikes/detail/mx2270448215-revelator-syro-pro-di2-m-55-mx2270448215revelator-syro-prosmaragd-white-violet-magenta-2x12-shimano-105-di2-2027,html,2026-10-05
KTM,REVELATOR SYRO [81504af0],REVELATOR SYRO PRO,2027,carretera,L (57),L,57,,,,,590,385,"{""Seattube length"": ""520"", ""Toptube length"": ""565"", ""Seat angle"": ""73,0°"", ""Head angle"": ""72,0°"", ""Headtube length"": ""186"", ""Chainstay length"": ""415"", ""Wheelbase"": ""1008"", ""Stack"": ""590"", ""Reach"": ""385"", ""Standover height"": ""818"", ""BB drop"": ""70""}",2499,false,https://www.ktm-bikes.at/bikes/detail/mx2270448215-revelator-syro-pro-di2-m-55-mx2270448215revelator-syro-prosmaragd-white-violet-magenta-2x12-shimano-105-di2-2027,https://www.ktm-bikes.at/bikes/detail/mx2270448215-revelator-syro-pro-di2-m-55-mx2270448215revelator-syro-prosmaragd-white-violet-magenta-2x12-shimano-105-di2-2027,html,2026-10-05
KTM,REVELATOR SYRO [81504af0],REVELATOR SYRO PRO,2027,carretera,XL (59),XL,59,,,,,607,389,"{""Seattube length"": ""540"", ""Toptube length"": ""580"", ""Seat angle"": ""72,5°"", ""Head angle"": ""72,0°"", ""Headtube length"": ""206"", ""Chainstay length"": ""415"", ""Wheelbase"": ""1018"", ""Stack"": ""607"", ""Reach"": ""389"", ""Standover height"": ""837"", ""BB drop"": ""68""}",2499,false,https://www.ktm-bikes.at/bikes/detail/mx2270448215-revelator-syro-pro-di2-m-55-mx2270448215revelator-syro-prosmaragd-white-violet-magenta-2x12-shimano-105-di2-2027,https://www.ktm-bikes.at/bikes/detail/mx2270448215-revelator-syro-pro-di2-m-55-mx2270448215revelator-syro-prosmaragd-white-violet-magenta-2x12-shimano-105-di2-2027,html,2026-10-05
KTM,REVELATOR SYRO [81504af0],REVELATOR SYRO PRO,2027,carretera,XXL (61),XXL,61,,,,,626,392,"{""Seattube length"": ""560"", ""Toptube length"": ""595"", ""Seat angle"": ""72,0°"", ""Head angle"": ""72,0°"", ""Headtube length"": ""226"", ""Chainstay length"": ""415"", ""Wheelbase"": ""1028"", ""Stack"": ""626"", ""Reach"": ""392"", ""Standover height"": ""856"", ""BB drop"": ""68""}",2499,false,https://www.ktm-bikes.at/bikes/detail/mx2270448215-revelator-syro-pro-di2-m-55-mx2270448215revelator-syro-prosmaragd-white-violet-magenta-2x12-shimano-105-di2-2027,https://www.ktm-bikes.at/bikes/detail/mx2270448215-revelator-syro-pro-di2-m-55-mx2270448215revelator-syro-prosmaragd-white-violet-magenta-2x12-shimano-105-di2-2027,html,2026-10-05
KTM,REVELATOR SYRO [81504af0],REVELATOR SYRO COMP,2027,carretera,XXS (46),XXS,46,,,,,513,363,"{""Seattube length"": ""410"", ""Toptube length"": ""500"", ""Seat angle"": ""75,0°"", ""Head angle"": ""70,5°"", ""Headtube length"": ""106"", ""Chainstay length"": ""415"", ""Wheelbase"": ""972"", ""Stack"": ""513"", ""Reach"": ""363"", ""Standover height"": ""725"", ""BB drop"": ""74""}",2199,false,https://www.ktm-bikes.at/bikes/detail/mx2270449115-revelator-syro-comp-m-55-mx2270449115revelator-syro-compaurora-blue-grey-2x12-shimano-105-2027,https://www.ktm-bikes.at/bikes/detail/mx2270449115-revelator-syro-comp-m-55-mx2270449115revelator-syro-compaurora-blue-grey-2x12-shimano-105-2027,html,2026-10-05
KTM,REVELATOR SYRO [81504af0],REVELATOR SYRO COMP,2027,carretera,XS (49),XS,49,,,,,534,367,"{""Seattube length"": ""440"", ""Toptube length"": ""515"", ""Seat angle"": ""74,5°"", ""Head angle"": ""71,0°"", ""Headtube length"": ""126"", ""Chainstay length"": ""415"", ""Wheelbase"": ""979"", ""Stack"": ""534"", ""Reach"": ""367"", ""Standover height"": ""749"", ""BB drop"": ""74""}",2199,false,https://www.ktm-bikes.at/bikes/detail/mx2270449115-revelator-syro-comp-m-55-mx2270449115revelator-syro-compaurora-blue-grey-2x12-shimano-105-2027,https://www.ktm-bikes.at/bikes/detail/mx2270449115-revelator-syro-comp-m-55-mx2270449115revelator-syro-compaurora-blue-grey-2x12-shimano-105-2027,html,2026-10-05
KTM,REVELATOR SYRO [81504af0],REVELATOR SYRO COMP,2027,carretera,S (52),S,52,,,,,554,376,"{""Seattube length"": ""470"", ""Toptube length"": ""535"", ""Seat angle"": ""74,0°"", ""Head angle"": ""72,0°"", ""Headtube length"": ""146"", ""Chainstay length"": ""415"", ""Wheelbase"": ""987"", ""Stack"": ""554"", ""Reach"": ""376"", ""Standover height"": ""775"", ""BB drop"": ""72""}",2199,false,https://www.ktm-bikes.at/bikes/detail/mx2270449115-revelator-syro-comp-m-55-mx2270449115revelator-syro-compaurora-blue-grey-2x12-shimano-105-2027,https://www.ktm-bikes.at/bikes/detail/mx2270449115-revelator-syro-comp-m-55-mx2270449115revelator-syro-compaurora-blue-grey-2x12-shimano-105-2027,html,2026-10-05
KTM,REVELATOR SYRO [81504af0],REVELATOR SYRO COMP,2027,carretera,M (55),M,55,,,,,573,380,"{""Seattube length"": ""500"", ""Toptube length"": ""550"", ""Seat angle"": ""73,5°"", ""Head angle"": ""72,0°"", ""Headtube length"": ""166"", ""Chainstay length"": ""415"", ""Wheelbase"": ""997"", ""Stack"": ""573"", ""Reach"": ""380"", ""Standover height"": ""799"", ""BB drop"": ""72""}",2199,false,https://www.ktm-bikes.at/bikes/detail/mx2270449115-revelator-syro-comp-m-55-mx2270449115revelator-syro-compaurora-blue-grey-2x12-shimano-105-2027,https://www.ktm-bikes.at/bikes/detail/mx2270449115-revelator-syro-comp-m-55-mx2270449115revelator-syro-compaurora-blue-grey-2x12-shimano-105-2027,html,2026-10-05
KTM,REVELATOR SYRO [81504af0],REVELATOR SYRO COMP,2027,carretera,L (57),L,57,,,,,590,385,"{""Seattube length"": ""520"", ""Toptube length"": ""565"", ""Seat angle"": ""73,0°"", ""Head angle"": ""72,0°"", ""Headtube length"": ""186"", ""Chainstay length"": ""415"", ""Wheelbase"": ""1008"", ""Stack"": ""590"", ""Reach"": ""385"", ""Standover height"": ""818"", ""BB drop"": ""70""}",2199,false,https://www.ktm-bikes.at/bikes/detail/mx2270449115-revelator-syro-comp-m-55-mx2270449115revelator-syro-compaurora-blue-grey-2x12-shimano-105-2027,https://www.ktm-bikes.at/bikes/detail/mx2270449115-revelator-syro-comp-m-55-mx2270449115revelator-syro-compaurora-blue-grey-2x12-shimano-105-2027,html,2026-10-05
KTM,REVELATOR SYRO [81504af0],REVELATOR SYRO COMP,2027,carretera,XL (59),XL,59,,,,,607,389,"{""Seattube length"": ""540"", ""Toptube length"": ""580"", ""Seat angle"": ""72,5°"", ""Head angle"": ""72,0°"", ""Headtube length"": ""206"", ""Chainstay length"": ""415"", ""Wheelbase"": ""1018"", ""Stack"": ""607"", ""Reach"": ""389"", ""Standover height"": ""837"", ""BB drop"": ""68""}",2199,false,https://www.ktm-bikes.at/bikes/detail/mx2270449115-revelator-syro-comp-m-55-mx2270449115revelator-syro-compaurora-blue-grey-2x12-shimano-105-2027,https://www.ktm-bikes.at/bikes/detail/mx2270449115-revelator-syro-comp-m-55-mx2270449115revelator-syro-compaurora-blue-grey-2x12-shimano-105-2027,html,2026-10-05
KTM,REVELATOR SYRO [81504af0],REVELATOR SYRO COMP,2027,carretera,XXL (61),XXL,61,,,,,626,392,"{""Seattube length"": ""560"", ""Toptube length"": ""595"", ""Seat angle"": ""72,0°"", ""Head angle"": ""72,0°"", ""Headtube length"": ""226"", ""Chainstay length"": ""415"", ""Wheelbase"": ""1028"", ""Stack"": ""626"", ""Reach"": ""392"", ""Standover height"": ""856"", ""BB drop"": ""68""}",2199,false,https://www.ktm-bikes.at/bikes/detail/mx2270449115-revelator-syro-comp-m-55-mx2270449115revelator-syro-compaurora-blue-grey-2x12-shimano-105-2027,https://www.ktm-bikes.at/bikes/detail/mx2270449115-revelator-syro-comp-m-55-mx2270449115revelator-syro-compaurora-blue-grey-2x12-shimano-105-2027,html,2026-10-05
KTM,REVELATOR [dcd2c66a],REVELATOR 10,2027,carretera,XS (49),XS,49,,,,,532,363,"{""Seattube length"": ""440"", ""Toptube length"": ""510"", ""Seat angle"": ""74,5°"", ""Head angle"": ""71,0°"", ""Headtube length"": ""130"", ""Chainstay length"": ""420"", ""Wheelbase"": ""980"", ""Stack"": ""532"", ""Reach"": ""363"", ""Standover height"": ""732"", ""BB drop"": ""72""}",1399,false,https://www.ktm-bikes.at/bikes/detail/mx2270450115-revelator-10-m-55-mx2270450115revelator-10candy-bluegrey-black-2x12-shimano-105-2027,https://www.ktm-bikes.at/bikes/detail/mx2270450115-revelator-10-m-55-mx2270450115revelator-10candy-bluegrey-black-2x12-shimano-105-2027,html,2026-10-05
KTM,REVELATOR [dcd2c66a],REVELATOR 10,2027,carretera,S (52),S,52,,,,,550,372,"{""Seattube length"": ""470"", ""Toptube length"": ""530"", ""Seat angle"": ""74,0°"", ""Head angle"": ""72,0°"", ""Headtube length"": ""145"", ""Chainstay length"": ""420"", ""Wheelbase"": ""987"", ""Stack"": ""550"", ""Reach"": ""372"", ""Standover height"": ""756"", ""BB drop"": ""72""}",1399,false,https://www.ktm-bikes.at/bikes/detail/mx2270450115-revelator-10-m-55-mx2270450115revelator-10candy-bluegrey-black-2x12-shimano-105-2027,https://www.ktm-bikes.at/bikes/detail/mx2270450115-revelator-10-m-55-mx2270450115revelator-10candy-bluegrey-black-2x12-shimano-105-2027,html,2026-10-05
KTM,REVELATOR [dcd2c66a],REVELATOR 10,2027,carretera,M (55),M,55,,,,,564,383,"{""Seattube length"": ""500"", ""Toptube length"": ""550"", ""Seat angle"": ""73,5°"", ""Head angle"": ""72,0°"", ""Headtube length"": ""160"", ""Chainstay length"": ""420"", ""Wheelbase"": ""1002"", ""Stack"": ""564"", ""Reach"": ""383"", ""Standover height"": ""779"", ""BB drop"": ""72""}",1399,false,https://www.ktm-bikes.at/bikes/detail/mx2270450115-revelator-10-m-55-mx2270450115revelator-10candy-bluegrey-black-2x12-shimano-105-2027,https://www.ktm-bikes.at/bikes/detail/mx2270450115-revelator-10-m-55-mx2270450115revelator-10candy-bluegrey-black-2x12-shimano-105-2027,html,2026-10-05
KTM,REVELATOR [dcd2c66a],REVELATOR 10,2027,carretera,L (57),L,57,,,,,573,388,"{""Seattube length"": ""520"", ""Toptube length"": ""563"", ""Seat angle"": ""73,0°"", ""Head angle"": ""72,5°"", ""Headtube length"": ""170"", ""Chainstay length"": ""420"", ""Wheelbase"": ""1006"", ""Stack"": ""573"", ""Reach"": ""388"", ""Standover height"": ""795"", ""BB drop"": ""70""}",1399,false,https://www.ktm-bikes.at/bikes/detail/mx2270450115-revelator-10-m-55-mx2270450115revelator-10candy-bluegrey-black-2x12-shimano-105-2027,https://www.ktm-bikes.at/bikes/detail/mx2270450115-revelator-10-m-55-mx2270450115revelator-10candy-bluegrey-black-2x12-shimano-105-2027,html,2026-10-05
KTM,REVELATOR [dcd2c66a],REVELATOR 10,2027,carretera,XL (59),XL,59,,,,,581,393,"{""Seattube length"": ""540"", ""Toptube length"": ""576"", ""Seat angle"": ""72,5°"", ""Head angle"": ""72,5°"", ""Headtube length"": ""180"", ""Chainstay length"": ""420"", ""Wheelbase"": ""1014"", ""Stack"": ""581"", ""Reach"": ""393"", ""Standover height"": ""811"", ""BB drop"": ""68""}",1399,false,https://www.ktm-bikes.at/bikes/detail/mx2270450115-revelator-10-m-55-mx2270450115revelator-10candy-bluegrey-black-2x12-shimano-105-2027,https://www.ktm-bikes.at/bikes/detail/mx2270450115-revelator-10-m-55-mx2270450115revelator-10candy-bluegrey-black-2x12-shimano-105-2027,html,2026-10-05
KTM,REVELATOR [dcd2c66a],REVELATOR 15,2027,carretera,XS (49),XS,49,,,,,532,363,"{""Seattube length"": ""440"", ""Toptube length"": ""510"", ""Seat angle"": ""74,5°"", ""Head angle"": ""71,0°"", ""Headtube length"": ""130"", ""Chainstay length"": ""420"", ""Wheelbase"": ""980"", ""Stack"": ""532"", ""Reach"": ""363"", ""Standover height"": ""732"", ""BB drop"": ""72""}",1199,false,https://www.ktm-bikes.at/bikes/detail/mx2270451115-revelator-15-m-55-mx2270451115revelator-15dark-sea-silver-2x11-shimano-cues-2027,https://www.ktm-bikes.at/bikes/detail/mx2270451115-revelator-15-m-55-mx2270451115revelator-15dark-sea-silver-2x11-shimano-cues-2027,html,2026-10-05
KTM,REVELATOR [dcd2c66a],REVELATOR 15,2027,carretera,S (52),S,52,,,,,550,372,"{""Seattube length"": ""470"", ""Toptube length"": ""530"", ""Seat angle"": ""74,0°"", ""Head angle"": ""72,0°"", ""Headtube length"": ""145"", ""Chainstay length"": ""420"", ""Wheelbase"": ""987"", ""Stack"": ""550"", ""Reach"": ""372"", ""Standover height"": ""756"", ""BB drop"": ""72""}",1199,false,https://www.ktm-bikes.at/bikes/detail/mx2270451115-revelator-15-m-55-mx2270451115revelator-15dark-sea-silver-2x11-shimano-cues-2027,https://www.ktm-bikes.at/bikes/detail/mx2270451115-revelator-15-m-55-mx2270451115revelator-15dark-sea-silver-2x11-shimano-cues-2027,html,2026-10-05
KTM,REVELATOR [dcd2c66a],REVELATOR 15,2027,carretera,M (55),M,55,,,,,564,383,"{""Seattube length"": ""500"", ""Toptube length"": ""550"", ""Seat angle"": ""73,5°"", ""Head angle"": ""72,0°"", ""Headtube length"": ""160"", ""Chainstay length"": ""420"", ""Wheelbase"": ""1002"", ""Stack"": ""564"", ""Reach"": ""383"", ""Standover height"": ""779"", ""BB drop"": ""72""}",1199,false,https://www.ktm-bikes.at/bikes/detail/mx2270451115-revelator-15-m-55-mx2270451115revelator-15dark-sea-silver-2x11-shimano-cues-2027,https://www.ktm-bikes.at/bikes/detail/mx2270451115-revelator-15-m-55-mx2270451115revelator-15dark-sea-silver-2x11-shimano-cues-2027,html,2026-10-05
KTM,REVELATOR [dcd2c66a],REVELATOR 15,2027,carretera,L (57),L,57,,,,,573,388,"{""Seattube length"": ""520"", ""Toptube length"": ""563"", ""Seat angle"": ""73,0°"", ""Head angle"": ""72,5°"", ""Headtube length"": ""170"", ""Chainstay length"": ""420"", ""Wheelbase"": ""1006"", ""Stack"": ""573"", ""Reach"": ""388"", ""Standover height"": ""795"", ""BB drop"": ""70""}",1199,false,https://www.ktm-bikes.at/bikes/detail/mx2270451115-revelator-15-m-55-mx2270451115revelator-15dark-sea-silver-2x11-shimano-cues-2027,https://www.ktm-bikes.at/bikes/detail/mx2270451115-revelator-15-m-55-mx2270451115revelator-15dark-sea-silver-2x11-shimano-cues-2027,html,2026-10-05
KTM,REVELATOR [dcd2c66a],REVELATOR 15,2027,carretera,XL (59),XL,59,,,,,581,393,"{""Seattube length"": ""540"", ""Toptube length"": ""576"", ""Seat angle"": ""72,5°"", ""Head angle"": ""72,5°"", ""Headtube length"": ""180"", ""Chainstay length"": ""420"", ""Wheelbase"": ""1014"", ""Stack"": ""581"", ""Reach"": ""393"", ""Standover height"": ""811"", ""BB drop"": ""68""}",1199,false,https://www.ktm-bikes.at/bikes/detail/mx2270451115-revelator-15-m-55-mx2270451115revelator-15dark-sea-silver-2x11-shimano-cues-2027,https://www.ktm-bikes.at/bikes/detail/mx2270451115-revelator-15-m-55-mx2270451115revelator-15dark-sea-silver-2x11-shimano-cues-2027,html,2026-10-05
KTM,GRAVELATOR [ef91e11c],GRAVELATOR EXONIC,2027,gravel,XS (49),XS,49,,,,,552,377,"{""Seattube length"": ""440"", ""Toptube length"": ""530"", ""Seat angle"": ""74,5°"", ""Head angle"": ""70°"", ""Headtube length"": ""105"", ""Chainstay length"": ""430"", ""Wheelbase"": ""1027"", ""Stack"": ""552"", ""Reach"": ""377"", ""Standover height"": ""773"", ""BB drop"": ""75""}",7799,false,https://www.ktm-bikes.at/bikes/detail/mx1270460115-gravelator-exonic-axs-pm-m-55-mx1270460115gravelator-exoniccarbon-crystal-teal1x13-sram-red-xplr-axs-pm-2027,https://www.ktm-bikes.at/bikes/detail/mx1270460115-gravelator-exonic-axs-pm-m-55-mx1270460115gravelator-exoniccarbon-crystal-teal1x13-sram-red-xplr-axs-pm-2027,html,2026-10-05
KTM,GRAVELATOR [ef91e11c],GRAVELATOR EXONIC,2027,gravel,S (52),S,52,,,,,565,388,"{""Seattube length"": ""470"", ""Toptube length"": ""550"", ""Seat angle"": ""74°"", ""Head angle"": ""70,5°"", ""Headtube length"": ""116"", ""Chainstay length"": ""430"", ""Wheelbase"": ""1038"", ""Stack"": ""565"", ""Reach"": ""388"", ""Standover height"": ""792"", ""BB drop"": ""75""}",7799,false,https://www.ktm-bikes.at/bikes/detail/mx1270460115-gravelator-exonic-axs-pm-m-55-mx1270460115gravelator-exoniccarbon-crystal-teal1x13-sram-red-xplr-axs-pm-2027,https://www.ktm-bikes.at/bikes/detail/mx1270460115-gravelator-exonic-axs-pm-m-55-mx1270460115gravelator-exoniccarbon-crystal-teal1x13-sram-red-xplr-axs-pm-2027,html,2026-10-05
KTM,GRAVELATOR [ef91e11c],GRAVELATOR EXONIC,2027,gravel,M (55),M,55,,,,,579,404,"{""Seattube length"": ""500"", ""Toptube length"": ""570"", ""Seat angle"": ""74°"", ""Head angle"": ""70,5°"", ""Headtube length"": ""131"", ""Chainstay length"": ""430"", ""Wheelbase"": ""1059"", ""Stack"": ""579"", ""Reach"": ""404"", ""Standover height"": ""814"", ""BB drop"": ""75""}",7799,false,https://www.ktm-bikes.at/bikes/detail/mx1270460115-gravelator-exonic-axs-pm-m-55-mx1270460115gravelator-exoniccarbon-crystal-teal1x13-sram-red-xplr-axs-pm-2027,https://www.ktm-bikes.at/bikes/detail/mx1270460115-gravelator-exonic-axs-pm-m-55-mx1270460115gravelator-exoniccarbon-crystal-teal1x13-sram-red-xplr-axs-pm-2027,html,2026-10-05
KTM,GRAVELATOR [ef91e11c],GRAVELATOR EXONIC,2027,gravel,L (57),L,57,,,,,598,408,"{""Seattube length"": ""520"", ""Toptube length"": ""585"", ""Seat angle"": ""73,5°"", ""Head angle"": ""70,5°"", ""Headtube length"": ""151"", ""Chainstay length"": ""430"", ""Wheelbase"": ""1069"", ""Stack"": ""598"", ""Reach"": ""408"", ""Standover height"": ""832"", ""BB drop"": ""75""}",7799,false,https://www.ktm-bikes.at/bikes/detail/mx1270460115-gravelator-exonic-axs-pm-m-55-mx1270460115gravelator-exoniccarbon-crystal-teal1x13-sram-red-xplr-axs-pm-2027,https://www.ktm-bikes.at/bikes/detail/mx1270460115-gravelator-exonic-axs-pm-m-55-mx1270460115gravelator-exoniccarbon-crystal-teal1x13-sram-red-xplr-axs-pm-2027,html,2026-10-05
KTM,GRAVELATOR [ef91e11c],GRAVELATOR EXONIC,2027,gravel,XL (59),XL,59,,,,,619,411,"{""Seattube length"": ""540"", ""Toptube length"": ""600"", ""Seat angle"": ""73°"", ""Head angle"": ""71,1°"", ""Headtube length"": ""171"", ""Chainstay length"": ""430"", ""Wheelbase"": ""1073"", ""Stack"": ""619"", ""Reach"": ""411"", ""Standover height"": ""850"", ""BB drop"": ""75""}",7799,false,https://www.ktm-bikes.at/bikes/detail/mx1270460115-gravelator-exonic-axs-pm-m-55-mx1270460115gravelator-exoniccarbon-crystal-teal1x13-sram-red-xplr-axs-pm-2027,https://www.ktm-bikes.at/bikes/detail/mx1270460115-gravelator-exonic-axs-pm-m-55-mx1270460115gravelator-exoniccarbon-crystal-teal1x13-sram-red-xplr-axs-pm-2027,html,2026-10-05
KTM,GRAVELATOR [ef91e11c],GRAVELATOR SUPREME,2027,gravel,XS (49),XS,49,,,,,552,377,"{""Seattube length"": ""440"", ""Toptube length"": ""530"", ""Seat angle"": ""74,5°"", ""Head angle"": ""70°"", ""Headtube length"": ""105"", ""Chainstay length"": ""430"", ""Wheelbase"": ""1027"", ""Stack"": ""552"", ""Reach"": ""377"", ""Standover height"": ""773"", ""BB drop"": ""75""}",4299,false,https://www.ktm-bikes.at/bikes/detail/mx2270468115-gravelator-supreme-axs-pm-m-55-mx2270468115gravelator-supremepurple-stained-carbon-matt1x13-sram-force-xplr-axs-pm-2027,https://www.ktm-bikes.at/bikes/detail/mx2270468115-gravelator-supreme-axs-pm-m-55-mx2270468115gravelator-supremepurple-stained-carbon-matt1x13-sram-force-xplr-axs-pm-2027,html,2026-10-05
KTM,GRAVELATOR [ef91e11c],GRAVELATOR SUPREME,2027,gravel,S (52),S,52,,,,,565,388,"{""Seattube length"": ""470"", ""Toptube length"": ""550"", ""Seat angle"": ""74°"", ""Head angle"": ""70,5°"", ""Headtube length"": ""116"", ""Chainstay length"": ""430"", ""Wheelbase"": ""1038"", ""Stack"": ""565"", ""Reach"": ""388"", ""Standover height"": ""792"", ""BB drop"": ""75""}",4299,false,https://www.ktm-bikes.at/bikes/detail/mx2270468115-gravelator-supreme-axs-pm-m-55-mx2270468115gravelator-supremepurple-stained-carbon-matt1x13-sram-force-xplr-axs-pm-2027,https://www.ktm-bikes.at/bikes/detail/mx2270468115-gravelator-supreme-axs-pm-m-55-mx2270468115gravelator-supremepurple-stained-carbon-matt1x13-sram-force-xplr-axs-pm-2027,html,2026-10-05
KTM,GRAVELATOR [ef91e11c],GRAVELATOR SUPREME,2027,gravel,M (55),M,55,,,,,579,404,"{""Seattube length"": ""500"", ""Toptube length"": ""570"", ""Seat angle"": ""74°"", ""Head angle"": ""70,5°"", ""Headtube length"": ""131"", ""Chainstay length"": ""430"", ""Wheelbase"": ""1059"", ""Stack"": ""579"", ""Reach"": ""404"", ""Standover height"": ""814"", ""BB drop"": ""75""}",4299,false,https://www.ktm-bikes.at/bikes/detail/mx2270468115-gravelator-supreme-axs-pm-m-55-mx2270468115gravelator-supremepurple-stained-carbon-matt1x13-sram-force-xplr-axs-pm-2027,https://www.ktm-bikes.at/bikes/detail/mx2270468115-gravelator-supreme-axs-pm-m-55-mx2270468115gravelator-supremepurple-stained-carbon-matt1x13-sram-force-xplr-axs-pm-2027,html,2026-10-05
KTM,GRAVELATOR [ef91e11c],GRAVELATOR SUPREME,2027,gravel,L (57),L,57,,,,,598,408,"{""Seattube length"": ""520"", ""Toptube length"": ""585"", ""Seat angle"": ""73,5°"", ""Head angle"": ""70,5°"", ""Headtube length"": ""151"", ""Chainstay length"": ""430"", ""Wheelbase"": ""1069"", ""Stack"": ""598"", ""Reach"": ""408"", ""Standover height"": ""832"", ""BB drop"": ""75""}",4299,false,https://www.ktm-bikes.at/bikes/detail/mx2270468115-gravelator-supreme-axs-pm-m-55-mx2270468115gravelator-supremepurple-stained-carbon-matt1x13-sram-force-xplr-axs-pm-2027,https://www.ktm-bikes.at/bikes/detail/mx2270468115-gravelator-supreme-axs-pm-m-55-mx2270468115gravelator-supremepurple-stained-carbon-matt1x13-sram-force-xplr-axs-pm-2027,html,2026-10-05
KTM,GRAVELATOR [ef91e11c],GRAVELATOR SUPREME,2027,gravel,XL (59),XL,59,,,,,619,411,"{""Seattube length"": ""540"", ""Toptube length"": ""600"", ""Seat angle"": ""73°"", ""Head angle"": ""71,1°"", ""Headtube length"": ""171"", ""Chainstay length"": ""430"", ""Wheelbase"": ""1073"", ""Stack"": ""619"", ""Reach"": ""411"", ""Standover height"": ""850"", ""BB drop"": ""75""}",4299,false,https://www.ktm-bikes.at/bikes/detail/mx2270468115-gravelator-supreme-axs-pm-m-55-mx2270468115gravelator-supremepurple-stained-carbon-matt1x13-sram-force-xplr-axs-pm-2027,https://www.ktm-bikes.at/bikes/detail/mx2270468115-gravelator-supreme-axs-pm-m-55-mx2270468115gravelator-supremepurple-stained-carbon-matt1x13-sram-force-xplr-axs-pm-2027,html,2026-10-05
KTM,GRAVELATOR [ef91e11c],GRAVELATOR PRIME,2026,gravel,XS (49),XS,49,,,,,552,377,"{""Seattube length"": ""440"", ""Toptube length"": ""530"", ""Seat angle"": ""74,5°"", ""Head angle"": ""70°"", ""Headtube length"": ""105"", ""Chainstay length"": ""430"", ""Wheelbase"": ""1027"", ""Stack"": ""552"", ""Reach"": ""377"", ""Standover height"": ""773"", ""BB drop"": ""75""}",3499,false,https://www.ktm-bikes.at/bikes/detail/mx2270461215-gravelator-prime-axs-m-55-mx2270461215gravelator-primeviolet-pink-white-1x13-sram-force-xplr-axs-2027,https://www.ktm-bikes.at/bikes/detail/mx2270461215-gravelator-prime-axs-m-55-mx2270461215gravelator-primeviolet-pink-white-1x13-sram-force-xplr-axs-2027,html,2026-10-05
KTM,GRAVELATOR [ef91e11c],GRAVELATOR PRIME,2026,gravel,S (52),S,52,,,,,565,388,"{""Seattube length"": ""470"", ""Toptube length"": ""550"", ""Seat angle"": ""74°"", ""Head angle"": ""70,5°"", ""Headtube length"": ""116"", ""Chainstay length"": ""430"", ""Wheelbase"": ""1038"", ""Stack"": ""565"", ""Reach"": ""388"", ""Standover height"": ""792"", ""BB drop"": ""75""}",3499,false,https://www.ktm-bikes.at/bikes/detail/mx2270461215-gravelator-prime-axs-m-55-mx2270461215gravelator-primeviolet-pink-white-1x13-sram-force-xplr-axs-2027,https://www.ktm-bikes.at/bikes/detail/mx2270461215-gravelator-prime-axs-m-55-mx2270461215gravelator-primeviolet-pink-white-1x13-sram-force-xplr-axs-2027,html,2026-10-05
KTM,GRAVELATOR [ef91e11c],GRAVELATOR PRIME,2026,gravel,M (55),M,55,,,,,579,404,"{""Seattube length"": ""500"", ""Toptube length"": ""570"", ""Seat angle"": ""74°"", ""Head angle"": ""70,5°"", ""Headtube length"": ""131"", ""Chainstay length"": ""430"", ""Wheelbase"": ""1059"", ""Stack"": ""579"", ""Reach"": ""404"", ""Standover height"": ""814"", ""BB drop"": ""75""}",3499,false,https://www.ktm-bikes.at/bikes/detail/mx2270461215-gravelator-prime-axs-m-55-mx2270461215gravelator-primeviolet-pink-white-1x13-sram-force-xplr-axs-2027,https://www.ktm-bikes.at/bikes/detail/mx2270461215-gravelator-prime-axs-m-55-mx2270461215gravelator-primeviolet-pink-white-1x13-sram-force-xplr-axs-2027,html,2026-10-05
KTM,GRAVELATOR [ef91e11c],GRAVELATOR PRIME,2026,gravel,L (57),L,57,,,,,598,408,"{""Seattube length"": ""520"", ""Toptube length"": ""585"", ""Seat angle"": ""73,5°"", ""Head angle"": ""70,5°"", ""Headtube length"": ""151"", ""Chainstay length"": ""430"", ""Wheelbase"": ""1069"", ""Stack"": ""598"", ""Reach"": ""408"", ""Standover height"": ""832"", ""BB drop"": ""75""}",3499,false,https://www.ktm-bikes.at/bikes/detail/mx2270461215-gravelator-prime-axs-m-55-mx2270461215gravelator-primeviolet-pink-white-1x13-sram-force-xplr-axs-2027,https://www.ktm-bikes.at/bikes/detail/mx2270461215-gravelator-prime-axs-m-55-mx2270461215gravelator-primeviolet-pink-white-1x13-sram-force-xplr-axs-2027,html,2026-10-05
KTM,GRAVELATOR [ef91e11c],GRAVELATOR PRIME,2026,gravel,XL (59),XL,59,,,,,619,411,"{""Seattube length"": ""540"", ""Toptube length"": ""600"", ""Seat angle"": ""73°"", ""Head angle"": ""71,1°"", ""Headtube length"": ""171"", ""Chainstay length"": ""430"", ""Wheelbase"": ""1073"", ""Stack"": ""619"", ""Reach"": ""411"", ""Standover height"": ""850"", ""BB drop"": ""75""}",3499,false,https://www.ktm-bikes.at/bikes/detail/mx2270461215-gravelator-prime-axs-m-55-mx2270461215gravelator-primeviolet-pink-white-1x13-sram-force-xplr-axs-2027,https://www.ktm-bikes.at/bikes/detail/mx2270461215-gravelator-prime-axs-m-55-mx2270461215gravelator-primeviolet-pink-white-1x13-sram-force-xplr-axs-2027,html,2026-10-05
KTM,GRAVELATOR [ef91e11c],GRAVELATOR PRESTIGE,2027,gravel,XS (49),XS,49,,,,,552,377,"{""Seattube length"": ""440"", ""Toptube length"": ""530"", ""Seat angle"": ""74,5°"", ""Head angle"": ""70°"", ""Headtube length"": ""105"", ""Chainstay length"": ""430"", ""Wheelbase"": ""1027"", ""Stack"": ""552"", ""Reach"": ""377"", ""Standover height"": ""773"", ""BB drop"": ""75""}",3299,false,https://www.ktm-bikes.at/bikes/detail/mx2270469215-gravelator-prestige-di2-m-55-mx2270469215gravelator-prestigedark-sea-matt2x12-shimano-grx-di2-2027,https://www.ktm-bikes.at/bikes/detail/mx2270469215-gravelator-prestige-di2-m-55-mx2270469215gravelator-prestigedark-sea-matt2x12-shimano-grx-di2-2027,html,2026-10-05
KTM,GRAVELATOR [ef91e11c],GRAVELATOR PRESTIGE,2027,gravel,S (52),S,52,,,,,565,388,"{""Seattube length"": ""470"", ""Toptube length"": ""550"", ""Seat angle"": ""74°"", ""Head angle"": ""70,5°"", ""Headtube length"": ""116"", ""Chainstay length"": ""430"", ""Wheelbase"": ""1038"", ""Stack"": ""565"", ""Reach"": ""388"", ""Standover height"": ""792"", ""BB drop"": ""75""}",3299,false,https://www.ktm-bikes.at/bikes/detail/mx2270469215-gravelator-prestige-di2-m-55-mx2270469215gravelator-prestigedark-sea-matt2x12-shimano-grx-di2-2027,https://www.ktm-bikes.at/bikes/detail/mx2270469215-gravelator-prestige-di2-m-55-mx2270469215gravelator-prestigedark-sea-matt2x12-shimano-grx-di2-2027,html,2026-10-05
KTM,GRAVELATOR [ef91e11c],GRAVELATOR PRESTIGE,2027,gravel,M (55),M,55,,,,,579,404,"{""Seattube length"": ""500"", ""Toptube length"": ""570"", ""Seat angle"": ""74°"", ""Head angle"": ""70,5°"", ""Headtube length"": ""131"", ""Chainstay length"": ""430"", ""Wheelbase"": ""1059"", ""Stack"": ""579"", ""Reach"": ""404"", ""Standover height"": ""814"", ""BB drop"": ""75""}",3299,false,https://www.ktm-bikes.at/bikes/detail/mx2270469215-gravelator-prestige-di2-m-55-mx2270469215gravelator-prestigedark-sea-matt2x12-shimano-grx-di2-2027,https://www.ktm-bikes.at/bikes/detail/mx2270469215-gravelator-prestige-di2-m-55-mx2270469215gravelator-prestigedark-sea-matt2x12-shimano-grx-di2-2027,html,2026-10-05
KTM,GRAVELATOR [ef91e11c],GRAVELATOR PRESTIGE,2027,gravel,L (57),L,57,,,,,598,408,"{""Seattube length"": ""520"", ""Toptube length"": ""585"", ""Seat angle"": ""73,5°"", ""Head angle"": ""70,5°"", ""Headtube length"": ""151"", ""Chainstay length"": ""430"", ""Wheelbase"": ""1069"", ""Stack"": ""598"", ""Reach"": ""408"", ""Standover height"": ""832"", ""BB drop"": ""75""}",3299,false,https://www.ktm-bikes.at/bikes/detail/mx2270469215-gravelator-prestige-di2-m-55-mx2270469215gravelator-prestigedark-sea-matt2x12-shimano-grx-di2-2027,https://www.ktm-bikes.at/bikes/detail/mx2270469215-gravelator-prestige-di2-m-55-mx2270469215gravelator-prestigedark-sea-matt2x12-shimano-grx-di2-2027,html,2026-10-05
KTM,GRAVELATOR [ef91e11c],GRAVELATOR PRESTIGE,2027,gravel,XL (59),XL,59,,,,,619,411,"{""Seattube length"": ""540"", ""Toptube length"": ""600"", ""Seat angle"": ""73°"", ""Head angle"": ""71,1°"", ""Headtube length"": ""171"", ""Chainstay length"": ""430"", ""Wheelbase"": ""1073"", ""Stack"": ""619"", ""Reach"": ""411"", ""Standover height"": ""850"", ""BB drop"": ""75""}",3299,false,https://www.ktm-bikes.at/bikes/detail/mx2270469215-gravelator-prestige-di2-m-55-mx2270469215gravelator-prestigedark-sea-matt2x12-shimano-grx-di2-2027,https://www.ktm-bikes.at/bikes/detail/mx2270469215-gravelator-prestige-di2-m-55-mx2270469215gravelator-prestigedark-sea-matt2x12-shimano-grx-di2-2027,html,2026-10-05
KTM,GRAVELATOR [ef91e11c],GRAVELATOR ELITE DI2 PM,2026,gravel,XS (49),XS,49,,,,,552,377,"{""Seattube length"": ""440"", ""Toptube length"": ""530"", ""Seat angle"": ""74,5°"", ""Head angle"": ""70°"", ""Headtube length"": ""105"", ""Chainstay length"": ""430"", ""Wheelbase"": ""1027"", ""Stack"": ""552"", ""Reach"": ""377"", ""Standover height"": ""773"", ""BB drop"": ""75""}",2999,false,https://www.ktm-bikes.at/bikes/detail/mx2270478115-gravelator-elite-di2-pm-m-55-mx2270478115gravelator-elite-di2-pm-m-52olive-pearl-black-1x12-shimano-grx-di2-pm-2027,https://www.ktm-bikes.at/bikes/detail/mx2270478115-gravelator-elite-di2-pm-m-55-mx2270478115gravelator-elite-di2-pm-m-52olive-pearl-black-1x12-shimano-grx-di2-pm-2027,html,2026-10-05
KTM,GRAVELATOR [ef91e11c],GRAVELATOR ELITE DI2 PM,2026,gravel,S (52),S,52,,,,,565,388,"{""Seattube length"": ""470"", ""Toptube length"": ""550"", ""Seat angle"": ""74°"", ""Head angle"": ""70,5°"", ""Headtube length"": ""116"", ""Chainstay length"": ""430"", ""Wheelbase"": ""1038"", ""Stack"": ""565"", ""Reach"": ""388"", ""Standover height"": ""792"", ""BB drop"": ""75""}",2999,false,https://www.ktm-bikes.at/bikes/detail/mx2270478115-gravelator-elite-di2-pm-m-55-mx2270478115gravelator-elite-di2-pm-m-52olive-pearl-black-1x12-shimano-grx-di2-pm-2027,https://www.ktm-bikes.at/bikes/detail/mx2270478115-gravelator-elite-di2-pm-m-55-mx2270478115gravelator-elite-di2-pm-m-52olive-pearl-black-1x12-shimano-grx-di2-pm-2027,html,2026-10-05
KTM,GRAVELATOR [ef91e11c],GRAVELATOR ELITE DI2 PM,2026,gravel,M (55),M,55,,,,,579,404,"{""Seattube length"": ""500"", ""Toptube length"": ""570"", ""Seat angle"": ""74°"", ""Head angle"": ""70,5°"", ""Headtube length"": ""131"", ""Chainstay length"": ""430"", ""Wheelbase"": ""1059"", ""Stack"": ""579"", ""Reach"": ""404"", ""Standover height"": ""814"", ""BB drop"": ""75""}",2999,false,https://www.ktm-bikes.at/bikes/detail/mx2270478115-gravelator-elite-di2-pm-m-55-mx2270478115gravelator-elite-di2-pm-m-52olive-pearl-black-1x12-shimano-grx-di2-pm-2027,https://www.ktm-bikes.at/bikes/detail/mx2270478115-gravelator-elite-di2-pm-m-55-mx2270478115gravelator-elite-di2-pm-m-52olive-pearl-black-1x12-shimano-grx-di2-pm-2027,html,2026-10-05
KTM,GRAVELATOR [ef91e11c],GRAVELATOR ELITE DI2 PM,2026,gravel,L (57),L,57,,,,,598,408,"{""Seattube length"": ""520"", ""Toptube length"": ""585"", ""Seat angle"": ""73,5°"", ""Head angle"": ""70,5°"", ""Headtube length"": ""151"", ""Chainstay length"": ""430"", ""Wheelbase"": ""1069"", ""Stack"": ""598"", ""Reach"": ""408"", ""Standover height"": ""832"", ""BB drop"": ""75""}",2999,false,https://www.ktm-bikes.at/bikes/detail/mx2270478115-gravelator-elite-di2-pm-m-55-mx2270478115gravelator-elite-di2-pm-m-52olive-pearl-black-1x12-shimano-grx-di2-pm-2027,https://www.ktm-bikes.at/bikes/detail/mx2270478115-gravelator-elite-di2-pm-m-55-mx2270478115gravelator-elite-di2-pm-m-52olive-pearl-black-1x12-shimano-grx-di2-pm-2027,html,2026-10-05
KTM,GRAVELATOR [ef91e11c],GRAVELATOR ELITE DI2 PM,2026,gravel,XL (59),XL,59,,,,,619,411,"{""Seattube length"": ""540"", ""Toptube length"": ""600"", ""Seat angle"": ""73°"", ""Head angle"": ""71,1°"", ""Headtube length"": ""171"", ""Chainstay length"": ""430"", ""Wheelbase"": ""1073"", ""Stack"": ""619"", ""Reach"": ""411"", ""Standover height"": ""850"", ""BB drop"": ""75""}",2999,false,https://www.ktm-bikes.at/bikes/detail/mx2270478115-gravelator-elite-di2-pm-m-55-mx2270478115gravelator-elite-di2-pm-m-52olive-pearl-black-1x12-shimano-grx-di2-pm-2027,https://www.ktm-bikes.at/bikes/detail/mx2270478115-gravelator-elite-di2-pm-m-55-mx2270478115gravelator-elite-di2-pm-m-52olive-pearl-black-1x12-shimano-grx-di2-pm-2027,html,2026-10-05
KTM,GRAVELATOR [ef91e11c],GRAVELATOR MASTER,2026,gravel,XS (49),XS,49,,,,,552,377,"{""Seattube length"": ""440"", ""Toptube length"": ""530"", ""Seat angle"": ""74,5°"", ""Head angle"": ""70°"", ""Headtube length"": ""105"", ""Chainstay length"": ""430"", ""Wheelbase"": ""1027"", ""Stack"": ""552"", ""Reach"": ""377"", ""Standover height"": ""773"", ""BB drop"": ""75""}",2999,false,https://www.ktm-bikes.at/bikes/detail/mx2270462215-gravelator-master-axs-m-55-mx2270462215gravelator-masterjungle-black-1x13-sram-rival-xplr-axs-2027,https://www.ktm-bikes.at/bikes/detail/mx2270462215-gravelator-master-axs-m-55-mx2270462215gravelator-masterjungle-black-1x13-sram-rival-xplr-axs-2027,html,2026-10-05
KTM,GRAVELATOR [ef91e11c],GRAVELATOR MASTER,2026,gravel,S (52),S,52,,,,,565,388,"{""Seattube length"": ""470"", ""Toptube length"": ""550"", ""Seat angle"": ""74°"", ""Head angle"": ""70,5°"", ""Headtube length"": ""116"", ""Chainstay length"": ""430"", ""Wheelbase"": ""1038"", ""Stack"": ""565"", ""Reach"": ""388"", ""Standover height"": ""792"", ""BB drop"": ""75""}",2999,false,https://www.ktm-bikes.at/bikes/detail/mx2270462215-gravelator-master-axs-m-55-mx2270462215gravelator-masterjungle-black-1x13-sram-rival-xplr-axs-2027,https://www.ktm-bikes.at/bikes/detail/mx2270462215-gravelator-master-axs-m-55-mx2270462215gravelator-masterjungle-black-1x13-sram-rival-xplr-axs-2027,html,2026-10-05
KTM,GRAVELATOR [ef91e11c],GRAVELATOR MASTER,2026,gravel,M (55),M,55,,,,,579,404,"{""Seattube length"": ""500"", ""Toptube length"": ""570"", ""Seat angle"": ""74°"", ""Head angle"": ""70,5°"", ""Headtube length"": ""131"", ""Chainstay length"": ""430"", ""Wheelbase"": ""1059"", ""Stack"": ""579"", ""Reach"": ""404"", ""Standover height"": ""814"", ""BB drop"": ""75""}",2999,false,https://www.ktm-bikes.at/bikes/detail/mx2270462215-gravelator-master-axs-m-55-mx2270462215gravelator-masterjungle-black-1x13-sram-rival-xplr-axs-2027,https://www.ktm-bikes.at/bikes/detail/mx2270462215-gravelator-master-axs-m-55-mx2270462215gravelator-masterjungle-black-1x13-sram-rival-xplr-axs-2027,html,2026-10-05
KTM,GRAVELATOR [ef91e11c],GRAVELATOR MASTER,2026,gravel,L (57),L,57,,,,,598,408,"{""Seattube length"": ""520"", ""Toptube length"": ""585"", ""Seat angle"": ""73,5°"", ""Head angle"": ""70,5°"", ""Headtube length"": ""151"", ""Chainstay length"": ""430"", ""Wheelbase"": ""1069"", ""Stack"": ""598"", ""Reach"": ""408"", ""Standover height"": ""832"", ""BB drop"": ""75""}",2999,false,https://www.ktm-bikes.at/bikes/detail/mx2270462215-gravelator-master-axs-m-55-mx2270462215gravelator-masterjungle-black-1x13-sram-rival-xplr-axs-2027,https://www.ktm-bikes.at/bikes/detail/mx2270462215-gravelator-master-axs-m-55-mx2270462215gravelator-masterjungle-black-1x13-sram-rival-xplr-axs-2027,html,2026-10-05
KTM,GRAVELATOR [ef91e11c],GRAVELATOR MASTER,2026,gravel,XL (59),XL,59,,,,,619,411,"{""Seattube length"": ""540"", ""Toptube length"": ""600"", ""Seat angle"": ""73°"", ""Head angle"": ""71,1°"", ""Headtube length"": ""171"", ""Chainstay length"": ""430"", ""Wheelbase"": ""1073"", ""Stack"": ""619"", ""Reach"": ""411"", ""Standover height"": ""850"", ""BB drop"": ""75""}",2999,false,https://www.ktm-bikes.at/bikes/detail/mx2270462215-gravelator-master-axs-m-55-mx2270462215gravelator-masterjungle-black-1x13-sram-rival-xplr-axs-2027,https://www.ktm-bikes.at/bikes/detail/mx2270462215-gravelator-master-axs-m-55-mx2270462215gravelator-masterjungle-black-1x13-sram-rival-xplr-axs-2027,html,2026-10-05
KTM,GRAVELATOR [ef91e11c],GRAVELATOR ELITE DI2,2026,gravel,XS (49),XS,49,,,,,552,377,"{""Seattube length"": ""440"", ""Toptube length"": ""530"", ""Seat angle"": ""74,5°"", ""Head angle"": ""70°"", ""Headtube length"": ""105"", ""Chainstay length"": ""430"", ""Wheelbase"": ""1027"", ""Stack"": ""552"", ""Reach"": ""377"", ""Standover height"": ""773"", ""BB drop"": ""75""}",2699,false,https://www.ktm-bikes.at/bikes/detail/mx2270463315-gravelator-elite-di2-m-55-mx2270463315gravelator-elite-di2purple-rain-matt-silver-blck-1x12-shimano-grx-di2-2027,https://www.ktm-bikes.at/bikes/detail/mx2270463315-gravelator-elite-di2-m-55-mx2270463315gravelator-elite-di2purple-rain-matt-silver-blck-1x12-shimano-grx-di2-2027,html,2026-10-05
KTM,GRAVELATOR [ef91e11c],GRAVELATOR ELITE DI2,2026,gravel,S (52),S,52,,,,,565,388,"{""Seattube length"": ""470"", ""Toptube length"": ""550"", ""Seat angle"": ""74°"", ""Head angle"": ""70,5°"", ""Headtube length"": ""116"", ""Chainstay length"": ""430"", ""Wheelbase"": ""1038"", ""Stack"": ""565"", ""Reach"": ""388"", ""Standover height"": ""792"", ""BB drop"": ""75""}",2699,false,https://www.ktm-bikes.at/bikes/detail/mx2270463315-gravelator-elite-di2-m-55-mx2270463315gravelator-elite-di2purple-rain-matt-silver-blck-1x12-shimano-grx-di2-2027,https://www.ktm-bikes.at/bikes/detail/mx2270463315-gravelator-elite-di2-m-55-mx2270463315gravelator-elite-di2purple-rain-matt-silver-blck-1x12-shimano-grx-di2-2027,html,2026-10-05
KTM,GRAVELATOR [ef91e11c],GRAVELATOR ELITE DI2,2026,gravel,M (55),M,55,,,,,579,404,"{""Seattube length"": ""500"", ""Toptube length"": ""570"", ""Seat angle"": ""74°"", ""Head angle"": ""70,5°"", ""Headtube length"": ""131"", ""Chainstay length"": ""430"", ""Wheelbase"": ""1059"", ""Stack"": ""579"", ""Reach"": ""404"", ""Standover height"": ""814"", ""BB drop"": ""75""}",2699,false,https://www.ktm-bikes.at/bikes/detail/mx2270463315-gravelator-elite-di2-m-55-mx2270463315gravelator-elite-di2purple-rain-matt-silver-blck-1x12-shimano-grx-di2-2027,https://www.ktm-bikes.at/bikes/detail/mx2270463315-gravelator-elite-di2-m-55-mx2270463315gravelator-elite-di2purple-rain-matt-silver-blck-1x12-shimano-grx-di2-2027,html,2026-10-05
KTM,GRAVELATOR [ef91e11c],GRAVELATOR ELITE DI2,2026,gravel,L (57),L,57,,,,,598,408,"{""Seattube length"": ""520"", ""Toptube length"": ""585"", ""Seat angle"": ""73,5°"", ""Head angle"": ""70,5°"", ""Headtube length"": ""151"", ""Chainstay length"": ""430"", ""Wheelbase"": ""1069"", ""Stack"": ""598"", ""Reach"": ""408"", ""Standover height"": ""832"", ""BB drop"": ""75""}",2699,false,https://www.ktm-bikes.at/bikes/detail/mx2270463315-gravelator-elite-di2-m-55-mx2270463315gravelator-elite-di2purple-rain-matt-silver-blck-1x12-shimano-grx-di2-2027,https://www.ktm-bikes.at/bikes/detail/mx2270463315-gravelator-elite-di2-m-55-mx2270463315gravelator-elite-di2purple-rain-matt-silver-blck-1x12-shimano-grx-di2-2027,html,2026-10-05
KTM,GRAVELATOR [ef91e11c],GRAVELATOR ELITE DI2,2026,gravel,XL (59),XL,59,,,,,619,411,"{""Seattube length"": ""540"", ""Toptube length"": ""600"", ""Seat angle"": ""73°"", ""Head angle"": ""71,1°"", ""Headtube length"": ""171"", ""Chainstay length"": ""430"", ""Wheelbase"": ""1073"", ""Stack"": ""619"", ""Reach"": ""411"", ""Standover height"": ""850"", ""BB drop"": ""75""}",2699,false,https://www.ktm-bikes.at/bikes/detail/mx2270463315-gravelator-elite-di2-m-55-mx2270463315gravelator-elite-di2purple-rain-matt-silver-blck-1x12-shimano-grx-di2-2027,https://www.ktm-bikes.at/bikes/detail/mx2270463315-gravelator-elite-di2-m-55-mx2270463315gravelator-elite-di2purple-rain-matt-silver-blck-1x12-shimano-grx-di2-2027,html,2026-10-05
KTM,GRAVELATOR [ef91e11c],GRAVELATOR ELITE 2X,2026,gravel,XS (49),XS,49,,,,,552,377,"{""Seattube length"": ""440"", ""Toptube length"": ""530"", ""Seat angle"": ""74,5°"", ""Head angle"": ""70°"", ""Headtube length"": ""105"", ""Chainstay length"": ""430"", ""Wheelbase"": ""1027"", ""Stack"": ""552"", ""Reach"": ""377"", ""Standover height"": ""773"", ""BB drop"": ""75""}",2499,false,https://www.ktm-bikes.at/bikes/detail/mx2270464115-gravelator-elite-2x-m-55-mx2270464115gravelator-elite-2xgoblin-green-matt-black-2x12-shimano-grx-2027,https://www.ktm-bikes.at/bikes/detail/mx2270464115-gravelator-elite-2x-m-55-mx2270464115gravelator-elite-2xgoblin-green-matt-black-2x12-shimano-grx-2027,html,2026-10-05
KTM,GRAVELATOR [ef91e11c],GRAVELATOR ELITE 2X,2026,gravel,S (52),S,52,,,,,565,388,"{""Seattube length"": ""470"", ""Toptube length"": ""550"", ""Seat angle"": ""74°"", ""Head angle"": ""70,5°"", ""Headtube length"": ""116"", ""Chainstay length"": ""430"", ""Wheelbase"": ""1038"", ""Stack"": ""565"", ""Reach"": ""388"", ""Standover height"": ""792"", ""BB drop"": ""75""}",2499,false,https://www.ktm-bikes.at/bikes/detail/mx2270464115-gravelator-elite-2x-m-55-mx2270464115gravelator-elite-2xgoblin-green-matt-black-2x12-shimano-grx-2027,https://www.ktm-bikes.at/bikes/detail/mx2270464115-gravelator-elite-2x-m-55-mx2270464115gravelator-elite-2xgoblin-green-matt-black-2x12-shimano-grx-2027,html,2026-10-05
KTM,GRAVELATOR [ef91e11c],GRAVELATOR ELITE 2X,2026,gravel,M (55),M,55,,,,,579,404,"{""Seattube length"": ""500"", ""Toptube length"": ""570"", ""Seat angle"": ""74°"", ""Head angle"": ""70,5°"", ""Headtube length"": ""131"", ""Chainstay length"": ""430"", ""Wheelbase"": ""1059"", ""Stack"": ""579"", ""Reach"": ""404"", ""Standover height"": ""814"", ""BB drop"": ""75""}",2499,false,https://www.ktm-bikes.at/bikes/detail/mx2270464115-gravelator-elite-2x-m-55-mx2270464115gravelator-elite-2xgoblin-green-matt-black-2x12-shimano-grx-2027,https://www.ktm-bikes.at/bikes/detail/mx2270464115-gravelator-elite-2x-m-55-mx2270464115gravelator-elite-2xgoblin-green-matt-black-2x12-shimano-grx-2027,html,2026-10-05
KTM,GRAVELATOR [ef91e11c],GRAVELATOR ELITE 2X,2026,gravel,L (57),L,57,,,,,598,408,"{""Seattube length"": ""520"", ""Toptube length"": ""585"", ""Seat angle"": ""73,5°"", ""Head angle"": ""70,5°"", ""Headtube length"": ""151"", ""Chainstay length"": ""430"", ""Wheelbase"": ""1069"", ""Stack"": ""598"", ""Reach"": ""408"", ""Standover height"": ""832"", ""BB drop"": ""75""}",2499,false,https://www.ktm-bikes.at/bikes/detail/mx2270464115-gravelator-elite-2x-m-55-mx2270464115gravelator-elite-2xgoblin-green-matt-black-2x12-shimano-grx-2027,https://www.ktm-bikes.at/bikes/detail/mx2270464115-gravelator-elite-2x-m-55-mx2270464115gravelator-elite-2xgoblin-green-matt-black-2x12-shimano-grx-2027,html,2026-10-05
KTM,GRAVELATOR [ef91e11c],GRAVELATOR ELITE 2X,2026,gravel,XL (59),XL,59,,,,,619,411,"{""Seattube length"": ""540"", ""Toptube length"": ""600"", ""Seat angle"": ""73°"", ""Head angle"": ""71,1°"", ""Headtube length"": ""171"", ""Chainstay length"": ""430"", ""Wheelbase"": ""1073"", ""Stack"": ""619"", ""Reach"": ""411"", ""Standover height"": ""850"", ""BB drop"": ""75""}",2499,false,https://www.ktm-bikes.at/bikes/detail/mx2270464115-gravelator-elite-2x-m-55-mx2270464115gravelator-elite-2xgoblin-green-matt-black-2x12-shimano-grx-2027,https://www.ktm-bikes.at/bikes/detail/mx2270464115-gravelator-elite-2x-m-55-mx2270464115gravelator-elite-2xgoblin-green-matt-black-2x12-shimano-grx-2027,html,2026-10-05
KTM,GRAVELATOR [ef91e11c],GRAVELATOR ELITE,2026,gravel,XS (49),XS,49,,,,,552,377,"{""Seattube length"": ""440"", ""Toptube length"": ""530"", ""Seat angle"": ""74,5°"", ""Head angle"": ""70°"", ""Headtube length"": ""105"", ""Chainstay length"": ""430"", ""Wheelbase"": ""1027"", ""Stack"": ""552"", ""Reach"": ""377"", ""Standover height"": ""773"", ""BB drop"": ""75""}",2399,false,https://www.ktm-bikes.at/bikes/detail/mx2270465215-gravelator-elite-m-55-mx2270465215gravelator-elitewoodland-black-1x12-shimano-grx-2027,https://www.ktm-bikes.at/bikes/detail/mx2270465215-gravelator-elite-m-55-mx2270465215gravelator-elitewoodland-black-1x12-shimano-grx-2027,html,2026-10-05
KTM,GRAVELATOR [ef91e11c],GRAVELATOR ELITE,2026,gravel,S (52),S,52,,,,,565,388,"{""Seattube length"": ""470"", ""Toptube length"": ""550"", ""Seat angle"": ""74°"", ""Head angle"": ""70,5°"", ""Headtube length"": ""116"", ""Chainstay length"": ""430"", ""Wheelbase"": ""1038"", ""Stack"": ""565"", ""Reach"": ""388"", ""Standover height"": ""792"", ""BB drop"": ""75""}",2399,false,https://www.ktm-bikes.at/bikes/detail/mx2270465215-gravelator-elite-m-55-mx2270465215gravelator-elitewoodland-black-1x12-shimano-grx-2027,https://www.ktm-bikes.at/bikes/detail/mx2270465215-gravelator-elite-m-55-mx2270465215gravelator-elitewoodland-black-1x12-shimano-grx-2027,html,2026-10-05
KTM,GRAVELATOR [ef91e11c],GRAVELATOR ELITE,2026,gravel,M (55),M,55,,,,,579,404,"{""Seattube length"": ""500"", ""Toptube length"": ""570"", ""Seat angle"": ""74°"", ""Head angle"": ""70,5°"", ""Headtube length"": ""131"", ""Chainstay length"": ""430"", ""Wheelbase"": ""1059"", ""Stack"": ""579"", ""Reach"": ""404"", ""Standover height"": ""814"", ""BB drop"": ""75""}",2399,false,https://www.ktm-bikes.at/bikes/detail/mx2270465215-gravelator-elite-m-55-mx2270465215gravelator-elitewoodland-black-1x12-shimano-grx-2027,https://www.ktm-bikes.at/bikes/detail/mx2270465215-gravelator-elite-m-55-mx2270465215gravelator-elitewoodland-black-1x12-shimano-grx-2027,html,2026-10-05
KTM,GRAVELATOR [ef91e11c],GRAVELATOR ELITE,2026,gravel,L (57),L,57,,,,,598,408,"{""Seattube length"": ""520"", ""Toptube length"": ""585"", ""Seat angle"": ""73,5°"", ""Head angle"": ""70,5°"", ""Headtube length"": ""151"", ""Chainstay length"": ""430"", ""Wheelbase"": ""1069"", ""Stack"": ""598"", ""Reach"": ""408"", ""Standover height"": ""832"", ""BB drop"": ""75""}",2399,false,https://www.ktm-bikes.at/bikes/detail/mx2270465215-gravelator-elite-m-55-mx2270465215gravelator-elitewoodland-black-1x12-shimano-grx-2027,https://www.ktm-bikes.at/bikes/detail/mx2270465215-gravelator-elite-m-55-mx2270465215gravelator-elitewoodland-black-1x12-shimano-grx-2027,html,2026-10-05
KTM,GRAVELATOR [ef91e11c],GRAVELATOR ELITE,2026,gravel,XL (59),XL,59,,,,,619,411,"{""Seattube length"": ""540"", ""Toptube length"": ""600"", ""Seat angle"": ""73°"", ""Head angle"": ""71,1°"", ""Headtube length"": ""171"", ""Chainstay length"": ""430"", ""Wheelbase"": ""1073"", ""Stack"": ""619"", ""Reach"": ""411"", ""Standover height"": ""850"", ""BB drop"": ""75""}",2399,false,https://www.ktm-bikes.at/bikes/detail/mx2270465215-gravelator-elite-m-55-mx2270465215gravelator-elitewoodland-black-1x12-shimano-grx-2027,https://www.ktm-bikes.at/bikes/detail/mx2270465215-gravelator-elite-m-55-mx2270465215gravelator-elitewoodland-black-1x12-shimano-grx-2027,html,2026-10-05
KTM,GRAVELATOR [ef91e11c],GRAVELATOR PRO 2X LFC,2026,gravel,XS (49),XS,49,,,,,552,377,"{""Seattube length"": ""440"", ""Toptube length"": ""530"", ""Seat angle"": ""74,5°"", ""Head angle"": ""70°"", ""Headtube length"": ""105"", ""Chainstay length"": ""430"", ""Wheelbase"": ""1027"", ""Stack"": ""552"", ""Reach"": ""377"", ""Standover height"": ""773"", ""BB drop"": ""75""}",2199,false,https://www.ktm-bikes.at/bikes/detail/mx2270477115-gravelator-pro-2x-lfc-m-55-mx2270477115gravelator-pro-2x-lfcmoon-rock-matt-black-glossy-2x12-shimano-grx-2027,https://www.ktm-bikes.at/bikes/detail/mx2270477115-gravelator-pro-2x-lfc-m-55-mx2270477115gravelator-pro-2x-lfcmoon-rock-matt-black-glossy-2x12-shimano-grx-2027,html,2026-10-05
KTM,GRAVELATOR [ef91e11c],GRAVELATOR PRO 2X LFC,2026,gravel,S (52),S,52,,,,,565,388,"{""Seattube length"": ""470"", ""Toptube length"": ""550"", ""Seat angle"": ""74°"", ""Head angle"": ""70,5°"", ""Headtube length"": ""116"", ""Chainstay length"": ""430"", ""Wheelbase"": ""1038"", ""Stack"": ""565"", ""Reach"": ""388"", ""Standover height"": ""792"", ""BB drop"": ""75""}",2199,false,https://www.ktm-bikes.at/bikes/detail/mx2270477115-gravelator-pro-2x-lfc-m-55-mx2270477115gravelator-pro-2x-lfcmoon-rock-matt-black-glossy-2x12-shimano-grx-2027,https://www.ktm-bikes.at/bikes/detail/mx2270477115-gravelator-pro-2x-lfc-m-55-mx2270477115gravelator-pro-2x-lfcmoon-rock-matt-black-glossy-2x12-shimano-grx-2027,html,2026-10-05
KTM,GRAVELATOR [ef91e11c],GRAVELATOR PRO 2X LFC,2026,gravel,M (55),M,55,,,,,579,404,"{""Seattube length"": ""500"", ""Toptube length"": ""570"", ""Seat angle"": ""74°"", ""Head angle"": ""70,5°"", ""Headtube length"": ""131"", ""Chainstay length"": ""430"", ""Wheelbase"": ""1059"", ""Stack"": ""579"", ""Reach"": ""404"", ""Standover height"": ""814"", ""BB drop"": ""75""}",2199,false,https://www.ktm-bikes.at/bikes/detail/mx2270477115-gravelator-pro-2x-lfc-m-55-mx2270477115gravelator-pro-2x-lfcmoon-rock-matt-black-glossy-2x12-shimano-grx-2027,https://www.ktm-bikes.at/bikes/detail/mx2270477115-gravelator-pro-2x-lfc-m-55-mx2270477115gravelator-pro-2x-lfcmoon-rock-matt-black-glossy-2x12-shimano-grx-2027,html,2026-10-05
KTM,GRAVELATOR [ef91e11c],GRAVELATOR PRO 2X LFC,2026,gravel,L (57),L,57,,,,,598,408,"{""Seattube length"": ""520"", ""Toptube length"": ""585"", ""Seat angle"": ""73,5°"", ""Head angle"": ""70,5°"", ""Headtube length"": ""151"", ""Chainstay length"": ""430"", ""Wheelbase"": ""1069"", ""Stack"": ""598"", ""Reach"": ""408"", ""Standover height"": ""832"", ""BB drop"": ""75""}",2199,false,https://www.ktm-bikes.at/bikes/detail/mx2270477115-gravelator-pro-2x-lfc-m-55-mx2270477115gravelator-pro-2x-lfcmoon-rock-matt-black-glossy-2x12-shimano-grx-2027,https://www.ktm-bikes.at/bikes/detail/mx2270477115-gravelator-pro-2x-lfc-m-55-mx2270477115gravelator-pro-2x-lfcmoon-rock-matt-black-glossy-2x12-shimano-grx-2027,html,2026-10-05
KTM,GRAVELATOR [ef91e11c],GRAVELATOR PRO 2X LFC,2026,gravel,XL (59),XL,59,,,,,619,411,"{""Seattube length"": ""540"", ""Toptube length"": ""600"", ""Seat angle"": ""73°"", ""Head angle"": ""71,1°"", ""Headtube length"": ""171"", ""Chainstay length"": ""430"", ""Wheelbase"": ""1073"", ""Stack"": ""619"", ""Reach"": ""411"", ""Standover height"": ""850"", ""BB drop"": ""75""}",2199,false,https://www.ktm-bikes.at/bikes/detail/mx2270477115-gravelator-pro-2x-lfc-m-55-mx2270477115gravelator-pro-2x-lfcmoon-rock-matt-black-glossy-2x12-shimano-grx-2027,https://www.ktm-bikes.at/bikes/detail/mx2270477115-gravelator-pro-2x-lfc-m-55-mx2270477115gravelator-pro-2x-lfcmoon-rock-matt-black-glossy-2x12-shimano-grx-2027,html,2026-10-05
KTM,GRAVELATOR [ef91e11c],GRAVELATOR PRO,2026,gravel,XS (49),XS,49,,,,,552,377,"{""Seattube length"": ""440"", ""Toptube length"": ""530"", ""Seat angle"": ""74,5°"", ""Head angle"": ""70°"", ""Headtube length"": ""105"", ""Chainstay length"": ""430"", ""Wheelbase"": ""1027"", ""Stack"": ""552"", ""Reach"": ""377"", ""Standover height"": ""773"", ""BB drop"": ""75""}",1899,false,https://www.ktm-bikes.at/bikes/detail/mx2270467215-gravelator-pro-m-55-mx2270467215gravelator-procargo-green-matt-black-1x12-shimano-grx-2027,https://www.ktm-bikes.at/bikes/detail/mx2270467215-gravelator-pro-m-55-mx2270467215gravelator-procargo-green-matt-black-1x12-shimano-grx-2027,html,2026-10-05
KTM,GRAVELATOR [ef91e11c],GRAVELATOR PRO,2026,gravel,S (52),S,52,,,,,565,388,"{""Seattube length"": ""470"", ""Toptube length"": ""550"", ""Seat angle"": ""74°"", ""Head angle"": ""70,5°"", ""Headtube length"": ""116"", ""Chainstay length"": ""430"", ""Wheelbase"": ""1038"", ""Stack"": ""565"", ""Reach"": ""388"", ""Standover height"": ""792"", ""BB drop"": ""75""}",1899,false,https://www.ktm-bikes.at/bikes/detail/mx2270467215-gravelator-pro-m-55-mx2270467215gravelator-procargo-green-matt-black-1x12-shimano-grx-2027,https://www.ktm-bikes.at/bikes/detail/mx2270467215-gravelator-pro-m-55-mx2270467215gravelator-procargo-green-matt-black-1x12-shimano-grx-2027,html,2026-10-05
KTM,GRAVELATOR [ef91e11c],GRAVELATOR PRO,2026,gravel,M (55),M,55,,,,,579,404,"{""Seattube length"": ""500"", ""Toptube length"": ""570"", ""Seat angle"": ""74°"", ""Head angle"": ""70,5°"", ""Headtube length"": ""131"", ""Chainstay length"": ""430"", ""Wheelbase"": ""1059"", ""Stack"": ""579"", ""Reach"": ""404"", ""Standover height"": ""814"", ""BB drop"": ""75""}",1899,false,https://www.ktm-bikes.at/bikes/detail/mx2270467215-gravelator-pro-m-55-mx2270467215gravelator-procargo-green-matt-black-1x12-shimano-grx-2027,https://www.ktm-bikes.at/bikes/detail/mx2270467215-gravelator-pro-m-55-mx2270467215gravelator-procargo-green-matt-black-1x12-shimano-grx-2027,html,2026-10-05
KTM,GRAVELATOR [ef91e11c],GRAVELATOR PRO,2026,gravel,L (57),L,57,,,,,598,408,"{""Seattube length"": ""520"", ""Toptube length"": ""585"", ""Seat angle"": ""73,5°"", ""Head angle"": ""70,5°"", ""Headtube length"": ""151"", ""Chainstay length"": ""430"", ""Wheelbase"": ""1069"", ""Stack"": ""598"", ""Reach"": ""408"", ""Standover height"": ""832"", ""BB drop"": ""75""}",1899,false,https://www.ktm-bikes.at/bikes/detail/mx2270467215-gravelator-pro-m-55-mx2270467215gravelator-procargo-green-matt-black-1x12-shimano-grx-2027,https://www.ktm-bikes.at/bikes/detail/mx2270467215-gravelator-pro-m-55-mx2270467215gravelator-procargo-green-matt-black-1x12-shimano-grx-2027,html,2026-10-05
KTM,GRAVELATOR [ef91e11c],GRAVELATOR PRO,2026,gravel,XL (59),XL,59,,,,,619,411,"{""Seattube length"": ""540"", ""Toptube length"": ""600"", ""Seat angle"": ""73°"", ""Head angle"": ""71,1°"", ""Headtube length"": ""171"", ""Chainstay length"": ""430"", ""Wheelbase"": ""1073"", ""Stack"": ""619"", ""Reach"": ""411"", ""Standover height"": ""850"", ""BB drop"": ""75""}",1899,false,https://www.ktm-bikes.at/bikes/detail/mx2270467215-gravelator-pro-m-55-mx2270467215gravelator-procargo-green-matt-black-1x12-shimano-grx-2027,https://www.ktm-bikes.at/bikes/detail/mx2270467215-gravelator-pro-m-55-mx2270467215gravelator-procargo-green-matt-black-1x12-shimano-grx-2027,html,2026-10-05
KTM,GRAVELATOR [ef91e11c],GRAVELATOR PRO 2X,2026,gravel,XS (49),XS,49,,,,,552,377,"{""Seattube length"": ""440"", ""Toptube length"": ""530"", ""Seat angle"": ""74,5°"", ""Head angle"": ""70°"", ""Headtube length"": ""105"", ""Chainstay length"": ""430"", ""Wheelbase"": ""1027"", ""Stack"": ""552"", ""Reach"": ""377"", ""Standover height"": ""773"", ""BB drop"": ""75""}",1899,false,https://www.ktm-bikes.at/bikes/detail/mx2270466315-gravelator-pro-2x-m-55-mx2270466315gravelator-pro-2xsonic-purple-black-2x12-shimano-grx-2027,https://www.ktm-bikes.at/bikes/detail/mx2270466315-gravelator-pro-2x-m-55-mx2270466315gravelator-pro-2xsonic-purple-black-2x12-shimano-grx-2027,html,2026-10-05
KTM,GRAVELATOR [ef91e11c],GRAVELATOR PRO 2X,2026,gravel,S (52),S,52,,,,,565,388,"{""Seattube length"": ""470"", ""Toptube length"": ""550"", ""Seat angle"": ""74°"", ""Head angle"": ""70,5°"", ""Headtube length"": ""116"", ""Chainstay length"": ""430"", ""Wheelbase"": ""1038"", ""Stack"": ""565"", ""Reach"": ""388"", ""Standover height"": ""792"", ""BB drop"": ""75""}",1899,false,https://www.ktm-bikes.at/bikes/detail/mx2270466315-gravelator-pro-2x-m-55-mx2270466315gravelator-pro-2xsonic-purple-black-2x12-shimano-grx-2027,https://www.ktm-bikes.at/bikes/detail/mx2270466315-gravelator-pro-2x-m-55-mx2270466315gravelator-pro-2xsonic-purple-black-2x12-shimano-grx-2027,html,2026-10-05
KTM,GRAVELATOR [ef91e11c],GRAVELATOR PRO 2X,2026,gravel,M (55),M,55,,,,,579,404,"{""Seattube length"": ""500"", ""Toptube length"": ""570"", ""Seat angle"": ""74°"", ""Head angle"": ""70,5°"", ""Headtube length"": ""131"", ""Chainstay length"": ""430"", ""Wheelbase"": ""1059"", ""Stack"": ""579"", ""Reach"": ""404"", ""Standover height"": ""814"", ""BB drop"": ""75""}",1899,false,https://www.ktm-bikes.at/bikes/detail/mx2270466315-gravelator-pro-2x-m-55-mx2270466315gravelator-pro-2xsonic-purple-black-2x12-shimano-grx-2027,https://www.ktm-bikes.at/bikes/detail/mx2270466315-gravelator-pro-2x-m-55-mx2270466315gravelator-pro-2xsonic-purple-black-2x12-shimano-grx-2027,html,2026-10-05
KTM,GRAVELATOR [ef91e11c],GRAVELATOR PRO 2X,2026,gravel,L (57),L,57,,,,,598,408,"{""Seattube length"": ""520"", ""Toptube length"": ""585"", ""Seat angle"": ""73,5°"", ""Head angle"": ""70,5°"", ""Headtube length"": ""151"", ""Chainstay length"": ""430"", ""Wheelbase"": ""1069"", ""Stack"": ""598"", ""Reach"": ""408"", ""Standover height"": ""832"", ""BB drop"": ""75""}",1899,false,https://www.ktm-bikes.at/bikes/detail/mx2270466315-gravelator-pro-2x-m-55-mx2270466315gravelator-pro-2xsonic-purple-black-2x12-shimano-grx-2027,https://www.ktm-bikes.at/bikes/detail/mx2270466315-gravelator-pro-2x-m-55-mx2270466315gravelator-pro-2xsonic-purple-black-2x12-shimano-grx-2027,html,2026-10-05
KTM,GRAVELATOR [ef91e11c],GRAVELATOR PRO 2X,2026,gravel,XL (59),XL,59,,,,,619,411,"{""Seattube length"": ""540"", ""Toptube length"": ""600"", ""Seat angle"": ""73°"", ""Head angle"": ""71,1°"", ""Headtube length"": ""171"", ""Chainstay length"": ""430"", ""Wheelbase"": ""1073"", ""Stack"": ""619"", ""Reach"": ""411"", ""Standover height"": ""850"", ""BB drop"": ""75""}",1899,false,https://www.ktm-bikes.at/bikes/detail/mx2270466315-gravelator-pro-2x-m-55-mx2270466315gravelator-pro-2xsonic-purple-black-2x12-shimano-grx-2027,https://www.ktm-bikes.at/bikes/detail/mx2270466315-gravelator-pro-2x-m-55-mx2270466315gravelator-pro-2xsonic-purple-black-2x12-shimano-grx-2027,html,2026-10-05
KTM,GRAVELATOR [5c969b76],GRAVELATOR 10 FIT Q'AUTO,2027,gravel,XS (49),XS,49,,,,,577,374,"{""Seattube length"": ""450"", ""Toptube length"": ""540"", ""Seat angle"": ""74°"", ""Head angle"": ""70°"", ""Headtube length"": ""130"", ""Chainstay length"": ""430"", ""Wheelbase"": ""1029"", ""Stack"": ""577"", ""Reach"": ""374"", ""Standover height"": ""761"", ""BB drop"": ""75""}",1499,false,https://www.ktm-bikes.at/bikes/detail/mx2270480115-gravelator-10-fit-q-auto-m-55-mx2270480115gravelator-10-fit-q-autoroyal-teal-matt-black-glossy-1x11-shimano-q-auto-di2-2027,https://www.ktm-bikes.at/bikes/detail/mx2270480115-gravelator-10-fit-q-auto-m-55-mx2270480115gravelator-10-fit-q-autoroyal-teal-matt-black-glossy-1x11-shimano-q-auto-di2-2027,html,2026-10-05
KTM,GRAVELATOR [5c969b76],GRAVELATOR 10 FIT Q'AUTO,2027,gravel,S (52),S,52,,,,,594,390,"{""Seattube length"": ""470"", ""Toptube length"": ""560"", ""Seat angle"": ""74°"", ""Head angle"": ""70,5°"", ""Headtube length"": ""145"", ""Chainstay length"": ""430"", ""Wheelbase"": ""1045"", ""Stack"": ""594"", ""Reach"": ""390"", ""Standover height"": ""778"", ""BB drop"": ""75""}",1499,false,https://www.ktm-bikes.at/bikes/detail/mx2270480115-gravelator-10-fit-q-auto-m-55-mx2270480115gravelator-10-fit-q-autoroyal-teal-matt-black-glossy-1x11-shimano-q-auto-di2-2027,https://www.ktm-bikes.at/bikes/detail/mx2270480115-gravelator-10-fit-q-auto-m-55-mx2270480115gravelator-10-fit-q-autoroyal-teal-matt-black-glossy-1x11-shimano-q-auto-di2-2027,html,2026-10-05
KTM,GRAVELATOR [5c969b76],GRAVELATOR 10 FIT Q'AUTO,2027,gravel,M (55),M,55,,,,,612,404,"{""Seattube length"": ""500"", ""Toptube length"": ""580"", ""Seat angle"": ""74°"", ""Head angle"": ""70,5°"", ""Headtube length"": ""165"", ""Chainstay length"": ""430"", ""Wheelbase"": ""1066"", ""Stack"": ""612"", ""Reach"": ""404"", ""Standover height"": ""802"", ""BB drop"": ""75""}",1499,false,https://www.ktm-bikes.at/bikes/detail/mx2270480115-gravelator-10-fit-q-auto-m-55-mx2270480115gravelator-10-fit-q-autoroyal-teal-matt-black-glossy-1x11-shimano-q-auto-di2-2027,https://www.ktm-bikes.at/bikes/detail/mx2270480115-gravelator-10-fit-q-auto-m-55-mx2270480115gravelator-10-fit-q-autoroyal-teal-matt-black-glossy-1x11-shimano-q-auto-di2-2027,html,2026-10-05
KTM,GRAVELATOR [5c969b76],GRAVELATOR 10 FIT Q'AUTO,2027,gravel,L (57),L,57,,,,,622,422,"{""Seattube length"": ""520"", ""Toptube length"": ""600"", ""Seat angle"": ""74°"", ""Head angle"": ""70,5°"", ""Headtube length"": ""175"", ""Chainstay length"": ""430"", ""Wheelbase"": ""1087"", ""Stack"": ""622"", ""Reach"": ""422"", ""Standover height"": ""816"", ""BB drop"": ""75""}",1499,false,https://www.ktm-bikes.at/bikes/detail/mx2270480115-gravelator-10-fit-q-auto-m-55-mx2270480115gravelator-10-fit-q-autoroyal-teal-matt-black-glossy-1x11-shimano-q-auto-di2-2027,https://www.ktm-bikes.at/bikes/detail/mx2270480115-gravelator-10-fit-q-auto-m-55-mx2270480115gravelator-10-fit-q-autoroyal-teal-matt-black-glossy-1x11-shimano-q-auto-di2-2027,html,2026-10-05
KTM,GRAVELATOR [5c969b76],GRAVELATOR 10 FIT Q'AUTO,2027,gravel,XL (59),XL,59,,,,,636,438,"{""Seattube length"": ""540"", ""Toptube length"": ""620"", ""Seat angle"": ""74°"", ""Head angle"": ""70,5°"", ""Headtube length"": ""190"", ""Chainstay length"": ""430"", ""Wheelbase"": ""1107"", ""Stack"": ""636"", ""Reach"": ""438"", ""Standover height"": ""832"", ""BB drop"": ""75""}",1499,false,https://www.ktm-bikes.at/bikes/detail/mx2270480115-gravelator-10-fit-q-auto-m-55-mx2270480115gravelator-10-fit-q-autoroyal-teal-matt-black-glossy-1x11-shimano-q-auto-di2-2027,https://www.ktm-bikes.at/bikes/detail/mx2270480115-gravelator-10-fit-q-auto-m-55-mx2270480115gravelator-10-fit-q-autoroyal-teal-matt-black-glossy-1x11-shimano-q-auto-di2-2027,html,2026-10-05
KTM,GRAVELATOR [5c969b76],GRAVELATOR 10,2027,gravel,XS (49),XS,49,,,,,577,374,"{""Seattube length"": ""450"", ""Toptube length"": ""540"", ""Seat angle"": ""74°"", ""Head angle"": ""70°"", ""Headtube length"": ""130"", ""Chainstay length"": ""430"", ""Wheelbase"": ""1029"", ""Stack"": ""577"", ""Reach"": ""374"", ""Standover height"": ""761"", ""BB drop"": ""75""}",1499,false,https://www.ktm-bikes.at/bikes/detail/mx2270470115-gravelator-10-m-55-mx2270470115gravelator-10royal-teal-matt-black-glossy-2x12-shimano-grx-2027,https://www.ktm-bikes.at/bikes/detail/mx2270470115-gravelator-10-m-55-mx2270470115gravelator-10royal-teal-matt-black-glossy-2x12-shimano-grx-2027,html,2026-10-05
KTM,GRAVELATOR [5c969b76],GRAVELATOR 10,2027,gravel,S (52),S,52,,,,,594,390,"{""Seattube length"": ""470"", ""Toptube length"": ""560"", ""Seat angle"": ""74°"", ""Head angle"": ""70,5°"", ""Headtube length"": ""145"", ""Chainstay length"": ""430"", ""Wheelbase"": ""1045"", ""Stack"": ""594"", ""Reach"": ""390"", ""Standover height"": ""778"", ""BB drop"": ""75""}",1499,false,https://www.ktm-bikes.at/bikes/detail/mx2270470115-gravelator-10-m-55-mx2270470115gravelator-10royal-teal-matt-black-glossy-2x12-shimano-grx-2027,https://www.ktm-bikes.at/bikes/detail/mx2270470115-gravelator-10-m-55-mx2270470115gravelator-10royal-teal-matt-black-glossy-2x12-shimano-grx-2027,html,2026-10-05
KTM,GRAVELATOR [5c969b76],GRAVELATOR 10,2027,gravel,M (55),M,55,,,,,612,404,"{""Seattube length"": ""500"", ""Toptube length"": ""580"", ""Seat angle"": ""74°"", ""Head angle"": ""70,5°"", ""Headtube length"": ""165"", ""Chainstay length"": ""430"", ""Wheelbase"": ""1066"", ""Stack"": ""612"", ""Reach"": ""404"", ""Standover height"": ""802"", ""BB drop"": ""75""}",1499,false,https://www.ktm-bikes.at/bikes/detail/mx2270470115-gravelator-10-m-55-mx2270470115gravelator-10royal-teal-matt-black-glossy-2x12-shimano-grx-2027,https://www.ktm-bikes.at/bikes/detail/mx2270470115-gravelator-10-m-55-mx2270470115gravelator-10royal-teal-matt-black-glossy-2x12-shimano-grx-2027,html,2026-10-05
KTM,GRAVELATOR [5c969b76],GRAVELATOR 10,2027,gravel,L (57),L,57,,,,,622,422,"{""Seattube length"": ""520"", ""Toptube length"": ""600"", ""Seat angle"": ""74°"", ""Head angle"": ""70,5°"", ""Headtube length"": ""175"", ""Chainstay length"": ""430"", ""Wheelbase"": ""1087"", ""Stack"": ""622"", ""Reach"": ""422"", ""Standover height"": ""816"", ""BB drop"": ""75""}",1499,false,https://www.ktm-bikes.at/bikes/detail/mx2270470115-gravelator-10-m-55-mx2270470115gravelator-10royal-teal-matt-black-glossy-2x12-shimano-grx-2027,https://www.ktm-bikes.at/bikes/detail/mx2270470115-gravelator-10-m-55-mx2270470115gravelator-10royal-teal-matt-black-glossy-2x12-shimano-grx-2027,html,2026-10-05
KTM,GRAVELATOR [5c969b76],GRAVELATOR 10,2027,gravel,XL (59),XL,59,,,,,636,438,"{""Seattube length"": ""540"", ""Toptube length"": ""620"", ""Seat angle"": ""74°"", ""Head angle"": ""70,5°"", ""Headtube length"": ""190"", ""Chainstay length"": ""430"", ""Wheelbase"": ""1107"", ""Stack"": ""636"", ""Reach"": ""438"", ""Standover height"": ""832"", ""BB drop"": ""75""}",1499,false,https://www.ktm-bikes.at/bikes/detail/mx2270470115-gravelator-10-m-55-mx2270470115gravelator-10royal-teal-matt-black-glossy-2x12-shimano-grx-2027,https://www.ktm-bikes.at/bikes/detail/mx2270470115-gravelator-10-m-55-mx2270470115gravelator-10royal-teal-matt-black-glossy-2x12-shimano-grx-2027,html,2026-10-05
KTM,GRAVELATOR [5c969b76],GRAVELATOR 15,2027,gravel,XS (49),XS,49,,,,,577,374,"{""Seattube length"": ""450"", ""Toptube length"": ""540"", ""Seat angle"": ""74°"", ""Head angle"": ""70°"", ""Headtube length"": ""130"", ""Chainstay length"": ""430"", ""Wheelbase"": ""1029"", ""Stack"": ""577"", ""Reach"": ""374"", ""Standover height"": ""761"", ""BB drop"": ""75""}",1399,false,https://www.ktm-bikes.at/bikes/detail/mx2270471315-gravelator-15-m-55-mx2270471315gravelator-15arctic-green-black-1x12-shimano-grx-2027,https://www.ktm-bikes.at/bikes/detail/mx2270471315-gravelator-15-m-55-mx2270471315gravelator-15arctic-green-black-1x12-shimano-grx-2027,html,2026-10-05
KTM,GRAVELATOR [5c969b76],GRAVELATOR 15,2027,gravel,S (52),S,52,,,,,594,390,"{""Seattube length"": ""470"", ""Toptube length"": ""560"", ""Seat angle"": ""74°"", ""Head angle"": ""70,5°"", ""Headtube length"": ""145"", ""Chainstay length"": ""430"", ""Wheelbase"": ""1045"", ""Stack"": ""594"", ""Reach"": ""390"", ""Standover height"": ""778"", ""BB drop"": ""75""}",1399,false,https://www.ktm-bikes.at/bikes/detail/mx2270471315-gravelator-15-m-55-mx2270471315gravelator-15arctic-green-black-1x12-shimano-grx-2027,https://www.ktm-bikes.at/bikes/detail/mx2270471315-gravelator-15-m-55-mx2270471315gravelator-15arctic-green-black-1x12-shimano-grx-2027,html,2026-10-05
KTM,GRAVELATOR [5c969b76],GRAVELATOR 15,2027,gravel,M (55),M,55,,,,,612,404,"{""Seattube length"": ""500"", ""Toptube length"": ""580"", ""Seat angle"": ""74°"", ""Head angle"": ""70,5°"", ""Headtube length"": ""165"", ""Chainstay length"": ""430"", ""Wheelbase"": ""1066"", ""Stack"": ""612"", ""Reach"": ""404"", ""Standover height"": ""802"", ""BB drop"": ""75""}",1399,false,https://www.ktm-bikes.at/bikes/detail/mx2270471315-gravelator-15-m-55-mx2270471315gravelator-15arctic-green-black-1x12-shimano-grx-2027,https://www.ktm-bikes.at/bikes/detail/mx2270471315-gravelator-15-m-55-mx2270471315gravelator-15arctic-green-black-1x12-shimano-grx-2027,html,2026-10-05
KTM,GRAVELATOR [5c969b76],GRAVELATOR 15,2027,gravel,L (57),L,57,,,,,622,422,"{""Seattube length"": ""520"", ""Toptube length"": ""600"", ""Seat angle"": ""74°"", ""Head angle"": ""70,5°"", ""Headtube length"": ""175"", ""Chainstay length"": ""430"", ""Wheelbase"": ""1087"", ""Stack"": ""622"", ""Reach"": ""422"", ""Standover height"": ""816"", ""BB drop"": ""75""}",1399,false,https://www.ktm-bikes.at/bikes/detail/mx2270471315-gravelator-15-m-55-mx2270471315gravelator-15arctic-green-black-1x12-shimano-grx-2027,https://www.ktm-bikes.at/bikes/detail/mx2270471315-gravelator-15-m-55-mx2270471315gravelator-15arctic-green-black-1x12-shimano-grx-2027,html,2026-10-05
KTM,GRAVELATOR [5c969b76],GRAVELATOR 15,2027,gravel,XL (59),XL,59,,,,,636,438,"{""Seattube length"": ""540"", ""Toptube length"": ""620"", ""Seat angle"": ""74°"", ""Head angle"": ""70,5°"", ""Headtube length"": ""190"", ""Chainstay length"": ""430"", ""Wheelbase"": ""1107"", ""Stack"": ""636"", ""Reach"": ""438"", ""Standover height"": ""832"", ""BB drop"": ""75""}",1399,false,https://www.ktm-bikes.at/bikes/detail/mx2270471315-gravelator-15-m-55-mx2270471315gravelator-15arctic-green-black-1x12-shimano-grx-2027,https://www.ktm-bikes.at/bikes/detail/mx2270471315-gravelator-15-m-55-mx2270471315gravelator-15arctic-green-black-1x12-shimano-grx-2027,html,2026-10-05
KTM,GRAVELATOR [5c969b76],GRAVELATOR 25,2027,gravel,XS (49),XS,49,,,,,577,374,"{""Seattube length"": ""450"", ""Toptube length"": ""540"", ""Seat angle"": ""74°"", ""Head angle"": ""70°"", ""Headtube length"": ""130"", ""Chainstay length"": ""430"", ""Wheelbase"": ""1029"", ""Stack"": ""577"", ""Reach"": ""374"", ""Standover height"": ""761"", ""BB drop"": ""75""}",1199,false,https://www.ktm-bikes.at/bikes/detail/mx2270473315-gravelator-25-m-55-mx2270473315gravelator-25shark-blue-matt-black-glossy-1x11-shimano-cues-2027,https://www.ktm-bikes.at/bikes/detail/mx2270473315-gravelator-25-m-55-mx2270473315gravelator-25shark-blue-matt-black-glossy-1x11-shimano-cues-2027,html,2026-10-05
KTM,GRAVELATOR [5c969b76],GRAVELATOR 25,2027,gravel,S (52),S,52,,,,,594,390,"{""Seattube length"": ""470"", ""Toptube length"": ""560"", ""Seat angle"": ""74°"", ""Head angle"": ""70,5°"", ""Headtube length"": ""145"", ""Chainstay length"": ""430"", ""Wheelbase"": ""1045"", ""Stack"": ""594"", ""Reach"": ""390"", ""Standover height"": ""778"", ""BB drop"": ""75""}",1199,false,https://www.ktm-bikes.at/bikes/detail/mx2270473315-gravelator-25-m-55-mx2270473315gravelator-25shark-blue-matt-black-glossy-1x11-shimano-cues-2027,https://www.ktm-bikes.at/bikes/detail/mx2270473315-gravelator-25-m-55-mx2270473315gravelator-25shark-blue-matt-black-glossy-1x11-shimano-cues-2027,html,2026-10-05
KTM,GRAVELATOR [5c969b76],GRAVELATOR 25,2027,gravel,M (55),M,55,,,,,612,404,"{""Seattube length"": ""500"", ""Toptube length"": ""580"", ""Seat angle"": ""74°"", ""Head angle"": ""70,5°"", ""Headtube length"": ""165"", ""Chainstay length"": ""430"", ""Wheelbase"": ""1066"", ""Stack"": ""612"", ""Reach"": ""404"", ""Standover height"": ""802"", ""BB drop"": ""75""}",1199,false,https://www.ktm-bikes.at/bikes/detail/mx2270473315-gravelator-25-m-55-mx2270473315gravelator-25shark-blue-matt-black-glossy-1x11-shimano-cues-2027,https://www.ktm-bikes.at/bikes/detail/mx2270473315-gravelator-25-m-55-mx2270473315gravelator-25shark-blue-matt-black-glossy-1x11-shimano-cues-2027,html,2026-10-05
KTM,GRAVELATOR [5c969b76],GRAVELATOR 25,2027,gravel,L (57),L,57,,,,,622,422,"{""Seattube length"": ""520"", ""Toptube length"": ""600"", ""Seat angle"": ""74°"", ""Head angle"": ""70,5°"", ""Headtube length"": ""175"", ""Chainstay length"": ""430"", ""Wheelbase"": ""1087"", ""Stack"": ""622"", ""Reach"": ""422"", ""Standover height"": ""816"", ""BB drop"": ""75""}",1199,false,https://www.ktm-bikes.at/bikes/detail/mx2270473315-gravelator-25-m-55-mx2270473315gravelator-25shark-blue-matt-black-glossy-1x11-shimano-cues-2027,https://www.ktm-bikes.at/bikes/detail/mx2270473315-gravelator-25-m-55-mx2270473315gravelator-25shark-blue-matt-black-glossy-1x11-shimano-cues-2027,html,2026-10-05
KTM,GRAVELATOR [5c969b76],GRAVELATOR 25,2027,gravel,XL (59),XL,59,,,,,636,438,"{""Seattube length"": ""540"", ""Toptube length"": ""620"", ""Seat angle"": ""74°"", ""Head angle"": ""70,5°"", ""Headtube length"": ""190"", ""Chainstay length"": ""430"", ""Wheelbase"": ""1107"", ""Stack"": ""636"", ""Reach"": ""438"", ""Standover height"": ""832"", ""BB drop"": ""75""}",1199,false,https://www.ktm-bikes.at/bikes/detail/mx2270473315-gravelator-25-m-55-mx2270473315gravelator-25shark-blue-matt-black-glossy-1x11-shimano-cues-2027,https://www.ktm-bikes.at/bikes/detail/mx2270473315-gravelator-25-m-55-mx2270473315gravelator-25shark-blue-matt-black-glossy-1x11-shimano-cues-2027,html,2026-10-05
KTM,GRAVELATOR [5c969b76],GRAVELATOR 30,2027,gravel,XS (49),XS,49,,,,,577,374,"{""Seattube length"": ""450"", ""Toptube length"": ""540"", ""Seat angle"": ""74°"", ""Head angle"": ""70°"", ""Headtube length"": ""130"", ""Chainstay length"": ""430"", ""Wheelbase"": ""1029"", ""Stack"": ""577"", ""Reach"": ""374"", ""Standover height"": ""761"", ""BB drop"": ""75""}",899,false,https://www.ktm-bikes.at/bikes/detail/mx2270476315-gravelator-30-m-55-mx2270476315gravelator-30muted-rose-matt-black-1x9-shimano-cues-2027,https://www.ktm-bikes.at/bikes/detail/mx2270476315-gravelator-30-m-55-mx2270476315gravelator-30muted-rose-matt-black-1x9-shimano-cues-2027,html,2026-10-05
KTM,GRAVELATOR [5c969b76],GRAVELATOR 30,2027,gravel,S (52),S,52,,,,,594,390,"{""Seattube length"": ""470"", ""Toptube length"": ""560"", ""Seat angle"": ""74°"", ""Head angle"": ""70,5°"", ""Headtube length"": ""145"", ""Chainstay length"": ""430"", ""Wheelbase"": ""1045"", ""Stack"": ""594"", ""Reach"": ""390"", ""Standover height"": ""778"", ""BB drop"": ""75""}",899,false,https://www.ktm-bikes.at/bikes/detail/mx2270476315-gravelator-30-m-55-mx2270476315gravelator-30muted-rose-matt-black-1x9-shimano-cues-2027,https://www.ktm-bikes.at/bikes/detail/mx2270476315-gravelator-30-m-55-mx2270476315gravelator-30muted-rose-matt-black-1x9-shimano-cues-2027,html,2026-10-05
KTM,GRAVELATOR [5c969b76],GRAVELATOR 30,2027,gravel,M (55),M,55,,,,,612,404,"{""Seattube length"": ""500"", ""Toptube length"": ""580"", ""Seat angle"": ""74°"", ""Head angle"": ""70,5°"", ""Headtube length"": ""165"", ""Chainstay length"": ""430"", ""Wheelbase"": ""1066"", ""Stack"": ""612"", ""Reach"": ""404"", ""Standover height"": ""802"", ""BB drop"": ""75""}",899,false,https://www.ktm-bikes.at/bikes/detail/mx2270476315-gravelator-30-m-55-mx2270476315gravelator-30muted-rose-matt-black-1x9-shimano-cues-2027,https://www.ktm-bikes.at/bikes/detail/mx2270476315-gravelator-30-m-55-mx2270476315gravelator-30muted-rose-matt-black-1x9-shimano-cues-2027,html,2026-10-05
KTM,GRAVELATOR [5c969b76],GRAVELATOR 30,2027,gravel,L (57),L,57,,,,,622,422,"{""Seattube length"": ""520"", ""Toptube length"": ""600"", ""Seat angle"": ""74°"", ""Head angle"": ""70,5°"", ""Headtube length"": ""175"", ""Chainstay length"": ""430"", ""Wheelbase"": ""1087"", ""Stack"": ""622"", ""Reach"": ""422"", ""Standover height"": ""816"", ""BB drop"": ""75""}",899,false,https://www.ktm-bikes.at/bikes/detail/mx2270476315-gravelator-30-m-55-mx2270476315gravelator-30muted-rose-matt-black-1x9-shimano-cues-2027,https://www.ktm-bikes.at/bikes/detail/mx2270476315-gravelator-30-m-55-mx2270476315gravelator-30muted-rose-matt-black-1x9-shimano-cues-2027,html,2026-10-05
KTM,GRAVELATOR [5c969b76],GRAVELATOR 30,2027,gravel,XL (59),XL,59,,,,,636,438,"{""Seattube length"": ""540"", ""Toptube length"": ""620"", ""Seat angle"": ""74°"", ""Head angle"": ""70,5°"", ""Headtube length"": ""190"", ""Chainstay length"": ""430"", ""Wheelbase"": ""1107"", ""Stack"": ""636"", ""Reach"": ""438"", ""Standover height"": ""832"", ""BB drop"": ""75""}",899,false,https://www.ktm-bikes.at/bikes/detail/mx2270476315-gravelator-30-m-55-mx2270476315gravelator-30muted-rose-matt-black-1x9-shimano-cues-2027,https://www.ktm-bikes.at/bikes/detail/mx2270476315-gravelator-30-m-55-mx2270476315gravelator-30muted-rose-matt-black-1x9-shimano-cues-2027,html,2026-10-05
KTM,GRAVELATOR [5c969b76],GRAVELATOR 30 FIT,2027,gravel,XS (49),XS,49,,,,,577,374,"{""Seattube length"": ""450"", ""Toptube length"": ""540"", ""Seat angle"": ""74°"", ""Head angle"": ""70°"", ""Headtube length"": ""130"", ""Chainstay length"": ""430"", ""Wheelbase"": ""1029"", ""Stack"": ""577"", ""Reach"": ""374"", ""Standover height"": ""761"", ""BB drop"": ""75""}",799,false,https://www.ktm-bikes.at/bikes/detail/mx2270482115-gravelator-30-fit-m-55-mx2270482115gravelator-30-fitmuddy-matt-black-1x9-shimano-cues-2027,https://www.ktm-bikes.at/bikes/detail/mx2270482115-gravelator-30-fit-m-55-mx2270482115gravelator-30-fitmuddy-matt-black-1x9-shimano-cues-2027,html,2026-10-05
KTM,GRAVELATOR [5c969b76],GRAVELATOR 30 FIT,2027,gravel,S (52),S,52,,,,,594,390,"{""Seattube length"": ""470"", ""Toptube length"": ""560"", ""Seat angle"": ""74°"", ""Head angle"": ""70,5°"", ""Headtube length"": ""145"", ""Chainstay length"": ""430"", ""Wheelbase"": ""1045"", ""Stack"": ""594"", ""Reach"": ""390"", ""Standover height"": ""778"", ""BB drop"": ""75""}",799,false,https://www.ktm-bikes.at/bikes/detail/mx2270482115-gravelator-30-fit-m-55-mx2270482115gravelator-30-fitmuddy-matt-black-1x9-shimano-cues-2027,https://www.ktm-bikes.at/bikes/detail/mx2270482115-gravelator-30-fit-m-55-mx2270482115gravelator-30-fitmuddy-matt-black-1x9-shimano-cues-2027,html,2026-10-05
KTM,GRAVELATOR [5c969b76],GRAVELATOR 30 FIT,2027,gravel,M (55),M,55,,,,,612,404,"{""Seattube length"": ""500"", ""Toptube length"": ""580"", ""Seat angle"": ""74°"", ""Head angle"": ""70,5°"", ""Headtube length"": ""165"", ""Chainstay length"": ""430"", ""Wheelbase"": ""1066"", ""Stack"": ""612"", ""Reach"": ""404"", ""Standover height"": ""802"", ""BB drop"": ""75""}",799,false,https://www.ktm-bikes.at/bikes/detail/mx2270482115-gravelator-30-fit-m-55-mx2270482115gravelator-30-fitmuddy-matt-black-1x9-shimano-cues-2027,https://www.ktm-bikes.at/bikes/detail/mx2270482115-gravelator-30-fit-m-55-mx2270482115gravelator-30-fitmuddy-matt-black-1x9-shimano-cues-2027,html,2026-10-05
KTM,GRAVELATOR [5c969b76],GRAVELATOR 30 FIT,2027,gravel,L (57),L,57,,,,,622,422,"{""Seattube length"": ""520"", ""Toptube length"": ""600"", ""Seat angle"": ""74°"", ""Head angle"": ""70,5°"", ""Headtube length"": ""175"", ""Chainstay length"": ""430"", ""Wheelbase"": ""1087"", ""Stack"": ""622"", ""Reach"": ""422"", ""Standover height"": ""816"", ""BB drop"": ""75""}",799,false,https://www.ktm-bikes.at/bikes/detail/mx2270482115-gravelator-30-fit-m-55-mx2270482115gravelator-30-fitmuddy-matt-black-1x9-shimano-cues-2027,https://www.ktm-bikes.at/bikes/detail/mx2270482115-gravelator-30-fit-m-55-mx2270482115gravelator-30-fitmuddy-matt-black-1x9-shimano-cues-2027,html,2026-10-05
KTM,GRAVELATOR [5c969b76],GRAVELATOR 30 FIT,2027,gravel,XL (59),XL,59,,,,,636,438,"{""Seattube length"": ""540"", ""Toptube length"": ""620"", ""Seat angle"": ""74°"", ""Head angle"": ""70,5°"", ""Headtube length"": ""190"", ""Chainstay length"": ""430"", ""Wheelbase"": ""1107"", ""Stack"": ""636"", ""Reach"": ""438"", ""Standover height"": ""832"", ""BB drop"": ""75""}",799,false,https://www.ktm-bikes.at/bikes/detail/mx2270482115-gravelator-30-fit-m-55-mx2270482115gravelator-30-fitmuddy-matt-black-1x9-shimano-cues-2027,https://www.ktm-bikes.at/bikes/detail/mx2270482115-gravelator-30-fit-m-55-mx2270482115gravelator-30-fitmuddy-matt-black-1x9-shimano-cues-2027,html,2026-10-05
KTM,X-MYROON [2c0d525c],X-MYROON MASTER,2027,gravel,M (43),M,43,,,,,604,443,"{""Seattube length"": ""430"", ""Toptube length"": ""610"", ""Seat angle"": ""74,5° (72)"", ""Head angle"": ""69,5°"", ""Headtube length"": ""100"", ""Chainstay length"": ""430"", ""Wheelbase"": ""1113"", ""Stack"": ""604"", ""Reach"": ""443"", ""Standover height"": ""775"", ""BB drop"": ""70""}",3399,false,https://www.ktm-bikes.at/bikes/detail/mx1260360108-x-myroon-master-l-48-mx1260360108x-myroon-mastercarbon1x12-shimano-grx-2027,https://www.ktm-bikes.at/bikes/detail/mx1260360108-x-myroon-master-l-48-mx1260360108x-myroon-mastercarbon1x12-shimano-grx-2027,html,2026-10-05
KTM,X-MYROON [2c0d525c],X-MYROON MASTER,2027,gravel,L (48),L,48,,,,,613,460,"{""Seattube length"": ""480"", ""Toptube length"": ""630"", ""Seat angle"": ""74,5° (72)"", ""Head angle"": ""69,5°"", ""Headtube length"": ""110"", ""Chainstay length"": ""430"", ""Wheelbase"": ""1134"", ""Stack"": ""613"", ""Reach"": ""460"", ""Standover height"": ""803"", ""BB drop"": ""70""}",3399,false,https://www.ktm-bikes.at/bikes/detail/mx1260360108-x-myroon-master-l-48-mx1260360108x-myroon-mastercarbon1x12-shimano-grx-2027,https://www.ktm-bikes.at/bikes/detail/mx1260360108-x-myroon-master-l-48-mx1260360108x-myroon-mastercarbon1x12-shimano-grx-2027,html,2026-10-05
KTM,X-MYROON [2c0d525c],X-MYROON MASTER,2027,gravel,XL (53),XL,53,,,,,622,477,"{""Seattube length"": ""530"", ""Toptube length"": ""650"", ""Seat angle"": ""74,5° (72)"", ""Head angle"": ""69,5°"", ""Headtube length"": ""120"", ""Chainstay length"": ""430"", ""Wheelbase"": ""1155"", ""Stack"": ""622"", ""Reach"": ""477"", ""Standover height"": ""832"", ""BB drop"": ""70""}",3399,false,https://www.ktm-bikes.at/bikes/detail/mx1260360108-x-myroon-master-l-48-mx1260360108x-myroon-mastercarbon1x12-shimano-grx-2027,https://www.ktm-bikes.at/bikes/detail/mx1260360108-x-myroon-master-l-48-mx1260360108x-myroon-mastercarbon1x12-shimano-grx-2027,html,2026-10-05
KTM,X-MYROON [2c0d525c],X-MYROON ELITE,2027,gravel,M (43),M,43,,,,,604,443,"{""Seattube length"": ""430"", ""Toptube length"": ""610"", ""Seat angle"": ""74,5° (72)"", ""Head angle"": ""69,5°"", ""Headtube length"": ""100"", ""Chainstay length"": ""430"", ""Wheelbase"": ""1113"", ""Stack"": ""604"", ""Reach"": ""443"", ""Standover height"": ""775"", ""BB drop"": ""70""}",2699,false,https://www.ktm-bikes.at/bikes/detail/mx1260361108-x-myroon-elite-l-48-mx1260361108x-myroon-eliteburnt-orange1x12-shimano-grx-2027,https://www.ktm-bikes.at/bikes/detail/mx1260361108-x-myroon-elite-l-48-mx1260361108x-myroon-eliteburnt-orange1x12-shimano-grx-2027,html,2026-10-05
KTM,X-MYROON [2c0d525c],X-MYROON ELITE,2027,gravel,L (48),L,48,,,,,613,460,"{""Seattube length"": ""480"", ""Toptube length"": ""630"", ""Seat angle"": ""74,5° (72)"", ""Head angle"": ""69,5°"", ""Headtube length"": ""110"", ""Chainstay length"": ""430"", ""Wheelbase"": ""1134"", ""Stack"": ""613"", ""Reach"": ""460"", ""Standover height"": ""803"", ""BB drop"": ""70""}",2699,false,https://www.ktm-bikes.at/bikes/detail/mx1260361108-x-myroon-elite-l-48-mx1260361108x-myroon-eliteburnt-orange1x12-shimano-grx-2027,https://www.ktm-bikes.at/bikes/detail/mx1260361108-x-myroon-elite-l-48-mx1260361108x-myroon-eliteburnt-orange1x12-shimano-grx-2027,html,2026-10-05
KTM,X-MYROON [2c0d525c],X-MYROON ELITE,2027,gravel,XL (53),XL,53,,,,,622,477,"{""Seattube length"": ""530"", ""Toptube length"": ""650"", ""Seat angle"": ""74,5° (72)"", ""Head angle"": ""69,5°"", ""Headtube length"": ""120"", ""Chainstay length"": ""430"", ""Wheelbase"": ""1155"", ""Stack"": ""622"", ""Reach"": ""477"", ""Standover height"": ""832"", ""BB drop"": ""70""}",2699,false,https://www.ktm-bikes.at/bikes/detail/mx1260361108-x-myroon-elite-l-48-mx1260361108x-myroon-eliteburnt-orange1x12-shimano-grx-2027,https://www.ktm-bikes.at/bikes/detail/mx1260361108-x-myroon-elite-l-48-mx1260361108x-myroon-eliteburnt-orange1x12-shimano-grx-2027,html,2026-10-05
KTM,X-MYROON [2c0d525c],X-MYROON PRO,2027,gravel,M (43),M,43,,,,,604,443,"{""Seattube length"": ""430"", ""Toptube length"": ""610"", ""Seat angle"": ""74,5° (72)"", ""Head angle"": ""69,5°"", ""Headtube length"": ""100"", ""Chainstay length"": ""430"", ""Wheelbase"": ""1113"", ""Stack"": ""604"", ""Reach"": ""443"", ""Standover height"": ""775"", ""BB drop"": ""70""}",1999,false,https://www.ktm-bikes.at/bikes/detail/mx1260362108-x-myroon-pro-l-48-mx1260362108x-myroon-proopal-white1x12-shimano-grx-2027,https://www.ktm-bikes.at/bikes/detail/mx1260362108-x-myroon-pro-l-48-mx1260362108x-myroon-proopal-white1x12-shimano-grx-2027,html,2026-10-05
KTM,X-MYROON [2c0d525c],X-MYROON PRO,2027,gravel,L (48),L,48,,,,,613,460,"{""Seattube length"": ""480"", ""Toptube length"": ""630"", ""Seat angle"": ""74,5° (72)"", ""Head angle"": ""69,5°"", ""Headtube length"": ""110"", ""Chainstay length"": ""430"", ""Wheelbase"": ""1134"", ""Stack"": ""613"", ""Reach"": ""460"", ""Standover height"": ""803"", ""BB drop"": ""70""}",1999,false,https://www.ktm-bikes.at/bikes/detail/mx1260362108-x-myroon-pro-l-48-mx1260362108x-myroon-proopal-white1x12-shimano-grx-2027,https://www.ktm-bikes.at/bikes/detail/mx1260362108-x-myroon-pro-l-48-mx1260362108x-myroon-proopal-white1x12-shimano-grx-2027,html,2026-10-05
KTM,X-MYROON [2c0d525c],X-MYROON PRO,2027,gravel,XL (53),XL,53,,,,,622,477,"{""Seattube length"": ""530"", ""Toptube length"": ""650"", ""Seat angle"": ""74,5° (72)"", ""Head angle"": ""69,5°"", ""Headtube length"": ""120"", ""Chainstay length"": ""430"", ""Wheelbase"": ""1155"", ""Stack"": ""622"", ""Reach"": ""477"", ""Standover height"": ""832"", ""BB drop"": ""70""}",1999,false,https://www.ktm-bikes.at/bikes/detail/mx1260362108-x-myroon-pro-l-48-mx1260362108x-myroon-proopal-white1x12-shimano-grx-2027,https://www.ktm-bikes.at/bikes/detail/mx1260362108-x-myroon-pro-l-48-mx1260362108x-myroon-proopal-white1x12-shimano-grx-2027,html,2026-10-05
KTM,SCARP EXONIC [7f427b3c],SCARP EXONIC,2027,mtb,S (38),S,,,,,,588,434,"{""Seattube length"": ""380"", ""Toptube length"": ""591"", ""Seat angle"": ""75° (69,5°)"", ""Head angle"": ""67,0°"", ""Headtube length"": ""95"", ""Chainstay length"": ""435"", ""Wheelbase"": ""1146"", ""Stack"": ""588"", ""Reach"": ""434"", ""Standover height"": ""799"", ""BB drop"": ""42""}",12999,false,https://www.ktm-bikes.at/bikes/detail/mx1260305108-scarp-exonic-l-48-mx1260305108scarp-exoniccarbon-crystal-red1x12-sram-xx-sl-transmission-2027,https://www.ktm-bikes.at/bikes/detail/mx1260305108-scarp-exonic-l-48-mx1260305108scarp-exoniccarbon-crystal-red1x12-sram-xx-sl-transmission-2027,html,2026-10-05
KTM,SCARP EXONIC [7f427b3c],SCARP EXONIC,2027,mtb,M (43),M,43,,,,,597,452,"{""Seattube length"": ""430"", ""Toptube length"": ""611"", ""Seat angle"": ""75° (70°)"", ""Head angle"": ""67,0°"", ""Headtube length"": ""105"", ""Chainstay length"": ""435"", ""Wheelbase"": ""1168"", ""Stack"": ""597"", ""Reach"": ""452"", ""Standover height"": ""803"", ""BB drop"": ""42""}",12999,false,https://www.ktm-bikes.at/bikes/detail/mx1260305108-scarp-exonic-l-48-mx1260305108scarp-exoniccarbon-crystal-red1x12-sram-xx-sl-transmission-2027,https://www.ktm-bikes.at/bikes/detail/mx1260305108-scarp-exonic-l-48-mx1260305108scarp-exoniccarbon-crystal-red1x12-sram-xx-sl-transmission-2027,html,2026-10-05
KTM,SCARP EXONIC [7f427b3c],SCARP EXONIC,2027,mtb,L (48),L,48,,,,,607,469,"{""Seattube length"": ""480"", ""Toptube length"": ""631"", ""Seat angle"": ""75° (70,7°)"", ""Head angle"": ""67,0°"", ""Headtube length"": ""115"", ""Chainstay length"": ""435"", ""Wheelbase"": ""1189"", ""Stack"": ""607"", ""Reach"": ""469"", ""Standover height"": ""807"", ""BB drop"": ""42""}",12999,false,https://www.ktm-bikes.at/bikes/detail/mx1260305108-scarp-exonic-l-48-mx1260305108scarp-exoniccarbon-crystal-red1x12-sram-xx-sl-transmission-2027,https://www.ktm-bikes.at/bikes/detail/mx1260305108-scarp-exonic-l-48-mx1260305108scarp-exoniccarbon-crystal-red1x12-sram-xx-sl-transmission-2027,html,2026-10-05
KTM,SCARP EXONIC [7f427b3c],SCARP EXONIC,2027,mtb,XL (53),XL,53,,,,,618,487,"{""Seattube length"": ""530"", ""Toptube length"": ""651"", ""Seat angle"": ""75° (71°)"", ""Head angle"": ""67,0°"", ""Headtube length"": ""125"", ""Chainstay length"": ""435"", ""Wheelbase"": ""1211"", ""Stack"": ""618"", ""Reach"": ""487"", ""Standover height"": ""813"", ""BB drop"": ""42""}",12999,false,https://www.ktm-bikes.at/bikes/detail/mx1260305108-scarp-exonic-l-48-mx1260305108scarp-exoniccarbon-crystal-red1x12-sram-xx-sl-transmission-2027,https://www.ktm-bikes.at/bikes/detail/mx1260305108-scarp-exonic-l-48-mx1260305108scarp-exoniccarbon-crystal-red1x12-sram-xx-sl-transmission-2027,html,2026-10-05
KTM,SCARP PRIME [38fbe401],SCARP PRIME,2027,mtb,S (38),S,,,,,,584.3,438.9,"{""Seattube length"": ""380"", ""Toptube length"": ""590"", ""Seat angle"": ""75,5° (70°)"", ""Head angle"": ""67,5°"", ""Headtube length"": ""95"", ""Chainstay length"": ""435,2"", ""Wheelbase"": ""1142,6"", ""Stack"": ""584,3"", ""Reach"": ""438,9"", ""Standover height"": ""792"", ""BB drop"": ""45""}",7999,false,https://www.ktm-bikes.at/bikes/detail/mx2260306108-scarp-prime-l-48-mx2260306108-scarp-prime-royal-teal-1x12-shimano-xtr-di2-2027,https://www.ktm-bikes.at/bikes/detail/mx2260306108-scarp-prime-l-48-mx2260306108-scarp-prime-royal-teal-1x12-shimano-xtr-di2-2027,html,2026-10-05
KTM,SCARP PRIME [38fbe401],SCARP PRIME,2027,mtb,M (43),M,43,,,,,593.6,456.5,"{""Seattube length"": ""430"", ""Toptube length"": ""610"", ""Seat angle"": ""75,5° (70,5°)"", ""Head angle"": ""67,5°"", ""Headtube length"": ""105"", ""Chainstay length"": ""435,2"", ""Wheelbase"": ""1164"", ""Stack"": ""593,6"", ""Reach"": ""456,5"", ""Standover height"": ""797"", ""BB drop"": ""45""}",7999,false,https://www.ktm-bikes.at/bikes/detail/mx2260306108-scarp-prime-l-48-mx2260306108-scarp-prime-royal-teal-1x12-shimano-xtr-di2-2027,https://www.ktm-bikes.at/bikes/detail/mx2260306108-scarp-prime-l-48-mx2260306108-scarp-prime-royal-teal-1x12-shimano-xtr-di2-2027,html,2026-10-05
KTM,SCARP PRIME [38fbe401],SCARP PRIME,2027,mtb,L (48),L,48,,,,,603,474,"{""Seattube length"": ""480"", ""Toptube length"": ""630"", ""Seat angle"": ""75,5° (71,1°)"", ""Head angle"": ""67,5°"", ""Headtube length"": ""115"", ""Chainstay length"": ""435"", ""Wheelbase"": ""1185"", ""Stack"": ""603"", ""Reach"": ""474"", ""Standover height"": ""802"", ""BB drop"": ""45""}",7999,false,https://www.ktm-bikes.at/bikes/detail/mx2260306108-scarp-prime-l-48-mx2260306108-scarp-prime-royal-teal-1x12-shimano-xtr-di2-2027,https://www.ktm-bikes.at/bikes/detail/mx2260306108-scarp-prime-l-48-mx2260306108-scarp-prime-royal-teal-1x12-shimano-xtr-di2-2027,html,2026-10-05
KTM,SCARP PRIME [38fbe401],SCARP PRIME,2027,mtb,XL (53),XL,53,,,,,612,491.7,"{""Seattube length"": ""530"", ""Toptube length"": ""650"", ""Seat angle"": ""75,5° (71,5°)"", ""Head angle"": ""67,5°"", ""Headtube length"": ""125"", ""Chainstay length"": ""435,2"", ""Wheelbase"": ""1206,9"", ""Stack"": ""612"", ""Reach"": ""491,7"", ""Standover height"": ""807"", ""BB drop"": ""45""}",7999,false,https://www.ktm-bikes.at/bikes/detail/mx2260306108-scarp-prime-l-48-mx2260306108-scarp-prime-royal-teal-1x12-shimano-xtr-di2-2027,https://www.ktm-bikes.at/bikes/detail/mx2260306108-scarp-prime-l-48-mx2260306108-scarp-prime-royal-teal-1x12-shimano-xtr-di2-2027,html,2026-10-05
KTM,SCARP MT [9b107627],SCARP MT EXONIC,2027,mtb,S (38),S,,,,,,593,428,"{""Seattube length"": ""380"", ""Toptube length"": ""593"", ""Seat angle"": ""74,4° (68,9°)"", ""Head angle"": ""66,4°"", ""Headtube length"": ""95"", ""Chainstay length"": ""435"", ""Wheelbase"": ""1152"", ""Stack"": ""593"", ""Reach"": ""428"", ""Standover height"": ""805"", ""BB drop"": ""37""}",8999,false,https://www.ktm-bikes.at/bikes/detail/mx2260310108-scarp-mt-exonic-l-48-mx2260310108-scarp-mt-exonic-carbon-blue-orange-1x12-sram-xx-sl-transmission-2027,https://www.ktm-bikes.at/bikes/detail/mx2260310108-scarp-mt-exonic-l-48-mx2260310108-scarp-mt-exonic-carbon-blue-orange-1x12-sram-xx-sl-transmission-2027,html,2026-10-05
KTM,SCARP MT [9b107627],SCARP MT EXONIC,2027,mtb,M (43),M,43,,,,,602,445,"{""Seattube length"": ""430"", ""Toptube length"": ""613"", ""Seat angle"": ""74,4° (69,4°)"", ""Head angle"": ""66,4°"", ""Headtube length"": ""105"", ""Chainstay length"": ""435"", ""Wheelbase"": ""1173"", ""Stack"": ""602"", ""Reach"": ""445"", ""Standover height"": ""810"", ""BB drop"": ""37""}",8999,false,https://www.ktm-bikes.at/bikes/detail/mx2260310108-scarp-mt-exonic-l-48-mx2260310108-scarp-mt-exonic-carbon-blue-orange-1x12-sram-xx-sl-transmission-2027,https://www.ktm-bikes.at/bikes/detail/mx2260310108-scarp-mt-exonic-l-48-mx2260310108-scarp-mt-exonic-carbon-blue-orange-1x12-sram-xx-sl-transmission-2027,html,2026-10-05
KTM,SCARP MT [9b107627],SCARP MT EXONIC,2027,mtb,L (48),L,48,,,,,612,463,"{""Seattube length"": ""480"", ""Toptube length"": ""633"", ""Seat angle"": ""74,4° (70°)"", ""Head angle"": ""66,4°"", ""Headtube length"": ""115"", ""Chainstay length"": ""435"", ""Wheelbase"": ""1195"", ""Stack"": ""612"", ""Reach"": ""463"", ""Standover height"": ""815"", ""BB drop"": ""37""}",8999,false,https://www.ktm-bikes.at/bikes/detail/mx2260310108-scarp-mt-exonic-l-48-mx2260310108-scarp-mt-exonic-carbon-blue-orange-1x12-sram-xx-sl-transmission-2027,https://www.ktm-bikes.at/bikes/detail/mx2260310108-scarp-mt-exonic-l-48-mx2260310108-scarp-mt-exonic-carbon-blue-orange-1x12-sram-xx-sl-transmission-2027,html,2026-10-05
KTM,SCARP MT [9b107627],SCARP MT EXONIC,2027,mtb,XL (53),XL,53,,,,,621,480,"{""Seattube length"": ""530"", ""Toptube length"": ""653"", ""Seat angle"": ""74,4° (70,5°)"", ""Head angle"": ""66,4°"", ""Headtube length"": ""125"", ""Chainstay length"": ""435"", ""Wheelbase"": ""1216"", ""Stack"": ""621"", ""Reach"": ""480"", ""Standover height"": ""820"", ""BB drop"": ""37""}",8999,false,https://www.ktm-bikes.at/bikes/detail/mx2260310108-scarp-mt-exonic-l-48-mx2260310108-scarp-mt-exonic-carbon-blue-orange-1x12-sram-xx-sl-transmission-2027,https://www.ktm-bikes.at/bikes/detail/mx2260310108-scarp-mt-exonic-l-48-mx2260310108-scarp-mt-exonic-carbon-blue-orange-1x12-sram-xx-sl-transmission-2027,html,2026-10-05
KTM,SCARP MT [9b107627],SCARP MT PRIME,2027,mtb,S (38),S,,,,,,593,428,"{""Seattube length"": ""380"", ""Toptube length"": ""593"", ""Seat angle"": ""74,4° (68,9°)"", ""Head angle"": ""66,4°"", ""Headtube length"": ""95"", ""Chainstay length"": ""435"", ""Wheelbase"": ""1152"", ""Stack"": ""593"", ""Reach"": ""428"", ""Standover height"": ""805"", ""BB drop"": ""37""}",8299,false,https://www.ktm-bikes.at/bikes/detail/mx2260311108-scarp-mt-prime-l-48-mx2260311108-scarp-mt-prime-velvet-petrol-matt-blk-gold-1x12-sram-xx-sl-transmission-2027,https://www.ktm-bikes.at/bikes/detail/mx2260311108-scarp-mt-prime-l-48-mx2260311108-scarp-mt-prime-velvet-petrol-matt-blk-gold-1x12-sram-xx-sl-transmission-2027,html,2026-10-05
KTM,SCARP MT [9b107627],SCARP MT PRIME,2027,mtb,M (43),M,43,,,,,602,445,"{""Seattube length"": ""430"", ""Toptube length"": ""613"", ""Seat angle"": ""74,4° (69,4°)"", ""Head angle"": ""66,4°"", ""Headtube length"": ""105"", ""Chainstay length"": ""435"", ""Wheelbase"": ""1173"", ""Stack"": ""602"", ""Reach"": ""445"", ""Standover height"": ""810"", ""BB drop"": ""37""}",8299,false,https://www.ktm-bikes.at/bikes/detail/mx2260311108-scarp-mt-prime-l-48-mx2260311108-scarp-mt-prime-velvet-petrol-matt-blk-gold-1x12-sram-xx-sl-transmission-2027,https://www.ktm-bikes.at/bikes/detail/mx2260311108-scarp-mt-prime-l-48-mx2260311108-scarp-mt-prime-velvet-petrol-matt-blk-gold-1x12-sram-xx-sl-transmission-2027,html,2026-10-05
KTM,SCARP MT [9b107627],SCARP MT PRIME,2027,mtb,L (48),L,48,,,,,612,463,"{""Seattube length"": ""480"", ""Toptube length"": ""633"", ""Seat angle"": ""74,4° (70°)"", ""Head angle"": ""66,4°"", ""Headtube length"": ""115"", ""Chainstay length"": ""435"", ""Wheelbase"": ""1195"", ""Stack"": ""612"", ""Reach"": ""463"", ""Standover height"": ""815"", ""BB drop"": ""37""}",8299,false,https://www.ktm-bikes.at/bikes/detail/mx2260311108-scarp-mt-prime-l-48-mx2260311108-scarp-mt-prime-velvet-petrol-matt-blk-gold-1x12-sram-xx-sl-transmission-2027,https://www.ktm-bikes.at/bikes/detail/mx2260311108-scarp-mt-prime-l-48-mx2260311108-scarp-mt-prime-velvet-petrol-matt-blk-gold-1x12-sram-xx-sl-transmission-2027,html,2026-10-05
KTM,SCARP MT [9b107627],SCARP MT PRIME,2027,mtb,XL (53),XL,53,,,,,621,480,"{""Seattube length"": ""530"", ""Toptube length"": ""653"", ""Seat angle"": ""74,4° (70,5°)"", ""Head angle"": ""66,4°"", ""Headtube length"": ""125"", ""Chainstay length"": ""435"", ""Wheelbase"": ""1216"", ""Stack"": ""621"", ""Reach"": ""480"", ""Standover height"": ""820"", ""BB drop"": ""37""}",8299,false,https://www.ktm-bikes.at/bikes/detail/mx2260311108-scarp-mt-prime-l-48-mx2260311108-scarp-mt-prime-velvet-petrol-matt-blk-gold-1x12-sram-xx-sl-transmission-2027,https://www.ktm-bikes.at/bikes/detail/mx2260311108-scarp-mt-prime-l-48-mx2260311108-scarp-mt-prime-velvet-petrol-matt-blk-gold-1x12-sram-xx-sl-transmission-2027,html,2026-10-05
KTM,SCARP MT [9b107627],SCARP MT MASTER,2027,mtb,S (38),S,,,,,,593,428,"{""Seattube length"": ""380"", ""Toptube length"": ""593"", ""Seat angle"": ""74,4° (68,9°)"", ""Head angle"": ""66,4°"", ""Headtube length"": ""95"", ""Chainstay length"": ""435"", ""Wheelbase"": ""1152"", ""Stack"": ""593"", ""Reach"": ""428"", ""Standover height"": ""805"", ""BB drop"": ""37""}",5799,false,https://www.ktm-bikes.at/bikes/detail/mx1260312108-scarp-mt-master-l-48-mx1260312108scarp-mt-mastertransparent-blue-on-carbon1x12-sram-x0-transmission-2027,https://www.ktm-bikes.at/bikes/detail/mx1260312108-scarp-mt-master-l-48-mx1260312108scarp-mt-mastertransparent-blue-on-carbon1x12-sram-x0-transmission-2027,html,2026-10-05
KTM,SCARP MT [9b107627],SCARP MT MASTER,2027,mtb,M (43),M,43,,,,,602,445,"{""Seattube length"": ""430"", ""Toptube length"": ""613"", ""Seat angle"": ""74,4° (69,4°)"", ""Head angle"": ""66,4°"", ""Headtube length"": ""105"", ""Chainstay length"": ""435"", ""Wheelbase"": ""1173"", ""Stack"": ""602"", ""Reach"": ""445"", ""Standover height"": ""810"", ""BB drop"": ""37""}",5799,false,https://www.ktm-bikes.at/bikes/detail/mx1260312108-scarp-mt-master-l-48-mx1260312108scarp-mt-mastertransparent-blue-on-carbon1x12-sram-x0-transmission-2027,https://www.ktm-bikes.at/bikes/detail/mx1260312108-scarp-mt-master-l-48-mx1260312108scarp-mt-mastertransparent-blue-on-carbon1x12-sram-x0-transmission-2027,html,2026-10-05
KTM,SCARP MT [9b107627],SCARP MT MASTER,2027,mtb,L (48),L,48,,,,,612,463,"{""Seattube length"": ""480"", ""Toptube length"": ""633"", ""Seat angle"": ""74,4° (70°)"", ""Head angle"": ""66,4°"", ""Headtube length"": ""115"", ""Chainstay length"": ""435"", ""Wheelbase"": ""1195"", ""Stack"": ""612"", ""Reach"": ""463"", ""Standover height"": ""815"", ""BB drop"": ""37""}",5799,false,https://www.ktm-bikes.at/bikes/detail/mx1260312108-scarp-mt-master-l-48-mx1260312108scarp-mt-mastertransparent-blue-on-carbon1x12-sram-x0-transmission-2027,https://www.ktm-bikes.at/bikes/detail/mx1260312108-scarp-mt-master-l-48-mx1260312108scarp-mt-mastertransparent-blue-on-carbon1x12-sram-x0-transmission-2027,html,2026-10-05
KTM,SCARP MT [9b107627],SCARP MT MASTER,2027,mtb,XL (53),XL,53,,,,,621,480,"{""Seattube length"": ""530"", ""Toptube length"": ""653"", ""Seat angle"": ""74,4° (70,5°)"", ""Head angle"": ""66,4°"", ""Headtube length"": ""125"", ""Chainstay length"": ""435"", ""Wheelbase"": ""1216"", ""Stack"": ""621"", ""Reach"": ""480"", ""Standover height"": ""820"", ""BB drop"": ""37""}",5799,false,https://www.ktm-bikes.at/bikes/detail/mx1260312108-scarp-mt-master-l-48-mx1260312108scarp-mt-mastertransparent-blue-on-carbon1x12-sram-x0-transmission-2027,https://www.ktm-bikes.at/bikes/detail/mx1260312108-scarp-mt-master-l-48-mx1260312108scarp-mt-mastertransparent-blue-on-carbon1x12-sram-x0-transmission-2027,html,2026-10-05
KTM,SCARP MT [9b107627],SCARP MT 291,2027,mtb,S (38),S,,,,,,593,428,"{""Seattube length"": ""380"", ""Toptube length"": ""593"", ""Seat angle"": ""74,4° (68,9°)"", ""Head angle"": ""66,4°"", ""Headtube length"": ""95"", ""Chainstay length"": ""435"", ""Wheelbase"": ""1152"", ""Stack"": ""593"", ""Reach"": ""428"", ""Standover height"": ""805"", ""BB drop"": ""37""}",2299,false,https://www.ktm-bikes.at/bikes/detail/mx1260317108-scarp-mt-291-l-48-mx1260317108-scarp-mt-291-epic-grey-matt-1x12-shimano-deore-xt-2027,https://www.ktm-bikes.at/bikes/detail/mx1260317108-scarp-mt-291-l-48-mx1260317108-scarp-mt-291-epic-grey-matt-1x12-shimano-deore-xt-2027,html,2026-10-05
KTM,SCARP MT [9b107627],SCARP MT 291,2027,mtb,M (43),M,43,,,,,602,445,"{""Seattube length"": ""430"", ""Toptube length"": ""613"", ""Seat angle"": ""74,4° (69,4°)"", ""Head angle"": ""66,4°"", ""Headtube length"": ""105"", ""Chainstay length"": ""435"", ""Wheelbase"": ""1173"", ""Stack"": ""602"", ""Reach"": ""445"", ""Standover height"": ""810"", ""BB drop"": ""37""}",2299,false,https://www.ktm-bikes.at/bikes/detail/mx1260317108-scarp-mt-291-l-48-mx1260317108-scarp-mt-291-epic-grey-matt-1x12-shimano-deore-xt-2027,https://www.ktm-bikes.at/bikes/detail/mx1260317108-scarp-mt-291-l-48-mx1260317108-scarp-mt-291-epic-grey-matt-1x12-shimano-deore-xt-2027,html,2026-10-05
KTM,SCARP MT [9b107627],SCARP MT 291,2027,mtb,L (48),L,48,,,,,612,463,"{""Seattube length"": ""480"", ""Toptube length"": ""633"", ""Seat angle"": ""74,4° (70°)"", ""Head angle"": ""66,4°"", ""Headtube length"": ""115"", ""Chainstay length"": ""435"", ""Wheelbase"": ""1195"", ""Stack"": ""612"", ""Reach"": ""463"", ""Standover height"": ""815"", ""BB drop"": ""37""}",2299,false,https://www.ktm-bikes.at/bikes/detail/mx1260317108-scarp-mt-291-l-48-mx1260317108-scarp-mt-291-epic-grey-matt-1x12-shimano-deore-xt-2027,https://www.ktm-bikes.at/bikes/detail/mx1260317108-scarp-mt-291-l-48-mx1260317108-scarp-mt-291-epic-grey-matt-1x12-shimano-deore-xt-2027,html,2026-10-05
KTM,SCARP MT [9b107627],SCARP MT 291,2027,mtb,XL (53),XL,53,,,,,621,480,"{""Seattube length"": ""530"", ""Toptube length"": ""653"", ""Seat angle"": ""74,4° (70,5°)"", ""Head angle"": ""66,4°"", ""Headtube length"": ""125"", ""Chainstay length"": ""435"", ""Wheelbase"": ""1216"", ""Stack"": ""621"", ""Reach"": ""480"", ""Standover height"": ""820"", ""BB drop"": ""37""}",2299,false,https://www.ktm-bikes.at/bikes/detail/mx1260317108-scarp-mt-291-l-48-mx1260317108-scarp-mt-291-epic-grey-matt-1x12-shimano-deore-xt-2027,https://www.ktm-bikes.at/bikes/detail/mx1260317108-scarp-mt-291-l-48-mx1260317108-scarp-mt-291-epic-grey-matt-1x12-shimano-deore-xt-2027,html,2026-10-05
KTM,MYROON [b104f215],MYROON EXONIC,2027,mtb,S (38),S,,,,,,594,425,"{""Seattube length"": ""380"", ""Toptube length"": ""590"", ""Seat angle"": ""74,5° (72)"", ""Head angle"": ""69,5°"", ""Headtube length"": ""90,0°"", ""Chainstay length"": ""430"", ""Wheelbase"": ""1092"", ""Stack"": ""594"", ""Reach"": ""425"", ""Standover height"": ""761"", ""BB drop"": ""70""}",7299,false,https://www.ktm-bikes.at/bikes/detail/mx1260350108-myroon-exonic-l-48-mx1260350108myroon-exonictransparent-blue-on-carbon1x12-shimano-xtr-di2-2027,https://www.ktm-bikes.at/bikes/detail/mx1260350108-myroon-exonic-l-48-mx1260350108myroon-exonictransparent-blue-on-carbon1x12-shimano-xtr-di2-2027,html,2026-10-05
KTM,MYROON [b104f215],MYROON EXONIC,2027,mtb,M (43),M,43,,,,,604,443,"{""Seattube length"": ""430"", ""Toptube length"": ""610"", ""Seat angle"": ""74,5° (72)"", ""Head angle"": ""69,5°"", ""Headtube length"": ""100,0°"", ""Chainstay length"": ""430"", ""Wheelbase"": ""1113"", ""Stack"": ""604"", ""Reach"": ""443"", ""Standover height"": ""775"", ""BB drop"": ""70""}",7299,false,https://www.ktm-bikes.at/bikes/detail/mx1260350108-myroon-exonic-l-48-mx1260350108myroon-exonictransparent-blue-on-carbon1x12-shimano-xtr-di2-2027,https://www.ktm-bikes.at/bikes/detail/mx1260350108-myroon-exonic-l-48-mx1260350108myroon-exonictransparent-blue-on-carbon1x12-shimano-xtr-di2-2027,html,2026-10-05
KTM,MYROON [b104f215],MYROON EXONIC,2027,mtb,L (48),L,48,,,,,613,460,"{""Seattube length"": ""480"", ""Toptube length"": ""630"", ""Seat angle"": ""74,5° (72)"", ""Head angle"": ""69,5°"", ""Headtube length"": ""110,0°"", ""Chainstay length"": ""430"", ""Wheelbase"": ""1134"", ""Stack"": ""613"", ""Reach"": ""460"", ""Standover height"": ""803"", ""BB drop"": ""70""}",7299,false,https://www.ktm-bikes.at/bikes/detail/mx1260350108-myroon-exonic-l-48-mx1260350108myroon-exonictransparent-blue-on-carbon1x12-shimano-xtr-di2-2027,https://www.ktm-bikes.at/bikes/detail/mx1260350108-myroon-exonic-l-48-mx1260350108myroon-exonictransparent-blue-on-carbon1x12-shimano-xtr-di2-2027,html,2026-10-05
KTM,MYROON [b104f215],MYROON EXONIC,2027,mtb,XL (53),XL,53,,,,,622,477,"{""Seattube length"": ""530"", ""Toptube length"": ""650"", ""Seat angle"": ""74,5° (72)"", ""Head angle"": ""69,5°"", ""Headtube length"": ""120,0°"", ""Chainstay length"": ""430"", ""Wheelbase"": ""1155"", ""Stack"": ""622"", ""Reach"": ""477"", ""Standover height"": ""832"", ""BB drop"": ""70""}",7299,false,https://www.ktm-bikes.at/bikes/detail/mx1260350108-myroon-exonic-l-48-mx1260350108myroon-exonictransparent-blue-on-carbon1x12-shimano-xtr-di2-2027,https://www.ktm-bikes.at/bikes/detail/mx1260350108-myroon-exonic-l-48-mx1260350108myroon-exonictransparent-blue-on-carbon1x12-shimano-xtr-di2-2027,html,2026-10-05
KTM,MYROON [b104f215],MYROON PRIME,2027,mtb,S (38),S,,,,,,594,425,"{""Seattube length"": ""380"", ""Toptube length"": ""590"", ""Seat angle"": ""74,5° (72)"", ""Head angle"": ""69,5°"", ""Headtube length"": ""90,0°"", ""Chainstay length"": ""430"", ""Wheelbase"": ""1092"", ""Stack"": ""594"", ""Reach"": ""425"", ""Standover height"": ""761"", ""BB drop"": ""70""}",4299,false,https://www.ktm-bikes.at/bikes/detail/mx1260351108-myroon-prime-l-48-mx1260351108myroon-primeolive-pearl-black-1x12-shimano-deore-xt-di2-2027,https://www.ktm-bikes.at/bikes/detail/mx1260351108-myroon-prime-l-48-mx1260351108myroon-primeolive-pearl-black-1x12-shimano-deore-xt-di2-2027,html,2026-10-05
KTM,MYROON [b104f215],MYROON PRIME,2027,mtb,M (43),M,43,,,,,604,443,"{""Seattube length"": ""430"", ""Toptube length"": ""610"", ""Seat angle"": ""74,5° (72)"", ""Head angle"": ""69,5°"", ""Headtube length"": ""100,0°"", ""Chainstay length"": ""430"", ""Wheelbase"": ""1113"", ""Stack"": ""604"", ""Reach"": ""443"", ""Standover height"": ""775"", ""BB drop"": ""70""}",4299,false,https://www.ktm-bikes.at/bikes/detail/mx1260351108-myroon-prime-l-48-mx1260351108myroon-primeolive-pearl-black-1x12-shimano-deore-xt-di2-2027,https://www.ktm-bikes.at/bikes/detail/mx1260351108-myroon-prime-l-48-mx1260351108myroon-primeolive-pearl-black-1x12-shimano-deore-xt-di2-2027,html,2026-10-05
KTM,MYROON [b104f215],MYROON PRIME,2027,mtb,L (48),L,48,,,,,613,460,"{""Seattube length"": ""480"", ""Toptube length"": ""630"", ""Seat angle"": ""74,5° (72)"", ""Head angle"": ""69,5°"", ""Headtube length"": ""110,0°"", ""Chainstay length"": ""430"", ""Wheelbase"": ""1134"", ""Stack"": ""613"", ""Reach"": ""460"", ""Standover height"": ""803"", ""BB drop"": ""70""}",4299,false,https://www.ktm-bikes.at/bikes/detail/mx1260351108-myroon-prime-l-48-mx1260351108myroon-primeolive-pearl-black-1x12-shimano-deore-xt-di2-2027,https://www.ktm-bikes.at/bikes/detail/mx1260351108-myroon-prime-l-48-mx1260351108myroon-primeolive-pearl-black-1x12-shimano-deore-xt-di2-2027,html,2026-10-05
KTM,MYROON [b104f215],MYROON PRIME,2027,mtb,XL (53),XL,53,,,,,622,477,"{""Seattube length"": ""530"", ""Toptube length"": ""650"", ""Seat angle"": ""74,5° (72)"", ""Head angle"": ""69,5°"", ""Headtube length"": ""120,0°"", ""Chainstay length"": ""430"", ""Wheelbase"": ""1155"", ""Stack"": ""622"", ""Reach"": ""477"", ""Standover height"": ""832"", ""BB drop"": ""70""}",4299,false,https://www.ktm-bikes.at/bikes/detail/mx1260351108-myroon-prime-l-48-mx1260351108myroon-primeolive-pearl-black-1x12-shimano-deore-xt-di2-2027,https://www.ktm-bikes.at/bikes/detail/mx1260351108-myroon-prime-l-48-mx1260351108myroon-primeolive-pearl-black-1x12-shimano-deore-xt-di2-2027,html,2026-10-05
KTM,MYROON [b104f215],MYROON MASTER,2027,mtb,S (38),S,,,,,,594,425,"{""Seattube length"": ""380"", ""Toptube length"": ""590"", ""Seat angle"": ""74,5° (72)"", ""Head angle"": ""69,5°"", ""Headtube length"": ""90,0°"", ""Chainstay length"": ""430"", ""Wheelbase"": ""1092"", ""Stack"": ""594"", ""Reach"": ""425"", ""Standover height"": ""761"", ""BB drop"": ""70""}",3299,false,https://www.ktm-bikes.at/bikes/detail/mx1260352108-myroon-master-l-48-mx1260352108myroon-mastercarbon1x12-shimano-deore-xt-2027,https://www.ktm-bikes.at/bikes/detail/mx1260352108-myroon-master-l-48-mx1260352108myroon-mastercarbon1x12-shimano-deore-xt-2027,html,2026-10-05
KTM,MYROON [b104f215],MYROON MASTER,2027,mtb,M (43),M,43,,,,,604,443,"{""Seattube length"": ""430"", ""Toptube length"": ""610"", ""Seat angle"": ""74,5° (72)"", ""Head angle"": ""69,5°"", ""Headtube length"": ""100,0°"", ""Chainstay length"": ""430"", ""Wheelbase"": ""1113"", ""Stack"": ""604"", ""Reach"": ""443"", ""Standover height"": ""775"", ""BB drop"": ""70""}",3299,false,https://www.ktm-bikes.at/bikes/detail/mx1260352108-myroon-master-l-48-mx1260352108myroon-mastercarbon1x12-shimano-deore-xt-2027,https://www.ktm-bikes.at/bikes/detail/mx1260352108-myroon-master-l-48-mx1260352108myroon-mastercarbon1x12-shimano-deore-xt-2027,html,2026-10-05
KTM,MYROON [b104f215],MYROON MASTER,2027,mtb,L (48),L,48,,,,,613,460,"{""Seattube length"": ""480"", ""Toptube length"": ""630"", ""Seat angle"": ""74,5° (72)"", ""Head angle"": ""69,5°"", ""Headtube length"": ""110,0°"", ""Chainstay length"": ""430"", ""Wheelbase"": ""1134"", ""Stack"": ""613"", ""Reach"": ""460"", ""Standover height"": ""803"", ""BB drop"": ""70""}",3299,false,https://www.ktm-bikes.at/bikes/detail/mx1260352108-myroon-master-l-48-mx1260352108myroon-mastercarbon1x12-shimano-deore-xt-2027,https://www.ktm-bikes.at/bikes/detail/mx1260352108-myroon-master-l-48-mx1260352108myroon-mastercarbon1x12-shimano-deore-xt-2027,html,2026-10-05
KTM,MYROON [b104f215],MYROON MASTER,2027,mtb,XL (53),XL,53,,,,,622,477,"{""Seattube length"": ""530"", ""Toptube length"": ""650"", ""Seat angle"": ""74,5° (72)"", ""Head angle"": ""69,5°"", ""Headtube length"": ""120,0°"", ""Chainstay length"": ""430"", ""Wheelbase"": ""1155"", ""Stack"": ""622"", ""Reach"": ""477"", ""Standover height"": ""832"", ""BB drop"": ""70""}",3299,false,https://www.ktm-bikes.at/bikes/detail/mx1260352108-myroon-master-l-48-mx1260352108myroon-mastercarbon1x12-shimano-deore-xt-2027,https://www.ktm-bikes.at/bikes/detail/mx1260352108-myroon-master-l-48-mx1260352108myroon-mastercarbon1x12-shimano-deore-xt-2027,html,2026-10-05
KTM,MYROON [b104f215],MYROON ELITE,2027,mtb,S (38),S,,,,,,594,425,"{""Seattube length"": ""380"", ""Toptube length"": ""590"", ""Seat angle"": ""74,5° (72)"", ""Head angle"": ""69,5°"", ""Headtube length"": ""90,0°"", ""Chainstay length"": ""430"", ""Wheelbase"": ""1092"", ""Stack"": ""594"", ""Reach"": ""425"", ""Standover height"": ""761"", ""BB drop"": ""70""}",2599,false,https://www.ktm-bikes.at/bikes/detail/mx1260355108-myroon-elite-l-48-mx1260355108-myroon-elite-burnt-orange-1x12-shimano-deore-xt-2027,https://www.ktm-bikes.at/bikes/detail/mx1260355108-myroon-elite-l-48-mx1260355108-myroon-elite-burnt-orange-1x12-shimano-deore-xt-2027,html,2026-10-05
KTM,MYROON [b104f215],MYROON ELITE,2027,mtb,M (43),M,43,,,,,604,443,"{""Seattube length"": ""430"", ""Toptube length"": ""610"", ""Seat angle"": ""74,5° (72)"", ""Head angle"": ""69,5°"", ""Headtube length"": ""100,0°"", ""Chainstay length"": ""430"", ""Wheelbase"": ""1113"", ""Stack"": ""604"", ""Reach"": ""443"", ""Standover height"": ""775"", ""BB drop"": ""70""}",2599,false,https://www.ktm-bikes.at/bikes/detail/mx1260355108-myroon-elite-l-48-mx1260355108-myroon-elite-burnt-orange-1x12-shimano-deore-xt-2027,https://www.ktm-bikes.at/bikes/detail/mx1260355108-myroon-elite-l-48-mx1260355108-myroon-elite-burnt-orange-1x12-shimano-deore-xt-2027,html,2026-10-05
KTM,MYROON [b104f215],MYROON ELITE,2027,mtb,L (48),L,48,,,,,613,460,"{""Seattube length"": ""480"", ""Toptube length"": ""630"", ""Seat angle"": ""74,5° (72)"", ""Head angle"": ""69,5°"", ""Headtube length"": ""110,0°"", ""Chainstay length"": ""430"", ""Wheelbase"": ""1134"", ""Stack"": ""613"", ""Reach"": ""460"", ""Standover height"": ""803"", ""BB drop"": ""70""}",2599,false,https://www.ktm-bikes.at/bikes/detail/mx1260355108-myroon-elite-l-48-mx1260355108-myroon-elite-burnt-orange-1x12-shimano-deore-xt-2027,https://www.ktm-bikes.at/bikes/detail/mx1260355108-myroon-elite-l-48-mx1260355108-myroon-elite-burnt-orange-1x12-shimano-deore-xt-2027,html,2026-10-05
KTM,MYROON [b104f215],MYROON ELITE,2027,mtb,XL (53),XL,53,,,,,622,477,"{""Seattube length"": ""530"", ""Toptube length"": ""650"", ""Seat angle"": ""74,5° (72)"", ""Head angle"": ""69,5°"", ""Headtube length"": ""120,0°"", ""Chainstay length"": ""430"", ""Wheelbase"": ""1155"", ""Stack"": ""622"", ""Reach"": ""477"", ""Standover height"": ""832"", ""BB drop"": ""70""}",2599,false,https://www.ktm-bikes.at/bikes/detail/mx1260355108-myroon-elite-l-48-mx1260355108-myroon-elite-burnt-orange-1x12-shimano-deore-xt-2027,https://www.ktm-bikes.at/bikes/detail/mx1260355108-myroon-elite-l-48-mx1260355108-myroon-elite-burnt-orange-1x12-shimano-deore-xt-2027,html,2026-10-05
KTM,MYROON [b104f215],MYROON PRO,2027,mtb,S (38),S,,,,,,594,425,"{""Seattube length"": ""380"", ""Toptube length"": ""590"", ""Seat angle"": ""74,5° (72)"", ""Head angle"": ""69,5°"", ""Headtube length"": ""90,0°"", ""Chainstay length"": ""430"", ""Wheelbase"": ""1092"", ""Stack"": ""594"", ""Reach"": ""425"", ""Standover height"": ""761"", ""BB drop"": ""70""}",2099,false,https://www.ktm-bikes.at/bikes/detail/mx1260356108-myroon-pro-l-48-mx1260356108-myroon-pro-opal-white-1x12-shimano-deore-2027,https://www.ktm-bikes.at/bikes/detail/mx1260356108-myroon-pro-l-48-mx1260356108-myroon-pro-opal-white-1x12-shimano-deore-2027,html,2026-10-05
KTM,MYROON [b104f215],MYROON PRO,2027,mtb,M (43),M,43,,,,,604,443,"{""Seattube length"": ""430"", ""Toptube length"": ""610"", ""Seat angle"": ""74,5° (72)"", ""Head angle"": ""69,5°"", ""Headtube length"": ""100,0°"", ""Chainstay length"": ""430"", ""Wheelbase"": ""1113"", ""Stack"": ""604"", ""Reach"": ""443"", ""Standover height"": ""775"", ""BB drop"": ""70""}",2099,false,https://www.ktm-bikes.at/bikes/detail/mx1260356108-myroon-pro-l-48-mx1260356108-myroon-pro-opal-white-1x12-shimano-deore-2027,https://www.ktm-bikes.at/bikes/detail/mx1260356108-myroon-pro-l-48-mx1260356108-myroon-pro-opal-white-1x12-shimano-deore-2027,html,2026-10-05
KTM,MYROON [b104f215],MYROON PRO,2027,mtb,L (48),L,48,,,,,613,460,"{""Seattube length"": ""480"", ""Toptube length"": ""630"", ""Seat angle"": ""74,5° (72)"", ""Head angle"": ""69,5°"", ""Headtube length"": ""110,0°"", ""Chainstay length"": ""430"", ""Wheelbase"": ""1134"", ""Stack"": ""613"", ""Reach"": ""460"", ""Standover height"": ""803"", ""BB drop"": ""70""}",2099,false,https://www.ktm-bikes.at/bikes/detail/mx1260356108-myroon-pro-l-48-mx1260356108-myroon-pro-opal-white-1x12-shimano-deore-2027,https://www.ktm-bikes.at/bikes/detail/mx1260356108-myroon-pro-l-48-mx1260356108-myroon-pro-opal-white-1x12-shimano-deore-2027,html,2026-10-05
KTM,MYROON [b104f215],MYROON PRO,2027,mtb,XL (53),XL,53,,,,,622,477,"{""Seattube length"": ""530"", ""Toptube length"": ""650"", ""Seat angle"": ""74,5° (72)"", ""Head angle"": ""69,5°"", ""Headtube length"": ""120,0°"", ""Chainstay length"": ""430"", ""Wheelbase"": ""1155"", ""Stack"": ""622"", ""Reach"": ""477"", ""Standover height"": ""832"", ""BB drop"": ""70""}",2099,false,https://www.ktm-bikes.at/bikes/detail/mx1260356108-myroon-pro-l-48-mx1260356108-myroon-pro-opal-white-1x12-shimano-deore-2027,https://www.ktm-bikes.at/bikes/detail/mx1260356108-myroon-pro-l-48-mx1260356108-myroon-pro-opal-white-1x12-shimano-deore-2027,html,2026-10-05
KTM,SCARP LT [2aeec3ec],SCARP LT 291,2027,mtb,S (38),S,,,,,,611,443,"{""Seattube length"": ""380"", ""Toptube length"": ""590"", ""Seat angle"": ""76,5° (72,1°)"", ""Head angle"": ""65,5°"", ""Headtube length"": ""100"", ""Chainstay length"": ""435"", ""Wheelbase"": ""1189"", ""Stack"": ""611"", ""Reach"": ""443"", ""Standover height"": ""814"", ""BB drop"": ""33""}",4199,false,https://www.ktm-bikes.at/bikes/detail/mx1260320108-scarp-lt-291-l-48-mx1260320108scarp-lt-291burnt-orange1x12-sram-gx-transmission-2027,https://www.ktm-bikes.at/bikes/detail/mx1260320108-scarp-lt-291-l-48-mx1260320108scarp-lt-291burnt-orange1x12-sram-gx-transmission-2027,html,2026-10-05
KTM,SCARP LT [2aeec3ec],SCARP LT 291,2027,mtb,M (43),M,43,,,,,620,461,"{""Seattube length"": ""400"", ""Toptube length"": ""610"", ""Seat angle"": ""76,5° (72,7°)"", ""Head angle"": ""65,5°"", ""Headtube length"": ""110"", ""Chainstay length"": ""435"", ""Wheelbase"": ""1211"", ""Stack"": ""620"", ""Reach"": ""461"", ""Standover height"": ""821"", ""BB drop"": ""33""}",4199,false,https://www.ktm-bikes.at/bikes/detail/mx1260320108-scarp-lt-291-l-48-mx1260320108scarp-lt-291burnt-orange1x12-sram-gx-transmission-2027,https://www.ktm-bikes.at/bikes/detail/mx1260320108-scarp-lt-291-l-48-mx1260320108scarp-lt-291burnt-orange1x12-sram-gx-transmission-2027,html,2026-10-05
KTM,SCARP LT [2aeec3ec],SCARP LT 291,2027,mtb,L (48),L,48,,,,,629,479,"{""Seattube length"": ""450"", ""Toptube length"": ""630"", ""Seat angle"": ""76,5° (73,1°)"", ""Head angle"": ""65,5°"", ""Headtube length"": ""120"", ""Chainstay length"": ""435"", ""Wheelbase"": ""1233"", ""Stack"": ""629"", ""Reach"": ""479"", ""Standover height"": ""826"", ""BB drop"": ""33""}",4199,false,https://www.ktm-bikes.at/bikes/detail/mx1260320108-scarp-lt-291-l-48-mx1260320108scarp-lt-291burnt-orange1x12-sram-gx-transmission-2027,https://www.ktm-bikes.at/bikes/detail/mx1260320108-scarp-lt-291-l-48-mx1260320108scarp-lt-291burnt-orange1x12-sram-gx-transmission-2027,html,2026-10-05
KTM,SCARP LT [2aeec3ec],SCARP LT 291,2027,mtb,XL (53),XL,53,,,,,638,497,"{""Seattube length"": ""480"", ""Toptube length"": ""650"", ""Seat angle"": ""76,5° (73,4°)"", ""Head angle"": ""65,5°"", ""Headtube length"": ""130"", ""Chainstay length"": ""435"", ""Wheelbase"": ""1255"", ""Stack"": ""638"", ""Reach"": ""497"", ""Standover height"": ""830"", ""BB drop"": ""33""}",4199,false,https://www.ktm-bikes.at/bikes/detail/mx1260320108-scarp-lt-291-l-48-mx1260320108scarp-lt-291burnt-orange1x12-sram-gx-transmission-2027,https://www.ktm-bikes.at/bikes/detail/mx1260320108-scarp-lt-291-l-48-mx1260320108scarp-lt-291burnt-orange1x12-sram-gx-transmission-2027,html,2026-10-05
KTM,SCARP LT [2aeec3ec],SCARP LT 292,2027,mtb,S (38),S,,,,,,611,443,"{""Seattube length"": ""380"", ""Toptube length"": ""590"", ""Seat angle"": ""76,5° (72,1°)"", ""Head angle"": ""65,5°"", ""Headtube length"": ""100"", ""Chainstay length"": ""435"", ""Wheelbase"": ""1189"", ""Stack"": ""611"", ""Reach"": ""443"", ""Standover height"": ""814"", ""BB drop"": ""33""}",2599,false,https://www.ktm-bikes.at/bikes/detail/mx1260321108-scarp-lt-292-l-48-mx1260321108scarp-lt-292jungle1x12-shimano-deore-xt-2027,https://www.ktm-bikes.at/bikes/detail/mx1260321108-scarp-lt-292-l-48-mx1260321108scarp-lt-292jungle1x12-shimano-deore-xt-2027,html,2026-10-05
KTM,SCARP LT [2aeec3ec],SCARP LT 292,2027,mtb,M (43),M,43,,,,,620,461,"{""Seattube length"": ""400"", ""Toptube length"": ""610"", ""Seat angle"": ""76,5° (72,7°)"", ""Head angle"": ""65,5°"", ""Headtube length"": ""110"", ""Chainstay length"": ""435"", ""Wheelbase"": ""1211"", ""Stack"": ""620"", ""Reach"": ""461"", ""Standover height"": ""821"", ""BB drop"": ""33""}",2599,false,https://www.ktm-bikes.at/bikes/detail/mx1260321108-scarp-lt-292-l-48-mx1260321108scarp-lt-292jungle1x12-shimano-deore-xt-2027,https://www.ktm-bikes.at/bikes/detail/mx1260321108-scarp-lt-292-l-48-mx1260321108scarp-lt-292jungle1x12-shimano-deore-xt-2027,html,2026-10-05
KTM,SCARP LT [2aeec3ec],SCARP LT 292,2027,mtb,L (48),L,48,,,,,629,479,"{""Seattube length"": ""450"", ""Toptube length"": ""630"", ""Seat angle"": ""76,5° (73,1°)"", ""Head angle"": ""65,5°"", ""Headtube length"": ""120"", ""Chainstay length"": ""435"", ""Wheelbase"": ""1233"", ""Stack"": ""629"", ""Reach"": ""479"", ""Standover height"": ""826"", ""BB drop"": ""33""}",2599,false,https://www.ktm-bikes.at/bikes/detail/mx1260321108-scarp-lt-292-l-48-mx1260321108scarp-lt-292jungle1x12-shimano-deore-xt-2027,https://www.ktm-bikes.at/bikes/detail/mx1260321108-scarp-lt-292-l-48-mx1260321108scarp-lt-292jungle1x12-shimano-deore-xt-2027,html,2026-10-05
KTM,SCARP LT [2aeec3ec],SCARP LT 292,2027,mtb,XL (53),XL,53,,,,,638,497,"{""Seattube length"": ""480"", ""Toptube length"": ""650"", ""Seat angle"": ""76,5° (73,4°)"", ""Head angle"": ""65,5°"", ""Headtube length"": ""130"", ""Chainstay length"": ""435"", ""Wheelbase"": ""1255"", ""Stack"": ""638"", ""Reach"": ""497"", ""Standover height"": ""830"", ""BB drop"": ""33""}",2599,false,https://www.ktm-bikes.at/bikes/detail/mx1260321108-scarp-lt-292-l-48-mx1260321108scarp-lt-292jungle1x12-shimano-deore-xt-2027,https://www.ktm-bikes.at/bikes/detail/mx1260321108-scarp-lt-292-l-48-mx1260321108scarp-lt-292jungle1x12-shimano-deore-xt-2027,html,2026-10-05
KTM,ULTRA 1964 PRO 29 [8a70075f],ULTRA 1964 PRO 29,2027,mtb,M (43),M,43,,,,,614,419,"{""Seattube length"": ""430"", ""Toptube length"": ""595"", ""Seat angle"": ""74,0°"", ""Head angle"": ""69,0°"", ""Headtube length"": ""110"", ""Chainstay length"": ""440"", ""Wheelbase"": ""1109"", ""Stack"": ""614"", ""Reach"": ""419"", ""Standover height"": ""769"", ""BB drop"": ""70""}",1599,false,https://www.ktm-bikes.at/bikes/detail/mx2270410108-ultra-1964-pro-29-l-48-mx2270410108ultra-1964-pro-29black-matt-orange-1x12-shimano-deore-xt-2027,https://www.ktm-bikes.at/bikes/detail/mx2270410108-ultra-1964-pro-29-l-48-mx2270410108ultra-1964-pro-29black-matt-orange-1x12-shimano-deore-xt-2027,html,2026-10-05
KTM,ULTRA 1964 PRO 29 [8a70075f],ULTRA 1964 PRO 29,2027,mtb,L (48),L,48,,,,,629,435,"{""Seattube length"": ""480"", ""Toptube length"": ""615"", ""Seat angle"": ""74,0°"", ""Head angle"": ""69,0°"", ""Headtube length"": ""125"", ""Chainstay length"": ""440"", ""Wheelbase"": ""1131"", ""Stack"": ""629"", ""Reach"": ""435"", ""Standover height"": ""799"", ""BB drop"": ""70""}",1599,false,https://www.ktm-bikes.at/bikes/detail/mx2270410108-ultra-1964-pro-29-l-48-mx2270410108ultra-1964-pro-29black-matt-orange-1x12-shimano-deore-xt-2027,https://www.ktm-bikes.at/bikes/detail/mx2270410108-ultra-1964-pro-29-l-48-mx2270410108ultra-1964-pro-29black-matt-orange-1x12-shimano-deore-xt-2027,html,2026-10-05
KTM,ULTRA 1964 PRO 29 [8a70075f],ULTRA 1964 PRO 29,2027,mtb,XL (53),XL,53,,,,,642,451,"{""Seattube length"": ""530"", ""Toptube length"": ""635"", ""Seat angle"": ""74,0°"", ""Head angle"": ""69,0°"", ""Headtube length"": ""140"", ""Chainstay length"": ""440"", ""Wheelbase"": ""1152"", ""Stack"": ""642"", ""Reach"": ""451"", ""Standover height"": ""831"", ""BB drop"": ""70""}",1599,false,https://www.ktm-bikes.at/bikes/detail/mx2270410108-ultra-1964-pro-29-l-48-mx2270410108ultra-1964-pro-29black-matt-orange-1x12-shimano-deore-xt-2027,https://www.ktm-bikes.at/bikes/detail/mx2270410108-ultra-1964-pro-29-l-48-mx2270410108ultra-1964-pro-29black-matt-orange-1x12-shimano-deore-xt-2027,html,2026-10-05
KTM,ULTRA 1964 PRO 29 [8a70075f],ULTRA 1964 PRO 29,2027,mtb,XXL (57),XXL,57,,,,,661,460,"{""Seattube length"": ""570"", ""Toptube length"": ""650"", ""Seat angle"": ""74,0°"", ""Head angle"": ""69,0°"", ""Headtube length"": ""160"", ""Chainstay length"": ""440"", ""Wheelbase"": ""1169"", ""Stack"": ""661"", ""Reach"": ""460"", ""Standover height"": ""860"", ""BB drop"": ""70""}",1599,false,https://www.ktm-bikes.at/bikes/detail/mx2270410108-ultra-1964-pro-29-l-48-mx2270410108ultra-1964-pro-29black-matt-orange-1x12-shimano-deore-xt-2027,https://www.ktm-bikes.at/bikes/detail/mx2270410108-ultra-1964-pro-29-l-48-mx2270410108ultra-1964-pro-29black-matt-orange-1x12-shimano-deore-xt-2027,html,2026-10-05
KTM,ULTRA [bf1d5cd8],ULTRA 1964 COMP 29,2027,mtb,S (38),S,,,,,,605,401,"{""Seattube length"": ""380"", ""Toptube length"": ""575"", ""Seat angle"": ""74,0°"", ""Head angle"": ""69,0°"", ""Headtube length"": ""100"", ""Chainstay length"": ""440"", ""Wheelbase"": ""1088"", ""Stack"": ""605"", ""Reach"": ""401"", ""Standover height"": ""762"", ""BB drop"": ""70""}",1199,false,https://www.ktm-bikes.at/bikes/detail/mx2270411108-ultra-1964-comp-29-l-48-mx2270411108ultra-1964-comp-29opal-white-black-orange-1x12-shimano-deore-xt-2027,https://www.ktm-bikes.at/bikes/detail/mx2270411108-ultra-1964-comp-29-l-48-mx2270411108ultra-1964-comp-29opal-white-black-orange-1x12-shimano-deore-xt-2027,html,2026-10-05
KTM,ULTRA [bf1d5cd8],ULTRA 1964 COMP 29,2027,mtb,M (43),M,43,,,,,614,419,"{""Seattube length"": ""430"", ""Toptube length"": ""595"", ""Seat angle"": ""74,0°"", ""Head angle"": ""69,0°"", ""Headtube length"": ""110"", ""Chainstay length"": ""440"", ""Wheelbase"": ""1109"", ""Stack"": ""614"", ""Reach"": ""419"", ""Standover height"": ""769"", ""BB drop"": ""70""}",1199,false,https://www.ktm-bikes.at/bikes/detail/mx2270411108-ultra-1964-comp-29-l-48-mx2270411108ultra-1964-comp-29opal-white-black-orange-1x12-shimano-deore-xt-2027,https://www.ktm-bikes.at/bikes/detail/mx2270411108-ultra-1964-comp-29-l-48-mx2270411108ultra-1964-comp-29opal-white-black-orange-1x12-shimano-deore-xt-2027,html,2026-10-05
KTM,ULTRA [bf1d5cd8],ULTRA 1964 COMP 29,2027,mtb,L (48),L,48,,,,,629,435,"{""Seattube length"": ""480"", ""Toptube length"": ""615"", ""Seat angle"": ""74,0°"", ""Head angle"": ""69,0°"", ""Headtube length"": ""125"", ""Chainstay length"": ""440"", ""Wheelbase"": ""1131"", ""Stack"": ""629"", ""Reach"": ""435"", ""Standover height"": ""799"", ""BB drop"": ""70""}",1199,false,https://www.ktm-bikes.at/bikes/detail/mx2270411108-ultra-1964-comp-29-l-48-mx2270411108ultra-1964-comp-29opal-white-black-orange-1x12-shimano-deore-xt-2027,https://www.ktm-bikes.at/bikes/detail/mx2270411108-ultra-1964-comp-29-l-48-mx2270411108ultra-1964-comp-29opal-white-black-orange-1x12-shimano-deore-xt-2027,html,2026-10-05
KTM,ULTRA [bf1d5cd8],ULTRA 1964 COMP 29,2027,mtb,XL (53),XL,53,,,,,642,451,"{""Seattube length"": ""530"", ""Toptube length"": ""635"", ""Seat angle"": ""74,0°"", ""Head angle"": ""69,0°"", ""Headtube length"": ""140"", ""Chainstay length"": ""440"", ""Wheelbase"": ""1152"", ""Stack"": ""642"", ""Reach"": ""451"", ""Standover height"": ""831"", ""BB drop"": ""70""}",1199,false,https://www.ktm-bikes.at/bikes/detail/mx2270411108-ultra-1964-comp-29-l-48-mx2270411108ultra-1964-comp-29opal-white-black-orange-1x12-shimano-deore-xt-2027,https://www.ktm-bikes.at/bikes/detail/mx2270411108-ultra-1964-comp-29-l-48-mx2270411108ultra-1964-comp-29opal-white-black-orange-1x12-shimano-deore-xt-2027,html,2026-10-05
KTM,ULTRA [bf1d5cd8],ULTRA 1964 COMP 29,2027,mtb,XXL (57),XXL,57,,,,,661,460,"{""Seattube length"": ""570"", ""Toptube length"": ""650"", ""Seat angle"": ""74,0°"", ""Head angle"": ""69,0°"", ""Headtube length"": ""160"", ""Chainstay length"": ""440"", ""Wheelbase"": ""1169"", ""Stack"": ""661"", ""Reach"": ""460"", ""Standover height"": ""860"", ""BB drop"": ""70""}",1199,false,https://www.ktm-bikes.at/bikes/detail/mx2270411108-ultra-1964-comp-29-l-48-mx2270411108ultra-1964-comp-29opal-white-black-orange-1x12-shimano-deore-xt-2027,https://www.ktm-bikes.at/bikes/detail/mx2270411108-ultra-1964-comp-29-l-48-mx2270411108ultra-1964-comp-29opal-white-black-orange-1x12-shimano-deore-xt-2027,html,2026-10-05
KTM,ULTRA [bf1d5cd8],ULTRA RIDE 29,2027,mtb,S (38),S,,,,,,605,401,"{""Seattube length"": ""380"", ""Toptube length"": ""575"", ""Seat angle"": ""74,0°"", ""Head angle"": ""69,0°"", ""Headtube length"": ""100"", ""Chainstay length"": ""440"", ""Wheelbase"": ""1088"", ""Stack"": ""605"", ""Reach"": ""401"", ""Standover height"": ""762"", ""BB drop"": ""70""}",899,false,https://www.ktm-bikes.at/bikes/detail/mx2270415108-ultra-ride-29-l-48-mx2270415108ultra-ride-29dark-sea-matt1x12-shimano-deore-2027,https://www.ktm-bikes.at/bikes/detail/mx2270415108-ultra-ride-29-l-48-mx2270415108ultra-ride-29dark-sea-matt1x12-shimano-deore-2027,html,2026-10-05
KTM,ULTRA [bf1d5cd8],ULTRA RIDE 29,2027,mtb,M (43),M,43,,,,,614,419,"{""Seattube length"": ""430"", ""Toptube length"": ""595"", ""Seat angle"": ""74,0°"", ""Head angle"": ""69,0°"", ""Headtube length"": ""110"", ""Chainstay length"": ""440"", ""Wheelbase"": ""1109"", ""Stack"": ""614"", ""Reach"": ""419"", ""Standover height"": ""769"", ""BB drop"": ""70""}",899,false,https://www.ktm-bikes.at/bikes/detail/mx2270415108-ultra-ride-29-l-48-mx2270415108ultra-ride-29dark-sea-matt1x12-shimano-deore-2027,https://www.ktm-bikes.at/bikes/detail/mx2270415108-ultra-ride-29-l-48-mx2270415108ultra-ride-29dark-sea-matt1x12-shimano-deore-2027,html,2026-10-05
KTM,ULTRA [bf1d5cd8],ULTRA RIDE 29,2027,mtb,L (48),L,48,,,,,629,435,"{""Seattube length"": ""480"", ""Toptube length"": ""615"", ""Seat angle"": ""74,0°"", ""Head angle"": ""69,0°"", ""Headtube length"": ""125"", ""Chainstay length"": ""440"", ""Wheelbase"": ""1131"", ""Stack"": ""629"", ""Reach"": ""435"", ""Standover height"": ""799"", ""BB drop"": ""70""}",899,false,https://www.ktm-bikes.at/bikes/detail/mx2270415108-ultra-ride-29-l-48-mx2270415108ultra-ride-29dark-sea-matt1x12-shimano-deore-2027,https://www.ktm-bikes.at/bikes/detail/mx2270415108-ultra-ride-29-l-48-mx2270415108ultra-ride-29dark-sea-matt1x12-shimano-deore-2027,html,2026-10-05
KTM,ULTRA [bf1d5cd8],ULTRA RIDE 29,2027,mtb,XL (53),XL,53,,,,,642,451,"{""Seattube length"": ""530"", ""Toptube length"": ""635"", ""Seat angle"": ""74,0°"", ""Head angle"": ""69,0°"", ""Headtube length"": ""140"", ""Chainstay length"": ""440"", ""Wheelbase"": ""1152"", ""Stack"": ""642"", ""Reach"": ""451"", ""Standover height"": ""831"", ""BB drop"": ""70""}",899,false,https://www.ktm-bikes.at/bikes/detail/mx2270415108-ultra-ride-29-l-48-mx2270415108ultra-ride-29dark-sea-matt1x12-shimano-deore-2027,https://www.ktm-bikes.at/bikes/detail/mx2270415108-ultra-ride-29-l-48-mx2270415108ultra-ride-29dark-sea-matt1x12-shimano-deore-2027,html,2026-10-05
KTM,ULTRA [bf1d5cd8],ULTRA RIDE 29,2027,mtb,XXL (57),XXL,57,,,,,661,460,"{""Seattube length"": ""570"", ""Toptube length"": ""650"", ""Seat angle"": ""74,0°"", ""Head angle"": ""69,0°"", ""Headtube length"": ""160"", ""Chainstay length"": ""440"", ""Wheelbase"": ""1169"", ""Stack"": ""661"", ""Reach"": ""460"", ""Standover height"": ""860"", ""BB drop"": ""70""}",899,false,https://www.ktm-bikes.at/bikes/detail/mx2270415108-ultra-ride-29-l-48-mx2270415108ultra-ride-29dark-sea-matt1x12-shimano-deore-2027,https://www.ktm-bikes.at/bikes/detail/mx2270415108-ultra-ride-29-l-48-mx2270415108ultra-ride-29dark-sea-matt1x12-shimano-deore-2027,html,2026-10-05
KTM,PENNY LANE [f323b04f],PENNY LANE STREET 291,2027,mtb,XS (32),XS,,,,,,545,404,"{""Seattube length"": ""320"", ""Toptube length"": ""560"", ""Seat angle"": ""74,0°"", ""Head angle"": ""68,5°"", ""Headtube length"": ""100"", ""Chainstay length"": ""435"", ""Wheelbase"": ""1081"", ""Stack"": ""545"", ""Reach"": ""404"", ""Standover height"": ""710"", ""BB drop"": ""45""}",799,false,https://www.ktm-bikes.at/bikes/detail/mx2270429103-penny-lane-street-291-m-43-mx2270429103penny-lane-street-291peri-matt-black-2x9-shimano-cues-2027,https://www.ktm-bikes.at/bikes/detail/mx2270429103-penny-lane-street-291-m-43-mx2270429103penny-lane-street-291peri-matt-black-2x9-shimano-cues-2027,html,2026-10-05
KTM,PENNY LANE [f323b04f],PENNY LANE STREET 291,2027,mtb,S (38),S,,,,,,555,416,"{""Seattube length"": ""380"", ""Toptube length"": ""575"", ""Seat angle"": ""74,0°"", ""Head angle"": ""68,5°"", ""Headtube length"": ""110"", ""Chainstay length"": ""435"", ""Wheelbase"": ""1097"", ""Stack"": ""555"", ""Reach"": ""416"", ""Standover height"": ""717"", ""BB drop"": ""45""}",799,false,https://www.ktm-bikes.at/bikes/detail/mx2270429103-penny-lane-street-291-m-43-mx2270429103penny-lane-street-291peri-matt-black-2x9-shimano-cues-2027,https://www.ktm-bikes.at/bikes/detail/mx2270429103-penny-lane-street-291-m-43-mx2270429103penny-lane-street-291peri-matt-black-2x9-shimano-cues-2027,html,2026-10-05
KTM,PENNY LANE [f323b04f],PENNY LANE STREET 291,2027,mtb,M (43),M,43,,,,,614,419,"{""Seattube length"": ""430"", ""Toptube length"": ""595"", ""Seat angle"": ""74,0°"", ""Head angle"": ""69,0°"", ""Headtube length"": ""110"", ""Chainstay length"": ""440"", ""Wheelbase"": ""1109"", ""Stack"": ""614"", ""Reach"": ""419"", ""Standover height"": ""769"", ""BB drop"": ""70""}",799,false,https://www.ktm-bikes.at/bikes/detail/mx2270429103-penny-lane-street-291-m-43-mx2270429103penny-lane-street-291peri-matt-black-2x9-shimano-cues-2027,https://www.ktm-bikes.at/bikes/detail/mx2270429103-penny-lane-street-291-m-43-mx2270429103penny-lane-street-291peri-matt-black-2x9-shimano-cues-2027,html,2026-10-05
KTM,PENNY LANE [f323b04f],PENNY LANE STREET 291,2027,mtb,L (48),L,48,,,,,629,435,"{""Seattube length"": ""480"", ""Toptube length"": ""615"", ""Seat angle"": ""74,0°"", ""Head angle"": ""69,0°"", ""Headtube length"": ""125"", ""Chainstay length"": ""440"", ""Wheelbase"": ""1131"", ""Stack"": ""629"", ""Reach"": ""435"", ""Standover height"": ""799"", ""BB drop"": ""70""}",799,false,https://www.ktm-bikes.at/bikes/detail/mx2270429103-penny-lane-street-291-m-43-mx2270429103penny-lane-street-291peri-matt-black-2x9-shimano-cues-2027,https://www.ktm-bikes.at/bikes/detail/mx2270429103-penny-lane-street-291-m-43-mx2270429103penny-lane-street-291peri-matt-black-2x9-shimano-cues-2027,html,2026-10-05
KTM,PENNY LANE [f323b04f],PENNY LANE STREET 291,2027,mtb,XL (53),XL,53,,,,,642,451,"{""Seattube length"": ""530"", ""Toptube length"": ""635"", ""Seat angle"": ""74,0°"", ""Head angle"": ""69,0°"", ""Headtube length"": ""140"", ""Chainstay length"": ""440"", ""Wheelbase"": ""1152"", ""Stack"": ""642"", ""Reach"": ""451"", ""Standover height"": ""831"", ""BB drop"": ""70""}",799,false,https://www.ktm-bikes.at/bikes/detail/mx2270429103-penny-lane-street-291-m-43-mx2270429103penny-lane-street-291peri-matt-black-2x9-shimano-cues-2027,https://www.ktm-bikes.at/bikes/detail/mx2270429103-penny-lane-street-291-m-43-mx2270429103penny-lane-street-291peri-matt-black-2x9-shimano-cues-2027,html,2026-10-05
KTM,PENNY LANE [f323b04f],PENNY LANE 292,2027,mtb,XS (32),XS,,,,,,545,404,"{""Seattube length"": ""320"", ""Toptube length"": ""560"", ""Seat angle"": ""74,0°"", ""Head angle"": ""68,5°"", ""Headtube length"": ""100"", ""Chainstay length"": ""435"", ""Wheelbase"": ""1081"", ""Stack"": ""545"", ""Reach"": ""404"", ""Standover height"": ""710"", ""BB drop"": ""45""}",599,false,https://www.ktm-bikes.at/bikes/detail/mx2270430103-penny-lane-292-m-43-mx2270430103penny-lane-292lavender-matt-white-coral-2x8-shimano-acera-2027,https://www.ktm-bikes.at/bikes/detail/mx2270430103-penny-lane-292-m-43-mx2270430103penny-lane-292lavender-matt-white-coral-2x8-shimano-acera-2027,html,2026-10-05
KTM,PENNY LANE [f323b04f],PENNY LANE 292,2027,mtb,S (38),S,,,,,,555,416,"{""Seattube length"": ""380"", ""Toptube length"": ""575"", ""Seat angle"": ""74,0°"", ""Head angle"": ""68,5°"", ""Headtube length"": ""110"", ""Chainstay length"": ""435"", ""Wheelbase"": ""1097"", ""Stack"": ""555"", ""Reach"": ""416"", ""Standover height"": ""717"", ""BB drop"": ""45""}",599,false,https://www.ktm-bikes.at/bikes/detail/mx2270430103-penny-lane-292-m-43-mx2270430103penny-lane-292lavender-matt-white-coral-2x8-shimano-acera-2027,https://www.ktm-bikes.at/bikes/detail/mx2270430103-penny-lane-292-m-43-mx2270430103penny-lane-292lavender-matt-white-coral-2x8-shimano-acera-2027,html,2026-10-05
KTM,PENNY LANE [f323b04f],PENNY LANE 292,2027,mtb,M (43),M,43,,,,,614,419,"{""Seattube length"": ""430"", ""Toptube length"": ""595"", ""Seat angle"": ""74,0°"", ""Head angle"": ""69,0°"", ""Headtube length"": ""110"", ""Chainstay length"": ""440"", ""Wheelbase"": ""1109"", ""Stack"": ""614"", ""Reach"": ""419"", ""Standover height"": ""769"", ""BB drop"": ""70""}",599,false,https://www.ktm-bikes.at/bikes/detail/mx2270430103-penny-lane-292-m-43-mx2270430103penny-lane-292lavender-matt-white-coral-2x8-shimano-acera-2027,https://www.ktm-bikes.at/bikes/detail/mx2270430103-penny-lane-292-m-43-mx2270430103penny-lane-292lavender-matt-white-coral-2x8-shimano-acera-2027,html,2026-10-05
KTM,PENNY LANE [f323b04f],PENNY LANE 292,2027,mtb,L (48),L,48,,,,,629,435,"{""Seattube length"": ""480"", ""Toptube length"": ""615"", ""Seat angle"": ""74,0°"", ""Head angle"": ""69,0°"", ""Headtube length"": ""125"", ""Chainstay length"": ""440"", ""Wheelbase"": ""1131"", ""Stack"": ""629"", ""Reach"": ""435"", ""Standover height"": ""799"", ""BB drop"": ""70""}",599,false,https://www.ktm-bikes.at/bikes/detail/mx2270430103-penny-lane-292-m-43-mx2270430103penny-lane-292lavender-matt-white-coral-2x8-shimano-acera-2027,https://www.ktm-bikes.at/bikes/detail/mx2270430103-penny-lane-292-m-43-mx2270430103penny-lane-292lavender-matt-white-coral-2x8-shimano-acera-2027,html,2026-10-05
KTM,PENNY LANE [f323b04f],PENNY LANE 292,2027,mtb,XL (53),XL,53,,,,,642,451,"{""Seattube length"": ""530"", ""Toptube length"": ""635"", ""Seat angle"": ""74,0°"", ""Head angle"": ""69,0°"", ""Headtube length"": ""140"", ""Chainstay length"": ""440"", ""Wheelbase"": ""1152"", ""Stack"": ""642"", ""Reach"": ""451"", ""Standover height"": ""831"", ""BB drop"": ""70""}",599,false,https://www.ktm-bikes.at/bikes/detail/mx2270430103-penny-lane-292-m-43-mx2270430103penny-lane-292lavender-matt-white-coral-2x8-shimano-acera-2027,https://www.ktm-bikes.at/bikes/detail/mx2270430103-penny-lane-292-m-43-mx2270430103penny-lane-292lavender-matt-white-coral-2x8-shimano-acera-2027,html,2026-10-05
KTM,CHICAGO 291 [6f0d608c],CHICAGO STREET 291,2027,mtb,XS (32),XS,,,,,,545,404,"{""Seattube length"": ""320"", ""Toptube length"": ""560"", ""Seat angle"": ""74,0°"", ""Head angle"": ""68,5°"", ""Headtube length"": ""100"", ""Chainstay length"": ""435"", ""Wheelbase"": ""1081"", ""Stack"": ""545"", ""Reach"": ""404"", ""Standover height"": ""710"", ""BB drop"": ""45""}",799,false,https://www.ktm-bikes.at/bikes/detail/mx2270426108-chicago-street-291-l-48-mx2270426108chicago-street-291vivid-blue-black-2x9-shimano-cues-2027,https://www.ktm-bikes.at/bikes/detail/mx2270426108-chicago-street-291-l-48-mx2270426108chicago-street-291vivid-blue-black-2x9-shimano-cues-2027,html,2026-10-05
KTM,CHICAGO 291 [6f0d608c],CHICAGO STREET 291,2027,mtb,S (38),S,,,,,,555,416,"{""Seattube length"": ""380"", ""Toptube length"": ""575"", ""Seat angle"": ""74,0°"", ""Head angle"": ""68,5°"", ""Headtube length"": ""110"", ""Chainstay length"": ""435"", ""Wheelbase"": ""1097"", ""Stack"": ""555"", ""Reach"": ""416"", ""Standover height"": ""717"", ""BB drop"": ""45""}",799,false,https://www.ktm-bikes.at/bikes/detail/mx2270426108-chicago-street-291-l-48-mx2270426108chicago-street-291vivid-blue-black-2x9-shimano-cues-2027,https://www.ktm-bikes.at/bikes/detail/mx2270426108-chicago-street-291-l-48-mx2270426108chicago-street-291vivid-blue-black-2x9-shimano-cues-2027,html,2026-10-05
KTM,CHICAGO 291 [6f0d608c],CHICAGO STREET 291,2027,mtb,M (43),M,43,,,,,614,419,"{""Seattube length"": ""430"", ""Toptube length"": ""595"", ""Seat angle"": ""74,0°"", ""Head angle"": ""69,0°"", ""Headtube length"": ""110"", ""Chainstay length"": ""440"", ""Wheelbase"": ""1109"", ""Stack"": ""614"", ""Reach"": ""419"", ""Standover height"": ""769"", ""BB drop"": ""70""}",799,false,https://www.ktm-bikes.at/bikes/detail/mx2270426108-chicago-street-291-l-48-mx2270426108chicago-street-291vivid-blue-black-2x9-shimano-cues-2027,https://www.ktm-bikes.at/bikes/detail/mx2270426108-chicago-street-291-l-48-mx2270426108chicago-street-291vivid-blue-black-2x9-shimano-cues-2027,html,2026-10-05
KTM,CHICAGO 291 [6f0d608c],CHICAGO STREET 291,2027,mtb,L (48),L,48,,,,,629,435,"{""Seattube length"": ""480"", ""Toptube length"": ""615"", ""Seat angle"": ""74,0°"", ""Head angle"": ""69,0°"", ""Headtube length"": ""125"", ""Chainstay length"": ""440"", ""Wheelbase"": ""1131"", ""Stack"": ""629"", ""Reach"": ""435"", ""Standover height"": ""799"", ""BB drop"": ""70""}",799,false,https://www.ktm-bikes.at/bikes/detail/mx2270426108-chicago-street-291-l-48-mx2270426108chicago-street-291vivid-blue-black-2x9-shimano-cues-2027,https://www.ktm-bikes.at/bikes/detail/mx2270426108-chicago-street-291-l-48-mx2270426108chicago-street-291vivid-blue-black-2x9-shimano-cues-2027,html,2026-10-05
KTM,CHICAGO 291 [6f0d608c],CHICAGO STREET 291,2027,mtb,XL (53),XL,53,,,,,642,451,"{""Seattube length"": ""530"", ""Toptube length"": ""635"", ""Seat angle"": ""74,0°"", ""Head angle"": ""69,0°"", ""Headtube length"": ""140"", ""Chainstay length"": ""440"", ""Wheelbase"": ""1152"", ""Stack"": ""642"", ""Reach"": ""451"", ""Standover height"": ""831"", ""BB drop"": ""70""}",799,false,https://www.ktm-bikes.at/bikes/detail/mx2270426108-chicago-street-291-l-48-mx2270426108chicago-street-291vivid-blue-black-2x9-shimano-cues-2027,https://www.ktm-bikes.at/bikes/detail/mx2270426108-chicago-street-291-l-48-mx2270426108chicago-street-291vivid-blue-black-2x9-shimano-cues-2027,html,2026-10-05
KTM,CHICAGO 291 [6f0d608c],CHICAGO STREET 291,2027,mtb,XXL (57),XXL,57,,,,,661,460,"{""Seattube length"": ""570"", ""Toptube length"": ""650"", ""Seat angle"": ""74,0°"", ""Head angle"": ""69,0°"", ""Headtube length"": ""160"", ""Chainstay length"": ""440"", ""Wheelbase"": ""1169"", ""Stack"": ""661"", ""Reach"": ""460"", ""Standover height"": ""860"", ""BB drop"": ""70""}",799,false,https://www.ktm-bikes.at/bikes/detail/mx2270426108-chicago-street-291-l-48-mx2270426108chicago-street-291vivid-blue-black-2x9-shimano-cues-2027,https://www.ktm-bikes.at/bikes/detail/mx2270426108-chicago-street-291-l-48-mx2270426108chicago-street-291vivid-blue-black-2x9-shimano-cues-2027,html,2026-10-05
KTM,CHICAGO 291 [6f0d608c],PENNY LANE 291,2027,mtb,XS (32),XS,,,,,,545,404,"{""Seattube length"": ""320"", ""Toptube length"": ""560"", ""Seat angle"": ""74,0°"", ""Head angle"": ""68,5°"", ""Headtube length"": ""100"", ""Chainstay length"": ""435"", ""Wheelbase"": ""1081"", ""Stack"": ""545"", ""Reach"": ""404"", ""Standover height"": ""710"", ""BB drop"": ""45""}",699,false,https://www.ktm-bikes.at/bikes/detail/mx2270428103-penny-lane-291-m-43-mx2270428103penny-lane-291peri-matt-black-1x10-shimano-cues-2027,https://www.ktm-bikes.at/bikes/detail/mx2270428103-penny-lane-291-m-43-mx2270428103penny-lane-291peri-matt-black-1x10-shimano-cues-2027,html,2026-10-05
KTM,CHICAGO 291 [6f0d608c],PENNY LANE 291,2027,mtb,S (38),S,,,,,,555,416,"{""Seattube length"": ""380"", ""Toptube length"": ""575"", ""Seat angle"": ""74,0°"", ""Head angle"": ""68,5°"", ""Headtube length"": ""110"", ""Chainstay length"": ""435"", ""Wheelbase"": ""1097"", ""Stack"": ""555"", ""Reach"": ""416"", ""Standover height"": ""717"", ""BB drop"": ""45""}",699,false,https://www.ktm-bikes.at/bikes/detail/mx2270428103-penny-lane-291-m-43-mx2270428103penny-lane-291peri-matt-black-1x10-shimano-cues-2027,https://www.ktm-bikes.at/bikes/detail/mx2270428103-penny-lane-291-m-43-mx2270428103penny-lane-291peri-matt-black-1x10-shimano-cues-2027,html,2026-10-05
KTM,CHICAGO 291 [6f0d608c],PENNY LANE 291,2027,mtb,M (43),M,43,,,,,614,419,"{""Seattube length"": ""430"", ""Toptube length"": ""595"", ""Seat angle"": ""74,0°"", ""Head angle"": ""69,0°"", ""Headtube length"": ""110"", ""Chainstay length"": ""440"", ""Wheelbase"": ""1109"", ""Stack"": ""614"", ""Reach"": ""419"", ""Standover height"": ""769"", ""BB drop"": ""70""}",699,false,https://www.ktm-bikes.at/bikes/detail/mx2270428103-penny-lane-291-m-43-mx2270428103penny-lane-291peri-matt-black-1x10-shimano-cues-2027,https://www.ktm-bikes.at/bikes/detail/mx2270428103-penny-lane-291-m-43-mx2270428103penny-lane-291peri-matt-black-1x10-shimano-cues-2027,html,2026-10-05
KTM,CHICAGO 291 [6f0d608c],PENNY LANE 291,2027,mtb,L (48),L,48,,,,,629,435,"{""Seattube length"": ""480"", ""Toptube length"": ""615"", ""Seat angle"": ""74,0°"", ""Head angle"": ""69,0°"", ""Headtube length"": ""125"", ""Chainstay length"": ""440"", ""Wheelbase"": ""1131"", ""Stack"": ""629"", ""Reach"": ""435"", ""Standover height"": ""799"", ""BB drop"": ""70""}",699,false,https://www.ktm-bikes.at/bikes/detail/mx2270428103-penny-lane-291-m-43-mx2270428103penny-lane-291peri-matt-black-1x10-shimano-cues-2027,https://www.ktm-bikes.at/bikes/detail/mx2270428103-penny-lane-291-m-43-mx2270428103penny-lane-291peri-matt-black-1x10-shimano-cues-2027,html,2026-10-05
KTM,CHICAGO 291 [6f0d608c],PENNY LANE 291,2027,mtb,XL (53),XL,53,,,,,642,451,"{""Seattube length"": ""530"", ""Toptube length"": ""635"", ""Seat angle"": ""74,0°"", ""Head angle"": ""69,0°"", ""Headtube length"": ""140"", ""Chainstay length"": ""440"", ""Wheelbase"": ""1152"", ""Stack"": ""642"", ""Reach"": ""451"", ""Standover height"": ""831"", ""BB drop"": ""70""}",699,false,https://www.ktm-bikes.at/bikes/detail/mx2270428103-penny-lane-291-m-43-mx2270428103penny-lane-291peri-matt-black-1x10-shimano-cues-2027,https://www.ktm-bikes.at/bikes/detail/mx2270428103-penny-lane-291-m-43-mx2270428103penny-lane-291peri-matt-black-1x10-shimano-cues-2027,html,2026-10-05
KTM,CHICAGO 291 [6f0d608c],PENNY LANE 291,2027,mtb,XXL (57),XXL,57,,,,,661,460,"{""Seattube length"": ""570"", ""Toptube length"": ""650"", ""Seat angle"": ""74,0°"", ""Head angle"": ""69,0°"", ""Headtube length"": ""160"", ""Chainstay length"": ""440"", ""Wheelbase"": ""1169"", ""Stack"": ""661"", ""Reach"": ""460"", ""Standover height"": ""860"", ""BB drop"": ""70""}",699,false,https://www.ktm-bikes.at/bikes/detail/mx2270428103-penny-lane-291-m-43-mx2270428103penny-lane-291peri-matt-black-1x10-shimano-cues-2027,https://www.ktm-bikes.at/bikes/detail/mx2270428103-penny-lane-291-m-43-mx2270428103penny-lane-291peri-matt-black-1x10-shimano-cues-2027,html,2026-10-05
KTM,CHICAGO 291 [6f0d608c],CHICAGO 291,2027,mtb,XS (32),XS,,,,,,545,404,"{""Seattube length"": ""320"", ""Toptube length"": ""560"", ""Seat angle"": ""74,0°"", ""Head angle"": ""68,5°"", ""Headtube length"": ""100"", ""Chainstay length"": ""435"", ""Wheelbase"": ""1081"", ""Stack"": ""545"", ""Reach"": ""404"", ""Standover height"": ""710"", ""BB drop"": ""45""}",699,false,https://www.ktm-bikes.at/bikes/detail/mx2270425108-chicago-291-l-48-mx2270425108chicago-291metallic-black-matt1x10-shimano-cues-2027,https://www.ktm-bikes.at/bikes/detail/mx2270425108-chicago-291-l-48-mx2270425108chicago-291metallic-black-matt1x10-shimano-cues-2027,html,2026-10-05
KTM,CHICAGO 291 [6f0d608c],CHICAGO 291,2027,mtb,S (38),S,,,,,,555,416,"{""Seattube length"": ""380"", ""Toptube length"": ""575"", ""Seat angle"": ""74,0°"", ""Head angle"": ""68,5°"", ""Headtube length"": ""110"", ""Chainstay length"": ""435"", ""Wheelbase"": ""1097"", ""Stack"": ""555"", ""Reach"": ""416"", ""Standover height"": ""717"", ""BB drop"": ""45""}",699,false,https://www.ktm-bikes.at/bikes/detail/mx2270425108-chicago-291-l-48-mx2270425108chicago-291metallic-black-matt1x10-shimano-cues-2027,https://www.ktm-bikes.at/bikes/detail/mx2270425108-chicago-291-l-48-mx2270425108chicago-291metallic-black-matt1x10-shimano-cues-2027,html,2026-10-05
KTM,CHICAGO 291 [6f0d608c],CHICAGO 291,2027,mtb,M (43),M,43,,,,,614,419,"{""Seattube length"": ""430"", ""Toptube length"": ""595"", ""Seat angle"": ""74,0°"", ""Head angle"": ""69,0°"", ""Headtube length"": ""110"", ""Chainstay length"": ""440"", ""Wheelbase"": ""1109"", ""Stack"": ""614"", ""Reach"": ""419"", ""Standover height"": ""769"", ""BB drop"": ""70""}",699,false,https://www.ktm-bikes.at/bikes/detail/mx2270425108-chicago-291-l-48-mx2270425108chicago-291metallic-black-matt1x10-shimano-cues-2027,https://www.ktm-bikes.at/bikes/detail/mx2270425108-chicago-291-l-48-mx2270425108chicago-291metallic-black-matt1x10-shimano-cues-2027,html,2026-10-05
KTM,CHICAGO 291 [6f0d608c],CHICAGO 291,2027,mtb,L (48),L,48,,,,,629,435,"{""Seattube length"": ""480"", ""Toptube length"": ""615"", ""Seat angle"": ""74,0°"", ""Head angle"": ""69,0°"", ""Headtube length"": ""125"", ""Chainstay length"": ""440"", ""Wheelbase"": ""1131"", ""Stack"": ""629"", ""Reach"": ""435"", ""Standover height"": ""799"", ""BB drop"": ""70""}",699,false,https://www.ktm-bikes.at/bikes/detail/mx2270425108-chicago-291-l-48-mx2270425108chicago-291metallic-black-matt1x10-shimano-cues-2027,https://www.ktm-bikes.at/bikes/detail/mx2270425108-chicago-291-l-48-mx2270425108chicago-291metallic-black-matt1x10-shimano-cues-2027,html,2026-10-05
KTM,CHICAGO 291 [6f0d608c],CHICAGO 291,2027,mtb,XL (53),XL,53,,,,,642,451,"{""Seattube length"": ""530"", ""Toptube length"": ""635"", ""Seat angle"": ""74,0°"", ""Head angle"": ""69,0°"", ""Headtube length"": ""140"", ""Chainstay length"": ""440"", ""Wheelbase"": ""1152"", ""Stack"": ""642"", ""Reach"": ""451"", ""Standover height"": ""831"", ""BB drop"": ""70""}",699,false,https://www.ktm-bikes.at/bikes/detail/mx2270425108-chicago-291-l-48-mx2270425108chicago-291metallic-black-matt1x10-shimano-cues-2027,https://www.ktm-bikes.at/bikes/detail/mx2270425108-chicago-291-l-48-mx2270425108chicago-291metallic-black-matt1x10-shimano-cues-2027,html,2026-10-05
KTM,CHICAGO 291 [6f0d608c],CHICAGO 291,2027,mtb,XXL (57),XXL,57,,,,,661,460,"{""Seattube length"": ""570"", ""Toptube length"": ""650"", ""Seat angle"": ""74,0°"", ""Head angle"": ""69,0°"", ""Headtube length"": ""160"", ""Chainstay length"": ""440"", ""Wheelbase"": ""1169"", ""Stack"": ""661"", ""Reach"": ""460"", ""Standover height"": ""860"", ""BB drop"": ""70""}",699,false,https://www.ktm-bikes.at/bikes/detail/mx2270425108-chicago-291-l-48-mx2270425108chicago-291metallic-black-matt1x10-shimano-cues-2027,https://www.ktm-bikes.at/bikes/detail/mx2270425108-chicago-291-l-48-mx2270425108chicago-291metallic-black-matt1x10-shimano-cues-2027,html,2026-10-05
KTM,CHICAGO 291 [6f0d608c],CHICAGO 292,2027,mtb,XS (32),XS,,,,,,545,404,"{""Seattube length"": ""320"", ""Toptube length"": ""560"", ""Seat angle"": ""74,0°"", ""Head angle"": ""68,5°"", ""Headtube length"": ""100"", ""Chainstay length"": ""435"", ""Wheelbase"": ""1081"", ""Stack"": ""545"", ""Reach"": ""404"", ""Standover height"": ""710"", ""BB drop"": ""45""}",599,false,https://www.ktm-bikes.at/bikes/detail/mx2270427138-chicago-292-l-48-mx2270427138chicago-292goblin-green-black-lemon-2x8-shimano-acera-2027,https://www.ktm-bikes.at/bikes/detail/mx2270427138-chicago-292-l-48-mx2270427138chicago-292goblin-green-black-lemon-2x8-shimano-acera-2027,html,2026-10-05
KTM,CHICAGO 291 [6f0d608c],CHICAGO 292,2027,mtb,S (38),S,,,,,,555,416,"{""Seattube length"": ""380"", ""Toptube length"": ""575"", ""Seat angle"": ""74,0°"", ""Head angle"": ""68,5°"", ""Headtube length"": ""110"", ""Chainstay length"": ""435"", ""Wheelbase"": ""1097"", ""Stack"": ""555"", ""Reach"": ""416"", ""Standover height"": ""717"", ""BB drop"": ""45""}",599,false,https://www.ktm-bikes.at/bikes/detail/mx2270427138-chicago-292-l-48-mx2270427138chicago-292goblin-green-black-lemon-2x8-shimano-acera-2027,https://www.ktm-bikes.at/bikes/detail/mx2270427138-chicago-292-l-48-mx2270427138chicago-292goblin-green-black-lemon-2x8-shimano-acera-2027,html,2026-10-05
KTM,CHICAGO 291 [6f0d608c],CHICAGO 292,2027,mtb,M (43),M,43,,,,,614,419,"{""Seattube length"": ""430"", ""Toptube length"": ""595"", ""Seat angle"": ""74,0°"", ""Head angle"": ""69,0°"", ""Headtube length"": ""110"", ""Chainstay length"": ""440"", ""Wheelbase"": ""1109"", ""Stack"": ""614"", ""Reach"": ""419"", ""Standover height"": ""769"", ""BB drop"": ""70""}",599,false,https://www.ktm-bikes.at/bikes/detail/mx2270427138-chicago-292-l-48-mx2270427138chicago-292goblin-green-black-lemon-2x8-shimano-acera-2027,https://www.ktm-bikes.at/bikes/detail/mx2270427138-chicago-292-l-48-mx2270427138chicago-292goblin-green-black-lemon-2x8-shimano-acera-2027,html,2026-10-05
KTM,CHICAGO 291 [6f0d608c],CHICAGO 292,2027,mtb,L (48),L,48,,,,,629,435,"{""Seattube length"": ""480"", ""Toptube length"": ""615"", ""Seat angle"": ""74,0°"", ""Head angle"": ""69,0°"", ""Headtube length"": ""125"", ""Chainstay length"": ""440"", ""Wheelbase"": ""1131"", ""Stack"": ""629"", ""Reach"": ""435"", ""Standover height"": ""799"", ""BB drop"": ""70""}",599,false,https://www.ktm-bikes.at/bikes/detail/mx2270427138-chicago-292-l-48-mx2270427138chicago-292goblin-green-black-lemon-2x8-shimano-acera-2027,https://www.ktm-bikes.at/bikes/detail/mx2270427138-chicago-292-l-48-mx2270427138chicago-292goblin-green-black-lemon-2x8-shimano-acera-2027,html,2026-10-05
KTM,CHICAGO 291 [6f0d608c],CHICAGO 292,2027,mtb,XL (53),XL,53,,,,,642,451,"{""Seattube length"": ""530"", ""Toptube length"": ""635"", ""Seat angle"": ""74,0°"", ""Head angle"": ""69,0°"", ""Headtube length"": ""140"", ""Chainstay length"": ""440"", ""Wheelbase"": ""1152"", ""Stack"": ""642"", ""Reach"": ""451"", ""Standover height"": ""831"", ""BB drop"": ""70""}",599,false,https://www.ktm-bikes.at/bikes/detail/mx2270427138-chicago-292-l-48-mx2270427138chicago-292goblin-green-black-lemon-2x8-shimano-acera-2027,https://www.ktm-bikes.at/bikes/detail/mx2270427138-chicago-292-l-48-mx2270427138chicago-292goblin-green-black-lemon-2x8-shimano-acera-2027,html,2026-10-05
KTM,CHICAGO 291 [6f0d608c],CHICAGO 292,2027,mtb,XXL (57),XXL,57,,,,,661,460,"{""Seattube length"": ""570"", ""Toptube length"": ""650"", ""Seat angle"": ""74,0°"", ""Head angle"": ""69,0°"", ""Headtube length"": ""160"", ""Chainstay length"": ""440"", ""Wheelbase"": ""1169"", ""Stack"": ""661"", ""Reach"": ""460"", ""Standover height"": ""860"", ""BB drop"": ""70""}",599,false,https://www.ktm-bikes.at/bikes/detail/mx2270427138-chicago-292-l-48-mx2270427138chicago-292goblin-green-black-lemon-2x8-shimano-acera-2027,https://www.ktm-bikes.at/bikes/detail/mx2270427138-chicago-292-l-48-mx2270427138chicago-292goblin-green-black-lemon-2x8-shimano-acera-2027,html,2026-10-05
KTM,MACINA KAPOHO [fcac7f25],MACINA KAPOHO EXONIC CX-R,2027,emtb,M (43),M,43,,,,,611,453,"{""Seattube length"": ""430"", ""Toptube length"": ""600"", ""Seat angle"": ""76,5° (74,9°)"", ""Head angle"": ""65,0°"", ""Headtube length"": ""100"", ""Chainstay length"": ""448"", ""Wheelbase"": ""1228"", ""Stack"": ""611"", ""Reach"": ""453"", ""Standover height"": ""830"", ""BB drop"": ""7""}",11999,false,https://www.ktm-bikes.at/e-bikes/detail/mx1270005108-macina-kapoho-exonic-cx-r-l-48-mx1270005108macina-kapoho-exonic-cx-rcrystal-gecko1x12-sram-xx-transmission-2027,https://www.ktm-bikes.at/e-bikes/detail/mx1270005108-macina-kapoho-exonic-cx-r-l-48-mx1270005108macina-kapoho-exonic-cx-rcrystal-gecko1x12-sram-xx-transmission-2027,html,2026-10-05
KTM,MACINA KAPOHO [fcac7f25],MACINA KAPOHO EXONIC CX-R,2027,emtb,L (48),L,48,,,,,620,471,"{""Seattube length"": ""450"", ""Toptube length"": ""620"", ""Seat angle"": ""76,5° (74,9°)"", ""Head angle"": ""65,0°"", ""Headtube length"": ""110"", ""Chainstay length"": ""448"", ""Wheelbase"": ""1250"", ""Stack"": ""620"", ""Reach"": ""471"", ""Standover height"": ""830"", ""BB drop"": ""7""}",11999,false,https://www.ktm-bikes.at/e-bikes/detail/mx1270005108-macina-kapoho-exonic-cx-r-l-48-mx1270005108macina-kapoho-exonic-cx-rcrystal-gecko1x12-sram-xx-transmission-2027,https://www.ktm-bikes.at/e-bikes/detail/mx1270005108-macina-kapoho-exonic-cx-r-l-48-mx1270005108macina-kapoho-exonic-cx-rcrystal-gecko1x12-sram-xx-transmission-2027,html,2026-10-05
KTM,MACINA KAPOHO [fcac7f25],MACINA KAPOHO EXONIC CX-R,2027,emtb,XL (53),XL,53,,,,,634,493,"{""Seattube length"": ""480"", ""Toptube length"": ""645"", ""Seat angle"": ""76,5° (74,9°)"", ""Head angle"": ""65,0°"", ""Headtube length"": ""125"", ""Chainstay length"": ""448"", ""Wheelbase"": ""1278"", ""Stack"": ""634"", ""Reach"": ""493"", ""Standover height"": ""841"", ""BB drop"": ""7""}",11999,false,https://www.ktm-bikes.at/e-bikes/detail/mx1270005108-macina-kapoho-exonic-cx-r-l-48-mx1270005108macina-kapoho-exonic-cx-rcrystal-gecko1x12-sram-xx-transmission-2027,https://www.ktm-bikes.at/e-bikes/detail/mx1270005108-macina-kapoho-exonic-cx-r-l-48-mx1270005108macina-kapoho-exonic-cx-rcrystal-gecko1x12-sram-xx-transmission-2027,html,2026-10-05
KTM,MACINA KAPOHO [fcac7f25],MACINA KAPOHO PRIME CX-R,2027,emtb,M (43),M,43,,,,,611,453,"{""Seattube length"": ""430"", ""Toptube length"": ""600"", ""Seat angle"": ""76,5° (74,9°)"", ""Head angle"": ""65,0°"", ""Headtube length"": ""100"", ""Chainstay length"": ""448"", ""Wheelbase"": ""1228"", ""Stack"": ""611"", ""Reach"": ""453"", ""Standover height"": ""830"", ""BB drop"": ""7""}",6399,false,https://www.ktm-bikes.at/e-bikes/detail/mx1270008108-macina-kapoho-prime-cx-r-l-48-mx1270008108macina-kapoho-prime-cx-rstained-purple-rain-silver-1x12-sram-s1000-transmission-2027,https://www.ktm-bikes.at/e-bikes/detail/mx1270008108-macina-kapoho-prime-cx-r-l-48-mx1270008108macina-kapoho-prime-cx-rstained-purple-rain-silver-1x12-sram-s1000-transmission-2027,html,2026-10-05
KTM,MACINA KAPOHO [fcac7f25],MACINA KAPOHO PRIME CX-R,2027,emtb,L (48),L,48,,,,,620,471,"{""Seattube length"": ""450"", ""Toptube length"": ""620"", ""Seat angle"": ""76,5° (74,9°)"", ""Head angle"": ""65,0°"", ""Headtube length"": ""110"", ""Chainstay length"": ""448"", ""Wheelbase"": ""1250"", ""Stack"": ""620"", ""Reach"": ""471"", ""Standover height"": ""830"", ""BB drop"": ""7""}",6399,false,https://www.ktm-bikes.at/e-bikes/detail/mx1270008108-macina-kapoho-prime-cx-r-l-48-mx1270008108macina-kapoho-prime-cx-rstained-purple-rain-silver-1x12-sram-s1000-transmission-2027,https://www.ktm-bikes.at/e-bikes/detail/mx1270008108-macina-kapoho-prime-cx-r-l-48-mx1270008108macina-kapoho-prime-cx-rstained-purple-rain-silver-1x12-sram-s1000-transmission-2027,html,2026-10-05
KTM,MACINA KAPOHO [fcac7f25],MACINA KAPOHO PRIME CX-R,2027,emtb,XL (53),XL,53,,,,,634,493,"{""Seattube length"": ""480"", ""Toptube length"": ""645"", ""Seat angle"": ""76,5° (74,9°)"", ""Head angle"": ""65,0°"", ""Headtube length"": ""125"", ""Chainstay length"": ""448"", ""Wheelbase"": ""1278"", ""Stack"": ""634"", ""Reach"": ""493"", ""Standover height"": ""841"", ""BB drop"": ""7""}",6399,false,https://www.ktm-bikes.at/e-bikes/detail/mx1270008108-macina-kapoho-prime-cx-r-l-48-mx1270008108macina-kapoho-prime-cx-rstained-purple-rain-silver-1x12-sram-s1000-transmission-2027,https://www.ktm-bikes.at/e-bikes/detail/mx1270008108-macina-kapoho-prime-cx-r-l-48-mx1270008108macina-kapoho-prime-cx-rstained-purple-rain-silver-1x12-sram-s1000-transmission-2027,html,2026-10-05
KTM,MACINA KAPOHO [fcac7f25],MACINA KAPOHO MASTER CX-R DI2,2027,emtb,M (43),M,43,,,,,611,453,"{""Seattube length"": ""430"", ""Toptube length"": ""600"", ""Seat angle"": ""76,5° (74,9°)"", ""Head angle"": ""65,0°"", ""Headtube length"": ""100"", ""Chainstay length"": ""448"", ""Wheelbase"": ""1228"", ""Stack"": ""611"", ""Reach"": ""453"", ""Standover height"": ""830"", ""BB drop"": ""7""}",5599,false,https://www.ktm-bikes.at/e-bikes/detail/mx1270009138-macina-kapoho-master-cx-r-di2-l-48-mx1270009138macina-kapoho-master-cx-r-di2fresh-orange-black-1x12-shimano-deore-di2-2027,https://www.ktm-bikes.at/e-bikes/detail/mx1270009138-macina-kapoho-master-cx-r-di2-l-48-mx1270009138macina-kapoho-master-cx-r-di2fresh-orange-black-1x12-shimano-deore-di2-2027,html,2026-10-05
KTM,MACINA KAPOHO [fcac7f25],MACINA KAPOHO MASTER CX-R DI2,2027,emtb,L (48),L,48,,,,,620,471,"{""Seattube length"": ""450"", ""Toptube length"": ""620"", ""Seat angle"": ""76,5° (74,9°)"", ""Head angle"": ""65,0°"", ""Headtube length"": ""110"", ""Chainstay length"": ""448"", ""Wheelbase"": ""1250"", ""Stack"": ""620"", ""Reach"": ""471"", ""Standover height"": ""830"", ""BB drop"": ""7""}",5599,false,https://www.ktm-bikes.at/e-bikes/detail/mx1270009138-macina-kapoho-master-cx-r-di2-l-48-mx1270009138macina-kapoho-master-cx-r-di2fresh-orange-black-1x12-shimano-deore-di2-2027,https://www.ktm-bikes.at/e-bikes/detail/mx1270009138-macina-kapoho-master-cx-r-di2-l-48-mx1270009138macina-kapoho-master-cx-r-di2fresh-orange-black-1x12-shimano-deore-di2-2027,html,2026-10-05
KTM,MACINA KAPOHO [fcac7f25],MACINA KAPOHO MASTER CX-R DI2,2027,emtb,XL (53),XL,53,,,,,634,493,"{""Seattube length"": ""480"", ""Toptube length"": ""645"", ""Seat angle"": ""76,5° (74,9°)"", ""Head angle"": ""65,0°"", ""Headtube length"": ""125"", ""Chainstay length"": ""448"", ""Wheelbase"": ""1278"", ""Stack"": ""634"", ""Reach"": ""493"", ""Standover height"": ""841"", ""BB drop"": ""7""}",5599,false,https://www.ktm-bikes.at/e-bikes/detail/mx1270009138-macina-kapoho-master-cx-r-di2-l-48-mx1270009138macina-kapoho-master-cx-r-di2fresh-orange-black-1x12-shimano-deore-di2-2027,https://www.ktm-bikes.at/e-bikes/detail/mx1270009138-macina-kapoho-master-cx-r-di2-l-48-mx1270009138macina-kapoho-master-cx-r-di2fresh-orange-black-1x12-shimano-deore-di2-2027,html,2026-10-05
KTM,MACINA KAPOHO [fcac7f25],MACINA KAPOHO MASTER CX-R,2027,emtb,M (43),M,43,,,,,611,453,"{""Seattube length"": ""430"", ""Toptube length"": ""600"", ""Seat angle"": ""76,5° (74,9°)"", ""Head angle"": ""65,0°"", ""Headtube length"": ""100"", ""Chainstay length"": ""448"", ""Wheelbase"": ""1228"", ""Stack"": ""611"", ""Reach"": ""453"", ""Standover height"": ""830"", ""BB drop"": ""7""}",5199,false,https://www.ktm-bikes.at/e-bikes/detail/mx1270010138-macina-kapoho-master-cx-r-l-48-mx1270010138macina-kapoho-master-cx-rgoblin-green-matt-black-1x12-shimano-deore-xt-2027,https://www.ktm-bikes.at/e-bikes/detail/mx1270010138-macina-kapoho-master-cx-r-l-48-mx1270010138macina-kapoho-master-cx-rgoblin-green-matt-black-1x12-shimano-deore-xt-2027,html,2026-10-05
KTM,MACINA KAPOHO [fcac7f25],MACINA KAPOHO MASTER CX-R,2027,emtb,L (48),L,48,,,,,620,471,"{""Seattube length"": ""450"", ""Toptube length"": ""620"", ""Seat angle"": ""76,5° (74,9°)"", ""Head angle"": ""65,0°"", ""Headtube length"": ""110"", ""Chainstay length"": ""448"", ""Wheelbase"": ""1250"", ""Stack"": ""620"", ""Reach"": ""471"", ""Standover height"": ""830"", ""BB drop"": ""7""}",5199,false,https://www.ktm-bikes.at/e-bikes/detail/mx1270010138-macina-kapoho-master-cx-r-l-48-mx1270010138macina-kapoho-master-cx-rgoblin-green-matt-black-1x12-shimano-deore-xt-2027,https://www.ktm-bikes.at/e-bikes/detail/mx1270010138-macina-kapoho-master-cx-r-l-48-mx1270010138macina-kapoho-master-cx-rgoblin-green-matt-black-1x12-shimano-deore-xt-2027,html,2026-10-05
KTM,MACINA KAPOHO [fcac7f25],MACINA KAPOHO MASTER CX-R,2027,emtb,XL (53),XL,53,,,,,634,493,"{""Seattube length"": ""480"", ""Toptube length"": ""645"", ""Seat angle"": ""76,5° (74,9°)"", ""Head angle"": ""65,0°"", ""Headtube length"": ""125"", ""Chainstay length"": ""448"", ""Wheelbase"": ""1278"", ""Stack"": ""634"", ""Reach"": ""493"", ""Standover height"": ""841"", ""BB drop"": ""7""}",5199,false,https://www.ktm-bikes.at/e-bikes/detail/mx1270010138-macina-kapoho-master-cx-r-l-48-mx1270010138macina-kapoho-master-cx-rgoblin-green-matt-black-1x12-shimano-deore-xt-2027,https://www.ktm-bikes.at/e-bikes/detail/mx1270010138-macina-kapoho-master-cx-r-l-48-mx1270010138macina-kapoho-master-cx-rgoblin-green-matt-black-1x12-shimano-deore-xt-2027,html,2026-10-05
KTM,MACINA KAPOHO [fcac7f25],MACINA KAPOHO ELITE CX-R,2027,emtb,M (43),M,43,,,,,611,453,"{""Seattube length"": ""430"", ""Toptube length"": ""600"", ""Seat angle"": ""76,5° (74,9°)"", ""Head angle"": ""65,0°"", ""Headtube length"": ""100"", ""Chainstay length"": ""448"", ""Wheelbase"": ""1228"", ""Stack"": ""611"", ""Reach"": ""453"", ""Standover height"": ""830"", ""BB drop"": ""7""}",4599,false,https://www.ktm-bikes.at/e-bikes/detail/mx1270011108-macina-kapoho-elite-cx-r-l-48-mx1270011108macina-kapoho-elite-cx-rchrome-blue-black-1x12-shimano-deore-xt-2027,https://www.ktm-bikes.at/e-bikes/detail/mx1270011108-macina-kapoho-elite-cx-r-l-48-mx1270011108macina-kapoho-elite-cx-rchrome-blue-black-1x12-shimano-deore-xt-2027,html,2026-10-05
KTM,MACINA KAPOHO [fcac7f25],MACINA KAPOHO ELITE CX-R,2027,emtb,L (48),L,48,,,,,620,471,"{""Seattube length"": ""450"", ""Toptube length"": ""620"", ""Seat angle"": ""76,5° (74,9°)"", ""Head angle"": ""65,0°"", ""Headtube length"": ""110"", ""Chainstay length"": ""448"", ""Wheelbase"": ""1250"", ""Stack"": ""620"", ""Reach"": ""471"", ""Standover height"": ""830"", ""BB drop"": ""7""}",4599,false,https://www.ktm-bikes.at/e-bikes/detail/mx1270011108-macina-kapoho-elite-cx-r-l-48-mx1270011108macina-kapoho-elite-cx-rchrome-blue-black-1x12-shimano-deore-xt-2027,https://www.ktm-bikes.at/e-bikes/detail/mx1270011108-macina-kapoho-elite-cx-r-l-48-mx1270011108macina-kapoho-elite-cx-rchrome-blue-black-1x12-shimano-deore-xt-2027,html,2026-10-05
KTM,MACINA KAPOHO [fcac7f25],MACINA KAPOHO ELITE CX-R,2027,emtb,XL (53),XL,53,,,,,634,493,"{""Seattube length"": ""480"", ""Toptube length"": ""645"", ""Seat angle"": ""76,5° (74,9°)"", ""Head angle"": ""65,0°"", ""Headtube length"": ""125"", ""Chainstay length"": ""448"", ""Wheelbase"": ""1278"", ""Stack"": ""634"", ""Reach"": ""493"", ""Standover height"": ""841"", ""BB drop"": ""7""}",4599,false,https://www.ktm-bikes.at/e-bikes/detail/mx1270011108-macina-kapoho-elite-cx-r-l-48-mx1270011108macina-kapoho-elite-cx-rchrome-blue-black-1x12-shimano-deore-xt-2027,https://www.ktm-bikes.at/e-bikes/detail/mx1270011108-macina-kapoho-elite-cx-r-l-48-mx1270011108macina-kapoho-elite-cx-rchrome-blue-black-1x12-shimano-deore-xt-2027,html,2026-10-05
KTM,MACINA KAPOHO 8973 [b25e1152],MACINA KAPOHO 8973,2027,emtb,M (43),M,43,,,,,611,453,"{""Seattube length"": ""430"", ""Toptube length"": ""600"", ""Seat angle"": ""76,5° (74,9°)"", ""Head angle"": ""65,0°"", ""Headtube length"": ""100"", ""Chainstay length"": ""448"", ""Wheelbase"": ""1228"", ""Stack"": ""611"", ""Reach"": ""453"", ""Standover height"": ""830"", ""BB drop"": ""7""}",4199,false,https://www.ktm-bikes.at/e-bikes/detail/mx1270015138-macina-kapoho-8973-l-48-mx1270015138macina-kapoho-8973goblin-green-black-silver-1x11-shimano-deore-lg-2027,https://www.ktm-bikes.at/e-bikes/detail/mx1270015138-macina-kapoho-8973-l-48-mx1270015138macina-kapoho-8973goblin-green-black-silver-1x11-shimano-deore-lg-2027,html,2026-10-05
KTM,MACINA KAPOHO 8973 [b25e1152],MACINA KAPOHO 8973,2027,emtb,L (48),L,48,,,,,620,471,"{""Seattube length"": ""450"", ""Toptube length"": ""620"", ""Seat angle"": ""76,5° (74,9°)"", ""Head angle"": ""65,0°"", ""Headtube length"": ""110"", ""Chainstay length"": ""448"", ""Wheelbase"": ""1250"", ""Stack"": ""620"", ""Reach"": ""471"", ""Standover height"": ""830"", ""BB drop"": ""7""}",4199,false,https://www.ktm-bikes.at/e-bikes/detail/mx1270015138-macina-kapoho-8973-l-48-mx1270015138macina-kapoho-8973goblin-green-black-silver-1x11-shimano-deore-lg-2027,https://www.ktm-bikes.at/e-bikes/detail/mx1270015138-macina-kapoho-8973-l-48-mx1270015138macina-kapoho-8973goblin-green-black-silver-1x11-shimano-deore-lg-2027,html,2026-10-05
KTM,MACINA KAPOHO 8973 [b25e1152],MACINA KAPOHO 8973,2027,emtb,XL (53),XL,53,,,,,634,493,"{""Seattube length"": ""480"", ""Toptube length"": ""645"", ""Seat angle"": ""76,5° (74,9°)"", ""Head angle"": ""65,0°"", ""Headtube length"": ""125"", ""Chainstay length"": ""448"", ""Wheelbase"": ""1278"", ""Stack"": ""634"", ""Reach"": ""493"", ""Standover height"": ""841"", ""BB drop"": ""7""}",4199,false,https://www.ktm-bikes.at/e-bikes/detail/mx1270015138-macina-kapoho-8973-l-48-mx1270015138macina-kapoho-8973goblin-green-black-silver-1x11-shimano-deore-lg-2027,https://www.ktm-bikes.at/e-bikes/detail/mx1270015138-macina-kapoho-8973-l-48-mx1270015138macina-kapoho-8973goblin-green-black-silver-1x11-shimano-deore-lg-2027,html,2026-10-05
KTM,MACINA KAPOHO 8973 [b25e1152],MACINA KAPOHO 8973,2027,emtb,XXL (57),XXL,57,,,,,647,519,"{""Seattube length"": ""520"", ""Toptube length"": ""671"", ""Seat angle"": ""76,5° (74,9°)"", ""Head angle"": ""65,0°"", ""Headtube length"": ""140"", ""Chainstay length"": ""444"", ""Wheelbase"": ""1306"", ""Stack"": ""647"", ""Reach"": ""519"", ""Standover height"": ""844"", ""BB drop"": ""7""}",4199,false,https://www.ktm-bikes.at/e-bikes/detail/mx1270015138-macina-kapoho-8973-l-48-mx1270015138macina-kapoho-8973goblin-green-black-silver-1x11-shimano-deore-lg-2027,https://www.ktm-bikes.at/e-bikes/detail/mx1270015138-macina-kapoho-8973-l-48-mx1270015138macina-kapoho-8973goblin-green-black-silver-1x11-shimano-deore-lg-2027,html,2026-10-05
KTM,MACINA LYCAN EXONIC CX-R DI2 [4a473254],MACINA LYCAN EXONIC CX-R DI2,2027,emtb,M (43),M,43,,,,,610,454,"{""Seattube length"": ""430"", ""Toptube length"": ""600"", ""Seat angle"": ""76,5° (74,9°)"", ""Head angle"": ""65,5°"", ""Headtube length"": ""100"", ""Chainstay length"": ""460"", ""Wheelbase"": ""1225"", ""Stack"": ""610"", ""Reach"": ""454"", ""Standover height"": ""815"", ""BB drop"": ""30""}",7699,false,https://www.ktm-bikes.at/e-bikes/detail/mx1270019108-macina-lycan-exonic-cx-r-di2-l-48-mx1270019108macina-lycan-exonic-cx-r-di2stained-lazer-black-matt1x12-shimano-xtr-di2-2027,https://www.ktm-bikes.at/e-bikes/detail/mx1270019108-macina-lycan-exonic-cx-r-di2-l-48-mx1270019108macina-lycan-exonic-cx-r-di2stained-lazer-black-matt1x12-shimano-xtr-di2-2027,html,2026-10-05
KTM,MACINA LYCAN EXONIC CX-R DI2 [4a473254],MACINA LYCAN EXONIC CX-R DI2,2027,emtb,L (48),L,48,,,,,623,470,"{""Seattube length"": ""450"", ""Toptube length"": ""620"", ""Seat angle"": ""76,5° (74,6°)"", ""Head angle"": ""65,5°"", ""Headtube length"": ""115"", ""Chainstay length"": ""460"", ""Wheelbase"": ""1248"", ""Stack"": ""623"", ""Reach"": ""470"", ""Standover height"": ""823"", ""BB drop"": ""30""}",7699,false,https://www.ktm-bikes.at/e-bikes/detail/mx1270019108-macina-lycan-exonic-cx-r-di2-l-48-mx1270019108macina-lycan-exonic-cx-r-di2stained-lazer-black-matt1x12-shimano-xtr-di2-2027,https://www.ktm-bikes.at/e-bikes/detail/mx1270019108-macina-lycan-exonic-cx-r-di2-l-48-mx1270019108macina-lycan-exonic-cx-r-di2stained-lazer-black-matt1x12-shimano-xtr-di2-2027,html,2026-10-05
KTM,MACINA LYCAN EXONIC CX-R DI2 [4a473254],MACINA LYCAN EXONIC CX-R DI2,2027,emtb,XL (53),XL,53,,,,,637,487,"{""Seattube length"": ""480"", ""Toptube length"": ""640"", ""Seat angle"": ""76,5° (75°)"", ""Head angle"": ""65,5°"", ""Headtube length"": ""130"", ""Chainstay length"": ""460"", ""Wheelbase"": ""1271"", ""Stack"": ""637"", ""Reach"": ""487"", ""Standover height"": ""831"", ""BB drop"": ""30""}",7699,false,https://www.ktm-bikes.at/e-bikes/detail/mx1270019108-macina-lycan-exonic-cx-r-di2-l-48-mx1270019108macina-lycan-exonic-cx-r-di2stained-lazer-black-matt1x12-shimano-xtr-di2-2027,https://www.ktm-bikes.at/e-bikes/detail/mx1270019108-macina-lycan-exonic-cx-r-di2-l-48-mx1270019108macina-lycan-exonic-cx-r-di2stained-lazer-black-matt1x12-shimano-xtr-di2-2027,html,2026-10-05
KTM,MACINA [8d7664be],MACINA LYCAN PRIME CX-R DI2,2027,emtb,S (38),S,,,,,,597,437,"{""Seattube length"": ""385"", ""Toptube length"": ""580"", ""Seat angle"": ""76,5° (74,4°)"", ""Head angle"": ""65,0°"", ""Headtube length"": ""130"", ""Chainstay length"": ""450"", ""Wheelbase"": ""1208"", ""Stack"": ""597"", ""Reach"": ""437"", ""Standover height"": ""804"", ""BB drop"": ""12""}",5899,false,https://www.ktm-bikes.at/e-bikes/detail/mx1270020108-macina-lycan-prime-cx-r-di2-l-48-mx1270020108macina-lycan-prime-cx-r-di2dark-sea-silver-black-1x12-shimano-deore-xt-di2-2027,https://www.ktm-bikes.at/e-bikes/detail/mx1270020108-macina-lycan-prime-cx-r-di2-l-48-mx1270020108macina-lycan-prime-cx-r-di2dark-sea-silver-black-1x12-shimano-deore-xt-di2-2027,html,2026-10-05
KTM,MACINA [8d7664be],MACINA LYCAN PRIME CX-R DI2,2027,emtb,M (43),M,43,,,,,610,454,"{""Seattube length"": ""430"", ""Toptube length"": ""600"", ""Seat angle"": ""76,5° (74,9°)"", ""Head angle"": ""65,5°"", ""Headtube length"": ""100"", ""Chainstay length"": ""460"", ""Wheelbase"": ""1225"", ""Stack"": ""610"", ""Reach"": ""454"", ""Standover height"": ""815"", ""BB drop"": ""30""}",5899,false,https://www.ktm-bikes.at/e-bikes/detail/mx1270020108-macina-lycan-prime-cx-r-di2-l-48-mx1270020108macina-lycan-prime-cx-r-di2dark-sea-silver-black-1x12-shimano-deore-xt-di2-2027,https://www.ktm-bikes.at/e-bikes/detail/mx1270020108-macina-lycan-prime-cx-r-di2-l-48-mx1270020108macina-lycan-prime-cx-r-di2dark-sea-silver-black-1x12-shimano-deore-xt-di2-2027,html,2026-10-05
KTM,MACINA [8d7664be],MACINA LYCAN PRIME CX-R DI2,2027,emtb,L (48),L,48,,,,,623,470,"{""Seattube length"": ""450"", ""Toptube length"": ""620"", ""Seat angle"": ""76,5° (74,6°)"", ""Head angle"": ""65,5°"", ""Headtube length"": ""115"", ""Chainstay length"": ""460"", ""Wheelbase"": ""1248"", ""Stack"": ""623"", ""Reach"": ""470"", ""Standover height"": ""823"", ""BB drop"": ""30""}",5899,false,https://www.ktm-bikes.at/e-bikes/detail/mx1270020108-macina-lycan-prime-cx-r-di2-l-48-mx1270020108macina-lycan-prime-cx-r-di2dark-sea-silver-black-1x12-shimano-deore-xt-di2-2027,https://www.ktm-bikes.at/e-bikes/detail/mx1270020108-macina-lycan-prime-cx-r-di2-l-48-mx1270020108macina-lycan-prime-cx-r-di2dark-sea-silver-black-1x12-shimano-deore-xt-di2-2027,html,2026-10-05
KTM,MACINA [8d7664be],MACINA LYCAN PRIME CX-R DI2,2027,emtb,XL (53),XL,53,,,,,637,487,"{""Seattube length"": ""480"", ""Toptube length"": ""640"", ""Seat angle"": ""76,5° (75°)"", ""Head angle"": ""65,5°"", ""Headtube length"": ""130"", ""Chainstay length"": ""460"", ""Wheelbase"": ""1271"", ""Stack"": ""637"", ""Reach"": ""487"", ""Standover height"": ""831"", ""BB drop"": ""30""}",5899,false,https://www.ktm-bikes.at/e-bikes/detail/mx1270020108-macina-lycan-prime-cx-r-di2-l-48-mx1270020108macina-lycan-prime-cx-r-di2dark-sea-silver-black-1x12-shimano-deore-xt-di2-2027,https://www.ktm-bikes.at/e-bikes/detail/mx1270020108-macina-lycan-prime-cx-r-di2-l-48-mx1270020108macina-lycan-prime-cx-r-di2dark-sea-silver-black-1x12-shimano-deore-xt-di2-2027,html,2026-10-05
KTM,MACINA [8d7664be],MACINA LYCAN MASTER CX-R DI2,2027,emtb,S (38),S,,,,,,597,437,"{""Seattube length"": ""385"", ""Toptube length"": ""580"", ""Seat angle"": ""76,5° (74,4°)"", ""Head angle"": ""65,0°"", ""Headtube length"": ""130"", ""Chainstay length"": ""450"", ""Wheelbase"": ""1208"", ""Stack"": ""597"", ""Reach"": ""437"", ""Standover height"": ""804"", ""BB drop"": ""12""}",5199,false,https://www.ktm-bikes.at/e-bikes/detail/mx2270023138-macina-lycan-master-cx-r-di2-l-48-mx2270023138macina-lycan-master-cx-r-di2emerald-grey-white-black-1x12-shimano-deore-di2-2027,https://www.ktm-bikes.at/e-bikes/detail/mx2270023138-macina-lycan-master-cx-r-di2-l-48-mx2270023138macina-lycan-master-cx-r-di2emerald-grey-white-black-1x12-shimano-deore-di2-2027,html,2026-10-05
KTM,MACINA [8d7664be],MACINA LYCAN MASTER CX-R DI2,2027,emtb,M (43),M,43,,,,,610,454,"{""Seattube length"": ""430"", ""Toptube length"": ""600"", ""Seat angle"": ""76,5° (74,9°)"", ""Head angle"": ""65,5°"", ""Headtube length"": ""100"", ""Chainstay length"": ""460"", ""Wheelbase"": ""1225"", ""Stack"": ""610"", ""Reach"": ""454"", ""Standover height"": ""815"", ""BB drop"": ""30""}",5199,false,https://www.ktm-bikes.at/e-bikes/detail/mx2270023138-macina-lycan-master-cx-r-di2-l-48-mx2270023138macina-lycan-master-cx-r-di2emerald-grey-white-black-1x12-shimano-deore-di2-2027,https://www.ktm-bikes.at/e-bikes/detail/mx2270023138-macina-lycan-master-cx-r-di2-l-48-mx2270023138macina-lycan-master-cx-r-di2emerald-grey-white-black-1x12-shimano-deore-di2-2027,html,2026-10-05
KTM,MACINA [8d7664be],MACINA LYCAN MASTER CX-R DI2,2027,emtb,L (48),L,48,,,,,623,470,"{""Seattube length"": ""450"", ""Toptube length"": ""620"", ""Seat angle"": ""76,5° (74,6°)"", ""Head angle"": ""65,5°"", ""Headtube length"": ""115"", ""Chainstay length"": ""460"", ""Wheelbase"": ""1248"", ""Stack"": ""623"", ""Reach"": ""470"", ""Standover height"": ""823"", ""BB drop"": ""30""}",5199,false,https://www.ktm-bikes.at/e-bikes/detail/mx2270023138-macina-lycan-master-cx-r-di2-l-48-mx2270023138macina-lycan-master-cx-r-di2emerald-grey-white-black-1x12-shimano-deore-di2-2027,https://www.ktm-bikes.at/e-bikes/detail/mx2270023138-macina-lycan-master-cx-r-di2-l-48-mx2270023138macina-lycan-master-cx-r-di2emerald-grey-white-black-1x12-shimano-deore-di2-2027,html,2026-10-05
KTM,MACINA [8d7664be],MACINA LYCAN MASTER CX-R DI2,2027,emtb,XL (53),XL,53,,,,,637,487,"{""Seattube length"": ""480"", ""Toptube length"": ""640"", ""Seat angle"": ""76,5° (75°)"", ""Head angle"": ""65,5°"", ""Headtube length"": ""130"", ""Chainstay length"": ""460"", ""Wheelbase"": ""1271"", ""Stack"": ""637"", ""Reach"": ""487"", ""Standover height"": ""831"", ""BB drop"": ""30""}",5199,false,https://www.ktm-bikes.at/e-bikes/detail/mx2270023138-macina-lycan-master-cx-r-di2-l-48-mx2270023138macina-lycan-master-cx-r-di2emerald-grey-white-black-1x12-shimano-deore-di2-2027,https://www.ktm-bikes.at/e-bikes/detail/mx2270023138-macina-lycan-master-cx-r-di2-l-48-mx2270023138macina-lycan-master-cx-r-di2emerald-grey-white-black-1x12-shimano-deore-di2-2027,html,2026-10-05
KTM,MACINA [8d7664be],MACINA LYCAN MASTER CX-R,2027,emtb,S (38),S,,,,,,597,437,"{""Seattube length"": ""385"", ""Toptube length"": ""580"", ""Seat angle"": ""76,5° (74,4°)"", ""Head angle"": ""65,0°"", ""Headtube length"": ""130"", ""Chainstay length"": ""450"", ""Wheelbase"": ""1208"", ""Stack"": ""597"", ""Reach"": ""437"", ""Standover height"": ""804"", ""BB drop"": ""12""}",4799,false,https://www.ktm-bikes.at/e-bikes/detail/mx2270021108-macina-lycan-master-cx-r-l-48-mx2270021108macina-lycan-master-cx-rmars-black-matt1x12-shimano-deore-xt-2027,https://www.ktm-bikes.at/e-bikes/detail/mx2270021108-macina-lycan-master-cx-r-l-48-mx2270021108macina-lycan-master-cx-rmars-black-matt1x12-shimano-deore-xt-2027,html,2026-10-05
KTM,MACINA [8d7664be],MACINA LYCAN MASTER CX-R,2027,emtb,M (43),M,43,,,,,610,454,"{""Seattube length"": ""430"", ""Toptube length"": ""600"", ""Seat angle"": ""76,5° (74,9°)"", ""Head angle"": ""65,5°"", ""Headtube length"": ""100"", ""Chainstay length"": ""460"", ""Wheelbase"": ""1225"", ""Stack"": ""610"", ""Reach"": ""454"", ""Standover height"": ""815"", ""BB drop"": ""30""}",4799,false,https://www.ktm-bikes.at/e-bikes/detail/mx2270021108-macina-lycan-master-cx-r-l-48-mx2270021108macina-lycan-master-cx-rmars-black-matt1x12-shimano-deore-xt-2027,https://www.ktm-bikes.at/e-bikes/detail/mx2270021108-macina-lycan-master-cx-r-l-48-mx2270021108macina-lycan-master-cx-rmars-black-matt1x12-shimano-deore-xt-2027,html,2026-10-05
KTM,MACINA [8d7664be],MACINA LYCAN MASTER CX-R,2027,emtb,L (48),L,48,,,,,623,470,"{""Seattube length"": ""450"", ""Toptube length"": ""620"", ""Seat angle"": ""76,5° (74,6°)"", ""Head angle"": ""65,5°"", ""Headtube length"": ""115"", ""Chainstay length"": ""460"", ""Wheelbase"": ""1248"", ""Stack"": ""623"", ""Reach"": ""470"", ""Standover height"": ""823"", ""BB drop"": ""30""}",4799,false,https://www.ktm-bikes.at/e-bikes/detail/mx2270021108-macina-lycan-master-cx-r-l-48-mx2270021108macina-lycan-master-cx-rmars-black-matt1x12-shimano-deore-xt-2027,https://www.ktm-bikes.at/e-bikes/detail/mx2270021108-macina-lycan-master-cx-r-l-48-mx2270021108macina-lycan-master-cx-rmars-black-matt1x12-shimano-deore-xt-2027,html,2026-10-05
KTM,MACINA [8d7664be],MACINA LYCAN MASTER CX-R,2027,emtb,XL (53),XL,53,,,,,637,487,"{""Seattube length"": ""480"", ""Toptube length"": ""640"", ""Seat angle"": ""76,5° (75°)"", ""Head angle"": ""65,5°"", ""Headtube length"": ""130"", ""Chainstay length"": ""460"", ""Wheelbase"": ""1271"", ""Stack"": ""637"", ""Reach"": ""487"", ""Standover height"": ""831"", ""BB drop"": ""30""}",4799,false,https://www.ktm-bikes.at/e-bikes/detail/mx2270021108-macina-lycan-master-cx-r-l-48-mx2270021108macina-lycan-master-cx-rmars-black-matt1x12-shimano-deore-xt-2027,https://www.ktm-bikes.at/e-bikes/detail/mx2270021108-macina-lycan-master-cx-r-l-48-mx2270021108macina-lycan-master-cx-rmars-black-matt1x12-shimano-deore-xt-2027,html,2026-10-05
KTM,MACINA [8d7664be],MACINA LYCAN 891 L,2027,emtb,S (38),S,,,,,,597,437,"{""Seattube length"": ""385"", ""Toptube length"": ""580"", ""Seat angle"": ""76,5° (74,4°)"", ""Head angle"": ""65,0°"", ""Headtube length"": ""130"", ""Chainstay length"": ""450"", ""Wheelbase"": ""1208"", ""Stack"": ""597"", ""Reach"": ""437"", ""Standover height"": ""804"", ""BB drop"": ""12""}",4399,false,https://www.ktm-bikes.at/e-bikes/detail/mx2270025108-macina-lycan-891-l-l-48-mx2270025108macina-lycan-891-lcape-town-matt-black-1x12-shimano-deore-xt-2027,https://www.ktm-bikes.at/e-bikes/detail/mx2270025108-macina-lycan-891-l-l-48-mx2270025108macina-lycan-891-lcape-town-matt-black-1x12-shimano-deore-xt-2027,html,2026-10-05
KTM,MACINA [8d7664be],MACINA LYCAN 891 L,2027,emtb,M (43),M,43,,,,,610,454,"{""Seattube length"": ""430"", ""Toptube length"": ""600"", ""Seat angle"": ""76,5° (74,9°)"", ""Head angle"": ""65,5°"", ""Headtube length"": ""100"", ""Chainstay length"": ""460"", ""Wheelbase"": ""1225"", ""Stack"": ""610"", ""Reach"": ""454"", ""Standover height"": ""815"", ""BB drop"": ""30""}",4399,false,https://www.ktm-bikes.at/e-bikes/detail/mx2270025108-macina-lycan-891-l-l-48-mx2270025108macina-lycan-891-lcape-town-matt-black-1x12-shimano-deore-xt-2027,https://www.ktm-bikes.at/e-bikes/detail/mx2270025108-macina-lycan-891-l-l-48-mx2270025108macina-lycan-891-lcape-town-matt-black-1x12-shimano-deore-xt-2027,html,2026-10-05
KTM,MACINA [8d7664be],MACINA LYCAN 891 L,2027,emtb,L (48),L,48,,,,,623,470,"{""Seattube length"": ""450"", ""Toptube length"": ""620"", ""Seat angle"": ""76,5° (74,6°)"", ""Head angle"": ""65,5°"", ""Headtube length"": ""115"", ""Chainstay length"": ""460"", ""Wheelbase"": ""1248"", ""Stack"": ""623"", ""Reach"": ""470"", ""Standover height"": ""823"", ""BB drop"": ""30""}",4399,false,https://www.ktm-bikes.at/e-bikes/detail/mx2270025108-macina-lycan-891-l-l-48-mx2270025108macina-lycan-891-lcape-town-matt-black-1x12-shimano-deore-xt-2027,https://www.ktm-bikes.at/e-bikes/detail/mx2270025108-macina-lycan-891-l-l-48-mx2270025108macina-lycan-891-lcape-town-matt-black-1x12-shimano-deore-xt-2027,html,2026-10-05
KTM,MACINA [8d7664be],MACINA LYCAN 891 L,2027,emtb,XL (53),XL,53,,,,,637,487,"{""Seattube length"": ""480"", ""Toptube length"": ""640"", ""Seat angle"": ""76,5° (75°)"", ""Head angle"": ""65,5°"", ""Headtube length"": ""130"", ""Chainstay length"": ""460"", ""Wheelbase"": ""1271"", ""Stack"": ""637"", ""Reach"": ""487"", ""Standover height"": ""831"", ""BB drop"": ""30""}",4399,false,https://www.ktm-bikes.at/e-bikes/detail/mx2270025108-macina-lycan-891-l-l-48-mx2270025108macina-lycan-891-lcape-town-matt-black-1x12-shimano-deore-xt-2027,https://www.ktm-bikes.at/e-bikes/detail/mx2270025108-macina-lycan-891-l-l-48-mx2270025108macina-lycan-891-lcape-town-matt-black-1x12-shimano-deore-xt-2027,html,2026-10-05
KTM,MACINA [8d7664be],MACINA LYCAN ELITE CX-R,2027,emtb,S (38),S,,,,,,597,437,"{""Seattube length"": ""385"", ""Toptube length"": ""580"", ""Seat angle"": ""76,5° (74,4°)"", ""Head angle"": ""65,0°"", ""Headtube length"": ""130"", ""Chainstay length"": ""450"", ""Wheelbase"": ""1208"", ""Stack"": ""597"", ""Reach"": ""437"", ""Standover height"": ""804"", ""BB drop"": ""12""}",4399,false,https://www.ktm-bikes.at/e-bikes/detail/mx2270022108-macina-lycan-elite-cx-r-l-48-mx2270022108macina-lycan-elite-cx-rvelvet-petrol-black-gold-1x12-shimano-deore-xt-2027,https://www.ktm-bikes.at/e-bikes/detail/mx2270022108-macina-lycan-elite-cx-r-l-48-mx2270022108macina-lycan-elite-cx-rvelvet-petrol-black-gold-1x12-shimano-deore-xt-2027,html,2026-10-05
KTM,MACINA [8d7664be],MACINA LYCAN ELITE CX-R,2027,emtb,M (43),M,43,,,,,610,454,"{""Seattube length"": ""430"", ""Toptube length"": ""600"", ""Seat angle"": ""76,5° (74,9°)"", ""Head angle"": ""65,5°"", ""Headtube length"": ""100"", ""Chainstay length"": ""460"", ""Wheelbase"": ""1225"", ""Stack"": ""610"", ""Reach"": ""454"", ""Standover height"": ""815"", ""BB drop"": ""30""}",4399,false,https://www.ktm-bikes.at/e-bikes/detail/mx2270022108-macina-lycan-elite-cx-r-l-48-mx2270022108macina-lycan-elite-cx-rvelvet-petrol-black-gold-1x12-shimano-deore-xt-2027,https://www.ktm-bikes.at/e-bikes/detail/mx2270022108-macina-lycan-elite-cx-r-l-48-mx2270022108macina-lycan-elite-cx-rvelvet-petrol-black-gold-1x12-shimano-deore-xt-2027,html,2026-10-05
KTM,MACINA [8d7664be],MACINA LYCAN ELITE CX-R,2027,emtb,L (48),L,48,,,,,623,470,"{""Seattube length"": ""450"", ""Toptube length"": ""620"", ""Seat angle"": ""76,5° (74,6°)"", ""Head angle"": ""65,5°"", ""Headtube length"": ""115"", ""Chainstay length"": ""460"", ""Wheelbase"": ""1248"", ""Stack"": ""623"", ""Reach"": ""470"", ""Standover height"": ""823"", ""BB drop"": ""30""}",4399,false,https://www.ktm-bikes.at/e-bikes/detail/mx2270022108-macina-lycan-elite-cx-r-l-48-mx2270022108macina-lycan-elite-cx-rvelvet-petrol-black-gold-1x12-shimano-deore-xt-2027,https://www.ktm-bikes.at/e-bikes/detail/mx2270022108-macina-lycan-elite-cx-r-l-48-mx2270022108macina-lycan-elite-cx-rvelvet-petrol-black-gold-1x12-shimano-deore-xt-2027,html,2026-10-05
KTM,MACINA [8d7664be],MACINA LYCAN ELITE CX-R,2027,emtb,XL (53),XL,53,,,,,637,487,"{""Seattube length"": ""480"", ""Toptube length"": ""640"", ""Seat angle"": ""76,5° (75°)"", ""Head angle"": ""65,5°"", ""Headtube length"": ""130"", ""Chainstay length"": ""460"", ""Wheelbase"": ""1271"", ""Stack"": ""637"", ""Reach"": ""487"", ""Standover height"": ""831"", ""BB drop"": ""30""}",4399,false,https://www.ktm-bikes.at/e-bikes/detail/mx2270022108-macina-lycan-elite-cx-r-l-48-mx2270022108macina-lycan-elite-cx-rvelvet-petrol-black-gold-1x12-shimano-deore-xt-2027,https://www.ktm-bikes.at/e-bikes/detail/mx2270022108-macina-lycan-elite-cx-r-l-48-mx2270022108macina-lycan-elite-cx-rvelvet-petrol-black-gold-1x12-shimano-deore-xt-2027,html,2026-10-05
KTM,MACINA [8d7664be],MACINA LYCAN 892,2027,emtb,S (38),S,,,,,,597,437,"{""Seattube length"": ""385"", ""Toptube length"": ""580"", ""Seat angle"": ""76,5° (74,4°)"", ""Head angle"": ""65,0°"", ""Headtube length"": ""130"", ""Chainstay length"": ""450"", ""Wheelbase"": ""1208"", ""Stack"": ""597"", ""Reach"": ""437"", ""Standover height"": ""804"", ""BB drop"": ""12""}",3999,false,https://www.ktm-bikes.at/e-bikes/detail/mx2270026108-macina-lycan-892-l-48-mx2270026108macina-lycan-892grey-matt-black-orange-1x12-shimano-deore-2027,https://www.ktm-bikes.at/e-bikes/detail/mx2270026108-macina-lycan-892-l-48-mx2270026108macina-lycan-892grey-matt-black-orange-1x12-shimano-deore-2027,html,2026-10-05
KTM,MACINA [8d7664be],MACINA LYCAN 892,2027,emtb,M (43),M,43,,,,,610,454,"{""Seattube length"": ""430"", ""Toptube length"": ""600"", ""Seat angle"": ""76,5° (74,9°)"", ""Head angle"": ""65,5°"", ""Headtube length"": ""100"", ""Chainstay length"": ""460"", ""Wheelbase"": ""1225"", ""Stack"": ""610"", ""Reach"": ""454"", ""Standover height"": ""815"", ""BB drop"": ""30""}",3999,false,https://www.ktm-bikes.at/e-bikes/detail/mx2270026108-macina-lycan-892-l-48-mx2270026108macina-lycan-892grey-matt-black-orange-1x12-shimano-deore-2027,https://www.ktm-bikes.at/e-bikes/detail/mx2270026108-macina-lycan-892-l-48-mx2270026108macina-lycan-892grey-matt-black-orange-1x12-shimano-deore-2027,html,2026-10-05
KTM,MACINA [8d7664be],MACINA LYCAN 892,2027,emtb,L (48),L,48,,,,,623,470,"{""Seattube length"": ""450"", ""Toptube length"": ""620"", ""Seat angle"": ""76,5° (74,6°)"", ""Head angle"": ""65,5°"", ""Headtube length"": ""115"", ""Chainstay length"": ""460"", ""Wheelbase"": ""1248"", ""Stack"": ""623"", ""Reach"": ""470"", ""Standover height"": ""823"", ""BB drop"": ""30""}",3999,false,https://www.ktm-bikes.at/e-bikes/detail/mx2270026108-macina-lycan-892-l-48-mx2270026108macina-lycan-892grey-matt-black-orange-1x12-shimano-deore-2027,https://www.ktm-bikes.at/e-bikes/detail/mx2270026108-macina-lycan-892-l-48-mx2270026108macina-lycan-892grey-matt-black-orange-1x12-shimano-deore-2027,html,2026-10-05
KTM,MACINA [8d7664be],MACINA LYCAN 892,2027,emtb,XL (53),XL,53,,,,,637,487,"{""Seattube length"": ""480"", ""Toptube length"": ""640"", ""Seat angle"": ""76,5° (75°)"", ""Head angle"": ""65,5°"", ""Headtube length"": ""130"", ""Chainstay length"": ""460"", ""Wheelbase"": ""1271"", ""Stack"": ""637"", ""Reach"": ""487"", ""Standover height"": ""831"", ""BB drop"": ""30""}",3999,false,https://www.ktm-bikes.at/e-bikes/detail/mx2270026108-macina-lycan-892-l-48-mx2270026108macina-lycan-892grey-matt-black-orange-1x12-shimano-deore-2027,https://www.ktm-bikes.at/e-bikes/detail/mx2270026108-macina-lycan-892-l-48-mx2270026108macina-lycan-892grey-matt-black-orange-1x12-shimano-deore-2027,html,2026-10-05
KTM,MACINA [8d7664be],MACINA CHACANA PRIME L DI2,2027,emtb,S (38),S,,,,,,597,437,"{""Seattube length"": ""385"", ""Toptube length"": ""580"", ""Seat angle"": ""76,5° (74,4°)"", ""Head angle"": ""65,0°"", ""Headtube length"": ""130"", ""Chainstay length"": ""450"", ""Wheelbase"": ""1208"", ""Stack"": ""597"", ""Reach"": ""437"", ""Standover height"": ""804"", ""BB drop"": ""12""}",5699,false,https://www.ktm-bikes.at/e-bikes/detail/mx1270029108-macina-chacana-prime-l-di2-l-48-mx1270029108macina-chacana-prime-l-di2kiwi-black-1x11-shimano-cues-di2-2027,https://www.ktm-bikes.at/e-bikes/detail/mx1270029108-macina-chacana-prime-l-di2-l-48-mx1270029108macina-chacana-prime-l-di2kiwi-black-1x11-shimano-cues-di2-2027,html,2026-10-05
KTM,MACINA [8d7664be],MACINA CHACANA PRIME L DI2,2027,emtb,M (43),M,43,,,,,610,454,"{""Seattube length"": ""430"", ""Toptube length"": ""600"", ""Seat angle"": ""76,5° (74,9°)"", ""Head angle"": ""65,5°"", ""Headtube length"": ""100"", ""Chainstay length"": ""460"", ""Wheelbase"": ""1225"", ""Stack"": ""610"", ""Reach"": ""454"", ""Standover height"": ""815"", ""BB drop"": ""30""}",5699,false,https://www.ktm-bikes.at/e-bikes/detail/mx1270029108-macina-chacana-prime-l-di2-l-48-mx1270029108macina-chacana-prime-l-di2kiwi-black-1x11-shimano-cues-di2-2027,https://www.ktm-bikes.at/e-bikes/detail/mx1270029108-macina-chacana-prime-l-di2-l-48-mx1270029108macina-chacana-prime-l-di2kiwi-black-1x11-shimano-cues-di2-2027,html,2026-10-05
KTM,MACINA [8d7664be],MACINA CHACANA PRIME L DI2,2027,emtb,L (48),L,48,,,,,623,470,"{""Seattube length"": ""450"", ""Toptube length"": ""620"", ""Seat angle"": ""76,5° (74,6°)"", ""Head angle"": ""65,5°"", ""Headtube length"": ""115"", ""Chainstay length"": ""460"", ""Wheelbase"": ""1248"", ""Stack"": ""623"", ""Reach"": ""470"", ""Standover height"": ""823"", ""BB drop"": ""30""}",5699,false,https://www.ktm-bikes.at/e-bikes/detail/mx1270029108-macina-chacana-prime-l-di2-l-48-mx1270029108macina-chacana-prime-l-di2kiwi-black-1x11-shimano-cues-di2-2027,https://www.ktm-bikes.at/e-bikes/detail/mx1270029108-macina-chacana-prime-l-di2-l-48-mx1270029108macina-chacana-prime-l-di2kiwi-black-1x11-shimano-cues-di2-2027,html,2026-10-05
KTM,MACINA [8d7664be],MACINA CHACANA PRIME L DI2,2027,emtb,XL (53),XL,53,,,,,637,487,"{""Seattube length"": ""480"", ""Toptube length"": ""640"", ""Seat angle"": ""76,5° (75°)"", ""Head angle"": ""65,5°"", ""Headtube length"": ""130"", ""Chainstay length"": ""460"", ""Wheelbase"": ""1271"", ""Stack"": ""637"", ""Reach"": ""487"", ""Standover height"": ""831"", ""BB drop"": ""30""}",5699,false,https://www.ktm-bikes.at/e-bikes/detail/mx1270029108-macina-chacana-prime-l-di2-l-48-mx1270029108macina-chacana-prime-l-di2kiwi-black-1x11-shimano-cues-di2-2027,https://www.ktm-bikes.at/e-bikes/detail/mx1270029108-macina-chacana-prime-l-di2-l-48-mx1270029108macina-chacana-prime-l-di2kiwi-black-1x11-shimano-cues-di2-2027,html,2026-10-05
KTM,MACINA [8d7664be],MACINA CHACANA MASTER,2027,emtb,S (38),S,,,,,,597,437,"{""Seattube length"": ""385"", ""Toptube length"": ""580"", ""Seat angle"": ""76,5° (74,4°)"", ""Head angle"": ""65,0°"", ""Headtube length"": ""130"", ""Chainstay length"": ""450"", ""Wheelbase"": ""1208"", ""Stack"": ""597"", ""Reach"": ""437"", ""Standover height"": ""804"", ""BB drop"": ""12""}",4799,false,https://www.ktm-bikes.at/e-bikes/detail/mx2270030108-macina-chacana-master-l-48-mx2270030108macina-chacana-masterdiamond-black-matt1x11-shimano-deore-xt-lg-2027,https://www.ktm-bikes.at/e-bikes/detail/mx2270030108-macina-chacana-master-l-48-mx2270030108macina-chacana-masterdiamond-black-matt1x11-shimano-deore-xt-lg-2027,html,2026-10-05
KTM,MACINA [8d7664be],MACINA CHACANA MASTER,2027,emtb,M (43),M,43,,,,,610,454,"{""Seattube length"": ""430"", ""Toptube length"": ""600"", ""Seat angle"": ""76,5° (74,9°)"", ""Head angle"": ""65,5°"", ""Headtube length"": ""100"", ""Chainstay length"": ""460"", ""Wheelbase"": ""1225"", ""Stack"": ""610"", ""Reach"": ""454"", ""Standover height"": ""815"", ""BB drop"": ""30""}",4799,false,https://www.ktm-bikes.at/e-bikes/detail/mx2270030108-macina-chacana-master-l-48-mx2270030108macina-chacana-masterdiamond-black-matt1x11-shimano-deore-xt-lg-2027,https://www.ktm-bikes.at/e-bikes/detail/mx2270030108-macina-chacana-master-l-48-mx2270030108macina-chacana-masterdiamond-black-matt1x11-shimano-deore-xt-lg-2027,html,2026-10-05
KTM,MACINA [8d7664be],MACINA CHACANA MASTER,2027,emtb,L (48),L,48,,,,,623,470,"{""Seattube length"": ""450"", ""Toptube length"": ""620"", ""Seat angle"": ""76,5° (74,6°)"", ""Head angle"": ""65,5°"", ""Headtube length"": ""115"", ""Chainstay length"": ""460"", ""Wheelbase"": ""1248"", ""Stack"": ""623"", ""Reach"": ""470"", ""Standover height"": ""823"", ""BB drop"": ""30""}",4799,false,https://www.ktm-bikes.at/e-bikes/detail/mx2270030108-macina-chacana-master-l-48-mx2270030108macina-chacana-masterdiamond-black-matt1x11-shimano-deore-xt-lg-2027,https://www.ktm-bikes.at/e-bikes/detail/mx2270030108-macina-chacana-master-l-48-mx2270030108macina-chacana-masterdiamond-black-matt1x11-shimano-deore-xt-lg-2027,html,2026-10-05
KTM,MACINA [8d7664be],MACINA CHACANA MASTER,2027,emtb,XL (53),XL,53,,,,,637,487,"{""Seattube length"": ""480"", ""Toptube length"": ""640"", ""Seat angle"": ""76,5° (75°)"", ""Head angle"": ""65,5°"", ""Headtube length"": ""130"", ""Chainstay length"": ""460"", ""Wheelbase"": ""1271"", ""Stack"": ""637"", ""Reach"": ""487"", ""Standover height"": ""831"", ""BB drop"": ""30""}",4799,false,https://www.ktm-bikes.at/e-bikes/detail/mx2270030108-macina-chacana-master-l-48-mx2270030108macina-chacana-masterdiamond-black-matt1x11-shimano-deore-xt-lg-2027,https://www.ktm-bikes.at/e-bikes/detail/mx2270030108-macina-chacana-master-l-48-mx2270030108macina-chacana-masterdiamond-black-matt1x11-shimano-deore-xt-lg-2027,html,2026-10-05
KTM,MACINA [8d7664be],MACINA CHACANA ELITE,2027,emtb,S (38),S,,,,,,597,437,"{""Seattube length"": ""385"", ""Toptube length"": ""580"", ""Seat angle"": ""76,5° (74,4°)"", ""Head angle"": ""65,0°"", ""Headtube length"": ""130"", ""Chainstay length"": ""450"", ""Wheelbase"": ""1208"", ""Stack"": ""597"", ""Reach"": ""437"", ""Standover height"": ""804"", ""BB drop"": ""12""}",4199,false,https://www.ktm-bikes.at/e-bikes/detail/mx2270032108-macina-chacana-elite-l-48-mx2270032108macina-chacana-eliteterra-golden-dust-black-1x11-shimano-deore-lg-2027,https://www.ktm-bikes.at/e-bikes/detail/mx2270032108-macina-chacana-elite-l-48-mx2270032108macina-chacana-eliteterra-golden-dust-black-1x11-shimano-deore-lg-2027,html,2026-10-05
KTM,MACINA [8d7664be],MACINA CHACANA ELITE,2027,emtb,M (43),M,43,,,,,610,454,"{""Seattube length"": ""430"", ""Toptube length"": ""600"", ""Seat angle"": ""76,5° (74,9°)"", ""Head angle"": ""65,5°"", ""Headtube length"": ""100"", ""Chainstay length"": ""460"", ""Wheelbase"": ""1225"", ""Stack"": ""610"", ""Reach"": ""454"", ""Standover height"": ""815"", ""BB drop"": ""30""}",4199,false,https://www.ktm-bikes.at/e-bikes/detail/mx2270032108-macina-chacana-elite-l-48-mx2270032108macina-chacana-eliteterra-golden-dust-black-1x11-shimano-deore-lg-2027,https://www.ktm-bikes.at/e-bikes/detail/mx2270032108-macina-chacana-elite-l-48-mx2270032108macina-chacana-eliteterra-golden-dust-black-1x11-shimano-deore-lg-2027,html,2026-10-05
KTM,MACINA [8d7664be],MACINA CHACANA ELITE,2027,emtb,L (48),L,48,,,,,623,470,"{""Seattube length"": ""450"", ""Toptube length"": ""620"", ""Seat angle"": ""76,5° (74,6°)"", ""Head angle"": ""65,5°"", ""Headtube length"": ""115"", ""Chainstay length"": ""460"", ""Wheelbase"": ""1248"", ""Stack"": ""623"", ""Reach"": ""470"", ""Standover height"": ""823"", ""BB drop"": ""30""}",4199,false,https://www.ktm-bikes.at/e-bikes/detail/mx2270032108-macina-chacana-elite-l-48-mx2270032108macina-chacana-eliteterra-golden-dust-black-1x11-shimano-deore-lg-2027,https://www.ktm-bikes.at/e-bikes/detail/mx2270032108-macina-chacana-elite-l-48-mx2270032108macina-chacana-eliteterra-golden-dust-black-1x11-shimano-deore-lg-2027,html,2026-10-05
KTM,MACINA [8d7664be],MACINA CHACANA ELITE,2027,emtb,XL (53),XL,53,,,,,637,487,"{""Seattube length"": ""480"", ""Toptube length"": ""640"", ""Seat angle"": ""76,5° (75°)"", ""Head angle"": ""65,5°"", ""Headtube length"": ""130"", ""Chainstay length"": ""460"", ""Wheelbase"": ""1271"", ""Stack"": ""637"", ""Reach"": ""487"", ""Standover height"": ""831"", ""BB drop"": ""30""}",4199,false,https://www.ktm-bikes.at/e-bikes/detail/mx2270032108-macina-chacana-elite-l-48-mx2270032108macina-chacana-eliteterra-golden-dust-black-1x11-shimano-deore-lg-2027,https://www.ktm-bikes.at/e-bikes/detail/mx2270032108-macina-chacana-elite-l-48-mx2270032108macina-chacana-eliteterra-golden-dust-black-1x11-shimano-deore-lg-2027,html,2026-10-05
KTM,MACINA PROWLER [3cb23af0],MACINA PROWLER PRESTIGE CX-R,2027,emtb,M (43),M,43,,,,,618,443,"{""Seattube length"": ""430"", ""Toptube length"": ""602"", ""Seat angle"": ""75,6° (74,3°)"", ""Head angle"": ""64,1°"", ""Headtube length"": ""100"", ""Chainstay length"": ""452"", ""Wheelbase"": ""1241"", ""Stack"": ""618"", ""Reach"": ""443"", ""Standover height"": ""839"", ""BB drop"": ""0""}",6799,false,https://www.ktm-bikes.at/e-bikes/detail/mx1270000108-macina-prowler-prestige-cx-r-l-48-mx1270000108macina-prowler-prestige-cx-rgoblin-green-matt1x12-sram-gx-transmission-2027,https://www.ktm-bikes.at/e-bikes/detail/mx1270000108-macina-prowler-prestige-cx-r-l-48-mx1270000108macina-prowler-prestige-cx-rgoblin-green-matt1x12-sram-gx-transmission-2027,html,2026-10-05
KTM,MACINA PROWLER [3cb23af0],MACINA PROWLER PRESTIGE CX-R,2027,emtb,L (48),L,48,,,,,627,461,"{""Seattube length"": ""450"", ""Toptube length"": ""622"", ""Seat angle"": ""75,6° (74,4°)"", ""Head angle"": ""64,1°"", ""Headtube length"": ""110"", ""Chainstay length"": ""452"", ""Wheelbase"": ""1263"", ""Stack"": ""627"", ""Reach"": ""461"", ""Standover height"": ""842"", ""BB drop"": ""0""}",6799,false,https://www.ktm-bikes.at/e-bikes/detail/mx1270000108-macina-prowler-prestige-cx-r-l-48-mx1270000108macina-prowler-prestige-cx-rgoblin-green-matt1x12-sram-gx-transmission-2027,https://www.ktm-bikes.at/e-bikes/detail/mx1270000108-macina-prowler-prestige-cx-r-l-48-mx1270000108macina-prowler-prestige-cx-rgoblin-green-matt1x12-sram-gx-transmission-2027,html,2026-10-05
KTM,MACINA PROWLER [3cb23af0],MACINA PROWLER PRESTIGE CX-R,2027,emtb,XL (53),XL,53,,,,,641,483,"{""Seattube length"": ""480"", ""Toptube length"": ""647"", ""Seat angle"": ""75,6° (74,4°)"", ""Head angle"": ""64,1°"", ""Headtube length"": ""125"", ""Chainstay length"": ""452"", ""Wheelbase"": ""1292"", ""Stack"": ""641"", ""Reach"": ""483"", ""Standover height"": ""847"", ""BB drop"": ""0""}",6799,false,https://www.ktm-bikes.at/e-bikes/detail/mx1270000108-macina-prowler-prestige-cx-r-l-48-mx1270000108macina-prowler-prestige-cx-rgoblin-green-matt1x12-sram-gx-transmission-2027,https://www.ktm-bikes.at/e-bikes/detail/mx1270000108-macina-prowler-prestige-cx-r-l-48-mx1270000108macina-prowler-prestige-cx-rgoblin-green-matt1x12-sram-gx-transmission-2027,html,2026-10-05
KTM,MACINA PROWLER [3cb23af0],MACINA PROWLER MASTER CX-R,2027,emtb,M (43),M,43,,,,,618,443,"{""Seattube length"": ""430"", ""Toptube length"": ""602"", ""Seat angle"": ""75,6° (74,3°)"", ""Head angle"": ""64,1°"", ""Headtube length"": ""100"", ""Chainstay length"": ""452"", ""Wheelbase"": ""1241"", ""Stack"": ""618"", ""Reach"": ""443"", ""Standover height"": ""839"", ""BB drop"": ""0""}",5799,false,https://www.ktm-bikes.at/e-bikes/detail/mx1270001108-macina-prowler-master-cx-r-l-48-mx1270001108macina-prowler-master-cx-rgrey-beige-matt-black-1x12-sram-eagle-90-2027,https://www.ktm-bikes.at/e-bikes/detail/mx1270001108-macina-prowler-master-cx-r-l-48-mx1270001108macina-prowler-master-cx-rgrey-beige-matt-black-1x12-sram-eagle-90-2027,html,2026-10-05
KTM,MACINA PROWLER [3cb23af0],MACINA PROWLER MASTER CX-R,2027,emtb,L (48),L,48,,,,,627,461,"{""Seattube length"": ""450"", ""Toptube length"": ""622"", ""Seat angle"": ""75,6° (74,4°)"", ""Head angle"": ""64,1°"", ""Headtube length"": ""110"", ""Chainstay length"": ""452"", ""Wheelbase"": ""1263"", ""Stack"": ""627"", ""Reach"": ""461"", ""Standover height"": ""842"", ""BB drop"": ""0""}",5799,false,https://www.ktm-bikes.at/e-bikes/detail/mx1270001108-macina-prowler-master-cx-r-l-48-mx1270001108macina-prowler-master-cx-rgrey-beige-matt-black-1x12-sram-eagle-90-2027,https://www.ktm-bikes.at/e-bikes/detail/mx1270001108-macina-prowler-master-cx-r-l-48-mx1270001108macina-prowler-master-cx-rgrey-beige-matt-black-1x12-sram-eagle-90-2027,html,2026-10-05
KTM,MACINA PROWLER [3cb23af0],MACINA PROWLER MASTER CX-R,2027,emtb,XL (53),XL,53,,,,,641,483,"{""Seattube length"": ""480"", ""Toptube length"": ""647"", ""Seat angle"": ""75,6° (74,4°)"", ""Head angle"": ""64,1°"", ""Headtube length"": ""125"", ""Chainstay length"": ""452"", ""Wheelbase"": ""1292"", ""Stack"": ""641"", ""Reach"": ""483"", ""Standover height"": ""847"", ""BB drop"": ""0""}",5799,false,https://www.ktm-bikes.at/e-bikes/detail/mx1270001108-macina-prowler-master-cx-r-l-48-mx1270001108macina-prowler-master-cx-rgrey-beige-matt-black-1x12-sram-eagle-90-2027,https://www.ktm-bikes.at/e-bikes/detail/mx1270001108-macina-prowler-master-cx-r-l-48-mx1270001108macina-prowler-master-cx-rgrey-beige-matt-black-1x12-sram-eagle-90-2027,html,2026-10-05
KTM,MACINA PROWLER [3cb23af0],MACINA PROWLER ELITE CX-R,2027,emtb,M (43),M,43,,,,,618,443,"{""Seattube length"": ""430"", ""Toptube length"": ""602"", ""Seat angle"": ""75,6° (74,3°)"", ""Head angle"": ""64,1°"", ""Headtube length"": ""100"", ""Chainstay length"": ""452"", ""Wheelbase"": ""1241"", ""Stack"": ""618"", ""Reach"": ""443"", ""Standover height"": ""839"", ""BB drop"": ""0""}",5499,false,https://www.ktm-bikes.at/e-bikes/detail/mx1270002108-macina-prowler-elite-cx-r-l-48-mx1270002108macina-prowler-elite-cx-rdiamond-black-matt1x12-sram-eagle-70-2027,https://www.ktm-bikes.at/e-bikes/detail/mx1270002108-macina-prowler-elite-cx-r-l-48-mx1270002108macina-prowler-elite-cx-rdiamond-black-matt1x12-sram-eagle-70-2027,html,2026-10-05
KTM,MACINA PROWLER [3cb23af0],MACINA PROWLER ELITE CX-R,2027,emtb,L (48),L,48,,,,,627,461,"{""Seattube length"": ""450"", ""Toptube length"": ""622"", ""Seat angle"": ""75,6° (74,4°)"", ""Head angle"": ""64,1°"", ""Headtube length"": ""110"", ""Chainstay length"": ""452"", ""Wheelbase"": ""1263"", ""Stack"": ""627"", ""Reach"": ""461"", ""Standover height"": ""842"", ""BB drop"": ""0""}",5499,false,https://www.ktm-bikes.at/e-bikes/detail/mx1270002108-macina-prowler-elite-cx-r-l-48-mx1270002108macina-prowler-elite-cx-rdiamond-black-matt1x12-sram-eagle-70-2027,https://www.ktm-bikes.at/e-bikes/detail/mx1270002108-macina-prowler-elite-cx-r-l-48-mx1270002108macina-prowler-elite-cx-rdiamond-black-matt1x12-sram-eagle-70-2027,html,2026-10-05
KTM,MACINA PROWLER [3cb23af0],MACINA PROWLER ELITE CX-R,2027,emtb,XL (53),XL,53,,,,,641,483,"{""Seattube length"": ""480"", ""Toptube length"": ""647"", ""Seat angle"": ""75,6° (74,4°)"", ""Head angle"": ""64,1°"", ""Headtube length"": ""125"", ""Chainstay length"": ""452"", ""Wheelbase"": ""1292"", ""Stack"": ""641"", ""Reach"": ""483"", ""Standover height"": ""847"", ""BB drop"": ""0""}",5499,false,https://www.ktm-bikes.at/e-bikes/detail/mx1270002108-macina-prowler-elite-cx-r-l-48-mx1270002108macina-prowler-elite-cx-rdiamond-black-matt1x12-sram-eagle-70-2027,https://www.ktm-bikes.at/e-bikes/detail/mx1270002108-macina-prowler-elite-cx-r-l-48-mx1270002108macina-prowler-elite-cx-rdiamond-black-matt1x12-sram-eagle-70-2027,html,2026-10-05
KTM,MACINA AERA FS [bc7f663e],MACINA AERA FS PRIME LFC DI2,2027,emtb,XS (40),XS,40,,,,,624,372,"{""Seattube length"": ""400"", ""Toptube length"": ""575"", ""Seat angle"": ""72,0°"", ""Head angle"": ""68,0°"", ""Headtube length"": ""160"", ""Chainstay length"": ""505"", ""Wheelbase"": ""1168"", ""Stack"": ""624"", ""Reach"": ""372"", ""Standover height"": ""445"", ""BB drop"": ""20""}",5999,false,https://www.ktm-bikes.at/e-bikes/detail/mx2270090506-macina-aera-fs-prime-lfc-di2-us-46-mx2270090506macina-aera-fs-prime-lfc-di2bright-teal-matt1x11-shimano-cues-di2-2027,https://www.ktm-bikes.at/e-bikes/detail/mx2270090506-macina-aera-fs-prime-lfc-di2-us-46-mx2270090506macina-aera-fs-prime-lfc-di2bright-teal-matt1x11-shimano-cues-di2-2027,html,2026-10-05
KTM,MACINA AERA FS [bc7f663e],MACINA AERA FS PRIME LFC DI2,2027,emtb,S (46),S,46,,,,,658,396,"{""Seattube length"": ""460"", ""Toptube length"": ""610"", ""Seat angle"": ""72,0°"", ""Head angle"": ""68,0°"", ""Headtube length"": ""155"", ""Chainstay length"": ""530"", ""Wheelbase"": ""1222"", ""Stack"": ""658"", ""Reach"": ""396"", ""Standover height"": ""448"", ""BB drop"": ""40""}",5999,false,https://www.ktm-bikes.at/e-bikes/detail/mx2270090506-macina-aera-fs-prime-lfc-di2-us-46-mx2270090506macina-aera-fs-prime-lfc-di2bright-teal-matt1x11-shimano-cues-di2-2027,https://www.ktm-bikes.at/e-bikes/detail/mx2270090506-macina-aera-fs-prime-lfc-di2-us-46-mx2270090506macina-aera-fs-prime-lfc-di2bright-teal-matt1x11-shimano-cues-di2-2027,html,2026-10-05
KTM,MACINA AERA FS [bc7f663e],MACINA AERA FS PRIME LFC DI2,2027,emtb,M (51),M,51,,,,,672,401.6,"{""Seattube length"": ""510"", ""Toptube length"": ""620"", ""Seat angle"": ""72,0°"", ""Head angle"": ""69,0°"", ""Headtube length"": ""165"", ""Chainstay length"": ""530"", ""Wheelbase"": ""1220"", ""Stack"": ""672"", ""Reach"": ""401.6"", ""Standover height"": ""448"", ""BB drop"": ""40""}",5999,false,https://www.ktm-bikes.at/e-bikes/detail/mx2270090506-macina-aera-fs-prime-lfc-di2-us-46-mx2270090506macina-aera-fs-prime-lfc-di2bright-teal-matt1x11-shimano-cues-di2-2027,https://www.ktm-bikes.at/e-bikes/detail/mx2270090506-macina-aera-fs-prime-lfc-di2-us-46-mx2270090506macina-aera-fs-prime-lfc-di2bright-teal-matt1x11-shimano-cues-di2-2027,html,2026-10-05
KTM,MACINA AERA FS [bc7f663e],MACINA AERA FS PRIME LFC DI2,2027,emtb,L (56),L,56,,,,,680,414,"{""Seattube length"": ""560"", ""Toptube length"": ""635"", ""Seat angle"": ""72,0°"", ""Head angle"": ""69,0°"", ""Headtube length"": ""174"", ""Chainstay length"": ""530"", ""Wheelbase"": ""1235"", ""Stack"": ""680"", ""Reach"": ""414"", ""Standover height"": ""448"", ""BB drop"": ""40""}",5999,false,https://www.ktm-bikes.at/e-bikes/detail/mx2270090506-macina-aera-fs-prime-lfc-di2-us-46-mx2270090506macina-aera-fs-prime-lfc-di2bright-teal-matt1x11-shimano-cues-di2-2027,https://www.ktm-bikes.at/e-bikes/detail/mx2270090506-macina-aera-fs-prime-lfc-di2-us-46-mx2270090506macina-aera-fs-prime-lfc-di2bright-teal-matt1x11-shimano-cues-di2-2027,html,2026-10-05
KTM,MACINA AERA FS [bc7f663e],MACINA AERA FS ELITE LFC,2027,emtb,XS (40),XS,40,,,,,624,372,"{""Seattube length"": ""400"", ""Toptube length"": ""575"", ""Seat angle"": ""72,0°"", ""Head angle"": ""68,0°"", ""Headtube length"": ""160"", ""Chainstay length"": ""505"", ""Wheelbase"": ""1168"", ""Stack"": ""624"", ""Reach"": ""372"", ""Standover height"": ""445"", ""BB drop"": ""20""}",4899,false,https://www.ktm-bikes.at/e-bikes/detail/mx2270091506-macina-aera-fs-elite-lfc-us-46-mx2270091506macina-aera-fs-elite-lfcmoon-rock-matt-silver-1x11-shimano-deore-lg-2027,https://www.ktm-bikes.at/e-bikes/detail/mx2270091506-macina-aera-fs-elite-lfc-us-46-mx2270091506macina-aera-fs-elite-lfcmoon-rock-matt-silver-1x11-shimano-deore-lg-2027,html,2026-10-05
KTM,MACINA AERA FS [bc7f663e],MACINA AERA FS ELITE LFC,2027,emtb,S (46),S,46,,,,,658,396,"{""Seattube length"": ""460"", ""Toptube length"": ""610"", ""Seat angle"": ""72,0°"", ""Head angle"": ""68,0°"", ""Headtube length"": ""155"", ""Chainstay length"": ""530"", ""Wheelbase"": ""1222"", ""Stack"": ""658"", ""Reach"": ""396"", ""Standover height"": ""448"", ""BB drop"": ""40""}",4899,false,https://www.ktm-bikes.at/e-bikes/detail/mx2270091506-macina-aera-fs-elite-lfc-us-46-mx2270091506macina-aera-fs-elite-lfcmoon-rock-matt-silver-1x11-shimano-deore-lg-2027,https://www.ktm-bikes.at/e-bikes/detail/mx2270091506-macina-aera-fs-elite-lfc-us-46-mx2270091506macina-aera-fs-elite-lfcmoon-rock-matt-silver-1x11-shimano-deore-lg-2027,html,2026-10-05
KTM,MACINA AERA FS [bc7f663e],MACINA AERA FS ELITE LFC,2027,emtb,M (51),M,51,,,,,672,401.6,"{""Seattube length"": ""510"", ""Toptube length"": ""620"", ""Seat angle"": ""72,0°"", ""Head angle"": ""69,0°"", ""Headtube length"": ""165"", ""Chainstay length"": ""530"", ""Wheelbase"": ""1220"", ""Stack"": ""672"", ""Reach"": ""401.6"", ""Standover height"": ""448"", ""BB drop"": ""40""}",4899,false,https://www.ktm-bikes.at/e-bikes/detail/mx2270091506-macina-aera-fs-elite-lfc-us-46-mx2270091506macina-aera-fs-elite-lfcmoon-rock-matt-silver-1x11-shimano-deore-lg-2027,https://www.ktm-bikes.at/e-bikes/detail/mx2270091506-macina-aera-fs-elite-lfc-us-46-mx2270091506macina-aera-fs-elite-lfcmoon-rock-matt-silver-1x11-shimano-deore-lg-2027,html,2026-10-05
KTM,MACINA AERA FS [bc7f663e],MACINA AERA FS ELITE LFC,2027,emtb,L (56),L,56,,,,,680,414,"{""Seattube length"": ""560"", ""Toptube length"": ""635"", ""Seat angle"": ""72,0°"", ""Head angle"": ""69,0°"", ""Headtube length"": ""174"", ""Chainstay length"": ""530"", ""Wheelbase"": ""1235"", ""Stack"": ""680"", ""Reach"": ""414"", ""Standover height"": ""448"", ""BB drop"": ""40""}",4899,false,https://www.ktm-bikes.at/e-bikes/detail/mx2270091506-macina-aera-fs-elite-lfc-us-46-mx2270091506macina-aera-fs-elite-lfcmoon-rock-matt-silver-1x11-shimano-deore-lg-2027,https://www.ktm-bikes.at/e-bikes/detail/mx2270091506-macina-aera-fs-elite-lfc-us-46-mx2270091506macina-aera-fs-elite-lfcmoon-rock-matt-silver-1x11-shimano-deore-lg-2027,html,2026-10-05
KTM,MACINA CHACANA 891 XL LFC [2e424b5a],MACINA CHACANA 891 XL LFC,2027,emtb,M (43),M,43,,,,,610,454,"{""Seattube length"": ""430"", ""Toptube length"": ""600"", ""Seat angle"": ""76,5° (74,9°)"", ""Head angle"": ""65,5°"", ""Headtube length"": ""100"", ""Chainstay length"": ""460"", ""Wheelbase"": ""1225"", ""Stack"": ""610"", ""Reach"": ""454"", ""Standover height"": ""815"", ""BB drop"": ""30""}",4999,false,https://www.ktm-bikes.at/e-bikes/detail/mx2270033108-macina-chacana-891-xl-lfc-l-48-mx2270033108macina-chacana-891-xl-lfcmoon-rock-matt-black-1x11-shimano-deore-xt-lg-2027,https://www.ktm-bikes.at/e-bikes/detail/mx2270033108-macina-chacana-891-xl-lfc-l-48-mx2270033108macina-chacana-891-xl-lfcmoon-rock-matt-black-1x11-shimano-deore-xt-lg-2027,html,2026-10-05
KTM,MACINA CHACANA 891 XL LFC [2e424b5a],MACINA CHACANA 891 XL LFC,2027,emtb,L (48),L,48,,,,,623,470,"{""Seattube length"": ""450"", ""Toptube length"": ""620"", ""Seat angle"": ""76,5° (74,6°)"", ""Head angle"": ""65,5°"", ""Headtube length"": ""115"", ""Chainstay length"": ""460"", ""Wheelbase"": ""1248"", ""Stack"": ""623"", ""Reach"": ""470"", ""Standover height"": ""823"", ""BB drop"": ""30""}",4999,false,https://www.ktm-bikes.at/e-bikes/detail/mx2270033108-macina-chacana-891-xl-lfc-l-48-mx2270033108macina-chacana-891-xl-lfcmoon-rock-matt-black-1x11-shimano-deore-xt-lg-2027,https://www.ktm-bikes.at/e-bikes/detail/mx2270033108-macina-chacana-891-xl-lfc-l-48-mx2270033108macina-chacana-891-xl-lfcmoon-rock-matt-black-1x11-shimano-deore-xt-lg-2027,html,2026-10-05
KTM,MACINA CHACANA 891 XL LFC [2e424b5a],MACINA CHACANA 891 XL LFC,2027,emtb,XL (53),XL,53,,,,,637,487,"{""Seattube length"": ""480"", ""Toptube length"": ""640"", ""Seat angle"": ""76,5° (75°)"", ""Head angle"": ""65,5°"", ""Headtube length"": ""130"", ""Chainstay length"": ""460"", ""Wheelbase"": ""1271"", ""Stack"": ""637"", ""Reach"": ""487"", ""Standover height"": ""831"", ""BB drop"": ""30""}",4999,false,https://www.ktm-bikes.at/e-bikes/detail/mx2270033108-macina-chacana-891-xl-lfc-l-48-mx2270033108macina-chacana-891-xl-lfcmoon-rock-matt-black-1x11-shimano-deore-xt-lg-2027,https://www.ktm-bikes.at/e-bikes/detail/mx2270033108-macina-chacana-891-xl-lfc-l-48-mx2270033108macina-chacana-891-xl-lfcmoon-rock-matt-black-1x11-shimano-deore-xt-lg-2027,html,2026-10-05
KTM,MACINA CHACANA 891 XL LFC [2e424b5a],MACINA CHACANA 891 XL LFC,2027,emtb,XXL (57),XXL,57,,,,,651,504,"{""Seattube length"": ""520"", ""Toptube length"": ""660"", ""Seat angle"": ""76,5° (75°)"", ""Head angle"": ""65,5"", ""Headtube length"": ""145"", ""Chainstay length"": ""460"", ""Wheelbase"": ""1294"", ""Stack"": ""651"", ""Reach"": ""504"", ""Standover height"": ""839"", ""BB drop"": ""30""}",4999,false,https://www.ktm-bikes.at/e-bikes/detail/mx2270033108-macina-chacana-891-xl-lfc-l-48-mx2270033108macina-chacana-891-xl-lfcmoon-rock-matt-black-1x11-shimano-deore-xt-lg-2027,https://www.ktm-bikes.at/e-bikes/detail/mx2270033108-macina-chacana-891-xl-lfc-l-48-mx2270033108macina-chacana-891-xl-lfcmoon-rock-matt-black-1x11-shimano-deore-xt-lg-2027,html,2026-10-05
KTM,MACINA CHACANA [ca25bd99],MACINA CHACANA 892 LFC,2027,emtb,S (38),S,,,,,,597,437,"{""Seattube length"": ""385"", ""Toptube length"": ""580"", ""Seat angle"": ""76,5° (74,4°)"", ""Head angle"": ""65,0°"", ""Headtube length"": ""130"", ""Chainstay length"": ""450"", ""Wheelbase"": ""1208"", ""Stack"": ""597"", ""Reach"": ""437"", ""Standover height"": ""804"", ""BB drop"": ""12""}",4199,false,https://www.ktm-bikes.at/e-bikes/detail/mx2270035108-macina-chacana-892-lfc-l-48-mx2270035108macina-chacana-892-lfcemerald-grey-black-1x10-shimano-cues-2027,https://www.ktm-bikes.at/e-bikes/detail/mx2270035108-macina-chacana-892-lfc-l-48-mx2270035108macina-chacana-892-lfcemerald-grey-black-1x10-shimano-cues-2027,html,2026-10-05
KTM,MACINA CHACANA [ca25bd99],MACINA CHACANA 892 LFC,2027,emtb,M (43),M,43,,,,,610,454,"{""Seattube length"": ""430"", ""Toptube length"": ""600"", ""Seat angle"": ""76,5° (74,9°)"", ""Head angle"": ""65,5°"", ""Headtube length"": ""100"", ""Chainstay length"": ""460"", ""Wheelbase"": ""1225"", ""Stack"": ""610"", ""Reach"": ""454"", ""Standover height"": ""815"", ""BB drop"": ""30""}",4199,false,https://www.ktm-bikes.at/e-bikes/detail/mx2270035108-macina-chacana-892-lfc-l-48-mx2270035108macina-chacana-892-lfcemerald-grey-black-1x10-shimano-cues-2027,https://www.ktm-bikes.at/e-bikes/detail/mx2270035108-macina-chacana-892-lfc-l-48-mx2270035108macina-chacana-892-lfcemerald-grey-black-1x10-shimano-cues-2027,html,2026-10-05
KTM,MACINA CHACANA [ca25bd99],MACINA CHACANA 892 LFC,2027,emtb,L (48),L,48,,,,,623,470,"{""Seattube length"": ""450"", ""Toptube length"": ""620"", ""Seat angle"": ""76,5° (74,6°)"", ""Head angle"": ""65,5°"", ""Headtube length"": ""115"", ""Chainstay length"": ""460"", ""Wheelbase"": ""1248"", ""Stack"": ""623"", ""Reach"": ""470"", ""Standover height"": ""823"", ""BB drop"": ""30""}",4199,false,https://www.ktm-bikes.at/e-bikes/detail/mx2270035108-macina-chacana-892-lfc-l-48-mx2270035108macina-chacana-892-lfcemerald-grey-black-1x10-shimano-cues-2027,https://www.ktm-bikes.at/e-bikes/detail/mx2270035108-macina-chacana-892-lfc-l-48-mx2270035108macina-chacana-892-lfcemerald-grey-black-1x10-shimano-cues-2027,html,2026-10-05
KTM,MACINA CHACANA [ca25bd99],MACINA CHACANA 892 LFC,2027,emtb,XL (53),XL,53,,,,,637,487,"{""Seattube length"": ""480"", ""Toptube length"": ""640"", ""Seat angle"": ""76,5° (75°)"", ""Head angle"": ""65,5°"", ""Headtube length"": ""130"", ""Chainstay length"": ""460"", ""Wheelbase"": ""1271"", ""Stack"": ""637"", ""Reach"": ""487"", ""Standover height"": ""831"", ""BB drop"": ""30""}",4199,false,https://www.ktm-bikes.at/e-bikes/detail/mx2270035108-macina-chacana-892-lfc-l-48-mx2270035108macina-chacana-892-lfcemerald-grey-black-1x10-shimano-cues-2027,https://www.ktm-bikes.at/e-bikes/detail/mx2270035108-macina-chacana-892-lfc-l-48-mx2270035108macina-chacana-892-lfcemerald-grey-black-1x10-shimano-cues-2027,html,2026-10-05
KTM,MACINA CHACANA [ca25bd99],MACINA CHACANA 892 LFC,2027,emtb,XXL (57),XXL,57,,,,,651,504,"{""Seattube length"": ""520"", ""Toptube length"": ""660"", ""Seat angle"": ""76,5° (75°)"", ""Head angle"": ""65,5"", ""Headtube length"": ""145"", ""Chainstay length"": ""460"", ""Wheelbase"": ""1294"", ""Stack"": ""651"", ""Reach"": ""504"", ""Standover height"": ""839"", ""BB drop"": ""30""}",4199,false,https://www.ktm-bikes.at/e-bikes/detail/mx2270035108-macina-chacana-892-lfc-l-48-mx2270035108macina-chacana-892-lfcemerald-grey-black-1x10-shimano-cues-2027,https://www.ktm-bikes.at/e-bikes/detail/mx2270035108-macina-chacana-892-lfc-l-48-mx2270035108macina-chacana-892-lfcemerald-grey-black-1x10-shimano-cues-2027,html,2026-10-05
KTM,MACINA CHACANA [ca25bd99],MACINA CHACANA 892,2027,emtb,S (38),S,,,,,,597,437,"{""Seattube length"": ""385"", ""Toptube length"": ""580"", ""Seat angle"": ""76,5° (74,4°)"", ""Head angle"": ""65,0°"", ""Headtube length"": ""130"", ""Chainstay length"": ""450"", ""Wheelbase"": ""1208"", ""Stack"": ""597"", ""Reach"": ""437"", ""Standover height"": ""804"", ""BB drop"": ""12""}",3999,false,https://www.ktm-bikes.at/e-bikes/detail/mx2270036108-macina-chacana-892-l-48-mx2270036108macina-chacana-892grey-beige-matt-black-1x10-shimano-cues-2027,https://www.ktm-bikes.at/e-bikes/detail/mx2270036108-macina-chacana-892-l-48-mx2270036108macina-chacana-892grey-beige-matt-black-1x10-shimano-cues-2027,html,2026-10-05
KTM,MACINA CHACANA [ca25bd99],MACINA CHACANA 892,2027,emtb,M (43),M,43,,,,,610,454,"{""Seattube length"": ""430"", ""Toptube length"": ""600"", ""Seat angle"": ""76,5° (74,9°)"", ""Head angle"": ""65,5°"", ""Headtube length"": ""100"", ""Chainstay length"": ""460"", ""Wheelbase"": ""1225"", ""Stack"": ""610"", ""Reach"": ""454"", ""Standover height"": ""815"", ""BB drop"": ""30""}",3999,false,https://www.ktm-bikes.at/e-bikes/detail/mx2270036108-macina-chacana-892-l-48-mx2270036108macina-chacana-892grey-beige-matt-black-1x10-shimano-cues-2027,https://www.ktm-bikes.at/e-bikes/detail/mx2270036108-macina-chacana-892-l-48-mx2270036108macina-chacana-892grey-beige-matt-black-1x10-shimano-cues-2027,html,2026-10-05
KTM,MACINA CHACANA [ca25bd99],MACINA CHACANA 892,2027,emtb,L (48),L,48,,,,,623,470,"{""Seattube length"": ""450"", ""Toptube length"": ""620"", ""Seat angle"": ""76,5° (74,6°)"", ""Head angle"": ""65,5°"", ""Headtube length"": ""115"", ""Chainstay length"": ""460"", ""Wheelbase"": ""1248"", ""Stack"": ""623"", ""Reach"": ""470"", ""Standover height"": ""823"", ""BB drop"": ""30""}",3999,false,https://www.ktm-bikes.at/e-bikes/detail/mx2270036108-macina-chacana-892-l-48-mx2270036108macina-chacana-892grey-beige-matt-black-1x10-shimano-cues-2027,https://www.ktm-bikes.at/e-bikes/detail/mx2270036108-macina-chacana-892-l-48-mx2270036108macina-chacana-892grey-beige-matt-black-1x10-shimano-cues-2027,html,2026-10-05
KTM,MACINA CHACANA [ca25bd99],MACINA CHACANA 892,2027,emtb,XL (53),XL,53,,,,,637,487,"{""Seattube length"": ""480"", ""Toptube length"": ""640"", ""Seat angle"": ""76,5° (75°)"", ""Head angle"": ""65,5°"", ""Headtube length"": ""130"", ""Chainstay length"": ""460"", ""Wheelbase"": ""1271"", ""Stack"": ""637"", ""Reach"": ""487"", ""Standover height"": ""831"", ""BB drop"": ""30""}",3999,false,https://www.ktm-bikes.at/e-bikes/detail/mx2270036108-macina-chacana-892-l-48-mx2270036108macina-chacana-892grey-beige-matt-black-1x10-shimano-cues-2027,https://www.ktm-bikes.at/e-bikes/detail/mx2270036108-macina-chacana-892-l-48-mx2270036108macina-chacana-892grey-beige-matt-black-1x10-shimano-cues-2027,html,2026-10-05
KTM,MACINA CHACANA [ca25bd99],MACINA CHACANA 892,2027,emtb,XXL (57),XXL,57,,,,,651,504,"{""Seattube length"": ""520"", ""Toptube length"": ""660"", ""Seat angle"": ""76,5° (75°)"", ""Head angle"": ""65,5"", ""Headtube length"": ""145"", ""Chainstay length"": ""460"", ""Wheelbase"": ""1294"", ""Stack"": ""651"", ""Reach"": ""504"", ""Standover height"": ""839"", ""BB drop"": ""30""}",3999,false,https://www.ktm-bikes.at/e-bikes/detail/mx2270036108-macina-chacana-892-l-48-mx2270036108macina-chacana-892grey-beige-matt-black-1x10-shimano-cues-2027,https://www.ktm-bikes.at/e-bikes/detail/mx2270036108-macina-chacana-892-l-48-mx2270036108macina-chacana-892grey-beige-matt-black-1x10-shimano-cues-2027,html,2026-10-05
KTM,MACINA CHACANA [ca25bd99],MACINA CHACANA CX 720 LFC,2027,emtb,S (38),S,,,,,,597,437,"{""Seattube length"": ""385"", ""Toptube length"": ""580"", ""Seat angle"": ""76,5° (74,4°)"", ""Head angle"": ""65,0°"", ""Headtube length"": ""130"", ""Chainstay length"": ""450"", ""Wheelbase"": ""1208"", ""Stack"": ""597"", ""Reach"": ""437"", ""Standover height"": ""804"", ""BB drop"": ""12""}",3899,false,https://www.ktm-bikes.at/e-bikes/detail/mx2270037108-macina-chacana-cx-720-lfc-l-48-mx2270037108macina-chacana-cx-720-lfcmachine-grey-matt1x10-shimano-cues-2027,https://www.ktm-bikes.at/e-bikes/detail/mx2270037108-macina-chacana-cx-720-lfc-l-48-mx2270037108macina-chacana-cx-720-lfcmachine-grey-matt1x10-shimano-cues-2027,html,2026-10-05
KTM,MACINA CHACANA [ca25bd99],MACINA CHACANA CX 720 LFC,2027,emtb,M (43),M,43,,,,,610,454,"{""Seattube length"": ""430"", ""Toptube length"": ""600"", ""Seat angle"": ""76,5° (74,9°)"", ""Head angle"": ""65,5°"", ""Headtube length"": ""100"", ""Chainstay length"": ""460"", ""Wheelbase"": ""1225"", ""Stack"": ""610"", ""Reach"": ""454"", ""Standover height"": ""815"", ""BB drop"": ""30""}",3899,false,https://www.ktm-bikes.at/e-bikes/detail/mx2270037108-macina-chacana-cx-720-lfc-l-48-mx2270037108macina-chacana-cx-720-lfcmachine-grey-matt1x10-shimano-cues-2027,https://www.ktm-bikes.at/e-bikes/detail/mx2270037108-macina-chacana-cx-720-lfc-l-48-mx2270037108macina-chacana-cx-720-lfcmachine-grey-matt1x10-shimano-cues-2027,html,2026-10-05
KTM,MACINA CHACANA [ca25bd99],MACINA CHACANA CX 720 LFC,2027,emtb,L (48),L,48,,,,,623,470,"{""Seattube length"": ""450"", ""Toptube length"": ""620"", ""Seat angle"": ""76,5° (74,6°)"", ""Head angle"": ""65,5°"", ""Headtube length"": ""115"", ""Chainstay length"": ""460"", ""Wheelbase"": ""1248"", ""Stack"": ""623"", ""Reach"": ""470"", ""Standover height"": ""823"", ""BB drop"": ""30""}",3899,false,https://www.ktm-bikes.at/e-bikes/detail/mx2270037108-macina-chacana-cx-720-lfc-l-48-mx2270037108macina-chacana-cx-720-lfcmachine-grey-matt1x10-shimano-cues-2027,https://www.ktm-bikes.at/e-bikes/detail/mx2270037108-macina-chacana-cx-720-lfc-l-48-mx2270037108macina-chacana-cx-720-lfcmachine-grey-matt1x10-shimano-cues-2027,html,2026-10-05
KTM,MACINA CHACANA [ca25bd99],MACINA CHACANA CX 720 LFC,2027,emtb,XL (53),XL,53,,,,,637,487,"{""Seattube length"": ""480"", ""Toptube length"": ""640"", ""Seat angle"": ""76,5° (75°)"", ""Head angle"": ""65,5°"", ""Headtube length"": ""130"", ""Chainstay length"": ""460"", ""Wheelbase"": ""1271"", ""Stack"": ""637"", ""Reach"": ""487"", ""Standover height"": ""831"", ""BB drop"": ""30""}",3899,false,https://www.ktm-bikes.at/e-bikes/detail/mx2270037108-macina-chacana-cx-720-lfc-l-48-mx2270037108macina-chacana-cx-720-lfcmachine-grey-matt1x10-shimano-cues-2027,https://www.ktm-bikes.at/e-bikes/detail/mx2270037108-macina-chacana-cx-720-lfc-l-48-mx2270037108macina-chacana-cx-720-lfcmachine-grey-matt1x10-shimano-cues-2027,html,2026-10-05
KTM,MACINA CHACANA [ca25bd99],MACINA CHACANA CX 720 LFC,2027,emtb,XXL (57),XXL,57,,,,,651,504,"{""Seattube length"": ""520"", ""Toptube length"": ""660"", ""Seat angle"": ""76,5° (75°)"", ""Head angle"": ""65,5"", ""Headtube length"": ""145"", ""Chainstay length"": ""460"", ""Wheelbase"": ""1294"", ""Stack"": ""651"", ""Reach"": ""504"", ""Standover height"": ""839"", ""BB drop"": ""30""}",3899,false,https://www.ktm-bikes.at/e-bikes/detail/mx2270037108-macina-chacana-cx-720-lfc-l-48-mx2270037108macina-chacana-cx-720-lfcmachine-grey-matt1x10-shimano-cues-2027,https://www.ktm-bikes.at/e-bikes/detail/mx2270037108-macina-chacana-cx-720-lfc-l-48-mx2270037108macina-chacana-cx-720-lfcmachine-grey-matt1x10-shimano-cues-2027,html,2026-10-05
KTM,MACINA CHACANA [ca25bd99],MACINA CHACANA CX 720,2027,emtb,S (38),S,,,,,,597,437,"{""Seattube length"": ""385"", ""Toptube length"": ""580"", ""Seat angle"": ""76,5° (74,4°)"", ""Head angle"": ""65,0°"", ""Headtube length"": ""130"", ""Chainstay length"": ""450"", ""Wheelbase"": ""1208"", ""Stack"": ""597"", ""Reach"": ""437"", ""Standover height"": ""804"", ""BB drop"": ""12""}",3699,false,https://www.ktm-bikes.at/e-bikes/detail/mx2270038108-macina-chacana-cx-720-l-48-mx2270038108macina-chacana-cx-720olive-pearl-black-1x10-shimano-cues-2027,https://www.ktm-bikes.at/e-bikes/detail/mx2270038108-macina-chacana-cx-720-l-48-mx2270038108macina-chacana-cx-720olive-pearl-black-1x10-shimano-cues-2027,html,2026-10-05
KTM,MACINA CHACANA [ca25bd99],MACINA CHACANA CX 720,2027,emtb,M (43),M,43,,,,,610,454,"{""Seattube length"": ""430"", ""Toptube length"": ""600"", ""Seat angle"": ""76,5° (74,9°)"", ""Head angle"": ""65,5°"", ""Headtube length"": ""100"", ""Chainstay length"": ""460"", ""Wheelbase"": ""1225"", ""Stack"": ""610"", ""Reach"": ""454"", ""Standover height"": ""815"", ""BB drop"": ""30""}",3699,false,https://www.ktm-bikes.at/e-bikes/detail/mx2270038108-macina-chacana-cx-720-l-48-mx2270038108macina-chacana-cx-720olive-pearl-black-1x10-shimano-cues-2027,https://www.ktm-bikes.at/e-bikes/detail/mx2270038108-macina-chacana-cx-720-l-48-mx2270038108macina-chacana-cx-720olive-pearl-black-1x10-shimano-cues-2027,html,2026-10-05
KTM,MACINA CHACANA [ca25bd99],MACINA CHACANA CX 720,2027,emtb,L (48),L,48,,,,,623,470,"{""Seattube length"": ""450"", ""Toptube length"": ""620"", ""Seat angle"": ""76,5° (74,6°)"", ""Head angle"": ""65,5°"", ""Headtube length"": ""115"", ""Chainstay length"": ""460"", ""Wheelbase"": ""1248"", ""Stack"": ""623"", ""Reach"": ""470"", ""Standover height"": ""823"", ""BB drop"": ""30""}",3699,false,https://www.ktm-bikes.at/e-bikes/detail/mx2270038108-macina-chacana-cx-720-l-48-mx2270038108macina-chacana-cx-720olive-pearl-black-1x10-shimano-cues-2027,https://www.ktm-bikes.at/e-bikes/detail/mx2270038108-macina-chacana-cx-720-l-48-mx2270038108macina-chacana-cx-720olive-pearl-black-1x10-shimano-cues-2027,html,2026-10-05
KTM,MACINA CHACANA [ca25bd99],MACINA CHACANA CX 720,2027,emtb,XL (53),XL,53,,,,,637,487,"{""Seattube length"": ""480"", ""Toptube length"": ""640"", ""Seat angle"": ""76,5° (75°)"", ""Head angle"": ""65,5°"", ""Headtube length"": ""130"", ""Chainstay length"": ""460"", ""Wheelbase"": ""1271"", ""Stack"": ""637"", ""Reach"": ""487"", ""Standover height"": ""831"", ""BB drop"": ""30""}",3699,false,https://www.ktm-bikes.at/e-bikes/detail/mx2270038108-macina-chacana-cx-720-l-48-mx2270038108macina-chacana-cx-720olive-pearl-black-1x10-shimano-cues-2027,https://www.ktm-bikes.at/e-bikes/detail/mx2270038108-macina-chacana-cx-720-l-48-mx2270038108macina-chacana-cx-720olive-pearl-black-1x10-shimano-cues-2027,html,2026-10-05
KTM,MACINA CHACANA [ca25bd99],MACINA CHACANA CX 720,2027,emtb,XXL (57),XXL,57,,,,,651,504,"{""Seattube length"": ""520"", ""Toptube length"": ""660"", ""Seat angle"": ""76,5° (75°)"", ""Head angle"": ""65,5"", ""Headtube length"": ""145"", ""Chainstay length"": ""460"", ""Wheelbase"": ""1294"", ""Stack"": ""651"", ""Reach"": ""504"", ""Standover height"": ""839"", ""BB drop"": ""30""}",3699,false,https://www.ktm-bikes.at/e-bikes/detail/mx2270038108-macina-chacana-cx-720-l-48-mx2270038108macina-chacana-cx-720olive-pearl-black-1x10-shimano-cues-2027,https://www.ktm-bikes.at/e-bikes/detail/mx2270038108-macina-chacana-cx-720-l-48-mx2270038108macina-chacana-cx-720olive-pearl-black-1x10-shimano-cues-2027,html,2026-10-05
KTM,MACINA AERA [179dd29e],MACINA AERA 871 LFC DI2,2027,emtb,XS (43),XS,43,,,,,630,363,"{""Seattube length"": ""430"", ""Toptube length"": ""585"", ""Seat angle"": ""70,8°"", ""Head angle"": ""67,3°"", ""Headtube length"": ""165"", ""Chainstay length"": ""487"", ""Wheelbase"": ""1140"", ""Stack"": ""630"", ""Reach"": ""363"", ""Standover height"": ""413"", ""BB drop"": ""56""}",4999,false,https://www.ktm-bikes.at/e-bikes/detail/mx1270096506-macina-aera-871-lfc-di2-us-46-mx1270096506macina-aera-871-lfc-di2diamond-black-matt1x11-shimano-cues-di2-2027,https://www.ktm-bikes.at/e-bikes/detail/mx1270096506-macina-aera-871-lfc-di2-us-46-mx1270096506macina-aera-871-lfc-di2diamond-black-matt1x11-shimano-cues-di2-2027,html,2026-10-05
KTM,MACINA AERA [179dd29e],MACINA AERA 871 LFC DI2,2027,emtb,S (46),S,46,,,,,635,371,"{""Seattube length"": ""460"", ""Toptube length"": ""590"", ""Seat angle"": ""70,8°"", ""Head angle"": ""68,3°"", ""Headtube length"": ""165"", ""Chainstay length"": ""487"", ""Wheelbase"": ""1133"", ""Stack"": ""635"", ""Reach"": ""371"", ""Standover height"": ""413"", ""BB drop"": ""56""}",4999,false,https://www.ktm-bikes.at/e-bikes/detail/mx1270096506-macina-aera-871-lfc-di2-us-46-mx1270096506macina-aera-871-lfc-di2diamond-black-matt1x11-shimano-cues-di2-2027,https://www.ktm-bikes.at/e-bikes/detail/mx1270096506-macina-aera-871-lfc-di2-us-46-mx1270096506macina-aera-871-lfc-di2diamond-black-matt1x11-shimano-cues-di2-2027,html,2026-10-05
KTM,MACINA AERA [179dd29e],MACINA AERA 871 LFC DI2,2027,emtb,M (51),M,51,,,,,648,376,"{""Seattube length"": ""510"", ""Toptube length"": ""600"", ""Seat angle"": ""70,8°"", ""Head angle"": ""69,3°"", ""Headtube length"": ""174"", ""Chainstay length"": ""487"", ""Wheelbase"": ""1130"", ""Stack"": ""648"", ""Reach"": ""376"", ""Standover height"": ""413"", ""BB drop"": ""56""}",4999,false,https://www.ktm-bikes.at/e-bikes/detail/mx1270096506-macina-aera-871-lfc-di2-us-46-mx1270096506macina-aera-871-lfc-di2diamond-black-matt1x11-shimano-cues-di2-2027,https://www.ktm-bikes.at/e-bikes/detail/mx1270096506-macina-aera-871-lfc-di2-us-46-mx1270096506macina-aera-871-lfc-di2diamond-black-matt1x11-shimano-cues-di2-2027,html,2026-10-05
KTM,MACINA AERA [179dd29e],MACINA AERA 871 LFC DI2,2027,emtb,L (56),L,56,,,,,658,395,"{""Seattube length"": ""560"", ""Toptube length"": ""615"", ""Seat angle"": ""71,5°"", ""Head angle"": ""70,0°"", ""Headtube length"": ""190"", ""Chainstay length"": ""487"", ""Wheelbase"": ""1139"", ""Stack"": ""658"", ""Reach"": ""395"", ""Standover height"": ""422"", ""BB drop"": ""56""}",4999,false,https://www.ktm-bikes.at/e-bikes/detail/mx1270096506-macina-aera-871-lfc-di2-us-46-mx1270096506macina-aera-871-lfc-di2diamond-black-matt1x11-shimano-cues-di2-2027,https://www.ktm-bikes.at/e-bikes/detail/mx1270096506-macina-aera-871-lfc-di2-us-46-mx1270096506macina-aera-871-lfc-di2diamond-black-matt1x11-shimano-cues-di2-2027,html,2026-10-05
KTM,MACINA AERA [179dd29e],MACINA AERA 871 LFC DI2,2027,emtb,XL (60),XL,60,,,,,663,413,"{""Seattube length"": ""600"", ""Toptube length"": ""635"", ""Seat angle"": ""71,5°"", ""Head angle"": ""70,0°"", ""Headtube length"": ""195"", ""Chainstay length"": ""487"", ""Wheelbase"": ""1159"", ""Stack"": ""663"", ""Reach"": ""413"", ""Standover height"": ""422"", ""BB drop"": ""56""}",4999,false,https://www.ktm-bikes.at/e-bikes/detail/mx1270096506-macina-aera-871-lfc-di2-us-46-mx1270096506macina-aera-871-lfc-di2diamond-black-matt1x11-shimano-cues-di2-2027,https://www.ktm-bikes.at/e-bikes/detail/mx1270096506-macina-aera-871-lfc-di2-us-46-mx1270096506macina-aera-871-lfc-di2diamond-black-matt1x11-shimano-cues-di2-2027,html,2026-10-05
KTM,MACINA AERA [179dd29e],MACINA AERA 872 LFC DI2,2027,emtb,XS (43),XS,43,,,,,630,363,"{""Seattube length"": ""430"", ""Toptube length"": ""585"", ""Seat angle"": ""70,8°"", ""Head angle"": ""67,3°"", ""Headtube length"": ""165"", ""Chainstay length"": ""487"", ""Wheelbase"": ""1140"", ""Stack"": ""630"", ""Reach"": ""363"", ""Standover height"": ""413"", ""BB drop"": ""56""}",4299,false,https://www.ktm-bikes.at/e-bikes/detail/mx1270100536-macina-aera-872-lfc-di2-us-46-mx1270100536macina-aera-872-lfc-di2goblin-green-black-1x11-shimano-cues-di2-2027,https://www.ktm-bikes.at/e-bikes/detail/mx1270100536-macina-aera-872-lfc-di2-us-46-mx1270100536macina-aera-872-lfc-di2goblin-green-black-1x11-shimano-cues-di2-2027,html,2026-10-05
KTM,MACINA AERA [179dd29e],MACINA AERA 872 LFC DI2,2027,emtb,S (46),S,46,,,,,635,371,"{""Seattube length"": ""460"", ""Toptube length"": ""590"", ""Seat angle"": ""70,8°"", ""Head angle"": ""68,3°"", ""Headtube length"": ""165"", ""Chainstay length"": ""487"", ""Wheelbase"": ""1133"", ""Stack"": ""635"", ""Reach"": ""371"", ""Standover height"": ""413"", ""BB drop"": ""56""}",4299,false,https://www.ktm-bikes.at/e-bikes/detail/mx1270100536-macina-aera-872-lfc-di2-us-46-mx1270100536macina-aera-872-lfc-di2goblin-green-black-1x11-shimano-cues-di2-2027,https://www.ktm-bikes.at/e-bikes/detail/mx1270100536-macina-aera-872-lfc-di2-us-46-mx1270100536macina-aera-872-lfc-di2goblin-green-black-1x11-shimano-cues-di2-2027,html,2026-10-05
KTM,MACINA AERA [179dd29e],MACINA AERA 872 LFC DI2,2027,emtb,M (51),M,51,,,,,648,376,"{""Seattube length"": ""510"", ""Toptube length"": ""600"", ""Seat angle"": ""70,8°"", ""Head angle"": ""69,3°"", ""Headtube length"": ""174"", ""Chainstay length"": ""487"", ""Wheelbase"": ""1130"", ""Stack"": ""648"", ""Reach"": ""376"", ""Standover height"": ""413"", ""BB drop"": ""56""}",4299,false,https://www.ktm-bikes.at/e-bikes/detail/mx1270100536-macina-aera-872-lfc-di2-us-46-mx1270100536macina-aera-872-lfc-di2goblin-green-black-1x11-shimano-cues-di2-2027,https://www.ktm-bikes.at/e-bikes/detail/mx1270100536-macina-aera-872-lfc-di2-us-46-mx1270100536macina-aera-872-lfc-di2goblin-green-black-1x11-shimano-cues-di2-2027,html,2026-10-05
KTM,MACINA AERA [179dd29e],MACINA AERA 872 LFC DI2,2027,emtb,L (56),L,56,,,,,658,395,"{""Seattube length"": ""560"", ""Toptube length"": ""615"", ""Seat angle"": ""71,5°"", ""Head angle"": ""70,0°"", ""Headtube length"": ""190"", ""Chainstay length"": ""487"", ""Wheelbase"": ""1139"", ""Stack"": ""658"", ""Reach"": ""395"", ""Standover height"": ""422"", ""BB drop"": ""56""}",4299,false,https://www.ktm-bikes.at/e-bikes/detail/mx1270100536-macina-aera-872-lfc-di2-us-46-mx1270100536macina-aera-872-lfc-di2goblin-green-black-1x11-shimano-cues-di2-2027,https://www.ktm-bikes.at/e-bikes/detail/mx1270100536-macina-aera-872-lfc-di2-us-46-mx1270100536macina-aera-872-lfc-di2goblin-green-black-1x11-shimano-cues-di2-2027,html,2026-10-05
KTM,MACINA AERA [179dd29e],MACINA AERA 872 LFC DI2,2027,emtb,XL (60),XL,60,,,,,663,413,"{""Seattube length"": ""600"", ""Toptube length"": ""635"", ""Seat angle"": ""71,5°"", ""Head angle"": ""70,0°"", ""Headtube length"": ""195"", ""Chainstay length"": ""487"", ""Wheelbase"": ""1159"", ""Stack"": ""663"", ""Reach"": ""413"", ""Standover height"": ""422"", ""BB drop"": ""56""}",4299,false,https://www.ktm-bikes.at/e-bikes/detail/mx1270100536-macina-aera-872-lfc-di2-us-46-mx1270100536macina-aera-872-lfc-di2goblin-green-black-1x11-shimano-cues-di2-2027,https://www.ktm-bikes.at/e-bikes/detail/mx1270100536-macina-aera-872-lfc-di2-us-46-mx1270100536macina-aera-872-lfc-di2goblin-green-black-1x11-shimano-cues-di2-2027,html,2026-10-05
KTM,MACINA AERA [179dd29e],MACINA AERA 872 LFC,2027,emtb,XS (43),XS,43,,,,,630,363,"{""Seattube length"": ""430"", ""Toptube length"": ""585"", ""Seat angle"": ""70,8°"", ""Head angle"": ""67,3°"", ""Headtube length"": ""165"", ""Chainstay length"": ""487"", ""Wheelbase"": ""1140"", ""Stack"": ""630"", ""Reach"": ""363"", ""Standover height"": ""413"", ""BB drop"": ""56""}",3999,false,https://www.ktm-bikes.at/e-bikes/detail/mx1270097536-macina-aera-872-lfc-us-46-mx1270097536macina-aera-872-lfcsage-green-matt-black-white-1x11-shimano-cues-2027,https://www.ktm-bikes.at/e-bikes/detail/mx1270097536-macina-aera-872-lfc-us-46-mx1270097536macina-aera-872-lfcsage-green-matt-black-white-1x11-shimano-cues-2027,html,2026-10-05
KTM,MACINA AERA [179dd29e],MACINA AERA 872 LFC,2027,emtb,S (46),S,46,,,,,635,371,"{""Seattube length"": ""460"", ""Toptube length"": ""590"", ""Seat angle"": ""70,8°"", ""Head angle"": ""68,3°"", ""Headtube length"": ""165"", ""Chainstay length"": ""487"", ""Wheelbase"": ""1133"", ""Stack"": ""635"", ""Reach"": ""371"", ""Standover height"": ""413"", ""BB drop"": ""56""}",3999,false,https://www.ktm-bikes.at/e-bikes/detail/mx1270097536-macina-aera-872-lfc-us-46-mx1270097536macina-aera-872-lfcsage-green-matt-black-white-1x11-shimano-cues-2027,https://www.ktm-bikes.at/e-bikes/detail/mx1270097536-macina-aera-872-lfc-us-46-mx1270097536macina-aera-872-lfcsage-green-matt-black-white-1x11-shimano-cues-2027,html,2026-10-05
KTM,MACINA AERA [179dd29e],MACINA AERA 872 LFC,2027,emtb,M (51),M,51,,,,,648,376,"{""Seattube length"": ""510"", ""Toptube length"": ""600"", ""Seat angle"": ""70,8°"", ""Head angle"": ""69,3°"", ""Headtube length"": ""174"", ""Chainstay length"": ""487"", ""Wheelbase"": ""1130"", ""Stack"": ""648"", ""Reach"": ""376"", ""Standover height"": ""413"", ""BB drop"": ""56""}",3999,false,https://www.ktm-bikes.at/e-bikes/detail/mx1270097536-macina-aera-872-lfc-us-46-mx1270097536macina-aera-872-lfcsage-green-matt-black-white-1x11-shimano-cues-2027,https://www.ktm-bikes.at/e-bikes/detail/mx1270097536-macina-aera-872-lfc-us-46-mx1270097536macina-aera-872-lfcsage-green-matt-black-white-1x11-shimano-cues-2027,html,2026-10-05
KTM,MACINA AERA [179dd29e],MACINA AERA 872 LFC,2027,emtb,L (56),L,56,,,,,658,395,"{""Seattube length"": ""560"", ""Toptube length"": ""615"", ""Seat angle"": ""71,5°"", ""Head angle"": ""70,0°"", ""Headtube length"": ""190"", ""Chainstay length"": ""487"", ""Wheelbase"": ""1139"", ""Stack"": ""658"", ""Reach"": ""395"", ""Standover height"": ""422"", ""BB drop"": ""56""}",3999,false,https://www.ktm-bikes.at/e-bikes/detail/mx1270097536-macina-aera-872-lfc-us-46-mx1270097536macina-aera-872-lfcsage-green-matt-black-white-1x11-shimano-cues-2027,https://www.ktm-bikes.at/e-bikes/detail/mx1270097536-macina-aera-872-lfc-us-46-mx1270097536macina-aera-872-lfcsage-green-matt-black-white-1x11-shimano-cues-2027,html,2026-10-05
KTM,MACINA AERA [179dd29e],MACINA AERA 872 LFC,2027,emtb,XL (60),XL,60,,,,,663,413,"{""Seattube length"": ""600"", ""Toptube length"": ""635"", ""Seat angle"": ""71,5°"", ""Head angle"": ""70,0°"", ""Headtube length"": ""195"", ""Chainstay length"": ""487"", ""Wheelbase"": ""1159"", ""Stack"": ""663"", ""Reach"": ""413"", ""Standover height"": ""422"", ""BB drop"": ""56""}",3999,false,https://www.ktm-bikes.at/e-bikes/detail/mx1270097536-macina-aera-872-lfc-us-46-mx1270097536macina-aera-872-lfcsage-green-matt-black-white-1x11-shimano-cues-2027,https://www.ktm-bikes.at/e-bikes/detail/mx1270097536-macina-aera-872-lfc-us-46-mx1270097536macina-aera-872-lfcsage-green-matt-black-white-1x11-shimano-cues-2027,html,2026-10-05
KTM,MACINA AERA [179dd29e],MACINA AERA 873 LFC,2027,emtb,XS (43),XS,43,,,,,630,363,"{""Seattube length"": ""430"", ""Toptube length"": ""585"", ""Seat angle"": ""70,8°"", ""Head angle"": ""67,3°"", ""Headtube length"": ""165"", ""Chainstay length"": ""487"", ""Wheelbase"": ""1140"", ""Stack"": ""630"", ""Reach"": ""363"", ""Standover height"": ""413"", ""BB drop"": ""56""}",3799,false,https://www.ktm-bikes.at/e-bikes/detail/mx1270101536-macina-aera-873-lfc-us-46-mx1270101536macina-aera-873-lfcpurple-rain-silver-blue-1x11-shimano-cues-2027,https://www.ktm-bikes.at/e-bikes/detail/mx1270101536-macina-aera-873-lfc-us-46-mx1270101536macina-aera-873-lfcpurple-rain-silver-blue-1x11-shimano-cues-2027,html,2026-10-05
KTM,MACINA AERA [179dd29e],MACINA AERA 873 LFC,2027,emtb,S (46),S,46,,,,,635,371,"{""Seattube length"": ""460"", ""Toptube length"": ""590"", ""Seat angle"": ""70,8°"", ""Head angle"": ""68,3°"", ""Headtube length"": ""165"", ""Chainstay length"": ""487"", ""Wheelbase"": ""1133"", ""Stack"": ""635"", ""Reach"": ""371"", ""Standover height"": ""413"", ""BB drop"": ""56""}",3799,false,https://www.ktm-bikes.at/e-bikes/detail/mx1270101536-macina-aera-873-lfc-us-46-mx1270101536macina-aera-873-lfcpurple-rain-silver-blue-1x11-shimano-cues-2027,https://www.ktm-bikes.at/e-bikes/detail/mx1270101536-macina-aera-873-lfc-us-46-mx1270101536macina-aera-873-lfcpurple-rain-silver-blue-1x11-shimano-cues-2027,html,2026-10-05
KTM,MACINA AERA [179dd29e],MACINA AERA 873 LFC,2027,emtb,M (51),M,51,,,,,648,376,"{""Seattube length"": ""510"", ""Toptube length"": ""600"", ""Seat angle"": ""70,8°"", ""Head angle"": ""69,3°"", ""Headtube length"": ""174"", ""Chainstay length"": ""487"", ""Wheelbase"": ""1130"", ""Stack"": ""648"", ""Reach"": ""376"", ""Standover height"": ""413"", ""BB drop"": ""56""}",3799,false,https://www.ktm-bikes.at/e-bikes/detail/mx1270101536-macina-aera-873-lfc-us-46-mx1270101536macina-aera-873-lfcpurple-rain-silver-blue-1x11-shimano-cues-2027,https://www.ktm-bikes.at/e-bikes/detail/mx1270101536-macina-aera-873-lfc-us-46-mx1270101536macina-aera-873-lfcpurple-rain-silver-blue-1x11-shimano-cues-2027,html,2026-10-05
KTM,MACINA AERA [179dd29e],MACINA AERA 873 LFC,2027,emtb,L (56),L,56,,,,,658,395,"{""Seattube length"": ""560"", ""Toptube length"": ""615"", ""Seat angle"": ""71,5°"", ""Head angle"": ""70,0°"", ""Headtube length"": ""190"", ""Chainstay length"": ""487"", ""Wheelbase"": ""1139"", ""Stack"": ""658"", ""Reach"": ""395"", ""Standover height"": ""422"", ""BB drop"": ""56""}",3799,false,https://www.ktm-bikes.at/e-bikes/detail/mx1270101536-macina-aera-873-lfc-us-46-mx1270101536macina-aera-873-lfcpurple-rain-silver-blue-1x11-shimano-cues-2027,https://www.ktm-bikes.at/e-bikes/detail/mx1270101536-macina-aera-873-lfc-us-46-mx1270101536macina-aera-873-lfcpurple-rain-silver-blue-1x11-shimano-cues-2027,html,2026-10-05
KTM,MACINA AERA [179dd29e],MACINA AERA 873 LFC,2027,emtb,XL (60),XL,60,,,,,663,413,"{""Seattube length"": ""600"", ""Toptube length"": ""635"", ""Seat angle"": ""71,5°"", ""Head angle"": ""70,0°"", ""Headtube length"": ""195"", ""Chainstay length"": ""487"", ""Wheelbase"": ""1159"", ""Stack"": ""663"", ""Reach"": ""413"", ""Standover height"": ""422"", ""BB drop"": ""56""}",3799,false,https://www.ktm-bikes.at/e-bikes/detail/mx1270101536-macina-aera-873-lfc-us-46-mx1270101536macina-aera-873-lfcpurple-rain-silver-blue-1x11-shimano-cues-2027,https://www.ktm-bikes.at/e-bikes/detail/mx1270101536-macina-aera-873-lfc-us-46-mx1270101536macina-aera-873-lfcpurple-rain-silver-blue-1x11-shimano-cues-2027,html,2026-10-05
KTM,MACINA AERA [179dd29e],MACINA AERA CX 720 LFC,2027,emtb,XS (43),XS,43,,,,,630,363,"{""Seattube length"": ""430"", ""Toptube length"": ""585"", ""Seat angle"": ""70,8°"", ""Head angle"": ""67,3°"", ""Headtube length"": ""165"", ""Chainstay length"": ""487"", ""Wheelbase"": ""1140"", ""Stack"": ""630"", ""Reach"": ""363"", ""Standover height"": ""413"", ""BB drop"": ""56""}",3499,false,https://www.ktm-bikes.at/e-bikes/detail/mx1270098506-macina-aera-cx-720-lfc-us-46-mx1270098506macina-aera-cx-720-lfcmuddy-matt-black-1x10-shimano-cues-2027,https://www.ktm-bikes.at/e-bikes/detail/mx1270098506-macina-aera-cx-720-lfc-us-46-mx1270098506macina-aera-cx-720-lfcmuddy-matt-black-1x10-shimano-cues-2027,html,2026-10-05
KTM,MACINA AERA [179dd29e],MACINA AERA CX 720 LFC,2027,emtb,S (46),S,46,,,,,635,371,"{""Seattube length"": ""460"", ""Toptube length"": ""590"", ""Seat angle"": ""70,8°"", ""Head angle"": ""68,3°"", ""Headtube length"": ""165"", ""Chainstay length"": ""487"", ""Wheelbase"": ""1133"", ""Stack"": ""635"", ""Reach"": ""371"", ""Standover height"": ""413"", ""BB drop"": ""56""}",3499,false,https://www.ktm-bikes.at/e-bikes/detail/mx1270098506-macina-aera-cx-720-lfc-us-46-mx1270098506macina-aera-cx-720-lfcmuddy-matt-black-1x10-shimano-cues-2027,https://www.ktm-bikes.at/e-bikes/detail/mx1270098506-macina-aera-cx-720-lfc-us-46-mx1270098506macina-aera-cx-720-lfcmuddy-matt-black-1x10-shimano-cues-2027,html,2026-10-05
KTM,MACINA AERA [179dd29e],MACINA AERA CX 720 LFC,2027,emtb,M (51),M,51,,,,,648,376,"{""Seattube length"": ""510"", ""Toptube length"": ""600"", ""Seat angle"": ""70,8°"", ""Head angle"": ""69,3°"", ""Headtube length"": ""174"", ""Chainstay length"": ""487"", ""Wheelbase"": ""1130"", ""Stack"": ""648"", ""Reach"": ""376"", ""Standover height"": ""413"", ""BB drop"": ""56""}",3499,false,https://www.ktm-bikes.at/e-bikes/detail/mx1270098506-macina-aera-cx-720-lfc-us-46-mx1270098506macina-aera-cx-720-lfcmuddy-matt-black-1x10-shimano-cues-2027,https://www.ktm-bikes.at/e-bikes/detail/mx1270098506-macina-aera-cx-720-lfc-us-46-mx1270098506macina-aera-cx-720-lfcmuddy-matt-black-1x10-shimano-cues-2027,html,2026-10-05
KTM,MACINA AERA [179dd29e],MACINA AERA CX 720 LFC,2027,emtb,L (56),L,56,,,,,658,395,"{""Seattube length"": ""560"", ""Toptube length"": ""615"", ""Seat angle"": ""71,5°"", ""Head angle"": ""70,0°"", ""Headtube length"": ""190"", ""Chainstay length"": ""487"", ""Wheelbase"": ""1139"", ""Stack"": ""658"", ""Reach"": ""395"", ""Standover height"": ""422"", ""BB drop"": ""56""}",3499,false,https://www.ktm-bikes.at/e-bikes/detail/mx1270098506-macina-aera-cx-720-lfc-us-46-mx1270098506macina-aera-cx-720-lfcmuddy-matt-black-1x10-shimano-cues-2027,https://www.ktm-bikes.at/e-bikes/detail/mx1270098506-macina-aera-cx-720-lfc-us-46-mx1270098506macina-aera-cx-720-lfcmuddy-matt-black-1x10-shimano-cues-2027,html,2026-10-05
KTM,MACINA AERA [179dd29e],MACINA AERA CX 720 LFC,2027,emtb,XL (60),XL,60,,,,,663,413,"{""Seattube length"": ""600"", ""Toptube length"": ""635"", ""Seat angle"": ""71,5°"", ""Head angle"": ""70,0°"", ""Headtube length"": ""195"", ""Chainstay length"": ""487"", ""Wheelbase"": ""1159"", ""Stack"": ""663"", ""Reach"": ""413"", ""Standover height"": ""422"", ""BB drop"": ""56""}",3499,false,https://www.ktm-bikes.at/e-bikes/detail/mx1270098506-macina-aera-cx-720-lfc-us-46-mx1270098506macina-aera-cx-720-lfcmuddy-matt-black-1x10-shimano-cues-2027,https://www.ktm-bikes.at/e-bikes/detail/mx1270098506-macina-aera-cx-720-lfc-us-46-mx1270098506macina-aera-cx-720-lfcmuddy-matt-black-1x10-shimano-cues-2027,html,2026-10-05
KTM,MACINA [841a6fac],MACINA AERA PTS 893 LFC,2027,emtb,XS (43),XS,43,,,,,610,389,"{""Seattube length"": ""410"", ""Toptube length"": ""575"", ""Seat angle"": ""73,0°"", ""Head angle"": ""68,0°"", ""Headtube length"": ""120"", ""Chainstay length"": ""473,5"", ""Wheelbase"": ""1138"", ""Stack"": ""610"", ""Reach"": ""389"", ""Standover height"": ""489"", ""BB drop"": ""62""}",3799,false,https://www.ktm-bikes.at/e-bikes/detail/mx1270094606-macina-aera-pts-893-lfc-pts-46-mx1270094606macina-aera-pts-893-lfc-pts-46cape-town-matt-black-1x11-shimano-cues-2027,https://www.ktm-bikes.at/e-bikes/detail/mx1270094606-macina-aera-pts-893-lfc-pts-46-mx1270094606macina-aera-pts-893-lfc-pts-46cape-town-matt-black-1x11-shimano-cues-2027,html,2026-10-05
KTM,MACINA [841a6fac],MACINA AERA PTS 893 LFC,2027,emtb,S (46),S,46,,,,,630,397,"{""Seattube length"": ""440"", ""Toptube length"": ""590"", ""Seat angle"": ""73,0°"", ""Head angle"": ""68,0°"", ""Headtube length"": ""137"", ""Chainstay length"": ""473,5"", ""Wheelbase"": ""1144"", ""Stack"": ""630"", ""Reach"": ""397"", ""Standover height"": ""489"", ""BB drop"": ""62""}",3799,false,https://www.ktm-bikes.at/e-bikes/detail/mx1270094606-macina-aera-pts-893-lfc-pts-46-mx1270094606macina-aera-pts-893-lfc-pts-46cape-town-matt-black-1x11-shimano-cues-2027,https://www.ktm-bikes.at/e-bikes/detail/mx1270094606-macina-aera-pts-893-lfc-pts-46-mx1270094606macina-aera-pts-893-lfc-pts-46cape-town-matt-black-1x11-shimano-cues-2027,html,2026-10-05
KTM,MACINA [841a6fac],MACINA AERA PTS 893 LFC,2027,emtb,M (51),M,51,,,,,652,406,"{""Seattube length"": ""490"", ""Toptube length"": ""605"", ""Seat angle"": ""73,0°"", ""Head angle"": ""69,0°"", ""Headtube length"": ""155"", ""Chainstay length"": ""473,5"", ""Wheelbase"": ""1149"", ""Stack"": ""652"", ""Reach"": ""406"", ""Standover height"": ""489"", ""BB drop"": ""62""}",3799,false,https://www.ktm-bikes.at/e-bikes/detail/mx1270094606-macina-aera-pts-893-lfc-pts-46-mx1270094606macina-aera-pts-893-lfc-pts-46cape-town-matt-black-1x11-shimano-cues-2027,https://www.ktm-bikes.at/e-bikes/detail/mx1270094606-macina-aera-pts-893-lfc-pts-46-mx1270094606macina-aera-pts-893-lfc-pts-46cape-town-matt-black-1x11-shimano-cues-2027,html,2026-10-05
KTM,MACINA [841a6fac],MACINA AERA PTS 893 LFC,2027,emtb,L (56),L,56,,,,,669,415,"{""Seattube length"": ""540"", ""Toptube length"": ""620"", ""Seat angle"": ""73,0°"", ""Head angle"": ""69,0°"", ""Headtube length"": ""174"", ""Chainstay length"": ""473,5"", ""Wheelbase"": ""1165"", ""Stack"": ""669"", ""Reach"": ""415"", ""Standover height"": ""489"", ""BB drop"": ""62""}",3799,false,https://www.ktm-bikes.at/e-bikes/detail/mx1270094606-macina-aera-pts-893-lfc-pts-46-mx1270094606macina-aera-pts-893-lfc-pts-46cape-town-matt-black-1x11-shimano-cues-2027,https://www.ktm-bikes.at/e-bikes/detail/mx1270094606-macina-aera-pts-893-lfc-pts-46-mx1270094606macina-aera-pts-893-lfc-pts-46cape-town-matt-black-1x11-shimano-cues-2027,html,2026-10-05
KTM,MACINA [841a6fac],MACINA AERA PTS 893 LFC,2027,emtb,XL (60),XL,60,,,,,684,426,"{""Seattube length"": ""580"", ""Toptube length"": ""635"", ""Seat angle"": ""73,0°"", ""Head angle"": ""69,0°"", ""Headtube length"": ""190"", ""Chainstay length"": ""473,5"", ""Wheelbase"": ""1181"", ""Stack"": ""684"", ""Reach"": ""426"", ""Standover height"": ""489"", ""BB drop"": ""62""}",3799,false,https://www.ktm-bikes.at/e-bikes/detail/mx1270094606-macina-aera-pts-893-lfc-pts-46-mx1270094606macina-aera-pts-893-lfc-pts-46cape-town-matt-black-1x11-shimano-cues-2027,https://www.ktm-bikes.at/e-bikes/detail/mx1270094606-macina-aera-pts-893-lfc-pts-46-mx1270094606macina-aera-pts-893-lfc-pts-46cape-town-matt-black-1x11-shimano-cues-2027,html,2026-10-05
KTM,MACINA [841a6fac],MACINA AERA PTS CX 720 LFC,2027,emtb,XS (43),XS,43,,,,,610,389,"{""Seattube length"": ""410"", ""Toptube length"": ""575"", ""Seat angle"": ""73,0°"", ""Head angle"": ""68,0°"", ""Headtube length"": ""120"", ""Chainstay length"": ""473,5"", ""Wheelbase"": ""1138"", ""Stack"": ""610"", ""Reach"": ""389"", ""Standover height"": ""489"", ""BB drop"": ""62""}",3599,false,https://www.ktm-bikes.at/e-bikes/detail/mx1270095606-macina-aera-pts-cx-720-lfc-pts-46-mx1270095606mac-aera-pts-cx-720-lfc-pts-46diamond-black-matt1x11-shimano-cues-2027,https://www.ktm-bikes.at/e-bikes/detail/mx1270095606-macina-aera-pts-cx-720-lfc-pts-46-mx1270095606mac-aera-pts-cx-720-lfc-pts-46diamond-black-matt1x11-shimano-cues-2027,html,2026-10-05
KTM,MACINA [841a6fac],MACINA AERA PTS CX 720 LFC,2027,emtb,S (46),S,46,,,,,630,397,"{""Seattube length"": ""440"", ""Toptube length"": ""590"", ""Seat angle"": ""73,0°"", ""Head angle"": ""68,0°"", ""Headtube length"": ""137"", ""Chainstay length"": ""473,5"", ""Wheelbase"": ""1144"", ""Stack"": ""630"", ""Reach"": ""397"", ""Standover height"": ""489"", ""BB drop"": ""62""}",3599,false,https://www.ktm-bikes.at/e-bikes/detail/mx1270095606-macina-aera-pts-cx-720-lfc-pts-46-mx1270095606mac-aera-pts-cx-720-lfc-pts-46diamond-black-matt1x11-shimano-cues-2027,https://www.ktm-bikes.at/e-bikes/detail/mx1270095606-macina-aera-pts-cx-720-lfc-pts-46-mx1270095606mac-aera-pts-cx-720-lfc-pts-46diamond-black-matt1x11-shimano-cues-2027,html,2026-10-05
KTM,MACINA [841a6fac],MACINA AERA PTS CX 720 LFC,2027,emtb,M (51),M,51,,,,,652,406,"{""Seattube length"": ""490"", ""Toptube length"": ""605"", ""Seat angle"": ""73,0°"", ""Head angle"": ""69,0°"", ""Headtube length"": ""155"", ""Chainstay length"": ""473,5"", ""Wheelbase"": ""1149"", ""Stack"": ""652"", ""Reach"": ""406"", ""Standover height"": ""489"", ""BB drop"": ""62""}",3599,false,https://www.ktm-bikes.at/e-bikes/detail/mx1270095606-macina-aera-pts-cx-720-lfc-pts-46-mx1270095606mac-aera-pts-cx-720-lfc-pts-46diamond-black-matt1x11-shimano-cues-2027,https://www.ktm-bikes.at/e-bikes/detail/mx1270095606-macina-aera-pts-cx-720-lfc-pts-46-mx1270095606mac-aera-pts-cx-720-lfc-pts-46diamond-black-matt1x11-shimano-cues-2027,html,2026-10-05
KTM,MACINA [841a6fac],MACINA AERA PTS CX 720 LFC,2027,emtb,L (56),L,56,,,,,669,415,"{""Seattube length"": ""540"", ""Toptube length"": ""620"", ""Seat angle"": ""73,0°"", ""Head angle"": ""69,0°"", ""Headtube length"": ""174"", ""Chainstay length"": ""473,5"", ""Wheelbase"": ""1165"", ""Stack"": ""669"", ""Reach"": ""415"", ""Standover height"": ""489"", ""BB drop"": ""62""}",3599,false,https://www.ktm-bikes.at/e-bikes/detail/mx1270095606-macina-aera-pts-cx-720-lfc-pts-46-mx1270095606mac-aera-pts-cx-720-lfc-pts-46diamond-black-matt1x11-shimano-cues-2027,https://www.ktm-bikes.at/e-bikes/detail/mx1270095606-macina-aera-pts-cx-720-lfc-pts-46-mx1270095606mac-aera-pts-cx-720-lfc-pts-46diamond-black-matt1x11-shimano-cues-2027,html,2026-10-05
KTM,MACINA [841a6fac],MACINA AERA PTS CX 720 LFC,2027,emtb,XL (60),XL,60,,,,,684,426,"{""Seattube length"": ""580"", ""Toptube length"": ""635"", ""Seat angle"": ""73,0°"", ""Head angle"": ""69,0°"", ""Headtube length"": ""190"", ""Chainstay length"": ""473,5"", ""Wheelbase"": ""1181"", ""Stack"": ""684"", ""Reach"": ""426"", ""Standover height"": ""489"", ""BB drop"": ""62""}",3599,false,https://www.ktm-bikes.at/e-bikes/detail/mx1270095606-macina-aera-pts-cx-720-lfc-pts-46-mx1270095606mac-aera-pts-cx-720-lfc-pts-46diamond-black-matt1x11-shimano-cues-2027,https://www.ktm-bikes.at/e-bikes/detail/mx1270095606-macina-aera-pts-cx-720-lfc-pts-46-mx1270095606mac-aera-pts-cx-720-lfc-pts-46diamond-black-matt1x11-shimano-cues-2027,html,2026-10-05
KTM,MACINA [841a6fac],MACINA TEAM 892 XL PTS,2027,emtb,XS (43),XS,43,,,,,610,389,"{""Seattube length"": ""410"", ""Toptube length"": ""575"", ""Seat angle"": ""73,0°"", ""Head angle"": ""68,0°"", ""Headtube length"": ""120"", ""Chainstay length"": ""473,5"", ""Wheelbase"": ""1138"", ""Stack"": ""610"", ""Reach"": ""389"", ""Standover height"": ""489"", ""BB drop"": ""62""}",4299,false,https://www.ktm-bikes.at/e-bikes/detail/mx1270051606-macina-team-892-xl-pts-46-mx1270051606macina-team-892-xl-pts-46dark-sea-matt-grey-1x11-shimano-deore-xt-lg-2027,https://www.ktm-bikes.at/e-bikes/detail/mx1270051606-macina-team-892-xl-pts-46-mx1270051606macina-team-892-xl-pts-46dark-sea-matt-grey-1x11-shimano-deore-xt-lg-2027,html,2026-10-05
KTM,MACINA [841a6fac],MACINA TEAM 892 XL PTS,2027,emtb,S (46),S,46,,,,,630,397,"{""Seattube length"": ""440"", ""Toptube length"": ""590"", ""Seat angle"": ""73,0°"", ""Head angle"": ""68,0°"", ""Headtube length"": ""137"", ""Chainstay length"": ""473,5"", ""Wheelbase"": ""1144"", ""Stack"": ""630"", ""Reach"": ""397"", ""Standover height"": ""489"", ""BB drop"": ""62""}",4299,false,https://www.ktm-bikes.at/e-bikes/detail/mx1270051606-macina-team-892-xl-pts-46-mx1270051606macina-team-892-xl-pts-46dark-sea-matt-grey-1x11-shimano-deore-xt-lg-2027,https://www.ktm-bikes.at/e-bikes/detail/mx1270051606-macina-team-892-xl-pts-46-mx1270051606macina-team-892-xl-pts-46dark-sea-matt-grey-1x11-shimano-deore-xt-lg-2027,html,2026-10-05
KTM,MACINA [841a6fac],MACINA TEAM 892 XL PTS,2027,emtb,M (51),M,51,,,,,652,406,"{""Seattube length"": ""490"", ""Toptube length"": ""605"", ""Seat angle"": ""73,0°"", ""Head angle"": ""69,0°"", ""Headtube length"": ""155"", ""Chainstay length"": ""473,5"", ""Wheelbase"": ""1149"", ""Stack"": ""652"", ""Reach"": ""406"", ""Standover height"": ""489"", ""BB drop"": ""62""}",4299,false,https://www.ktm-bikes.at/e-bikes/detail/mx1270051606-macina-team-892-xl-pts-46-mx1270051606macina-team-892-xl-pts-46dark-sea-matt-grey-1x11-shimano-deore-xt-lg-2027,https://www.ktm-bikes.at/e-bikes/detail/mx1270051606-macina-team-892-xl-pts-46-mx1270051606macina-team-892-xl-pts-46dark-sea-matt-grey-1x11-shimano-deore-xt-lg-2027,html,2026-10-05
KTM,MACINA [841a6fac],MACINA TEAM 892 XL PTS,2027,emtb,L (56),L,56,,,,,669,415,"{""Seattube length"": ""540"", ""Toptube length"": ""620"", ""Seat angle"": ""73,0°"", ""Head angle"": ""69,0°"", ""Headtube length"": ""174"", ""Chainstay length"": ""473,5"", ""Wheelbase"": ""1165"", ""Stack"": ""669"", ""Reach"": ""415"", ""Standover height"": ""489"", ""BB drop"": ""62""}",4299,false,https://www.ktm-bikes.at/e-bikes/detail/mx1270051606-macina-team-892-xl-pts-46-mx1270051606macina-team-892-xl-pts-46dark-sea-matt-grey-1x11-shimano-deore-xt-lg-2027,https://www.ktm-bikes.at/e-bikes/detail/mx1270051606-macina-team-892-xl-pts-46-mx1270051606macina-team-892-xl-pts-46dark-sea-matt-grey-1x11-shimano-deore-xt-lg-2027,html,2026-10-05
KTM,MACINA [841a6fac],MACINA TEAM 892 XL PTS,2027,emtb,XL (60),XL,60,,,,,684,426,"{""Seattube length"": ""580"", ""Toptube length"": ""635"", ""Seat angle"": ""73,0°"", ""Head angle"": ""69,0°"", ""Headtube length"": ""190"", ""Chainstay length"": ""473,5"", ""Wheelbase"": ""1181"", ""Stack"": ""684"", ""Reach"": ""426"", ""Standover height"": ""489"", ""BB drop"": ""62""}",4299,false,https://www.ktm-bikes.at/e-bikes/detail/mx1270051606-macina-team-892-xl-pts-46-mx1270051606macina-team-892-xl-pts-46dark-sea-matt-grey-1x11-shimano-deore-xt-lg-2027,https://www.ktm-bikes.at/e-bikes/detail/mx1270051606-macina-team-892-xl-pts-46-mx1270051606macina-team-892-xl-pts-46dark-sea-matt-grey-1x11-shimano-deore-xt-lg-2027,html,2026-10-05
KTM,MACINA TEAM 892 XL [8e393692],MACINA TEAM 892 XL,2027,emtb,M (43),M,43,,,,,618,401,"{""Seattube length"": ""430"", ""Toptube length"": ""590"", ""Seat angle"": ""73,0°"", ""Head angle"": ""68,5°"", ""Headtube length"": ""120"", ""Chainstay length"": ""460"", ""Wheelbase"": ""1132"", ""Stack"": ""618"", ""Reach"": ""401"", ""Standover height"": ""798"", ""BB drop"": ""60""}",4299,false,https://www.ktm-bikes.at/e-bikes/detail/mx1270051108-macina-team-892-xl-l-48-mx1270051108macina-team-892-xldark-sea-matt-grey-1x11-shimano-deore-xt-lg-2027,https://www.ktm-bikes.at/e-bikes/detail/mx1270051108-macina-team-892-xl-l-48-mx1270051108macina-team-892-xldark-sea-matt-grey-1x11-shimano-deore-xt-lg-2027,html,2026-10-05
KTM,MACINA TEAM 892 XL [8e393692],MACINA TEAM 892 XL,2027,emtb,L (48),L,48,,,,,625,414,"{""Seattube length"": ""480"", ""Toptube length"": ""605"", ""Seat angle"": ""73,0°"", ""Head angle"": ""69,0°"", ""Headtube length"": ""125"", ""Chainstay length"": ""460"", ""Wheelbase"": ""1142"", ""Stack"": ""625"", ""Reach"": ""414"", ""Standover height"": ""823"", ""BB drop"": ""60""}",4299,false,https://www.ktm-bikes.at/e-bikes/detail/mx1270051108-macina-team-892-xl-l-48-mx1270051108macina-team-892-xldark-sea-matt-grey-1x11-shimano-deore-xt-lg-2027,https://www.ktm-bikes.at/e-bikes/detail/mx1270051108-macina-team-892-xl-l-48-mx1270051108macina-team-892-xldark-sea-matt-grey-1x11-shimano-deore-xt-lg-2027,html,2026-10-05
KTM,MACINA TEAM 892 XL [8e393692],MACINA TEAM 892 XL,2027,emtb,XL (53),XL,53,,,,,636,430,"{""Seattube length"": ""530"", ""Toptube length"": ""625"", ""Seat angle"": ""73,0°"", ""Head angle"": ""69,0°"", ""Headtube length"": ""137"", ""Chainstay length"": ""460"", ""Wheelbase"": ""1162"", ""Stack"": ""636"", ""Reach"": ""430"", ""Standover height"": ""851"", ""BB drop"": ""60""}",4299,false,https://www.ktm-bikes.at/e-bikes/detail/mx1270051108-macina-team-892-xl-l-48-mx1270051108macina-team-892-xldark-sea-matt-grey-1x11-shimano-deore-xt-lg-2027,https://www.ktm-bikes.at/e-bikes/detail/mx1270051108-macina-team-892-xl-l-48-mx1270051108macina-team-892-xldark-sea-matt-grey-1x11-shimano-deore-xt-lg-2027,html,2026-10-05
KTM,MACINA TEAM 892 XL [8e393692],MACINA TEAM 892 XL,2027,emtb,XXL (57),XXL,57,,,,,648,447,"{""Seattube length"": ""570"", ""Toptube length"": ""645"", ""Seat angle"": ""73,0°"", ""Head angle"": ""69,0°"", ""Headtube length"": ""150"", ""Chainstay length"": ""460"", ""Wheelbase"": ""1183"", ""Stack"": ""648"", ""Reach"": ""447"", ""Standover height"": ""874"", ""BB drop"": ""78""}",4299,false,https://www.ktm-bikes.at/e-bikes/detail/mx1270051108-macina-team-892-xl-l-48-mx1270051108macina-team-892-xldark-sea-matt-grey-1x11-shimano-deore-xt-lg-2027,https://www.ktm-bikes.at/e-bikes/detail/mx1270051108-macina-team-892-xl-l-48-mx1270051108macina-team-892-xldark-sea-matt-grey-1x11-shimano-deore-xt-lg-2027,html,2026-10-05
KTM,MACINA TEAM [ddf6c026],MACINA TEAM 891,2027,emtb,M (43),M,43,,,,,618,401,"{""Seattube length"": ""430"", ""Toptube length"": ""590"", ""Seat angle"": ""73,0°"", ""Head angle"": ""68,5°"", ""Headtube length"": ""120"", ""Chainstay length"": ""460"", ""Wheelbase"": ""1132"", ""Stack"": ""618"", ""Reach"": ""401"", ""Standover height"": ""798"", ""BB drop"": ""60""}",4199,false,https://www.ktm-bikes.at/e-bikes/detail/mx1270050108-macina-team-891-l-48-mx1270050108macina-team-891goblin-green-matt1x12-shimano-deore-xt-2027,https://www.ktm-bikes.at/e-bikes/detail/mx1270050108-macina-team-891-l-48-mx1270050108macina-team-891goblin-green-matt1x12-shimano-deore-xt-2027,html,2026-10-05
KTM,MACINA TEAM [ddf6c026],MACINA TEAM 891,2027,emtb,L (48),L,48,,,,,625,414,"{""Seattube length"": ""480"", ""Toptube length"": ""605"", ""Seat angle"": ""73,0°"", ""Head angle"": ""69,0°"", ""Headtube length"": ""125"", ""Chainstay length"": ""460"", ""Wheelbase"": ""1142"", ""Stack"": ""625"", ""Reach"": ""414"", ""Standover height"": ""823"", ""BB drop"": ""60""}",4199,false,https://www.ktm-bikes.at/e-bikes/detail/mx1270050108-macina-team-891-l-48-mx1270050108macina-team-891goblin-green-matt1x12-shimano-deore-xt-2027,https://www.ktm-bikes.at/e-bikes/detail/mx1270050108-macina-team-891-l-48-mx1270050108macina-team-891goblin-green-matt1x12-shimano-deore-xt-2027,html,2026-10-05
KTM,MACINA TEAM [ddf6c026],MACINA TEAM 891,2027,emtb,XL (53),XL,53,,,,,636,430,"{""Seattube length"": ""530"", ""Toptube length"": ""625"", ""Seat angle"": ""73,0°"", ""Head angle"": ""69,0°"", ""Headtube length"": ""137"", ""Chainstay length"": ""460"", ""Wheelbase"": ""1162"", ""Stack"": ""636"", ""Reach"": ""430"", ""Standover height"": ""851"", ""BB drop"": ""60""}",4199,false,https://www.ktm-bikes.at/e-bikes/detail/mx1270050108-macina-team-891-l-48-mx1270050108macina-team-891goblin-green-matt1x12-shimano-deore-xt-2027,https://www.ktm-bikes.at/e-bikes/detail/mx1270050108-macina-team-891-l-48-mx1270050108macina-team-891goblin-green-matt1x12-shimano-deore-xt-2027,html,2026-10-05
KTM,MACINA TEAM [ddf6c026],MACINA TEAM 892,2027,emtb,M (43),M,43,,,,,618,401,"{""Seattube length"": ""430"", ""Toptube length"": ""590"", ""Seat angle"": ""73,0°"", ""Head angle"": ""68,5°"", ""Headtube length"": ""120"", ""Chainstay length"": ""460"", ""Wheelbase"": ""1132"", ""Stack"": ""618"", ""Reach"": ""401"", ""Standover height"": ""798"", ""BB drop"": ""60""}",3699,false,https://www.ktm-bikes.at/e-bikes/detail/mx1270054108-macina-team-892-l-48-mx1270054108macina-team-892diamond-black-matt1x12-shimano-deore-xt-2027,https://www.ktm-bikes.at/e-bikes/detail/mx1270054108-macina-team-892-l-48-mx1270054108macina-team-892diamond-black-matt1x12-shimano-deore-xt-2027,html,2026-10-05
KTM,MACINA TEAM [ddf6c026],MACINA TEAM 892,2027,emtb,L (48),L,48,,,,,625,414,"{""Seattube length"": ""480"", ""Toptube length"": ""605"", ""Seat angle"": ""73,0°"", ""Head angle"": ""69,0°"", ""Headtube length"": ""125"", ""Chainstay length"": ""460"", ""Wheelbase"": ""1142"", ""Stack"": ""625"", ""Reach"": ""414"", ""Standover height"": ""823"", ""BB drop"": ""60""}",3699,false,https://www.ktm-bikes.at/e-bikes/detail/mx1270054108-macina-team-892-l-48-mx1270054108macina-team-892diamond-black-matt1x12-shimano-deore-xt-2027,https://www.ktm-bikes.at/e-bikes/detail/mx1270054108-macina-team-892-l-48-mx1270054108macina-team-892diamond-black-matt1x12-shimano-deore-xt-2027,html,2026-10-05
KTM,MACINA TEAM [ddf6c026],MACINA TEAM 892,2027,emtb,XL (53),XL,53,,,,,636,430,"{""Seattube length"": ""530"", ""Toptube length"": ""625"", ""Seat angle"": ""73,0°"", ""Head angle"": ""69,0°"", ""Headtube length"": ""137"", ""Chainstay length"": ""460"", ""Wheelbase"": ""1162"", ""Stack"": ""636"", ""Reach"": ""430"", ""Standover height"": ""851"", ""BB drop"": ""60""}",3699,false,https://www.ktm-bikes.at/e-bikes/detail/mx1270054108-macina-team-892-l-48-mx1270054108macina-team-892diamond-black-matt1x12-shimano-deore-xt-2027,https://www.ktm-bikes.at/e-bikes/detail/mx1270054108-macina-team-892-l-48-mx1270054108macina-team-892diamond-black-matt1x12-shimano-deore-xt-2027,html,2026-10-05
KTM,MACINA TEAM [ddf6c026],MACINA TEAM 893 LFC,2027,emtb,M (43),M,43,,,,,618,401,"{""Seattube length"": ""430"", ""Toptube length"": ""590"", ""Seat angle"": ""73,0°"", ""Head angle"": ""68,5°"", ""Headtube length"": ""120"", ""Chainstay length"": ""460"", ""Wheelbase"": ""1132"", ""Stack"": ""618"", ""Reach"": ""401"", ""Standover height"": ""798"", ""BB drop"": ""60""}",3699,false,https://www.ktm-bikes.at/e-bikes/detail/mx1270056108-macina-team-893-lfc-l-48-mx1270056108macina-team-893-lfcmuddy-matt-black-silver-1x11-shimano-cues-2027,https://www.ktm-bikes.at/e-bikes/detail/mx1270056108-macina-team-893-lfc-l-48-mx1270056108macina-team-893-lfcmuddy-matt-black-silver-1x11-shimano-cues-2027,html,2026-10-05
KTM,MACINA TEAM [ddf6c026],MACINA TEAM 893 LFC,2027,emtb,L (48),L,48,,,,,625,414,"{""Seattube length"": ""480"", ""Toptube length"": ""605"", ""Seat angle"": ""73,0°"", ""Head angle"": ""69,0°"", ""Headtube length"": ""125"", ""Chainstay length"": ""460"", ""Wheelbase"": ""1142"", ""Stack"": ""625"", ""Reach"": ""414"", ""Standover height"": ""823"", ""BB drop"": ""60""}",3699,false,https://www.ktm-bikes.at/e-bikes/detail/mx1270056108-macina-team-893-lfc-l-48-mx1270056108macina-team-893-lfcmuddy-matt-black-silver-1x11-shimano-cues-2027,https://www.ktm-bikes.at/e-bikes/detail/mx1270056108-macina-team-893-lfc-l-48-mx1270056108macina-team-893-lfcmuddy-matt-black-silver-1x11-shimano-cues-2027,html,2026-10-05
KTM,MACINA TEAM [ddf6c026],MACINA TEAM 893 LFC,2027,emtb,XL (53),XL,53,,,,,636,430,"{""Seattube length"": ""530"", ""Toptube length"": ""625"", ""Seat angle"": ""73,0°"", ""Head angle"": ""69,0°"", ""Headtube length"": ""137"", ""Chainstay length"": ""460"", ""Wheelbase"": ""1162"", ""Stack"": ""636"", ""Reach"": ""430"", ""Standover height"": ""851"", ""BB drop"": ""60""}",3699,false,https://www.ktm-bikes.at/e-bikes/detail/mx1270056108-macina-team-893-lfc-l-48-mx1270056108macina-team-893-lfcmuddy-matt-black-silver-1x11-shimano-cues-2027,https://www.ktm-bikes.at/e-bikes/detail/mx1270056108-macina-team-893-lfc-l-48-mx1270056108macina-team-893-lfcmuddy-matt-black-silver-1x11-shimano-cues-2027,html,2026-10-05
KTM,MACINA TEAM [ddf6c026],MACINA TEAM 893,2027,emtb,M (43),M,43,,,,,618,401,"{""Seattube length"": ""430"", ""Toptube length"": ""590"", ""Seat angle"": ""73,0°"", ""Head angle"": ""68,5°"", ""Headtube length"": ""120"", ""Chainstay length"": ""460"", ""Wheelbase"": ""1132"", ""Stack"": ""618"", ""Reach"": ""401"", ""Standover height"": ""798"", ""BB drop"": ""60""}",3499,false,https://www.ktm-bikes.at/e-bikes/detail/mx1270057138-macina-team-893-l-48-mx1270057138macina-team-893olive-pearl-black-silver-1x12-sram-sx-2027,https://www.ktm-bikes.at/e-bikes/detail/mx1270057138-macina-team-893-l-48-mx1270057138macina-team-893olive-pearl-black-silver-1x12-sram-sx-2027,html,2026-10-05
KTM,MACINA TEAM [ddf6c026],MACINA TEAM 893,2027,emtb,L (48),L,48,,,,,625,414,"{""Seattube length"": ""480"", ""Toptube length"": ""605"", ""Seat angle"": ""73,0°"", ""Head angle"": ""69,0°"", ""Headtube length"": ""125"", ""Chainstay length"": ""460"", ""Wheelbase"": ""1142"", ""Stack"": ""625"", ""Reach"": ""414"", ""Standover height"": ""823"", ""BB drop"": ""60""}",3499,false,https://www.ktm-bikes.at/e-bikes/detail/mx1270057138-macina-team-893-l-48-mx1270057138macina-team-893olive-pearl-black-silver-1x12-sram-sx-2027,https://www.ktm-bikes.at/e-bikes/detail/mx1270057138-macina-team-893-l-48-mx1270057138macina-team-893olive-pearl-black-silver-1x12-sram-sx-2027,html,2026-10-05
KTM,MACINA TEAM [ddf6c026],MACINA TEAM 893,2027,emtb,XL (53),XL,53,,,,,636,430,"{""Seattube length"": ""530"", ""Toptube length"": ""625"", ""Seat angle"": ""73,0°"", ""Head angle"": ""69,0°"", ""Headtube length"": ""137"", ""Chainstay length"": ""460"", ""Wheelbase"": ""1162"", ""Stack"": ""636"", ""Reach"": ""430"", ""Standover height"": ""851"", ""BB drop"": ""60""}",3499,false,https://www.ktm-bikes.at/e-bikes/detail/mx1270057138-macina-team-893-l-48-mx1270057138macina-team-893olive-pearl-black-silver-1x12-sram-sx-2027,https://www.ktm-bikes.at/e-bikes/detail/mx1270057138-macina-team-893-l-48-mx1270057138macina-team-893olive-pearl-black-silver-1x12-sram-sx-2027,html,2026-10-05
KTM,MACINA TEAM 872 [ecc3ae18],MACINA TEAM 872,2027,emtb,S (38),S,,,,,,583,408,"{""Seattube length"": ""380"", ""Toptube length"": ""575"", ""Seat angle"": ""74,0°"", ""Head angle"": ""69,0°"", ""Headtube length"": ""120"", ""Chainstay length"": ""443"", ""Wheelbase"": ""1101"", ""Stack"": ""583"", ""Reach"": ""408"", ""Standover height"": ""760"", ""BB drop"": ""47""}",3699,false,https://www.ktm-bikes.at/e-bikes/detail/mx1270055103-macina-team-872-m-43-mx1270055103macina-team-872-m-43diamond-black-matt1x12-shimano-deore-xt-2027,https://www.ktm-bikes.at/e-bikes/detail/mx1270055103-macina-team-872-m-43-mx1270055103macina-team-872-m-43diamond-black-matt1x12-shimano-deore-xt-2027,html,2026-10-05
KTM,MACINA TEAM 872 [ecc3ae18],MACINA TEAM 872,2027,emtb,M (43),M,43,,,,,588,417,"{""Seattube length"": ""430"", ""Toptube length"": ""585"", ""Seat angle"": ""74,0°"", ""Head angle"": ""69,0°"", ""Headtube length"": ""125"", ""Chainstay length"": ""443"", ""Wheelbase"": ""1112"", ""Stack"": ""588"", ""Reach"": ""417"", ""Standover height"": ""773"", ""BB drop"": ""47""}",3699,false,https://www.ktm-bikes.at/e-bikes/detail/mx1270055103-macina-team-872-m-43-mx1270055103macina-team-872-m-43diamond-black-matt1x12-shimano-deore-xt-2027,https://www.ktm-bikes.at/e-bikes/detail/mx1270055103-macina-team-872-m-43-mx1270055103macina-team-872-m-43diamond-black-matt1x12-shimano-deore-xt-2027,html,2026-10-05
KTM,MACINA TEAM 873 [f7d6fdc3],MACINA TEAM 873,2027,emtb,S (38),S,,,,,,583,408,"{""Seattube length"": ""380"", ""Toptube length"": ""575"", ""Seat angle"": ""74,0°"", ""Head angle"": ""69,0°"", ""Headtube length"": ""120"", ""Chainstay length"": ""443"", ""Wheelbase"": ""1101"", ""Stack"": ""583"", ""Reach"": ""408"", ""Standover height"": ""760"", ""BB drop"": ""47""}",3499,false,https://www.ktm-bikes.at/e-bikes/detail/mx1270058103-macina-team-873-m-43-mx1270058103macina-team-873cape-town-matt-black-silver-1x12-sram-sx-2027,https://www.ktm-bikes.at/e-bikes/detail/mx1270058103-macina-team-873-m-43-mx1270058103macina-team-873cape-town-matt-black-silver-1x12-sram-sx-2027,html,2026-10-05
KTM,MACINA TEAM 873 [f7d6fdc3],MACINA TEAM 873,2027,emtb,M (43),M,43,,,,,588,417,"{""Seattube length"": ""430"", ""Toptube length"": ""585"", ""Seat angle"": ""74,0°"", ""Head angle"": ""69,0°"", ""Headtube length"": ""125"", ""Chainstay length"": ""443"", ""Wheelbase"": ""1112"", ""Stack"": ""588"", ""Reach"": ""417"", ""Standover height"": ""773"", ""BB drop"": ""47""}",3499,false,https://www.ktm-bikes.at/e-bikes/detail/mx1270058103-macina-team-873-m-43-mx1270058103macina-team-873cape-town-matt-black-silver-1x12-sram-sx-2027,https://www.ktm-bikes.at/e-bikes/detail/mx1270058103-macina-team-873-m-43-mx1270058103macina-team-873cape-town-matt-black-silver-1x12-sram-sx-2027,html,2026-10-05
KTM,MACINA TEAM 873 [f7d6fdc3],MACINA TEAM 873,2027,emtb,L (48),L,48,,,,,599,423,"{""Seattube length"": ""480"", ""Toptube length"": ""595"", ""Seat angle"": ""74,0°"", ""Head angle"": ""69,0°"", ""Headtube length"": ""137"", ""Chainstay length"": ""443"", ""Wheelbase"": ""1123"", ""Stack"": ""599"", ""Reach"": ""423"", ""Standover height"": ""802"", ""BB drop"": ""47""}",3499,false,https://www.ktm-bikes.at/e-bikes/detail/mx1270058103-macina-team-873-m-43-mx1270058103macina-team-873cape-town-matt-black-silver-1x12-sram-sx-2027,https://www.ktm-bikes.at/e-bikes/detail/mx1270058103-macina-team-873-m-43-mx1270058103macina-team-873cape-town-matt-black-silver-1x12-sram-sx-2027,html,2026-10-05
KTM,MACINA TEAM 750 [fbafe3c4],MACINA TEAM 750 LFC LTD,2027,emtb,M (43),M,43,,,,,618,400,"{""Seattube length"": ""430"", ""Toptube length"": ""589"", ""Seat angle"": ""73,0°"", ""Head angle"": ""68,5°"", ""Headtube length"": ""120"", ""Chainstay length"": ""474"", ""Wheelbase"": ""1145"", ""Stack"": ""618"", ""Reach"": ""400"", ""Standover height"": ""806"", ""BB drop"": ""60""}",3199,false,https://www.ktm-bikes.at/e-bikes/detail/mx1270062108-macina-team-750-lfc-ltd-l-48-mx1270062108macina-team-750-lfc-ltdbright-teal-matt-blck-silver-1x12-sram-sx-2027,https://www.ktm-bikes.at/e-bikes/detail/mx1270062108-macina-team-750-lfc-ltd-l-48-mx1270062108macina-team-750-lfc-ltdbright-teal-matt-blck-silver-1x12-sram-sx-2027,html,2026-10-05
KTM,MACINA TEAM 750 [fbafe3c4],MACINA TEAM 750 LFC LTD,2027,emtb,L (48),L,48,,,,,625,414,"{""Seattube length"": ""480"", ""Toptube length"": ""605"", ""Seat angle"": ""73,0°"", ""Head angle"": ""69,0°"", ""Headtube length"": ""125"", ""Chainstay length"": ""474"", ""Wheelbase"": ""1156"", ""Stack"": ""625"", ""Reach"": ""414"", ""Standover height"": ""807"", ""BB drop"": ""60""}",3199,false,https://www.ktm-bikes.at/e-bikes/detail/mx1270062108-macina-team-750-lfc-ltd-l-48-mx1270062108macina-team-750-lfc-ltdbright-teal-matt-blck-silver-1x12-sram-sx-2027,https://www.ktm-bikes.at/e-bikes/detail/mx1270062108-macina-team-750-lfc-ltd-l-48-mx1270062108macina-team-750-lfc-ltdbright-teal-matt-blck-silver-1x12-sram-sx-2027,html,2026-10-05
KTM,MACINA TEAM 750 [fbafe3c4],MACINA TEAM 750 LFC LTD,2027,emtb,XL (53),XL,53,,,,,636,430,"{""Seattube length"": ""530"", ""Toptube length"": ""625"", ""Seat angle"": ""73,0°"", ""Head angle"": ""69,0°"", ""Headtube length"": ""137"", ""Chainstay length"": ""474"", ""Wheelbase"": ""1177"", ""Stack"": ""636"", ""Reach"": ""430"", ""Standover height"": ""834"", ""BB drop"": ""60""}",3199,false,https://www.ktm-bikes.at/e-bikes/detail/mx1270062108-macina-team-750-lfc-ltd-l-48-mx1270062108macina-team-750-lfc-ltdbright-teal-matt-blck-silver-1x12-sram-sx-2027,https://www.ktm-bikes.at/e-bikes/detail/mx1270062108-macina-team-750-lfc-ltd-l-48-mx1270062108macina-team-750-lfc-ltdbright-teal-matt-blck-silver-1x12-sram-sx-2027,html,2026-10-05
KTM,MACINA TEAM 750 [fbafe3c4],MACINA TEAM 750 LTD,2027,emtb,M (43),M,43,,,,,618,400,"{""Seattube length"": ""430"", ""Toptube length"": ""589"", ""Seat angle"": ""73,0°"", ""Head angle"": ""68,5°"", ""Headtube length"": ""120"", ""Chainstay length"": ""474"", ""Wheelbase"": ""1145"", ""Stack"": ""618"", ""Reach"": ""400"", ""Standover height"": ""806"", ""BB drop"": ""60""}",2999,false,https://www.ktm-bikes.at/e-bikes/detail/mx1270063108-macina-team-750-ltd-l-48-mx1270063108macina-team-750-ltddiamond-black-matt1x12-sram-sx-2027,https://www.ktm-bikes.at/e-bikes/detail/mx1270063108-macina-team-750-ltd-l-48-mx1270063108macina-team-750-ltddiamond-black-matt1x12-sram-sx-2027,html,2026-10-05
KTM,MACINA TEAM 750 [fbafe3c4],MACINA TEAM 750 LTD,2027,emtb,L (48),L,48,,,,,625,414,"{""Seattube length"": ""480"", ""Toptube length"": ""605"", ""Seat angle"": ""73,0°"", ""Head angle"": ""69,0°"", ""Headtube length"": ""125"", ""Chainstay length"": ""474"", ""Wheelbase"": ""1156"", ""Stack"": ""625"", ""Reach"": ""414"", ""Standover height"": ""807"", ""BB drop"": ""60""}",2999,false,https://www.ktm-bikes.at/e-bikes/detail/mx1270063108-macina-team-750-ltd-l-48-mx1270063108macina-team-750-ltddiamond-black-matt1x12-sram-sx-2027,https://www.ktm-bikes.at/e-bikes/detail/mx1270063108-macina-team-750-ltd-l-48-mx1270063108macina-team-750-ltddiamond-black-matt1x12-sram-sx-2027,html,2026-10-05
KTM,MACINA TEAM 750 [fbafe3c4],MACINA TEAM 750 LTD,2027,emtb,XL (53),XL,53,,,,,636,430,"{""Seattube length"": ""530"", ""Toptube length"": ""625"", ""Seat angle"": ""73,0°"", ""Head angle"": ""69,0°"", ""Headtube length"": ""137"", ""Chainstay length"": ""474"", ""Wheelbase"": ""1177"", ""Stack"": ""636"", ""Reach"": ""430"", ""Standover height"": ""834"", ""BB drop"": ""60""}",2999,false,https://www.ktm-bikes.at/e-bikes/detail/mx1270063108-macina-team-750-ltd-l-48-mx1270063108macina-team-750-ltddiamond-black-matt1x12-sram-sx-2027,https://www.ktm-bikes.at/e-bikes/detail/mx1270063108-macina-team-750-ltd-l-48-mx1270063108macina-team-750-ltddiamond-black-matt1x12-sram-sx-2027,html,2026-10-05
KTM,MACINA SCARP SX [f7f79a76],MACINA SCARP SX EXONIC,2027,emtb,M (43),M,43,,,,,601,456,"{""Seattube length"": ""430"", ""Toptube length"": ""600"", ""Seat angle"": ""76,5° (75°)"", ""Head angle"": ""66,0°"", ""Headtube length"": ""90"", ""Chainstay length"": ""451"", ""Wheelbase"": ""1208"", ""Stack"": ""601"", ""Reach"": ""456"", ""Standover height"": ""809"", ""BB drop"": ""30""}",9699,false,https://www.ktm-bikes.at/light-ebikes/detail/mx1260040108-macina-scarp-sx-exonic-xx-t-type-l-48-mx1260040108-macina-scarp-sx-exonic-fresh-orange-dark-chrome-1x12-sram-xx-transmission-2027,https://www.ktm-bikes.at/light-ebikes/detail/mx1260040108-macina-scarp-sx-exonic-xx-t-type-l-48-mx1260040108-macina-scarp-sx-exonic-fresh-orange-dark-chrome-1x12-sram-xx-transmission-2027,html,2026-10-05
KTM,MACINA SCARP SX [f7f79a76],MACINA SCARP SX EXONIC,2027,emtb,L (48L),L,48,,,,,615,472,"{""Seattube length"": ""450"", ""Toptube length"": ""620"", ""Seat angle"": ""76,5° (75°)"", ""Head angle"": ""66,0°"", ""Headtube length"": ""105"", ""Chainstay length"": ""451"", ""Wheelbase"": ""1231"", ""Stack"": ""615"", ""Reach"": ""472"", ""Standover height"": ""817"", ""BB drop"": ""30""}",9699,false,https://www.ktm-bikes.at/light-ebikes/detail/mx1260040108-macina-scarp-sx-exonic-xx-t-type-l-48-mx1260040108-macina-scarp-sx-exonic-fresh-orange-dark-chrome-1x12-sram-xx-transmission-2027,https://www.ktm-bikes.at/light-ebikes/detail/mx1260040108-macina-scarp-sx-exonic-xx-t-type-l-48-mx1260040108-macina-scarp-sx-exonic-fresh-orange-dark-chrome-1x12-sram-xx-transmission-2027,html,2026-10-05
KTM,MACINA SCARP SX [f7f79a76],MACINA SCARP SX EXONIC,2027,emtb,XL (53),XL,53,,,,,629,499,"{""Seattube length"": ""480"", ""Toptube length"": ""650"", ""Seat angle"": ""76,5° (75°)"", ""Head angle"": ""66,0°"", ""Headtube length"": ""120"", ""Chainstay length"": ""451"", ""Wheelbase"": ""1264"", ""Stack"": ""629"", ""Reach"": ""499"", ""Standover height"": ""825"", ""BB drop"": ""30""}",9699,false,https://www.ktm-bikes.at/light-ebikes/detail/mx1260040108-macina-scarp-sx-exonic-xx-t-type-l-48-mx1260040108-macina-scarp-sx-exonic-fresh-orange-dark-chrome-1x12-sram-xx-transmission-2027,https://www.ktm-bikes.at/light-ebikes/detail/mx1260040108-macina-scarp-sx-exonic-xx-t-type-l-48-mx1260040108-macina-scarp-sx-exonic-fresh-orange-dark-chrome-1x12-sram-xx-transmission-2027,html,2026-10-05
KTM,MACINA SCARP SX [f7f79a76],MACINA SCARP SX PRESTIGE DI2,2027,emtb,M (43),M,43,,,,,601,456,"{""Seattube length"": ""430"", ""Toptube length"": ""600"", ""Seat angle"": ""76,5° (75°)"", ""Head angle"": ""66,0°"", ""Headtube length"": ""90"", ""Chainstay length"": ""451"", ""Wheelbase"": ""1208"", ""Stack"": ""601"", ""Reach"": ""456"", ""Standover height"": ""809"", ""BB drop"": ""30""}",8399,false,https://www.ktm-bikes.at/light-ebikes/detail/mx1260044108-macina-scarp-sx-prestige-di2-l-48-mx1260044108macina-scarp-sx-prestige-di2olive-pearl-black-1x11-shimano-deore-xt-di2-lg-2027,https://www.ktm-bikes.at/light-ebikes/detail/mx1260044108-macina-scarp-sx-prestige-di2-l-48-mx1260044108macina-scarp-sx-prestige-di2olive-pearl-black-1x11-shimano-deore-xt-di2-lg-2027,html,2026-10-05
KTM,MACINA SCARP SX [f7f79a76],MACINA SCARP SX PRESTIGE DI2,2027,emtb,L (48L),L,48,,,,,615,472,"{""Seattube length"": ""450"", ""Toptube length"": ""620"", ""Seat angle"": ""76,5° (75°)"", ""Head angle"": ""66,0°"", ""Headtube length"": ""105"", ""Chainstay length"": ""451"", ""Wheelbase"": ""1231"", ""Stack"": ""615"", ""Reach"": ""472"", ""Standover height"": ""817"", ""BB drop"": ""30""}",8399,false,https://www.ktm-bikes.at/light-ebikes/detail/mx1260044108-macina-scarp-sx-prestige-di2-l-48-mx1260044108macina-scarp-sx-prestige-di2olive-pearl-black-1x11-shimano-deore-xt-di2-lg-2027,https://www.ktm-bikes.at/light-ebikes/detail/mx1260044108-macina-scarp-sx-prestige-di2-l-48-mx1260044108macina-scarp-sx-prestige-di2olive-pearl-black-1x11-shimano-deore-xt-di2-lg-2027,html,2026-10-05
KTM,MACINA SCARP SX [f7f79a76],MACINA SCARP SX PRESTIGE DI2,2027,emtb,XL (53),XL,53,,,,,629,499,"{""Seattube length"": ""480"", ""Toptube length"": ""650"", ""Seat angle"": ""76,5° (75°)"", ""Head angle"": ""66,0°"", ""Headtube length"": ""120"", ""Chainstay length"": ""451"", ""Wheelbase"": ""1264"", ""Stack"": ""629"", ""Reach"": ""499"", ""Standover height"": ""825"", ""BB drop"": ""30""}",8399,false,https://www.ktm-bikes.at/light-ebikes/detail/mx1260044108-macina-scarp-sx-prestige-di2-l-48-mx1260044108macina-scarp-sx-prestige-di2olive-pearl-black-1x11-shimano-deore-xt-di2-lg-2027,https://www.ktm-bikes.at/light-ebikes/detail/mx1260044108-macina-scarp-sx-prestige-di2-l-48-mx1260044108macina-scarp-sx-prestige-di2olive-pearl-black-1x11-shimano-deore-xt-di2-lg-2027,html,2026-10-05
KTM,MACINA SCARP SX [f7f79a76],MACINA SCARP SX PRIME,2027,emtb,M (43),M,43,,,,,601,456,"{""Seattube length"": ""430"", ""Toptube length"": ""600"", ""Seat angle"": ""76,5° (75°)"", ""Head angle"": ""66,0°"", ""Headtube length"": ""90"", ""Chainstay length"": ""451"", ""Wheelbase"": ""1208"", ""Stack"": ""601"", ""Reach"": ""456"", ""Standover height"": ""809"", ""BB drop"": ""30""}",7699,false,https://www.ktm-bikes.at/light-ebikes/detail/mx1260041108-macina-scarp-sx-prime-gx-t-type-l-48-mx1260041108-macina-scarp-sx-prime-velvet-petrol-matt-blk-gold-1x12-sram-gx-transmission-2027,https://www.ktm-bikes.at/light-ebikes/detail/mx1260041108-macina-scarp-sx-prime-gx-t-type-l-48-mx1260041108-macina-scarp-sx-prime-velvet-petrol-matt-blk-gold-1x12-sram-gx-transmission-2027,html,2026-10-05
KTM,MACINA SCARP SX [f7f79a76],MACINA SCARP SX PRIME,2027,emtb,L (48L),L,48,,,,,615,472,"{""Seattube length"": ""450"", ""Toptube length"": ""620"", ""Seat angle"": ""76,5° (75°)"", ""Head angle"": ""66,0°"", ""Headtube length"": ""105"", ""Chainstay length"": ""451"", ""Wheelbase"": ""1231"", ""Stack"": ""615"", ""Reach"": ""472"", ""Standover height"": ""817"", ""BB drop"": ""30""}",7699,false,https://www.ktm-bikes.at/light-ebikes/detail/mx1260041108-macina-scarp-sx-prime-gx-t-type-l-48-mx1260041108-macina-scarp-sx-prime-velvet-petrol-matt-blk-gold-1x12-sram-gx-transmission-2027,https://www.ktm-bikes.at/light-ebikes/detail/mx1260041108-macina-scarp-sx-prime-gx-t-type-l-48-mx1260041108-macina-scarp-sx-prime-velvet-petrol-matt-blk-gold-1x12-sram-gx-transmission-2027,html,2026-10-05
KTM,MACINA SCARP SX [f7f79a76],MACINA SCARP SX PRIME,2027,emtb,XL (53),XL,53,,,,,629,499,"{""Seattube length"": ""480"", ""Toptube length"": ""650"", ""Seat angle"": ""76,5° (75°)"", ""Head angle"": ""66,0°"", ""Headtube length"": ""120"", ""Chainstay length"": ""451"", ""Wheelbase"": ""1264"", ""Stack"": ""629"", ""Reach"": ""499"", ""Standover height"": ""825"", ""BB drop"": ""30""}",7699,false,https://www.ktm-bikes.at/light-ebikes/detail/mx1260041108-macina-scarp-sx-prime-gx-t-type-l-48-mx1260041108-macina-scarp-sx-prime-velvet-petrol-matt-blk-gold-1x12-sram-gx-transmission-2027,https://www.ktm-bikes.at/light-ebikes/detail/mx1260041108-macina-scarp-sx-prime-gx-t-type-l-48-mx1260041108-macina-scarp-sx-prime-velvet-petrol-matt-blk-gold-1x12-sram-gx-transmission-2027,html,2026-10-05
KTM,MACINA SCARP SX [f7f79a76],MACINA SCARP SX MASTER DI2,2027,emtb,M (43),M,43,,,,,601,456,"{""Seattube length"": ""430"", ""Toptube length"": ""600"", ""Seat angle"": ""76,5° (75°)"", ""Head angle"": ""66,0°"", ""Headtube length"": ""90"", ""Chainstay length"": ""451"", ""Wheelbase"": ""1208"", ""Stack"": ""601"", ""Reach"": ""456"", ""Standover height"": ""809"", ""BB drop"": ""30""}",6699,false,https://www.ktm-bikes.at/light-ebikes/detail/mx1260042108-macina-scarp-sx-master-di2-l-48-mx1260042108-macina-scarp-sx-master-di2-burnt-orange-mt-dark-orange-1x11-shimano-deore-di2-lg-2027,https://www.ktm-bikes.at/light-ebikes/detail/mx1260042108-macina-scarp-sx-master-di2-l-48-mx1260042108-macina-scarp-sx-master-di2-burnt-orange-mt-dark-orange-1x11-shimano-deore-di2-lg-2027,html,2026-10-05
KTM,MACINA SCARP SX [f7f79a76],MACINA SCARP SX MASTER DI2,2027,emtb,L (48L),L,48,,,,,615,472,"{""Seattube length"": ""450"", ""Toptube length"": ""620"", ""Seat angle"": ""76,5° (75°)"", ""Head angle"": ""66,0°"", ""Headtube length"": ""105"", ""Chainstay length"": ""451"", ""Wheelbase"": ""1231"", ""Stack"": ""615"", ""Reach"": ""472"", ""Standover height"": ""817"", ""BB drop"": ""30""}",6699,false,https://www.ktm-bikes.at/light-ebikes/detail/mx1260042108-macina-scarp-sx-master-di2-l-48-mx1260042108-macina-scarp-sx-master-di2-burnt-orange-mt-dark-orange-1x11-shimano-deore-di2-lg-2027,https://www.ktm-bikes.at/light-ebikes/detail/mx1260042108-macina-scarp-sx-master-di2-l-48-mx1260042108-macina-scarp-sx-master-di2-burnt-orange-mt-dark-orange-1x11-shimano-deore-di2-lg-2027,html,2026-10-05
KTM,MACINA SCARP SX [f7f79a76],MACINA SCARP SX MASTER DI2,2027,emtb,XL (53),XL,53,,,,,629,499,"{""Seattube length"": ""480"", ""Toptube length"": ""650"", ""Seat angle"": ""76,5° (75°)"", ""Head angle"": ""66,0°"", ""Headtube length"": ""120"", ""Chainstay length"": ""451"", ""Wheelbase"": ""1264"", ""Stack"": ""629"", ""Reach"": ""499"", ""Standover height"": ""825"", ""BB drop"": ""30""}",6699,false,https://www.ktm-bikes.at/light-ebikes/detail/mx1260042108-macina-scarp-sx-master-di2-l-48-mx1260042108-macina-scarp-sx-master-di2-burnt-orange-mt-dark-orange-1x11-shimano-deore-di2-lg-2027,https://www.ktm-bikes.at/light-ebikes/detail/mx1260042108-macina-scarp-sx-master-di2-l-48-mx1260042108-macina-scarp-sx-master-di2-burnt-orange-mt-dark-orange-1x11-shimano-deore-di2-lg-2027,html,2026-10-05
KTM,MACINA SCARP SX [f7f79a76],MACINA SCARP SX ELITE,2027,emtb,M (43),M,43,,,,,601,456,"{""Seattube length"": ""430"", ""Toptube length"": ""600"", ""Seat angle"": ""76,5° (75°)"", ""Head angle"": ""66,0°"", ""Headtube length"": ""90"", ""Chainstay length"": ""451"", ""Wheelbase"": ""1208"", ""Stack"": ""601"", ""Reach"": ""456"", ""Standover height"": ""809"", ""BB drop"": ""30""}",4899,false,https://www.ktm-bikes.at/light-ebikes/detail/mx1260043108-macina-scarp-sx-elite-l-48-mx1260043108-macina-scarp-sx-elite-flaming-blk-mt-fresh-orange-1x12-shimano-deore-xt-2027,https://www.ktm-bikes.at/light-ebikes/detail/mx1260043108-macina-scarp-sx-elite-l-48-mx1260043108-macina-scarp-sx-elite-flaming-blk-mt-fresh-orange-1x12-shimano-deore-xt-2027,html,2026-10-05
KTM,MACINA SCARP SX [f7f79a76],MACINA SCARP SX ELITE,2027,emtb,L (48L),L,48,,,,,615,472,"{""Seattube length"": ""450"", ""Toptube length"": ""620"", ""Seat angle"": ""76,5° (75°)"", ""Head angle"": ""66,0°"", ""Headtube length"": ""105"", ""Chainstay length"": ""451"", ""Wheelbase"": ""1231"", ""Stack"": ""615"", ""Reach"": ""472"", ""Standover height"": ""817"", ""BB drop"": ""30""}",4899,false,https://www.ktm-bikes.at/light-ebikes/detail/mx1260043108-macina-scarp-sx-elite-l-48-mx1260043108-macina-scarp-sx-elite-flaming-blk-mt-fresh-orange-1x12-shimano-deore-xt-2027,https://www.ktm-bikes.at/light-ebikes/detail/mx1260043108-macina-scarp-sx-elite-l-48-mx1260043108-macina-scarp-sx-elite-flaming-blk-mt-fresh-orange-1x12-shimano-deore-xt-2027,html,2026-10-05
KTM,MACINA SCARP SX [f7f79a76],MACINA SCARP SX ELITE,2027,emtb,XL (53),XL,53,,,,,629,499,"{""Seattube length"": ""480"", ""Toptube length"": ""650"", ""Seat angle"": ""76,5° (75°)"", ""Head angle"": ""66,0°"", ""Headtube length"": ""120"", ""Chainstay length"": ""451"", ""Wheelbase"": ""1264"", ""Stack"": ""629"", ""Reach"": ""499"", ""Standover height"": ""825"", ""BB drop"": ""30""}",4899,false,https://www.ktm-bikes.at/light-ebikes/detail/mx1260043108-macina-scarp-sx-elite-l-48-mx1260043108-macina-scarp-sx-elite-flaming-blk-mt-fresh-orange-1x12-shimano-deore-xt-2027,https://www.ktm-bikes.at/light-ebikes/detail/mx1260043108-macina-scarp-sx-elite-l-48-mx1260043108-macina-scarp-sx-elite-flaming-blk-mt-fresh-orange-1x12-shimano-deore-xt-2027,html,2026-10-05
KTM,MACINA RACE SX 10 [e0019c87],MACINA RACE SX 10,2027,emtb,M (43),M,43,,,,,617,396.4,"{""Seattube length"": ""430"", ""Toptube length"": ""585"", ""Seat angle"": ""73° (74°)"", ""Head angle"": ""69,5°"", ""Headtube length"": ""125"", ""Chainstay length"": ""460"", ""Wheelbase"": ""1107"", ""Stack"": ""617"", ""Reach"": ""396,4"", ""Standover height"": ""804"", ""BB drop"": ""62""}",3299,false,https://www.ktm-bikes.at/light-ebikes/detail/mx1270070108-macina-race-sx-10-l-48-mx1270070108macina-race-sx-10cape-town-matt-black-1x12-shimano-deore-xt-2027,https://www.ktm-bikes.at/light-ebikes/detail/mx1270070108-macina-race-sx-10-l-48-mx1270070108macina-race-sx-10cape-town-matt-black-1x12-shimano-deore-xt-2027,html,2026-10-05
KTM,MACINA RACE SX 10 [e0019c87],MACINA RACE SX 10,2027,emtb,L (48),L,48,,,,,623.5,414.4,"{""Seattube length"": ""480"", ""Toptube length"": ""605"", ""Seat angle"": ""73° (73,8°)"", ""Head angle"": ""71,0°"", ""Headtube length"": ""125"", ""Chainstay length"": ""460"", ""Wheelbase"": ""1110"", ""Stack"": ""623,5"", ""Reach"": ""414,4"", ""Standover height"": ""818"", ""BB drop"": ""62""}",3299,false,https://www.ktm-bikes.at/light-ebikes/detail/mx1270070108-macina-race-sx-10-l-48-mx1270070108macina-race-sx-10cape-town-matt-black-1x12-shimano-deore-xt-2027,https://www.ktm-bikes.at/light-ebikes/detail/mx1270070108-macina-race-sx-10-l-48-mx1270070108macina-race-sx-10cape-town-matt-black-1x12-shimano-deore-xt-2027,html,2026-10-05
KTM,MACINA RACE SX 10 [e0019c87],MACINA RACE SX 10,2027,emtb,XL (53),XL,53,,,,,634.8,430.9,"{""Seattube length"": ""530"", ""Toptube length"": ""625"", ""Seat angle"": ""73° (73,5°)"", ""Head angle"": ""71,0°"", ""Headtube length"": ""137"", ""Chainstay length"": ""460"", ""Wheelbase"": ""1130"", ""Stack"": ""634,8"", ""Reach"": ""430,9"", ""Standover height"": ""848"", ""BB drop"": ""62""}",3299,false,https://www.ktm-bikes.at/light-ebikes/detail/mx1270070108-macina-race-sx-10-l-48-mx1270070108macina-race-sx-10cape-town-matt-black-1x12-shimano-deore-xt-2027,https://www.ktm-bikes.at/light-ebikes/detail/mx1270070108-macina-race-sx-10-l-48-mx1270070108macina-race-sx-10cape-town-matt-black-1x12-shimano-deore-xt-2027,html,2026-10-05
