brand,family,model,model_year,category,size_label,size_normalized,size_cm,height_min,height_max,height_original,height_unit,stack,reach,geometry_raw,price_eur,price_is_from,product_url,source_url,extraction_method,loaded_at
Lapierre,Xelius DRS [b70ee34c],Xelius DRS 10.0 AXS,,carretera,XS,XS,,,,,,501,376,"{""A: Seat tube length (mm)"": ""440 mm"", ""B: Top Tube legth (mm)"": ""520 mm"", ""C: Head tube length (mm)"": ""105 mm"", ""D: Head Tube Angle"": ""72 degrees"", ""E: Seat Tube Angle"": ""74 degrees"", ""F: Chain stay length (mm)"": ""405 mm"", ""G: Wheelbase (mm)"": ""969 mm"", ""H: Stack (mm)"": ""501 mm"", ""I: Reach (mm)"": ""376 mm"", ""K: Bottom bracket drop (mm)"": ""67 mm""}",10499,false,https://lapierrebikes.com/es-es/products/xelius-drs-se-lxgua,https://lapierrebikes.com/es-es/products/xelius-drs-se-lxgua,html,2026-10-05
Lapierre,Xelius DRS [b70ee34c],Xelius DRS 10.0 AXS,,carretera,S,S,,,,,,516,383,"{""A: Seat tube length (mm)"": ""460 mm"", ""B: Top Tube legth (mm)"": ""531 mm"", ""C: Head tube length (mm)"": ""120 mm"", ""D: Head Tube Angle"": ""72 degrees"", ""E: Seat Tube Angle"": ""74 degrees"", ""F: Chain stay length (mm)"": ""405 mm"", ""G: Wheelbase (mm)"": ""981 mm"", ""H: Stack (mm)"": ""516 mm"", ""I: Reach (mm)"": ""383 mm"", ""K: Bottom bracket drop (mm)"": ""67 mm""}",10499,false,https://lapierrebikes.com/es-es/products/xelius-drs-se-lxgua,https://lapierrebikes.com/es-es/products/xelius-drs-se-lxgua,html,2026-10-05
Lapierre,Xelius DRS [b70ee34c],Xelius DRS 10.0 AXS,,carretera,M,M,,,,,,538,393,"{""A: Seat tube length (mm)"": ""490 mm"", ""B: Top Tube legth (mm)"": ""547 mm"", ""C: Head tube length (mm)"": ""140 mm"", ""D: Head Tube Angle"": ""73 degrees"", ""E: Seat Tube Angle"": ""74 degrees"", ""F: Chain stay length (mm)"": ""405 mm"", ""G: Wheelbase (mm)"": ""989 mm"", ""H: Stack (mm)"": ""538 mm"", ""I: Reach (mm)"": ""393 mm"", ""K: Bottom bracket drop (mm)"": ""67 mm""}",10499,false,https://lapierrebikes.com/es-es/products/xelius-drs-se-lxgua,https://lapierrebikes.com/es-es/products/xelius-drs-se-lxgua,html,2026-10-05
Lapierre,Xelius DRS [b70ee34c],Xelius DRS 10.0 AXS,,carretera,L,L,,,,,,557,403,"{""A: Seat tube length (mm)"": ""520 mm"", ""B: Top Tube legth (mm)"": ""568 mm"", ""C: Head tube length (mm)"": ""160 mm"", ""D: Head Tube Angle"": ""73 degrees"", ""E: Seat Tube Angle"": ""74 degrees"", ""F: Chain stay length (mm)"": ""405 mm"", ""G: Wheelbase (mm)"": ""1005 mm"", ""H: Stack (mm)"": ""557 mm"", ""I: Reach (mm)"": ""403 mm"", ""K: Bottom bracket drop (mm)"": ""67 mm""}",10499,false,https://lapierrebikes.com/es-es/products/xelius-drs-se-lxgua,https://lapierrebikes.com/es-es/products/xelius-drs-se-lxgua,html,2026-10-05
Lapierre,Xelius DRS [b70ee34c],Xelius DRS 10.0 AXS,,carretera,XL,XL,,,,,,580,415,"{""A: Seat tube length (mm)"": ""550 mm"", ""B: Top Tube legth (mm)"": ""587 mm"", ""C: Head tube length (mm)"": ""180 mm"", ""D: Head Tube Angle"": ""74 degrees"", ""E: Seat Tube Angle"": ""74 degrees"", ""F: Chain stay length (mm)"": ""405 mm"", ""G: Wheelbase (mm)"": ""1014 mm"", ""H: Stack (mm)"": ""580 mm"", ""I: Reach (mm)"": ""415 mm"", ""K: Bottom bracket drop (mm)"": ""67 mm""}",10499,false,https://lapierrebikes.com/es-es/products/xelius-drs-se-lxgua,https://lapierrebikes.com/es-es/products/xelius-drs-se-lxgua,html,2026-10-05
Lapierre,Xelius DRS [b70ee34c],Xelius DRS 10.0 AXS,,carretera,XXL,XXL,,,,,,599,428,"{""A: Seat tube length (mm)"": ""580 mm"", ""B: Top Tube legth (mm)"": ""605 mm"", ""C: Head tube length (mm)"": ""200 mm"", ""D: Head Tube Angle"": ""74 degrees"", ""E: Seat Tube Angle"": ""74 degrees"", ""F: Chain stay length (mm)"": ""405 mm"", ""G: Wheelbase (mm)"": ""1032 mm"", ""H: Stack (mm)"": ""599 mm"", ""I: Reach (mm)"": ""428 mm"", ""K: Bottom bracket drop (mm)"": ""67 mm""}",10499,false,https://lapierrebikes.com/es-es/products/xelius-drs-se-lxgua,https://lapierrebikes.com/es-es/products/xelius-drs-se-lxgua,html,2026-10-05
Lapierre,Xelius DRS [b70ee34c],Xelius DRS 9.0,,carretera,XS,XS,,,,,,501,376,"{""A: Seat tube length (mm)"": ""440 mm"", ""B: Top Tube legth (mm)"": ""520 mm"", ""C: Head tube length (mm)"": ""105 mm"", ""D: Head Tube Angle"": ""72 degrees"", ""E: Seat Tube Angle"": ""74 degrees"", ""F: Chain stay length (mm)"": ""405 mm"", ""G: Wheelbase (mm)"": ""969 mm"", ""H: Stack (mm)"": ""501 mm"", ""I: Reach (mm)"": ""376 mm"", ""K: Bottom bracket drop (mm)"": ""67 mm""}",7499,false,https://lapierrebikes.com/es-es/products/xelius-drs-90-lxeub,https://lapierrebikes.com/es-es/products/xelius-drs-90-lxeub,html,2026-10-05
Lapierre,Xelius DRS [b70ee34c],Xelius DRS 9.0,,carretera,S,S,,,,,,516,383,"{""A: Seat tube length (mm)"": ""460 mm"", ""B: Top Tube legth (mm)"": ""531 mm"", ""C: Head tube length (mm)"": ""120 mm"", ""D: Head Tube Angle"": ""72 degrees"", ""E: Seat Tube Angle"": ""74 degrees"", ""F: Chain stay length (mm)"": ""405 mm"", ""G: Wheelbase (mm)"": ""981 mm"", ""H: Stack (mm)"": ""516 mm"", ""I: Reach (mm)"": ""383 mm"", ""K: Bottom bracket drop (mm)"": ""67 mm""}",7499,false,https://lapierrebikes.com/es-es/products/xelius-drs-90-lxeub,https://lapierrebikes.com/es-es/products/xelius-drs-90-lxeub,html,2026-10-05
Lapierre,Xelius DRS [b70ee34c],Xelius DRS 9.0,,carretera,M,M,,,,,,538,393,"{""A: Seat tube length (mm)"": ""490 mm"", ""B: Top Tube legth (mm)"": ""547 mm"", ""C: Head tube length (mm)"": ""140 mm"", ""D: Head Tube Angle"": ""73 degrees"", ""E: Seat Tube Angle"": ""74 degrees"", ""F: Chain stay length (mm)"": ""405 mm"", ""G: Wheelbase (mm)"": ""989 mm"", ""H: Stack (mm)"": ""538 mm"", ""I: Reach (mm)"": ""393 mm"", ""K: Bottom bracket drop (mm)"": ""67 mm""}",7499,false,https://lapierrebikes.com/es-es/products/xelius-drs-90-lxeub,https://lapierrebikes.com/es-es/products/xelius-drs-90-lxeub,html,2026-10-05
Lapierre,Xelius DRS [b70ee34c],Xelius DRS 9.0,,carretera,L,L,,,,,,557,403,"{""A: Seat tube length (mm)"": ""520 mm"", ""B: Top Tube legth (mm)"": ""568 mm"", ""C: Head tube length (mm)"": ""160 mm"", ""D: Head Tube Angle"": ""73 degrees"", ""E: Seat Tube Angle"": ""74 degrees"", ""F: Chain stay length (mm)"": ""405 mm"", ""G: Wheelbase (mm)"": ""1005 mm"", ""H: Stack (mm)"": ""557 mm"", ""I: Reach (mm)"": ""403 mm"", ""K: Bottom bracket drop (mm)"": ""67 mm""}",7499,false,https://lapierrebikes.com/es-es/products/xelius-drs-90-lxeub,https://lapierrebikes.com/es-es/products/xelius-drs-90-lxeub,html,2026-10-05
Lapierre,Xelius DRS [b70ee34c],Xelius DRS 9.0,,carretera,XL,XL,,,,,,580,415,"{""A: Seat tube length (mm)"": ""550 mm"", ""B: Top Tube legth (mm)"": ""587 mm"", ""C: Head tube length (mm)"": ""180 mm"", ""D: Head Tube Angle"": ""74 degrees"", ""E: Seat Tube Angle"": ""74 degrees"", ""F: Chain stay length (mm)"": ""405 mm"", ""G: Wheelbase (mm)"": ""1014 mm"", ""H: Stack (mm)"": ""580 mm"", ""I: Reach (mm)"": ""415 mm"", ""K: Bottom bracket drop (mm)"": ""67 mm""}",7499,false,https://lapierrebikes.com/es-es/products/xelius-drs-90-lxeub,https://lapierrebikes.com/es-es/products/xelius-drs-90-lxeub,html,2026-10-05
Lapierre,Xelius DRS [b70ee34c],Xelius DRS 9.0,,carretera,XXL,XXL,,,,,,599,428,"{""A: Seat tube length (mm)"": ""580 mm"", ""B: Top Tube legth (mm)"": ""605 mm"", ""C: Head tube length (mm)"": ""200 mm"", ""D: Head Tube Angle"": ""74 degrees"", ""E: Seat Tube Angle"": ""74 degrees"", ""F: Chain stay length (mm)"": ""405 mm"", ""G: Wheelbase (mm)"": ""1032 mm"", ""H: Stack (mm)"": ""599 mm"", ""I: Reach (mm)"": ""428 mm"", ""K: Bottom bracket drop (mm)"": ""67 mm""}",7499,false,https://lapierrebikes.com/es-es/products/xelius-drs-90-lxeub,https://lapierrebikes.com/es-es/products/xelius-drs-90-lxeub,html,2026-10-05
Lapierre,Xelius DRS [b70ee34c],xelius DRS 8.0,,carretera,XS,XS,,,,,,501,376,"{""A: Seat tube length (mm)"": ""440 mm"", ""B: Top Tube legth (mm)"": ""520 mm"", ""C: Head tube length (mm)"": ""105 mm"", ""D: Head Tube Angle"": ""72 degrees"", ""E: Seat Tube Angle"": ""74 degrees"", ""F: Chain stay length (mm)"": ""405 mm"", ""G: Wheelbase (mm)"": ""969 mm"", ""H: Stack (mm)"": ""501 mm"", ""I: Reach (mm)"": ""376 mm"", ""K: Bottom bracket drop (mm)"": ""67 mm""}",5499,false,https://lapierrebikes.com/es-es/products/xelius-drs-80-lxdtb,https://lapierrebikes.com/es-es/products/xelius-drs-80-lxdtb,html,2026-10-05
Lapierre,Xelius DRS [b70ee34c],xelius DRS 8.0,,carretera,S,S,,,,,,516,383,"{""A: Seat tube length (mm)"": ""460 mm"", ""B: Top Tube legth (mm)"": ""531 mm"", ""C: Head tube length (mm)"": ""120 mm"", ""D: Head Tube Angle"": ""72 degrees"", ""E: Seat Tube Angle"": ""74 degrees"", ""F: Chain stay length (mm)"": ""405 mm"", ""G: Wheelbase (mm)"": ""981 mm"", ""H: Stack (mm)"": ""516 mm"", ""I: Reach (mm)"": ""383 mm"", ""K: Bottom bracket drop (mm)"": ""67 mm""}",5499,false,https://lapierrebikes.com/es-es/products/xelius-drs-80-lxdtb,https://lapierrebikes.com/es-es/products/xelius-drs-80-lxdtb,html,2026-10-05
Lapierre,Xelius DRS [b70ee34c],xelius DRS 8.0,,carretera,M,M,,,,,,538,393,"{""A: Seat tube length (mm)"": ""490 mm"", ""B: Top Tube legth (mm)"": ""547 mm"", ""C: Head tube length (mm)"": ""140 mm"", ""D: Head Tube Angle"": ""73 degrees"", ""E: Seat Tube Angle"": ""74 degrees"", ""F: Chain stay length (mm)"": ""405 mm"", ""G: Wheelbase (mm)"": ""989 mm"", ""H: Stack (mm)"": ""538 mm"", ""I: Reach (mm)"": ""393 mm"", ""K: Bottom bracket drop (mm)"": ""67 mm""}",5499,false,https://lapierrebikes.com/es-es/products/xelius-drs-80-lxdtb,https://lapierrebikes.com/es-es/products/xelius-drs-80-lxdtb,html,2026-10-05
Lapierre,Xelius DRS [b70ee34c],xelius DRS 8.0,,carretera,L,L,,,,,,557,403,"{""A: Seat tube length (mm)"": ""520 mm"", ""B: Top Tube legth (mm)"": ""568 mm"", ""C: Head tube length (mm)"": ""160 mm"", ""D: Head Tube Angle"": ""73 degrees"", ""E: Seat Tube Angle"": ""74 degrees"", ""F: Chain stay length (mm)"": ""405 mm"", ""G: Wheelbase (mm)"": ""1005 mm"", ""H: Stack (mm)"": ""557 mm"", ""I: Reach (mm)"": ""403 mm"", ""K: Bottom bracket drop (mm)"": ""67 mm""}",5499,false,https://lapierrebikes.com/es-es/products/xelius-drs-80-lxdtb,https://lapierrebikes.com/es-es/products/xelius-drs-80-lxdtb,html,2026-10-05
Lapierre,Xelius DRS [b70ee34c],xelius DRS 8.0,,carretera,XL,XL,,,,,,580,415,"{""A: Seat tube length (mm)"": ""550 mm"", ""B: Top Tube legth (mm)"": ""587 mm"", ""C: Head tube length (mm)"": ""180 mm"", ""D: Head Tube Angle"": ""74 degrees"", ""E: Seat Tube Angle"": ""74 degrees"", ""F: Chain stay length (mm)"": ""405 mm"", ""G: Wheelbase (mm)"": ""1014 mm"", ""H: Stack (mm)"": ""580 mm"", ""I: Reach (mm)"": ""415 mm"", ""K: Bottom bracket drop (mm)"": ""67 mm""}",5499,false,https://lapierrebikes.com/es-es/products/xelius-drs-80-lxdtb,https://lapierrebikes.com/es-es/products/xelius-drs-80-lxdtb,html,2026-10-05
Lapierre,Xelius DRS [b70ee34c],xelius DRS 8.0,,carretera,XXL,XXL,,,,,,599,428,"{""A: Seat tube length (mm)"": ""580 mm"", ""B: Top Tube legth (mm)"": ""605 mm"", ""C: Head tube length (mm)"": ""200 mm"", ""D: Head Tube Angle"": ""74 degrees"", ""E: Seat Tube Angle"": ""74 degrees"", ""F: Chain stay length (mm)"": ""405 mm"", ""G: Wheelbase (mm)"": ""1032 mm"", ""H: Stack (mm)"": ""599 mm"", ""I: Reach (mm)"": ""428 mm"", ""K: Bottom bracket drop (mm)"": ""67 mm""}",5499,false,https://lapierrebikes.com/es-es/products/xelius-drs-80-lxdtb,https://lapierrebikes.com/es-es/products/xelius-drs-80-lxdtb,html,2026-10-05
Lapierre,Xelius DRS [b70ee34c],Xelius DRS 7.0,,carretera,XS,XS,,,,,,501,376,"{""A: Seat tube length (mm)"": ""440 mm"", ""B: Top Tube legth (mm)"": ""520 mm"", ""C: Head tube length (mm)"": ""105 mm"", ""D: Head Tube Angle"": ""72 degrees"", ""E: Seat Tube Angle"": ""74 degrees"", ""F: Chain stay length (mm)"": ""405 mm"", ""G: Wheelbase (mm)"": ""969 mm"", ""H: Stack (mm)"": ""501 mm"", ""I: Reach (mm)"": ""376 mm"", ""K: Bottom bracket drop (mm)"": ""67 mm""}",3999,false,https://lapierrebikes.com/es-es/products/xelius-drs-70-lxcta,https://lapierrebikes.com/es-es/products/xelius-drs-70-lxcta,html,2026-10-05
Lapierre,Xelius DRS [b70ee34c],Xelius DRS 7.0,,carretera,S,S,,,,,,516,383,"{""A: Seat tube length (mm)"": ""460 mm"", ""B: Top Tube legth (mm)"": ""531 mm"", ""C: Head tube length (mm)"": ""120 mm"", ""D: Head Tube Angle"": ""72 degrees"", ""E: Seat Tube Angle"": ""74 degrees"", ""F: Chain stay length (mm)"": ""405 mm"", ""G: Wheelbase (mm)"": ""981 mm"", ""H: Stack (mm)"": ""516 mm"", ""I: Reach (mm)"": ""383 mm"", ""K: Bottom bracket drop (mm)"": ""67 mm""}",3999,false,https://lapierrebikes.com/es-es/products/xelius-drs-70-lxcta,https://lapierrebikes.com/es-es/products/xelius-drs-70-lxcta,html,2026-10-05
Lapierre,Xelius DRS [b70ee34c],Xelius DRS 7.0,,carretera,M,M,,,,,,538,393,"{""A: Seat tube length (mm)"": ""490 mm"", ""B: Top Tube legth (mm)"": ""547 mm"", ""C: Head tube length (mm)"": ""140 mm"", ""D: Head Tube Angle"": ""73 degrees"", ""E: Seat Tube Angle"": ""74 degrees"", ""F: Chain stay length (mm)"": ""405 mm"", ""G: Wheelbase (mm)"": ""989 mm"", ""H: Stack (mm)"": ""538 mm"", ""I: Reach (mm)"": ""393 mm"", ""K: Bottom bracket drop (mm)"": ""67 mm""}",3999,false,https://lapierrebikes.com/es-es/products/xelius-drs-70-lxcta,https://lapierrebikes.com/es-es/products/xelius-drs-70-lxcta,html,2026-10-05
Lapierre,Xelius DRS [b70ee34c],Xelius DRS 7.0,,carretera,L,L,,,,,,557,403,"{""A: Seat tube length (mm)"": ""520 mm"", ""B: Top Tube legth (mm)"": ""568 mm"", ""C: Head tube length (mm)"": ""160 mm"", ""D: Head Tube Angle"": ""73 degrees"", ""E: Seat Tube Angle"": ""74 degrees"", ""F: Chain stay length (mm)"": ""405 mm"", ""G: Wheelbase (mm)"": ""1005 mm"", ""H: Stack (mm)"": ""557 mm"", ""I: Reach (mm)"": ""403 mm"", ""K: Bottom bracket drop (mm)"": ""67 mm""}",3999,false,https://lapierrebikes.com/es-es/products/xelius-drs-70-lxcta,https://lapierrebikes.com/es-es/products/xelius-drs-70-lxcta,html,2026-10-05
Lapierre,Xelius DRS [b70ee34c],Xelius DRS 7.0,,carretera,XL,XL,,,,,,580,415,"{""A: Seat tube length (mm)"": ""550 mm"", ""B: Top Tube legth (mm)"": ""587 mm"", ""C: Head tube length (mm)"": ""180 mm"", ""D: Head Tube Angle"": ""74 degrees"", ""E: Seat Tube Angle"": ""74 degrees"", ""F: Chain stay length (mm)"": ""405 mm"", ""G: Wheelbase (mm)"": ""1014 mm"", ""H: Stack (mm)"": ""580 mm"", ""I: Reach (mm)"": ""415 mm"", ""K: Bottom bracket drop (mm)"": ""67 mm""}",3999,false,https://lapierrebikes.com/es-es/products/xelius-drs-70-lxcta,https://lapierrebikes.com/es-es/products/xelius-drs-70-lxcta,html,2026-10-05
Lapierre,Xelius DRS [b70ee34c],Xelius DRS 7.0,,carretera,XXL,XXL,,,,,,599,428,"{""A: Seat tube length (mm)"": ""580 mm"", ""B: Top Tube legth (mm)"": ""605 mm"", ""C: Head tube length (mm)"": ""200 mm"", ""D: Head Tube Angle"": ""74 degrees"", ""E: Seat Tube Angle"": ""74 degrees"", ""F: Chain stay length (mm)"": ""405 mm"", ""G: Wheelbase (mm)"": ""1032 mm"", ""H: Stack (mm)"": ""599 mm"", ""I: Reach (mm)"": ""428 mm"", ""K: Bottom bracket drop (mm)"": ""67 mm""}",3999,false,https://lapierrebikes.com/es-es/products/xelius-drs-70-lxcta,https://lapierrebikes.com/es-es/products/xelius-drs-70-lxcta,html,2026-10-05
Lapierre,Xelius DRS [b70ee34c],Xelius DRS 6.0 AXS,,carretera,XS,XS,,,,,,501,376,"{""A: Seat tube length (mm)"": ""440 mm"", ""B: Top Tube legth (mm)"": ""520 mm"", ""C: Head tube length (mm)"": ""105 mm"", ""D: Head Tube Angle"": ""72 degrees"", ""E: Seat Tube Angle"": ""74 degrees"", ""F: Chain stay length (mm)"": ""405 mm"", ""G: Wheelbase (mm)"": ""969 mm"", ""H: Stack (mm)"": ""501 mm"", ""I: Reach (mm)"": ""376 mm"", ""K: Bottom bracket drop (mm)"": ""67 mm""}",3899,false,https://lapierrebikes.com/es-es/products/xelius-drs-60-axs-lxbuc,https://lapierrebikes.com/es-es/products/xelius-drs-60-axs-lxbuc,html,2026-10-05
Lapierre,Xelius DRS [b70ee34c],Xelius DRS 6.0 AXS,,carretera,S,S,,,,,,516,383,"{""A: Seat tube length (mm)"": ""460 mm"", ""B: Top Tube legth (mm)"": ""531 mm"", ""C: Head tube length (mm)"": ""120 mm"", ""D: Head Tube Angle"": ""72 degrees"", ""E: Seat Tube Angle"": ""74 degrees"", ""F: Chain stay length (mm)"": ""405 mm"", ""G: Wheelbase (mm)"": ""981 mm"", ""H: Stack (mm)"": ""516 mm"", ""I: Reach (mm)"": ""383 mm"", ""K: Bottom bracket drop (mm)"": ""67 mm""}",3899,false,https://lapierrebikes.com/es-es/products/xelius-drs-60-axs-lxbuc,https://lapierrebikes.com/es-es/products/xelius-drs-60-axs-lxbuc,html,2026-10-05
Lapierre,Xelius DRS [b70ee34c],Xelius DRS 6.0 AXS,,carretera,M,M,,,,,,538,393,"{""A: Seat tube length (mm)"": ""490 mm"", ""B: Top Tube legth (mm)"": ""547 mm"", ""C: Head tube length (mm)"": ""140 mm"", ""D: Head Tube Angle"": ""73 degrees"", ""E: Seat Tube Angle"": ""74 degrees"", ""F: Chain stay length (mm)"": ""405 mm"", ""G: Wheelbase (mm)"": ""989 mm"", ""H: Stack (mm)"": ""538 mm"", ""I: Reach (mm)"": ""393 mm"", ""K: Bottom bracket drop (mm)"": ""67 mm""}",3899,false,https://lapierrebikes.com/es-es/products/xelius-drs-60-axs-lxbuc,https://lapierrebikes.com/es-es/products/xelius-drs-60-axs-lxbuc,html,2026-10-05
Lapierre,Xelius DRS [b70ee34c],Xelius DRS 6.0 AXS,,carretera,L,L,,,,,,557,403,"{""A: Seat tube length (mm)"": ""520 mm"", ""B: Top Tube legth (mm)"": ""568 mm"", ""C: Head tube length (mm)"": ""160 mm"", ""D: Head Tube Angle"": ""73 degrees"", ""E: Seat Tube Angle"": ""74 degrees"", ""F: Chain stay length (mm)"": ""405 mm"", ""G: Wheelbase (mm)"": ""1005 mm"", ""H: Stack (mm)"": ""557 mm"", ""I: Reach (mm)"": ""403 mm"", ""K: Bottom bracket drop (mm)"": ""67 mm""}",3899,false,https://lapierrebikes.com/es-es/products/xelius-drs-60-axs-lxbuc,https://lapierrebikes.com/es-es/products/xelius-drs-60-axs-lxbuc,html,2026-10-05
Lapierre,Xelius DRS [b70ee34c],Xelius DRS 6.0 AXS,,carretera,XL,XL,,,,,,580,415,"{""A: Seat tube length (mm)"": ""550 mm"", ""B: Top Tube legth (mm)"": ""587 mm"", ""C: Head tube length (mm)"": ""180 mm"", ""D: Head Tube Angle"": ""74 degrees"", ""E: Seat Tube Angle"": ""74 degrees"", ""F: Chain stay length (mm)"": ""405 mm"", ""G: Wheelbase (mm)"": ""1014 mm"", ""H: Stack (mm)"": ""580 mm"", ""I: Reach (mm)"": ""415 mm"", ""K: Bottom bracket drop (mm)"": ""67 mm""}",3899,false,https://lapierrebikes.com/es-es/products/xelius-drs-60-axs-lxbuc,https://lapierrebikes.com/es-es/products/xelius-drs-60-axs-lxbuc,html,2026-10-05
Lapierre,Xelius DRS [b70ee34c],Xelius DRS 6.0 AXS,,carretera,XXL,XXL,,,,,,599,428,"{""A: Seat tube length (mm)"": ""580 mm"", ""B: Top Tube legth (mm)"": ""605 mm"", ""C: Head tube length (mm)"": ""200 mm"", ""D: Head Tube Angle"": ""74 degrees"", ""E: Seat Tube Angle"": ""74 degrees"", ""F: Chain stay length (mm)"": ""405 mm"", ""G: Wheelbase (mm)"": ""1032 mm"", ""H: Stack (mm)"": ""599 mm"", ""I: Reach (mm)"": ""428 mm"", ""K: Bottom bracket drop (mm)"": ""67 mm""}",3899,false,https://lapierrebikes.com/es-es/products/xelius-drs-60-axs-lxbuc,https://lapierrebikes.com/es-es/products/xelius-drs-60-axs-lxbuc,html,2026-10-05
Lapierre,Xelius DRS [b70ee34c],Xelius DRS 6.0,,carretera,XS,XS,,,,,,501,376,"{""A: Seat tube length (mm)"": ""440 mm"", ""B: Top Tube legth (mm)"": ""520 mm"", ""C: Head tube length (mm)"": ""105 mm"", ""D: Head Tube Angle"": ""72 degrees"", ""E: Seat Tube Angle"": ""74 degrees"", ""F: Chain stay length (mm)"": ""405 mm"", ""G: Wheelbase (mm)"": ""969 mm"", ""H: Stack (mm)"": ""501 mm"", ""I: Reach (mm)"": ""376 mm"", ""K: Bottom bracket drop (mm)"": ""67 mm""}",3699,false,https://lapierrebikes.com/es-es/products/xelius-drs-60-lxbta,https://lapierrebikes.com/es-es/products/xelius-drs-60-lxbta,html,2026-10-05
Lapierre,Xelius DRS [b70ee34c],Xelius DRS 6.0,,carretera,S,S,,,,,,516,383,"{""A: Seat tube length (mm)"": ""460 mm"", ""B: Top Tube legth (mm)"": ""531 mm"", ""C: Head tube length (mm)"": ""120 mm"", ""D: Head Tube Angle"": ""72 degrees"", ""E: Seat Tube Angle"": ""74 degrees"", ""F: Chain stay length (mm)"": ""405 mm"", ""G: Wheelbase (mm)"": ""981 mm"", ""H: Stack (mm)"": ""516 mm"", ""I: Reach (mm)"": ""383 mm"", ""K: Bottom bracket drop (mm)"": ""67 mm""}",3699,false,https://lapierrebikes.com/es-es/products/xelius-drs-60-lxbta,https://lapierrebikes.com/es-es/products/xelius-drs-60-lxbta,html,2026-10-05
Lapierre,Xelius DRS [b70ee34c],Xelius DRS 6.0,,carretera,M,M,,,,,,538,393,"{""A: Seat tube length (mm)"": ""490 mm"", ""B: Top Tube legth (mm)"": ""547 mm"", ""C: Head tube length (mm)"": ""140 mm"", ""D: Head Tube Angle"": ""73 degrees"", ""E: Seat Tube Angle"": ""74 degrees"", ""F: Chain stay length (mm)"": ""405 mm"", ""G: Wheelbase (mm)"": ""989 mm"", ""H: Stack (mm)"": ""538 mm"", ""I: Reach (mm)"": ""393 mm"", ""K: Bottom bracket drop (mm)"": ""67 mm""}",3699,false,https://lapierrebikes.com/es-es/products/xelius-drs-60-lxbta,https://lapierrebikes.com/es-es/products/xelius-drs-60-lxbta,html,2026-10-05
Lapierre,Xelius DRS [b70ee34c],Xelius DRS 6.0,,carretera,L,L,,,,,,557,403,"{""A: Seat tube length (mm)"": ""520 mm"", ""B: Top Tube legth (mm)"": ""568 mm"", ""C: Head tube length (mm)"": ""160 mm"", ""D: Head Tube Angle"": ""73 degrees"", ""E: Seat Tube Angle"": ""74 degrees"", ""F: Chain stay length (mm)"": ""405 mm"", ""G: Wheelbase (mm)"": ""1005 mm"", ""H: Stack (mm)"": ""557 mm"", ""I: Reach (mm)"": ""403 mm"", ""K: Bottom bracket drop (mm)"": ""67 mm""}",3699,false,https://lapierrebikes.com/es-es/products/xelius-drs-60-lxbta,https://lapierrebikes.com/es-es/products/xelius-drs-60-lxbta,html,2026-10-05
Lapierre,Xelius DRS [b70ee34c],Xelius DRS 6.0,,carretera,XL,XL,,,,,,580,415,"{""A: Seat tube length (mm)"": ""550 mm"", ""B: Top Tube legth (mm)"": ""587 mm"", ""C: Head tube length (mm)"": ""180 mm"", ""D: Head Tube Angle"": ""74 degrees"", ""E: Seat Tube Angle"": ""74 degrees"", ""F: Chain stay length (mm)"": ""405 mm"", ""G: Wheelbase (mm)"": ""1014 mm"", ""H: Stack (mm)"": ""580 mm"", ""I: Reach (mm)"": ""415 mm"", ""K: Bottom bracket drop (mm)"": ""67 mm""}",3699,false,https://lapierrebikes.com/es-es/products/xelius-drs-60-lxbta,https://lapierrebikes.com/es-es/products/xelius-drs-60-lxbta,html,2026-10-05
Lapierre,Xelius DRS [b70ee34c],Xelius DRS 6.0,,carretera,XXL,XXL,,,,,,599,428,"{""A: Seat tube length (mm)"": ""580 mm"", ""B: Top Tube legth (mm)"": ""605 mm"", ""C: Head tube length (mm)"": ""200 mm"", ""D: Head Tube Angle"": ""74 degrees"", ""E: Seat Tube Angle"": ""74 degrees"", ""F: Chain stay length (mm)"": ""405 mm"", ""G: Wheelbase (mm)"": ""1032 mm"", ""H: Stack (mm)"": ""599 mm"", ""I: Reach (mm)"": ""428 mm"", ""K: Bottom bracket drop (mm)"": ""67 mm""}",3699,false,https://lapierrebikes.com/es-es/products/xelius-drs-60-lxbta,https://lapierrebikes.com/es-es/products/xelius-drs-60-lxbta,html,2026-10-05
Lapierre,Xelius DRS Team Replica [4e2d75be],Xelius DRS Team Replica,,carretera,S,S,,,,,,516,383,"{""A: Seat tube length (mm)"": ""458 mm"", ""B: Top Tube legth (mm)"": ""531 mm"", ""C: Head tube length (mm)"": ""120 mm"", ""D: Head Tube Angle"": ""72 degrees"", ""E: Seat Tube Angle"": ""74 degrees"", ""F: Chain stay length (mm)"": ""405 mm"", ""G: Wheelbase (mm)"": ""981 mm"", ""H: Stack (mm)"": ""516 mm"", ""I: Reach (mm)"": ""383 mm"", ""K: Bottom bracket drop (mm)"": ""67 mm""}",9999,false,https://lapierrebikes.com/es-es/products/xelius-drs-team-replica-lxhua,https://lapierrebikes.com/es-es/products/xelius-drs-team-replica-lxhua,html,2026-10-05
Lapierre,Xelius DRS Team Replica [4e2d75be],Xelius DRS Team Replica,,carretera,M,M,,,,,,538,393,"{""A: Seat tube length (mm)"": ""489 mm"", ""B: Top Tube legth (mm)"": ""547 mm"", ""C: Head tube length (mm)"": ""140 mm"", ""D: Head Tube Angle"": ""73 degrees"", ""E: Seat Tube Angle"": ""74 degrees"", ""F: Chain stay length (mm)"": ""405 mm"", ""G: Wheelbase (mm)"": ""989 mm"", ""H: Stack (mm)"": ""538 mm"", ""I: Reach (mm)"": ""393 mm"", ""K: Bottom bracket drop (mm)"": ""67 mm""}",9999,false,https://lapierrebikes.com/es-es/products/xelius-drs-team-replica-lxhua,https://lapierrebikes.com/es-es/products/xelius-drs-team-replica-lxhua,html,2026-10-05
Lapierre,Xelius DRS Team Replica [4e2d75be],Xelius DRS Team Replica,,carretera,L,L,,,,,,557,403,"{""A: Seat tube length (mm)"": ""518 mm"", ""B: Top Tube legth (mm)"": ""568 mm"", ""C: Head tube length (mm)"": ""160 mm"", ""D: Head Tube Angle"": ""73 degrees"", ""E: Seat Tube Angle"": ""74 degrees"", ""F: Chain stay length (mm)"": ""405 mm"", ""G: Wheelbase (mm)"": ""1005 mm"", ""H: Stack (mm)"": ""557 mm"", ""I: Reach (mm)"": ""403 mm"", ""K: Bottom bracket drop (mm)"": ""67 mm""}",9999,false,https://lapierrebikes.com/es-es/products/xelius-drs-team-replica-lxhua,https://lapierrebikes.com/es-es/products/xelius-drs-team-replica-lxhua,html,2026-10-05
Lapierre,Xelius DRS Team Replica [4e2d75be],Xelius DRS Team Replica,,carretera,XL,XL,,,,,,580,415,"{""A: Seat tube length (mm)"": ""547 mm"", ""B: Top Tube legth (mm)"": ""587 mm"", ""C: Head tube length (mm)"": ""180 mm"", ""D: Head Tube Angle"": ""74 degrees"", ""E: Seat Tube Angle"": ""74 degrees"", ""F: Chain stay length (mm)"": ""405 mm"", ""G: Wheelbase (mm)"": ""1014 mm"", ""H: Stack (mm)"": ""580 mm"", ""I: Reach (mm)"": ""415 mm"", ""K: Bottom bracket drop (mm)"": ""67 mm""}",9999,false,https://lapierrebikes.com/es-es/products/xelius-drs-team-replica-lxhua,https://lapierrebikes.com/es-es/products/xelius-drs-team-replica-lxhua,html,2026-10-05
Lapierre,Xelius DRS 10.0 [be4daab6],Xelius DRS 10.0,,carretera,XS,XS,,,,,,501,376,"{""A: Seat tube length (mm)"": ""440 mm"", ""B: Top Tube legth (mm)"": ""520 mm"", ""C: Head tube length (mm)"": ""105 mm"", ""D: Head Tube Angle"": ""72 degrees"", ""E: Seat Tube Angle"": ""74 degrees"", ""F: Chain stay length (mm)"": ""405 mm"", ""G: Wheelbase (mm)"": ""969 mm"", ""H: Stack (mm)"": ""501 mm"", ""I: Reach (mm)"": ""376 mm"", ""K: Bottom bracket drop (mm)"": ""67 mm""}",9999,false,https://lapierrebikes.com/es-es/products/xelius-drs-10-lxfua,https://lapierrebikes.com/es-es/products/xelius-drs-10-lxfua,html,2026-10-05
Lapierre,Xelius DRS 10.0 [be4daab6],Xelius DRS 10.0,,carretera,S,S,,,,,,516,383,"{""A: Seat tube length (mm)"": ""460 mm"", ""B: Top Tube legth (mm)"": ""531 mm"", ""C: Head tube length (mm)"": ""120 mm"", ""D: Head Tube Angle"": ""72 degrees"", ""E: Seat Tube Angle"": ""74 degrees"", ""F: Chain stay length (mm)"": ""405 mm"", ""G: Wheelbase (mm)"": ""981 mm"", ""H: Stack (mm)"": ""516 mm"", ""I: Reach (mm)"": ""383 mm"", ""K: Bottom bracket drop (mm)"": ""67 mm""}",9999,false,https://lapierrebikes.com/es-es/products/xelius-drs-10-lxfua,https://lapierrebikes.com/es-es/products/xelius-drs-10-lxfua,html,2026-10-05
Lapierre,Xelius DRS 10.0 [be4daab6],Xelius DRS 10.0,,carretera,M,M,,,,,,538,393,"{""A: Seat tube length (mm)"": ""490 mm"", ""B: Top Tube legth (mm)"": ""547 mm"", ""C: Head tube length (mm)"": ""140 mm"", ""D: Head Tube Angle"": ""73 degrees"", ""E: Seat Tube Angle"": ""74 degrees"", ""F: Chain stay length (mm)"": ""405 mm"", ""G: Wheelbase (mm)"": ""989 mm"", ""H: Stack (mm)"": ""538 mm"", ""I: Reach (mm)"": ""393 mm"", ""K: Bottom bracket drop (mm)"": ""67 mm""}",9999,false,https://lapierrebikes.com/es-es/products/xelius-drs-10-lxfua,https://lapierrebikes.com/es-es/products/xelius-drs-10-lxfua,html,2026-10-05
Lapierre,Xelius DRS 10.0 [be4daab6],Xelius DRS 10.0,,carretera,L,L,,,,,,557,403,"{""A: Seat tube length (mm)"": ""520 mm"", ""B: Top Tube legth (mm)"": ""568 mm"", ""C: Head tube length (mm)"": ""160 mm"", ""D: Head Tube Angle"": ""73 degrees"", ""E: Seat Tube Angle"": ""74 degrees"", ""F: Chain stay length (mm)"": ""405 mm"", ""G: Wheelbase (mm)"": ""1005 mm"", ""H: Stack (mm)"": ""557 mm"", ""I: Reach (mm)"": ""403 mm"", ""K: Bottom bracket drop (mm)"": ""67 mm""}",9999,false,https://lapierrebikes.com/es-es/products/xelius-drs-10-lxfua,https://lapierrebikes.com/es-es/products/xelius-drs-10-lxfua,html,2026-10-05
Lapierre,Xelius DRS 10.0 [be4daab6],Xelius DRS 10.0,,carretera,XL,XL,,,,,,580,415,"{""A: Seat tube length (mm)"": ""550 mm"", ""B: Top Tube legth (mm)"": ""587 mm"", ""C: Head tube length (mm)"": ""180 mm"", ""D: Head Tube Angle"": ""72 degrees"", ""E: Seat Tube Angle"": ""72 degrees"", ""F: Chain stay length (mm)"": ""405 mm"", ""G: Wheelbase (mm)"": ""1014 mm"", ""H: Stack (mm)"": ""580 mm"", ""I: Reach (mm)"": ""415 mm"", ""K: Bottom bracket drop (mm)"": ""67 mm""}",9999,false,https://lapierrebikes.com/es-es/products/xelius-drs-10-lxfua,https://lapierrebikes.com/es-es/products/xelius-drs-10-lxfua,html,2026-10-05
Lapierre,Xelius DRS 10.0 [be4daab6],Xelius DRS 10.0,,carretera,XXL,XXL,,,,,,599,428,"{""A: Seat tube length (mm)"": ""580 mm"", ""B: Top Tube legth (mm)"": ""605 mm"", ""C: Head tube length (mm)"": ""200 mm"", ""D: Head Tube Angle"": ""73 degrees"", ""E: Seat Tube Angle"": ""74 degrees"", ""F: Chain stay length (mm)"": ""405 mm"", ""G: Wheelbase (mm)"": ""1032 mm"", ""H: Stack (mm)"": ""599 mm"", ""I: Reach (mm)"": ""428 mm"", ""K: Bottom bracket drop (mm)"": ""67 mm""}",9999,false,https://lapierrebikes.com/es-es/products/xelius-drs-10-lxfua,https://lapierrebikes.com/es-es/products/xelius-drs-10-lxfua,html,2026-10-05
Lapierre,Pulsium [72de4fe2],Pulsium 8.0 AXS,,carretera,XS,XS,,,,,,527,375,"{""A: Seat tube length (mm)"": ""440 mm"", ""B: Top Tube legth (mm)"": ""521 mm"", ""C: Head tube length (mm)"": ""120 mm"", ""D: Head Tube Angle"": ""71 degrees"", ""E: Seat Tube Angle"": ""74.5 degrees"", ""F: Chain stay length (mm)"": ""415 mm"", ""G: Wheelbase (mm)"": ""993 mm"", ""H: Stack (mm)"": ""527 mm"", ""I: Reach (mm)"": ""375 mm"", ""K: Bottom bracket drop (mm)"": ""72 mm""}",5999,false,https://lapierrebikes.com/es-es/products/pulsium-80-axs-lptua,https://lapierrebikes.com/es-es/products/pulsium-80-axs-lptua,html,2026-10-05
Lapierre,Pulsium [72de4fe2],Pulsium 8.0 AXS,,carretera,S,S,,,,,,541,379,"{""A: Seat tube length (mm)"": ""460 mm"", ""B: Top Tube legth (mm)"": ""529 mm"", ""C: Head tube length (mm)"": ""135 mm"", ""D: Head Tube Angle"": ""71 degrees"", ""E: Seat Tube Angle"": ""74.5 degrees"", ""F: Chain stay length (mm)"": ""415 mm"", ""G: Wheelbase (mm)"": ""1002 mm"", ""H: Stack (mm)"": ""541 mm"", ""I: Reach (mm)"": ""379 mm"", ""K: Bottom bracket drop (mm)"": ""72 mm""}",5999,false,https://lapierrebikes.com/es-es/products/pulsium-80-axs-lptua,https://lapierrebikes.com/es-es/products/pulsium-80-axs-lptua,html,2026-10-05
Lapierre,Pulsium [72de4fe2],Pulsium 8.0 AXS,,carretera,M,M,,,,,,562,384,"{""A: Seat tube length (mm)"": ""490 mm"", ""B: Top Tube legth (mm)"": ""545 mm"", ""C: Head tube length (mm)"": ""155 mm"", ""D: Head Tube Angle"": ""71.5 degrees"", ""E: Seat Tube Angle"": ""74 degrees"", ""F: Chain stay length (mm)"": ""415 mm"", ""G: Wheelbase (mm)"": ""1009 mm"", ""H: Stack (mm)"": ""562 mm"", ""I: Reach (mm)"": ""384 mm"", ""K: Bottom bracket drop (mm)"": ""72 mm""}",5999,false,https://lapierrebikes.com/es-es/products/pulsium-80-axs-lptua,https://lapierrebikes.com/es-es/products/pulsium-80-axs-lptua,html,2026-10-05
Lapierre,Pulsium [72de4fe2],Pulsium 8.0 AXS,,carretera,L,L,,,,,,579,389,"{""A: Seat tube length (mm)"": ""520 mm"", ""B: Top Tube legth (mm)"": ""561 mm"", ""C: Head tube length (mm)"": ""175 mm"", ""D: Head Tube Angle"": ""72 degrees"", ""E: Seat Tube Angle"": ""73.5 degrees"", ""F: Chain stay length (mm)"": ""415 mm"", ""G: Wheelbase (mm)"": ""1017 mm"", ""H: Stack (mm)"": ""579 mm"", ""I: Reach (mm)"": ""389 mm"", ""K: Bottom bracket drop (mm)"": ""69 mm""}",5999,false,https://lapierrebikes.com/es-es/products/pulsium-80-axs-lptua,https://lapierrebikes.com/es-es/products/pulsium-80-axs-lptua,html,2026-10-05
Lapierre,Pulsium [72de4fe2],Pulsium 8.0 AXS,,carretera,XL,XL,,,,,,599,394,"{""A: Seat tube length (mm)"": ""550 mm"", ""B: Top Tube legth (mm)"": ""577 mm"", ""C: Head tube length (mm)"": ""195 mm"", ""D: Head Tube Angle"": ""72 degrees"", ""E: Seat Tube Angle"": ""73 degrees"", ""F: Chain stay length (mm)"": ""415 mm"", ""G: Wheelbase (mm)"": ""1028 mm"", ""H: Stack (mm)"": ""599 mm"", ""I: Reach (mm)"": ""394 mm"", ""K: Bottom bracket drop (mm)"": ""69 mm""}",5999,false,https://lapierrebikes.com/es-es/products/pulsium-80-axs-lptua,https://lapierrebikes.com/es-es/products/pulsium-80-axs-lptua,html,2026-10-05
Lapierre,Pulsium [72de4fe2],Pulsium 8.0 AXS,,carretera,XXL,XXL,,,,,,618,400,"{""A: Seat tube length (mm)"": ""580 mm"", ""B: Top Tube legth (mm)"": ""595 mm"", ""C: Head tube length (mm)"": ""215 mm"", ""D: Head Tube Angle"": ""72.5 degrees"", ""E: Seat Tube Angle"": ""72.5 degrees"", ""F: Chain stay length (mm)"": ""415 mm"", ""G: Wheelbase (mm)"": ""1036 mm"", ""H: Stack (mm)"": ""618 mm"", ""I: Reach (mm)"": ""400 mm"", ""K: Bottom bracket drop (mm)"": ""67 mm""}",5999,false,https://lapierrebikes.com/es-es/products/pulsium-80-axs-lptua,https://lapierrebikes.com/es-es/products/pulsium-80-axs-lptua,html,2026-10-05
Lapierre,Pulsium [72de4fe2],Pulsium 8.0,,carretera,XS,XS,,,,,,527,375,"{""A: Seat tube length (mm)"": ""440 mm"", ""B: Top Tube legth (mm)"": ""521 mm"", ""C: Head tube length (mm)"": ""120 mm"", ""D: Head Tube Angle"": ""71 degrees"", ""E: Seat Tube Angle"": ""74.5 degrees"", ""F: Chain stay length (mm)"": ""415 mm"", ""G: Wheelbase (mm)"": ""993 mm"", ""H: Stack (mm)"": ""527 mm"", ""I: Reach (mm)"": ""375 mm"", ""K: Bottom bracket drop (mm)"": ""72 mm""}",4999,false,https://lapierrebikes.com/es-es/products/pulsium-80-lprta,https://lapierrebikes.com/es-es/products/pulsium-80-lprta,html,2026-10-05
Lapierre,Pulsium [72de4fe2],Pulsium 8.0,,carretera,S,S,,,,,,541,379,"{""A: Seat tube length (mm)"": ""460 mm"", ""B: Top Tube legth (mm)"": ""529 mm"", ""C: Head tube length (mm)"": ""135 mm"", ""D: Head Tube Angle"": ""71 degrees"", ""E: Seat Tube Angle"": ""74.5 degrees"", ""F: Chain stay length (mm)"": ""415 mm"", ""G: Wheelbase (mm)"": ""1002 mm"", ""H: Stack (mm)"": ""541 mm"", ""I: Reach (mm)"": ""379 mm"", ""K: Bottom bracket drop (mm)"": ""72 mm""}",4999,false,https://lapierrebikes.com/es-es/products/pulsium-80-lprta,https://lapierrebikes.com/es-es/products/pulsium-80-lprta,html,2026-10-05
Lapierre,Pulsium [72de4fe2],Pulsium 8.0,,carretera,M,M,,,,,,562,384,"{""A: Seat tube length (mm)"": ""490 mm"", ""B: Top Tube legth (mm)"": ""545 mm"", ""C: Head tube length (mm)"": ""155 mm"", ""D: Head Tube Angle"": ""71.5 degrees"", ""E: Seat Tube Angle"": ""74 degrees"", ""F: Chain stay length (mm)"": ""415 mm"", ""G: Wheelbase (mm)"": ""1009 mm"", ""H: Stack (mm)"": ""562 mm"", ""I: Reach (mm)"": ""384 mm"", ""K: Bottom bracket drop (mm)"": ""72 mm""}",4999,false,https://lapierrebikes.com/es-es/products/pulsium-80-lprta,https://lapierrebikes.com/es-es/products/pulsium-80-lprta,html,2026-10-05
Lapierre,Pulsium [72de4fe2],Pulsium 8.0,,carretera,L,L,,,,,,579,389,"{""A: Seat tube length (mm)"": ""520 mm"", ""B: Top Tube legth (mm)"": ""561 mm"", ""C: Head tube length (mm)"": ""175 mm"", ""D: Head Tube Angle"": ""72 degrees"", ""E: Seat Tube Angle"": ""73.5 degrees"", ""F: Chain stay length (mm)"": ""415 mm"", ""G: Wheelbase (mm)"": ""1017 mm"", ""H: Stack (mm)"": ""579 mm"", ""I: Reach (mm)"": ""389 mm"", ""K: Bottom bracket drop (mm)"": ""69 mm""}",4999,false,https://lapierrebikes.com/es-es/products/pulsium-80-lprta,https://lapierrebikes.com/es-es/products/pulsium-80-lprta,html,2026-10-05
Lapierre,Pulsium [72de4fe2],Pulsium 8.0,,carretera,XL,XL,,,,,,599,394,"{""A: Seat tube length (mm)"": ""550 mm"", ""B: Top Tube legth (mm)"": ""577 mm"", ""C: Head tube length (mm)"": ""195 mm"", ""D: Head Tube Angle"": ""72 degrees"", ""E: Seat Tube Angle"": ""73 degrees"", ""F: Chain stay length (mm)"": ""415 mm"", ""G: Wheelbase (mm)"": ""1028 mm"", ""H: Stack (mm)"": ""599 mm"", ""I: Reach (mm)"": ""394 mm"", ""K: Bottom bracket drop (mm)"": ""69 mm""}",4999,false,https://lapierrebikes.com/es-es/products/pulsium-80-lprta,https://lapierrebikes.com/es-es/products/pulsium-80-lprta,html,2026-10-05
Lapierre,Pulsium [72de4fe2],Pulsium 8.0,,carretera,XXL,XXL,,,,,,618,400,"{""A: Seat tube length (mm)"": ""580 mm"", ""B: Top Tube legth (mm)"": ""595 mm"", ""C: Head tube length (mm)"": ""215 mm"", ""D: Head Tube Angle"": ""72.5 degrees"", ""E: Seat Tube Angle"": ""72.5 degrees"", ""F: Chain stay length (mm)"": ""415 mm"", ""G: Wheelbase (mm)"": ""1036 mm"", ""H: Stack (mm)"": ""618 mm"", ""I: Reach (mm)"": ""400 mm"", ""K: Bottom bracket drop (mm)"": ""67 mm""}",4999,false,https://lapierrebikes.com/es-es/products/pulsium-80-lprta,https://lapierrebikes.com/es-es/products/pulsium-80-lprta,html,2026-10-05
Lapierre,Pulsium [72de4fe2],Pulsium 7.0,,carretera,XS,XS,,,,,,527,375,"{""A: Seat tube length (mm)"": ""440 mm"", ""B: Top Tube legth (mm)"": ""521 mm"", ""C: Head tube length (mm)"": ""120 mm"", ""D: Head Tube Angle"": ""71 degrees"", ""E: Seat Tube Angle"": ""74.5 degrees"", ""F: Chain stay length (mm)"": ""415 mm"", ""G: Wheelbase (mm)"": ""993 mm"", ""H: Stack (mm)"": ""527 mm"", ""I: Reach (mm)"": ""375 mm"", ""K: Bottom bracket drop (mm)"": ""72 mm""}",3999,false,https://lapierrebikes.com/es-es/products/pulsium-70-lpqtb,https://lapierrebikes.com/es-es/products/pulsium-70-lpqtb,html,2026-10-05
Lapierre,Pulsium [72de4fe2],Pulsium 7.0,,carretera,S,S,,,,,,541,379,"{""A: Seat tube length (mm)"": ""460 mm"", ""B: Top Tube legth (mm)"": ""529 mm"", ""C: Head tube length (mm)"": ""135 mm"", ""D: Head Tube Angle"": ""71 degrees"", ""E: Seat Tube Angle"": ""74.5 degrees"", ""F: Chain stay length (mm)"": ""415 mm"", ""G: Wheelbase (mm)"": ""1002 mm"", ""H: Stack (mm)"": ""541 mm"", ""I: Reach (mm)"": ""379 mm"", ""K: Bottom bracket drop (mm)"": ""72 mm""}",3999,false,https://lapierrebikes.com/es-es/products/pulsium-70-lpqtb,https://lapierrebikes.com/es-es/products/pulsium-70-lpqtb,html,2026-10-05
Lapierre,Pulsium [72de4fe2],Pulsium 7.0,,carretera,M,M,,,,,,562,384,"{""A: Seat tube length (mm)"": ""490 mm"", ""B: Top Tube legth (mm)"": ""545 mm"", ""C: Head tube length (mm)"": ""155 mm"", ""D: Head Tube Angle"": ""71.5 degrees"", ""E: Seat Tube Angle"": ""74 degrees"", ""F: Chain stay length (mm)"": ""415 mm"", ""G: Wheelbase (mm)"": ""1009 mm"", ""H: Stack (mm)"": ""562 mm"", ""I: Reach (mm)"": ""384 mm"", ""K: Bottom bracket drop (mm)"": ""72 mm""}",3999,false,https://lapierrebikes.com/es-es/products/pulsium-70-lpqtb,https://lapierrebikes.com/es-es/products/pulsium-70-lpqtb,html,2026-10-05
Lapierre,Pulsium [72de4fe2],Pulsium 7.0,,carretera,L,L,,,,,,579,389,"{""A: Seat tube length (mm)"": ""520 mm"", ""B: Top Tube legth (mm)"": ""561 mm"", ""C: Head tube length (mm)"": ""175 mm"", ""D: Head Tube Angle"": ""72 degrees"", ""E: Seat Tube Angle"": ""73.5 degrees"", ""F: Chain stay length (mm)"": ""415 mm"", ""G: Wheelbase (mm)"": ""1017 mm"", ""H: Stack (mm)"": ""579 mm"", ""I: Reach (mm)"": ""389 mm"", ""K: Bottom bracket drop (mm)"": ""69 mm""}",3999,false,https://lapierrebikes.com/es-es/products/pulsium-70-lpqtb,https://lapierrebikes.com/es-es/products/pulsium-70-lpqtb,html,2026-10-05
Lapierre,Pulsium [72de4fe2],Pulsium 7.0,,carretera,XL,XL,,,,,,599,394,"{""A: Seat tube length (mm)"": ""550 mm"", ""B: Top Tube legth (mm)"": ""577 mm"", ""C: Head tube length (mm)"": ""195 mm"", ""D: Head Tube Angle"": ""72 degrees"", ""E: Seat Tube Angle"": ""73 degrees"", ""F: Chain stay length (mm)"": ""415 mm"", ""G: Wheelbase (mm)"": ""1028 mm"", ""H: Stack (mm)"": ""599 mm"", ""I: Reach (mm)"": ""394 mm"", ""K: Bottom bracket drop (mm)"": ""69 mm""}",3999,false,https://lapierrebikes.com/es-es/products/pulsium-70-lpqtb,https://lapierrebikes.com/es-es/products/pulsium-70-lpqtb,html,2026-10-05
Lapierre,Pulsium [72de4fe2],Pulsium 7.0,,carretera,XXL,XXL,,,,,,618,400,"{""A: Seat tube length (mm)"": ""580 mm"", ""B: Top Tube legth (mm)"": ""595 mm"", ""C: Head tube length (mm)"": ""215 mm"", ""D: Head Tube Angle"": ""72.5 degrees"", ""E: Seat Tube Angle"": ""72.5 degrees"", ""F: Chain stay length (mm)"": ""415 mm"", ""G: Wheelbase (mm)"": ""1036 mm"", ""H: Stack (mm)"": ""618 mm"", ""I: Reach (mm)"": ""400 mm"", ""K: Bottom bracket drop (mm)"": ""67 mm""}",3999,false,https://lapierrebikes.com/es-es/products/pulsium-70-lpqtb,https://lapierrebikes.com/es-es/products/pulsium-70-lpqtb,html,2026-10-05
Lapierre,Pulsium [72de4fe2],Pulsium 6.0 AXS,,carretera,XS,XS,,,,,,527,375,"{""A: Seat tube length (mm)"": ""440 mm"", ""B: Top Tube legth (mm)"": ""521 mm"", ""C: Head tube length (mm)"": ""120 mm"", ""D: Head Tube Angle"": ""71 degrees"", ""E: Seat Tube Angle"": ""74.5 degrees"", ""F: Chain stay length (mm)"": ""415 mm"", ""G: Wheelbase (mm)"": ""993 mm"", ""H: Stack (mm)"": ""527 mm"", ""I: Reach (mm)"": ""375 mm"", ""K: Bottom bracket drop (mm)"": ""72 mm""}",3599,false,https://lapierrebikes.com/es-es/products/pulsium-60-axs-lppuc,https://lapierrebikes.com/es-es/products/pulsium-60-axs-lppuc,html,2026-10-05
Lapierre,Pulsium [72de4fe2],Pulsium 6.0 AXS,,carretera,S,S,,,,,,541,379,"{""A: Seat tube length (mm)"": ""460 mm"", ""B: Top Tube legth (mm)"": ""529 mm"", ""C: Head tube length (mm)"": ""135 mm"", ""D: Head Tube Angle"": ""71 degrees"", ""E: Seat Tube Angle"": ""74.5 degrees"", ""F: Chain stay length (mm)"": ""415 mm"", ""G: Wheelbase (mm)"": ""1002 mm"", ""H: Stack (mm)"": ""541 mm"", ""I: Reach (mm)"": ""379 mm"", ""K: Bottom bracket drop (mm)"": ""72 mm""}",3599,false,https://lapierrebikes.com/es-es/products/pulsium-60-axs-lppuc,https://lapierrebikes.com/es-es/products/pulsium-60-axs-lppuc,html,2026-10-05
Lapierre,Pulsium [72de4fe2],Pulsium 6.0 AXS,,carretera,M,M,,,,,,562,384,"{""A: Seat tube length (mm)"": ""490 mm"", ""B: Top Tube legth (mm)"": ""545 mm"", ""C: Head tube length (mm)"": ""155 mm"", ""D: Head Tube Angle"": ""71.5 degrees"", ""E: Seat Tube Angle"": ""74 degrees"", ""F: Chain stay length (mm)"": ""415 mm"", ""G: Wheelbase (mm)"": ""1009 mm"", ""H: Stack (mm)"": ""562 mm"", ""I: Reach (mm)"": ""384 mm"", ""K: Bottom bracket drop (mm)"": ""72 mm""}",3599,false,https://lapierrebikes.com/es-es/products/pulsium-60-axs-lppuc,https://lapierrebikes.com/es-es/products/pulsium-60-axs-lppuc,html,2026-10-05
Lapierre,Pulsium [72de4fe2],Pulsium 6.0 AXS,,carretera,L,L,,,,,,579,389,"{""A: Seat tube length (mm)"": ""520 mm"", ""B: Top Tube legth (mm)"": ""561 mm"", ""C: Head tube length (mm)"": ""175 mm"", ""D: Head Tube Angle"": ""72 degrees"", ""E: Seat Tube Angle"": ""73.5 degrees"", ""F: Chain stay length (mm)"": ""415 mm"", ""G: Wheelbase (mm)"": ""1017 mm"", ""H: Stack (mm)"": ""579 mm"", ""I: Reach (mm)"": ""389 mm"", ""K: Bottom bracket drop (mm)"": ""69 mm""}",3599,false,https://lapierrebikes.com/es-es/products/pulsium-60-axs-lppuc,https://lapierrebikes.com/es-es/products/pulsium-60-axs-lppuc,html,2026-10-05
Lapierre,Pulsium [72de4fe2],Pulsium 6.0 AXS,,carretera,XL,XL,,,,,,599,394,"{""A: Seat tube length (mm)"": ""550 mm"", ""B: Top Tube legth (mm)"": ""577 mm"", ""C: Head tube length (mm)"": ""195 mm"", ""D: Head Tube Angle"": ""72 degrees"", ""E: Seat Tube Angle"": ""73 degrees"", ""F: Chain stay length (mm)"": ""415 mm"", ""G: Wheelbase (mm)"": ""1028 mm"", ""H: Stack (mm)"": ""599 mm"", ""I: Reach (mm)"": ""394 mm"", ""K: Bottom bracket drop (mm)"": ""69 mm""}",3599,false,https://lapierrebikes.com/es-es/products/pulsium-60-axs-lppuc,https://lapierrebikes.com/es-es/products/pulsium-60-axs-lppuc,html,2026-10-05
Lapierre,Pulsium [72de4fe2],Pulsium 6.0 AXS,,carretera,XXL,XXL,,,,,,618,400,"{""A: Seat tube length (mm)"": ""580 mm"", ""B: Top Tube legth (mm)"": ""595 mm"", ""C: Head tube length (mm)"": ""215 mm"", ""D: Head Tube Angle"": ""72.5 degrees"", ""E: Seat Tube Angle"": ""72.5 degrees"", ""F: Chain stay length (mm)"": ""415 mm"", ""G: Wheelbase (mm)"": ""1036 mm"", ""H: Stack (mm)"": ""618 mm"", ""I: Reach (mm)"": ""400 mm"", ""K: Bottom bracket drop (mm)"": ""67 mm""}",3599,false,https://lapierrebikes.com/es-es/products/pulsium-60-axs-lppuc,https://lapierrebikes.com/es-es/products/pulsium-60-axs-lppuc,html,2026-10-05
Lapierre,Pulsium [72de4fe2],Pulsium 6.0,,carretera,XS,XS,,,,,,527,375,"{""A: Seat tube length (mm)"": ""440 mm"", ""B: Top Tube legth (mm)"": ""521 mm"", ""C: Head tube length (mm)"": ""120 mm"", ""D: Head Tube Angle"": ""71 degrees"", ""E: Seat Tube Angle"": ""74.5 degrees"", ""F: Chain stay length (mm)"": ""415 mm"", ""G: Wheelbase (mm)"": ""993 mm"", ""H: Stack (mm)"": ""527 mm"", ""I: Reach (mm)"": ""375 mm"", ""K: Bottom bracket drop (mm)"": ""72 mm""}",3399,false,https://lapierrebikes.com/es-es/products/pulsium-60-lpptb,https://lapierrebikes.com/es-es/products/pulsium-60-lpptb,html,2026-10-05
Lapierre,Pulsium [72de4fe2],Pulsium 6.0,,carretera,S,S,,,,,,541,379,"{""A: Seat tube length (mm)"": ""460 mm"", ""B: Top Tube legth (mm)"": ""529 mm"", ""C: Head tube length (mm)"": ""135 mm"", ""D: Head Tube Angle"": ""71 degrees"", ""E: Seat Tube Angle"": ""74.5 degrees"", ""F: Chain stay length (mm)"": ""415 mm"", ""G: Wheelbase (mm)"": ""1002 mm"", ""H: Stack (mm)"": ""541 mm"", ""I: Reach (mm)"": ""379 mm"", ""K: Bottom bracket drop (mm)"": ""72 mm""}",3399,false,https://lapierrebikes.com/es-es/products/pulsium-60-lpptb,https://lapierrebikes.com/es-es/products/pulsium-60-lpptb,html,2026-10-05
Lapierre,Pulsium [72de4fe2],Pulsium 6.0,,carretera,M,M,,,,,,562,384,"{""A: Seat tube length (mm)"": ""490 mm"", ""B: Top Tube legth (mm)"": ""545 mm"", ""C: Head tube length (mm)"": ""155 mm"", ""D: Head Tube Angle"": ""71.5 degrees"", ""E: Seat Tube Angle"": ""74 degrees"", ""F: Chain stay length (mm)"": ""415 mm"", ""G: Wheelbase (mm)"": ""1009 mm"", ""H: Stack (mm)"": ""562 mm"", ""I: Reach (mm)"": ""384 mm"", ""K: Bottom bracket drop (mm)"": ""72 mm""}",3399,false,https://lapierrebikes.com/es-es/products/pulsium-60-lpptb,https://lapierrebikes.com/es-es/products/pulsium-60-lpptb,html,2026-10-05
Lapierre,Pulsium [72de4fe2],Pulsium 6.0,,carretera,L,L,,,,,,579,389,"{""A: Seat tube length (mm)"": ""520 mm"", ""B: Top Tube legth (mm)"": ""561 mm"", ""C: Head tube length (mm)"": ""175 mm"", ""D: Head Tube Angle"": ""72 degrees"", ""E: Seat Tube Angle"": ""73.5 degrees"", ""F: Chain stay length (mm)"": ""415 mm"", ""G: Wheelbase (mm)"": ""1017 mm"", ""H: Stack (mm)"": ""579 mm"", ""I: Reach (mm)"": ""389 mm"", ""K: Bottom bracket drop (mm)"": ""69 mm""}",3399,false,https://lapierrebikes.com/es-es/products/pulsium-60-lpptb,https://lapierrebikes.com/es-es/products/pulsium-60-lpptb,html,2026-10-05
Lapierre,Pulsium [72de4fe2],Pulsium 6.0,,carretera,XL,XL,,,,,,599,394,"{""A: Seat tube length (mm)"": ""550 mm"", ""B: Top Tube legth (mm)"": ""577 mm"", ""C: Head tube length (mm)"": ""195 mm"", ""D: Head Tube Angle"": ""72 degrees"", ""E: Seat Tube Angle"": ""73 degrees"", ""F: Chain stay length (mm)"": ""415 mm"", ""G: Wheelbase (mm)"": ""1028 mm"", ""H: Stack (mm)"": ""599 mm"", ""I: Reach (mm)"": ""394 mm"", ""K: Bottom bracket drop (mm)"": ""69 mm""}",3399,false,https://lapierrebikes.com/es-es/products/pulsium-60-lpptb,https://lapierrebikes.com/es-es/products/pulsium-60-lpptb,html,2026-10-05
Lapierre,Pulsium [72de4fe2],Pulsium 6.0,,carretera,XXL,XXL,,,,,,618,400,"{""A: Seat tube length (mm)"": ""580 mm"", ""B: Top Tube legth (mm)"": ""595 mm"", ""C: Head tube length (mm)"": ""215 mm"", ""D: Head Tube Angle"": ""72.5 degrees"", ""E: Seat Tube Angle"": ""72.5 degrees"", ""F: Chain stay length (mm)"": ""415 mm"", ""G: Wheelbase (mm)"": ""1036 mm"", ""H: Stack (mm)"": ""618 mm"", ""I: Reach (mm)"": ""400 mm"", ""K: Bottom bracket drop (mm)"": ""67 mm""}",3399,false,https://lapierrebikes.com/es-es/products/pulsium-60-lpptb,https://lapierrebikes.com/es-es/products/pulsium-60-lpptb,html,2026-10-05
Lapierre,Pulsium [72de4fe2],Pulsium 5.0,,carretera,XS,XS,,,,,,527,375,"{""A: Seat tube length (mm)"": ""440 mm"", ""B: Top Tube legth (mm)"": ""521 mm"", ""C: Head tube length (mm)"": ""120 mm"", ""D: Head Tube Angle"": ""71 degrees"", ""E: Seat Tube Angle"": ""74.5 degrees"", ""F: Chain stay length (mm)"": ""415 mm"", ""G: Wheelbase (mm)"": ""993 mm"", ""H: Stack (mm)"": ""527 mm"", ""I: Reach (mm)"": ""375 mm"", ""K: Bottom bracket drop (mm)"": ""72 mm""}",2599,false,https://lapierrebikes.com/es-es/products/pulsium-50-lpnta,https://lapierrebikes.com/es-es/products/pulsium-50-lpnta,html,2026-10-05
Lapierre,Pulsium [72de4fe2],Pulsium 5.0,,carretera,S,S,,,,,,541,379,"{""A: Seat tube length (mm)"": ""460 mm"", ""B: Top Tube legth (mm)"": ""529 mm"", ""C: Head tube length (mm)"": ""135 mm"", ""D: Head Tube Angle"": ""71 degrees"", ""E: Seat Tube Angle"": ""74.5 degrees"", ""F: Chain stay length (mm)"": ""415 mm"", ""G: Wheelbase (mm)"": ""1002 mm"", ""H: Stack (mm)"": ""541 mm"", ""I: Reach (mm)"": ""379 mm"", ""K: Bottom bracket drop (mm)"": ""72 mm""}",2599,false,https://lapierrebikes.com/es-es/products/pulsium-50-lpnta,https://lapierrebikes.com/es-es/products/pulsium-50-lpnta,html,2026-10-05
Lapierre,Pulsium [72de4fe2],Pulsium 5.0,,carretera,M,M,,,,,,562,384,"{""A: Seat tube length (mm)"": ""490 mm"", ""B: Top Tube legth (mm)"": ""545 mm"", ""C: Head tube length (mm)"": ""155 mm"", ""D: Head Tube Angle"": ""71.5 degrees"", ""E: Seat Tube Angle"": ""74 degrees"", ""F: Chain stay length (mm)"": ""415 mm"", ""G: Wheelbase (mm)"": ""1009 mm"", ""H: Stack (mm)"": ""562 mm"", ""I: Reach (mm)"": ""384 mm"", ""K: Bottom bracket drop (mm)"": ""72 mm""}",2599,false,https://lapierrebikes.com/es-es/products/pulsium-50-lpnta,https://lapierrebikes.com/es-es/products/pulsium-50-lpnta,html,2026-10-05
Lapierre,Pulsium [72de4fe2],Pulsium 5.0,,carretera,L,L,,,,,,579,389,"{""A: Seat tube length (mm)"": ""520 mm"", ""B: Top Tube legth (mm)"": ""561 mm"", ""C: Head tube length (mm)"": ""175 mm"", ""D: Head Tube Angle"": ""72 degrees"", ""E: Seat Tube Angle"": ""73.5 degrees"", ""F: Chain stay length (mm)"": ""415 mm"", ""G: Wheelbase (mm)"": ""1017 mm"", ""H: Stack (mm)"": ""579 mm"", ""I: Reach (mm)"": ""389 mm"", ""K: Bottom bracket drop (mm)"": ""69 mm""}",2599,false,https://lapierrebikes.com/es-es/products/pulsium-50-lpnta,https://lapierrebikes.com/es-es/products/pulsium-50-lpnta,html,2026-10-05
Lapierre,Pulsium [72de4fe2],Pulsium 5.0,,carretera,XL,XL,,,,,,599,394,"{""A: Seat tube length (mm)"": ""550 mm"", ""B: Top Tube legth (mm)"": ""577 mm"", ""C: Head tube length (mm)"": ""195 mm"", ""D: Head Tube Angle"": ""72 degrees"", ""E: Seat Tube Angle"": ""73 degrees"", ""F: Chain stay length (mm)"": ""415 mm"", ""G: Wheelbase (mm)"": ""1028 mm"", ""H: Stack (mm)"": ""599 mm"", ""I: Reach (mm)"": ""394 mm"", ""K: Bottom bracket drop (mm)"": ""69 mm""}",2599,false,https://lapierrebikes.com/es-es/products/pulsium-50-lpnta,https://lapierrebikes.com/es-es/products/pulsium-50-lpnta,html,2026-10-05
Lapierre,Pulsium [72de4fe2],Pulsium 5.0,,carretera,XXL,XXL,,,,,,618,400,"{""A: Seat tube length (mm)"": ""580 mm"", ""B: Top Tube legth (mm)"": ""595 mm"", ""C: Head tube length (mm)"": ""215 mm"", ""D: Head Tube Angle"": ""72.5 degrees"", ""E: Seat Tube Angle"": ""72.5 degrees"", ""F: Chain stay length (mm)"": ""415 mm"", ""G: Wheelbase (mm)"": ""1036 mm"", ""H: Stack (mm)"": ""618 mm"", ""I: Reach (mm)"": ""400 mm"", ""K: Bottom bracket drop (mm)"": ""67 mm""}",2599,false,https://lapierrebikes.com/es-es/products/pulsium-50-lpnta,https://lapierrebikes.com/es-es/products/pulsium-50-lpnta,html,2026-10-05
Lapierre,Pulsium [72de4fe2],Pulsium 4.0,,carretera,XS,XS,,,,,,527,375,"{""A: Seat tube length (mm)"": ""440 mm"", ""B: Top Tube legth (mm)"": ""521 mm"", ""C: Head tube length (mm)"": ""120 mm"", ""D: Head Tube Angle"": ""71 degrees"", ""E: Seat Tube Angle"": ""74.5 degrees"", ""F: Chain stay length (mm)"": ""415 mm"", ""G: Wheelbase (mm)"": ""993 mm"", ""H: Stack (mm)"": ""527 mm"", ""I: Reach (mm)"": ""375 mm"", ""K: Bottom bracket drop (mm)"": ""72 mm""}",2299,false,https://lapierrebikes.com/es-es/products/pulsium-40-lpsua,https://lapierrebikes.com/es-es/products/pulsium-40-lpsua,html,2026-10-05
Lapierre,Pulsium [72de4fe2],Pulsium 4.0,,carretera,S,S,,,,,,541,379,"{""A: Seat tube length (mm)"": ""460 mm"", ""B: Top Tube legth (mm)"": ""529 mm"", ""C: Head tube length (mm)"": ""135 mm"", ""D: Head Tube Angle"": ""71 degrees"", ""E: Seat Tube Angle"": ""74.5 degrees"", ""F: Chain stay length (mm)"": ""415 mm"", ""G: Wheelbase (mm)"": ""1002 mm"", ""H: Stack (mm)"": ""541 mm"", ""I: Reach (mm)"": ""379 mm"", ""K: Bottom bracket drop (mm)"": ""72 mm""}",2299,false,https://lapierrebikes.com/es-es/products/pulsium-40-lpsua,https://lapierrebikes.com/es-es/products/pulsium-40-lpsua,html,2026-10-05
Lapierre,Pulsium [72de4fe2],Pulsium 4.0,,carretera,M,M,,,,,,562,384,"{""A: Seat tube length (mm)"": ""490 mm"", ""B: Top Tube legth (mm)"": ""545 mm"", ""C: Head tube length (mm)"": ""155 mm"", ""D: Head Tube Angle"": ""71.5 degrees"", ""E: Seat Tube Angle"": ""74 degrees"", ""F: Chain stay length (mm)"": ""415 mm"", ""G: Wheelbase (mm)"": ""1009 mm"", ""H: Stack (mm)"": ""562 mm"", ""I: Reach (mm)"": ""384 mm"", ""K: Bottom bracket drop (mm)"": ""72 mm""}",2299,false,https://lapierrebikes.com/es-es/products/pulsium-40-lpsua,https://lapierrebikes.com/es-es/products/pulsium-40-lpsua,html,2026-10-05
Lapierre,Pulsium [72de4fe2],Pulsium 4.0,,carretera,L,L,,,,,,579,389,"{""A: Seat tube length (mm)"": ""520 mm"", ""B: Top Tube legth (mm)"": ""561 mm"", ""C: Head tube length (mm)"": ""175 mm"", ""D: Head Tube Angle"": ""72 degrees"", ""E: Seat Tube Angle"": ""73.5 degrees"", ""F: Chain stay length (mm)"": ""415 mm"", ""G: Wheelbase (mm)"": ""1017 mm"", ""H: Stack (mm)"": ""579 mm"", ""I: Reach (mm)"": ""389 mm"", ""K: Bottom bracket drop (mm)"": ""69 mm""}",2299,false,https://lapierrebikes.com/es-es/products/pulsium-40-lpsua,https://lapierrebikes.com/es-es/products/pulsium-40-lpsua,html,2026-10-05
Lapierre,Pulsium [72de4fe2],Pulsium 4.0,,carretera,XL,XL,,,,,,599,394,"{""A: Seat tube length (mm)"": ""550 mm"", ""B: Top Tube legth (mm)"": ""577 mm"", ""C: Head tube length (mm)"": ""195 mm"", ""D: Head Tube Angle"": ""72 degrees"", ""E: Seat Tube Angle"": ""73 degrees"", ""F: Chain stay length (mm)"": ""415 mm"", ""G: Wheelbase (mm)"": ""1028 mm"", ""H: Stack (mm)"": ""599 mm"", ""I: Reach (mm)"": ""394 mm"", ""K: Bottom bracket drop (mm)"": ""69 mm""}",2299,false,https://lapierrebikes.com/es-es/products/pulsium-40-lpsua,https://lapierrebikes.com/es-es/products/pulsium-40-lpsua,html,2026-10-05
Lapierre,Pulsium [72de4fe2],Pulsium 4.0,,carretera,XXL,XXL,,,,,,618,400,"{""A: Seat tube length (mm)"": ""580 mm"", ""B: Top Tube legth (mm)"": ""595 mm"", ""C: Head tube length (mm)"": ""215 mm"", ""D: Head Tube Angle"": ""72.5 degrees"", ""E: Seat Tube Angle"": ""72.5 degrees"", ""F: Chain stay length (mm)"": ""415 mm"", ""G: Wheelbase (mm)"": ""1036 mm"", ""H: Stack (mm)"": ""618 mm"", ""I: Reach (mm)"": ""400 mm"", ""K: Bottom bracket drop (mm)"": ""67 mm""}",2299,false,https://lapierrebikes.com/es-es/products/pulsium-40-lpsua,https://lapierrebikes.com/es-es/products/pulsium-40-lpsua,html,2026-10-05
Lapierre,Crosshill CF [029dd32b],Crosshill CF 9.0,,gravel,XS,XS,,,,,,546,367,"{""A: Seat tube length (mm)"": ""440 mm"", ""B: Top Tube legth (mm)"": ""529 mm"", ""C: Head tube length (mm)"": ""95 mm"", ""D: Head Tube Angle"": ""70.5 degrees"", ""E: Seat Tube Angle"": ""73.5 degrees"", ""F: Chain stay length (mm)"": ""430 mm"", ""G: Wheelbase (mm)"": ""1007 mm"", ""H: Stack (mm)"": ""546 mm"", ""I: Reach (mm)"": ""367 mm"", ""K: Bottom bracket drop (mm)"": ""71 mm""}",6999,false,https://lapierrebikes.com/es-es/products/crosshill-cf-90-lcjua,https://lapierrebikes.com/es-es/products/crosshill-cf-90-lcjua,html,2026-10-05
Lapierre,Crosshill CF [029dd32b],Crosshill CF 9.0,,gravel,S,S,,,,,,567,373,"{""A: Seat tube length (mm)"": ""460 mm"", ""B: Top Tube legth (mm)"": ""541 mm"", ""C: Head tube length (mm)"": ""115 mm"", ""D: Head Tube Angle"": ""71 degrees"", ""E: Seat Tube Angle"": ""73.5 degrees"", ""F: Chain stay length (mm)"": ""430 mm"", ""G: Wheelbase (mm)"": ""1016 mm"", ""H: Stack (mm)"": ""567 mm"", ""I: Reach (mm)"": ""373 mm"", ""K: Bottom bracket drop (mm)"": ""71 mm""}",6999,false,https://lapierrebikes.com/es-es/products/crosshill-cf-90-lcjua,https://lapierrebikes.com/es-es/products/crosshill-cf-90-lcjua,html,2026-10-05
Lapierre,Crosshill CF [029dd32b],Crosshill CF 9.0,,gravel,M,M,,,,,,581,380,"{""A: Seat tube length (mm)"": ""490 mm"", ""B: Top Tube legth (mm)"": ""552 mm"", ""C: Head tube length (mm)"": ""130 mm"", ""D: Head Tube Angle"": ""71 degrees"", ""E: Seat Tube Angle"": ""73.5 degrees"", ""F: Chain stay length (mm)"": ""430 mm"", ""G: Wheelbase (mm)"": ""1027 mm"", ""H: Stack (mm)"": ""581 mm"", ""I: Reach (mm)"": ""380 mm"", ""K: Bottom bracket drop (mm)"": ""71 mm""}",6999,false,https://lapierrebikes.com/es-es/products/crosshill-cf-90-lcjua,https://lapierrebikes.com/es-es/products/crosshill-cf-90-lcjua,html,2026-10-05
Lapierre,Crosshill CF [029dd32b],Crosshill CF 9.0,,gravel,L,L,,,,,,601,386,"{""A: Seat tube length (mm)"": ""520 mm"", ""B: Top Tube legth (mm)"": ""570 mm"", ""C: Head tube length (mm)"": ""150 mm"", ""D: Head Tube Angle"": ""71.5 degrees"", ""E: Seat Tube Angle"": ""73 degrees"", ""F: Chain stay length (mm)"": ""430 mm"", ""G: Wheelbase (mm)"": ""1036 mm"", ""H: Stack (mm)"": ""601 mm"", ""I: Reach (mm)"": ""386 mm"", ""K: Bottom bracket drop (mm)"": ""70 mm""}",6999,false,https://lapierrebikes.com/es-es/products/crosshill-cf-90-lcjua,https://lapierrebikes.com/es-es/products/crosshill-cf-90-lcjua,html,2026-10-05
Lapierre,Crosshill CF [029dd32b],Crosshill CF 9.0,,gravel,XL,XL,,,,,,620,390,"{""A: Seat tube length (mm)"": ""550 mm"", ""B: Top Tube legth (mm)"": ""585 mm"", ""C: Head tube length (mm)"": ""170 mm"", ""D: Head Tube Angle"": ""71.5 degrees"", ""E: Seat Tube Angle"": ""72.5 degrees"", ""F: Chain stay length (mm)"": ""430 mm"", ""G: Wheelbase (mm)"": ""1045 mm"", ""H: Stack (mm)"": ""620 mm"", ""I: Reach (mm)"": ""390 mm"", ""K: Bottom bracket drop (mm)"": ""70 mm""}",6999,false,https://lapierrebikes.com/es-es/products/crosshill-cf-90-lcjua,https://lapierrebikes.com/es-es/products/crosshill-cf-90-lcjua,html,2026-10-05
Lapierre,Crosshill CF [029dd32b],Crosshill CF 9.0,,gravel,XXL,XXL,,,,,,644,398,"{""A: Seat tube length (mm)"": ""580 mm"", ""B: Top Tube legth (mm)"": ""601 mm"", ""C: Head tube length (mm)"": ""195 mm"", ""D: Head Tube Angle"": ""71.5 degrees"", ""E: Seat Tube Angle"": ""72.5 degrees"", ""F: Chain stay length (mm)"": ""430 mm"", ""G: Wheelbase (mm)"": ""1062 mm"", ""H: Stack (mm)"": ""644 mm"", ""I: Reach (mm)"": ""398 mm"", ""K: Bottom bracket drop (mm)"": ""70 mm""}",6999,false,https://lapierrebikes.com/es-es/products/crosshill-cf-90-lcjua,https://lapierrebikes.com/es-es/products/crosshill-cf-90-lcjua,html,2026-10-05
Lapierre,Crosshill CF [029dd32b],Crosshill CF 8.0,,gravel,XS,XS,,,,,,546,367,"{""A: Seat tube length (mm)"": ""440 mm"", ""B: Top Tube legth (mm)"": ""529 mm"", ""C: Head tube length (mm)"": ""95 mm"", ""D: Head Tube Angle"": ""70.5 degrees"", ""E: Seat Tube Angle"": ""73.5 degrees"", ""F: Chain stay length (mm)"": ""430 mm"", ""G: Wheelbase (mm)"": ""1007 mm"", ""H: Stack (mm)"": ""546 mm"", ""I: Reach (mm)"": ""367 mm"", ""K: Bottom bracket drop (mm)"": ""71 mm""}",5999,false,https://lapierrebikes.com/es-es/products/crosshill-cf-80-lchua,https://lapierrebikes.com/es-es/products/crosshill-cf-80-lchua,html,2026-10-05
Lapierre,Crosshill CF [029dd32b],Crosshill CF 8.0,,gravel,S,S,,,,,,567,373,"{""A: Seat tube length (mm)"": ""460 mm"", ""B: Top Tube legth (mm)"": ""541 mm"", ""C: Head tube length (mm)"": ""115 mm"", ""D: Head Tube Angle"": ""71 degrees"", ""E: Seat Tube Angle"": ""73.5 degrees"", ""F: Chain stay length (mm)"": ""430 mm"", ""G: Wheelbase (mm)"": ""1016 mm"", ""H: Stack (mm)"": ""567 mm"", ""I: Reach (mm)"": ""373 mm"", ""K: Bottom bracket drop (mm)"": ""71 mm""}",5999,false,https://lapierrebikes.com/es-es/products/crosshill-cf-80-lchua,https://lapierrebikes.com/es-es/products/crosshill-cf-80-lchua,html,2026-10-05
Lapierre,Crosshill CF [029dd32b],Crosshill CF 8.0,,gravel,M,M,,,,,,581,380,"{""A: Seat tube length (mm)"": ""490 mm"", ""B: Top Tube legth (mm)"": ""552 mm"", ""C: Head tube length (mm)"": ""130 mm"", ""D: Head Tube Angle"": ""71 degrees"", ""E: Seat Tube Angle"": ""73.5 degrees"", ""F: Chain stay length (mm)"": ""430 mm"", ""G: Wheelbase (mm)"": ""1027 mm"", ""H: Stack (mm)"": ""581 mm"", ""I: Reach (mm)"": ""380 mm"", ""K: Bottom bracket drop (mm)"": ""71 mm""}",5999,false,https://lapierrebikes.com/es-es/products/crosshill-cf-80-lchua,https://lapierrebikes.com/es-es/products/crosshill-cf-80-lchua,html,2026-10-05
Lapierre,Crosshill CF [029dd32b],Crosshill CF 8.0,,gravel,L,L,,,,,,601,386,"{""A: Seat tube length (mm)"": ""520 mm"", ""B: Top Tube legth (mm)"": ""570 mm"", ""C: Head tube length (mm)"": ""150 mm"", ""D: Head Tube Angle"": ""71.5 degrees"", ""E: Seat Tube Angle"": ""73 degrees"", ""F: Chain stay length (mm)"": ""430 mm"", ""G: Wheelbase (mm)"": ""1036 mm"", ""H: Stack (mm)"": ""601 mm"", ""I: Reach (mm)"": ""386 mm"", ""K: Bottom bracket drop (mm)"": ""70 mm""}",5999,false,https://lapierrebikes.com/es-es/products/crosshill-cf-80-lchua,https://lapierrebikes.com/es-es/products/crosshill-cf-80-lchua,html,2026-10-05
Lapierre,Crosshill CF [029dd32b],Crosshill CF 8.0,,gravel,XL,XL,,,,,,620,390,"{""A: Seat tube length (mm)"": ""550 mm"", ""B: Top Tube legth (mm)"": ""585 mm"", ""C: Head tube length (mm)"": ""170 mm"", ""D: Head Tube Angle"": ""71.5 degrees"", ""E: Seat Tube Angle"": ""72.5 degrees"", ""F: Chain stay length (mm)"": ""430 mm"", ""G: Wheelbase (mm)"": ""1045 mm"", ""H: Stack (mm)"": ""620 mm"", ""I: Reach (mm)"": ""390 mm"", ""K: Bottom bracket drop (mm)"": ""70 mm""}",5999,false,https://lapierrebikes.com/es-es/products/crosshill-cf-80-lchua,https://lapierrebikes.com/es-es/products/crosshill-cf-80-lchua,html,2026-10-05
Lapierre,Crosshill CF [029dd32b],Crosshill CF 8.0,,gravel,XXL,XXL,,,,,,644,398,"{""A: Seat tube length (mm)"": ""580 mm"", ""B: Top Tube legth (mm)"": ""601 mm"", ""C: Head tube length (mm)"": ""195 mm"", ""D: Head Tube Angle"": ""71.5 degrees"", ""E: Seat Tube Angle"": ""72.5 degrees"", ""F: Chain stay length (mm)"": ""430 mm"", ""G: Wheelbase (mm)"": ""1062 mm"", ""H: Stack (mm)"": ""644 mm"", ""I: Reach (mm)"": ""398 mm"", ""K: Bottom bracket drop (mm)"": ""70 mm""}",5999,false,https://lapierrebikes.com/es-es/products/crosshill-cf-80-lchua,https://lapierrebikes.com/es-es/products/crosshill-cf-80-lchua,html,2026-10-05
Lapierre,Crosshill CF [029dd32b],Crosshill CF 7.0,,gravel,XS,XS,,,,,,546,367,"{""A: Seat tube length (mm)"": ""440 mm"", ""B: Top Tube legth (mm)"": ""529 mm"", ""C: Head tube length (mm)"": ""95 mm"", ""D: Head Tube Angle"": ""70.5 degrees"", ""E: Seat Tube Angle"": ""73.5 degrees"", ""F: Chain stay length (mm)"": ""430 mm"", ""G: Wheelbase (mm)"": ""1007 mm"", ""H: Stack (mm)"": ""546 mm"", ""I: Reach (mm)"": ""367 mm"", ""K: Bottom bracket drop (mm)"": ""71 mm""}",4499,false,https://lapierrebikes.com/es-es/products/crosshill-cf-70-lcgta,https://lapierrebikes.com/es-es/products/crosshill-cf-70-lcgta,html,2026-10-05
Lapierre,Crosshill CF [029dd32b],Crosshill CF 7.0,,gravel,S,S,,,,,,567,373,"{""A: Seat tube length (mm)"": ""460 mm"", ""B: Top Tube legth (mm)"": ""541 mm"", ""C: Head tube length (mm)"": ""115 mm"", ""D: Head Tube Angle"": ""71 degrees"", ""E: Seat Tube Angle"": ""73.5 degrees"", ""F: Chain stay length (mm)"": ""430 mm"", ""G: Wheelbase (mm)"": ""1016 mm"", ""H: Stack (mm)"": ""567 mm"", ""I: Reach (mm)"": ""373 mm"", ""K: Bottom bracket drop (mm)"": ""71 mm""}",4499,false,https://lapierrebikes.com/es-es/products/crosshill-cf-70-lcgta,https://lapierrebikes.com/es-es/products/crosshill-cf-70-lcgta,html,2026-10-05
Lapierre,Crosshill CF [029dd32b],Crosshill CF 7.0,,gravel,M,M,,,,,,581,380,"{""A: Seat tube length (mm)"": ""490 mm"", ""B: Top Tube legth (mm)"": ""552 mm"", ""C: Head tube length (mm)"": ""130 mm"", ""D: Head Tube Angle"": ""71 degrees"", ""E: Seat Tube Angle"": ""73.5 degrees"", ""F: Chain stay length (mm)"": ""430 mm"", ""G: Wheelbase (mm)"": ""1027 mm"", ""H: Stack (mm)"": ""581 mm"", ""I: Reach (mm)"": ""380 mm"", ""K: Bottom bracket drop (mm)"": ""71 mm""}",4499,false,https://lapierrebikes.com/es-es/products/crosshill-cf-70-lcgta,https://lapierrebikes.com/es-es/products/crosshill-cf-70-lcgta,html,2026-10-05
Lapierre,Crosshill CF [029dd32b],Crosshill CF 7.0,,gravel,L,L,,,,,,601,386,"{""A: Seat tube length (mm)"": ""520 mm"", ""B: Top Tube legth (mm)"": ""570 mm"", ""C: Head tube length (mm)"": ""150 mm"", ""D: Head Tube Angle"": ""71.5 degrees"", ""E: Seat Tube Angle"": ""73 degrees"", ""F: Chain stay length (mm)"": ""430 mm"", ""G: Wheelbase (mm)"": ""1036 mm"", ""H: Stack (mm)"": ""601 mm"", ""I: Reach (mm)"": ""386 mm"", ""K: Bottom bracket drop (mm)"": ""70 mm""}",4499,false,https://lapierrebikes.com/es-es/products/crosshill-cf-70-lcgta,https://lapierrebikes.com/es-es/products/crosshill-cf-70-lcgta,html,2026-10-05
Lapierre,Crosshill CF [029dd32b],Crosshill CF 7.0,,gravel,XL,XL,,,,,,620,390,"{""A: Seat tube length (mm)"": ""550 mm"", ""B: Top Tube legth (mm)"": ""585 mm"", ""C: Head tube length (mm)"": ""170 mm"", ""D: Head Tube Angle"": ""71.5 degrees"", ""E: Seat Tube Angle"": ""72.5 degrees"", ""F: Chain stay length (mm)"": ""430 mm"", ""G: Wheelbase (mm)"": ""1045 mm"", ""H: Stack (mm)"": ""620 mm"", ""I: Reach (mm)"": ""390 mm"", ""K: Bottom bracket drop (mm)"": ""70 mm""}",4499,false,https://lapierrebikes.com/es-es/products/crosshill-cf-70-lcgta,https://lapierrebikes.com/es-es/products/crosshill-cf-70-lcgta,html,2026-10-05
Lapierre,Crosshill CF [029dd32b],Crosshill CF 7.0,,gravel,XXL,XXL,,,,,,644,398,"{""A: Seat tube length (mm)"": ""580 mm"", ""B: Top Tube legth (mm)"": ""601 mm"", ""C: Head tube length (mm)"": ""195 mm"", ""D: Head Tube Angle"": ""71.5 degrees"", ""E: Seat Tube Angle"": ""72.5 degrees"", ""F: Chain stay length (mm)"": ""430 mm"", ""G: Wheelbase (mm)"": ""1062 mm"", ""H: Stack (mm)"": ""644 mm"", ""I: Reach (mm)"": ""398 mm"", ""K: Bottom bracket drop (mm)"": ""70 mm""}",4499,false,https://lapierrebikes.com/es-es/products/crosshill-cf-70-lcgta,https://lapierrebikes.com/es-es/products/crosshill-cf-70-lcgta,html,2026-10-05
Lapierre,Crosshill CF [029dd32b],Crosshill CF 6.0,,gravel,XS,XS,,,,,,546,367,"{""A: Seat tube length (mm)"": ""440 mm"", ""B: Top Tube legth (mm)"": ""529 mm"", ""C: Head tube length (mm)"": ""95 mm"", ""D: Head Tube Angle"": ""70.5 degrees"", ""E: Seat Tube Angle"": ""73.5 degrees"", ""F: Chain stay length (mm)"": ""430 mm"", ""G: Wheelbase (mm)"": ""1007 mm"", ""H: Stack (mm)"": ""546 mm"", ""I: Reach (mm)"": ""367 mm"", ""K: Bottom bracket drop (mm)"": ""71 mm""}",3199,false,https://lapierrebikes.com/es-es/products/crosshill-cf-60-lcfua,https://lapierrebikes.com/es-es/products/crosshill-cf-60-lcfua,html,2026-10-05
Lapierre,Crosshill CF [029dd32b],Crosshill CF 6.0,,gravel,S,S,,,,,,567,373,"{""A: Seat tube length (mm)"": ""460 mm"", ""B: Top Tube legth (mm)"": ""541 mm"", ""C: Head tube length (mm)"": ""115 mm"", ""D: Head Tube Angle"": ""71 degrees"", ""E: Seat Tube Angle"": ""73.5 degrees"", ""F: Chain stay length (mm)"": ""430 mm"", ""G: Wheelbase (mm)"": ""1016 mm"", ""H: Stack (mm)"": ""567 mm"", ""I: Reach (mm)"": ""373 mm"", ""K: Bottom bracket drop (mm)"": ""71 mm""}",3199,false,https://lapierrebikes.com/es-es/products/crosshill-cf-60-lcfua,https://lapierrebikes.com/es-es/products/crosshill-cf-60-lcfua,html,2026-10-05
Lapierre,Crosshill CF [029dd32b],Crosshill CF 6.0,,gravel,M,M,,,,,,581,380,"{""A: Seat tube length (mm)"": ""490 mm"", ""B: Top Tube legth (mm)"": ""552 mm"", ""C: Head tube length (mm)"": ""130 mm"", ""D: Head Tube Angle"": ""71 degrees"", ""E: Seat Tube Angle"": ""73.5 degrees"", ""F: Chain stay length (mm)"": ""430 mm"", ""G: Wheelbase (mm)"": ""1027 mm"", ""H: Stack (mm)"": ""581 mm"", ""I: Reach (mm)"": ""380 mm"", ""K: Bottom bracket drop (mm)"": ""71 mm""}",3199,false,https://lapierrebikes.com/es-es/products/crosshill-cf-60-lcfua,https://lapierrebikes.com/es-es/products/crosshill-cf-60-lcfua,html,2026-10-05
Lapierre,Crosshill CF [029dd32b],Crosshill CF 6.0,,gravel,L,L,,,,,,601,386,"{""A: Seat tube length (mm)"": ""520 mm"", ""B: Top Tube legth (mm)"": ""570 mm"", ""C: Head tube length (mm)"": ""150 mm"", ""D: Head Tube Angle"": ""71.5 degrees"", ""E: Seat Tube Angle"": ""73 degrees"", ""F: Chain stay length (mm)"": ""430 mm"", ""G: Wheelbase (mm)"": ""1036 mm"", ""H: Stack (mm)"": ""601 mm"", ""I: Reach (mm)"": ""386 mm"", ""K: Bottom bracket drop (mm)"": ""70 mm""}",3199,false,https://lapierrebikes.com/es-es/products/crosshill-cf-60-lcfua,https://lapierrebikes.com/es-es/products/crosshill-cf-60-lcfua,html,2026-10-05
Lapierre,Crosshill CF [029dd32b],Crosshill CF 6.0,,gravel,XL,XL,,,,,,620,390,"{""A: Seat tube length (mm)"": ""550 mm"", ""B: Top Tube legth (mm)"": ""585 mm"", ""C: Head tube length (mm)"": ""170 mm"", ""D: Head Tube Angle"": ""71.5 degrees"", ""E: Seat Tube Angle"": ""72.5 degrees"", ""F: Chain stay length (mm)"": ""430 mm"", ""G: Wheelbase (mm)"": ""1045 mm"", ""H: Stack (mm)"": ""620 mm"", ""I: Reach (mm)"": ""390 mm"", ""K: Bottom bracket drop (mm)"": ""70 mm""}",3199,false,https://lapierrebikes.com/es-es/products/crosshill-cf-60-lcfua,https://lapierrebikes.com/es-es/products/crosshill-cf-60-lcfua,html,2026-10-05
Lapierre,Crosshill CF [029dd32b],Crosshill CF 6.0,,gravel,XXL,XXL,,,,,,644,398,"{""A: Seat tube length (mm)"": ""580 mm"", ""B: Top Tube legth (mm)"": ""601 mm"", ""C: Head tube length (mm)"": ""195 mm"", ""D: Head Tube Angle"": ""71.5 degrees"", ""E: Seat Tube Angle"": ""72.5 degrees"", ""F: Chain stay length (mm)"": ""430 mm"", ""G: Wheelbase (mm)"": ""1062 mm"", ""H: Stack (mm)"": ""644 mm"", ""I: Reach (mm)"": ""398 mm"", ""K: Bottom bracket drop (mm)"": ""70 mm""}",3199,false,https://lapierrebikes.com/es-es/products/crosshill-cf-60-lcfua,https://lapierrebikes.com/es-es/products/crosshill-cf-60-lcfua,html,2026-10-05
Lapierre,Crosshill CF [029dd32b],Crosshill CF 5.0,,gravel,XS,XS,,,,,,546,367,"{""A: Seat tube length (mm)"": ""440 mm"", ""B: Top Tube legth (mm)"": ""529 mm"", ""C: Head tube length (mm)"": ""95 mm"", ""D: Head Tube Angle"": ""70.5 degrees"", ""E: Seat Tube Angle"": ""73.5 degrees"", ""F: Chain stay length (mm)"": ""430 mm"", ""G: Wheelbase (mm)"": ""1007 mm"", ""H: Stack (mm)"": ""546 mm"", ""I: Reach (mm)"": ""367 mm"", ""K: Bottom bracket drop (mm)"": ""71 mm""}",2799,false,https://lapierrebikes.com/es-es/products/crosshill-cf-50-lceua,https://lapierrebikes.com/es-es/products/crosshill-cf-50-lceua,html,2026-10-05
Lapierre,Crosshill CF [029dd32b],Crosshill CF 5.0,,gravel,S,S,,,,,,567,373,"{""A: Seat tube length (mm)"": ""460 mm"", ""B: Top Tube legth (mm)"": ""541 mm"", ""C: Head tube length (mm)"": ""115 mm"", ""D: Head Tube Angle"": ""71 degrees"", ""E: Seat Tube Angle"": ""73.5 degrees"", ""F: Chain stay length (mm)"": ""430 mm"", ""G: Wheelbase (mm)"": ""1016 mm"", ""H: Stack (mm)"": ""567 mm"", ""I: Reach (mm)"": ""373 mm"", ""K: Bottom bracket drop (mm)"": ""71 mm""}",2799,false,https://lapierrebikes.com/es-es/products/crosshill-cf-50-lceua,https://lapierrebikes.com/es-es/products/crosshill-cf-50-lceua,html,2026-10-05
Lapierre,Crosshill CF [029dd32b],Crosshill CF 5.0,,gravel,M,M,,,,,,581,380,"{""A: Seat tube length (mm)"": ""490 mm"", ""B: Top Tube legth (mm)"": ""552 mm"", ""C: Head tube length (mm)"": ""130 mm"", ""D: Head Tube Angle"": ""71 degrees"", ""E: Seat Tube Angle"": ""73.5 degrees"", ""F: Chain stay length (mm)"": ""430 mm"", ""G: Wheelbase (mm)"": ""1027 mm"", ""H: Stack (mm)"": ""581 mm"", ""I: Reach (mm)"": ""380 mm"", ""K: Bottom bracket drop (mm)"": ""71 mm""}",2799,false,https://lapierrebikes.com/es-es/products/crosshill-cf-50-lceua,https://lapierrebikes.com/es-es/products/crosshill-cf-50-lceua,html,2026-10-05
Lapierre,Crosshill CF [029dd32b],Crosshill CF 5.0,,gravel,L,L,,,,,,601,386,"{""A: Seat tube length (mm)"": ""520 mm"", ""B: Top Tube legth (mm)"": ""570 mm"", ""C: Head tube length (mm)"": ""150 mm"", ""D: Head Tube Angle"": ""71.5 degrees"", ""E: Seat Tube Angle"": ""73 degrees"", ""F: Chain stay length (mm)"": ""430 mm"", ""G: Wheelbase (mm)"": ""1036 mm"", ""H: Stack (mm)"": ""601 mm"", ""I: Reach (mm)"": ""386 mm"", ""K: Bottom bracket drop (mm)"": ""70 mm""}",2799,false,https://lapierrebikes.com/es-es/products/crosshill-cf-50-lceua,https://lapierrebikes.com/es-es/products/crosshill-cf-50-lceua,html,2026-10-05
Lapierre,Crosshill CF [029dd32b],Crosshill CF 5.0,,gravel,XL,XL,,,,,,620,390,"{""A: Seat tube length (mm)"": ""550 mm"", ""B: Top Tube legth (mm)"": ""585 mm"", ""C: Head tube length (mm)"": ""170 mm"", ""D: Head Tube Angle"": ""71.5 degrees"", ""E: Seat Tube Angle"": ""72.5 degrees"", ""F: Chain stay length (mm)"": ""430 mm"", ""G: Wheelbase (mm)"": ""1045 mm"", ""H: Stack (mm)"": ""620 mm"", ""I: Reach (mm)"": ""390 mm"", ""K: Bottom bracket drop (mm)"": ""70 mm""}",2799,false,https://lapierrebikes.com/es-es/products/crosshill-cf-50-lceua,https://lapierrebikes.com/es-es/products/crosshill-cf-50-lceua,html,2026-10-05
Lapierre,Crosshill CF [029dd32b],Crosshill CF 5.0,,gravel,XXL,XXL,,,,,,644,398,"{""A: Seat tube length (mm)"": ""580 mm"", ""B: Top Tube legth (mm)"": ""601 mm"", ""C: Head tube length (mm)"": ""195 mm"", ""D: Head Tube Angle"": ""71.5 degrees"", ""E: Seat Tube Angle"": ""72.5 degrees"", ""F: Chain stay length (mm)"": ""430 mm"", ""G: Wheelbase (mm)"": ""1062 mm"", ""H: Stack (mm)"": ""644 mm"", ""I: Reach (mm)"": ""398 mm"", ""K: Bottom bracket drop (mm)"": ""70 mm""}",2799,false,https://lapierrebikes.com/es-es/products/crosshill-cf-50-lceua,https://lapierrebikes.com/es-es/products/crosshill-cf-50-lceua,html,2026-10-05
Lapierre,Crosshill [47a5d364],Crosshill AL 4.0,,gravel,XS,XS,,,,,,517,367,"{""A: Seat tube length (mm)"": ""420 mm"", ""B: Top Tube legth (mm)"": ""525 mm"", ""C: Head tube length (mm)"": ""90 mm"", ""D: Head Tube Angle"": ""70 degrees"", ""E: Seat Tube Angle"": ""73 degrees"", ""F: Chain stay length (mm)"": ""435 mm"", ""G: Wheelbase (mm)"": ""1004 mm"", ""H: Stack (mm)"": ""517 mm"", ""I: Reach (mm)"": ""367 mm"", ""K: Bottom bracket drop (mm)"": ""75 mm""}",2199,false,https://lapierrebikes.com/es-es/products/crosshill-40-lccua,https://lapierrebikes.com/es-es/products/crosshill-40-lccua,html,2026-10-05
Lapierre,Crosshill [47a5d364],Crosshill AL 4.0,,gravel,S,S,,,,,,547,377,"{""A: Seat tube length (mm)"": ""460 mm"", ""B: Top Tube legth (mm)"": ""544 mm"", ""C: Head tube length (mm)"": ""120 mm"", ""D: Head Tube Angle"": ""70.5 degrees"", ""E: Seat Tube Angle"": ""73 degrees"", ""F: Chain stay length (mm)"": ""435 mm"", ""G: Wheelbase (mm)"": ""1020 mm"", ""H: Stack (mm)"": ""547 mm"", ""I: Reach (mm)"": ""377 mm"", ""K: Bottom bracket drop (mm)"": ""75 mm""}",2199,false,https://lapierrebikes.com/es-es/products/crosshill-40-lccua,https://lapierrebikes.com/es-es/products/crosshill-40-lccua,html,2026-10-05
Lapierre,Crosshill [47a5d364],Crosshill AL 4.0,,gravel,M,M,,,,,,606,379,"{""A: Seat tube length (mm)"": ""500 mm"", ""B: Top Tube legth (mm)"": ""561 mm"", ""C: Head tube length (mm)"": ""150 mm"", ""D: Head Tube Angle"": ""71 degrees"", ""E: Seat Tube Angle"": ""72.5 degrees"", ""F: Chain stay length (mm)"": ""435 mm"", ""G: Wheelbase (mm)"": ""1028 mm"", ""H: Stack (mm)"": ""606 mm"", ""I: Reach (mm)"": ""379 mm"", ""K: Bottom bracket drop (mm)"": ""75 mm""}",2199,false,https://lapierrebikes.com/es-es/products/crosshill-40-lccua,https://lapierrebikes.com/es-es/products/crosshill-40-lccua,html,2026-10-05
Lapierre,Crosshill [47a5d364],Crosshill AL 4.0,,gravel,L,L,,,,,,606,388,"{""A: Seat tube length (mm)"": ""550 mm"", ""B: Top Tube legth (mm)"": ""579 mm"", ""C: Head tube length (mm)"": ""180 mm"", ""D: Head Tube Angle"": ""71 degrees"", ""E: Seat Tube Angle"": ""72.5 degrees"", ""F: Chain stay length (mm)"": ""435 mm"", ""G: Wheelbase (mm)"": ""1047 mm"", ""H: Stack (mm)"": ""606 mm"", ""I: Reach (mm)"": ""388 mm"", ""K: Bottom bracket drop (mm)"": ""75 mm""}",2199,false,https://lapierrebikes.com/es-es/products/crosshill-40-lccua,https://lapierrebikes.com/es-es/products/crosshill-40-lccua,html,2026-10-05
Lapierre,Crosshill [47a5d364],Crosshill AL 4.0,,gravel,XL,XL,,,,,,636,389,"{""A: Seat tube length (mm)"": ""600 mm"", ""B: Top Tube legth (mm)"": ""596 mm"", ""C: Head tube length (mm)"": ""210 mm"", ""D: Head Tube Angle"": ""72 degrees"", ""E: Seat Tube Angle"": ""71.5 degrees"", ""F: Chain stay length (mm)"": ""435 mm"", ""G: Wheelbase (mm)"": ""1053 mm"", ""H: Stack (mm)"": ""636 mm"", ""I: Reach (mm)"": ""389 mm"", ""K: Bottom bracket drop (mm)"": ""75 mm""}",2199,false,https://lapierrebikes.com/es-es/products/crosshill-40-lccua,https://lapierrebikes.com/es-es/products/crosshill-40-lccua,html,2026-10-05
Lapierre,Crosshill [47a5d364],Crosshill AL 3.0,,gravel,XS,XS,,,,,,517,367,"{""A: Seat tube length (mm)"": ""420 mm"", ""B: Top Tube legth (mm)"": ""525 mm"", ""C: Head tube length (mm)"": ""90 mm"", ""D: Head Tube Angle"": ""70 degrees"", ""E: Seat Tube Angle"": ""73 degrees"", ""F: Chain stay length (mm)"": ""435 mm"", ""G: Wheelbase (mm)"": ""1004 mm"", ""H: Stack (mm)"": ""517 mm"", ""I: Reach (mm)"": ""367 mm"", ""K: Bottom bracket drop (mm)"": ""75 mm""}",1699,false,https://lapierrebikes.com/es-es/products/crosshill-30-lcbua,https://lapierrebikes.com/es-es/products/crosshill-30-lcbua,html,2026-10-05
Lapierre,Crosshill [47a5d364],Crosshill AL 3.0,,gravel,S,S,,,,,,547,377,"{""A: Seat tube length (mm)"": ""460 mm"", ""B: Top Tube legth (mm)"": ""544 mm"", ""C: Head tube length (mm)"": ""120 mm"", ""D: Head Tube Angle"": ""70.5 degrees"", ""E: Seat Tube Angle"": ""73 degrees"", ""F: Chain stay length (mm)"": ""435 mm"", ""G: Wheelbase (mm)"": ""1020 mm"", ""H: Stack (mm)"": ""547 mm"", ""I: Reach (mm)"": ""377 mm"", ""K: Bottom bracket drop (mm)"": ""75 mm""}",1699,false,https://lapierrebikes.com/es-es/products/crosshill-30-lcbua,https://lapierrebikes.com/es-es/products/crosshill-30-lcbua,html,2026-10-05
Lapierre,Crosshill [47a5d364],Crosshill AL 3.0,,gravel,M,M,,,,,,606,379,"{""A: Seat tube length (mm)"": ""500 mm"", ""B: Top Tube legth (mm)"": ""561 mm"", ""C: Head tube length (mm)"": ""150 mm"", ""D: Head Tube Angle"": ""71 degrees"", ""E: Seat Tube Angle"": ""72.5 degrees"", ""F: Chain stay length (mm)"": ""435 mm"", ""G: Wheelbase (mm)"": ""1028 mm"", ""H: Stack (mm)"": ""606 mm"", ""I: Reach (mm)"": ""379 mm"", ""K: Bottom bracket drop (mm)"": ""75 mm""}",1699,false,https://lapierrebikes.com/es-es/products/crosshill-30-lcbua,https://lapierrebikes.com/es-es/products/crosshill-30-lcbua,html,2026-10-05
Lapierre,Crosshill [47a5d364],Crosshill AL 3.0,,gravel,L,L,,,,,,606,388,"{""A: Seat tube length (mm)"": ""550 mm"", ""B: Top Tube legth (mm)"": ""579 mm"", ""C: Head tube length (mm)"": ""180 mm"", ""D: Head Tube Angle"": ""71 degrees"", ""E: Seat Tube Angle"": ""72.5 degrees"", ""F: Chain stay length (mm)"": ""435 mm"", ""G: Wheelbase (mm)"": ""1047 mm"", ""H: Stack (mm)"": ""606 mm"", ""I: Reach (mm)"": ""388 mm"", ""K: Bottom bracket drop (mm)"": ""75 mm""}",1699,false,https://lapierrebikes.com/es-es/products/crosshill-30-lcbua,https://lapierrebikes.com/es-es/products/crosshill-30-lcbua,html,2026-10-05
Lapierre,Crosshill [47a5d364],Crosshill AL 3.0,,gravel,XL,XL,,,,,,636,389,"{""A: Seat tube length (mm)"": ""600 mm"", ""B: Top Tube legth (mm)"": ""596 mm"", ""C: Head tube length (mm)"": ""210 mm"", ""D: Head Tube Angle"": ""72 degrees"", ""E: Seat Tube Angle"": ""71.5 degrees"", ""F: Chain stay length (mm)"": ""435 mm"", ""G: Wheelbase (mm)"": ""1053 mm"", ""H: Stack (mm)"": ""636 mm"", ""I: Reach (mm)"": ""389 mm"", ""K: Bottom bracket drop (mm)"": ""75 mm""}",1699,false,https://lapierrebikes.com/es-es/products/crosshill-30-lcbua,https://lapierrebikes.com/es-es/products/crosshill-30-lcbua,html,2026-10-05
Lapierre,Crosshill [47a5d364],Crosshill 2.0,,gravel,XS,XS,,,,,,517,367,"{""A: Seat tube length (mm)"": ""420 mm"", ""B: Top Tube legth (mm)"": ""525 mm"", ""C: Head tube length (mm)"": ""90 mm"", ""D: Head Tube Angle"": ""70 degrees"", ""E: Seat Tube Angle"": ""73 degrees"", ""F: Chain stay length (mm)"": ""435 mm"", ""G: Wheelbase (mm)"": ""1004 mm"", ""H: Stack (mm)"": ""517 mm"", ""I: Reach (mm)"": ""367 mm"", ""K: Bottom bracket drop (mm)"": ""75 mm""}",1299,false,https://lapierrebikes.com/es-es/products/crosshill-20-lcaua,https://lapierrebikes.com/es-es/products/crosshill-20-lcaua,html,2026-10-05
Lapierre,Crosshill [47a5d364],Crosshill 2.0,,gravel,S,S,,,,,,547,377,"{""A: Seat tube length (mm)"": ""460 mm"", ""B: Top Tube legth (mm)"": ""544 mm"", ""C: Head tube length (mm)"": ""120 mm"", ""D: Head Tube Angle"": ""70.5 degrees"", ""E: Seat Tube Angle"": ""73 degrees"", ""F: Chain stay length (mm)"": ""435 mm"", ""G: Wheelbase (mm)"": ""1020 mm"", ""H: Stack (mm)"": ""547 mm"", ""I: Reach (mm)"": ""377 mm"", ""K: Bottom bracket drop (mm)"": ""75 mm""}",1299,false,https://lapierrebikes.com/es-es/products/crosshill-20-lcaua,https://lapierrebikes.com/es-es/products/crosshill-20-lcaua,html,2026-10-05
Lapierre,Crosshill [47a5d364],Crosshill 2.0,,gravel,M,M,,,,,,606,379,"{""A: Seat tube length (mm)"": ""500 mm"", ""B: Top Tube legth (mm)"": ""561 mm"", ""C: Head tube length (mm)"": ""150 mm"", ""D: Head Tube Angle"": ""71 degrees"", ""E: Seat Tube Angle"": ""72.5 degrees"", ""F: Chain stay length (mm)"": ""435 mm"", ""G: Wheelbase (mm)"": ""1028 mm"", ""H: Stack (mm)"": ""606 mm"", ""I: Reach (mm)"": ""379 mm"", ""K: Bottom bracket drop (mm)"": ""75 mm""}",1299,false,https://lapierrebikes.com/es-es/products/crosshill-20-lcaua,https://lapierrebikes.com/es-es/products/crosshill-20-lcaua,html,2026-10-05
Lapierre,Crosshill [47a5d364],Crosshill 2.0,,gravel,L,L,,,,,,606,388,"{""A: Seat tube length (mm)"": ""550 mm"", ""B: Top Tube legth (mm)"": ""579 mm"", ""C: Head tube length (mm)"": ""180 mm"", ""D: Head Tube Angle"": ""71 degrees"", ""E: Seat Tube Angle"": ""72.5 degrees"", ""F: Chain stay length (mm)"": ""435 mm"", ""G: Wheelbase (mm)"": ""1047 mm"", ""H: Stack (mm)"": ""606 mm"", ""I: Reach (mm)"": ""388 mm"", ""K: Bottom bracket drop (mm)"": ""75 mm""}",1299,false,https://lapierrebikes.com/es-es/products/crosshill-20-lcaua,https://lapierrebikes.com/es-es/products/crosshill-20-lcaua,html,2026-10-05
Lapierre,Crosshill [47a5d364],Crosshill 2.0,,gravel,XL,XL,,,,,,636,389,"{""A: Seat tube length (mm)"": ""600 mm"", ""B: Top Tube legth (mm)"": ""596 mm"", ""C: Head tube length (mm)"": ""210 mm"", ""D: Head Tube Angle"": ""72 degrees"", ""E: Seat Tube Angle"": ""71.5 degrees"", ""F: Chain stay length (mm)"": ""435 mm"", ""G: Wheelbase (mm)"": ""1053 mm"", ""H: Stack (mm)"": ""636 mm"", ""I: Reach (mm)"": ""389 mm"", ""K: Bottom bracket drop (mm)"": ""75 mm""}",1299,false,https://lapierrebikes.com/es-es/products/crosshill-20-lcaua,https://lapierrebikes.com/es-es/products/crosshill-20-lcaua,html,2026-10-05
Lapierre,Zesty CF [9f62f242],Zesty CF 10.9,,mtb,S,S,,,,,,617,435,"{""A: Seat tube length (mm)"": ""380 mm"", ""B: Top Tube legth (mm)"": ""578 mm"", ""C: Head tube length (mm)"": ""105 mm"", ""D: Head Tube Angle"": ""64.5 degrees"", ""E: Seat Tube Angle"": ""77 degrees"", ""F: Chain stay length (mm)"": ""432 mm"", ""G: Wheelbase (mm)"": ""1197 mm"", ""H: Stack (mm)"": ""617 mm"", ""I: Reach (mm)"": ""435 mm"", ""K: Bottom bracket drop (mm)"": ""26 mm""}",10000,false,https://lapierrebikes.com/es-es/products/zesty-cf-109-lznua,https://lapierrebikes.com/es-es/products/zesty-cf-109-lznua,html,2026-10-05
Lapierre,Zesty CF [9f62f242],Zesty CF 10.9,,mtb,M,M,,,,,,626,460,"{""A: Seat tube length (mm)"": ""410 mm"", ""B: Top Tube legth (mm)"": ""605 mm"", ""C: Head tube length (mm)"": ""115 mm"", ""D: Head Tube Angle"": ""64.5 degrees"", ""E: Seat Tube Angle"": ""77 degrees"", ""F: Chain stay length (mm)"": ""432 mm"", ""G: Wheelbase (mm)"": ""1226 mm"", ""H: Stack (mm)"": ""626 mm"", ""I: Reach (mm)"": ""460 mm"", ""K: Bottom bracket drop (mm)"": ""26 mm""}",10000,false,https://lapierrebikes.com/es-es/products/zesty-cf-109-lznua,https://lapierrebikes.com/es-es/products/zesty-cf-109-lznua,html,2026-10-05
Lapierre,Zesty CF [9f62f242],Zesty CF 10.9,,mtb,L,L,,,,,,635,480,"{""A: Seat tube length (mm)"": ""430 mm"", ""B: Top Tube legth (mm)"": ""627 mm"", ""C: Head tube length (mm)"": ""125 mm"", ""D: Head Tube Angle"": ""64.5 degrees"", ""E: Seat Tube Angle"": ""77 degrees"", ""F: Chain stay length (mm)"": ""438 mm"", ""G: Wheelbase (mm)"": ""1255 mm"", ""H: Stack (mm)"": ""635 mm"", ""I: Reach (mm)"": ""480 mm"", ""K: Bottom bracket drop (mm)"": ""26 mm""}",10000,false,https://lapierrebikes.com/es-es/products/zesty-cf-109-lznua,https://lapierrebikes.com/es-es/products/zesty-cf-109-lznua,html,2026-10-05
Lapierre,Zesty CF [9f62f242],Zesty CF 10.9,,mtb,XL,XL,,,,,,644,505,"{""A: Seat tube length (mm)"": ""460 mm"", ""B: Top Tube legth (mm)"": ""654 mm"", ""C: Head tube length (mm)"": ""135 mm"", ""D: Head Tube Angle"": ""64.5 degrees"", ""E: Seat Tube Angle"": ""77 degrees"", ""F: Chain stay length (mm)"": ""443 mm"", ""G: Wheelbase (mm)"": ""1290 mm"", ""H: Stack (mm)"": ""644 mm"", ""I: Reach (mm)"": ""505 mm"", ""K: Bottom bracket drop (mm)"": ""26 mm""}",10000,false,https://lapierrebikes.com/es-es/products/zesty-cf-109-lznua,https://lapierrebikes.com/es-es/products/zesty-cf-109-lznua,html,2026-10-05
Lapierre,Zesty CF [9f62f242],Zesty CF 9.9,,mtb,S,S,,,,,,617,435,"{""A: Seat tube length (mm)"": ""380 mm"", ""B: Top Tube legth (mm)"": ""578 mm"", ""C: Head tube length (mm)"": ""105 mm"", ""D: Head Tube Angle"": ""64.5 degrees"", ""E: Seat Tube Angle"": ""77 degrees"", ""F: Chain stay length (mm)"": ""432 mm"", ""G: Wheelbase (mm)"": ""1197 mm"", ""H: Stack (mm)"": ""617 mm"", ""I: Reach (mm)"": ""435 mm"", ""K: Bottom bracket drop (mm)"": ""26 mm""}",7799,false,https://lapierrebikes.com/es-es/products/zesty-cf-99-lzlua,https://lapierrebikes.com/es-es/products/zesty-cf-99-lzlua,html,2026-10-05
Lapierre,Zesty CF [9f62f242],Zesty CF 9.9,,mtb,M,M,,,,,,626,460,"{""A: Seat tube length (mm)"": ""410 mm"", ""B: Top Tube legth (mm)"": ""605 mm"", ""C: Head tube length (mm)"": ""115 mm"", ""D: Head Tube Angle"": ""64.5 degrees"", ""E: Seat Tube Angle"": ""77 degrees"", ""F: Chain stay length (mm)"": ""432 mm"", ""G: Wheelbase (mm)"": ""1226 mm"", ""H: Stack (mm)"": ""626 mm"", ""I: Reach (mm)"": ""460 mm"", ""K: Bottom bracket drop (mm)"": ""26 mm""}",7799,false,https://lapierrebikes.com/es-es/products/zesty-cf-99-lzlua,https://lapierrebikes.com/es-es/products/zesty-cf-99-lzlua,html,2026-10-05
Lapierre,Zesty CF [9f62f242],Zesty CF 9.9,,mtb,L,L,,,,,,635,480,"{""A: Seat tube length (mm)"": ""430 mm"", ""B: Top Tube legth (mm)"": ""627 mm"", ""C: Head tube length (mm)"": ""125 mm"", ""D: Head Tube Angle"": ""64.5 degrees"", ""E: Seat Tube Angle"": ""77 degrees"", ""F: Chain stay length (mm)"": ""438 mm"", ""G: Wheelbase (mm)"": ""1255 mm"", ""H: Stack (mm)"": ""635 mm"", ""I: Reach (mm)"": ""480 mm"", ""K: Bottom bracket drop (mm)"": ""26 mm""}",7799,false,https://lapierrebikes.com/es-es/products/zesty-cf-99-lzlua,https://lapierrebikes.com/es-es/products/zesty-cf-99-lzlua,html,2026-10-05
Lapierre,Zesty CF [9f62f242],Zesty CF 9.9,,mtb,XL,XL,,,,,,644,505,"{""A: Seat tube length (mm)"": ""460 mm"", ""B: Top Tube legth (mm)"": ""654 mm"", ""C: Head tube length (mm)"": ""135 mm"", ""D: Head Tube Angle"": ""64.5 degrees"", ""E: Seat Tube Angle"": ""77 degrees"", ""F: Chain stay length (mm)"": ""443 mm"", ""G: Wheelbase (mm)"": ""1290 mm"", ""H: Stack (mm)"": ""644 mm"", ""I: Reach (mm)"": ""505 mm"", ""K: Bottom bracket drop (mm)"": ""26 mm""}",7799,false,https://lapierrebikes.com/es-es/products/zesty-cf-99-lzlua,https://lapierrebikes.com/es-es/products/zesty-cf-99-lzlua,html,2026-10-05
Lapierre,Zesty CF [9f62f242],Zesty CF 8.9,,mtb,S,S,,,,,,617,435,"{""A: Seat tube length (mm)"": ""380 mm"", ""B: Top Tube legth (mm)"": ""578 mm"", ""C: Head tube length (mm)"": ""105 mm"", ""D: Head Tube Angle"": ""64.5 degrees"", ""E: Seat Tube Angle"": ""77 degrees"", ""F: Chain stay length (mm)"": ""432 mm"", ""G: Wheelbase (mm)"": ""1197 mm"", ""H: Stack (mm)"": ""617 mm"", ""I: Reach (mm)"": ""435 mm"", ""K: Bottom bracket drop (mm)"": ""26 mm""}",5999,false,https://lapierrebikes.com/es-es/products/zesty-cf-89-lzjua,https://lapierrebikes.com/es-es/products/zesty-cf-89-lzjua,html,2026-10-05
Lapierre,Zesty CF [9f62f242],Zesty CF 8.9,,mtb,M,M,,,,,,626,460,"{""A: Seat tube length (mm)"": ""410 mm"", ""B: Top Tube legth (mm)"": ""605 mm"", ""C: Head tube length (mm)"": ""115 mm"", ""D: Head Tube Angle"": ""64.5 degrees"", ""E: Seat Tube Angle"": ""77 degrees"", ""F: Chain stay length (mm)"": ""432 mm"", ""G: Wheelbase (mm)"": ""1226 mm"", ""H: Stack (mm)"": ""626 mm"", ""I: Reach (mm)"": ""460 mm"", ""K: Bottom bracket drop (mm)"": ""26 mm""}",5999,false,https://lapierrebikes.com/es-es/products/zesty-cf-89-lzjua,https://lapierrebikes.com/es-es/products/zesty-cf-89-lzjua,html,2026-10-05
Lapierre,Zesty CF [9f62f242],Zesty CF 8.9,,mtb,L,L,,,,,,635,480,"{""A: Seat tube length (mm)"": ""430 mm"", ""B: Top Tube legth (mm)"": ""627 mm"", ""C: Head tube length (mm)"": ""125 mm"", ""D: Head Tube Angle"": ""64.5 degrees"", ""E: Seat Tube Angle"": ""77 degrees"", ""F: Chain stay length (mm)"": ""438 mm"", ""G: Wheelbase (mm)"": ""1255 mm"", ""H: Stack (mm)"": ""635 mm"", ""I: Reach (mm)"": ""480 mm"", ""K: Bottom bracket drop (mm)"": ""26 mm""}",5999,false,https://lapierrebikes.com/es-es/products/zesty-cf-89-lzjua,https://lapierrebikes.com/es-es/products/zesty-cf-89-lzjua,html,2026-10-05
Lapierre,Zesty CF [9f62f242],Zesty CF 8.9,,mtb,XL,XL,,,,,,644,505,"{""A: Seat tube length (mm)"": ""460 mm"", ""B: Top Tube legth (mm)"": ""654 mm"", ""C: Head tube length (mm)"": ""135 mm"", ""D: Head Tube Angle"": ""64.5 degrees"", ""E: Seat Tube Angle"": ""77 degrees"", ""F: Chain stay length (mm)"": ""443 mm"", ""G: Wheelbase (mm)"": ""1290 mm"", ""H: Stack (mm)"": ""644 mm"", ""I: Reach (mm)"": ""505 mm"", ""K: Bottom bracket drop (mm)"": ""26 mm""}",5999,false,https://lapierrebikes.com/es-es/products/zesty-cf-89-lzjua,https://lapierrebikes.com/es-es/products/zesty-cf-89-lzjua,html,2026-10-05
Lapierre,Zesty CF [9f62f242],Zesty CF 7.9,,mtb,S,S,,,,,,617,435,"{""A: Seat tube length (mm)"": ""380 mm"", ""B: Top Tube legth (mm)"": ""578 mm"", ""C: Head tube length (mm)"": ""105 mm"", ""D: Head Tube Angle"": ""64.5 degrees"", ""E: Seat Tube Angle"": ""77 degrees"", ""F: Chain stay length (mm)"": ""432 mm"", ""G: Wheelbase (mm)"": ""1197 mm"", ""H: Stack (mm)"": ""617 mm"", ""I: Reach (mm)"": ""435 mm"", ""K: Bottom bracket drop (mm)"": ""26 mm""}",4999,false,https://lapierrebikes.com/es-es/products/zesty-cf-79-lziua,https://lapierrebikes.com/es-es/products/zesty-cf-79-lziua,html,2026-10-05
Lapierre,Zesty CF [9f62f242],Zesty CF 7.9,,mtb,M,M,,,,,,626,460,"{""A: Seat tube length (mm)"": ""410 mm"", ""B: Top Tube legth (mm)"": ""605 mm"", ""C: Head tube length (mm)"": ""115 mm"", ""D: Head Tube Angle"": ""64.5 degrees"", ""E: Seat Tube Angle"": ""77 degrees"", ""F: Chain stay length (mm)"": ""432 mm"", ""G: Wheelbase (mm)"": ""1226 mm"", ""H: Stack (mm)"": ""626 mm"", ""I: Reach (mm)"": ""460 mm"", ""K: Bottom bracket drop (mm)"": ""26 mm""}",4999,false,https://lapierrebikes.com/es-es/products/zesty-cf-79-lziua,https://lapierrebikes.com/es-es/products/zesty-cf-79-lziua,html,2026-10-05
Lapierre,Zesty CF [9f62f242],Zesty CF 7.9,,mtb,L,L,,,,,,635,480,"{""A: Seat tube length (mm)"": ""430 mm"", ""B: Top Tube legth (mm)"": ""627 mm"", ""C: Head tube length (mm)"": ""125 mm"", ""D: Head Tube Angle"": ""64.5 degrees"", ""E: Seat Tube Angle"": ""77 degrees"", ""F: Chain stay length (mm)"": ""438 mm"", ""G: Wheelbase (mm)"": ""1255 mm"", ""H: Stack (mm)"": ""635 mm"", ""I: Reach (mm)"": ""480 mm"", ""K: Bottom bracket drop (mm)"": ""26 mm""}",4999,false,https://lapierrebikes.com/es-es/products/zesty-cf-79-lziua,https://lapierrebikes.com/es-es/products/zesty-cf-79-lziua,html,2026-10-05
Lapierre,Zesty CF [9f62f242],Zesty CF 7.9,,mtb,XL,XL,,,,,,644,505,"{""A: Seat tube length (mm)"": ""460 mm"", ""B: Top Tube legth (mm)"": ""654 mm"", ""C: Head tube length (mm)"": ""135 mm"", ""D: Head Tube Angle"": ""64.5 degrees"", ""E: Seat Tube Angle"": ""77 degrees"", ""F: Chain stay length (mm)"": ""443 mm"", ""G: Wheelbase (mm)"": ""1290 mm"", ""H: Stack (mm)"": ""644 mm"", ""I: Reach (mm)"": ""505 mm"", ""K: Bottom bracket drop (mm)"": ""26 mm""}",4999,false,https://lapierrebikes.com/es-es/products/zesty-cf-79-lziua,https://lapierrebikes.com/es-es/products/zesty-cf-79-lziua,html,2026-10-05
Lapierre,Zesty CF [9f62f242],Zesty CF 6.9,,mtb,S,S,,,,,,617,435,"{""A: Seat tube length (mm)"": ""380 mm"", ""B: Top Tube legth (mm)"": ""578 mm"", ""C: Head tube length (mm)"": ""105 mm"", ""D: Head Tube Angle"": ""64.5 degrees"", ""E: Seat Tube Angle"": ""77 degrees"", ""F: Chain stay length (mm)"": ""432 mm"", ""G: Wheelbase (mm)"": ""1197 mm"", ""H: Stack (mm)"": ""617 mm"", ""I: Reach (mm)"": ""435 mm"", ""K: Bottom bracket drop (mm)"": ""26 mm""}",4499,false,https://lapierrebikes.com/es-es/products/zesty-cf-69-lzhua,https://lapierrebikes.com/es-es/products/zesty-cf-69-lzhua,html,2026-10-05
Lapierre,Zesty CF [9f62f242],Zesty CF 6.9,,mtb,M,M,,,,,,626,460,"{""A: Seat tube length (mm)"": ""410 mm"", ""B: Top Tube legth (mm)"": ""605 mm"", ""C: Head tube length (mm)"": ""115 mm"", ""D: Head Tube Angle"": ""64.5 degrees"", ""E: Seat Tube Angle"": ""77 degrees"", ""F: Chain stay length (mm)"": ""432 mm"", ""G: Wheelbase (mm)"": ""1226 mm"", ""H: Stack (mm)"": ""626 mm"", ""I: Reach (mm)"": ""460 mm"", ""K: Bottom bracket drop (mm)"": ""26 mm""}",4499,false,https://lapierrebikes.com/es-es/products/zesty-cf-69-lzhua,https://lapierrebikes.com/es-es/products/zesty-cf-69-lzhua,html,2026-10-05
Lapierre,Zesty CF [9f62f242],Zesty CF 6.9,,mtb,L,L,,,,,,635,480,"{""A: Seat tube length (mm)"": ""430 mm"", ""B: Top Tube legth (mm)"": ""627 mm"", ""C: Head tube length (mm)"": ""125 mm"", ""D: Head Tube Angle"": ""64.5 degrees"", ""E: Seat Tube Angle"": ""77 degrees"", ""F: Chain stay length (mm)"": ""438 mm"", ""G: Wheelbase (mm)"": ""1255 mm"", ""H: Stack (mm)"": ""635 mm"", ""I: Reach (mm)"": ""480 mm"", ""K: Bottom bracket drop (mm)"": ""26 mm""}",4499,false,https://lapierrebikes.com/es-es/products/zesty-cf-69-lzhua,https://lapierrebikes.com/es-es/products/zesty-cf-69-lzhua,html,2026-10-05
Lapierre,Zesty CF [9f62f242],Zesty CF 6.9,,mtb,XL,XL,,,,,,644,505,"{""A: Seat tube length (mm)"": ""460 mm"", ""B: Top Tube legth (mm)"": ""654 mm"", ""C: Head tube length (mm)"": ""135 mm"", ""D: Head Tube Angle"": ""64.5 degrees"", ""E: Seat Tube Angle"": ""77 degrees"", ""F: Chain stay length (mm)"": ""443 mm"", ""G: Wheelbase (mm)"": ""1290 mm"", ""H: Stack (mm)"": ""644 mm"", ""I: Reach (mm)"": ""505 mm"", ""K: Bottom bracket drop (mm)"": ""26 mm""}",4499,false,https://lapierrebikes.com/es-es/products/zesty-cf-69-lzhua,https://lapierrebikes.com/es-es/products/zesty-cf-69-lzhua,html,2026-10-05
Lapierre,Spicy CF [16d10963],Spicy CF Team,,mtb,XS,XS,,,,,,627,410,"{""A: Seat tube length (mm)"": ""350 mm"", ""B: Top Tube legth (mm)"": ""544 mm"", ""C: Head tube length (mm)"": ""100 mm"", ""D: Head Tube Angle"": ""63.5 degrees"", ""E: Seat Tube Angle"": ""78 degrees"", ""F: Chain stay length (mm)"": ""440 mm"", ""G: Wheelbase (mm)"": ""1200 mm"", ""H: Stack (mm)"": ""627 mm"", ""I: Reach (mm)"": ""410 mm"", ""K: Bottom bracket drop (mm)"": ""16 mm""}",10000,false,https://lapierrebikes.com/es-es/products/spicy-cf-team-lsdua,https://lapierrebikes.com/es-es/products/spicy-cf-team-lsdua,html,2026-10-05
Lapierre,Spicy CF [16d10963],Spicy CF Team,,mtb,S,S,,,,,,636,435,"{""A: Seat tube length (mm)"": ""370 mm"", ""B: Top Tube legth (mm)"": ""570 mm"", ""C: Head tube length (mm)"": ""110 mm"", ""D: Head Tube Angle"": ""63.5 degrees"", ""E: Seat Tube Angle"": ""78 degrees"", ""F: Chain stay length (mm)"": ""440 mm"", ""G: Wheelbase (mm)"": ""1229 mm"", ""H: Stack (mm)"": ""636 mm"", ""I: Reach (mm)"": ""435 mm"", ""K: Bottom bracket drop (mm)"": ""15 mm""}",10000,false,https://lapierrebikes.com/es-es/products/spicy-cf-team-lsdua,https://lapierrebikes.com/es-es/products/spicy-cf-team-lsdua,html,2026-10-05
Lapierre,Spicy CF [16d10963],Spicy CF Team,,mtb,M,M,,,,,,641,460,"{""A: Seat tube length (mm)"": ""400 mm"", ""B: Top Tube legth (mm)"": ""596 mm"", ""C: Head tube length (mm)"": ""115 mm"", ""D: Head Tube Angle"": ""63.5 degrees"", ""E: Seat Tube Angle"": ""78 degrees"", ""F: Chain stay length (mm)"": ""440 mm"", ""G: Wheelbase (mm)"": ""1256 mm"", ""H: Stack (mm)"": ""641 mm"", ""I: Reach (mm)"": ""460 mm"", ""K: Bottom bracket drop (mm)"": ""15 mm""}",10000,false,https://lapierrebikes.com/es-es/products/spicy-cf-team-lsdua,https://lapierrebikes.com/es-es/products/spicy-cf-team-lsdua,html,2026-10-05
Lapierre,Spicy CF [16d10963],Spicy CF Team,,mtb,L,L,,,,,,645,480,"{""A: Seat tube length (mm)"": ""430 mm"", ""B: Top Tube legth (mm)"": ""617 mm"", ""C: Head tube length (mm)"": ""120 mm"", ""D: Head Tube Angle"": ""63.5 degrees"", ""E: Seat Tube Angle"": ""78 degrees"", ""F: Chain stay length (mm)"": ""445 mm"", ""G: Wheelbase (mm)"": ""1283 mm"", ""H: Stack (mm)"": ""645 mm"", ""I: Reach (mm)"": ""480 mm"", ""K: Bottom bracket drop (mm)"": ""15 mm""}",10000,false,https://lapierrebikes.com/es-es/products/spicy-cf-team-lsdua,https://lapierrebikes.com/es-es/products/spicy-cf-team-lsdua,html,2026-10-05
Lapierre,Spicy CF [16d10963],Spicy CF Team,,mtb,XL,XL,,,,,,654,505,"{""A: Seat tube length (mm)"": ""460 mm"", ""B: Top Tube legth (mm)"": ""644 mm"", ""C: Head tube length (mm)"": ""130 mm"", ""D: Head Tube Angle"": ""63.5 degrees"", ""E: Seat Tube Angle"": ""78 degrees"", ""F: Chain stay length (mm)"": ""450 mm"", ""G: Wheelbase (mm)"": ""1318 mm"", ""H: Stack (mm)"": ""654 mm"", ""I: Reach (mm)"": ""505 mm"", ""K: Bottom bracket drop (mm)"": ""15 mm""}",10000,false,https://lapierrebikes.com/es-es/products/spicy-cf-team-lsdua,https://lapierrebikes.com/es-es/products/spicy-cf-team-lsdua,html,2026-10-05
Lapierre,Spicy CF [16d10963],Spicy CF 8.9,,mtb,XS,XS,,,,,,627,410,"{""A: Seat tube length (mm)"": ""350 mm"", ""B: Top Tube legth (mm)"": ""544 mm"", ""C: Head tube length (mm)"": ""100 mm"", ""D: Head Tube Angle"": ""63.5 degrees"", ""E: Seat Tube Angle"": ""78 degrees"", ""F: Chain stay length (mm)"": ""440 mm"", ""G: Wheelbase (mm)"": ""1200 mm"", ""H: Stack (mm)"": ""627 mm"", ""I: Reach (mm)"": ""410 mm"", ""K: Bottom bracket drop (mm)"": ""16 mm""}",7999,false,https://lapierrebikes.com/es-es/products/spicy-cf-89-lsjua,https://lapierrebikes.com/es-es/products/spicy-cf-89-lsjua,html,2026-10-05
Lapierre,Spicy CF [16d10963],Spicy CF 8.9,,mtb,S,S,,,,,,636,435,"{""A: Seat tube length (mm)"": ""370 mm"", ""B: Top Tube legth (mm)"": ""570 mm"", ""C: Head tube length (mm)"": ""110 mm"", ""D: Head Tube Angle"": ""63.5 degrees"", ""E: Seat Tube Angle"": ""78 degrees"", ""F: Chain stay length (mm)"": ""440 mm"", ""G: Wheelbase (mm)"": ""1229 mm"", ""H: Stack (mm)"": ""636 mm"", ""I: Reach (mm)"": ""435 mm"", ""K: Bottom bracket drop (mm)"": ""15 mm""}",7999,false,https://lapierrebikes.com/es-es/products/spicy-cf-89-lsjua,https://lapierrebikes.com/es-es/products/spicy-cf-89-lsjua,html,2026-10-05
Lapierre,Spicy CF [16d10963],Spicy CF 8.9,,mtb,M,M,,,,,,641,460,"{""A: Seat tube length (mm)"": ""400 mm"", ""B: Top Tube legth (mm)"": ""596 mm"", ""C: Head tube length (mm)"": ""115 mm"", ""D: Head Tube Angle"": ""63.5 degrees"", ""E: Seat Tube Angle"": ""78 degrees"", ""F: Chain stay length (mm)"": ""440 mm"", ""G: Wheelbase (mm)"": ""1256 mm"", ""H: Stack (mm)"": ""641 mm"", ""I: Reach (mm)"": ""460 mm"", ""K: Bottom bracket drop (mm)"": ""15 mm""}",7999,false,https://lapierrebikes.com/es-es/products/spicy-cf-89-lsjua,https://lapierrebikes.com/es-es/products/spicy-cf-89-lsjua,html,2026-10-05
Lapierre,Spicy CF [16d10963],Spicy CF 8.9,,mtb,L,L,,,,,,645,480,"{""A: Seat tube length (mm)"": ""430 mm"", ""B: Top Tube legth (mm)"": ""617 mm"", ""C: Head tube length (mm)"": ""120 mm"", ""D: Head Tube Angle"": ""63.5 degrees"", ""E: Seat Tube Angle"": ""78 degrees"", ""F: Chain stay length (mm)"": ""445 mm"", ""G: Wheelbase (mm)"": ""1283 mm"", ""H: Stack (mm)"": ""645 mm"", ""I: Reach (mm)"": ""480 mm"", ""K: Bottom bracket drop (mm)"": ""15 mm""}",7999,false,https://lapierrebikes.com/es-es/products/spicy-cf-89-lsjua,https://lapierrebikes.com/es-es/products/spicy-cf-89-lsjua,html,2026-10-05
Lapierre,Spicy CF [16d10963],Spicy CF 8.9,,mtb,XL,XL,,,,,,654,505,"{""A: Seat tube length (mm)"": ""460 mm"", ""B: Top Tube legth (mm)"": ""644 mm"", ""C: Head tube length (mm)"": ""130 mm"", ""D: Head Tube Angle"": ""63.5 degrees"", ""E: Seat Tube Angle"": ""78 degrees"", ""F: Chain stay length (mm)"": ""450 mm"", ""G: Wheelbase (mm)"": ""1318 mm"", ""H: Stack (mm)"": ""654 mm"", ""I: Reach (mm)"": ""505 mm"", ""K: Bottom bracket drop (mm)"": ""15 mm""}",7999,false,https://lapierrebikes.com/es-es/products/spicy-cf-89-lsjua,https://lapierrebikes.com/es-es/products/spicy-cf-89-lsjua,html,2026-10-05
Lapierre,Spicy CF [16d10963],Spicy CF 7.9,,mtb,XS,XS,,,,,,627,410,"{""A: Seat tube length (mm)"": ""350 mm"", ""B: Top Tube legth (mm)"": ""544 mm"", ""C: Head tube length (mm)"": ""100 mm"", ""D: Head Tube Angle"": ""63.5 degrees"", ""E: Seat Tube Angle"": ""78 degrees"", ""F: Chain stay length (mm)"": ""440 mm"", ""G: Wheelbase (mm)"": ""1200 mm"", ""H: Stack (mm)"": ""627 mm"", ""I: Reach (mm)"": ""410 mm"", ""K: Bottom bracket drop (mm)"": ""16 mm""}",6499,false,https://lapierrebikes.com/es-es/products/spicy-cf-79-lscua,https://lapierrebikes.com/es-es/products/spicy-cf-79-lscua,html,2026-10-05
Lapierre,Spicy CF [16d10963],Spicy CF 7.9,,mtb,S,S,,,,,,636,435,"{""A: Seat tube length (mm)"": ""370 mm"", ""B: Top Tube legth (mm)"": ""570 mm"", ""C: Head tube length (mm)"": ""110 mm"", ""D: Head Tube Angle"": ""63.5 degrees"", ""E: Seat Tube Angle"": ""78 degrees"", ""F: Chain stay length (mm)"": ""440 mm"", ""G: Wheelbase (mm)"": ""1229 mm"", ""H: Stack (mm)"": ""636 mm"", ""I: Reach (mm)"": ""435 mm"", ""K: Bottom bracket drop (mm)"": ""15 mm""}",6499,false,https://lapierrebikes.com/es-es/products/spicy-cf-79-lscua,https://lapierrebikes.com/es-es/products/spicy-cf-79-lscua,html,2026-10-05
Lapierre,Spicy CF [16d10963],Spicy CF 7.9,,mtb,M,M,,,,,,641,460,"{""A: Seat tube length (mm)"": ""400 mm"", ""B: Top Tube legth (mm)"": ""596 mm"", ""C: Head tube length (mm)"": ""115 mm"", ""D: Head Tube Angle"": ""63.5 degrees"", ""E: Seat Tube Angle"": ""78 degrees"", ""F: Chain stay length (mm)"": ""440 mm"", ""G: Wheelbase (mm)"": ""1256 mm"", ""H: Stack (mm)"": ""641 mm"", ""I: Reach (mm)"": ""460 mm"", ""K: Bottom bracket drop (mm)"": ""15 mm""}",6499,false,https://lapierrebikes.com/es-es/products/spicy-cf-79-lscua,https://lapierrebikes.com/es-es/products/spicy-cf-79-lscua,html,2026-10-05
Lapierre,Spicy CF [16d10963],Spicy CF 7.9,,mtb,L,L,,,,,,645,480,"{""A: Seat tube length (mm)"": ""430 mm"", ""B: Top Tube legth (mm)"": ""617 mm"", ""C: Head tube length (mm)"": ""120 mm"", ""D: Head Tube Angle"": ""63.5 degrees"", ""E: Seat Tube Angle"": ""78 degrees"", ""F: Chain stay length (mm)"": ""445 mm"", ""G: Wheelbase (mm)"": ""1283 mm"", ""H: Stack (mm)"": ""645 mm"", ""I: Reach (mm)"": ""480 mm"", ""K: Bottom bracket drop (mm)"": ""15 mm""}",6499,false,https://lapierrebikes.com/es-es/products/spicy-cf-79-lscua,https://lapierrebikes.com/es-es/products/spicy-cf-79-lscua,html,2026-10-05
Lapierre,Spicy CF [16d10963],Spicy CF 7.9,,mtb,XL,XL,,,,,,654,505,"{""A: Seat tube length (mm)"": ""460 mm"", ""B: Top Tube legth (mm)"": ""644 mm"", ""C: Head tube length (mm)"": ""130 mm"", ""D: Head Tube Angle"": ""63.5 degrees"", ""E: Seat Tube Angle"": ""78 degrees"", ""F: Chain stay length (mm)"": ""450 mm"", ""G: Wheelbase (mm)"": ""1318 mm"", ""H: Stack (mm)"": ""654 mm"", ""I: Reach (mm)"": ""505 mm"", ""K: Bottom bracket drop (mm)"": ""15 mm""}",6499,false,https://lapierrebikes.com/es-es/products/spicy-cf-79-lscua,https://lapierrebikes.com/es-es/products/spicy-cf-79-lscua,html,2026-10-05
Lapierre,Spicy CF [16d10963],Spicy CF 6.9,,mtb,XS,XS,,,,,,627,410,"{""A: Seat tube length (mm)"": ""350 mm"", ""B: Top Tube legth (mm)"": ""544 mm"", ""C: Head tube length (mm)"": ""100 mm"", ""D: Head Tube Angle"": ""63.5 degrees"", ""E: Seat Tube Angle"": ""78 degrees"", ""F: Chain stay length (mm)"": ""440 mm"", ""G: Wheelbase (mm)"": ""1200 mm"", ""H: Stack (mm)"": ""627 mm"", ""I: Reach (mm)"": ""410 mm"", ""K: Bottom bracket drop (mm)"": ""16 mm""}",5499,false,https://lapierrebikes.com/es-es/products/spicy-cf-69-lsbua,https://lapierrebikes.com/es-es/products/spicy-cf-69-lsbua,html,2026-10-05
Lapierre,Spicy CF [16d10963],Spicy CF 6.9,,mtb,S,S,,,,,,636,435,"{""A: Seat tube length (mm)"": ""370 mm"", ""B: Top Tube legth (mm)"": ""570 mm"", ""C: Head tube length (mm)"": ""110 mm"", ""D: Head Tube Angle"": ""63.5 degrees"", ""E: Seat Tube Angle"": ""78 degrees"", ""F: Chain stay length (mm)"": ""440 mm"", ""G: Wheelbase (mm)"": ""1229 mm"", ""H: Stack (mm)"": ""636 mm"", ""I: Reach (mm)"": ""435 mm"", ""K: Bottom bracket drop (mm)"": ""15 mm""}",5499,false,https://lapierrebikes.com/es-es/products/spicy-cf-69-lsbua,https://lapierrebikes.com/es-es/products/spicy-cf-69-lsbua,html,2026-10-05
Lapierre,Spicy CF [16d10963],Spicy CF 6.9,,mtb,M,M,,,,,,641,460,"{""A: Seat tube length (mm)"": ""400 mm"", ""B: Top Tube legth (mm)"": ""596 mm"", ""C: Head tube length (mm)"": ""115 mm"", ""D: Head Tube Angle"": ""63.5 degrees"", ""E: Seat Tube Angle"": ""78 degrees"", ""F: Chain stay length (mm)"": ""440 mm"", ""G: Wheelbase (mm)"": ""1256 mm"", ""H: Stack (mm)"": ""641 mm"", ""I: Reach (mm)"": ""460 mm"", ""K: Bottom bracket drop (mm)"": ""15 mm""}",5499,false,https://lapierrebikes.com/es-es/products/spicy-cf-69-lsbua,https://lapierrebikes.com/es-es/products/spicy-cf-69-lsbua,html,2026-10-05
Lapierre,Spicy CF [16d10963],Spicy CF 6.9,,mtb,L,L,,,,,,645,480,"{""A: Seat tube length (mm)"": ""430 mm"", ""B: Top Tube legth (mm)"": ""617 mm"", ""C: Head tube length (mm)"": ""120 mm"", ""D: Head Tube Angle"": ""63.5 degrees"", ""E: Seat Tube Angle"": ""78 degrees"", ""F: Chain stay length (mm)"": ""445 mm"", ""G: Wheelbase (mm)"": ""1283 mm"", ""H: Stack (mm)"": ""645 mm"", ""I: Reach (mm)"": ""480 mm"", ""K: Bottom bracket drop (mm)"": ""15 mm""}",5499,false,https://lapierrebikes.com/es-es/products/spicy-cf-69-lsbua,https://lapierrebikes.com/es-es/products/spicy-cf-69-lsbua,html,2026-10-05
Lapierre,Spicy CF [16d10963],Spicy CF 6.9,,mtb,XL,XL,,,,,,654,505,"{""A: Seat tube length (mm)"": ""460 mm"", ""B: Top Tube legth (mm)"": ""644 mm"", ""C: Head tube length (mm)"": ""130 mm"", ""D: Head Tube Angle"": ""63.5 degrees"", ""E: Seat Tube Angle"": ""78 degrees"", ""F: Chain stay length (mm)"": ""450 mm"", ""G: Wheelbase (mm)"": ""1318 mm"", ""H: Stack (mm)"": ""654 mm"", ""I: Reach (mm)"": ""505 mm"", ""K: Bottom bracket drop (mm)"": ""15 mm""}",5499,false,https://lapierrebikes.com/es-es/products/spicy-cf-69-lsbua,https://lapierrebikes.com/es-es/products/spicy-cf-69-lsbua,html,2026-10-05
Lapierre,XRM [d5d06bc6],XRM 10.9,,mtb,S,S,,,,,,584,415,"{""A: Seat tube length (mm)"": ""390 mm"", ""B: Top Tube legth (mm)"": ""575 mm"", ""C: Head tube length (mm)"": ""85 mm"", ""D: Head Tube Angle"": ""66 degrees"", ""E: Seat Tube Angle"": ""74 degrees"", ""F: Chain stay length (mm)"": ""435 mm"", ""G: Wheelbase (mm)"": ""1134 mm"", ""H: Stack (mm)"": ""584 mm"", ""I: Reach (mm)"": ""415 mm"", ""K: Bottom bracket drop (mm)"": ""40 mm""}",8199,false,https://lapierrebikes.com/es-es/products/xrm-109-lrhta,https://lapierrebikes.com/es-es/products/xrm-109-lrhta,html,2026-10-05
Lapierre,XRM [d5d06bc6],XRM 10.9,,mtb,M,M,,,,,,589,440,"{""A: Seat tube length (mm)"": ""430 mm"", ""B: Top Tube legth (mm)"": ""602 mm"", ""C: Head tube length (mm)"": ""90 mm"", ""D: Head Tube Angle"": ""66 degrees"", ""E: Seat Tube Angle"": ""74 degrees"", ""F: Chain stay length (mm)"": ""435 mm"", ""G: Wheelbase (mm)"": ""1162 mm"", ""H: Stack (mm)"": ""589 mm"", ""I: Reach (mm)"": ""440 mm"", ""K: Bottom bracket drop (mm)"": ""40 mm""}",8199,false,https://lapierrebikes.com/es-es/products/xrm-109-lrhta,https://lapierrebikes.com/es-es/products/xrm-109-lrhta,html,2026-10-05
Lapierre,XRM [d5d06bc6],XRM 10.9,,mtb,L,L,,,,,,598,460,"{""A: Seat tube length (mm)"": ""470 mm"", ""B: Top Tube legth (mm)"": ""624 mm"", ""C: Head tube length (mm)"": ""100 mm"", ""D: Head Tube Angle"": ""66 degrees"", ""E: Seat Tube Angle"": ""74 degrees"", ""F: Chain stay length (mm)"": ""435 mm"", ""G: Wheelbase (mm)"": ""1185 mm"", ""H: Stack (mm)"": ""598 mm"", ""I: Reach (mm)"": ""460 mm"", ""K: Bottom bracket drop (mm)"": ""40 mm""}",8199,false,https://lapierrebikes.com/es-es/products/xrm-109-lrhta,https://lapierrebikes.com/es-es/products/xrm-109-lrhta,html,2026-10-05
Lapierre,XRM [d5d06bc6],XRM 10.9,,mtb,XL,XL,,,,,,608,485,"{""A: Seat tube length (mm)"": ""510 mm"", ""B: Top Tube legth (mm)"": ""651 mm"", ""C: Head tube length (mm)"": ""110 mm"", ""D: Head Tube Angle"": ""66 degrees"", ""E: Seat Tube Angle"": ""74 degrees"", ""F: Chain stay length (mm)"": ""435 mm"", ""G: Wheelbase (mm)"": ""1214 mm"", ""H: Stack (mm)"": ""608 mm"", ""I: Reach (mm)"": ""485 mm"", ""K: Bottom bracket drop (mm)"": ""40 mm""}",8199,false,https://lapierrebikes.com/es-es/products/xrm-109-lrhta,https://lapierrebikes.com/es-es/products/xrm-109-lrhta,html,2026-10-05
Lapierre,XRM [d5d06bc6],XRM 9.9,,mtb,S,S,,,,,,584,415,"{""A: Seat tube length (mm)"": ""390 mm"", ""B: Top Tube legth (mm)"": ""575 mm"", ""C: Head tube length (mm)"": ""85 mm"", ""D: Head Tube Angle"": ""66 degrees"", ""E: Seat Tube Angle"": ""74 degrees"", ""F: Chain stay length (mm)"": ""435 mm"", ""G: Wheelbase (mm)"": ""1134 mm"", ""H: Stack (mm)"": ""584 mm"", ""I: Reach (mm)"": ""415 mm"", ""K: Bottom bracket drop (mm)"": ""40 mm""}",6699,false,https://lapierrebikes.com/es-es/products/xrm-99-lrita,https://lapierrebikes.com/es-es/products/xrm-99-lrita,html,2026-10-05
Lapierre,XRM [d5d06bc6],XRM 9.9,,mtb,M,M,,,,,,589,440,"{""A: Seat tube length (mm)"": ""430 mm"", ""B: Top Tube legth (mm)"": ""602 mm"", ""C: Head tube length (mm)"": ""90 mm"", ""D: Head Tube Angle"": ""66 degrees"", ""E: Seat Tube Angle"": ""74 degrees"", ""F: Chain stay length (mm)"": ""435 mm"", ""G: Wheelbase (mm)"": ""1162 mm"", ""H: Stack (mm)"": ""589 mm"", ""I: Reach (mm)"": ""440 mm"", ""K: Bottom bracket drop (mm)"": ""40 mm""}",6699,false,https://lapierrebikes.com/es-es/products/xrm-99-lrita,https://lapierrebikes.com/es-es/products/xrm-99-lrita,html,2026-10-05
Lapierre,XRM [d5d06bc6],XRM 9.9,,mtb,L,L,,,,,,598,460,"{""A: Seat tube length (mm)"": ""470 mm"", ""B: Top Tube legth (mm)"": ""624 mm"", ""C: Head tube length (mm)"": ""100 mm"", ""D: Head Tube Angle"": ""66 degrees"", ""E: Seat Tube Angle"": ""74 degrees"", ""F: Chain stay length (mm)"": ""435 mm"", ""G: Wheelbase (mm)"": ""1185 mm"", ""H: Stack (mm)"": ""598 mm"", ""I: Reach (mm)"": ""460 mm"", ""K: Bottom bracket drop (mm)"": ""40 mm""}",6699,false,https://lapierrebikes.com/es-es/products/xrm-99-lrita,https://lapierrebikes.com/es-es/products/xrm-99-lrita,html,2026-10-05
Lapierre,XRM [d5d06bc6],XRM 9.9,,mtb,XL,XL,,,,,,608,485,"{""A: Seat tube length (mm)"": ""510 mm"", ""B: Top Tube legth (mm)"": ""651 mm"", ""C: Head tube length (mm)"": ""110 mm"", ""D: Head Tube Angle"": ""66 degrees"", ""E: Seat Tube Angle"": ""74 degrees"", ""F: Chain stay length (mm)"": ""435 mm"", ""G: Wheelbase (mm)"": ""1214 mm"", ""H: Stack (mm)"": ""608 mm"", ""I: Reach (mm)"": ""485 mm"", ""K: Bottom bracket drop (mm)"": ""40 mm""}",6699,false,https://lapierrebikes.com/es-es/products/xrm-99-lrita,https://lapierrebikes.com/es-es/products/xrm-99-lrita,html,2026-10-05
Lapierre,XRM [d5d06bc6],XRM 8.9,,mtb,S,S,,,,,,584,415,"{""A: Seat tube length (mm)"": ""390 mm"", ""B: Top Tube legth (mm)"": ""575 mm"", ""C: Head tube length (mm)"": ""85 mm"", ""D: Head Tube Angle"": ""66 degrees"", ""E: Seat Tube Angle"": ""74 degrees"", ""F: Chain stay length (mm)"": ""435 mm"", ""G: Wheelbase (mm)"": ""1134 mm"", ""H: Stack (mm)"": ""584 mm"", ""I: Reach (mm)"": ""415 mm"", ""K: Bottom bracket drop (mm)"": ""40 mm""}",5499,false,https://lapierrebikes.com/es-es/products/xrm-89-lrfra,https://lapierrebikes.com/es-es/products/xrm-89-lrfra,html,2026-10-05
Lapierre,XRM [d5d06bc6],XRM 8.9,,mtb,M,M,,,,,,589,440,"{""A: Seat tube length (mm)"": ""430 mm"", ""B: Top Tube legth (mm)"": ""602 mm"", ""C: Head tube length (mm)"": ""90 mm"", ""D: Head Tube Angle"": ""66 degrees"", ""E: Seat Tube Angle"": ""74 degrees"", ""F: Chain stay length (mm)"": ""435 mm"", ""G: Wheelbase (mm)"": ""1162 mm"", ""H: Stack (mm)"": ""589 mm"", ""I: Reach (mm)"": ""440 mm"", ""K: Bottom bracket drop (mm)"": ""40 mm""}",5499,false,https://lapierrebikes.com/es-es/products/xrm-89-lrfra,https://lapierrebikes.com/es-es/products/xrm-89-lrfra,html,2026-10-05
Lapierre,XRM [d5d06bc6],XRM 8.9,,mtb,L,L,,,,,,598,460,"{""A: Seat tube length (mm)"": ""470 mm"", ""B: Top Tube legth (mm)"": ""624 mm"", ""C: Head tube length (mm)"": ""100 mm"", ""D: Head Tube Angle"": ""66 degrees"", ""E: Seat Tube Angle"": ""74 degrees"", ""F: Chain stay length (mm)"": ""435 mm"", ""G: Wheelbase (mm)"": ""1185 mm"", ""H: Stack (mm)"": ""598 mm"", ""I: Reach (mm)"": ""460 mm"", ""K: Bottom bracket drop (mm)"": ""40 mm""}",5499,false,https://lapierrebikes.com/es-es/products/xrm-89-lrfra,https://lapierrebikes.com/es-es/products/xrm-89-lrfra,html,2026-10-05
Lapierre,XRM [d5d06bc6],XRM 8.9,,mtb,XL,XL,,,,,,608,485,"{""A: Seat tube length (mm)"": ""510 mm"", ""B: Top Tube legth (mm)"": ""651 mm"", ""C: Head tube length (mm)"": ""110 mm"", ""D: Head Tube Angle"": ""66 degrees"", ""E: Seat Tube Angle"": ""74 degrees"", ""F: Chain stay length (mm)"": ""435 mm"", ""G: Wheelbase (mm)"": ""1214 mm"", ""H: Stack (mm)"": ""608 mm"", ""I: Reach (mm)"": ""485 mm"", ""K: Bottom bracket drop (mm)"": ""40 mm""}",5499,false,https://lapierrebikes.com/es-es/products/xrm-89-lrfra,https://lapierrebikes.com/es-es/products/xrm-89-lrfra,html,2026-10-05
Lapierre,XRM [d5d06bc6],XRM 7.9,,mtb,S,S,,,,,,584,415,"{""A: Seat tube length (mm)"": ""390 mm"", ""B: Top Tube legth (mm)"": ""575 mm"", ""C: Head tube length (mm)"": ""85 mm"", ""D: Head Tube Angle"": ""66 degrees"", ""E: Seat Tube Angle"": ""74 degrees"", ""F: Chain stay length (mm)"": ""435 mm"", ""G: Wheelbase (mm)"": ""1134 mm"", ""H: Stack (mm)"": ""584 mm"", ""I: Reach (mm)"": ""415 mm"", ""K: Bottom bracket drop (mm)"": ""40 mm""}",4799,false,https://lapierrebikes.com/es-es/products/xrm-79-lrbrb,https://lapierrebikes.com/es-es/products/xrm-79-lrbrb,html,2026-10-05
Lapierre,XRM [d5d06bc6],XRM 7.9,,mtb,M,M,,,,,,589,440,"{""A: Seat tube length (mm)"": ""430 mm"", ""B: Top Tube legth (mm)"": ""602 mm"", ""C: Head tube length (mm)"": ""90 mm"", ""D: Head Tube Angle"": ""66 degrees"", ""E: Seat Tube Angle"": ""74 degrees"", ""F: Chain stay length (mm)"": ""435 mm"", ""G: Wheelbase (mm)"": ""1162 mm"", ""H: Stack (mm)"": ""589 mm"", ""I: Reach (mm)"": ""440 mm"", ""K: Bottom bracket drop (mm)"": ""40 mm""}",4799,false,https://lapierrebikes.com/es-es/products/xrm-79-lrbrb,https://lapierrebikes.com/es-es/products/xrm-79-lrbrb,html,2026-10-05
Lapierre,XRM [d5d06bc6],XRM 7.9,,mtb,L,L,,,,,,598,460,"{""A: Seat tube length (mm)"": ""470 mm"", ""B: Top Tube legth (mm)"": ""624 mm"", ""C: Head tube length (mm)"": ""100 mm"", ""D: Head Tube Angle"": ""66 degrees"", ""E: Seat Tube Angle"": ""74 degrees"", ""F: Chain stay length (mm)"": ""435 mm"", ""G: Wheelbase (mm)"": ""1185 mm"", ""H: Stack (mm)"": ""598 mm"", ""I: Reach (mm)"": ""460 mm"", ""K: Bottom bracket drop (mm)"": ""40 mm""}",4799,false,https://lapierrebikes.com/es-es/products/xrm-79-lrbrb,https://lapierrebikes.com/es-es/products/xrm-79-lrbrb,html,2026-10-05
Lapierre,XRM [d5d06bc6],XRM 7.9,,mtb,XL,XL,,,,,,608,485,"{""A: Seat tube length (mm)"": ""510 mm"", ""B: Top Tube legth (mm)"": ""651 mm"", ""C: Head tube length (mm)"": ""110 mm"", ""D: Head Tube Angle"": ""66 degrees"", ""E: Seat Tube Angle"": ""74 degrees"", ""F: Chain stay length (mm)"": ""435 mm"", ""G: Wheelbase (mm)"": ""1214 mm"", ""H: Stack (mm)"": ""608 mm"", ""I: Reach (mm)"": ""485 mm"", ""K: Bottom bracket drop (mm)"": ""40 mm""}",4799,false,https://lapierrebikes.com/es-es/products/xrm-79-lrbrb,https://lapierrebikes.com/es-es/products/xrm-79-lrbrb,html,2026-10-05
Lapierre,XRM [d5d06bc6],XRM 6.9,,mtb,S,S,,,,,,584,415,"{""A: Seat tube length (mm)"": ""390 mm"", ""B: Top Tube legth (mm)"": ""575 mm"", ""C: Head tube length (mm)"": ""85 mm"", ""D: Head Tube Angle"": ""66 degrees"", ""E: Seat Tube Angle"": ""74 degrees"", ""F: Chain stay length (mm)"": ""435 mm"", ""G: Wheelbase (mm)"": ""1134 mm"", ""H: Stack (mm)"": ""584 mm"", ""I: Reach (mm)"": ""415 mm"", ""K: Bottom bracket drop (mm)"": ""40 mm""}",4399,false,https://lapierrebikes.com/es-es/products/xrm-69-lrera,https://lapierrebikes.com/es-es/products/xrm-69-lrera,html,2026-10-05
Lapierre,XRM [d5d06bc6],XRM 6.9,,mtb,M,M,,,,,,589,440,"{""A: Seat tube length (mm)"": ""430 mm"", ""B: Top Tube legth (mm)"": ""602 mm"", ""C: Head tube length (mm)"": ""90 mm"", ""D: Head Tube Angle"": ""66 degrees"", ""E: Seat Tube Angle"": ""74 degrees"", ""F: Chain stay length (mm)"": ""435 mm"", ""G: Wheelbase (mm)"": ""1162 mm"", ""H: Stack (mm)"": ""589 mm"", ""I: Reach (mm)"": ""440 mm"", ""K: Bottom bracket drop (mm)"": ""40 mm""}",4399,false,https://lapierrebikes.com/es-es/products/xrm-69-lrera,https://lapierrebikes.com/es-es/products/xrm-69-lrera,html,2026-10-05
Lapierre,XRM [d5d06bc6],XRM 6.9,,mtb,L,L,,,,,,598,460,"{""A: Seat tube length (mm)"": ""470 mm"", ""B: Top Tube legth (mm)"": ""624 mm"", ""C: Head tube length (mm)"": ""100 mm"", ""D: Head Tube Angle"": ""66 degrees"", ""E: Seat Tube Angle"": ""74 degrees"", ""F: Chain stay length (mm)"": ""435 mm"", ""G: Wheelbase (mm)"": ""1185 mm"", ""H: Stack (mm)"": ""598 mm"", ""I: Reach (mm)"": ""460 mm"", ""K: Bottom bracket drop (mm)"": ""40 mm""}",4399,false,https://lapierrebikes.com/es-es/products/xrm-69-lrera,https://lapierrebikes.com/es-es/products/xrm-69-lrera,html,2026-10-05
Lapierre,XRM [d5d06bc6],XRM 6.9,,mtb,XL,XL,,,,,,608,485,"{""A: Seat tube length (mm)"": ""510 mm"", ""B: Top Tube legth (mm)"": ""651 mm"", ""C: Head tube length (mm)"": ""110 mm"", ""D: Head Tube Angle"": ""66 degrees"", ""E: Seat Tube Angle"": ""74 degrees"", ""F: Chain stay length (mm)"": ""435 mm"", ""G: Wheelbase (mm)"": ""1214 mm"", ""H: Stack (mm)"": ""608 mm"", ""I: Reach (mm)"": ""485 mm"", ""K: Bottom bracket drop (mm)"": ""40 mm""}",4399,false,https://lapierrebikes.com/es-es/products/xrm-69-lrera,https://lapierrebikes.com/es-es/products/xrm-69-lrera,html,2026-10-05
Lapierre,Zesty TR [e835c914],Zesty TR 5.9,,mtb,S,S,,,,,,615.5,431.9,"{""A: Seat tube length (mm)"": ""390 mm"", ""B: Top Tube legth (mm)"": ""572.9 mm"", ""C: Head tube length (mm)"": ""110 mm"", ""D: Head Tube Angle"": ""66 degrees"", ""E: Seat Tube Angle"": ""77.1 degrees"", ""F: Chain stay length (mm)"": ""431.4 mm"", ""G: Wheelbase (mm)"": ""1169.6 mm"", ""H: Stack (mm)"": ""615.5 mm"", ""I: Reach (mm)"": ""431.9 mm"", ""K: Bottom bracket drop (mm)"": ""35 mm""}",3399,false,https://lapierrebikes.com/es-es/products/zesty-tr-59-lzdpa,https://lapierrebikes.com/es-es/products/zesty-tr-59-lzdpa,html,2026-10-05
Lapierre,Zesty TR [e835c914],Zesty TR 5.9,,mtb,M,M,,,,,,621.9,458,"{""A: Seat tube length (mm)"": ""430 mm"", ""B: Top Tube legth (mm)"": ""599.9 mm"", ""C: Head tube length (mm)"": ""120 mm"", ""D: Head Tube Angle"": ""66 degrees"", ""E: Seat Tube Angle"": ""77.1 degrees"", ""F: Chain stay length (mm)"": ""431.4 mm"", ""G: Wheelbase (mm)"": ""1197.4 mm"", ""H: Stack (mm)"": ""621.9 mm"", ""I: Reach (mm)"": ""458 mm"", ""K: Bottom bracket drop (mm)"": ""35 mm""}",3399,false,https://lapierrebikes.com/es-es/products/zesty-tr-59-lzdpa,https://lapierrebikes.com/es-es/products/zesty-tr-59-lzdpa,html,2026-10-05
Lapierre,Zesty TR [e835c914],Zesty TR 5.9,,mtb,L,L,,,,,,633.7,478,"{""A: Seat tube length (mm)"": ""470 mm"", ""B: Top Tube legth (mm)"": ""623.7 mm"", ""C: Head tube length (mm)"": ""130 mm"", ""D: Head Tube Angle"": ""66 degrees"", ""E: Seat Tube Angle"": ""77.1 degrees"", ""F: Chain stay length (mm)"": ""431.4 mm"", ""G: Wheelbase (mm)"": ""1222.7 mm"", ""H: Stack (mm)"": ""633.7 mm"", ""I: Reach (mm)"": ""478 mm"", ""K: Bottom bracket drop (mm)"": ""35 mm""}",3399,false,https://lapierrebikes.com/es-es/products/zesty-tr-59-lzdpa,https://lapierrebikes.com/es-es/products/zesty-tr-59-lzdpa,html,2026-10-05
Lapierre,Zesty TR [e835c914],Zesty TR 5.9,,mtb,XL,XL,,,,,,642.9,503,"{""A: Seat tube length (mm)"": ""510 mm"", ""B: Top Tube legth (mm)"": ""651.6 mm"", ""C: Head tube length (mm)"": ""140 mm"", ""D: Head Tube Angle"": ""66 degrees"", ""E: Seat Tube Angle"": ""77 degrees"", ""F: Chain stay length (mm)"": ""431.4 mm"", ""G: Wheelbase (mm)"": ""1251.8 mm"", ""H: Stack (mm)"": ""642.9 mm"", ""I: Reach (mm)"": ""503 mm"", ""K: Bottom bracket drop (mm)"": ""35 mm""}",3399,false,https://lapierrebikes.com/es-es/products/zesty-tr-59-lzdpa,https://lapierrebikes.com/es-es/products/zesty-tr-59-lzdpa,html,2026-10-05
Lapierre,Zesty TR [e835c914],Zesty TR 4.9,,mtb,S,S,,,,,,615.5,431.9,"{""A: Seat tube length (mm)"": ""390 mm"", ""B: Top Tube legth (mm)"": ""572.9 mm"", ""C: Head tube length (mm)"": ""110 mm"", ""D: Head Tube Angle"": ""66 degrees"", ""E: Seat Tube Angle"": ""77.1 degrees"", ""F: Chain stay length (mm)"": ""431.4 mm"", ""G: Wheelbase (mm)"": ""1169.6 mm"", ""H: Stack (mm)"": ""615.5 mm"", ""I: Reach (mm)"": ""431.9 mm"", ""K: Bottom bracket drop (mm)"": ""35 mm""}",2899,false,https://lapierrebikes.com/es-es/products/zesty-tr-49-lzcna,https://lapierrebikes.com/es-es/products/zesty-tr-49-lzcna,html,2026-10-05
Lapierre,Zesty TR [e835c914],Zesty TR 4.9,,mtb,M,M,,,,,,621.9,458,"{""A: Seat tube length (mm)"": ""430 mm"", ""B: Top Tube legth (mm)"": ""599.9 mm"", ""C: Head tube length (mm)"": ""120 mm"", ""D: Head Tube Angle"": ""66 degrees"", ""E: Seat Tube Angle"": ""77.1 degrees"", ""F: Chain stay length (mm)"": ""431.4 mm"", ""G: Wheelbase (mm)"": ""1197.4 mm"", ""H: Stack (mm)"": ""621.9 mm"", ""I: Reach (mm)"": ""458 mm"", ""K: Bottom bracket drop (mm)"": ""35 mm""}",2899,false,https://lapierrebikes.com/es-es/products/zesty-tr-49-lzcna,https://lapierrebikes.com/es-es/products/zesty-tr-49-lzcna,html,2026-10-05
Lapierre,Zesty TR [e835c914],Zesty TR 4.9,,mtb,L,L,,,,,,633.7,478,"{""A: Seat tube length (mm)"": ""470 mm"", ""B: Top Tube legth (mm)"": ""623.7 mm"", ""C: Head tube length (mm)"": ""130 mm"", ""D: Head Tube Angle"": ""66 degrees"", ""E: Seat Tube Angle"": ""77.1 degrees"", ""F: Chain stay length (mm)"": ""431.4 mm"", ""G: Wheelbase (mm)"": ""1222.7 mm"", ""H: Stack (mm)"": ""633.7 mm"", ""I: Reach (mm)"": ""478 mm"", ""K: Bottom bracket drop (mm)"": ""35 mm""}",2899,false,https://lapierrebikes.com/es-es/products/zesty-tr-49-lzcna,https://lapierrebikes.com/es-es/products/zesty-tr-49-lzcna,html,2026-10-05
Lapierre,Zesty TR [e835c914],Zesty TR 4.9,,mtb,XL,XL,,,,,,642.9,503,"{""A: Seat tube length (mm)"": ""510 mm"", ""B: Top Tube legth (mm)"": ""651.6 mm"", ""C: Head tube length (mm)"": ""140 mm"", ""D: Head Tube Angle"": ""66 degrees"", ""E: Seat Tube Angle"": ""77 degrees"", ""F: Chain stay length (mm)"": ""431.4 mm"", ""G: Wheelbase (mm)"": ""1251.8 mm"", ""H: Stack (mm)"": ""642.9 mm"", ""I: Reach (mm)"": ""503 mm"", ""K: Bottom bracket drop (mm)"": ""35 mm""}",2899,false,https://lapierrebikes.com/es-es/products/zesty-tr-49-lzcna,https://lapierrebikes.com/es-es/products/zesty-tr-49-lzcna,html,2026-10-05
Lapierre,Zesty TR [e835c914],Zesty TR 3.9,,mtb,S,S,,,,,,615.5,431.9,"{""A: Seat tube length (mm)"": ""390 mm"", ""B: Top Tube legth (mm)"": ""572.9 mm"", ""C: Head tube length (mm)"": ""110 mm"", ""D: Head Tube Angle"": ""66 degrees"", ""E: Seat Tube Angle"": ""77.1 degrees"", ""F: Chain stay length (mm)"": ""431.4 mm"", ""G: Wheelbase (mm)"": ""1169.6 mm"", ""H: Stack (mm)"": ""615.5 mm"", ""I: Reach (mm)"": ""431.9 mm"", ""K: Bottom bracket drop (mm)"": ""35 mm""}",2299,false,https://lapierrebikes.com/es-es/products/zesty-tr-39-lzbpa,https://lapierrebikes.com/es-es/products/zesty-tr-39-lzbpa,html,2026-10-05
Lapierre,Zesty TR [e835c914],Zesty TR 3.9,,mtb,M,M,,,,,,621.9,458,"{""A: Seat tube length (mm)"": ""430 mm"", ""B: Top Tube legth (mm)"": ""599.9 mm"", ""C: Head tube length (mm)"": ""120 mm"", ""D: Head Tube Angle"": ""66 degrees"", ""E: Seat Tube Angle"": ""77.1 degrees"", ""F: Chain stay length (mm)"": ""431.4 mm"", ""G: Wheelbase (mm)"": ""1197.4 mm"", ""H: Stack (mm)"": ""621.9 mm"", ""I: Reach (mm)"": ""458 mm"", ""K: Bottom bracket drop (mm)"": ""35 mm""}",2299,false,https://lapierrebikes.com/es-es/products/zesty-tr-39-lzbpa,https://lapierrebikes.com/es-es/products/zesty-tr-39-lzbpa,html,2026-10-05
Lapierre,Zesty TR [e835c914],Zesty TR 3.9,,mtb,L,L,,,,,,633.7,478,"{""A: Seat tube length (mm)"": ""470 mm"", ""B: Top Tube legth (mm)"": ""623.7 mm"", ""C: Head tube length (mm)"": ""130 mm"", ""D: Head Tube Angle"": ""66 degrees"", ""E: Seat Tube Angle"": ""77.1 degrees"", ""F: Chain stay length (mm)"": ""431.4 mm"", ""G: Wheelbase (mm)"": ""1222.7 mm"", ""H: Stack (mm)"": ""633.7 mm"", ""I: Reach (mm)"": ""478 mm"", ""K: Bottom bracket drop (mm)"": ""35 mm""}",2299,false,https://lapierrebikes.com/es-es/products/zesty-tr-39-lzbpa,https://lapierrebikes.com/es-es/products/zesty-tr-39-lzbpa,html,2026-10-05
Lapierre,Zesty TR [e835c914],Zesty TR 3.9,,mtb,XL,XL,,,,,,642.9,503,"{""A: Seat tube length (mm)"": ""510 mm"", ""B: Top Tube legth (mm)"": ""651.6 mm"", ""C: Head tube length (mm)"": ""140 mm"", ""D: Head Tube Angle"": ""66 degrees"", ""E: Seat Tube Angle"": ""77 degrees"", ""F: Chain stay length (mm)"": ""431.4 mm"", ""G: Wheelbase (mm)"": ""1251.8 mm"", ""H: Stack (mm)"": ""642.9 mm"", ""I: Reach (mm)"": ""503 mm"", ""K: Bottom bracket drop (mm)"": ""35 mm""}",2299,false,https://lapierrebikes.com/es-es/products/zesty-tr-39-lzbpa,https://lapierrebikes.com/es-es/products/zesty-tr-39-lzbpa,html,2026-10-05
Lapierre,Zesty TR 3.7 [645f7662],Zesty TR 3.7,,mtb,XS,XS,,,,,,561,385,"{""A: Seat tube length (mm)"": ""370 mm"", ""B: Top Tube legth (mm)"": ""546 mm"", ""C: Head tube length (mm)"": ""95 mm"", ""D: Head Tube Angle"": ""66.5 degrees"", ""E: Seat Tube Angle"": ""74 degrees"", ""F: Chain stay length (mm)"": ""425 mm"", ""G: Wheelbase (mm)"": ""1132.6 mm"", ""H: Stack (mm)"": ""561 mm"", ""I: Reach (mm)"": ""385 mm"", ""K: Bottom bracket drop (mm)"": ""25 mm""}",2299,false,https://lapierrebikes.com/es-es/products/zesty-tr-37-lzapa,https://lapierrebikes.com/es-es/products/zesty-tr-37-lzapa,html,2026-10-05
Lapierre,Prorace 4.9 [640f57da],Prorace 4.9,,mtb,S,S,,,,,,597,410,"{""A: Seat tube length (mm)"": ""390 mm"", ""B: Top Tube legth (mm)"": ""581 mm"", ""C: Head tube length (mm)"": ""90 mm"", ""D: Head Tube Angle"": ""68 degrees"", ""E: Seat Tube Angle"": ""74 degrees"", ""F: Chain stay length (mm)"": ""425 mm"", ""G: Wheelbase (mm)"": ""1094 mm"", ""H: Stack (mm)"": ""597 mm"", ""I: Reach (mm)"": ""410 mm"", ""K: Bottom bracket drop (mm)"": ""62 mm""}",1399,false,https://lapierrebikes.com/es-es/products/prorace-49-lpdua,https://lapierrebikes.com/es-es/products/prorace-49-lpdua,html,2026-10-05
Lapierre,Prorace 4.9 [640f57da],Prorace 4.9,,mtb,M,M,,,,,,602,435,"{""A: Seat tube length (mm)"": ""430 mm"", ""B: Top Tube legth (mm)"": ""608 mm"", ""C: Head tube length (mm)"": ""95 mm"", ""D: Head Tube Angle"": ""68 degrees"", ""E: Seat Tube Angle"": ""74 degrees"", ""F: Chain stay length (mm)"": ""425 mm"", ""G: Wheelbase (mm)"": ""1121 mm"", ""H: Stack (mm)"": ""602 mm"", ""I: Reach (mm)"": ""435 mm"", ""K: Bottom bracket drop (mm)"": ""62 mm""}",1399,false,https://lapierrebikes.com/es-es/products/prorace-49-lpdua,https://lapierrebikes.com/es-es/products/prorace-49-lpdua,html,2026-10-05
Lapierre,Prorace 4.9 [640f57da],Prorace 4.9,,mtb,L,L,,,,,,607,455,"{""A: Seat tube length (mm)"": ""470 mm"", ""B: Top Tube legth (mm)"": ""628 mm"", ""C: Head tube length (mm)"": ""100 mm"", ""D: Head Tube Angle"": ""68 degrees"", ""E: Seat Tube Angle"": ""74 degrees"", ""F: Chain stay length (mm)"": ""425 mm"", ""G: Wheelbase (mm)"": ""1142 mm"", ""H: Stack (mm)"": ""607 mm"", ""I: Reach (mm)"": ""455 mm"", ""K: Bottom bracket drop (mm)"": ""62 mm""}",1399,false,https://lapierrebikes.com/es-es/products/prorace-49-lpdua,https://lapierrebikes.com/es-es/products/prorace-49-lpdua,html,2026-10-05
Lapierre,Prorace 4.9 [640f57da],Prorace 4.9,,mtb,XL,XL,,,,,,616,480,"{""A: Seat tube length (mm)"": ""510 mm"", ""B: Top Tube legth (mm)"": ""657 mm"", ""C: Head tube length (mm)"": ""110 mm"", ""D: Head Tube Angle"": ""68 degrees"", ""E: Seat Tube Angle"": ""74 degrees"", ""F: Chain stay length (mm)"": ""425 mm"", ""G: Wheelbase (mm)"": ""1171 mm"", ""H: Stack (mm)"": ""616 mm"", ""I: Reach (mm)"": ""480 mm"", ""K: Bottom bracket drop (mm)"": ""62 mm""}",1399,false,https://lapierrebikes.com/es-es/products/prorace-49-lpdua,https://lapierrebikes.com/es-es/products/prorace-49-lpdua,html,2026-10-05
Lapierre,Prorace 3.9 [54331912],Prorace 3.9,,mtb,S,S,,,,,,597,410,"{""A: Seat tube length (mm)"": ""390 mm"", ""B: Top Tube legth (mm)"": ""581 mm"", ""C: Head tube length (mm)"": ""90 mm"", ""D: Head Tube Angle"": ""68 degrees"", ""E: Seat Tube Angle"": ""74 degrees"", ""F: Chain stay length (mm)"": ""425 mm"", ""G: Wheelbase (mm)"": ""1094 mm"", ""H: Stack (mm)"": ""597 mm"", ""I: Reach (mm)"": ""410 mm"", ""K: Bottom bracket drop (mm)"": ""62 mm""}",1099,false,https://lapierrebikes.com/es-es/products/prorace-39-lpcua,https://lapierrebikes.com/es-es/products/prorace-39-lpcua,html,2026-10-05
Lapierre,Prorace 3.9 [54331912],Prorace 3.9,,mtb,M,M,,,,,,602,435,"{""A: Seat tube length (mm)"": ""430 mm"", ""B: Top Tube legth (mm)"": ""608 mm"", ""C: Head tube length (mm)"": ""95 mm"", ""D: Head Tube Angle"": ""68 degrees"", ""E: Seat Tube Angle"": ""74 degrees"", ""F: Chain stay length (mm)"": ""425 mm"", ""G: Wheelbase (mm)"": ""1121 mm"", ""H: Stack (mm)"": ""602 mm"", ""I: Reach (mm)"": ""435 mm"", ""K: Bottom bracket drop (mm)"": ""68 mm""}",1099,false,https://lapierrebikes.com/es-es/products/prorace-39-lpcua,https://lapierrebikes.com/es-es/products/prorace-39-lpcua,html,2026-10-05
Lapierre,Prorace 3.9 [54331912],Prorace 3.9,,mtb,L,L,,,,,,607,455,"{""A: Seat tube length (mm)"": ""470 mm"", ""B: Top Tube legth (mm)"": ""628 mm"", ""C: Head tube length (mm)"": ""100 mm"", ""D: Head Tube Angle"": ""68 degrees"", ""E: Seat Tube Angle"": ""74 degrees"", ""F: Chain stay length (mm)"": ""425 mm"", ""G: Wheelbase (mm)"": ""1142 mm"", ""H: Stack (mm)"": ""607 mm"", ""I: Reach (mm)"": ""455 mm"", ""K: Bottom bracket drop (mm)"": ""62 mm""}",1099,false,https://lapierrebikes.com/es-es/products/prorace-39-lpcua,https://lapierrebikes.com/es-es/products/prorace-39-lpcua,html,2026-10-05
Lapierre,Prorace 3.9 [54331912],Prorace 3.9,,mtb,XL,XL,,,,,,616,480,"{""A: Seat tube length (mm)"": ""510 mm"", ""B: Top Tube legth (mm)"": ""657 mm"", ""C: Head tube length (mm)"": ""110 mm"", ""D: Head Tube Angle"": ""68 degrees"", ""E: Seat Tube Angle"": ""74 degrees"", ""F: Chain stay length (mm)"": ""425 mm"", ""G: Wheelbase (mm)"": ""1171 mm"", ""H: Stack (mm)"": ""616 mm"", ""I: Reach (mm)"": ""480 mm"", ""K: Bottom bracket drop (mm)"": ""62 mm""}",1099,false,https://lapierrebikes.com/es-es/products/prorace-39-lpcua,https://lapierrebikes.com/es-es/products/prorace-39-lpcua,html,2026-10-05
Lapierre,Prorace [c8af400b],Prorace 2.9,,mtb,S,S,,,,,,620.4,391,"{""A: Seat tube length (mm)"": ""400 mm"", ""B: Top Tube legth (mm)"": ""575 mm"", ""C: Head tube length (mm)"": ""105 mm"", ""D: Head Tube Angle"": ""68 degrees"", ""E: Seat Tube Angle"": ""73.5 degrees"", ""F: Chain stay length (mm)"": ""450 mm"", ""G: Wheelbase (mm)"": ""1113.2 mm"", ""H: Stack (mm)"": ""620.4 mm"", ""I: Reach (mm)"": ""391 mm"", ""K: Bottom bracket drop (mm)"": ""60 mm""}",899,false,https://lapierrebikes.com/es-es/products/prorace-29-lpbua,https://lapierrebikes.com/es-es/products/prorace-29-lpbua,html,2026-10-05
Lapierre,Prorace [c8af400b],Prorace 2.9,,mtb,M,M,,,,,,630,408,"{""A: Seat tube length (mm)"": ""440 mm"", ""B: Top Tube legth (mm)"": ""595 mm"", ""C: Head tube length (mm)"": ""115 mm"", ""D: Head Tube Angle"": ""68 degrees"", ""E: Seat Tube Angle"": ""73.5 degrees"", ""F: Chain stay length (mm)"": ""450 mm"", ""G: Wheelbase (mm)"": ""1134 mm"", ""H: Stack (mm)"": ""630 mm"", ""I: Reach (mm)"": ""408 mm"", ""K: Bottom bracket drop (mm)"": ""60 mm""}",899,false,https://lapierrebikes.com/es-es/products/prorace-29-lpbua,https://lapierrebikes.com/es-es/products/prorace-29-lpbua,html,2026-10-05
Lapierre,Prorace [c8af400b],Prorace 2.9,,mtb,L,L,,,,,,639,425,"{""A: Seat tube length (mm)"": ""480 mm"", ""B: Top Tube legth (mm)"": ""615 mm"", ""C: Head tube length (mm)"": ""125 mm"", ""D: Head Tube Angle"": ""68 degrees"", ""E: Seat Tube Angle"": ""73.5 degrees"", ""F: Chain stay length (mm)"": ""450 mm"", ""G: Wheelbase (mm)"": ""1155 mm"", ""H: Stack (mm)"": ""639 mm"", ""I: Reach (mm)"": ""425 mm"", ""K: Bottom bracket drop (mm)"": ""60 mm""}",899,false,https://lapierrebikes.com/es-es/products/prorace-29-lpbua,https://lapierrebikes.com/es-es/products/prorace-29-lpbua,html,2026-10-05
Lapierre,Prorace [c8af400b],Prorace 2.9,,mtb,XL,XL,,,,,,648,443,"{""A: Seat tube length (mm)"": ""520 mm"", ""B: Top Tube legth (mm)"": ""635 mm"", ""C: Head tube length (mm)"": ""135 mm"", ""D: Head Tube Angle"": ""68 degrees"", ""E: Seat Tube Angle"": ""73.5 degrees"", ""F: Chain stay length (mm)"": ""450 mm"", ""G: Wheelbase (mm)"": ""1176 mm"", ""H: Stack (mm)"": ""648 mm"", ""I: Reach (mm)"": ""443 mm"", ""K: Bottom bracket drop (mm)"": ""60 mm""}",899,false,https://lapierrebikes.com/es-es/products/prorace-29-lpbua,https://lapierrebikes.com/es-es/products/prorace-29-lpbua,html,2026-10-05
Lapierre,Prorace [c8af400b],Prorace 1.9,,mtb,S,S,,,,,,620.4,391,"{""A: Seat tube length (mm)"": ""400 mm"", ""B: Top Tube legth (mm)"": ""575 mm"", ""C: Head tube length (mm)"": ""105 mm"", ""D: Head Tube Angle"": ""68 degrees"", ""E: Seat Tube Angle"": ""73.5 degrees"", ""F: Chain stay length (mm)"": ""450 mm"", ""G: Wheelbase (mm)"": ""1113.2 mm"", ""H: Stack (mm)"": ""620.4 mm"", ""I: Reach (mm)"": ""391 mm"", ""K: Bottom bracket drop (mm)"": ""60 mm""}",699,false,https://lapierrebikes.com/es-es/products/prorace-19-lpaua,https://lapierrebikes.com/es-es/products/prorace-19-lpaua,html,2026-10-05
Lapierre,Prorace [c8af400b],Prorace 1.9,,mtb,M,M,,,,,,630,408,"{""A: Seat tube length (mm)"": ""440 mm"", ""B: Top Tube legth (mm)"": ""595 mm"", ""C: Head tube length (mm)"": ""115 mm"", ""D: Head Tube Angle"": ""68 degrees"", ""E: Seat Tube Angle"": ""73.5 degrees"", ""F: Chain stay length (mm)"": ""450 mm"", ""G: Wheelbase (mm)"": ""1134 mm"", ""H: Stack (mm)"": ""630 mm"", ""I: Reach (mm)"": ""408 mm"", ""K: Bottom bracket drop (mm)"": ""60 mm""}",699,false,https://lapierrebikes.com/es-es/products/prorace-19-lpaua,https://lapierrebikes.com/es-es/products/prorace-19-lpaua,html,2026-10-05
Lapierre,Prorace [c8af400b],Prorace 1.9,,mtb,L,L,,,,,,639,425,"{""A: Seat tube length (mm)"": ""480 mm"", ""B: Top Tube legth (mm)"": ""615 mm"", ""C: Head tube length (mm)"": ""125 mm"", ""D: Head Tube Angle"": ""68 degrees"", ""E: Seat Tube Angle"": ""73.5 degrees"", ""F: Chain stay length (mm)"": ""450 mm"", ""G: Wheelbase (mm)"": ""1155 mm"", ""H: Stack (mm)"": ""639 mm"", ""I: Reach (mm)"": ""425 mm"", ""K: Bottom bracket drop (mm)"": ""60 mm""}",699,false,https://lapierrebikes.com/es-es/products/prorace-19-lpaua,https://lapierrebikes.com/es-es/products/prorace-19-lpaua,html,2026-10-05
Lapierre,Prorace [c8af400b],Prorace 1.9,,mtb,XL,XL,,,,,,648,443,"{""A: Seat tube length (mm)"": ""520 mm"", ""B: Top Tube legth (mm)"": ""635 mm"", ""C: Head tube length (mm)"": ""135 mm"", ""D: Head Tube Angle"": ""68 degrees"", ""E: Seat Tube Angle"": ""73.5 degrees"", ""F: Chain stay length (mm)"": ""450 mm"", ""G: Wheelbase (mm)"": ""1176 mm"", ""H: Stack (mm)"": ""648 mm"", ""I: Reach (mm)"": ""443 mm"", ""K: Bottom bracket drop (mm)"": ""60 mm""}",699,false,https://lapierrebikes.com/es-es/products/prorace-19-lpaua,https://lapierrebikes.com/es-es/products/prorace-19-lpaua,html,2026-10-05
Lapierre,Overvolt AM [17dccee7],Overvolt AM 10.8,,emtb,S,S,,,,,,628,438,"{""A: Seat tube length (mm)"": ""390 mm"", ""B: Top Tube legth (mm)"": ""583 mm"", ""C: Head tube length (mm)"": ""100 mm"", ""D: Head Tube Angle"": ""64.5 degrees"", ""E: Seat Tube Angle"": ""77 degrees"", ""F: Chain stay length (mm)"": ""456 mm"", ""G: Wheelbase (mm)"": ""1228 mm"", ""H: Stack (mm)"": ""628 mm"", ""I: Reach (mm)"": ""438 mm"", ""K: Bottom bracket drop (mm)"": ""17 mm""}",10000,false,https://lapierrebikes.com/es-es/products/overvolt-am-108-lorta,https://lapierrebikes.com/es-es/products/overvolt-am-108-lorta,html,2026-10-05
Lapierre,Overvolt AM [17dccee7],Overvolt AM 10.8,,emtb,M,M,,,,,,640,460,"{""A: Seat tube length (mm)"": ""430 mm"", ""B: Top Tube legth (mm)"": ""608 mm"", ""C: Head tube length (mm)"": ""110 mm"", ""D: Head Tube Angle"": ""65 degrees"", ""E: Seat Tube Angle"": ""77 degrees"", ""F: Chain stay length (mm)"": ""456 mm"", ""G: Wheelbase (mm)"": ""1250 mm"", ""H: Stack (mm)"": ""640 mm"", ""I: Reach (mm)"": ""460 mm"", ""K: Bottom bracket drop (mm)"": ""29 mm""}",10000,false,https://lapierrebikes.com/es-es/products/overvolt-am-108-lorta,https://lapierrebikes.com/es-es/products/overvolt-am-108-lorta,html,2026-10-05
Lapierre,Overvolt AM [17dccee7],Overvolt AM 10.8,,emtb,L,L,,,,,,654,479,"{""A: Seat tube length (mm)"": ""460 mm"", ""B: Top Tube legth (mm)"": ""630 mm"", ""C: Head tube length (mm)"": ""125 mm"", ""D: Head Tube Angle"": ""65 degrees"", ""E: Seat Tube Angle"": ""77 degrees"", ""F: Chain stay length (mm)"": ""456 mm"", ""G: Wheelbase (mm)"": ""1275 mm"", ""H: Stack (mm)"": ""654 mm"", ""I: Reach (mm)"": ""479 mm"", ""K: Bottom bracket drop (mm)"": ""17 mm""}",10000,false,https://lapierrebikes.com/es-es/products/overvolt-am-108-lorta,https://lapierrebikes.com/es-es/products/overvolt-am-108-lorta,html,2026-10-05
Lapierre,Overvolt AM [17dccee7],Overvolt AM 10.8,,emtb,XL,XL,,,,,,667,506,"{""A: Seat tube length (mm)"": ""490 mm"", ""B: Top Tube legth (mm)"": ""660 mm"", ""C: Head tube length (mm)"": ""140 mm"", ""D: Head Tube Angle"": ""65 degrees"", ""E: Seat Tube Angle"": ""77 degrees"", ""F: Chain stay length (mm)"": ""456 mm"", ""G: Wheelbase (mm)"": ""1308 mm"", ""H: Stack (mm)"": ""667 mm"", ""I: Reach (mm)"": ""506 mm"", ""K: Bottom bracket drop (mm)"": ""17 mm""}",10000,false,https://lapierrebikes.com/es-es/products/overvolt-am-108-lorta,https://lapierrebikes.com/es-es/products/overvolt-am-108-lorta,html,2026-10-05
Lapierre,Overvolt AM [17dccee7],Overvolt AM CF 7.8,,emtb,S,S,,,,,,628,438,"{""A: Seat tube length (mm)"": ""390 mm"", ""B: Top Tube legth (mm)"": ""583 mm"", ""C: Head tube length (mm)"": ""100 mm"", ""D: Head Tube Angle"": ""64.5 degrees"", ""E: Seat Tube Angle"": ""77 degrees"", ""F: Chain stay length (mm)"": ""456 mm"", ""G: Wheelbase (mm)"": ""1228 mm"", ""H: Stack (mm)"": ""628 mm"", ""I: Reach (mm)"": ""438 mm"", ""K: Bottom bracket drop (mm)"": ""17 mm""}",8499,false,https://lapierrebikes.com/es-es/products/overvolt-am-cf-78-losua,https://lapierrebikes.com/es-es/products/overvolt-am-cf-78-losua,html,2026-10-05
Lapierre,Overvolt AM [17dccee7],Overvolt AM CF 7.8,,emtb,M,M,,,,,,640,460,"{""A: Seat tube length (mm)"": ""430 mm"", ""B: Top Tube legth (mm)"": ""608 mm"", ""C: Head tube length (mm)"": ""110 mm"", ""D: Head Tube Angle"": ""65 degrees"", ""E: Seat Tube Angle"": ""77 degrees"", ""F: Chain stay length (mm)"": ""456 mm"", ""G: Wheelbase (mm)"": ""1250 mm"", ""H: Stack (mm)"": ""640 mm"", ""I: Reach (mm)"": ""460 mm"", ""K: Bottom bracket drop (mm)"": ""29 mm""}",8499,false,https://lapierrebikes.com/es-es/products/overvolt-am-cf-78-losua,https://lapierrebikes.com/es-es/products/overvolt-am-cf-78-losua,html,2026-10-05
Lapierre,Overvolt AM [17dccee7],Overvolt AM CF 7.8,,emtb,L,L,,,,,,654,479,"{""A: Seat tube length (mm)"": ""460 mm"", ""B: Top Tube legth (mm)"": ""630 mm"", ""C: Head tube length (mm)"": ""125 mm"", ""D: Head Tube Angle"": ""65 degrees"", ""E: Seat Tube Angle"": ""77 degrees"", ""F: Chain stay length (mm)"": ""456 mm"", ""G: Wheelbase (mm)"": ""1275 mm"", ""H: Stack (mm)"": ""654 mm"", ""I: Reach (mm)"": ""479 mm"", ""K: Bottom bracket drop (mm)"": ""17 mm""}",8499,false,https://lapierrebikes.com/es-es/products/overvolt-am-cf-78-losua,https://lapierrebikes.com/es-es/products/overvolt-am-cf-78-losua,html,2026-10-05
Lapierre,Overvolt AM [17dccee7],Overvolt AM CF 7.8,,emtb,XL,XL,,,,,,667,506,"{""A: Seat tube length (mm)"": ""490 mm"", ""B: Top Tube legth (mm)"": ""660 mm"", ""C: Head tube length (mm)"": ""140 mm"", ""D: Head Tube Angle"": ""65 degrees"", ""E: Seat Tube Angle"": ""77 degrees"", ""F: Chain stay length (mm)"": ""456 mm"", ""G: Wheelbase (mm)"": ""1308 mm"", ""H: Stack (mm)"": ""667 mm"", ""I: Reach (mm)"": ""506 mm"", ""K: Bottom bracket drop (mm)"": ""17 mm""}",8499,false,https://lapierrebikes.com/es-es/products/overvolt-am-cf-78-losua,https://lapierrebikes.com/es-es/products/overvolt-am-cf-78-losua,html,2026-10-05
Lapierre,Overvolt AM [17dccee7],Overvolt AM CF 6.8,,emtb,S,S,,,,,,628,438,"{""A: Seat tube length (mm)"": ""390 mm"", ""B: Top Tube legth (mm)"": ""583 mm"", ""C: Head tube length (mm)"": ""100 mm"", ""D: Head Tube Angle"": ""64.5 degrees"", ""E: Seat Tube Angle"": ""77 degrees"", ""F: Chain stay length (mm)"": ""456 mm"", ""G: Wheelbase (mm)"": ""1228 mm"", ""H: Stack (mm)"": ""628 mm"", ""I: Reach (mm)"": ""438 mm"", ""K: Bottom bracket drop (mm)"": ""17 mm""}",7299,false,https://lapierrebikes.com/es-es/products/overvolt-am-cf-68-lorua,https://lapierrebikes.com/es-es/products/overvolt-am-cf-68-lorua,html,2026-10-05
Lapierre,Overvolt AM [17dccee7],Overvolt AM CF 6.8,,emtb,M,M,,,,,,640,460,"{""A: Seat tube length (mm)"": ""430 mm"", ""B: Top Tube legth (mm)"": ""608 mm"", ""C: Head tube length (mm)"": ""110 mm"", ""D: Head Tube Angle"": ""65 degrees"", ""E: Seat Tube Angle"": ""77 degrees"", ""F: Chain stay length (mm)"": ""456 mm"", ""G: Wheelbase (mm)"": ""1250 mm"", ""H: Stack (mm)"": ""640 mm"", ""I: Reach (mm)"": ""460 mm"", ""K: Bottom bracket drop (mm)"": ""29 mm""}",7299,false,https://lapierrebikes.com/es-es/products/overvolt-am-cf-68-lorua,https://lapierrebikes.com/es-es/products/overvolt-am-cf-68-lorua,html,2026-10-05
Lapierre,Overvolt AM [17dccee7],Overvolt AM CF 6.8,,emtb,L,L,,,,,,654,479,"{""A: Seat tube length (mm)"": ""460 mm"", ""B: Top Tube legth (mm)"": ""630 mm"", ""C: Head tube length (mm)"": ""125 mm"", ""D: Head Tube Angle"": ""65 degrees"", ""E: Seat Tube Angle"": ""77 degrees"", ""F: Chain stay length (mm)"": ""456 mm"", ""G: Wheelbase (mm)"": ""1275 mm"", ""H: Stack (mm)"": ""654 mm"", ""I: Reach (mm)"": ""479 mm"", ""K: Bottom bracket drop (mm)"": ""17 mm""}",7299,false,https://lapierrebikes.com/es-es/products/overvolt-am-cf-68-lorua,https://lapierrebikes.com/es-es/products/overvolt-am-cf-68-lorua,html,2026-10-05
Lapierre,Overvolt AM [17dccee7],Overvolt AM CF 6.8,,emtb,XL,XL,,,,,,667,506,"{""A: Seat tube length (mm)"": ""490 mm"", ""B: Top Tube legth (mm)"": ""660 mm"", ""C: Head tube length (mm)"": ""140 mm"", ""D: Head Tube Angle"": ""65 degrees"", ""E: Seat Tube Angle"": ""77 degrees"", ""F: Chain stay length (mm)"": ""456 mm"", ""G: Wheelbase (mm)"": ""1308 mm"", ""H: Stack (mm)"": ""667 mm"", ""I: Reach (mm)"": ""506 mm"", ""K: Bottom bracket drop (mm)"": ""17 mm""}",7299,false,https://lapierrebikes.com/es-es/products/overvolt-am-cf-68-lorua,https://lapierrebikes.com/es-es/products/overvolt-am-cf-68-lorua,html,2026-10-05
Lapierre,OVERVOLT AM [93fdbac6],OVERVOLT AM 9.8,,emtb,S,S,,,,,,638,433,"{""A: Seat tube length (mm)"": ""390 mm"", ""B: Top Tube legth (mm)"": ""586 mm"", ""C: Head tube length (mm)"": ""110 mm"", ""D: Head Tube Angle"": ""65 degrees"", ""E: Seat Tube Angle"": ""76.5 degrees"", ""F: Chain stay length (mm)"": ""460 mm"", ""G: Wheelbase (mm)"": ""1231 mm"", ""H: Stack (mm)"": ""638 mm"", ""I: Reach (mm)"": ""433 mm"", ""K: Bottom bracket drop (mm)"": ""15 mm""}",7499,false,https://lapierrebikes.com/es-es/products/overvolt-am-98-loqta,https://lapierrebikes.com/es-es/products/overvolt-am-98-loqta,html,2026-10-05
Lapierre,OVERVOLT AM [93fdbac6],OVERVOLT AM 9.8,,emtb,M,M,,,,,,641,455,"{""A: Seat tube length (mm)"": ""430 mm"", ""B: Top Tube legth (mm)"": ""609 mm"", ""C: Head tube length (mm)"": ""110 mm"", ""D: Head Tube Angle"": ""64 degrees"", ""E: Seat Tube Angle"": ""76.5 degrees"", ""F: Chain stay length (mm)"": ""460 mm"", ""G: Wheelbase (mm)"": ""1248 mm"", ""H: Stack (mm)"": ""641 mm"", ""I: Reach (mm)"": ""455 mm"", ""K: Bottom bracket drop (mm)"": ""30 mm""}",7499,false,https://lapierrebikes.com/es-es/products/overvolt-am-98-loqta,https://lapierrebikes.com/es-es/products/overvolt-am-98-loqta,html,2026-10-05
Lapierre,OVERVOLT AM [93fdbac6],OVERVOLT AM 9.8,,emtb,L,L,,,,,,659,475,"{""A: Seat tube length (mm)"": ""460 mm"", ""B: Top Tube legth (mm)"": ""633 mm"", ""C: Head tube length (mm)"": ""130 mm"", ""D: Head Tube Angle"": ""65 degrees"", ""E: Seat Tube Angle"": ""76.5 degrees"", ""F: Chain stay length (mm)"": ""460 mm"", ""G: Wheelbase (mm)"": ""1276 mm"", ""H: Stack (mm)"": ""659 mm"", ""I: Reach (mm)"": ""475 mm"", ""K: Bottom bracket drop (mm)"": ""30 mm""}",7499,false,https://lapierrebikes.com/es-es/products/overvolt-am-98-loqta,https://lapierrebikes.com/es-es/products/overvolt-am-98-loqta,html,2026-10-05
Lapierre,OVERVOLT AM [93fdbac6],OVERVOLT AM 9.8,,emtb,XL,XL,,,,,,678,475,"{""A: Seat tube length (mm)"": ""490 mm"", ""B: Top Tube legth (mm)"": ""663 mm"", ""C: Head tube length (mm)"": ""150 mm"", ""D: Head Tube Angle"": ""65 degrees"", ""E: Seat Tube Angle"": ""76.5 degrees"", ""F: Chain stay length (mm)"": ""460 mm"", ""G: Wheelbase (mm)"": ""1311 mm"", ""H: Stack (mm)"": ""678 mm"", ""I: Reach (mm)"": ""475 mm"", ""K: Bottom bracket drop (mm)"": ""30 mm""}",7499,false,https://lapierrebikes.com/es-es/products/overvolt-am-98-loqta,https://lapierrebikes.com/es-es/products/overvolt-am-98-loqta,html,2026-10-05
Lapierre,OVERVOLT AM [93fdbac6],Overvolt AM 7.8,,emtb,S,S,,,,,,638,433,"{""A: Seat tube length (mm)"": ""390 mm"", ""B: Top Tube legth (mm)"": ""586 mm"", ""C: Head tube length (mm)"": ""110 mm"", ""D: Head Tube Angle"": ""65 degrees"", ""E: Seat Tube Angle"": ""76.5 degrees"", ""F: Chain stay length (mm)"": ""460 mm"", ""G: Wheelbase (mm)"": ""1231 mm"", ""H: Stack (mm)"": ""638 mm"", ""I: Reach (mm)"": ""433 mm"", ""K: Bottom bracket drop (mm)"": ""15 mm""}",6499,false,https://lapierrebikes.com/es-es/products/overvolt-am-78-lopta,https://lapierrebikes.com/es-es/products/overvolt-am-78-lopta,html,2026-10-05
Lapierre,OVERVOLT AM [93fdbac6],Overvolt AM 7.8,,emtb,M,M,,,,,,641,455,"{""A: Seat tube length (mm)"": ""430 mm"", ""B: Top Tube legth (mm)"": ""609 mm"", ""C: Head tube length (mm)"": ""110 mm"", ""D: Head Tube Angle"": ""64 degrees"", ""E: Seat Tube Angle"": ""76.5 degrees"", ""F: Chain stay length (mm)"": ""460 mm"", ""G: Wheelbase (mm)"": ""1248 mm"", ""H: Stack (mm)"": ""641 mm"", ""I: Reach (mm)"": ""455 mm"", ""K: Bottom bracket drop (mm)"": ""30 mm""}",6499,false,https://lapierrebikes.com/es-es/products/overvolt-am-78-lopta,https://lapierrebikes.com/es-es/products/overvolt-am-78-lopta,html,2026-10-05
Lapierre,OVERVOLT AM [93fdbac6],Overvolt AM 7.8,,emtb,L,L,,,,,,659,475,"{""A: Seat tube length (mm)"": ""460 mm"", ""B: Top Tube legth (mm)"": ""633 mm"", ""C: Head tube length (mm)"": ""130 mm"", ""D: Head Tube Angle"": ""65 degrees"", ""E: Seat Tube Angle"": ""76.5 degrees"", ""F: Chain stay length (mm)"": ""460 mm"", ""G: Wheelbase (mm)"": ""1276 mm"", ""H: Stack (mm)"": ""659 mm"", ""I: Reach (mm)"": ""475 mm"", ""K: Bottom bracket drop (mm)"": ""30 mm""}",6499,false,https://lapierrebikes.com/es-es/products/overvolt-am-78-lopta,https://lapierrebikes.com/es-es/products/overvolt-am-78-lopta,html,2026-10-05
Lapierre,OVERVOLT AM [93fdbac6],Overvolt AM 7.8,,emtb,XL,XL,,,,,,678,475,"{""A: Seat tube length (mm)"": ""490 mm"", ""B: Top Tube legth (mm)"": ""663 mm"", ""C: Head tube length (mm)"": ""150 mm"", ""D: Head Tube Angle"": ""65 degrees"", ""E: Seat Tube Angle"": ""76.5 degrees"", ""F: Chain stay length (mm)"": ""460 mm"", ""G: Wheelbase (mm)"": ""1311 mm"", ""H: Stack (mm)"": ""678 mm"", ""I: Reach (mm)"": ""475 mm"", ""K: Bottom bracket drop (mm)"": ""30 mm""}",6499,false,https://lapierrebikes.com/es-es/products/overvolt-am-78-lopta,https://lapierrebikes.com/es-es/products/overvolt-am-78-lopta,html,2026-10-05
Lapierre,Overvolt TR 7.8 [94bd61ae],Overvolt TR 7.8,,emtb,S,S,,,,,,597,438,"{""A: Seat tube length (mm)"": ""390 mm"", ""B: Top Tube legth (mm)"": ""581 mm"", ""C: Head tube length (mm)"": ""110 mm"", ""D: Head Tube Angle"": ""65.5 degrees"", ""E: Seat Tube Angle"": ""76.5 degrees"", ""F: Chain stay length (mm)"": ""460 mm"", ""G: Wheelbase (mm)"": ""1211 mm"", ""H: Stack (mm)"": ""597 mm"", ""I: Reach (mm)"": ""438 mm"", ""K: Bottom bracket drop (mm)"": ""15 mm""}",5699,false,https://lapierrebikes.com/es-es/products/overvolt-tr-78-loluc,https://lapierrebikes.com/es-es/products/overvolt-tr-78-loluc,html,2026-10-05
Lapierre,Overvolt TR 7.8 [94bd61ae],Overvolt TR 7.8,,emtb,M,M,,,,,,609,458,"{""A: Seat tube length (mm)"": ""430 mm"", ""B: Top Tube legth (mm)"": ""604 mm"", ""C: Head tube length (mm)"": ""120 mm"", ""D: Head Tube Angle"": ""66 degrees"", ""E: Seat Tube Angle"": ""76.5 degrees"", ""F: Chain stay length (mm)"": ""460 mm"", ""G: Wheelbase (mm)"": ""1230 mm"", ""H: Stack (mm)"": ""609 mm"", ""I: Reach (mm)"": ""458 mm"", ""K: Bottom bracket drop (mm)"": ""15 mm""}",5699,false,https://lapierrebikes.com/es-es/products/overvolt-tr-78-loluc,https://lapierrebikes.com/es-es/products/overvolt-tr-78-loluc,html,2026-10-05
Lapierre,Overvolt TR 7.8 [94bd61ae],Overvolt TR 7.8,,emtb,L,L,,,,,,627,477,"{""A: Seat tube length (mm)"": ""460 mm"", ""B: Top Tube legth (mm)"": ""628 mm"", ""C: Head tube length (mm)"": ""140 mm"", ""D: Head Tube Angle"": ""66 degrees"", ""E: Seat Tube Angle"": ""76.5 degrees"", ""F: Chain stay length (mm)"": ""460 mm"", ""G: Wheelbase (mm)"": ""1258 mm"", ""H: Stack (mm)"": ""627 mm"", ""I: Reach (mm)"": ""477 mm"", ""K: Bottom bracket drop (mm)"": ""15 mm""}",5699,false,https://lapierrebikes.com/es-es/products/overvolt-tr-78-loluc,https://lapierrebikes.com/es-es/products/overvolt-tr-78-loluc,html,2026-10-05
Lapierre,Overvolt TR 7.8 [94bd61ae],Overvolt TR 7.8,,emtb,XL,XL,,,,,,646,503,"{""A: Seat tube length (mm)"": ""490 mm"", ""B: Top Tube legth (mm)"": ""658 mm"", ""C: Head tube length (mm)"": ""160 mm"", ""D: Head Tube Angle"": ""66 degrees"", ""E: Seat Tube Angle"": ""76.5 degrees"", ""F: Chain stay length (mm)"": ""460 mm"", ""G: Wheelbase (mm)"": ""1292 mm"", ""H: Stack (mm)"": ""646 mm"", ""I: Reach (mm)"": ""503 mm"", ""K: Bottom bracket drop (mm)"": ""15 mm""}",5699,false,https://lapierrebikes.com/es-es/products/overvolt-tr-78-loluc,https://lapierrebikes.com/es-es/products/overvolt-tr-78-loluc,html,2026-10-05
Lapierre,Overvolt AM AL 5.8 [6623dc94],Overvolt AM AL 5.8,,emtb,S,S,,,,,,638,433,"{""A: Seat tube length (mm)"": ""390 mm"", ""B: Top Tube legth (mm)"": ""586 mm"", ""C: Head tube length (mm)"": ""110 mm"", ""D: Head Tube Angle"": ""64.5 degrees"", ""E: Seat Tube Angle"": ""76.5 degrees"", ""F: Chain stay length (mm)"": ""460 mm"", ""G: Wheelbase (mm)"": ""1231 mm"", ""H: Stack (mm)"": ""638 mm"", ""I: Reach (mm)"": ""433 mm"", ""K: Bottom bracket drop (mm)"": ""30 mm""}",5299,false,https://lapierrebikes.com/es-es/products/overvolt-am-al-58-loota,https://lapierrebikes.com/es-es/products/overvolt-am-al-58-loota,html,2026-10-05
Lapierre,Overvolt AM AL 5.8 [6623dc94],Overvolt AM AL 5.8,,emtb,M,M,,,,,,641,455,"{""A: Seat tube length (mm)"": ""430 mm"", ""B: Top Tube legth (mm)"": ""609 mm"", ""C: Head tube length (mm)"": ""110 mm"", ""D: Head Tube Angle"": ""65 degrees"", ""E: Seat Tube Angle"": ""76.5 degrees"", ""F: Chain stay length (mm)"": ""460 mm"", ""G: Wheelbase (mm)"": ""1248 mm"", ""H: Stack (mm)"": ""641 mm"", ""I: Reach (mm)"": ""455 mm"", ""K: Bottom bracket drop (mm)"": ""30 mm""}",5299,false,https://lapierrebikes.com/es-es/products/overvolt-am-al-58-loota,https://lapierrebikes.com/es-es/products/overvolt-am-al-58-loota,html,2026-10-05
Lapierre,Overvolt AM AL 5.8 [6623dc94],Overvolt AM AL 5.8,,emtb,L,L,,,,,,659,475,"{""A: Seat tube length (mm)"": ""460 mm"", ""B: Top Tube legth (mm)"": ""633 mm"", ""C: Head tube length (mm)"": ""130 mm"", ""D: Head Tube Angle"": ""65 degrees"", ""E: Seat Tube Angle"": ""76.5 degrees"", ""F: Chain stay length (mm)"": ""460 mm"", ""G: Wheelbase (mm)"": ""1276 mm"", ""H: Stack (mm)"": ""659 mm"", ""I: Reach (mm)"": ""475 mm"", ""K: Bottom bracket drop (mm)"": ""30 mm""}",5299,false,https://lapierrebikes.com/es-es/products/overvolt-am-al-58-loota,https://lapierrebikes.com/es-es/products/overvolt-am-al-58-loota,html,2026-10-05
Lapierre,Overvolt AM AL 5.8 [6623dc94],Overvolt AM AL 5.8,,emtb,XL,XL,,,,,,678,500,"{""A: Seat tube length (mm)"": ""490 mm"", ""B: Top Tube legth (mm)"": ""663 mm"", ""C: Head tube length (mm)"": ""150 mm"", ""D: Head Tube Angle"": ""65 degrees"", ""E: Seat Tube Angle"": ""76.5 degrees"", ""F: Chain stay length (mm)"": ""460 mm"", ""G: Wheelbase (mm)"": ""1311 mm"", ""H: Stack (mm)"": ""678 mm"", ""I: Reach (mm)"": ""500 mm"", ""K: Bottom bracket drop (mm)"": ""30 mm""}",5299,false,https://lapierrebikes.com/es-es/products/overvolt-am-al-58-loota,https://lapierrebikes.com/es-es/products/overvolt-am-al-58-loota,html,2026-10-05
Lapierre,Overvolt TR [4517feb4],Overvolt TR 6.8,,emtb,S,S,,,,,,603,430,"{""A: Seat tube length (mm)"": ""390 mm"", ""B: Top Tube legth (mm)"": ""583 mm"", ""C: Head tube length (mm)"": ""110 mm"", ""D: Head Tube Angle"": ""65 degrees"", ""E: Seat Tube Angle"": ""76 degrees"", ""F: Chain stay length (mm)"": ""460 mm"", ""G: Wheelbase (mm)"": ""1211 mm"", ""H: Stack (mm)"": ""603 mm"", ""I: Reach (mm)"": ""430 mm"", ""K: Bottom bracket drop (mm)"": ""25 mm""}",4999,false,https://lapierrebikes.com/es-es/products/overvolt-tr-68-loltb,https://lapierrebikes.com/es-es/products/overvolt-tr-68-loltb,html,2026-10-05
Lapierre,Overvolt TR [4517feb4],Overvolt TR 6.8,,emtb,M,M,,,,,,615,450,"{""A: Seat tube length (mm)"": ""430 mm"", ""B: Top Tube legth (mm)"": ""606 mm"", ""C: Head tube length (mm)"": ""120 mm"", ""D: Head Tube Angle"": ""65 degrees"", ""E: Seat Tube Angle"": ""76 degrees"", ""F: Chain stay length (mm)"": ""460 mm"", ""G: Wheelbase (mm)"": ""1230 mm"", ""H: Stack (mm)"": ""615 mm"", ""I: Reach (mm)"": ""450 mm"", ""K: Bottom bracket drop (mm)"": ""25 mm""}",4999,false,https://lapierrebikes.com/es-es/products/overvolt-tr-68-loltb,https://lapierrebikes.com/es-es/products/overvolt-tr-68-loltb,html,2026-10-05
Lapierre,Overvolt TR [4517feb4],Overvolt TR 6.8,,emtb,L,L,,,,,,633,470,"{""A: Seat tube length (mm)"": ""460 mm"", ""B: Top Tube legth (mm)"": ""630 mm"", ""C: Head tube length (mm)"": ""140 mm"", ""D: Head Tube Angle"": ""65 degrees"", ""E: Seat Tube Angle"": ""76 degrees"", ""F: Chain stay length (mm)"": ""460 mm"", ""G: Wheelbase (mm)"": ""1257 mm"", ""H: Stack (mm)"": ""633 mm"", ""I: Reach (mm)"": ""470 mm"", ""K: Bottom bracket drop (mm)"": ""25 mm""}",4999,false,https://lapierrebikes.com/es-es/products/overvolt-tr-68-loltb,https://lapierrebikes.com/es-es/products/overvolt-tr-68-loltb,html,2026-10-05
Lapierre,Overvolt TR [4517feb4],Overvolt TR 6.8,,emtb,XL,XL,,,,,,651,495,"{""A: Seat tube length (mm)"": ""490 mm"", ""B: Top Tube legth (mm)"": ""660 mm"", ""C: Head tube length (mm)"": ""160 mm"", ""D: Head Tube Angle"": ""65 degrees"", ""E: Seat Tube Angle"": ""76 degrees"", ""F: Chain stay length (mm)"": ""460 mm"", ""G: Wheelbase (mm)"": ""1291 mm"", ""H: Stack (mm)"": ""651 mm"", ""I: Reach (mm)"": ""495 mm"", ""K: Bottom bracket drop (mm)"": ""25 mm""}",4999,false,https://lapierrebikes.com/es-es/products/overvolt-tr-68-loltb,https://lapierrebikes.com/es-es/products/overvolt-tr-68-loltb,html,2026-10-05
Lapierre,Overvolt TR [4517feb4],Overvolt TR 4.6,,emtb,S,S,,,,,,603,430,"{""A: Seat tube length (mm)"": ""390 mm"", ""B: Top Tube legth (mm)"": ""583 mm"", ""C: Head tube length (mm)"": ""110 mm"", ""D: Head Tube Angle"": ""65 degrees"", ""E: Seat Tube Angle"": ""76 degrees"", ""F: Chain stay length (mm)"": ""460 mm"", ""G: Wheelbase (mm)"": ""1211 mm"", ""H: Stack (mm)"": ""603 mm"", ""I: Reach (mm)"": ""430 mm"", ""K: Bottom bracket drop (mm)"": ""25 mm""}",4499,false,https://lapierrebikes.com/es-es/products/overvolt-tr-46-lolta,https://lapierrebikes.com/es-es/products/overvolt-tr-46-lolta,html,2026-10-05
Lapierre,Overvolt TR [4517feb4],Overvolt TR 4.6,,emtb,M,M,,,,,,615,450,"{""A: Seat tube length (mm)"": ""430 mm"", ""B: Top Tube legth (mm)"": ""606 mm"", ""C: Head tube length (mm)"": ""120 mm"", ""D: Head Tube Angle"": ""65 degrees"", ""E: Seat Tube Angle"": ""76 degrees"", ""F: Chain stay length (mm)"": ""460 mm"", ""G: Wheelbase (mm)"": ""1230 mm"", ""H: Stack (mm)"": ""615 mm"", ""I: Reach (mm)"": ""450 mm"", ""K: Bottom bracket drop (mm)"": ""25 mm""}",4499,false,https://lapierrebikes.com/es-es/products/overvolt-tr-46-lolta,https://lapierrebikes.com/es-es/products/overvolt-tr-46-lolta,html,2026-10-05
Lapierre,Overvolt TR [4517feb4],Overvolt TR 4.6,,emtb,L,L,,,,,,633,470,"{""A: Seat tube length (mm)"": ""460 mm"", ""B: Top Tube legth (mm)"": ""630 mm"", ""C: Head tube length (mm)"": ""140 mm"", ""D: Head Tube Angle"": ""65 degrees"", ""E: Seat Tube Angle"": ""76 degrees"", ""F: Chain stay length (mm)"": ""460 mm"", ""G: Wheelbase (mm)"": ""1257 mm"", ""H: Stack (mm)"": ""633 mm"", ""I: Reach (mm)"": ""470 mm"", ""K: Bottom bracket drop (mm)"": ""25 mm""}",4499,false,https://lapierrebikes.com/es-es/products/overvolt-tr-46-lolta,https://lapierrebikes.com/es-es/products/overvolt-tr-46-lolta,html,2026-10-05
Lapierre,Overvolt TR [4517feb4],Overvolt TR 4.6,,emtb,XL,XL,,,,,,651,495,"{""A: Seat tube length (mm)"": ""490 mm"", ""B: Top Tube legth (mm)"": ""660 mm"", ""C: Head tube length (mm)"": ""160 mm"", ""D: Head Tube Angle"": ""65 degrees"", ""E: Seat Tube Angle"": ""76 degrees"", ""F: Chain stay length (mm)"": ""460 mm"", ""G: Wheelbase (mm)"": ""1291 mm"", ""H: Stack (mm)"": ""651 mm"", ""I: Reach (mm)"": ""495 mm"", ""K: Bottom bracket drop (mm)"": ""25 mm""}",4499,false,https://lapierrebikes.com/es-es/products/overvolt-tr-46-lolta,https://lapierrebikes.com/es-es/products/overvolt-tr-46-lolta,html,2026-10-05
Lapierre,Overvolt HT [9e6cd751],Overvolt HT 8.8,,emtb,S,S,,,,,,656,422,"{""A: Seat tube length (mm)"": ""400 mm"", ""B: Top Tube legth (mm)"": ""610 mm"", ""C: Head tube length (mm)"": ""140 mm"", ""D: Head Tube Angle"": ""68 degrees"", ""E: Seat Tube Angle"": ""74 degrees"", ""F: Chain stay length (mm)"": ""465 mm"", ""G: Wheelbase (mm)"": ""1171 mm"", ""H: Stack (mm)"": ""656 mm"", ""I: Reach (mm)"": ""422 mm"", ""K: Bottom bracket drop (mm)"": ""60 mm""}",3999,false,https://lapierrebikes.com/es-es/products/overvolt-ht-88-loeta,https://lapierrebikes.com/es-es/products/overvolt-ht-88-loeta,html,2026-10-05
Lapierre,Overvolt HT [9e6cd751],Overvolt HT 8.8,,emtb,M,M,,,,,,674,432,"{""A: Seat tube length (mm)"": ""450 mm"", ""B: Top Tube legth (mm)"": ""625 mm"", ""C: Head tube length (mm)"": ""140 mm"", ""D: Head Tube Angle"": ""67 degrees"", ""E: Seat Tube Angle"": ""74 degrees"", ""F: Chain stay length (mm)"": ""475 mm"", ""G: Wheelbase (mm)"": ""1216 mm"", ""H: Stack (mm)"": ""674 mm"", ""I: Reach (mm)"": ""432 mm"", ""K: Bottom bracket drop (mm)"": ""65 mm""}",3999,false,https://lapierrebikes.com/es-es/products/overvolt-ht-88-loeta,https://lapierrebikes.com/es-es/products/overvolt-ht-88-loeta,html,2026-10-05
Lapierre,Overvolt HT [9e6cd751],Overvolt HT 8.8,,emtb,L,L,,,,,,683,452,"{""A: Seat tube length (mm)"": ""500 mm"", ""B: Top Tube legth (mm)"": ""648 mm"", ""C: Head tube length (mm)"": ""150 mm"", ""D: Head Tube Angle"": ""67 degrees"", ""E: Seat Tube Angle"": ""74 degrees"", ""F: Chain stay length (mm)"": ""475 mm"", ""G: Wheelbase (mm)"": ""1240 mm"", ""H: Stack (mm)"": ""683 mm"", ""I: Reach (mm)"": ""452 mm"", ""K: Bottom bracket drop (mm)"": ""65 mm""}",3999,false,https://lapierrebikes.com/es-es/products/overvolt-ht-88-loeta,https://lapierrebikes.com/es-es/products/overvolt-ht-88-loeta,html,2026-10-05
Lapierre,Overvolt HT [9e6cd751],Overvolt HT 8.8,,emtb,XL,XL,,,,,,692,472,"{""A: Seat tube length (mm)"": ""550 mm"", ""B: Top Tube legth (mm)"": ""670 mm"", ""C: Head tube length (mm)"": ""160 mm"", ""D: Head Tube Angle"": ""67 degrees"", ""E: Seat Tube Angle"": ""74 degrees"", ""F: Chain stay length (mm)"": ""475 mm"", ""G: Wheelbase (mm)"": ""1264 mm"", ""H: Stack (mm)"": ""692 mm"", ""I: Reach (mm)"": ""472 mm"", ""K: Bottom bracket drop (mm)"": ""65 mm""}",3999,false,https://lapierrebikes.com/es-es/products/overvolt-ht-88-loeta,https://lapierrebikes.com/es-es/products/overvolt-ht-88-loeta,html,2026-10-05
Lapierre,Overvolt HT [9e6cd751],Overvolt HT 6.6,,emtb,S,S,,,,,,656,422,"{""A: Seat tube length (mm)"": ""400 mm"", ""B: Top Tube legth (mm)"": ""610 mm"", ""C: Head tube length (mm)"": ""140 mm"", ""D: Head Tube Angle"": ""68 degrees"", ""E: Seat Tube Angle"": ""74 degrees"", ""F: Chain stay length (mm)"": ""465 mm"", ""G: Wheelbase (mm)"": ""1171 mm"", ""H: Stack (mm)"": ""656 mm"", ""I: Reach (mm)"": ""422 mm"", ""K: Bottom bracket drop (mm)"": ""60 mm""}",3499,false,https://lapierrebikes.com/es-es/products/overvolt-ht-66-lodta,https://lapierrebikes.com/es-es/products/overvolt-ht-66-lodta,html,2026-10-05
Lapierre,Overvolt HT [9e6cd751],Overvolt HT 6.6,,emtb,M,M,,,,,,674,432,"{""A: Seat tube length (mm)"": ""450 mm"", ""B: Top Tube legth (mm)"": ""625 mm"", ""C: Head tube length (mm)"": ""140 mm"", ""D: Head Tube Angle"": ""67 degrees"", ""E: Seat Tube Angle"": ""74 degrees"", ""F: Chain stay length (mm)"": ""475 mm"", ""G: Wheelbase (mm)"": ""1216 mm"", ""H: Stack (mm)"": ""674 mm"", ""I: Reach (mm)"": ""432 mm"", ""K: Bottom bracket drop (mm)"": ""65 mm""}",3499,false,https://lapierrebikes.com/es-es/products/overvolt-ht-66-lodta,https://lapierrebikes.com/es-es/products/overvolt-ht-66-lodta,html,2026-10-05
Lapierre,Overvolt HT [9e6cd751],Overvolt HT 6.6,,emtb,L,L,,,,,,683,452,"{""A: Seat tube length (mm)"": ""500 mm"", ""B: Top Tube legth (mm)"": ""648 mm"", ""C: Head tube length (mm)"": ""150 mm"", ""D: Head Tube Angle"": ""67 degrees"", ""E: Seat Tube Angle"": ""74 degrees"", ""F: Chain stay length (mm)"": ""475 mm"", ""G: Wheelbase (mm)"": ""1240 mm"", ""H: Stack (mm)"": ""683 mm"", ""I: Reach (mm)"": ""452 mm"", ""K: Bottom bracket drop (mm)"": ""65 mm""}",3499,false,https://lapierrebikes.com/es-es/products/overvolt-ht-66-lodta,https://lapierrebikes.com/es-es/products/overvolt-ht-66-lodta,html,2026-10-05
Lapierre,Overvolt HT [9e6cd751],Overvolt HT 6.6,,emtb,XL,XL,,,,,,692,472,"{""A: Seat tube length (mm)"": ""550 mm"", ""B: Top Tube legth (mm)"": ""670 mm"", ""C: Head tube length (mm)"": ""160 mm"", ""D: Head Tube Angle"": ""67 degrees"", ""E: Seat Tube Angle"": ""74 degrees"", ""F: Chain stay length (mm)"": ""475 mm"", ""G: Wheelbase (mm)"": ""1264 mm"", ""H: Stack (mm)"": ""692 mm"", ""I: Reach (mm)"": ""472 mm"", ""K: Bottom bracket drop (mm)"": ""65 mm""}",3499,false,https://lapierrebikes.com/es-es/products/overvolt-ht-66-lodta,https://lapierrebikes.com/es-es/products/overvolt-ht-66-lodta,html,2026-10-05
Lapierre,Overvolt HT 5.6 [7c38d4a4],Overvolt HT 5.6,,emtb,S,S,,,,,,656,422,"{""A: Seat tube length (mm)"": ""400 mm"", ""B: Top Tube legth (mm)"": ""610 mm"", ""C: Head tube length (mm)"": ""140 mm"", ""D: Head Tube Angle"": ""68 degrees"", ""E: Seat Tube Angle"": ""74 degrees"", ""F: Chain stay length (mm)"": ""465 mm"", ""G: Wheelbase (mm)"": ""1171 mm"", ""H: Stack (mm)"": ""656 mm"", ""I: Reach (mm)"": ""422 mm"", ""K: Bottom bracket drop (mm)"": ""60 mm""}",2999,false,https://lapierrebikes.com/es-es/products/overvolt-ht-56-locua,https://lapierrebikes.com/es-es/products/overvolt-ht-56-locua,html,2026-10-05
Lapierre,Overvolt HT 5.6 [7c38d4a4],Overvolt HT 5.6,,emtb,M,M,,,,,,674,432,"{""A: Seat tube length (mm)"": ""450 mm"", ""B: Top Tube legth (mm)"": ""620 mm"", ""C: Head tube length (mm)"": ""140 mm"", ""D: Head Tube Angle"": ""67 degrees"", ""E: Seat Tube Angle"": ""74 degrees"", ""F: Chain stay length (mm)"": ""475 mm"", ""G: Wheelbase (mm)"": ""1216 mm"", ""H: Stack (mm)"": ""674 mm"", ""I: Reach (mm)"": ""432 mm"", ""K: Bottom bracket drop (mm)"": ""65 mm""}",2999,false,https://lapierrebikes.com/es-es/products/overvolt-ht-56-locua,https://lapierrebikes.com/es-es/products/overvolt-ht-56-locua,html,2026-10-05
Lapierre,Overvolt HT 5.6 [7c38d4a4],Overvolt HT 5.6,,emtb,L,L,,,,,,683,452,"{""A: Seat tube length (mm)"": ""500 mm"", ""B: Top Tube legth (mm)"": ""648 mm"", ""C: Head tube length (mm)"": ""150 mm"", ""D: Head Tube Angle"": ""67 degrees"", ""E: Seat Tube Angle"": ""74 degrees"", ""F: Chain stay length (mm)"": ""475 mm"", ""G: Wheelbase (mm)"": ""1240 mm"", ""H: Stack (mm)"": ""683 mm"", ""I: Reach (mm)"": ""452 mm"", ""K: Bottom bracket drop (mm)"": ""65 mm""}",2999,false,https://lapierrebikes.com/es-es/products/overvolt-ht-56-locua,https://lapierrebikes.com/es-es/products/overvolt-ht-56-locua,html,2026-10-05
Lapierre,Overvolt HT 5.6 [7c38d4a4],Overvolt HT 5.6,,emtb,XL,XL,,,,,,692,475,"{""A: Seat tube length (mm)"": ""550 mm"", ""B: Top Tube legth (mm)"": ""670 mm"", ""C: Head tube length (mm)"": ""160 mm"", ""D: Head Tube Angle"": ""67 degrees"", ""E: Seat Tube Angle"": ""74 degrees"", ""F: Chain stay length (mm)"": ""475 mm"", ""G: Wheelbase (mm)"": ""1264 mm"", ""H: Stack (mm)"": ""692 mm"", ""I: Reach (mm)"": ""475 mm"", ""K: Bottom bracket drop (mm)"": ""65 mm""}",2999,false,https://lapierrebikes.com/es-es/products/overvolt-ht-56-locua,https://lapierrebikes.com/es-es/products/overvolt-ht-56-locua,html,2026-10-05
