brand,family,model,model_year,category,size_label,size_normalized,size_cm,height_min,height_max,height_original,height_unit,stack,reach,geometry_raw,price_eur,price_is_from,product_url,source_url,extraction_method,loaded_at
Megamo,PULSE [ab1816e5],PULSE 00 SLR,2027,carretera,XS,XS,,,,,,503,373,"{""T/T"": ""512"", ""C/S"": ""410"", ""S/T"": ""460"", ""H/T"": ""95"", ""REACH"": ""373"", ""STACK"": ""503"", ""BB OFFSET"": ""77"", ""FRONT ANGLE"": ""71,5°"", ""REAR ANGLE"": ""74.5º"", ""WHEELBASE"": ""972"", ""Width hoods"": ""360"", ""Width drops"": ""377"", ""Stem Length"": ""80"", ""Reach / Drop"": ""75 / 125"", ""Stem Angle"": ""10º"", ""FLARE"": ""6º"", ""GPS HOLES"": ""27"", ""HOLES TO FRONT"": ""21""}",9999,false,https://www.megamo.com/es/bicicletas/carretera/pulse/pulse-00-slr-(27),https://www.megamo.com/es/bicicletas/carretera/pulse/pulse-00-slr-(27),html,2026-10-05
Megamo,PULSE [ab1816e5],PULSE 00 SLR,2027,carretera,S,S,,,,,,518,378,"{""T/T"": ""521"", ""C/S"": ""410"", ""S/T"": ""480"", ""H/T"": ""111"", ""REACH"": ""378"", ""STACK"": ""518"", ""BB OFFSET"": ""77"", ""FRONT ANGLE"": ""71,5°"", ""REAR ANGLE"": ""74.5º"", ""WHEELBASE"": ""985"", ""Width hoods"": ""380"", ""Width drops"": ""397"", ""Stem Length"": ""90"", ""Reach / Drop"": ""75 / 125"", ""Stem Angle"": ""10º"", ""FLARE"": ""6º"", ""GPS HOLES"": ""27"", ""HOLES TO FRONT"": ""21""}",9999,false,https://www.megamo.com/es/bicicletas/carretera/pulse/pulse-00-slr-(27),https://www.megamo.com/es/bicicletas/carretera/pulse/pulse-00-slr-(27),html,2026-10-05
Megamo,PULSE [ab1816e5],PULSE 00 SLR,2027,carretera,M,M,,,,,,538,383,"{""T/T"": ""537"", ""C/S"": ""410"", ""S/T"": ""500"", ""H/T"": ""128"", ""REACH"": ""383"", ""STACK"": ""538"", ""BB OFFSET"": ""75"", ""FRONT ANGLE"": ""72,5°"", ""REAR ANGLE"": ""74º"", ""WHEELBASE"": ""982"", ""Width hoods"": ""380"", ""Width drops"": ""397"", ""Stem Length"": ""100"", ""Reach / Drop"": ""75 / 125"", ""Stem Angle"": ""10º"", ""FLARE"": ""6º"", ""GPS HOLES"": ""27"", ""HOLES TO FRONT"": ""21""}",9999,false,https://www.megamo.com/es/bicicletas/carretera/pulse/pulse-00-slr-(27),https://www.megamo.com/es/bicicletas/carretera/pulse/pulse-00-slr-(27),html,2026-10-05
Megamo,PULSE [ab1816e5],PULSE 00 SLR,2027,carretera,L,L,,,,,,557,392,"{""T/T"": ""552"", ""C/S"": ""410"", ""S/T"": ""520"", ""H/T"": ""148"", ""REACH"": ""392"", ""STACK"": ""557"", ""BB OFFSET"": ""75"", ""FRONT ANGLE"": ""72,5°"", ""REAR ANGLE"": ""74º"", ""WHEELBASE"": ""997"", ""Width hoods"": ""400"", ""Width drops"": ""417"", ""Stem Length"": ""110"", ""Reach / Drop"": ""75 / 125"", ""Stem Angle"": ""10º"", ""FLARE"": ""6º"", ""GPS HOLES"": ""27"", ""HOLES TO FRONT"": ""21""}",9999,false,https://www.megamo.com/es/bicicletas/carretera/pulse/pulse-00-slr-(27),https://www.megamo.com/es/bicicletas/carretera/pulse/pulse-00-slr-(27),html,2026-10-05
Megamo,PULSE [ab1816e5],PULSE 00 SLR,2027,carretera,XL,XL,,,,,,581,402,"{""T/T"": ""568"", ""C/S"": ""410"", ""S/T"": ""540"", ""H/T"": ""173"", ""REACH"": ""402"", ""STACK"": ""581"", ""BB OFFSET"": ""75"", ""FRONT ANGLE"": ""72,5°"", ""REAR ANGLE"": ""74º"", ""WHEELBASE"": ""1014"", ""Width hoods"": ""400"", ""Width drops"": ""417"", ""Stem Length"": ""120"", ""Reach / Drop"": ""75 / 125"", ""Stem Angle"": ""10º"", ""FLARE"": ""6º"", ""GPS HOLES"": ""27"", ""HOLES TO FRONT"": ""21""}",9999,false,https://www.megamo.com/es/bicicletas/carretera/pulse/pulse-00-slr-(27),https://www.megamo.com/es/bicicletas/carretera/pulse/pulse-00-slr-(27),html,2026-10-05
Megamo,PULSE [ab1816e5],PULSE 01 SLR,2027,carretera,XS,XS,,,,,,503,373,"{""T/T"": ""512"", ""C/S"": ""410"", ""S/T"": ""460"", ""H/T"": ""95"", ""REACH"": ""373"", ""STACK"": ""503"", ""BB OFFSET"": ""77"", ""FRONT ANGLE"": ""71,5°"", ""REAR ANGLE"": ""74.5º"", ""WHEELBASE"": ""972"", ""Width hoods"": ""360"", ""Width drops"": ""377"", ""Stem Length"": ""80"", ""Reach / Drop"": ""75 / 125"", ""Stem Angle"": ""10º"", ""FLARE"": ""6º"", ""GPS HOLES"": ""27"", ""HOLES TO FRONT"": ""21""}",8999,false,https://www.megamo.com/es/bicicletas/carretera/pulse/pulse-01-slr-(27),https://www.megamo.com/es/bicicletas/carretera/pulse/pulse-01-slr-(27),html,2026-10-05
Megamo,PULSE [ab1816e5],PULSE 01 SLR,2027,carretera,S,S,,,,,,518,378,"{""T/T"": ""521"", ""C/S"": ""410"", ""S/T"": ""480"", ""H/T"": ""111"", ""REACH"": ""378"", ""STACK"": ""518"", ""BB OFFSET"": ""77"", ""FRONT ANGLE"": ""71,5°"", ""REAR ANGLE"": ""74.5º"", ""WHEELBASE"": ""985"", ""Width hoods"": ""380"", ""Width drops"": ""397"", ""Stem Length"": ""90"", ""Reach / Drop"": ""75 / 125"", ""Stem Angle"": ""10º"", ""FLARE"": ""6º"", ""GPS HOLES"": ""27"", ""HOLES TO FRONT"": ""21""}",8999,false,https://www.megamo.com/es/bicicletas/carretera/pulse/pulse-01-slr-(27),https://www.megamo.com/es/bicicletas/carretera/pulse/pulse-01-slr-(27),html,2026-10-05
Megamo,PULSE [ab1816e5],PULSE 01 SLR,2027,carretera,M,M,,,,,,538,383,"{""T/T"": ""537"", ""C/S"": ""410"", ""S/T"": ""500"", ""H/T"": ""128"", ""REACH"": ""383"", ""STACK"": ""538"", ""BB OFFSET"": ""75"", ""FRONT ANGLE"": ""72,5°"", ""REAR ANGLE"": ""74º"", ""WHEELBASE"": ""982"", ""Width hoods"": ""380"", ""Width drops"": ""397"", ""Stem Length"": ""100"", ""Reach / Drop"": ""75 / 125"", ""Stem Angle"": ""10º"", ""FLARE"": ""6º"", ""GPS HOLES"": ""27"", ""HOLES TO FRONT"": ""21""}",8999,false,https://www.megamo.com/es/bicicletas/carretera/pulse/pulse-01-slr-(27),https://www.megamo.com/es/bicicletas/carretera/pulse/pulse-01-slr-(27),html,2026-10-05
Megamo,PULSE [ab1816e5],PULSE 01 SLR,2027,carretera,L,L,,,,,,557,392,"{""T/T"": ""552"", ""C/S"": ""410"", ""S/T"": ""520"", ""H/T"": ""148"", ""REACH"": ""392"", ""STACK"": ""557"", ""BB OFFSET"": ""75"", ""FRONT ANGLE"": ""72,5°"", ""REAR ANGLE"": ""74º"", ""WHEELBASE"": ""997"", ""Width hoods"": ""400"", ""Width drops"": ""417"", ""Stem Length"": ""110"", ""Reach / Drop"": ""75 / 125"", ""Stem Angle"": ""10º"", ""FLARE"": ""6º"", ""GPS HOLES"": ""27"", ""HOLES TO FRONT"": ""21""}",8999,false,https://www.megamo.com/es/bicicletas/carretera/pulse/pulse-01-slr-(27),https://www.megamo.com/es/bicicletas/carretera/pulse/pulse-01-slr-(27),html,2026-10-05
Megamo,PULSE [ab1816e5],PULSE 01 SLR,2027,carretera,XL,XL,,,,,,581,402,"{""T/T"": ""568"", ""C/S"": ""410"", ""S/T"": ""540"", ""H/T"": ""173"", ""REACH"": ""402"", ""STACK"": ""581"", ""BB OFFSET"": ""75"", ""FRONT ANGLE"": ""72,5°"", ""REAR ANGLE"": ""74º"", ""WHEELBASE"": ""1014"", ""Width hoods"": ""400"", ""Width drops"": ""417"", ""Stem Length"": ""120"", ""Reach / Drop"": ""75 / 125"", ""Stem Angle"": ""10º"", ""FLARE"": ""6º"", ""GPS HOLES"": ""27"", ""HOLES TO FRONT"": ""21""}",8999,false,https://www.megamo.com/es/bicicletas/carretera/pulse/pulse-01-slr-(27),https://www.megamo.com/es/bicicletas/carretera/pulse/pulse-01-slr-(27),html,2026-10-05
Megamo,PULSE [ab1816e5],PULSE 02 SLR,2027,carretera,XS,XS,,,,,,503,373,"{""T/T"": ""512"", ""C/S"": ""410"", ""S/T"": ""460"", ""H/T"": ""95"", ""REACH"": ""373"", ""STACK"": ""503"", ""BB OFFSET"": ""77"", ""FRONT ANGLE"": ""71,5°"", ""REAR ANGLE"": ""74.5º"", ""WHEELBASE"": ""972"", ""Width hoods"": ""360"", ""Width drops"": ""377"", ""Stem Length"": ""80"", ""Reach / Drop"": ""75 / 125"", ""Stem Angle"": ""10º"", ""FLARE"": ""6º"", ""GPS HOLES"": ""27"", ""HOLES TO FRONT"": ""21""}",6499,false,https://www.megamo.com/es/bicicletas/carretera/pulse/pulse-02-slr-(27),https://www.megamo.com/es/bicicletas/carretera/pulse/pulse-02-slr-(27),html,2026-10-05
Megamo,PULSE [ab1816e5],PULSE 02 SLR,2027,carretera,S,S,,,,,,518,378,"{""T/T"": ""521"", ""C/S"": ""410"", ""S/T"": ""480"", ""H/T"": ""111"", ""REACH"": ""378"", ""STACK"": ""518"", ""BB OFFSET"": ""77"", ""FRONT ANGLE"": ""71,5°"", ""REAR ANGLE"": ""74.5º"", ""WHEELBASE"": ""985"", ""Width hoods"": ""380"", ""Width drops"": ""397"", ""Stem Length"": ""90"", ""Reach / Drop"": ""75 / 125"", ""Stem Angle"": ""10º"", ""FLARE"": ""6º"", ""GPS HOLES"": ""27"", ""HOLES TO FRONT"": ""21""}",6499,false,https://www.megamo.com/es/bicicletas/carretera/pulse/pulse-02-slr-(27),https://www.megamo.com/es/bicicletas/carretera/pulse/pulse-02-slr-(27),html,2026-10-05
Megamo,PULSE [ab1816e5],PULSE 02 SLR,2027,carretera,M,M,,,,,,538,383,"{""T/T"": ""537"", ""C/S"": ""410"", ""S/T"": ""500"", ""H/T"": ""128"", ""REACH"": ""383"", ""STACK"": ""538"", ""BB OFFSET"": ""75"", ""FRONT ANGLE"": ""72,5°"", ""REAR ANGLE"": ""74º"", ""WHEELBASE"": ""982"", ""Width hoods"": ""380"", ""Width drops"": ""397"", ""Stem Length"": ""100"", ""Reach / Drop"": ""75 / 125"", ""Stem Angle"": ""10º"", ""FLARE"": ""6º"", ""GPS HOLES"": ""27"", ""HOLES TO FRONT"": ""21""}",6499,false,https://www.megamo.com/es/bicicletas/carretera/pulse/pulse-02-slr-(27),https://www.megamo.com/es/bicicletas/carretera/pulse/pulse-02-slr-(27),html,2026-10-05
Megamo,PULSE [ab1816e5],PULSE 02 SLR,2027,carretera,L,L,,,,,,557,392,"{""T/T"": ""552"", ""C/S"": ""410"", ""S/T"": ""520"", ""H/T"": ""148"", ""REACH"": ""392"", ""STACK"": ""557"", ""BB OFFSET"": ""75"", ""FRONT ANGLE"": ""72,5°"", ""REAR ANGLE"": ""74º"", ""WHEELBASE"": ""997"", ""Width hoods"": ""400"", ""Width drops"": ""417"", ""Stem Length"": ""110"", ""Reach / Drop"": ""75 / 125"", ""Stem Angle"": ""10º"", ""FLARE"": ""6º"", ""GPS HOLES"": ""27"", ""HOLES TO FRONT"": ""21""}",6499,false,https://www.megamo.com/es/bicicletas/carretera/pulse/pulse-02-slr-(27),https://www.megamo.com/es/bicicletas/carretera/pulse/pulse-02-slr-(27),html,2026-10-05
Megamo,PULSE [ab1816e5],PULSE 02 SLR,2027,carretera,XL,XL,,,,,,581,402,"{""T/T"": ""568"", ""C/S"": ""410"", ""S/T"": ""540"", ""H/T"": ""173"", ""REACH"": ""402"", ""STACK"": ""581"", ""BB OFFSET"": ""75"", ""FRONT ANGLE"": ""72,5°"", ""REAR ANGLE"": ""74º"", ""WHEELBASE"": ""1014"", ""Width hoods"": ""400"", ""Width drops"": ""417"", ""Stem Length"": ""120"", ""Reach / Drop"": ""75 / 125"", ""Stem Angle"": ""10º"", ""FLARE"": ""6º"", ""GPS HOLES"": ""27"", ""HOLES TO FRONT"": ""21""}",6499,false,https://www.megamo.com/es/bicicletas/carretera/pulse/pulse-02-slr-(27),https://www.megamo.com/es/bicicletas/carretera/pulse/pulse-02-slr-(27),html,2026-10-05
Megamo,PULSE [ab1816e5],PULSE 03 CW LTD,2027,carretera,XS,XS,,,,,,503,373,"{""T/T"": ""512"", ""C/S"": ""410"", ""S/T"": ""460"", ""H/T"": ""95"", ""REACH"": ""373"", ""STACK"": ""503"", ""BB OFFSET"": ""77"", ""FRONT ANGLE"": ""71,5°"", ""REAR ANGLE"": ""74.5º"", ""WHEELBASE"": ""972"", ""Width hoods"": ""360"", ""Width drops"": ""377"", ""Stem Length"": ""80"", ""Reach / Drop"": ""75 / 125"", ""Stem Angle"": ""10º"", ""FLARE"": ""6º"", ""GPS HOLES"": ""27"", ""HOLES TO FRONT"": ""21""}",5999,false,https://www.megamo.com/es/bicicletas/carretera/pulse/pulse-03-cw-ltd-(27),https://www.megamo.com/es/bicicletas/carretera/pulse/pulse-03-cw-ltd-(27),html,2026-10-05
Megamo,PULSE [ab1816e5],PULSE 03 CW LTD,2027,carretera,S,S,,,,,,518,378,"{""T/T"": ""521"", ""C/S"": ""410"", ""S/T"": ""480"", ""H/T"": ""111"", ""REACH"": ""378"", ""STACK"": ""518"", ""BB OFFSET"": ""77"", ""FRONT ANGLE"": ""71,5°"", ""REAR ANGLE"": ""74.5º"", ""WHEELBASE"": ""985"", ""Width hoods"": ""380"", ""Width drops"": ""397"", ""Stem Length"": ""90"", ""Reach / Drop"": ""75 / 125"", ""Stem Angle"": ""10º"", ""FLARE"": ""6º"", ""GPS HOLES"": ""27"", ""HOLES TO FRONT"": ""21""}",5999,false,https://www.megamo.com/es/bicicletas/carretera/pulse/pulse-03-cw-ltd-(27),https://www.megamo.com/es/bicicletas/carretera/pulse/pulse-03-cw-ltd-(27),html,2026-10-05
Megamo,PULSE [ab1816e5],PULSE 03 CW LTD,2027,carretera,M,M,,,,,,538,383,"{""T/T"": ""537"", ""C/S"": ""410"", ""S/T"": ""500"", ""H/T"": ""128"", ""REACH"": ""383"", ""STACK"": ""538"", ""BB OFFSET"": ""75"", ""FRONT ANGLE"": ""72,5°"", ""REAR ANGLE"": ""74º"", ""WHEELBASE"": ""982"", ""Width hoods"": ""380"", ""Width drops"": ""397"", ""Stem Length"": ""100"", ""Reach / Drop"": ""75 / 125"", ""Stem Angle"": ""10º"", ""FLARE"": ""6º"", ""GPS HOLES"": ""27"", ""HOLES TO FRONT"": ""21""}",5999,false,https://www.megamo.com/es/bicicletas/carretera/pulse/pulse-03-cw-ltd-(27),https://www.megamo.com/es/bicicletas/carretera/pulse/pulse-03-cw-ltd-(27),html,2026-10-05
Megamo,PULSE [ab1816e5],PULSE 03 CW LTD,2027,carretera,L,L,,,,,,557,392,"{""T/T"": ""552"", ""C/S"": ""410"", ""S/T"": ""520"", ""H/T"": ""148"", ""REACH"": ""392"", ""STACK"": ""557"", ""BB OFFSET"": ""75"", ""FRONT ANGLE"": ""72,5°"", ""REAR ANGLE"": ""74º"", ""WHEELBASE"": ""997"", ""Width hoods"": ""400"", ""Width drops"": ""417"", ""Stem Length"": ""110"", ""Reach / Drop"": ""75 / 125"", ""Stem Angle"": ""10º"", ""FLARE"": ""6º"", ""GPS HOLES"": ""27"", ""HOLES TO FRONT"": ""21""}",5999,false,https://www.megamo.com/es/bicicletas/carretera/pulse/pulse-03-cw-ltd-(27),https://www.megamo.com/es/bicicletas/carretera/pulse/pulse-03-cw-ltd-(27),html,2026-10-05
Megamo,PULSE [ab1816e5],PULSE 03 CW LTD,2027,carretera,XL,XL,,,,,,581,402,"{""T/T"": ""568"", ""C/S"": ""410"", ""S/T"": ""540"", ""H/T"": ""173"", ""REACH"": ""402"", ""STACK"": ""581"", ""BB OFFSET"": ""75"", ""FRONT ANGLE"": ""72,5°"", ""REAR ANGLE"": ""74º"", ""WHEELBASE"": ""1014"", ""Width hoods"": ""400"", ""Width drops"": ""417"", ""Stem Length"": ""120"", ""Reach / Drop"": ""75 / 125"", ""Stem Angle"": ""10º"", ""FLARE"": ""6º"", ""GPS HOLES"": ""27"", ""HOLES TO FRONT"": ""21""}",5999,false,https://www.megamo.com/es/bicicletas/carretera/pulse/pulse-03-cw-ltd-(27),https://www.megamo.com/es/bicicletas/carretera/pulse/pulse-03-cw-ltd-(27),html,2026-10-05
Megamo,PULSE [ab1816e5],PULSE 04 SLR,2027,carretera,XS,XS,,,,,,503,373,"{""T/T"": ""512"", ""C/S"": ""410"", ""S/T"": ""460"", ""H/T"": ""95"", ""REACH"": ""373"", ""STACK"": ""503"", ""BB OFFSET"": ""77"", ""FRONT ANGLE"": ""71,5°"", ""REAR ANGLE"": ""74.5º"", ""WHEELBASE"": ""972"", ""Width hoods"": ""360"", ""Width drops"": ""377"", ""Stem Length"": ""80"", ""Reach / Drop"": ""75 / 125"", ""Stem Angle"": ""10º"", ""FLARE"": ""6º"", ""GPS HOLES"": ""27"", ""HOLES TO FRONT"": ""21""}",5499,false,https://www.megamo.com/es/bicicletas/carretera/pulse/pulse-04-slr-(27),https://www.megamo.com/es/bicicletas/carretera/pulse/pulse-04-slr-(27),html,2026-10-05
Megamo,PULSE [ab1816e5],PULSE 04 SLR,2027,carretera,S,S,,,,,,518,378,"{""T/T"": ""521"", ""C/S"": ""410"", ""S/T"": ""480"", ""H/T"": ""111"", ""REACH"": ""378"", ""STACK"": ""518"", ""BB OFFSET"": ""77"", ""FRONT ANGLE"": ""71,5°"", ""REAR ANGLE"": ""74.5º"", ""WHEELBASE"": ""985"", ""Width hoods"": ""380"", ""Width drops"": ""397"", ""Stem Length"": ""90"", ""Reach / Drop"": ""75 / 125"", ""Stem Angle"": ""10º"", ""FLARE"": ""6º"", ""GPS HOLES"": ""27"", ""HOLES TO FRONT"": ""21""}",5499,false,https://www.megamo.com/es/bicicletas/carretera/pulse/pulse-04-slr-(27),https://www.megamo.com/es/bicicletas/carretera/pulse/pulse-04-slr-(27),html,2026-10-05
Megamo,PULSE [ab1816e5],PULSE 04 SLR,2027,carretera,M,M,,,,,,538,383,"{""T/T"": ""537"", ""C/S"": ""410"", ""S/T"": ""500"", ""H/T"": ""128"", ""REACH"": ""383"", ""STACK"": ""538"", ""BB OFFSET"": ""75"", ""FRONT ANGLE"": ""72,5°"", ""REAR ANGLE"": ""74º"", ""WHEELBASE"": ""982"", ""Width hoods"": ""380"", ""Width drops"": ""397"", ""Stem Length"": ""100"", ""Reach / Drop"": ""75 / 125"", ""Stem Angle"": ""10º"", ""FLARE"": ""6º"", ""GPS HOLES"": ""27"", ""HOLES TO FRONT"": ""21""}",5499,false,https://www.megamo.com/es/bicicletas/carretera/pulse/pulse-04-slr-(27),https://www.megamo.com/es/bicicletas/carretera/pulse/pulse-04-slr-(27),html,2026-10-05
Megamo,PULSE [ab1816e5],PULSE 04 SLR,2027,carretera,L,L,,,,,,557,392,"{""T/T"": ""552"", ""C/S"": ""410"", ""S/T"": ""520"", ""H/T"": ""148"", ""REACH"": ""392"", ""STACK"": ""557"", ""BB OFFSET"": ""75"", ""FRONT ANGLE"": ""72,5°"", ""REAR ANGLE"": ""74º"", ""WHEELBASE"": ""997"", ""Width hoods"": ""400"", ""Width drops"": ""417"", ""Stem Length"": ""110"", ""Reach / Drop"": ""75 / 125"", ""Stem Angle"": ""10º"", ""FLARE"": ""6º"", ""GPS HOLES"": ""27"", ""HOLES TO FRONT"": ""21""}",5499,false,https://www.megamo.com/es/bicicletas/carretera/pulse/pulse-04-slr-(27),https://www.megamo.com/es/bicicletas/carretera/pulse/pulse-04-slr-(27),html,2026-10-05
Megamo,PULSE [ab1816e5],PULSE 04 SLR,2027,carretera,XL,XL,,,,,,581,402,"{""T/T"": ""568"", ""C/S"": ""410"", ""S/T"": ""540"", ""H/T"": ""173"", ""REACH"": ""402"", ""STACK"": ""581"", ""BB OFFSET"": ""75"", ""FRONT ANGLE"": ""72,5°"", ""REAR ANGLE"": ""74º"", ""WHEELBASE"": ""1014"", ""Width hoods"": ""400"", ""Width drops"": ""417"", ""Stem Length"": ""120"", ""Reach / Drop"": ""75 / 125"", ""Stem Angle"": ""10º"", ""FLARE"": ""6º"", ""GPS HOLES"": ""27"", ""HOLES TO FRONT"": ""21""}",5499,false,https://www.megamo.com/es/bicicletas/carretera/pulse/pulse-04-slr-(27),https://www.megamo.com/es/bicicletas/carretera/pulse/pulse-04-slr-(27),html,2026-10-05
Megamo,PULSE [ab1816e5],PULSE 07 SLR,2027,carretera,XS,XS,,,,,,503,373,"{""T/T"": ""512"", ""C/S"": ""410"", ""S/T"": ""460"", ""H/T"": ""95"", ""REACH"": ""373"", ""STACK"": ""503"", ""BB OFFSET"": ""77"", ""FRONT ANGLE"": ""71,5°"", ""REAR ANGLE"": ""74.5º"", ""WHEELBASE"": ""972"", ""Width hoods"": ""360"", ""Width drops"": ""377"", ""Stem Length"": ""80"", ""Reach / Drop"": ""75 / 125"", ""Stem Angle"": ""10º"", ""FLARE"": ""6º"", ""GPS HOLES"": ""27"", ""HOLES TO FRONT"": ""21""}",4999,false,https://www.megamo.com/es/bicicletas/carretera/pulse/pulse-07-slr-(27),https://www.megamo.com/es/bicicletas/carretera/pulse/pulse-07-slr-(27),html,2026-10-05
Megamo,PULSE [ab1816e5],PULSE 07 SLR,2027,carretera,S,S,,,,,,518,378,"{""T/T"": ""521"", ""C/S"": ""410"", ""S/T"": ""480"", ""H/T"": ""111"", ""REACH"": ""378"", ""STACK"": ""518"", ""BB OFFSET"": ""77"", ""FRONT ANGLE"": ""71,5°"", ""REAR ANGLE"": ""74.5º"", ""WHEELBASE"": ""985"", ""Width hoods"": ""380"", ""Width drops"": ""397"", ""Stem Length"": ""90"", ""Reach / Drop"": ""75 / 125"", ""Stem Angle"": ""10º"", ""FLARE"": ""6º"", ""GPS HOLES"": ""27"", ""HOLES TO FRONT"": ""21""}",4999,false,https://www.megamo.com/es/bicicletas/carretera/pulse/pulse-07-slr-(27),https://www.megamo.com/es/bicicletas/carretera/pulse/pulse-07-slr-(27),html,2026-10-05
Megamo,PULSE [ab1816e5],PULSE 07 SLR,2027,carretera,M,M,,,,,,538,383,"{""T/T"": ""537"", ""C/S"": ""410"", ""S/T"": ""500"", ""H/T"": ""128"", ""REACH"": ""383"", ""STACK"": ""538"", ""BB OFFSET"": ""75"", ""FRONT ANGLE"": ""72,5°"", ""REAR ANGLE"": ""74º"", ""WHEELBASE"": ""982"", ""Width hoods"": ""380"", ""Width drops"": ""397"", ""Stem Length"": ""100"", ""Reach / Drop"": ""75 / 125"", ""Stem Angle"": ""10º"", ""FLARE"": ""6º"", ""GPS HOLES"": ""27"", ""HOLES TO FRONT"": ""21""}",4999,false,https://www.megamo.com/es/bicicletas/carretera/pulse/pulse-07-slr-(27),https://www.megamo.com/es/bicicletas/carretera/pulse/pulse-07-slr-(27),html,2026-10-05
Megamo,PULSE [ab1816e5],PULSE 07 SLR,2027,carretera,L,L,,,,,,557,392,"{""T/T"": ""552"", ""C/S"": ""410"", ""S/T"": ""520"", ""H/T"": ""148"", ""REACH"": ""392"", ""STACK"": ""557"", ""BB OFFSET"": ""75"", ""FRONT ANGLE"": ""72,5°"", ""REAR ANGLE"": ""74º"", ""WHEELBASE"": ""997"", ""Width hoods"": ""400"", ""Width drops"": ""417"", ""Stem Length"": ""110"", ""Reach / Drop"": ""75 / 125"", ""Stem Angle"": ""10º"", ""FLARE"": ""6º"", ""GPS HOLES"": ""27"", ""HOLES TO FRONT"": ""21""}",4999,false,https://www.megamo.com/es/bicicletas/carretera/pulse/pulse-07-slr-(27),https://www.megamo.com/es/bicicletas/carretera/pulse/pulse-07-slr-(27),html,2026-10-05
Megamo,PULSE [ab1816e5],PULSE 07 SLR,2027,carretera,XL,XL,,,,,,581,402,"{""T/T"": ""568"", ""C/S"": ""410"", ""S/T"": ""540"", ""H/T"": ""173"", ""REACH"": ""402"", ""STACK"": ""581"", ""BB OFFSET"": ""75"", ""FRONT ANGLE"": ""72,5°"", ""REAR ANGLE"": ""74º"", ""WHEELBASE"": ""1014"", ""Width hoods"": ""400"", ""Width drops"": ""417"", ""Stem Length"": ""120"", ""Reach / Drop"": ""75 / 125"", ""Stem Angle"": ""10º"", ""FLARE"": ""6º"", ""GPS HOLES"": ""27"", ""HOLES TO FRONT"": ""21""}",4999,false,https://www.megamo.com/es/bicicletas/carretera/pulse/pulse-07-slr-(27),https://www.megamo.com/es/bicicletas/carretera/pulse/pulse-07-slr-(27),html,2026-10-05
Megamo,PULSE [ab1816e5],PULSE 05 CW,2027,carretera,XS,XS,,,,,,503,373,"{""T/T"": ""512"", ""C/S"": ""410"", ""S/T"": ""460"", ""H/T"": ""95"", ""REACH"": ""373"", ""STACK"": ""503"", ""BB OFFSET"": ""77"", ""FRONT ANGLE"": ""71,5°"", ""REAR ANGLE"": ""74.5º"", ""WHEELBASE"": ""972"", ""Width hoods"": ""360"", ""Width drops"": ""377"", ""Stem Length"": ""80"", ""Reach / Drop"": ""75 / 125"", ""Stem Angle"": ""10º"", ""FLARE"": ""6º"", ""GPS HOLES"": ""27"", ""HOLES TO FRONT"": ""21""}",4999,false,https://www.megamo.com/es/bicicletas/carretera/pulse/pulse-05-cw-(27),https://www.megamo.com/es/bicicletas/carretera/pulse/pulse-05-cw-(27),html,2026-10-05
Megamo,PULSE [ab1816e5],PULSE 05 CW,2027,carretera,S,S,,,,,,518,378,"{""T/T"": ""521"", ""C/S"": ""410"", ""S/T"": ""480"", ""H/T"": ""111"", ""REACH"": ""378"", ""STACK"": ""518"", ""BB OFFSET"": ""77"", ""FRONT ANGLE"": ""71,5°"", ""REAR ANGLE"": ""74.5º"", ""WHEELBASE"": ""985"", ""Width hoods"": ""380"", ""Width drops"": ""397"", ""Stem Length"": ""90"", ""Reach / Drop"": ""75 / 125"", ""Stem Angle"": ""10º"", ""FLARE"": ""6º"", ""GPS HOLES"": ""27"", ""HOLES TO FRONT"": ""21""}",4999,false,https://www.megamo.com/es/bicicletas/carretera/pulse/pulse-05-cw-(27),https://www.megamo.com/es/bicicletas/carretera/pulse/pulse-05-cw-(27),html,2026-10-05
Megamo,PULSE [ab1816e5],PULSE 05 CW,2027,carretera,M,M,,,,,,538,383,"{""T/T"": ""537"", ""C/S"": ""410"", ""S/T"": ""500"", ""H/T"": ""128"", ""REACH"": ""383"", ""STACK"": ""538"", ""BB OFFSET"": ""75"", ""FRONT ANGLE"": ""72,5°"", ""REAR ANGLE"": ""74º"", ""WHEELBASE"": ""982"", ""Width hoods"": ""380"", ""Width drops"": ""397"", ""Stem Length"": ""100"", ""Reach / Drop"": ""75 / 125"", ""Stem Angle"": ""10º"", ""FLARE"": ""6º"", ""GPS HOLES"": ""27"", ""HOLES TO FRONT"": ""21""}",4999,false,https://www.megamo.com/es/bicicletas/carretera/pulse/pulse-05-cw-(27),https://www.megamo.com/es/bicicletas/carretera/pulse/pulse-05-cw-(27),html,2026-10-05
Megamo,PULSE [ab1816e5],PULSE 05 CW,2027,carretera,L,L,,,,,,557,392,"{""T/T"": ""552"", ""C/S"": ""410"", ""S/T"": ""520"", ""H/T"": ""148"", ""REACH"": ""392"", ""STACK"": ""557"", ""BB OFFSET"": ""75"", ""FRONT ANGLE"": ""72,5°"", ""REAR ANGLE"": ""74º"", ""WHEELBASE"": ""997"", ""Width hoods"": ""400"", ""Width drops"": ""417"", ""Stem Length"": ""110"", ""Reach / Drop"": ""75 / 125"", ""Stem Angle"": ""10º"", ""FLARE"": ""6º"", ""GPS HOLES"": ""27"", ""HOLES TO FRONT"": ""21""}",4999,false,https://www.megamo.com/es/bicicletas/carretera/pulse/pulse-05-cw-(27),https://www.megamo.com/es/bicicletas/carretera/pulse/pulse-05-cw-(27),html,2026-10-05
Megamo,PULSE [ab1816e5],PULSE 05 CW,2027,carretera,XL,XL,,,,,,581,402,"{""T/T"": ""568"", ""C/S"": ""410"", ""S/T"": ""540"", ""H/T"": ""173"", ""REACH"": ""402"", ""STACK"": ""581"", ""BB OFFSET"": ""75"", ""FRONT ANGLE"": ""72,5°"", ""REAR ANGLE"": ""74º"", ""WHEELBASE"": ""1014"", ""Width hoods"": ""400"", ""Width drops"": ""417"", ""Stem Length"": ""120"", ""Reach / Drop"": ""75 / 125"", ""Stem Angle"": ""10º"", ""FLARE"": ""6º"", ""GPS HOLES"": ""27"", ""HOLES TO FRONT"": ""21""}",4999,false,https://www.megamo.com/es/bicicletas/carretera/pulse/pulse-05-cw-(27),https://www.megamo.com/es/bicicletas/carretera/pulse/pulse-05-cw-(27),html,2026-10-05
Megamo,PULSE [ab1816e5],PULSE 15 CW,2027,carretera,XS,XS,,,,,,503,373,"{""T/T"": ""512"", ""C/S"": ""410"", ""S/T"": ""460"", ""H/T"": ""95"", ""REACH"": ""373"", ""STACK"": ""503"", ""BB OFFSET"": ""77"", ""FRONT ANGLE"": ""71,5°"", ""REAR ANGLE"": ""74.5º"", ""WHEELBASE"": ""972"", ""Width hoods"": ""360"", ""Width drops"": ""377"", ""Stem Length"": ""80"", ""Reach / Drop"": ""75 / 125"", ""Stem Angle"": ""10º"", ""FLARE"": ""6º"", ""GPS HOLES"": ""27"", ""HOLES TO FRONT"": ""21""}",4499,false,https://www.megamo.com/es/bicicletas/carretera/pulse/pulse-15-cw-(27),https://www.megamo.com/es/bicicletas/carretera/pulse/pulse-15-cw-(27),html,2026-10-05
Megamo,PULSE [ab1816e5],PULSE 15 CW,2027,carretera,S,S,,,,,,518,378,"{""T/T"": ""521"", ""C/S"": ""410"", ""S/T"": ""480"", ""H/T"": ""111"", ""REACH"": ""378"", ""STACK"": ""518"", ""BB OFFSET"": ""77"", ""FRONT ANGLE"": ""71,5°"", ""REAR ANGLE"": ""74.5º"", ""WHEELBASE"": ""985"", ""Width hoods"": ""380"", ""Width drops"": ""397"", ""Stem Length"": ""90"", ""Reach / Drop"": ""75 / 125"", ""Stem Angle"": ""10º"", ""FLARE"": ""6º"", ""GPS HOLES"": ""27"", ""HOLES TO FRONT"": ""21""}",4499,false,https://www.megamo.com/es/bicicletas/carretera/pulse/pulse-15-cw-(27),https://www.megamo.com/es/bicicletas/carretera/pulse/pulse-15-cw-(27),html,2026-10-05
Megamo,PULSE [ab1816e5],PULSE 15 CW,2027,carretera,M,M,,,,,,538,383,"{""T/T"": ""537"", ""C/S"": ""410"", ""S/T"": ""500"", ""H/T"": ""128"", ""REACH"": ""383"", ""STACK"": ""538"", ""BB OFFSET"": ""75"", ""FRONT ANGLE"": ""72,5°"", ""REAR ANGLE"": ""74º"", ""WHEELBASE"": ""982"", ""Width hoods"": ""380"", ""Width drops"": ""397"", ""Stem Length"": ""100"", ""Reach / Drop"": ""75 / 125"", ""Stem Angle"": ""10º"", ""FLARE"": ""6º"", ""GPS HOLES"": ""27"", ""HOLES TO FRONT"": ""21""}",4499,false,https://www.megamo.com/es/bicicletas/carretera/pulse/pulse-15-cw-(27),https://www.megamo.com/es/bicicletas/carretera/pulse/pulse-15-cw-(27),html,2026-10-05
Megamo,PULSE [ab1816e5],PULSE 15 CW,2027,carretera,L,L,,,,,,557,392,"{""T/T"": ""552"", ""C/S"": ""410"", ""S/T"": ""520"", ""H/T"": ""148"", ""REACH"": ""392"", ""STACK"": ""557"", ""BB OFFSET"": ""75"", ""FRONT ANGLE"": ""72,5°"", ""REAR ANGLE"": ""74º"", ""WHEELBASE"": ""997"", ""Width hoods"": ""400"", ""Width drops"": ""417"", ""Stem Length"": ""110"", ""Reach / Drop"": ""75 / 125"", ""Stem Angle"": ""10º"", ""FLARE"": ""6º"", ""GPS HOLES"": ""27"", ""HOLES TO FRONT"": ""21""}",4499,false,https://www.megamo.com/es/bicicletas/carretera/pulse/pulse-15-cw-(27),https://www.megamo.com/es/bicicletas/carretera/pulse/pulse-15-cw-(27),html,2026-10-05
Megamo,PULSE [ab1816e5],PULSE 15 CW,2027,carretera,XL,XL,,,,,,581,402,"{""T/T"": ""568"", ""C/S"": ""410"", ""S/T"": ""540"", ""H/T"": ""173"", ""REACH"": ""402"", ""STACK"": ""581"", ""BB OFFSET"": ""75"", ""FRONT ANGLE"": ""72,5°"", ""REAR ANGLE"": ""74º"", ""WHEELBASE"": ""1014"", ""Width hoods"": ""400"", ""Width drops"": ""417"", ""Stem Length"": ""120"", ""Reach / Drop"": ""75 / 125"", ""Stem Angle"": ""10º"", ""FLARE"": ""6º"", ""GPS HOLES"": ""27"", ""HOLES TO FRONT"": ""21""}",4499,false,https://www.megamo.com/es/bicicletas/carretera/pulse/pulse-15-cw-(27),https://www.megamo.com/es/bicicletas/carretera/pulse/pulse-15-cw-(27),html,2026-10-05
Megamo,PULSE [ab1816e5],PULSE 15,2027,carretera,XS,XS,,,,,,503,373,"{""T/T"": ""512"", ""C/S"": ""410"", ""S/T"": ""460"", ""H/T"": ""95"", ""REACH"": ""373"", ""STACK"": ""503"", ""BB OFFSET"": ""77"", ""FRONT ANGLE"": ""71,5°"", ""REAR ANGLE"": ""74.5º"", ""WHEELBASE"": ""972"", ""Width hoods"": ""360"", ""Width drops"": ""377"", ""Stem Length"": ""80"", ""Reach / Drop"": ""75 / 125"", ""Stem Angle"": ""10º"", ""FLARE"": ""6º"", ""GPS HOLES"": ""27"", ""HOLES TO FRONT"": ""21""}",3499,false,https://www.megamo.com/es/bicicletas/carretera/pulse/pulse-15-(27),https://www.megamo.com/es/bicicletas/carretera/pulse/pulse-15-(27),html,2026-10-05
Megamo,PULSE [ab1816e5],PULSE 15,2027,carretera,S,S,,,,,,518,378,"{""T/T"": ""521"", ""C/S"": ""410"", ""S/T"": ""480"", ""H/T"": ""111"", ""REACH"": ""378"", ""STACK"": ""518"", ""BB OFFSET"": ""77"", ""FRONT ANGLE"": ""71,5°"", ""REAR ANGLE"": ""74.5º"", ""WHEELBASE"": ""985"", ""Width hoods"": ""380"", ""Width drops"": ""397"", ""Stem Length"": ""90"", ""Reach / Drop"": ""75 / 125"", ""Stem Angle"": ""10º"", ""FLARE"": ""6º"", ""GPS HOLES"": ""27"", ""HOLES TO FRONT"": ""21""}",3499,false,https://www.megamo.com/es/bicicletas/carretera/pulse/pulse-15-(27),https://www.megamo.com/es/bicicletas/carretera/pulse/pulse-15-(27),html,2026-10-05
Megamo,PULSE [ab1816e5],PULSE 15,2027,carretera,M,M,,,,,,538,383,"{""T/T"": ""537"", ""C/S"": ""410"", ""S/T"": ""500"", ""H/T"": ""128"", ""REACH"": ""383"", ""STACK"": ""538"", ""BB OFFSET"": ""75"", ""FRONT ANGLE"": ""72,5°"", ""REAR ANGLE"": ""74º"", ""WHEELBASE"": ""982"", ""Width hoods"": ""380"", ""Width drops"": ""397"", ""Stem Length"": ""100"", ""Reach / Drop"": ""75 / 125"", ""Stem Angle"": ""10º"", ""FLARE"": ""6º"", ""GPS HOLES"": ""27"", ""HOLES TO FRONT"": ""21""}",3499,false,https://www.megamo.com/es/bicicletas/carretera/pulse/pulse-15-(27),https://www.megamo.com/es/bicicletas/carretera/pulse/pulse-15-(27),html,2026-10-05
Megamo,PULSE [ab1816e5],PULSE 15,2027,carretera,L,L,,,,,,557,392,"{""T/T"": ""552"", ""C/S"": ""410"", ""S/T"": ""520"", ""H/T"": ""148"", ""REACH"": ""392"", ""STACK"": ""557"", ""BB OFFSET"": ""75"", ""FRONT ANGLE"": ""72,5°"", ""REAR ANGLE"": ""74º"", ""WHEELBASE"": ""997"", ""Width hoods"": ""400"", ""Width drops"": ""417"", ""Stem Length"": ""110"", ""Reach / Drop"": ""75 / 125"", ""Stem Angle"": ""10º"", ""FLARE"": ""6º"", ""GPS HOLES"": ""27"", ""HOLES TO FRONT"": ""21""}",3499,false,https://www.megamo.com/es/bicicletas/carretera/pulse/pulse-15-(27),https://www.megamo.com/es/bicicletas/carretera/pulse/pulse-15-(27),html,2026-10-05
Megamo,PULSE [ab1816e5],PULSE 15,2027,carretera,XL,XL,,,,,,581,402,"{""T/T"": ""568"", ""C/S"": ""410"", ""S/T"": ""540"", ""H/T"": ""173"", ""REACH"": ""402"", ""STACK"": ""581"", ""BB OFFSET"": ""75"", ""FRONT ANGLE"": ""72,5°"", ""REAR ANGLE"": ""74º"", ""WHEELBASE"": ""1014"", ""Width hoods"": ""400"", ""Width drops"": ""417"", ""Stem Length"": ""120"", ""Reach / Drop"": ""75 / 125"", ""Stem Angle"": ""10º"", ""FLARE"": ""6º"", ""GPS HOLES"": ""27"", ""HOLES TO FRONT"": ""21""}",3499,false,https://www.megamo.com/es/bicicletas/carretera/pulse/pulse-15-(27),https://www.megamo.com/es/bicicletas/carretera/pulse/pulse-15-(27),html,2026-10-05
Megamo,PULSE [7863ab96],PULSE 03,2026,carretera,XS,XS,,,165,< 165,cm,503,375,"{""T/T"": ""515"", ""C/S"": ""410"", ""S/T"": ""460"", ""H/T"": ""100"", ""REACH"": ""375"", ""STACK"": ""503"", ""BB OFFSET"": ""69"", ""FRONT ANGLE"": ""71,5°"", ""REAR ANGLE"": ""74.5º"", ""WHEELBASE"": ""972"", ""Width hoods"": ""370"", ""Width drops"": ""393"", ""Stem Length"": ""80"", ""Reach / Drop"": ""81 / 130"", ""Stem Angle"": ""10.5º"", ""FLARE"": ""3.3º"", ""GPS HOLES"": ""27"", ""HOLES TO FRONT"": ""21""}",6799,false,https://www.megamo.com/es/bicicletas/carretera/pulse/pulse-03-(26),https://www.megamo.com/es/bicicletas/carretera/pulse/pulse-03-(26),html,2026-10-05
Megamo,PULSE [7863ab96],PULSE 03,2026,carretera,S,S,,165,172,165 - 172,cm,518,380,"{""T/T"": ""529"", ""C/S"": ""410"", ""S/T"": ""480"", ""H/T"": ""115"", ""REACH"": ""380"", ""STACK"": ""518"", ""BB OFFSET"": ""69"", ""FRONT ANGLE"": ""71,5°"", ""REAR ANGLE"": ""74º"", ""WHEELBASE"": ""982"", ""Width hoods"": ""390"", ""Width drops"": ""413"", ""Stem Length"": ""90"", ""Reach / Drop"": ""81 / 130"", ""Stem Angle"": ""10.5º"", ""FLARE"": ""3.3º"", ""GPS HOLES"": ""27"", ""HOLES TO FRONT"": ""21""}",6799,false,https://www.megamo.com/es/bicicletas/carretera/pulse/pulse-03-(26),https://www.megamo.com/es/bicicletas/carretera/pulse/pulse-03-(26),html,2026-10-05
Megamo,PULSE [7863ab96],PULSE 03,2026,carretera,M,M,,170,180,170 - 180,cm,538,385,"{""T/T"": ""544"", ""C/S"": ""410"", ""S/T"": ""500"", ""H/T"": ""135"", ""REACH"": ""385"", ""STACK"": ""538"", ""BB OFFSET"": ""69"", ""FRONT ANGLE"": ""72,5°"", ""REAR ANGLE"": ""73,5º"", ""WHEELBASE"": ""986"", ""Width hoods"": ""390"", ""Width drops"": ""413"", ""Stem Length"": ""100"", ""Reach / Drop"": ""81 / 130"", ""Stem Angle"": ""10.5º"", ""FLARE"": ""3.3º"", ""GPS HOLES"": ""27"", ""HOLES TO FRONT"": ""21""}",6799,false,https://www.megamo.com/es/bicicletas/carretera/pulse/pulse-03-(26),https://www.megamo.com/es/bicicletas/carretera/pulse/pulse-03-(26),html,2026-10-05
Megamo,PULSE [7863ab96],PULSE 03,2026,carretera,L,L,,180,188,180 - 188,cm,557,390,"{""T/T"": ""558"", ""C/S"": ""410"", ""S/T"": ""520"", ""H/T"": ""155"", ""REACH"": ""390"", ""STACK"": ""557"", ""BB OFFSET"": ""69"", ""FRONT ANGLE"": ""72,5°"", ""REAR ANGLE"": ""73,25º"", ""WHEELBASE"": ""997"", ""Width hoods"": ""410"", ""Width drops"": ""433"", ""Stem Length"": ""110"", ""Reach / Drop"": ""81 / 130"", ""Stem Angle"": ""10.5º"", ""FLARE"": ""3.3º"", ""GPS HOLES"": ""27"", ""HOLES TO FRONT"": ""21""}",6799,false,https://www.megamo.com/es/bicicletas/carretera/pulse/pulse-03-(26),https://www.megamo.com/es/bicicletas/carretera/pulse/pulse-03-(26),html,2026-10-05
Megamo,PULSE [7863ab96],PULSE 03,2026,carretera,XL,XL,,188,,188 <,cm,581,395,"{""T/T"": ""576"", ""C/S"": ""410"", ""S/T"": ""540"", ""H/T"": ""180"", ""REACH"": ""395"", ""STACK"": ""581"", ""BB OFFSET"": ""69"", ""FRONT ANGLE"": ""72,5°"", ""REAR ANGLE"": ""72,75º"", ""WHEELBASE"": ""1009"", ""Width hoods"": ""430"", ""Width drops"": ""453"", ""Stem Length"": ""120"", ""Reach / Drop"": ""81 / 130"", ""Stem Angle"": ""10.5º"", ""FLARE"": ""3.3º"", ""GPS HOLES"": ""27"", ""HOLES TO FRONT"": ""21""}",6799,false,https://www.megamo.com/es/bicicletas/carretera/pulse/pulse-03-(26),https://www.megamo.com/es/bicicletas/carretera/pulse/pulse-03-(26),html,2026-10-05
Megamo,PULSE [7863ab96],PULSE 04,2026,carretera,XS,XS,,,165,< 165,cm,503,375,"{""T/T"": ""515"", ""C/S"": ""410"", ""S/T"": ""460"", ""H/T"": ""100"", ""REACH"": ""375"", ""STACK"": ""503"", ""BB OFFSET"": ""69"", ""FRONT ANGLE"": ""71,5°"", ""REAR ANGLE"": ""74.5º"", ""WHEELBASE"": ""972"", ""Width hoods"": ""370"", ""Width drops"": ""393"", ""Stem Length"": ""80"", ""Reach / Drop"": ""81 / 130"", ""Stem Angle"": ""10.5º"", ""FLARE"": ""3.3º"", ""GPS HOLES"": ""27"", ""HOLES TO FRONT"": ""21""}",5699,false,https://www.megamo.com/es/bicicletas/carretera/pulse/pulse-04-(26),https://www.megamo.com/es/bicicletas/carretera/pulse/pulse-04-(26),html,2026-10-05
Megamo,PULSE [7863ab96],PULSE 04,2026,carretera,S,S,,165,172,165 - 172,cm,518,380,"{""T/T"": ""529"", ""C/S"": ""410"", ""S/T"": ""480"", ""H/T"": ""115"", ""REACH"": ""380"", ""STACK"": ""518"", ""BB OFFSET"": ""69"", ""FRONT ANGLE"": ""71,5°"", ""REAR ANGLE"": ""74º"", ""WHEELBASE"": ""982"", ""Width hoods"": ""390"", ""Width drops"": ""413"", ""Stem Length"": ""90"", ""Reach / Drop"": ""81 / 130"", ""Stem Angle"": ""10.5º"", ""FLARE"": ""3.3º"", ""GPS HOLES"": ""27"", ""HOLES TO FRONT"": ""21""}",5699,false,https://www.megamo.com/es/bicicletas/carretera/pulse/pulse-04-(26),https://www.megamo.com/es/bicicletas/carretera/pulse/pulse-04-(26),html,2026-10-05
Megamo,PULSE [7863ab96],PULSE 04,2026,carretera,M,M,,170,180,170 - 180,cm,538,385,"{""T/T"": ""544"", ""C/S"": ""410"", ""S/T"": ""500"", ""H/T"": ""135"", ""REACH"": ""385"", ""STACK"": ""538"", ""BB OFFSET"": ""69"", ""FRONT ANGLE"": ""72,5°"", ""REAR ANGLE"": ""73,5º"", ""WHEELBASE"": ""986"", ""Width hoods"": ""390"", ""Width drops"": ""413"", ""Stem Length"": ""100"", ""Reach / Drop"": ""81 / 130"", ""Stem Angle"": ""10.5º"", ""FLARE"": ""3.3º"", ""GPS HOLES"": ""27"", ""HOLES TO FRONT"": ""21""}",5699,false,https://www.megamo.com/es/bicicletas/carretera/pulse/pulse-04-(26),https://www.megamo.com/es/bicicletas/carretera/pulse/pulse-04-(26),html,2026-10-05
Megamo,PULSE [7863ab96],PULSE 04,2026,carretera,L,L,,180,188,180 - 188,cm,557,390,"{""T/T"": ""558"", ""C/S"": ""410"", ""S/T"": ""520"", ""H/T"": ""155"", ""REACH"": ""390"", ""STACK"": ""557"", ""BB OFFSET"": ""69"", ""FRONT ANGLE"": ""72,5°"", ""REAR ANGLE"": ""73,25º"", ""WHEELBASE"": ""997"", ""Width hoods"": ""410"", ""Width drops"": ""433"", ""Stem Length"": ""110"", ""Reach / Drop"": ""81 / 130"", ""Stem Angle"": ""10.5º"", ""FLARE"": ""3.3º"", ""GPS HOLES"": ""27"", ""HOLES TO FRONT"": ""21""}",5699,false,https://www.megamo.com/es/bicicletas/carretera/pulse/pulse-04-(26),https://www.megamo.com/es/bicicletas/carretera/pulse/pulse-04-(26),html,2026-10-05
Megamo,PULSE [7863ab96],PULSE 04,2026,carretera,XL,XL,,188,,188 <,cm,581,395,"{""T/T"": ""576"", ""C/S"": ""410"", ""S/T"": ""540"", ""H/T"": ""180"", ""REACH"": ""395"", ""STACK"": ""581"", ""BB OFFSET"": ""69"", ""FRONT ANGLE"": ""72,5°"", ""REAR ANGLE"": ""72,75º"", ""WHEELBASE"": ""1009"", ""Width hoods"": ""430"", ""Width drops"": ""453"", ""Stem Length"": ""120"", ""Reach / Drop"": ""81 / 130"", ""Stem Angle"": ""10.5º"", ""FLARE"": ""3.3º"", ""GPS HOLES"": ""27"", ""HOLES TO FRONT"": ""21""}",5699,false,https://www.megamo.com/es/bicicletas/carretera/pulse/pulse-04-(26),https://www.megamo.com/es/bicicletas/carretera/pulse/pulse-04-(26),html,2026-10-05
Megamo,PULSE [7863ab96],PULSE 07,2026,carretera,XS,XS,,,165,< 165,cm,503,375,"{""T/T"": ""515"", ""C/S"": ""410"", ""S/T"": ""460"", ""H/T"": ""100"", ""REACH"": ""375"", ""STACK"": ""503"", ""BB OFFSET"": ""69"", ""FRONT ANGLE"": ""71,5°"", ""REAR ANGLE"": ""74.5º"", ""WHEELBASE"": ""972"", ""Width hoods"": ""370"", ""Width drops"": ""393"", ""Stem Length"": ""80"", ""Reach / Drop"": ""81 / 130"", ""Stem Angle"": ""10.5º"", ""FLARE"": ""3.3º"", ""GPS HOLES"": ""27"", ""HOLES TO FRONT"": ""21""}",4999,false,https://www.megamo.com/es/bicicletas/carretera/pulse/pulse-07-(26),https://www.megamo.com/es/bicicletas/carretera/pulse/pulse-07-(26),html,2026-10-05
Megamo,PULSE [7863ab96],PULSE 07,2026,carretera,S,S,,165,172,165 - 172,cm,518,380,"{""T/T"": ""529"", ""C/S"": ""410"", ""S/T"": ""480"", ""H/T"": ""115"", ""REACH"": ""380"", ""STACK"": ""518"", ""BB OFFSET"": ""69"", ""FRONT ANGLE"": ""71,5°"", ""REAR ANGLE"": ""74º"", ""WHEELBASE"": ""982"", ""Width hoods"": ""390"", ""Width drops"": ""413"", ""Stem Length"": ""90"", ""Reach / Drop"": ""81 / 130"", ""Stem Angle"": ""10.5º"", ""FLARE"": ""3.3º"", ""GPS HOLES"": ""27"", ""HOLES TO FRONT"": ""21""}",4999,false,https://www.megamo.com/es/bicicletas/carretera/pulse/pulse-07-(26),https://www.megamo.com/es/bicicletas/carretera/pulse/pulse-07-(26),html,2026-10-05
Megamo,PULSE [7863ab96],PULSE 07,2026,carretera,M,M,,170,180,170 - 180,cm,538,385,"{""T/T"": ""544"", ""C/S"": ""410"", ""S/T"": ""500"", ""H/T"": ""135"", ""REACH"": ""385"", ""STACK"": ""538"", ""BB OFFSET"": ""69"", ""FRONT ANGLE"": ""72,5°"", ""REAR ANGLE"": ""73,5º"", ""WHEELBASE"": ""986"", ""Width hoods"": ""390"", ""Width drops"": ""413"", ""Stem Length"": ""100"", ""Reach / Drop"": ""81 / 130"", ""Stem Angle"": ""10.5º"", ""FLARE"": ""3.3º"", ""GPS HOLES"": ""27"", ""HOLES TO FRONT"": ""21""}",4999,false,https://www.megamo.com/es/bicicletas/carretera/pulse/pulse-07-(26),https://www.megamo.com/es/bicicletas/carretera/pulse/pulse-07-(26),html,2026-10-05
Megamo,PULSE [7863ab96],PULSE 07,2026,carretera,L,L,,180,188,180 - 188,cm,557,390,"{""T/T"": ""558"", ""C/S"": ""410"", ""S/T"": ""520"", ""H/T"": ""155"", ""REACH"": ""390"", ""STACK"": ""557"", ""BB OFFSET"": ""69"", ""FRONT ANGLE"": ""72,5°"", ""REAR ANGLE"": ""73,25º"", ""WHEELBASE"": ""997"", ""Width hoods"": ""410"", ""Width drops"": ""433"", ""Stem Length"": ""110"", ""Reach / Drop"": ""81 / 130"", ""Stem Angle"": ""10.5º"", ""FLARE"": ""3.3º"", ""GPS HOLES"": ""27"", ""HOLES TO FRONT"": ""21""}",4999,false,https://www.megamo.com/es/bicicletas/carretera/pulse/pulse-07-(26),https://www.megamo.com/es/bicicletas/carretera/pulse/pulse-07-(26),html,2026-10-05
Megamo,PULSE [7863ab96],PULSE 07,2026,carretera,XL,XL,,188,,188 <,cm,581,395,"{""T/T"": ""576"", ""C/S"": ""410"", ""S/T"": ""540"", ""H/T"": ""180"", ""REACH"": ""395"", ""STACK"": ""581"", ""BB OFFSET"": ""69"", ""FRONT ANGLE"": ""72,5°"", ""REAR ANGLE"": ""72,75º"", ""WHEELBASE"": ""1009"", ""Width hoods"": ""430"", ""Width drops"": ""453"", ""Stem Length"": ""120"", ""Reach / Drop"": ""81 / 130"", ""Stem Angle"": ""10.5º"", ""FLARE"": ""3.3º"", ""GPS HOLES"": ""27"", ""HOLES TO FRONT"": ""21""}",4999,false,https://www.megamo.com/es/bicicletas/carretera/pulse/pulse-07-(26),https://www.megamo.com/es/bicicletas/carretera/pulse/pulse-07-(26),html,2026-10-05
Megamo,PULSE [7863ab96],PULSE 05,2026,carretera,XS,XS,,,165,< 165,cm,503,375,"{""T/T"": ""515"", ""C/S"": ""410"", ""S/T"": ""460"", ""H/T"": ""100"", ""REACH"": ""375"", ""STACK"": ""503"", ""BB OFFSET"": ""69"", ""FRONT ANGLE"": ""71,5°"", ""REAR ANGLE"": ""74.5º"", ""WHEELBASE"": ""972"", ""Width hoods"": ""370"", ""Width drops"": ""393"", ""Stem Length"": ""80"", ""Reach / Drop"": ""81 / 130"", ""Stem Angle"": ""10.5º"", ""FLARE"": ""3.3º"", ""GPS HOLES"": ""27"", ""HOLES TO FRONT"": ""21""}",4199,false,https://www.megamo.com/es/bicicletas/carretera/pulse/pulse-05-(26),https://www.megamo.com/es/bicicletas/carretera/pulse/pulse-05-(26),html,2026-10-05
Megamo,PULSE [7863ab96],PULSE 05,2026,carretera,S,S,,165,172,165 - 172,cm,518,380,"{""T/T"": ""529"", ""C/S"": ""410"", ""S/T"": ""480"", ""H/T"": ""115"", ""REACH"": ""380"", ""STACK"": ""518"", ""BB OFFSET"": ""69"", ""FRONT ANGLE"": ""71,5°"", ""REAR ANGLE"": ""74º"", ""WHEELBASE"": ""982"", ""Width hoods"": ""390"", ""Width drops"": ""413"", ""Stem Length"": ""90"", ""Reach / Drop"": ""81 / 130"", ""Stem Angle"": ""10.5º"", ""FLARE"": ""3.3º"", ""GPS HOLES"": ""27"", ""HOLES TO FRONT"": ""21""}",4199,false,https://www.megamo.com/es/bicicletas/carretera/pulse/pulse-05-(26),https://www.megamo.com/es/bicicletas/carretera/pulse/pulse-05-(26),html,2026-10-05
Megamo,PULSE [7863ab96],PULSE 05,2026,carretera,M,M,,170,180,170 - 180,cm,538,385,"{""T/T"": ""544"", ""C/S"": ""410"", ""S/T"": ""500"", ""H/T"": ""135"", ""REACH"": ""385"", ""STACK"": ""538"", ""BB OFFSET"": ""69"", ""FRONT ANGLE"": ""72,5°"", ""REAR ANGLE"": ""73,5º"", ""WHEELBASE"": ""986"", ""Width hoods"": ""390"", ""Width drops"": ""413"", ""Stem Length"": ""100"", ""Reach / Drop"": ""81 / 130"", ""Stem Angle"": ""10.5º"", ""FLARE"": ""3.3º"", ""GPS HOLES"": ""27"", ""HOLES TO FRONT"": ""21""}",4199,false,https://www.megamo.com/es/bicicletas/carretera/pulse/pulse-05-(26),https://www.megamo.com/es/bicicletas/carretera/pulse/pulse-05-(26),html,2026-10-05
Megamo,PULSE [7863ab96],PULSE 05,2026,carretera,L,L,,180,188,180 - 188,cm,557,390,"{""T/T"": ""558"", ""C/S"": ""410"", ""S/T"": ""520"", ""H/T"": ""155"", ""REACH"": ""390"", ""STACK"": ""557"", ""BB OFFSET"": ""69"", ""FRONT ANGLE"": ""72,5°"", ""REAR ANGLE"": ""73,25º"", ""WHEELBASE"": ""997"", ""Width hoods"": ""410"", ""Width drops"": ""433"", ""Stem Length"": ""110"", ""Reach / Drop"": ""81 / 130"", ""Stem Angle"": ""10.5º"", ""FLARE"": ""3.3º"", ""GPS HOLES"": ""27"", ""HOLES TO FRONT"": ""21""}",4199,false,https://www.megamo.com/es/bicicletas/carretera/pulse/pulse-05-(26),https://www.megamo.com/es/bicicletas/carretera/pulse/pulse-05-(26),html,2026-10-05
Megamo,PULSE [7863ab96],PULSE 05,2026,carretera,XL,XL,,188,,188 <,cm,581,395,"{""T/T"": ""576"", ""C/S"": ""410"", ""S/T"": ""540"", ""H/T"": ""180"", ""REACH"": ""395"", ""STACK"": ""581"", ""BB OFFSET"": ""69"", ""FRONT ANGLE"": ""72,5°"", ""REAR ANGLE"": ""72,75º"", ""WHEELBASE"": ""1009"", ""Width hoods"": ""430"", ""Width drops"": ""453"", ""Stem Length"": ""120"", ""Reach / Drop"": ""81 / 130"", ""Stem Angle"": ""10.5º"", ""FLARE"": ""3.3º"", ""GPS HOLES"": ""27"", ""HOLES TO FRONT"": ""21""}",4199,false,https://www.megamo.com/es/bicicletas/carretera/pulse/pulse-05-(26),https://www.megamo.com/es/bicicletas/carretera/pulse/pulse-05-(26),html,2026-10-05
Megamo,PULSE [7863ab96],PULSE 20,2026,carretera,XS,XS,,,165,< 165,cm,503,375,"{""T/T"": ""515"", ""C/S"": ""410"", ""S/T"": ""460"", ""H/T"": ""100"", ""REACH"": ""375"", ""STACK"": ""503"", ""BB OFFSET"": ""69"", ""FRONT ANGLE"": ""71,5°"", ""REAR ANGLE"": ""74.5º"", ""WHEELBASE"": ""972"", ""Width hoods"": ""370"", ""Width drops"": ""393"", ""Stem Length"": ""80"", ""Reach / Drop"": ""81 / 130"", ""Stem Angle"": ""10.5º"", ""FLARE"": ""3.3º"", ""GPS HOLES"": ""27"", ""HOLES TO FRONT"": ""21""}",2699,false,https://www.megamo.com/es/bicicletas/carretera/pulse/pulse-20-(26),https://www.megamo.com/es/bicicletas/carretera/pulse/pulse-20-(26),html,2026-10-05
Megamo,PULSE [7863ab96],PULSE 20,2026,carretera,S,S,,165,172,165 - 172,cm,518,380,"{""T/T"": ""529"", ""C/S"": ""410"", ""S/T"": ""480"", ""H/T"": ""115"", ""REACH"": ""380"", ""STACK"": ""518"", ""BB OFFSET"": ""69"", ""FRONT ANGLE"": ""71,5°"", ""REAR ANGLE"": ""74º"", ""WHEELBASE"": ""982"", ""Width hoods"": ""390"", ""Width drops"": ""413"", ""Stem Length"": ""90"", ""Reach / Drop"": ""81 / 130"", ""Stem Angle"": ""10.5º"", ""FLARE"": ""3.3º"", ""GPS HOLES"": ""27"", ""HOLES TO FRONT"": ""21""}",2699,false,https://www.megamo.com/es/bicicletas/carretera/pulse/pulse-20-(26),https://www.megamo.com/es/bicicletas/carretera/pulse/pulse-20-(26),html,2026-10-05
Megamo,PULSE [7863ab96],PULSE 20,2026,carretera,M,M,,170,180,170 - 180,cm,538,385,"{""T/T"": ""544"", ""C/S"": ""410"", ""S/T"": ""500"", ""H/T"": ""135"", ""REACH"": ""385"", ""STACK"": ""538"", ""BB OFFSET"": ""69"", ""FRONT ANGLE"": ""72,5°"", ""REAR ANGLE"": ""73,5º"", ""WHEELBASE"": ""986"", ""Width hoods"": ""390"", ""Width drops"": ""413"", ""Stem Length"": ""100"", ""Reach / Drop"": ""81 / 130"", ""Stem Angle"": ""10.5º"", ""FLARE"": ""3.3º"", ""GPS HOLES"": ""27"", ""HOLES TO FRONT"": ""21""}",2699,false,https://www.megamo.com/es/bicicletas/carretera/pulse/pulse-20-(26),https://www.megamo.com/es/bicicletas/carretera/pulse/pulse-20-(26),html,2026-10-05
Megamo,PULSE [7863ab96],PULSE 20,2026,carretera,L,L,,180,188,180 - 188,cm,557,390,"{""T/T"": ""558"", ""C/S"": ""410"", ""S/T"": ""520"", ""H/T"": ""155"", ""REACH"": ""390"", ""STACK"": ""557"", ""BB OFFSET"": ""69"", ""FRONT ANGLE"": ""72,5°"", ""REAR ANGLE"": ""73,25º"", ""WHEELBASE"": ""997"", ""Width hoods"": ""410"", ""Width drops"": ""433"", ""Stem Length"": ""110"", ""Reach / Drop"": ""81 / 130"", ""Stem Angle"": ""10.5º"", ""FLARE"": ""3.3º"", ""GPS HOLES"": ""27"", ""HOLES TO FRONT"": ""21""}",2699,false,https://www.megamo.com/es/bicicletas/carretera/pulse/pulse-20-(26),https://www.megamo.com/es/bicicletas/carretera/pulse/pulse-20-(26),html,2026-10-05
Megamo,PULSE [7863ab96],PULSE 20,2026,carretera,XL,XL,,188,,188 <,cm,581,395,"{""T/T"": ""576"", ""C/S"": ""410"", ""S/T"": ""540"", ""H/T"": ""180"", ""REACH"": ""395"", ""STACK"": ""581"", ""BB OFFSET"": ""69"", ""FRONT ANGLE"": ""72,5°"", ""REAR ANGLE"": ""72,75º"", ""WHEELBASE"": ""1009"", ""Width hoods"": ""430"", ""Width drops"": ""453"", ""Stem Length"": ""120"", ""Reach / Drop"": ""81 / 130"", ""Stem Angle"": ""10.5º"", ""FLARE"": ""3.3º"", ""GPS HOLES"": ""27"", ""HOLES TO FRONT"": ""21""}",2699,false,https://www.megamo.com/es/bicicletas/carretera/pulse/pulse-20-(26),https://www.megamo.com/es/bicicletas/carretera/pulse/pulse-20-(26),html,2026-10-05
Megamo,RAISE [8bfce48e],RAISE 00 SLR,2027,carretera,XS,XS,,,165,< 165,cm,506,376,"{""T/T"": ""507"", ""C/S"": ""410"", ""S/T"": ""442"", ""H/T"": ""102"", ""REACH"": ""376"", ""STACK"": ""506"", ""BB OFFSET"": ""69"", ""FRONT ANGLE"": ""71,75°"", ""REAR ANGLE"": ""75.5º"", ""WHEELBASE"": ""970"", ""WIDTH HOODS"": ""370"", ""WIDTH DROPS"": ""393"", ""STEM LENGTH"": ""80"", ""REACH / DROP"": ""81 / 130"", ""STEM ANGLE"": ""10.5º"", ""FLARE"": ""3.3º"", ""GPS HOLES"": ""27"", ""HOLES TO FRONT"": ""21""}",9999,false,https://www.megamo.com/es/bicicletas/carretera/lightweight/raise/raise-00-slr-(27),https://www.megamo.com/es/bicicletas/carretera/lightweight/raise/raise-00-slr-(27),html,2026-10-05
Megamo,RAISE [8bfce48e],RAISE 00 SLR,2027,carretera,S,S,,165,172,165 - 172,cm,521,383,"{""T/T"": ""527"", ""C/S"": ""410"", ""S/T"": ""460"", ""H/T"": ""115"", ""REACH"": ""383"", ""STACK"": ""521"", ""BB OFFSET"": ""69"", ""FRONT ANGLE"": ""72,5°"", ""REAR ANGLE"": ""74.5º"", ""WHEELBASE"": ""975"", ""WIDTH HOODS"": ""390"", ""WIDTH DROPS"": ""413"", ""STEM LENGTH"": ""90"", ""REACH / DROP"": ""81 / 130"", ""STEM ANGLE"": ""10.5º"", ""FLARE"": ""3.3º"", ""GPS HOLES"": ""27"", ""HOLES TO FRONT"": ""21""}",9999,false,https://www.megamo.com/es/bicicletas/carretera/lightweight/raise/raise-00-slr-(27),https://www.megamo.com/es/bicicletas/carretera/lightweight/raise/raise-00-slr-(27),html,2026-10-05
Megamo,RAISE [8bfce48e],RAISE 00 SLR,2027,carretera,M,M,,170,180,170 - 180,cm,534,384,"{""T/T"": ""538"", ""C/S"": ""410"", ""S/T"": ""482"", ""H/T"": ""130"", ""REACH"": ""384"", ""STACK"": ""534"", ""BB OFFSET"": ""69"", ""FRONT ANGLE"": ""73°"", ""REAR ANGLE"": ""74º"", ""WHEELBASE"": ""980"", ""WIDTH HOODS"": ""390"", ""WIDTH DROPS"": ""413"", ""STEM LENGTH"": ""100"", ""REACH / DROP"": ""81 / 130"", ""STEM ANGLE"": ""10.5º"", ""FLARE"": ""3.3º"", ""GPS HOLES"": ""27"", ""HOLES TO FRONT"": ""21""}",9999,false,https://www.megamo.com/es/bicicletas/carretera/lightweight/raise/raise-00-slr-(27),https://www.megamo.com/es/bicicletas/carretera/lightweight/raise/raise-00-slr-(27),html,2026-10-05
Megamo,RAISE [8bfce48e],RAISE 00 SLR,2027,carretera,L,L,,180,188,180 - 188,cm,550,396,"{""T/T"": ""554"", ""C/S"": ""410"", ""S/T"": ""503"", ""H/T"": ""145"", ""REACH"": ""396"", ""STACK"": ""550"", ""BB OFFSET"": ""69"", ""FRONT ANGLE"": ""73,5°"", ""REAR ANGLE"": ""74º"", ""WHEELBASE"": ""990"", ""WIDTH HOODS"": ""410"", ""WIDTH DROPS"": ""433"", ""STEM LENGTH"": ""110"", ""REACH / DROP"": ""81 / 130"", ""STEM ANGLE"": ""10.5º"", ""FLARE"": ""3.3º"", ""GPS HOLES"": ""27"", ""HOLES TO FRONT"": ""21""}",9999,false,https://www.megamo.com/es/bicicletas/carretera/lightweight/raise/raise-00-slr-(27),https://www.megamo.com/es/bicicletas/carretera/lightweight/raise/raise-00-slr-(27),html,2026-10-05
Megamo,RAISE [8bfce48e],RAISE 00 SLR,2027,carretera,XL,XL,,188,,188 <,cm,576,402,"{""T/T"": ""572"", ""C/S"": ""410"", ""S/T"": ""535"", ""H/T"": ""172"", ""REACH"": ""402"", ""STACK"": ""576"", ""BB OFFSET"": ""69"", ""FRONT ANGLE"": ""73,5°"", ""REAR ANGLE"": ""73.5º"", ""WHEELBASE"": ""1003"", ""WIDTH HOODS"": ""430"", ""WIDTH DROPS"": ""453"", ""STEM LENGTH"": ""120"", ""REACH / DROP"": ""81 / 130"", ""STEM ANGLE"": ""10.5º"", ""FLARE"": ""3.3º"", ""GPS HOLES"": ""27"", ""HOLES TO FRONT"": ""21""}",9999,false,https://www.megamo.com/es/bicicletas/carretera/lightweight/raise/raise-00-slr-(27),https://www.megamo.com/es/bicicletas/carretera/lightweight/raise/raise-00-slr-(27),html,2026-10-05
Megamo,RAISE [8bfce48e],RAISE 01 SLR,2027,carretera,XS,XS,,,165,< 165,cm,506,376,"{""T/T"": ""507"", ""C/S"": ""410"", ""S/T"": ""442"", ""H/T"": ""102"", ""REACH"": ""376"", ""STACK"": ""506"", ""BB OFFSET"": ""69"", ""FRONT ANGLE"": ""71,75°"", ""REAR ANGLE"": ""75.5º"", ""WHEELBASE"": ""970"", ""WIDTH HOODS"": ""370"", ""WIDTH DROPS"": ""393"", ""STEM LENGTH"": ""80"", ""REACH / DROP"": ""81 / 130"", ""STEM ANGLE"": ""10.5º"", ""FLARE"": ""3.3º"", ""GPS HOLES"": ""27"", ""HOLES TO FRONT"": ""21""}",8499,false,https://www.megamo.com/es/bicicletas/carretera/lightweight/raise/raise-01-slr-(27),https://www.megamo.com/es/bicicletas/carretera/lightweight/raise/raise-01-slr-(27),html,2026-10-05
Megamo,RAISE [8bfce48e],RAISE 01 SLR,2027,carretera,S,S,,165,172,165 - 172,cm,521,383,"{""T/T"": ""527"", ""C/S"": ""410"", ""S/T"": ""460"", ""H/T"": ""115"", ""REACH"": ""383"", ""STACK"": ""521"", ""BB OFFSET"": ""69"", ""FRONT ANGLE"": ""72,5°"", ""REAR ANGLE"": ""74.5º"", ""WHEELBASE"": ""975"", ""WIDTH HOODS"": ""390"", ""WIDTH DROPS"": ""413"", ""STEM LENGTH"": ""90"", ""REACH / DROP"": ""81 / 130"", ""STEM ANGLE"": ""10.5º"", ""FLARE"": ""3.3º"", ""GPS HOLES"": ""27"", ""HOLES TO FRONT"": ""21""}",8499,false,https://www.megamo.com/es/bicicletas/carretera/lightweight/raise/raise-01-slr-(27),https://www.megamo.com/es/bicicletas/carretera/lightweight/raise/raise-01-slr-(27),html,2026-10-05
Megamo,RAISE [8bfce48e],RAISE 01 SLR,2027,carretera,M,M,,170,180,170 - 180,cm,534,384,"{""T/T"": ""538"", ""C/S"": ""410"", ""S/T"": ""482"", ""H/T"": ""130"", ""REACH"": ""384"", ""STACK"": ""534"", ""BB OFFSET"": ""69"", ""FRONT ANGLE"": ""73°"", ""REAR ANGLE"": ""74º"", ""WHEELBASE"": ""980"", ""WIDTH HOODS"": ""390"", ""WIDTH DROPS"": ""413"", ""STEM LENGTH"": ""100"", ""REACH / DROP"": ""81 / 130"", ""STEM ANGLE"": ""10.5º"", ""FLARE"": ""3.3º"", ""GPS HOLES"": ""27"", ""HOLES TO FRONT"": ""21""}",8499,false,https://www.megamo.com/es/bicicletas/carretera/lightweight/raise/raise-01-slr-(27),https://www.megamo.com/es/bicicletas/carretera/lightweight/raise/raise-01-slr-(27),html,2026-10-05
Megamo,RAISE [8bfce48e],RAISE 01 SLR,2027,carretera,L,L,,180,188,180 - 188,cm,550,396,"{""T/T"": ""554"", ""C/S"": ""410"", ""S/T"": ""503"", ""H/T"": ""145"", ""REACH"": ""396"", ""STACK"": ""550"", ""BB OFFSET"": ""69"", ""FRONT ANGLE"": ""73,5°"", ""REAR ANGLE"": ""74º"", ""WHEELBASE"": ""990"", ""WIDTH HOODS"": ""410"", ""WIDTH DROPS"": ""433"", ""STEM LENGTH"": ""110"", ""REACH / DROP"": ""81 / 130"", ""STEM ANGLE"": ""10.5º"", ""FLARE"": ""3.3º"", ""GPS HOLES"": ""27"", ""HOLES TO FRONT"": ""21""}",8499,false,https://www.megamo.com/es/bicicletas/carretera/lightweight/raise/raise-01-slr-(27),https://www.megamo.com/es/bicicletas/carretera/lightweight/raise/raise-01-slr-(27),html,2026-10-05
Megamo,RAISE [8bfce48e],RAISE 01 SLR,2027,carretera,XL,XL,,188,,188 <,cm,576,402,"{""T/T"": ""572"", ""C/S"": ""410"", ""S/T"": ""535"", ""H/T"": ""172"", ""REACH"": ""402"", ""STACK"": ""576"", ""BB OFFSET"": ""69"", ""FRONT ANGLE"": ""73,5°"", ""REAR ANGLE"": ""73.5º"", ""WHEELBASE"": ""1003"", ""WIDTH HOODS"": ""430"", ""WIDTH DROPS"": ""453"", ""STEM LENGTH"": ""120"", ""REACH / DROP"": ""81 / 130"", ""STEM ANGLE"": ""10.5º"", ""FLARE"": ""3.3º"", ""GPS HOLES"": ""27"", ""HOLES TO FRONT"": ""21""}",8499,false,https://www.megamo.com/es/bicicletas/carretera/lightweight/raise/raise-01-slr-(27),https://www.megamo.com/es/bicicletas/carretera/lightweight/raise/raise-01-slr-(27),html,2026-10-05
Megamo,RAISE [8bfce48e],RAISE 02 SLR,2027,carretera,XS,XS,,,165,< 165,cm,506,376,"{""T/T"": ""507"", ""C/S"": ""410"", ""S/T"": ""442"", ""H/T"": ""102"", ""REACH"": ""376"", ""STACK"": ""506"", ""BB OFFSET"": ""69"", ""FRONT ANGLE"": ""71,75°"", ""REAR ANGLE"": ""75.5º"", ""WHEELBASE"": ""970"", ""WIDTH HOODS"": ""370"", ""WIDTH DROPS"": ""393"", ""STEM LENGTH"": ""80"", ""REACH / DROP"": ""81 / 130"", ""STEM ANGLE"": ""10.5º"", ""FLARE"": ""3.3º"", ""GPS HOLES"": ""27"", ""HOLES TO FRONT"": ""21""}",6499,false,https://www.megamo.com/es/bicicletas/carretera/lightweight/raise/raise-02-slr-(27),https://www.megamo.com/es/bicicletas/carretera/lightweight/raise/raise-02-slr-(27),html,2026-10-05
Megamo,RAISE [8bfce48e],RAISE 02 SLR,2027,carretera,S,S,,165,172,165 - 172,cm,521,383,"{""T/T"": ""527"", ""C/S"": ""410"", ""S/T"": ""460"", ""H/T"": ""115"", ""REACH"": ""383"", ""STACK"": ""521"", ""BB OFFSET"": ""69"", ""FRONT ANGLE"": ""72,5°"", ""REAR ANGLE"": ""74.5º"", ""WHEELBASE"": ""975"", ""WIDTH HOODS"": ""390"", ""WIDTH DROPS"": ""413"", ""STEM LENGTH"": ""90"", ""REACH / DROP"": ""81 / 130"", ""STEM ANGLE"": ""10.5º"", ""FLARE"": ""3.3º"", ""GPS HOLES"": ""27"", ""HOLES TO FRONT"": ""21""}",6499,false,https://www.megamo.com/es/bicicletas/carretera/lightweight/raise/raise-02-slr-(27),https://www.megamo.com/es/bicicletas/carretera/lightweight/raise/raise-02-slr-(27),html,2026-10-05
Megamo,RAISE [8bfce48e],RAISE 02 SLR,2027,carretera,M,M,,170,180,170 - 180,cm,534,384,"{""T/T"": ""538"", ""C/S"": ""410"", ""S/T"": ""482"", ""H/T"": ""130"", ""REACH"": ""384"", ""STACK"": ""534"", ""BB OFFSET"": ""69"", ""FRONT ANGLE"": ""73°"", ""REAR ANGLE"": ""74º"", ""WHEELBASE"": ""980"", ""WIDTH HOODS"": ""390"", ""WIDTH DROPS"": ""413"", ""STEM LENGTH"": ""100"", ""REACH / DROP"": ""81 / 130"", ""STEM ANGLE"": ""10.5º"", ""FLARE"": ""3.3º"", ""GPS HOLES"": ""27"", ""HOLES TO FRONT"": ""21""}",6499,false,https://www.megamo.com/es/bicicletas/carretera/lightweight/raise/raise-02-slr-(27),https://www.megamo.com/es/bicicletas/carretera/lightweight/raise/raise-02-slr-(27),html,2026-10-05
Megamo,RAISE [8bfce48e],RAISE 02 SLR,2027,carretera,L,L,,180,188,180 - 188,cm,550,396,"{""T/T"": ""554"", ""C/S"": ""410"", ""S/T"": ""503"", ""H/T"": ""145"", ""REACH"": ""396"", ""STACK"": ""550"", ""BB OFFSET"": ""69"", ""FRONT ANGLE"": ""73,5°"", ""REAR ANGLE"": ""74º"", ""WHEELBASE"": ""990"", ""WIDTH HOODS"": ""410"", ""WIDTH DROPS"": ""433"", ""STEM LENGTH"": ""110"", ""REACH / DROP"": ""81 / 130"", ""STEM ANGLE"": ""10.5º"", ""FLARE"": ""3.3º"", ""GPS HOLES"": ""27"", ""HOLES TO FRONT"": ""21""}",6499,false,https://www.megamo.com/es/bicicletas/carretera/lightweight/raise/raise-02-slr-(27),https://www.megamo.com/es/bicicletas/carretera/lightweight/raise/raise-02-slr-(27),html,2026-10-05
Megamo,RAISE [8bfce48e],RAISE 02 SLR,2027,carretera,XL,XL,,188,,188 <,cm,576,402,"{""T/T"": ""572"", ""C/S"": ""410"", ""S/T"": ""535"", ""H/T"": ""172"", ""REACH"": ""402"", ""STACK"": ""576"", ""BB OFFSET"": ""69"", ""FRONT ANGLE"": ""73,5°"", ""REAR ANGLE"": ""73.5º"", ""WHEELBASE"": ""1003"", ""WIDTH HOODS"": ""430"", ""WIDTH DROPS"": ""453"", ""STEM LENGTH"": ""120"", ""REACH / DROP"": ""81 / 130"", ""STEM ANGLE"": ""10.5º"", ""FLARE"": ""3.3º"", ""GPS HOLES"": ""27"", ""HOLES TO FRONT"": ""21""}",6499,false,https://www.megamo.com/es/bicicletas/carretera/lightweight/raise/raise-02-slr-(27),https://www.megamo.com/es/bicicletas/carretera/lightweight/raise/raise-02-slr-(27),html,2026-10-05
Megamo,RAISE [8bfce48e],RAISE 03 CW LTD,2027,carretera,XS,XS,,,165,< 165,cm,506,376,"{""T/T"": ""507"", ""C/S"": ""410"", ""S/T"": ""442"", ""H/T"": ""102"", ""REACH"": ""376"", ""STACK"": ""506"", ""BB OFFSET"": ""69"", ""FRONT ANGLE"": ""71,75°"", ""REAR ANGLE"": ""75.5º"", ""WHEELBASE"": ""970"", ""WIDTH HOODS"": ""370"", ""WIDTH DROPS"": ""393"", ""STEM LENGTH"": ""80"", ""REACH / DROP"": ""81 / 130"", ""STEM ANGLE"": ""10.5º"", ""FLARE"": ""3.3º"", ""GPS HOLES"": ""27"", ""HOLES TO FRONT"": ""21""}",5999,false,https://www.megamo.com/es/bicicletas/carretera/lightweight/raise/raise-03-cw-ltd-(27),https://www.megamo.com/es/bicicletas/carretera/lightweight/raise/raise-03-cw-ltd-(27),html,2026-10-05
Megamo,RAISE [8bfce48e],RAISE 03 CW LTD,2027,carretera,S,S,,165,172,165 - 172,cm,521,383,"{""T/T"": ""527"", ""C/S"": ""410"", ""S/T"": ""460"", ""H/T"": ""115"", ""REACH"": ""383"", ""STACK"": ""521"", ""BB OFFSET"": ""69"", ""FRONT ANGLE"": ""72,5°"", ""REAR ANGLE"": ""74.5º"", ""WHEELBASE"": ""975"", ""WIDTH HOODS"": ""390"", ""WIDTH DROPS"": ""413"", ""STEM LENGTH"": ""90"", ""REACH / DROP"": ""81 / 130"", ""STEM ANGLE"": ""10.5º"", ""FLARE"": ""3.3º"", ""GPS HOLES"": ""27"", ""HOLES TO FRONT"": ""21""}",5999,false,https://www.megamo.com/es/bicicletas/carretera/lightweight/raise/raise-03-cw-ltd-(27),https://www.megamo.com/es/bicicletas/carretera/lightweight/raise/raise-03-cw-ltd-(27),html,2026-10-05
Megamo,RAISE [8bfce48e],RAISE 03 CW LTD,2027,carretera,M,M,,170,180,170 - 180,cm,534,384,"{""T/T"": ""538"", ""C/S"": ""410"", ""S/T"": ""482"", ""H/T"": ""130"", ""REACH"": ""384"", ""STACK"": ""534"", ""BB OFFSET"": ""69"", ""FRONT ANGLE"": ""73°"", ""REAR ANGLE"": ""74º"", ""WHEELBASE"": ""980"", ""WIDTH HOODS"": ""390"", ""WIDTH DROPS"": ""413"", ""STEM LENGTH"": ""100"", ""REACH / DROP"": ""81 / 130"", ""STEM ANGLE"": ""10.5º"", ""FLARE"": ""3.3º"", ""GPS HOLES"": ""27"", ""HOLES TO FRONT"": ""21""}",5999,false,https://www.megamo.com/es/bicicletas/carretera/lightweight/raise/raise-03-cw-ltd-(27),https://www.megamo.com/es/bicicletas/carretera/lightweight/raise/raise-03-cw-ltd-(27),html,2026-10-05
Megamo,RAISE [8bfce48e],RAISE 03 CW LTD,2027,carretera,L,L,,180,188,180 - 188,cm,550,396,"{""T/T"": ""554"", ""C/S"": ""410"", ""S/T"": ""503"", ""H/T"": ""145"", ""REACH"": ""396"", ""STACK"": ""550"", ""BB OFFSET"": ""69"", ""FRONT ANGLE"": ""73,5°"", ""REAR ANGLE"": ""74º"", ""WHEELBASE"": ""990"", ""WIDTH HOODS"": ""410"", ""WIDTH DROPS"": ""433"", ""STEM LENGTH"": ""110"", ""REACH / DROP"": ""81 / 130"", ""STEM ANGLE"": ""10.5º"", ""FLARE"": ""3.3º"", ""GPS HOLES"": ""27"", ""HOLES TO FRONT"": ""21""}",5999,false,https://www.megamo.com/es/bicicletas/carretera/lightweight/raise/raise-03-cw-ltd-(27),https://www.megamo.com/es/bicicletas/carretera/lightweight/raise/raise-03-cw-ltd-(27),html,2026-10-05
Megamo,RAISE [8bfce48e],RAISE 03 CW LTD,2027,carretera,XL,XL,,188,,188 <,cm,576,402,"{""T/T"": ""572"", ""C/S"": ""410"", ""S/T"": ""535"", ""H/T"": ""172"", ""REACH"": ""402"", ""STACK"": ""576"", ""BB OFFSET"": ""69"", ""FRONT ANGLE"": ""73,5°"", ""REAR ANGLE"": ""73.5º"", ""WHEELBASE"": ""1003"", ""WIDTH HOODS"": ""430"", ""WIDTH DROPS"": ""453"", ""STEM LENGTH"": ""120"", ""REACH / DROP"": ""81 / 130"", ""STEM ANGLE"": ""10.5º"", ""FLARE"": ""3.3º"", ""GPS HOLES"": ""27"", ""HOLES TO FRONT"": ""21""}",5999,false,https://www.megamo.com/es/bicicletas/carretera/lightweight/raise/raise-03-cw-ltd-(27),https://www.megamo.com/es/bicicletas/carretera/lightweight/raise/raise-03-cw-ltd-(27),html,2026-10-05
Megamo,RAISE [8bfce48e],RAISE 04 SLR,2027,carretera,XS,XS,,,165,< 165,cm,506,376,"{""T/T"": ""507"", ""C/S"": ""410"", ""S/T"": ""442"", ""H/T"": ""102"", ""REACH"": ""376"", ""STACK"": ""506"", ""BB OFFSET"": ""69"", ""FRONT ANGLE"": ""71,75°"", ""REAR ANGLE"": ""75.5º"", ""WHEELBASE"": ""970"", ""WIDTH HOODS"": ""370"", ""WIDTH DROPS"": ""393"", ""STEM LENGTH"": ""80"", ""REACH / DROP"": ""81 / 130"", ""STEM ANGLE"": ""10.5º"", ""FLARE"": ""3.3º"", ""GPS HOLES"": ""27"", ""HOLES TO FRONT"": ""21""}",5499,false,https://www.megamo.com/es/bicicletas/carretera/lightweight/raise/raise-04-slr-(27),https://www.megamo.com/es/bicicletas/carretera/lightweight/raise/raise-04-slr-(27),html,2026-10-05
Megamo,RAISE [8bfce48e],RAISE 04 SLR,2027,carretera,S,S,,165,172,165 - 172,cm,521,383,"{""T/T"": ""527"", ""C/S"": ""410"", ""S/T"": ""460"", ""H/T"": ""115"", ""REACH"": ""383"", ""STACK"": ""521"", ""BB OFFSET"": ""69"", ""FRONT ANGLE"": ""72,5°"", ""REAR ANGLE"": ""74.5º"", ""WHEELBASE"": ""975"", ""WIDTH HOODS"": ""390"", ""WIDTH DROPS"": ""413"", ""STEM LENGTH"": ""90"", ""REACH / DROP"": ""81 / 130"", ""STEM ANGLE"": ""10.5º"", ""FLARE"": ""3.3º"", ""GPS HOLES"": ""27"", ""HOLES TO FRONT"": ""21""}",5499,false,https://www.megamo.com/es/bicicletas/carretera/lightweight/raise/raise-04-slr-(27),https://www.megamo.com/es/bicicletas/carretera/lightweight/raise/raise-04-slr-(27),html,2026-10-05
Megamo,RAISE [8bfce48e],RAISE 04 SLR,2027,carretera,M,M,,170,180,170 - 180,cm,534,384,"{""T/T"": ""538"", ""C/S"": ""410"", ""S/T"": ""482"", ""H/T"": ""130"", ""REACH"": ""384"", ""STACK"": ""534"", ""BB OFFSET"": ""69"", ""FRONT ANGLE"": ""73°"", ""REAR ANGLE"": ""74º"", ""WHEELBASE"": ""980"", ""WIDTH HOODS"": ""390"", ""WIDTH DROPS"": ""413"", ""STEM LENGTH"": ""100"", ""REACH / DROP"": ""81 / 130"", ""STEM ANGLE"": ""10.5º"", ""FLARE"": ""3.3º"", ""GPS HOLES"": ""27"", ""HOLES TO FRONT"": ""21""}",5499,false,https://www.megamo.com/es/bicicletas/carretera/lightweight/raise/raise-04-slr-(27),https://www.megamo.com/es/bicicletas/carretera/lightweight/raise/raise-04-slr-(27),html,2026-10-05
Megamo,RAISE [8bfce48e],RAISE 04 SLR,2027,carretera,L,L,,180,188,180 - 188,cm,550,396,"{""T/T"": ""554"", ""C/S"": ""410"", ""S/T"": ""503"", ""H/T"": ""145"", ""REACH"": ""396"", ""STACK"": ""550"", ""BB OFFSET"": ""69"", ""FRONT ANGLE"": ""73,5°"", ""REAR ANGLE"": ""74º"", ""WHEELBASE"": ""990"", ""WIDTH HOODS"": ""410"", ""WIDTH DROPS"": ""433"", ""STEM LENGTH"": ""110"", ""REACH / DROP"": ""81 / 130"", ""STEM ANGLE"": ""10.5º"", ""FLARE"": ""3.3º"", ""GPS HOLES"": ""27"", ""HOLES TO FRONT"": ""21""}",5499,false,https://www.megamo.com/es/bicicletas/carretera/lightweight/raise/raise-04-slr-(27),https://www.megamo.com/es/bicicletas/carretera/lightweight/raise/raise-04-slr-(27),html,2026-10-05
Megamo,RAISE [8bfce48e],RAISE 04 SLR,2027,carretera,XL,XL,,188,,188 <,cm,576,402,"{""T/T"": ""572"", ""C/S"": ""410"", ""S/T"": ""535"", ""H/T"": ""172"", ""REACH"": ""402"", ""STACK"": ""576"", ""BB OFFSET"": ""69"", ""FRONT ANGLE"": ""73,5°"", ""REAR ANGLE"": ""73.5º"", ""WHEELBASE"": ""1003"", ""WIDTH HOODS"": ""430"", ""WIDTH DROPS"": ""453"", ""STEM LENGTH"": ""120"", ""REACH / DROP"": ""81 / 130"", ""STEM ANGLE"": ""10.5º"", ""FLARE"": ""3.3º"", ""GPS HOLES"": ""27"", ""HOLES TO FRONT"": ""21""}",5499,false,https://www.megamo.com/es/bicicletas/carretera/lightweight/raise/raise-04-slr-(27),https://www.megamo.com/es/bicicletas/carretera/lightweight/raise/raise-04-slr-(27),html,2026-10-05
Megamo,RAISE [8bfce48e],RAISE 05 CW,2027,carretera,XS,XS,,,165,< 165,cm,506,376,"{""T/T"": ""507"", ""C/S"": ""410"", ""S/T"": ""442"", ""H/T"": ""102"", ""REACH"": ""376"", ""STACK"": ""506"", ""BB OFFSET"": ""69"", ""FRONT ANGLE"": ""71,75°"", ""REAR ANGLE"": ""75.5º"", ""WHEELBASE"": ""970"", ""WIDTH HOODS"": ""370"", ""WIDTH DROPS"": ""393"", ""STEM LENGTH"": ""80"", ""REACH / DROP"": ""81 / 130"", ""STEM ANGLE"": ""10.5º"", ""FLARE"": ""3.3º"", ""GPS HOLES"": ""27"", ""HOLES TO FRONT"": ""21""}",4999,false,https://www.megamo.com/es/bicicletas/carretera/lightweight/raise/raise-05-cw-(27),https://www.megamo.com/es/bicicletas/carretera/lightweight/raise/raise-05-cw-(27),html,2026-10-05
Megamo,RAISE [8bfce48e],RAISE 05 CW,2027,carretera,S,S,,165,172,165 - 172,cm,521,383,"{""T/T"": ""527"", ""C/S"": ""410"", ""S/T"": ""460"", ""H/T"": ""115"", ""REACH"": ""383"", ""STACK"": ""521"", ""BB OFFSET"": ""69"", ""FRONT ANGLE"": ""72,5°"", ""REAR ANGLE"": ""74.5º"", ""WHEELBASE"": ""975"", ""WIDTH HOODS"": ""390"", ""WIDTH DROPS"": ""413"", ""STEM LENGTH"": ""90"", ""REACH / DROP"": ""81 / 130"", ""STEM ANGLE"": ""10.5º"", ""FLARE"": ""3.3º"", ""GPS HOLES"": ""27"", ""HOLES TO FRONT"": ""21""}",4999,false,https://www.megamo.com/es/bicicletas/carretera/lightweight/raise/raise-05-cw-(27),https://www.megamo.com/es/bicicletas/carretera/lightweight/raise/raise-05-cw-(27),html,2026-10-05
Megamo,RAISE [8bfce48e],RAISE 05 CW,2027,carretera,M,M,,170,180,170 - 180,cm,534,384,"{""T/T"": ""538"", ""C/S"": ""410"", ""S/T"": ""482"", ""H/T"": ""130"", ""REACH"": ""384"", ""STACK"": ""534"", ""BB OFFSET"": ""69"", ""FRONT ANGLE"": ""73°"", ""REAR ANGLE"": ""74º"", ""WHEELBASE"": ""980"", ""WIDTH HOODS"": ""390"", ""WIDTH DROPS"": ""413"", ""STEM LENGTH"": ""100"", ""REACH / DROP"": ""81 / 130"", ""STEM ANGLE"": ""10.5º"", ""FLARE"": ""3.3º"", ""GPS HOLES"": ""27"", ""HOLES TO FRONT"": ""21""}",4999,false,https://www.megamo.com/es/bicicletas/carretera/lightweight/raise/raise-05-cw-(27),https://www.megamo.com/es/bicicletas/carretera/lightweight/raise/raise-05-cw-(27),html,2026-10-05
Megamo,RAISE [8bfce48e],RAISE 05 CW,2027,carretera,L,L,,180,188,180 - 188,cm,550,396,"{""T/T"": ""554"", ""C/S"": ""410"", ""S/T"": ""503"", ""H/T"": ""145"", ""REACH"": ""396"", ""STACK"": ""550"", ""BB OFFSET"": ""69"", ""FRONT ANGLE"": ""73,5°"", ""REAR ANGLE"": ""74º"", ""WHEELBASE"": ""990"", ""WIDTH HOODS"": ""410"", ""WIDTH DROPS"": ""433"", ""STEM LENGTH"": ""110"", ""REACH / DROP"": ""81 / 130"", ""STEM ANGLE"": ""10.5º"", ""FLARE"": ""3.3º"", ""GPS HOLES"": ""27"", ""HOLES TO FRONT"": ""21""}",4999,false,https://www.megamo.com/es/bicicletas/carretera/lightweight/raise/raise-05-cw-(27),https://www.megamo.com/es/bicicletas/carretera/lightweight/raise/raise-05-cw-(27),html,2026-10-05
Megamo,RAISE [8bfce48e],RAISE 05 CW,2027,carretera,XL,XL,,188,,188 <,cm,576,402,"{""T/T"": ""572"", ""C/S"": ""410"", ""S/T"": ""535"", ""H/T"": ""172"", ""REACH"": ""402"", ""STACK"": ""576"", ""BB OFFSET"": ""69"", ""FRONT ANGLE"": ""73,5°"", ""REAR ANGLE"": ""73.5º"", ""WHEELBASE"": ""1003"", ""WIDTH HOODS"": ""430"", ""WIDTH DROPS"": ""453"", ""STEM LENGTH"": ""120"", ""REACH / DROP"": ""81 / 130"", ""STEM ANGLE"": ""10.5º"", ""FLARE"": ""3.3º"", ""GPS HOLES"": ""27"", ""HOLES TO FRONT"": ""21""}",4999,false,https://www.megamo.com/es/bicicletas/carretera/lightweight/raise/raise-05-cw-(27),https://www.megamo.com/es/bicicletas/carretera/lightweight/raise/raise-05-cw-(27),html,2026-10-05
Megamo,RAISE [8bfce48e],RAISE 07 CW,2027,carretera,XS,XS,,,165,< 165,cm,506,376,"{""T/T"": ""507"", ""C/S"": ""410"", ""S/T"": ""442"", ""H/T"": ""102"", ""REACH"": ""376"", ""STACK"": ""506"", ""BB OFFSET"": ""69"", ""FRONT ANGLE"": ""71,75°"", ""REAR ANGLE"": ""75.5º"", ""WHEELBASE"": ""970"", ""WIDTH HOODS"": ""370"", ""WIDTH DROPS"": ""393"", ""STEM LENGTH"": ""80"", ""REACH / DROP"": ""81 / 130"", ""STEM ANGLE"": ""10.5º"", ""FLARE"": ""3.3º"", ""GPS HOLES"": ""27"", ""HOLES TO FRONT"": ""21""}",4699,false,https://www.megamo.com/es/bicicletas/carretera/lightweight/raise/raise-07-cw-(27),https://www.megamo.com/es/bicicletas/carretera/lightweight/raise/raise-07-cw-(27),html,2026-10-05
Megamo,RAISE [8bfce48e],RAISE 07 CW,2027,carretera,S,S,,165,172,165 - 172,cm,521,383,"{""T/T"": ""527"", ""C/S"": ""410"", ""S/T"": ""460"", ""H/T"": ""115"", ""REACH"": ""383"", ""STACK"": ""521"", ""BB OFFSET"": ""69"", ""FRONT ANGLE"": ""72,5°"", ""REAR ANGLE"": ""74.5º"", ""WHEELBASE"": ""975"", ""WIDTH HOODS"": ""390"", ""WIDTH DROPS"": ""413"", ""STEM LENGTH"": ""90"", ""REACH / DROP"": ""81 / 130"", ""STEM ANGLE"": ""10.5º"", ""FLARE"": ""3.3º"", ""GPS HOLES"": ""27"", ""HOLES TO FRONT"": ""21""}",4699,false,https://www.megamo.com/es/bicicletas/carretera/lightweight/raise/raise-07-cw-(27),https://www.megamo.com/es/bicicletas/carretera/lightweight/raise/raise-07-cw-(27),html,2026-10-05
Megamo,RAISE [8bfce48e],RAISE 07 CW,2027,carretera,M,M,,170,180,170 - 180,cm,534,384,"{""T/T"": ""538"", ""C/S"": ""410"", ""S/T"": ""482"", ""H/T"": ""130"", ""REACH"": ""384"", ""STACK"": ""534"", ""BB OFFSET"": ""69"", ""FRONT ANGLE"": ""73°"", ""REAR ANGLE"": ""74º"", ""WHEELBASE"": ""980"", ""WIDTH HOODS"": ""390"", ""WIDTH DROPS"": ""413"", ""STEM LENGTH"": ""100"", ""REACH / DROP"": ""81 / 130"", ""STEM ANGLE"": ""10.5º"", ""FLARE"": ""3.3º"", ""GPS HOLES"": ""27"", ""HOLES TO FRONT"": ""21""}",4699,false,https://www.megamo.com/es/bicicletas/carretera/lightweight/raise/raise-07-cw-(27),https://www.megamo.com/es/bicicletas/carretera/lightweight/raise/raise-07-cw-(27),html,2026-10-05
Megamo,RAISE [8bfce48e],RAISE 07 CW,2027,carretera,L,L,,180,188,180 - 188,cm,550,396,"{""T/T"": ""554"", ""C/S"": ""410"", ""S/T"": ""503"", ""H/T"": ""145"", ""REACH"": ""396"", ""STACK"": ""550"", ""BB OFFSET"": ""69"", ""FRONT ANGLE"": ""73,5°"", ""REAR ANGLE"": ""74º"", ""WHEELBASE"": ""990"", ""WIDTH HOODS"": ""410"", ""WIDTH DROPS"": ""433"", ""STEM LENGTH"": ""110"", ""REACH / DROP"": ""81 / 130"", ""STEM ANGLE"": ""10.5º"", ""FLARE"": ""3.3º"", ""GPS HOLES"": ""27"", ""HOLES TO FRONT"": ""21""}",4699,false,https://www.megamo.com/es/bicicletas/carretera/lightweight/raise/raise-07-cw-(27),https://www.megamo.com/es/bicicletas/carretera/lightweight/raise/raise-07-cw-(27),html,2026-10-05
Megamo,RAISE [8bfce48e],RAISE 07 CW,2027,carretera,XL,XL,,188,,188 <,cm,576,402,"{""T/T"": ""572"", ""C/S"": ""410"", ""S/T"": ""535"", ""H/T"": ""172"", ""REACH"": ""402"", ""STACK"": ""576"", ""BB OFFSET"": ""69"", ""FRONT ANGLE"": ""73,5°"", ""REAR ANGLE"": ""73.5º"", ""WHEELBASE"": ""1003"", ""WIDTH HOODS"": ""430"", ""WIDTH DROPS"": ""453"", ""STEM LENGTH"": ""120"", ""REACH / DROP"": ""81 / 130"", ""STEM ANGLE"": ""10.5º"", ""FLARE"": ""3.3º"", ""GPS HOLES"": ""27"", ""HOLES TO FRONT"": ""21""}",4699,false,https://www.megamo.com/es/bicicletas/carretera/lightweight/raise/raise-07-cw-(27),https://www.megamo.com/es/bicicletas/carretera/lightweight/raise/raise-07-cw-(27),html,2026-10-05
Megamo,RAISE [8bfce48e],RAISE 15 CW,2027,carretera,XS,XS,,,165,< 165,cm,506,376,"{""T/T"": ""507"", ""C/S"": ""410"", ""S/T"": ""442"", ""H/T"": ""102"", ""REACH"": ""376"", ""STACK"": ""506"", ""BB OFFSET"": ""69"", ""FRONT ANGLE"": ""71,75°"", ""REAR ANGLE"": ""75.5º"", ""WHEELBASE"": ""970"", ""WIDTH HOODS"": ""370"", ""WIDTH DROPS"": ""393"", ""STEM LENGTH"": ""80"", ""REACH / DROP"": ""81 / 130"", ""STEM ANGLE"": ""10.5º"", ""FLARE"": ""3.3º"", ""GPS HOLES"": ""27"", ""HOLES TO FRONT"": ""21""}",4399,false,https://www.megamo.com/es/bicicletas/carretera/lightweight/raise/raise-15-cw-(27),https://www.megamo.com/es/bicicletas/carretera/lightweight/raise/raise-15-cw-(27),html,2026-10-05
Megamo,RAISE [8bfce48e],RAISE 15 CW,2027,carretera,S,S,,165,172,165 - 172,cm,521,383,"{""T/T"": ""527"", ""C/S"": ""410"", ""S/T"": ""460"", ""H/T"": ""115"", ""REACH"": ""383"", ""STACK"": ""521"", ""BB OFFSET"": ""69"", ""FRONT ANGLE"": ""72,5°"", ""REAR ANGLE"": ""74.5º"", ""WHEELBASE"": ""975"", ""WIDTH HOODS"": ""390"", ""WIDTH DROPS"": ""413"", ""STEM LENGTH"": ""90"", ""REACH / DROP"": ""81 / 130"", ""STEM ANGLE"": ""10.5º"", ""FLARE"": ""3.3º"", ""GPS HOLES"": ""27"", ""HOLES TO FRONT"": ""21""}",4399,false,https://www.megamo.com/es/bicicletas/carretera/lightweight/raise/raise-15-cw-(27),https://www.megamo.com/es/bicicletas/carretera/lightweight/raise/raise-15-cw-(27),html,2026-10-05
Megamo,RAISE [8bfce48e],RAISE 15 CW,2027,carretera,M,M,,170,180,170 - 180,cm,534,384,"{""T/T"": ""538"", ""C/S"": ""410"", ""S/T"": ""482"", ""H/T"": ""130"", ""REACH"": ""384"", ""STACK"": ""534"", ""BB OFFSET"": ""69"", ""FRONT ANGLE"": ""73°"", ""REAR ANGLE"": ""74º"", ""WHEELBASE"": ""980"", ""WIDTH HOODS"": ""390"", ""WIDTH DROPS"": ""413"", ""STEM LENGTH"": ""100"", ""REACH / DROP"": ""81 / 130"", ""STEM ANGLE"": ""10.5º"", ""FLARE"": ""3.3º"", ""GPS HOLES"": ""27"", ""HOLES TO FRONT"": ""21""}",4399,false,https://www.megamo.com/es/bicicletas/carretera/lightweight/raise/raise-15-cw-(27),https://www.megamo.com/es/bicicletas/carretera/lightweight/raise/raise-15-cw-(27),html,2026-10-05
Megamo,RAISE [8bfce48e],RAISE 15 CW,2027,carretera,L,L,,180,188,180 - 188,cm,550,396,"{""T/T"": ""554"", ""C/S"": ""410"", ""S/T"": ""503"", ""H/T"": ""145"", ""REACH"": ""396"", ""STACK"": ""550"", ""BB OFFSET"": ""69"", ""FRONT ANGLE"": ""73,5°"", ""REAR ANGLE"": ""74º"", ""WHEELBASE"": ""990"", ""WIDTH HOODS"": ""410"", ""WIDTH DROPS"": ""433"", ""STEM LENGTH"": ""110"", ""REACH / DROP"": ""81 / 130"", ""STEM ANGLE"": ""10.5º"", ""FLARE"": ""3.3º"", ""GPS HOLES"": ""27"", ""HOLES TO FRONT"": ""21""}",4399,false,https://www.megamo.com/es/bicicletas/carretera/lightweight/raise/raise-15-cw-(27),https://www.megamo.com/es/bicicletas/carretera/lightweight/raise/raise-15-cw-(27),html,2026-10-05
Megamo,RAISE [8bfce48e],RAISE 15 CW,2027,carretera,XL,XL,,188,,188 <,cm,576,402,"{""T/T"": ""572"", ""C/S"": ""410"", ""S/T"": ""535"", ""H/T"": ""172"", ""REACH"": ""402"", ""STACK"": ""576"", ""BB OFFSET"": ""69"", ""FRONT ANGLE"": ""73,5°"", ""REAR ANGLE"": ""73.5º"", ""WHEELBASE"": ""1003"", ""WIDTH HOODS"": ""430"", ""WIDTH DROPS"": ""453"", ""STEM LENGTH"": ""120"", ""REACH / DROP"": ""81 / 130"", ""STEM ANGLE"": ""10.5º"", ""FLARE"": ""3.3º"", ""GPS HOLES"": ""27"", ""HOLES TO FRONT"": ""21""}",4399,false,https://www.megamo.com/es/bicicletas/carretera/lightweight/raise/raise-15-cw-(27),https://www.megamo.com/es/bicicletas/carretera/lightweight/raise/raise-15-cw-(27),html,2026-10-05
Megamo,RAISE [8bfce48e],RAISE 15,2027,carretera,XS,XS,,,165,< 165,cm,506,376,"{""T/T"": ""507"", ""C/S"": ""410"", ""S/T"": ""442"", ""H/T"": ""102"", ""REACH"": ""376"", ""STACK"": ""506"", ""BB OFFSET"": ""69"", ""FRONT ANGLE"": ""71,75°"", ""REAR ANGLE"": ""75.5º"", ""WHEELBASE"": ""970"", ""WIDTH HOODS"": ""370"", ""WIDTH DROPS"": ""393"", ""STEM LENGTH"": ""80"", ""REACH / DROP"": ""81 / 130"", ""STEM ANGLE"": ""10.5º"", ""FLARE"": ""3.3º"", ""GPS HOLES"": ""27"", ""HOLES TO FRONT"": ""21""}",3499,false,https://www.megamo.com/es/bicicletas/carretera/lightweight/raise/raise-15-(27),https://www.megamo.com/es/bicicletas/carretera/lightweight/raise/raise-15-(27),html,2026-10-05
Megamo,RAISE [8bfce48e],RAISE 15,2027,carretera,S,S,,165,172,165 - 172,cm,521,383,"{""T/T"": ""527"", ""C/S"": ""410"", ""S/T"": ""460"", ""H/T"": ""115"", ""REACH"": ""383"", ""STACK"": ""521"", ""BB OFFSET"": ""69"", ""FRONT ANGLE"": ""72,5°"", ""REAR ANGLE"": ""74.5º"", ""WHEELBASE"": ""975"", ""WIDTH HOODS"": ""390"", ""WIDTH DROPS"": ""413"", ""STEM LENGTH"": ""90"", ""REACH / DROP"": ""81 / 130"", ""STEM ANGLE"": ""10.5º"", ""FLARE"": ""3.3º"", ""GPS HOLES"": ""27"", ""HOLES TO FRONT"": ""21""}",3499,false,https://www.megamo.com/es/bicicletas/carretera/lightweight/raise/raise-15-(27),https://www.megamo.com/es/bicicletas/carretera/lightweight/raise/raise-15-(27),html,2026-10-05
Megamo,RAISE [8bfce48e],RAISE 15,2027,carretera,M,M,,170,180,170 - 180,cm,534,384,"{""T/T"": ""538"", ""C/S"": ""410"", ""S/T"": ""482"", ""H/T"": ""130"", ""REACH"": ""384"", ""STACK"": ""534"", ""BB OFFSET"": ""69"", ""FRONT ANGLE"": ""73°"", ""REAR ANGLE"": ""74º"", ""WHEELBASE"": ""980"", ""WIDTH HOODS"": ""390"", ""WIDTH DROPS"": ""413"", ""STEM LENGTH"": ""100"", ""REACH / DROP"": ""81 / 130"", ""STEM ANGLE"": ""10.5º"", ""FLARE"": ""3.3º"", ""GPS HOLES"": ""27"", ""HOLES TO FRONT"": ""21""}",3499,false,https://www.megamo.com/es/bicicletas/carretera/lightweight/raise/raise-15-(27),https://www.megamo.com/es/bicicletas/carretera/lightweight/raise/raise-15-(27),html,2026-10-05
Megamo,RAISE [8bfce48e],RAISE 15,2027,carretera,L,L,,180,188,180 - 188,cm,550,396,"{""T/T"": ""554"", ""C/S"": ""410"", ""S/T"": ""503"", ""H/T"": ""145"", ""REACH"": ""396"", ""STACK"": ""550"", ""BB OFFSET"": ""69"", ""FRONT ANGLE"": ""73,5°"", ""REAR ANGLE"": ""74º"", ""WHEELBASE"": ""990"", ""WIDTH HOODS"": ""410"", ""WIDTH DROPS"": ""433"", ""STEM LENGTH"": ""110"", ""REACH / DROP"": ""81 / 130"", ""STEM ANGLE"": ""10.5º"", ""FLARE"": ""3.3º"", ""GPS HOLES"": ""27"", ""HOLES TO FRONT"": ""21""}",3499,false,https://www.megamo.com/es/bicicletas/carretera/lightweight/raise/raise-15-(27),https://www.megamo.com/es/bicicletas/carretera/lightweight/raise/raise-15-(27),html,2026-10-05
Megamo,RAISE [8bfce48e],RAISE 15,2027,carretera,XL,XL,,188,,188 <,cm,576,402,"{""T/T"": ""572"", ""C/S"": ""410"", ""S/T"": ""535"", ""H/T"": ""172"", ""REACH"": ""402"", ""STACK"": ""576"", ""BB OFFSET"": ""69"", ""FRONT ANGLE"": ""73,5°"", ""REAR ANGLE"": ""73.5º"", ""WHEELBASE"": ""1003"", ""WIDTH HOODS"": ""430"", ""WIDTH DROPS"": ""453"", ""STEM LENGTH"": ""120"", ""REACH / DROP"": ""81 / 130"", ""STEM ANGLE"": ""10.5º"", ""FLARE"": ""3.3º"", ""GPS HOLES"": ""27"", ""HOLES TO FRONT"": ""21""}",3499,false,https://www.megamo.com/es/bicicletas/carretera/lightweight/raise/raise-15-(27),https://www.megamo.com/es/bicicletas/carretera/lightweight/raise/raise-15-(27),html,2026-10-05
Megamo,RAISE [8bfce48e],RAISE 20,2027,carretera,XS,XS,,,165,< 165,cm,506,376,"{""T/T"": ""507"", ""C/S"": ""410"", ""S/T"": ""442"", ""H/T"": ""102"", ""REACH"": ""376"", ""STACK"": ""506"", ""BB OFFSET"": ""69"", ""FRONT ANGLE"": ""71,75°"", ""REAR ANGLE"": ""75.5º"", ""WHEELBASE"": ""970"", ""WIDTH HOODS"": ""370"", ""WIDTH DROPS"": ""393"", ""STEM LENGTH"": ""80"", ""REACH / DROP"": ""81 / 130"", ""STEM ANGLE"": ""10.5º"", ""FLARE"": ""3.3º"", ""GPS HOLES"": ""27"", ""HOLES TO FRONT"": ""21""}",2699,false,https://www.megamo.com/es/bicicletas/carretera/lightweight/raise/raise-20-(27),https://www.megamo.com/es/bicicletas/carretera/lightweight/raise/raise-20-(27),html,2026-10-05
Megamo,RAISE [8bfce48e],RAISE 20,2027,carretera,S,S,,165,172,165 - 172,cm,521,383,"{""T/T"": ""527"", ""C/S"": ""410"", ""S/T"": ""460"", ""H/T"": ""115"", ""REACH"": ""383"", ""STACK"": ""521"", ""BB OFFSET"": ""69"", ""FRONT ANGLE"": ""72,5°"", ""REAR ANGLE"": ""74.5º"", ""WHEELBASE"": ""975"", ""WIDTH HOODS"": ""390"", ""WIDTH DROPS"": ""413"", ""STEM LENGTH"": ""90"", ""REACH / DROP"": ""81 / 130"", ""STEM ANGLE"": ""10.5º"", ""FLARE"": ""3.3º"", ""GPS HOLES"": ""27"", ""HOLES TO FRONT"": ""21""}",2699,false,https://www.megamo.com/es/bicicletas/carretera/lightweight/raise/raise-20-(27),https://www.megamo.com/es/bicicletas/carretera/lightweight/raise/raise-20-(27),html,2026-10-05
Megamo,RAISE [8bfce48e],RAISE 20,2027,carretera,M,M,,170,180,170 - 180,cm,534,384,"{""T/T"": ""538"", ""C/S"": ""410"", ""S/T"": ""482"", ""H/T"": ""130"", ""REACH"": ""384"", ""STACK"": ""534"", ""BB OFFSET"": ""69"", ""FRONT ANGLE"": ""73°"", ""REAR ANGLE"": ""74º"", ""WHEELBASE"": ""980"", ""WIDTH HOODS"": ""390"", ""WIDTH DROPS"": ""413"", ""STEM LENGTH"": ""100"", ""REACH / DROP"": ""81 / 130"", ""STEM ANGLE"": ""10.5º"", ""FLARE"": ""3.3º"", ""GPS HOLES"": ""27"", ""HOLES TO FRONT"": ""21""}",2699,false,https://www.megamo.com/es/bicicletas/carretera/lightweight/raise/raise-20-(27),https://www.megamo.com/es/bicicletas/carretera/lightweight/raise/raise-20-(27),html,2026-10-05
Megamo,RAISE [8bfce48e],RAISE 20,2027,carretera,L,L,,180,188,180 - 188,cm,550,396,"{""T/T"": ""554"", ""C/S"": ""410"", ""S/T"": ""503"", ""H/T"": ""145"", ""REACH"": ""396"", ""STACK"": ""550"", ""BB OFFSET"": ""69"", ""FRONT ANGLE"": ""73,5°"", ""REAR ANGLE"": ""74º"", ""WHEELBASE"": ""990"", ""WIDTH HOODS"": ""410"", ""WIDTH DROPS"": ""433"", ""STEM LENGTH"": ""110"", ""REACH / DROP"": ""81 / 130"", ""STEM ANGLE"": ""10.5º"", ""FLARE"": ""3.3º"", ""GPS HOLES"": ""27"", ""HOLES TO FRONT"": ""21""}",2699,false,https://www.megamo.com/es/bicicletas/carretera/lightweight/raise/raise-20-(27),https://www.megamo.com/es/bicicletas/carretera/lightweight/raise/raise-20-(27),html,2026-10-05
Megamo,RAISE [8bfce48e],RAISE 20,2027,carretera,XL,XL,,188,,188 <,cm,576,402,"{""T/T"": ""572"", ""C/S"": ""410"", ""S/T"": ""535"", ""H/T"": ""172"", ""REACH"": ""402"", ""STACK"": ""576"", ""BB OFFSET"": ""69"", ""FRONT ANGLE"": ""73,5°"", ""REAR ANGLE"": ""73.5º"", ""WHEELBASE"": ""1003"", ""WIDTH HOODS"": ""430"", ""WIDTH DROPS"": ""453"", ""STEM LENGTH"": ""120"", ""REACH / DROP"": ""81 / 130"", ""STEM ANGLE"": ""10.5º"", ""FLARE"": ""3.3º"", ""GPS HOLES"": ""27"", ""HOLES TO FRONT"": ""21""}",2699,false,https://www.megamo.com/es/bicicletas/carretera/lightweight/raise/raise-20-(27),https://www.megamo.com/es/bicicletas/carretera/lightweight/raise/raise-20-(27),html,2026-10-05
Megamo,RAISE [3b47eb2b],RAISE ENVE EDITION,2026,carretera,XS,XS,,,165,< 165,cm,506,376,"{""T/T"": ""507"", ""C/S"": ""410"", ""S/T"": ""442"", ""H/T"": ""102"", ""REACH"": ""376"", ""STACK"": ""506"", ""BB OFFSET"": ""69"", ""FRONT ANGLE"": ""71,75°"", ""REAR ANGLE"": ""75.5º"", ""WHEELBASE"": ""970"", ""Width hoods"": ""370"", ""Width drops"": ""393"", ""Stem Length"": ""80"", ""Reach / Drop"": ""81 / 130"", ""Stem Angle"": ""10.5º"", ""FLARE"": ""3.3º"", ""GPS HOLES"": ""27"", ""HOLES TO FRONT"": ""21""}",11999,false,https://www.megamo.com/es/bicicletas/carretera/lightweight/raise/raise-enve-edition-(26),https://www.megamo.com/es/bicicletas/carretera/lightweight/raise/raise-enve-edition-(26),html,2026-10-05
Megamo,RAISE [3b47eb2b],RAISE ENVE EDITION,2026,carretera,S,S,,165,172,165 - 172,cm,521,383,"{""T/T"": ""527"", ""C/S"": ""410"", ""S/T"": ""460"", ""H/T"": ""115"", ""REACH"": ""383"", ""STACK"": ""521"", ""BB OFFSET"": ""69"", ""FRONT ANGLE"": ""72,5°"", ""REAR ANGLE"": ""74.5º"", ""WHEELBASE"": ""975"", ""Width hoods"": ""390"", ""Width drops"": ""413"", ""Stem Length"": ""90"", ""Reach / Drop"": ""81 / 130"", ""Stem Angle"": ""10.5º"", ""FLARE"": ""3.3º"", ""GPS HOLES"": ""27"", ""HOLES TO FRONT"": ""21""}",11999,false,https://www.megamo.com/es/bicicletas/carretera/lightweight/raise/raise-enve-edition-(26),https://www.megamo.com/es/bicicletas/carretera/lightweight/raise/raise-enve-edition-(26),html,2026-10-05
Megamo,RAISE [3b47eb2b],RAISE ENVE EDITION,2026,carretera,M,M,,170,180,170 - 180,cm,534,384,"{""T/T"": ""538"", ""C/S"": ""410"", ""S/T"": ""482"", ""H/T"": ""130"", ""REACH"": ""384"", ""STACK"": ""534"", ""BB OFFSET"": ""69"", ""FRONT ANGLE"": ""73°"", ""REAR ANGLE"": ""74º"", ""WHEELBASE"": ""980"", ""Width hoods"": ""390"", ""Width drops"": ""413"", ""Stem Length"": ""100"", ""Reach / Drop"": ""81 / 130"", ""Stem Angle"": ""10.5º"", ""FLARE"": ""3.3º"", ""GPS HOLES"": ""27"", ""HOLES TO FRONT"": ""21""}",11999,false,https://www.megamo.com/es/bicicletas/carretera/lightweight/raise/raise-enve-edition-(26),https://www.megamo.com/es/bicicletas/carretera/lightweight/raise/raise-enve-edition-(26),html,2026-10-05
Megamo,RAISE [3b47eb2b],RAISE ENVE EDITION,2026,carretera,L,L,,180,188,180 - 188,cm,550,396,"{""T/T"": ""554"", ""C/S"": ""410"", ""S/T"": ""503"", ""H/T"": ""145"", ""REACH"": ""396"", ""STACK"": ""550"", ""BB OFFSET"": ""69"", ""FRONT ANGLE"": ""73,5°"", ""REAR ANGLE"": ""74º"", ""WHEELBASE"": ""990"", ""Width hoods"": ""410"", ""Width drops"": ""433"", ""Stem Length"": ""110"", ""Reach / Drop"": ""81 / 130"", ""Stem Angle"": ""10.5º"", ""FLARE"": ""3.3º"", ""GPS HOLES"": ""27"", ""HOLES TO FRONT"": ""21""}",11999,false,https://www.megamo.com/es/bicicletas/carretera/lightweight/raise/raise-enve-edition-(26),https://www.megamo.com/es/bicicletas/carretera/lightweight/raise/raise-enve-edition-(26),html,2026-10-05
Megamo,RAISE [3b47eb2b],RAISE ENVE EDITION,2026,carretera,XL,XL,,188,,188 <,cm,576,402,"{""T/T"": ""572"", ""C/S"": ""410"", ""S/T"": ""535"", ""H/T"": ""172"", ""REACH"": ""402"", ""STACK"": ""576"", ""BB OFFSET"": ""69"", ""FRONT ANGLE"": ""73,5°"", ""REAR ANGLE"": ""73.5º"", ""WHEELBASE"": ""1003"", ""Width hoods"": ""430"", ""Width drops"": ""453"", ""Stem Length"": ""120"", ""Reach / Drop"": ""81 / 130"", ""Stem Angle"": ""10.5º"", ""FLARE"": ""3.3º"", ""GPS HOLES"": ""27"", ""HOLES TO FRONT"": ""21""}",11999,false,https://www.megamo.com/es/bicicletas/carretera/lightweight/raise/raise-enve-edition-(26),https://www.megamo.com/es/bicicletas/carretera/lightweight/raise/raise-enve-edition-(26),html,2026-10-05
Megamo,RAISE [3b47eb2b],RAISE 03,2026,carretera,XS,XS,,,165,< 165,cm,506,376,"{""T/T"": ""507"", ""C/S"": ""410"", ""S/T"": ""442"", ""H/T"": ""102"", ""REACH"": ""376"", ""STACK"": ""506"", ""BB OFFSET"": ""69"", ""FRONT ANGLE"": ""71,75°"", ""REAR ANGLE"": ""75.5º"", ""WHEELBASE"": ""970"", ""Width hoods"": ""370"", ""Width drops"": ""393"", ""Stem Length"": ""80"", ""Reach / Drop"": ""81 / 130"", ""Stem Angle"": ""10.5º"", ""FLARE"": ""3.3º"", ""GPS HOLES"": ""27"", ""HOLES TO FRONT"": ""21""}",6799,false,https://www.megamo.com/es/bicicletas/carretera/lightweight/raise/raise-03-(26),https://www.megamo.com/es/bicicletas/carretera/lightweight/raise/raise-03-(26),html,2026-10-05
Megamo,RAISE [3b47eb2b],RAISE 03,2026,carretera,S,S,,165,172,165 - 172,cm,521,383,"{""T/T"": ""527"", ""C/S"": ""410"", ""S/T"": ""460"", ""H/T"": ""115"", ""REACH"": ""383"", ""STACK"": ""521"", ""BB OFFSET"": ""69"", ""FRONT ANGLE"": ""72,5°"", ""REAR ANGLE"": ""74.5º"", ""WHEELBASE"": ""975"", ""Width hoods"": ""390"", ""Width drops"": ""413"", ""Stem Length"": ""90"", ""Reach / Drop"": ""81 / 130"", ""Stem Angle"": ""10.5º"", ""FLARE"": ""3.3º"", ""GPS HOLES"": ""27"", ""HOLES TO FRONT"": ""21""}",6799,false,https://www.megamo.com/es/bicicletas/carretera/lightweight/raise/raise-03-(26),https://www.megamo.com/es/bicicletas/carretera/lightweight/raise/raise-03-(26),html,2026-10-05
Megamo,RAISE [3b47eb2b],RAISE 03,2026,carretera,M,M,,170,180,170 - 180,cm,534,384,"{""T/T"": ""538"", ""C/S"": ""410"", ""S/T"": ""482"", ""H/T"": ""130"", ""REACH"": ""384"", ""STACK"": ""534"", ""BB OFFSET"": ""69"", ""FRONT ANGLE"": ""73°"", ""REAR ANGLE"": ""74º"", ""WHEELBASE"": ""980"", ""Width hoods"": ""390"", ""Width drops"": ""413"", ""Stem Length"": ""100"", ""Reach / Drop"": ""81 / 130"", ""Stem Angle"": ""10.5º"", ""FLARE"": ""3.3º"", ""GPS HOLES"": ""27"", ""HOLES TO FRONT"": ""21""}",6799,false,https://www.megamo.com/es/bicicletas/carretera/lightweight/raise/raise-03-(26),https://www.megamo.com/es/bicicletas/carretera/lightweight/raise/raise-03-(26),html,2026-10-05
Megamo,RAISE [3b47eb2b],RAISE 03,2026,carretera,L,L,,180,188,180 - 188,cm,550,396,"{""T/T"": ""554"", ""C/S"": ""410"", ""S/T"": ""503"", ""H/T"": ""145"", ""REACH"": ""396"", ""STACK"": ""550"", ""BB OFFSET"": ""69"", ""FRONT ANGLE"": ""73,5°"", ""REAR ANGLE"": ""74º"", ""WHEELBASE"": ""990"", ""Width hoods"": ""410"", ""Width drops"": ""433"", ""Stem Length"": ""110"", ""Reach / Drop"": ""81 / 130"", ""Stem Angle"": ""10.5º"", ""FLARE"": ""3.3º"", ""GPS HOLES"": ""27"", ""HOLES TO FRONT"": ""21""}",6799,false,https://www.megamo.com/es/bicicletas/carretera/lightweight/raise/raise-03-(26),https://www.megamo.com/es/bicicletas/carretera/lightweight/raise/raise-03-(26),html,2026-10-05
Megamo,RAISE [3b47eb2b],RAISE 03,2026,carretera,XL,XL,,188,,188 <,cm,576,402,"{""T/T"": ""572"", ""C/S"": ""410"", ""S/T"": ""535"", ""H/T"": ""172"", ""REACH"": ""402"", ""STACK"": ""576"", ""BB OFFSET"": ""69"", ""FRONT ANGLE"": ""73,5°"", ""REAR ANGLE"": ""73.5º"", ""WHEELBASE"": ""1003"", ""Width hoods"": ""430"", ""Width drops"": ""453"", ""Stem Length"": ""120"", ""Reach / Drop"": ""81 / 130"", ""Stem Angle"": ""10.5º"", ""FLARE"": ""3.3º"", ""GPS HOLES"": ""27"", ""HOLES TO FRONT"": ""21""}",6799,false,https://www.megamo.com/es/bicicletas/carretera/lightweight/raise/raise-03-(26),https://www.megamo.com/es/bicicletas/carretera/lightweight/raise/raise-03-(26),html,2026-10-05
Megamo,RAISE [3b47eb2b],RAISE 04,2026,carretera,XS,XS,,,165,< 165,cm,506,376,"{""T/T"": ""507"", ""C/S"": ""410"", ""S/T"": ""442"", ""H/T"": ""102"", ""REACH"": ""376"", ""STACK"": ""506"", ""BB OFFSET"": ""69"", ""FRONT ANGLE"": ""71,75°"", ""REAR ANGLE"": ""75.5º"", ""WHEELBASE"": ""970"", ""Width hoods"": ""370"", ""Width drops"": ""393"", ""Stem Length"": ""80"", ""Reach / Drop"": ""81 / 130"", ""Stem Angle"": ""10.5º"", ""FLARE"": ""3.3º"", ""GPS HOLES"": ""27"", ""HOLES TO FRONT"": ""21""}",5699,false,https://www.megamo.com/es/bicicletas/carretera/lightweight/raise/raise-04-(26),https://www.megamo.com/es/bicicletas/carretera/lightweight/raise/raise-04-(26),html,2026-10-05
Megamo,RAISE [3b47eb2b],RAISE 04,2026,carretera,S,S,,165,172,165 - 172,cm,521,383,"{""T/T"": ""527"", ""C/S"": ""410"", ""S/T"": ""460"", ""H/T"": ""115"", ""REACH"": ""383"", ""STACK"": ""521"", ""BB OFFSET"": ""69"", ""FRONT ANGLE"": ""72,5°"", ""REAR ANGLE"": ""74.5º"", ""WHEELBASE"": ""975"", ""Width hoods"": ""390"", ""Width drops"": ""413"", ""Stem Length"": ""90"", ""Reach / Drop"": ""81 / 130"", ""Stem Angle"": ""10.5º"", ""FLARE"": ""3.3º"", ""GPS HOLES"": ""27"", ""HOLES TO FRONT"": ""21""}",5699,false,https://www.megamo.com/es/bicicletas/carretera/lightweight/raise/raise-04-(26),https://www.megamo.com/es/bicicletas/carretera/lightweight/raise/raise-04-(26),html,2026-10-05
Megamo,RAISE [3b47eb2b],RAISE 04,2026,carretera,M,M,,170,180,170 - 180,cm,534,384,"{""T/T"": ""538"", ""C/S"": ""410"", ""S/T"": ""482"", ""H/T"": ""130"", ""REACH"": ""384"", ""STACK"": ""534"", ""BB OFFSET"": ""69"", ""FRONT ANGLE"": ""73°"", ""REAR ANGLE"": ""74º"", ""WHEELBASE"": ""980"", ""Width hoods"": ""390"", ""Width drops"": ""413"", ""Stem Length"": ""100"", ""Reach / Drop"": ""81 / 130"", ""Stem Angle"": ""10.5º"", ""FLARE"": ""3.3º"", ""GPS HOLES"": ""27"", ""HOLES TO FRONT"": ""21""}",5699,false,https://www.megamo.com/es/bicicletas/carretera/lightweight/raise/raise-04-(26),https://www.megamo.com/es/bicicletas/carretera/lightweight/raise/raise-04-(26),html,2026-10-05
Megamo,RAISE [3b47eb2b],RAISE 04,2026,carretera,L,L,,180,188,180 - 188,cm,550,396,"{""T/T"": ""554"", ""C/S"": ""410"", ""S/T"": ""503"", ""H/T"": ""145"", ""REACH"": ""396"", ""STACK"": ""550"", ""BB OFFSET"": ""69"", ""FRONT ANGLE"": ""73,5°"", ""REAR ANGLE"": ""74º"", ""WHEELBASE"": ""990"", ""Width hoods"": ""410"", ""Width drops"": ""433"", ""Stem Length"": ""110"", ""Reach / Drop"": ""81 / 130"", ""Stem Angle"": ""10.5º"", ""FLARE"": ""3.3º"", ""GPS HOLES"": ""27"", ""HOLES TO FRONT"": ""21""}",5699,false,https://www.megamo.com/es/bicicletas/carretera/lightweight/raise/raise-04-(26),https://www.megamo.com/es/bicicletas/carretera/lightweight/raise/raise-04-(26),html,2026-10-05
Megamo,RAISE [3b47eb2b],RAISE 04,2026,carretera,XL,XL,,188,,188 <,cm,576,402,"{""T/T"": ""572"", ""C/S"": ""410"", ""S/T"": ""535"", ""H/T"": ""172"", ""REACH"": ""402"", ""STACK"": ""576"", ""BB OFFSET"": ""69"", ""FRONT ANGLE"": ""73,5°"", ""REAR ANGLE"": ""73.5º"", ""WHEELBASE"": ""1003"", ""Width hoods"": ""430"", ""Width drops"": ""453"", ""Stem Length"": ""120"", ""Reach / Drop"": ""81 / 130"", ""Stem Angle"": ""10.5º"", ""FLARE"": ""3.3º"", ""GPS HOLES"": ""27"", ""HOLES TO FRONT"": ""21""}",5699,false,https://www.megamo.com/es/bicicletas/carretera/lightweight/raise/raise-04-(26),https://www.megamo.com/es/bicicletas/carretera/lightweight/raise/raise-04-(26),html,2026-10-05
Megamo,RAISE [3b47eb2b],RAISE 07,2026,carretera,XS,XS,,,165,< 165,cm,506,376,"{""T/T"": ""507"", ""C/S"": ""410"", ""S/T"": ""442"", ""H/T"": ""102"", ""REACH"": ""376"", ""STACK"": ""506"", ""BB OFFSET"": ""69"", ""FRONT ANGLE"": ""71,75°"", ""REAR ANGLE"": ""75.5º"", ""WHEELBASE"": ""970"", ""Width hoods"": ""370"", ""Width drops"": ""393"", ""Stem Length"": ""80"", ""Reach / Drop"": ""81 / 130"", ""Stem Angle"": ""10.5º"", ""FLARE"": ""3.3º"", ""GPS HOLES"": ""27"", ""HOLES TO FRONT"": ""21""}",4999,false,https://www.megamo.com/es/bicicletas/carretera/lightweight/raise/raise-07-(26),https://www.megamo.com/es/bicicletas/carretera/lightweight/raise/raise-07-(26),html,2026-10-05
Megamo,RAISE [3b47eb2b],RAISE 07,2026,carretera,S,S,,165,172,165 - 172,cm,521,383,"{""T/T"": ""527"", ""C/S"": ""410"", ""S/T"": ""460"", ""H/T"": ""115"", ""REACH"": ""383"", ""STACK"": ""521"", ""BB OFFSET"": ""69"", ""FRONT ANGLE"": ""72,5°"", ""REAR ANGLE"": ""74.5º"", ""WHEELBASE"": ""975"", ""Width hoods"": ""390"", ""Width drops"": ""413"", ""Stem Length"": ""90"", ""Reach / Drop"": ""81 / 130"", ""Stem Angle"": ""10.5º"", ""FLARE"": ""3.3º"", ""GPS HOLES"": ""27"", ""HOLES TO FRONT"": ""21""}",4999,false,https://www.megamo.com/es/bicicletas/carretera/lightweight/raise/raise-07-(26),https://www.megamo.com/es/bicicletas/carretera/lightweight/raise/raise-07-(26),html,2026-10-05
Megamo,RAISE [3b47eb2b],RAISE 07,2026,carretera,M,M,,170,180,170 - 180,cm,534,384,"{""T/T"": ""538"", ""C/S"": ""410"", ""S/T"": ""482"", ""H/T"": ""130"", ""REACH"": ""384"", ""STACK"": ""534"", ""BB OFFSET"": ""69"", ""FRONT ANGLE"": ""73°"", ""REAR ANGLE"": ""74º"", ""WHEELBASE"": ""980"", ""Width hoods"": ""390"", ""Width drops"": ""413"", ""Stem Length"": ""100"", ""Reach / Drop"": ""81 / 130"", ""Stem Angle"": ""10.5º"", ""FLARE"": ""3.3º"", ""GPS HOLES"": ""27"", ""HOLES TO FRONT"": ""21""}",4999,false,https://www.megamo.com/es/bicicletas/carretera/lightweight/raise/raise-07-(26),https://www.megamo.com/es/bicicletas/carretera/lightweight/raise/raise-07-(26),html,2026-10-05
Megamo,RAISE [3b47eb2b],RAISE 07,2026,carretera,L,L,,180,188,180 - 188,cm,550,396,"{""T/T"": ""554"", ""C/S"": ""410"", ""S/T"": ""503"", ""H/T"": ""145"", ""REACH"": ""396"", ""STACK"": ""550"", ""BB OFFSET"": ""69"", ""FRONT ANGLE"": ""73,5°"", ""REAR ANGLE"": ""74º"", ""WHEELBASE"": ""990"", ""Width hoods"": ""410"", ""Width drops"": ""433"", ""Stem Length"": ""110"", ""Reach / Drop"": ""81 / 130"", ""Stem Angle"": ""10.5º"", ""FLARE"": ""3.3º"", ""GPS HOLES"": ""27"", ""HOLES TO FRONT"": ""21""}",4999,false,https://www.megamo.com/es/bicicletas/carretera/lightweight/raise/raise-07-(26),https://www.megamo.com/es/bicicletas/carretera/lightweight/raise/raise-07-(26),html,2026-10-05
Megamo,RAISE [3b47eb2b],RAISE 07,2026,carretera,XL,XL,,188,,188 <,cm,576,402,"{""T/T"": ""572"", ""C/S"": ""410"", ""S/T"": ""535"", ""H/T"": ""172"", ""REACH"": ""402"", ""STACK"": ""576"", ""BB OFFSET"": ""69"", ""FRONT ANGLE"": ""73,5°"", ""REAR ANGLE"": ""73.5º"", ""WHEELBASE"": ""1003"", ""Width hoods"": ""430"", ""Width drops"": ""453"", ""Stem Length"": ""120"", ""Reach / Drop"": ""81 / 130"", ""Stem Angle"": ""10.5º"", ""FLARE"": ""3.3º"", ""GPS HOLES"": ""27"", ""HOLES TO FRONT"": ""21""}",4999,false,https://www.megamo.com/es/bicicletas/carretera/lightweight/raise/raise-07-(26),https://www.megamo.com/es/bicicletas/carretera/lightweight/raise/raise-07-(26),html,2026-10-05
Megamo,RAISE [3b47eb2b],RAISE 05,2026,carretera,XS,XS,,,165,< 165,cm,506,376,"{""T/T"": ""507"", ""C/S"": ""410"", ""S/T"": ""442"", ""H/T"": ""102"", ""REACH"": ""376"", ""STACK"": ""506"", ""BB OFFSET"": ""69"", ""FRONT ANGLE"": ""71,75°"", ""REAR ANGLE"": ""75.5º"", ""WHEELBASE"": ""970"", ""Width hoods"": ""370"", ""Width drops"": ""393"", ""Stem Length"": ""80"", ""Reach / Drop"": ""81 / 130"", ""Stem Angle"": ""10.5º"", ""FLARE"": ""3.3º"", ""GPS HOLES"": ""27"", ""HOLES TO FRONT"": ""21""}",4199,false,https://www.megamo.com/es/bicicletas/carretera/lightweight/raise/raise-05-(26),https://www.megamo.com/es/bicicletas/carretera/lightweight/raise/raise-05-(26),html,2026-10-05
Megamo,RAISE [3b47eb2b],RAISE 05,2026,carretera,S,S,,165,172,165 - 172,cm,521,383,"{""T/T"": ""527"", ""C/S"": ""410"", ""S/T"": ""460"", ""H/T"": ""115"", ""REACH"": ""383"", ""STACK"": ""521"", ""BB OFFSET"": ""69"", ""FRONT ANGLE"": ""72,5°"", ""REAR ANGLE"": ""74.5º"", ""WHEELBASE"": ""975"", ""Width hoods"": ""390"", ""Width drops"": ""413"", ""Stem Length"": ""90"", ""Reach / Drop"": ""81 / 130"", ""Stem Angle"": ""10.5º"", ""FLARE"": ""3.3º"", ""GPS HOLES"": ""27"", ""HOLES TO FRONT"": ""21""}",4199,false,https://www.megamo.com/es/bicicletas/carretera/lightweight/raise/raise-05-(26),https://www.megamo.com/es/bicicletas/carretera/lightweight/raise/raise-05-(26),html,2026-10-05
Megamo,RAISE [3b47eb2b],RAISE 05,2026,carretera,M,M,,170,180,170 - 180,cm,534,384,"{""T/T"": ""538"", ""C/S"": ""410"", ""S/T"": ""482"", ""H/T"": ""130"", ""REACH"": ""384"", ""STACK"": ""534"", ""BB OFFSET"": ""69"", ""FRONT ANGLE"": ""73°"", ""REAR ANGLE"": ""74º"", ""WHEELBASE"": ""980"", ""Width hoods"": ""390"", ""Width drops"": ""413"", ""Stem Length"": ""100"", ""Reach / Drop"": ""81 / 130"", ""Stem Angle"": ""10.5º"", ""FLARE"": ""3.3º"", ""GPS HOLES"": ""27"", ""HOLES TO FRONT"": ""21""}",4199,false,https://www.megamo.com/es/bicicletas/carretera/lightweight/raise/raise-05-(26),https://www.megamo.com/es/bicicletas/carretera/lightweight/raise/raise-05-(26),html,2026-10-05
Megamo,RAISE [3b47eb2b],RAISE 05,2026,carretera,L,L,,180,188,180 - 188,cm,550,396,"{""T/T"": ""554"", ""C/S"": ""410"", ""S/T"": ""503"", ""H/T"": ""145"", ""REACH"": ""396"", ""STACK"": ""550"", ""BB OFFSET"": ""69"", ""FRONT ANGLE"": ""73,5°"", ""REAR ANGLE"": ""74º"", ""WHEELBASE"": ""990"", ""Width hoods"": ""410"", ""Width drops"": ""433"", ""Stem Length"": ""110"", ""Reach / Drop"": ""81 / 130"", ""Stem Angle"": ""10.5º"", ""FLARE"": ""3.3º"", ""GPS HOLES"": ""27"", ""HOLES TO FRONT"": ""21""}",4199,false,https://www.megamo.com/es/bicicletas/carretera/lightweight/raise/raise-05-(26),https://www.megamo.com/es/bicicletas/carretera/lightweight/raise/raise-05-(26),html,2026-10-05
Megamo,RAISE [3b47eb2b],RAISE 05,2026,carretera,XL,XL,,188,,188 <,cm,576,402,"{""T/T"": ""572"", ""C/S"": ""410"", ""S/T"": ""535"", ""H/T"": ""172"", ""REACH"": ""402"", ""STACK"": ""576"", ""BB OFFSET"": ""69"", ""FRONT ANGLE"": ""73,5°"", ""REAR ANGLE"": ""73.5º"", ""WHEELBASE"": ""1003"", ""Width hoods"": ""430"", ""Width drops"": ""453"", ""Stem Length"": ""120"", ""Reach / Drop"": ""81 / 130"", ""Stem Angle"": ""10.5º"", ""FLARE"": ""3.3º"", ""GPS HOLES"": ""27"", ""HOLES TO FRONT"": ""21""}",4199,false,https://www.megamo.com/es/bicicletas/carretera/lightweight/raise/raise-05-(26),https://www.megamo.com/es/bicicletas/carretera/lightweight/raise/raise-05-(26),html,2026-10-05
Megamo,NEVO 30 [2e39a819],NEVO 30,2026,carretera,XS,XS,,,,,,510,368,"{""T/T"": ""505"", ""C/S"": ""420"", ""S/T"": ""430"", ""H/T"": ""110"", ""REACH"": ""368"", ""STACK"": ""510"", ""BB OFFSET"": ""70"", ""FRONT ANGLE"": ""71.5°"", ""REAR ANGLE"": ""75°"", ""WHEEL BASE"": ""977"", ""FRONT WHEEL BB"": ""369""}",1799,false,https://www.megamo.com/es/bicicletas/carretera/nevo/nevo-30-(26),https://www.megamo.com/es/bicicletas/carretera/nevo/nevo-30-(26),html,2026-10-05
Megamo,NEVO 30 [2e39a819],NEVO 30,2026,carretera,S,S,,,,,,529,378,"{""T/T"": ""525"", ""C/S"": ""420"", ""S/T"": ""460"", ""H/T"": ""130"", ""REACH"": ""378"", ""STACK"": ""529"", ""BB OFFSET"": ""70"", ""FRONT ANGLE"": ""71.5°"", ""REAR ANGLE"": ""74.5°"", ""WHEEL BASE"": ""993"", ""FRONT WHEEL BB"": ""369""}",1799,false,https://www.megamo.com/es/bicicletas/carretera/nevo/nevo-30-(26),https://www.megamo.com/es/bicicletas/carretera/nevo/nevo-30-(26),html,2026-10-05
Megamo,NEVO 30 [2e39a819],NEVO 30,2026,carretera,M,M,,,,,,549,387,"{""T/T"": ""545"", ""C/S"": ""420"", ""S/T"": ""500"", ""H/T"": ""150"", ""REACH"": ""387"", ""STACK"": ""549"", ""BB OFFSET"": ""70"", ""FRONT ANGLE"": ""72°"", ""REAR ANGLE"": ""74°"", ""WHEEL BASE"": ""1005"", ""FRONT WHEEL BB"": ""369""}",1799,false,https://www.megamo.com/es/bicicletas/carretera/nevo/nevo-30-(26),https://www.megamo.com/es/bicicletas/carretera/nevo/nevo-30-(26),html,2026-10-05
Megamo,NEVO 30 [2e39a819],NEVO 30,2026,carretera,L,L,,,,,,568,397,"{""T/T"": ""560"", ""C/S"": ""420"", ""S/T"": ""530"", ""H/T"": ""170"", ""REACH"": ""397"", ""STACK"": ""568"", ""BB OFFSET"": ""70"", ""FRONT ANGLE"": ""72°"", ""REAR ANGLE"": ""74°"", ""WHEEL BASE"": ""1020"", ""FRONT WHEEL BB"": ""369""}",1799,false,https://www.megamo.com/es/bicicletas/carretera/nevo/nevo-30-(26),https://www.megamo.com/es/bicicletas/carretera/nevo/nevo-30-(26),html,2026-10-05
Megamo,NEVO 30 [2e39a819],NEVO 30,2026,carretera,XL,XL,,,,,,596,403,"{""T/T"": ""580"", ""C/S"": ""420"", ""S/T"": ""580"", ""H/T"": ""200"", ""REACH"": ""403"", ""STACK"": ""596"", ""BB OFFSET"": ""70"", ""FRONT ANGLE"": ""72°"", ""REAR ANGLE"": ""73.5°"", ""WHEEL BASE"": ""1036"", ""FRONT WHEEL BB"": ""369""}",1799,false,https://www.megamo.com/es/bicicletas/carretera/nevo/nevo-30-(26),https://www.megamo.com/es/bicicletas/carretera/nevo/nevo-30-(26),html,2026-10-05
Megamo,MEGAMO SILK [7603a225],MEGAMO SILK 00 SLR,2027,gravel,XS,XS,,,,,,516,372,"{""T/T"": ""515"", ""C/S"": ""425"", ""S/T"": ""450"", ""H/T"": ""90"", ""REACH"": ""372"", ""STACK"": ""516"", ""BB OFFSET"": ""70"", ""FRONT ANGLE"": ""70º"", ""REAR ANGLE"": ""74,5º"", ""WHEEL BASE"": ""1000"", ""WIDTH HOODS"": ""360"", ""WIDTH DROPS"": ""410"", ""STEM LENGTH"": ""70"", ""REACH/DROP"": ""75/125"", ""STEM ANGLE"": ""10º"", ""FLARE"": ""8º"", ""GPS HOLES"": ""21"", ""HOLES TO FRONT"": ""25""}",8999,false,https://www.megamo.com/es/bicicletas/gravel/megamo-silk/megamo-silk-00-slr-(27),https://www.megamo.com/es/bicicletas/gravel/megamo-silk/megamo-silk-00-slr-(27),html,2026-10-05
Megamo,MEGAMO SILK [7603a225],MEGAMO SILK 00 SLR,2027,gravel,S,S,,,,,,535,382,"{""T/T"": ""535"", ""C/S"": ""425"", ""S/T"": ""470"", ""H/T"": ""110"", ""REACH"": ""382"", ""STACK"": ""535"", ""BB OFFSET"": ""70"", ""FRONT ANGLE"": ""70º"", ""REAR ANGLE"": ""74º"", ""WHEEL BASE"": ""1017"", ""WIDTH HOODS"": ""360"", ""WIDTH DROPS"": ""410"", ""STEM LENGTH"": ""80"", ""REACH/DROP"": ""75/125"", ""STEM ANGLE"": ""10º"", ""FLARE"": ""8º"", ""GPS HOLES"": ""21"", ""HOLES TO FRONT"": ""25""}",8999,false,https://www.megamo.com/es/bicicletas/gravel/megamo-silk/megamo-silk-00-slr-(27),https://www.megamo.com/es/bicicletas/gravel/megamo-silk/megamo-silk-00-slr-(27),html,2026-10-05
Megamo,MEGAMO SILK [7603a225],MEGAMO SILK 00 SLR,2027,gravel,M,M,,,,,,557,395,"{""T/T"": ""555"", ""C/S"": ""425"", ""S/T"": ""500"", ""H/T"": ""130"", ""REACH"": ""395"", ""STACK"": ""557"", ""BB OFFSET"": ""71"", ""FRONT ANGLE"": ""71º"", ""REAR ANGLE"": ""74º"", ""WHEEL BASE"": ""1029"", ""WIDTH HOODS"": ""360"", ""WIDTH DROPS"": ""410"", ""STEM LENGTH"": ""90"", ""REACH/DROP"": ""75/125"", ""STEM ANGLE"": ""10º"", ""FLARE"": ""8º"", ""GPS HOLES"": ""21"", ""HOLES TO FRONT"": ""25""}",8999,false,https://www.megamo.com/es/bicicletas/gravel/megamo-silk/megamo-silk-00-slr-(27),https://www.megamo.com/es/bicicletas/gravel/megamo-silk/megamo-silk-00-slr-(27),html,2026-10-05
Megamo,MEGAMO SILK [7603a225],MEGAMO SILK 00 SLR,2027,gravel,L,L,,,,,,581,408,"{""T/T"": ""580"", ""C/S"": ""425"", ""S/T"": ""520"", ""H/T"": ""155"", ""REACH"": ""408"", ""STACK"": ""581"", ""BB OFFSET"": ""71"", ""FRONT ANGLE"": ""71º"", ""REAR ANGLE"": ""73,5º"", ""WHEEL BASE"": ""1050"", ""WIDTH HOODS"": ""380"", ""WIDTH DROPS"": ""430"", ""STEM LENGTH"": ""100"", ""REACH/DROP"": ""75/125"", ""STEM ANGLE"": ""10º"", ""FLARE"": ""8º"", ""GPS HOLES"": ""21"", ""HOLES TO FRONT"": ""25""}",8999,false,https://www.megamo.com/es/bicicletas/gravel/megamo-silk/megamo-silk-00-slr-(27),https://www.megamo.com/es/bicicletas/gravel/megamo-silk/megamo-silk-00-slr-(27),html,2026-10-05
Megamo,MEGAMO SILK [7603a225],MEGAMO SILK 00 SLR,2027,gravel,XL,XL,,,,,,605,416,"{""T/T"": ""595"", ""C/S"": ""425"", ""S/T"": ""545"", ""H/T"": ""180"", ""REACH"": ""416"", ""STACK"": ""605"", ""BB OFFSET"": ""71"", ""FRONT ANGLE"": ""71º"", ""REAR ANGLE"": ""73,5º"", ""WHEEL BASE"": ""1066"", ""WIDTH HOODS"": ""380"", ""WIDTH DROPS"": ""430"", ""STEM LENGTH"": ""110"", ""REACH/DROP"": ""75/125"", ""STEM ANGLE"": ""10º"", ""FLARE"": ""8º"", ""GPS HOLES"": ""21"", ""HOLES TO FRONT"": ""25""}",8999,false,https://www.megamo.com/es/bicicletas/gravel/megamo-silk/megamo-silk-00-slr-(27),https://www.megamo.com/es/bicicletas/gravel/megamo-silk/megamo-silk-00-slr-(27),html,2026-10-05
Megamo,MEGAMO SILK [7603a225],MEGAMO SILK 01 SLR,2027,gravel,XS,XS,,,,,,516,372,"{""T/T"": ""515"", ""C/S"": ""425"", ""S/T"": ""450"", ""H/T"": ""90"", ""REACH"": ""372"", ""STACK"": ""516"", ""BB OFFSET"": ""70"", ""FRONT ANGLE"": ""70º"", ""REAR ANGLE"": ""74,5º"", ""WHEEL BASE"": ""1000"", ""WIDTH HOODS"": ""360"", ""WIDTH DROPS"": ""410"", ""STEM LENGTH"": ""70"", ""REACH/DROP"": ""75/125"", ""STEM ANGLE"": ""10º"", ""FLARE"": ""8º"", ""GPS HOLES"": ""21"", ""HOLES TO FRONT"": ""25""}",5999,false,https://www.megamo.com/es/bicicletas/gravel/megamo-silk/megamo-silk-01-slr-(27),https://www.megamo.com/es/bicicletas/gravel/megamo-silk/megamo-silk-01-slr-(27),html,2026-10-05
Megamo,MEGAMO SILK [7603a225],MEGAMO SILK 01 SLR,2027,gravel,S,S,,,,,,535,382,"{""T/T"": ""535"", ""C/S"": ""425"", ""S/T"": ""470"", ""H/T"": ""110"", ""REACH"": ""382"", ""STACK"": ""535"", ""BB OFFSET"": ""70"", ""FRONT ANGLE"": ""70º"", ""REAR ANGLE"": ""74º"", ""WHEEL BASE"": ""1017"", ""WIDTH HOODS"": ""360"", ""WIDTH DROPS"": ""410"", ""STEM LENGTH"": ""80"", ""REACH/DROP"": ""75/125"", ""STEM ANGLE"": ""10º"", ""FLARE"": ""8º"", ""GPS HOLES"": ""21"", ""HOLES TO FRONT"": ""25""}",5999,false,https://www.megamo.com/es/bicicletas/gravel/megamo-silk/megamo-silk-01-slr-(27),https://www.megamo.com/es/bicicletas/gravel/megamo-silk/megamo-silk-01-slr-(27),html,2026-10-05
Megamo,MEGAMO SILK [7603a225],MEGAMO SILK 01 SLR,2027,gravel,M,M,,,,,,557,395,"{""T/T"": ""555"", ""C/S"": ""425"", ""S/T"": ""500"", ""H/T"": ""130"", ""REACH"": ""395"", ""STACK"": ""557"", ""BB OFFSET"": ""71"", ""FRONT ANGLE"": ""71º"", ""REAR ANGLE"": ""74º"", ""WHEEL BASE"": ""1029"", ""WIDTH HOODS"": ""360"", ""WIDTH DROPS"": ""410"", ""STEM LENGTH"": ""90"", ""REACH/DROP"": ""75/125"", ""STEM ANGLE"": ""10º"", ""FLARE"": ""8º"", ""GPS HOLES"": ""21"", ""HOLES TO FRONT"": ""25""}",5999,false,https://www.megamo.com/es/bicicletas/gravel/megamo-silk/megamo-silk-01-slr-(27),https://www.megamo.com/es/bicicletas/gravel/megamo-silk/megamo-silk-01-slr-(27),html,2026-10-05
Megamo,MEGAMO SILK [7603a225],MEGAMO SILK 01 SLR,2027,gravel,L,L,,,,,,581,408,"{""T/T"": ""580"", ""C/S"": ""425"", ""S/T"": ""520"", ""H/T"": ""155"", ""REACH"": ""408"", ""STACK"": ""581"", ""BB OFFSET"": ""71"", ""FRONT ANGLE"": ""71º"", ""REAR ANGLE"": ""73,5º"", ""WHEEL BASE"": ""1050"", ""WIDTH HOODS"": ""380"", ""WIDTH DROPS"": ""430"", ""STEM LENGTH"": ""100"", ""REACH/DROP"": ""75/125"", ""STEM ANGLE"": ""10º"", ""FLARE"": ""8º"", ""GPS HOLES"": ""21"", ""HOLES TO FRONT"": ""25""}",5999,false,https://www.megamo.com/es/bicicletas/gravel/megamo-silk/megamo-silk-01-slr-(27),https://www.megamo.com/es/bicicletas/gravel/megamo-silk/megamo-silk-01-slr-(27),html,2026-10-05
Megamo,MEGAMO SILK [7603a225],MEGAMO SILK 01 SLR,2027,gravel,XL,XL,,,,,,605,416,"{""T/T"": ""595"", ""C/S"": ""425"", ""S/T"": ""545"", ""H/T"": ""180"", ""REACH"": ""416"", ""STACK"": ""605"", ""BB OFFSET"": ""71"", ""FRONT ANGLE"": ""71º"", ""REAR ANGLE"": ""73,5º"", ""WHEEL BASE"": ""1066"", ""WIDTH HOODS"": ""380"", ""WIDTH DROPS"": ""430"", ""STEM LENGTH"": ""110"", ""REACH/DROP"": ""75/125"", ""STEM ANGLE"": ""10º"", ""FLARE"": ""8º"", ""GPS HOLES"": ""21"", ""HOLES TO FRONT"": ""25""}",5999,false,https://www.megamo.com/es/bicicletas/gravel/megamo-silk/megamo-silk-01-slr-(27),https://www.megamo.com/es/bicicletas/gravel/megamo-silk/megamo-silk-01-slr-(27),html,2026-10-05
Megamo,MEGAMO SILK [7603a225],MEGAMO SILK 03 SLR,2027,gravel,XS,XS,,,,,,516,372,"{""T/T"": ""515"", ""C/S"": ""425"", ""S/T"": ""450"", ""H/T"": ""90"", ""REACH"": ""372"", ""STACK"": ""516"", ""BB OFFSET"": ""70"", ""FRONT ANGLE"": ""70º"", ""REAR ANGLE"": ""74,5º"", ""WHEEL BASE"": ""1000"", ""WIDTH HOODS"": ""360"", ""WIDTH DROPS"": ""410"", ""STEM LENGTH"": ""70"", ""REACH/DROP"": ""75/125"", ""STEM ANGLE"": ""10º"", ""FLARE"": ""8º"", ""GPS HOLES"": ""21"", ""HOLES TO FRONT"": ""25""}",4999,false,https://www.megamo.com/es/bicicletas/gravel/megamo-silk/megamo-silk-03-slr-(27),https://www.megamo.com/es/bicicletas/gravel/megamo-silk/megamo-silk-03-slr-(27),html,2026-10-05
Megamo,MEGAMO SILK [7603a225],MEGAMO SILK 03 SLR,2027,gravel,S,S,,,,,,535,382,"{""T/T"": ""535"", ""C/S"": ""425"", ""S/T"": ""470"", ""H/T"": ""110"", ""REACH"": ""382"", ""STACK"": ""535"", ""BB OFFSET"": ""70"", ""FRONT ANGLE"": ""70º"", ""REAR ANGLE"": ""74º"", ""WHEEL BASE"": ""1017"", ""WIDTH HOODS"": ""360"", ""WIDTH DROPS"": ""410"", ""STEM LENGTH"": ""80"", ""REACH/DROP"": ""75/125"", ""STEM ANGLE"": ""10º"", ""FLARE"": ""8º"", ""GPS HOLES"": ""21"", ""HOLES TO FRONT"": ""25""}",4999,false,https://www.megamo.com/es/bicicletas/gravel/megamo-silk/megamo-silk-03-slr-(27),https://www.megamo.com/es/bicicletas/gravel/megamo-silk/megamo-silk-03-slr-(27),html,2026-10-05
Megamo,MEGAMO SILK [7603a225],MEGAMO SILK 03 SLR,2027,gravel,M,M,,,,,,557,395,"{""T/T"": ""555"", ""C/S"": ""425"", ""S/T"": ""500"", ""H/T"": ""130"", ""REACH"": ""395"", ""STACK"": ""557"", ""BB OFFSET"": ""71"", ""FRONT ANGLE"": ""71º"", ""REAR ANGLE"": ""74º"", ""WHEEL BASE"": ""1029"", ""WIDTH HOODS"": ""360"", ""WIDTH DROPS"": ""410"", ""STEM LENGTH"": ""90"", ""REACH/DROP"": ""75/125"", ""STEM ANGLE"": ""10º"", ""FLARE"": ""8º"", ""GPS HOLES"": ""21"", ""HOLES TO FRONT"": ""25""}",4999,false,https://www.megamo.com/es/bicicletas/gravel/megamo-silk/megamo-silk-03-slr-(27),https://www.megamo.com/es/bicicletas/gravel/megamo-silk/megamo-silk-03-slr-(27),html,2026-10-05
Megamo,MEGAMO SILK [7603a225],MEGAMO SILK 03 SLR,2027,gravel,L,L,,,,,,581,408,"{""T/T"": ""580"", ""C/S"": ""425"", ""S/T"": ""520"", ""H/T"": ""155"", ""REACH"": ""408"", ""STACK"": ""581"", ""BB OFFSET"": ""71"", ""FRONT ANGLE"": ""71º"", ""REAR ANGLE"": ""73,5º"", ""WHEEL BASE"": ""1050"", ""WIDTH HOODS"": ""380"", ""WIDTH DROPS"": ""430"", ""STEM LENGTH"": ""100"", ""REACH/DROP"": ""75/125"", ""STEM ANGLE"": ""10º"", ""FLARE"": ""8º"", ""GPS HOLES"": ""21"", ""HOLES TO FRONT"": ""25""}",4999,false,https://www.megamo.com/es/bicicletas/gravel/megamo-silk/megamo-silk-03-slr-(27),https://www.megamo.com/es/bicicletas/gravel/megamo-silk/megamo-silk-03-slr-(27),html,2026-10-05
Megamo,MEGAMO SILK [7603a225],MEGAMO SILK 03 SLR,2027,gravel,XL,XL,,,,,,605,416,"{""T/T"": ""595"", ""C/S"": ""425"", ""S/T"": ""545"", ""H/T"": ""180"", ""REACH"": ""416"", ""STACK"": ""605"", ""BB OFFSET"": ""71"", ""FRONT ANGLE"": ""71º"", ""REAR ANGLE"": ""73,5º"", ""WHEEL BASE"": ""1066"", ""WIDTH HOODS"": ""380"", ""WIDTH DROPS"": ""430"", ""STEM LENGTH"": ""110"", ""REACH/DROP"": ""75/125"", ""STEM ANGLE"": ""10º"", ""FLARE"": ""8º"", ""GPS HOLES"": ""21"", ""HOLES TO FRONT"": ""25""}",4999,false,https://www.megamo.com/es/bicicletas/gravel/megamo-silk/megamo-silk-03-slr-(27),https://www.megamo.com/es/bicicletas/gravel/megamo-silk/megamo-silk-03-slr-(27),html,2026-10-05
Megamo,MEGAMO SILK [7603a225],MEGAMO SILK 04 SLR,2027,gravel,XS,XS,,,,,,516,372,"{""T/T"": ""515"", ""C/S"": ""425"", ""S/T"": ""450"", ""H/T"": ""90"", ""REACH"": ""372"", ""STACK"": ""516"", ""BB OFFSET"": ""70"", ""FRONT ANGLE"": ""70º"", ""REAR ANGLE"": ""74,5º"", ""WHEEL BASE"": ""1000"", ""WIDTH HOODS"": ""360"", ""WIDTH DROPS"": ""410"", ""STEM LENGTH"": ""70"", ""REACH/DROP"": ""75/125"", ""STEM ANGLE"": ""10º"", ""FLARE"": ""8º"", ""GPS HOLES"": ""21"", ""HOLES TO FRONT"": ""25""}",3999,false,https://www.megamo.com/es/bicicletas/gravel/megamo-silk/megamo-silk-04-slr-(27),https://www.megamo.com/es/bicicletas/gravel/megamo-silk/megamo-silk-04-slr-(27),html,2026-10-05
Megamo,MEGAMO SILK [7603a225],MEGAMO SILK 04 SLR,2027,gravel,S,S,,,,,,535,382,"{""T/T"": ""535"", ""C/S"": ""425"", ""S/T"": ""470"", ""H/T"": ""110"", ""REACH"": ""382"", ""STACK"": ""535"", ""BB OFFSET"": ""70"", ""FRONT ANGLE"": ""70º"", ""REAR ANGLE"": ""74º"", ""WHEEL BASE"": ""1017"", ""WIDTH HOODS"": ""360"", ""WIDTH DROPS"": ""410"", ""STEM LENGTH"": ""80"", ""REACH/DROP"": ""75/125"", ""STEM ANGLE"": ""10º"", ""FLARE"": ""8º"", ""GPS HOLES"": ""21"", ""HOLES TO FRONT"": ""25""}",3999,false,https://www.megamo.com/es/bicicletas/gravel/megamo-silk/megamo-silk-04-slr-(27),https://www.megamo.com/es/bicicletas/gravel/megamo-silk/megamo-silk-04-slr-(27),html,2026-10-05
Megamo,MEGAMO SILK [7603a225],MEGAMO SILK 04 SLR,2027,gravel,M,M,,,,,,557,395,"{""T/T"": ""555"", ""C/S"": ""425"", ""S/T"": ""500"", ""H/T"": ""130"", ""REACH"": ""395"", ""STACK"": ""557"", ""BB OFFSET"": ""71"", ""FRONT ANGLE"": ""71º"", ""REAR ANGLE"": ""74º"", ""WHEEL BASE"": ""1029"", ""WIDTH HOODS"": ""360"", ""WIDTH DROPS"": ""410"", ""STEM LENGTH"": ""90"", ""REACH/DROP"": ""75/125"", ""STEM ANGLE"": ""10º"", ""FLARE"": ""8º"", ""GPS HOLES"": ""21"", ""HOLES TO FRONT"": ""25""}",3999,false,https://www.megamo.com/es/bicicletas/gravel/megamo-silk/megamo-silk-04-slr-(27),https://www.megamo.com/es/bicicletas/gravel/megamo-silk/megamo-silk-04-slr-(27),html,2026-10-05
Megamo,MEGAMO SILK [7603a225],MEGAMO SILK 04 SLR,2027,gravel,L,L,,,,,,581,408,"{""T/T"": ""580"", ""C/S"": ""425"", ""S/T"": ""520"", ""H/T"": ""155"", ""REACH"": ""408"", ""STACK"": ""581"", ""BB OFFSET"": ""71"", ""FRONT ANGLE"": ""71º"", ""REAR ANGLE"": ""73,5º"", ""WHEEL BASE"": ""1050"", ""WIDTH HOODS"": ""380"", ""WIDTH DROPS"": ""430"", ""STEM LENGTH"": ""100"", ""REACH/DROP"": ""75/125"", ""STEM ANGLE"": ""10º"", ""FLARE"": ""8º"", ""GPS HOLES"": ""21"", ""HOLES TO FRONT"": ""25""}",3999,false,https://www.megamo.com/es/bicicletas/gravel/megamo-silk/megamo-silk-04-slr-(27),https://www.megamo.com/es/bicicletas/gravel/megamo-silk/megamo-silk-04-slr-(27),html,2026-10-05
Megamo,MEGAMO SILK [7603a225],MEGAMO SILK 04 SLR,2027,gravel,XL,XL,,,,,,605,416,"{""T/T"": ""595"", ""C/S"": ""425"", ""S/T"": ""545"", ""H/T"": ""180"", ""REACH"": ""416"", ""STACK"": ""605"", ""BB OFFSET"": ""71"", ""FRONT ANGLE"": ""71º"", ""REAR ANGLE"": ""73,5º"", ""WHEEL BASE"": ""1066"", ""WIDTH HOODS"": ""380"", ""WIDTH DROPS"": ""430"", ""STEM LENGTH"": ""110"", ""REACH/DROP"": ""75/125"", ""STEM ANGLE"": ""10º"", ""FLARE"": ""8º"", ""GPS HOLES"": ""21"", ""HOLES TO FRONT"": ""25""}",3999,false,https://www.megamo.com/es/bicicletas/gravel/megamo-silk/megamo-silk-04-slr-(27),https://www.megamo.com/es/bicicletas/gravel/megamo-silk/megamo-silk-04-slr-(27),html,2026-10-05
Megamo,MEGAMO SILK [7603a225],MEGAMO SILK 05 SLR,2027,gravel,XS,XS,,,,,,516,372,"{""T/T"": ""515"", ""C/S"": ""425"", ""S/T"": ""450"", ""H/T"": ""90"", ""REACH"": ""372"", ""STACK"": ""516"", ""BB OFFSET"": ""70"", ""FRONT ANGLE"": ""70º"", ""REAR ANGLE"": ""74,5º"", ""WHEEL BASE"": ""1000"", ""WIDTH HOODS"": ""360"", ""WIDTH DROPS"": ""410"", ""STEM LENGTH"": ""70"", ""REACH/DROP"": ""75/125"", ""STEM ANGLE"": ""10º"", ""FLARE"": ""8º"", ""GPS HOLES"": ""21"", ""HOLES TO FRONT"": ""25""}",3999,false,https://www.megamo.com/es/bicicletas/gravel/megamo-silk/megamo-silk-05-slr-(27),https://www.megamo.com/es/bicicletas/gravel/megamo-silk/megamo-silk-05-slr-(27),html,2026-10-05
Megamo,MEGAMO SILK [7603a225],MEGAMO SILK 05 SLR,2027,gravel,S,S,,,,,,535,382,"{""T/T"": ""535"", ""C/S"": ""425"", ""S/T"": ""470"", ""H/T"": ""110"", ""REACH"": ""382"", ""STACK"": ""535"", ""BB OFFSET"": ""70"", ""FRONT ANGLE"": ""70º"", ""REAR ANGLE"": ""74º"", ""WHEEL BASE"": ""1017"", ""WIDTH HOODS"": ""360"", ""WIDTH DROPS"": ""410"", ""STEM LENGTH"": ""80"", ""REACH/DROP"": ""75/125"", ""STEM ANGLE"": ""10º"", ""FLARE"": ""8º"", ""GPS HOLES"": ""21"", ""HOLES TO FRONT"": ""25""}",3999,false,https://www.megamo.com/es/bicicletas/gravel/megamo-silk/megamo-silk-05-slr-(27),https://www.megamo.com/es/bicicletas/gravel/megamo-silk/megamo-silk-05-slr-(27),html,2026-10-05
Megamo,MEGAMO SILK [7603a225],MEGAMO SILK 05 SLR,2027,gravel,M,M,,,,,,557,395,"{""T/T"": ""555"", ""C/S"": ""425"", ""S/T"": ""500"", ""H/T"": ""130"", ""REACH"": ""395"", ""STACK"": ""557"", ""BB OFFSET"": ""71"", ""FRONT ANGLE"": ""71º"", ""REAR ANGLE"": ""74º"", ""WHEEL BASE"": ""1029"", ""WIDTH HOODS"": ""360"", ""WIDTH DROPS"": ""410"", ""STEM LENGTH"": ""90"", ""REACH/DROP"": ""75/125"", ""STEM ANGLE"": ""10º"", ""FLARE"": ""8º"", ""GPS HOLES"": ""21"", ""HOLES TO FRONT"": ""25""}",3999,false,https://www.megamo.com/es/bicicletas/gravel/megamo-silk/megamo-silk-05-slr-(27),https://www.megamo.com/es/bicicletas/gravel/megamo-silk/megamo-silk-05-slr-(27),html,2026-10-05
Megamo,MEGAMO SILK [7603a225],MEGAMO SILK 05 SLR,2027,gravel,L,L,,,,,,581,408,"{""T/T"": ""580"", ""C/S"": ""425"", ""S/T"": ""520"", ""H/T"": ""155"", ""REACH"": ""408"", ""STACK"": ""581"", ""BB OFFSET"": ""71"", ""FRONT ANGLE"": ""71º"", ""REAR ANGLE"": ""73,5º"", ""WHEEL BASE"": ""1050"", ""WIDTH HOODS"": ""380"", ""WIDTH DROPS"": ""430"", ""STEM LENGTH"": ""100"", ""REACH/DROP"": ""75/125"", ""STEM ANGLE"": ""10º"", ""FLARE"": ""8º"", ""GPS HOLES"": ""21"", ""HOLES TO FRONT"": ""25""}",3999,false,https://www.megamo.com/es/bicicletas/gravel/megamo-silk/megamo-silk-05-slr-(27),https://www.megamo.com/es/bicicletas/gravel/megamo-silk/megamo-silk-05-slr-(27),html,2026-10-05
Megamo,MEGAMO SILK [7603a225],MEGAMO SILK 05 SLR,2027,gravel,XL,XL,,,,,,605,416,"{""T/T"": ""595"", ""C/S"": ""425"", ""S/T"": ""545"", ""H/T"": ""180"", ""REACH"": ""416"", ""STACK"": ""605"", ""BB OFFSET"": ""71"", ""FRONT ANGLE"": ""71º"", ""REAR ANGLE"": ""73,5º"", ""WHEEL BASE"": ""1066"", ""WIDTH HOODS"": ""380"", ""WIDTH DROPS"": ""430"", ""STEM LENGTH"": ""110"", ""REACH/DROP"": ""75/125"", ""STEM ANGLE"": ""10º"", ""FLARE"": ""8º"", ""GPS HOLES"": ""21"", ""HOLES TO FRONT"": ""25""}",3999,false,https://www.megamo.com/es/bicicletas/gravel/megamo-silk/megamo-silk-05-slr-(27),https://www.megamo.com/es/bicicletas/gravel/megamo-silk/megamo-silk-05-slr-(27),html,2026-10-05
Megamo,MEGAMO SILK [7603a225],MEGAMO SILK 06,2027,gravel,XS,XS,,,,,,516,372,"{""T/T"": ""515"", ""C/S"": ""425"", ""S/T"": ""450"", ""H/T"": ""90"", ""REACH"": ""372"", ""STACK"": ""516"", ""BB OFFSET"": ""70"", ""FRONT ANGLE"": ""70º"", ""REAR ANGLE"": ""74,5º"", ""WHEEL BASE"": ""1000"", ""WIDTH HOODS"": ""360"", ""WIDTH DROPS"": ""410"", ""STEM LENGTH"": ""70"", ""REACH/DROP"": ""75/125"", ""STEM ANGLE"": ""10º"", ""FLARE"": ""8º"", ""GPS HOLES"": ""21"", ""HOLES TO FRONT"": ""25""}",3299,false,https://www.megamo.com/es/bicicletas/gravel/megamo-silk/megamo-silk-06-(27),https://www.megamo.com/es/bicicletas/gravel/megamo-silk/megamo-silk-06-(27),html,2026-10-05
Megamo,MEGAMO SILK [7603a225],MEGAMO SILK 06,2027,gravel,S,S,,,,,,535,382,"{""T/T"": ""535"", ""C/S"": ""425"", ""S/T"": ""470"", ""H/T"": ""110"", ""REACH"": ""382"", ""STACK"": ""535"", ""BB OFFSET"": ""70"", ""FRONT ANGLE"": ""70º"", ""REAR ANGLE"": ""74º"", ""WHEEL BASE"": ""1017"", ""WIDTH HOODS"": ""360"", ""WIDTH DROPS"": ""410"", ""STEM LENGTH"": ""80"", ""REACH/DROP"": ""75/125"", ""STEM ANGLE"": ""10º"", ""FLARE"": ""8º"", ""GPS HOLES"": ""21"", ""HOLES TO FRONT"": ""25""}",3299,false,https://www.megamo.com/es/bicicletas/gravel/megamo-silk/megamo-silk-06-(27),https://www.megamo.com/es/bicicletas/gravel/megamo-silk/megamo-silk-06-(27),html,2026-10-05
Megamo,MEGAMO SILK [7603a225],MEGAMO SILK 06,2027,gravel,M,M,,,,,,557,395,"{""T/T"": ""555"", ""C/S"": ""425"", ""S/T"": ""500"", ""H/T"": ""130"", ""REACH"": ""395"", ""STACK"": ""557"", ""BB OFFSET"": ""71"", ""FRONT ANGLE"": ""71º"", ""REAR ANGLE"": ""74º"", ""WHEEL BASE"": ""1029"", ""WIDTH HOODS"": ""360"", ""WIDTH DROPS"": ""410"", ""STEM LENGTH"": ""90"", ""REACH/DROP"": ""75/125"", ""STEM ANGLE"": ""10º"", ""FLARE"": ""8º"", ""GPS HOLES"": ""21"", ""HOLES TO FRONT"": ""25""}",3299,false,https://www.megamo.com/es/bicicletas/gravel/megamo-silk/megamo-silk-06-(27),https://www.megamo.com/es/bicicletas/gravel/megamo-silk/megamo-silk-06-(27),html,2026-10-05
Megamo,MEGAMO SILK [7603a225],MEGAMO SILK 06,2027,gravel,L,L,,,,,,581,408,"{""T/T"": ""580"", ""C/S"": ""425"", ""S/T"": ""520"", ""H/T"": ""155"", ""REACH"": ""408"", ""STACK"": ""581"", ""BB OFFSET"": ""71"", ""FRONT ANGLE"": ""71º"", ""REAR ANGLE"": ""73,5º"", ""WHEEL BASE"": ""1050"", ""WIDTH HOODS"": ""380"", ""WIDTH DROPS"": ""430"", ""STEM LENGTH"": ""100"", ""REACH/DROP"": ""75/125"", ""STEM ANGLE"": ""10º"", ""FLARE"": ""8º"", ""GPS HOLES"": ""21"", ""HOLES TO FRONT"": ""25""}",3299,false,https://www.megamo.com/es/bicicletas/gravel/megamo-silk/megamo-silk-06-(27),https://www.megamo.com/es/bicicletas/gravel/megamo-silk/megamo-silk-06-(27),html,2026-10-05
Megamo,MEGAMO SILK [7603a225],MEGAMO SILK 06,2027,gravel,XL,XL,,,,,,605,416,"{""T/T"": ""595"", ""C/S"": ""425"", ""S/T"": ""545"", ""H/T"": ""180"", ""REACH"": ""416"", ""STACK"": ""605"", ""BB OFFSET"": ""71"", ""FRONT ANGLE"": ""71º"", ""REAR ANGLE"": ""73,5º"", ""WHEEL BASE"": ""1066"", ""WIDTH HOODS"": ""380"", ""WIDTH DROPS"": ""430"", ""STEM LENGTH"": ""110"", ""REACH/DROP"": ""75/125"", ""STEM ANGLE"": ""10º"", ""FLARE"": ""8º"", ""GPS HOLES"": ""21"", ""HOLES TO FRONT"": ""25""}",3299,false,https://www.megamo.com/es/bicicletas/gravel/megamo-silk/megamo-silk-06-(27),https://www.megamo.com/es/bicicletas/gravel/megamo-silk/megamo-silk-06-(27),html,2026-10-05
Megamo,MEGAMO SILK [7603a225],MEGAMO SILK 07,2027,gravel,XS,XS,,,,,,516,372,"{""T/T"": ""515"", ""C/S"": ""425"", ""S/T"": ""450"", ""H/T"": ""90"", ""REACH"": ""372"", ""STACK"": ""516"", ""BB OFFSET"": ""70"", ""FRONT ANGLE"": ""70º"", ""REAR ANGLE"": ""74,5º"", ""WHEEL BASE"": ""1000"", ""WIDTH HOODS"": ""360"", ""WIDTH DROPS"": ""410"", ""STEM LENGTH"": ""70"", ""REACH/DROP"": ""75/125"", ""STEM ANGLE"": ""10º"", ""FLARE"": ""8º"", ""GPS HOLES"": ""21"", ""HOLES TO FRONT"": ""25""}",2999,false,https://www.megamo.com/es/bicicletas/gravel/megamo-silk/megamo-silk-07-(27),https://www.megamo.com/es/bicicletas/gravel/megamo-silk/megamo-silk-07-(27),html,2026-10-05
Megamo,MEGAMO SILK [7603a225],MEGAMO SILK 07,2027,gravel,S,S,,,,,,535,382,"{""T/T"": ""535"", ""C/S"": ""425"", ""S/T"": ""470"", ""H/T"": ""110"", ""REACH"": ""382"", ""STACK"": ""535"", ""BB OFFSET"": ""70"", ""FRONT ANGLE"": ""70º"", ""REAR ANGLE"": ""74º"", ""WHEEL BASE"": ""1017"", ""WIDTH HOODS"": ""360"", ""WIDTH DROPS"": ""410"", ""STEM LENGTH"": ""80"", ""REACH/DROP"": ""75/125"", ""STEM ANGLE"": ""10º"", ""FLARE"": ""8º"", ""GPS HOLES"": ""21"", ""HOLES TO FRONT"": ""25""}",2999,false,https://www.megamo.com/es/bicicletas/gravel/megamo-silk/megamo-silk-07-(27),https://www.megamo.com/es/bicicletas/gravel/megamo-silk/megamo-silk-07-(27),html,2026-10-05
Megamo,MEGAMO SILK [7603a225],MEGAMO SILK 07,2027,gravel,M,M,,,,,,557,395,"{""T/T"": ""555"", ""C/S"": ""425"", ""S/T"": ""500"", ""H/T"": ""130"", ""REACH"": ""395"", ""STACK"": ""557"", ""BB OFFSET"": ""71"", ""FRONT ANGLE"": ""71º"", ""REAR ANGLE"": ""74º"", ""WHEEL BASE"": ""1029"", ""WIDTH HOODS"": ""360"", ""WIDTH DROPS"": ""410"", ""STEM LENGTH"": ""90"", ""REACH/DROP"": ""75/125"", ""STEM ANGLE"": ""10º"", ""FLARE"": ""8º"", ""GPS HOLES"": ""21"", ""HOLES TO FRONT"": ""25""}",2999,false,https://www.megamo.com/es/bicicletas/gravel/megamo-silk/megamo-silk-07-(27),https://www.megamo.com/es/bicicletas/gravel/megamo-silk/megamo-silk-07-(27),html,2026-10-05
Megamo,MEGAMO SILK [7603a225],MEGAMO SILK 07,2027,gravel,L,L,,,,,,581,408,"{""T/T"": ""580"", ""C/S"": ""425"", ""S/T"": ""520"", ""H/T"": ""155"", ""REACH"": ""408"", ""STACK"": ""581"", ""BB OFFSET"": ""71"", ""FRONT ANGLE"": ""71º"", ""REAR ANGLE"": ""73,5º"", ""WHEEL BASE"": ""1050"", ""WIDTH HOODS"": ""380"", ""WIDTH DROPS"": ""430"", ""STEM LENGTH"": ""100"", ""REACH/DROP"": ""75/125"", ""STEM ANGLE"": ""10º"", ""FLARE"": ""8º"", ""GPS HOLES"": ""21"", ""HOLES TO FRONT"": ""25""}",2999,false,https://www.megamo.com/es/bicicletas/gravel/megamo-silk/megamo-silk-07-(27),https://www.megamo.com/es/bicicletas/gravel/megamo-silk/megamo-silk-07-(27),html,2026-10-05
Megamo,MEGAMO SILK [7603a225],MEGAMO SILK 07,2027,gravel,XL,XL,,,,,,605,416,"{""T/T"": ""595"", ""C/S"": ""425"", ""S/T"": ""545"", ""H/T"": ""180"", ""REACH"": ""416"", ""STACK"": ""605"", ""BB OFFSET"": ""71"", ""FRONT ANGLE"": ""71º"", ""REAR ANGLE"": ""73,5º"", ""WHEEL BASE"": ""1066"", ""WIDTH HOODS"": ""380"", ""WIDTH DROPS"": ""430"", ""STEM LENGTH"": ""110"", ""REACH/DROP"": ""75/125"", ""STEM ANGLE"": ""10º"", ""FLARE"": ""8º"", ""GPS HOLES"": ""21"", ""HOLES TO FRONT"": ""25""}",2999,false,https://www.megamo.com/es/bicicletas/gravel/megamo-silk/megamo-silk-07-(27),https://www.megamo.com/es/bicicletas/gravel/megamo-silk/megamo-silk-07-(27),html,2026-10-05
Megamo,MEGAMO SILK [7603a225],MEGAMO SILK 02,2026,gravel,XS,XS,,,,,,516,372,"{""T/T"": ""515"", ""C/S"": ""425"", ""S/T"": ""450"", ""H/T"": ""90"", ""REACH"": ""372"", ""STACK"": ""516"", ""BB OFFSET"": ""70"", ""FRONT ANGLE"": ""70º"", ""REAR ANGLE"": ""74,5º"", ""WHEEL BASE"": ""1000"", ""WIDTH HOODS"": ""360"", ""WIDTH DROPS"": ""410"", ""STEM LENGTH"": ""70"", ""REACH/DROP"": ""75/125"", ""STEM ANGLE"": ""10º"", ""FLARE"": ""8º"", ""GPS HOLES"": ""21"", ""HOLES TO FRONT"": ""25""}",5399,false,https://www.megamo.com/es/bicicletas/gravel/megamo-silk/megamo-silk-02-(26),https://www.megamo.com/es/bicicletas/gravel/megamo-silk/megamo-silk-02-(26),html,2026-10-05
Megamo,MEGAMO SILK [7603a225],MEGAMO SILK 02,2026,gravel,S,S,,,,,,535,382,"{""T/T"": ""535"", ""C/S"": ""425"", ""S/T"": ""470"", ""H/T"": ""110"", ""REACH"": ""382"", ""STACK"": ""535"", ""BB OFFSET"": ""70"", ""FRONT ANGLE"": ""70º"", ""REAR ANGLE"": ""74º"", ""WHEEL BASE"": ""1017"", ""WIDTH HOODS"": ""360"", ""WIDTH DROPS"": ""410"", ""STEM LENGTH"": ""80"", ""REACH/DROP"": ""75/125"", ""STEM ANGLE"": ""10º"", ""FLARE"": ""8º"", ""GPS HOLES"": ""21"", ""HOLES TO FRONT"": ""25""}",5399,false,https://www.megamo.com/es/bicicletas/gravel/megamo-silk/megamo-silk-02-(26),https://www.megamo.com/es/bicicletas/gravel/megamo-silk/megamo-silk-02-(26),html,2026-10-05
Megamo,MEGAMO SILK [7603a225],MEGAMO SILK 02,2026,gravel,M,M,,,,,,557,395,"{""T/T"": ""555"", ""C/S"": ""425"", ""S/T"": ""500"", ""H/T"": ""130"", ""REACH"": ""395"", ""STACK"": ""557"", ""BB OFFSET"": ""71"", ""FRONT ANGLE"": ""71º"", ""REAR ANGLE"": ""74º"", ""WHEEL BASE"": ""1029"", ""WIDTH HOODS"": ""360"", ""WIDTH DROPS"": ""410"", ""STEM LENGTH"": ""90"", ""REACH/DROP"": ""75/125"", ""STEM ANGLE"": ""10º"", ""FLARE"": ""8º"", ""GPS HOLES"": ""21"", ""HOLES TO FRONT"": ""25""}",5399,false,https://www.megamo.com/es/bicicletas/gravel/megamo-silk/megamo-silk-02-(26),https://www.megamo.com/es/bicicletas/gravel/megamo-silk/megamo-silk-02-(26),html,2026-10-05
Megamo,MEGAMO SILK [7603a225],MEGAMO SILK 02,2026,gravel,L,L,,,,,,581,408,"{""T/T"": ""580"", ""C/S"": ""425"", ""S/T"": ""520"", ""H/T"": ""155"", ""REACH"": ""408"", ""STACK"": ""581"", ""BB OFFSET"": ""71"", ""FRONT ANGLE"": ""71º"", ""REAR ANGLE"": ""73,5º"", ""WHEEL BASE"": ""1050"", ""WIDTH HOODS"": ""380"", ""WIDTH DROPS"": ""430"", ""STEM LENGTH"": ""100"", ""REACH/DROP"": ""75/125"", ""STEM ANGLE"": ""10º"", ""FLARE"": ""8º"", ""GPS HOLES"": ""21"", ""HOLES TO FRONT"": ""25""}",5399,false,https://www.megamo.com/es/bicicletas/gravel/megamo-silk/megamo-silk-02-(26),https://www.megamo.com/es/bicicletas/gravel/megamo-silk/megamo-silk-02-(26),html,2026-10-05
Megamo,MEGAMO SILK [7603a225],MEGAMO SILK 02,2026,gravel,XL,XL,,,,,,605,416,"{""T/T"": ""595"", ""C/S"": ""425"", ""S/T"": ""545"", ""H/T"": ""180"", ""REACH"": ""416"", ""STACK"": ""605"", ""BB OFFSET"": ""71"", ""FRONT ANGLE"": ""71º"", ""REAR ANGLE"": ""73,5º"", ""WHEEL BASE"": ""1066"", ""WIDTH HOODS"": ""380"", ""WIDTH DROPS"": ""430"", ""STEM LENGTH"": ""110"", ""REACH/DROP"": ""75/125"", ""STEM ANGLE"": ""10º"", ""FLARE"": ""8º"", ""GPS HOLES"": ""21"", ""HOLES TO FRONT"": ""25""}",5399,false,https://www.megamo.com/es/bicicletas/gravel/megamo-silk/megamo-silk-02-(26),https://www.megamo.com/es/bicicletas/gravel/megamo-silk/megamo-silk-02-(26),html,2026-10-05
Megamo,MEGAMO SILK [7603a225],MEGAMO SILK 04,2026,gravel,XS,XS,,,,,,516,372,"{""T/T"": ""515"", ""C/S"": ""425"", ""S/T"": ""450"", ""H/T"": ""90"", ""REACH"": ""372"", ""STACK"": ""516"", ""BB OFFSET"": ""70"", ""FRONT ANGLE"": ""70º"", ""REAR ANGLE"": ""74,5º"", ""WHEEL BASE"": ""1000"", ""WIDTH HOODS"": ""360"", ""WIDTH DROPS"": ""410"", ""STEM LENGTH"": ""70"", ""REACH/DROP"": ""75/125"", ""STEM ANGLE"": ""10º"", ""FLARE"": ""8º"", ""GPS HOLES"": ""21"", ""HOLES TO FRONT"": ""25""}",3999,false,https://www.megamo.com/es/bicicletas/gravel/megamo-silk/megamo-silk-04-(26),https://www.megamo.com/es/bicicletas/gravel/megamo-silk/megamo-silk-04-(26),html,2026-10-05
Megamo,MEGAMO SILK [7603a225],MEGAMO SILK 04,2026,gravel,S,S,,,,,,535,382,"{""T/T"": ""535"", ""C/S"": ""425"", ""S/T"": ""470"", ""H/T"": ""110"", ""REACH"": ""382"", ""STACK"": ""535"", ""BB OFFSET"": ""70"", ""FRONT ANGLE"": ""70º"", ""REAR ANGLE"": ""74º"", ""WHEEL BASE"": ""1017"", ""WIDTH HOODS"": ""360"", ""WIDTH DROPS"": ""410"", ""STEM LENGTH"": ""80"", ""REACH/DROP"": ""75/125"", ""STEM ANGLE"": ""10º"", ""FLARE"": ""8º"", ""GPS HOLES"": ""21"", ""HOLES TO FRONT"": ""25""}",3999,false,https://www.megamo.com/es/bicicletas/gravel/megamo-silk/megamo-silk-04-(26),https://www.megamo.com/es/bicicletas/gravel/megamo-silk/megamo-silk-04-(26),html,2026-10-05
Megamo,MEGAMO SILK [7603a225],MEGAMO SILK 04,2026,gravel,M,M,,,,,,557,395,"{""T/T"": ""555"", ""C/S"": ""425"", ""S/T"": ""500"", ""H/T"": ""130"", ""REACH"": ""395"", ""STACK"": ""557"", ""BB OFFSET"": ""71"", ""FRONT ANGLE"": ""71º"", ""REAR ANGLE"": ""74º"", ""WHEEL BASE"": ""1029"", ""WIDTH HOODS"": ""360"", ""WIDTH DROPS"": ""410"", ""STEM LENGTH"": ""90"", ""REACH/DROP"": ""75/125"", ""STEM ANGLE"": ""10º"", ""FLARE"": ""8º"", ""GPS HOLES"": ""21"", ""HOLES TO FRONT"": ""25""}",3999,false,https://www.megamo.com/es/bicicletas/gravel/megamo-silk/megamo-silk-04-(26),https://www.megamo.com/es/bicicletas/gravel/megamo-silk/megamo-silk-04-(26),html,2026-10-05
Megamo,MEGAMO SILK [7603a225],MEGAMO SILK 04,2026,gravel,L,L,,,,,,581,408,"{""T/T"": ""580"", ""C/S"": ""425"", ""S/T"": ""520"", ""H/T"": ""155"", ""REACH"": ""408"", ""STACK"": ""581"", ""BB OFFSET"": ""71"", ""FRONT ANGLE"": ""71º"", ""REAR ANGLE"": ""73,5º"", ""WHEEL BASE"": ""1050"", ""WIDTH HOODS"": ""380"", ""WIDTH DROPS"": ""430"", ""STEM LENGTH"": ""100"", ""REACH/DROP"": ""75/125"", ""STEM ANGLE"": ""10º"", ""FLARE"": ""8º"", ""GPS HOLES"": ""21"", ""HOLES TO FRONT"": ""25""}",3999,false,https://www.megamo.com/es/bicicletas/gravel/megamo-silk/megamo-silk-04-(26),https://www.megamo.com/es/bicicletas/gravel/megamo-silk/megamo-silk-04-(26),html,2026-10-05
Megamo,MEGAMO SILK [7603a225],MEGAMO SILK 04,2026,gravel,XL,XL,,,,,,605,416,"{""T/T"": ""595"", ""C/S"": ""425"", ""S/T"": ""545"", ""H/T"": ""180"", ""REACH"": ""416"", ""STACK"": ""605"", ""BB OFFSET"": ""71"", ""FRONT ANGLE"": ""71º"", ""REAR ANGLE"": ""73,5º"", ""WHEEL BASE"": ""1066"", ""WIDTH HOODS"": ""380"", ""WIDTH DROPS"": ""430"", ""STEM LENGTH"": ""110"", ""REACH/DROP"": ""75/125"", ""STEM ANGLE"": ""10º"", ""FLARE"": ""8º"", ""GPS HOLES"": ""21"", ""HOLES TO FRONT"": ""25""}",3999,false,https://www.megamo.com/es/bicicletas/gravel/megamo-silk/megamo-silk-04-(26),https://www.megamo.com/es/bicicletas/gravel/megamo-silk/megamo-silk-04-(26),html,2026-10-05
Megamo,WEST [edce1209],WEST 01,2027,gravel,XS,XS,,,,,,548,378,"{""T/T"": ""530"", ""C/S"": ""430"", ""S/T"": ""450"", ""H/T"": ""120"", ""REACH"": ""378"", ""STACK"": ""548"", ""BB OFFSET"": ""77"", ""FRONT ANGLE"": ""69.5°"", ""REAR ANGLE"": ""74,5º"", ""WHEEL BASE"": ""1031"", ""FRONT WHEEL BB"": ""400"", ""STEM LENGTH"": ""70"", ""WIDTH HOODS"": ""380"", ""WIDTH DROPS"": ""470"", ""REACH/DROP"": ""75/120"", ""STEM ANGLE"": ""-6º"", ""FLARE"": ""16º""}",5999,false,https://www.megamo.com/es/bicicletas/gravel/west/west-01-(27),https://www.megamo.com/es/bicicletas/gravel/west/west-01-(27),html,2026-10-05
Megamo,WEST [edce1209],WEST 01,2027,gravel,S,S,,,,,,563,391,"{""T/T"": ""550"", ""C/S"": ""430"", ""S/T"": ""470"", ""H/T"": ""135"", ""REACH"": ""391"", ""STACK"": ""563"", ""BB OFFSET"": ""77"", ""FRONT ANGLE"": ""69.75°"", ""REAR ANGLE"": ""74,25º"", ""WHEEL BASE"": ""1047"", ""FRONT WHEEL BB"": ""400"", ""STEM LENGTH"": ""90"", ""WIDTH HOODS"": ""410"", ""WIDTH DROPS"": ""500"", ""REACH/DROP"": ""75/120"", ""STEM ANGLE"": ""-6º"", ""FLARE"": ""16º""}",5999,false,https://www.megamo.com/es/bicicletas/gravel/west/west-01-(27),https://www.megamo.com/es/bicicletas/gravel/west/west-01-(27),html,2026-10-05
Megamo,WEST [edce1209],WEST 01,2027,gravel,M,M,,,,,,576,400,"{""T/T"": ""565"", ""C/S"": ""430"", ""S/T"": ""490"", ""H/T"": ""150"", ""REACH"": ""400"", ""STACK"": ""576"", ""BB OFFSET"": ""75"", ""FRONT ANGLE"": ""70º"", ""REAR ANGLE"": ""74º"", ""WHEEL BASE"": ""1059"", ""FRONT WHEEL BB"": ""400"", ""STEM LENGTH"": ""110"", ""WIDTH HOODS"": ""440"", ""WIDTH DROPS"": ""530"", ""REACH/DROP"": ""75/120"", ""STEM ANGLE"": ""-6º"", ""FLARE"": ""16º""}",5999,false,https://www.megamo.com/es/bicicletas/gravel/west/west-01-(27),https://www.megamo.com/es/bicicletas/gravel/west/west-01-(27),html,2026-10-05
Megamo,WEST [edce1209],WEST 01,2027,gravel,L,L,,,,,,600,405,"{""T/T"": ""580"", ""C/S"": ""430"", ""S/T"": ""510"", ""H/T"": ""175"", ""REACH"": ""405"", ""STACK"": ""600"", ""BB OFFSET"": ""75"", ""FRONT ANGLE"": ""70.25°"", ""REAR ANGLE"": ""73,75º"", ""WHEEL BASE"": ""1070"", ""FRONT WHEEL BB"": ""400"", ""STEM LENGTH"": """", ""WIDTH HOODS"": """", ""WIDTH DROPS"": """", ""REACH/DROP"": """", ""STEM ANGLE"": """", ""FLARE"": """"}",5999,false,https://www.megamo.com/es/bicicletas/gravel/west/west-01-(27),https://www.megamo.com/es/bicicletas/gravel/west/west-01-(27),html,2026-10-05
Megamo,WEST [edce1209],WEST 01,2027,gravel,XL,XL,,,,,,625,415,"{""T/T"": ""600"", ""C/S"": ""430"", ""S/T"": ""530"", ""H/T"": ""200"", ""REACH"": ""415"", ""STACK"": ""625"", ""BB OFFSET"": ""75"", ""FRONT ANGLE"": ""70.5°"", ""REAR ANGLE"": ""73,5º"", ""WHEEL BASE"": ""1086"", ""FRONT WHEEL BB"": ""400"", ""STEM LENGTH"": """", ""WIDTH HOODS"": """", ""WIDTH DROPS"": """", ""REACH/DROP"": """", ""STEM ANGLE"": """", ""FLARE"": """"}",5999,false,https://www.megamo.com/es/bicicletas/gravel/west/west-01-(27),https://www.megamo.com/es/bicicletas/gravel/west/west-01-(27),html,2026-10-05
Megamo,WEST [edce1209],WEST 03,2027,gravel,XS,XS,,,,,,548,378,"{""T/T"": ""530"", ""C/S"": ""430"", ""S/T"": ""450"", ""H/T"": ""120"", ""REACH"": ""378"", ""STACK"": ""548"", ""BB OFFSET"": ""77"", ""FRONT ANGLE"": ""69.5°"", ""REAR ANGLE"": ""74,5º"", ""WHEEL BASE"": ""1031"", ""FRONT WHEEL BB"": ""400"", ""STEM LENGTH"": ""70"", ""WIDTH HOODS"": ""380"", ""WIDTH DROPS"": ""470"", ""REACH/DROP"": ""75/120"", ""STEM ANGLE"": ""-6º"", ""FLARE"": ""16º""}",4799,false,https://www.megamo.com/es/bicicletas/gravel/west/west-03-(27),https://www.megamo.com/es/bicicletas/gravel/west/west-03-(27),html,2026-10-05
Megamo,WEST [edce1209],WEST 03,2027,gravel,S,S,,,,,,563,391,"{""T/T"": ""550"", ""C/S"": ""430"", ""S/T"": ""470"", ""H/T"": ""135"", ""REACH"": ""391"", ""STACK"": ""563"", ""BB OFFSET"": ""77"", ""FRONT ANGLE"": ""69.75°"", ""REAR ANGLE"": ""74,25º"", ""WHEEL BASE"": ""1047"", ""FRONT WHEEL BB"": ""400"", ""STEM LENGTH"": ""90"", ""WIDTH HOODS"": ""410"", ""WIDTH DROPS"": ""500"", ""REACH/DROP"": ""75/120"", ""STEM ANGLE"": ""-6º"", ""FLARE"": ""16º""}",4799,false,https://www.megamo.com/es/bicicletas/gravel/west/west-03-(27),https://www.megamo.com/es/bicicletas/gravel/west/west-03-(27),html,2026-10-05
Megamo,WEST [edce1209],WEST 03,2027,gravel,M,M,,,,,,576,400,"{""T/T"": ""565"", ""C/S"": ""430"", ""S/T"": ""490"", ""H/T"": ""150"", ""REACH"": ""400"", ""STACK"": ""576"", ""BB OFFSET"": ""75"", ""FRONT ANGLE"": ""70º"", ""REAR ANGLE"": ""74º"", ""WHEEL BASE"": ""1059"", ""FRONT WHEEL BB"": ""400"", ""STEM LENGTH"": ""110"", ""WIDTH HOODS"": ""440"", ""WIDTH DROPS"": ""530"", ""REACH/DROP"": ""75/120"", ""STEM ANGLE"": ""-6º"", ""FLARE"": ""16º""}",4799,false,https://www.megamo.com/es/bicicletas/gravel/west/west-03-(27),https://www.megamo.com/es/bicicletas/gravel/west/west-03-(27),html,2026-10-05
Megamo,WEST [edce1209],WEST 03,2027,gravel,L,L,,,,,,600,405,"{""T/T"": ""580"", ""C/S"": ""430"", ""S/T"": ""510"", ""H/T"": ""175"", ""REACH"": ""405"", ""STACK"": ""600"", ""BB OFFSET"": ""75"", ""FRONT ANGLE"": ""70.25°"", ""REAR ANGLE"": ""73,75º"", ""WHEEL BASE"": ""1070"", ""FRONT WHEEL BB"": ""400"", ""STEM LENGTH"": """", ""WIDTH HOODS"": """", ""WIDTH DROPS"": """", ""REACH/DROP"": """", ""STEM ANGLE"": """", ""FLARE"": """"}",4799,false,https://www.megamo.com/es/bicicletas/gravel/west/west-03-(27),https://www.megamo.com/es/bicicletas/gravel/west/west-03-(27),html,2026-10-05
Megamo,WEST [edce1209],WEST 03,2027,gravel,XL,XL,,,,,,625,415,"{""T/T"": ""600"", ""C/S"": ""430"", ""S/T"": ""530"", ""H/T"": ""200"", ""REACH"": ""415"", ""STACK"": ""625"", ""BB OFFSET"": ""75"", ""FRONT ANGLE"": ""70.5°"", ""REAR ANGLE"": ""73,5º"", ""WHEEL BASE"": ""1086"", ""FRONT WHEEL BB"": ""400"", ""STEM LENGTH"": """", ""WIDTH HOODS"": """", ""WIDTH DROPS"": """", ""REACH/DROP"": """", ""STEM ANGLE"": """", ""FLARE"": """"}",4799,false,https://www.megamo.com/es/bicicletas/gravel/west/west-03-(27),https://www.megamo.com/es/bicicletas/gravel/west/west-03-(27),html,2026-10-05
Megamo,WEST [edce1209],WEST 05,2027,gravel,XS,XS,,,,,,548,378,"{""T/T"": ""530"", ""C/S"": ""430"", ""S/T"": ""450"", ""H/T"": ""120"", ""REACH"": ""378"", ""STACK"": ""548"", ""BB OFFSET"": ""77"", ""FRONT ANGLE"": ""69.5°"", ""REAR ANGLE"": ""74,5º"", ""WHEEL BASE"": ""1031"", ""FRONT WHEEL BB"": ""400"", ""STEM LENGTH"": ""70"", ""WIDTH HOODS"": ""380"", ""WIDTH DROPS"": ""470"", ""REACH/DROP"": ""75/120"", ""STEM ANGLE"": ""-6º"", ""FLARE"": ""16º""}",2999,false,https://www.megamo.com/es/bicicletas/gravel/west/west-05-(27),https://www.megamo.com/es/bicicletas/gravel/west/west-05-(27),html,2026-10-05
Megamo,WEST [edce1209],WEST 05,2027,gravel,S,S,,,,,,563,391,"{""T/T"": ""550"", ""C/S"": ""430"", ""S/T"": ""470"", ""H/T"": ""135"", ""REACH"": ""391"", ""STACK"": ""563"", ""BB OFFSET"": ""77"", ""FRONT ANGLE"": ""69.75°"", ""REAR ANGLE"": ""74,25º"", ""WHEEL BASE"": ""1047"", ""FRONT WHEEL BB"": ""400"", ""STEM LENGTH"": ""90"", ""WIDTH HOODS"": ""410"", ""WIDTH DROPS"": ""500"", ""REACH/DROP"": ""75/120"", ""STEM ANGLE"": ""-6º"", ""FLARE"": ""16º""}",2999,false,https://www.megamo.com/es/bicicletas/gravel/west/west-05-(27),https://www.megamo.com/es/bicicletas/gravel/west/west-05-(27),html,2026-10-05
Megamo,WEST [edce1209],WEST 05,2027,gravel,M,M,,,,,,576,400,"{""T/T"": ""565"", ""C/S"": ""430"", ""S/T"": ""490"", ""H/T"": ""150"", ""REACH"": ""400"", ""STACK"": ""576"", ""BB OFFSET"": ""75"", ""FRONT ANGLE"": ""70º"", ""REAR ANGLE"": ""74º"", ""WHEEL BASE"": ""1059"", ""FRONT WHEEL BB"": ""400"", ""STEM LENGTH"": ""110"", ""WIDTH HOODS"": ""440"", ""WIDTH DROPS"": ""530"", ""REACH/DROP"": ""75/120"", ""STEM ANGLE"": ""-6º"", ""FLARE"": ""16º""}",2999,false,https://www.megamo.com/es/bicicletas/gravel/west/west-05-(27),https://www.megamo.com/es/bicicletas/gravel/west/west-05-(27),html,2026-10-05
Megamo,WEST [edce1209],WEST 05,2027,gravel,L,L,,,,,,600,405,"{""T/T"": ""580"", ""C/S"": ""430"", ""S/T"": ""510"", ""H/T"": ""175"", ""REACH"": ""405"", ""STACK"": ""600"", ""BB OFFSET"": ""75"", ""FRONT ANGLE"": ""70.25°"", ""REAR ANGLE"": ""73,75º"", ""WHEEL BASE"": ""1070"", ""FRONT WHEEL BB"": ""400"", ""STEM LENGTH"": """", ""WIDTH HOODS"": """", ""WIDTH DROPS"": """", ""REACH/DROP"": """", ""STEM ANGLE"": """", ""FLARE"": """"}",2999,false,https://www.megamo.com/es/bicicletas/gravel/west/west-05-(27),https://www.megamo.com/es/bicicletas/gravel/west/west-05-(27),html,2026-10-05
Megamo,WEST [edce1209],WEST 05,2027,gravel,XL,XL,,,,,,625,415,"{""T/T"": ""600"", ""C/S"": ""430"", ""S/T"": ""530"", ""H/T"": ""200"", ""REACH"": ""415"", ""STACK"": ""625"", ""BB OFFSET"": ""75"", ""FRONT ANGLE"": ""70.5°"", ""REAR ANGLE"": ""73,5º"", ""WHEEL BASE"": ""1086"", ""FRONT WHEEL BB"": ""400"", ""STEM LENGTH"": """", ""WIDTH HOODS"": """", ""WIDTH DROPS"": """", ""REACH/DROP"": """", ""STEM ANGLE"": """", ""FLARE"": """"}",2999,false,https://www.megamo.com/es/bicicletas/gravel/west/west-05-(27),https://www.megamo.com/es/bicicletas/gravel/west/west-05-(27),html,2026-10-05
Megamo,WEST [edce1209],WEST 10,2027,gravel,XS,XS,,,,,,548,378,"{""T/T"": ""530"", ""C/S"": ""430"", ""S/T"": ""450"", ""H/T"": ""120"", ""REACH"": ""378"", ""STACK"": ""548"", ""BB OFFSET"": ""77"", ""FRONT ANGLE"": ""69.5°"", ""REAR ANGLE"": ""74,5º"", ""WHEEL BASE"": ""1031"", ""FRONT WHEEL BB"": ""400"", ""STEM LENGTH"": ""70"", ""WIDTH HOODS"": ""380"", ""WIDTH DROPS"": ""470"", ""REACH/DROP"": ""75/120"", ""STEM ANGLE"": ""-6º"", ""FLARE"": ""16º""}",2499,false,https://www.megamo.com/es/bicicletas/gravel/west/west-10-(27),https://www.megamo.com/es/bicicletas/gravel/west/west-10-(27),html,2026-10-05
Megamo,WEST [edce1209],WEST 10,2027,gravel,S,S,,,,,,563,391,"{""T/T"": ""550"", ""C/S"": ""430"", ""S/T"": ""470"", ""H/T"": ""135"", ""REACH"": ""391"", ""STACK"": ""563"", ""BB OFFSET"": ""77"", ""FRONT ANGLE"": ""69.75°"", ""REAR ANGLE"": ""74,25º"", ""WHEEL BASE"": ""1047"", ""FRONT WHEEL BB"": ""400"", ""STEM LENGTH"": ""90"", ""WIDTH HOODS"": ""410"", ""WIDTH DROPS"": ""500"", ""REACH/DROP"": ""75/120"", ""STEM ANGLE"": ""-6º"", ""FLARE"": ""16º""}",2499,false,https://www.megamo.com/es/bicicletas/gravel/west/west-10-(27),https://www.megamo.com/es/bicicletas/gravel/west/west-10-(27),html,2026-10-05
Megamo,WEST [edce1209],WEST 10,2027,gravel,M,M,,,,,,576,400,"{""T/T"": ""565"", ""C/S"": ""430"", ""S/T"": ""490"", ""H/T"": ""150"", ""REACH"": ""400"", ""STACK"": ""576"", ""BB OFFSET"": ""75"", ""FRONT ANGLE"": ""70º"", ""REAR ANGLE"": ""74º"", ""WHEEL BASE"": ""1059"", ""FRONT WHEEL BB"": ""400"", ""STEM LENGTH"": ""110"", ""WIDTH HOODS"": ""440"", ""WIDTH DROPS"": ""530"", ""REACH/DROP"": ""75/120"", ""STEM ANGLE"": ""-6º"", ""FLARE"": ""16º""}",2499,false,https://www.megamo.com/es/bicicletas/gravel/west/west-10-(27),https://www.megamo.com/es/bicicletas/gravel/west/west-10-(27),html,2026-10-05
Megamo,WEST [edce1209],WEST 10,2027,gravel,L,L,,,,,,600,405,"{""T/T"": ""580"", ""C/S"": ""430"", ""S/T"": ""510"", ""H/T"": ""175"", ""REACH"": ""405"", ""STACK"": ""600"", ""BB OFFSET"": ""75"", ""FRONT ANGLE"": ""70.25°"", ""REAR ANGLE"": ""73,75º"", ""WHEEL BASE"": ""1070"", ""FRONT WHEEL BB"": ""400"", ""STEM LENGTH"": """", ""WIDTH HOODS"": """", ""WIDTH DROPS"": """", ""REACH/DROP"": """", ""STEM ANGLE"": """", ""FLARE"": """"}",2499,false,https://www.megamo.com/es/bicicletas/gravel/west/west-10-(27),https://www.megamo.com/es/bicicletas/gravel/west/west-10-(27),html,2026-10-05
Megamo,WEST [edce1209],WEST 10,2027,gravel,XL,XL,,,,,,625,415,"{""T/T"": ""600"", ""C/S"": ""430"", ""S/T"": ""530"", ""H/T"": ""200"", ""REACH"": ""415"", ""STACK"": ""625"", ""BB OFFSET"": ""75"", ""FRONT ANGLE"": ""70.5°"", ""REAR ANGLE"": ""73,5º"", ""WHEEL BASE"": ""1086"", ""FRONT WHEEL BB"": ""400"", ""STEM LENGTH"": """", ""WIDTH HOODS"": """", ""WIDTH DROPS"": """", ""REACH/DROP"": """", ""STEM ANGLE"": """", ""FLARE"": """"}",2499,false,https://www.megamo.com/es/bicicletas/gravel/west/west-10-(27),https://www.megamo.com/es/bicicletas/gravel/west/west-10-(27),html,2026-10-05
Megamo,WEST [edce1209],WEST 15,2027,gravel,XS,XS,,,,,,548,378,"{""T/T"": ""530"", ""C/S"": ""430"", ""S/T"": ""450"", ""H/T"": ""120"", ""REACH"": ""378"", ""STACK"": ""548"", ""BB OFFSET"": ""77"", ""FRONT ANGLE"": ""69.5°"", ""REAR ANGLE"": ""74,5º"", ""WHEEL BASE"": ""1031"", ""FRONT WHEEL BB"": ""400"", ""STEM LENGTH"": ""70"", ""WIDTH HOODS"": ""380"", ""WIDTH DROPS"": ""470"", ""REACH/DROP"": ""75/120"", ""STEM ANGLE"": ""-6º"", ""FLARE"": ""16º""}",2399,false,https://www.megamo.com/es/bicicletas/gravel/west/west-15-(27),https://www.megamo.com/es/bicicletas/gravel/west/west-15-(27),html,2026-10-05
Megamo,WEST [edce1209],WEST 15,2027,gravel,S,S,,,,,,563,391,"{""T/T"": ""550"", ""C/S"": ""430"", ""S/T"": ""470"", ""H/T"": ""135"", ""REACH"": ""391"", ""STACK"": ""563"", ""BB OFFSET"": ""77"", ""FRONT ANGLE"": ""69.75°"", ""REAR ANGLE"": ""74,25º"", ""WHEEL BASE"": ""1047"", ""FRONT WHEEL BB"": ""400"", ""STEM LENGTH"": ""90"", ""WIDTH HOODS"": ""410"", ""WIDTH DROPS"": ""500"", ""REACH/DROP"": ""75/120"", ""STEM ANGLE"": ""-6º"", ""FLARE"": ""16º""}",2399,false,https://www.megamo.com/es/bicicletas/gravel/west/west-15-(27),https://www.megamo.com/es/bicicletas/gravel/west/west-15-(27),html,2026-10-05
Megamo,WEST [edce1209],WEST 15,2027,gravel,M,M,,,,,,576,400,"{""T/T"": ""565"", ""C/S"": ""430"", ""S/T"": ""490"", ""H/T"": ""150"", ""REACH"": ""400"", ""STACK"": ""576"", ""BB OFFSET"": ""75"", ""FRONT ANGLE"": ""70º"", ""REAR ANGLE"": ""74º"", ""WHEEL BASE"": ""1059"", ""FRONT WHEEL BB"": ""400"", ""STEM LENGTH"": ""110"", ""WIDTH HOODS"": ""440"", ""WIDTH DROPS"": ""530"", ""REACH/DROP"": ""75/120"", ""STEM ANGLE"": ""-6º"", ""FLARE"": ""16º""}",2399,false,https://www.megamo.com/es/bicicletas/gravel/west/west-15-(27),https://www.megamo.com/es/bicicletas/gravel/west/west-15-(27),html,2026-10-05
Megamo,WEST [edce1209],WEST 15,2027,gravel,L,L,,,,,,600,405,"{""T/T"": ""580"", ""C/S"": ""430"", ""S/T"": ""510"", ""H/T"": ""175"", ""REACH"": ""405"", ""STACK"": ""600"", ""BB OFFSET"": ""75"", ""FRONT ANGLE"": ""70.25°"", ""REAR ANGLE"": ""73,75º"", ""WHEEL BASE"": ""1070"", ""FRONT WHEEL BB"": ""400"", ""STEM LENGTH"": """", ""WIDTH HOODS"": """", ""WIDTH DROPS"": """", ""REACH/DROP"": """", ""STEM ANGLE"": """", ""FLARE"": """"}",2399,false,https://www.megamo.com/es/bicicletas/gravel/west/west-15-(27),https://www.megamo.com/es/bicicletas/gravel/west/west-15-(27),html,2026-10-05
Megamo,WEST [edce1209],WEST 15,2027,gravel,XL,XL,,,,,,625,415,"{""T/T"": ""600"", ""C/S"": ""430"", ""S/T"": ""530"", ""H/T"": ""200"", ""REACH"": ""415"", ""STACK"": ""625"", ""BB OFFSET"": ""75"", ""FRONT ANGLE"": ""70.5°"", ""REAR ANGLE"": ""73,5º"", ""WHEEL BASE"": ""1086"", ""FRONT WHEEL BB"": ""400"", ""STEM LENGTH"": """", ""WIDTH HOODS"": """", ""WIDTH DROPS"": """", ""REACH/DROP"": """", ""STEM ANGLE"": """", ""FLARE"": """"}",2399,false,https://www.megamo.com/es/bicicletas/gravel/west/west-15-(27),https://www.megamo.com/es/bicicletas/gravel/west/west-15-(27),html,2026-10-05
Megamo,WEST [edce1209],WEST 02,2026,gravel,XS,XS,,,,,,548,378,"{""T/T"": ""530"", ""C/S"": ""430"", ""S/T"": ""450"", ""H/T"": ""120"", ""REACH"": ""378"", ""STACK"": ""548"", ""BB OFFSET"": ""77"", ""FRONT ANGLE"": ""69.5°"", ""REAR ANGLE"": ""74,5º"", ""WHEEL BASE"": ""1031"", ""FRONT WHEEL BB"": ""400"", ""STEM LENGTH"": ""70"", ""WIDTH HOODS"": ""380"", ""WIDTH DROPS"": ""470"", ""REACH/DROP"": ""75/120"", ""STEM ANGLE"": ""-6º"", ""FLARE"": ""16º""}",5399,false,https://www.megamo.com/es/bicicletas/gravel/west/west-02-(26),https://www.megamo.com/es/bicicletas/gravel/west/west-02-(26),html,2026-10-05
Megamo,WEST [edce1209],WEST 02,2026,gravel,S,S,,,,,,563,391,"{""T/T"": ""550"", ""C/S"": ""430"", ""S/T"": ""470"", ""H/T"": ""135"", ""REACH"": ""391"", ""STACK"": ""563"", ""BB OFFSET"": ""77"", ""FRONT ANGLE"": ""69.75°"", ""REAR ANGLE"": ""74,25º"", ""WHEEL BASE"": ""1047"", ""FRONT WHEEL BB"": ""400"", ""STEM LENGTH"": ""90"", ""WIDTH HOODS"": ""410"", ""WIDTH DROPS"": ""500"", ""REACH/DROP"": ""75/120"", ""STEM ANGLE"": ""-6º"", ""FLARE"": ""16º""}",5399,false,https://www.megamo.com/es/bicicletas/gravel/west/west-02-(26),https://www.megamo.com/es/bicicletas/gravel/west/west-02-(26),html,2026-10-05
Megamo,WEST [edce1209],WEST 02,2026,gravel,M,M,,,,,,576,400,"{""T/T"": ""565"", ""C/S"": ""430"", ""S/T"": ""490"", ""H/T"": ""150"", ""REACH"": ""400"", ""STACK"": ""576"", ""BB OFFSET"": ""75"", ""FRONT ANGLE"": ""70º"", ""REAR ANGLE"": ""74º"", ""WHEEL BASE"": ""1059"", ""FRONT WHEEL BB"": ""400"", ""STEM LENGTH"": ""110"", ""WIDTH HOODS"": ""440"", ""WIDTH DROPS"": ""530"", ""REACH/DROP"": ""75/120"", ""STEM ANGLE"": ""-6º"", ""FLARE"": ""16º""}",5399,false,https://www.megamo.com/es/bicicletas/gravel/west/west-02-(26),https://www.megamo.com/es/bicicletas/gravel/west/west-02-(26),html,2026-10-05
Megamo,WEST [edce1209],WEST 02,2026,gravel,L,L,,,,,,600,405,"{""T/T"": ""580"", ""C/S"": ""430"", ""S/T"": ""510"", ""H/T"": ""175"", ""REACH"": ""405"", ""STACK"": ""600"", ""BB OFFSET"": ""75"", ""FRONT ANGLE"": ""70.25°"", ""REAR ANGLE"": ""73,75º"", ""WHEEL BASE"": ""1070"", ""FRONT WHEEL BB"": ""400"", ""STEM LENGTH"": """", ""WIDTH HOODS"": """", ""WIDTH DROPS"": """", ""REACH/DROP"": """", ""STEM ANGLE"": """", ""FLARE"": """"}",5399,false,https://www.megamo.com/es/bicicletas/gravel/west/west-02-(26),https://www.megamo.com/es/bicicletas/gravel/west/west-02-(26),html,2026-10-05
Megamo,WEST [edce1209],WEST 02,2026,gravel,XL,XL,,,,,,625,415,"{""T/T"": ""600"", ""C/S"": ""430"", ""S/T"": ""530"", ""H/T"": ""200"", ""REACH"": ""415"", ""STACK"": ""625"", ""BB OFFSET"": ""75"", ""FRONT ANGLE"": ""70.5°"", ""REAR ANGLE"": ""73,5º"", ""WHEEL BASE"": ""1086"", ""FRONT WHEEL BB"": ""400"", ""STEM LENGTH"": """", ""WIDTH HOODS"": """", ""WIDTH DROPS"": """", ""REACH/DROP"": """", ""STEM ANGLE"": """", ""FLARE"": """"}",5399,false,https://www.megamo.com/es/bicicletas/gravel/west/west-02-(26),https://www.megamo.com/es/bicicletas/gravel/west/west-02-(26),html,2026-10-05
Megamo,JAKAR [3e65aa58],JAKAR 20,2027,gravel,XS,XS,,,,,,529,347,"{""T/T"": ""494"", ""C/S"": ""430"", ""S/T"": ""415"", ""H/T"": ""105"", ""REACH"": ""347"", ""STACK"": ""529"", ""BB HEIGHT"": ""70"", ""FRONT ANGLE"": ""70º"", ""REAR ANGLE"": ""74.5º"", ""WHEEL BASE"": ""992"", ""FRONT WHEEL BB"": ""572""}",1699,false,https://www.megamo.com/es/bicicletas/gravel/jakar/jakar-20-(27),https://www.megamo.com/es/bicicletas/gravel/jakar/jakar-20-(27),html,2026-10-05
Megamo,JAKAR [3e65aa58],JAKAR 20,2027,gravel,S,S,,,,,,550,358,"{""T/T"": ""515"", ""C/S"": ""430"", ""S/T"": ""500"", ""H/T"": ""125"", ""REACH"": ""358"", ""STACK"": ""550"", ""BB HEIGHT"": ""70"", ""FRONT ANGLE"": ""70.5º"", ""REAR ANGLE"": ""74º"", ""WHEEL BASE"": ""1004"", ""FRONT WHEEL BB"": ""584""}",1699,false,https://www.megamo.com/es/bicicletas/gravel/jakar/jakar-20-(27),https://www.megamo.com/es/bicicletas/gravel/jakar/jakar-20-(27),html,2026-10-05
Megamo,JAKAR [3e65aa58],JAKAR 20,2027,gravel,M,M,,,,,,570,376,"{""T/T"": ""545"", ""C/S"": ""430"", ""S/T"": ""530"", ""H/T"": ""145"", ""REACH"": ""376"", ""STACK"": ""570"", ""BB HEIGHT"": ""70"", ""FRONT ANGLE"": ""71º"", ""REAR ANGLE"": ""73.5º"", ""WHEEL BASE"": ""1026"", ""FRONT WHEEL BB"": ""605""}",1699,false,https://www.megamo.com/es/bicicletas/gravel/jakar/jakar-20-(27),https://www.megamo.com/es/bicicletas/gravel/jakar/jakar-20-(27),html,2026-10-05
Megamo,JAKAR [3e65aa58],JAKAR 20,2027,gravel,L,L,,,,,,600,392,"{""T/T"": ""575"", ""C/S"": ""430"", ""S/T"": ""570"", ""H/T"": ""175"", ""REACH"": ""392"", ""STACK"": ""600"", ""BB HEIGHT"": ""70"", ""FRONT ANGLE"": ""71º"", ""REAR ANGLE"": ""73º"", ""WHEEL BASE"": ""1051"", ""FRONT WHEEL BB"": ""631""}",1699,false,https://www.megamo.com/es/bicicletas/gravel/jakar/jakar-20-(27),https://www.megamo.com/es/bicicletas/gravel/jakar/jakar-20-(27),html,2026-10-05
Megamo,JAKAR [3e65aa58],JAKAR 20,2027,gravel,XL,XL,,,,,,632,407,"{""T/T"": ""600"", ""C/S"": ""430"", ""S/T"": ""590"", ""H/T"": ""210"", ""REACH"": ""407"", ""STACK"": ""632"", ""BB HEIGHT"": ""70"", ""FRONT ANGLE"": ""71º"", ""REAR ANGLE"": ""73º"", ""WHEEL BASE"": ""1078"", ""FRONT WHEEL BB"": ""657""}",1699,false,https://www.megamo.com/es/bicicletas/gravel/jakar/jakar-20-(27),https://www.megamo.com/es/bicicletas/gravel/jakar/jakar-20-(27),html,2026-10-05
Megamo,JAKAR [3e65aa58],JAKAR 30,2027,gravel,XS,XS,,,,,,529,347,"{""T/T"": ""494"", ""C/S"": ""430"", ""S/T"": ""415"", ""H/T"": ""105"", ""REACH"": ""347"", ""STACK"": ""529"", ""BB HEIGHT"": ""70"", ""FRONT ANGLE"": ""70º"", ""REAR ANGLE"": ""74.5º"", ""WHEEL BASE"": ""992"", ""FRONT WHEEL BB"": ""572""}",1399,false,https://www.megamo.com/es/bicicletas/gravel/jakar/jakar-30-(27),https://www.megamo.com/es/bicicletas/gravel/jakar/jakar-30-(27),html,2026-10-05
Megamo,JAKAR [3e65aa58],JAKAR 30,2027,gravel,S,S,,,,,,550,358,"{""T/T"": ""515"", ""C/S"": ""430"", ""S/T"": ""500"", ""H/T"": ""125"", ""REACH"": ""358"", ""STACK"": ""550"", ""BB HEIGHT"": ""70"", ""FRONT ANGLE"": ""70.5º"", ""REAR ANGLE"": ""74º"", ""WHEEL BASE"": ""1004"", ""FRONT WHEEL BB"": ""584""}",1399,false,https://www.megamo.com/es/bicicletas/gravel/jakar/jakar-30-(27),https://www.megamo.com/es/bicicletas/gravel/jakar/jakar-30-(27),html,2026-10-05
Megamo,JAKAR [3e65aa58],JAKAR 30,2027,gravel,M,M,,,,,,570,376,"{""T/T"": ""545"", ""C/S"": ""430"", ""S/T"": ""530"", ""H/T"": ""145"", ""REACH"": ""376"", ""STACK"": ""570"", ""BB HEIGHT"": ""70"", ""FRONT ANGLE"": ""71º"", ""REAR ANGLE"": ""73.5º"", ""WHEEL BASE"": ""1026"", ""FRONT WHEEL BB"": ""605""}",1399,false,https://www.megamo.com/es/bicicletas/gravel/jakar/jakar-30-(27),https://www.megamo.com/es/bicicletas/gravel/jakar/jakar-30-(27),html,2026-10-05
Megamo,JAKAR [3e65aa58],JAKAR 30,2027,gravel,L,L,,,,,,600,392,"{""T/T"": ""575"", ""C/S"": ""430"", ""S/T"": ""570"", ""H/T"": ""175"", ""REACH"": ""392"", ""STACK"": ""600"", ""BB HEIGHT"": ""70"", ""FRONT ANGLE"": ""71º"", ""REAR ANGLE"": ""73º"", ""WHEEL BASE"": ""1051"", ""FRONT WHEEL BB"": ""631""}",1399,false,https://www.megamo.com/es/bicicletas/gravel/jakar/jakar-30-(27),https://www.megamo.com/es/bicicletas/gravel/jakar/jakar-30-(27),html,2026-10-05
Megamo,JAKAR [3e65aa58],JAKAR 30,2027,gravel,XL,XL,,,,,,632,407,"{""T/T"": ""600"", ""C/S"": ""430"", ""S/T"": ""590"", ""H/T"": ""210"", ""REACH"": ""407"", ""STACK"": ""632"", ""BB HEIGHT"": ""70"", ""FRONT ANGLE"": ""71º"", ""REAR ANGLE"": ""73º"", ""WHEEL BASE"": ""1078"", ""FRONT WHEEL BB"": ""657""}",1399,false,https://www.megamo.com/es/bicicletas/gravel/jakar/jakar-30-(27),https://www.megamo.com/es/bicicletas/gravel/jakar/jakar-30-(27),html,2026-10-05
Megamo,JAKAR [3e65aa58],JAKAR 30 FLAT-BAR,2027,gravel,XS,XS,,,,,,529,347,"{""T/T"": ""494"", ""C/S"": ""430"", ""S/T"": ""415"", ""H/T"": ""105"", ""REACH"": ""347"", ""STACK"": ""529"", ""BB HEIGHT"": ""70"", ""FRONT ANGLE"": ""70º"", ""REAR ANGLE"": ""74.5º"", ""WHEEL BASE"": ""992"", ""FRONT WHEEL BB"": ""572""}",999,false,https://www.megamo.com/es/bicicletas/gravel/jakar/jakar-30-flat-bar-(27),https://www.megamo.com/es/bicicletas/gravel/jakar/jakar-30-flat-bar-(27),html,2026-10-05
Megamo,JAKAR [3e65aa58],JAKAR 30 FLAT-BAR,2027,gravel,S,S,,,,,,550,358,"{""T/T"": ""515"", ""C/S"": ""430"", ""S/T"": ""500"", ""H/T"": ""125"", ""REACH"": ""358"", ""STACK"": ""550"", ""BB HEIGHT"": ""70"", ""FRONT ANGLE"": ""70.5º"", ""REAR ANGLE"": ""74º"", ""WHEEL BASE"": ""1004"", ""FRONT WHEEL BB"": ""584""}",999,false,https://www.megamo.com/es/bicicletas/gravel/jakar/jakar-30-flat-bar-(27),https://www.megamo.com/es/bicicletas/gravel/jakar/jakar-30-flat-bar-(27),html,2026-10-05
Megamo,JAKAR [3e65aa58],JAKAR 30 FLAT-BAR,2027,gravel,M,M,,,,,,570,376,"{""T/T"": ""545"", ""C/S"": ""430"", ""S/T"": ""530"", ""H/T"": ""145"", ""REACH"": ""376"", ""STACK"": ""570"", ""BB HEIGHT"": ""70"", ""FRONT ANGLE"": ""71º"", ""REAR ANGLE"": ""73.5º"", ""WHEEL BASE"": ""1026"", ""FRONT WHEEL BB"": ""605""}",999,false,https://www.megamo.com/es/bicicletas/gravel/jakar/jakar-30-flat-bar-(27),https://www.megamo.com/es/bicicletas/gravel/jakar/jakar-30-flat-bar-(27),html,2026-10-05
Megamo,JAKAR [3e65aa58],JAKAR 30 FLAT-BAR,2027,gravel,L,L,,,,,,600,392,"{""T/T"": ""575"", ""C/S"": ""430"", ""S/T"": ""570"", ""H/T"": ""175"", ""REACH"": ""392"", ""STACK"": ""600"", ""BB HEIGHT"": ""70"", ""FRONT ANGLE"": ""71º"", ""REAR ANGLE"": ""73º"", ""WHEEL BASE"": ""1051"", ""FRONT WHEEL BB"": ""631""}",999,false,https://www.megamo.com/es/bicicletas/gravel/jakar/jakar-30-flat-bar-(27),https://www.megamo.com/es/bicicletas/gravel/jakar/jakar-30-flat-bar-(27),html,2026-10-05
Megamo,JAKAR [3e65aa58],JAKAR 30 FLAT-BAR,2027,gravel,XL,XL,,,,,,632,407,"{""T/T"": ""600"", ""C/S"": ""430"", ""S/T"": ""590"", ""H/T"": ""210"", ""REACH"": ""407"", ""STACK"": ""632"", ""BB HEIGHT"": ""70"", ""FRONT ANGLE"": ""71º"", ""REAR ANGLE"": ""73º"", ""WHEEL BASE"": ""1078"", ""FRONT WHEEL BB"": ""657""}",999,false,https://www.megamo.com/es/bicicletas/gravel/jakar/jakar-30-flat-bar-(27),https://www.megamo.com/es/bicicletas/gravel/jakar/jakar-30-flat-bar-(27),html,2026-10-05
Megamo,JAKAR [3e65aa58],JAKAR 30 EQUIPPED,2026,gravel,XS,XS,,,,,,529,347,"{""T/T"": ""494"", ""C/S"": ""430"", ""S/T"": ""415"", ""H/T"": ""105"", ""REACH"": ""347"", ""STACK"": ""529"", ""BB HEIGHT"": ""70"", ""FRONT ANGLE"": ""70º"", ""REAR ANGLE"": ""74.5º"", ""WHEEL BASE"": ""992"", ""FRONT WHEEL BB"": ""572""}",1899,false,https://www.megamo.com/es/bicicletas/gravel/jakar/jakar-30-equipped-(26),https://www.megamo.com/es/bicicletas/gravel/jakar/jakar-30-equipped-(26),html,2026-10-05
Megamo,JAKAR [3e65aa58],JAKAR 30 EQUIPPED,2026,gravel,S,S,,,,,,550,358,"{""T/T"": ""515"", ""C/S"": ""430"", ""S/T"": ""500"", ""H/T"": ""125"", ""REACH"": ""358"", ""STACK"": ""550"", ""BB HEIGHT"": ""70"", ""FRONT ANGLE"": ""70.5º"", ""REAR ANGLE"": ""74º"", ""WHEEL BASE"": ""1004"", ""FRONT WHEEL BB"": ""584""}",1899,false,https://www.megamo.com/es/bicicletas/gravel/jakar/jakar-30-equipped-(26),https://www.megamo.com/es/bicicletas/gravel/jakar/jakar-30-equipped-(26),html,2026-10-05
Megamo,JAKAR [3e65aa58],JAKAR 30 EQUIPPED,2026,gravel,M,M,,,,,,570,376,"{""T/T"": ""545"", ""C/S"": ""430"", ""S/T"": ""530"", ""H/T"": ""145"", ""REACH"": ""376"", ""STACK"": ""570"", ""BB HEIGHT"": ""70"", ""FRONT ANGLE"": ""71º"", ""REAR ANGLE"": ""73.5º"", ""WHEEL BASE"": ""1026"", ""FRONT WHEEL BB"": ""605""}",1899,false,https://www.megamo.com/es/bicicletas/gravel/jakar/jakar-30-equipped-(26),https://www.megamo.com/es/bicicletas/gravel/jakar/jakar-30-equipped-(26),html,2026-10-05
Megamo,JAKAR [3e65aa58],JAKAR 30 EQUIPPED,2026,gravel,L,L,,,,,,600,392,"{""T/T"": ""575"", ""C/S"": ""430"", ""S/T"": ""570"", ""H/T"": ""175"", ""REACH"": ""392"", ""STACK"": ""600"", ""BB HEIGHT"": ""70"", ""FRONT ANGLE"": ""71º"", ""REAR ANGLE"": ""73º"", ""WHEEL BASE"": ""1051"", ""FRONT WHEEL BB"": ""631""}",1899,false,https://www.megamo.com/es/bicicletas/gravel/jakar/jakar-30-equipped-(26),https://www.megamo.com/es/bicicletas/gravel/jakar/jakar-30-equipped-(26),html,2026-10-05
Megamo,JAKAR [3e65aa58],JAKAR 30 EQUIPPED,2026,gravel,XL,XL,,,,,,632,407,"{""T/T"": ""600"", ""C/S"": ""430"", ""S/T"": ""590"", ""H/T"": ""210"", ""REACH"": ""407"", ""STACK"": ""632"", ""BB HEIGHT"": ""70"", ""FRONT ANGLE"": ""71º"", ""REAR ANGLE"": ""73º"", ""WHEEL BASE"": ""1078"", ""FRONT WHEEL BB"": ""657""}",1899,false,https://www.megamo.com/es/bicicletas/gravel/jakar/jakar-30-equipped-(26),https://www.megamo.com/es/bicicletas/gravel/jakar/jakar-30-equipped-(26),html,2026-10-05
Megamo,JAKAR [3e65aa58],JAKAR FLAT-BAR,2026,gravel,XS,XS,,,,,,529,347,"{""T/T"": ""494"", ""C/S"": ""430"", ""S/T"": ""415"", ""H/T"": ""105"", ""REACH"": ""347"", ""STACK"": ""529"", ""BB HEIGHT"": ""70"", ""FRONT ANGLE"": ""70º"", ""REAR ANGLE"": ""74.5º"", ""WHEEL BASE"": ""992"", ""FRONT WHEEL BB"": ""572""}",1299,false,https://www.megamo.com/es/bicicletas/gravel/jakar/jakar-flat-bar-(26),https://www.megamo.com/es/bicicletas/gravel/jakar/jakar-flat-bar-(26),html,2026-10-05
Megamo,JAKAR [3e65aa58],JAKAR FLAT-BAR,2026,gravel,S,S,,,,,,550,358,"{""T/T"": ""515"", ""C/S"": ""430"", ""S/T"": ""500"", ""H/T"": ""125"", ""REACH"": ""358"", ""STACK"": ""550"", ""BB HEIGHT"": ""70"", ""FRONT ANGLE"": ""70.5º"", ""REAR ANGLE"": ""74º"", ""WHEEL BASE"": ""1004"", ""FRONT WHEEL BB"": ""584""}",1299,false,https://www.megamo.com/es/bicicletas/gravel/jakar/jakar-flat-bar-(26),https://www.megamo.com/es/bicicletas/gravel/jakar/jakar-flat-bar-(26),html,2026-10-05
Megamo,JAKAR [3e65aa58],JAKAR FLAT-BAR,2026,gravel,M,M,,,,,,570,376,"{""T/T"": ""545"", ""C/S"": ""430"", ""S/T"": ""530"", ""H/T"": ""145"", ""REACH"": ""376"", ""STACK"": ""570"", ""BB HEIGHT"": ""70"", ""FRONT ANGLE"": ""71º"", ""REAR ANGLE"": ""73.5º"", ""WHEEL BASE"": ""1026"", ""FRONT WHEEL BB"": ""605""}",1299,false,https://www.megamo.com/es/bicicletas/gravel/jakar/jakar-flat-bar-(26),https://www.megamo.com/es/bicicletas/gravel/jakar/jakar-flat-bar-(26),html,2026-10-05
Megamo,JAKAR [3e65aa58],JAKAR FLAT-BAR,2026,gravel,L,L,,,,,,600,392,"{""T/T"": ""575"", ""C/S"": ""430"", ""S/T"": ""570"", ""H/T"": ""175"", ""REACH"": ""392"", ""STACK"": ""600"", ""BB HEIGHT"": ""70"", ""FRONT ANGLE"": ""71º"", ""REAR ANGLE"": ""73º"", ""WHEEL BASE"": ""1051"", ""FRONT WHEEL BB"": ""631""}",1299,false,https://www.megamo.com/es/bicicletas/gravel/jakar/jakar-flat-bar-(26),https://www.megamo.com/es/bicicletas/gravel/jakar/jakar-flat-bar-(26),html,2026-10-05
Megamo,JAKAR [3e65aa58],JAKAR FLAT-BAR,2026,gravel,XL,XL,,,,,,632,407,"{""T/T"": ""600"", ""C/S"": ""430"", ""S/T"": ""590"", ""H/T"": ""210"", ""REACH"": ""407"", ""STACK"": ""632"", ""BB HEIGHT"": ""70"", ""FRONT ANGLE"": ""71º"", ""REAR ANGLE"": ""73º"", ""WHEEL BASE"": ""1078"", ""FRONT WHEEL BB"": ""657""}",1299,false,https://www.megamo.com/es/bicicletas/gravel/jakar/jakar-flat-bar-(26),https://www.megamo.com/es/bicicletas/gravel/jakar/jakar-flat-bar-(26),html,2026-10-05
Megamo,JAKAR BASE [676eb97b],JAKAR BASE,2026,gravel,ONE SIZE,,,,,,,527,361,"{""T/T"": ""507"", ""C/S"": ""440"", ""S/T"": ""415"", ""H/T"": ""100"", ""REACH"": ""361"", ""STACK"": ""527"", ""BB HEIGHT"": ""70"", ""FRONT ANGLE"": ""70º"", ""REAR ANGLE"": ""74.5º"", ""WHEEL BASE"": ""1009"", ""FRONT WHEEL BB"": ""579""}",999,false,https://www.megamo.com/es/bicicletas/gravel/jakar/jakar-base-(26),https://www.megamo.com/es/bicicletas/gravel/jakar/jakar-base-(26),html,2026-10-05
Megamo,TRACK [9490ed4a],TRACK 00 SLR,2026,mtb,S,S,,,169,< 169,cm,599,410,"{""S/T"": ""422"", ""T/T"": ""563"", ""H/T angle"": ""66.5º"", ""s/T angle"": ""75.6º"", ""wheelbase"": ""1132"", ""C/S"": ""431"", ""h/t"": ""96"", ""BB DROP"": ""36"", ""fork rake"": ""44"", ""FORK HEIGHT (0% sag)"": ""510"", ""FORK HEIGHT (20% sag)"": ""490"", ""FRONT WHEEL - BB"": ""702"", ""REACH"": ""410"", ""STACK"": ""599"", ""60/760"": """", ""80/760"": ""-""}",9999,false,https://www.megamo.com/es/bicicletas/montaña/track-10/track-00-(26),https://www.megamo.com/es/bicicletas/monta%C3%B1a/track-10/track-00-(26),html,2026-10-05
Megamo,TRACK [9490ed4a],TRACK 00 SLR,2026,mtb,M,M,,169,180,169 - 180,cm,599,435,"{""S/T"": ""441"", ""T/T"": ""588"", ""H/T angle"": ""66.5º"", ""s/T angle"": ""75.6º"", ""wheelbase"": ""1157"", ""C/S"": ""431"", ""h/t"": ""96"", ""BB DROP"": ""36"", ""fork rake"": ""44"", ""FORK HEIGHT (0% sag)"": ""510"", ""FORK HEIGHT (20% sag)"": ""490"", ""FRONT WHEEL - BB"": ""727"", ""REACH"": ""435"", ""STACK"": ""599"", ""60/760"": """", ""80/760"": ""-""}",9999,false,https://www.megamo.com/es/bicicletas/montaña/track-10/track-00-(26),https://www.megamo.com/es/bicicletas/monta%C3%B1a/track-10/track-00-(26),html,2026-10-05
Megamo,TRACK [9490ed4a],TRACK 00 SLR,2026,mtb,L,L,,180,185,180 - 185,cm,613,460,"{""S/T"": ""482"", ""T/T"": ""617"", ""H/T angle"": ""66.5º"", ""s/T angle"": ""75.6º"", ""wheelbase"": ""1188"", ""C/S"": ""431"", ""h/t"": ""111"", ""BB DROP"": ""36"", ""fork rake"": ""44"", ""FORK HEIGHT (0% sag)"": ""510"", ""FORK HEIGHT (20% sag)"": ""490"", ""FRONT WHEEL - BB"": ""758"", ""REACH"": ""460"", ""STACK"": ""613"", ""60/760"": ""-"", ""80/760"": """"}",9999,false,https://www.megamo.com/es/bicicletas/montaña/track-10/track-00-(26),https://www.megamo.com/es/bicicletas/monta%C3%B1a/track-10/track-00-(26),html,2026-10-05
Megamo,TRACK [9490ed4a],TRACK 00 SLR,2026,mtb,XL,XL,,185,,185 <,cm,630,485,"{""S/T"": ""520"", ""T/T"": ""647"", ""H/T angle"": ""66.5º"", ""s/T angle"": ""75.6º"", ""wheelbase"": ""1221"", ""C/S"": ""431"", ""h/t"": ""130"", ""BB DROP"": ""36"", ""fork rake"": ""44"", ""FORK HEIGHT (0% sag)"": ""510"", ""FORK HEIGHT (20% sag)"": ""490"", ""FRONT WHEEL - BB"": ""791"", ""REACH"": ""485"", ""STACK"": ""630"", ""60/760"": ""-"", ""80/760"": """"}",9999,false,https://www.megamo.com/es/bicicletas/montaña/track-10/track-00-(26),https://www.megamo.com/es/bicicletas/monta%C3%B1a/track-10/track-00-(26),html,2026-10-05
Megamo,TRACK [9490ed4a],TRACK 01 SLR,2026,mtb,S,S,,,169,< 169,cm,599,410,"{""S/T"": ""422"", ""T/T"": ""563"", ""H/T angle"": ""66.5º"", ""s/T angle"": ""75.6º"", ""wheelbase"": ""1132"", ""C/S"": ""431"", ""h/t"": ""96"", ""BB DROP"": ""36"", ""fork rake"": ""44"", ""FORK HEIGHT (0% sag)"": ""510"", ""FORK HEIGHT (20% sag)"": ""490"", ""FRONT WHEEL - BB"": ""702"", ""REACH"": ""410"", ""STACK"": ""599"", ""60/760"": """", ""80/760"": ""-""}",8999,false,https://www.megamo.com/es/bicicletas/montaña/track-10/track-01-(26),https://www.megamo.com/es/bicicletas/monta%C3%B1a/track-10/track-01-(26),html,2026-10-05
Megamo,TRACK [9490ed4a],TRACK 01 SLR,2026,mtb,M,M,,169,180,169 - 180,cm,599,435,"{""S/T"": ""441"", ""T/T"": ""588"", ""H/T angle"": ""66.5º"", ""s/T angle"": ""75.6º"", ""wheelbase"": ""1157"", ""C/S"": ""431"", ""h/t"": ""96"", ""BB DROP"": ""36"", ""fork rake"": ""44"", ""FORK HEIGHT (0% sag)"": ""510"", ""FORK HEIGHT (20% sag)"": ""490"", ""FRONT WHEEL - BB"": ""727"", ""REACH"": ""435"", ""STACK"": ""599"", ""60/760"": """", ""80/760"": ""-""}",8999,false,https://www.megamo.com/es/bicicletas/montaña/track-10/track-01-(26),https://www.megamo.com/es/bicicletas/monta%C3%B1a/track-10/track-01-(26),html,2026-10-05
Megamo,TRACK [9490ed4a],TRACK 01 SLR,2026,mtb,L,L,,180,185,180 - 185,cm,613,460,"{""S/T"": ""482"", ""T/T"": ""617"", ""H/T angle"": ""66.5º"", ""s/T angle"": ""75.6º"", ""wheelbase"": ""1188"", ""C/S"": ""431"", ""h/t"": ""111"", ""BB DROP"": ""36"", ""fork rake"": ""44"", ""FORK HEIGHT (0% sag)"": ""510"", ""FORK HEIGHT (20% sag)"": ""490"", ""FRONT WHEEL - BB"": ""758"", ""REACH"": ""460"", ""STACK"": ""613"", ""60/760"": ""-"", ""80/760"": """"}",8999,false,https://www.megamo.com/es/bicicletas/montaña/track-10/track-01-(26),https://www.megamo.com/es/bicicletas/monta%C3%B1a/track-10/track-01-(26),html,2026-10-05
Megamo,TRACK [9490ed4a],TRACK 01 SLR,2026,mtb,XL,XL,,185,,185 <,cm,630,485,"{""S/T"": ""520"", ""T/T"": ""647"", ""H/T angle"": ""66.5º"", ""s/T angle"": ""75.6º"", ""wheelbase"": ""1221"", ""C/S"": ""431"", ""h/t"": ""130"", ""BB DROP"": ""36"", ""fork rake"": ""44"", ""FORK HEIGHT (0% sag)"": ""510"", ""FORK HEIGHT (20% sag)"": ""490"", ""FRONT WHEEL - BB"": ""791"", ""REACH"": ""485"", ""STACK"": ""630"", ""60/760"": ""-"", ""80/760"": """"}",8999,false,https://www.megamo.com/es/bicicletas/montaña/track-10/track-01-(26),https://www.megamo.com/es/bicicletas/monta%C3%B1a/track-10/track-01-(26),html,2026-10-05
Megamo,TRACK [9490ed4a],TRACK 02 SLR,2026,mtb,S,S,,,169,< 169,cm,599,410,"{""S/T"": ""422"", ""T/T"": ""563"", ""H/T angle"": ""66.5º"", ""s/T angle"": ""75.6º"", ""wheelbase"": ""1132"", ""C/S"": ""431"", ""h/t"": ""96"", ""BB DROP"": ""36"", ""fork rake"": ""44"", ""FORK HEIGHT (0% sag)"": ""510"", ""FORK HEIGHT (20% sag)"": ""490"", ""FRONT WHEEL - BB"": ""702"", ""REACH"": ""410"", ""STACK"": ""599"", ""60/760"": """", ""80/760"": ""-""}",6999,false,https://www.megamo.com/es/bicicletas/montaña/track-10/track-02-(26),https://www.megamo.com/es/bicicletas/monta%C3%B1a/track-10/track-02-(26),html,2026-10-05
Megamo,TRACK [9490ed4a],TRACK 02 SLR,2026,mtb,M,M,,169,180,169 - 180,cm,599,435,"{""S/T"": ""441"", ""T/T"": ""588"", ""H/T angle"": ""66.5º"", ""s/T angle"": ""75.6º"", ""wheelbase"": ""1157"", ""C/S"": ""431"", ""h/t"": ""96"", ""BB DROP"": ""36"", ""fork rake"": ""44"", ""FORK HEIGHT (0% sag)"": ""510"", ""FORK HEIGHT (20% sag)"": ""490"", ""FRONT WHEEL - BB"": ""727"", ""REACH"": ""435"", ""STACK"": ""599"", ""60/760"": """", ""80/760"": ""-""}",6999,false,https://www.megamo.com/es/bicicletas/montaña/track-10/track-02-(26),https://www.megamo.com/es/bicicletas/monta%C3%B1a/track-10/track-02-(26),html,2026-10-05
Megamo,TRACK [9490ed4a],TRACK 02 SLR,2026,mtb,L,L,,180,185,180 - 185,cm,613,460,"{""S/T"": ""482"", ""T/T"": ""617"", ""H/T angle"": ""66.5º"", ""s/T angle"": ""75.6º"", ""wheelbase"": ""1188"", ""C/S"": ""431"", ""h/t"": ""111"", ""BB DROP"": ""36"", ""fork rake"": ""44"", ""FORK HEIGHT (0% sag)"": ""510"", ""FORK HEIGHT (20% sag)"": ""490"", ""FRONT WHEEL - BB"": ""758"", ""REACH"": ""460"", ""STACK"": ""613"", ""60/760"": ""-"", ""80/760"": """"}",6999,false,https://www.megamo.com/es/bicicletas/montaña/track-10/track-02-(26),https://www.megamo.com/es/bicicletas/monta%C3%B1a/track-10/track-02-(26),html,2026-10-05
Megamo,TRACK [9490ed4a],TRACK 02 SLR,2026,mtb,XL,XL,,185,,185 <,cm,630,485,"{""S/T"": ""520"", ""T/T"": ""647"", ""H/T angle"": ""66.5º"", ""s/T angle"": ""75.6º"", ""wheelbase"": ""1221"", ""C/S"": ""431"", ""h/t"": ""130"", ""BB DROP"": ""36"", ""fork rake"": ""44"", ""FORK HEIGHT (0% sag)"": ""510"", ""FORK HEIGHT (20% sag)"": ""490"", ""FRONT WHEEL - BB"": ""791"", ""REACH"": ""485"", ""STACK"": ""630"", ""60/760"": ""-"", ""80/760"": """"}",6999,false,https://www.megamo.com/es/bicicletas/montaña/track-10/track-02-(26),https://www.megamo.com/es/bicicletas/monta%C3%B1a/track-10/track-02-(26),html,2026-10-05
Megamo,TRACK [9490ed4a],TRACK 03 SLR RACE,2026,mtb,S,S,,,169,< 169,cm,599,410,"{""S/T"": ""422"", ""T/T"": ""563"", ""H/T angle"": ""66.5º"", ""s/T angle"": ""75.6º"", ""wheelbase"": ""1132"", ""C/S"": ""431"", ""h/t"": ""96"", ""BB DROP"": ""36"", ""fork rake"": ""44"", ""FORK HEIGHT (0% sag)"": ""510"", ""FORK HEIGHT (20% sag)"": ""490"", ""FRONT WHEEL - BB"": ""702"", ""REACH"": ""410"", ""STACK"": ""599"", ""60/760"": """", ""80/760"": ""-""}",6999,false,https://www.megamo.com/es/bicicletas/montaña/track-10/track-03-race-(26),https://www.megamo.com/es/bicicletas/monta%C3%B1a/track-10/track-03-race-(26),html,2026-10-05
Megamo,TRACK [9490ed4a],TRACK 03 SLR RACE,2026,mtb,M,M,,169,180,169 - 180,cm,599,435,"{""S/T"": ""441"", ""T/T"": ""588"", ""H/T angle"": ""66.5º"", ""s/T angle"": ""75.6º"", ""wheelbase"": ""1157"", ""C/S"": ""431"", ""h/t"": ""96"", ""BB DROP"": ""36"", ""fork rake"": ""44"", ""FORK HEIGHT (0% sag)"": ""510"", ""FORK HEIGHT (20% sag)"": ""490"", ""FRONT WHEEL - BB"": ""727"", ""REACH"": ""435"", ""STACK"": ""599"", ""60/760"": """", ""80/760"": ""-""}",6999,false,https://www.megamo.com/es/bicicletas/montaña/track-10/track-03-race-(26),https://www.megamo.com/es/bicicletas/monta%C3%B1a/track-10/track-03-race-(26),html,2026-10-05
Megamo,TRACK [9490ed4a],TRACK 03 SLR RACE,2026,mtb,L,L,,180,185,180 - 185,cm,613,460,"{""S/T"": ""482"", ""T/T"": ""617"", ""H/T angle"": ""66.5º"", ""s/T angle"": ""75.6º"", ""wheelbase"": ""1188"", ""C/S"": ""431"", ""h/t"": ""111"", ""BB DROP"": ""36"", ""fork rake"": ""44"", ""FORK HEIGHT (0% sag)"": ""510"", ""FORK HEIGHT (20% sag)"": ""490"", ""FRONT WHEEL - BB"": ""758"", ""REACH"": ""460"", ""STACK"": ""613"", ""60/760"": ""-"", ""80/760"": """"}",6999,false,https://www.megamo.com/es/bicicletas/montaña/track-10/track-03-race-(26),https://www.megamo.com/es/bicicletas/monta%C3%B1a/track-10/track-03-race-(26),html,2026-10-05
Megamo,TRACK [9490ed4a],TRACK 03 SLR RACE,2026,mtb,XL,XL,,185,,185 <,cm,630,485,"{""S/T"": ""520"", ""T/T"": ""647"", ""H/T angle"": ""66.5º"", ""s/T angle"": ""75.6º"", ""wheelbase"": ""1221"", ""C/S"": ""431"", ""h/t"": ""130"", ""BB DROP"": ""36"", ""fork rake"": ""44"", ""FORK HEIGHT (0% sag)"": ""510"", ""FORK HEIGHT (20% sag)"": ""490"", ""FRONT WHEEL - BB"": ""791"", ""REACH"": ""485"", ""STACK"": ""630"", ""60/760"": ""-"", ""80/760"": """"}",6999,false,https://www.megamo.com/es/bicicletas/montaña/track-10/track-03-race-(26),https://www.megamo.com/es/bicicletas/monta%C3%B1a/track-10/track-03-race-(26),html,2026-10-05
Megamo,TRACK [9490ed4a],TRACK 04 CW,2026,mtb,S,S,,,169,< 169,cm,599,410,"{""S/T"": ""422"", ""T/T"": ""563"", ""H/T angle"": ""66.5º"", ""s/T angle"": ""75.6º"", ""wheelbase"": ""1132"", ""C/S"": ""431"", ""h/t"": ""96"", ""BB DROP"": ""36"", ""fork rake"": ""44"", ""FORK HEIGHT (0% sag)"": ""510"", ""FORK HEIGHT (20% sag)"": ""490"", ""FRONT WHEEL - BB"": ""702"", ""REACH"": ""410"", ""STACK"": ""599"", ""60/760"": """", ""80/760"": ""-""}",5999,false,https://www.megamo.com/es/bicicletas/montaña/track-10/track-04-cw-(26),https://www.megamo.com/es/bicicletas/monta%C3%B1a/track-10/track-04-cw-(26),html,2026-10-05
Megamo,TRACK [9490ed4a],TRACK 04 CW,2026,mtb,M,M,,169,180,169 - 180,cm,599,435,"{""S/T"": ""441"", ""T/T"": ""588"", ""H/T angle"": ""66.5º"", ""s/T angle"": ""75.6º"", ""wheelbase"": ""1157"", ""C/S"": ""431"", ""h/t"": ""96"", ""BB DROP"": ""36"", ""fork rake"": ""44"", ""FORK HEIGHT (0% sag)"": ""510"", ""FORK HEIGHT (20% sag)"": ""490"", ""FRONT WHEEL - BB"": ""727"", ""REACH"": ""435"", ""STACK"": ""599"", ""60/760"": """", ""80/760"": ""-""}",5999,false,https://www.megamo.com/es/bicicletas/montaña/track-10/track-04-cw-(26),https://www.megamo.com/es/bicicletas/monta%C3%B1a/track-10/track-04-cw-(26),html,2026-10-05
Megamo,TRACK [9490ed4a],TRACK 04 CW,2026,mtb,L,L,,180,185,180 - 185,cm,613,460,"{""S/T"": ""482"", ""T/T"": ""617"", ""H/T angle"": ""66.5º"", ""s/T angle"": ""75.6º"", ""wheelbase"": ""1188"", ""C/S"": ""431"", ""h/t"": ""111"", ""BB DROP"": ""36"", ""fork rake"": ""44"", ""FORK HEIGHT (0% sag)"": ""510"", ""FORK HEIGHT (20% sag)"": ""490"", ""FRONT WHEEL - BB"": ""758"", ""REACH"": ""460"", ""STACK"": ""613"", ""60/760"": ""-"", ""80/760"": """"}",5999,false,https://www.megamo.com/es/bicicletas/montaña/track-10/track-04-cw-(26),https://www.megamo.com/es/bicicletas/monta%C3%B1a/track-10/track-04-cw-(26),html,2026-10-05
Megamo,TRACK [9490ed4a],TRACK 04 CW,2026,mtb,XL,XL,,185,,185 <,cm,630,485,"{""S/T"": ""520"", ""T/T"": ""647"", ""H/T angle"": ""66.5º"", ""s/T angle"": ""75.6º"", ""wheelbase"": ""1221"", ""C/S"": ""431"", ""h/t"": ""130"", ""BB DROP"": ""36"", ""fork rake"": ""44"", ""FORK HEIGHT (0% sag)"": ""510"", ""FORK HEIGHT (20% sag)"": ""490"", ""FRONT WHEEL - BB"": ""791"", ""REACH"": ""485"", ""STACK"": ""630"", ""60/760"": ""-"", ""80/760"": """"}",5999,false,https://www.megamo.com/es/bicicletas/montaña/track-10/track-04-cw-(26),https://www.megamo.com/es/bicicletas/monta%C3%B1a/track-10/track-04-cw-(26),html,2026-10-05
Megamo,TRACK [9490ed4a],TRACK 08,2026,mtb,S,S,,,169,< 169,cm,599,410,"{""S/T"": ""422"", ""T/T"": ""563"", ""H/T angle"": ""66.5º"", ""s/T angle"": ""75.6º"", ""wheelbase"": ""1132"", ""C/S"": ""431"", ""h/t"": ""96"", ""BB DROP"": ""36"", ""fork rake"": ""44"", ""FORK HEIGHT (0% sag)"": ""510"", ""FORK HEIGHT (20% sag)"": ""490"", ""FRONT WHEEL - BB"": ""702"", ""REACH"": ""410"", ""STACK"": ""599"", ""60/760"": """", ""80/760"": ""-""}",3999,false,https://www.megamo.com/es/bicicletas/montaña/track-10/track-08-(26),https://www.megamo.com/es/bicicletas/monta%C3%B1a/track-10/track-08-(26),html,2026-10-05
Megamo,TRACK [9490ed4a],TRACK 08,2026,mtb,M,M,,169,180,169 - 180,cm,599,435,"{""S/T"": ""441"", ""T/T"": ""588"", ""H/T angle"": ""66.5º"", ""s/T angle"": ""75.6º"", ""wheelbase"": ""1157"", ""C/S"": ""431"", ""h/t"": ""96"", ""BB DROP"": ""36"", ""fork rake"": ""44"", ""FORK HEIGHT (0% sag)"": ""510"", ""FORK HEIGHT (20% sag)"": ""490"", ""FRONT WHEEL - BB"": ""727"", ""REACH"": ""435"", ""STACK"": ""599"", ""60/760"": """", ""80/760"": ""-""}",3999,false,https://www.megamo.com/es/bicicletas/montaña/track-10/track-08-(26),https://www.megamo.com/es/bicicletas/monta%C3%B1a/track-10/track-08-(26),html,2026-10-05
Megamo,TRACK [9490ed4a],TRACK 08,2026,mtb,L,L,,180,185,180 - 185,cm,613,460,"{""S/T"": ""482"", ""T/T"": ""617"", ""H/T angle"": ""66.5º"", ""s/T angle"": ""75.6º"", ""wheelbase"": ""1188"", ""C/S"": ""431"", ""h/t"": ""111"", ""BB DROP"": ""36"", ""fork rake"": ""44"", ""FORK HEIGHT (0% sag)"": ""510"", ""FORK HEIGHT (20% sag)"": ""490"", ""FRONT WHEEL - BB"": ""758"", ""REACH"": ""460"", ""STACK"": ""613"", ""60/760"": ""-"", ""80/760"": """"}",3999,false,https://www.megamo.com/es/bicicletas/montaña/track-10/track-08-(26),https://www.megamo.com/es/bicicletas/monta%C3%B1a/track-10/track-08-(26),html,2026-10-05
Megamo,TRACK [9490ed4a],TRACK 08,2026,mtb,XL,XL,,185,,185 <,cm,630,485,"{""S/T"": ""520"", ""T/T"": ""647"", ""H/T angle"": ""66.5º"", ""s/T angle"": ""75.6º"", ""wheelbase"": ""1221"", ""C/S"": ""431"", ""h/t"": ""130"", ""BB DROP"": ""36"", ""fork rake"": ""44"", ""FORK HEIGHT (0% sag)"": ""510"", ""FORK HEIGHT (20% sag)"": ""490"", ""FRONT WHEEL - BB"": ""791"", ""REACH"": ""485"", ""STACK"": ""630"", ""60/760"": ""-"", ""80/760"": """"}",3999,false,https://www.megamo.com/es/bicicletas/montaña/track-10/track-08-(26),https://www.megamo.com/es/bicicletas/monta%C3%B1a/track-10/track-08-(26),html,2026-10-05
Megamo,TRACK [9490ed4a],TRACK 10,2026,mtb,S,S,,,169,< 169,cm,599,410,"{""S/T"": ""422"", ""T/T"": ""563"", ""H/T angle"": ""66.5º"", ""s/T angle"": ""75.6º"", ""wheelbase"": ""1132"", ""C/S"": ""431"", ""h/t"": ""96"", ""BB DROP"": ""36"", ""fork rake"": ""44"", ""FORK HEIGHT (0% sag)"": ""510"", ""FORK HEIGHT (20% sag)"": ""490"", ""FRONT WHEEL - BB"": ""702"", ""REACH"": ""410"", ""STACK"": ""599"", ""60/760"": """", ""80/760"": ""-""}",3699,false,https://www.megamo.com/es/bicicletas/montaña/track-10/track-10-(26),https://www.megamo.com/es/bicicletas/monta%C3%B1a/track-10/track-10-(26),html,2026-10-05
Megamo,TRACK [9490ed4a],TRACK 10,2026,mtb,M,M,,169,180,169 - 180,cm,599,435,"{""S/T"": ""441"", ""T/T"": ""588"", ""H/T angle"": ""66.5º"", ""s/T angle"": ""75.6º"", ""wheelbase"": ""1157"", ""C/S"": ""431"", ""h/t"": ""96"", ""BB DROP"": ""36"", ""fork rake"": ""44"", ""FORK HEIGHT (0% sag)"": ""510"", ""FORK HEIGHT (20% sag)"": ""490"", ""FRONT WHEEL - BB"": ""727"", ""REACH"": ""435"", ""STACK"": ""599"", ""60/760"": """", ""80/760"": ""-""}",3699,false,https://www.megamo.com/es/bicicletas/montaña/track-10/track-10-(26),https://www.megamo.com/es/bicicletas/monta%C3%B1a/track-10/track-10-(26),html,2026-10-05
Megamo,TRACK [9490ed4a],TRACK 10,2026,mtb,L,L,,180,185,180 - 185,cm,613,460,"{""S/T"": ""482"", ""T/T"": ""617"", ""H/T angle"": ""66.5º"", ""s/T angle"": ""75.6º"", ""wheelbase"": ""1188"", ""C/S"": ""431"", ""h/t"": ""111"", ""BB DROP"": ""36"", ""fork rake"": ""44"", ""FORK HEIGHT (0% sag)"": ""510"", ""FORK HEIGHT (20% sag)"": ""490"", ""FRONT WHEEL - BB"": ""758"", ""REACH"": ""460"", ""STACK"": ""613"", ""60/760"": ""-"", ""80/760"": """"}",3699,false,https://www.megamo.com/es/bicicletas/montaña/track-10/track-10-(26),https://www.megamo.com/es/bicicletas/monta%C3%B1a/track-10/track-10-(26),html,2026-10-05
Megamo,TRACK [9490ed4a],TRACK 10,2026,mtb,XL,XL,,185,,185 <,cm,630,485,"{""S/T"": ""520"", ""T/T"": ""647"", ""H/T angle"": ""66.5º"", ""s/T angle"": ""75.6º"", ""wheelbase"": ""1221"", ""C/S"": ""431"", ""h/t"": ""130"", ""BB DROP"": ""36"", ""fork rake"": ""44"", ""FORK HEIGHT (0% sag)"": ""510"", ""FORK HEIGHT (20% sag)"": ""490"", ""FRONT WHEEL - BB"": ""791"", ""REACH"": ""485"", ""STACK"": ""630"", ""60/760"": ""-"", ""80/760"": """"}",3699,false,https://www.megamo.com/es/bicicletas/montaña/track-10/track-10-(26),https://www.megamo.com/es/bicicletas/monta%C3%B1a/track-10/track-10-(26),html,2026-10-05
Megamo,FACTORY [48adcd9f],FACTORY 15,2026,mtb,S,S,,,,,,595,404,"{""T/T"": ""575"", ""C/S"": ""425"", ""S/T"": ""390"", ""H/T"": ""95"", ""REACH"": ""404"", ""STACK"": ""595"", ""FRONT ANGLE"": ""69.5º"", ""REAR ANGLE"": ""74º"", ""WHEEL BASE"": ""1085"", ""BB DROP"": ""58"", ""FRONT WHEEL BB"": ""667""}",2299,false,https://www.megamo.com/es/bicicletas/montaña/factory/factory-15-(26),https://www.megamo.com/es/bicicletas/monta%C3%B1a/factory/factory-15-(26),html,2026-10-05
Megamo,FACTORY [48adcd9f],FACTORY 15,2026,mtb,M,M,,,,,,600,429,"{""T/T"": ""600"", ""C/S"": ""425"", ""S/T"": ""440"", ""H/T"": ""100"", ""REACH"": ""429"", ""STACK"": ""600"", ""FRONT ANGLE"": ""69.5º"", ""REAR ANGLE"": ""74º"", ""WHEEL BASE"": ""1111"", ""BB DROP"": ""58"", ""FRONT WHEEL BB"": ""693""}",2299,false,https://www.megamo.com/es/bicicletas/montaña/factory/factory-15-(26),https://www.megamo.com/es/bicicletas/monta%C3%B1a/factory/factory-15-(26),html,2026-10-05
Megamo,FACTORY [48adcd9f],FACTORY 15,2026,mtb,L,L,,,,,,614,449,"{""T/T"": ""625"", ""C/S"": ""425"", ""S/T"": ""480"", ""H/T"": ""115"", ""REACH"": ""449"", ""STACK"": ""614"", ""FRONT ANGLE"": ""69.5º"", ""REAR ANGLE"": ""74º"", ""WHEEL BASE"": ""1137"", ""BB DROP"": ""58"", ""FRONT WHEEL BB"": ""718""}",2299,false,https://www.megamo.com/es/bicicletas/montaña/factory/factory-15-(26),https://www.megamo.com/es/bicicletas/monta%C3%B1a/factory/factory-15-(26),html,2026-10-05
Megamo,FACTORY [48adcd9f],FACTORY 15,2026,mtb,XL,XL,,,,,,624,471,"{""T/T"": ""650"", ""C/S"": ""425"", ""S/T"": ""530"", ""H/T"": ""125"", ""REACH"": ""471"", ""STACK"": ""624"", ""FRONT ANGLE"": ""69.5º"", ""REAR ANGLE"": ""74º"", ""WHEEL BASE"": ""1163"", ""BB DROP"": ""58"", ""FRONT WHEEL BB"": ""745""}",2299,false,https://www.megamo.com/es/bicicletas/montaña/factory/factory-15-(26),https://www.megamo.com/es/bicicletas/monta%C3%B1a/factory/factory-15-(26),html,2026-10-05
Megamo,FACTORY [48adcd9f],FACTORY 30,2026,mtb,S,S,,,,,,595,404,"{""T/T"": ""575"", ""C/S"": ""425"", ""S/T"": ""390"", ""H/T"": ""95"", ""REACH"": ""404"", ""STACK"": ""595"", ""FRONT ANGLE"": ""69.5º"", ""REAR ANGLE"": ""74º"", ""WHEEL BASE"": ""1085"", ""BB DROP"": ""58"", ""FRONT WHEEL BB"": ""667""}",1999,false,https://www.megamo.com/es/bicicletas/montaña/factory/factory-30-(26),https://www.megamo.com/es/bicicletas/monta%C3%B1a/factory/factory-30-(26),html,2026-10-05
Megamo,FACTORY [48adcd9f],FACTORY 30,2026,mtb,M,M,,,,,,600,429,"{""T/T"": ""600"", ""C/S"": ""425"", ""S/T"": ""440"", ""H/T"": ""100"", ""REACH"": ""429"", ""STACK"": ""600"", ""FRONT ANGLE"": ""69.5º"", ""REAR ANGLE"": ""74º"", ""WHEEL BASE"": ""1111"", ""BB DROP"": ""58"", ""FRONT WHEEL BB"": ""693""}",1999,false,https://www.megamo.com/es/bicicletas/montaña/factory/factory-30-(26),https://www.megamo.com/es/bicicletas/monta%C3%B1a/factory/factory-30-(26),html,2026-10-05
Megamo,FACTORY [48adcd9f],FACTORY 30,2026,mtb,L,L,,,,,,614,449,"{""T/T"": ""625"", ""C/S"": ""425"", ""S/T"": ""480"", ""H/T"": ""115"", ""REACH"": ""449"", ""STACK"": ""614"", ""FRONT ANGLE"": ""69.5º"", ""REAR ANGLE"": ""74º"", ""WHEEL BASE"": ""1137"", ""BB DROP"": ""58"", ""FRONT WHEEL BB"": ""718""}",1999,false,https://www.megamo.com/es/bicicletas/montaña/factory/factory-30-(26),https://www.megamo.com/es/bicicletas/monta%C3%B1a/factory/factory-30-(26),html,2026-10-05
Megamo,FACTORY [48adcd9f],FACTORY 30,2026,mtb,XL,XL,,,,,,624,471,"{""T/T"": ""650"", ""C/S"": ""425"", ""S/T"": ""530"", ""H/T"": ""125"", ""REACH"": ""471"", ""STACK"": ""624"", ""FRONT ANGLE"": ""69.5º"", ""REAR ANGLE"": ""74º"", ""WHEEL BASE"": ""1163"", ""BB DROP"": ""58"", ""FRONT WHEEL BB"": ""745""}",1999,false,https://www.megamo.com/es/bicicletas/montaña/factory/factory-30-(26),https://www.megamo.com/es/bicicletas/monta%C3%B1a/factory/factory-30-(26),html,2026-10-05
Megamo,NATURAL [156e14e5],NATURAL ELITE 15,2026,mtb,S,S,,,,,,600,397,"{""T/T"": ""575"", ""C/S"": ""445"", ""S/T"": ""390"", ""H/T"": ""95"", ""REACH"": ""397"", ""STACK"": ""600"", ""FRONT ANGLE"": ""69.5°"", ""REAR ANGLE"": ""73.5º""}",999,false,https://www.megamo.com/es/bicicletas/montaña/natural/natural-elite-15-(26),https://www.megamo.com/es/bicicletas/monta%C3%B1a/natural/natural-elite-15-(26),html,2026-10-05
Megamo,NATURAL [156e14e5],NATURAL ELITE 15,2026,mtb,M,M,,,,,,609,419,"{""T/T"": ""600"", ""C/S"": ""445"", ""S/T"": ""440"", ""H/T"": ""105"", ""REACH"": ""419"", ""STACK"": ""609"", ""FRONT ANGLE"": ""69.5°"", ""REAR ANGLE"": ""73.5º""}",999,false,https://www.megamo.com/es/bicicletas/montaña/natural/natural-elite-15-(26),https://www.megamo.com/es/bicicletas/monta%C3%B1a/natural/natural-elite-15-(26),html,2026-10-05
Megamo,NATURAL [156e14e5],NATURAL ELITE 15,2026,mtb,L,L,,,,,,619,442,"{""T/T"": ""625"", ""C/S"": ""445"", ""S/T"": ""480"", ""H/T"": ""115"", ""REACH"": ""442"", ""STACK"": ""619"", ""FRONT ANGLE"": ""69.5°"", ""REAR ANGLE"": ""73.5º""}",999,false,https://www.megamo.com/es/bicicletas/montaña/natural/natural-elite-15-(26),https://www.megamo.com/es/bicicletas/monta%C3%B1a/natural/natural-elite-15-(26),html,2026-10-05
Megamo,NATURAL [156e14e5],NATURAL ELITE 15,2026,mtb,XL,XL,,,,,,633,462,"{""T/T"": ""650"", ""C/S"": ""445"", ""S/T"": ""530"", ""H/T"": ""130"", ""REACH"": ""462"", ""STACK"": ""633"", ""FRONT ANGLE"": ""69.5°"", ""REAR ANGLE"": ""73.5º""}",999,false,https://www.megamo.com/es/bicicletas/montaña/natural/natural-elite-15-(26),https://www.megamo.com/es/bicicletas/monta%C3%B1a/natural/natural-elite-15-(26),html,2026-10-05
Megamo,NATURAL [156e14e5],NATURAL 30,2026,mtb,S,S,,,,,,600,397,"{""T/T"": ""575"", ""C/S"": ""445"", ""S/T"": ""390"", ""H/T"": ""95"", ""REACH"": ""397"", ""STACK"": ""600"", ""FRONT ANGLE"": ""69.5°"", ""REAR ANGLE"": ""73.5º""}",849,false,https://www.megamo.com/es/bicicletas/montaña/natural/natural-30-(26),https://www.megamo.com/es/bicicletas/monta%C3%B1a/natural/natural-30-(26),html,2026-10-05
Megamo,NATURAL [156e14e5],NATURAL 30,2026,mtb,M,M,,,,,,609,419,"{""T/T"": ""600"", ""C/S"": ""445"", ""S/T"": ""440"", ""H/T"": ""105"", ""REACH"": ""419"", ""STACK"": ""609"", ""FRONT ANGLE"": ""69.5°"", ""REAR ANGLE"": ""73.5º""}",849,false,https://www.megamo.com/es/bicicletas/montaña/natural/natural-30-(26),https://www.megamo.com/es/bicicletas/monta%C3%B1a/natural/natural-30-(26),html,2026-10-05
Megamo,NATURAL [156e14e5],NATURAL 30,2026,mtb,L,L,,,,,,619,442,"{""T/T"": ""625"", ""C/S"": ""445"", ""S/T"": ""480"", ""H/T"": ""115"", ""REACH"": ""442"", ""STACK"": ""619"", ""FRONT ANGLE"": ""69.5°"", ""REAR ANGLE"": ""73.5º""}",849,false,https://www.megamo.com/es/bicicletas/montaña/natural/natural-30-(26),https://www.megamo.com/es/bicicletas/monta%C3%B1a/natural/natural-30-(26),html,2026-10-05
Megamo,NATURAL [156e14e5],NATURAL 30,2026,mtb,XL,XL,,,,,,633,462,"{""T/T"": ""650"", ""C/S"": ""445"", ""S/T"": ""530"", ""H/T"": ""130"", ""REACH"": ""462"", ""STACK"": ""633"", ""FRONT ANGLE"": ""69.5°"", ""REAR ANGLE"": ""73.5º""}",849,false,https://www.megamo.com/es/bicicletas/montaña/natural/natural-30-(26),https://www.megamo.com/es/bicicletas/monta%C3%B1a/natural/natural-30-(26),html,2026-10-05
Megamo,NATURAL [156e14e5],NATURAL 40,2026,mtb,S,S,,,,,,600,397,"{""T/T"": ""575"", ""C/S"": ""445"", ""S/T"": ""390"", ""H/T"": ""95"", ""REACH"": ""397"", ""STACK"": ""600"", ""FRONT ANGLE"": ""69.5°"", ""REAR ANGLE"": ""73.5º""}",699,false,https://www.megamo.com/es/bicicletas/montaña/natural/natural-40-(26),https://www.megamo.com/es/bicicletas/monta%C3%B1a/natural/natural-40-(26),html,2026-10-05
Megamo,NATURAL [156e14e5],NATURAL 40,2026,mtb,M,M,,,,,,609,419,"{""T/T"": ""600"", ""C/S"": ""445"", ""S/T"": ""440"", ""H/T"": ""105"", ""REACH"": ""419"", ""STACK"": ""609"", ""FRONT ANGLE"": ""69.5°"", ""REAR ANGLE"": ""73.5º""}",699,false,https://www.megamo.com/es/bicicletas/montaña/natural/natural-40-(26),https://www.megamo.com/es/bicicletas/monta%C3%B1a/natural/natural-40-(26),html,2026-10-05
Megamo,NATURAL [156e14e5],NATURAL 40,2026,mtb,L,L,,,,,,619,442,"{""T/T"": ""625"", ""C/S"": ""445"", ""S/T"": ""480"", ""H/T"": ""115"", ""REACH"": ""442"", ""STACK"": ""619"", ""FRONT ANGLE"": ""69.5°"", ""REAR ANGLE"": ""73.5º""}",699,false,https://www.megamo.com/es/bicicletas/montaña/natural/natural-40-(26),https://www.megamo.com/es/bicicletas/monta%C3%B1a/natural/natural-40-(26),html,2026-10-05
Megamo,NATURAL [156e14e5],NATURAL 40,2026,mtb,XL,XL,,,,,,633,462,"{""T/T"": ""650"", ""C/S"": ""445"", ""S/T"": ""530"", ""H/T"": ""130"", ""REACH"": ""462"", ""STACK"": ""633"", ""FRONT ANGLE"": ""69.5°"", ""REAR ANGLE"": ""73.5º""}",699,false,https://www.megamo.com/es/bicicletas/montaña/natural/natural-40-(26),https://www.megamo.com/es/bicicletas/monta%C3%B1a/natural/natural-40-(26),html,2026-10-05
Megamo,NATURAL [156e14e5],NATURAL 60,2026,mtb,S,S,,,,,,600,397,"{""T/T"": ""575"", ""C/S"": ""445"", ""S/T"": ""390"", ""H/T"": ""95"", ""REACH"": ""397"", ""STACK"": ""600"", ""FRONT ANGLE"": ""69.5°"", ""REAR ANGLE"": ""73.5º""}",499,false,https://www.megamo.com/es/bicicletas/montaña/natural/natural-60-(26),https://www.megamo.com/es/bicicletas/monta%C3%B1a/natural/natural-60-(26),html,2026-10-05
Megamo,NATURAL [156e14e5],NATURAL 60,2026,mtb,M,M,,,,,,609,419,"{""T/T"": ""600"", ""C/S"": ""445"", ""S/T"": ""440"", ""H/T"": ""105"", ""REACH"": ""419"", ""STACK"": ""609"", ""FRONT ANGLE"": ""69.5°"", ""REAR ANGLE"": ""73.5º""}",499,false,https://www.megamo.com/es/bicicletas/montaña/natural/natural-60-(26),https://www.megamo.com/es/bicicletas/monta%C3%B1a/natural/natural-60-(26),html,2026-10-05
Megamo,NATURAL [156e14e5],NATURAL 60,2026,mtb,L,L,,,,,,619,442,"{""T/T"": ""625"", ""C/S"": ""445"", ""S/T"": ""480"", ""H/T"": ""115"", ""REACH"": ""442"", ""STACK"": ""619"", ""FRONT ANGLE"": ""69.5°"", ""REAR ANGLE"": ""73.5º""}",499,false,https://www.megamo.com/es/bicicletas/montaña/natural/natural-60-(26),https://www.megamo.com/es/bicicletas/monta%C3%B1a/natural/natural-60-(26),html,2026-10-05
Megamo,NATURAL [156e14e5],NATURAL 60,2026,mtb,XL,XL,,,,,,633,462,"{""T/T"": ""650"", ""C/S"": ""445"", ""S/T"": ""530"", ""H/T"": ""130"", ""REACH"": ""462"", ""STACK"": ""633"", ""FRONT ANGLE"": ""69.5°"", ""REAR ANGLE"": ""73.5º""}",499,false,https://www.megamo.com/es/bicicletas/montaña/natural/natural-60-(26),https://www.megamo.com/es/bicicletas/monta%C3%B1a/natural/natural-60-(26),html,2026-10-05
Megamo,DX3 [1531cea1],DX3,2027,mtb,XS,XS,,,,,,565,363,"{""T/T"": ""525"", ""C/S"": ""432"", ""S/T"": ""325"", ""H/T"": ""90"", ""REACH"": ""363"", ""STACK"": ""565"", ""BB OFFSET"": ""46"", ""FRONT ANGLE"": ""68°"", ""REAR ANGLE"": ""74º"", ""WHEELBASE"": ""1051"", ""T/T #2"": ""575"", ""C/S #2"": ""442"", ""S/T #2"": ""392"", ""H/T #2"": ""95"", ""REACH #2"": ""403"", ""STACK #2"": ""600"", ""BB OFFSET #2"": ""62"", ""FRONT ANGLE #2"": ""68°"", ""REAR ANGLE #2"": ""74º"", ""WHEELBASE #2"": ""1106""}",449,false,https://www.megamo.com/es/bicicletas/montaña/sport/dx3-(27),https://www.megamo.com/es/bicicletas/monta%C3%B1a/sport/dx3-(27),html,2026-10-05
Megamo,DX3 [1531cea1],DX3,2027,mtb,S,S,,,,,,570,393,"{""T/T"": ""556"", ""C/S"": ""432"", ""S/T"": ""378"", ""H/T"": ""95"", ""REACH"": ""393"", ""STACK"": ""570"", ""BB OFFSET"": ""46"", ""FRONT ANGLE"": ""68°"", ""REAR ANGLE"": ""74º"", ""WHEELBASE"": ""1082"", ""T/T #2"": ""595"", ""C/S #2"": ""442"", ""S/T #2"": ""432"", ""H/T #2"": ""105"", ""REACH #2"": ""420"", ""STACK #2"": ""610"", ""BB OFFSET #2"": ""62"", ""FRONT ANGLE #2"": ""68°"", ""REAR ANGLE #2"": ""74º"", ""WHEELBASE #2"": ""1128""}",449,false,https://www.megamo.com/es/bicicletas/montaña/sport/dx3-(27),https://www.megamo.com/es/bicicletas/monta%C3%B1a/sport/dx3-(27),html,2026-10-05
Megamo,KU2 [1b3f0925],KU2,2027,mtb,"26""",,,,,,,540,363,"{""T/T"": ""518"", ""C/S"": ""426"", ""S/T"": ""330"", ""H/T"": ""100"", ""REACH"": ""363"", ""STACK"": ""540"", ""BB HEIGHT"": ""38"", ""FRONT ANGLE"": ""68º"", ""REAR ANGLE"": ""74º"", ""WHEEL BASE"": ""1039"", ""FRONT WHEEL BB"": ""616""}",399,false,https://www.megamo.com/es/bicicletas/montaña/sport/ku2-(27),https://www.megamo.com/es/bicicletas/monta%C3%B1a/sport/ku2-(27),html,2026-10-05
Megamo,KU4 [5fa96f83],KU4,2027,mtb,"24""",,,,,,,493,362,"{""T/T"": ""513"", ""C/S"": ""410"", ""S/T"": ""310"", ""H/T"": ""100"", ""REACH"": ""362"", ""STACK"": ""493"", ""BB HEIGHT"": ""23"", ""FRONT ANGLE"": ""71º"", ""REAR ANGLE"": ""73º"", ""WHEEL BASE"": ""981"", ""FRONT WHEEL BB"": ""572""}",399,false,https://www.megamo.com/es/bicicletas/montaña/sport/ku4-(27),https://www.megamo.com/es/bicicletas/monta%C3%B1a/sport/ku4-(27),html,2026-10-05
Megamo,FLAME CRB [d3a0bef3],FLAME CRB 00,2026,emtb,S,S,,,,,,613,435,"{""T/T"": ""582"", ""C/S"": ""450"", ""S/T"": ""400"", ""H/T"": ""100"", ""REACH"": ""435"", ""STACK"": ""613"", ""BB OFFSET"": ""30"", ""FRONT ANGLE"": ""65°"", ""REAR ANGLE"": ""76,5º"", ""WHEELBASE"": ""1205"", ""T/T #2"": ""574"", ""C/S #2"": ""450"", ""S/T #2"": ""400"", ""H/T #2"": ""100"", ""REACH #2"": ""425"", ""STACK #2"": ""620"", ""BB OFFSET #2"": ""33"", ""FRONT ANGLE #2"": ""64,6°"", ""REAR ANGLE #2"": ""76,5º"", ""WHEELBASE #2"": ""1209""}",12499,false,https://www.megamo.com/es/e-bike/e-full-suspension/flame-crb/flame-crb-00-(26)-2,https://www.megamo.com/es/e-bike/e-full-suspension/flame-crb/flame-crb-00-(26)-2,html,2026-10-05
Megamo,FLAME CRB [d3a0bef3],FLAME CRB 00,2026,emtb,M,M,,,,,,621,460,"{""T/T"": ""609"", ""C/S"": ""450"", ""S/T"": ""420"", ""H/T"": ""110"", ""REACH"": ""460"", ""STACK"": ""621"", ""BB OFFSET"": ""30"", ""FRONT ANGLE"": ""65°"", ""REAR ANGLE"": ""76,5º"", ""WHEELBASE"": ""1234"", ""T/T #2"": ""601"", ""C/S #2"": ""450"", ""S/T #2"": ""420"", ""H/T #2"": ""110"", ""REACH #2"": ""450"", ""STACK #2"": ""629"", ""BB OFFSET #2"": ""33"", ""FRONT ANGLE #2"": ""64,6°"", ""REAR ANGLE #2"": ""76,5º"", ""WHEELBASE #2"": ""1238""}",12499,false,https://www.megamo.com/es/e-bike/e-full-suspension/flame-crb/flame-crb-00-(26)-2,https://www.megamo.com/es/e-bike/e-full-suspension/flame-crb/flame-crb-00-(26)-2,html,2026-10-05
Megamo,FLAME CRB [d3a0bef3],FLAME CRB 00,2026,emtb,L,L,,,,,,640,490,"{""T/T"": ""644"", ""C/S"": ""450"", ""S/T"": ""460"", ""H/T"": ""130"", ""REACH"": ""490"", ""STACK"": ""640"", ""BB OFFSET"": ""30"", ""FRONT ANGLE"": ""65°"", ""REAR ANGLE"": ""76,5º"", ""WHEELBASE"": ""1273"", ""T/T #2"": ""636"", ""C/S #2"": ""450"", ""S/T #2"": ""460"", ""H/T #2"": ""130"", ""REACH #2"": ""480"", ""STACK #2"": ""647"", ""BB OFFSET #2"": ""33"", ""FRONT ANGLE #2"": ""64,6°"", ""REAR ANGLE #2"": ""76,5º"", ""WHEELBASE #2"": ""1278""}",12499,false,https://www.megamo.com/es/e-bike/e-full-suspension/flame-crb/flame-crb-00-(26)-2,https://www.megamo.com/es/e-bike/e-full-suspension/flame-crb/flame-crb-00-(26)-2,html,2026-10-05
Megamo,FLAME CRB [d3a0bef3],FLAME CRB 01,2026,emtb,S,S,,,,,,613,435,"{""T/T"": ""582"", ""C/S"": ""450"", ""S/T"": ""400"", ""H/T"": ""100"", ""REACH"": ""435"", ""STACK"": ""613"", ""BB OFFSET"": ""30"", ""FRONT ANGLE"": ""65°"", ""REAR ANGLE"": ""76,5º"", ""WHEELBASE"": ""1205"", ""T/T #2"": ""574"", ""C/S #2"": ""450"", ""S/T #2"": ""400"", ""H/T #2"": ""100"", ""REACH #2"": ""425"", ""STACK #2"": ""620"", ""BB OFFSET #2"": ""33"", ""FRONT ANGLE #2"": ""64,6°"", ""REAR ANGLE #2"": ""76,5º"", ""WHEELBASE #2"": ""1209""}",11999,false,https://www.megamo.com/es/e-bike/e-full-suspension/flame-crb/flame-crb-01-(26),https://www.megamo.com/es/e-bike/e-full-suspension/flame-crb/flame-crb-01-(26),html,2026-10-05
Megamo,FLAME CRB [d3a0bef3],FLAME CRB 01,2026,emtb,M,M,,,,,,621,460,"{""T/T"": ""609"", ""C/S"": ""450"", ""S/T"": ""420"", ""H/T"": ""110"", ""REACH"": ""460"", ""STACK"": ""621"", ""BB OFFSET"": ""30"", ""FRONT ANGLE"": ""65°"", ""REAR ANGLE"": ""76,5º"", ""WHEELBASE"": ""1234"", ""T/T #2"": ""601"", ""C/S #2"": ""450"", ""S/T #2"": ""420"", ""H/T #2"": ""110"", ""REACH #2"": ""450"", ""STACK #2"": ""629"", ""BB OFFSET #2"": ""33"", ""FRONT ANGLE #2"": ""64,6°"", ""REAR ANGLE #2"": ""76,5º"", ""WHEELBASE #2"": ""1238""}",11999,false,https://www.megamo.com/es/e-bike/e-full-suspension/flame-crb/flame-crb-01-(26),https://www.megamo.com/es/e-bike/e-full-suspension/flame-crb/flame-crb-01-(26),html,2026-10-05
Megamo,FLAME CRB [d3a0bef3],FLAME CRB 01,2026,emtb,L,L,,,,,,640,490,"{""T/T"": ""644"", ""C/S"": ""450"", ""S/T"": ""460"", ""H/T"": ""130"", ""REACH"": ""490"", ""STACK"": ""640"", ""BB OFFSET"": ""30"", ""FRONT ANGLE"": ""65°"", ""REAR ANGLE"": ""76,5º"", ""WHEELBASE"": ""1273"", ""T/T #2"": ""636"", ""C/S #2"": ""450"", ""S/T #2"": ""460"", ""H/T #2"": ""130"", ""REACH #2"": ""480"", ""STACK #2"": ""647"", ""BB OFFSET #2"": ""33"", ""FRONT ANGLE #2"": ""64,6°"", ""REAR ANGLE #2"": ""76,5º"", ""WHEELBASE #2"": ""1278""}",11999,false,https://www.megamo.com/es/e-bike/e-full-suspension/flame-crb/flame-crb-01-(26),https://www.megamo.com/es/e-bike/e-full-suspension/flame-crb/flame-crb-01-(26),html,2026-10-05
Megamo,FLAME CRB [d3a0bef3],FLAME CRB 03,2026,emtb,S,S,,,,,,613,435,"{""T/T"": ""582"", ""C/S"": ""450"", ""S/T"": ""400"", ""H/T"": ""100"", ""REACH"": ""435"", ""STACK"": ""613"", ""BB OFFSET"": ""30"", ""FRONT ANGLE"": ""65°"", ""REAR ANGLE"": ""76,5º"", ""WHEELBASE"": ""1205"", ""T/T #2"": ""574"", ""C/S #2"": ""450"", ""S/T #2"": ""400"", ""H/T #2"": ""100"", ""REACH #2"": ""425"", ""STACK #2"": ""620"", ""BB OFFSET #2"": ""33"", ""FRONT ANGLE #2"": ""64,6°"", ""REAR ANGLE #2"": ""76,5º"", ""WHEELBASE #2"": ""1209""}",7999,false,https://www.megamo.com/es/e-bike/e-full-suspension/flame-crb/flame-crb-03-(26),https://www.megamo.com/es/e-bike/e-full-suspension/flame-crb/flame-crb-03-(26),html,2026-10-05
Megamo,FLAME CRB [d3a0bef3],FLAME CRB 03,2026,emtb,M,M,,,,,,621,460,"{""T/T"": ""609"", ""C/S"": ""450"", ""S/T"": ""420"", ""H/T"": ""110"", ""REACH"": ""460"", ""STACK"": ""621"", ""BB OFFSET"": ""30"", ""FRONT ANGLE"": ""65°"", ""REAR ANGLE"": ""76,5º"", ""WHEELBASE"": ""1234"", ""T/T #2"": ""601"", ""C/S #2"": ""450"", ""S/T #2"": ""420"", ""H/T #2"": ""110"", ""REACH #2"": ""450"", ""STACK #2"": ""629"", ""BB OFFSET #2"": ""33"", ""FRONT ANGLE #2"": ""64,6°"", ""REAR ANGLE #2"": ""76,5º"", ""WHEELBASE #2"": ""1238""}",7999,false,https://www.megamo.com/es/e-bike/e-full-suspension/flame-crb/flame-crb-03-(26),https://www.megamo.com/es/e-bike/e-full-suspension/flame-crb/flame-crb-03-(26),html,2026-10-05
Megamo,FLAME CRB [d3a0bef3],FLAME CRB 03,2026,emtb,L,L,,,,,,640,490,"{""T/T"": ""644"", ""C/S"": ""450"", ""S/T"": ""460"", ""H/T"": ""130"", ""REACH"": ""490"", ""STACK"": ""640"", ""BB OFFSET"": ""30"", ""FRONT ANGLE"": ""65°"", ""REAR ANGLE"": ""76,5º"", ""WHEELBASE"": ""1273"", ""T/T #2"": ""636"", ""C/S #2"": ""450"", ""S/T #2"": ""460"", ""H/T #2"": ""130"", ""REACH #2"": ""480"", ""STACK #2"": ""647"", ""BB OFFSET #2"": ""33"", ""FRONT ANGLE #2"": ""64,6°"", ""REAR ANGLE #2"": ""76,5º"", ""WHEELBASE #2"": ""1278""}",7999,false,https://www.megamo.com/es/e-bike/e-full-suspension/flame-crb/flame-crb-03-(26),https://www.megamo.com/es/e-bike/e-full-suspension/flame-crb/flame-crb-03-(26),html,2026-10-05
Megamo,FLAME CRB [d3a0bef3],FLAME CRB 07,2026,emtb,S,S,,,,,,613,435,"{""T/T"": ""582"", ""C/S"": ""450"", ""S/T"": ""400"", ""H/T"": ""100"", ""REACH"": ""435"", ""STACK"": ""613"", ""BB OFFSET"": ""30"", ""FRONT ANGLE"": ""65°"", ""REAR ANGLE"": ""76,5º"", ""WHEELBASE"": ""1205"", ""T/T #2"": ""574"", ""C/S #2"": ""450"", ""S/T #2"": ""400"", ""H/T #2"": ""100"", ""REACH #2"": ""425"", ""STACK #2"": ""620"", ""BB OFFSET #2"": ""33"", ""FRONT ANGLE #2"": ""64,6°"", ""REAR ANGLE #2"": ""76,5º"", ""WHEELBASE #2"": ""1209""}",6499,false,https://www.megamo.com/es/e-bike/e-full-suspension/flame-crb/flame-crb-07-(26),https://www.megamo.com/es/e-bike/e-full-suspension/flame-crb/flame-crb-07-(26),html,2026-10-05
Megamo,FLAME CRB [d3a0bef3],FLAME CRB 07,2026,emtb,M,M,,,,,,621,460,"{""T/T"": ""609"", ""C/S"": ""450"", ""S/T"": ""420"", ""H/T"": ""110"", ""REACH"": ""460"", ""STACK"": ""621"", ""BB OFFSET"": ""30"", ""FRONT ANGLE"": ""65°"", ""REAR ANGLE"": ""76,5º"", ""WHEELBASE"": ""1234"", ""T/T #2"": ""601"", ""C/S #2"": ""450"", ""S/T #2"": ""420"", ""H/T #2"": ""110"", ""REACH #2"": ""450"", ""STACK #2"": ""629"", ""BB OFFSET #2"": ""33"", ""FRONT ANGLE #2"": ""64,6°"", ""REAR ANGLE #2"": ""76,5º"", ""WHEELBASE #2"": ""1238""}",6499,false,https://www.megamo.com/es/e-bike/e-full-suspension/flame-crb/flame-crb-07-(26),https://www.megamo.com/es/e-bike/e-full-suspension/flame-crb/flame-crb-07-(26),html,2026-10-05
Megamo,FLAME CRB [d3a0bef3],FLAME CRB 07,2026,emtb,L,L,,,,,,640,490,"{""T/T"": ""644"", ""C/S"": ""450"", ""S/T"": ""460"", ""H/T"": ""130"", ""REACH"": ""490"", ""STACK"": ""640"", ""BB OFFSET"": ""30"", ""FRONT ANGLE"": ""65°"", ""REAR ANGLE"": ""76,5º"", ""WHEELBASE"": ""1273"", ""T/T #2"": ""636"", ""C/S #2"": ""450"", ""S/T #2"": ""460"", ""H/T #2"": ""130"", ""REACH #2"": ""480"", ""STACK #2"": ""647"", ""BB OFFSET #2"": ""33"", ""FRONT ANGLE #2"": ""64,6°"", ""REAR ANGLE #2"": ""76,5º"", ""WHEELBASE #2"": ""1278""}",6499,false,https://www.megamo.com/es/e-bike/e-full-suspension/flame-crb/flame-crb-07-(26),https://www.megamo.com/es/e-bike/e-full-suspension/flame-crb/flame-crb-07-(26),html,2026-10-05
Megamo,FLAME CRB [d3a0bef3],FLAME CRB 10,2026,emtb,S,S,,,,,,613,435,"{""T/T"": ""582"", ""C/S"": ""450"", ""S/T"": ""400"", ""H/T"": ""100"", ""REACH"": ""435"", ""STACK"": ""613"", ""BB OFFSET"": ""30"", ""FRONT ANGLE"": ""65°"", ""REAR ANGLE"": ""76,5º"", ""WHEELBASE"": ""1205"", ""T/T #2"": ""574"", ""C/S #2"": ""450"", ""S/T #2"": ""400"", ""H/T #2"": ""100"", ""REACH #2"": ""425"", ""STACK #2"": ""620"", ""BB OFFSET #2"": ""33"", ""FRONT ANGLE #2"": ""64,6°"", ""REAR ANGLE #2"": ""76,5º"", ""WHEELBASE #2"": ""1209""}",5699,false,https://www.megamo.com/es/e-bike/e-full-suspension/flame-crb/flame-crb-10-(26),https://www.megamo.com/es/e-bike/e-full-suspension/flame-crb/flame-crb-10-(26),html,2026-10-05
Megamo,FLAME CRB [d3a0bef3],FLAME CRB 10,2026,emtb,M,M,,,,,,621,460,"{""T/T"": ""609"", ""C/S"": ""450"", ""S/T"": ""420"", ""H/T"": ""110"", ""REACH"": ""460"", ""STACK"": ""621"", ""BB OFFSET"": ""30"", ""FRONT ANGLE"": ""65°"", ""REAR ANGLE"": ""76,5º"", ""WHEELBASE"": ""1234"", ""T/T #2"": ""601"", ""C/S #2"": ""450"", ""S/T #2"": ""420"", ""H/T #2"": ""110"", ""REACH #2"": ""450"", ""STACK #2"": ""629"", ""BB OFFSET #2"": ""33"", ""FRONT ANGLE #2"": ""64,6°"", ""REAR ANGLE #2"": ""76,5º"", ""WHEELBASE #2"": ""1238""}",5699,false,https://www.megamo.com/es/e-bike/e-full-suspension/flame-crb/flame-crb-10-(26),https://www.megamo.com/es/e-bike/e-full-suspension/flame-crb/flame-crb-10-(26),html,2026-10-05
Megamo,FLAME CRB [d3a0bef3],FLAME CRB 10,2026,emtb,L,L,,,,,,640,490,"{""T/T"": ""644"", ""C/S"": ""450"", ""S/T"": ""460"", ""H/T"": ""130"", ""REACH"": ""490"", ""STACK"": ""640"", ""BB OFFSET"": ""30"", ""FRONT ANGLE"": ""65°"", ""REAR ANGLE"": ""76,5º"", ""WHEELBASE"": ""1273"", ""T/T #2"": ""636"", ""C/S #2"": ""450"", ""S/T #2"": ""460"", ""H/T #2"": ""130"", ""REACH #2"": ""480"", ""STACK #2"": ""647"", ""BB OFFSET #2"": ""33"", ""FRONT ANGLE #2"": ""64,6°"", ""REAR ANGLE #2"": ""76,5º"", ""WHEELBASE #2"": ""1278""}",5699,false,https://www.megamo.com/es/e-bike/e-full-suspension/flame-crb/flame-crb-10-(26),https://www.megamo.com/es/e-bike/e-full-suspension/flame-crb/flame-crb-10-(26),html,2026-10-05
Megamo,FLAME AL 03 [cc9472ce],FLAME AL 03,2026,emtb,S,S,,,170,<170,cm,620,435,"{""T/T"": ""590"", ""C/S"": ""460"", ""S/T"": ""410"", ""H/T"": ""110"", ""REACH"": ""435"", ""STACK"": ""620"", ""BB OFFSET"": ""28"", ""FRONT ANGLE"": ""65°"", ""REAR ANGLE"": ""76º"", ""WHEELBASE"": ""1219"", ""standover height"": ""783""}",6999,false,https://www.megamo.com/es/e-bike/e-full-suspension/flame-al/flame-al-03-(26),https://www.megamo.com/es/e-bike/e-full-suspension/flame-al/flame-al-03-(26),html,2026-10-05
Megamo,FLAME AL 03 [cc9472ce],FLAME AL 03,2026,emtb,M,M,,170,180,170 - 180,cm,629,453,"{""T/T"": ""610"", ""C/S"": ""460"", ""S/T"": ""435"", ""H/T"": ""120"", ""REACH"": ""453"", ""STACK"": ""629"", ""BB OFFSET"": ""28"", ""FRONT ANGLE"": ""65°"", ""REAR ANGLE"": ""76º"", ""WHEELBASE"": ""1241"", ""standover height"": ""783""}",6999,false,https://www.megamo.com/es/e-bike/e-full-suspension/flame-al/flame-al-03-(26),https://www.megamo.com/es/e-bike/e-full-suspension/flame-al/flame-al-03-(26),html,2026-10-05
Megamo,FLAME AL 03 [cc9472ce],FLAME AL 03,2026,emtb,L,L,,180,,180<,cm,647,484,"{""T/T"": ""645"", ""C/S"": ""460"", ""S/T"": ""470"", ""H/T"": ""140"", ""REACH"": ""484"", ""STACK"": ""647"", ""BB OFFSET"": ""28"", ""FRONT ANGLE"": ""65°"", ""REAR ANGLE"": ""76º"", ""WHEELBASE"": ""1280"", ""standover height"": ""783""}",6999,false,https://www.megamo.com/es/e-bike/e-full-suspension/flame-al/flame-al-03-(26),https://www.megamo.com/es/e-bike/e-full-suspension/flame-al/flame-al-03-(26),html,2026-10-05
Megamo,FLAME AL 03 [cc9472ce],FLAME AL 05,2026,emtb,S,S,,,170,<170,cm,620,435,"{""T/T"": ""590"", ""C/S"": ""460"", ""S/T"": ""410"", ""H/T"": ""110"", ""REACH"": ""435"", ""STACK"": ""620"", ""BB OFFSET"": ""28"", ""FRONT ANGLE"": ""65°"", ""REAR ANGLE"": ""76º"", ""WHEELBASE"": ""1219"", ""standover height"": ""783""}",6099,false,https://www.megamo.com/es/e-bike/e-full-suspension/flame-al/flame-al-05-(26),https://www.megamo.com/es/e-bike/e-full-suspension/flame-al/flame-al-05-(26),html,2026-10-05
Megamo,FLAME AL 03 [cc9472ce],FLAME AL 05,2026,emtb,M,M,,170,180,170 - 180,cm,629,453,"{""T/T"": ""610"", ""C/S"": ""460"", ""S/T"": ""435"", ""H/T"": ""120"", ""REACH"": ""453"", ""STACK"": ""629"", ""BB OFFSET"": ""28"", ""FRONT ANGLE"": ""65°"", ""REAR ANGLE"": ""76º"", ""WHEELBASE"": ""1241"", ""standover height"": ""783""}",6099,false,https://www.megamo.com/es/e-bike/e-full-suspension/flame-al/flame-al-05-(26),https://www.megamo.com/es/e-bike/e-full-suspension/flame-al/flame-al-05-(26),html,2026-10-05
Megamo,FLAME AL 03 [cc9472ce],FLAME AL 05,2026,emtb,L,L,,180,,180<,cm,647,484,"{""T/T"": ""645"", ""C/S"": ""460"", ""S/T"": ""470"", ""H/T"": ""140"", ""REACH"": ""484"", ""STACK"": ""647"", ""BB OFFSET"": ""28"", ""FRONT ANGLE"": ""65°"", ""REAR ANGLE"": ""76º"", ""WHEELBASE"": ""1280"", ""standover height"": ""783""}",6099,false,https://www.megamo.com/es/e-bike/e-full-suspension/flame-al/flame-al-05-(26),https://www.megamo.com/es/e-bike/e-full-suspension/flame-al/flame-al-05-(26),html,2026-10-05
Megamo,FLAME AL 03 [cc9472ce],FLAME AL 08,2026,emtb,S,S,,,170,<170,cm,620,435,"{""T/T"": ""590"", ""C/S"": ""460"", ""S/T"": ""410"", ""H/T"": ""110"", ""REACH"": ""435"", ""STACK"": ""620"", ""BB OFFSET"": ""28"", ""FRONT ANGLE"": ""65°"", ""REAR ANGLE"": ""76º"", ""WHEELBASE"": ""1219"", ""standover height"": ""783""}",5499,false,https://www.megamo.com/es/e-bike/e-full-suspension/flame-al/flame-al-08-(26),https://www.megamo.com/es/e-bike/e-full-suspension/flame-al/flame-al-08-(26),html,2026-10-05
Megamo,FLAME AL 03 [cc9472ce],FLAME AL 08,2026,emtb,M,M,,170,180,170 - 180,cm,629,453,"{""T/T"": ""610"", ""C/S"": ""460"", ""S/T"": ""435"", ""H/T"": ""120"", ""REACH"": ""453"", ""STACK"": ""629"", ""BB OFFSET"": ""28"", ""FRONT ANGLE"": ""65°"", ""REAR ANGLE"": ""76º"", ""WHEELBASE"": ""1241"", ""standover height"": ""783""}",5499,false,https://www.megamo.com/es/e-bike/e-full-suspension/flame-al/flame-al-08-(26),https://www.megamo.com/es/e-bike/e-full-suspension/flame-al/flame-al-08-(26),html,2026-10-05
Megamo,FLAME AL 03 [cc9472ce],FLAME AL 08,2026,emtb,L,L,,180,,180<,cm,647,484,"{""T/T"": ""645"", ""C/S"": ""460"", ""S/T"": ""470"", ""H/T"": ""140"", ""REACH"": ""484"", ""STACK"": ""647"", ""BB OFFSET"": ""28"", ""FRONT ANGLE"": ""65°"", ""REAR ANGLE"": ""76º"", ""WHEELBASE"": ""1280"", ""standover height"": ""783""}",5499,false,https://www.megamo.com/es/e-bike/e-full-suspension/flame-al/flame-al-08-(26),https://www.megamo.com/es/e-bike/e-full-suspension/flame-al/flame-al-08-(26),html,2026-10-05
Megamo,FLAME AL 03 [cc9472ce],FLAME AL 10,2026,emtb,S,S,,,170,<170,cm,620,435,"{""T/T"": ""590"", ""C/S"": ""460"", ""S/T"": ""410"", ""H/T"": ""110"", ""REACH"": ""435"", ""STACK"": ""620"", ""BB OFFSET"": ""28"", ""FRONT ANGLE"": ""65°"", ""REAR ANGLE"": ""76º"", ""WHEELBASE"": ""1219"", ""standover height"": ""783""}",4999,false,https://www.megamo.com/es/e-bike/e-full-suspension/flame-al/flame-al-10-(26),https://www.megamo.com/es/e-bike/e-full-suspension/flame-al/flame-al-10-(26),html,2026-10-05
Megamo,FLAME AL 03 [cc9472ce],FLAME AL 10,2026,emtb,M,M,,170,180,170 - 180,cm,629,453,"{""T/T"": ""610"", ""C/S"": ""460"", ""S/T"": ""435"", ""H/T"": ""120"", ""REACH"": ""453"", ""STACK"": ""629"", ""BB OFFSET"": ""28"", ""FRONT ANGLE"": ""65°"", ""REAR ANGLE"": ""76º"", ""WHEELBASE"": ""1241"", ""standover height"": ""783""}",4999,false,https://www.megamo.com/es/e-bike/e-full-suspension/flame-al/flame-al-10-(26),https://www.megamo.com/es/e-bike/e-full-suspension/flame-al/flame-al-10-(26),html,2026-10-05
Megamo,FLAME AL 03 [cc9472ce],FLAME AL 10,2026,emtb,L,L,,180,,180<,cm,647,484,"{""T/T"": ""645"", ""C/S"": ""460"", ""S/T"": ""470"", ""H/T"": ""140"", ""REACH"": ""484"", ""STACK"": ""647"", ""BB OFFSET"": ""28"", ""FRONT ANGLE"": ""65°"", ""REAR ANGLE"": ""76º"", ""WHEELBASE"": ""1280"", ""standover height"": ""783""}",4999,false,https://www.megamo.com/es/e-bike/e-full-suspension/flame-al/flame-al-10-(26),https://www.megamo.com/es/e-bike/e-full-suspension/flame-al/flame-al-10-(26),html,2026-10-05
Megamo,FLAME AL 03 [cc9472ce],REACH FS 05,2026,emtb,S,S,,,170,<170,cm,620,435,"{""T/T"": ""590"", ""C/S"": ""460"", ""S/T"": ""410"", ""H/T"": ""110"", ""REACH"": ""435"", ""STACK"": ""620"", ""BB OFFSET"": ""28"", ""FRONT ANGLE"": ""65°"", ""REAR ANGLE"": ""76º"", ""WHEELBASE"": ""1219"", ""standover height"": ""783""}",5699,false,https://www.megamo.com/es/e-bike/e-full-suspension/reach-fs/reach-fs-05-(26),https://www.megamo.com/es/e-bike/e-full-suspension/reach-fs/reach-fs-05-(26),html,2026-10-05
Megamo,FLAME AL 03 [cc9472ce],REACH FS 05,2026,emtb,M,M,,170,180,170 - 180,cm,629,453,"{""T/T"": ""610"", ""C/S"": ""460"", ""S/T"": ""435"", ""H/T"": ""120"", ""REACH"": ""453"", ""STACK"": ""629"", ""BB OFFSET"": ""28"", ""FRONT ANGLE"": ""65°"", ""REAR ANGLE"": ""76º"", ""WHEELBASE"": ""1241"", ""standover height"": ""783""}",5699,false,https://www.megamo.com/es/e-bike/e-full-suspension/reach-fs/reach-fs-05-(26),https://www.megamo.com/es/e-bike/e-full-suspension/reach-fs/reach-fs-05-(26),html,2026-10-05
Megamo,FLAME AL 03 [cc9472ce],REACH FS 05,2026,emtb,L,L,,180,,180<,cm,647,484,"{""T/T"": ""645"", ""C/S"": ""460"", ""S/T"": ""470"", ""H/T"": ""140"", ""REACH"": ""484"", ""STACK"": ""647"", ""BB OFFSET"": ""28"", ""FRONT ANGLE"": ""65°"", ""REAR ANGLE"": ""76º"", ""WHEELBASE"": ""1280"", ""standover height"": ""783""}",5699,false,https://www.megamo.com/es/e-bike/e-full-suspension/reach-fs/reach-fs-05-(26),https://www.megamo.com/es/e-bike/e-full-suspension/reach-fs/reach-fs-05-(26),html,2026-10-05
Megamo,FLAME AL 03 [cc9472ce],REACH FS 10,2026,emtb,S,S,,,170,<170,cm,620,435,"{""T/T"": ""590"", ""C/S"": ""460"", ""S/T"": ""410"", ""H/T"": ""110"", ""REACH"": ""435"", ""STACK"": ""620"", ""BB OFFSET"": ""28"", ""FRONT ANGLE"": ""65°"", ""REAR ANGLE"": ""76º"", ""WHEELBASE"": ""1219"", ""standover height"": ""783""}",4999,false,https://www.megamo.com/es/e-bike/e-full-suspension/reach-fs/reach-fs-10-(26),https://www.megamo.com/es/e-bike/e-full-suspension/reach-fs/reach-fs-10-(26),html,2026-10-05
Megamo,FLAME AL 03 [cc9472ce],REACH FS 10,2026,emtb,M,M,,170,180,170 - 180,cm,629,453,"{""T/T"": ""610"", ""C/S"": ""460"", ""S/T"": ""435"", ""H/T"": ""120"", ""REACH"": ""453"", ""STACK"": ""629"", ""BB OFFSET"": ""28"", ""FRONT ANGLE"": ""65°"", ""REAR ANGLE"": ""76º"", ""WHEELBASE"": ""1241"", ""standover height"": ""783""}",4999,false,https://www.megamo.com/es/e-bike/e-full-suspension/reach-fs/reach-fs-10-(26),https://www.megamo.com/es/e-bike/e-full-suspension/reach-fs/reach-fs-10-(26),html,2026-10-05
Megamo,FLAME AL 03 [cc9472ce],REACH FS 10,2026,emtb,L,L,,180,,180<,cm,647,484,"{""T/T"": ""645"", ""C/S"": ""460"", ""S/T"": ""470"", ""H/T"": ""140"", ""REACH"": ""484"", ""STACK"": ""647"", ""BB OFFSET"": ""28"", ""FRONT ANGLE"": ""65°"", ""REAR ANGLE"": ""76º"", ""WHEELBASE"": ""1280"", ""standover height"": ""783""}",4999,false,https://www.megamo.com/es/e-bike/e-full-suspension/reach-fs/reach-fs-10-(26),https://www.megamo.com/es/e-bike/e-full-suspension/reach-fs/reach-fs-10-(26),html,2026-10-05
Megamo,REACH HT [55376043],REACH HT 05,2026,emtb,S,S,,,163,< 163,cm,643,401,"{""T/T"": ""585"", ""C/S"": ""475"", ""S/T"": ""380"", ""H/T"": ""120"", ""REACH"": ""401"", ""STACK"": ""643"", ""BB OFFSET"": ""65"", ""FRONT ANGLE"": ""67.3°"", ""REAR ANGLE"": ""74º"", ""WHEELBASE"": ""1166""}",4199,false,https://www.megamo.com/es/e-bike/e-hardtail/reach-ht/reach-ht-05-(26),https://www.megamo.com/es/e-bike/e-hardtail/reach-ht/reach-ht-05-(26),html,2026-10-05
Megamo,REACH HT [55376043],REACH HT 05,2026,emtb,M,M,,163,176,163 - 176,cm,657,432,"{""T/T"": ""620"", ""C/S"": ""475"", ""S/T"": ""430"", ""H/T"": ""135"", ""REACH"": ""432"", ""STACK"": ""657"", ""BB OFFSET"": ""65"", ""FRONT ANGLE"": ""67.3°"", ""REAR ANGLE"": ""74º"", ""WHEELBASE"": ""1202""}",4199,false,https://www.megamo.com/es/e-bike/e-hardtail/reach-ht/reach-ht-05-(26),https://www.megamo.com/es/e-bike/e-hardtail/reach-ht/reach-ht-05-(26),html,2026-10-05
Megamo,REACH HT [55376043],REACH HT 05,2026,emtb,L,L,,176,185,176 - 185,cm,670,448,"{""T/T"": ""640"", ""C/S"": ""475"", ""S/T"": ""485"", ""H/T"": ""150"", ""REACH"": ""448"", ""STACK"": ""670"", ""BB OFFSET"": ""65"", ""FRONT ANGLE"": ""67.3°"", ""REAR ANGLE"": ""74º"", ""WHEELBASE"": ""1224""}",4199,false,https://www.megamo.com/es/e-bike/e-hardtail/reach-ht/reach-ht-05-(26),https://www.megamo.com/es/e-bike/e-hardtail/reach-ht/reach-ht-05-(26),html,2026-10-05
Megamo,REACH HT [55376043],REACH HT 05,2026,emtb,XL,XL,,185,,185 <,cm,727,452,"{""T/T"": ""660"", ""C/S"": ""475"", ""S/T"": ""520"", ""H/T"": ""205"", ""REACH"": ""452"", ""STACK"": ""727"", ""BB OFFSET"": ""65"", ""FRONT ANGLE"": ""68.3°"", ""REAR ANGLE"": ""74º"", ""WHEELBASE"": ""1238""}",4199,false,https://www.megamo.com/es/e-bike/e-hardtail/reach-ht/reach-ht-05-(26),https://www.megamo.com/es/e-bike/e-hardtail/reach-ht/reach-ht-05-(26),html,2026-10-05
Megamo,REACH HT [55376043],REACH HT 10,2026,emtb,S,S,,,163,< 163,cm,643,401,"{""T/T"": ""585"", ""C/S"": ""475"", ""S/T"": ""380"", ""H/T"": ""120"", ""REACH"": ""401"", ""STACK"": ""643"", ""BB OFFSET"": ""65"", ""FRONT ANGLE"": ""67.3°"", ""REAR ANGLE"": ""74º"", ""WHEELBASE"": ""1166""}",3799,false,https://www.megamo.com/es/e-bike/e-hardtail/reach-ht/reach-ht-10-(26),https://www.megamo.com/es/e-bike/e-hardtail/reach-ht/reach-ht-10-(26),html,2026-10-05
Megamo,REACH HT [55376043],REACH HT 10,2026,emtb,M,M,,163,176,163 - 176,cm,657,432,"{""T/T"": ""620"", ""C/S"": ""475"", ""S/T"": ""430"", ""H/T"": ""135"", ""REACH"": ""432"", ""STACK"": ""657"", ""BB OFFSET"": ""65"", ""FRONT ANGLE"": ""67.3°"", ""REAR ANGLE"": ""74º"", ""WHEELBASE"": ""1202""}",3799,false,https://www.megamo.com/es/e-bike/e-hardtail/reach-ht/reach-ht-10-(26),https://www.megamo.com/es/e-bike/e-hardtail/reach-ht/reach-ht-10-(26),html,2026-10-05
Megamo,REACH HT [55376043],REACH HT 10,2026,emtb,L,L,,176,185,176 - 185,cm,670,448,"{""T/T"": ""640"", ""C/S"": ""475"", ""S/T"": ""485"", ""H/T"": ""150"", ""REACH"": ""448"", ""STACK"": ""670"", ""BB OFFSET"": ""65"", ""FRONT ANGLE"": ""67.3°"", ""REAR ANGLE"": ""74º"", ""WHEELBASE"": ""1224""}",3799,false,https://www.megamo.com/es/e-bike/e-hardtail/reach-ht/reach-ht-10-(26),https://www.megamo.com/es/e-bike/e-hardtail/reach-ht/reach-ht-10-(26),html,2026-10-05
Megamo,REACH HT [55376043],REACH HT 10,2026,emtb,XL,XL,,185,,185 <,cm,727,452,"{""T/T"": ""660"", ""C/S"": ""475"", ""S/T"": ""520"", ""H/T"": ""205"", ""REACH"": ""452"", ""STACK"": ""727"", ""BB OFFSET"": ""65"", ""FRONT ANGLE"": ""68.3°"", ""REAR ANGLE"": ""74º"", ""WHEELBASE"": ""1238""}",3799,false,https://www.megamo.com/es/e-bike/e-hardtail/reach-ht/reach-ht-10-(26),https://www.megamo.com/es/e-bike/e-hardtail/reach-ht/reach-ht-10-(26),html,2026-10-05
Megamo,REACH HT [55376043],REACH HT 20,2026,emtb,S,S,,,163,< 163,cm,643,401,"{""T/T"": ""585"", ""C/S"": ""475"", ""S/T"": ""380"", ""H/T"": ""120"", ""REACH"": ""401"", ""STACK"": ""643"", ""BB OFFSET"": ""65"", ""FRONT ANGLE"": ""67.3°"", ""REAR ANGLE"": ""74º"", ""WHEELBASE"": ""1166""}",3199,false,https://www.megamo.com/es/e-bike/e-hardtail/reach-ht/reach-ht-20-(26),https://www.megamo.com/es/e-bike/e-hardtail/reach-ht/reach-ht-20-(26),html,2026-10-05
Megamo,REACH HT [55376043],REACH HT 20,2026,emtb,M,M,,163,176,163 - 176,cm,657,432,"{""T/T"": ""620"", ""C/S"": ""475"", ""S/T"": ""430"", ""H/T"": ""135"", ""REACH"": ""432"", ""STACK"": ""657"", ""BB OFFSET"": ""65"", ""FRONT ANGLE"": ""67.3°"", ""REAR ANGLE"": ""74º"", ""WHEELBASE"": ""1202""}",3199,false,https://www.megamo.com/es/e-bike/e-hardtail/reach-ht/reach-ht-20-(26),https://www.megamo.com/es/e-bike/e-hardtail/reach-ht/reach-ht-20-(26),html,2026-10-05
Megamo,REACH HT [55376043],REACH HT 20,2026,emtb,L,L,,176,185,176 - 185,cm,670,448,"{""T/T"": ""640"", ""C/S"": ""475"", ""S/T"": ""485"", ""H/T"": ""150"", ""REACH"": ""448"", ""STACK"": ""670"", ""BB OFFSET"": ""65"", ""FRONT ANGLE"": ""67.3°"", ""REAR ANGLE"": ""74º"", ""WHEELBASE"": ""1224""}",3199,false,https://www.megamo.com/es/e-bike/e-hardtail/reach-ht/reach-ht-20-(26),https://www.megamo.com/es/e-bike/e-hardtail/reach-ht/reach-ht-20-(26),html,2026-10-05
Megamo,REACH HT [55376043],REACH HT 20,2026,emtb,XL,XL,,185,,185 <,cm,727,452,"{""T/T"": ""660"", ""C/S"": ""475"", ""S/T"": ""520"", ""H/T"": ""205"", ""REACH"": ""452"", ""STACK"": ""727"", ""BB OFFSET"": ""65"", ""FRONT ANGLE"": ""68.3°"", ""REAR ANGLE"": ""74º"", ""WHEELBASE"": ""1238""}",3199,false,https://www.megamo.com/es/e-bike/e-hardtail/reach-ht/reach-ht-20-(26),https://www.megamo.com/es/e-bike/e-hardtail/reach-ht/reach-ht-20-(26),html,2026-10-05
Megamo,REACH HT [55376043],REACH HT 05 EQUIPPED,2026,emtb,S,S,,,163,< 163,cm,643,401,"{""T/T"": ""585"", ""C/S"": ""475"", ""S/T"": ""380"", ""H/T"": ""120"", ""REACH"": ""401"", ""STACK"": ""643"", ""BB OFFSET"": ""65"", ""FRONT ANGLE"": ""67.3°"", ""REAR ANGLE"": ""74º"", ""WHEELBASE"": ""1166""}",4399,false,https://www.megamo.com/es/e-bike/e-hardtail/reach-ht/reach-ht-05-equipped-(26),https://www.megamo.com/es/e-bike/e-hardtail/reach-ht/reach-ht-05-equipped-(26),html,2026-10-05
Megamo,REACH HT [55376043],REACH HT 05 EQUIPPED,2026,emtb,M,M,,163,176,163 - 176,cm,657,432,"{""T/T"": ""620"", ""C/S"": ""475"", ""S/T"": ""430"", ""H/T"": ""135"", ""REACH"": ""432"", ""STACK"": ""657"", ""BB OFFSET"": ""65"", ""FRONT ANGLE"": ""67.3°"", ""REAR ANGLE"": ""74º"", ""WHEELBASE"": ""1202""}",4399,false,https://www.megamo.com/es/e-bike/e-hardtail/reach-ht/reach-ht-05-equipped-(26),https://www.megamo.com/es/e-bike/e-hardtail/reach-ht/reach-ht-05-equipped-(26),html,2026-10-05
Megamo,REACH HT [55376043],REACH HT 05 EQUIPPED,2026,emtb,L,L,,176,185,176 - 185,cm,670,448,"{""T/T"": ""640"", ""C/S"": ""475"", ""S/T"": ""485"", ""H/T"": ""150"", ""REACH"": ""448"", ""STACK"": ""670"", ""BB OFFSET"": ""65"", ""FRONT ANGLE"": ""67.3°"", ""REAR ANGLE"": ""74º"", ""WHEELBASE"": ""1224""}",4399,false,https://www.megamo.com/es/e-bike/e-hardtail/reach-ht/reach-ht-05-equipped-(26),https://www.megamo.com/es/e-bike/e-hardtail/reach-ht/reach-ht-05-equipped-(26),html,2026-10-05
Megamo,REACH HT [55376043],REACH HT 05 EQUIPPED,2026,emtb,XL,XL,,185,,185 <,cm,727,452,"{""T/T"": ""660"", ""C/S"": ""475"", ""S/T"": ""520"", ""H/T"": ""205"", ""REACH"": ""452"", ""STACK"": ""727"", ""BB OFFSET"": ""65"", ""FRONT ANGLE"": ""68.3°"", ""REAR ANGLE"": ""74º"", ""WHEELBASE"": ""1238""}",4399,false,https://www.megamo.com/es/e-bike/e-hardtail/reach-ht/reach-ht-05-equipped-(26),https://www.megamo.com/es/e-bike/e-hardtail/reach-ht/reach-ht-05-equipped-(26),html,2026-10-05
Megamo,REACH HT [55376043],REACH HT 10 EQUIPPED,2026,emtb,S,S,,,163,< 163,cm,643,401,"{""T/T"": ""585"", ""C/S"": ""475"", ""S/T"": ""380"", ""H/T"": ""120"", ""REACH"": ""401"", ""STACK"": ""643"", ""BB OFFSET"": ""65"", ""FRONT ANGLE"": ""67.3°"", ""REAR ANGLE"": ""74º"", ""WHEELBASE"": ""1166""}",3999,false,https://www.megamo.com/es/e-bike/e-hardtail/reach-ht/reach-ht-10-equipped-(26),https://www.megamo.com/es/e-bike/e-hardtail/reach-ht/reach-ht-10-equipped-(26),html,2026-10-05
Megamo,REACH HT [55376043],REACH HT 10 EQUIPPED,2026,emtb,M,M,,163,176,163 - 176,cm,657,432,"{""T/T"": ""620"", ""C/S"": ""475"", ""S/T"": ""430"", ""H/T"": ""135"", ""REACH"": ""432"", ""STACK"": ""657"", ""BB OFFSET"": ""65"", ""FRONT ANGLE"": ""67.3°"", ""REAR ANGLE"": ""74º"", ""WHEELBASE"": ""1202""}",3999,false,https://www.megamo.com/es/e-bike/e-hardtail/reach-ht/reach-ht-10-equipped-(26),https://www.megamo.com/es/e-bike/e-hardtail/reach-ht/reach-ht-10-equipped-(26),html,2026-10-05
Megamo,REACH HT [55376043],REACH HT 10 EQUIPPED,2026,emtb,L,L,,176,185,176 - 185,cm,670,448,"{""T/T"": ""640"", ""C/S"": ""475"", ""S/T"": ""485"", ""H/T"": ""150"", ""REACH"": ""448"", ""STACK"": ""670"", ""BB OFFSET"": ""65"", ""FRONT ANGLE"": ""67.3°"", ""REAR ANGLE"": ""74º"", ""WHEELBASE"": ""1224""}",3999,false,https://www.megamo.com/es/e-bike/e-hardtail/reach-ht/reach-ht-10-equipped-(26),https://www.megamo.com/es/e-bike/e-hardtail/reach-ht/reach-ht-10-equipped-(26),html,2026-10-05
Megamo,REACH HT [55376043],REACH HT 10 EQUIPPED,2026,emtb,XL,XL,,185,,185 <,cm,727,452,"{""T/T"": ""660"", ""C/S"": ""475"", ""S/T"": ""520"", ""H/T"": ""205"", ""REACH"": ""452"", ""STACK"": ""727"", ""BB OFFSET"": ""65"", ""FRONT ANGLE"": ""68.3°"", ""REAR ANGLE"": ""74º"", ""WHEELBASE"": ""1238""}",3999,false,https://www.megamo.com/es/e-bike/e-hardtail/reach-ht/reach-ht-10-equipped-(26),https://www.megamo.com/es/e-bike/e-hardtail/reach-ht/reach-ht-10-equipped-(26),html,2026-10-05
Megamo,REACH HT [55376043],REACH HT 20 EQUIPPED,2026,emtb,S,S,,,163,< 163,cm,643,401,"{""T/T"": ""585"", ""C/S"": ""475"", ""S/T"": ""380"", ""H/T"": ""120"", ""REACH"": ""401"", ""STACK"": ""643"", ""BB OFFSET"": ""65"", ""FRONT ANGLE"": ""67.3°"", ""REAR ANGLE"": ""74º"", ""WHEELBASE"": ""1166""}",3299,false,https://www.megamo.com/es/e-bike/e-hardtail/reach-ht/reach-ht-20-equipped-(26),https://www.megamo.com/es/e-bike/e-hardtail/reach-ht/reach-ht-20-equipped-(26),html,2026-10-05
Megamo,REACH HT [55376043],REACH HT 20 EQUIPPED,2026,emtb,M,M,,163,176,163 - 176,cm,657,432,"{""T/T"": ""620"", ""C/S"": ""475"", ""S/T"": ""430"", ""H/T"": ""135"", ""REACH"": ""432"", ""STACK"": ""657"", ""BB OFFSET"": ""65"", ""FRONT ANGLE"": ""67.3°"", ""REAR ANGLE"": ""74º"", ""WHEELBASE"": ""1202""}",3299,false,https://www.megamo.com/es/e-bike/e-hardtail/reach-ht/reach-ht-20-equipped-(26),https://www.megamo.com/es/e-bike/e-hardtail/reach-ht/reach-ht-20-equipped-(26),html,2026-10-05
Megamo,REACH HT [55376043],REACH HT 20 EQUIPPED,2026,emtb,L,L,,176,185,176 - 185,cm,670,448,"{""T/T"": ""640"", ""C/S"": ""475"", ""S/T"": ""485"", ""H/T"": ""150"", ""REACH"": ""448"", ""STACK"": ""670"", ""BB OFFSET"": ""65"", ""FRONT ANGLE"": ""67.3°"", ""REAR ANGLE"": ""74º"", ""WHEELBASE"": ""1224""}",3299,false,https://www.megamo.com/es/e-bike/e-hardtail/reach-ht/reach-ht-20-equipped-(26),https://www.megamo.com/es/e-bike/e-hardtail/reach-ht/reach-ht-20-equipped-(26),html,2026-10-05
Megamo,REACH HT [55376043],REACH HT 20 EQUIPPED,2026,emtb,XL,XL,,185,,185 <,cm,727,452,"{""T/T"": ""660"", ""C/S"": ""475"", ""S/T"": ""520"", ""H/T"": ""205"", ""REACH"": ""452"", ""STACK"": ""727"", ""BB OFFSET"": ""65"", ""FRONT ANGLE"": ""68.3°"", ""REAR ANGLE"": ""74º"", ""WHEELBASE"": ""1238""}",3299,false,https://www.megamo.com/es/e-bike/e-hardtail/reach-ht/reach-ht-20-equipped-(26),https://www.megamo.com/es/e-bike/e-hardtail/reach-ht/reach-ht-20-equipped-(26),html,2026-10-05
Megamo,REACH LOW [07362e21],REACH LOW 05 EQUIPPED,2026,emtb,S,S,,,163,< 163,cm,689,407,"{""T/T"": ""605"", ""C/S"": ""475"", ""S/T"": ""370"", ""H/T"": ""175"", ""REACH"": ""407"", ""STACK"": ""689"", ""BB OFFSET"": ""28"", ""FRONT ANGLE"": ""68°"", ""REAR ANGLE"": ""76º"", ""WHEELBASE"": ""1184""}",4399,false,https://www.megamo.com/es/e-bike/e-hardtail/reach-low/reach-low-05-equipped-(26),https://www.megamo.com/es/e-bike/e-hardtail/reach-low/reach-low-05-equipped-(26),html,2026-10-05
Megamo,REACH LOW [07362e21],REACH LOW 05 EQUIPPED,2026,emtb,M,M,,163,176,163 - 176,cm,689,417,"{""T/T"": ""615"", ""C/S"": ""475"", ""S/T"": ""430"", ""H/T"": ""175"", ""REACH"": ""417"", ""STACK"": ""689"", ""BB OFFSET"": ""28"", ""FRONT ANGLE"": ""68°"", ""REAR ANGLE"": ""76º"", ""WHEELBASE"": ""1194""}",4399,false,https://www.megamo.com/es/e-bike/e-hardtail/reach-low/reach-low-05-equipped-(26),https://www.megamo.com/es/e-bike/e-hardtail/reach-low/reach-low-05-equipped-(26),html,2026-10-05
Megamo,REACH LOW [07362e21],REACH LOW 05 EQUIPPED,2026,emtb,L,L,,175,,175 <,cm,708,432,"{""T/T"": ""635"", ""C/S"": ""475"", ""S/T"": ""485"", ""H/T"": ""195"", ""REACH"": ""432"", ""STACK"": ""708"", ""BB OFFSET"": ""28"", ""FRONT ANGLE"": ""68°"", ""REAR ANGLE"": ""76º"", ""WHEELBASE"": ""1216""}",4399,false,https://www.megamo.com/es/e-bike/e-hardtail/reach-low/reach-low-05-equipped-(26),https://www.megamo.com/es/e-bike/e-hardtail/reach-low/reach-low-05-equipped-(26),html,2026-10-05
Megamo,REACH LOW [07362e21],REACH LOW 10 EQUIPPED,2026,emtb,S,S,,,163,< 163,cm,689,407,"{""T/T"": ""605"", ""C/S"": ""475"", ""S/T"": ""370"", ""H/T"": ""175"", ""REACH"": ""407"", ""STACK"": ""689"", ""BB OFFSET"": ""28"", ""FRONT ANGLE"": ""68°"", ""REAR ANGLE"": ""76º"", ""WHEELBASE"": ""1184""}",3999,false,https://www.megamo.com/es/e-bike/e-hardtail/reach-low/reach-low-10-equipped-(26),https://www.megamo.com/es/e-bike/e-hardtail/reach-low/reach-low-10-equipped-(26),html,2026-10-05
Megamo,REACH LOW [07362e21],REACH LOW 10 EQUIPPED,2026,emtb,M,M,,163,176,163 - 176,cm,689,417,"{""T/T"": ""615"", ""C/S"": ""475"", ""S/T"": ""430"", ""H/T"": ""175"", ""REACH"": ""417"", ""STACK"": ""689"", ""BB OFFSET"": ""28"", ""FRONT ANGLE"": ""68°"", ""REAR ANGLE"": ""76º"", ""WHEELBASE"": ""1194""}",3999,false,https://www.megamo.com/es/e-bike/e-hardtail/reach-low/reach-low-10-equipped-(26),https://www.megamo.com/es/e-bike/e-hardtail/reach-low/reach-low-10-equipped-(26),html,2026-10-05
Megamo,REACH LOW [07362e21],REACH LOW 10 EQUIPPED,2026,emtb,L,L,,175,,175 <,cm,708,432,"{""T/T"": ""635"", ""C/S"": ""475"", ""S/T"": ""485"", ""H/T"": ""195"", ""REACH"": ""432"", ""STACK"": ""708"", ""BB OFFSET"": ""28"", ""FRONT ANGLE"": ""68°"", ""REAR ANGLE"": ""76º"", ""WHEELBASE"": ""1216""}",3999,false,https://www.megamo.com/es/e-bike/e-hardtail/reach-low/reach-low-10-equipped-(26),https://www.megamo.com/es/e-bike/e-hardtail/reach-low/reach-low-10-equipped-(26),html,2026-10-05
Megamo,REACH LOW [07362e21],REACH LOW 20 EQUIPPED,2026,emtb,S,S,,,163,< 163,cm,689,407,"{""T/T"": ""605"", ""C/S"": ""475"", ""S/T"": ""370"", ""H/T"": ""175"", ""REACH"": ""407"", ""STACK"": ""689"", ""BB OFFSET"": ""28"", ""FRONT ANGLE"": ""68°"", ""REAR ANGLE"": ""76º"", ""WHEELBASE"": ""1184""}",3299,false,https://www.megamo.com/es/e-bike/e-hardtail/reach-low/reach-low-20-equipped-(26),https://www.megamo.com/es/e-bike/e-hardtail/reach-low/reach-low-20-equipped-(26),html,2026-10-05
Megamo,REACH LOW [07362e21],REACH LOW 20 EQUIPPED,2026,emtb,M,M,,163,176,163 - 176,cm,689,417,"{""T/T"": ""615"", ""C/S"": ""475"", ""S/T"": ""430"", ""H/T"": ""175"", ""REACH"": ""417"", ""STACK"": ""689"", ""BB OFFSET"": ""28"", ""FRONT ANGLE"": ""68°"", ""REAR ANGLE"": ""76º"", ""WHEELBASE"": ""1194""}",3299,false,https://www.megamo.com/es/e-bike/e-hardtail/reach-low/reach-low-20-equipped-(26),https://www.megamo.com/es/e-bike/e-hardtail/reach-low/reach-low-20-equipped-(26),html,2026-10-05
Megamo,REACH LOW [07362e21],REACH LOW 20 EQUIPPED,2026,emtb,L,L,,175,,175 <,cm,708,432,"{""T/T"": ""635"", ""C/S"": ""475"", ""S/T"": ""485"", ""H/T"": ""195"", ""REACH"": ""432"", ""STACK"": ""708"", ""BB OFFSET"": ""28"", ""FRONT ANGLE"": ""68°"", ""REAR ANGLE"": ""76º"", ""WHEELBASE"": ""1216""}",3299,false,https://www.megamo.com/es/e-bike/e-hardtail/reach-low/reach-low-20-equipped-(26),https://www.megamo.com/es/e-bike/e-hardtail/reach-low/reach-low-20-equipped-(26),html,2026-10-05
