brand,family,model,model_year,category,size_label,size_normalized,size_cm,height_min,height_max,height_original,height_unit,stack,reach,geometry_raw,price_eur,price_is_from,product_url,source_url,extraction_method,loaded_at
Merida,SILEX [4cb71463],SILEX 7000,2027,gravel,XXS,XXS,,,,,,549,378,"{""Tamaño de rueda"": ""28\"""", ""St Seat Tubes Mm"": ""410"", ""Tt Top Tubes Mm"": ""530"", ""Cs Chain Stays Mm"": ""430"", ""Hta Head Tube Angles Deg"": ""69.5"", ""Sta Seat Tube Angle Deg"": ""74.5"", ""Bd Bottom Bracket Drops Mm"": ""75"", ""Ht Head Tube Lengths Mm"": ""110"", ""Fl Fork Lengths Mm"": ""415"", ""R Reachs Mm"": ""378"", ""S Stacks Mm"": ""549"", ""Wb Wheel Base Mm"": ""1031"", ""Sh Stand Over Height Mm"": ""707""}",,,https://www.merida-bikes.com/es-es/bike/6587/silex-7000,https://www.merida-bikes.com/es-es/bike/6587/silex-7000,html,2026-10-05
Merida,SILEX [4cb71463],SILEX 7000,2027,gravel,XS,XS,,,,,,570,392,"{""Tamaño de rueda"": ""28\"""", ""St Seat Tubes Mm"": ""440"", ""Tt Top Tubes Mm"": ""550"", ""Cs Chain Stays Mm"": ""430"", ""Hta Head Tube Angles Deg"": ""69.5"", ""Sta Seat Tube Angle Deg"": ""74.5"", ""Bd Bottom Bracket Drops Mm"": ""75"", ""Ht Head Tube Lengths Mm"": ""130"", ""Fl Fork Lengths Mm"": ""415"", ""R Reachs Mm"": ""392"", ""S Stacks Mm"": ""570"", ""Wb Wheel Base Mm"": ""1048"", ""Sh Stand Over Height Mm"": ""734""}",,,https://www.merida-bikes.com/es-es/bike/6587/silex-7000,https://www.merida-bikes.com/es-es/bike/6587/silex-7000,html,2026-10-05
Merida,SILEX [4cb71463],SILEX 7000,2027,gravel,S,S,,,,,,588,402,"{""Tamaño de rueda"": ""28\"""", ""St Seat Tubes Mm"": ""470"", ""Tt Top Tubes Mm"": ""565"", ""Cs Chain Stays Mm"": ""430"", ""Hta Head Tube Angles Deg"": ""69.5"", ""Sta Seat Tube Angle Deg"": ""74.5"", ""Bd Bottom Bracket Drops Mm"": ""75"", ""Ht Head Tube Lengths Mm"": ""150"", ""Fl Fork Lengths Mm"": ""415"", ""R Reachs Mm"": ""402"", ""S Stacks Mm"": ""588"", ""Wb Wheel Base Mm"": ""1065"", ""Sh Stand Over Height Mm"": ""771""}",,,https://www.merida-bikes.com/es-es/bike/6587/silex-7000,https://www.merida-bikes.com/es-es/bike/6587/silex-7000,html,2026-10-05
Merida,SILEX [4cb71463],SILEX 7000,2027,gravel,M,M,,,,,,607,412,"{""Tamaño de rueda"": ""28\"""", ""St Seat Tubes Mm"": ""500"", ""Tt Top Tubes Mm"": ""580"", ""Cs Chain Stays Mm"": ""430"", ""Hta Head Tube Angles Deg"": ""69.5"", ""Sta Seat Tube Angle Deg"": ""74.5"", ""Bd Bottom Bracket Drops Mm"": ""75"", ""Ht Head Tube Lengths Mm"": ""170"", ""Fl Fork Lengths Mm"": ""415"", ""R Reachs Mm"": ""412"", ""S Stacks Mm"": ""607"", ""Wb Wheel Base Mm"": ""1082"", ""Sh Stand Over Height Mm"": ""798""}",,,https://www.merida-bikes.com/es-es/bike/6587/silex-7000,https://www.merida-bikes.com/es-es/bike/6587/silex-7000,html,2026-10-05
Merida,SILEX [4cb71463],SILEX 7000,2027,gravel,L,L,,,,,,626,426,"{""Tamaño de rueda"": ""28\"""", ""St Seat Tubes Mm"": ""530"", ""Tt Top Tubes Mm"": ""600"", ""Cs Chain Stays Mm"": ""430"", ""Hta Head Tube Angles Deg"": ""69.5"", ""Sta Seat Tube Angle Deg"": ""74.5"", ""Bd Bottom Bracket Drops Mm"": ""75"", ""Ht Head Tube Lengths Mm"": ""190"", ""Fl Fork Lengths Mm"": ""415"", ""R Reachs Mm"": ""426"", ""S Stacks Mm"": ""626"", ""Wb Wheel Base Mm"": ""1104"", ""Sh Stand Over Height Mm"": ""825""}",,,https://www.merida-bikes.com/es-es/bike/6587/silex-7000,https://www.merida-bikes.com/es-es/bike/6587/silex-7000,html,2026-10-05
Merida,SILEX [4cb71463],SILEX 4000,2027,gravel,XXS,XXS,,,,,,549,378,"{""Tamaño de rueda"": ""28\"""", ""St Seat Tubes Mm"": ""410"", ""Tt Top Tubes Mm"": ""530"", ""Cs Chain Stays Mm"": ""430"", ""Hta Head Tube Angles Deg"": ""69.5"", ""Sta Seat Tube Angle Deg"": ""74.5"", ""Bd Bottom Bracket Drops Mm"": ""75"", ""Ht Head Tube Lengths Mm"": ""110"", ""Fl Fork Lengths Mm"": ""415"", ""R Reachs Mm"": ""378"", ""S Stacks Mm"": ""549"", ""Wb Wheel Base Mm"": ""1031"", ""Sh Stand Over Height Mm"": ""707""}",,,https://www.merida-bikes.com/es-es/bike/6589/silex-4000,https://www.merida-bikes.com/es-es/bike/6589/silex-4000,html,2026-10-05
Merida,SILEX [4cb71463],SILEX 4000,2027,gravel,XS,XS,,,,,,570,392,"{""Tamaño de rueda"": ""28\"""", ""St Seat Tubes Mm"": ""440"", ""Tt Top Tubes Mm"": ""550"", ""Cs Chain Stays Mm"": ""430"", ""Hta Head Tube Angles Deg"": ""69.5"", ""Sta Seat Tube Angle Deg"": ""74.5"", ""Bd Bottom Bracket Drops Mm"": ""75"", ""Ht Head Tube Lengths Mm"": ""130"", ""Fl Fork Lengths Mm"": ""415"", ""R Reachs Mm"": ""392"", ""S Stacks Mm"": ""570"", ""Wb Wheel Base Mm"": ""1048"", ""Sh Stand Over Height Mm"": ""734""}",,,https://www.merida-bikes.com/es-es/bike/6589/silex-4000,https://www.merida-bikes.com/es-es/bike/6589/silex-4000,html,2026-10-05
Merida,SILEX [4cb71463],SILEX 4000,2027,gravel,S,S,,,,,,588,402,"{""Tamaño de rueda"": ""28\"""", ""St Seat Tubes Mm"": ""470"", ""Tt Top Tubes Mm"": ""565"", ""Cs Chain Stays Mm"": ""430"", ""Hta Head Tube Angles Deg"": ""69.5"", ""Sta Seat Tube Angle Deg"": ""74.5"", ""Bd Bottom Bracket Drops Mm"": ""75"", ""Ht Head Tube Lengths Mm"": ""150"", ""Fl Fork Lengths Mm"": ""415"", ""R Reachs Mm"": ""402"", ""S Stacks Mm"": ""588"", ""Wb Wheel Base Mm"": ""1065"", ""Sh Stand Over Height Mm"": ""771""}",,,https://www.merida-bikes.com/es-es/bike/6589/silex-4000,https://www.merida-bikes.com/es-es/bike/6589/silex-4000,html,2026-10-05
Merida,SILEX [4cb71463],SILEX 4000,2027,gravel,M,M,,,,,,607,412,"{""Tamaño de rueda"": ""28\"""", ""St Seat Tubes Mm"": ""500"", ""Tt Top Tubes Mm"": ""580"", ""Cs Chain Stays Mm"": ""430"", ""Hta Head Tube Angles Deg"": ""69.5"", ""Sta Seat Tube Angle Deg"": ""74.5"", ""Bd Bottom Bracket Drops Mm"": ""75"", ""Ht Head Tube Lengths Mm"": ""170"", ""Fl Fork Lengths Mm"": ""415"", ""R Reachs Mm"": ""412"", ""S Stacks Mm"": ""607"", ""Wb Wheel Base Mm"": ""1082"", ""Sh Stand Over Height Mm"": ""798""}",,,https://www.merida-bikes.com/es-es/bike/6589/silex-4000,https://www.merida-bikes.com/es-es/bike/6589/silex-4000,html,2026-10-05
Merida,SILEX [4cb71463],SILEX 4000,2027,gravel,L,L,,,,,,626,426,"{""Tamaño de rueda"": ""28\"""", ""St Seat Tubes Mm"": ""530"", ""Tt Top Tubes Mm"": ""600"", ""Cs Chain Stays Mm"": ""430"", ""Hta Head Tube Angles Deg"": ""69.5"", ""Sta Seat Tube Angle Deg"": ""74.5"", ""Bd Bottom Bracket Drops Mm"": ""75"", ""Ht Head Tube Lengths Mm"": ""190"", ""Fl Fork Lengths Mm"": ""415"", ""R Reachs Mm"": ""426"", ""S Stacks Mm"": ""626"", ""Wb Wheel Base Mm"": ""1104"", ""Sh Stand Over Height Mm"": ""825""}",,,https://www.merida-bikes.com/es-es/bike/6589/silex-4000,https://www.merida-bikes.com/es-es/bike/6589/silex-4000,html,2026-10-05
Merida,SILEX 5000 [73f92ca3],SILEX 5000,2026,gravel,XS,XS,,,,,,570,392,"{""Tamaño de rueda"": ""28\"""", ""St Seat Tubes Mm"": ""440"", ""Tt Top Tubes Mm"": ""550"", ""Cs Chain Stays Mm"": ""430"", ""Hta Head Tube Angles Deg"": ""69.5"", ""Sta Seat Tube Angle Deg"": ""74.5"", ""Bd Bottom Bracket Drops Mm"": ""75"", ""Ht Head Tube Lengths Mm"": ""130"", ""Fl Fork Lengths Mm"": ""415"", ""R Reachs Mm"": ""392"", ""S Stacks Mm"": ""570"", ""Wb Wheel Base Mm"": ""1048"", ""Sh Stand Over Height Mm"": ""734""}",,,https://www.merida-bikes.com/es-es/bike/5665/silex-5000,https://www.merida-bikes.com/es-es/bike/5665/silex-5000,html,2026-10-05
Merida,SILEX 5000 [73f92ca3],SILEX 5000,2026,gravel,S,S,,,,,,588,402,"{""Tamaño de rueda"": ""28\"""", ""St Seat Tubes Mm"": ""470"", ""Tt Top Tubes Mm"": ""565"", ""Cs Chain Stays Mm"": ""430"", ""Hta Head Tube Angles Deg"": ""69.5"", ""Sta Seat Tube Angle Deg"": ""74.5"", ""Bd Bottom Bracket Drops Mm"": ""75"", ""Ht Head Tube Lengths Mm"": ""150"", ""Fl Fork Lengths Mm"": ""415"", ""R Reachs Mm"": ""402"", ""S Stacks Mm"": ""588"", ""Wb Wheel Base Mm"": ""1065"", ""Sh Stand Over Height Mm"": ""771""}",,,https://www.merida-bikes.com/es-es/bike/5665/silex-5000,https://www.merida-bikes.com/es-es/bike/5665/silex-5000,html,2026-10-05
Merida,SILEX 5000 [73f92ca3],SILEX 5000,2026,gravel,M,M,,,,,,607,412,"{""Tamaño de rueda"": ""28\"""", ""St Seat Tubes Mm"": ""500"", ""Tt Top Tubes Mm"": ""580"", ""Cs Chain Stays Mm"": ""430"", ""Hta Head Tube Angles Deg"": ""69.5"", ""Sta Seat Tube Angle Deg"": ""74.5"", ""Bd Bottom Bracket Drops Mm"": ""75"", ""Ht Head Tube Lengths Mm"": ""170"", ""Fl Fork Lengths Mm"": ""415"", ""R Reachs Mm"": ""412"", ""S Stacks Mm"": ""607"", ""Wb Wheel Base Mm"": ""1082"", ""Sh Stand Over Height Mm"": ""798""}",,,https://www.merida-bikes.com/es-es/bike/5665/silex-5000,https://www.merida-bikes.com/es-es/bike/5665/silex-5000,html,2026-10-05
Merida,SILEX 5000 [73f92ca3],SILEX 5000,2026,gravel,L,L,,,,,,626,426,"{""Tamaño de rueda"": ""28\"""", ""St Seat Tubes Mm"": ""530"", ""Tt Top Tubes Mm"": ""600"", ""Cs Chain Stays Mm"": ""430"", ""Hta Head Tube Angles Deg"": ""69.5"", ""Sta Seat Tube Angle Deg"": ""74.5"", ""Bd Bottom Bracket Drops Mm"": ""75"", ""Ht Head Tube Lengths Mm"": ""190"", ""Fl Fork Lengths Mm"": ""415"", ""R Reachs Mm"": ""426"", ""S Stacks Mm"": ""626"", ""Wb Wheel Base Mm"": ""1104"", ""Sh Stand Over Height Mm"": ""825""}",,,https://www.merida-bikes.com/es-es/bike/5665/silex-5000,https://www.merida-bikes.com/es-es/bike/5665/silex-5000,html,2026-10-05
Merida,SILEX 400 [359cb0d1],SILEX 400,2027,gravel,XXS,XXS,,,,,,549,378,"{""Tamaño de rueda"": ""28\"""", ""St Seat Tubes Mm"": ""430"", ""Tt Top Tubes Mm"": ""530"", ""Cs Chain Stays Mm"": ""430"", ""Hta Head Tube Angles Deg"": ""69.5"", ""Sta Seat Tube Angle Deg"": ""74.5"", ""Bd Bottom Bracket Drops Mm"": ""75"", ""Ht Head Tube Lengths Mm"": ""110"", ""Fl Fork Lengths Mm"": ""415"", ""R Reachs Mm"": ""378"", ""S Stacks Mm"": ""549"", ""Wb Wheel Base Mm"": ""1031"", ""Sh Stand Over Height Mm"": ""707""}",,,https://www.merida-bikes.com/es-es/bike/6592/silex-400,https://www.merida-bikes.com/es-es/bike/6592/silex-400,html,2026-10-05
Merida,SILEX 400 [359cb0d1],SILEX 400,2027,gravel,XS,XS,,,,,,570,392,"{""Tamaño de rueda"": ""28\"""", ""St Seat Tubes Mm"": ""460"", ""Tt Top Tubes Mm"": ""550"", ""Cs Chain Stays Mm"": ""430"", ""Hta Head Tube Angles Deg"": ""69.5"", ""Sta Seat Tube Angle Deg"": ""74.5"", ""Bd Bottom Bracket Drops Mm"": ""75"", ""Ht Head Tube Lengths Mm"": ""130"", ""Fl Fork Lengths Mm"": ""415"", ""R Reachs Mm"": ""392"", ""S Stacks Mm"": ""570"", ""Wb Wheel Base Mm"": ""1048"", ""Sh Stand Over Height Mm"": ""734""}",,,https://www.merida-bikes.com/es-es/bike/6592/silex-400,https://www.merida-bikes.com/es-es/bike/6592/silex-400,html,2026-10-05
Merida,SILEX 400 [359cb0d1],SILEX 400,2027,gravel,S,S,,,,,,588,402,"{""Tamaño de rueda"": ""28\"""", ""St Seat Tubes Mm"": ""490"", ""Tt Top Tubes Mm"": ""565"", ""Cs Chain Stays Mm"": ""430"", ""Hta Head Tube Angles Deg"": ""69.5"", ""Sta Seat Tube Angle Deg"": ""74.5"", ""Bd Bottom Bracket Drops Mm"": ""75"", ""Ht Head Tube Lengths Mm"": ""150"", ""Fl Fork Lengths Mm"": ""415"", ""R Reachs Mm"": ""402"", ""S Stacks Mm"": ""588"", ""Wb Wheel Base Mm"": ""1065"", ""Sh Stand Over Height Mm"": ""771""}",,,https://www.merida-bikes.com/es-es/bike/6592/silex-400,https://www.merida-bikes.com/es-es/bike/6592/silex-400,html,2026-10-05
Merida,SILEX 400 [359cb0d1],SILEX 400,2027,gravel,M,M,,,,,,607,412,"{""Tamaño de rueda"": ""28\"""", ""St Seat Tubes Mm"": ""520"", ""Tt Top Tubes Mm"": ""580"", ""Cs Chain Stays Mm"": ""430"", ""Hta Head Tube Angles Deg"": ""69.5"", ""Sta Seat Tube Angle Deg"": ""74.5"", ""Bd Bottom Bracket Drops Mm"": ""75"", ""Ht Head Tube Lengths Mm"": ""170"", ""Fl Fork Lengths Mm"": ""415"", ""R Reachs Mm"": ""412"", ""S Stacks Mm"": ""607"", ""Wb Wheel Base Mm"": ""1082"", ""Sh Stand Over Height Mm"": ""798""}",,,https://www.merida-bikes.com/es-es/bike/6592/silex-400,https://www.merida-bikes.com/es-es/bike/6592/silex-400,html,2026-10-05
Merida,SILEX 400 [359cb0d1],SILEX 400,2027,gravel,L,L,,,,,,626,426,"{""Tamaño de rueda"": ""28\"""", ""St Seat Tubes Mm"": ""550"", ""Tt Top Tubes Mm"": ""600"", ""Cs Chain Stays Mm"": ""430"", ""Hta Head Tube Angles Deg"": ""69.5"", ""Sta Seat Tube Angle Deg"": ""74.5"", ""Bd Bottom Bracket Drops Mm"": ""75"", ""Ht Head Tube Lengths Mm"": ""190"", ""Fl Fork Lengths Mm"": ""415"", ""R Reachs Mm"": ""426"", ""S Stacks Mm"": ""626"", ""Wb Wheel Base Mm"": ""1104"", ""Sh Stand Over Height Mm"": ""825""}",,,https://www.merida-bikes.com/es-es/bike/6592/silex-400,https://www.merida-bikes.com/es-es/bike/6592/silex-400,html,2026-10-05
Merida,MISSION [e74e1285],MISSION 10K,2027,gravel,XXS,XXS,,,,,,529,370,"{""Tamaño de rueda"": ""28\"""", ""St Seat Tubes Mm"": ""445"", ""Tt Top Tubes Mm"": ""522"", ""Cs Chain Stays Mm"": ""419"", ""Hta Head Tube Angles Deg"": ""70"", ""Sta Seat Tube Angle Deg"": ""74"", ""Bd Bottom Bracket Drops Mm"": ""72"", ""Ht Head Tube Lengths Mm"": ""103"", ""Fl Fork Lengths Mm"": ""400"", ""Fo Fork Offset Mm"": ""45"", ""R Reachs Mm"": ""370"", ""S Stacks Mm"": ""529"", ""Wb Wheel Base Mm"": ""997"", ""Sh Stand Over Height Mm"": ""741""}",,,https://www.merida-bikes.com/es-es/bike/6578/mission-10k,https://www.merida-bikes.com/es-es/bike/6578/mission-10k,html,2026-10-05
Merida,MISSION [e74e1285],MISSION 10K,2027,gravel,XS,XS,,,,,,542,377,"{""Tamaño de rueda"": ""28\"""", ""St Seat Tubes Mm"": ""470"", ""Tt Top Tubes Mm"": ""532"", ""Cs Chain Stays Mm"": ""419"", ""Hta Head Tube Angles Deg"": ""70"", ""Sta Seat Tube Angle Deg"": ""74"", ""Bd Bottom Bracket Drops Mm"": ""72"", ""Ht Head Tube Lengths Mm"": ""117"", ""Fl Fork Lengths Mm"": ""400"", ""Fo Fork Offset Mm"": ""45"", ""R Reachs Mm"": ""377"", ""S Stacks Mm"": ""542"", ""Wb Wheel Base Mm"": ""1009"", ""Sh Stand Over Height Mm"": ""764""}",,,https://www.merida-bikes.com/es-es/bike/6578/mission-10k,https://www.merida-bikes.com/es-es/bike/6578/mission-10k,html,2026-10-05
Merida,MISSION [e74e1285],MISSION 10K,2027,gravel,S,S,,,,,,555,384,"{""Tamaño de rueda"": ""28\"""", ""St Seat Tubes Mm"": ""490"", ""Tt Top Tubes Mm"": ""543"", ""Cs Chain Stays Mm"": ""419"", ""Hta Head Tube Angles Deg"": ""71"", ""Sta Seat Tube Angle Deg"": ""74"", ""Bd Bottom Bracket Drops Mm"": ""72"", ""Ht Head Tube Lengths Mm"": ""126"", ""Fl Fork Lengths Mm"": ""400"", ""Fo Fork Offset Mm"": ""45"", ""R Reachs Mm"": ""384"", ""S Stacks Mm"": ""555"", ""Wb Wheel Base Mm"": ""1011"", ""Sh Stand Over Height Mm"": ""781""}",,,https://www.merida-bikes.com/es-es/bike/6578/mission-10k,https://www.merida-bikes.com/es-es/bike/6578/mission-10k,html,2026-10-05
Merida,MISSION [e74e1285],MISSION 10K,2027,gravel,M,M,,,,,,569,391,"{""Tamaño de rueda"": ""28\"""", ""St Seat Tubes Mm"": ""510"", ""Tt Top Tubes Mm"": ""560"", ""Cs Chain Stays Mm"": ""419"", ""Hta Head Tube Angles Deg"": ""72"", ""Sta Seat Tube Angle Deg"": ""73.5"", ""Bd Bottom Bracket Drops Mm"": ""72"", ""Ht Head Tube Lengths Mm"": ""137"", ""Fl Fork Lengths Mm"": ""400"", ""Fo Fork Offset Mm"": ""45"", ""R Reachs Mm"": ""391"", ""S Stacks Mm"": ""569"", ""Wb Wheel Base Mm"": ""1013"", ""Sh Stand Over Height Mm"": ""798""}",,,https://www.merida-bikes.com/es-es/bike/6578/mission-10k,https://www.merida-bikes.com/es-es/bike/6578/mission-10k,html,2026-10-05
Merida,MISSION [e74e1285],MISSION 10K,2027,gravel,L,L,,,,,,584,398,"{""Tamaño de rueda"": ""28\"""", ""St Seat Tubes Mm"": ""530"", ""Tt Top Tubes Mm"": ""571"", ""Cs Chain Stays Mm"": ""419"", ""Hta Head Tube Angles Deg"": ""72"", ""Sta Seat Tube Angle Deg"": ""73.5"", ""Bd Bottom Bracket Drops Mm"": ""72"", ""Ht Head Tube Lengths Mm"": ""153"", ""Fl Fork Lengths Mm"": ""400"", ""Fo Fork Offset Mm"": ""45"", ""R Reachs Mm"": ""398"", ""S Stacks Mm"": ""584"", ""Wb Wheel Base Mm"": ""1024"", ""Sh Stand Over Height Mm"": ""816""}",,,https://www.merida-bikes.com/es-es/bike/6578/mission-10k,https://www.merida-bikes.com/es-es/bike/6578/mission-10k,html,2026-10-05
Merida,MISSION [e74e1285],MISSION 9000,2027,gravel,XXS,XXS,,,,,,529,370,"{""Tamaño de rueda"": ""28\"""", ""St Seat Tubes Mm"": ""445"", ""Tt Top Tubes Mm"": ""522"", ""Cs Chain Stays Mm"": ""419"", ""Hta Head Tube Angles Deg"": ""70"", ""Sta Seat Tube Angle Deg"": ""74"", ""Bd Bottom Bracket Drops Mm"": ""72"", ""Ht Head Tube Lengths Mm"": ""103"", ""Fl Fork Lengths Mm"": ""400"", ""Fo Fork Offset Mm"": ""45"", ""R Reachs Mm"": ""370"", ""S Stacks Mm"": ""529"", ""Wb Wheel Base Mm"": ""997"", ""Sh Stand Over Height Mm"": ""741""}",,,https://www.merida-bikes.com/es-es/bike/6579/mission-9000,https://www.merida-bikes.com/es-es/bike/6579/mission-9000,html,2026-10-05
Merida,MISSION [e74e1285],MISSION 9000,2027,gravel,XS,XS,,,,,,542,377,"{""Tamaño de rueda"": ""28\"""", ""St Seat Tubes Mm"": ""470"", ""Tt Top Tubes Mm"": ""532"", ""Cs Chain Stays Mm"": ""419"", ""Hta Head Tube Angles Deg"": ""70"", ""Sta Seat Tube Angle Deg"": ""74"", ""Bd Bottom Bracket Drops Mm"": ""72"", ""Ht Head Tube Lengths Mm"": ""117"", ""Fl Fork Lengths Mm"": ""400"", ""Fo Fork Offset Mm"": ""45"", ""R Reachs Mm"": ""377"", ""S Stacks Mm"": ""542"", ""Wb Wheel Base Mm"": ""1009"", ""Sh Stand Over Height Mm"": ""764""}",,,https://www.merida-bikes.com/es-es/bike/6579/mission-9000,https://www.merida-bikes.com/es-es/bike/6579/mission-9000,html,2026-10-05
Merida,MISSION [e74e1285],MISSION 9000,2027,gravel,S,S,,,,,,555,384,"{""Tamaño de rueda"": ""28\"""", ""St Seat Tubes Mm"": ""490"", ""Tt Top Tubes Mm"": ""543"", ""Cs Chain Stays Mm"": ""419"", ""Hta Head Tube Angles Deg"": ""71"", ""Sta Seat Tube Angle Deg"": ""74"", ""Bd Bottom Bracket Drops Mm"": ""72"", ""Ht Head Tube Lengths Mm"": ""126"", ""Fl Fork Lengths Mm"": ""400"", ""Fo Fork Offset Mm"": ""45"", ""R Reachs Mm"": ""384"", ""S Stacks Mm"": ""555"", ""Wb Wheel Base Mm"": ""1011"", ""Sh Stand Over Height Mm"": ""781""}",,,https://www.merida-bikes.com/es-es/bike/6579/mission-9000,https://www.merida-bikes.com/es-es/bike/6579/mission-9000,html,2026-10-05
Merida,MISSION [e74e1285],MISSION 9000,2027,gravel,M,M,,,,,,569,391,"{""Tamaño de rueda"": ""28\"""", ""St Seat Tubes Mm"": ""510"", ""Tt Top Tubes Mm"": ""560"", ""Cs Chain Stays Mm"": ""419"", ""Hta Head Tube Angles Deg"": ""72"", ""Sta Seat Tube Angle Deg"": ""73.5"", ""Bd Bottom Bracket Drops Mm"": ""72"", ""Ht Head Tube Lengths Mm"": ""137"", ""Fl Fork Lengths Mm"": ""400"", ""Fo Fork Offset Mm"": ""45"", ""R Reachs Mm"": ""391"", ""S Stacks Mm"": ""569"", ""Wb Wheel Base Mm"": ""1013"", ""Sh Stand Over Height Mm"": ""798""}",,,https://www.merida-bikes.com/es-es/bike/6579/mission-9000,https://www.merida-bikes.com/es-es/bike/6579/mission-9000,html,2026-10-05
Merida,MISSION [e74e1285],MISSION 9000,2027,gravel,L,L,,,,,,584,398,"{""Tamaño de rueda"": ""28\"""", ""St Seat Tubes Mm"": ""530"", ""Tt Top Tubes Mm"": ""571"", ""Cs Chain Stays Mm"": ""419"", ""Hta Head Tube Angles Deg"": ""72"", ""Sta Seat Tube Angle Deg"": ""73.5"", ""Bd Bottom Bracket Drops Mm"": ""72"", ""Ht Head Tube Lengths Mm"": ""153"", ""Fl Fork Lengths Mm"": ""400"", ""Fo Fork Offset Mm"": ""45"", ""R Reachs Mm"": ""398"", ""S Stacks Mm"": ""584"", ""Wb Wheel Base Mm"": ""1024"", ""Sh Stand Over Height Mm"": ""816""}",,,https://www.merida-bikes.com/es-es/bike/6579/mission-9000,https://www.merida-bikes.com/es-es/bike/6579/mission-9000,html,2026-10-05
Merida,MISSION [e74e1285],MISSION 6000,2027,gravel,XXS,XXS,,,,,,529,370,"{""Tamaño de rueda"": ""28\"""", ""St Seat Tubes Mm"": ""445"", ""Tt Top Tubes Mm"": ""522"", ""Cs Chain Stays Mm"": ""419"", ""Hta Head Tube Angles Deg"": ""70"", ""Sta Seat Tube Angle Deg"": ""74"", ""Bd Bottom Bracket Drops Mm"": ""72"", ""Ht Head Tube Lengths Mm"": ""103"", ""Fl Fork Lengths Mm"": ""400"", ""Fo Fork Offset Mm"": ""45"", ""R Reachs Mm"": ""370"", ""S Stacks Mm"": ""529"", ""Wb Wheel Base Mm"": ""997"", ""Sh Stand Over Height Mm"": ""741""}",,,https://www.merida-bikes.com/es-es/bike/6581/mission-6000,https://www.merida-bikes.com/es-es/bike/6581/mission-6000,html,2026-10-05
Merida,MISSION [e74e1285],MISSION 6000,2027,gravel,XS,XS,,,,,,542,377,"{""Tamaño de rueda"": ""28\"""", ""St Seat Tubes Mm"": ""470"", ""Tt Top Tubes Mm"": ""532"", ""Cs Chain Stays Mm"": ""419"", ""Hta Head Tube Angles Deg"": ""70"", ""Sta Seat Tube Angle Deg"": ""74"", ""Bd Bottom Bracket Drops Mm"": ""72"", ""Ht Head Tube Lengths Mm"": ""117"", ""Fl Fork Lengths Mm"": ""400"", ""Fo Fork Offset Mm"": ""45"", ""R Reachs Mm"": ""377"", ""S Stacks Mm"": ""542"", ""Wb Wheel Base Mm"": ""1009"", ""Sh Stand Over Height Mm"": ""764""}",,,https://www.merida-bikes.com/es-es/bike/6581/mission-6000,https://www.merida-bikes.com/es-es/bike/6581/mission-6000,html,2026-10-05
Merida,MISSION [e74e1285],MISSION 6000,2027,gravel,S,S,,,,,,555,384,"{""Tamaño de rueda"": ""28\"""", ""St Seat Tubes Mm"": ""490"", ""Tt Top Tubes Mm"": ""543"", ""Cs Chain Stays Mm"": ""419"", ""Hta Head Tube Angles Deg"": ""71"", ""Sta Seat Tube Angle Deg"": ""74"", ""Bd Bottom Bracket Drops Mm"": ""72"", ""Ht Head Tube Lengths Mm"": ""126"", ""Fl Fork Lengths Mm"": ""400"", ""Fo Fork Offset Mm"": ""45"", ""R Reachs Mm"": ""384"", ""S Stacks Mm"": ""555"", ""Wb Wheel Base Mm"": ""1011"", ""Sh Stand Over Height Mm"": ""781""}",,,https://www.merida-bikes.com/es-es/bike/6581/mission-6000,https://www.merida-bikes.com/es-es/bike/6581/mission-6000,html,2026-10-05
Merida,MISSION [e74e1285],MISSION 6000,2027,gravel,M,M,,,,,,569,391,"{""Tamaño de rueda"": ""28\"""", ""St Seat Tubes Mm"": ""510"", ""Tt Top Tubes Mm"": ""560"", ""Cs Chain Stays Mm"": ""419"", ""Hta Head Tube Angles Deg"": ""72"", ""Sta Seat Tube Angle Deg"": ""73.5"", ""Bd Bottom Bracket Drops Mm"": ""72"", ""Ht Head Tube Lengths Mm"": ""137"", ""Fl Fork Lengths Mm"": ""400"", ""Fo Fork Offset Mm"": ""45"", ""R Reachs Mm"": ""391"", ""S Stacks Mm"": ""569"", ""Wb Wheel Base Mm"": ""1013"", ""Sh Stand Over Height Mm"": ""798""}",,,https://www.merida-bikes.com/es-es/bike/6581/mission-6000,https://www.merida-bikes.com/es-es/bike/6581/mission-6000,html,2026-10-05
Merida,MISSION [e74e1285],MISSION 6000,2027,gravel,L,L,,,,,,584,398,"{""Tamaño de rueda"": ""28\"""", ""St Seat Tubes Mm"": ""530"", ""Tt Top Tubes Mm"": ""571"", ""Cs Chain Stays Mm"": ""419"", ""Hta Head Tube Angles Deg"": ""72"", ""Sta Seat Tube Angle Deg"": ""73.5"", ""Bd Bottom Bracket Drops Mm"": ""72"", ""Ht Head Tube Lengths Mm"": ""153"", ""Fl Fork Lengths Mm"": ""400"", ""Fo Fork Offset Mm"": ""45"", ""R Reachs Mm"": ""398"", ""S Stacks Mm"": ""584"", ""Wb Wheel Base Mm"": ""1024"", ""Sh Stand Over Height Mm"": ""816""}",,,https://www.merida-bikes.com/es-es/bike/6581/mission-6000,https://www.merida-bikes.com/es-es/bike/6581/mission-6000,html,2026-10-05
Merida,MISSION [b424d2bd],MISSION 7000,2027,gravel,XXS,XXS,,,,,,529,370,"{""Tamaño de rueda"": ""28\"""", ""St Seat Tubes Mm"": ""445"", ""Tt Top Tubes Mm"": ""522"", ""Cs Chain Stays Mm"": ""419"", ""Hta Head Tube Angles Deg"": ""70"", ""Sta Seat Tube Angle Deg"": ""74"", ""Bd Bottom Bracket Drops Mm"": ""72"", ""Ht Head Tube Lengths Mm"": ""103"", ""Fl Fork Lengths Mm"": ""400"", ""Fo Fork Offset Mm"": ""45"", ""R Reachs Mm"": ""370"", ""S Stacks Mm"": ""529"", ""Wb Wheel Base Mm"": ""997"", ""Sh Stand Over Height Mm"": ""741""}",,,https://www.merida-bikes.com/es-es/bike/6580/mission-7000,https://www.merida-bikes.com/es-es/bike/6580/mission-7000,html,2026-10-05
Merida,MISSION [b424d2bd],MISSION 7000,2027,gravel,XS,XS,,,,,,542,377,"{""Tamaño de rueda"": ""28\"""", ""St Seat Tubes Mm"": ""470"", ""Tt Top Tubes Mm"": ""532"", ""Cs Chain Stays Mm"": ""419"", ""Hta Head Tube Angles Deg"": ""70"", ""Sta Seat Tube Angle Deg"": ""74"", ""Bd Bottom Bracket Drops Mm"": ""72"", ""Ht Head Tube Lengths Mm"": ""117"", ""Fl Fork Lengths Mm"": ""400"", ""Fo Fork Offset Mm"": ""45"", ""R Reachs Mm"": ""377"", ""S Stacks Mm"": ""542"", ""Wb Wheel Base Mm"": ""1009"", ""Sh Stand Over Height Mm"": ""764""}",,,https://www.merida-bikes.com/es-es/bike/6580/mission-7000,https://www.merida-bikes.com/es-es/bike/6580/mission-7000,html,2026-10-05
Merida,MISSION [b424d2bd],MISSION 7000,2027,gravel,S,S,,,,,,555,384,"{""Tamaño de rueda"": ""28\"""", ""St Seat Tubes Mm"": ""490"", ""Tt Top Tubes Mm"": ""543"", ""Cs Chain Stays Mm"": ""419"", ""Hta Head Tube Angles Deg"": ""71"", ""Sta Seat Tube Angle Deg"": ""74"", ""Bd Bottom Bracket Drops Mm"": ""72"", ""Ht Head Tube Lengths Mm"": ""126"", ""Fl Fork Lengths Mm"": ""400"", ""Fo Fork Offset Mm"": ""45"", ""R Reachs Mm"": ""384"", ""S Stacks Mm"": ""555"", ""Wb Wheel Base Mm"": ""1011"", ""Sh Stand Over Height Mm"": ""781""}",,,https://www.merida-bikes.com/es-es/bike/6580/mission-7000,https://www.merida-bikes.com/es-es/bike/6580/mission-7000,html,2026-10-05
Merida,MISSION [b424d2bd],MISSION 7000,2027,gravel,M,M,,,,,,569,391,"{""Tamaño de rueda"": ""28\"""", ""St Seat Tubes Mm"": ""510"", ""Tt Top Tubes Mm"": ""560"", ""Cs Chain Stays Mm"": ""419"", ""Hta Head Tube Angles Deg"": ""72"", ""Sta Seat Tube Angle Deg"": ""73.5"", ""Bd Bottom Bracket Drops Mm"": ""72"", ""Ht Head Tube Lengths Mm"": ""137"", ""Fl Fork Lengths Mm"": ""400"", ""Fo Fork Offset Mm"": ""45"", ""R Reachs Mm"": ""391"", ""S Stacks Mm"": ""569"", ""Wb Wheel Base Mm"": ""1013"", ""Sh Stand Over Height Mm"": ""798""}",,,https://www.merida-bikes.com/es-es/bike/6580/mission-7000,https://www.merida-bikes.com/es-es/bike/6580/mission-7000,html,2026-10-05
Merida,MISSION [b424d2bd],MISSION 7000,2027,gravel,L,L,,,,,,584,398,"{""Tamaño de rueda"": ""28\"""", ""St Seat Tubes Mm"": ""530"", ""Tt Top Tubes Mm"": ""571"", ""Cs Chain Stays Mm"": ""419"", ""Hta Head Tube Angles Deg"": ""72"", ""Sta Seat Tube Angle Deg"": ""73.5"", ""Bd Bottom Bracket Drops Mm"": ""72"", ""Ht Head Tube Lengths Mm"": ""153"", ""Fl Fork Lengths Mm"": ""400"", ""Fo Fork Offset Mm"": ""45"", ""R Reachs Mm"": ""398"", ""S Stacks Mm"": ""584"", ""Wb Wheel Base Mm"": ""1024"", ""Sh Stand Over Height Mm"": ""816""}",,,https://www.merida-bikes.com/es-es/bike/6580/mission-7000,https://www.merida-bikes.com/es-es/bike/6580/mission-7000,html,2026-10-05
Merida,MISSION [b424d2bd],MISSION 7000,2027,gravel,XL,XL,,,,,,610,405,"{""Tamaño de rueda"": ""28\"""", ""St Seat Tubes Mm"": ""560"", ""Tt Top Tubes Mm"": ""586"", ""Cs Chain Stays Mm"": ""419"", ""Hta Head Tube Angles Deg"": ""72.5"", ""Sta Seat Tube Angle Deg"": ""73.5"", ""Bd Bottom Bracket Drops Mm"": ""72"", ""Ht Head Tube Lengths Mm"": ""178"", ""Fl Fork Lengths Mm"": ""400"", ""Fo Fork Offset Mm"": ""45"", ""R Reachs Mm"": ""405"", ""S Stacks Mm"": ""610"", ""Wb Wheel Base Mm"": ""1035"", ""Sh Stand Over Height Mm"": ""844""}",,,https://www.merida-bikes.com/es-es/bike/6580/mission-7000,https://www.merida-bikes.com/es-es/bike/6580/mission-7000,html,2026-10-05
Merida,MISSION [b424d2bd],MISSION 4000,2027,gravel,XXS,XXS,,,,,,529,370,"{""Tamaño de rueda"": ""28\"""", ""St Seat Tubes Mm"": ""445"", ""Tt Top Tubes Mm"": ""522"", ""Cs Chain Stays Mm"": ""419"", ""Hta Head Tube Angles Deg"": ""70"", ""Sta Seat Tube Angle Deg"": ""74"", ""Bd Bottom Bracket Drops Mm"": ""72"", ""Ht Head Tube Lengths Mm"": ""103"", ""Fl Fork Lengths Mm"": ""400"", ""Fo Fork Offset Mm"": ""45"", ""R Reachs Mm"": ""370"", ""S Stacks Mm"": ""529"", ""Wb Wheel Base Mm"": ""997"", ""Sh Stand Over Height Mm"": ""741""}",,,https://www.merida-bikes.com/es-es/bike/6582/mission-4000,https://www.merida-bikes.com/es-es/bike/6582/mission-4000,html,2026-10-05
Merida,MISSION [b424d2bd],MISSION 4000,2027,gravel,XS,XS,,,,,,542,377,"{""Tamaño de rueda"": ""28\"""", ""St Seat Tubes Mm"": ""470"", ""Tt Top Tubes Mm"": ""532"", ""Cs Chain Stays Mm"": ""419"", ""Hta Head Tube Angles Deg"": ""70"", ""Sta Seat Tube Angle Deg"": ""74"", ""Bd Bottom Bracket Drops Mm"": ""72"", ""Ht Head Tube Lengths Mm"": ""117"", ""Fl Fork Lengths Mm"": ""400"", ""Fo Fork Offset Mm"": ""45"", ""R Reachs Mm"": ""377"", ""S Stacks Mm"": ""542"", ""Wb Wheel Base Mm"": ""1009"", ""Sh Stand Over Height Mm"": ""764""}",,,https://www.merida-bikes.com/es-es/bike/6582/mission-4000,https://www.merida-bikes.com/es-es/bike/6582/mission-4000,html,2026-10-05
Merida,MISSION [b424d2bd],MISSION 4000,2027,gravel,S,S,,,,,,555,384,"{""Tamaño de rueda"": ""28\"""", ""St Seat Tubes Mm"": ""490"", ""Tt Top Tubes Mm"": ""543"", ""Cs Chain Stays Mm"": ""419"", ""Hta Head Tube Angles Deg"": ""71"", ""Sta Seat Tube Angle Deg"": ""74"", ""Bd Bottom Bracket Drops Mm"": ""72"", ""Ht Head Tube Lengths Mm"": ""126"", ""Fl Fork Lengths Mm"": ""400"", ""Fo Fork Offset Mm"": ""45"", ""R Reachs Mm"": ""384"", ""S Stacks Mm"": ""555"", ""Wb Wheel Base Mm"": ""1011"", ""Sh Stand Over Height Mm"": ""781""}",,,https://www.merida-bikes.com/es-es/bike/6582/mission-4000,https://www.merida-bikes.com/es-es/bike/6582/mission-4000,html,2026-10-05
Merida,MISSION [b424d2bd],MISSION 4000,2027,gravel,M,M,,,,,,569,391,"{""Tamaño de rueda"": ""28\"""", ""St Seat Tubes Mm"": ""510"", ""Tt Top Tubes Mm"": ""560"", ""Cs Chain Stays Mm"": ""419"", ""Hta Head Tube Angles Deg"": ""72"", ""Sta Seat Tube Angle Deg"": ""73.5"", ""Bd Bottom Bracket Drops Mm"": ""72"", ""Ht Head Tube Lengths Mm"": ""137"", ""Fl Fork Lengths Mm"": ""400"", ""Fo Fork Offset Mm"": ""45"", ""R Reachs Mm"": ""391"", ""S Stacks Mm"": ""569"", ""Wb Wheel Base Mm"": ""1013"", ""Sh Stand Over Height Mm"": ""798""}",,,https://www.merida-bikes.com/es-es/bike/6582/mission-4000,https://www.merida-bikes.com/es-es/bike/6582/mission-4000,html,2026-10-05
Merida,MISSION [b424d2bd],MISSION 4000,2027,gravel,L,L,,,,,,584,398,"{""Tamaño de rueda"": ""28\"""", ""St Seat Tubes Mm"": ""530"", ""Tt Top Tubes Mm"": ""571"", ""Cs Chain Stays Mm"": ""419"", ""Hta Head Tube Angles Deg"": ""72"", ""Sta Seat Tube Angle Deg"": ""73.5"", ""Bd Bottom Bracket Drops Mm"": ""72"", ""Ht Head Tube Lengths Mm"": ""153"", ""Fl Fork Lengths Mm"": ""400"", ""Fo Fork Offset Mm"": ""45"", ""R Reachs Mm"": ""398"", ""S Stacks Mm"": ""584"", ""Wb Wheel Base Mm"": ""1024"", ""Sh Stand Over Height Mm"": ""816""}",,,https://www.merida-bikes.com/es-es/bike/6582/mission-4000,https://www.merida-bikes.com/es-es/bike/6582/mission-4000,html,2026-10-05
Merida,MISSION [b424d2bd],MISSION 4000,2027,gravel,XL,XL,,,,,,610,405,"{""Tamaño de rueda"": ""28\"""", ""St Seat Tubes Mm"": ""560"", ""Tt Top Tubes Mm"": ""586"", ""Cs Chain Stays Mm"": ""419"", ""Hta Head Tube Angles Deg"": ""72.5"", ""Sta Seat Tube Angle Deg"": ""73.5"", ""Bd Bottom Bracket Drops Mm"": ""72"", ""Ht Head Tube Lengths Mm"": ""178"", ""Fl Fork Lengths Mm"": ""400"", ""Fo Fork Offset Mm"": ""45"", ""R Reachs Mm"": ""405"", ""S Stacks Mm"": ""610"", ""Wb Wheel Base Mm"": ""1035"", ""Sh Stand Over Height Mm"": ""844""}",,,https://www.merida-bikes.com/es-es/bike/6582/mission-4000,https://www.merida-bikes.com/es-es/bike/6582/mission-4000,html,2026-10-05
Merida,SCULTURA [ca18db0c],SCULTURA 10K,2027,carretera,XS,XS,,,,,,529,383,"{""Tamaño de rueda"": ""28\"""", ""St Seat Tubes Mm"": ""458"", ""Tt Top Tubes Mm"": ""535"", ""Cs Chain Stays Mm"": ""408"", ""Hta Head Tube Angles Deg"": ""72"", ""Sta Seat Tube Angle Deg"": ""74"", ""Bd Bottom Bracket Drops Mm"": ""70"", ""Ht Head Tube Lengths Mm"": ""112"", ""Fl Fork Lengths Mm"": ""385"", ""R Reachs Mm"": ""383"", ""S Stacks Mm"": ""529"", ""Wb Wheel Base Mm"": ""982"", ""Sh Stand Over Height Mm"": ""745""}",,,https://www.merida-bikes.com/es-es/bike/6559/scultura-10k,https://www.merida-bikes.com/es-es/bike/6559/scultura-10k,html,2026-10-05
Merida,SCULTURA [ca18db0c],SCULTURA 10K,2027,carretera,S,S,,,,,,542,390,"{""Tamaño de rueda"": ""28\"""", ""St Seat Tubes Mm"": ""481"", ""Tt Top Tubes Mm"": ""545"", ""Cs Chain Stays Mm"": ""408"", ""Hta Head Tube Angles Deg"": ""72.5"", ""Sta Seat Tube Angle Deg"": ""74"", ""Bd Bottom Bracket Drops Mm"": ""66"", ""Ht Head Tube Lengths Mm"": ""128"", ""Fl Fork Lengths Mm"": ""385"", ""R Reachs Mm"": ""390"", ""S Stacks Mm"": ""542"", ""Wb Wheel Base Mm"": ""989"", ""Sh Stand Over Height Mm"": ""765""}",,,https://www.merida-bikes.com/es-es/bike/6559/scultura-10k,https://www.merida-bikes.com/es-es/bike/6559/scultura-10k,html,2026-10-05
Merida,SCULTURA [ca18db0c],SCULTURA 10K,2027,carretera,M,M,,,,,,557,395,"{""Tamaño de rueda"": ""28\"""", ""St Seat Tubes Mm"": ""501"", ""Tt Top Tubes Mm"": ""560"", ""Cs Chain Stays Mm"": ""408"", ""Hta Head Tube Angles Deg"": ""73.5"", ""Sta Seat Tube Angle Deg"": ""73.5"", ""Bd Bottom Bracket Drops Mm"": ""66"", ""Ht Head Tube Lengths Mm"": ""140"", ""Fl Fork Lengths Mm"": ""385"", ""R Reachs Mm"": ""395"", ""S Stacks Mm"": ""557"", ""Wb Wheel Base Mm"": ""990"", ""Sh Stand Over Height Mm"": ""782""}",,,https://www.merida-bikes.com/es-es/bike/6559/scultura-10k,https://www.merida-bikes.com/es-es/bike/6559/scultura-10k,html,2026-10-05
Merida,SCULTURA [ca18db0c],SCULTURA 10K,2027,carretera,L,L,,,,,,571,400,"{""Tamaño de rueda"": ""28\"""", ""St Seat Tubes Mm"": ""521"", ""Tt Top Tubes Mm"": ""575"", ""Cs Chain Stays Mm"": ""408"", ""Hta Head Tube Angles Deg"": ""73.5"", ""Sta Seat Tube Angle Deg"": ""73"", ""Bd Bottom Bracket Drops Mm"": ""66"", ""Ht Head Tube Lengths Mm"": ""155"", ""Fl Fork Lengths Mm"": ""385"", ""R Reachs Mm"": ""400"", ""S Stacks Mm"": ""571"", ""Wb Wheel Base Mm"": ""1000"", ""Sh Stand Over Height Mm"": ""800""}",,,https://www.merida-bikes.com/es-es/bike/6559/scultura-10k,https://www.merida-bikes.com/es-es/bike/6559/scultura-10k,html,2026-10-05
Merida,SCULTURA [ca18db0c],SCULTURA TEAM,2027,carretera,XS,XS,,,,,,529,383,"{""Tamaño de rueda"": ""28\"""", ""St Seat Tubes Mm"": ""458"", ""Tt Top Tubes Mm"": ""535"", ""Cs Chain Stays Mm"": ""408"", ""Hta Head Tube Angles Deg"": ""72"", ""Sta Seat Tube Angle Deg"": ""74"", ""Bd Bottom Bracket Drops Mm"": ""70"", ""Ht Head Tube Lengths Mm"": ""112"", ""Fl Fork Lengths Mm"": ""385"", ""R Reachs Mm"": ""383"", ""S Stacks Mm"": ""529"", ""Wb Wheel Base Mm"": ""982"", ""Sh Stand Over Height Mm"": ""745""}",,,https://www.merida-bikes.com/es-es/bike/6560/scultura-team,https://www.merida-bikes.com/es-es/bike/6560/scultura-team,html,2026-10-05
Merida,SCULTURA [ca18db0c],SCULTURA TEAM,2027,carretera,S,S,,,,,,542,390,"{""Tamaño de rueda"": ""28\"""", ""St Seat Tubes Mm"": ""481"", ""Tt Top Tubes Mm"": ""545"", ""Cs Chain Stays Mm"": ""408"", ""Hta Head Tube Angles Deg"": ""72.5"", ""Sta Seat Tube Angle Deg"": ""74"", ""Bd Bottom Bracket Drops Mm"": ""66"", ""Ht Head Tube Lengths Mm"": ""128"", ""Fl Fork Lengths Mm"": ""385"", ""R Reachs Mm"": ""390"", ""S Stacks Mm"": ""542"", ""Wb Wheel Base Mm"": ""989"", ""Sh Stand Over Height Mm"": ""765""}",,,https://www.merida-bikes.com/es-es/bike/6560/scultura-team,https://www.merida-bikes.com/es-es/bike/6560/scultura-team,html,2026-10-05
Merida,SCULTURA [ca18db0c],SCULTURA TEAM,2027,carretera,M,M,,,,,,557,395,"{""Tamaño de rueda"": ""28\"""", ""St Seat Tubes Mm"": ""501"", ""Tt Top Tubes Mm"": ""560"", ""Cs Chain Stays Mm"": ""408"", ""Hta Head Tube Angles Deg"": ""73.5"", ""Sta Seat Tube Angle Deg"": ""73.5"", ""Bd Bottom Bracket Drops Mm"": ""66"", ""Ht Head Tube Lengths Mm"": ""140"", ""Fl Fork Lengths Mm"": ""385"", ""R Reachs Mm"": ""395"", ""S Stacks Mm"": ""557"", ""Wb Wheel Base Mm"": ""990"", ""Sh Stand Over Height Mm"": ""782""}",,,https://www.merida-bikes.com/es-es/bike/6560/scultura-team,https://www.merida-bikes.com/es-es/bike/6560/scultura-team,html,2026-10-05
Merida,SCULTURA [ca18db0c],SCULTURA TEAM,2027,carretera,L,L,,,,,,571,400,"{""Tamaño de rueda"": ""28\"""", ""St Seat Tubes Mm"": ""521"", ""Tt Top Tubes Mm"": ""575"", ""Cs Chain Stays Mm"": ""408"", ""Hta Head Tube Angles Deg"": ""73.5"", ""Sta Seat Tube Angle Deg"": ""73"", ""Bd Bottom Bracket Drops Mm"": ""66"", ""Ht Head Tube Lengths Mm"": ""155"", ""Fl Fork Lengths Mm"": ""385"", ""R Reachs Mm"": ""400"", ""S Stacks Mm"": ""571"", ""Wb Wheel Base Mm"": ""1000"", ""Sh Stand Over Height Mm"": ""800""}",,,https://www.merida-bikes.com/es-es/bike/6560/scultura-team,https://www.merida-bikes.com/es-es/bike/6560/scultura-team,html,2026-10-05
Merida,SCULTURA [c61c4f34],SCULTURA 9000,2027,carretera,3XS,XXXS,,,,,,512,373,"{""Tamaño de rueda"": ""28\"""", ""St Seat Tubes Mm"": ""400"", ""Tt Top Tubes Mm"": ""505"", ""Cs Chain Stays Mm"": ""408"", ""Hta Head Tube Angles Deg"": ""70.5"", ""Sta Seat Tube Angle Deg"": ""75.5"", ""Bd Bottom Bracket Drops Mm"": ""70"", ""Ht Head Tube Lengths Mm"": ""100"", ""Fl Fork Lengths Mm"": ""385"", ""R Reachs Mm"": ""373"", ""S Stacks Mm"": ""512"", ""Wb Wheel Base Mm"": ""979"", ""Sh Stand Over Height Mm"": ""700""}",,,https://www.merida-bikes.com/es-es/bike/6561/scultura-9000,https://www.merida-bikes.com/es-es/bike/6561/scultura-9000,html,2026-10-05
Merida,SCULTURA [c61c4f34],SCULTURA 9000,2027,carretera,XXS,XXS,,,,,,517,377,"{""Tamaño de rueda"": ""28\"""", ""St Seat Tubes Mm"": ""435"", ""Tt Top Tubes Mm"": ""520"", ""Cs Chain Stays Mm"": ""408"", ""Hta Head Tube Angles Deg"": ""70.5"", ""Sta Seat Tube Angle Deg"": ""74.5"", ""Bd Bottom Bracket Drops Mm"": ""70"", ""Ht Head Tube Lengths Mm"": ""105"", ""Fl Fork Lengths Mm"": ""385"", ""R Reachs Mm"": ""377"", ""S Stacks Mm"": ""517"", ""Wb Wheel Base Mm"": ""985"", ""Sh Stand Over Height Mm"": ""721""}",,,https://www.merida-bikes.com/es-es/bike/6561/scultura-9000,https://www.merida-bikes.com/es-es/bike/6561/scultura-9000,html,2026-10-05
Merida,SCULTURA [c61c4f34],SCULTURA 9000,2027,carretera,XS,XS,,,,,,529,383,"{""Tamaño de rueda"": ""28\"""", ""St Seat Tubes Mm"": ""458"", ""Tt Top Tubes Mm"": ""535"", ""Cs Chain Stays Mm"": ""408"", ""Hta Head Tube Angles Deg"": ""72"", ""Sta Seat Tube Angle Deg"": ""74"", ""Bd Bottom Bracket Drops Mm"": ""70"", ""Ht Head Tube Lengths Mm"": ""112"", ""Fl Fork Lengths Mm"": ""385"", ""R Reachs Mm"": ""383"", ""S Stacks Mm"": ""529"", ""Wb Wheel Base Mm"": ""982"", ""Sh Stand Over Height Mm"": ""745""}",,,https://www.merida-bikes.com/es-es/bike/6561/scultura-9000,https://www.merida-bikes.com/es-es/bike/6561/scultura-9000,html,2026-10-05
Merida,SCULTURA [c61c4f34],SCULTURA 9000,2027,carretera,S,S,,,,,,542,390,"{""Tamaño de rueda"": ""28\"""", ""St Seat Tubes Mm"": ""481"", ""Tt Top Tubes Mm"": ""545"", ""Cs Chain Stays Mm"": ""408"", ""Hta Head Tube Angles Deg"": ""72.5"", ""Sta Seat Tube Angle Deg"": ""74"", ""Bd Bottom Bracket Drops Mm"": ""66"", ""Ht Head Tube Lengths Mm"": ""128"", ""Fl Fork Lengths Mm"": ""385"", ""R Reachs Mm"": ""390"", ""S Stacks Mm"": ""542"", ""Wb Wheel Base Mm"": ""989"", ""Sh Stand Over Height Mm"": ""765""}",,,https://www.merida-bikes.com/es-es/bike/6561/scultura-9000,https://www.merida-bikes.com/es-es/bike/6561/scultura-9000,html,2026-10-05
Merida,SCULTURA [c61c4f34],SCULTURA 9000,2027,carretera,M,M,,,,,,557,395,"{""Tamaño de rueda"": ""28\"""", ""St Seat Tubes Mm"": ""501"", ""Tt Top Tubes Mm"": ""560"", ""Cs Chain Stays Mm"": ""408"", ""Hta Head Tube Angles Deg"": ""73.5"", ""Sta Seat Tube Angle Deg"": ""73.5"", ""Bd Bottom Bracket Drops Mm"": ""66"", ""Ht Head Tube Lengths Mm"": ""140"", ""Fl Fork Lengths Mm"": ""385"", ""R Reachs Mm"": ""395"", ""S Stacks Mm"": ""557"", ""Wb Wheel Base Mm"": ""990"", ""Sh Stand Over Height Mm"": ""782""}",,,https://www.merida-bikes.com/es-es/bike/6561/scultura-9000,https://www.merida-bikes.com/es-es/bike/6561/scultura-9000,html,2026-10-05
Merida,SCULTURA [c61c4f34],SCULTURA 9000,2027,carretera,L,L,,,,,,571,400,"{""Tamaño de rueda"": ""28\"""", ""St Seat Tubes Mm"": ""521"", ""Tt Top Tubes Mm"": ""575"", ""Cs Chain Stays Mm"": ""408"", ""Hta Head Tube Angles Deg"": ""73.5"", ""Sta Seat Tube Angle Deg"": ""73"", ""Bd Bottom Bracket Drops Mm"": ""66"", ""Ht Head Tube Lengths Mm"": ""155"", ""Fl Fork Lengths Mm"": ""385"", ""R Reachs Mm"": ""400"", ""S Stacks Mm"": ""571"", ""Wb Wheel Base Mm"": ""1000"", ""Sh Stand Over Height Mm"": ""800""}",,,https://www.merida-bikes.com/es-es/bike/6561/scultura-9000,https://www.merida-bikes.com/es-es/bike/6561/scultura-9000,html,2026-10-05
Merida,SCULTURA [c61c4f34],SCULTURA 9000,2027,carretera,XL,XL,,,,,,593,409,"{""Tamaño de rueda"": ""28\"""", ""St Seat Tubes Mm"": ""550"", ""Tt Top Tubes Mm"": ""590"", ""Cs Chain Stays Mm"": ""408"", ""Hta Head Tube Angles Deg"": ""74"", ""Sta Seat Tube Angle Deg"": ""73"", ""Bd Bottom Bracket Drops Mm"": ""66"", ""Ht Head Tube Lengths Mm"": ""176"", ""Fl Fork Lengths Mm"": ""385"", ""R Reachs Mm"": ""409"", ""S Stacks Mm"": ""593"", ""Wb Wheel Base Mm"": ""1010"", ""Sh Stand Over Height Mm"": ""823""}",,,https://www.merida-bikes.com/es-es/bike/6561/scultura-9000,https://www.merida-bikes.com/es-es/bike/6561/scultura-9000,html,2026-10-05
Merida,SCULTURA [c61c4f34],SCULTURA 8000,2027,carretera,3XS,XXXS,,,,,,512,373,"{""Tamaño de rueda"": ""28\"""", ""St Seat Tubes Mm"": ""400"", ""Tt Top Tubes Mm"": ""505"", ""Cs Chain Stays Mm"": ""408"", ""Hta Head Tube Angles Deg"": ""70.5"", ""Sta Seat Tube Angle Deg"": ""75.5"", ""Bd Bottom Bracket Drops Mm"": ""70"", ""Ht Head Tube Lengths Mm"": ""100"", ""Fl Fork Lengths Mm"": ""385"", ""R Reachs Mm"": ""373"", ""S Stacks Mm"": ""512"", ""Wb Wheel Base Mm"": ""979"", ""Sh Stand Over Height Mm"": ""700""}",,,https://www.merida-bikes.com/es-es/bike/6562/scultura-8000,https://www.merida-bikes.com/es-es/bike/6562/scultura-8000,html,2026-10-05
Merida,SCULTURA [c61c4f34],SCULTURA 8000,2027,carretera,XXS,XXS,,,,,,517,377,"{""Tamaño de rueda"": ""28\"""", ""St Seat Tubes Mm"": ""435"", ""Tt Top Tubes Mm"": ""520"", ""Cs Chain Stays Mm"": ""408"", ""Hta Head Tube Angles Deg"": ""70.5"", ""Sta Seat Tube Angle Deg"": ""74.5"", ""Bd Bottom Bracket Drops Mm"": ""70"", ""Ht Head Tube Lengths Mm"": ""105"", ""Fl Fork Lengths Mm"": ""385"", ""R Reachs Mm"": ""377"", ""S Stacks Mm"": ""517"", ""Wb Wheel Base Mm"": ""985"", ""Sh Stand Over Height Mm"": ""721""}",,,https://www.merida-bikes.com/es-es/bike/6562/scultura-8000,https://www.merida-bikes.com/es-es/bike/6562/scultura-8000,html,2026-10-05
Merida,SCULTURA [c61c4f34],SCULTURA 8000,2027,carretera,XS,XS,,,,,,529,383,"{""Tamaño de rueda"": ""28\"""", ""St Seat Tubes Mm"": ""458"", ""Tt Top Tubes Mm"": ""535"", ""Cs Chain Stays Mm"": ""408"", ""Hta Head Tube Angles Deg"": ""72"", ""Sta Seat Tube Angle Deg"": ""74"", ""Bd Bottom Bracket Drops Mm"": ""70"", ""Ht Head Tube Lengths Mm"": ""112"", ""Fl Fork Lengths Mm"": ""385"", ""R Reachs Mm"": ""383"", ""S Stacks Mm"": ""529"", ""Wb Wheel Base Mm"": ""982"", ""Sh Stand Over Height Mm"": ""745""}",,,https://www.merida-bikes.com/es-es/bike/6562/scultura-8000,https://www.merida-bikes.com/es-es/bike/6562/scultura-8000,html,2026-10-05
Merida,SCULTURA [c61c4f34],SCULTURA 8000,2027,carretera,S,S,,,,,,542,390,"{""Tamaño de rueda"": ""28\"""", ""St Seat Tubes Mm"": ""481"", ""Tt Top Tubes Mm"": ""545"", ""Cs Chain Stays Mm"": ""408"", ""Hta Head Tube Angles Deg"": ""72.5"", ""Sta Seat Tube Angle Deg"": ""74"", ""Bd Bottom Bracket Drops Mm"": ""66"", ""Ht Head Tube Lengths Mm"": ""128"", ""Fl Fork Lengths Mm"": ""385"", ""R Reachs Mm"": ""390"", ""S Stacks Mm"": ""542"", ""Wb Wheel Base Mm"": ""989"", ""Sh Stand Over Height Mm"": ""765""}",,,https://www.merida-bikes.com/es-es/bike/6562/scultura-8000,https://www.merida-bikes.com/es-es/bike/6562/scultura-8000,html,2026-10-05
Merida,SCULTURA [c61c4f34],SCULTURA 8000,2027,carretera,M,M,,,,,,557,395,"{""Tamaño de rueda"": ""28\"""", ""St Seat Tubes Mm"": ""501"", ""Tt Top Tubes Mm"": ""560"", ""Cs Chain Stays Mm"": ""408"", ""Hta Head Tube Angles Deg"": ""73.5"", ""Sta Seat Tube Angle Deg"": ""73.5"", ""Bd Bottom Bracket Drops Mm"": ""66"", ""Ht Head Tube Lengths Mm"": ""140"", ""Fl Fork Lengths Mm"": ""385"", ""R Reachs Mm"": ""395"", ""S Stacks Mm"": ""557"", ""Wb Wheel Base Mm"": ""990"", ""Sh Stand Over Height Mm"": ""782""}",,,https://www.merida-bikes.com/es-es/bike/6562/scultura-8000,https://www.merida-bikes.com/es-es/bike/6562/scultura-8000,html,2026-10-05
Merida,SCULTURA [c61c4f34],SCULTURA 8000,2027,carretera,L,L,,,,,,571,400,"{""Tamaño de rueda"": ""28\"""", ""St Seat Tubes Mm"": ""521"", ""Tt Top Tubes Mm"": ""575"", ""Cs Chain Stays Mm"": ""408"", ""Hta Head Tube Angles Deg"": ""73.5"", ""Sta Seat Tube Angle Deg"": ""73"", ""Bd Bottom Bracket Drops Mm"": ""66"", ""Ht Head Tube Lengths Mm"": ""155"", ""Fl Fork Lengths Mm"": ""385"", ""R Reachs Mm"": ""400"", ""S Stacks Mm"": ""571"", ""Wb Wheel Base Mm"": ""1000"", ""Sh Stand Over Height Mm"": ""800""}",,,https://www.merida-bikes.com/es-es/bike/6562/scultura-8000,https://www.merida-bikes.com/es-es/bike/6562/scultura-8000,html,2026-10-05
Merida,SCULTURA [c61c4f34],SCULTURA 8000,2027,carretera,XL,XL,,,,,,593,409,"{""Tamaño de rueda"": ""28\"""", ""St Seat Tubes Mm"": ""550"", ""Tt Top Tubes Mm"": ""590"", ""Cs Chain Stays Mm"": ""408"", ""Hta Head Tube Angles Deg"": ""74"", ""Sta Seat Tube Angle Deg"": ""73"", ""Bd Bottom Bracket Drops Mm"": ""66"", ""Ht Head Tube Lengths Mm"": ""176"", ""Fl Fork Lengths Mm"": ""385"", ""R Reachs Mm"": ""409"", ""S Stacks Mm"": ""593"", ""Wb Wheel Base Mm"": ""1010"", ""Sh Stand Over Height Mm"": ""823""}",,,https://www.merida-bikes.com/es-es/bike/6562/scultura-8000,https://www.merida-bikes.com/es-es/bike/6562/scultura-8000,html,2026-10-05
Merida,SCULTURA [c61c4f34],SCULTURA 5000,2027,carretera,3XS,XXXS,,,,,,512,373,"{""Tamaño de rueda"": ""28\"""", ""St Seat Tubes Mm"": ""400"", ""Tt Top Tubes Mm"": ""505"", ""Cs Chain Stays Mm"": ""408"", ""Hta Head Tube Angles Deg"": ""70.5"", ""Sta Seat Tube Angle Deg"": ""75.5"", ""Bd Bottom Bracket Drops Mm"": ""70"", ""Ht Head Tube Lengths Mm"": ""100"", ""Fl Fork Lengths Mm"": ""385"", ""R Reachs Mm"": ""373"", ""S Stacks Mm"": ""512"", ""Wb Wheel Base Mm"": ""979"", ""Sh Stand Over Height Mm"": ""700""}",,,https://www.merida-bikes.com/es-es/bike/6565/scultura-5000,https://www.merida-bikes.com/es-es/bike/6565/scultura-5000,html,2026-10-05
Merida,SCULTURA [c61c4f34],SCULTURA 5000,2027,carretera,XXS,XXS,,,,,,517,377,"{""Tamaño de rueda"": ""28\"""", ""St Seat Tubes Mm"": ""435"", ""Tt Top Tubes Mm"": ""520"", ""Cs Chain Stays Mm"": ""408"", ""Hta Head Tube Angles Deg"": ""70.5"", ""Sta Seat Tube Angle Deg"": ""74.5"", ""Bd Bottom Bracket Drops Mm"": ""70"", ""Ht Head Tube Lengths Mm"": ""105"", ""Fl Fork Lengths Mm"": ""385"", ""R Reachs Mm"": ""377"", ""S Stacks Mm"": ""517"", ""Wb Wheel Base Mm"": ""985"", ""Sh Stand Over Height Mm"": ""721""}",,,https://www.merida-bikes.com/es-es/bike/6565/scultura-5000,https://www.merida-bikes.com/es-es/bike/6565/scultura-5000,html,2026-10-05
Merida,SCULTURA [c61c4f34],SCULTURA 5000,2027,carretera,XS,XS,,,,,,529,383,"{""Tamaño de rueda"": ""28\"""", ""St Seat Tubes Mm"": ""458"", ""Tt Top Tubes Mm"": ""535"", ""Cs Chain Stays Mm"": ""408"", ""Hta Head Tube Angles Deg"": ""72"", ""Sta Seat Tube Angle Deg"": ""74"", ""Bd Bottom Bracket Drops Mm"": ""70"", ""Ht Head Tube Lengths Mm"": ""112"", ""Fl Fork Lengths Mm"": ""385"", ""R Reachs Mm"": ""383"", ""S Stacks Mm"": ""529"", ""Wb Wheel Base Mm"": ""982"", ""Sh Stand Over Height Mm"": ""745""}",,,https://www.merida-bikes.com/es-es/bike/6565/scultura-5000,https://www.merida-bikes.com/es-es/bike/6565/scultura-5000,html,2026-10-05
Merida,SCULTURA [c61c4f34],SCULTURA 5000,2027,carretera,S,S,,,,,,542,390,"{""Tamaño de rueda"": ""28\"""", ""St Seat Tubes Mm"": ""481"", ""Tt Top Tubes Mm"": ""545"", ""Cs Chain Stays Mm"": ""408"", ""Hta Head Tube Angles Deg"": ""72.5"", ""Sta Seat Tube Angle Deg"": ""74"", ""Bd Bottom Bracket Drops Mm"": ""66"", ""Ht Head Tube Lengths Mm"": ""128"", ""Fl Fork Lengths Mm"": ""385"", ""R Reachs Mm"": ""390"", ""S Stacks Mm"": ""542"", ""Wb Wheel Base Mm"": ""989"", ""Sh Stand Over Height Mm"": ""765""}",,,https://www.merida-bikes.com/es-es/bike/6565/scultura-5000,https://www.merida-bikes.com/es-es/bike/6565/scultura-5000,html,2026-10-05
Merida,SCULTURA [c61c4f34],SCULTURA 5000,2027,carretera,M,M,,,,,,557,395,"{""Tamaño de rueda"": ""28\"""", ""St Seat Tubes Mm"": ""501"", ""Tt Top Tubes Mm"": ""560"", ""Cs Chain Stays Mm"": ""408"", ""Hta Head Tube Angles Deg"": ""73.5"", ""Sta Seat Tube Angle Deg"": ""73.5"", ""Bd Bottom Bracket Drops Mm"": ""66"", ""Ht Head Tube Lengths Mm"": ""140"", ""Fl Fork Lengths Mm"": ""385"", ""R Reachs Mm"": ""395"", ""S Stacks Mm"": ""557"", ""Wb Wheel Base Mm"": ""990"", ""Sh Stand Over Height Mm"": ""782""}",,,https://www.merida-bikes.com/es-es/bike/6565/scultura-5000,https://www.merida-bikes.com/es-es/bike/6565/scultura-5000,html,2026-10-05
Merida,SCULTURA [c61c4f34],SCULTURA 5000,2027,carretera,L,L,,,,,,571,400,"{""Tamaño de rueda"": ""28\"""", ""St Seat Tubes Mm"": ""521"", ""Tt Top Tubes Mm"": ""575"", ""Cs Chain Stays Mm"": ""408"", ""Hta Head Tube Angles Deg"": ""73.5"", ""Sta Seat Tube Angle Deg"": ""73"", ""Bd Bottom Bracket Drops Mm"": ""66"", ""Ht Head Tube Lengths Mm"": ""155"", ""Fl Fork Lengths Mm"": ""385"", ""R Reachs Mm"": ""400"", ""S Stacks Mm"": ""571"", ""Wb Wheel Base Mm"": ""1000"", ""Sh Stand Over Height Mm"": ""800""}",,,https://www.merida-bikes.com/es-es/bike/6565/scultura-5000,https://www.merida-bikes.com/es-es/bike/6565/scultura-5000,html,2026-10-05
Merida,SCULTURA [c61c4f34],SCULTURA 5000,2027,carretera,XL,XL,,,,,,593,409,"{""Tamaño de rueda"": ""28\"""", ""St Seat Tubes Mm"": ""550"", ""Tt Top Tubes Mm"": ""590"", ""Cs Chain Stays Mm"": ""408"", ""Hta Head Tube Angles Deg"": ""74"", ""Sta Seat Tube Angle Deg"": ""73"", ""Bd Bottom Bracket Drops Mm"": ""66"", ""Ht Head Tube Lengths Mm"": ""176"", ""Fl Fork Lengths Mm"": ""385"", ""R Reachs Mm"": ""409"", ""S Stacks Mm"": ""593"", ""Wb Wheel Base Mm"": ""1010"", ""Sh Stand Over Height Mm"": ""823""}",,,https://www.merida-bikes.com/es-es/bike/6565/scultura-5000,https://www.merida-bikes.com/es-es/bike/6565/scultura-5000,html,2026-10-05
Merida,SCULTURA [c61c4f34],SCULTURA 4000,2027,carretera,3XS,XXXS,,,,,,512,373,"{""Tamaño de rueda"": ""28\"""", ""St Seat Tubes Mm"": ""400"", ""Tt Top Tubes Mm"": ""505"", ""Cs Chain Stays Mm"": ""408"", ""Hta Head Tube Angles Deg"": ""70.5"", ""Sta Seat Tube Angle Deg"": ""75.5"", ""Bd Bottom Bracket Drops Mm"": ""70"", ""Ht Head Tube Lengths Mm"": ""100"", ""Fl Fork Lengths Mm"": ""385"", ""R Reachs Mm"": ""373"", ""S Stacks Mm"": ""512"", ""Wb Wheel Base Mm"": ""979"", ""Sh Stand Over Height Mm"": ""700""}",,,https://www.merida-bikes.com/es-es/bike/6566/scultura-4000,https://www.merida-bikes.com/es-es/bike/6566/scultura-4000,html,2026-10-05
Merida,SCULTURA [c61c4f34],SCULTURA 4000,2027,carretera,XXS,XXS,,,,,,517,377,"{""Tamaño de rueda"": ""28\"""", ""St Seat Tubes Mm"": ""435"", ""Tt Top Tubes Mm"": ""520"", ""Cs Chain Stays Mm"": ""408"", ""Hta Head Tube Angles Deg"": ""70.5"", ""Sta Seat Tube Angle Deg"": ""74.5"", ""Bd Bottom Bracket Drops Mm"": ""70"", ""Ht Head Tube Lengths Mm"": ""105"", ""Fl Fork Lengths Mm"": ""385"", ""R Reachs Mm"": ""377"", ""S Stacks Mm"": ""517"", ""Wb Wheel Base Mm"": ""985"", ""Sh Stand Over Height Mm"": ""721""}",,,https://www.merida-bikes.com/es-es/bike/6566/scultura-4000,https://www.merida-bikes.com/es-es/bike/6566/scultura-4000,html,2026-10-05
Merida,SCULTURA [c61c4f34],SCULTURA 4000,2027,carretera,XS,XS,,,,,,529,383,"{""Tamaño de rueda"": ""28\"""", ""St Seat Tubes Mm"": ""458"", ""Tt Top Tubes Mm"": ""535"", ""Cs Chain Stays Mm"": ""408"", ""Hta Head Tube Angles Deg"": ""72"", ""Sta Seat Tube Angle Deg"": ""74"", ""Bd Bottom Bracket Drops Mm"": ""70"", ""Ht Head Tube Lengths Mm"": ""112"", ""Fl Fork Lengths Mm"": ""385"", ""R Reachs Mm"": ""383"", ""S Stacks Mm"": ""529"", ""Wb Wheel Base Mm"": ""982"", ""Sh Stand Over Height Mm"": ""745""}",,,https://www.merida-bikes.com/es-es/bike/6566/scultura-4000,https://www.merida-bikes.com/es-es/bike/6566/scultura-4000,html,2026-10-05
Merida,SCULTURA [c61c4f34],SCULTURA 4000,2027,carretera,S,S,,,,,,542,390,"{""Tamaño de rueda"": ""28\"""", ""St Seat Tubes Mm"": ""481"", ""Tt Top Tubes Mm"": ""545"", ""Cs Chain Stays Mm"": ""408"", ""Hta Head Tube Angles Deg"": ""72.5"", ""Sta Seat Tube Angle Deg"": ""74"", ""Bd Bottom Bracket Drops Mm"": ""66"", ""Ht Head Tube Lengths Mm"": ""128"", ""Fl Fork Lengths Mm"": ""385"", ""R Reachs Mm"": ""390"", ""S Stacks Mm"": ""542"", ""Wb Wheel Base Mm"": ""989"", ""Sh Stand Over Height Mm"": ""765""}",,,https://www.merida-bikes.com/es-es/bike/6566/scultura-4000,https://www.merida-bikes.com/es-es/bike/6566/scultura-4000,html,2026-10-05
Merida,SCULTURA [c61c4f34],SCULTURA 4000,2027,carretera,M,M,,,,,,557,395,"{""Tamaño de rueda"": ""28\"""", ""St Seat Tubes Mm"": ""501"", ""Tt Top Tubes Mm"": ""560"", ""Cs Chain Stays Mm"": ""408"", ""Hta Head Tube Angles Deg"": ""73.5"", ""Sta Seat Tube Angle Deg"": ""73.5"", ""Bd Bottom Bracket Drops Mm"": ""66"", ""Ht Head Tube Lengths Mm"": ""140"", ""Fl Fork Lengths Mm"": ""385"", ""R Reachs Mm"": ""395"", ""S Stacks Mm"": ""557"", ""Wb Wheel Base Mm"": ""990"", ""Sh Stand Over Height Mm"": ""782""}",,,https://www.merida-bikes.com/es-es/bike/6566/scultura-4000,https://www.merida-bikes.com/es-es/bike/6566/scultura-4000,html,2026-10-05
Merida,SCULTURA [c61c4f34],SCULTURA 4000,2027,carretera,L,L,,,,,,571,400,"{""Tamaño de rueda"": ""28\"""", ""St Seat Tubes Mm"": ""521"", ""Tt Top Tubes Mm"": ""575"", ""Cs Chain Stays Mm"": ""408"", ""Hta Head Tube Angles Deg"": ""73.5"", ""Sta Seat Tube Angle Deg"": ""73"", ""Bd Bottom Bracket Drops Mm"": ""66"", ""Ht Head Tube Lengths Mm"": ""155"", ""Fl Fork Lengths Mm"": ""385"", ""R Reachs Mm"": ""400"", ""S Stacks Mm"": ""571"", ""Wb Wheel Base Mm"": ""1000"", ""Sh Stand Over Height Mm"": ""800""}",,,https://www.merida-bikes.com/es-es/bike/6566/scultura-4000,https://www.merida-bikes.com/es-es/bike/6566/scultura-4000,html,2026-10-05
Merida,SCULTURA [c61c4f34],SCULTURA 4000,2027,carretera,XL,XL,,,,,,593,409,"{""Tamaño de rueda"": ""28\"""", ""St Seat Tubes Mm"": ""550"", ""Tt Top Tubes Mm"": ""590"", ""Cs Chain Stays Mm"": ""408"", ""Hta Head Tube Angles Deg"": ""74"", ""Sta Seat Tube Angle Deg"": ""73"", ""Bd Bottom Bracket Drops Mm"": ""66"", ""Ht Head Tube Lengths Mm"": ""176"", ""Fl Fork Lengths Mm"": ""385"", ""R Reachs Mm"": ""409"", ""S Stacks Mm"": ""593"", ""Wb Wheel Base Mm"": ""1010"", ""Sh Stand Over Height Mm"": ""823""}",,,https://www.merida-bikes.com/es-es/bike/6566/scultura-4000,https://www.merida-bikes.com/es-es/bike/6566/scultura-4000,html,2026-10-05
Merida,SCULTURA 6000 [bf50650a],SCULTURA 6000,2027,carretera,XXS,XXS,,,,,,517,377,"{""Tamaño de rueda"": ""28\"""", ""St Seat Tubes Mm"": ""435"", ""Tt Top Tubes Mm"": ""520"", ""Cs Chain Stays Mm"": ""408"", ""Hta Head Tube Angles Deg"": ""70.5"", ""Sta Seat Tube Angle Deg"": ""74.5"", ""Bd Bottom Bracket Drops Mm"": ""70"", ""Ht Head Tube Lengths Mm"": ""105"", ""Fl Fork Lengths Mm"": ""385"", ""R Reachs Mm"": ""377"", ""S Stacks Mm"": ""517"", ""Wb Wheel Base Mm"": ""985"", ""Sh Stand Over Height Mm"": ""721""}",,,https://www.merida-bikes.com/es-es/bike/6564/scultura-6000,https://www.merida-bikes.com/es-es/bike/6564/scultura-6000,html,2026-10-05
Merida,SCULTURA 6000 [bf50650a],SCULTURA 6000,2027,carretera,XS,XS,,,,,,529,383,"{""Tamaño de rueda"": ""28\"""", ""St Seat Tubes Mm"": ""458"", ""Tt Top Tubes Mm"": ""535"", ""Cs Chain Stays Mm"": ""408"", ""Hta Head Tube Angles Deg"": ""72"", ""Sta Seat Tube Angle Deg"": ""74"", ""Bd Bottom Bracket Drops Mm"": ""70"", ""Ht Head Tube Lengths Mm"": ""112"", ""Fl Fork Lengths Mm"": ""385"", ""R Reachs Mm"": ""383"", ""S Stacks Mm"": ""529"", ""Wb Wheel Base Mm"": ""982"", ""Sh Stand Over Height Mm"": ""745""}",,,https://www.merida-bikes.com/es-es/bike/6564/scultura-6000,https://www.merida-bikes.com/es-es/bike/6564/scultura-6000,html,2026-10-05
Merida,SCULTURA 6000 [bf50650a],SCULTURA 6000,2027,carretera,S,S,,,,,,542,390,"{""Tamaño de rueda"": ""28\"""", ""St Seat Tubes Mm"": ""481"", ""Tt Top Tubes Mm"": ""545"", ""Cs Chain Stays Mm"": ""408"", ""Hta Head Tube Angles Deg"": ""72.5"", ""Sta Seat Tube Angle Deg"": ""74"", ""Bd Bottom Bracket Drops Mm"": ""66"", ""Ht Head Tube Lengths Mm"": ""128"", ""Fl Fork Lengths Mm"": ""385"", ""R Reachs Mm"": ""390"", ""S Stacks Mm"": ""542"", ""Wb Wheel Base Mm"": ""989"", ""Sh Stand Over Height Mm"": ""765""}",,,https://www.merida-bikes.com/es-es/bike/6564/scultura-6000,https://www.merida-bikes.com/es-es/bike/6564/scultura-6000,html,2026-10-05
Merida,SCULTURA 6000 [bf50650a],SCULTURA 6000,2027,carretera,M,M,,,,,,557,395,"{""Tamaño de rueda"": ""28\"""", ""St Seat Tubes Mm"": ""501"", ""Tt Top Tubes Mm"": ""560"", ""Cs Chain Stays Mm"": ""408"", ""Hta Head Tube Angles Deg"": ""73.5"", ""Sta Seat Tube Angle Deg"": ""73.5"", ""Bd Bottom Bracket Drops Mm"": ""66"", ""Ht Head Tube Lengths Mm"": ""140"", ""Fl Fork Lengths Mm"": ""385"", ""R Reachs Mm"": ""395"", ""S Stacks Mm"": ""557"", ""Wb Wheel Base Mm"": ""990"", ""Sh Stand Over Height Mm"": ""782""}",,,https://www.merida-bikes.com/es-es/bike/6564/scultura-6000,https://www.merida-bikes.com/es-es/bike/6564/scultura-6000,html,2026-10-05
Merida,SCULTURA 6000 [bf50650a],SCULTURA 6000,2027,carretera,L,L,,,,,,571,400,"{""Tamaño de rueda"": ""28\"""", ""St Seat Tubes Mm"": ""521"", ""Tt Top Tubes Mm"": ""575"", ""Cs Chain Stays Mm"": ""408"", ""Hta Head Tube Angles Deg"": ""73.5"", ""Sta Seat Tube Angle Deg"": ""73"", ""Bd Bottom Bracket Drops Mm"": ""66"", ""Ht Head Tube Lengths Mm"": ""155"", ""Fl Fork Lengths Mm"": ""385"", ""R Reachs Mm"": ""400"", ""S Stacks Mm"": ""571"", ""Wb Wheel Base Mm"": ""1000"", ""Sh Stand Over Height Mm"": ""800""}",,,https://www.merida-bikes.com/es-es/bike/6564/scultura-6000,https://www.merida-bikes.com/es-es/bike/6564/scultura-6000,html,2026-10-05
Merida,REACTO ONE [6ac230eb],REACTO ONE,2027,carretera,XXS,XXS,,,,,,517,377,"{""Tamaño de rueda"": ""28\"""", ""St Seat Tubes Mm"": ""470"", ""Tt Top Tubes Mm"": ""521"", ""Cs Chain Stays Mm"": ""410"", ""Hta Head Tube Angles Deg"": ""70.5"", ""Sta Seat Tube Angle Deg"": ""74.5"", ""Bd Bottom Bracket Drops Mm"": ""70"", ""Ht Head Tube Lengths Mm"": ""105"", ""Fl Fork Lengths Mm"": ""385"", ""Fo Fork Offset Mm"": ""45"", ""R Reachs Mm"": ""377"", ""S Stacks Mm"": ""517"", ""Wb Wheel Base Mm"": ""987"", ""Sh Stand Over Height Mm"": ""746"", ""Str Stack To Reach Ratio Pc"": ""1,37""}",,,https://www.merida-bikes.com/es-es/bike/5927/reacto-one,https://www.merida-bikes.com/es-es/bike/5927/reacto-one,html,2026-10-05
Merida,REACTO ONE [6ac230eb],REACTO ONE,2027,carretera,XS,XS,,,,,,529,384,"{""Tamaño de rueda"": ""28\"""", ""St Seat Tubes Mm"": ""500"", ""Tt Top Tubes Mm"": ""535"", ""Cs Chain Stays Mm"": ""410"", ""Hta Head Tube Angles Deg"": ""72"", ""Sta Seat Tube Angle Deg"": ""74"", ""Bd Bottom Bracket Drops Mm"": ""70"", ""Ht Head Tube Lengths Mm"": ""112"", ""Fl Fork Lengths Mm"": ""385"", ""Fo Fork Offset Mm"": ""45"", ""R Reachs Mm"": ""384"", ""S Stacks Mm"": ""529"", ""Wb Wheel Base Mm"": ""984"", ""Sh Stand Over Height Mm"": ""771"", ""Str Stack To Reach Ratio Pc"": ""1,38""}",,,https://www.merida-bikes.com/es-es/bike/5927/reacto-one,https://www.merida-bikes.com/es-es/bike/5927/reacto-one,html,2026-10-05
Merida,REACTO ONE [6ac230eb],REACTO ONE,2027,carretera,S,S,,,,,,542,390,"{""Tamaño de rueda"": ""28\"""", ""St Seat Tubes Mm"": ""520"", ""Tt Top Tubes Mm"": ""545"", ""Cs Chain Stays Mm"": ""410"", ""Hta Head Tube Angles Deg"": ""72.5"", ""Sta Seat Tube Angle Deg"": ""74"", ""Bd Bottom Bracket Drops Mm"": ""66"", ""Ht Head Tube Lengths Mm"": ""128"", ""Fl Fork Lengths Mm"": ""385"", ""Fo Fork Offset Mm"": ""45"", ""R Reachs Mm"": ""390"", ""S Stacks Mm"": ""542"", ""Wb Wheel Base Mm"": ""992"", ""Sh Stand Over Height Mm"": ""792"", ""Str Stack To Reach Ratio Pc"": ""1,39""}",,,https://www.merida-bikes.com/es-es/bike/5927/reacto-one,https://www.merida-bikes.com/es-es/bike/5927/reacto-one,html,2026-10-05
Merida,REACTO ONE [6ac230eb],REACTO ONE,2027,carretera,M,M,,,,,,557,395,"{""Tamaño de rueda"": ""28\"""", ""St Seat Tubes Mm"": ""540"", ""Tt Top Tubes Mm"": ""560"", ""Cs Chain Stays Mm"": ""410"", ""Hta Head Tube Angles Deg"": ""73.5"", ""Sta Seat Tube Angle Deg"": ""73.5"", ""Bd Bottom Bracket Drops Mm"": ""66"", ""Ht Head Tube Lengths Mm"": ""140"", ""Fl Fork Lengths Mm"": ""385"", ""Fo Fork Offset Mm"": ""45"", ""R Reachs Mm"": ""395"", ""S Stacks Mm"": ""557"", ""Wb Wheel Base Mm"": ""992"", ""Sh Stand Over Height Mm"": ""810"", ""Str Stack To Reach Ratio Pc"": ""1,41""}",,,https://www.merida-bikes.com/es-es/bike/5927/reacto-one,https://www.merida-bikes.com/es-es/bike/5927/reacto-one,html,2026-10-05
Merida,REACTO ONE [6ac230eb],REACTO ONE,2027,carretera,L,L,,,,,,571,400,"{""Tamaño de rueda"": ""28\"""", ""St Seat Tubes Mm"": ""560"", ""Tt Top Tubes Mm"": ""575"", ""Cs Chain Stays Mm"": ""410"", ""Hta Head Tube Angles Deg"": ""73.5"", ""Sta Seat Tube Angle Deg"": ""73"", ""Bd Bottom Bracket Drops Mm"": ""66"", ""Ht Head Tube Lengths Mm"": ""155"", ""Fl Fork Lengths Mm"": ""385"", ""Fo Fork Offset Mm"": ""45"", ""R Reachs Mm"": ""400"", ""S Stacks Mm"": ""571"", ""Wb Wheel Base Mm"": ""1002"", ""Sh Stand Over Height Mm"": ""826"", ""Str Stack To Reach Ratio Pc"": ""1,43""}",,,https://www.merida-bikes.com/es-es/bike/5927/reacto-one,https://www.merida-bikes.com/es-es/bike/5927/reacto-one,html,2026-10-05
Merida,REACTO [f02ad8c1],REACTO 10K,2027,carretera,XXS,XXS,,,,,,517,377,"{""Tamaño de rueda"": ""28\"""", ""St Seat Tubes Mm"": ""470"", ""Tt Top Tubes Mm"": ""521"", ""Cs Chain Stays Mm"": ""410"", ""Hta Head Tube Angles Deg"": ""70.5"", ""Sta Seat Tube Angle Deg"": ""74.5"", ""Bd Bottom Bracket Drops Mm"": ""70"", ""Ht Head Tube Lengths Mm"": ""105"", ""Fl Fork Lengths Mm"": ""385"", ""Fo Fork Offset Mm"": ""45"", ""R Reachs Mm"": ""377"", ""S Stacks Mm"": ""517"", ""Wb Wheel Base Mm"": ""987"", ""Sh Stand Over Height Mm"": ""746"", ""Str Stack To Reach Ratio Pc"": ""1,37""}",,,https://www.merida-bikes.com/es-es/bike/5925/reacto-10k,https://www.merida-bikes.com/es-es/bike/5925/reacto-10k,html,2026-10-05
Merida,REACTO [f02ad8c1],REACTO 10K,2027,carretera,XS,XS,,,,,,529,384,"{""Tamaño de rueda"": ""28\"""", ""St Seat Tubes Mm"": ""500"", ""Tt Top Tubes Mm"": ""535"", ""Cs Chain Stays Mm"": ""410"", ""Hta Head Tube Angles Deg"": ""72"", ""Sta Seat Tube Angle Deg"": ""74"", ""Bd Bottom Bracket Drops Mm"": ""70"", ""Ht Head Tube Lengths Mm"": ""112"", ""Fl Fork Lengths Mm"": ""385"", ""Fo Fork Offset Mm"": ""45"", ""R Reachs Mm"": ""384"", ""S Stacks Mm"": ""529"", ""Wb Wheel Base Mm"": ""984"", ""Sh Stand Over Height Mm"": ""771"", ""Str Stack To Reach Ratio Pc"": ""1,38""}",,,https://www.merida-bikes.com/es-es/bike/5925/reacto-10k,https://www.merida-bikes.com/es-es/bike/5925/reacto-10k,html,2026-10-05
Merida,REACTO [f02ad8c1],REACTO 10K,2027,carretera,S,S,,,,,,542,390,"{""Tamaño de rueda"": ""28\"""", ""St Seat Tubes Mm"": ""520"", ""Tt Top Tubes Mm"": ""545"", ""Cs Chain Stays Mm"": ""410"", ""Hta Head Tube Angles Deg"": ""72.5"", ""Sta Seat Tube Angle Deg"": ""74"", ""Bd Bottom Bracket Drops Mm"": ""66"", ""Ht Head Tube Lengths Mm"": ""128"", ""Fl Fork Lengths Mm"": ""385"", ""Fo Fork Offset Mm"": ""45"", ""R Reachs Mm"": ""390"", ""S Stacks Mm"": ""542"", ""Wb Wheel Base Mm"": ""992"", ""Sh Stand Over Height Mm"": ""792"", ""Str Stack To Reach Ratio Pc"": ""1,39""}",,,https://www.merida-bikes.com/es-es/bike/5925/reacto-10k,https://www.merida-bikes.com/es-es/bike/5925/reacto-10k,html,2026-10-05
Merida,REACTO [f02ad8c1],REACTO 10K,2027,carretera,M,M,,,,,,557,395,"{""Tamaño de rueda"": ""28\"""", ""St Seat Tubes Mm"": ""540"", ""Tt Top Tubes Mm"": ""560"", ""Cs Chain Stays Mm"": ""410"", ""Hta Head Tube Angles Deg"": ""73.5"", ""Sta Seat Tube Angle Deg"": ""73.5"", ""Bd Bottom Bracket Drops Mm"": ""66"", ""Ht Head Tube Lengths Mm"": ""140"", ""Fl Fork Lengths Mm"": ""385"", ""Fo Fork Offset Mm"": ""45"", ""R Reachs Mm"": ""395"", ""S Stacks Mm"": ""557"", ""Wb Wheel Base Mm"": ""992"", ""Sh Stand Over Height Mm"": ""810"", ""Str Stack To Reach Ratio Pc"": ""1,41""}",,,https://www.merida-bikes.com/es-es/bike/5925/reacto-10k,https://www.merida-bikes.com/es-es/bike/5925/reacto-10k,html,2026-10-05
Merida,REACTO [f02ad8c1],REACTO 10K,2027,carretera,L,L,,,,,,571,400,"{""Tamaño de rueda"": ""28\"""", ""St Seat Tubes Mm"": ""560"", ""Tt Top Tubes Mm"": ""575"", ""Cs Chain Stays Mm"": ""410"", ""Hta Head Tube Angles Deg"": ""73.5"", ""Sta Seat Tube Angle Deg"": ""73"", ""Bd Bottom Bracket Drops Mm"": ""66"", ""Ht Head Tube Lengths Mm"": ""155"", ""Fl Fork Lengths Mm"": ""385"", ""Fo Fork Offset Mm"": ""45"", ""R Reachs Mm"": ""400"", ""S Stacks Mm"": ""571"", ""Wb Wheel Base Mm"": ""1002"", ""Sh Stand Over Height Mm"": ""826"", ""Str Stack To Reach Ratio Pc"": ""1,43""}",,,https://www.merida-bikes.com/es-es/bike/5925/reacto-10k,https://www.merida-bikes.com/es-es/bike/5925/reacto-10k,html,2026-10-05
Merida,REACTO [f02ad8c1],REACTO 10K,2027,carretera,XL,XL,,,,,,593,409,"{""Tamaño de rueda"": ""28\"""", ""St Seat Tubes Mm"": ""590"", ""Tt Top Tubes Mm"": ""590"", ""Cs Chain Stays Mm"": ""410"", ""Hta Head Tube Angles Deg"": ""74"", ""Sta Seat Tube Angle Deg"": ""73"", ""Bd Bottom Bracket Drops Mm"": ""66"", ""Ht Head Tube Lengths Mm"": ""175"", ""Fl Fork Lengths Mm"": ""385"", ""Fo Fork Offset Mm"": ""45"", ""R Reachs Mm"": ""409"", ""S Stacks Mm"": ""593"", ""Wb Wheel Base Mm"": ""1011"", ""Sh Stand Over Height Mm"": ""853"", ""Str Stack To Reach Ratio Pc"": ""1,45""}",,,https://www.merida-bikes.com/es-es/bike/5925/reacto-10k,https://www.merida-bikes.com/es-es/bike/5925/reacto-10k,html,2026-10-05
Merida,REACTO [f02ad8c1],REACTO TEAM,2027,carretera,XXS,XXS,,,,,,517,377,"{""Tamaño de rueda"": ""28\"""", ""St Seat Tubes Mm"": ""470"", ""Tt Top Tubes Mm"": ""521"", ""Cs Chain Stays Mm"": ""410"", ""Hta Head Tube Angles Deg"": ""70.5"", ""Sta Seat Tube Angle Deg"": ""74.5"", ""Bd Bottom Bracket Drops Mm"": ""70"", ""Ht Head Tube Lengths Mm"": ""105"", ""Fl Fork Lengths Mm"": ""385"", ""Fo Fork Offset Mm"": ""45"", ""R Reachs Mm"": ""377"", ""S Stacks Mm"": ""517"", ""Wb Wheel Base Mm"": ""987"", ""Sh Stand Over Height Mm"": ""746"", ""Str Stack To Reach Ratio Pc"": ""1,37""}",,,https://www.merida-bikes.com/es-es/bike/5926/reacto-team,https://www.merida-bikes.com/es-es/bike/5926/reacto-team,html,2026-10-05
Merida,REACTO [f02ad8c1],REACTO TEAM,2027,carretera,XS,XS,,,,,,529,384,"{""Tamaño de rueda"": ""28\"""", ""St Seat Tubes Mm"": ""500"", ""Tt Top Tubes Mm"": ""535"", ""Cs Chain Stays Mm"": ""410"", ""Hta Head Tube Angles Deg"": ""72"", ""Sta Seat Tube Angle Deg"": ""74"", ""Bd Bottom Bracket Drops Mm"": ""70"", ""Ht Head Tube Lengths Mm"": ""112"", ""Fl Fork Lengths Mm"": ""385"", ""Fo Fork Offset Mm"": ""45"", ""R Reachs Mm"": ""384"", ""S Stacks Mm"": ""529"", ""Wb Wheel Base Mm"": ""984"", ""Sh Stand Over Height Mm"": ""771"", ""Str Stack To Reach Ratio Pc"": ""1,38""}",,,https://www.merida-bikes.com/es-es/bike/5926/reacto-team,https://www.merida-bikes.com/es-es/bike/5926/reacto-team,html,2026-10-05
Merida,REACTO [f02ad8c1],REACTO TEAM,2027,carretera,S,S,,,,,,542,390,"{""Tamaño de rueda"": ""28\"""", ""St Seat Tubes Mm"": ""520"", ""Tt Top Tubes Mm"": ""545"", ""Cs Chain Stays Mm"": ""410"", ""Hta Head Tube Angles Deg"": ""72.5"", ""Sta Seat Tube Angle Deg"": ""74"", ""Bd Bottom Bracket Drops Mm"": ""66"", ""Ht Head Tube Lengths Mm"": ""128"", ""Fl Fork Lengths Mm"": ""385"", ""Fo Fork Offset Mm"": ""45"", ""R Reachs Mm"": ""390"", ""S Stacks Mm"": ""542"", ""Wb Wheel Base Mm"": ""992"", ""Sh Stand Over Height Mm"": ""792"", ""Str Stack To Reach Ratio Pc"": ""1,39""}",,,https://www.merida-bikes.com/es-es/bike/5926/reacto-team,https://www.merida-bikes.com/es-es/bike/5926/reacto-team,html,2026-10-05
Merida,REACTO [f02ad8c1],REACTO TEAM,2027,carretera,M,M,,,,,,557,395,"{""Tamaño de rueda"": ""28\"""", ""St Seat Tubes Mm"": ""540"", ""Tt Top Tubes Mm"": ""560"", ""Cs Chain Stays Mm"": ""410"", ""Hta Head Tube Angles Deg"": ""73.5"", ""Sta Seat Tube Angle Deg"": ""73.5"", ""Bd Bottom Bracket Drops Mm"": ""66"", ""Ht Head Tube Lengths Mm"": ""140"", ""Fl Fork Lengths Mm"": ""385"", ""Fo Fork Offset Mm"": ""45"", ""R Reachs Mm"": ""395"", ""S Stacks Mm"": ""557"", ""Wb Wheel Base Mm"": ""992"", ""Sh Stand Over Height Mm"": ""810"", ""Str Stack To Reach Ratio Pc"": ""1,41""}",,,https://www.merida-bikes.com/es-es/bike/5926/reacto-team,https://www.merida-bikes.com/es-es/bike/5926/reacto-team,html,2026-10-05
Merida,REACTO [f02ad8c1],REACTO TEAM,2027,carretera,L,L,,,,,,571,400,"{""Tamaño de rueda"": ""28\"""", ""St Seat Tubes Mm"": ""560"", ""Tt Top Tubes Mm"": ""575"", ""Cs Chain Stays Mm"": ""410"", ""Hta Head Tube Angles Deg"": ""73.5"", ""Sta Seat Tube Angle Deg"": ""73"", ""Bd Bottom Bracket Drops Mm"": ""66"", ""Ht Head Tube Lengths Mm"": ""155"", ""Fl Fork Lengths Mm"": ""385"", ""Fo Fork Offset Mm"": ""45"", ""R Reachs Mm"": ""400"", ""S Stacks Mm"": ""571"", ""Wb Wheel Base Mm"": ""1002"", ""Sh Stand Over Height Mm"": ""826"", ""Str Stack To Reach Ratio Pc"": ""1,43""}",,,https://www.merida-bikes.com/es-es/bike/5926/reacto-team,https://www.merida-bikes.com/es-es/bike/5926/reacto-team,html,2026-10-05
Merida,REACTO [f02ad8c1],REACTO TEAM,2027,carretera,XL,XL,,,,,,593,409,"{""Tamaño de rueda"": ""28\"""", ""St Seat Tubes Mm"": ""590"", ""Tt Top Tubes Mm"": ""590"", ""Cs Chain Stays Mm"": ""410"", ""Hta Head Tube Angles Deg"": ""74"", ""Sta Seat Tube Angle Deg"": ""73"", ""Bd Bottom Bracket Drops Mm"": ""66"", ""Ht Head Tube Lengths Mm"": ""175"", ""Fl Fork Lengths Mm"": ""385"", ""Fo Fork Offset Mm"": ""45"", ""R Reachs Mm"": ""409"", ""S Stacks Mm"": ""593"", ""Wb Wheel Base Mm"": ""1011"", ""Sh Stand Over Height Mm"": ""853"", ""Str Stack To Reach Ratio Pc"": ""1,45""}",,,https://www.merida-bikes.com/es-es/bike/5926/reacto-team,https://www.merida-bikes.com/es-es/bike/5926/reacto-team,html,2026-10-05
Merida,REACTO [f02ad8c1],REACTO 9000,2027,carretera,XXS,XXS,,,,,,517,377,"{""Tamaño de rueda"": ""28\"""", ""St Seat Tubes Mm"": ""470"", ""Tt Top Tubes Mm"": ""521"", ""Cs Chain Stays Mm"": ""410"", ""Hta Head Tube Angles Deg"": ""70.5"", ""Sta Seat Tube Angle Deg"": ""74.5"", ""Bd Bottom Bracket Drops Mm"": ""70"", ""Ht Head Tube Lengths Mm"": ""105"", ""Fl Fork Lengths Mm"": ""385"", ""Fo Fork Offset Mm"": ""45"", ""R Reachs Mm"": ""377"", ""S Stacks Mm"": ""517"", ""Wb Wheel Base Mm"": ""987"", ""Sh Stand Over Height Mm"": ""746"", ""Str Stack To Reach Ratio Pc"": ""1,37""}",,,https://www.merida-bikes.com/es-es/bike/5929/reacto-9000,https://www.merida-bikes.com/es-es/bike/5929/reacto-9000,html,2026-10-05
Merida,REACTO [f02ad8c1],REACTO 9000,2027,carretera,XS,XS,,,,,,529,384,"{""Tamaño de rueda"": ""28\"""", ""St Seat Tubes Mm"": ""500"", ""Tt Top Tubes Mm"": ""535"", ""Cs Chain Stays Mm"": ""410"", ""Hta Head Tube Angles Deg"": ""72"", ""Sta Seat Tube Angle Deg"": ""74"", ""Bd Bottom Bracket Drops Mm"": ""70"", ""Ht Head Tube Lengths Mm"": ""112"", ""Fl Fork Lengths Mm"": ""385"", ""Fo Fork Offset Mm"": ""45"", ""R Reachs Mm"": ""384"", ""S Stacks Mm"": ""529"", ""Wb Wheel Base Mm"": ""984"", ""Sh Stand Over Height Mm"": ""771"", ""Str Stack To Reach Ratio Pc"": ""1,38""}",,,https://www.merida-bikes.com/es-es/bike/5929/reacto-9000,https://www.merida-bikes.com/es-es/bike/5929/reacto-9000,html,2026-10-05
Merida,REACTO [f02ad8c1],REACTO 9000,2027,carretera,S,S,,,,,,542,390,"{""Tamaño de rueda"": ""28\"""", ""St Seat Tubes Mm"": ""520"", ""Tt Top Tubes Mm"": ""545"", ""Cs Chain Stays Mm"": ""410"", ""Hta Head Tube Angles Deg"": ""72.5"", ""Sta Seat Tube Angle Deg"": ""74"", ""Bd Bottom Bracket Drops Mm"": ""66"", ""Ht Head Tube Lengths Mm"": ""128"", ""Fl Fork Lengths Mm"": ""385"", ""Fo Fork Offset Mm"": ""45"", ""R Reachs Mm"": ""390"", ""S Stacks Mm"": ""542"", ""Wb Wheel Base Mm"": ""992"", ""Sh Stand Over Height Mm"": ""792"", ""Str Stack To Reach Ratio Pc"": ""1,39""}",,,https://www.merida-bikes.com/es-es/bike/5929/reacto-9000,https://www.merida-bikes.com/es-es/bike/5929/reacto-9000,html,2026-10-05
Merida,REACTO [f02ad8c1],REACTO 9000,2027,carretera,M,M,,,,,,557,395,"{""Tamaño de rueda"": ""28\"""", ""St Seat Tubes Mm"": ""540"", ""Tt Top Tubes Mm"": ""560"", ""Cs Chain Stays Mm"": ""410"", ""Hta Head Tube Angles Deg"": ""73.5"", ""Sta Seat Tube Angle Deg"": ""73.5"", ""Bd Bottom Bracket Drops Mm"": ""66"", ""Ht Head Tube Lengths Mm"": ""140"", ""Fl Fork Lengths Mm"": ""385"", ""Fo Fork Offset Mm"": ""45"", ""R Reachs Mm"": ""395"", ""S Stacks Mm"": ""557"", ""Wb Wheel Base Mm"": ""992"", ""Sh Stand Over Height Mm"": ""810"", ""Str Stack To Reach Ratio Pc"": ""1,41""}",,,https://www.merida-bikes.com/es-es/bike/5929/reacto-9000,https://www.merida-bikes.com/es-es/bike/5929/reacto-9000,html,2026-10-05
Merida,REACTO [f02ad8c1],REACTO 9000,2027,carretera,L,L,,,,,,571,400,"{""Tamaño de rueda"": ""28\"""", ""St Seat Tubes Mm"": ""560"", ""Tt Top Tubes Mm"": ""575"", ""Cs Chain Stays Mm"": ""410"", ""Hta Head Tube Angles Deg"": ""73.5"", ""Sta Seat Tube Angle Deg"": ""73"", ""Bd Bottom Bracket Drops Mm"": ""66"", ""Ht Head Tube Lengths Mm"": ""155"", ""Fl Fork Lengths Mm"": ""385"", ""Fo Fork Offset Mm"": ""45"", ""R Reachs Mm"": ""400"", ""S Stacks Mm"": ""571"", ""Wb Wheel Base Mm"": ""1002"", ""Sh Stand Over Height Mm"": ""826"", ""Str Stack To Reach Ratio Pc"": ""1,43""}",,,https://www.merida-bikes.com/es-es/bike/5929/reacto-9000,https://www.merida-bikes.com/es-es/bike/5929/reacto-9000,html,2026-10-05
Merida,REACTO [f02ad8c1],REACTO 9000,2027,carretera,XL,XL,,,,,,593,409,"{""Tamaño de rueda"": ""28\"""", ""St Seat Tubes Mm"": ""590"", ""Tt Top Tubes Mm"": ""590"", ""Cs Chain Stays Mm"": ""410"", ""Hta Head Tube Angles Deg"": ""74"", ""Sta Seat Tube Angle Deg"": ""73"", ""Bd Bottom Bracket Drops Mm"": ""66"", ""Ht Head Tube Lengths Mm"": ""175"", ""Fl Fork Lengths Mm"": ""385"", ""Fo Fork Offset Mm"": ""45"", ""R Reachs Mm"": ""409"", ""S Stacks Mm"": ""593"", ""Wb Wheel Base Mm"": ""1011"", ""Sh Stand Over Height Mm"": ""853"", ""Str Stack To Reach Ratio Pc"": ""1,45""}",,,https://www.merida-bikes.com/es-es/bike/5929/reacto-9000,https://www.merida-bikes.com/es-es/bike/5929/reacto-9000,html,2026-10-05
Merida,REACTO [f02ad8c1],REACTO 7000,2027,carretera,XXS,XXS,,,,,,517,377,"{""Tamaño de rueda"": ""28\"""", ""St Seat Tubes Mm"": ""470"", ""Tt Top Tubes Mm"": ""521"", ""Cs Chain Stays Mm"": ""410"", ""Hta Head Tube Angles Deg"": ""70.5"", ""Sta Seat Tube Angle Deg"": ""74.5"", ""Bd Bottom Bracket Drops Mm"": ""70"", ""Ht Head Tube Lengths Mm"": ""105"", ""Fl Fork Lengths Mm"": ""385"", ""Fo Fork Offset Mm"": ""45"", ""R Reachs Mm"": ""377"", ""S Stacks Mm"": ""517"", ""Wb Wheel Base Mm"": ""987"", ""Sh Stand Over Height Mm"": ""746"", ""Str Stack To Reach Ratio Pc"": ""1,37""}",,,https://www.merida-bikes.com/es-es/bike/5931/reacto-7000,https://www.merida-bikes.com/es-es/bike/5931/reacto-7000,html,2026-10-05
Merida,REACTO [f02ad8c1],REACTO 7000,2027,carretera,XS,XS,,,,,,529,384,"{""Tamaño de rueda"": ""28\"""", ""St Seat Tubes Mm"": ""500"", ""Tt Top Tubes Mm"": ""535"", ""Cs Chain Stays Mm"": ""410"", ""Hta Head Tube Angles Deg"": ""72"", ""Sta Seat Tube Angle Deg"": ""74"", ""Bd Bottom Bracket Drops Mm"": ""70"", ""Ht Head Tube Lengths Mm"": ""112"", ""Fl Fork Lengths Mm"": ""385"", ""Fo Fork Offset Mm"": ""45"", ""R Reachs Mm"": ""384"", ""S Stacks Mm"": ""529"", ""Wb Wheel Base Mm"": ""984"", ""Sh Stand Over Height Mm"": ""771"", ""Str Stack To Reach Ratio Pc"": ""1,38""}",,,https://www.merida-bikes.com/es-es/bike/5931/reacto-7000,https://www.merida-bikes.com/es-es/bike/5931/reacto-7000,html,2026-10-05
Merida,REACTO [f02ad8c1],REACTO 7000,2027,carretera,S,S,,,,,,542,390,"{""Tamaño de rueda"": ""28\"""", ""St Seat Tubes Mm"": ""520"", ""Tt Top Tubes Mm"": ""545"", ""Cs Chain Stays Mm"": ""410"", ""Hta Head Tube Angles Deg"": ""72.5"", ""Sta Seat Tube Angle Deg"": ""74"", ""Bd Bottom Bracket Drops Mm"": ""66"", ""Ht Head Tube Lengths Mm"": ""128"", ""Fl Fork Lengths Mm"": ""385"", ""Fo Fork Offset Mm"": ""45"", ""R Reachs Mm"": ""390"", ""S Stacks Mm"": ""542"", ""Wb Wheel Base Mm"": ""992"", ""Sh Stand Over Height Mm"": ""792"", ""Str Stack To Reach Ratio Pc"": ""1,39""}",,,https://www.merida-bikes.com/es-es/bike/5931/reacto-7000,https://www.merida-bikes.com/es-es/bike/5931/reacto-7000,html,2026-10-05
Merida,REACTO [f02ad8c1],REACTO 7000,2027,carretera,M,M,,,,,,557,395,"{""Tamaño de rueda"": ""28\"""", ""St Seat Tubes Mm"": ""540"", ""Tt Top Tubes Mm"": ""560"", ""Cs Chain Stays Mm"": ""410"", ""Hta Head Tube Angles Deg"": ""73.5"", ""Sta Seat Tube Angle Deg"": ""73.5"", ""Bd Bottom Bracket Drops Mm"": ""66"", ""Ht Head Tube Lengths Mm"": ""140"", ""Fl Fork Lengths Mm"": ""385"", ""Fo Fork Offset Mm"": ""45"", ""R Reachs Mm"": ""395"", ""S Stacks Mm"": ""557"", ""Wb Wheel Base Mm"": ""992"", ""Sh Stand Over Height Mm"": ""810"", ""Str Stack To Reach Ratio Pc"": ""1,41""}",,,https://www.merida-bikes.com/es-es/bike/5931/reacto-7000,https://www.merida-bikes.com/es-es/bike/5931/reacto-7000,html,2026-10-05
Merida,REACTO [f02ad8c1],REACTO 7000,2027,carretera,L,L,,,,,,571,400,"{""Tamaño de rueda"": ""28\"""", ""St Seat Tubes Mm"": ""560"", ""Tt Top Tubes Mm"": ""575"", ""Cs Chain Stays Mm"": ""410"", ""Hta Head Tube Angles Deg"": ""73.5"", ""Sta Seat Tube Angle Deg"": ""73"", ""Bd Bottom Bracket Drops Mm"": ""66"", ""Ht Head Tube Lengths Mm"": ""155"", ""Fl Fork Lengths Mm"": ""385"", ""Fo Fork Offset Mm"": ""45"", ""R Reachs Mm"": ""400"", ""S Stacks Mm"": ""571"", ""Wb Wheel Base Mm"": ""1002"", ""Sh Stand Over Height Mm"": ""826"", ""Str Stack To Reach Ratio Pc"": ""1,43""}",,,https://www.merida-bikes.com/es-es/bike/5931/reacto-7000,https://www.merida-bikes.com/es-es/bike/5931/reacto-7000,html,2026-10-05
Merida,REACTO [f02ad8c1],REACTO 7000,2027,carretera,XL,XL,,,,,,593,409,"{""Tamaño de rueda"": ""28\"""", ""St Seat Tubes Mm"": ""590"", ""Tt Top Tubes Mm"": ""590"", ""Cs Chain Stays Mm"": ""410"", ""Hta Head Tube Angles Deg"": ""74"", ""Sta Seat Tube Angle Deg"": ""73"", ""Bd Bottom Bracket Drops Mm"": ""66"", ""Ht Head Tube Lengths Mm"": ""175"", ""Fl Fork Lengths Mm"": ""385"", ""Fo Fork Offset Mm"": ""45"", ""R Reachs Mm"": ""409"", ""S Stacks Mm"": ""593"", ""Wb Wheel Base Mm"": ""1011"", ""Sh Stand Over Height Mm"": ""853"", ""Str Stack To Reach Ratio Pc"": ""1,45""}",,,https://www.merida-bikes.com/es-es/bike/5931/reacto-7000,https://www.merida-bikes.com/es-es/bike/5931/reacto-7000,html,2026-10-05
Merida,REACTO [0dcbf074],REACTO PRO,2027,carretera,3XS,XXXS,,,,,,512,373,"{""Tamaño de rueda"": ""28\"""", ""St Seat Tubes Mm"": ""440"", ""Tt Top Tubes Mm"": ""506"", ""Cs Chain Stays Mm"": ""410"", ""Hta Head Tube Angles Deg"": ""70.5"", ""Sta Seat Tube Angle Deg"": ""75.5"", ""Bd Bottom Bracket Drops Mm"": ""70"", ""Ht Head Tube Lengths Mm"": ""100"", ""Fl Fork Lengths Mm"": ""385"", ""Fo Fork Offset Mm"": ""45"", ""R Reachs Mm"": ""373"", ""S Stacks Mm"": ""512"", ""Wb Wheel Base Mm"": ""981"", ""Sh Stand Over Height Mm"": ""727"", ""Str Stack To Reach Ratio Pc"": ""1,37""}",,,https://www.merida-bikes.com/es-es/bike/5928/reacto-pro,https://www.merida-bikes.com/es-es/bike/5928/reacto-pro,html,2026-10-05
Merida,REACTO [0dcbf074],REACTO PRO,2027,carretera,XXS,XXS,,,,,,517,377,"{""Tamaño de rueda"": ""28\"""", ""St Seat Tubes Mm"": ""470"", ""Tt Top Tubes Mm"": ""521"", ""Cs Chain Stays Mm"": ""410"", ""Hta Head Tube Angles Deg"": ""70.5"", ""Sta Seat Tube Angle Deg"": ""74.5"", ""Bd Bottom Bracket Drops Mm"": ""70"", ""Ht Head Tube Lengths Mm"": ""105"", ""Fl Fork Lengths Mm"": ""385"", ""Fo Fork Offset Mm"": ""45"", ""R Reachs Mm"": ""377"", ""S Stacks Mm"": ""517"", ""Wb Wheel Base Mm"": ""987"", ""Sh Stand Over Height Mm"": ""746"", ""Str Stack To Reach Ratio Pc"": ""1,37""}",,,https://www.merida-bikes.com/es-es/bike/5928/reacto-pro,https://www.merida-bikes.com/es-es/bike/5928/reacto-pro,html,2026-10-05
Merida,REACTO [0dcbf074],REACTO PRO,2027,carretera,XS,XS,,,,,,529,384,"{""Tamaño de rueda"": ""28\"""", ""St Seat Tubes Mm"": ""500"", ""Tt Top Tubes Mm"": ""535"", ""Cs Chain Stays Mm"": ""410"", ""Hta Head Tube Angles Deg"": ""72"", ""Sta Seat Tube Angle Deg"": ""74"", ""Bd Bottom Bracket Drops Mm"": ""70"", ""Ht Head Tube Lengths Mm"": ""112"", ""Fl Fork Lengths Mm"": ""385"", ""Fo Fork Offset Mm"": ""45"", ""R Reachs Mm"": ""384"", ""S Stacks Mm"": ""529"", ""Wb Wheel Base Mm"": ""984"", ""Sh Stand Over Height Mm"": ""771"", ""Str Stack To Reach Ratio Pc"": ""1,38""}",,,https://www.merida-bikes.com/es-es/bike/5928/reacto-pro,https://www.merida-bikes.com/es-es/bike/5928/reacto-pro,html,2026-10-05
Merida,REACTO [0dcbf074],REACTO PRO,2027,carretera,S,S,,,,,,542,390,"{""Tamaño de rueda"": ""28\"""", ""St Seat Tubes Mm"": ""520"", ""Tt Top Tubes Mm"": ""545"", ""Cs Chain Stays Mm"": ""410"", ""Hta Head Tube Angles Deg"": ""72.5"", ""Sta Seat Tube Angle Deg"": ""74"", ""Bd Bottom Bracket Drops Mm"": ""66"", ""Ht Head Tube Lengths Mm"": ""128"", ""Fl Fork Lengths Mm"": ""385"", ""Fo Fork Offset Mm"": ""45"", ""R Reachs Mm"": ""390"", ""S Stacks Mm"": ""542"", ""Wb Wheel Base Mm"": ""992"", ""Sh Stand Over Height Mm"": ""792"", ""Str Stack To Reach Ratio Pc"": ""1,39""}",,,https://www.merida-bikes.com/es-es/bike/5928/reacto-pro,https://www.merida-bikes.com/es-es/bike/5928/reacto-pro,html,2026-10-05
Merida,REACTO [0dcbf074],REACTO PRO,2027,carretera,M,M,,,,,,557,395,"{""Tamaño de rueda"": ""28\"""", ""St Seat Tubes Mm"": ""540"", ""Tt Top Tubes Mm"": ""560"", ""Cs Chain Stays Mm"": ""410"", ""Hta Head Tube Angles Deg"": ""73.5"", ""Sta Seat Tube Angle Deg"": ""73.5"", ""Bd Bottom Bracket Drops Mm"": ""66"", ""Ht Head Tube Lengths Mm"": ""140"", ""Fl Fork Lengths Mm"": ""385"", ""Fo Fork Offset Mm"": ""45"", ""R Reachs Mm"": ""395"", ""S Stacks Mm"": ""557"", ""Wb Wheel Base Mm"": ""992"", ""Sh Stand Over Height Mm"": ""810"", ""Str Stack To Reach Ratio Pc"": ""1,41""}",,,https://www.merida-bikes.com/es-es/bike/5928/reacto-pro,https://www.merida-bikes.com/es-es/bike/5928/reacto-pro,html,2026-10-05
Merida,REACTO [0dcbf074],REACTO PRO,2027,carretera,L,L,,,,,,571,400,"{""Tamaño de rueda"": ""28\"""", ""St Seat Tubes Mm"": ""560"", ""Tt Top Tubes Mm"": ""575"", ""Cs Chain Stays Mm"": ""410"", ""Hta Head Tube Angles Deg"": ""73.5"", ""Sta Seat Tube Angle Deg"": ""73"", ""Bd Bottom Bracket Drops Mm"": ""66"", ""Ht Head Tube Lengths Mm"": ""155"", ""Fl Fork Lengths Mm"": ""385"", ""Fo Fork Offset Mm"": ""45"", ""R Reachs Mm"": ""400"", ""S Stacks Mm"": ""571"", ""Wb Wheel Base Mm"": ""1002"", ""Sh Stand Over Height Mm"": ""826"", ""Str Stack To Reach Ratio Pc"": ""1,43""}",,,https://www.merida-bikes.com/es-es/bike/5928/reacto-pro,https://www.merida-bikes.com/es-es/bike/5928/reacto-pro,html,2026-10-05
Merida,REACTO [0dcbf074],REACTO PRO,2027,carretera,XL,XL,,,,,,593,409,"{""Tamaño de rueda"": ""28\"""", ""St Seat Tubes Mm"": ""590"", ""Tt Top Tubes Mm"": ""590"", ""Cs Chain Stays Mm"": ""410"", ""Hta Head Tube Angles Deg"": ""74"", ""Sta Seat Tube Angle Deg"": ""73"", ""Bd Bottom Bracket Drops Mm"": ""66"", ""Ht Head Tube Lengths Mm"": ""175"", ""Fl Fork Lengths Mm"": ""385"", ""Fo Fork Offset Mm"": ""45"", ""R Reachs Mm"": ""409"", ""S Stacks Mm"": ""593"", ""Wb Wheel Base Mm"": ""1011"", ""Sh Stand Over Height Mm"": ""853"", ""Str Stack To Reach Ratio Pc"": ""1,45""}",,,https://www.merida-bikes.com/es-es/bike/5928/reacto-pro,https://www.merida-bikes.com/es-es/bike/5928/reacto-pro,html,2026-10-05
Merida,REACTO [0dcbf074],REACTO 8000,2027,carretera,3XS,XXXS,,,,,,512,373,"{""Tamaño de rueda"": ""28\"""", ""St Seat Tubes Mm"": ""440"", ""Tt Top Tubes Mm"": ""506"", ""Cs Chain Stays Mm"": ""410"", ""Hta Head Tube Angles Deg"": ""70.5"", ""Sta Seat Tube Angle Deg"": ""75.5"", ""Bd Bottom Bracket Drops Mm"": ""70"", ""Ht Head Tube Lengths Mm"": ""100"", ""Fl Fork Lengths Mm"": ""385"", ""Fo Fork Offset Mm"": ""45"", ""R Reachs Mm"": ""373"", ""S Stacks Mm"": ""512"", ""Wb Wheel Base Mm"": ""981"", ""Sh Stand Over Height Mm"": ""727"", ""Str Stack To Reach Ratio Pc"": ""1,37""}",,,https://www.merida-bikes.com/es-es/bike/5930/reacto-8000,https://www.merida-bikes.com/es-es/bike/5930/reacto-8000,html,2026-10-05
Merida,REACTO [0dcbf074],REACTO 8000,2027,carretera,XXS,XXS,,,,,,517,377,"{""Tamaño de rueda"": ""28\"""", ""St Seat Tubes Mm"": ""470"", ""Tt Top Tubes Mm"": ""521"", ""Cs Chain Stays Mm"": ""410"", ""Hta Head Tube Angles Deg"": ""70.5"", ""Sta Seat Tube Angle Deg"": ""74.5"", ""Bd Bottom Bracket Drops Mm"": ""70"", ""Ht Head Tube Lengths Mm"": ""105"", ""Fl Fork Lengths Mm"": ""385"", ""Fo Fork Offset Mm"": ""45"", ""R Reachs Mm"": ""377"", ""S Stacks Mm"": ""517"", ""Wb Wheel Base Mm"": ""987"", ""Sh Stand Over Height Mm"": ""746"", ""Str Stack To Reach Ratio Pc"": ""1,37""}",,,https://www.merida-bikes.com/es-es/bike/5930/reacto-8000,https://www.merida-bikes.com/es-es/bike/5930/reacto-8000,html,2026-10-05
Merida,REACTO [0dcbf074],REACTO 8000,2027,carretera,XS,XS,,,,,,529,384,"{""Tamaño de rueda"": ""28\"""", ""St Seat Tubes Mm"": ""500"", ""Tt Top Tubes Mm"": ""535"", ""Cs Chain Stays Mm"": ""410"", ""Hta Head Tube Angles Deg"": ""72"", ""Sta Seat Tube Angle Deg"": ""74"", ""Bd Bottom Bracket Drops Mm"": ""70"", ""Ht Head Tube Lengths Mm"": ""112"", ""Fl Fork Lengths Mm"": ""385"", ""Fo Fork Offset Mm"": ""45"", ""R Reachs Mm"": ""384"", ""S Stacks Mm"": ""529"", ""Wb Wheel Base Mm"": ""984"", ""Sh Stand Over Height Mm"": ""771"", ""Str Stack To Reach Ratio Pc"": ""1,38""}",,,https://www.merida-bikes.com/es-es/bike/5930/reacto-8000,https://www.merida-bikes.com/es-es/bike/5930/reacto-8000,html,2026-10-05
Merida,REACTO [0dcbf074],REACTO 8000,2027,carretera,S,S,,,,,,542,390,"{""Tamaño de rueda"": ""28\"""", ""St Seat Tubes Mm"": ""520"", ""Tt Top Tubes Mm"": ""545"", ""Cs Chain Stays Mm"": ""410"", ""Hta Head Tube Angles Deg"": ""72.5"", ""Sta Seat Tube Angle Deg"": ""74"", ""Bd Bottom Bracket Drops Mm"": ""66"", ""Ht Head Tube Lengths Mm"": ""128"", ""Fl Fork Lengths Mm"": ""385"", ""Fo Fork Offset Mm"": ""45"", ""R Reachs Mm"": ""390"", ""S Stacks Mm"": ""542"", ""Wb Wheel Base Mm"": ""992"", ""Sh Stand Over Height Mm"": ""792"", ""Str Stack To Reach Ratio Pc"": ""1,39""}",,,https://www.merida-bikes.com/es-es/bike/5930/reacto-8000,https://www.merida-bikes.com/es-es/bike/5930/reacto-8000,html,2026-10-05
Merida,REACTO [0dcbf074],REACTO 8000,2027,carretera,M,M,,,,,,557,395,"{""Tamaño de rueda"": ""28\"""", ""St Seat Tubes Mm"": ""540"", ""Tt Top Tubes Mm"": ""560"", ""Cs Chain Stays Mm"": ""410"", ""Hta Head Tube Angles Deg"": ""73.5"", ""Sta Seat Tube Angle Deg"": ""73.5"", ""Bd Bottom Bracket Drops Mm"": ""66"", ""Ht Head Tube Lengths Mm"": ""140"", ""Fl Fork Lengths Mm"": ""385"", ""Fo Fork Offset Mm"": ""45"", ""R Reachs Mm"": ""395"", ""S Stacks Mm"": ""557"", ""Wb Wheel Base Mm"": ""992"", ""Sh Stand Over Height Mm"": ""810"", ""Str Stack To Reach Ratio Pc"": ""1,41""}",,,https://www.merida-bikes.com/es-es/bike/5930/reacto-8000,https://www.merida-bikes.com/es-es/bike/5930/reacto-8000,html,2026-10-05
Merida,REACTO [0dcbf074],REACTO 8000,2027,carretera,L,L,,,,,,571,400,"{""Tamaño de rueda"": ""28\"""", ""St Seat Tubes Mm"": ""560"", ""Tt Top Tubes Mm"": ""575"", ""Cs Chain Stays Mm"": ""410"", ""Hta Head Tube Angles Deg"": ""73.5"", ""Sta Seat Tube Angle Deg"": ""73"", ""Bd Bottom Bracket Drops Mm"": ""66"", ""Ht Head Tube Lengths Mm"": ""155"", ""Fl Fork Lengths Mm"": ""385"", ""Fo Fork Offset Mm"": ""45"", ""R Reachs Mm"": ""400"", ""S Stacks Mm"": ""571"", ""Wb Wheel Base Mm"": ""1002"", ""Sh Stand Over Height Mm"": ""826"", ""Str Stack To Reach Ratio Pc"": ""1,43""}",,,https://www.merida-bikes.com/es-es/bike/5930/reacto-8000,https://www.merida-bikes.com/es-es/bike/5930/reacto-8000,html,2026-10-05
Merida,REACTO [0dcbf074],REACTO 8000,2027,carretera,XL,XL,,,,,,593,409,"{""Tamaño de rueda"": ""28\"""", ""St Seat Tubes Mm"": ""590"", ""Tt Top Tubes Mm"": ""590"", ""Cs Chain Stays Mm"": ""410"", ""Hta Head Tube Angles Deg"": ""74"", ""Sta Seat Tube Angle Deg"": ""73"", ""Bd Bottom Bracket Drops Mm"": ""66"", ""Ht Head Tube Lengths Mm"": ""175"", ""Fl Fork Lengths Mm"": ""385"", ""Fo Fork Offset Mm"": ""45"", ""R Reachs Mm"": ""409"", ""S Stacks Mm"": ""593"", ""Wb Wheel Base Mm"": ""1011"", ""Sh Stand Over Height Mm"": ""853"", ""Str Stack To Reach Ratio Pc"": ""1,45""}",,,https://www.merida-bikes.com/es-es/bike/5930/reacto-8000,https://www.merida-bikes.com/es-es/bike/5930/reacto-8000,html,2026-10-05
Merida,REACTO [0dcbf074],REACTO 6000,2027,carretera,3XS,XXXS,,,,,,512,373,"{""Tamaño de rueda"": ""28\"""", ""St Seat Tubes Mm"": ""440"", ""Tt Top Tubes Mm"": ""506"", ""Cs Chain Stays Mm"": ""410"", ""Hta Head Tube Angles Deg"": ""70.5"", ""Sta Seat Tube Angle Deg"": ""75.5"", ""Bd Bottom Bracket Drops Mm"": ""70"", ""Ht Head Tube Lengths Mm"": ""100"", ""Fl Fork Lengths Mm"": ""385"", ""Fo Fork Offset Mm"": ""45"", ""R Reachs Mm"": ""373"", ""S Stacks Mm"": ""512"", ""Wb Wheel Base Mm"": ""981"", ""Sh Stand Over Height Mm"": ""727"", ""Str Stack To Reach Ratio Pc"": ""1,37""}",,,https://www.merida-bikes.com/es-es/bike/5933/reacto-6000,https://www.merida-bikes.com/es-es/bike/5933/reacto-6000,html,2026-10-05
Merida,REACTO [0dcbf074],REACTO 6000,2027,carretera,XXS,XXS,,,,,,517,377,"{""Tamaño de rueda"": ""28\"""", ""St Seat Tubes Mm"": ""470"", ""Tt Top Tubes Mm"": ""521"", ""Cs Chain Stays Mm"": ""410"", ""Hta Head Tube Angles Deg"": ""70.5"", ""Sta Seat Tube Angle Deg"": ""74.5"", ""Bd Bottom Bracket Drops Mm"": ""70"", ""Ht Head Tube Lengths Mm"": ""105"", ""Fl Fork Lengths Mm"": ""385"", ""Fo Fork Offset Mm"": ""45"", ""R Reachs Mm"": ""377"", ""S Stacks Mm"": ""517"", ""Wb Wheel Base Mm"": ""987"", ""Sh Stand Over Height Mm"": ""746"", ""Str Stack To Reach Ratio Pc"": ""1,37""}",,,https://www.merida-bikes.com/es-es/bike/5933/reacto-6000,https://www.merida-bikes.com/es-es/bike/5933/reacto-6000,html,2026-10-05
Merida,REACTO [0dcbf074],REACTO 6000,2027,carretera,XS,XS,,,,,,529,384,"{""Tamaño de rueda"": ""28\"""", ""St Seat Tubes Mm"": ""500"", ""Tt Top Tubes Mm"": ""535"", ""Cs Chain Stays Mm"": ""410"", ""Hta Head Tube Angles Deg"": ""72"", ""Sta Seat Tube Angle Deg"": ""74"", ""Bd Bottom Bracket Drops Mm"": ""70"", ""Ht Head Tube Lengths Mm"": ""112"", ""Fl Fork Lengths Mm"": ""385"", ""Fo Fork Offset Mm"": ""45"", ""R Reachs Mm"": ""384"", ""S Stacks Mm"": ""529"", ""Wb Wheel Base Mm"": ""984"", ""Sh Stand Over Height Mm"": ""771"", ""Str Stack To Reach Ratio Pc"": ""1,38""}",,,https://www.merida-bikes.com/es-es/bike/5933/reacto-6000,https://www.merida-bikes.com/es-es/bike/5933/reacto-6000,html,2026-10-05
Merida,REACTO [0dcbf074],REACTO 6000,2027,carretera,S,S,,,,,,542,390,"{""Tamaño de rueda"": ""28\"""", ""St Seat Tubes Mm"": ""520"", ""Tt Top Tubes Mm"": ""545"", ""Cs Chain Stays Mm"": ""410"", ""Hta Head Tube Angles Deg"": ""72.5"", ""Sta Seat Tube Angle Deg"": ""74"", ""Bd Bottom Bracket Drops Mm"": ""66"", ""Ht Head Tube Lengths Mm"": ""128"", ""Fl Fork Lengths Mm"": ""385"", ""Fo Fork Offset Mm"": ""45"", ""R Reachs Mm"": ""390"", ""S Stacks Mm"": ""542"", ""Wb Wheel Base Mm"": ""992"", ""Sh Stand Over Height Mm"": ""792"", ""Str Stack To Reach Ratio Pc"": ""1,39""}",,,https://www.merida-bikes.com/es-es/bike/5933/reacto-6000,https://www.merida-bikes.com/es-es/bike/5933/reacto-6000,html,2026-10-05
Merida,REACTO [0dcbf074],REACTO 6000,2027,carretera,M,M,,,,,,557,395,"{""Tamaño de rueda"": ""28\"""", ""St Seat Tubes Mm"": ""540"", ""Tt Top Tubes Mm"": ""560"", ""Cs Chain Stays Mm"": ""410"", ""Hta Head Tube Angles Deg"": ""73.5"", ""Sta Seat Tube Angle Deg"": ""73.5"", ""Bd Bottom Bracket Drops Mm"": ""66"", ""Ht Head Tube Lengths Mm"": ""140"", ""Fl Fork Lengths Mm"": ""385"", ""Fo Fork Offset Mm"": ""45"", ""R Reachs Mm"": ""395"", ""S Stacks Mm"": ""557"", ""Wb Wheel Base Mm"": ""992"", ""Sh Stand Over Height Mm"": ""810"", ""Str Stack To Reach Ratio Pc"": ""1,41""}",,,https://www.merida-bikes.com/es-es/bike/5933/reacto-6000,https://www.merida-bikes.com/es-es/bike/5933/reacto-6000,html,2026-10-05
Merida,REACTO [0dcbf074],REACTO 6000,2027,carretera,L,L,,,,,,571,400,"{""Tamaño de rueda"": ""28\"""", ""St Seat Tubes Mm"": ""560"", ""Tt Top Tubes Mm"": ""575"", ""Cs Chain Stays Mm"": ""410"", ""Hta Head Tube Angles Deg"": ""73.5"", ""Sta Seat Tube Angle Deg"": ""73"", ""Bd Bottom Bracket Drops Mm"": ""66"", ""Ht Head Tube Lengths Mm"": ""155"", ""Fl Fork Lengths Mm"": ""385"", ""Fo Fork Offset Mm"": ""45"", ""R Reachs Mm"": ""400"", ""S Stacks Mm"": ""571"", ""Wb Wheel Base Mm"": ""1002"", ""Sh Stand Over Height Mm"": ""826"", ""Str Stack To Reach Ratio Pc"": ""1,43""}",,,https://www.merida-bikes.com/es-es/bike/5933/reacto-6000,https://www.merida-bikes.com/es-es/bike/5933/reacto-6000,html,2026-10-05
Merida,REACTO [0dcbf074],REACTO 6000,2027,carretera,XL,XL,,,,,,593,409,"{""Tamaño de rueda"": ""28\"""", ""St Seat Tubes Mm"": ""590"", ""Tt Top Tubes Mm"": ""590"", ""Cs Chain Stays Mm"": ""410"", ""Hta Head Tube Angles Deg"": ""74"", ""Sta Seat Tube Angle Deg"": ""73"", ""Bd Bottom Bracket Drops Mm"": ""66"", ""Ht Head Tube Lengths Mm"": ""175"", ""Fl Fork Lengths Mm"": ""385"", ""Fo Fork Offset Mm"": ""45"", ""R Reachs Mm"": ""409"", ""S Stacks Mm"": ""593"", ""Wb Wheel Base Mm"": ""1011"", ""Sh Stand Over Height Mm"": ""853"", ""Str Stack To Reach Ratio Pc"": ""1,45""}",,,https://www.merida-bikes.com/es-es/bike/5933/reacto-6000,https://www.merida-bikes.com/es-es/bike/5933/reacto-6000,html,2026-10-05
Merida,REACTO [0dcbf074],REACTO 5000,2027,carretera,3XS,XXXS,,,,,,512,373,"{""Tamaño de rueda"": ""28\"""", ""St Seat Tubes Mm"": ""440"", ""Tt Top Tubes Mm"": ""506"", ""Cs Chain Stays Mm"": ""410"", ""Hta Head Tube Angles Deg"": ""70.5"", ""Sta Seat Tube Angle Deg"": ""75.5"", ""Bd Bottom Bracket Drops Mm"": ""70"", ""Ht Head Tube Lengths Mm"": ""100"", ""Fl Fork Lengths Mm"": ""385"", ""Fo Fork Offset Mm"": ""45"", ""R Reachs Mm"": ""373"", ""S Stacks Mm"": ""512"", ""Wb Wheel Base Mm"": ""981"", ""Sh Stand Over Height Mm"": ""727"", ""Str Stack To Reach Ratio Pc"": ""1,37""}",,,https://www.merida-bikes.com/es-es/bike/5934/reacto-5000,https://www.merida-bikes.com/es-es/bike/5934/reacto-5000,html,2026-10-05
Merida,REACTO [0dcbf074],REACTO 5000,2027,carretera,XXS,XXS,,,,,,517,377,"{""Tamaño de rueda"": ""28\"""", ""St Seat Tubes Mm"": ""470"", ""Tt Top Tubes Mm"": ""521"", ""Cs Chain Stays Mm"": ""410"", ""Hta Head Tube Angles Deg"": ""70.5"", ""Sta Seat Tube Angle Deg"": ""74.5"", ""Bd Bottom Bracket Drops Mm"": ""70"", ""Ht Head Tube Lengths Mm"": ""105"", ""Fl Fork Lengths Mm"": ""385"", ""Fo Fork Offset Mm"": ""45"", ""R Reachs Mm"": ""377"", ""S Stacks Mm"": ""517"", ""Wb Wheel Base Mm"": ""987"", ""Sh Stand Over Height Mm"": ""746"", ""Str Stack To Reach Ratio Pc"": ""1,37""}",,,https://www.merida-bikes.com/es-es/bike/5934/reacto-5000,https://www.merida-bikes.com/es-es/bike/5934/reacto-5000,html,2026-10-05
Merida,REACTO [0dcbf074],REACTO 5000,2027,carretera,XS,XS,,,,,,529,384,"{""Tamaño de rueda"": ""28\"""", ""St Seat Tubes Mm"": ""500"", ""Tt Top Tubes Mm"": ""535"", ""Cs Chain Stays Mm"": ""410"", ""Hta Head Tube Angles Deg"": ""72"", ""Sta Seat Tube Angle Deg"": ""74"", ""Bd Bottom Bracket Drops Mm"": ""70"", ""Ht Head Tube Lengths Mm"": ""112"", ""Fl Fork Lengths Mm"": ""385"", ""Fo Fork Offset Mm"": ""45"", ""R Reachs Mm"": ""384"", ""S Stacks Mm"": ""529"", ""Wb Wheel Base Mm"": ""984"", ""Sh Stand Over Height Mm"": ""771"", ""Str Stack To Reach Ratio Pc"": ""1,38""}",,,https://www.merida-bikes.com/es-es/bike/5934/reacto-5000,https://www.merida-bikes.com/es-es/bike/5934/reacto-5000,html,2026-10-05
Merida,REACTO [0dcbf074],REACTO 5000,2027,carretera,S,S,,,,,,542,390,"{""Tamaño de rueda"": ""28\"""", ""St Seat Tubes Mm"": ""520"", ""Tt Top Tubes Mm"": ""545"", ""Cs Chain Stays Mm"": ""410"", ""Hta Head Tube Angles Deg"": ""72.5"", ""Sta Seat Tube Angle Deg"": ""74"", ""Bd Bottom Bracket Drops Mm"": ""66"", ""Ht Head Tube Lengths Mm"": ""128"", ""Fl Fork Lengths Mm"": ""385"", ""Fo Fork Offset Mm"": ""45"", ""R Reachs Mm"": ""390"", ""S Stacks Mm"": ""542"", ""Wb Wheel Base Mm"": ""992"", ""Sh Stand Over Height Mm"": ""792"", ""Str Stack To Reach Ratio Pc"": ""1,39""}",,,https://www.merida-bikes.com/es-es/bike/5934/reacto-5000,https://www.merida-bikes.com/es-es/bike/5934/reacto-5000,html,2026-10-05
Merida,REACTO [0dcbf074],REACTO 5000,2027,carretera,M,M,,,,,,557,395,"{""Tamaño de rueda"": ""28\"""", ""St Seat Tubes Mm"": ""540"", ""Tt Top Tubes Mm"": ""560"", ""Cs Chain Stays Mm"": ""410"", ""Hta Head Tube Angles Deg"": ""73.5"", ""Sta Seat Tube Angle Deg"": ""73.5"", ""Bd Bottom Bracket Drops Mm"": ""66"", ""Ht Head Tube Lengths Mm"": ""140"", ""Fl Fork Lengths Mm"": ""385"", ""Fo Fork Offset Mm"": ""45"", ""R Reachs Mm"": ""395"", ""S Stacks Mm"": ""557"", ""Wb Wheel Base Mm"": ""992"", ""Sh Stand Over Height Mm"": ""810"", ""Str Stack To Reach Ratio Pc"": ""1,41""}",,,https://www.merida-bikes.com/es-es/bike/5934/reacto-5000,https://www.merida-bikes.com/es-es/bike/5934/reacto-5000,html,2026-10-05
Merida,REACTO [0dcbf074],REACTO 5000,2027,carretera,L,L,,,,,,571,400,"{""Tamaño de rueda"": ""28\"""", ""St Seat Tubes Mm"": ""560"", ""Tt Top Tubes Mm"": ""575"", ""Cs Chain Stays Mm"": ""410"", ""Hta Head Tube Angles Deg"": ""73.5"", ""Sta Seat Tube Angle Deg"": ""73"", ""Bd Bottom Bracket Drops Mm"": ""66"", ""Ht Head Tube Lengths Mm"": ""155"", ""Fl Fork Lengths Mm"": ""385"", ""Fo Fork Offset Mm"": ""45"", ""R Reachs Mm"": ""400"", ""S Stacks Mm"": ""571"", ""Wb Wheel Base Mm"": ""1002"", ""Sh Stand Over Height Mm"": ""826"", ""Str Stack To Reach Ratio Pc"": ""1,43""}",,,https://www.merida-bikes.com/es-es/bike/5934/reacto-5000,https://www.merida-bikes.com/es-es/bike/5934/reacto-5000,html,2026-10-05
Merida,REACTO [0dcbf074],REACTO 5000,2027,carretera,XL,XL,,,,,,593,409,"{""Tamaño de rueda"": ""28\"""", ""St Seat Tubes Mm"": ""590"", ""Tt Top Tubes Mm"": ""590"", ""Cs Chain Stays Mm"": ""410"", ""Hta Head Tube Angles Deg"": ""74"", ""Sta Seat Tube Angle Deg"": ""73"", ""Bd Bottom Bracket Drops Mm"": ""66"", ""Ht Head Tube Lengths Mm"": ""175"", ""Fl Fork Lengths Mm"": ""385"", ""Fo Fork Offset Mm"": ""45"", ""R Reachs Mm"": ""409"", ""S Stacks Mm"": ""593"", ""Wb Wheel Base Mm"": ""1011"", ""Sh Stand Over Height Mm"": ""853"", ""Str Stack To Reach Ratio Pc"": ""1,45""}",,,https://www.merida-bikes.com/es-es/bike/5934/reacto-5000,https://www.merida-bikes.com/es-es/bike/5934/reacto-5000,html,2026-10-05
Merida,REACTO [0dcbf074],REACTO 4000,2027,carretera,3XS,XXXS,,,,,,512,373,"{""Tamaño de rueda"": ""28\"""", ""St Seat Tubes Mm"": ""440"", ""Tt Top Tubes Mm"": ""506"", ""Cs Chain Stays Mm"": ""410"", ""Hta Head Tube Angles Deg"": ""70.5"", ""Sta Seat Tube Angle Deg"": ""75.5"", ""Bd Bottom Bracket Drops Mm"": ""70"", ""Ht Head Tube Lengths Mm"": ""100"", ""Fl Fork Lengths Mm"": ""385"", ""Fo Fork Offset Mm"": ""45"", ""R Reachs Mm"": ""373"", ""S Stacks Mm"": ""512"", ""Wb Wheel Base Mm"": ""981"", ""Sh Stand Over Height Mm"": ""727"", ""Str Stack To Reach Ratio Pc"": ""1,37""}",,,https://www.merida-bikes.com/es-es/bike/5935/reacto-4000,https://www.merida-bikes.com/es-es/bike/5935/reacto-4000,html,2026-10-05
Merida,REACTO [0dcbf074],REACTO 4000,2027,carretera,XXS,XXS,,,,,,517,377,"{""Tamaño de rueda"": ""28\"""", ""St Seat Tubes Mm"": ""470"", ""Tt Top Tubes Mm"": ""521"", ""Cs Chain Stays Mm"": ""410"", ""Hta Head Tube Angles Deg"": ""70.5"", ""Sta Seat Tube Angle Deg"": ""74.5"", ""Bd Bottom Bracket Drops Mm"": ""70"", ""Ht Head Tube Lengths Mm"": ""105"", ""Fl Fork Lengths Mm"": ""385"", ""Fo Fork Offset Mm"": ""45"", ""R Reachs Mm"": ""377"", ""S Stacks Mm"": ""517"", ""Wb Wheel Base Mm"": ""987"", ""Sh Stand Over Height Mm"": ""746"", ""Str Stack To Reach Ratio Pc"": ""1,37""}",,,https://www.merida-bikes.com/es-es/bike/5935/reacto-4000,https://www.merida-bikes.com/es-es/bike/5935/reacto-4000,html,2026-10-05
Merida,REACTO [0dcbf074],REACTO 4000,2027,carretera,XS,XS,,,,,,529,384,"{""Tamaño de rueda"": ""28\"""", ""St Seat Tubes Mm"": ""500"", ""Tt Top Tubes Mm"": ""535"", ""Cs Chain Stays Mm"": ""410"", ""Hta Head Tube Angles Deg"": ""72"", ""Sta Seat Tube Angle Deg"": ""74"", ""Bd Bottom Bracket Drops Mm"": ""70"", ""Ht Head Tube Lengths Mm"": ""112"", ""Fl Fork Lengths Mm"": ""385"", ""Fo Fork Offset Mm"": ""45"", ""R Reachs Mm"": ""384"", ""S Stacks Mm"": ""529"", ""Wb Wheel Base Mm"": ""984"", ""Sh Stand Over Height Mm"": ""771"", ""Str Stack To Reach Ratio Pc"": ""1,38""}",,,https://www.merida-bikes.com/es-es/bike/5935/reacto-4000,https://www.merida-bikes.com/es-es/bike/5935/reacto-4000,html,2026-10-05
Merida,REACTO [0dcbf074],REACTO 4000,2027,carretera,S,S,,,,,,542,390,"{""Tamaño de rueda"": ""28\"""", ""St Seat Tubes Mm"": ""520"", ""Tt Top Tubes Mm"": ""545"", ""Cs Chain Stays Mm"": ""410"", ""Hta Head Tube Angles Deg"": ""72.5"", ""Sta Seat Tube Angle Deg"": ""74"", ""Bd Bottom Bracket Drops Mm"": ""66"", ""Ht Head Tube Lengths Mm"": ""128"", ""Fl Fork Lengths Mm"": ""385"", ""Fo Fork Offset Mm"": ""45"", ""R Reachs Mm"": ""390"", ""S Stacks Mm"": ""542"", ""Wb Wheel Base Mm"": ""992"", ""Sh Stand Over Height Mm"": ""792"", ""Str Stack To Reach Ratio Pc"": ""1,39""}",,,https://www.merida-bikes.com/es-es/bike/5935/reacto-4000,https://www.merida-bikes.com/es-es/bike/5935/reacto-4000,html,2026-10-05
Merida,REACTO [0dcbf074],REACTO 4000,2027,carretera,M,M,,,,,,557,395,"{""Tamaño de rueda"": ""28\"""", ""St Seat Tubes Mm"": ""540"", ""Tt Top Tubes Mm"": ""560"", ""Cs Chain Stays Mm"": ""410"", ""Hta Head Tube Angles Deg"": ""73.5"", ""Sta Seat Tube Angle Deg"": ""73.5"", ""Bd Bottom Bracket Drops Mm"": ""66"", ""Ht Head Tube Lengths Mm"": ""140"", ""Fl Fork Lengths Mm"": ""385"", ""Fo Fork Offset Mm"": ""45"", ""R Reachs Mm"": ""395"", ""S Stacks Mm"": ""557"", ""Wb Wheel Base Mm"": ""992"", ""Sh Stand Over Height Mm"": ""810"", ""Str Stack To Reach Ratio Pc"": ""1,41""}",,,https://www.merida-bikes.com/es-es/bike/5935/reacto-4000,https://www.merida-bikes.com/es-es/bike/5935/reacto-4000,html,2026-10-05
Merida,REACTO [0dcbf074],REACTO 4000,2027,carretera,L,L,,,,,,571,400,"{""Tamaño de rueda"": ""28\"""", ""St Seat Tubes Mm"": ""560"", ""Tt Top Tubes Mm"": ""575"", ""Cs Chain Stays Mm"": ""410"", ""Hta Head Tube Angles Deg"": ""73.5"", ""Sta Seat Tube Angle Deg"": ""73"", ""Bd Bottom Bracket Drops Mm"": ""66"", ""Ht Head Tube Lengths Mm"": ""155"", ""Fl Fork Lengths Mm"": ""385"", ""Fo Fork Offset Mm"": ""45"", ""R Reachs Mm"": ""400"", ""S Stacks Mm"": ""571"", ""Wb Wheel Base Mm"": ""1002"", ""Sh Stand Over Height Mm"": ""826"", ""Str Stack To Reach Ratio Pc"": ""1,43""}",,,https://www.merida-bikes.com/es-es/bike/5935/reacto-4000,https://www.merida-bikes.com/es-es/bike/5935/reacto-4000,html,2026-10-05
Merida,REACTO [0dcbf074],REACTO 4000,2027,carretera,XL,XL,,,,,,593,409,"{""Tamaño de rueda"": ""28\"""", ""St Seat Tubes Mm"": ""590"", ""Tt Top Tubes Mm"": ""590"", ""Cs Chain Stays Mm"": ""410"", ""Hta Head Tube Angles Deg"": ""74"", ""Sta Seat Tube Angle Deg"": ""73"", ""Bd Bottom Bracket Drops Mm"": ""66"", ""Ht Head Tube Lengths Mm"": ""175"", ""Fl Fork Lengths Mm"": ""385"", ""Fo Fork Offset Mm"": ""45"", ""R Reachs Mm"": ""409"", ""S Stacks Mm"": ""593"", ""Wb Wheel Base Mm"": ""1011"", ""Sh Stand Over Height Mm"": ""853"", ""Str Stack To Reach Ratio Pc"": ""1,45""}",,,https://www.merida-bikes.com/es-es/bike/5935/reacto-4000,https://www.merida-bikes.com/es-es/bike/5935/reacto-4000,html,2026-10-05
Merida,SCULTURA ENDURANCE 8000 [02d03947],SCULTURA ENDURANCE 8000,2026,carretera,XS,XS,,,,,,552,366,"{""Tamaño de rueda"": ""28\"""", ""St Seat Tubes Mm"": ""470"", ""Tt Top Tubes Mm"": ""524"", ""Cs Chain Stays Mm"": ""418"", ""Hta Head Tube Angles Deg"": ""71"", ""Sta Seat Tube Angle Deg"": ""74"", ""Bd Bottom Bracket Drops Mm"": ""66"", ""Ht Head Tube Lengths Mm"": ""152"", ""Fl Fork Lengths Mm"": ""380"", ""R Reachs Mm"": ""366"", ""S Stacks Mm"": ""552"", ""Wb Wheel Base Mm"": ""997"", ""Sh Stand Over Height Mm"": ""767""}",,,https://www.merida-bikes.com/es-es/bike/5648/scultura-endurance-8000,https://www.merida-bikes.com/es-es/bike/5648/scultura-endurance-8000,html,2026-10-05
Merida,SCULTURA ENDURANCE 8000 [02d03947],SCULTURA ENDURANCE 8000,2026,carretera,S,S,,,,,,565,376,"{""Tamaño de rueda"": ""28\"""", ""St Seat Tubes Mm"": ""490"", ""Tt Top Tubes Mm"": ""538"", ""Cs Chain Stays Mm"": ""418"", ""Hta Head Tube Angles Deg"": ""72"", ""Sta Seat Tube Angle Deg"": ""74"", ""Bd Bottom Bracket Drops Mm"": ""66"", ""Ht Head Tube Lengths Mm"": ""161"", ""Fl Fork Lengths Mm"": ""380"", ""R Reachs Mm"": ""376"", ""S Stacks Mm"": ""565"", ""Wb Wheel Base Mm"": ""1001"", ""Sh Stand Over Height Mm"": ""785""}",,,https://www.merida-bikes.com/es-es/bike/5648/scultura-endurance-8000,https://www.merida-bikes.com/es-es/bike/5648/scultura-endurance-8000,html,2026-10-05
Merida,SCULTURA ENDURANCE 8000 [02d03947],SCULTURA ENDURANCE 8000,2026,carretera,M,M,,,,,,584,380,"{""Tamaño de rueda"": ""28\"""", ""St Seat Tubes Mm"": ""510"", ""Tt Top Tubes Mm"": ""553"", ""Cs Chain Stays Mm"": ""418"", ""Hta Head Tube Angles Deg"": ""73"", ""Sta Seat Tube Angle Deg"": ""73.5"", ""Bd Bottom Bracket Drops Mm"": ""66"", ""Ht Head Tube Lengths Mm"": ""177"", ""Fl Fork Lengths Mm"": ""380"", ""R Reachs Mm"": ""380"", ""S Stacks Mm"": ""584"", ""Wb Wheel Base Mm"": ""1001"", ""Sh Stand Over Height Mm"": ""803""}",,,https://www.merida-bikes.com/es-es/bike/5648/scultura-endurance-8000,https://www.merida-bikes.com/es-es/bike/5648/scultura-endurance-8000,html,2026-10-05
Merida,SCULTURA ENDURANCE [5c058db3],SCULTURA ENDURANCE 6000,2027,carretera,XXS,XXS,,,,,,539,360,"{""Tamaño de rueda"": ""28\"""", ""St Seat Tubes Mm"": ""440"", ""Tt Top Tubes Mm"": ""515"", ""Cs Chain Stays Mm"": ""418"", ""Hta Head Tube Angles Deg"": ""70.5"", ""Sta Seat Tube Angle Deg"": ""74"", ""Bd Bottom Bracket Drops Mm"": ""66"", ""Ht Head Tube Lengths Mm"": ""140"", ""Fl Fork Lengths Mm"": ""380"", ""R Reachs Mm"": ""360"", ""S Stacks Mm"": ""539"", ""Wb Wheel Base Mm"": ""992"", ""Sh Stand Over Height Mm"": ""742""}",,,https://www.merida-bikes.com/es-es/bike/6570/scultura-endurance-6000,https://www.merida-bikes.com/es-es/bike/6570/scultura-endurance-6000,html,2026-10-05
Merida,SCULTURA ENDURANCE [5c058db3],SCULTURA ENDURANCE 6000,2027,carretera,XS,XS,,,,,,552,366,"{""Tamaño de rueda"": ""28\"""", ""St Seat Tubes Mm"": ""470"", ""Tt Top Tubes Mm"": ""524"", ""Cs Chain Stays Mm"": ""418"", ""Hta Head Tube Angles Deg"": ""71"", ""Sta Seat Tube Angle Deg"": ""74"", ""Bd Bottom Bracket Drops Mm"": ""66"", ""Ht Head Tube Lengths Mm"": ""152"", ""Fl Fork Lengths Mm"": ""380"", ""R Reachs Mm"": ""366"", ""S Stacks Mm"": ""552"", ""Wb Wheel Base Mm"": ""997"", ""Sh Stand Over Height Mm"": ""767""}",,,https://www.merida-bikes.com/es-es/bike/6570/scultura-endurance-6000,https://www.merida-bikes.com/es-es/bike/6570/scultura-endurance-6000,html,2026-10-05
Merida,SCULTURA ENDURANCE [5c058db3],SCULTURA ENDURANCE 6000,2027,carretera,S,S,,,,,,565,376,"{""Tamaño de rueda"": ""28\"""", ""St Seat Tubes Mm"": ""490"", ""Tt Top Tubes Mm"": ""538"", ""Cs Chain Stays Mm"": ""418"", ""Hta Head Tube Angles Deg"": ""72"", ""Sta Seat Tube Angle Deg"": ""74"", ""Bd Bottom Bracket Drops Mm"": ""66"", ""Ht Head Tube Lengths Mm"": ""161"", ""Fl Fork Lengths Mm"": ""380"", ""R Reachs Mm"": ""376"", ""S Stacks Mm"": ""565"", ""Wb Wheel Base Mm"": ""1001"", ""Sh Stand Over Height Mm"": ""785""}",,,https://www.merida-bikes.com/es-es/bike/6570/scultura-endurance-6000,https://www.merida-bikes.com/es-es/bike/6570/scultura-endurance-6000,html,2026-10-05
Merida,SCULTURA ENDURANCE [5c058db3],SCULTURA ENDURANCE 6000,2027,carretera,M,M,,,,,,584,380,"{""Tamaño de rueda"": ""28\"""", ""St Seat Tubes Mm"": ""510"", ""Tt Top Tubes Mm"": ""553"", ""Cs Chain Stays Mm"": ""418"", ""Hta Head Tube Angles Deg"": ""73"", ""Sta Seat Tube Angle Deg"": ""73.5"", ""Bd Bottom Bracket Drops Mm"": ""66"", ""Ht Head Tube Lengths Mm"": ""177"", ""Fl Fork Lengths Mm"": ""380"", ""R Reachs Mm"": ""380"", ""S Stacks Mm"": ""584"", ""Wb Wheel Base Mm"": ""1001"", ""Sh Stand Over Height Mm"": ""803""}",,,https://www.merida-bikes.com/es-es/bike/6570/scultura-endurance-6000,https://www.merida-bikes.com/es-es/bike/6570/scultura-endurance-6000,html,2026-10-05
Merida,SCULTURA ENDURANCE [5c058db3],SCULTURA ENDURANCE 6000,2027,carretera,L,L,,,,,,603,389,"{""Tamaño de rueda"": ""28\"""", ""St Seat Tubes Mm"": ""530"", ""Tt Top Tubes Mm"": ""568"", ""Cs Chain Stays Mm"": ""418"", ""Hta Head Tube Angles Deg"": ""73"", ""Sta Seat Tube Angle Deg"": ""73.5"", ""Bd Bottom Bracket Drops Mm"": ""66"", ""Ht Head Tube Lengths Mm"": ""197"", ""Fl Fork Lengths Mm"": ""380"", ""R Reachs Mm"": ""389"", ""S Stacks Mm"": ""603"", ""Wb Wheel Base Mm"": ""1017"", ""Sh Stand Over Height Mm"": ""823""}",,,https://www.merida-bikes.com/es-es/bike/6570/scultura-endurance-6000,https://www.merida-bikes.com/es-es/bike/6570/scultura-endurance-6000,html,2026-10-05
Merida,SCULTURA ENDURANCE [5c058db3],SCULTURA ENDURANCE 6000,2027,carretera,XL,XL,,,,,,629,397,"{""Tamaño de rueda"": ""28\"""", ""St Seat Tubes Mm"": ""560"", ""Tt Top Tubes Mm"": ""583"", ""Cs Chain Stays Mm"": ""418"", ""Hta Head Tube Angles Deg"": ""73.5"", ""Sta Seat Tube Angle Deg"": ""73.5"", ""Bd Bottom Bracket Drops Mm"": ""66"", ""Ht Head Tube Lengths Mm"": ""222"", ""Fl Fork Lengths Mm"": ""380"", ""R Reachs Mm"": ""397"", ""S Stacks Mm"": ""629"", ""Wb Wheel Base Mm"": ""1026"", ""Sh Stand Over Height Mm"": ""852""}",,,https://www.merida-bikes.com/es-es/bike/6570/scultura-endurance-6000,https://www.merida-bikes.com/es-es/bike/6570/scultura-endurance-6000,html,2026-10-05
Merida,SCULTURA ENDURANCE [5c058db3],SCULTURA ENDURANCE 5000,2027,carretera,XXS,XXS,,,,,,539,360,"{""Tamaño de rueda"": ""28\"""", ""St Seat Tubes Mm"": ""440"", ""Tt Top Tubes Mm"": ""515"", ""Cs Chain Stays Mm"": ""418"", ""Hta Head Tube Angles Deg"": ""70.5"", ""Sta Seat Tube Angle Deg"": ""74"", ""Bd Bottom Bracket Drops Mm"": ""66"", ""Ht Head Tube Lengths Mm"": ""140"", ""Fl Fork Lengths Mm"": ""380"", ""R Reachs Mm"": ""360"", ""S Stacks Mm"": ""539"", ""Wb Wheel Base Mm"": ""992"", ""Sh Stand Over Height Mm"": ""742""}",,,https://www.merida-bikes.com/es-es/bike/6571/scultura-endurance-5000,https://www.merida-bikes.com/es-es/bike/6571/scultura-endurance-5000,html,2026-10-05
Merida,SCULTURA ENDURANCE [5c058db3],SCULTURA ENDURANCE 5000,2027,carretera,XS,XS,,,,,,552,366,"{""Tamaño de rueda"": ""28\"""", ""St Seat Tubes Mm"": ""470"", ""Tt Top Tubes Mm"": ""524"", ""Cs Chain Stays Mm"": ""418"", ""Hta Head Tube Angles Deg"": ""71"", ""Sta Seat Tube Angle Deg"": ""74"", ""Bd Bottom Bracket Drops Mm"": ""66"", ""Ht Head Tube Lengths Mm"": ""152"", ""Fl Fork Lengths Mm"": ""380"", ""R Reachs Mm"": ""366"", ""S Stacks Mm"": ""552"", ""Wb Wheel Base Mm"": ""997"", ""Sh Stand Over Height Mm"": ""767""}",,,https://www.merida-bikes.com/es-es/bike/6571/scultura-endurance-5000,https://www.merida-bikes.com/es-es/bike/6571/scultura-endurance-5000,html,2026-10-05
Merida,SCULTURA ENDURANCE [5c058db3],SCULTURA ENDURANCE 5000,2027,carretera,S,S,,,,,,565,376,"{""Tamaño de rueda"": ""28\"""", ""St Seat Tubes Mm"": ""490"", ""Tt Top Tubes Mm"": ""538"", ""Cs Chain Stays Mm"": ""418"", ""Hta Head Tube Angles Deg"": ""72"", ""Sta Seat Tube Angle Deg"": ""74"", ""Bd Bottom Bracket Drops Mm"": ""66"", ""Ht Head Tube Lengths Mm"": ""161"", ""Fl Fork Lengths Mm"": ""380"", ""R Reachs Mm"": ""376"", ""S Stacks Mm"": ""565"", ""Wb Wheel Base Mm"": ""1001"", ""Sh Stand Over Height Mm"": ""785""}",,,https://www.merida-bikes.com/es-es/bike/6571/scultura-endurance-5000,https://www.merida-bikes.com/es-es/bike/6571/scultura-endurance-5000,html,2026-10-05
Merida,SCULTURA ENDURANCE [5c058db3],SCULTURA ENDURANCE 5000,2027,carretera,M,M,,,,,,584,380,"{""Tamaño de rueda"": ""28\"""", ""St Seat Tubes Mm"": ""510"", ""Tt Top Tubes Mm"": ""553"", ""Cs Chain Stays Mm"": ""418"", ""Hta Head Tube Angles Deg"": ""73"", ""Sta Seat Tube Angle Deg"": ""73.5"", ""Bd Bottom Bracket Drops Mm"": ""66"", ""Ht Head Tube Lengths Mm"": ""177"", ""Fl Fork Lengths Mm"": ""380"", ""R Reachs Mm"": ""380"", ""S Stacks Mm"": ""584"", ""Wb Wheel Base Mm"": ""1001"", ""Sh Stand Over Height Mm"": ""803""}",,,https://www.merida-bikes.com/es-es/bike/6571/scultura-endurance-5000,https://www.merida-bikes.com/es-es/bike/6571/scultura-endurance-5000,html,2026-10-05
Merida,SCULTURA ENDURANCE [5c058db3],SCULTURA ENDURANCE 5000,2027,carretera,L,L,,,,,,603,389,"{""Tamaño de rueda"": ""28\"""", ""St Seat Tubes Mm"": ""530"", ""Tt Top Tubes Mm"": ""568"", ""Cs Chain Stays Mm"": ""418"", ""Hta Head Tube Angles Deg"": ""73"", ""Sta Seat Tube Angle Deg"": ""73.5"", ""Bd Bottom Bracket Drops Mm"": ""66"", ""Ht Head Tube Lengths Mm"": ""197"", ""Fl Fork Lengths Mm"": ""380"", ""R Reachs Mm"": ""389"", ""S Stacks Mm"": ""603"", ""Wb Wheel Base Mm"": ""1017"", ""Sh Stand Over Height Mm"": ""823""}",,,https://www.merida-bikes.com/es-es/bike/6571/scultura-endurance-5000,https://www.merida-bikes.com/es-es/bike/6571/scultura-endurance-5000,html,2026-10-05
Merida,SCULTURA ENDURANCE [5c058db3],SCULTURA ENDURANCE 5000,2027,carretera,XL,XL,,,,,,629,397,"{""Tamaño de rueda"": ""28\"""", ""St Seat Tubes Mm"": ""560"", ""Tt Top Tubes Mm"": ""583"", ""Cs Chain Stays Mm"": ""418"", ""Hta Head Tube Angles Deg"": ""73.5"", ""Sta Seat Tube Angle Deg"": ""73.5"", ""Bd Bottom Bracket Drops Mm"": ""66"", ""Ht Head Tube Lengths Mm"": ""222"", ""Fl Fork Lengths Mm"": ""380"", ""R Reachs Mm"": ""397"", ""S Stacks Mm"": ""629"", ""Wb Wheel Base Mm"": ""1026"", ""Sh Stand Over Height Mm"": ""852""}",,,https://www.merida-bikes.com/es-es/bike/6571/scultura-endurance-5000,https://www.merida-bikes.com/es-es/bike/6571/scultura-endurance-5000,html,2026-10-05
Merida,SCULTURA ENDURANCE [5c058db3],SCULTURA ENDURANCE 4000,2027,carretera,XXS,XXS,,,,,,539,360,"{""Tamaño de rueda"": ""28\"""", ""St Seat Tubes Mm"": ""440"", ""Tt Top Tubes Mm"": ""515"", ""Cs Chain Stays Mm"": ""418"", ""Hta Head Tube Angles Deg"": ""70.5"", ""Sta Seat Tube Angle Deg"": ""74"", ""Bd Bottom Bracket Drops Mm"": ""66"", ""Ht Head Tube Lengths Mm"": ""140"", ""Fl Fork Lengths Mm"": ""380"", ""R Reachs Mm"": ""360"", ""S Stacks Mm"": ""539"", ""Wb Wheel Base Mm"": ""992"", ""Sh Stand Over Height Mm"": ""742""}",,,https://www.merida-bikes.com/es-es/bike/6572/scultura-endurance-4000,https://www.merida-bikes.com/es-es/bike/6572/scultura-endurance-4000,html,2026-10-05
Merida,SCULTURA ENDURANCE [5c058db3],SCULTURA ENDURANCE 4000,2027,carretera,XS,XS,,,,,,552,366,"{""Tamaño de rueda"": ""28\"""", ""St Seat Tubes Mm"": ""470"", ""Tt Top Tubes Mm"": ""524"", ""Cs Chain Stays Mm"": ""418"", ""Hta Head Tube Angles Deg"": ""71"", ""Sta Seat Tube Angle Deg"": ""74"", ""Bd Bottom Bracket Drops Mm"": ""66"", ""Ht Head Tube Lengths Mm"": ""152"", ""Fl Fork Lengths Mm"": ""380"", ""R Reachs Mm"": ""366"", ""S Stacks Mm"": ""552"", ""Wb Wheel Base Mm"": ""997"", ""Sh Stand Over Height Mm"": ""767""}",,,https://www.merida-bikes.com/es-es/bike/6572/scultura-endurance-4000,https://www.merida-bikes.com/es-es/bike/6572/scultura-endurance-4000,html,2026-10-05
Merida,SCULTURA ENDURANCE [5c058db3],SCULTURA ENDURANCE 4000,2027,carretera,S,S,,,,,,565,376,"{""Tamaño de rueda"": ""28\"""", ""St Seat Tubes Mm"": ""490"", ""Tt Top Tubes Mm"": ""538"", ""Cs Chain Stays Mm"": ""418"", ""Hta Head Tube Angles Deg"": ""72"", ""Sta Seat Tube Angle Deg"": ""74"", ""Bd Bottom Bracket Drops Mm"": ""66"", ""Ht Head Tube Lengths Mm"": ""161"", ""Fl Fork Lengths Mm"": ""380"", ""R Reachs Mm"": ""376"", ""S Stacks Mm"": ""565"", ""Wb Wheel Base Mm"": ""1001"", ""Sh Stand Over Height Mm"": ""785""}",,,https://www.merida-bikes.com/es-es/bike/6572/scultura-endurance-4000,https://www.merida-bikes.com/es-es/bike/6572/scultura-endurance-4000,html,2026-10-05
Merida,SCULTURA ENDURANCE [5c058db3],SCULTURA ENDURANCE 4000,2027,carretera,M,M,,,,,,584,380,"{""Tamaño de rueda"": ""28\"""", ""St Seat Tubes Mm"": ""510"", ""Tt Top Tubes Mm"": ""553"", ""Cs Chain Stays Mm"": ""418"", ""Hta Head Tube Angles Deg"": ""73"", ""Sta Seat Tube Angle Deg"": ""73.5"", ""Bd Bottom Bracket Drops Mm"": ""66"", ""Ht Head Tube Lengths Mm"": ""177"", ""Fl Fork Lengths Mm"": ""380"", ""R Reachs Mm"": ""380"", ""S Stacks Mm"": ""584"", ""Wb Wheel Base Mm"": ""1001"", ""Sh Stand Over Height Mm"": ""803""}",,,https://www.merida-bikes.com/es-es/bike/6572/scultura-endurance-4000,https://www.merida-bikes.com/es-es/bike/6572/scultura-endurance-4000,html,2026-10-05
Merida,SCULTURA ENDURANCE [5c058db3],SCULTURA ENDURANCE 4000,2027,carretera,L,L,,,,,,603,389,"{""Tamaño de rueda"": ""28\"""", ""St Seat Tubes Mm"": ""530"", ""Tt Top Tubes Mm"": ""568"", ""Cs Chain Stays Mm"": ""418"", ""Hta Head Tube Angles Deg"": ""73"", ""Sta Seat Tube Angle Deg"": ""73.5"", ""Bd Bottom Bracket Drops Mm"": ""66"", ""Ht Head Tube Lengths Mm"": ""197"", ""Fl Fork Lengths Mm"": ""380"", ""R Reachs Mm"": ""389"", ""S Stacks Mm"": ""603"", ""Wb Wheel Base Mm"": ""1017"", ""Sh Stand Over Height Mm"": ""823""}",,,https://www.merida-bikes.com/es-es/bike/6572/scultura-endurance-4000,https://www.merida-bikes.com/es-es/bike/6572/scultura-endurance-4000,html,2026-10-05
Merida,SCULTURA ENDURANCE [5c058db3],SCULTURA ENDURANCE 4000,2027,carretera,XL,XL,,,,,,629,397,"{""Tamaño de rueda"": ""28\"""", ""St Seat Tubes Mm"": ""560"", ""Tt Top Tubes Mm"": ""583"", ""Cs Chain Stays Mm"": ""418"", ""Hta Head Tube Angles Deg"": ""73.5"", ""Sta Seat Tube Angle Deg"": ""73.5"", ""Bd Bottom Bracket Drops Mm"": ""66"", ""Ht Head Tube Lengths Mm"": ""222"", ""Fl Fork Lengths Mm"": ""380"", ""R Reachs Mm"": ""397"", ""S Stacks Mm"": ""629"", ""Wb Wheel Base Mm"": ""1026"", ""Sh Stand Over Height Mm"": ""852""}",,,https://www.merida-bikes.com/es-es/bike/6572/scultura-endurance-4000,https://www.merida-bikes.com/es-es/bike/6572/scultura-endurance-4000,html,2026-10-05
Merida,SCULTURA ENDURANCE [d35812c2],SCULTURA ENDURANCE 400,2027,carretera,4XS,XS,,,,,,528,360,"{""Tamaño de rueda"": ""28\"""", ""St Seat Tubes Mm"": ""380"", ""Tt Top Tubes Mm"": ""507"", ""Cs Chain Stays Mm"": ""418"", ""Hta Head Tube Angles Deg"": ""70"", ""Sta Seat Tube Angle Deg"": ""74.5"", ""Bd Bottom Bracket Drops Mm"": ""70"", ""Ht Head Tube Lengths Mm"": ""125"", ""Fl Fork Lengths Mm"": ""380"", ""R Reachs Mm"": ""360"", ""S Stacks Mm"": ""528"", ""Wb Wheel Base Mm"": ""990"", ""Sh Stand Over Height Mm"": ""656""}",,,https://www.merida-bikes.com/es-es/bike/6573/scultura-endurance-400,https://www.merida-bikes.com/es-es/bike/6573/scultura-endurance-400,html,2026-10-05
Merida,SCULTURA ENDURANCE [d35812c2],SCULTURA ENDURANCE 400,2027,carretera,3XS,XXXS,,,,,,532,360,"{""Tamaño de rueda"": ""28\"""", ""St Seat Tubes Mm"": ""410"", ""Tt Top Tubes Mm"": ""507"", ""Cs Chain Stays Mm"": ""418"", ""Hta Head Tube Angles Deg"": ""70"", ""Sta Seat Tube Angle Deg"": ""74.5"", ""Bd Bottom Bracket Drops Mm"": ""70"", ""Ht Head Tube Lengths Mm"": ""130"", ""Fl Fork Lengths Mm"": ""380"", ""R Reachs Mm"": ""360"", ""S Stacks Mm"": ""532"", ""Wb Wheel Base Mm"": ""991"", ""Sh Stand Over Height Mm"": ""680""}",,,https://www.merida-bikes.com/es-es/bike/6573/scultura-endurance-400,https://www.merida-bikes.com/es-es/bike/6573/scultura-endurance-400,html,2026-10-05
Merida,SCULTURA ENDURANCE [d35812c2],SCULTURA ENDURANCE 400,2027,carretera,XXS,XXS,,,,,,539,360,"{""Tamaño de rueda"": ""28\"""", ""St Seat Tubes Mm"": ""440"", ""Tt Top Tubes Mm"": ""515"", ""Cs Chain Stays Mm"": ""418"", ""Hta Head Tube Angles Deg"": ""70.5"", ""Sta Seat Tube Angle Deg"": ""74"", ""Bd Bottom Bracket Drops Mm"": ""66"", ""Ht Head Tube Lengths Mm"": ""140"", ""Fl Fork Lengths Mm"": ""380"", ""R Reachs Mm"": ""360"", ""S Stacks Mm"": ""539"", ""Wb Wheel Base Mm"": ""992"", ""Sh Stand Over Height Mm"": ""708""}",,,https://www.merida-bikes.com/es-es/bike/6573/scultura-endurance-400,https://www.merida-bikes.com/es-es/bike/6573/scultura-endurance-400,html,2026-10-05
Merida,SCULTURA ENDURANCE [d35812c2],SCULTURA ENDURANCE 400,2027,carretera,XS,XS,,,,,,552,366,"{""Tamaño de rueda"": ""28\"""", ""St Seat Tubes Mm"": ""470"", ""Tt Top Tubes Mm"": ""524"", ""Cs Chain Stays Mm"": ""418"", ""Hta Head Tube Angles Deg"": ""71"", ""Sta Seat Tube Angle Deg"": ""74"", ""Bd Bottom Bracket Drops Mm"": ""66"", ""Ht Head Tube Lengths Mm"": ""152"", ""Fl Fork Lengths Mm"": ""380"", ""R Reachs Mm"": ""366"", ""S Stacks Mm"": ""552"", ""Wb Wheel Base Mm"": ""997"", ""Sh Stand Over Height Mm"": ""734""}",,,https://www.merida-bikes.com/es-es/bike/6573/scultura-endurance-400,https://www.merida-bikes.com/es-es/bike/6573/scultura-endurance-400,html,2026-10-05
Merida,SCULTURA ENDURANCE [d35812c2],SCULTURA ENDURANCE 400,2027,carretera,S,S,,,,,,565,376,"{""Tamaño de rueda"": ""28\"""", ""St Seat Tubes Mm"": ""490"", ""Tt Top Tubes Mm"": ""538"", ""Cs Chain Stays Mm"": ""418"", ""Hta Head Tube Angles Deg"": ""72"", ""Sta Seat Tube Angle Deg"": ""74"", ""Bd Bottom Bracket Drops Mm"": ""66"", ""Ht Head Tube Lengths Mm"": ""161"", ""Fl Fork Lengths Mm"": ""380"", ""R Reachs Mm"": ""376"", ""S Stacks Mm"": ""565"", ""Wb Wheel Base Mm"": ""1001"", ""Sh Stand Over Height Mm"": ""752""}",,,https://www.merida-bikes.com/es-es/bike/6573/scultura-endurance-400,https://www.merida-bikes.com/es-es/bike/6573/scultura-endurance-400,html,2026-10-05
Merida,SCULTURA ENDURANCE [d35812c2],SCULTURA ENDURANCE 400,2027,carretera,M,M,,,,,,584,380,"{""Tamaño de rueda"": ""28\"""", ""St Seat Tubes Mm"": ""510"", ""Tt Top Tubes Mm"": ""553"", ""Cs Chain Stays Mm"": ""418"", ""Hta Head Tube Angles Deg"": ""73"", ""Sta Seat Tube Angle Deg"": ""73.5"", ""Bd Bottom Bracket Drops Mm"": ""66"", ""Ht Head Tube Lengths Mm"": ""177"", ""Fl Fork Lengths Mm"": ""380"", ""R Reachs Mm"": ""380"", ""S Stacks Mm"": ""584"", ""Wb Wheel Base Mm"": ""1001"", ""Sh Stand Over Height Mm"": ""770""}",,,https://www.merida-bikes.com/es-es/bike/6573/scultura-endurance-400,https://www.merida-bikes.com/es-es/bike/6573/scultura-endurance-400,html,2026-10-05
Merida,SCULTURA ENDURANCE [d35812c2],SCULTURA ENDURANCE 400,2027,carretera,L,L,,,,,,603,389,"{""Tamaño de rueda"": ""28\"""", ""St Seat Tubes Mm"": ""530"", ""Tt Top Tubes Mm"": ""568"", ""Cs Chain Stays Mm"": ""418"", ""Hta Head Tube Angles Deg"": ""73"", ""Sta Seat Tube Angle Deg"": ""73.5"", ""Bd Bottom Bracket Drops Mm"": ""66"", ""Ht Head Tube Lengths Mm"": ""197"", ""Fl Fork Lengths Mm"": ""380"", ""R Reachs Mm"": ""389"", ""S Stacks Mm"": ""603"", ""Wb Wheel Base Mm"": ""1017"", ""Sh Stand Over Height Mm"": ""790""}",,,https://www.merida-bikes.com/es-es/bike/6573/scultura-endurance-400,https://www.merida-bikes.com/es-es/bike/6573/scultura-endurance-400,html,2026-10-05
Merida,SCULTURA ENDURANCE [d35812c2],SCULTURA ENDURANCE 400,2027,carretera,XL,XL,,,,,,629,397,"{""Tamaño de rueda"": ""28\"""", ""St Seat Tubes Mm"": ""560"", ""Tt Top Tubes Mm"": ""583"", ""Cs Chain Stays Mm"": ""418"", ""Hta Head Tube Angles Deg"": ""73.5"", ""Sta Seat Tube Angle Deg"": ""73.5"", ""Bd Bottom Bracket Drops Mm"": ""66"", ""Ht Head Tube Lengths Mm"": ""222"", ""Fl Fork Lengths Mm"": ""380"", ""R Reachs Mm"": ""397"", ""S Stacks Mm"": ""629"", ""Wb Wheel Base Mm"": ""1026"", ""Sh Stand Over Height Mm"": ""818""}",,,https://www.merida-bikes.com/es-es/bike/6573/scultura-endurance-400,https://www.merida-bikes.com/es-es/bike/6573/scultura-endurance-400,html,2026-10-05
Merida,SCULTURA ENDURANCE [d35812c2],SCULTURA ENDURANCE GR 300,2027,carretera,4XS,XS,,,,,,528,360,"{""Tamaño de rueda"": ""28\"""", ""St Seat Tubes Mm"": ""380"", ""Tt Top Tubes Mm"": ""507"", ""Cs Chain Stays Mm"": ""418"", ""Hta Head Tube Angles Deg"": ""70"", ""Sta Seat Tube Angle Deg"": ""74.5"", ""Bd Bottom Bracket Drops Mm"": ""70"", ""Ht Head Tube Lengths Mm"": ""125"", ""Fl Fork Lengths Mm"": ""380"", ""R Reachs Mm"": ""360"", ""S Stacks Mm"": ""528"", ""Wb Wheel Base Mm"": ""990"", ""Sh Stand Over Height Mm"": ""656""}",,,https://www.merida-bikes.com/es-es/bike/6577/scultura-endurance-gr-300,https://www.merida-bikes.com/es-es/bike/6577/scultura-endurance-gr-300,html,2026-10-05
Merida,SCULTURA ENDURANCE [d35812c2],SCULTURA ENDURANCE GR 300,2027,carretera,3XS,XXXS,,,,,,532,360,"{""Tamaño de rueda"": ""28\"""", ""St Seat Tubes Mm"": ""410"", ""Tt Top Tubes Mm"": ""507"", ""Cs Chain Stays Mm"": ""418"", ""Hta Head Tube Angles Deg"": ""70"", ""Sta Seat Tube Angle Deg"": ""74.5"", ""Bd Bottom Bracket Drops Mm"": ""70"", ""Ht Head Tube Lengths Mm"": ""130"", ""Fl Fork Lengths Mm"": ""380"", ""R Reachs Mm"": ""360"", ""S Stacks Mm"": ""532"", ""Wb Wheel Base Mm"": ""991"", ""Sh Stand Over Height Mm"": ""680""}",,,https://www.merida-bikes.com/es-es/bike/6577/scultura-endurance-gr-300,https://www.merida-bikes.com/es-es/bike/6577/scultura-endurance-gr-300,html,2026-10-05
Merida,SCULTURA ENDURANCE [d35812c2],SCULTURA ENDURANCE GR 300,2027,carretera,XXS,XXS,,,,,,539,360,"{""Tamaño de rueda"": ""28\"""", ""St Seat Tubes Mm"": ""440"", ""Tt Top Tubes Mm"": ""515"", ""Cs Chain Stays Mm"": ""418"", ""Hta Head Tube Angles Deg"": ""70.5"", ""Sta Seat Tube Angle Deg"": ""74"", ""Bd Bottom Bracket Drops Mm"": ""66"", ""Ht Head Tube Lengths Mm"": ""140"", ""Fl Fork Lengths Mm"": ""380"", ""R Reachs Mm"": ""360"", ""S Stacks Mm"": ""539"", ""Wb Wheel Base Mm"": ""992"", ""Sh Stand Over Height Mm"": ""708""}",,,https://www.merida-bikes.com/es-es/bike/6577/scultura-endurance-gr-300,https://www.merida-bikes.com/es-es/bike/6577/scultura-endurance-gr-300,html,2026-10-05
Merida,SCULTURA ENDURANCE [d35812c2],SCULTURA ENDURANCE GR 300,2027,carretera,XS,XS,,,,,,552,366,"{""Tamaño de rueda"": ""28\"""", ""St Seat Tubes Mm"": ""470"", ""Tt Top Tubes Mm"": ""524"", ""Cs Chain Stays Mm"": ""418"", ""Hta Head Tube Angles Deg"": ""71"", ""Sta Seat Tube Angle Deg"": ""74"", ""Bd Bottom Bracket Drops Mm"": ""66"", ""Ht Head Tube Lengths Mm"": ""152"", ""Fl Fork Lengths Mm"": ""380"", ""R Reachs Mm"": ""366"", ""S Stacks Mm"": ""552"", ""Wb Wheel Base Mm"": ""997"", ""Sh Stand Over Height Mm"": ""734""}",,,https://www.merida-bikes.com/es-es/bike/6577/scultura-endurance-gr-300,https://www.merida-bikes.com/es-es/bike/6577/scultura-endurance-gr-300,html,2026-10-05
Merida,SCULTURA ENDURANCE [d35812c2],SCULTURA ENDURANCE GR 300,2027,carretera,S,S,,,,,,565,376,"{""Tamaño de rueda"": ""28\"""", ""St Seat Tubes Mm"": ""490"", ""Tt Top Tubes Mm"": ""538"", ""Cs Chain Stays Mm"": ""418"", ""Hta Head Tube Angles Deg"": ""72"", ""Sta Seat Tube Angle Deg"": ""74"", ""Bd Bottom Bracket Drops Mm"": ""66"", ""Ht Head Tube Lengths Mm"": ""161"", ""Fl Fork Lengths Mm"": ""380"", ""R Reachs Mm"": ""376"", ""S Stacks Mm"": ""565"", ""Wb Wheel Base Mm"": ""1001"", ""Sh Stand Over Height Mm"": ""752""}",,,https://www.merida-bikes.com/es-es/bike/6577/scultura-endurance-gr-300,https://www.merida-bikes.com/es-es/bike/6577/scultura-endurance-gr-300,html,2026-10-05
Merida,SCULTURA ENDURANCE [d35812c2],SCULTURA ENDURANCE GR 300,2027,carretera,M,M,,,,,,584,380,"{""Tamaño de rueda"": ""28\"""", ""St Seat Tubes Mm"": ""510"", ""Tt Top Tubes Mm"": ""553"", ""Cs Chain Stays Mm"": ""418"", ""Hta Head Tube Angles Deg"": ""73"", ""Sta Seat Tube Angle Deg"": ""73.5"", ""Bd Bottom Bracket Drops Mm"": ""66"", ""Ht Head Tube Lengths Mm"": ""177"", ""Fl Fork Lengths Mm"": ""380"", ""R Reachs Mm"": ""380"", ""S Stacks Mm"": ""584"", ""Wb Wheel Base Mm"": ""1001"", ""Sh Stand Over Height Mm"": ""770""}",,,https://www.merida-bikes.com/es-es/bike/6577/scultura-endurance-gr-300,https://www.merida-bikes.com/es-es/bike/6577/scultura-endurance-gr-300,html,2026-10-05
Merida,SCULTURA ENDURANCE [d35812c2],SCULTURA ENDURANCE GR 300,2027,carretera,L,L,,,,,,603,389,"{""Tamaño de rueda"": ""28\"""", ""St Seat Tubes Mm"": ""530"", ""Tt Top Tubes Mm"": ""568"", ""Cs Chain Stays Mm"": ""418"", ""Hta Head Tube Angles Deg"": ""73"", ""Sta Seat Tube Angle Deg"": ""73.5"", ""Bd Bottom Bracket Drops Mm"": ""66"", ""Ht Head Tube Lengths Mm"": ""197"", ""Fl Fork Lengths Mm"": ""380"", ""R Reachs Mm"": ""389"", ""S Stacks Mm"": ""603"", ""Wb Wheel Base Mm"": ""1017"", ""Sh Stand Over Height Mm"": ""790""}",,,https://www.merida-bikes.com/es-es/bike/6577/scultura-endurance-gr-300,https://www.merida-bikes.com/es-es/bike/6577/scultura-endurance-gr-300,html,2026-10-05
Merida,SCULTURA ENDURANCE [d35812c2],SCULTURA ENDURANCE GR 300,2027,carretera,XL,XL,,,,,,629,397,"{""Tamaño de rueda"": ""28\"""", ""St Seat Tubes Mm"": ""560"", ""Tt Top Tubes Mm"": ""583"", ""Cs Chain Stays Mm"": ""418"", ""Hta Head Tube Angles Deg"": ""73.5"", ""Sta Seat Tube Angle Deg"": ""73.5"", ""Bd Bottom Bracket Drops Mm"": ""66"", ""Ht Head Tube Lengths Mm"": ""222"", ""Fl Fork Lengths Mm"": ""380"", ""R Reachs Mm"": ""397"", ""S Stacks Mm"": ""629"", ""Wb Wheel Base Mm"": ""1026"", ""Sh Stand Over Height Mm"": ""818""}",,,https://www.merida-bikes.com/es-es/bike/6577/scultura-endurance-gr-300,https://www.merida-bikes.com/es-es/bike/6577/scultura-endurance-gr-300,html,2026-10-05
Merida,SCULTURA ENDURANCE GR 200 [2a30ad97],SCULTURA ENDURANCE GR 200,2026,carretera,XS,XS,,,,,,552,366,"{""Tamaño de rueda"": ""28\"""", ""St Seat Tubes Mm"": ""470"", ""Tt Top Tubes Mm"": ""524"", ""Cs Chain Stays Mm"": ""418"", ""Hta Head Tube Angles Deg"": ""71"", ""Sta Seat Tube Angle Deg"": ""74"", ""Bd Bottom Bracket Drops Mm"": ""66"", ""Ht Head Tube Lengths Mm"": ""152"", ""Fl Fork Lengths Mm"": ""380"", ""R Reachs Mm"": ""366"", ""S Stacks Mm"": ""552"", ""Wb Wheel Base Mm"": ""997"", ""Sh Stand Over Height Mm"": ""734""}",,,https://www.merida-bikes.com/es-es/bike/5656/scultura-endurance-gr-200,https://www.merida-bikes.com/es-es/bike/5656/scultura-endurance-gr-200,html,2026-10-05
Merida,SCULTURA ENDURANCE GR 200 [2a30ad97],SCULTURA ENDURANCE GR 200,2026,carretera,S,S,,,,,,565,376,"{""Tamaño de rueda"": ""28\"""", ""St Seat Tubes Mm"": ""490"", ""Tt Top Tubes Mm"": ""538"", ""Cs Chain Stays Mm"": ""418"", ""Hta Head Tube Angles Deg"": ""72"", ""Sta Seat Tube Angle Deg"": ""74"", ""Bd Bottom Bracket Drops Mm"": ""66"", ""Ht Head Tube Lengths Mm"": ""161"", ""Fl Fork Lengths Mm"": ""380"", ""R Reachs Mm"": ""376"", ""S Stacks Mm"": ""565"", ""Wb Wheel Base Mm"": ""1001"", ""Sh Stand Over Height Mm"": ""752""}",,,https://www.merida-bikes.com/es-es/bike/5656/scultura-endurance-gr-200,https://www.merida-bikes.com/es-es/bike/5656/scultura-endurance-gr-200,html,2026-10-05
Merida,SCULTURA ENDURANCE GR 200 [2a30ad97],SCULTURA ENDURANCE GR 200,2026,carretera,M,M,,,,,,584,380,"{""Tamaño de rueda"": ""28\"""", ""St Seat Tubes Mm"": ""510"", ""Tt Top Tubes Mm"": ""553"", ""Cs Chain Stays Mm"": ""418"", ""Hta Head Tube Angles Deg"": ""73"", ""Sta Seat Tube Angle Deg"": ""73.5"", ""Bd Bottom Bracket Drops Mm"": ""66"", ""Ht Head Tube Lengths Mm"": ""177"", ""Fl Fork Lengths Mm"": ""380"", ""R Reachs Mm"": ""380"", ""S Stacks Mm"": ""584"", ""Wb Wheel Base Mm"": ""1001"", ""Sh Stand Over Height Mm"": ""770""}",,,https://www.merida-bikes.com/es-es/bike/5656/scultura-endurance-gr-200,https://www.merida-bikes.com/es-es/bike/5656/scultura-endurance-gr-200,html,2026-10-05
Merida,SCULTURA ENDURANCE GR 200 [2a30ad97],SCULTURA ENDURANCE GR 200,2026,carretera,L,L,,,,,,603,389,"{""Tamaño de rueda"": ""28\"""", ""St Seat Tubes Mm"": ""530"", ""Tt Top Tubes Mm"": ""568"", ""Cs Chain Stays Mm"": ""418"", ""Hta Head Tube Angles Deg"": ""73"", ""Sta Seat Tube Angle Deg"": ""73.5"", ""Bd Bottom Bracket Drops Mm"": ""66"", ""Ht Head Tube Lengths Mm"": ""197"", ""Fl Fork Lengths Mm"": ""380"", ""R Reachs Mm"": ""389"", ""S Stacks Mm"": ""603"", ""Wb Wheel Base Mm"": ""1017"", ""Sh Stand Over Height Mm"": ""790""}",,,https://www.merida-bikes.com/es-es/bike/5656/scultura-endurance-gr-200,https://www.merida-bikes.com/es-es/bike/5656/scultura-endurance-gr-200,html,2026-10-05
Merida,LITHOS [b69dda59],LITHOS 10K,2027,emtb,Long,,,,,,,655,485,"{""Tamaño de rueda"": ""29/27.5\"""", ""St Seat Tubes Mm"": ""445"", ""Tt Top Tubes Mm"": ""621"", ""Cs Chain Stays Mm"": ""447"", ""Hta Head Tube Angles Deg"": ""64"", ""Sta Seat Tube Angle Deg"": ""78.5"", ""Bd Bottom Bracket Drops Mm"": ""10"", ""Ht Head Tube Lengths Mm"": ""130"", ""Fl Fork Lengths Mm"": ""586"", ""Fo Fork Offset Mm"": ""44"", ""R Reachs Mm"": ""485"", ""S Stacks Mm"": ""655"", ""Wb Wheel Base Mm"": ""1289"", ""Sh Stand Over Height Mm"": ""765""}",,,https://www.merida-bikes.com/es-es/bike/5725/lithos-10k,https://www.merida-bikes.com/es-es/bike/5725/lithos-10k,html,2026-10-05
Merida,LITHOS [b69dda59],LITHOS 8000,2027,emtb,Long,,,,,,,655,485,"{""Tamaño de rueda"": ""29/27.5\"""", ""St Seat Tubes Mm"": ""445"", ""Tt Top Tubes Mm"": ""621"", ""Cs Chain Stays Mm"": ""447"", ""Hta Head Tube Angles Deg"": ""64"", ""Sta Seat Tube Angle Deg"": ""78.5"", ""Bd Bottom Bracket Drops Mm"": ""10"", ""Ht Head Tube Lengths Mm"": ""130"", ""Fl Fork Lengths Mm"": ""586"", ""Fo Fork Offset Mm"": ""44"", ""R Reachs Mm"": ""485"", ""S Stacks Mm"": ""655"", ""Wb Wheel Base Mm"": ""1289"", ""Sh Stand Over Height Mm"": ""765""}",,,https://www.merida-bikes.com/es-es/bike/5726/lithos-8000,https://www.merida-bikes.com/es-es/bike/5726/lithos-8000,html,2026-10-05
Merida,LITHOS 6000 [f91f517c],LITHOS 6000,2027,emtb,"29/27.5""",,,,,,,646,460,"{""St Seat Tubes Mm"": ""425"", ""Tt Top Tubes Mm"": ""593"", ""Cs Chain Stays Mm"": ""447"", ""Hta Head Tube Angles Deg"": ""64"", ""Sta Seat Tube Angle Deg"": ""78.5"", ""Bd Bottom Bracket Drops Mm"": ""10"", ""Ht Head Tube Lengths Mm"": ""120"", ""Fl Fork Lengths Mm"": ""586"", ""Fo Fork Offset Mm"": ""44"", ""R Reachs Mm"": ""460"", ""S Stacks Mm"": ""646"", ""Wb Wheel Base Mm"": ""1259"", ""Sh Stand Over Height Mm"": ""762""}",,,https://www.merida-bikes.com/es-es/bike/5727/lithos-6000,https://www.merida-bikes.com/es-es/bike/5727/lithos-6000,html,2026-10-05
Merida,eONE-SIXTY SL [83172fcf],eONE-SIXTY SL 10K,2025,emtb,400,,40,,,,,611,420,"{""Tt Top Tubes Mm"": ""543"", ""Cs Chain Stays Mm"": ""450"", ""Hta Head Tube Angles Deg"": ""64"", ""Sta Seat Tube Angle Deg"": ""78.5"", ""Bd Bottom Bracket Drops Mm"": ""27.5"", ""Ht Head Tube Lengths Mm"": ""100"", ""Fl Fork Lengths Mm"": ""571"", ""R Reachs Mm"": ""420"", ""S Stacks Mm"": ""611"", ""Wb Wheel Base Mm"": ""1202"", ""Sh Stand Over Height Mm"": ""753"", ""Str Stack To Reach Ratio Pc"": ""1.45""}",,,https://www.merida-bikes.com/es-es/bike/4626/eone-sixty-sl-10k,https://www.merida-bikes.com/es-es/bike/4626/eone-sixty-sl-10k,html,2026-10-05
Merida,eONE-SIXTY SL [83172fcf],eONE-SIXTY SL 10K,2025,emtb,410,,41,,,,,616,443,"{""Tt Top Tubes Mm"": ""567"", ""Cs Chain Stays Mm"": ""450"", ""Hta Head Tube Angles Deg"": ""64"", ""Sta Seat Tube Angle Deg"": ""78.5"", ""Bd Bottom Bracket Drops Mm"": ""27.5"", ""Ht Head Tube Lengths Mm"": ""105"", ""Fl Fork Lengths Mm"": ""571"", ""R Reachs Mm"": ""443"", ""S Stacks Mm"": ""616"", ""Wb Wheel Base Mm"": ""1228"", ""Sh Stand Over Height Mm"": ""757"", ""Str Stack To Reach Ratio Pc"": ""1.39""}",,,https://www.merida-bikes.com/es-es/bike/4626/eone-sixty-sl-10k,https://www.merida-bikes.com/es-es/bike/4626/eone-sixty-sl-10k,html,2026-10-05
Merida,eONE-SIXTY SL [83172fcf],eONE-SIXTY SL 10K,2025,emtb,425,,42.5,,,,,620,466,"{""Tt Top Tubes Mm"": ""591"", ""Cs Chain Stays Mm"": ""450"", ""Hta Head Tube Angles Deg"": ""64"", ""Sta Seat Tube Angle Deg"": ""78.5"", ""Bd Bottom Bracket Drops Mm"": ""27.5"", ""Ht Head Tube Lengths Mm"": ""110"", ""Fl Fork Lengths Mm"": ""571"", ""R Reachs Mm"": ""466"", ""S Stacks Mm"": ""620"", ""Wb Wheel Base Mm"": ""1253"", ""Sh Stand Over Height Mm"": ""761"", ""Str Stack To Reach Ratio Pc"": ""1.33""}",,,https://www.merida-bikes.com/es-es/bike/4626/eone-sixty-sl-10k,https://www.merida-bikes.com/es-es/bike/4626/eone-sixty-sl-10k,html,2026-10-05
Merida,eONE-SIXTY SL [83172fcf],eONE-SIXTY SL 10K,2025,emtb,445,,44.5,,,,,625,489,"{""Tt Top Tubes Mm"": ""616"", ""Cs Chain Stays Mm"": ""450"", ""Hta Head Tube Angles Deg"": ""64"", ""Sta Seat Tube Angle Deg"": ""78.5"", ""Bd Bottom Bracket Drops Mm"": ""27.5"", ""Ht Head Tube Lengths Mm"": ""115"", ""Fl Fork Lengths Mm"": ""571"", ""R Reachs Mm"": ""489"", ""S Stacks Mm"": ""625"", ""Wb Wheel Base Mm"": ""1278"", ""Sh Stand Over Height Mm"": ""768"", ""Str Stack To Reach Ratio Pc"": ""1.28""}",,,https://www.merida-bikes.com/es-es/bike/4626/eone-sixty-sl-10k,https://www.merida-bikes.com/es-es/bike/4626/eone-sixty-sl-10k,html,2026-10-05
Merida,eONE-SIXTY SL [83172fcf],eONE-SIXTY SL 10K,2025,emtb,465,,46.5,,,,,629,512,"{""Tt Top Tubes Mm"": ""640"", ""Cs Chain Stays Mm"": ""450"", ""Hta Head Tube Angles Deg"": ""64"", ""Sta Seat Tube Angle Deg"": ""78.5"", ""Bd Bottom Bracket Drops Mm"": ""27.5"", ""Ht Head Tube Lengths Mm"": ""120"", ""Fl Fork Lengths Mm"": ""571"", ""R Reachs Mm"": ""512"", ""S Stacks Mm"": ""629"", ""Wb Wheel Base Mm"": ""1303"", ""Sh Stand Over Height Mm"": ""774"", ""Str Stack To Reach Ratio Pc"": ""1.23""}",,,https://www.merida-bikes.com/es-es/bike/4626/eone-sixty-sl-10k,https://www.merida-bikes.com/es-es/bike/4626/eone-sixty-sl-10k,html,2026-10-05
Merida,eONE-SIXTY SL [83172fcf],eONE-SIXTY SL 8000,2025,emtb,400,,40,,,,,611,420,"{""Tt Top Tubes Mm"": ""543"", ""Cs Chain Stays Mm"": ""450"", ""Hta Head Tube Angles Deg"": ""64"", ""Sta Seat Tube Angle Deg"": ""78.5"", ""Bd Bottom Bracket Drops Mm"": ""27.5"", ""Ht Head Tube Lengths Mm"": ""100"", ""Fl Fork Lengths Mm"": ""571"", ""R Reachs Mm"": ""420"", ""S Stacks Mm"": ""611"", ""Wb Wheel Base Mm"": ""1202"", ""Sh Stand Over Height Mm"": ""753"", ""Str Stack To Reach Ratio Pc"": ""1.45""}",,,https://www.merida-bikes.com/es-es/bike/4627/eone-sixty-sl-8000,https://www.merida-bikes.com/es-es/bike/4627/eone-sixty-sl-8000,html,2026-10-05
Merida,eONE-SIXTY SL [83172fcf],eONE-SIXTY SL 8000,2025,emtb,410,,41,,,,,616,443,"{""Tt Top Tubes Mm"": ""567"", ""Cs Chain Stays Mm"": ""450"", ""Hta Head Tube Angles Deg"": ""64"", ""Sta Seat Tube Angle Deg"": ""78.5"", ""Bd Bottom Bracket Drops Mm"": ""27.5"", ""Ht Head Tube Lengths Mm"": ""105"", ""Fl Fork Lengths Mm"": ""571"", ""R Reachs Mm"": ""443"", ""S Stacks Mm"": ""616"", ""Wb Wheel Base Mm"": ""1228"", ""Sh Stand Over Height Mm"": ""757"", ""Str Stack To Reach Ratio Pc"": ""1.39""}",,,https://www.merida-bikes.com/es-es/bike/4627/eone-sixty-sl-8000,https://www.merida-bikes.com/es-es/bike/4627/eone-sixty-sl-8000,html,2026-10-05
Merida,eONE-SIXTY SL [83172fcf],eONE-SIXTY SL 8000,2025,emtb,425,,42.5,,,,,620,466,"{""Tt Top Tubes Mm"": ""591"", ""Cs Chain Stays Mm"": ""450"", ""Hta Head Tube Angles Deg"": ""64"", ""Sta Seat Tube Angle Deg"": ""78.5"", ""Bd Bottom Bracket Drops Mm"": ""27.5"", ""Ht Head Tube Lengths Mm"": ""110"", ""Fl Fork Lengths Mm"": ""571"", ""R Reachs Mm"": ""466"", ""S Stacks Mm"": ""620"", ""Wb Wheel Base Mm"": ""1253"", ""Sh Stand Over Height Mm"": ""761"", ""Str Stack To Reach Ratio Pc"": ""1.33""}",,,https://www.merida-bikes.com/es-es/bike/4627/eone-sixty-sl-8000,https://www.merida-bikes.com/es-es/bike/4627/eone-sixty-sl-8000,html,2026-10-05
Merida,eONE-SIXTY SL [83172fcf],eONE-SIXTY SL 8000,2025,emtb,445,,44.5,,,,,625,489,"{""Tt Top Tubes Mm"": ""616"", ""Cs Chain Stays Mm"": ""450"", ""Hta Head Tube Angles Deg"": ""64"", ""Sta Seat Tube Angle Deg"": ""78.5"", ""Bd Bottom Bracket Drops Mm"": ""27.5"", ""Ht Head Tube Lengths Mm"": ""115"", ""Fl Fork Lengths Mm"": ""571"", ""R Reachs Mm"": ""489"", ""S Stacks Mm"": ""625"", ""Wb Wheel Base Mm"": ""1278"", ""Sh Stand Over Height Mm"": ""768"", ""Str Stack To Reach Ratio Pc"": ""1.28""}",,,https://www.merida-bikes.com/es-es/bike/4627/eone-sixty-sl-8000,https://www.merida-bikes.com/es-es/bike/4627/eone-sixty-sl-8000,html,2026-10-05
Merida,eONE-SIXTY SL [83172fcf],eONE-SIXTY SL 8000,2025,emtb,465,,46.5,,,,,629,512,"{""Tt Top Tubes Mm"": ""640"", ""Cs Chain Stays Mm"": ""450"", ""Hta Head Tube Angles Deg"": ""64"", ""Sta Seat Tube Angle Deg"": ""78.5"", ""Bd Bottom Bracket Drops Mm"": ""27.5"", ""Ht Head Tube Lengths Mm"": ""120"", ""Fl Fork Lengths Mm"": ""571"", ""R Reachs Mm"": ""512"", ""S Stacks Mm"": ""629"", ""Wb Wheel Base Mm"": ""1303"", ""Sh Stand Over Height Mm"": ""774"", ""Str Stack To Reach Ratio Pc"": ""1.23""}",,,https://www.merida-bikes.com/es-es/bike/4627/eone-sixty-sl-8000,https://www.merida-bikes.com/es-es/bike/4627/eone-sixty-sl-8000,html,2026-10-05
Merida,eONE-SIXTY SL [83172fcf],eONE-SIXTY SL 6000,2025,emtb,400,,40,,,,,611,420,"{""Tt Top Tubes Mm"": ""543"", ""Cs Chain Stays Mm"": ""450"", ""Hta Head Tube Angles Deg"": ""64"", ""Sta Seat Tube Angle Deg"": ""78.5"", ""Bd Bottom Bracket Drops Mm"": ""27.5"", ""Ht Head Tube Lengths Mm"": ""100"", ""Fl Fork Lengths Mm"": ""571"", ""R Reachs Mm"": ""420"", ""S Stacks Mm"": ""611"", ""Wb Wheel Base Mm"": ""1202"", ""Sh Stand Over Height Mm"": ""753"", ""Str Stack To Reach Ratio Pc"": ""1.45""}",,,https://www.merida-bikes.com/es-es/bike/4628/eone-sixty-sl-6000,https://www.merida-bikes.com/es-es/bike/4628/eone-sixty-sl-6000,html,2026-10-05
Merida,eONE-SIXTY SL [83172fcf],eONE-SIXTY SL 6000,2025,emtb,410,,41,,,,,616,443,"{""Tt Top Tubes Mm"": ""567"", ""Cs Chain Stays Mm"": ""450"", ""Hta Head Tube Angles Deg"": ""64"", ""Sta Seat Tube Angle Deg"": ""78.5"", ""Bd Bottom Bracket Drops Mm"": ""27.5"", ""Ht Head Tube Lengths Mm"": ""105"", ""Fl Fork Lengths Mm"": ""571"", ""R Reachs Mm"": ""443"", ""S Stacks Mm"": ""616"", ""Wb Wheel Base Mm"": ""1228"", ""Sh Stand Over Height Mm"": ""757"", ""Str Stack To Reach Ratio Pc"": ""1.39""}",,,https://www.merida-bikes.com/es-es/bike/4628/eone-sixty-sl-6000,https://www.merida-bikes.com/es-es/bike/4628/eone-sixty-sl-6000,html,2026-10-05
Merida,eONE-SIXTY SL [83172fcf],eONE-SIXTY SL 6000,2025,emtb,425,,42.5,,,,,620,466,"{""Tt Top Tubes Mm"": ""591"", ""Cs Chain Stays Mm"": ""450"", ""Hta Head Tube Angles Deg"": ""64"", ""Sta Seat Tube Angle Deg"": ""78.5"", ""Bd Bottom Bracket Drops Mm"": ""27.5"", ""Ht Head Tube Lengths Mm"": ""110"", ""Fl Fork Lengths Mm"": ""571"", ""R Reachs Mm"": ""466"", ""S Stacks Mm"": ""620"", ""Wb Wheel Base Mm"": ""1253"", ""Sh Stand Over Height Mm"": ""761"", ""Str Stack To Reach Ratio Pc"": ""1.33""}",,,https://www.merida-bikes.com/es-es/bike/4628/eone-sixty-sl-6000,https://www.merida-bikes.com/es-es/bike/4628/eone-sixty-sl-6000,html,2026-10-05
Merida,eONE-SIXTY SL [83172fcf],eONE-SIXTY SL 6000,2025,emtb,445,,44.5,,,,,625,489,"{""Tt Top Tubes Mm"": ""616"", ""Cs Chain Stays Mm"": ""450"", ""Hta Head Tube Angles Deg"": ""64"", ""Sta Seat Tube Angle Deg"": ""78.5"", ""Bd Bottom Bracket Drops Mm"": ""27.5"", ""Ht Head Tube Lengths Mm"": ""115"", ""Fl Fork Lengths Mm"": ""571"", ""R Reachs Mm"": ""489"", ""S Stacks Mm"": ""625"", ""Wb Wheel Base Mm"": ""1278"", ""Sh Stand Over Height Mm"": ""768"", ""Str Stack To Reach Ratio Pc"": ""1.28""}",,,https://www.merida-bikes.com/es-es/bike/4628/eone-sixty-sl-6000,https://www.merida-bikes.com/es-es/bike/4628/eone-sixty-sl-6000,html,2026-10-05
Merida,eONE-SIXTY SL [83172fcf],eONE-SIXTY SL 6000,2025,emtb,465,,46.5,,,,,629,512,"{""Tt Top Tubes Mm"": ""640"", ""Cs Chain Stays Mm"": ""450"", ""Hta Head Tube Angles Deg"": ""64"", ""Sta Seat Tube Angle Deg"": ""78.5"", ""Bd Bottom Bracket Drops Mm"": ""27.5"", ""Ht Head Tube Lengths Mm"": ""120"", ""Fl Fork Lengths Mm"": ""571"", ""R Reachs Mm"": ""512"", ""S Stacks Mm"": ""629"", ""Wb Wheel Base Mm"": ""1303"", ""Sh Stand Over Height Mm"": ""774"", ""Str Stack To Reach Ratio Pc"": ""1.23""}",,,https://www.merida-bikes.com/es-es/bike/4628/eone-sixty-sl-6000,https://www.merida-bikes.com/es-es/bike/4628/eone-sixty-sl-6000,html,2026-10-05
Merida,eONE-SIXTY 10K [dba1ae27],eONE-SIXTY 10K,2025,emtb,"29/27.5""",,,,,,,624,419,"{""St Seat Tubes Mm"": ""400"", ""Tt Top Tubes Mm"": ""546"", ""Cs Chain Stays Mm"": ""446"", ""Hta Head Tube Angles Deg"": ""64.4"", ""Sta Seat Tube Angle Deg"": ""78.5°"", ""Bd Bottom Bracket Drops Mm"": ""9"", ""Ht Head Tube Lengths Mm"": ""100"", ""Fl Fork Lengths Mm"": ""581"", ""R Reachs Mm"": ""419"", ""S Stacks Mm"": ""624"", ""Wb Wheel Base Mm"": ""1199"", ""Sh Stand Over Height Mm"": ""776""}",,,https://www.merida-bikes.com/es-es/bike/4618/eone-sixty-10k,https://www.merida-bikes.com/es-es/bike/4618/eone-sixty-10k,html,2026-10-05
Merida,eONE-SIXTY 8000 [bf55c551],eONE-SIXTY 8000,2025,emtb,"29/27.5""",,,,,,,628,439,"{""St Seat Tubes Mm"": ""410"", ""Tt Top Tubes Mm"": ""567"", ""Cs Chain Stays Mm"": ""446"", ""Hta Head Tube Angles Deg"": ""64.4"", ""Sta Seat Tube Angle Deg"": ""78.5°"", ""Bd Bottom Bracket Drops Mm"": ""9"", ""Ht Head Tube Lengths Mm"": ""105"", ""Fl Fork Lengths Mm"": ""581"", ""R Reachs Mm"": ""439"", ""S Stacks Mm"": ""628"", ""Wb Wheel Base Mm"": ""1221"", ""Sh Stand Over Height Mm"": ""770""}",,,https://www.merida-bikes.com/es-es/bike/4619/eone-sixty-8000,https://www.merida-bikes.com/es-es/bike/4619/eone-sixty-8000,html,2026-10-05
Merida,eONE-SIXTY 7000 [6deb8901],eONE-SIXTY 7000,2025,emtb,"29/27.5""",,,,,,,633,459,"{""St Seat Tubes Mm"": ""425"", ""Tt Top Tubes Mm"": ""589"", ""Cs Chain Stays Mm"": ""446"", ""Hta Head Tube Angles Deg"": ""64.4"", ""Sta Seat Tube Angle Deg"": ""78.4°"", ""Bd Bottom Bracket Drops Mm"": ""9"", ""Ht Head Tube Lengths Mm"": ""110"", ""Fl Fork Lengths Mm"": ""581"", ""R Reachs Mm"": ""459"", ""S Stacks Mm"": ""633"", ""Wb Wheel Base Mm"": ""1244"", ""Sh Stand Over Height Mm"": ""765""}",,,https://www.merida-bikes.com/es-es/bike/4620/eone-sixty-7000,https://www.merida-bikes.com/es-es/bike/4620/eone-sixty-7000,html,2026-10-05
Merida,eONE-SIXTY [3e3be80b],eONE-SIXTY 875,2025,emtb,"29/27.5""",,,,,,,624,419,"{""St Seat Tubes Mm"": ""400"", ""Tt Top Tubes Mm"": ""546"", ""Cs Chain Stays Mm"": ""446"", ""Hta Head Tube Angles Deg"": ""64.4"", ""Sta Seat Tube Angle Deg"": ""78.5°"", ""Bd Bottom Bracket Drops Mm"": ""9"", ""Ht Head Tube Lengths Mm"": ""100"", ""Fl Fork Lengths Mm"": ""581"", ""R Reachs Mm"": ""419"", ""S Stacks Mm"": ""624"", ""Wb Wheel Base Mm"": ""1199"", ""Sh Stand Over Height Mm"": ""763""}",,,https://www.merida-bikes.com/es-es/bike/4622/eone-sixty-875,https://www.merida-bikes.com/es-es/bike/4622/eone-sixty-875,html,2026-10-05
Merida,eONE-SIXTY [3e3be80b],eONE-SIXTY 675,2025,emtb,"29/27.5""",,,,,,,624,419,"{""St Seat Tubes Mm"": ""400"", ""Tt Top Tubes Mm"": ""546"", ""Cs Chain Stays Mm"": ""446"", ""Hta Head Tube Angles Deg"": ""64.4"", ""Sta Seat Tube Angle Deg"": ""78.5°"", ""Bd Bottom Bracket Drops Mm"": ""9"", ""Ht Head Tube Lengths Mm"": ""100"", ""Fl Fork Lengths Mm"": ""581"", ""R Reachs Mm"": ""419"", ""S Stacks Mm"": ""624"", ""Wb Wheel Base Mm"": ""1199"", ""Sh Stand Over Height Mm"": ""763""}",,,https://www.merida-bikes.com/es-es/bike/4623/eone-sixty-675,https://www.merida-bikes.com/es-es/bike/4623/eone-sixty-675,html,2026-10-05
Merida,eONE-FORTY 675 [7ea170ac],eONE-FORTY 675,2025,emtb,400,,40,,,,,616,431,"{""Tt Top Tubes Mm"": ""543"", ""Cs Chain Stays Mm"": ""449"", ""Hta Head Tube Angles Deg"": ""66.5"", ""Sta Seat Tube Angle Deg"": ""79.7°"", ""Bd Bottom Bracket Drops Mm"": ""35.5"", ""Ht Head Tube Lengths Mm"": ""100"", ""Fl Fork Lengths Mm"": ""557"", ""R Reachs Mm"": ""431"", ""S Stacks Mm"": ""616"", ""Wb Wheel Base Mm"": ""1191"", ""Sh Stand Over Height Mm"": ""758""}",,,https://www.merida-bikes.com/es-es/bike/4613/eone-forty-675,https://www.merida-bikes.com/es-es/bike/4613/eone-forty-675,html,2026-10-05
Merida,eONE-FORTY 675 [7ea170ac],eONE-FORTY 675,2025,emtb,410,,41,,,,,620,451,"{""Tt Top Tubes Mm"": ""564"", ""Cs Chain Stays Mm"": ""449"", ""Hta Head Tube Angles Deg"": ""66.5"", ""Sta Seat Tube Angle Deg"": ""79.7°"", ""Bd Bottom Bracket Drops Mm"": ""35.5"", ""Ht Head Tube Lengths Mm"": ""105"", ""Fl Fork Lengths Mm"": ""557"", ""R Reachs Mm"": ""451"", ""S Stacks Mm"": ""620"", ""Wb Wheel Base Mm"": ""1213"", ""Sh Stand Over Height Mm"": ""752""}",,,https://www.merida-bikes.com/es-es/bike/4613/eone-forty-675,https://www.merida-bikes.com/es-es/bike/4613/eone-forty-675,html,2026-10-05
Merida,eONE-FORTY 675 [7ea170ac],eONE-FORTY 675,2025,emtb,425,,42.5,,,,,624,471,"{""Tt Top Tubes Mm"": ""585"", ""Cs Chain Stays Mm"": ""449"", ""Hta Head Tube Angles Deg"": ""66.5"", ""Sta Seat Tube Angle Deg"": ""79.6°"", ""Bd Bottom Bracket Drops Mm"": ""35.5"", ""Ht Head Tube Lengths Mm"": ""110"", ""Fl Fork Lengths Mm"": ""557"", ""R Reachs Mm"": ""471"", ""S Stacks Mm"": ""624"", ""Wb Wheel Base Mm"": ""1235"", ""Sh Stand Over Height Mm"": ""746""}",,,https://www.merida-bikes.com/es-es/bike/4613/eone-forty-675,https://www.merida-bikes.com/es-es/bike/4613/eone-forty-675,html,2026-10-05
Merida,eONE-FORTY 675 [7ea170ac],eONE-FORTY 675,2025,emtb,445,,44.5,,,,,628,491,"{""Tt Top Tubes Mm"": ""607"", ""Cs Chain Stays Mm"": ""449"", ""Hta Head Tube Angles Deg"": ""66.5"", ""Sta Seat Tube Angle Deg"": ""79.5°"", ""Bd Bottom Bracket Drops Mm"": ""35.5"", ""Ht Head Tube Lengths Mm"": ""115"", ""Fl Fork Lengths Mm"": ""557"", ""R Reachs Mm"": ""491"", ""S Stacks Mm"": ""628"", ""Wb Wheel Base Mm"": ""1257"", ""Sh Stand Over Height Mm"": ""744""}",,,https://www.merida-bikes.com/es-es/bike/4613/eone-forty-675,https://www.merida-bikes.com/es-es/bike/4613/eone-forty-675,html,2026-10-05
Merida,eONE-FORTY 475 [81bbadd1],eONE-FORTY 475,2025,emtb,400,,40,,,,,616,431,"{""Tt Top Tubes Mm"": ""543"", ""Cs Chain Stays Mm"": ""449"", ""Hta Head Tube Angles Deg"": ""66.5"", ""Sta Seat Tube Angle Deg"": ""79.7°"", ""Bd Bottom Bracket Drops Mm"": ""35.5"", ""Ht Head Tube Lengths Mm"": ""100"", ""Fl Fork Lengths Mm"": ""557"", ""R Reachs Mm"": ""431"", ""S Stacks Mm"": ""616"", ""Wb Wheel Base Mm"": ""1191"", ""Sh Stand Over Height Mm"": ""758""}",,,https://www.merida-bikes.com/es-es/bike/4615/eone-forty-475,https://www.merida-bikes.com/es-es/bike/4615/eone-forty-475,html,2026-10-05
Merida,eONE-FORTY 475 [81bbadd1],eONE-FORTY 475,2025,emtb,410,,41,,,,,620,451,"{""Tt Top Tubes Mm"": ""564"", ""Cs Chain Stays Mm"": ""449"", ""Hta Head Tube Angles Deg"": ""66.5"", ""Sta Seat Tube Angle Deg"": ""79.7°"", ""Bd Bottom Bracket Drops Mm"": ""35.5"", ""Ht Head Tube Lengths Mm"": ""105"", ""Fl Fork Lengths Mm"": ""557"", ""R Reachs Mm"": ""451"", ""S Stacks Mm"": ""620"", ""Wb Wheel Base Mm"": ""1213"", ""Sh Stand Over Height Mm"": ""752""}",,,https://www.merida-bikes.com/es-es/bike/4615/eone-forty-475,https://www.merida-bikes.com/es-es/bike/4615/eone-forty-475,html,2026-10-05
Merida,eONE-FORTY 475 [81bbadd1],eONE-FORTY 475,2025,emtb,425,,42.5,,,,,624,471,"{""Tt Top Tubes Mm"": ""585"", ""Cs Chain Stays Mm"": ""449"", ""Hta Head Tube Angles Deg"": ""66.5"", ""Sta Seat Tube Angle Deg"": ""79.6°"", ""Bd Bottom Bracket Drops Mm"": ""35.5"", ""Ht Head Tube Lengths Mm"": ""110"", ""Fl Fork Lengths Mm"": ""557"", ""R Reachs Mm"": ""471"", ""S Stacks Mm"": ""624"", ""Wb Wheel Base Mm"": ""1235"", ""Sh Stand Over Height Mm"": ""746""}",,,https://www.merida-bikes.com/es-es/bike/4615/eone-forty-475,https://www.merida-bikes.com/es-es/bike/4615/eone-forty-475,html,2026-10-05
Merida,eONE-FORTY 475 [81bbadd1],eONE-FORTY 475,2025,emtb,445,,44.5,,,,,628,491,"{""Tt Top Tubes Mm"": ""607"", ""Cs Chain Stays Mm"": ""449"", ""Hta Head Tube Angles Deg"": ""66.5"", ""Sta Seat Tube Angle Deg"": ""79.5°"", ""Bd Bottom Bracket Drops Mm"": ""35.5"", ""Ht Head Tube Lengths Mm"": ""115"", ""Fl Fork Lengths Mm"": ""557"", ""R Reachs Mm"": ""491"", ""S Stacks Mm"": ""628"", ""Wb Wheel Base Mm"": ""1257"", ""Sh Stand Over Height Mm"": ""744""}",,,https://www.merida-bikes.com/es-es/bike/4615/eone-forty-475,https://www.merida-bikes.com/es-es/bike/4615/eone-forty-475,html,2026-10-05
Merida,eONE-FORTY 475 [81bbadd1],eONE-FORTY 475,2025,emtb,465,,46.5,,,,,633,511,"{""Tt Top Tubes Mm"": ""628"", ""Cs Chain Stays Mm"": ""449"", ""Hta Head Tube Angles Deg"": ""66.5"", ""Sta Seat Tube Angle Deg"": ""79.5°"", ""Bd Bottom Bracket Drops Mm"": ""35.5"", ""Ht Head Tube Lengths Mm"": ""120"", ""Fl Fork Lengths Mm"": ""557"", ""R Reachs Mm"": ""511"", ""S Stacks Mm"": ""633"", ""Wb Wheel Base Mm"": ""1280"", ""Sh Stand Over Height Mm"": ""739""}",,,https://www.merida-bikes.com/es-es/bike/4615/eone-forty-475,https://www.merida-bikes.com/es-es/bike/4615/eone-forty-475,html,2026-10-05
Merida,eONE-EIGHTY [5d359000],eONE-EIGHTY 900,2025,emtb,"29/27.5""",,,,,,,652,415,"{""St Seat Tubes Mm"": ""400"", ""Tt Top Tubes Mm"": ""556"", ""Cs Chain Stays Mm"": ""435"", ""Hta Head Tube Angles Deg"": ""64.5"", ""Sta Seat Tube Angle Deg"": ""78.5"", ""Bd Bottom Bracket Drops Mm"": ""12"", ""Ht Head Tube Lengths Mm"": ""110"", ""Fl Fork Lengths Mm"": ""600"", ""R Reachs Mm"": ""415"", ""S Stacks Mm"": ""652"", ""Wb Wheel Base Mm"": ""1195"", ""Str Stack To Reach Ratio Pc"": ""1.57""}",,,https://www.merida-bikes.com/es-es/bike/4609/eone-eighty-900,https://www.merida-bikes.com/es-es/bike/4609/eone-eighty-900,html,2026-10-05
Merida,eONE-EIGHTY [5d359000],eONE-EIGHTY 700,2027,emtb,"29/27.5""",,,,,,,652,415,"{""St Seat Tubes Mm"": ""400"", ""Tt Top Tubes Mm"": ""556"", ""Cs Chain Stays Mm"": ""435"", ""Hta Head Tube Angles Deg"": ""64.5"", ""Sta Seat Tube Angle Deg"": ""78.5"", ""Bd Bottom Bracket Drops Mm"": ""12"", ""Ht Head Tube Lengths Mm"": ""110"", ""Fl Fork Lengths Mm"": ""600"", ""R Reachs Mm"": ""415"", ""S Stacks Mm"": ""652"", ""Wb Wheel Base Mm"": ""1195"", ""Str Stack To Reach Ratio Pc"": ""1.57""}",,,https://www.merida-bikes.com/es-es/bike/6476/eone-eighty-700,https://www.merida-bikes.com/es-es/bike/6476/eone-eighty-700,html,2026-10-05
Merida,eONE-EIGHTY [5d359000],eONE-EIGHTY 500,2027,emtb,"29/27.5""",,,,,,,652,415,"{""St Seat Tubes Mm"": ""400"", ""Tt Top Tubes Mm"": ""556"", ""Cs Chain Stays Mm"": ""435"", ""Hta Head Tube Angles Deg"": ""64.5"", ""Sta Seat Tube Angle Deg"": ""78.5"", ""Bd Bottom Bracket Drops Mm"": ""12"", ""Ht Head Tube Lengths Mm"": ""110"", ""Fl Fork Lengths Mm"": ""600"", ""R Reachs Mm"": ""415"", ""S Stacks Mm"": ""652"", ""Wb Wheel Base Mm"": ""1195"", ""Str Stack To Reach Ratio Pc"": ""1.57""}",,,https://www.merida-bikes.com/es-es/bike/6478/eone-eighty-500,https://www.merida-bikes.com/es-es/bike/6478/eone-eighty-500,html,2026-10-05
Merida,eBIG.NINE 400 [e8ed7138],eBIG.NINE 400,2027,emtb,S,S,,,,,,636,411,"{""Tamaño de rueda"": ""29\"""", ""St Seat Tubes Mm"": ""380"", ""Tt Top Tubes Mm"": ""588"", ""Cs Chain Stays Mm"": ""465"", ""Hta Head Tube Angles Deg"": ""67.5"", ""Sta Seat Tube Angle Deg"": ""74.5"", ""Bd Bottom Bracket Drops Mm"": ""62.5"", ""Ht Head Tube Lengths Mm"": ""115"", ""Fl Fork Lengths Mm"": ""527"", ""R Reachs Mm"": ""411"", ""S Stacks Mm"": ""636"", ""Wb Wheel Base Mm"": ""1165"", ""Sh Stand Over Height Mm"": ""719""}",,,https://www.merida-bikes.com/es-es/bike/6449/ebignine-400,https://www.merida-bikes.com/es-es/bike/6449/ebignine-400,html,2026-10-05
Merida,eBIG.NINE 400 [e8ed7138],eBIG.NINE 400,2027,emtb,M,M,,,,,,640,427,"{""Tamaño de rueda"": ""29\"""", ""St Seat Tubes Mm"": ""430"", ""Tt Top Tubes Mm"": ""605"", ""Cs Chain Stays Mm"": ""465"", ""Hta Head Tube Angles Deg"": ""67.5"", ""Sta Seat Tube Angle Deg"": ""74.5"", ""Bd Bottom Bracket Drops Mm"": ""62.5"", ""Ht Head Tube Lengths Mm"": ""120"", ""Fl Fork Lengths Mm"": ""527"", ""R Reachs Mm"": ""427"", ""S Stacks Mm"": ""640"", ""Wb Wheel Base Mm"": ""1183"", ""Sh Stand Over Height Mm"": ""750""}",,,https://www.merida-bikes.com/es-es/bike/6449/ebignine-400,https://www.merida-bikes.com/es-es/bike/6449/ebignine-400,html,2026-10-05
Merida,eBIG.NINE 400 [e8ed7138],eBIG.NINE 400,2027,emtb,L,L,,,,,,650,445,"{""Tamaño de rueda"": ""29\"""", ""St Seat Tubes Mm"": ""480"", ""Tt Top Tubes Mm"": ""625"", ""Cs Chain Stays Mm"": ""465"", ""Hta Head Tube Angles Deg"": ""67.5"", ""Sta Seat Tube Angle Deg"": ""74.5"", ""Bd Bottom Bracket Drops Mm"": ""62.5"", ""Ht Head Tube Lengths Mm"": ""130"", ""Fl Fork Lengths Mm"": ""527"", ""R Reachs Mm"": ""445"", ""S Stacks Mm"": ""650"", ""Wb Wheel Base Mm"": ""1204"", ""Sh Stand Over Height Mm"": ""794""}",,,https://www.merida-bikes.com/es-es/bike/6449/ebignine-400,https://www.merida-bikes.com/es-es/bike/6449/ebignine-400,html,2026-10-05
Merida,eBIG.NINE 400 [e8ed7138],eBIG.NINE 400,2027,emtb,XL,XL,,,,,,659,462,"{""Tamaño de rueda"": ""29\"""", ""St Seat Tubes Mm"": ""530"", ""Tt Top Tubes Mm"": ""645"", ""Cs Chain Stays Mm"": ""465"", ""Hta Head Tube Angles Deg"": ""67.5"", ""Sta Seat Tube Angle Deg"": ""74.5"", ""Bd Bottom Bracket Drops Mm"": ""62.5"", ""Ht Head Tube Lengths Mm"": ""140"", ""Fl Fork Lengths Mm"": ""527"", ""R Reachs Mm"": ""462"", ""S Stacks Mm"": ""659"", ""Wb Wheel Base Mm"": ""1225"", ""Sh Stand Over Height Mm"": ""835""}",,,https://www.merida-bikes.com/es-es/bike/6449/ebignine-400,https://www.merida-bikes.com/es-es/bike/6449/ebignine-400,html,2026-10-05
Merida,ONE-SIXTY 700 [1b2c5f0b],ONE-SIXTY 700,2027,mtb,"29/27.5""",,,,,,,615,415,"{""St Seat Tubes Mm"": ""400"", ""Tt Top Tubes Mm"": ""535"", ""Cs Chain Stays Mm"": ""434"", ""Hta Head Tube Angles Deg"": ""64"", ""Sta Seat Tube Angle Deg"": ""79"", ""Bd Bottom Bracket Drops Mm"": ""7"", ""Ht Head Tube Lengths Mm"": ""95"", ""Fl Fork Lengths Mm"": ""581"", ""R Reachs Mm"": ""415"", ""S Stacks Mm"": ""615"", ""Wb Wheel Base Mm"": ""1188"", ""Sh Stand Over Height Mm"": ""735""}",,,https://www.merida-bikes.com/es-es/bike/6520/one-sixty-700,https://www.merida-bikes.com/es-es/bike/6520/one-sixty-700,html,2026-10-05
Merida,ONE-SIXTY 700 [1b2c5f0b],ONE-SIXTY 700,2027,mtb,"29""",,,,,,,625,498,"{""St Seat Tubes Mm"": ""445"", ""Tt Top Tubes Mm"": ""621"", ""Cs Chain Stays Mm"": ""437.5"", ""Hta Head Tube Angles Deg"": ""64"", ""Sta Seat Tube Angle Deg"": ""79"", ""Bd Bottom Bracket Drops Mm"": ""27.5"", ""Ht Head Tube Lengths Mm"": ""105"", ""Fl Fork Lengths Mm"": ""581"", ""R Reachs Mm"": ""498"", ""S Stacks Mm"": ""625"", ""Wb Wheel Base Mm"": ""1275"", ""Sh Stand Over Height Mm"": ""740""}",,,https://www.merida-bikes.com/es-es/bike/6520/one-sixty-700,https://www.merida-bikes.com/es-es/bike/6520/one-sixty-700,html,2026-10-05
Merida,NINETY-SIX 6000 [3c360eaf],NINETY-SIX 6000,2024,mtb,M,M,,,,,,595,440,"{""Tamaño de rueda"": ""29\"""", ""St Seat Tubes Mm"": ""440"", ""Tt Top Tubes Mm"": ""601"", ""Cs Chain Stays Mm"": ""435"", ""Hta Head Tube Angles Deg"": ""67"", ""Sta Seat Tube Angle Deg"": ""75"", ""Bd Bottom Bracket Drops Mm"": ""36"", ""Ht Head Tube Lengths Mm"": ""95"", ""Fl Fork Lengths Mm"": ""530"", ""R Reachs Mm"": ""440"", ""S Stacks Mm"": ""595"", ""Wb Wheel Base Mm"": ""1156"", ""Sh Stand Over Height Mm"": ""741""}",,,https://www.merida-bikes.com/es-es/bike/4073/ninety-six-6000,https://www.merida-bikes.com/es-es/bike/4073/ninety-six-6000,html,2026-10-05
Merida,NINETY-SIX 6000 [3c360eaf],NINETY-SIX 6000,2024,mtb,L,L,,,,,,605,460,"{""Tamaño de rueda"": ""29\"""", ""St Seat Tubes Mm"": ""470"", ""Tt Top Tubes Mm"": ""624"", ""Cs Chain Stays Mm"": ""435"", ""Hta Head Tube Angles Deg"": ""67"", ""Sta Seat Tube Angle Deg"": ""75"", ""Bd Bottom Bracket Drops Mm"": ""36"", ""Ht Head Tube Lengths Mm"": ""105"", ""Fl Fork Lengths Mm"": ""530"", ""R Reachs Mm"": ""460"", ""S Stacks Mm"": ""605"", ""Wb Wheel Base Mm"": ""1180"", ""Sh Stand Over Height Mm"": ""747""}",,,https://www.merida-bikes.com/es-es/bike/4073/ninety-six-6000,https://www.merida-bikes.com/es-es/bike/4073/ninety-six-6000,html,2026-10-05
Merida,BIG.NINE [4b3dc6d7],BIG.NINE 10k,2027,mtb,S,S,,,,,,606,432,"{""Tamaño de rueda"": ""29\"""", ""St Seat Tubes Mm"": ""380"", ""Tt Top Tubes Mm"": ""591"", ""Cs Chain Stays Mm"": ""430"", ""Hta Head Tube Angles Deg"": ""68"", ""Sta Seat Tube Angle Deg"": ""75.3"", ""Bd Bottom Bracket Drops Mm"": ""65"", ""Ht Head Tube Lengths Mm"": ""95"", ""Fl Fork Lengths Mm"": ""506"", ""R Reachs Mm"": ""432"", ""S Stacks Mm"": ""606"", ""Wb Wheel Base Mm"": ""1123"", ""Sh Stand Over Height Mm"": ""704""}",,,https://www.merida-bikes.com/es-es/bike/6533/bignine-10k,https://www.merida-bikes.com/es-es/bike/6533/bignine-10k,html,2026-10-05
Merida,BIG.NINE [4b3dc6d7],BIG.NINE 10k,2027,mtb,M,M,,,,,,606,452,"{""Tamaño de rueda"": ""29\"""", ""St Seat Tubes Mm"": ""410"", ""Tt Top Tubes Mm"": ""611"", ""Cs Chain Stays Mm"": ""433"", ""Hta Head Tube Angles Deg"": ""68"", ""Sta Seat Tube Angle Deg"": ""75.3"", ""Bd Bottom Bracket Drops Mm"": ""65"", ""Ht Head Tube Lengths Mm"": ""95"", ""Fl Fork Lengths Mm"": ""506"", ""R Reachs Mm"": ""452"", ""S Stacks Mm"": ""606"", ""Wb Wheel Base Mm"": ""1146"", ""Sh Stand Over Height Mm"": ""704""}",,,https://www.merida-bikes.com/es-es/bike/6533/bignine-10k,https://www.merida-bikes.com/es-es/bike/6533/bignine-10k,html,2026-10-05
Merida,BIG.NINE [4b3dc6d7],BIG.NINE 10k,2027,mtb,L,L,,,,,,615,472,"{""Tamaño de rueda"": ""29\"""", ""St Seat Tubes Mm"": ""440"", ""Tt Top Tubes Mm"": ""633"", ""Cs Chain Stays Mm"": ""436"", ""Hta Head Tube Angles Deg"": ""68"", ""Sta Seat Tube Angle Deg"": ""75.3"", ""Bd Bottom Bracket Drops Mm"": ""65"", ""Ht Head Tube Lengths Mm"": ""105"", ""Fl Fork Lengths Mm"": ""506"", ""R Reachs Mm"": ""472"", ""S Stacks Mm"": ""615"", ""Wb Wheel Base Mm"": ""1173"", ""Sh Stand Over Height Mm"": ""710""}",,,https://www.merida-bikes.com/es-es/bike/6533/bignine-10k,https://www.merida-bikes.com/es-es/bike/6533/bignine-10k,html,2026-10-05
Merida,BIG.NINE [4b3dc6d7],BIG.NINE XT,2027,mtb,S,S,,,,,,606,432,"{""Tamaño de rueda"": ""29\"""", ""St Seat Tubes Mm"": ""380"", ""Tt Top Tubes Mm"": ""591"", ""Cs Chain Stays Mm"": ""430"", ""Hta Head Tube Angles Deg"": ""68"", ""Sta Seat Tube Angle Deg"": ""75.3"", ""Bd Bottom Bracket Drops Mm"": ""65"", ""Ht Head Tube Lengths Mm"": ""95"", ""Fl Fork Lengths Mm"": ""506"", ""R Reachs Mm"": ""432"", ""S Stacks Mm"": ""606"", ""Wb Wheel Base Mm"": ""1123"", ""Sh Stand Over Height Mm"": ""704""}",,,https://www.merida-bikes.com/es-es/bike/6535/bignine-xt,https://www.merida-bikes.com/es-es/bike/6535/bignine-xt,html,2026-10-05
Merida,BIG.NINE [4b3dc6d7],BIG.NINE XT,2027,mtb,M,M,,,,,,606,452,"{""Tamaño de rueda"": ""29\"""", ""St Seat Tubes Mm"": ""410"", ""Tt Top Tubes Mm"": ""611"", ""Cs Chain Stays Mm"": ""433"", ""Hta Head Tube Angles Deg"": ""68"", ""Sta Seat Tube Angle Deg"": ""75.3"", ""Bd Bottom Bracket Drops Mm"": ""65"", ""Ht Head Tube Lengths Mm"": ""95"", ""Fl Fork Lengths Mm"": ""506"", ""R Reachs Mm"": ""452"", ""S Stacks Mm"": ""606"", ""Wb Wheel Base Mm"": ""1146"", ""Sh Stand Over Height Mm"": ""704""}",,,https://www.merida-bikes.com/es-es/bike/6535/bignine-xt,https://www.merida-bikes.com/es-es/bike/6535/bignine-xt,html,2026-10-05
Merida,BIG.NINE [4b3dc6d7],BIG.NINE XT,2027,mtb,L,L,,,,,,615,472,"{""Tamaño de rueda"": ""29\"""", ""St Seat Tubes Mm"": ""440"", ""Tt Top Tubes Mm"": ""633"", ""Cs Chain Stays Mm"": ""436"", ""Hta Head Tube Angles Deg"": ""68"", ""Sta Seat Tube Angle Deg"": ""75.3"", ""Bd Bottom Bracket Drops Mm"": ""65"", ""Ht Head Tube Lengths Mm"": ""105"", ""Fl Fork Lengths Mm"": ""506"", ""R Reachs Mm"": ""472"", ""S Stacks Mm"": ""615"", ""Wb Wheel Base Mm"": ""1173"", ""Sh Stand Over Height Mm"": ""710""}",,,https://www.merida-bikes.com/es-es/bike/6535/bignine-xt,https://www.merida-bikes.com/es-es/bike/6535/bignine-xt,html,2026-10-05
Merida,BIG.NINE 7000 [9af3726f],BIG.NINE 7000,2027,mtb,S,S,,,,,,606,432,"{""Tamaño de rueda"": ""29\"""", ""St Seat Tubes Mm"": ""380"", ""Tt Top Tubes Mm"": ""591"", ""Cs Chain Stays Mm"": ""430"", ""Hta Head Tube Angles Deg"": ""68"", ""Sta Seat Tube Angle Deg"": ""75.3"", ""Bd Bottom Bracket Drops Mm"": ""65"", ""Ht Head Tube Lengths Mm"": ""95"", ""Fl Fork Lengths Mm"": ""506"", ""R Reachs Mm"": ""432"", ""S Stacks Mm"": ""606"", ""Wb Wheel Base Mm"": ""1123"", ""Sh Stand Over Height Mm"": ""704""}",,,https://www.merida-bikes.com/es-es/bike/6536/bignine-7000,https://www.merida-bikes.com/es-es/bike/6536/bignine-7000,html,2026-10-05
Merida,BIG.NINE 7000 [9af3726f],BIG.NINE 7000,2027,mtb,M,M,,,,,,606,452,"{""Tamaño de rueda"": ""29\"""", ""St Seat Tubes Mm"": ""410"", ""Tt Top Tubes Mm"": ""611"", ""Cs Chain Stays Mm"": ""433"", ""Hta Head Tube Angles Deg"": ""68"", ""Sta Seat Tube Angle Deg"": ""75.3"", ""Bd Bottom Bracket Drops Mm"": ""65"", ""Ht Head Tube Lengths Mm"": ""95"", ""Fl Fork Lengths Mm"": ""506"", ""R Reachs Mm"": ""452"", ""S Stacks Mm"": ""606"", ""Wb Wheel Base Mm"": ""1146"", ""Sh Stand Over Height Mm"": ""704""}",,,https://www.merida-bikes.com/es-es/bike/6536/bignine-7000,https://www.merida-bikes.com/es-es/bike/6536/bignine-7000,html,2026-10-05
Merida,BIG.NINE 7000 [9af3726f],BIG.NINE 7000,2027,mtb,L,L,,,,,,615,472,"{""Tamaño de rueda"": ""29\"""", ""St Seat Tubes Mm"": ""440"", ""Tt Top Tubes Mm"": ""633"", ""Cs Chain Stays Mm"": ""436"", ""Hta Head Tube Angles Deg"": ""68"", ""Sta Seat Tube Angle Deg"": ""75.3"", ""Bd Bottom Bracket Drops Mm"": ""65"", ""Ht Head Tube Lengths Mm"": ""105"", ""Fl Fork Lengths Mm"": ""506"", ""R Reachs Mm"": ""472"", ""S Stacks Mm"": ""615"", ""Wb Wheel Base Mm"": ""1173"", ""Sh Stand Over Height Mm"": ""710""}",,,https://www.merida-bikes.com/es-es/bike/6536/bignine-7000,https://www.merida-bikes.com/es-es/bike/6536/bignine-7000,html,2026-10-05
Merida,BIG.NINE 7000 [9af3726f],BIG.NINE 7000,2027,mtb,XL,XL,,,,,,624,492,"{""Tamaño de rueda"": ""29\"""", ""St Seat Tubes Mm"": ""470"", ""Tt Top Tubes Mm"": ""655"", ""Cs Chain Stays Mm"": ""439"", ""Hta Head Tube Angles Deg"": ""68"", ""Sta Seat Tube Angle Deg"": ""75.3"", ""Bd Bottom Bracket Drops Mm"": ""65"", ""Ht Head Tube Lengths Mm"": ""115"", ""Fl Fork Lengths Mm"": ""506"", ""R Reachs Mm"": ""492"", ""S Stacks Mm"": ""624"", ""Wb Wheel Base Mm"": ""1199"", ""Sh Stand Over Height Mm"": ""731""}",,,https://www.merida-bikes.com/es-es/bike/6536/bignine-7000,https://www.merida-bikes.com/es-es/bike/6536/bignine-7000,html,2026-10-05
Merida,BIG.NINE 3000 [20b6c892],BIG.NINE 3000,2027,mtb,S,S,,,,,,606,432,"{""Tamaño de rueda"": ""29\"""", ""St Seat Tubes Mm"": ""380"", ""Tt Top Tubes Mm"": ""591"", ""Cs Chain Stays Mm"": ""430"", ""Hta Head Tube Angles Deg"": ""68"", ""Sta Seat Tube Angle Deg"": ""75.3"", ""Bd Bottom Bracket Drops Mm"": ""65"", ""Ht Head Tube Lengths Mm"": ""95"", ""Fl Fork Lengths Mm"": ""506"", ""R Reachs Mm"": ""432"", ""S Stacks Mm"": ""606"", ""Wb Wheel Base Mm"": ""1123"", ""Sh Stand Over Height Mm"": ""704""}",,,https://www.merida-bikes.com/es-es/bike/6538/bignine-3000,https://www.merida-bikes.com/es-es/bike/6538/bignine-3000,html,2026-10-05
Merida,BIG.NINE 3000 [20b6c892],BIG.NINE 3000,2027,mtb,M,M,,,,,,606,452,"{""Tamaño de rueda"": ""29\"""", ""St Seat Tubes Mm"": ""410"", ""Tt Top Tubes Mm"": ""611"", ""Cs Chain Stays Mm"": ""433"", ""Hta Head Tube Angles Deg"": ""68"", ""Sta Seat Tube Angle Deg"": ""75.3"", ""Bd Bottom Bracket Drops Mm"": ""65"", ""Ht Head Tube Lengths Mm"": ""95"", ""Fl Fork Lengths Mm"": ""506"", ""R Reachs Mm"": ""452"", ""S Stacks Mm"": ""606"", ""Wb Wheel Base Mm"": ""1146"", ""Sh Stand Over Height Mm"": ""704""}",,,https://www.merida-bikes.com/es-es/bike/6538/bignine-3000,https://www.merida-bikes.com/es-es/bike/6538/bignine-3000,html,2026-10-05
Merida,BIG.NINE 3000 [20b6c892],BIG.NINE 3000,2027,mtb,L,L,,,,,,615,472,"{""Tamaño de rueda"": ""29\"""", ""St Seat Tubes Mm"": ""440"", ""Tt Top Tubes Mm"": ""633"", ""Cs Chain Stays Mm"": ""436"", ""Hta Head Tube Angles Deg"": ""68"", ""Sta Seat Tube Angle Deg"": ""75.3"", ""Bd Bottom Bracket Drops Mm"": ""65"", ""Ht Head Tube Lengths Mm"": ""105"", ""Fl Fork Lengths Mm"": ""506"", ""R Reachs Mm"": ""472"", ""S Stacks Mm"": ""615"", ""Wb Wheel Base Mm"": ""1173"", ""Sh Stand Over Height Mm"": ""710""}",,,https://www.merida-bikes.com/es-es/bike/6538/bignine-3000,https://www.merida-bikes.com/es-es/bike/6538/bignine-3000,html,2026-10-05
Merida,BIG.NINE 3000 [20b6c892],BIG.NINE 3000,2027,mtb,XL,XL,,,,,,624,492,"{""Tamaño de rueda"": ""29\"""", ""St Seat Tubes Mm"": ""470"", ""Tt Top Tubes Mm"": ""655"", ""Cs Chain Stays Mm"": ""439"", ""Hta Head Tube Angles Deg"": ""68"", ""Sta Seat Tube Angle Deg"": ""75.3"", ""Bd Bottom Bracket Drops Mm"": ""65"", ""Ht Head Tube Lengths Mm"": ""115"", ""Fl Fork Lengths Mm"": ""506"", ""R Reachs Mm"": ""492"", ""S Stacks Mm"": ""624"", ""Wb Wheel Base Mm"": ""1199"", ""Sh Stand Over Height Mm"": ""731""}",,,https://www.merida-bikes.com/es-es/bike/6538/bignine-3000,https://www.merida-bikes.com/es-es/bike/6538/bignine-3000,html,2026-10-05
Merida,BIG.NINE 3000 [20b6c892],BIG.NINE 3000,2027,mtb,XXL,XXL,,,,,,634,512,"{""Tamaño de rueda"": ""29\"""", ""St Seat Tubes Mm"": ""500"", ""Tt Top Tubes Mm"": ""678"", ""Cs Chain Stays Mm"": ""442"", ""Hta Head Tube Angles Deg"": ""68"", ""Sta Seat Tube Angle Deg"": ""75.3"", ""Bd Bottom Bracket Drops Mm"": ""65"", ""Ht Head Tube Lengths Mm"": ""125"", ""Fl Fork Lengths Mm"": ""506"", ""R Reachs Mm"": ""512"", ""S Stacks Mm"": ""634"", ""Wb Wheel Base Mm"": ""1226"", ""Sh Stand Over Height Mm"": ""752""}",,,https://www.merida-bikes.com/es-es/bike/6538/bignine-3000,https://www.merida-bikes.com/es-es/bike/6538/bignine-3000,html,2026-10-05
Merida,BIG.NINE TR 700 [a3e76f7c],BIG.NINE TR 700,2026,mtb,S,S,,,,,,614,420,"{""Tamaño de rueda"": ""29\"""", ""St Seat Tubes Mm"": ""380"", ""Tt Top Tubes Mm"": ""594"", ""Cs Chain Stays Mm"": ""430"", ""Hta Head Tube Angles Deg"": ""66.9"", ""Sta Seat Tube Angle Deg"": ""74.2"", ""Bd Bottom Bracket Drops Mm"": ""57"", ""Ht Head Tube Lengths Mm"": ""95"", ""Fl Fork Lengths Mm"": ""530"", ""R Reachs Mm"": ""420"", ""S Stacks Mm"": ""614"", ""Wb Wheel Base Mm"": ""1132"", ""Sh Stand Over Height Mm"": ""712""}",,,https://www.merida-bikes.com/es-es/bike/5772/bignine-tr-700,https://www.merida-bikes.com/es-es/bike/5772/bignine-tr-700,html,2026-10-05
Merida,BIG.NINE TR 700 [a3e76f7c],BIG.NINE TR 700,2026,mtb,M,M,,,,,,614,440,"{""Tamaño de rueda"": ""29\"""", ""St Seat Tubes Mm"": ""410"", ""Tt Top Tubes Mm"": ""614"", ""Cs Chain Stays Mm"": ""430"", ""Hta Head Tube Angles Deg"": ""66.9"", ""Sta Seat Tube Angle Deg"": ""74.2"", ""Bd Bottom Bracket Drops Mm"": ""57"", ""Ht Head Tube Lengths Mm"": ""95"", ""Fl Fork Lengths Mm"": ""530"", ""R Reachs Mm"": ""440"", ""S Stacks Mm"": ""614"", ""Wb Wheel Base Mm"": ""1152"", ""Sh Stand Over Height Mm"": ""713""}",,,https://www.merida-bikes.com/es-es/bike/5772/bignine-tr-700,https://www.merida-bikes.com/es-es/bike/5772/bignine-tr-700,html,2026-10-05
Merida,BIG.NINE TR 700 [a3e76f7c],BIG.NINE TR 700,2026,mtb,L,L,,,,,,624,460,"{""Tamaño de rueda"": ""29\"""", ""St Seat Tubes Mm"": ""440"", ""Tt Top Tubes Mm"": ""637"", ""Cs Chain Stays Mm"": ""430"", ""Hta Head Tube Angles Deg"": ""66.9"", ""Sta Seat Tube Angle Deg"": ""74.2"", ""Bd Bottom Bracket Drops Mm"": ""57"", ""Ht Head Tube Lengths Mm"": ""105"", ""Fl Fork Lengths Mm"": ""530"", ""R Reachs Mm"": ""460"", ""S Stacks Mm"": ""624"", ""Wb Wheel Base Mm"": ""1176"", ""Sh Stand Over Height Mm"": ""715""}",,,https://www.merida-bikes.com/es-es/bike/5772/bignine-tr-700,https://www.merida-bikes.com/es-es/bike/5772/bignine-tr-700,html,2026-10-05
Merida,BIG.NINE [abbfae32],BIG.NINE 400,2027,mtb,S,S,,,,,,619,390,"{""Tamaño de rueda"": ""29\"""", ""St Seat Tubes Mm"": ""370"", ""Tt Top Tubes Mm"": ""559"", ""Cs Chain Stays Mm"": ""460"", ""Hta Head Tube Angles Deg"": ""67"", ""Sta Seat Tube Angle Deg"": ""74"", ""Bd Bottom Bracket Drops Mm"": ""53"", ""Ht Head Tube Lengths Mm"": ""100"", ""Fl Fork Lengths Mm"": ""535"", ""Fo Fork Offset Mm"": ""46"", ""R Reachs Mm"": ""390"", ""S Stacks Mm"": ""619"", ""Wb Wheel Base Mm"": ""1136"", ""Sh Stand Over Height Mm"": ""694""}",,,https://www.merida-bikes.com/es-es/bike/6543/bignine-400,https://www.merida-bikes.com/es-es/bike/6543/bignine-400,html,2026-10-05
Merida,BIG.NINE [abbfae32],BIG.NINE 400,2027,mtb,M,M,,,,,,624,410,"{""Tamaño de rueda"": ""29\"""", ""St Seat Tubes Mm"": ""420"", ""Tt Top Tubes Mm"": ""581"", ""Cs Chain Stays Mm"": ""460"", ""Hta Head Tube Angles Deg"": ""67"", ""Sta Seat Tube Angle Deg"": ""74"", ""Bd Bottom Bracket Drops Mm"": ""53"", ""Ht Head Tube Lengths Mm"": ""105"", ""Fl Fork Lengths Mm"": ""535"", ""Fo Fork Offset Mm"": ""46"", ""R Reachs Mm"": ""410"", ""S Stacks Mm"": ""624"", ""Wb Wheel Base Mm"": ""1158"", ""Sh Stand Over Height Mm"": ""744""}",,,https://www.merida-bikes.com/es-es/bike/6543/bignine-400,https://www.merida-bikes.com/es-es/bike/6543/bignine-400,html,2026-10-05
Merida,BIG.NINE [abbfae32],BIG.NINE 400,2027,mtb,L,L,,,,,,633,430,"{""Tamaño de rueda"": ""29\"""", ""St Seat Tubes Mm"": ""460"", ""Tt Top Tubes Mm"": ""603"", ""Cs Chain Stays Mm"": ""460"", ""Hta Head Tube Angles Deg"": ""67"", ""Sta Seat Tube Angle Deg"": ""74"", ""Bd Bottom Bracket Drops Mm"": ""53"", ""Ht Head Tube Lengths Mm"": ""115"", ""Fl Fork Lengths Mm"": ""535"", ""Fo Fork Offset Mm"": ""46"", ""R Reachs Mm"": ""430"", ""S Stacks Mm"": ""633"", ""Wb Wheel Base Mm"": ""1182"", ""Sh Stand Over Height Mm"": ""773""}",,,https://www.merida-bikes.com/es-es/bike/6543/bignine-400,https://www.merida-bikes.com/es-es/bike/6543/bignine-400,html,2026-10-05
Merida,BIG.NINE [abbfae32],BIG.NINE 400,2027,mtb,XL,XL,,,,,,643,450,"{""Tamaño de rueda"": ""29\"""", ""St Seat Tubes Mm"": ""510"", ""Tt Top Tubes Mm"": ""630"", ""Cs Chain Stays Mm"": ""460"", ""Hta Head Tube Angles Deg"": ""67"", ""Sta Seat Tube Angle Deg"": ""74"", ""Bd Bottom Bracket Drops Mm"": ""53"", ""Ht Head Tube Lengths Mm"": ""130"", ""Fl Fork Lengths Mm"": ""535"", ""Fo Fork Offset Mm"": ""46"", ""R Reachs Mm"": ""450"", ""S Stacks Mm"": ""643"", ""Wb Wheel Base Mm"": ""1206"", ""Sh Stand Over Height Mm"": ""813""}",,,https://www.merida-bikes.com/es-es/bike/6543/bignine-400,https://www.merida-bikes.com/es-es/bike/6543/bignine-400,html,2026-10-05
Merida,BIG.NINE [abbfae32],BIG.NINE 400,2027,mtb,XXL,XXL,,,,,,652,470,"{""Tamaño de rueda"": ""29\"""", ""St Seat Tubes Mm"": ""560"", ""Tt Top Tubes Mm"": ""657"", ""Cs Chain Stays Mm"": ""460"", ""Hta Head Tube Angles Deg"": ""67"", ""Sta Seat Tube Angle Deg"": ""74"", ""Bd Bottom Bracket Drops Mm"": ""53"", ""Ht Head Tube Lengths Mm"": ""140"", ""Fl Fork Lengths Mm"": ""535"", ""Fo Fork Offset Mm"": ""46"", ""R Reachs Mm"": ""470"", ""S Stacks Mm"": ""652"", ""Wb Wheel Base Mm"": ""1229"", ""Sh Stand Over Height Mm"": ""852""}",,,https://www.merida-bikes.com/es-es/bike/6543/bignine-400,https://www.merida-bikes.com/es-es/bike/6543/bignine-400,html,2026-10-05
Merida,BIG.NINE [abbfae32],BIG.NINE 200,2027,mtb,S,S,,,,,,619,390,"{""Tamaño de rueda"": ""29\"""", ""St Seat Tubes Mm"": ""370"", ""Tt Top Tubes Mm"": ""559"", ""Cs Chain Stays Mm"": ""460"", ""Hta Head Tube Angles Deg"": ""67"", ""Sta Seat Tube Angle Deg"": ""74"", ""Bd Bottom Bracket Drops Mm"": ""53"", ""Ht Head Tube Lengths Mm"": ""100"", ""Fl Fork Lengths Mm"": ""535"", ""Fo Fork Offset Mm"": ""46"", ""R Reachs Mm"": ""390"", ""S Stacks Mm"": ""619"", ""Wb Wheel Base Mm"": ""1136"", ""Sh Stand Over Height Mm"": ""694""}",,,https://www.merida-bikes.com/es-es/bike/6545/bignine-200,https://www.merida-bikes.com/es-es/bike/6545/bignine-200,html,2026-10-05
Merida,BIG.NINE [abbfae32],BIG.NINE 200,2027,mtb,M,M,,,,,,624,410,"{""Tamaño de rueda"": ""29\"""", ""St Seat Tubes Mm"": ""420"", ""Tt Top Tubes Mm"": ""581"", ""Cs Chain Stays Mm"": ""460"", ""Hta Head Tube Angles Deg"": ""67"", ""Sta Seat Tube Angle Deg"": ""74"", ""Bd Bottom Bracket Drops Mm"": ""53"", ""Ht Head Tube Lengths Mm"": ""105"", ""Fl Fork Lengths Mm"": ""535"", ""Fo Fork Offset Mm"": ""46"", ""R Reachs Mm"": ""410"", ""S Stacks Mm"": ""624"", ""Wb Wheel Base Mm"": ""1158"", ""Sh Stand Over Height Mm"": ""744""}",,,https://www.merida-bikes.com/es-es/bike/6545/bignine-200,https://www.merida-bikes.com/es-es/bike/6545/bignine-200,html,2026-10-05
Merida,BIG.NINE [abbfae32],BIG.NINE 200,2027,mtb,L,L,,,,,,633,430,"{""Tamaño de rueda"": ""29\"""", ""St Seat Tubes Mm"": ""460"", ""Tt Top Tubes Mm"": ""603"", ""Cs Chain Stays Mm"": ""460"", ""Hta Head Tube Angles Deg"": ""67"", ""Sta Seat Tube Angle Deg"": ""74"", ""Bd Bottom Bracket Drops Mm"": ""53"", ""Ht Head Tube Lengths Mm"": ""115"", ""Fl Fork Lengths Mm"": ""535"", ""Fo Fork Offset Mm"": ""46"", ""R Reachs Mm"": ""430"", ""S Stacks Mm"": ""633"", ""Wb Wheel Base Mm"": ""1182"", ""Sh Stand Over Height Mm"": ""773""}",,,https://www.merida-bikes.com/es-es/bike/6545/bignine-200,https://www.merida-bikes.com/es-es/bike/6545/bignine-200,html,2026-10-05
Merida,BIG.NINE [abbfae32],BIG.NINE 200,2027,mtb,XL,XL,,,,,,643,450,"{""Tamaño de rueda"": ""29\"""", ""St Seat Tubes Mm"": ""510"", ""Tt Top Tubes Mm"": ""630"", ""Cs Chain Stays Mm"": ""460"", ""Hta Head Tube Angles Deg"": ""67"", ""Sta Seat Tube Angle Deg"": ""74"", ""Bd Bottom Bracket Drops Mm"": ""53"", ""Ht Head Tube Lengths Mm"": ""130"", ""Fl Fork Lengths Mm"": ""535"", ""Fo Fork Offset Mm"": ""46"", ""R Reachs Mm"": ""450"", ""S Stacks Mm"": ""643"", ""Wb Wheel Base Mm"": ""1206"", ""Sh Stand Over Height Mm"": ""813""}",,,https://www.merida-bikes.com/es-es/bike/6545/bignine-200,https://www.merida-bikes.com/es-es/bike/6545/bignine-200,html,2026-10-05
Merida,BIG.NINE [abbfae32],BIG.NINE 200,2027,mtb,XXL,XXL,,,,,,652,470,"{""Tamaño de rueda"": ""29\"""", ""St Seat Tubes Mm"": ""560"", ""Tt Top Tubes Mm"": ""657"", ""Cs Chain Stays Mm"": ""460"", ""Hta Head Tube Angles Deg"": ""67"", ""Sta Seat Tube Angle Deg"": ""74"", ""Bd Bottom Bracket Drops Mm"": ""53"", ""Ht Head Tube Lengths Mm"": ""140"", ""Fl Fork Lengths Mm"": ""535"", ""Fo Fork Offset Mm"": ""46"", ""R Reachs Mm"": ""470"", ""S Stacks Mm"": ""652"", ""Wb Wheel Base Mm"": ""1229"", ""Sh Stand Over Height Mm"": ""852""}",,,https://www.merida-bikes.com/es-es/bike/6545/bignine-200,https://www.merida-bikes.com/es-es/bike/6545/bignine-200,html,2026-10-05
Merida,BIG.NINE [abbfae32],BIG.NINE 40,2027,mtb,S,S,,,,,,619,390,"{""Tamaño de rueda"": ""29\"""", ""St Seat Tubes Mm"": ""370"", ""Tt Top Tubes Mm"": ""559"", ""Cs Chain Stays Mm"": ""460"", ""Hta Head Tube Angles Deg"": ""67"", ""Sta Seat Tube Angle Deg"": ""74"", ""Bd Bottom Bracket Drops Mm"": ""53"", ""Ht Head Tube Lengths Mm"": ""100"", ""Fl Fork Lengths Mm"": ""535"", ""Fo Fork Offset Mm"": ""46"", ""R Reachs Mm"": ""390"", ""S Stacks Mm"": ""619"", ""Wb Wheel Base Mm"": ""1136"", ""Sh Stand Over Height Mm"": ""694""}",,,https://www.merida-bikes.com/es-es/bike/6499/bignine-40,https://www.merida-bikes.com/es-es/bike/6499/bignine-40,html,2026-10-05
Merida,BIG.NINE [abbfae32],BIG.NINE 40,2027,mtb,M,M,,,,,,624,410,"{""Tamaño de rueda"": ""29\"""", ""St Seat Tubes Mm"": ""420"", ""Tt Top Tubes Mm"": ""581"", ""Cs Chain Stays Mm"": ""460"", ""Hta Head Tube Angles Deg"": ""67"", ""Sta Seat Tube Angle Deg"": ""74"", ""Bd Bottom Bracket Drops Mm"": ""53"", ""Ht Head Tube Lengths Mm"": ""105"", ""Fl Fork Lengths Mm"": ""535"", ""Fo Fork Offset Mm"": ""46"", ""R Reachs Mm"": ""410"", ""S Stacks Mm"": ""624"", ""Wb Wheel Base Mm"": ""1158"", ""Sh Stand Over Height Mm"": ""744""}",,,https://www.merida-bikes.com/es-es/bike/6499/bignine-40,https://www.merida-bikes.com/es-es/bike/6499/bignine-40,html,2026-10-05
Merida,BIG.NINE [abbfae32],BIG.NINE 40,2027,mtb,L,L,,,,,,633,430,"{""Tamaño de rueda"": ""29\"""", ""St Seat Tubes Mm"": ""460"", ""Tt Top Tubes Mm"": ""603"", ""Cs Chain Stays Mm"": ""460"", ""Hta Head Tube Angles Deg"": ""67"", ""Sta Seat Tube Angle Deg"": ""74"", ""Bd Bottom Bracket Drops Mm"": ""53"", ""Ht Head Tube Lengths Mm"": ""115"", ""Fl Fork Lengths Mm"": ""535"", ""Fo Fork Offset Mm"": ""46"", ""R Reachs Mm"": ""430"", ""S Stacks Mm"": ""633"", ""Wb Wheel Base Mm"": ""1182"", ""Sh Stand Over Height Mm"": ""773""}",,,https://www.merida-bikes.com/es-es/bike/6499/bignine-40,https://www.merida-bikes.com/es-es/bike/6499/bignine-40,html,2026-10-05
Merida,BIG.NINE [abbfae32],BIG.NINE 40,2027,mtb,XL,XL,,,,,,643,450,"{""Tamaño de rueda"": ""29\"""", ""St Seat Tubes Mm"": ""510"", ""Tt Top Tubes Mm"": ""630"", ""Cs Chain Stays Mm"": ""460"", ""Hta Head Tube Angles Deg"": ""67"", ""Sta Seat Tube Angle Deg"": ""74"", ""Bd Bottom Bracket Drops Mm"": ""53"", ""Ht Head Tube Lengths Mm"": ""130"", ""Fl Fork Lengths Mm"": ""535"", ""Fo Fork Offset Mm"": ""46"", ""R Reachs Mm"": ""450"", ""S Stacks Mm"": ""643"", ""Wb Wheel Base Mm"": ""1206"", ""Sh Stand Over Height Mm"": ""813""}",,,https://www.merida-bikes.com/es-es/bike/6499/bignine-40,https://www.merida-bikes.com/es-es/bike/6499/bignine-40,html,2026-10-05
Merida,BIG.NINE [abbfae32],BIG.NINE 40,2027,mtb,XXL,XXL,,,,,,652,470,"{""Tamaño de rueda"": ""29\"""", ""St Seat Tubes Mm"": ""560"", ""Tt Top Tubes Mm"": ""657"", ""Cs Chain Stays Mm"": ""460"", ""Hta Head Tube Angles Deg"": ""67"", ""Sta Seat Tube Angle Deg"": ""74"", ""Bd Bottom Bracket Drops Mm"": ""53"", ""Ht Head Tube Lengths Mm"": ""140"", ""Fl Fork Lengths Mm"": ""535"", ""Fo Fork Offset Mm"": ""46"", ""R Reachs Mm"": ""470"", ""S Stacks Mm"": ""652"", ""Wb Wheel Base Mm"": ""1229"", ""Sh Stand Over Height Mm"": ""852""}",,,https://www.merida-bikes.com/es-es/bike/6499/bignine-40,https://www.merida-bikes.com/es-es/bike/6499/bignine-40,html,2026-10-05
Merida,BIG.NINE [abbfae32],BIG.NINE 20,2027,mtb,S,S,,,,,,619,390,"{""Tamaño de rueda"": ""29\"""", ""St Seat Tubes Mm"": ""370"", ""Tt Top Tubes Mm"": ""559"", ""Cs Chain Stays Mm"": ""460"", ""Hta Head Tube Angles Deg"": ""67"", ""Sta Seat Tube Angle Deg"": ""74"", ""Bd Bottom Bracket Drops Mm"": ""53"", ""Ht Head Tube Lengths Mm"": ""100"", ""Fl Fork Lengths Mm"": ""535"", ""Fo Fork Offset Mm"": ""46"", ""R Reachs Mm"": ""390"", ""S Stacks Mm"": ""619"", ""Wb Wheel Base Mm"": ""1136"", ""Sh Stand Over Height Mm"": ""694""}",,,https://www.merida-bikes.com/es-es/bike/6500/bignine-20,https://www.merida-bikes.com/es-es/bike/6500/bignine-20,html,2026-10-05
Merida,BIG.NINE [abbfae32],BIG.NINE 20,2027,mtb,M,M,,,,,,624,410,"{""Tamaño de rueda"": ""29\"""", ""St Seat Tubes Mm"": ""420"", ""Tt Top Tubes Mm"": ""581"", ""Cs Chain Stays Mm"": ""460"", ""Hta Head Tube Angles Deg"": ""67"", ""Sta Seat Tube Angle Deg"": ""74"", ""Bd Bottom Bracket Drops Mm"": ""53"", ""Ht Head Tube Lengths Mm"": ""105"", ""Fl Fork Lengths Mm"": ""535"", ""Fo Fork Offset Mm"": ""46"", ""R Reachs Mm"": ""410"", ""S Stacks Mm"": ""624"", ""Wb Wheel Base Mm"": ""1158"", ""Sh Stand Over Height Mm"": ""744""}",,,https://www.merida-bikes.com/es-es/bike/6500/bignine-20,https://www.merida-bikes.com/es-es/bike/6500/bignine-20,html,2026-10-05
Merida,BIG.NINE [abbfae32],BIG.NINE 20,2027,mtb,L,L,,,,,,633,430,"{""Tamaño de rueda"": ""29\"""", ""St Seat Tubes Mm"": ""460"", ""Tt Top Tubes Mm"": ""603"", ""Cs Chain Stays Mm"": ""460"", ""Hta Head Tube Angles Deg"": ""67"", ""Sta Seat Tube Angle Deg"": ""74"", ""Bd Bottom Bracket Drops Mm"": ""53"", ""Ht Head Tube Lengths Mm"": ""115"", ""Fl Fork Lengths Mm"": ""535"", ""Fo Fork Offset Mm"": ""46"", ""R Reachs Mm"": ""430"", ""S Stacks Mm"": ""633"", ""Wb Wheel Base Mm"": ""1182"", ""Sh Stand Over Height Mm"": ""773""}",,,https://www.merida-bikes.com/es-es/bike/6500/bignine-20,https://www.merida-bikes.com/es-es/bike/6500/bignine-20,html,2026-10-05
Merida,BIG.NINE [abbfae32],BIG.NINE 20,2027,mtb,XL,XL,,,,,,643,450,"{""Tamaño de rueda"": ""29\"""", ""St Seat Tubes Mm"": ""510"", ""Tt Top Tubes Mm"": ""630"", ""Cs Chain Stays Mm"": ""460"", ""Hta Head Tube Angles Deg"": ""67"", ""Sta Seat Tube Angle Deg"": ""74"", ""Bd Bottom Bracket Drops Mm"": ""53"", ""Ht Head Tube Lengths Mm"": ""130"", ""Fl Fork Lengths Mm"": ""535"", ""Fo Fork Offset Mm"": ""46"", ""R Reachs Mm"": ""450"", ""S Stacks Mm"": ""643"", ""Wb Wheel Base Mm"": ""1206"", ""Sh Stand Over Height Mm"": ""813""}",,,https://www.merida-bikes.com/es-es/bike/6500/bignine-20,https://www.merida-bikes.com/es-es/bike/6500/bignine-20,html,2026-10-05
Merida,BIG.NINE [abbfae32],BIG.NINE 20,2027,mtb,XXL,XXL,,,,,,652,470,"{""Tamaño de rueda"": ""29\"""", ""St Seat Tubes Mm"": ""560"", ""Tt Top Tubes Mm"": ""657"", ""Cs Chain Stays Mm"": ""460"", ""Hta Head Tube Angles Deg"": ""67"", ""Sta Seat Tube Angle Deg"": ""74"", ""Bd Bottom Bracket Drops Mm"": ""53"", ""Ht Head Tube Lengths Mm"": ""140"", ""Fl Fork Lengths Mm"": ""535"", ""Fo Fork Offset Mm"": ""46"", ""R Reachs Mm"": ""470"", ""S Stacks Mm"": ""652"", ""Wb Wheel Base Mm"": ""1229"", ""Sh Stand Over Height Mm"": ""852""}",,,https://www.merida-bikes.com/es-es/bike/6500/bignine-20,https://www.merida-bikes.com/es-es/bike/6500/bignine-20,html,2026-10-05
Merida,BIG.SEVEN 20 [61112dec],BIG.SEVEN 20,2027,mtb,XXS,XXS,,,,,,582,350,"{""Tamaño de rueda"": ""27.5\"""", ""St Seat Tubes Mm"": ""320"", ""Tt Top Tubes Mm"": ""516"", ""Cs Chain Stays Mm"": ""442"", ""Hta Head Tube Angles Deg"": ""67"", ""Sta Seat Tube Angle Deg"": ""74"", ""Bd Bottom Bracket Drops Mm"": ""37"", ""Ht Head Tube Lengths Mm"": ""95"", ""Fl Fork Lengths Mm"": ""515"", ""Fo Fork Offset Mm"": ""42"", ""R Reachs Mm"": ""350"", ""S Stacks Mm"": ""582"", ""Wb Wheel Base Mm"": ""1067"", ""Sh Stand Over Height Mm"": ""651""}",,,https://www.merida-bikes.com/es-es/bike/6505/bigseven-20,https://www.merida-bikes.com/es-es/bike/6505/bigseven-20,html,2026-10-05
Merida,BIG.SEVEN 20 [61112dec],BIG.SEVEN 20,2027,mtb,XS,XS,,,,,,592,370,"{""Tamaño de rueda"": ""27.5\"""", ""St Seat Tubes Mm"": ""340"", ""Tt Top Tubes Mm"": ""539"", ""Cs Chain Stays Mm"": ""442"", ""Hta Head Tube Angles Deg"": ""67"", ""Sta Seat Tube Angle Deg"": ""74"", ""Bd Bottom Bracket Drops Mm"": ""37"", ""Ht Head Tube Lengths Mm"": ""105"", ""Fl Fork Lengths Mm"": ""515"", ""Fo Fork Offset Mm"": ""42"", ""R Reachs Mm"": ""370"", ""S Stacks Mm"": ""592"", ""Wb Wheel Base Mm"": ""1091"", ""Sh Stand Over Height Mm"": ""671""}",,,https://www.merida-bikes.com/es-es/bike/6505/bigseven-20,https://www.merida-bikes.com/es-es/bike/6505/bigseven-20,html,2026-10-05
Merida,BIG.SEVEN 20 [61112dec],BIG.SEVEN 20,2027,mtb,S,S,,,,,,601,390,"{""Tamaño de rueda"": ""27.5\"""", ""St Seat Tubes Mm"": ""365"", ""Tt Top Tubes Mm"": ""561"", ""Cs Chain Stays Mm"": ""442"", ""Hta Head Tube Angles Deg"": ""67"", ""Sta Seat Tube Angle Deg"": ""74"", ""Bd Bottom Bracket Drops Mm"": ""37"", ""Ht Head Tube Lengths Mm"": ""115"", ""Fl Fork Lengths Mm"": ""515"", ""Fo Fork Offset Mm"": ""42"", ""R Reachs Mm"": ""390"", ""S Stacks Mm"": ""601"", ""Wb Wheel Base Mm"": ""1114"", ""Sh Stand Over Height Mm"": ""694""}",,,https://www.merida-bikes.com/es-es/bike/6505/bigseven-20,https://www.merida-bikes.com/es-es/bike/6505/bigseven-20,html,2026-10-05
Merida,NINETY-SIX [33ba681d],NINETY-SIX 9000,2027,mtb,S,S,,,,,,595,420,"{""Tamaño de rueda"": ""29\"""", ""St Seat Tubes Mm"": ""400"", ""Tt Top Tubes Mm"": ""581"", ""Cs Chain Stays Mm"": ""435"", ""Hta Head Tube Angles Deg"": ""67"", ""Sta Seat Tube Angle Deg"": ""75"", ""Bd Bottom Bracket Drops Mm"": ""36"", ""Ht Head Tube Lengths Mm"": ""95"", ""Fl Fork Lengths Mm"": ""530"", ""R Reachs Mm"": ""420"", ""S Stacks Mm"": ""595"", ""Wb Wheel Base Mm"": ""1136"", ""Sh Stand Over Height Mm"": ""740""}",,,https://www.merida-bikes.com/es-es/bike/6529/ninety-six-9000,https://www.merida-bikes.com/es-es/bike/6529/ninety-six-9000,html,2026-10-05
Merida,NINETY-SIX [33ba681d],NINETY-SIX 9000,2027,mtb,M,M,,,,,,595,440,"{""Tamaño de rueda"": ""29\"""", ""St Seat Tubes Mm"": ""440"", ""Tt Top Tubes Mm"": ""601"", ""Cs Chain Stays Mm"": ""435"", ""Hta Head Tube Angles Deg"": ""67"", ""Sta Seat Tube Angle Deg"": ""75"", ""Bd Bottom Bracket Drops Mm"": ""36"", ""Ht Head Tube Lengths Mm"": ""95"", ""Fl Fork Lengths Mm"": ""530"", ""R Reachs Mm"": ""440"", ""S Stacks Mm"": ""595"", ""Wb Wheel Base Mm"": ""1156"", ""Sh Stand Over Height Mm"": ""741""}",,,https://www.merida-bikes.com/es-es/bike/6529/ninety-six-9000,https://www.merida-bikes.com/es-es/bike/6529/ninety-six-9000,html,2026-10-05
Merida,NINETY-SIX [33ba681d],NINETY-SIX 9000,2027,mtb,L,L,,,,,,605,460,"{""Tamaño de rueda"": ""29\"""", ""St Seat Tubes Mm"": ""470"", ""Tt Top Tubes Mm"": ""624"", ""Cs Chain Stays Mm"": ""435"", ""Hta Head Tube Angles Deg"": ""67"", ""Sta Seat Tube Angle Deg"": ""75"", ""Bd Bottom Bracket Drops Mm"": ""36"", ""Ht Head Tube Lengths Mm"": ""105"", ""Fl Fork Lengths Mm"": ""530"", ""R Reachs Mm"": ""460"", ""S Stacks Mm"": ""605"", ""Wb Wheel Base Mm"": ""1180"", ""Sh Stand Over Height Mm"": ""747""}",,,https://www.merida-bikes.com/es-es/bike/6529/ninety-six-9000,https://www.merida-bikes.com/es-es/bike/6529/ninety-six-9000,html,2026-10-05
Merida,NINETY-SIX [33ba681d],NINETY-SIX 9000,2027,mtb,XL,XL,,,,,,614,480,"{""Tamaño de rueda"": ""29\"""", ""St Seat Tubes Mm"": ""500"", ""Tt Top Tubes Mm"": ""648"", ""Cs Chain Stays Mm"": ""435"", ""Hta Head Tube Angles Deg"": ""67"", ""Sta Seat Tube Angle Deg"": ""74.5"", ""Bd Bottom Bracket Drops Mm"": ""36"", ""Ht Head Tube Lengths Mm"": ""115"", ""Fl Fork Lengths Mm"": ""530"", ""R Reachs Mm"": ""480"", ""S Stacks Mm"": ""614"", ""Wb Wheel Base Mm"": ""1203"", ""Sh Stand Over Height Mm"": ""749""}",,,https://www.merida-bikes.com/es-es/bike/6529/ninety-six-9000,https://www.merida-bikes.com/es-es/bike/6529/ninety-six-9000,html,2026-10-05
Merida,NINETY-SIX [33ba681d],NINETY-SIX XT,2027,mtb,S,S,,,,,,595,420,"{""Tamaño de rueda"": ""29\"""", ""St Seat Tubes Mm"": ""400"", ""Tt Top Tubes Mm"": ""581"", ""Cs Chain Stays Mm"": ""435"", ""Hta Head Tube Angles Deg"": ""67"", ""Sta Seat Tube Angle Deg"": ""75"", ""Bd Bottom Bracket Drops Mm"": ""36"", ""Ht Head Tube Lengths Mm"": ""95"", ""Fl Fork Lengths Mm"": ""530"", ""R Reachs Mm"": ""420"", ""S Stacks Mm"": ""595"", ""Wb Wheel Base Mm"": ""1136"", ""Sh Stand Over Height Mm"": ""740""}",,,https://www.merida-bikes.com/es-es/bike/6530/ninety-six-xt,https://www.merida-bikes.com/es-es/bike/6530/ninety-six-xt,html,2026-10-05
Merida,NINETY-SIX [33ba681d],NINETY-SIX XT,2027,mtb,M,M,,,,,,595,440,"{""Tamaño de rueda"": ""29\"""", ""St Seat Tubes Mm"": ""440"", ""Tt Top Tubes Mm"": ""601"", ""Cs Chain Stays Mm"": ""435"", ""Hta Head Tube Angles Deg"": ""67"", ""Sta Seat Tube Angle Deg"": ""75"", ""Bd Bottom Bracket Drops Mm"": ""36"", ""Ht Head Tube Lengths Mm"": ""95"", ""Fl Fork Lengths Mm"": ""530"", ""R Reachs Mm"": ""440"", ""S Stacks Mm"": ""595"", ""Wb Wheel Base Mm"": ""1156"", ""Sh Stand Over Height Mm"": ""741""}",,,https://www.merida-bikes.com/es-es/bike/6530/ninety-six-xt,https://www.merida-bikes.com/es-es/bike/6530/ninety-six-xt,html,2026-10-05
Merida,NINETY-SIX [33ba681d],NINETY-SIX XT,2027,mtb,L,L,,,,,,605,460,"{""Tamaño de rueda"": ""29\"""", ""St Seat Tubes Mm"": ""470"", ""Tt Top Tubes Mm"": ""624"", ""Cs Chain Stays Mm"": ""435"", ""Hta Head Tube Angles Deg"": ""67"", ""Sta Seat Tube Angle Deg"": ""75"", ""Bd Bottom Bracket Drops Mm"": ""36"", ""Ht Head Tube Lengths Mm"": ""105"", ""Fl Fork Lengths Mm"": ""530"", ""R Reachs Mm"": ""460"", ""S Stacks Mm"": ""605"", ""Wb Wheel Base Mm"": ""1180"", ""Sh Stand Over Height Mm"": ""747""}",,,https://www.merida-bikes.com/es-es/bike/6530/ninety-six-xt,https://www.merida-bikes.com/es-es/bike/6530/ninety-six-xt,html,2026-10-05
Merida,NINETY-SIX [33ba681d],NINETY-SIX XT,2027,mtb,XL,XL,,,,,,614,480,"{""Tamaño de rueda"": ""29\"""", ""St Seat Tubes Mm"": ""500"", ""Tt Top Tubes Mm"": ""648"", ""Cs Chain Stays Mm"": ""435"", ""Hta Head Tube Angles Deg"": ""67"", ""Sta Seat Tube Angle Deg"": ""74.5"", ""Bd Bottom Bracket Drops Mm"": ""36"", ""Ht Head Tube Lengths Mm"": ""115"", ""Fl Fork Lengths Mm"": ""530"", ""R Reachs Mm"": ""480"", ""S Stacks Mm"": ""614"", ""Wb Wheel Base Mm"": ""1203"", ""Sh Stand Over Height Mm"": ""749""}",,,https://www.merida-bikes.com/es-es/bike/6530/ninety-six-xt,https://www.merida-bikes.com/es-es/bike/6530/ninety-six-xt,html,2026-10-05
Merida,NINETY-SIX 400 [d1629ccf],NINETY-SIX 400,2027,mtb,Mid,,,,,,,605,475,"{""Tamaño de rueda"": ""29\"""", ""St Seat Tubes Mm"": ""425"", ""Cs Chain Stays Mm"": ""435"", ""Hta Head Tube Angles Deg"": ""67"", ""Sta Seat Tube Angle Deg"": ""79.5"", ""Bd Bottom Bracket Drops Mm"": ""47"", ""Ht Head Tube Lengths Mm"": ""105"", ""Fl Fork Lengths Mm"": ""520"", ""R Reachs Mm"": ""475"", ""S Stacks Mm"": ""605"", ""Wb Wheel Base Mm"": ""1193"", ""Sh Stand Over Height Mm"": ""745""}",,,https://www.merida-bikes.com/es-es/bike/6532/ninety-six-400,https://www.merida-bikes.com/es-es/bike/6532/ninety-six-400,html,2026-10-05
