brand,family,model,model_year,category,size_label,size_normalized,size_cm,height_min,height_max,height_original,height_unit,stack,reach,geometry_raw,price_eur,price_is_from,product_url,source_url,extraction_method,loaded_at
Mondraker,SUMMUM RR [7957f8a0],SUMMUM RR,,mtb,M,M,,,,,,642.6,450,"{""A Longitud tubo sillín"": ""400 mm 15.75\"""", ""B Longitud tubo superior"": ""709,63 mm 27.94\"""", ""C Caída eje pedalier"": ""5 mm 0.20\"""", ""D Altura eje pedalier"": ""350,5 mm 13.80\"""", ""E Longitud vainas"": ""455 mm 17.91\"""", ""F Ángulo tubo sillín real"": ""68º"", ""G Ángulo tubo sillín efectivo"": ""68º"", ""H Ángulo dirección"": ""62,5º"", ""I Fork Offset"": ""52 mm 2.05\"""", ""J Distancia entre ejes"": ""1285,38 mm 50.61\"""", ""K Longitud pipa"": ""120 mm 4.72\"""", ""L Reach"": ""450 mm 17.72\"""", ""M Stack"": ""642,6 mm 25.30\"""", ""N Stem Length"": ""null"", ""O Fork Height"": ""601,9 mm 23.70\""""}",8499,false,https://mondraker.com/es/es/summum-rr,https://mondraker.com/es/es/summum-rr,html,2026-10-05
Mondraker,SUMMUM RR [7957f8a0],SUMMUM RR,,mtb,L,L,,,,,,642.6,475,"{""A Longitud tubo sillín"": ""400 mm 15.75\"""", ""B Longitud tubo superior"": ""734,63 mm 28.92\"""", ""C Caída eje pedalier"": ""5 mm 0.20\"""", ""D Altura eje pedalier"": ""350,5 mm 13.80\"""", ""E Longitud vainas"": ""450 mm 17.72\"""", ""F Ángulo tubo sillín real"": ""68º"", ""G Ángulo tubo sillín efectivo"": ""68º"", ""H Ángulo dirección"": ""62,5º"", ""I Fork Offset"": ""52 mm 2.05\"""", ""J Distancia entre ejes"": ""1305,38 mm 51.39\"""", ""K Longitud pipa"": ""120 mm 4.72\"""", ""L Reach"": ""475 mm 18.70\"""", ""M Stack"": ""642,6 mm 25.30\"""", ""N Stem Length"": ""null"", ""O Fork Height"": ""601,9 mm 23.70\""""}",8499,false,https://mondraker.com/es/es/summum-rr,https://mondraker.com/es/es/summum-rr,html,2026-10-05
Mondraker,SUMMUM RR [7957f8a0],SUMMUM RR,,mtb,XL,XL,,,,,,642.6,505,"{""A Longitud tubo sillín"": ""400 mm 15.75\"""", ""B Longitud tubo superior"": ""764,63 mm 30.10\"""", ""C Caída eje pedalier"": ""5 mm 0.20\"""", ""D Altura eje pedalier"": ""350,5 mm 13.80\"""", ""E Longitud vainas"": ""450 mm 17.72\"""", ""F Ángulo tubo sillín real"": ""68º"", ""G Ángulo tubo sillín efectivo"": ""68º"", ""H Ángulo dirección"": ""62,5º"", ""I Fork Offset"": ""52 mm 2.05\"""", ""J Distancia entre ejes"": ""1335,38 mm 52.57\"""", ""K Longitud pipa"": ""120 mm 4.72\"""", ""L Reach"": ""505 mm 19.88\"""", ""M Stack"": ""642,6 mm 25.30\"""", ""N Stem Length"": ""null"", ""O Fork Height"": ""601,9 mm 23.70\""""}",8499,false,https://mondraker.com/es/es/summum-rr,https://mondraker.com/es/es/summum-rr,html,2026-10-05
Mondraker,ANARK [fb95ae28],ANARK XR,,mtb,S,S,,,,,,644,440,"{""A Longitud tubo sillín"": ""380 mm 14.96\"""", ""B Longitud tubo superior"": ""583 mm 22.95\"""", ""C Caída eje pedalier"": ""-10 mm -0.39\"""", ""D Altura eje pedalier"": ""346 mm 13.62\"""", ""E Longitud vainas"": ""445 mm 17.52\"""", ""F Ángulo tubo sillín real"": ""74°"", ""G Ángulo tubo sillín efectivo"": ""77.5°"", ""H Ángulo dirección"": ""63.5°"", ""I Fork Offset"": ""44 mm 1.73\"""", ""J Distancia entre ejes"": ""1241 mm 48.86\"""", ""K Longitud pipa"": ""110 mm 4.33\"""", ""L Reach"": ""440 mm 17.32\"""", ""M Stack"": ""644 mm 25.35\""""}",4999,false,https://mondraker.com/es/es/anark-xr1779359835,https://mondraker.com/es/es/anark-xr1779359835,html,2026-10-05
Mondraker,ANARK [fb95ae28],ANARK XR,,mtb,M,M,,,,,,644,460,"{""A Longitud tubo sillín"": ""410 mm 16.14\"""", ""B Longitud tubo superior"": ""603 mm 23.74\"""", ""C Caída eje pedalier"": ""-10 mm -0.39\"""", ""D Altura eje pedalier"": ""346 mm 13.62\"""", ""E Longitud vainas"": ""445 mm 17.52\"""", ""F Ángulo tubo sillín real"": ""74°"", ""G Ángulo tubo sillín efectivo"": ""77.5°"", ""H Ángulo dirección"": ""63.5°"", ""I Fork Offset"": ""44 mm 1.73\"""", ""J Distancia entre ejes"": ""1261 mm 49.65\"""", ""K Longitud pipa"": ""110 mm 4.33\"""", ""L Reach"": ""460 mm 18.11\"""", ""M Stack"": ""644 mm 25.35\""""}",4999,false,https://mondraker.com/es/es/anark-xr1779359835,https://mondraker.com/es/es/anark-xr1779359835,html,2026-10-05
Mondraker,ANARK [fb95ae28],ANARK XR,,mtb,ML,,,,,,,653,480,"{""A Longitud tubo sillín"": ""435 mm 17.13\"""", ""B Longitud tubo superior"": ""625 mm 24.61\"""", ""C Caída eje pedalier"": ""-10 mm -0.39\"""", ""D Altura eje pedalier"": ""346 mm 13.62\"""", ""E Longitud vainas"": ""445 mm 17.52\"""", ""F Ángulo tubo sillín real"": ""74°"", ""G Ángulo tubo sillín efectivo"": ""77.5°"", ""H Ángulo dirección"": ""63.5°"", ""I Fork Offset"": ""44 mm 1.73\"""", ""J Distancia entre ejes"": ""1285 mm 50.59\"""", ""K Longitud pipa"": ""120 mm 4.72\"""", ""L Reach"": ""480 mm 18.90\"""", ""M Stack"": ""653 mm 25.71\""""}",4999,false,https://mondraker.com/es/es/anark-xr1779359835,https://mondraker.com/es/es/anark-xr1779359835,html,2026-10-05
Mondraker,ANARK [fb95ae28],ANARK XR,,mtb,L,L,,,,,,662,500,"{""A Longitud tubo sillín"": ""460 mm 18.11\"""", ""B Longitud tubo superior"": ""647 mm 25.47\"""", ""C Caída eje pedalier"": ""-10 mm -0.39\"""", ""D Altura eje pedalier"": ""346 mm 13.62\"""", ""E Longitud vainas"": ""445 mm 17.52\"""", ""F Ángulo tubo sillín real"": ""74°"", ""G Ángulo tubo sillín efectivo"": ""77.5°"", ""H Ángulo dirección"": ""63.5°"", ""I Fork Offset"": ""44 mm 1.73\"""", ""J Distancia entre ejes"": ""1310 mm 51.57\"""", ""K Longitud pipa"": ""130 mm 5.12\"""", ""L Reach"": ""500 mm 19.69\"""", ""M Stack"": ""662 mm 26.06\""""}",4999,false,https://mondraker.com/es/es/anark-xr1779359835,https://mondraker.com/es/es/anark-xr1779359835,html,2026-10-05
Mondraker,ANARK [fb95ae28],ANARK XR,,mtb,XL,XL,,,,,,671,520,"{""A Longitud tubo sillín"": ""490 mm 19.29\"""", ""B Longitud tubo superior"": ""669 mm 26.34\"""", ""C Caída eje pedalier"": ""-10 mm -0.39\"""", ""D Altura eje pedalier"": ""346 mm 13.62\"""", ""E Longitud vainas"": ""445 mm 17.52\"""", ""F Ángulo tubo sillín real"": ""74°"", ""G Ángulo tubo sillín efectivo"": ""77.5°"", ""H Ángulo dirección"": ""63.5°"", ""I Fork Offset"": ""44 mm 1.73\"""", ""J Distancia entre ejes"": ""1334 mm 52.52\"""", ""K Longitud pipa"": ""140 mm 5.51\"""", ""L Reach"": ""520 mm 20.47\"""", ""M Stack"": ""671 mm 26.42\""""}",4999,false,https://mondraker.com/es/es/anark-xr1779359835,https://mondraker.com/es/es/anark-xr1779359835,html,2026-10-05
Mondraker,ANARK [fb95ae28],ANARK R,,mtb,S,S,,,,,,644,440,"{""A Longitud tubo sillín"": ""380 mm 14.96\"""", ""B Longitud tubo superior"": ""583 mm 22.95\"""", ""C Caída eje pedalier"": ""-10 mm -0.39\"""", ""D Altura eje pedalier"": ""346 mm 13.62\"""", ""E Longitud vainas"": ""445 mm 17.52\"""", ""F Ángulo tubo sillín real"": ""74°"", ""G Ángulo tubo sillín efectivo"": ""77.5°"", ""H Ángulo dirección"": ""63.5°"", ""I Fork Offset"": ""44 mm 1.73\"""", ""J Distancia entre ejes"": ""1241 mm 48.86\"""", ""K Longitud pipa"": ""110 mm 4.33\"""", ""L Reach"": ""440 mm 17.32\"""", ""M Stack"": ""644 mm 25.35\""""}",3999,false,https://mondraker.com/es/es/anark-r1778751368,https://mondraker.com/es/es/anark-r1778751368,html,2026-10-05
Mondraker,ANARK [fb95ae28],ANARK R,,mtb,M,M,,,,,,644,460,"{""A Longitud tubo sillín"": ""410 mm 16.14\"""", ""B Longitud tubo superior"": ""603 mm 23.74\"""", ""C Caída eje pedalier"": ""-10 mm -0.39\"""", ""D Altura eje pedalier"": ""346 mm 13.62\"""", ""E Longitud vainas"": ""445 mm 17.52\"""", ""F Ángulo tubo sillín real"": ""74°"", ""G Ángulo tubo sillín efectivo"": ""77.5°"", ""H Ángulo dirección"": ""63.5°"", ""I Fork Offset"": ""44 mm 1.73\"""", ""J Distancia entre ejes"": ""1261 mm 49.65\"""", ""K Longitud pipa"": ""110 mm 4.33\"""", ""L Reach"": ""460 mm 18.11\"""", ""M Stack"": ""644 mm 25.35\""""}",3999,false,https://mondraker.com/es/es/anark-r1778751368,https://mondraker.com/es/es/anark-r1778751368,html,2026-10-05
Mondraker,ANARK [fb95ae28],ANARK R,,mtb,ML,,,,,,,653,480,"{""A Longitud tubo sillín"": ""435 mm 17.13\"""", ""B Longitud tubo superior"": ""625 mm 24.61\"""", ""C Caída eje pedalier"": ""-10 mm -0.39\"""", ""D Altura eje pedalier"": ""346 mm 13.62\"""", ""E Longitud vainas"": ""445 mm 17.52\"""", ""F Ángulo tubo sillín real"": ""74°"", ""G Ángulo tubo sillín efectivo"": ""77.5°"", ""H Ángulo dirección"": ""63.5°"", ""I Fork Offset"": ""44 mm 1.73\"""", ""J Distancia entre ejes"": ""1285 mm 50.59\"""", ""K Longitud pipa"": ""120 mm 4.72\"""", ""L Reach"": ""480 mm 18.90\"""", ""M Stack"": ""653 mm 25.71\""""}",3999,false,https://mondraker.com/es/es/anark-r1778751368,https://mondraker.com/es/es/anark-r1778751368,html,2026-10-05
Mondraker,ANARK [fb95ae28],ANARK R,,mtb,L,L,,,,,,662,500,"{""A Longitud tubo sillín"": ""460 mm 18.11\"""", ""B Longitud tubo superior"": ""647 mm 25.47\"""", ""C Caída eje pedalier"": ""-10 mm -0.39\"""", ""D Altura eje pedalier"": ""346 mm 13.62\"""", ""E Longitud vainas"": ""445 mm 17.52\"""", ""F Ángulo tubo sillín real"": ""74°"", ""G Ángulo tubo sillín efectivo"": ""77.5°"", ""H Ángulo dirección"": ""63.5°"", ""I Fork Offset"": ""44 mm 1.73\"""", ""J Distancia entre ejes"": ""1310 mm 51.57\"""", ""K Longitud pipa"": ""130 mm 5.12\"""", ""L Reach"": ""500 mm 19.69\"""", ""M Stack"": ""662 mm 26.06\""""}",3999,false,https://mondraker.com/es/es/anark-r1778751368,https://mondraker.com/es/es/anark-r1778751368,html,2026-10-05
Mondraker,ANARK [fb95ae28],ANARK R,,mtb,XL,XL,,,,,,671,520,"{""A Longitud tubo sillín"": ""490 mm 19.29\"""", ""B Longitud tubo superior"": ""669 mm 26.34\"""", ""C Caída eje pedalier"": ""-10 mm -0.39\"""", ""D Altura eje pedalier"": ""346 mm 13.62\"""", ""E Longitud vainas"": ""445 mm 17.52\"""", ""F Ángulo tubo sillín real"": ""74°"", ""G Ángulo tubo sillín efectivo"": ""77.5°"", ""H Ángulo dirección"": ""63.5°"", ""I Fork Offset"": ""44 mm 1.73\"""", ""J Distancia entre ejes"": ""1334 mm 52.52\"""", ""K Longitud pipa"": ""140 mm 5.51\"""", ""L Reach"": ""520 mm 20.47\"""", ""M Stack"": ""671 mm 26.42\""""}",3999,false,https://mondraker.com/es/es/anark-r1778751368,https://mondraker.com/es/es/anark-r1778751368,html,2026-10-05
Mondraker,FOXY CARBON [a7a4e264],FOXY CARBON RR,,mtb,S [Std/Low],S,,,,,,615,445,"{""A Longitud tubo sillín"": ""375 mm 14.76\"""", ""B Longitud tubo superior"": ""600 mm 23.62\"""", ""C Caída eje pedalier"": ""-23mm / -28 mm -0.91\"""", ""D Altura eje pedalier"": ""350 mm / 345 mm 13.78\"""", ""E Longitud vainas"": ""435 mm / 445 mm 17.13\"""", ""F Ángulo tubo sillín real"": ""70.5° / 70°"", ""G Ángulo tubo sillín efectivo"": ""76° / 75.5°"", ""H Ángulo dirección"": ""65° / 64.5°"", ""I Fork Offset"": ""44 mm 1.73\"""", ""J Distancia entre ejes"": ""1203 mm / 1210 mm 47.36\"""", ""K Longitud pipa"": ""90 mm 3.54\"""", ""L Reach"": ""445 mm / 440 mm 17.52\"""", ""M Stack"": ""615 mm / 617 mm 24.21\""""}",8499,false,https://mondraker.com/es/es/foxy-carbon-rr68f09832861fb,https://mondraker.com/es/es/foxy-carbon-rr68f09832861fb,html,2026-10-05
Mondraker,FOXY CARBON [a7a4e264],FOXY CARBON RR,,mtb,M [Std/Low],M,,,,,,623,465,"{""A Longitud tubo sillín"": ""415 mm 16.34\"""", ""B Longitud tubo superior"": ""620 mm 24.41\"""", ""C Caída eje pedalier"": ""-23/-28 mm -0.91\"""", ""D Altura eje pedalier"": ""350 mm/345 mm 13.78\"""", ""E Longitud vainas"": ""435 mm/445 mm 17.13\"""", ""F Ángulo tubo sillín real"": ""70.5°/70°"", ""G Ángulo tubo sillín efectivo"": ""76°/75.5°"", ""H Ángulo dirección"": ""65°/64.5°"", ""I Fork Offset"": ""44 mm 1.73\"""", ""J Distancia entre ejes"": ""1227 mm/1233 mm 48.31\"""", ""K Longitud pipa"": ""100 mm 3.94\"""", ""L Reach"": ""465 mm/460 mm 18.31\"""", ""M Stack"": ""623 mm/627 mm 24.53\""""}",8499,false,https://mondraker.com/es/es/foxy-carbon-rr68f09832861fb,https://mondraker.com/es/es/foxy-carbon-rr68f09832861fb,html,2026-10-05
Mondraker,FOXY CARBON [a7a4e264],FOXY CARBON RR,,mtb,L [Std/Low],L,,,,,,637,485,"{""A Longitud tubo sillín"": ""445 mm 17.52\"""", ""B Longitud tubo superior"": ""650 mm 25.59\"""", ""C Caída eje pedalier"": ""-23mm / -28 mm -0.91\"""", ""D Altura eje pedalier"": ""350 mm / 345 mm 13.78\"""", ""E Longitud vainas"": ""435 mm / 445 mm 17.13\"""", ""F Ángulo tubo sillín real"": ""70.5° / 70°"", ""G Ángulo tubo sillín efectivo"": ""76° / 75.5°"", ""H Ángulo dirección"": ""64.5°"", ""I Fork Offset"": ""44 mm 1.73\"""", ""J Distancia entre ejes"": ""1253 mm / 1260 mm 49.33\"""", ""K Longitud pipa"": ""115 mm 4.53\"""", ""L Reach"": ""485 mm / 480 mm 19.09\"""", ""M Stack"": ""637 mm / 641 mm 25.08\""""}",8499,false,https://mondraker.com/es/es/foxy-carbon-rr68f09832861fb,https://mondraker.com/es/es/foxy-carbon-rr68f09832861fb,html,2026-10-05
Mondraker,FOXY CARBON [a7a4e264],FOXY CARBON RR,,mtb,XL [Std/Low],XL,,,,,,651,505,"{""A Longitud tubo sillín"": ""500 mm 19.69\"""", ""B Longitud tubo superior"": ""670 mm 26.38\"""", ""C Caída eje pedalier"": ""-23mm / -28 mm -0.91\"""", ""D Altura eje pedalier"": ""350 mm / 345 mm 13.78\"""", ""E Longitud vainas"": ""435 mm / 445 mm 17.13\"""", ""F Ángulo tubo sillín real"": ""70.5° / 70°"", ""G Ángulo tubo sillín efectivo"": ""76° / 75.5°"", ""H Ángulo dirección"": ""65° / 64.5°"", ""I Fork Offset"": ""44 mm 1.73\"""", ""J Distancia entre ejes"": ""1279 mm / 1286 mm 50.35\"""", ""K Longitud pipa"": ""130 mm 5.12\"""", ""L Reach"": ""505 mm / 500 mm 19.88\"""", ""M Stack"": ""651 mm / 656 mm 25.63\""""}",8499,false,https://mondraker.com/es/es/foxy-carbon-rr68f09832861fb,https://mondraker.com/es/es/foxy-carbon-rr68f09832861fb,html,2026-10-05
Mondraker,FOXY CARBON [a7a4e264],FOXY CARBON R,,mtb,S [Std/Low],S,,,,,,615,445,"{""A Longitud tubo sillín"": ""375 mm 14.76\"""", ""B Longitud tubo superior"": ""600 mm 23.62\"""", ""C Caída eje pedalier"": ""-23mm / -28 mm -0.91\"""", ""D Altura eje pedalier"": ""350 mm / 345 mm 13.78\"""", ""E Longitud vainas"": ""435 mm / 445 mm 17.13\"""", ""F Ángulo tubo sillín real"": ""70.5° / 70°"", ""G Ángulo tubo sillín efectivo"": ""76° / 75.5°"", ""H Ángulo dirección"": ""65° / 64.5°"", ""I Fork Offset"": ""44 mm 1.73\"""", ""J Distancia entre ejes"": ""1203 mm / 1210 mm 47.36\"""", ""K Longitud pipa"": ""90 mm 3.54\"""", ""L Reach"": ""445 mm / 440 mm 17.52\"""", ""M Stack"": ""615 mm / 617 mm 24.21\""""}",6399,false,https://mondraker.com/es/es/foxy-carbon-r68f0983265851,https://mondraker.com/es/es/foxy-carbon-r68f0983265851,html,2026-10-05
Mondraker,FOXY CARBON [a7a4e264],FOXY CARBON R,,mtb,M [Std/Low],M,,,,,,623,465,"{""A Longitud tubo sillín"": ""415 mm 16.34\"""", ""B Longitud tubo superior"": ""620 mm 24.41\"""", ""C Caída eje pedalier"": ""-23/-28 mm -0.91\"""", ""D Altura eje pedalier"": ""350 mm/345 mm 13.78\"""", ""E Longitud vainas"": ""435 mm/445 mm 17.13\"""", ""F Ángulo tubo sillín real"": ""70.5°/70°"", ""G Ángulo tubo sillín efectivo"": ""76°/75.5°"", ""H Ángulo dirección"": ""65°/64.5°"", ""I Fork Offset"": ""44 mm 1.73\"""", ""J Distancia entre ejes"": ""1227 mm/1233 mm 48.31\"""", ""K Longitud pipa"": ""100 mm 3.94\"""", ""L Reach"": ""465 mm/460 mm 18.31\"""", ""M Stack"": ""623 mm/627 mm 24.53\""""}",6399,false,https://mondraker.com/es/es/foxy-carbon-r68f0983265851,https://mondraker.com/es/es/foxy-carbon-r68f0983265851,html,2026-10-05
Mondraker,FOXY CARBON [a7a4e264],FOXY CARBON R,,mtb,L [Std/Low],L,,,,,,637,485,"{""A Longitud tubo sillín"": ""445 mm 17.52\"""", ""B Longitud tubo superior"": ""650 mm 25.59\"""", ""C Caída eje pedalier"": ""-23mm / -28 mm -0.91\"""", ""D Altura eje pedalier"": ""350 mm / 345 mm 13.78\"""", ""E Longitud vainas"": ""435 mm / 445 mm 17.13\"""", ""F Ángulo tubo sillín real"": ""70.5° / 70°"", ""G Ángulo tubo sillín efectivo"": ""76° / 75.5°"", ""H Ángulo dirección"": ""64.5°"", ""I Fork Offset"": ""44 mm 1.73\"""", ""J Distancia entre ejes"": ""1253 mm / 1260 mm 49.33\"""", ""K Longitud pipa"": ""115 mm 4.53\"""", ""L Reach"": ""485 mm / 480 mm 19.09\"""", ""M Stack"": ""637 mm / 641 mm 25.08\""""}",6399,false,https://mondraker.com/es/es/foxy-carbon-r68f0983265851,https://mondraker.com/es/es/foxy-carbon-r68f0983265851,html,2026-10-05
Mondraker,FOXY CARBON [a7a4e264],FOXY CARBON R,,mtb,XL [Std/Low],XL,,,,,,651,505,"{""A Longitud tubo sillín"": ""500 mm 19.69\"""", ""B Longitud tubo superior"": ""670 mm 26.38\"""", ""C Caída eje pedalier"": ""-23mm / -28 mm -0.91\"""", ""D Altura eje pedalier"": ""350 mm / 345 mm 13.78\"""", ""E Longitud vainas"": ""435 mm / 445 mm 17.13\"""", ""F Ángulo tubo sillín real"": ""70.5° / 70°"", ""G Ángulo tubo sillín efectivo"": ""76° / 75.5°"", ""H Ángulo dirección"": ""65° / 64.5°"", ""I Fork Offset"": ""44 mm 1.73\"""", ""J Distancia entre ejes"": ""1279 mm / 1286 mm 50.35\"""", ""K Longitud pipa"": ""130 mm 5.12\"""", ""L Reach"": ""505 mm / 500 mm 19.88\"""", ""M Stack"": ""651 mm / 656 mm 25.63\""""}",6399,false,https://mondraker.com/es/es/foxy-carbon-r68f0983265851,https://mondraker.com/es/es/foxy-carbon-r68f0983265851,html,2026-10-05
Mondraker,RAZE CARBON [3ab463c7],RAZE CARBON RR SL,,mtb,S,S,,,,,,608,455,"{""A Longitud tubo sillín"": ""375 mm 14.76\"""", ""B Longitud tubo superior"": ""595 mm 23.43\"""", ""C Caída eje pedalier"": ""-30 mm -1.18\"""", ""D Altura eje pedalier"": ""343 mm 13.50\"""", ""E Longitud vainas"": ""435 mm 17.13\"""", ""F Ángulo tubo sillín real"": ""71°"", ""G Ángulo tubo sillín efectivo"": ""76.5°"", ""H Ángulo dirección"": ""65.5°"", ""I Fork Offset"": ""44 mm 1.73\"""", ""J Distancia entre ejes"": ""1193 mm 46.97\"""", ""K Longitud pipa"": ""90 mm 3.54\"""", ""L Reach"": ""455 mm 17.91\"""", ""M Stack"": ""608 mm 23.94\""""}",9299,false,https://mondraker.com/es/es/raze-carbon-rr-sl,https://mondraker.com/es/es/raze-carbon-rr-sl,html,2026-10-05
Mondraker,RAZE CARBON [3ab463c7],RAZE CARBON RR SL,,mtb,M,M,,,,,,617,475,"{""A Longitud tubo sillín"": ""415 mm 16.34\"""", ""B Longitud tubo superior"": ""620 mm 24.41\"""", ""C Caída eje pedalier"": ""-30 mm -1.18\"""", ""D Altura eje pedalier"": ""343 mm 13.50\"""", ""E Longitud vainas"": ""435 mm 17.13\"""", ""F Ángulo tubo sillín real"": ""71°"", ""G Ángulo tubo sillín efectivo"": ""76.5°"", ""H Ángulo dirección"": ""65.5°"", ""I Fork Offset"": ""44 mm 1.73\"""", ""J Distancia entre ejes"": ""1217 mm 47.91\"""", ""K Longitud pipa"": ""100 mm 3.94\"""", ""L Reach"": ""475 mm 18.70\"""", ""M Stack"": ""617 mm 24.29\""""}",9299,false,https://mondraker.com/es/es/raze-carbon-rr-sl,https://mondraker.com/es/es/raze-carbon-rr-sl,html,2026-10-05
Mondraker,RAZE CARBON [3ab463c7],RAZE CARBON RR SL,,mtb,L,L,,,,,,631,495,"{""A Longitud tubo sillín"": ""445 mm 17.52\"""", ""B Longitud tubo superior"": ""645 mm 25.39\"""", ""C Caída eje pedalier"": ""-30"", ""D Altura eje pedalier"": ""343 mm 13.50\"""", ""E Longitud vainas"": ""435 mm 17.13\"""", ""F Ángulo tubo sillín real"": ""71°"", ""G Ángulo tubo sillín efectivo"": ""76.5°"", ""H Ángulo dirección"": ""65.5°"", ""I Fork Offset"": ""44 mm 1.73\"""", ""J Distancia entre ejes"": ""1243 mm 48.94\"""", ""K Longitud pipa"": ""115 mm 4.53\"""", ""L Reach"": ""495 mm 19.49\"""", ""M Stack"": ""631 mm 24.84\""""}",9299,false,https://mondraker.com/es/es/raze-carbon-rr-sl,https://mondraker.com/es/es/raze-carbon-rr-sl,html,2026-10-05
Mondraker,RAZE CARBON [3ab463c7],RAZE CARBON RR SL,,mtb,XL,XL,,,,,,645,515,"{""A Longitud tubo sillín"": ""500 mm 19.69\"""", ""B Longitud tubo superior"": ""670 mm 26.38\"""", ""C Caída eje pedalier"": ""-30 mm -1.18\"""", ""D Altura eje pedalier"": ""343 mm 13.50\"""", ""E Longitud vainas"": ""435 mm 17.13\"""", ""F Ángulo tubo sillín real"": ""71°"", ""G Ángulo tubo sillín efectivo"": ""76.5°"", ""H Ángulo dirección"": ""65.5°"", ""I Fork Offset"": ""44 mm 1.73\"""", ""J Distancia entre ejes"": ""1269 mm 49.96\"""", ""K Longitud pipa"": ""130 mm 5.12\"""", ""L Reach"": ""515 mm 20.28\"""", ""M Stack"": ""645 mm 25.39\""""}",9299,false,https://mondraker.com/es/es/raze-carbon-rr-sl,https://mondraker.com/es/es/raze-carbon-rr-sl,html,2026-10-05
Mondraker,RAZE CARBON [3ab463c7],RAZE CARBON RR,,mtb,S,S,,,,,,608,455,"{""A Longitud tubo sillín"": ""375 mm 14.76\"""", ""B Longitud tubo superior"": ""595 mm 23.43\"""", ""C Caída eje pedalier"": ""-30 mm -1.18\"""", ""D Altura eje pedalier"": ""343 mm 13.50\"""", ""E Longitud vainas"": ""435 mm 17.13\"""", ""F Ángulo tubo sillín real"": ""71°"", ""G Ángulo tubo sillín efectivo"": ""76.5°"", ""H Ángulo dirección"": ""65.5°"", ""I Fork Offset"": ""44 mm 1.73\"""", ""J Distancia entre ejes"": ""1193 mm 46.97\"""", ""K Longitud pipa"": ""90 mm 3.54\"""", ""L Reach"": ""455 mm 17.91\"""", ""M Stack"": ""608 mm 23.94\""""}",7299,false,https://mondraker.com/es/es/raze-carbon-rr68f09832a6622,https://mondraker.com/es/es/raze-carbon-rr68f09832a6622,html,2026-10-05
Mondraker,RAZE CARBON [3ab463c7],RAZE CARBON RR,,mtb,M,M,,,,,,617,475,"{""A Longitud tubo sillín"": ""415 mm 16.34\"""", ""B Longitud tubo superior"": ""620 mm 24.41\"""", ""C Caída eje pedalier"": ""-30 mm -1.18\"""", ""D Altura eje pedalier"": ""343 mm 13.50\"""", ""E Longitud vainas"": ""435 mm 17.13\"""", ""F Ángulo tubo sillín real"": ""71°"", ""G Ángulo tubo sillín efectivo"": ""76.5°"", ""H Ángulo dirección"": ""65.5°"", ""I Fork Offset"": ""44 mm 1.73\"""", ""J Distancia entre ejes"": ""1217 mm 47.91\"""", ""K Longitud pipa"": ""100 mm 3.94\"""", ""L Reach"": ""475 mm 18.70\"""", ""M Stack"": ""617 mm 24.29\""""}",7299,false,https://mondraker.com/es/es/raze-carbon-rr68f09832a6622,https://mondraker.com/es/es/raze-carbon-rr68f09832a6622,html,2026-10-05
Mondraker,RAZE CARBON [3ab463c7],RAZE CARBON RR,,mtb,L,L,,,,,,631,495,"{""A Longitud tubo sillín"": ""445 mm 17.52\"""", ""B Longitud tubo superior"": ""645 mm 25.39\"""", ""C Caída eje pedalier"": ""-30"", ""D Altura eje pedalier"": ""343 mm 13.50\"""", ""E Longitud vainas"": ""435 mm 17.13\"""", ""F Ángulo tubo sillín real"": ""71°"", ""G Ángulo tubo sillín efectivo"": ""76.5°"", ""H Ángulo dirección"": ""65.5°"", ""I Fork Offset"": ""44 mm 1.73\"""", ""J Distancia entre ejes"": ""1243 mm 48.94\"""", ""K Longitud pipa"": ""115 mm 4.53\"""", ""L Reach"": ""495 mm 19.49\"""", ""M Stack"": ""631 mm 24.84\""""}",7299,false,https://mondraker.com/es/es/raze-carbon-rr68f09832a6622,https://mondraker.com/es/es/raze-carbon-rr68f09832a6622,html,2026-10-05
Mondraker,RAZE CARBON [3ab463c7],RAZE CARBON RR,,mtb,XL,XL,,,,,,645,515,"{""A Longitud tubo sillín"": ""500 mm 19.69\"""", ""B Longitud tubo superior"": ""670 mm 26.38\"""", ""C Caída eje pedalier"": ""-30 mm -1.18\"""", ""D Altura eje pedalier"": ""343 mm 13.50\"""", ""E Longitud vainas"": ""435 mm 17.13\"""", ""F Ángulo tubo sillín real"": ""71°"", ""G Ángulo tubo sillín efectivo"": ""76.5°"", ""H Ángulo dirección"": ""65.5°"", ""I Fork Offset"": ""44 mm 1.73\"""", ""J Distancia entre ejes"": ""1269 mm 49.96\"""", ""K Longitud pipa"": ""130 mm 5.12\"""", ""L Reach"": ""515 mm 20.28\"""", ""M Stack"": ""645 mm 25.39\""""}",7299,false,https://mondraker.com/es/es/raze-carbon-rr68f09832a6622,https://mondraker.com/es/es/raze-carbon-rr68f09832a6622,html,2026-10-05
Mondraker,RAZE CARBON [3ab463c7],RAZE CARBON R,2023,mtb,S,S,,,,,,608,455,"{""A Longitud tubo sillín"": ""375 mm 14.76\"""", ""B Longitud tubo superior"": ""595 mm 23.43\"""", ""C Caída eje pedalier"": ""-30 mm -1.18\"""", ""D Altura eje pedalier"": ""343 mm 13.50\"""", ""E Longitud vainas"": ""435 mm 17.13\"""", ""F Ángulo tubo sillín real"": ""71°"", ""G Ángulo tubo sillín efectivo"": ""76.5°"", ""H Ángulo dirección"": ""65.5°"", ""I Fork Offset"": ""44 mm 1.73\"""", ""J Distancia entre ejes"": ""1193 mm 46.97\"""", ""K Longitud pipa"": ""90 mm 3.54\"""", ""L Reach"": ""455 mm 17.91\"""", ""M Stack"": ""608 mm 23.94\""""}",5799,false,https://mondraker.com/es/es/2023-raze-carbon-r,https://mondraker.com/es/es/2023-raze-carbon-r,html,2026-10-05
Mondraker,RAZE CARBON [3ab463c7],RAZE CARBON R,2023,mtb,M,M,,,,,,617,475,"{""A Longitud tubo sillín"": ""415 mm 16.34\"""", ""B Longitud tubo superior"": ""620 mm 24.41\"""", ""C Caída eje pedalier"": ""-30 mm -1.18\"""", ""D Altura eje pedalier"": ""343 mm 13.50\"""", ""E Longitud vainas"": ""435 mm 17.13\"""", ""F Ángulo tubo sillín real"": ""71°"", ""G Ángulo tubo sillín efectivo"": ""76.5°"", ""H Ángulo dirección"": ""65.5°"", ""I Fork Offset"": ""44 mm 1.73\"""", ""J Distancia entre ejes"": ""1217 mm 47.91\"""", ""K Longitud pipa"": ""100 mm 3.94\"""", ""L Reach"": ""475 mm 18.70\"""", ""M Stack"": ""617 mm 24.29\""""}",5799,false,https://mondraker.com/es/es/2023-raze-carbon-r,https://mondraker.com/es/es/2023-raze-carbon-r,html,2026-10-05
Mondraker,RAZE CARBON [3ab463c7],RAZE CARBON R,2023,mtb,L,L,,,,,,631,495,"{""A Longitud tubo sillín"": ""445 mm 17.52\"""", ""B Longitud tubo superior"": ""645 mm 25.39\"""", ""C Caída eje pedalier"": ""-30"", ""D Altura eje pedalier"": ""343 mm 13.50\"""", ""E Longitud vainas"": ""435 mm 17.13\"""", ""F Ángulo tubo sillín real"": ""71°"", ""G Ángulo tubo sillín efectivo"": ""76.5°"", ""H Ángulo dirección"": ""65.5°"", ""I Fork Offset"": ""44 mm 1.73\"""", ""J Distancia entre ejes"": ""1243 mm 48.94\"""", ""K Longitud pipa"": ""115 mm 4.53\"""", ""L Reach"": ""495 mm 19.49\"""", ""M Stack"": ""631 mm 24.84\""""}",5799,false,https://mondraker.com/es/es/2023-raze-carbon-r,https://mondraker.com/es/es/2023-raze-carbon-r,html,2026-10-05
Mondraker,RAZE CARBON [3ab463c7],RAZE CARBON R,2023,mtb,XL,XL,,,,,,645,515,"{""A Longitud tubo sillín"": ""500 mm 19.69\"""", ""B Longitud tubo superior"": ""670 mm 26.38\"""", ""C Caída eje pedalier"": ""-30 mm -1.18\"""", ""D Altura eje pedalier"": ""343 mm 13.50\"""", ""E Longitud vainas"": ""435 mm 17.13\"""", ""F Ángulo tubo sillín real"": ""71°"", ""G Ángulo tubo sillín efectivo"": ""76.5°"", ""H Ángulo dirección"": ""65.5°"", ""I Fork Offset"": ""44 mm 1.73\"""", ""J Distancia entre ejes"": ""1269 mm 49.96\"""", ""K Longitud pipa"": ""130 mm 5.12\"""", ""L Reach"": ""515 mm 20.28\"""", ""M Stack"": ""645 mm 25.39\""""}",5799,false,https://mondraker.com/es/es/2023-raze-carbon-r,https://mondraker.com/es/es/2023-raze-carbon-r,html,2026-10-05
Mondraker,RAZE [891e1af8],RAZE R,2023,mtb,S,S,,,,,,623,450,"{""A Longitud tubo sillín"": ""375 mm 14.76\"""", ""B Longitud tubo superior"": ""594 mm 23.39\"""", ""C Caída eje pedalier"": ""-29 mm -1.14\"""", ""D Altura eje pedalier"": ""340 mm 13.39\"""", ""E Longitud vainas"": ""435 mm 17.13\"""", ""F Ángulo tubo sillín real"": ""72º"", ""G Ángulo tubo sillín efectivo"": ""77º"", ""H Ángulo dirección"": ""65.5º"", ""I Fork Offset"": ""44 mm 1.73\"""", ""J Distancia entre ejes"": ""1197 mm 47.13\"""", ""K Longitud pipa"": ""100 mm 3.94\"""", ""L Reach"": ""450 mm 17.72\"""", ""M Stack"": ""623 mm 24.53\""""}",3999,false,https://mondraker.com/es/es/2023-raze-r,https://mondraker.com/es/es/2023-raze-r,html,2026-10-05
Mondraker,RAZE [891e1af8],RAZE R,2023,mtb,M,M,,,,,,623,470,"{""A Longitud tubo sillín"": ""4515 mm 177.76\"""", ""B Longitud tubo superior"": ""614 mm 24.17\"""", ""C Caída eje pedalier"": ""-29 mm -1.14\"""", ""D Altura eje pedalier"": ""340 mm 13.39\"""", ""E Longitud vainas"": ""435 mm 17.13\"""", ""F Ángulo tubo sillín real"": ""72º"", ""G Ángulo tubo sillín efectivo"": ""77º"", ""H Ángulo dirección"": ""65.5º"", ""I Fork Offset"": ""44 mm 1.73\"""", ""J Distancia entre ejes"": ""1216 mm 47.87\"""", ""K Longitud pipa"": ""100 mm 3.94\"""", ""L Reach"": ""470 mm 18.50\"""", ""M Stack"": ""623 mm 24.53\""""}",3999,false,https://mondraker.com/es/es/2023-raze-r,https://mondraker.com/es/es/2023-raze-r,html,2026-10-05
Mondraker,RAZE [891e1af8],RAZE R,2023,mtb,L,L,,,,,,641,490,"{""A Longitud tubo sillín"": ""445 mm 17.52\"""", ""B Longitud tubo superior"": ""638 mm 25.12\"""", ""C Caída eje pedalier"": ""-29 mm -1.14\"""", ""D Altura eje pedalier"": ""340 mm 13.39\"""", ""E Longitud vainas"": ""435 mm 17.13\"""", ""F Ángulo tubo sillín real"": ""72º"", ""G Ángulo tubo sillín efectivo"": ""77º"", ""H Ángulo dirección"": ""65.5º"", ""I Fork Offset"": ""44 mm 1.73\"""", ""J Distancia entre ejes"": ""1246 mm 49.06\"""", ""K Longitud pipa"": ""120 mm 4.72\"""", ""L Reach"": ""490 mm 19.29\"""", ""M Stack"": ""641 mm 25.24\""""}",3999,false,https://mondraker.com/es/es/2023-raze-r,https://mondraker.com/es/es/2023-raze-r,html,2026-10-05
Mondraker,RAZE [891e1af8],RAZE R,2023,mtb,XL,XL,,,,,,641,510,"{""A Longitud tubo sillín"": ""490 mm 19.29\"""", ""B Longitud tubo superior"": ""658 mm 25.91\"""", ""C Caída eje pedalier"": ""-29 mm -1.14\"""", ""D Altura eje pedalier"": ""340 mm 13.39\"""", ""E Longitud vainas"": ""435 mm 17.13\"""", ""F Ángulo tubo sillín real"": ""72º"", ""G Ángulo tubo sillín efectivo"": ""77º"", ""H Ángulo dirección"": ""65.5º"", ""I Fork Offset"": ""44 mm 1.73\"""", ""J Distancia entre ejes"": ""1266 mm 49.84\"""", ""K Longitud pipa"": ""120 mm 4.72\"""", ""L Reach"": ""510 mm 20.08\"""", ""M Stack"": ""641 mm 25.24\""""}",3999,false,https://mondraker.com/es/es/2023-raze-r,https://mondraker.com/es/es/2023-raze-r,html,2026-10-05
Mondraker,RAZE [891e1af8],RAZE,2023,mtb,S,S,,,,,,623,450,"{""A Longitud tubo sillín"": ""375 mm 14.76\"""", ""B Longitud tubo superior"": ""594 mm 23.39\"""", ""C Caída eje pedalier"": ""-29 mm -1.14\"""", ""D Altura eje pedalier"": ""340 mm 13.39\"""", ""E Longitud vainas"": ""435 mm 17.13\"""", ""F Ángulo tubo sillín real"": ""72º"", ""G Ángulo tubo sillín efectivo"": ""76.5º"", ""H Ángulo dirección"": ""65.5º"", ""I Fork Offset"": ""44 mm 1.73\"""", ""J Distancia entre ejes"": ""1197 mm 47.13\"""", ""K Longitud pipa"": ""100 mm 3.94\"""", ""L Reach"": ""450 mm 17.72\"""", ""M Stack"": ""623 mm 24.53\""""}",2999,false,https://mondraker.com/es/es/2023-raze,https://mondraker.com/es/es/2023-raze,html,2026-10-05
Mondraker,RAZE [891e1af8],RAZE,2023,mtb,M,M,,,,,,623,470,"{""A Longitud tubo sillín"": ""4515 mm 177.76\"""", ""B Longitud tubo superior"": ""614 mm 24.17\"""", ""C Caída eje pedalier"": ""-29 mm -1.14\"""", ""D Altura eje pedalier"": ""340 mm 13.39\"""", ""E Longitud vainas"": ""435 mm 17.13\"""", ""F Ángulo tubo sillín real"": ""72º"", ""G Ángulo tubo sillín efectivo"": ""76.5º"", ""H Ángulo dirección"": ""65.5º"", ""I Fork Offset"": ""44 mm 1.73\"""", ""J Distancia entre ejes"": ""1216 mm 47.87\"""", ""K Longitud pipa"": ""100 mm 3.94\"""", ""L Reach"": ""470 mm 18.50\"""", ""M Stack"": ""623 mm 24.53\""""}",2999,false,https://mondraker.com/es/es/2023-raze,https://mondraker.com/es/es/2023-raze,html,2026-10-05
Mondraker,RAZE [891e1af8],RAZE,2023,mtb,L,L,,,,,,641,490,"{""A Longitud tubo sillín"": ""445 mm 17.52\"""", ""B Longitud tubo superior"": ""638 mm 25.12\"""", ""C Caída eje pedalier"": ""-29 mm -1.14\"""", ""D Altura eje pedalier"": ""340 mm 13.39\"""", ""E Longitud vainas"": ""435 mm 17.13\"""", ""F Ángulo tubo sillín real"": ""72º"", ""G Ángulo tubo sillín efectivo"": ""76.5º"", ""H Ángulo dirección"": ""65.5º"", ""I Fork Offset"": ""44 mm 1.73\"""", ""J Distancia entre ejes"": ""1246 mm 49.06\"""", ""K Longitud pipa"": ""120 mm 4.72\"""", ""L Reach"": ""490 mm 19.29\"""", ""M Stack"": ""641 mm 25.24\""""}",2999,false,https://mondraker.com/es/es/2023-raze,https://mondraker.com/es/es/2023-raze,html,2026-10-05
Mondraker,RAZE [891e1af8],RAZE,2023,mtb,XL,XL,,,,,,641,510,"{""A Longitud tubo sillín"": ""490 mm 19.29\"""", ""B Longitud tubo superior"": ""658 mm 25.91\"""", ""C Caída eje pedalier"": ""-29 mm -1.14\"""", ""D Altura eje pedalier"": ""340 mm 13.39\"""", ""E Longitud vainas"": ""435 mm 17.13\"""", ""F Ángulo tubo sillín real"": ""72º"", ""G Ángulo tubo sillín efectivo"": ""76.5º"", ""H Ángulo dirección"": ""65.5º"", ""I Fork Offset"": ""44 mm 1.73\"""", ""J Distancia entre ejes"": ""1266 mm 49.84\"""", ""K Longitud pipa"": ""120 mm 4.72\"""", ""L Reach"": ""510 mm 20.08\"""", ""M Stack"": ""641 mm 25.24\""""}",2999,false,https://mondraker.com/es/es/2023-raze,https://mondraker.com/es/es/2023-raze,html,2026-10-05
Mondraker,F-PODIUM [522da72b],F-PODIUM RR SL,,mtb,S,S,,,,,,594.6,430,"{""A Longitud tubo sillín"": ""410 mm 16.14\"""", ""B Longitud tubo superior"": ""576 mm 22.68\"""", ""C Caída eje pedalier"": ""-40 mm -1.57\"""", ""D Altura eje pedalier"": ""335 mm 13.19\"""", ""E Longitud vainas"": ""435 mm 17.13\"""", ""F Ángulo tubo sillín real"": ""72,5°"", ""G Ángulo tubo sillín efectivo"": ""76,2°"", ""H Ángulo dirección"": ""66,5°"", ""I Fork Offset"": ""44 mm 1.73\"""", ""J Distancia entre ejes"": ""1152 mm 45.35\"""", ""K Longitud pipa"": ""90 mm 3.54\"""", ""L Reach"": ""430 mm 16.93\"""", ""M Stack"": ""594,6 mm 23.41\""""}",12999,false,https://mondraker.com/es/es/f-podium-rr-sl-,https://mondraker.com/es/es/f-podium-rr-sl-,html,2026-10-05
Mondraker,F-PODIUM [522da72b],F-PODIUM RR SL,,mtb,M,M,,,,,,594.6,455,"{""A Longitud tubo sillín"": ""440 mm 17.32\"""", ""B Longitud tubo superior"": ""601 mm 23.66\"""", ""C Caída eje pedalier"": ""-40 mm -1.57\"""", ""D Altura eje pedalier"": ""335 mm 13.19\"""", ""E Longitud vainas"": ""435 mm 17.13\"""", ""F Ángulo tubo sillín real"": ""72,9°"", ""G Ángulo tubo sillín efectivo"": ""76,2°"", ""H Ángulo dirección"": ""66,5°"", ""I Fork Offset"": ""44 mm 1.73\"""", ""J Distancia entre ejes"": ""1177 mm 46.34\"""", ""K Longitud pipa"": ""90 mm 3.54\"""", ""L Reach"": ""455 mm 17.91\"""", ""M Stack"": ""594,6 mm 23.41\""""}",12999,false,https://mondraker.com/es/es/f-podium-rr-sl-,https://mondraker.com/es/es/f-podium-rr-sl-,html,2026-10-05
Mondraker,F-PODIUM [522da72b],F-PODIUM RR SL,,mtb,L,L,,,,,,608.3,480,"{""A Longitud tubo sillín"": ""470 mm 18.50\"""", ""B Longitud tubo superior"": ""629,4 mm 24.78\"""", ""C Caída eje pedalier"": ""-40 mm -1.57\"""", ""D Altura eje pedalier"": ""335 mm 13.19\"""", ""E Longitud vainas"": ""435 mm 17.13\"""", ""F Ángulo tubo sillín real"": ""73,2°"", ""G Ángulo tubo sillín efectivo"": ""76,2°"", ""H Ángulo dirección"": ""66,5°"", ""I Fork Offset"": ""44 mm 1.73\"""", ""J Distancia entre ejes"": ""1208 mm 47.56\"""", ""K Longitud pipa"": ""105 mm 4.13\"""", ""L Reach"": ""480 mm 18.90\"""", ""M Stack"": ""608,3 mm 23.95\""""}",12999,false,https://mondraker.com/es/es/f-podium-rr-sl-,https://mondraker.com/es/es/f-podium-rr-sl-,html,2026-10-05
Mondraker,F-PODIUM [522da72b],F-PODIUM RR SL,,mtb,XL,XL,,,,,,622.1,505,"{""A Longitud tubo sillín"": ""500 mm 19.69\"""", ""B Longitud tubo superior"": ""657,8 mm 25.90\"""", ""C Caída eje pedalier"": ""-40 mm -1.57\"""", ""D Altura eje pedalier"": ""335 mm 13.19\"""", ""E Longitud vainas"": ""435 mm 17.13\"""", ""F Ángulo tubo sillín real"": ""73,5°"", ""G Ángulo tubo sillín efectivo"": ""76,2°"", ""H Ángulo dirección"": ""66,5°"", ""I Fork Offset"": ""44 mm 1.73\"""", ""J Distancia entre ejes"": ""1239 mm 48.78\"""", ""K Longitud pipa"": ""120 mm 4.72\"""", ""L Reach"": ""505 mm 19.88\"""", ""M Stack"": ""622,1 mm 24.49\""""}",12999,false,https://mondraker.com/es/es/f-podium-rr-sl-,https://mondraker.com/es/es/f-podium-rr-sl-,html,2026-10-05
Mondraker,F-PODIUM [522da72b],F-PODIUM RR,,mtb,S,S,,,,,,594.6,430,"{""A Longitud tubo sillín"": ""410 mm 16.14\"""", ""B Longitud tubo superior"": ""576 mm 22.68\"""", ""C Caída eje pedalier"": ""-40 mm -1.57\"""", ""D Altura eje pedalier"": ""335 mm 13.19\"""", ""E Longitud vainas"": ""435 mm 17.13\"""", ""F Ángulo tubo sillín real"": ""72,5°"", ""G Ángulo tubo sillín efectivo"": ""76,2°"", ""H Ángulo dirección"": ""66,5°"", ""I Fork Offset"": ""44 mm 1.73\"""", ""J Distancia entre ejes"": ""1152 mm 45.35\"""", ""K Longitud pipa"": ""90 mm 3.54\"""", ""L Reach"": ""430 mm 16.93\"""", ""M Stack"": ""594,6 mm 23.41\""""}",7999,false,https://mondraker.com/es/es/f-podium-rr-,https://mondraker.com/es/es/f-podium-rr-,html,2026-10-05
Mondraker,F-PODIUM [522da72b],F-PODIUM RR,,mtb,M,M,,,,,,594.6,455,"{""A Longitud tubo sillín"": ""440 mm 17.32\"""", ""B Longitud tubo superior"": ""601 mm 23.66\"""", ""C Caída eje pedalier"": ""-40 mm -1.57\"""", ""D Altura eje pedalier"": ""335 mm 13.19\"""", ""E Longitud vainas"": ""435 mm 17.13\"""", ""F Ángulo tubo sillín real"": ""72,9°"", ""G Ángulo tubo sillín efectivo"": ""76,2°"", ""H Ángulo dirección"": ""66,5°"", ""I Fork Offset"": ""44 mm 1.73\"""", ""J Distancia entre ejes"": ""1177 mm 46.34\"""", ""K Longitud pipa"": ""90 mm 3.54\"""", ""L Reach"": ""455 mm 17.91\"""", ""M Stack"": ""594,6 mm 23.41\""""}",7999,false,https://mondraker.com/es/es/f-podium-rr-,https://mondraker.com/es/es/f-podium-rr-,html,2026-10-05
Mondraker,F-PODIUM [522da72b],F-PODIUM RR,,mtb,L,L,,,,,,608.3,480,"{""A Longitud tubo sillín"": ""470 mm 18.50\"""", ""B Longitud tubo superior"": ""629,4 mm 24.78\"""", ""C Caída eje pedalier"": ""-40 mm -1.57\"""", ""D Altura eje pedalier"": ""335 mm 13.19\"""", ""E Longitud vainas"": ""435 mm 17.13\"""", ""F Ángulo tubo sillín real"": ""73,2°"", ""G Ángulo tubo sillín efectivo"": ""76,2°"", ""H Ángulo dirección"": ""66,5°"", ""I Fork Offset"": ""44 mm 1.73\"""", ""J Distancia entre ejes"": ""1208 mm 47.56\"""", ""K Longitud pipa"": ""105 mm 4.13\"""", ""L Reach"": ""480 mm 18.90\"""", ""M Stack"": ""608,3 mm 23.95\""""}",7999,false,https://mondraker.com/es/es/f-podium-rr-,https://mondraker.com/es/es/f-podium-rr-,html,2026-10-05
Mondraker,F-PODIUM [522da72b],F-PODIUM RR,,mtb,XL,XL,,,,,,622.1,505,"{""A Longitud tubo sillín"": ""500 mm 19.69\"""", ""B Longitud tubo superior"": ""657,8 mm 25.90\"""", ""C Caída eje pedalier"": ""-40 mm -1.57\"""", ""D Altura eje pedalier"": ""335 mm 13.19\"""", ""E Longitud vainas"": ""435 mm 17.13\"""", ""F Ángulo tubo sillín real"": ""73,5°"", ""G Ángulo tubo sillín efectivo"": ""76,2°"", ""H Ángulo dirección"": ""66,5°"", ""I Fork Offset"": ""44 mm 1.73\"""", ""J Distancia entre ejes"": ""1239 mm 48.78\"""", ""K Longitud pipa"": ""120 mm 4.72\"""", ""L Reach"": ""505 mm 19.88\"""", ""M Stack"": ""622,1 mm 24.49\""""}",7999,false,https://mondraker.com/es/es/f-podium-rr-,https://mondraker.com/es/es/f-podium-rr-,html,2026-10-05
Mondraker,F-PODIUM [522da72b],F-PODIUM R,,mtb,S,S,,,,,,594.6,430,"{""A Longitud tubo sillín"": ""410 mm 16.14\"""", ""B Longitud tubo superior"": ""576 mm 22.68\"""", ""C Caída eje pedalier"": ""-40 mm -1.57\"""", ""D Altura eje pedalier"": ""335 mm 13.19\"""", ""E Longitud vainas"": ""435 mm 17.13\"""", ""F Ángulo tubo sillín real"": ""72,5°"", ""G Ángulo tubo sillín efectivo"": ""76,2°"", ""H Ángulo dirección"": ""66,5°"", ""I Fork Offset"": ""44 mm 1.73\"""", ""J Distancia entre ejes"": ""1152 mm 45.35\"""", ""K Longitud pipa"": ""90 mm 3.54\"""", ""L Reach"": ""430 mm 16.93\"""", ""M Stack"": ""594,6 mm 23.41\""""}",5999,false,https://mondraker.com/es/es/f-podium-r1755174243,https://mondraker.com/es/es/f-podium-r1755174243,html,2026-10-05
Mondraker,F-PODIUM [522da72b],F-PODIUM R,,mtb,M,M,,,,,,594.6,455,"{""A Longitud tubo sillín"": ""440 mm 17.32\"""", ""B Longitud tubo superior"": ""601 mm 23.66\"""", ""C Caída eje pedalier"": ""-40 mm -1.57\"""", ""D Altura eje pedalier"": ""335 mm 13.19\"""", ""E Longitud vainas"": ""435 mm 17.13\"""", ""F Ángulo tubo sillín real"": ""72,9°"", ""G Ángulo tubo sillín efectivo"": ""76,2°"", ""H Ángulo dirección"": ""66,5°"", ""I Fork Offset"": ""44 mm 1.73\"""", ""J Distancia entre ejes"": ""1177 mm 46.34\"""", ""K Longitud pipa"": ""90 mm 3.54\"""", ""L Reach"": ""455 mm 17.91\"""", ""M Stack"": ""594,6 mm 23.41\""""}",5999,false,https://mondraker.com/es/es/f-podium-r1755174243,https://mondraker.com/es/es/f-podium-r1755174243,html,2026-10-05
Mondraker,F-PODIUM [522da72b],F-PODIUM R,,mtb,L,L,,,,,,608.3,480,"{""A Longitud tubo sillín"": ""470 mm 18.50\"""", ""B Longitud tubo superior"": ""629,4 mm 24.78\"""", ""C Caída eje pedalier"": ""-40 mm -1.57\"""", ""D Altura eje pedalier"": ""335 mm 13.19\"""", ""E Longitud vainas"": ""435 mm 17.13\"""", ""F Ángulo tubo sillín real"": ""73,2°"", ""G Ángulo tubo sillín efectivo"": ""76,2°"", ""H Ángulo dirección"": ""66,5°"", ""I Fork Offset"": ""44 mm 1.73\"""", ""J Distancia entre ejes"": ""1208 mm 47.56\"""", ""K Longitud pipa"": ""105 mm 4.13\"""", ""L Reach"": ""480 mm 18.90\"""", ""M Stack"": ""608,3 mm 23.95\""""}",5999,false,https://mondraker.com/es/es/f-podium-r1755174243,https://mondraker.com/es/es/f-podium-r1755174243,html,2026-10-05
Mondraker,F-PODIUM [522da72b],F-PODIUM R,,mtb,XL,XL,,,,,,622.1,505,"{""A Longitud tubo sillín"": ""500 mm 19.69\"""", ""B Longitud tubo superior"": ""657,8 mm 25.90\"""", ""C Caída eje pedalier"": ""-40 mm -1.57\"""", ""D Altura eje pedalier"": ""335 mm 13.19\"""", ""E Longitud vainas"": ""435 mm 17.13\"""", ""F Ángulo tubo sillín real"": ""73,5°"", ""G Ángulo tubo sillín efectivo"": ""76,2°"", ""H Ángulo dirección"": ""66,5°"", ""I Fork Offset"": ""44 mm 1.73\"""", ""J Distancia entre ejes"": ""1239 mm 48.78\"""", ""K Longitud pipa"": ""120 mm 4.72\"""", ""L Reach"": ""505 mm 19.88\"""", ""M Stack"": ""622,1 mm 24.49\""""}",5999,false,https://mondraker.com/es/es/f-podium-r1755174243,https://mondraker.com/es/es/f-podium-r1755174243,html,2026-10-05
Mondraker,PODIUM [aa1246bc],PODIUM RR SL,,mtb,S,S,,,,,,598,425,"{""A Longitud tubo sillín"": ""390 mm 15.35\"""", ""B Longitud tubo superior"": ""590 mm 23.23\"""", ""C Caída eje pedalier"": ""-65 mm -2.56\"""", ""D Altura eje pedalier"": ""300 mm 11.81\"""", ""E Longitud vainas"": ""430 mm 16.93\"""", ""F Ángulo tubo sillín real"": ""73°"", ""G Ángulo tubo sillín efectivo"": ""74.5°"", ""H Ángulo dirección"": ""68,5°"", ""I Fork Offset"": ""44 mm 1.73\"""", ""J Distancia entre ejes"": ""1107 mm 43.58\"""", ""K Longitud pipa"": ""85 mm 3.35\"""", ""L Reach"": ""425 mm 16.73\"""", ""M Stack"": ""598 mm 23.54\""""}",10499,false,https://mondraker.com/es/es/podium-rr-sl1783509229,https://mondraker.com/es/es/podium-rr-sl1783509229,html,2026-10-05
Mondraker,PODIUM [aa1246bc],PODIUM RR SL,,mtb,M,M,,,,,,602,444,"{""A Longitud tubo sillín"": ""420 mm 16.54\"""", ""B Longitud tubo superior"": ""611mm 24.06\"""", ""C Caída eje pedalier"": ""-65 mm -2.56\"""", ""D Altura eje pedalier"": ""300 mm 11.81\"""", ""E Longitud vainas"": ""430 mm 16.93\"""", ""F Ángulo tubo sillín real"": ""73°"", ""G Ángulo tubo sillín efectivo"": ""74.5°"", ""H Ángulo dirección"": ""68,5°"", ""I Fork Offset"": ""44 mm 1.73\"""", ""J Distancia entre ejes"": ""1128 mm 44.41\"""", ""K Longitud pipa"": ""90 mm 3.54\"""", ""L Reach"": ""444 mm 17.48\"""", ""M Stack"": ""602 mm 23.70\""""}",10499,false,https://mondraker.com/es/es/podium-rr-sl1783509229,https://mondraker.com/es/es/podium-rr-sl1783509229,html,2026-10-05
Mondraker,PODIUM [aa1246bc],PODIUM RR SL,,mtb,L,L,,,,,,611,463,"{""A Longitud tubo sillín"": ""470 mm 18.50\"""", ""B Longitud tubo superior"": ""632 mm 24.88\"""", ""C Caída eje pedalier"": ""-65 mm -2.56\"""", ""D Altura eje pedalier"": ""300 mm 11.81\"""", ""E Longitud vainas"": ""430 mm 16.93\"""", ""F Ángulo tubo sillín real"": ""73°"", ""G Ángulo tubo sillín efectivo"": ""74.5°"", ""H Ángulo dirección"": ""68,5°"", ""I Fork Offset"": ""44 mm 1.73\"""", ""J Distancia entre ejes"": ""1150 mm 45.28\"""", ""K Longitud pipa"": ""100 mm 3.94\"""", ""L Reach"": ""463 mm 18.23\"""", ""M Stack"": ""611 mm 24.06\""""}",10499,false,https://mondraker.com/es/es/podium-rr-sl1783509229,https://mondraker.com/es/es/podium-rr-sl1783509229,html,2026-10-05
Mondraker,PODIUM [aa1246bc],PODIUM RR SL,,mtb,XL,XL,,,,,,625,477,"{""A Longitud tubo sillín"": ""510 mm 20.08\"""", ""B Longitud tubo superior"": ""650 mm 25.59\"""", ""C Caída eje pedalier"": ""-65 mm -2.56\"""", ""D Altura eje pedalier"": ""300 mm 11.81\"""", ""E Longitud vainas"": ""430 mm 16.93\"""", ""F Ángulo tubo sillín real"": ""73°"", ""G Ángulo tubo sillín efectivo"": ""74.5°"", ""H Ángulo dirección"": ""68.5°"", ""I Fork Offset"": ""44 mm 1.73\"""", ""J Distancia entre ejes"": ""1170 mm 46.06\"""", ""K Longitud pipa"": ""115 mm 4.53\"""", ""L Reach"": ""477 mm 18.78\"""", ""M Stack"": ""625 mm 24.61\""""}",10499,false,https://mondraker.com/es/es/podium-rr-sl1783509229,https://mondraker.com/es/es/podium-rr-sl1783509229,html,2026-10-05
Mondraker,PODIUM [aa1246bc],PODIUM RR,,mtb,S,S,,,,,,598,425,"{""A Longitud tubo sillín"": ""390 mm 15.35\"""", ""B Longitud tubo superior"": ""590 mm 23.23\"""", ""C Caída eje pedalier"": ""-65 mm -2.56\"""", ""D Altura eje pedalier"": ""300 mm 11.81\"""", ""E Longitud vainas"": ""430 mm 16.93\"""", ""F Ángulo tubo sillín real"": ""73°"", ""G Ángulo tubo sillín efectivo"": ""74.5°"", ""H Ángulo dirección"": ""68,5°"", ""I Fork Offset"": ""44 mm 1.73\"""", ""J Distancia entre ejes"": ""1107 mm 43.58\"""", ""K Longitud pipa"": ""85 mm 3.35\"""", ""L Reach"": ""425 mm 16.73\"""", ""M Stack"": ""598 mm 23.54\""""}",6499,false,https://mondraker.com/es/es/podium-rr,https://mondraker.com/es/es/podium-rr,html,2026-10-05
Mondraker,PODIUM [aa1246bc],PODIUM RR,,mtb,M,M,,,,,,602,444,"{""A Longitud tubo sillín"": ""420 mm 16.54\"""", ""B Longitud tubo superior"": ""611mm 24.06\"""", ""C Caída eje pedalier"": ""-65 mm -2.56\"""", ""D Altura eje pedalier"": ""300 mm 11.81\"""", ""E Longitud vainas"": ""430 mm 16.93\"""", ""F Ángulo tubo sillín real"": ""73°"", ""G Ángulo tubo sillín efectivo"": ""74.5°"", ""H Ángulo dirección"": ""68,5°"", ""I Fork Offset"": ""44 mm 1.73\"""", ""J Distancia entre ejes"": ""1128 mm 44.41\"""", ""K Longitud pipa"": ""90 mm 3.54\"""", ""L Reach"": ""444 mm 17.48\"""", ""M Stack"": ""602 mm 23.70\""""}",6499,false,https://mondraker.com/es/es/podium-rr,https://mondraker.com/es/es/podium-rr,html,2026-10-05
Mondraker,PODIUM [aa1246bc],PODIUM RR,,mtb,L,L,,,,,,611,463,"{""A Longitud tubo sillín"": ""470 mm 18.50\"""", ""B Longitud tubo superior"": ""632 mm 24.88\"""", ""C Caída eje pedalier"": ""-65 mm -2.56\"""", ""D Altura eje pedalier"": ""300 mm 11.81\"""", ""E Longitud vainas"": ""430 mm 16.93\"""", ""F Ángulo tubo sillín real"": ""73°"", ""G Ángulo tubo sillín efectivo"": ""74.5°"", ""H Ángulo dirección"": ""68,5°"", ""I Fork Offset"": ""44 mm 1.73\"""", ""J Distancia entre ejes"": ""1150 mm 45.28\"""", ""K Longitud pipa"": ""100 mm 3.94\"""", ""L Reach"": ""463 mm 18.23\"""", ""M Stack"": ""611 mm 24.06\""""}",6499,false,https://mondraker.com/es/es/podium-rr,https://mondraker.com/es/es/podium-rr,html,2026-10-05
Mondraker,PODIUM [aa1246bc],PODIUM RR,,mtb,XL,XL,,,,,,625,477,"{""A Longitud tubo sillín"": ""510 mm 20.08\"""", ""B Longitud tubo superior"": ""650 mm 25.59\"""", ""C Caída eje pedalier"": ""-65 mm -2.56\"""", ""D Altura eje pedalier"": ""300 mm 11.81\"""", ""E Longitud vainas"": ""430 mm 16.93\"""", ""F Ángulo tubo sillín real"": ""73°"", ""G Ángulo tubo sillín efectivo"": ""74.5°"", ""H Ángulo dirección"": ""68.5°"", ""I Fork Offset"": ""44 mm 1.73\"""", ""J Distancia entre ejes"": ""1170 mm 46.06\"""", ""K Longitud pipa"": ""115 mm 4.53\"""", ""L Reach"": ""477 mm 18.78\"""", ""M Stack"": ""625 mm 24.61\""""}",6499,false,https://mondraker.com/es/es/podium-rr,https://mondraker.com/es/es/podium-rr,html,2026-10-05
Mondraker,PODIUM [aa1246bc],PODIUM S,,mtb,S,S,,,,,,598,425,"{""A Longitud tubo sillín"": ""390 mm 15.35\"""", ""B Longitud tubo superior"": ""590 mm 23.23\"""", ""C Caída eje pedalier"": ""-65 mm -2.56\"""", ""D Altura eje pedalier"": ""300 mm 11.81\"""", ""E Longitud vainas"": ""430 mm 16.93\"""", ""F Ángulo tubo sillín real"": ""73°"", ""G Ángulo tubo sillín efectivo"": ""74.5°"", ""H Ángulo dirección"": ""68,5°"", ""I Fork Offset"": ""44 mm 1.73\"""", ""J Distancia entre ejes"": ""1107 mm 43.58\"""", ""K Longitud pipa"": ""85 mm 3.35\"""", ""L Reach"": ""425 mm 16.73\"""", ""M Stack"": ""598 mm 23.54\""""}",3299,false,https://mondraker.com/es/es/podium-s,https://mondraker.com/es/es/podium-s,html,2026-10-05
Mondraker,PODIUM [aa1246bc],PODIUM S,,mtb,M,M,,,,,,602,444,"{""A Longitud tubo sillín"": ""420 mm 16.54\"""", ""B Longitud tubo superior"": ""611mm 24.06\"""", ""C Caída eje pedalier"": ""-65 mm -2.56\"""", ""D Altura eje pedalier"": ""300 mm 11.81\"""", ""E Longitud vainas"": ""430 mm 16.93\"""", ""F Ángulo tubo sillín real"": ""73°"", ""G Ángulo tubo sillín efectivo"": ""74.5°"", ""H Ángulo dirección"": ""68,5°"", ""I Fork Offset"": ""44 mm 1.73\"""", ""J Distancia entre ejes"": ""1128 mm 44.41\"""", ""K Longitud pipa"": ""90 mm 3.54\"""", ""L Reach"": ""444 mm 17.48\"""", ""M Stack"": ""602 mm 23.70\""""}",3299,false,https://mondraker.com/es/es/podium-s,https://mondraker.com/es/es/podium-s,html,2026-10-05
Mondraker,PODIUM [aa1246bc],PODIUM S,,mtb,L,L,,,,,,611,463,"{""A Longitud tubo sillín"": ""470 mm 18.50\"""", ""B Longitud tubo superior"": ""632 mm 24.88\"""", ""C Caída eje pedalier"": ""-65 mm -2.56\"""", ""D Altura eje pedalier"": ""300 mm 11.81\"""", ""E Longitud vainas"": ""430 mm 16.93\"""", ""F Ángulo tubo sillín real"": ""73°"", ""G Ángulo tubo sillín efectivo"": ""74.5°"", ""H Ángulo dirección"": ""68,5°"", ""I Fork Offset"": ""44 mm 1.73\"""", ""J Distancia entre ejes"": ""1150 mm 45.28\"""", ""K Longitud pipa"": ""100 mm 3.94\"""", ""L Reach"": ""463 mm 18.23\"""", ""M Stack"": ""611 mm 24.06\""""}",3299,false,https://mondraker.com/es/es/podium-s,https://mondraker.com/es/es/podium-s,html,2026-10-05
Mondraker,PODIUM [aa1246bc],PODIUM S,,mtb,XL,XL,,,,,,625,477,"{""A Longitud tubo sillín"": ""510 mm 20.08\"""", ""B Longitud tubo superior"": ""650 mm 25.59\"""", ""C Caída eje pedalier"": ""-65 mm -2.56\"""", ""D Altura eje pedalier"": ""300 mm 11.81\"""", ""E Longitud vainas"": ""430 mm 16.93\"""", ""F Ángulo tubo sillín real"": ""73°"", ""G Ángulo tubo sillín efectivo"": ""74.5°"", ""H Ángulo dirección"": ""68.5°"", ""I Fork Offset"": ""44 mm 1.73\"""", ""J Distancia entre ejes"": ""1170 mm 46.06\"""", ""K Longitud pipa"": ""115 mm 4.53\"""", ""L Reach"": ""477 mm 18.78\"""", ""M Stack"": ""625 mm 24.61\""""}",3299,false,https://mondraker.com/es/es/podium-s,https://mondraker.com/es/es/podium-s,html,2026-10-05
Mondraker,ARID [4b576448],ARID CARBON RR SL,,gravel,S,S,,,,,,548,363,"{""A Longitud tubo sillín"": ""410 mm 16.14\"""", ""B Longitud tubo superior"": ""520 mm 20.47\"""", ""C Caída eje pedalier"": ""-75"", ""D Altura eje pedalier"": ""269 mm 10.59\"""", ""E Longitud vainas"": ""425 mm 16.73\"""", ""F Ángulo tubo sillín real"": ""73°"", ""G Ángulo tubo sillín efectivo"": ""74°"", ""H Ángulo dirección"": ""70°"", ""I Fork Offset"": ""45 mm 1.77\"""", ""J Distancia entre ejes"": ""1003 mm 39.49\"""", ""K Longitud pipa"": ""100 mm 3.94\"""", ""L Reach"": ""363 mm 14.29\"""", ""M Stack"": ""548 mm 21.57\"""", ""N Stem Length"": ""60 mm 2.36\"""", ""O Fork Height"": ""420 mm 16.54\""""}",8999,false,https://mondraker.com/es/es/arid-carbon-rr-sl1782204373,https://mondraker.com/es/es/arid-carbon-rr-sl1782204373,html,2026-10-05
Mondraker,ARID [4b576448],ARID CARBON RR SL,,gravel,M,M,,,,,,572,386,"{""A Longitud tubo sillín"": ""450 mm 17.72\"""", ""B Longitud tubo superior"": ""550 mm 21.65\"""", ""C Caída eje pedalier"": ""-75"", ""D Altura eje pedalier"": ""269 mm 10.59\"""", ""E Longitud vainas"": ""425 mm 16.73\"""", ""F Ángulo tubo sillín real"": ""73°"", ""G Ángulo tubo sillín efectivo"": ""74°"", ""H Ángulo dirección"": ""70°"", ""I Fork Offset"": ""45 mm 1.77\"""", ""J Distancia entre ejes"": ""1035 mm 40.75\"""", ""K Longitud pipa"": ""125 mm 4.92\"""", ""L Reach"": ""386 mm 15.20\"""", ""M Stack"": ""572 mm 22.52\"""", ""N Stem Length"": ""70 mm 2.76\"""", ""O Fork Height"": ""420 mm 16.54\""""}",8999,false,https://mondraker.com/es/es/arid-carbon-rr-sl1782204373,https://mondraker.com/es/es/arid-carbon-rr-sl1782204373,html,2026-10-05
Mondraker,ARID [4b576448],ARID CARBON RR SL,,gravel,M/L,M/L,,,,,,591,411,"{""A Longitud tubo sillín"": ""480 mm 18.90\"""", ""B Longitud tubo superior"": ""580 mm 22.83\"""", ""C Caída eje pedalier"": ""-75"", ""D Altura eje pedalier"": ""269 mm 10.59\"""", ""E Longitud vainas"": ""425 mm 16.73\"""", ""F Ángulo tubo sillín real"": ""73°"", ""G Ángulo tubo sillín efectivo"": ""74°"", ""H Ángulo dirección"": ""70°"", ""I Fork Offset"": ""45 mm 1.77\"""", ""J Distancia entre ejes"": ""1067 mm 42.01\"""", ""K Longitud pipa"": ""145 mm 5.71\"""", ""L Reach"": ""411 mm 16.18\"""", ""M Stack"": ""591 mm 23.27\"""", ""N Stem Length"": ""70 mm 2.76\"""", ""O Fork Height"": ""420 mm 16.54\""""}",8999,false,https://mondraker.com/es/es/arid-carbon-rr-sl1782204373,https://mondraker.com/es/es/arid-carbon-rr-sl1782204373,html,2026-10-05
Mondraker,ARID [4b576448],ARID CARBON RR SL,,gravel,L,L,,,,,,619,423,"{""A Longitud tubo sillín"": ""510 mm 20.08\"""", ""B Longitud tubo superior"": ""600 mm 23.62\"""", ""C Caída eje pedalier"": ""-75"", ""D Altura eje pedalier"": ""269 mm 10.59\"""", ""E Longitud vainas"": ""425 mm 16.73\"""", ""F Ángulo tubo sillín real"": ""73°"", ""G Ángulo tubo sillín efectivo"": ""74°"", ""H Ángulo dirección"": ""70°"", ""I Fork Offset"": ""45 mm 1.77\"""", ""J Distancia entre ejes"": ""1089 mm 42.87\"""", ""K Longitud pipa"": ""175 mm 6.89\"""", ""L Reach"": ""423 mm 16.65\"""", ""M Stack"": ""619 mm 24.37\"""", ""N Stem Length"": ""80 mm 3.15\"""", ""O Fork Height"": ""420 mm 16.54\""""}",8999,false,https://mondraker.com/es/es/arid-carbon-rr-sl1782204373,https://mondraker.com/es/es/arid-carbon-rr-sl1782204373,html,2026-10-05
Mondraker,ARID [4b576448],ARID CARBON RR SL,,gravel,XL,XL,,,,,,642,446,"{""A Longitud tubo sillín"": ""540 mm 21.26\"""", ""B Longitud tubo superior"": ""630 mm 24.80\"""", ""C Caída eje pedalier"": ""-75"", ""D Altura eje pedalier"": ""269 mm 10.59\"""", ""E Longitud vainas"": ""425 mm 16.73\"""", ""F Ángulo tubo sillín real"": ""73°"", ""G Ángulo tubo sillín efectivo"": ""74°"", ""H Ángulo dirección"": ""70°"", ""I Fork Offset"": ""45 mm 1.77\"""", ""J Distancia entre ejes"": ""1121 mm 44.13\"""", ""K Longitud pipa"": ""200 mm 7.87\"""", ""L Reach"": ""446 mm 17.56\"""", ""M Stack"": ""642 mm 25.28\"""", ""N Stem Length"": ""90 mm 3.54\"""", ""O Fork Height"": ""420 mm 16.54\""""}",8999,false,https://mondraker.com/es/es/arid-carbon-rr-sl1782204373,https://mondraker.com/es/es/arid-carbon-rr-sl1782204373,html,2026-10-05
Mondraker,ARID [4b576448],ARID CARBON RR,,gravel,S,S,,,,,,548,363,"{""A Longitud tubo sillín"": ""410 mm 16.14\"""", ""B Longitud tubo superior"": ""520 mm 20.47\"""", ""C Caída eje pedalier"": ""-75"", ""D Altura eje pedalier"": ""269 mm 10.59\"""", ""E Longitud vainas"": ""425 mm 16.73\"""", ""F Ángulo tubo sillín real"": ""73°"", ""G Ángulo tubo sillín efectivo"": ""74°"", ""H Ángulo dirección"": ""70°"", ""I Fork Offset"": ""45 mm 1.77\"""", ""J Distancia entre ejes"": ""1003 mm 39.49\"""", ""K Longitud pipa"": ""100 mm 3.94\"""", ""L Reach"": ""363 mm 14.29\"""", ""M Stack"": ""548 mm 21.57\"""", ""N Stem Length"": ""60 mm 2.36\"""", ""O Fork Height"": ""420 mm 16.54\""""}",6499,false,https://mondraker.com/es/es/arid-carbon-rr1782204395,https://mondraker.com/es/es/arid-carbon-rr1782204395,html,2026-10-05
Mondraker,ARID [4b576448],ARID CARBON RR,,gravel,M,M,,,,,,572,386,"{""A Longitud tubo sillín"": ""450 mm 17.72\"""", ""B Longitud tubo superior"": ""550 mm 21.65\"""", ""C Caída eje pedalier"": ""-75"", ""D Altura eje pedalier"": ""269 mm 10.59\"""", ""E Longitud vainas"": ""425 mm 16.73\"""", ""F Ángulo tubo sillín real"": ""73°"", ""G Ángulo tubo sillín efectivo"": ""74°"", ""H Ángulo dirección"": ""70°"", ""I Fork Offset"": ""45 mm 1.77\"""", ""J Distancia entre ejes"": ""1035 mm 40.75\"""", ""K Longitud pipa"": ""125 mm 4.92\"""", ""L Reach"": ""386 mm 15.20\"""", ""M Stack"": ""572 mm 22.52\"""", ""N Stem Length"": ""70 mm 2.76\"""", ""O Fork Height"": ""420 mm 16.54\""""}",6499,false,https://mondraker.com/es/es/arid-carbon-rr1782204395,https://mondraker.com/es/es/arid-carbon-rr1782204395,html,2026-10-05
Mondraker,ARID [4b576448],ARID CARBON RR,,gravel,M/L,M/L,,,,,,591,411,"{""A Longitud tubo sillín"": ""480 mm 18.90\"""", ""B Longitud tubo superior"": ""580 mm 22.83\"""", ""C Caída eje pedalier"": ""-75"", ""D Altura eje pedalier"": ""269 mm 10.59\"""", ""E Longitud vainas"": ""425 mm 16.73\"""", ""F Ángulo tubo sillín real"": ""73°"", ""G Ángulo tubo sillín efectivo"": ""74°"", ""H Ángulo dirección"": ""70°"", ""I Fork Offset"": ""45 mm 1.77\"""", ""J Distancia entre ejes"": ""1067 mm 42.01\"""", ""K Longitud pipa"": ""145 mm 5.71\"""", ""L Reach"": ""411 mm 16.18\"""", ""M Stack"": ""591 mm 23.27\"""", ""N Stem Length"": ""70 mm 2.76\"""", ""O Fork Height"": ""420 mm 16.54\""""}",6499,false,https://mondraker.com/es/es/arid-carbon-rr1782204395,https://mondraker.com/es/es/arid-carbon-rr1782204395,html,2026-10-05
Mondraker,ARID [4b576448],ARID CARBON RR,,gravel,L,L,,,,,,619,423,"{""A Longitud tubo sillín"": ""510 mm 20.08\"""", ""B Longitud tubo superior"": ""600 mm 23.62\"""", ""C Caída eje pedalier"": ""-75"", ""D Altura eje pedalier"": ""269 mm 10.59\"""", ""E Longitud vainas"": ""425 mm 16.73\"""", ""F Ángulo tubo sillín real"": ""73°"", ""G Ángulo tubo sillín efectivo"": ""74°"", ""H Ángulo dirección"": ""70°"", ""I Fork Offset"": ""45 mm 1.77\"""", ""J Distancia entre ejes"": ""1089 mm 42.87\"""", ""K Longitud pipa"": ""175 mm 6.89\"""", ""L Reach"": ""423 mm 16.65\"""", ""M Stack"": ""619 mm 24.37\"""", ""N Stem Length"": ""80 mm 3.15\"""", ""O Fork Height"": ""420 mm 16.54\""""}",6499,false,https://mondraker.com/es/es/arid-carbon-rr1782204395,https://mondraker.com/es/es/arid-carbon-rr1782204395,html,2026-10-05
Mondraker,ARID [4b576448],ARID CARBON RR,,gravel,XL,XL,,,,,,642,446,"{""A Longitud tubo sillín"": ""540 mm 21.26\"""", ""B Longitud tubo superior"": ""630 mm 24.80\"""", ""C Caída eje pedalier"": ""-75"", ""D Altura eje pedalier"": ""269 mm 10.59\"""", ""E Longitud vainas"": ""425 mm 16.73\"""", ""F Ángulo tubo sillín real"": ""73°"", ""G Ángulo tubo sillín efectivo"": ""74°"", ""H Ángulo dirección"": ""70°"", ""I Fork Offset"": ""45 mm 1.77\"""", ""J Distancia entre ejes"": ""1121 mm 44.13\"""", ""K Longitud pipa"": ""200 mm 7.87\"""", ""L Reach"": ""446 mm 17.56\"""", ""M Stack"": ""642 mm 25.28\"""", ""N Stem Length"": ""90 mm 3.54\"""", ""O Fork Height"": ""420 mm 16.54\""""}",6499,false,https://mondraker.com/es/es/arid-carbon-rr1782204395,https://mondraker.com/es/es/arid-carbon-rr1782204395,html,2026-10-05
Mondraker,ARID [4b576448],ARID CARBON RS,,gravel,S,S,,,,,,548,363,"{""A Longitud tubo sillín"": ""410 mm 16.14\"""", ""B Longitud tubo superior"": ""520 mm 20.47\"""", ""C Caída eje pedalier"": ""-75"", ""D Altura eje pedalier"": ""269 mm 10.59\"""", ""E Longitud vainas"": ""425 mm 16.73\"""", ""F Ángulo tubo sillín real"": ""73°"", ""G Ángulo tubo sillín efectivo"": ""74°"", ""H Ángulo dirección"": ""70°"", ""I Fork Offset"": ""45 mm 1.77\"""", ""J Distancia entre ejes"": ""1003 mm 39.49\"""", ""K Longitud pipa"": ""100 mm 3.94\"""", ""L Reach"": ""363 mm 14.29\"""", ""M Stack"": ""548 mm 21.57\"""", ""N Stem Length"": ""60 mm 2.36\"""", ""O Fork Height"": ""420 mm 16.54\""""}",5399,false,https://mondraker.com/es/es/arid-carbon-rs,https://mondraker.com/es/es/arid-carbon-rs,html,2026-10-05
Mondraker,ARID [4b576448],ARID CARBON RS,,gravel,M,M,,,,,,572,386,"{""A Longitud tubo sillín"": ""450 mm 17.72\"""", ""B Longitud tubo superior"": ""550 mm 21.65\"""", ""C Caída eje pedalier"": ""-75"", ""D Altura eje pedalier"": ""269 mm 10.59\"""", ""E Longitud vainas"": ""425 mm 16.73\"""", ""F Ángulo tubo sillín real"": ""73°"", ""G Ángulo tubo sillín efectivo"": ""74°"", ""H Ángulo dirección"": ""70°"", ""I Fork Offset"": ""45 mm 1.77\"""", ""J Distancia entre ejes"": ""1035 mm 40.75\"""", ""K Longitud pipa"": ""125 mm 4.92\"""", ""L Reach"": ""386 mm 15.20\"""", ""M Stack"": ""572 mm 22.52\"""", ""N Stem Length"": ""70 mm 2.76\"""", ""O Fork Height"": ""420 mm 16.54\""""}",5399,false,https://mondraker.com/es/es/arid-carbon-rs,https://mondraker.com/es/es/arid-carbon-rs,html,2026-10-05
Mondraker,ARID [4b576448],ARID CARBON RS,,gravel,M/L,M/L,,,,,,591,411,"{""A Longitud tubo sillín"": ""480 mm 18.90\"""", ""B Longitud tubo superior"": ""580 mm 22.83\"""", ""C Caída eje pedalier"": ""-75"", ""D Altura eje pedalier"": ""269 mm 10.59\"""", ""E Longitud vainas"": ""425 mm 16.73\"""", ""F Ángulo tubo sillín real"": ""73°"", ""G Ángulo tubo sillín efectivo"": ""74°"", ""H Ángulo dirección"": ""70°"", ""I Fork Offset"": ""45 mm 1.77\"""", ""J Distancia entre ejes"": ""1067 mm 42.01\"""", ""K Longitud pipa"": ""145 mm 5.71\"""", ""L Reach"": ""411 mm 16.18\"""", ""M Stack"": ""591 mm 23.27\"""", ""N Stem Length"": ""70 mm 2.76\"""", ""O Fork Height"": ""420 mm 16.54\""""}",5399,false,https://mondraker.com/es/es/arid-carbon-rs,https://mondraker.com/es/es/arid-carbon-rs,html,2026-10-05
Mondraker,ARID [4b576448],ARID CARBON RS,,gravel,L,L,,,,,,619,423,"{""A Longitud tubo sillín"": ""510 mm 20.08\"""", ""B Longitud tubo superior"": ""600 mm 23.62\"""", ""C Caída eje pedalier"": ""-75"", ""D Altura eje pedalier"": ""269 mm 10.59\"""", ""E Longitud vainas"": ""425 mm 16.73\"""", ""F Ángulo tubo sillín real"": ""73°"", ""G Ángulo tubo sillín efectivo"": ""74°"", ""H Ángulo dirección"": ""70°"", ""I Fork Offset"": ""45 mm 1.77\"""", ""J Distancia entre ejes"": ""1089 mm 42.87\"""", ""K Longitud pipa"": ""175 mm 6.89\"""", ""L Reach"": ""423 mm 16.65\"""", ""M Stack"": ""619 mm 24.37\"""", ""N Stem Length"": ""80 mm 3.15\"""", ""O Fork Height"": ""420 mm 16.54\""""}",5399,false,https://mondraker.com/es/es/arid-carbon-rs,https://mondraker.com/es/es/arid-carbon-rs,html,2026-10-05
Mondraker,ARID [4b576448],ARID CARBON RS,,gravel,XL,XL,,,,,,642,446,"{""A Longitud tubo sillín"": ""540 mm 21.26\"""", ""B Longitud tubo superior"": ""630 mm 24.80\"""", ""C Caída eje pedalier"": ""-75"", ""D Altura eje pedalier"": ""269 mm 10.59\"""", ""E Longitud vainas"": ""425 mm 16.73\"""", ""F Ángulo tubo sillín real"": ""73°"", ""G Ángulo tubo sillín efectivo"": ""74°"", ""H Ángulo dirección"": ""70°"", ""I Fork Offset"": ""45 mm 1.77\"""", ""J Distancia entre ejes"": ""1121 mm 44.13\"""", ""K Longitud pipa"": ""200 mm 7.87\"""", ""L Reach"": ""446 mm 17.56\"""", ""M Stack"": ""642 mm 25.28\"""", ""N Stem Length"": ""90 mm 3.54\"""", ""O Fork Height"": ""420 mm 16.54\""""}",5399,false,https://mondraker.com/es/es/arid-carbon-rs,https://mondraker.com/es/es/arid-carbon-rs,html,2026-10-05
Mondraker,ARID [4b576448],ARID CARBON R,,gravel,S,S,,,,,,548,363,"{""A Longitud tubo sillín"": ""410 mm 16.14\"""", ""B Longitud tubo superior"": ""520 mm 20.47\"""", ""C Caída eje pedalier"": ""-75"", ""D Altura eje pedalier"": ""269 mm 10.59\"""", ""E Longitud vainas"": ""425 mm 16.73\"""", ""F Ángulo tubo sillín real"": ""73°"", ""G Ángulo tubo sillín efectivo"": ""74°"", ""H Ángulo dirección"": ""70°"", ""I Fork Offset"": ""45 mm 1.77\"""", ""J Distancia entre ejes"": ""1003 mm 39.49\"""", ""K Longitud pipa"": ""100 mm 3.94\"""", ""L Reach"": ""363 mm 14.29\"""", ""M Stack"": ""548 mm 21.57\"""", ""N Stem Length"": ""60 mm 2.36\"""", ""O Fork Height"": ""420 mm 16.54\""""}",4499,false,https://mondraker.com/es/es/arid-carbon-r1782204445,https://mondraker.com/es/es/arid-carbon-r1782204445,html,2026-10-05
Mondraker,ARID [4b576448],ARID CARBON R,,gravel,M,M,,,,,,572,386,"{""A Longitud tubo sillín"": ""450 mm 17.72\"""", ""B Longitud tubo superior"": ""550 mm 21.65\"""", ""C Caída eje pedalier"": ""-75"", ""D Altura eje pedalier"": ""269 mm 10.59\"""", ""E Longitud vainas"": ""425 mm 16.73\"""", ""F Ángulo tubo sillín real"": ""73°"", ""G Ángulo tubo sillín efectivo"": ""74°"", ""H Ángulo dirección"": ""70°"", ""I Fork Offset"": ""45 mm 1.77\"""", ""J Distancia entre ejes"": ""1035 mm 40.75\"""", ""K Longitud pipa"": ""125 mm 4.92\"""", ""L Reach"": ""386 mm 15.20\"""", ""M Stack"": ""572 mm 22.52\"""", ""N Stem Length"": ""70 mm 2.76\"""", ""O Fork Height"": ""420 mm 16.54\""""}",4499,false,https://mondraker.com/es/es/arid-carbon-r1782204445,https://mondraker.com/es/es/arid-carbon-r1782204445,html,2026-10-05
Mondraker,ARID [4b576448],ARID CARBON R,,gravel,M/L,M/L,,,,,,591,411,"{""A Longitud tubo sillín"": ""480 mm 18.90\"""", ""B Longitud tubo superior"": ""580 mm 22.83\"""", ""C Caída eje pedalier"": ""-75"", ""D Altura eje pedalier"": ""269 mm 10.59\"""", ""E Longitud vainas"": ""425 mm 16.73\"""", ""F Ángulo tubo sillín real"": ""73°"", ""G Ángulo tubo sillín efectivo"": ""74°"", ""H Ángulo dirección"": ""70°"", ""I Fork Offset"": ""45 mm 1.77\"""", ""J Distancia entre ejes"": ""1067 mm 42.01\"""", ""K Longitud pipa"": ""145 mm 5.71\"""", ""L Reach"": ""411 mm 16.18\"""", ""M Stack"": ""591 mm 23.27\"""", ""N Stem Length"": ""70 mm 2.76\"""", ""O Fork Height"": ""420 mm 16.54\""""}",4499,false,https://mondraker.com/es/es/arid-carbon-r1782204445,https://mondraker.com/es/es/arid-carbon-r1782204445,html,2026-10-05
Mondraker,ARID [4b576448],ARID CARBON R,,gravel,L,L,,,,,,619,423,"{""A Longitud tubo sillín"": ""510 mm 20.08\"""", ""B Longitud tubo superior"": ""600 mm 23.62\"""", ""C Caída eje pedalier"": ""-75"", ""D Altura eje pedalier"": ""269 mm 10.59\"""", ""E Longitud vainas"": ""425 mm 16.73\"""", ""F Ángulo tubo sillín real"": ""73°"", ""G Ángulo tubo sillín efectivo"": ""74°"", ""H Ángulo dirección"": ""70°"", ""I Fork Offset"": ""45 mm 1.77\"""", ""J Distancia entre ejes"": ""1089 mm 42.87\"""", ""K Longitud pipa"": ""175 mm 6.89\"""", ""L Reach"": ""423 mm 16.65\"""", ""M Stack"": ""619 mm 24.37\"""", ""N Stem Length"": ""80 mm 3.15\"""", ""O Fork Height"": ""420 mm 16.54\""""}",4499,false,https://mondraker.com/es/es/arid-carbon-r1782204445,https://mondraker.com/es/es/arid-carbon-r1782204445,html,2026-10-05
Mondraker,ARID [4b576448],ARID CARBON R,,gravel,XL,XL,,,,,,642,446,"{""A Longitud tubo sillín"": ""540 mm 21.26\"""", ""B Longitud tubo superior"": ""630 mm 24.80\"""", ""C Caída eje pedalier"": ""-75"", ""D Altura eje pedalier"": ""269 mm 10.59\"""", ""E Longitud vainas"": ""425 mm 16.73\"""", ""F Ángulo tubo sillín real"": ""73°"", ""G Ángulo tubo sillín efectivo"": ""74°"", ""H Ángulo dirección"": ""70°"", ""I Fork Offset"": ""45 mm 1.77\"""", ""J Distancia entre ejes"": ""1121 mm 44.13\"""", ""K Longitud pipa"": ""200 mm 7.87\"""", ""L Reach"": ""446 mm 17.56\"""", ""M Stack"": ""642 mm 25.28\"""", ""N Stem Length"": ""90 mm 3.54\"""", ""O Fork Height"": ""420 mm 16.54\""""}",4499,false,https://mondraker.com/es/es/arid-carbon-r1782204445,https://mondraker.com/es/es/arid-carbon-r1782204445,html,2026-10-05
Mondraker,ARID [4b576448],ARID CARBON S AXS,,gravel,S,S,,,,,,548,363,"{""A Longitud tubo sillín"": ""410 mm 16.14\"""", ""B Longitud tubo superior"": ""520 mm 20.47\"""", ""C Caída eje pedalier"": ""-75"", ""D Altura eje pedalier"": ""269 mm 10.59\"""", ""E Longitud vainas"": ""425 mm 16.73\"""", ""F Ángulo tubo sillín real"": ""73°"", ""G Ángulo tubo sillín efectivo"": ""74°"", ""H Ángulo dirección"": ""70°"", ""I Fork Offset"": ""45 mm 1.77\"""", ""J Distancia entre ejes"": ""1003 mm 39.49\"""", ""K Longitud pipa"": ""100 mm 3.94\"""", ""L Reach"": ""363 mm 14.29\"""", ""M Stack"": ""548 mm 21.57\"""", ""N Stem Length"": ""60 mm 2.36\"""", ""O Fork Height"": ""420 mm 16.54\""""}",3499,false,https://mondraker.com/es/es/arid-carbon-s-axs,https://mondraker.com/es/es/arid-carbon-s-axs,html,2026-10-05
Mondraker,ARID [4b576448],ARID CARBON S AXS,,gravel,M,M,,,,,,572,386,"{""A Longitud tubo sillín"": ""450 mm 17.72\"""", ""B Longitud tubo superior"": ""550 mm 21.65\"""", ""C Caída eje pedalier"": ""-75"", ""D Altura eje pedalier"": ""269 mm 10.59\"""", ""E Longitud vainas"": ""425 mm 16.73\"""", ""F Ángulo tubo sillín real"": ""73°"", ""G Ángulo tubo sillín efectivo"": ""74°"", ""H Ángulo dirección"": ""70°"", ""I Fork Offset"": ""45 mm 1.77\"""", ""J Distancia entre ejes"": ""1035 mm 40.75\"""", ""K Longitud pipa"": ""125 mm 4.92\"""", ""L Reach"": ""386 mm 15.20\"""", ""M Stack"": ""572 mm 22.52\"""", ""N Stem Length"": ""70 mm 2.76\"""", ""O Fork Height"": ""420 mm 16.54\""""}",3499,false,https://mondraker.com/es/es/arid-carbon-s-axs,https://mondraker.com/es/es/arid-carbon-s-axs,html,2026-10-05
Mondraker,ARID [4b576448],ARID CARBON S AXS,,gravel,M/L,M/L,,,,,,591,411,"{""A Longitud tubo sillín"": ""480 mm 18.90\"""", ""B Longitud tubo superior"": ""580 mm 22.83\"""", ""C Caída eje pedalier"": ""-75"", ""D Altura eje pedalier"": ""269 mm 10.59\"""", ""E Longitud vainas"": ""425 mm 16.73\"""", ""F Ángulo tubo sillín real"": ""73°"", ""G Ángulo tubo sillín efectivo"": ""74°"", ""H Ángulo dirección"": ""70°"", ""I Fork Offset"": ""45 mm 1.77\"""", ""J Distancia entre ejes"": ""1067 mm 42.01\"""", ""K Longitud pipa"": ""145 mm 5.71\"""", ""L Reach"": ""411 mm 16.18\"""", ""M Stack"": ""591 mm 23.27\"""", ""N Stem Length"": ""70 mm 2.76\"""", ""O Fork Height"": ""420 mm 16.54\""""}",3499,false,https://mondraker.com/es/es/arid-carbon-s-axs,https://mondraker.com/es/es/arid-carbon-s-axs,html,2026-10-05
Mondraker,ARID [4b576448],ARID CARBON S AXS,,gravel,L,L,,,,,,619,423,"{""A Longitud tubo sillín"": ""510 mm 20.08\"""", ""B Longitud tubo superior"": ""600 mm 23.62\"""", ""C Caída eje pedalier"": ""-75"", ""D Altura eje pedalier"": ""269 mm 10.59\"""", ""E Longitud vainas"": ""425 mm 16.73\"""", ""F Ángulo tubo sillín real"": ""73°"", ""G Ángulo tubo sillín efectivo"": ""74°"", ""H Ángulo dirección"": ""70°"", ""I Fork Offset"": ""45 mm 1.77\"""", ""J Distancia entre ejes"": ""1089 mm 42.87\"""", ""K Longitud pipa"": ""175 mm 6.89\"""", ""L Reach"": ""423 mm 16.65\"""", ""M Stack"": ""619 mm 24.37\"""", ""N Stem Length"": ""80 mm 3.15\"""", ""O Fork Height"": ""420 mm 16.54\""""}",3499,false,https://mondraker.com/es/es/arid-carbon-s-axs,https://mondraker.com/es/es/arid-carbon-s-axs,html,2026-10-05
Mondraker,ARID [4b576448],ARID CARBON S AXS,,gravel,XL,XL,,,,,,642,446,"{""A Longitud tubo sillín"": ""540 mm 21.26\"""", ""B Longitud tubo superior"": ""630 mm 24.80\"""", ""C Caída eje pedalier"": ""-75"", ""D Altura eje pedalier"": ""269 mm 10.59\"""", ""E Longitud vainas"": ""425 mm 16.73\"""", ""F Ángulo tubo sillín real"": ""73°"", ""G Ángulo tubo sillín efectivo"": ""74°"", ""H Ángulo dirección"": ""70°"", ""I Fork Offset"": ""45 mm 1.77\"""", ""J Distancia entre ejes"": ""1121 mm 44.13\"""", ""K Longitud pipa"": ""200 mm 7.87\"""", ""L Reach"": ""446 mm 17.56\"""", ""M Stack"": ""642 mm 25.28\"""", ""N Stem Length"": ""90 mm 3.54\"""", ""O Fork Height"": ""420 mm 16.54\""""}",3499,false,https://mondraker.com/es/es/arid-carbon-s-axs,https://mondraker.com/es/es/arid-carbon-s-axs,html,2026-10-05
Mondraker,ARID [4b576448],ARID CARBON S GRX,,gravel,S,S,,,,,,548,363,"{""A Longitud tubo sillín"": ""410 mm 16.14\"""", ""B Longitud tubo superior"": ""520 mm 20.47\"""", ""C Caída eje pedalier"": ""-75"", ""D Altura eje pedalier"": ""269 mm 10.59\"""", ""E Longitud vainas"": ""425 mm 16.73\"""", ""F Ángulo tubo sillín real"": ""73°"", ""G Ángulo tubo sillín efectivo"": ""74°"", ""H Ángulo dirección"": ""70°"", ""I Fork Offset"": ""45 mm 1.77\"""", ""J Distancia entre ejes"": ""1003 mm 39.49\"""", ""K Longitud pipa"": ""100 mm 3.94\"""", ""L Reach"": ""363 mm 14.29\"""", ""M Stack"": ""548 mm 21.57\"""", ""N Stem Length"": ""60 mm 2.36\"""", ""O Fork Height"": ""420 mm 16.54\""""}",2999,false,https://mondraker.com/es/es/arid-carbon-s-grx,https://mondraker.com/es/es/arid-carbon-s-grx,html,2026-10-05
Mondraker,ARID [4b576448],ARID CARBON S GRX,,gravel,M,M,,,,,,572,386,"{""A Longitud tubo sillín"": ""450 mm 17.72\"""", ""B Longitud tubo superior"": ""550 mm 21.65\"""", ""C Caída eje pedalier"": ""-75"", ""D Altura eje pedalier"": ""269 mm 10.59\"""", ""E Longitud vainas"": ""425 mm 16.73\"""", ""F Ángulo tubo sillín real"": ""73°"", ""G Ángulo tubo sillín efectivo"": ""74°"", ""H Ángulo dirección"": ""70°"", ""I Fork Offset"": ""45 mm 1.77\"""", ""J Distancia entre ejes"": ""1035 mm 40.75\"""", ""K Longitud pipa"": ""125 mm 4.92\"""", ""L Reach"": ""386 mm 15.20\"""", ""M Stack"": ""572 mm 22.52\"""", ""N Stem Length"": ""70 mm 2.76\"""", ""O Fork Height"": ""420 mm 16.54\""""}",2999,false,https://mondraker.com/es/es/arid-carbon-s-grx,https://mondraker.com/es/es/arid-carbon-s-grx,html,2026-10-05
Mondraker,ARID [4b576448],ARID CARBON S GRX,,gravel,M/L,M/L,,,,,,591,411,"{""A Longitud tubo sillín"": ""480 mm 18.90\"""", ""B Longitud tubo superior"": ""580 mm 22.83\"""", ""C Caída eje pedalier"": ""-75"", ""D Altura eje pedalier"": ""269 mm 10.59\"""", ""E Longitud vainas"": ""425 mm 16.73\"""", ""F Ángulo tubo sillín real"": ""73°"", ""G Ángulo tubo sillín efectivo"": ""74°"", ""H Ángulo dirección"": ""70°"", ""I Fork Offset"": ""45 mm 1.77\"""", ""J Distancia entre ejes"": ""1067 mm 42.01\"""", ""K Longitud pipa"": ""145 mm 5.71\"""", ""L Reach"": ""411 mm 16.18\"""", ""M Stack"": ""591 mm 23.27\"""", ""N Stem Length"": ""70 mm 2.76\"""", ""O Fork Height"": ""420 mm 16.54\""""}",2999,false,https://mondraker.com/es/es/arid-carbon-s-grx,https://mondraker.com/es/es/arid-carbon-s-grx,html,2026-10-05
Mondraker,ARID [4b576448],ARID CARBON S GRX,,gravel,L,L,,,,,,619,423,"{""A Longitud tubo sillín"": ""510 mm 20.08\"""", ""B Longitud tubo superior"": ""600 mm 23.62\"""", ""C Caída eje pedalier"": ""-75"", ""D Altura eje pedalier"": ""269 mm 10.59\"""", ""E Longitud vainas"": ""425 mm 16.73\"""", ""F Ángulo tubo sillín real"": ""73°"", ""G Ángulo tubo sillín efectivo"": ""74°"", ""H Ángulo dirección"": ""70°"", ""I Fork Offset"": ""45 mm 1.77\"""", ""J Distancia entre ejes"": ""1089 mm 42.87\"""", ""K Longitud pipa"": ""175 mm 6.89\"""", ""L Reach"": ""423 mm 16.65\"""", ""M Stack"": ""619 mm 24.37\"""", ""N Stem Length"": ""80 mm 3.15\"""", ""O Fork Height"": ""420 mm 16.54\""""}",2999,false,https://mondraker.com/es/es/arid-carbon-s-grx,https://mondraker.com/es/es/arid-carbon-s-grx,html,2026-10-05
Mondraker,ARID [4b576448],ARID CARBON S GRX,,gravel,XL,XL,,,,,,642,446,"{""A Longitud tubo sillín"": ""540 mm 21.26\"""", ""B Longitud tubo superior"": ""630 mm 24.80\"""", ""C Caída eje pedalier"": ""-75"", ""D Altura eje pedalier"": ""269 mm 10.59\"""", ""E Longitud vainas"": ""425 mm 16.73\"""", ""F Ángulo tubo sillín real"": ""73°"", ""G Ángulo tubo sillín efectivo"": ""74°"", ""H Ángulo dirección"": ""70°"", ""I Fork Offset"": ""45 mm 1.77\"""", ""J Distancia entre ejes"": ""1121 mm 44.13\"""", ""K Longitud pipa"": ""200 mm 7.87\"""", ""L Reach"": ""446 mm 17.56\"""", ""M Stack"": ""642 mm 25.28\"""", ""N Stem Length"": ""90 mm 3.54\"""", ""O Fork Height"": ""420 mm 16.54\""""}",2999,false,https://mondraker.com/es/es/arid-carbon-s-grx,https://mondraker.com/es/es/arid-carbon-s-grx,html,2026-10-05
Mondraker,ARID [4b576448],ARID R,,gravel,S,S,,,,,,548,363,"{""A Longitud tubo sillín"": ""410 mm 16.14\"""", ""B Longitud tubo superior"": ""520 mm 20.47\"""", ""C Caída eje pedalier"": ""-75"", ""D Altura eje pedalier"": ""269 mm 10.59\"""", ""E Longitud vainas"": ""425 mm 16.73\"""", ""F Ángulo tubo sillín real"": ""73°"", ""G Ángulo tubo sillín efectivo"": ""74°"", ""H Ángulo dirección"": ""70°"", ""I Fork Offset"": ""45 mm 1.77\"""", ""J Distancia entre ejes"": ""1003 mm 39.49\"""", ""K Longitud pipa"": ""100 mm 3.94\"""", ""L Reach"": ""363 mm 14.29\"""", ""M Stack"": ""548 mm 21.57\"""", ""N Stem Length"": ""60 mm 2.36\"""", ""O Fork Height"": ""420 mm 16.54\""""}",2699,false,https://mondraker.com/es/es/arid-r1782978331,https://mondraker.com/es/es/arid-r1782978331,html,2026-10-05
Mondraker,ARID [4b576448],ARID R,,gravel,M,M,,,,,,572,386,"{""A Longitud tubo sillín"": ""450 mm 17.72\"""", ""B Longitud tubo superior"": ""550 mm 21.65\"""", ""C Caída eje pedalier"": ""-75"", ""D Altura eje pedalier"": ""269 mm 10.59\"""", ""E Longitud vainas"": ""425 mm 16.73\"""", ""F Ángulo tubo sillín real"": ""73°"", ""G Ángulo tubo sillín efectivo"": ""74°"", ""H Ángulo dirección"": ""70°"", ""I Fork Offset"": ""45 mm 1.77\"""", ""J Distancia entre ejes"": ""1035 mm 40.75\"""", ""K Longitud pipa"": ""125 mm 4.92\"""", ""L Reach"": ""386 mm 15.20\"""", ""M Stack"": ""572 mm 22.52\"""", ""N Stem Length"": ""70 mm 2.76\"""", ""O Fork Height"": ""420 mm 16.54\""""}",2699,false,https://mondraker.com/es/es/arid-r1782978331,https://mondraker.com/es/es/arid-r1782978331,html,2026-10-05
Mondraker,ARID [4b576448],ARID R,,gravel,M/L,M/L,,,,,,591,411,"{""A Longitud tubo sillín"": ""480 mm 18.90\"""", ""B Longitud tubo superior"": ""580 mm 22.83\"""", ""C Caída eje pedalier"": ""-75"", ""D Altura eje pedalier"": ""269 mm 10.59\"""", ""E Longitud vainas"": ""425 mm 16.73\"""", ""F Ángulo tubo sillín real"": ""73°"", ""G Ángulo tubo sillín efectivo"": ""74°"", ""H Ángulo dirección"": ""70°"", ""I Fork Offset"": ""45 mm 1.77\"""", ""J Distancia entre ejes"": ""1067 mm 42.01\"""", ""K Longitud pipa"": ""145 mm 5.71\"""", ""L Reach"": ""411 mm 16.18\"""", ""M Stack"": ""591 mm 23.27\"""", ""N Stem Length"": ""70 mm 2.76\"""", ""O Fork Height"": ""420 mm 16.54\""""}",2699,false,https://mondraker.com/es/es/arid-r1782978331,https://mondraker.com/es/es/arid-r1782978331,html,2026-10-05
Mondraker,ARID [4b576448],ARID R,,gravel,L,L,,,,,,619,423,"{""A Longitud tubo sillín"": ""510 mm 20.08\"""", ""B Longitud tubo superior"": ""600 mm 23.62\"""", ""C Caída eje pedalier"": ""-75"", ""D Altura eje pedalier"": ""269 mm 10.59\"""", ""E Longitud vainas"": ""425 mm 16.73\"""", ""F Ángulo tubo sillín real"": ""73°"", ""G Ángulo tubo sillín efectivo"": ""74°"", ""H Ángulo dirección"": ""70°"", ""I Fork Offset"": ""45 mm 1.77\"""", ""J Distancia entre ejes"": ""1089 mm 42.87\"""", ""K Longitud pipa"": ""175 mm 6.89\"""", ""L Reach"": ""423 mm 16.65\"""", ""M Stack"": ""619 mm 24.37\"""", ""N Stem Length"": ""80 mm 3.15\"""", ""O Fork Height"": ""420 mm 16.54\""""}",2699,false,https://mondraker.com/es/es/arid-r1782978331,https://mondraker.com/es/es/arid-r1782978331,html,2026-10-05
Mondraker,ARID [4b576448],ARID R,,gravel,XL,XL,,,,,,642,446,"{""A Longitud tubo sillín"": ""540 mm 21.26\"""", ""B Longitud tubo superior"": ""630 mm 24.80\"""", ""C Caída eje pedalier"": ""-75"", ""D Altura eje pedalier"": ""269 mm 10.59\"""", ""E Longitud vainas"": ""425 mm 16.73\"""", ""F Ángulo tubo sillín real"": ""73°"", ""G Ángulo tubo sillín efectivo"": ""74°"", ""H Ángulo dirección"": ""70°"", ""I Fork Offset"": ""45 mm 1.77\"""", ""J Distancia entre ejes"": ""1121 mm 44.13\"""", ""K Longitud pipa"": ""200 mm 7.87\"""", ""L Reach"": ""446 mm 17.56\"""", ""M Stack"": ""642 mm 25.28\"""", ""N Stem Length"": ""90 mm 3.54\"""", ""O Fork Height"": ""420 mm 16.54\""""}",2699,false,https://mondraker.com/es/es/arid-r1782978331,https://mondraker.com/es/es/arid-r1782978331,html,2026-10-05
Mondraker,ARID [4b576448],ARID S,,gravel,S,S,,,,,,548,363,"{""A Longitud tubo sillín"": ""410 mm 16.14\"""", ""B Longitud tubo superior"": ""520 mm 20.47\"""", ""C Caída eje pedalier"": ""-75"", ""D Altura eje pedalier"": ""269 mm 10.59\"""", ""E Longitud vainas"": ""425 mm 16.73\"""", ""F Ángulo tubo sillín real"": ""73°"", ""G Ángulo tubo sillín efectivo"": ""74°"", ""H Ángulo dirección"": ""70°"", ""I Fork Offset"": ""45 mm 1.77\"""", ""J Distancia entre ejes"": ""1003 mm 39.49\"""", ""K Longitud pipa"": ""100 mm 3.94\"""", ""L Reach"": ""363 mm 14.29\"""", ""M Stack"": ""548 mm 21.57\"""", ""N Stem Length"": ""60 mm 2.36\"""", ""O Fork Height"": ""420 mm 16.54\""""}",2299,false,https://mondraker.com/es/es/arid-s1782978419,https://mondraker.com/es/es/arid-s1782978419,html,2026-10-05
Mondraker,ARID [4b576448],ARID S,,gravel,M,M,,,,,,572,386,"{""A Longitud tubo sillín"": ""450 mm 17.72\"""", ""B Longitud tubo superior"": ""550 mm 21.65\"""", ""C Caída eje pedalier"": ""-75"", ""D Altura eje pedalier"": ""269 mm 10.59\"""", ""E Longitud vainas"": ""425 mm 16.73\"""", ""F Ángulo tubo sillín real"": ""73°"", ""G Ángulo tubo sillín efectivo"": ""74°"", ""H Ángulo dirección"": ""70°"", ""I Fork Offset"": ""45 mm 1.77\"""", ""J Distancia entre ejes"": ""1035 mm 40.75\"""", ""K Longitud pipa"": ""125 mm 4.92\"""", ""L Reach"": ""386 mm 15.20\"""", ""M Stack"": ""572 mm 22.52\"""", ""N Stem Length"": ""70 mm 2.76\"""", ""O Fork Height"": ""420 mm 16.54\""""}",2299,false,https://mondraker.com/es/es/arid-s1782978419,https://mondraker.com/es/es/arid-s1782978419,html,2026-10-05
Mondraker,ARID [4b576448],ARID S,,gravel,M/L,M/L,,,,,,591,411,"{""A Longitud tubo sillín"": ""480 mm 18.90\"""", ""B Longitud tubo superior"": ""580 mm 22.83\"""", ""C Caída eje pedalier"": ""-75"", ""D Altura eje pedalier"": ""269 mm 10.59\"""", ""E Longitud vainas"": ""425 mm 16.73\"""", ""F Ángulo tubo sillín real"": ""73°"", ""G Ángulo tubo sillín efectivo"": ""74°"", ""H Ángulo dirección"": ""70°"", ""I Fork Offset"": ""45 mm 1.77\"""", ""J Distancia entre ejes"": ""1067 mm 42.01\"""", ""K Longitud pipa"": ""145 mm 5.71\"""", ""L Reach"": ""411 mm 16.18\"""", ""M Stack"": ""591 mm 23.27\"""", ""N Stem Length"": ""70 mm 2.76\"""", ""O Fork Height"": ""420 mm 16.54\""""}",2299,false,https://mondraker.com/es/es/arid-s1782978419,https://mondraker.com/es/es/arid-s1782978419,html,2026-10-05
Mondraker,ARID [4b576448],ARID S,,gravel,L,L,,,,,,619,423,"{""A Longitud tubo sillín"": ""510 mm 20.08\"""", ""B Longitud tubo superior"": ""600 mm 23.62\"""", ""C Caída eje pedalier"": ""-75"", ""D Altura eje pedalier"": ""269 mm 10.59\"""", ""E Longitud vainas"": ""425 mm 16.73\"""", ""F Ángulo tubo sillín real"": ""73°"", ""G Ángulo tubo sillín efectivo"": ""74°"", ""H Ángulo dirección"": ""70°"", ""I Fork Offset"": ""45 mm 1.77\"""", ""J Distancia entre ejes"": ""1089 mm 42.87\"""", ""K Longitud pipa"": ""175 mm 6.89\"""", ""L Reach"": ""423 mm 16.65\"""", ""M Stack"": ""619 mm 24.37\"""", ""N Stem Length"": ""80 mm 3.15\"""", ""O Fork Height"": ""420 mm 16.54\""""}",2299,false,https://mondraker.com/es/es/arid-s1782978419,https://mondraker.com/es/es/arid-s1782978419,html,2026-10-05
Mondraker,ARID [4b576448],ARID S,,gravel,XL,XL,,,,,,642,446,"{""A Longitud tubo sillín"": ""540 mm 21.26\"""", ""B Longitud tubo superior"": ""630 mm 24.80\"""", ""C Caída eje pedalier"": ""-75"", ""D Altura eje pedalier"": ""269 mm 10.59\"""", ""E Longitud vainas"": ""425 mm 16.73\"""", ""F Ángulo tubo sillín real"": ""73°"", ""G Ángulo tubo sillín efectivo"": ""74°"", ""H Ángulo dirección"": ""70°"", ""I Fork Offset"": ""45 mm 1.77\"""", ""J Distancia entre ejes"": ""1121 mm 44.13\"""", ""K Longitud pipa"": ""200 mm 7.87\"""", ""L Reach"": ""446 mm 17.56\"""", ""M Stack"": ""642 mm 25.28\"""", ""N Stem Length"": ""90 mm 3.54\"""", ""O Fork Height"": ""420 mm 16.54\""""}",2299,false,https://mondraker.com/es/es/arid-s1782978419,https://mondraker.com/es/es/arid-s1782978419,html,2026-10-05
Mondraker,DUNE [3cc29da5],DUNE RR,,emtb,S,S,,,,,,621,445,"{""A Longitud tubo sillín"": ""380mm 14.96\"""", ""B Longitud tubo superior"": ""600mm 23.62\"""", ""C Caída eje pedalier"": ""-21/0mm -0.83\"""", ""D Altura eje pedalier"": ""352mm 13.86\"""", ""E Longitud vainas"": ""445mm 17.52\"""", ""F Ángulo tubo sillín real"": ""74,0º"", ""G Ángulo tubo sillín efectivo"": ""77,5°"", ""H Ángulo dirección"": ""64º"", ""I Fork Offset"": ""44mm 1.73\"""", ""J Distancia entre ejes"": ""1232mm 48.50\"""", ""K Longitud pipa"": ""100mm 3.94\"""", ""L Reach"": ""445mm 17.52\"""", ""M Stack"": ""621mm 24.45\""""}",9999,false,https://mondraker.com/es/es/dune-rr1759484624,https://mondraker.com/es/es/dune-rr1759484624,html,2026-10-05
Mondraker,DUNE [3cc29da5],DUNE RR,,emtb,M,M,,,,,,630,465,"{""A Longitud tubo sillín"": ""420mm 16.54\"""", ""B Longitud tubo superior"": ""620mm 24.41\"""", ""C Caída eje pedalier"": ""-21/0mm -0.83\"""", ""D Altura eje pedalier"": ""352mm 13.86\"""", ""E Longitud vainas"": ""445 mm 17.52\"""", ""F Ángulo tubo sillín real"": ""74,0º"", ""G Ángulo tubo sillín efectivo"": ""77,5°"", ""H Ángulo dirección"": ""64º"", ""I Fork Offset"": ""44mm 1.73\"""", ""J Distancia entre ejes"": ""1256mm 49.45\"""", ""K Longitud pipa"": ""110mm 4.33\"""", ""L Reach"": ""465mm 18.31\"""", ""M Stack"": ""630mm 24.80\""""}",9999,false,https://mondraker.com/es/es/dune-rr1759484624,https://mondraker.com/es/es/dune-rr1759484624,html,2026-10-05
Mondraker,DUNE [3cc29da5],DUNE RR,,emtb,L,L,,,,,,648,485,"{""A Longitud tubo sillín"": ""450mm 17.72\"""", ""B Longitud tubo superior"": ""645mm 25.39\"""", ""C Caída eje pedalier"": ""-21/0mm -0.83\"""", ""D Altura eje pedalier"": ""352mm 13.86\"""", ""E Longitud vainas"": ""445mm 17.52\"""", ""F Ángulo tubo sillín real"": ""74,0º"", ""G Ángulo tubo sillín efectivo"": ""77,5°"", ""H Ángulo dirección"": ""64º"", ""I Fork Offset"": ""44mm 1.73\"""", ""J Distancia entre ejes"": ""1285mm 50.59\"""", ""K Longitud pipa"": ""130mm 5.12\"""", ""L Reach"": ""485mm 19.09\"""", ""M Stack"": ""648mm 25.51\""""}",9999,false,https://mondraker.com/es/es/dune-rr1759484624,https://mondraker.com/es/es/dune-rr1759484624,html,2026-10-05
Mondraker,DUNE [3cc29da5],DUNE RR,,emtb,XL,XL,,,,,,658,505,"{""A Longitud tubo sillín"": ""490mm 19.29\"""", ""B Longitud tubo superior"": ""665mm 26.18\"""", ""C Caída eje pedalier"": ""-21/0mm -0.83\"""", ""D Altura eje pedalier"": ""352mm 13.86\"""", ""E Longitud vainas"": ""445mm 17.52\"""", ""F Ángulo tubo sillín real"": ""74,0º"", ""G Ángulo tubo sillín efectivo"": ""77,5°"", ""H Ángulo dirección"": ""64º"", ""I Fork Offset"": ""44mm 1.73\"""", ""J Distancia entre ejes"": ""1309mm 51.54\"""", ""K Longitud pipa"": ""140mm 5.51\"""", ""L Reach"": ""505mm 19.88\"""", ""M Stack"": ""658mm 25.91\""""}",9999,false,https://mondraker.com/es/es/dune-rr1759484624,https://mondraker.com/es/es/dune-rr1759484624,html,2026-10-05
Mondraker,DUNE [3cc29da5],DUNE R,,emtb,S,S,,,,,,621,445,"{""A Longitud tubo sillín"": ""380mm 14.96\"""", ""B Longitud tubo superior"": ""600mm 23.62\"""", ""C Caída eje pedalier"": ""-21/0mm -0.83\"""", ""D Altura eje pedalier"": ""352mm 13.86\"""", ""E Longitud vainas"": ""445mm 17.52\"""", ""F Ángulo tubo sillín real"": ""74,0º"", ""G Ángulo tubo sillín efectivo"": ""77,5°"", ""H Ángulo dirección"": ""64º"", ""I Fork Offset"": ""44mm 1.73\"""", ""J Distancia entre ejes"": ""1232mm 48.50\"""", ""K Longitud pipa"": ""100mm 3.94\"""", ""L Reach"": ""445mm 17.52\"""", ""M Stack"": ""621mm 24.45\""""}",7999,false,https://mondraker.com/es/es/dune-r1759484627,https://mondraker.com/es/es/dune-r1759484627,html,2026-10-05
Mondraker,DUNE [3cc29da5],DUNE R,,emtb,M,M,,,,,,630,465,"{""A Longitud tubo sillín"": ""420mm 16.54\"""", ""B Longitud tubo superior"": ""620mm 24.41\"""", ""C Caída eje pedalier"": ""-21/0mm -0.83\"""", ""D Altura eje pedalier"": ""352mm 13.86\"""", ""E Longitud vainas"": ""445 mm 17.52\"""", ""F Ángulo tubo sillín real"": ""74,0º"", ""G Ángulo tubo sillín efectivo"": ""77,5°"", ""H Ángulo dirección"": ""64º"", ""I Fork Offset"": ""44mm 1.73\"""", ""J Distancia entre ejes"": ""1256mm 49.45\"""", ""K Longitud pipa"": ""110mm 4.33\"""", ""L Reach"": ""465mm 18.31\"""", ""M Stack"": ""630mm 24.80\""""}",7999,false,https://mondraker.com/es/es/dune-r1759484627,https://mondraker.com/es/es/dune-r1759484627,html,2026-10-05
Mondraker,DUNE [3cc29da5],DUNE R,,emtb,L,L,,,,,,648,485,"{""A Longitud tubo sillín"": ""450mm 17.72\"""", ""B Longitud tubo superior"": ""645mm 25.39\"""", ""C Caída eje pedalier"": ""-21/0mm -0.83\"""", ""D Altura eje pedalier"": ""352mm 13.86\"""", ""E Longitud vainas"": ""445mm 17.52\"""", ""F Ángulo tubo sillín real"": ""74,0º"", ""G Ángulo tubo sillín efectivo"": ""77,5°"", ""H Ángulo dirección"": ""64º"", ""I Fork Offset"": ""44mm 1.73\"""", ""J Distancia entre ejes"": ""1285mm 50.59\"""", ""K Longitud pipa"": ""130mm 5.12\"""", ""L Reach"": ""485mm 19.09\"""", ""M Stack"": ""648mm 25.51\""""}",7999,false,https://mondraker.com/es/es/dune-r1759484627,https://mondraker.com/es/es/dune-r1759484627,html,2026-10-05
Mondraker,DUNE [3cc29da5],DUNE R,,emtb,XL,XL,,,,,,658,505,"{""A Longitud tubo sillín"": ""490mm 19.29\"""", ""B Longitud tubo superior"": ""665mm 26.18\"""", ""C Caída eje pedalier"": ""-21/0mm -0.83\"""", ""D Altura eje pedalier"": ""352mm 13.86\"""", ""E Longitud vainas"": ""445mm 17.52\"""", ""F Ángulo tubo sillín real"": ""74,0º"", ""G Ángulo tubo sillín efectivo"": ""77,5°"", ""H Ángulo dirección"": ""64º"", ""I Fork Offset"": ""44mm 1.73\"""", ""J Distancia entre ejes"": ""1309mm 51.54\"""", ""K Longitud pipa"": ""140mm 5.51\"""", ""L Reach"": ""505mm 19.88\"""", ""M Stack"": ""658mm 25.91\""""}",7999,false,https://mondraker.com/es/es/dune-r1759484627,https://mondraker.com/es/es/dune-r1759484627,html,2026-10-05
Mondraker,NEAT RR SL [963170e1],NEAT RR SL,,emtb,S,S,,,,,,626,450,"{""A Longitud tubo sillín"": ""380mm 14.96\"""", ""B Longitud tubo superior"": ""595mm 23.43\"""", ""C Caída eje pedalier"": ""-25mm -0.98\"""", ""D Altura eje pedalier"": ""348mm 13.70\"""", ""E Longitud vainas"": ""450mm 17.72\"""", ""F Ángulo tubo sillín real"": ""72.6º"", ""G Ángulo tubo sillín efectivo"": ""76.5°"", ""H Ángulo dirección"": ""64.5º"", ""I Fork Offset"": ""44mm 1.73\"""", ""J Distancia entre ejes"": ""1235mm 48.62\"""", ""K Longitud pipa"": ""110mm 4.33\"""", ""L Reach"": ""450mm 17.72\"""", ""M Stack"": ""626mm 24.65\""""}",11999,false,https://mondraker.com/es/es/neat-rr-sl1718266804,https://mondraker.com/es/es/neat-rr-sl1718266804,html,2026-10-05
Mondraker,NEAT RR SL [963170e1],NEAT RR SL,,emtb,M,M,,,,,,626,470,"{""A Longitud tubo sillín"": ""420mm 16.54\"""", ""B Longitud tubo superior"": ""615mm 24.21\"""", ""C Caída eje pedalier"": ""-25mm -0.98\"""", ""D Altura eje pedalier"": ""348mm 13.70\"""", ""E Longitud vainas"": ""450mm 17.72\"""", ""F Ángulo tubo sillín real"": ""72.6º"", ""G Ángulo tubo sillín efectivo"": ""76.5°"", ""H Ángulo dirección"": ""64.5º"", ""I Fork Offset"": ""44mm 1.73\"""", ""J Distancia entre ejes"": ""1255mm 49.41\"""", ""K Longitud pipa"": ""110mm 4.33\"""", ""L Reach"": ""470mm 18.50\"""", ""M Stack"": ""626mm 24.65\""""}",11999,false,https://mondraker.com/es/es/neat-rr-sl1718266804,https://mondraker.com/es/es/neat-rr-sl1718266804,html,2026-10-05
Mondraker,NEAT RR SL [963170e1],NEAT RR SL,,emtb,L,L,,,,,,642,495,"{""A Longitud tubo sillín"": ""450mm 17.72\"""", ""B Longitud tubo superior"": ""640mm 25.20\"""", ""C Caída eje pedalier"": ""-25mm -0.98\"""", ""D Altura eje pedalier"": ""348mm 13.70\"""", ""E Longitud vainas"": ""450mm 17.72\"""", ""F Ángulo tubo sillín real"": ""72.6º"", ""G Ángulo tubo sillín efectivo"": ""76.5°"", ""H Ángulo dirección"": ""64.5º"", ""I Fork Offset"": ""44mm 1.73\"""", ""J Distancia entre ejes"": ""1275mm 50.20\"""", ""K Longitud pipa"": ""130mm 5.12\"""", ""L Reach"": ""495mm 19.49\"""", ""M Stack"": ""642mm 25.28\""""}",11999,false,https://mondraker.com/es/es/neat-rr-sl1718266804,https://mondraker.com/es/es/neat-rr-sl1718266804,html,2026-10-05
Mondraker,NEAT RR SL [963170e1],NEAT RR SL,,emtb,XL,XL,,,,,,650,515,"{""A Longitud tubo sillín"": ""490mm 19.29\"""", ""B Longitud tubo superior"": ""660mm 25.98\"""", ""C Caída eje pedalier"": ""-25mm -0.98\"""", ""D Altura eje pedalier"": ""348mm 13.70\"""", ""E Longitud vainas"": ""450mm 17.72\"""", ""F Ángulo tubo sillín real"": ""72.6º"", ""G Ángulo tubo sillín efectivo"": ""76.5°"", ""H Ángulo dirección"": ""64.5º"", ""I Fork Offset"": ""44mm 1.73\"""", ""J Distancia entre ejes"": ""1295mm 50.98\"""", ""K Longitud pipa"": ""140mm 5.51\"""", ""L Reach"": ""515mm 20.28\"""", ""M Stack"": ""650 mm 25.59\""""}",11999,false,https://mondraker.com/es/es/neat-rr-sl1718266804,https://mondraker.com/es/es/neat-rr-sl1718266804,html,2026-10-05
Mondraker,NEAT [3389ee81],NEAT RR,,emtb,S,S,,,,,,626,450,"{""A Longitud tubo sillín"": ""380mm 14.96\"""", ""B Longitud tubo superior"": ""595mm 23.43\"""", ""C Caída eje pedalier"": ""-25mm -0.98\"""", ""D Altura eje pedalier"": ""348mm 13.70\"""", ""E Longitud vainas"": ""450mm 17.72\"""", ""F Ángulo tubo sillín real"": ""72,6º"", ""G Ángulo tubo sillín efectivo"": ""76.5°"", ""H Ángulo dirección"": ""64.5º"", ""I Fork Offset"": ""44mm 1.73\"""", ""J Distancia entre ejes"": ""1235mm 48.62\"""", ""K Longitud pipa"": ""110mm 4.33\"""", ""L Reach"": ""450mm 17.72\"""", ""M Stack"": ""626mm 24.65\""""}",9999,false,https://mondraker.com/es/es/neat-rr1718266757,https://mondraker.com/es/es/neat-rr1718266757,html,2026-10-05
Mondraker,NEAT [3389ee81],NEAT RR,,emtb,M,M,,,,,,626,470,"{""A Longitud tubo sillín"": ""420mm 16.54\"""", ""B Longitud tubo superior"": ""615mm 24.21\"""", ""C Caída eje pedalier"": ""-25mm -0.98\"""", ""D Altura eje pedalier"": ""348mm 13.70\"""", ""E Longitud vainas"": ""450mm 17.72\"""", ""F Ángulo tubo sillín real"": ""72,6º"", ""G Ángulo tubo sillín efectivo"": ""76.5°"", ""H Ángulo dirección"": ""64.5º"", ""I Fork Offset"": ""44mm 1.73\"""", ""J Distancia entre ejes"": ""1255mm 49.41\"""", ""K Longitud pipa"": ""110mm 4.33\"""", ""L Reach"": ""470mm 18.50\"""", ""M Stack"": ""626mm 24.65\""""}",9999,false,https://mondraker.com/es/es/neat-rr1718266757,https://mondraker.com/es/es/neat-rr1718266757,html,2026-10-05
Mondraker,NEAT [3389ee81],NEAT RR,,emtb,L,L,,,,,,642,495,"{""A Longitud tubo sillín"": ""450mm 17.72\"""", ""B Longitud tubo superior"": ""640mm 25.20\"""", ""C Caída eje pedalier"": ""-25mm -0.98\"""", ""D Altura eje pedalier"": ""348mm 13.70\"""", ""E Longitud vainas"": ""450mm 17.72\"""", ""F Ángulo tubo sillín real"": ""72,6º"", ""G Ángulo tubo sillín efectivo"": ""76.5°"", ""H Ángulo dirección"": ""64.5º"", ""I Fork Offset"": ""44mm 1.73\"""", ""J Distancia entre ejes"": ""1275mm 50.20\"""", ""K Longitud pipa"": ""130mm 5.12\"""", ""L Reach"": ""495mm 19.49\"""", ""M Stack"": ""642mm 25.28\""""}",9999,false,https://mondraker.com/es/es/neat-rr1718266757,https://mondraker.com/es/es/neat-rr1718266757,html,2026-10-05
Mondraker,NEAT [3389ee81],NEAT RR,,emtb,XL,XL,,,,,,650,515,"{""A Longitud tubo sillín"": ""490mm 19.29\"""", ""B Longitud tubo superior"": ""660mm 25.98\"""", ""C Caída eje pedalier"": ""-25mm -0.98\"""", ""D Altura eje pedalier"": ""348mm 13.70\"""", ""E Longitud vainas"": ""450mm 17.72\"""", ""F Ángulo tubo sillín real"": ""72,6º"", ""G Ángulo tubo sillín efectivo"": ""76.5°"", ""H Ángulo dirección"": ""64.5º"", ""I Fork Offset"": ""44mm 1.73\"""", ""J Distancia entre ejes"": ""1295mm 50.98\"""", ""K Longitud pipa"": ""140mm 5.51\"""", ""L Reach"": ""515mm 20.28\"""", ""M Stack"": ""650 mm 25.59\""""}",9999,false,https://mondraker.com/es/es/neat-rr1718266757,https://mondraker.com/es/es/neat-rr1718266757,html,2026-10-05
Mondraker,NEAT [3389ee81],NEAT R,,emtb,S,S,,,,,,626,450,"{""A Longitud tubo sillín"": ""380mm 14.96\"""", ""B Longitud tubo superior"": ""595mm 23.43\"""", ""C Caída eje pedalier"": ""-25mm -0.98\"""", ""D Altura eje pedalier"": ""348mm 13.70\"""", ""E Longitud vainas"": ""450mm 17.72\"""", ""F Ángulo tubo sillín real"": ""72,6º"", ""G Ángulo tubo sillín efectivo"": ""76.5°"", ""H Ángulo dirección"": ""64.5º"", ""I Fork Offset"": ""44mm 1.73\"""", ""J Distancia entre ejes"": ""1235mm 48.62\"""", ""K Longitud pipa"": ""110mm 4.33\"""", ""L Reach"": ""450mm 17.72\"""", ""M Stack"": ""626mm 24.65\""""}",8499,false,https://mondraker.com/es/es/neat-r1718266841,https://mondraker.com/es/es/neat-r1718266841,html,2026-10-05
Mondraker,NEAT [3389ee81],NEAT R,,emtb,M,M,,,,,,626,470,"{""A Longitud tubo sillín"": ""420mm 16.54\"""", ""B Longitud tubo superior"": ""615mm 24.21\"""", ""C Caída eje pedalier"": ""-25mm -0.98\"""", ""D Altura eje pedalier"": ""348mm 13.70\"""", ""E Longitud vainas"": ""450mm 17.72\"""", ""F Ángulo tubo sillín real"": ""72,6º"", ""G Ángulo tubo sillín efectivo"": ""76.5°"", ""H Ángulo dirección"": ""64.5º"", ""I Fork Offset"": ""44mm 1.73\"""", ""J Distancia entre ejes"": ""1255mm 49.41\"""", ""K Longitud pipa"": ""110mm 4.33\"""", ""L Reach"": ""470mm 18.50\"""", ""M Stack"": ""626mm 24.65\""""}",8499,false,https://mondraker.com/es/es/neat-r1718266841,https://mondraker.com/es/es/neat-r1718266841,html,2026-10-05
Mondraker,NEAT [3389ee81],NEAT R,,emtb,L,L,,,,,,642,495,"{""A Longitud tubo sillín"": ""450mm 17.72\"""", ""B Longitud tubo superior"": ""640mm 25.20\"""", ""C Caída eje pedalier"": ""-25mm -0.98\"""", ""D Altura eje pedalier"": ""348mm 13.70\"""", ""E Longitud vainas"": ""450mm 17.72\"""", ""F Ángulo tubo sillín real"": ""72,6º"", ""G Ángulo tubo sillín efectivo"": ""76.5°"", ""H Ángulo dirección"": ""64.5º"", ""I Fork Offset"": ""44mm 1.73\"""", ""J Distancia entre ejes"": ""1275mm 50.20\"""", ""K Longitud pipa"": ""130mm 5.12\"""", ""L Reach"": ""495mm 19.49\"""", ""M Stack"": ""642mm 25.28\""""}",8499,false,https://mondraker.com/es/es/neat-r1718266841,https://mondraker.com/es/es/neat-r1718266841,html,2026-10-05
Mondraker,NEAT [3389ee81],NEAT R,,emtb,XL,XL,,,,,,650,515,"{""A Longitud tubo sillín"": ""490mm 19.29\"""", ""B Longitud tubo superior"": ""660mm 25.98\"""", ""C Caída eje pedalier"": ""-25mm -0.98\"""", ""D Altura eje pedalier"": ""348mm 13.70\"""", ""E Longitud vainas"": ""450mm 17.72\"""", ""F Ángulo tubo sillín real"": ""72,6º"", ""G Ángulo tubo sillín efectivo"": ""76.5°"", ""H Ángulo dirección"": ""64.5º"", ""I Fork Offset"": ""44mm 1.73\"""", ""J Distancia entre ejes"": ""1295mm 50.98\"""", ""K Longitud pipa"": ""140mm 5.51\"""", ""L Reach"": ""515mm 20.28\"""", ""M Stack"": ""650 mm 25.59\""""}",8499,false,https://mondraker.com/es/es/neat-r1718266841,https://mondraker.com/es/es/neat-r1718266841,html,2026-10-05
Mondraker,SLY [0700ebe6],SLY RR,,emtb,S,S,,,,,,633,440,"{""A Longitud tubo sillín"": ""380 mm 14.96\"""", ""B Longitud tubo superior"": ""595 mm 23.43\"""", ""C Caída eje pedalier"": ""-22 mm -0.87\"""", ""D Altura eje pedalier"": ""350 mm 13.78\"""", ""E Longitud vainas"": ""455 mm 17.91\"""", ""F Ángulo tubo sillín real"": ""74º"", ""G Ángulo tubo sillín efectivo"": ""77º"", ""H Ángulo dirección"": ""64,5º"", ""I Fork Offset"": ""44 mm 1.73\"""", ""J Distancia entre ejes"": ""1225 mm 48.23\"""", ""K Longitud pipa"": ""120 mm 4.72\"""", ""L Reach"": ""440 mm 17.32\"""", ""M Stack"": ""633 mm 24.92\""""}",6999,false,https://mondraker.com/es/es/sly-rr1759484618,https://mondraker.com/es/es/sly-rr1759484618,html,2026-10-05
Mondraker,SLY [0700ebe6],SLY RR,,emtb,M,M,,,,,,633,460,"{""A Longitud tubo sillín"": ""410 mm 16.14\"""", ""B Longitud tubo superior"": ""615 mm 24.21\"""", ""C Caída eje pedalier"": ""-22 mm -0.87\"""", ""D Altura eje pedalier"": ""350 mm 13.78\"""", ""E Longitud vainas"": ""455 mm 17.91\"""", ""F Ángulo tubo sillín real"": ""74º"", ""G Ángulo tubo sillín efectivo"": ""77º"", ""H Ángulo dirección"": ""64,5º"", ""I Fork Offset"": ""44 mm 1.73\"""", ""J Distancia entre ejes"": ""1250 mm 49.21\"""", ""K Longitud pipa"": ""120 mm 4.72\"""", ""L Reach"": ""460 mm 18.11\"""", ""M Stack"": ""633 mm 24.92\""""}",6999,false,https://mondraker.com/es/es/sly-rr1759484618,https://mondraker.com/es/es/sly-rr1759484618,html,2026-10-05
Mondraker,SLY [0700ebe6],SLY RR,,emtb,M/L,M/L,,,,,,642,480,"{""A Longitud tubo sillín"": ""435 mm 17.13\"""", ""B Longitud tubo superior"": ""635 mm 25.00\"""", ""C Caída eje pedalier"": ""-22 mm -0.87\"""", ""D Altura eje pedalier"": ""350 mm 13.78\"""", ""E Longitud vainas"": ""455 mm 17.91\"""", ""F Ángulo tubo sillín real"": ""74º"", ""G Ángulo tubo sillín efectivo"": ""77º"", ""H Ángulo dirección"": ""64.5º"", ""I Fork Offset"": ""44 mm 1.73\"""", ""J Distancia entre ejes"": ""1265 mm 49.80\"""", ""K Longitud pipa"": ""130 mm 5.12\"""", ""L Reach"": ""480 mm 18.90\"""", ""M Stack"": ""642 mm 25.28\""""}",6999,false,https://mondraker.com/es/es/sly-rr1759484618,https://mondraker.com/es/es/sly-rr1759484618,html,2026-10-05
Mondraker,SLY [0700ebe6],SLY RR,,emtb,L,L,,,,,,651,500,"{""A Longitud tubo sillín"": ""460 mm 18.11\"""", ""B Longitud tubo superior"": ""660 mm 25.98\"""", ""C Caída eje pedalier"": ""-22 mm -0.87\"""", ""D Altura eje pedalier"": ""350 mm 13.78\"""", ""E Longitud vainas"": ""455 mm 17.91\"""", ""F Ángulo tubo sillín real"": ""74º"", ""G Ángulo tubo sillín efectivo"": ""77º"", ""H Ángulo dirección"": ""64,5º"", ""I Fork Offset"": ""44 mm 1.73\"""", ""J Distancia entre ejes"": ""1290 mm 50.79\"""", ""K Longitud pipa"": ""140 mm 5.51\"""", ""L Reach"": ""500 mm 19.69\"""", ""M Stack"": ""651 mm 25.63\""""}",6999,false,https://mondraker.com/es/es/sly-rr1759484618,https://mondraker.com/es/es/sly-rr1759484618,html,2026-10-05
Mondraker,SLY [0700ebe6],SLY RR,,emtb,XL,XL,,,,,,660,520,"{""A Longitud tubo sillín"": ""490 mm 19.29\"""", ""B Longitud tubo superior"": ""685 mm 26.97\"""", ""C Caída eje pedalier"": ""-22 mm -0.87\"""", ""D Altura eje pedalier"": ""350 mm 13.78\"""", ""E Longitud vainas"": ""455 mm 17.91\"""", ""F Ángulo tubo sillín real"": ""74º"", ""G Ángulo tubo sillín efectivo"": ""77º"", ""H Ángulo dirección"": ""64,5º"", ""I Fork Offset"": ""44 mm 1.73\"""", ""J Distancia entre ejes"": ""1315 mm 51.77\"""", ""K Longitud pipa"": ""150 mm 5.91\"""", ""L Reach"": ""520 mm 20.47\"""", ""M Stack"": ""660 mm 25.98\""""}",6999,false,https://mondraker.com/es/es/sly-rr1759484618,https://mondraker.com/es/es/sly-rr1759484618,html,2026-10-05
Mondraker,SLY [0700ebe6],SLY R,,emtb,S,S,,,,,,633,440,"{""A Longitud tubo sillín"": ""380 mm 14.96\"""", ""B Longitud tubo superior"": ""595 mm 23.43\"""", ""C Caída eje pedalier"": ""-22 mm -0.87\"""", ""D Altura eje pedalier"": ""350 mm 13.78\"""", ""E Longitud vainas"": ""455 mm 17.91\"""", ""F Ángulo tubo sillín real"": ""74º"", ""G Ángulo tubo sillín efectivo"": ""77º"", ""H Ángulo dirección"": ""64,5º"", ""I Fork Offset"": ""44 mm 1.73\"""", ""J Distancia entre ejes"": ""1225 mm 48.23\"""", ""K Longitud pipa"": ""120 mm 4.72\"""", ""L Reach"": ""440 mm 17.32\"""", ""M Stack"": ""633 mm 24.92\""""}",5999,false,https://mondraker.com/es/es/sly-r1759484621,https://mondraker.com/es/es/sly-r1759484621,html,2026-10-05
Mondraker,SLY [0700ebe6],SLY R,,emtb,M,M,,,,,,633,460,"{""A Longitud tubo sillín"": ""410 mm 16.14\"""", ""B Longitud tubo superior"": ""615 mm 24.21\"""", ""C Caída eje pedalier"": ""-22 mm -0.87\"""", ""D Altura eje pedalier"": ""350 mm 13.78\"""", ""E Longitud vainas"": ""455 mm 17.91\"""", ""F Ángulo tubo sillín real"": ""74º"", ""G Ángulo tubo sillín efectivo"": ""77º"", ""H Ángulo dirección"": ""64,5º"", ""I Fork Offset"": ""44 mm 1.73\"""", ""J Distancia entre ejes"": ""1250 mm 49.21\"""", ""K Longitud pipa"": ""120 mm 4.72\"""", ""L Reach"": ""460 mm 18.11\"""", ""M Stack"": ""633 mm 24.92\""""}",5999,false,https://mondraker.com/es/es/sly-r1759484621,https://mondraker.com/es/es/sly-r1759484621,html,2026-10-05
Mondraker,SLY [0700ebe6],SLY R,,emtb,M/L,M/L,,,,,,642,480,"{""A Longitud tubo sillín"": ""435 mm 17.13\"""", ""B Longitud tubo superior"": ""635 mm 25.00\"""", ""C Caída eje pedalier"": ""-22 mm -0.87\"""", ""D Altura eje pedalier"": ""350 mm 13.78\"""", ""E Longitud vainas"": ""455 mm 17.91\"""", ""F Ángulo tubo sillín real"": ""74º"", ""G Ángulo tubo sillín efectivo"": ""77º"", ""H Ángulo dirección"": ""64.5º"", ""I Fork Offset"": ""44 mm 1.73\"""", ""J Distancia entre ejes"": ""1265 mm 49.80\"""", ""K Longitud pipa"": ""130 mm 5.12\"""", ""L Reach"": ""480 mm 18.90\"""", ""M Stack"": ""642 mm 25.28\""""}",5999,false,https://mondraker.com/es/es/sly-r1759484621,https://mondraker.com/es/es/sly-r1759484621,html,2026-10-05
Mondraker,SLY [0700ebe6],SLY R,,emtb,L,L,,,,,,651,500,"{""A Longitud tubo sillín"": ""460 mm 18.11\"""", ""B Longitud tubo superior"": ""660 mm 25.98\"""", ""C Caída eje pedalier"": ""-22 mm -0.87\"""", ""D Altura eje pedalier"": ""350 mm 13.78\"""", ""E Longitud vainas"": ""455 mm 17.91\"""", ""F Ángulo tubo sillín real"": ""74º"", ""G Ángulo tubo sillín efectivo"": ""77º"", ""H Ángulo dirección"": ""64,5º"", ""I Fork Offset"": ""44 mm 1.73\"""", ""J Distancia entre ejes"": ""1290 mm 50.79\"""", ""K Longitud pipa"": ""140 mm 5.51\"""", ""L Reach"": ""500 mm 19.69\"""", ""M Stack"": ""651 mm 25.63\""""}",5999,false,https://mondraker.com/es/es/sly-r1759484621,https://mondraker.com/es/es/sly-r1759484621,html,2026-10-05
Mondraker,SLY [0700ebe6],SLY R,,emtb,XL,XL,,,,,,660,520,"{""A Longitud tubo sillín"": ""490 mm 19.29\"""", ""B Longitud tubo superior"": ""685 mm 26.97\"""", ""C Caída eje pedalier"": ""-22 mm -0.87\"""", ""D Altura eje pedalier"": ""350 mm 13.78\"""", ""E Longitud vainas"": ""455 mm 17.91\"""", ""F Ángulo tubo sillín real"": ""74º"", ""G Ángulo tubo sillín efectivo"": ""77º"", ""H Ángulo dirección"": ""64,5º"", ""I Fork Offset"": ""44 mm 1.73\"""", ""J Distancia entre ejes"": ""1315 mm 51.77\"""", ""K Longitud pipa"": ""150 mm 5.91\"""", ""L Reach"": ""520 mm 20.47\"""", ""M Stack"": ""660 mm 25.98\""""}",5999,false,https://mondraker.com/es/es/sly-r1759484621,https://mondraker.com/es/es/sly-r1759484621,html,2026-10-05
Mondraker,ZENDIT XR [a1f371e8],ZENDIT XR,,emtb,S,S,,,,,,631,440,"{""A Longitud tubo sillín"": ""380mm 14.96\"""", ""B Longitud tubo superior"": ""586mm 23.07\"""", ""C Caída eje pedalier"": ""6mm 0.24\"""", ""D Altura eje pedalier"": ""345mm 13.58\"""", ""E Longitud vainas"": ""450mm 17.72\"""", ""F Ángulo tubo sillín real"": ""73.5°"", ""G Ángulo tubo sillín efectivo"": ""77°"", ""H Ángulo dirección"": ""63.5°"", ""I Fork Offset"": ""44mm 1.73\"""", ""J Distancia entre ejes"": ""1241mm 48.86\"""", ""K Longitud pipa"": ""110mm 4.33\"""", ""L Reach"": ""440mm 17.32\"""", ""M Stack"": ""631mm 24.84\""""}",12499,false,https://mondraker.com/es/es/zendit-xr,https://mondraker.com/es/es/zendit-xr,html,2026-10-05
Mondraker,ZENDIT XR [a1f371e8],ZENDIT XR,,emtb,M,M,,,,,,631,460,"{""A Longitud tubo sillín"": ""410mm 16.14\"""", ""B Longitud tubo superior"": ""606mm 23.86\"""", ""C Caída eje pedalier"": ""6mm 0.24\"""", ""D Altura eje pedalier"": ""345mm 13.58\"""", ""E Longitud vainas"": ""450mm 17.72\"""", ""F Ángulo tubo sillín real"": ""73.5°"", ""G Ángulo tubo sillín efectivo"": ""77°"", ""H Ángulo dirección"": ""63.5°"", ""I Fork Offset"": ""44mm 1.73\"""", ""J Distancia entre ejes"": ""1261mm 49.65\"""", ""K Longitud pipa"": ""110mm 4.33\"""", ""L Reach"": ""460mm 18.11\"""", ""M Stack"": ""631mm 24.84\""""}",12499,false,https://mondraker.com/es/es/zendit-xr,https://mondraker.com/es/es/zendit-xr,html,2026-10-05
Mondraker,ZENDIT XR [a1f371e8],ZENDIT XR,,emtb,M/L,M/L,,,,,,640,480,"{""A Longitud tubo sillín"": ""435mm 17.13\"""", ""B Longitud tubo superior"": ""628mm 24.72\"""", ""C Caída eje pedalier"": ""6mm 0.24\"""", ""D Altura eje pedalier"": ""345mm 13.58\"""", ""E Longitud vainas"": ""450mm 17.72\"""", ""F Ángulo tubo sillín real"": ""73.5°"", ""G Ángulo tubo sillín efectivo"": ""77°"", ""H Ángulo dirección"": ""63.5°"", ""I Fork Offset"": ""44mm 1.73\"""", ""J Distancia entre ejes"": ""1286mm 50.63\"""", ""K Longitud pipa"": ""120mm 4.72\"""", ""L Reach"": ""480mm 18.90\"""", ""M Stack"": ""640mm 25.20\""""}",12499,false,https://mondraker.com/es/es/zendit-xr,https://mondraker.com/es/es/zendit-xr,html,2026-10-05
Mondraker,ZENDIT XR [a1f371e8],ZENDIT XR,,emtb,L,L,,,,,,649,500,"{""A Longitud tubo sillín"": ""460mm 18.11\"""", ""B Longitud tubo superior"": ""650mm 25.59\"""", ""C Caída eje pedalier"": ""6mm 0.24\"""", ""D Altura eje pedalier"": ""345mm 13.58\"""", ""E Longitud vainas"": ""455mm 17.91\"""", ""F Ángulo tubo sillín real"": ""73.5°"", ""G Ángulo tubo sillín efectivo"": ""77°"", ""H Ángulo dirección"": ""63.5°"", ""I Fork Offset"": ""44mm 1.73\"""", ""J Distancia entre ejes"": ""1315mm 51.77\"""", ""K Longitud pipa"": ""130mm 5.12\"""", ""L Reach"": ""500mm 19.69\"""", ""M Stack"": ""649mm 25.55\""""}",12499,false,https://mondraker.com/es/es/zendit-xr,https://mondraker.com/es/es/zendit-xr,html,2026-10-05
Mondraker,ZENDIT XR [a1f371e8],ZENDIT XR,,emtb,XL,XL,,,,,,658,520,"{""A Longitud tubo sillín"": ""490mm 19.29\"""", ""B Longitud tubo superior"": ""672mm 26.46\"""", ""C Caída eje pedalier"": ""6mm 0.24\"""", ""D Altura eje pedalier"": ""345mm 13.58\"""", ""E Longitud vainas"": ""455mm 17.91\"""", ""F Ángulo tubo sillín real"": ""73.5°"", ""G Ángulo tubo sillín efectivo"": ""77°"", ""H Ángulo dirección"": ""63.5°"", ""I Fork Offset"": ""44mm 1.73\"""", ""J Distancia entre ejes"": ""1339mm 52.72\"""", ""K Longitud pipa"": ""140mm 5.51\"""", ""L Reach"": ""520mm 20.47\"""", ""M Stack"": ""658mm 25.91\""""}",12499,false,https://mondraker.com/es/es/zendit-xr,https://mondraker.com/es/es/zendit-xr,html,2026-10-05
Mondraker,ZENDIT RR [fdeeffad],ZENDIT RR S,,emtb,S,S,,,,,,631,440,"{""A Longitud tubo sillín"": ""380mm 14.96\"""", ""B Longitud tubo superior"": ""586mm 23.07\"""", ""C Caída eje pedalier"": ""6mm 0.24\"""", ""D Altura eje pedalier"": ""345mm 13.58\"""", ""E Longitud vainas"": ""450mm 17.72\"""", ""F Ángulo tubo sillín real"": ""73.5°"", ""G Ángulo tubo sillín efectivo"": ""77°"", ""H Ángulo dirección"": ""63.5°"", ""I Fork Offset"": ""44mm 1.73\"""", ""J Distancia entre ejes"": ""1241mm 48.86\"""", ""K Longitud pipa"": ""110mm 4.33\"""", ""L Reach"": ""440mm 17.32\"""", ""M Stack"": ""631mm 24.84\"""", ""N Stem Length"": ""null"", ""O Fork Height"": ""null""}",10499,false,https://mondraker.com/es/es/zendit-rr-s,https://mondraker.com/es/es/zendit-rr-s,html,2026-10-05
Mondraker,ZENDIT RR [fdeeffad],ZENDIT RR S,,emtb,M,M,,,,,,631,460,"{""A Longitud tubo sillín"": ""410mm 16.14\"""", ""B Longitud tubo superior"": ""606mm 23.86\"""", ""C Caída eje pedalier"": ""6mm 0.24\"""", ""D Altura eje pedalier"": ""345mm 13.58\"""", ""E Longitud vainas"": ""450mm 17.72\"""", ""F Ángulo tubo sillín real"": ""73.5°"", ""G Ángulo tubo sillín efectivo"": ""77°"", ""H Ángulo dirección"": ""63.5°"", ""I Fork Offset"": ""44mm 1.73\"""", ""J Distancia entre ejes"": ""1261mm 49.65\"""", ""K Longitud pipa"": ""110mm 4.33\"""", ""L Reach"": ""460mm 18.11\"""", ""M Stack"": ""631mm 24.84\"""", ""N Stem Length"": ""null"", ""O Fork Height"": ""null""}",10499,false,https://mondraker.com/es/es/zendit-rr-s,https://mondraker.com/es/es/zendit-rr-s,html,2026-10-05
Mondraker,ZENDIT RR [fdeeffad],ZENDIT RR S,,emtb,M/L,M/L,,,,,,640,480,"{""A Longitud tubo sillín"": ""435mm 17.13\"""", ""B Longitud tubo superior"": ""628mm 24.72\"""", ""C Caída eje pedalier"": ""6mm 0.24\"""", ""D Altura eje pedalier"": ""345mm 13.58\"""", ""E Longitud vainas"": ""450mm 17.72\"""", ""F Ángulo tubo sillín real"": ""73.5°"", ""G Ángulo tubo sillín efectivo"": ""77°"", ""H Ángulo dirección"": ""63.5°"", ""I Fork Offset"": ""44mm 1.73\"""", ""J Distancia entre ejes"": ""1286mm 50.63\"""", ""K Longitud pipa"": ""120mm 4.72\"""", ""L Reach"": ""480mm 18.90\"""", ""M Stack"": ""640mm 25.20\"""", ""N Stem Length"": ""null"", ""O Fork Height"": ""null""}",10499,false,https://mondraker.com/es/es/zendit-rr-s,https://mondraker.com/es/es/zendit-rr-s,html,2026-10-05
Mondraker,ZENDIT RR [fdeeffad],ZENDIT RR S,,emtb,L,L,,,,,,649,500,"{""A Longitud tubo sillín"": ""460mm 18.11\"""", ""B Longitud tubo superior"": ""650mm 25.59\"""", ""C Caída eje pedalier"": ""6mm 0.24\"""", ""D Altura eje pedalier"": ""345mm 13.58\"""", ""E Longitud vainas"": ""455mm 17.91\"""", ""F Ángulo tubo sillín real"": ""73.5°"", ""G Ángulo tubo sillín efectivo"": ""77°"", ""H Ángulo dirección"": ""63.5°"", ""I Fork Offset"": ""44mm 1.73\"""", ""J Distancia entre ejes"": ""1315mm 51.77\"""", ""K Longitud pipa"": ""130mm 5.12\"""", ""L Reach"": ""500mm 19.69\"""", ""M Stack"": ""649mm 25.55\"""", ""N Stem Length"": ""null"", ""O Fork Height"": ""null""}",10499,false,https://mondraker.com/es/es/zendit-rr-s,https://mondraker.com/es/es/zendit-rr-s,html,2026-10-05
Mondraker,ZENDIT RR [fdeeffad],ZENDIT RR S,,emtb,XL,XL,,,,,,658,520,"{""A Longitud tubo sillín"": ""490mm 19.29\"""", ""B Longitud tubo superior"": ""672mm 26.46\"""", ""C Caída eje pedalier"": ""6mm 0.24\"""", ""D Altura eje pedalier"": ""345mm 13.58\"""", ""E Longitud vainas"": ""455mm 17.91\"""", ""F Ángulo tubo sillín real"": ""73.5°"", ""G Ángulo tubo sillín efectivo"": ""77°"", ""H Ángulo dirección"": ""63.5°"", ""I Fork Offset"": ""44mm 1.73\"""", ""J Distancia entre ejes"": ""1339mm 52.72\"""", ""K Longitud pipa"": ""140mm 5.51\"""", ""L Reach"": ""520mm 20.47\"""", ""M Stack"": ""658mm 25.91\"""", ""N Stem Length"": ""null"", ""O Fork Height"": ""null""}",10499,false,https://mondraker.com/es/es/zendit-rr-s,https://mondraker.com/es/es/zendit-rr-s,html,2026-10-05
Mondraker,ZENDIT RR [fdeeffad],ZENDIT RR,,emtb,S,S,,,,,,631,440,"{""A Longitud tubo sillín"": ""380mm 14.96\"""", ""B Longitud tubo superior"": ""586mm 23.07\"""", ""C Caída eje pedalier"": ""6mm 0.24\"""", ""D Altura eje pedalier"": ""345mm 13.58\"""", ""E Longitud vainas"": ""450mm 17.72\"""", ""F Ángulo tubo sillín real"": ""73.5°"", ""G Ángulo tubo sillín efectivo"": ""77°"", ""H Ángulo dirección"": ""63.5°"", ""I Fork Offset"": ""44mm 1.73\"""", ""J Distancia entre ejes"": ""1241mm 48.86\"""", ""K Longitud pipa"": ""110mm 4.33\"""", ""L Reach"": ""440mm 17.32\"""", ""M Stack"": ""631mm 24.84\"""", ""N Stem Length"": ""null"", ""O Fork Height"": ""null""}",8499,false,https://mondraker.com/es/es/zendit-rr,https://mondraker.com/es/es/zendit-rr,html,2026-10-05
Mondraker,ZENDIT RR [fdeeffad],ZENDIT RR,,emtb,M,M,,,,,,631,460,"{""A Longitud tubo sillín"": ""410mm 16.14\"""", ""B Longitud tubo superior"": ""606mm 23.86\"""", ""C Caída eje pedalier"": ""6mm 0.24\"""", ""D Altura eje pedalier"": ""345mm 13.58\"""", ""E Longitud vainas"": ""450mm 17.72\"""", ""F Ángulo tubo sillín real"": ""73.5°"", ""G Ángulo tubo sillín efectivo"": ""77°"", ""H Ángulo dirección"": ""63.5°"", ""I Fork Offset"": ""44mm 1.73\"""", ""J Distancia entre ejes"": ""1261mm 49.65\"""", ""K Longitud pipa"": ""110mm 4.33\"""", ""L Reach"": ""460mm 18.11\"""", ""M Stack"": ""631mm 24.84\"""", ""N Stem Length"": ""null"", ""O Fork Height"": ""null""}",8499,false,https://mondraker.com/es/es/zendit-rr,https://mondraker.com/es/es/zendit-rr,html,2026-10-05
Mondraker,ZENDIT RR [fdeeffad],ZENDIT RR,,emtb,M/L,M/L,,,,,,640,480,"{""A Longitud tubo sillín"": ""435mm 17.13\"""", ""B Longitud tubo superior"": ""628mm 24.72\"""", ""C Caída eje pedalier"": ""6mm 0.24\"""", ""D Altura eje pedalier"": ""345mm 13.58\"""", ""E Longitud vainas"": ""450mm 17.72\"""", ""F Ángulo tubo sillín real"": ""73.5°"", ""G Ángulo tubo sillín efectivo"": ""77°"", ""H Ángulo dirección"": ""63.5°"", ""I Fork Offset"": ""44mm 1.73\"""", ""J Distancia entre ejes"": ""1286mm 50.63\"""", ""K Longitud pipa"": ""120mm 4.72\"""", ""L Reach"": ""480mm 18.90\"""", ""M Stack"": ""640mm 25.20\"""", ""N Stem Length"": ""null"", ""O Fork Height"": ""null""}",8499,false,https://mondraker.com/es/es/zendit-rr,https://mondraker.com/es/es/zendit-rr,html,2026-10-05
Mondraker,ZENDIT RR [fdeeffad],ZENDIT RR,,emtb,L,L,,,,,,649,500,"{""A Longitud tubo sillín"": ""460mm 18.11\"""", ""B Longitud tubo superior"": ""650mm 25.59\"""", ""C Caída eje pedalier"": ""6mm 0.24\"""", ""D Altura eje pedalier"": ""345mm 13.58\"""", ""E Longitud vainas"": ""455mm 17.91\"""", ""F Ángulo tubo sillín real"": ""73.5°"", ""G Ángulo tubo sillín efectivo"": ""77°"", ""H Ángulo dirección"": ""63.5°"", ""I Fork Offset"": ""44mm 1.73\"""", ""J Distancia entre ejes"": ""1315mm 51.77\"""", ""K Longitud pipa"": ""130mm 5.12\"""", ""L Reach"": ""500mm 19.69\"""", ""M Stack"": ""649mm 25.55\"""", ""N Stem Length"": ""null"", ""O Fork Height"": ""null""}",8499,false,https://mondraker.com/es/es/zendit-rr,https://mondraker.com/es/es/zendit-rr,html,2026-10-05
Mondraker,ZENDIT RR [fdeeffad],ZENDIT RR,,emtb,XL,XL,,,,,,658,520,"{""A Longitud tubo sillín"": ""490mm 19.29\"""", ""B Longitud tubo superior"": ""672mm 26.46\"""", ""C Caída eje pedalier"": ""6mm 0.24\"""", ""D Altura eje pedalier"": ""345mm 13.58\"""", ""E Longitud vainas"": ""455mm 17.91\"""", ""F Ángulo tubo sillín real"": ""73.5°"", ""G Ángulo tubo sillín efectivo"": ""77°"", ""H Ángulo dirección"": ""63.5°"", ""I Fork Offset"": ""44mm 1.73\"""", ""J Distancia entre ejes"": ""1339mm 52.72\"""", ""K Longitud pipa"": ""140mm 5.51\"""", ""L Reach"": ""520mm 20.47\"""", ""M Stack"": ""658mm 25.91\"""", ""N Stem Length"": ""null"", ""O Fork Height"": ""null""}",8499,false,https://mondraker.com/es/es/zendit-rr,https://mondraker.com/es/es/zendit-rr,html,2026-10-05
Mondraker,CRAFTY CARBON [f1fe0ea2],CRAFTY CARBON RR S,,emtb,S [Std/Low],S,,,,,,638,445,"{""A Longitud tubo sillín"": ""380 mm 14.96\"""", ""B Longitud tubo superior"": ""581 mm/582 mm 22.87\"""", ""C Caída eje pedalier"": ""-25 mm/-30 mm -0.98\"""", ""D Altura eje pedalier"": ""350 mm/345 mm 13.78\"""", ""E Longitud vainas"": ""455 mm/456 mm 17.91\"""", ""F Ángulo tubo sillín real"": ""73°/72.65°"", ""G Ángulo tubo sillín efectivo"": ""77.95°/77.6°"", ""H Ángulo dirección"": ""64.5°/64.15°"", ""I Fork Offset"": ""44 mm 1.73\"""", ""J Distancia entre ejes"": ""1240 mm/1241 mm 48.82\"""", ""K Longitud pipa"": ""120 mm 4.72\"""", ""L Reach"": ""445 mm/441 mm 17.52\"""", ""M Stack"": ""638 mm/641 mm 25.12\""""}",9999,false,https://mondraker.com/es/es/crafty-carbon-rr-s-silverflash,https://mondraker.com/es/es/crafty-carbon-rr-s-silverflash,html,2026-10-05
Mondraker,CRAFTY CARBON [f1fe0ea2],CRAFTY CARBON RR S,,emtb,M [Std/Low],M,,,,,,638,460,"{""A Longitud tubo sillín"": ""410 mm 16.14\"""", ""B Longitud tubo superior"": ""596 mm/597 mm 23.46\"""", ""C Caída eje pedalier"": ""-25 mm/-30 mm -0.98\"""", ""D Altura eje pedalier"": ""350 mm/345 mm 13.78\"""", ""E Longitud vainas"": ""455 mm/456 mm 17.91\"""", ""F Ángulo tubo sillín real"": ""73°/72.65°"", ""G Ángulo tubo sillín efectivo"": ""77.95°/77.6°"", ""H Ángulo dirección"": ""64.5°/64.15°"", ""I Fork Offset"": ""44 mm 1.73\"""", ""J Distancia entre ejes"": ""1255 mm/1256 mm 49.41\"""", ""K Longitud pipa"": ""120 mm 4.72\"""", ""L Reach"": ""460 mm/456 mm 18.11\"""", ""M Stack"": ""638 mm/641 mm 25.12\""""}",9999,false,https://mondraker.com/es/es/crafty-carbon-rr-s-silverflash,https://mondraker.com/es/es/crafty-carbon-rr-s-silverflash,html,2026-10-05
Mondraker,CRAFTY CARBON [f1fe0ea2],CRAFTY CARBON RR S,,emtb,M/L [Std/Low],M/L,,,,,,647,480,"{""A Longitud tubo sillín"": ""435 mm 17.13\"""", ""B Longitud tubo superior"": ""618 mm/619 mm 24.33\"""", ""C Caída eje pedalier"": ""-25 mm/-30 mm -0.98\"""", ""D Altura eje pedalier"": ""350 mm/345 mm 13.78\"""", ""E Longitud vainas"": ""455 mm/456 mm 17.91\"""", ""F Ángulo tubo sillín real"": ""73°/72.65°"", ""G Ángulo tubo sillín efectivo"": ""77.95°/77.6°"", ""H Ángulo dirección"": ""64.5°/64.15°"", ""I Fork Offset"": ""44 mm/44 mm 1.73\"""", ""J Distancia entre ejes"": ""1280 mm/1281 mm 50.39\"""", ""K Longitud pipa"": ""130 mm 5.12\"""", ""L Reach"": ""480 mm/476 mm 18.90\"""", ""M Stack"": ""647 mm/650 mm 25.47\""""}",9999,false,https://mondraker.com/es/es/crafty-carbon-rr-s-silverflash,https://mondraker.com/es/es/crafty-carbon-rr-s-silverflash,html,2026-10-05
Mondraker,CRAFTY CARBON [f1fe0ea2],CRAFTY CARBON RR S,,emtb,L [Std/Low],L,,,,,,656,500,"{""A Longitud tubo sillín"": ""460 mm 18.11\"""", ""B Longitud tubo superior"": ""640 mm/641 mm 25.20\"""", ""C Caída eje pedalier"": ""-25 mm/-30 mm -0.98\"""", ""D Altura eje pedalier"": ""350 mm/345 mm 13.78\"""", ""E Longitud vainas"": ""465 mm/466 mm 18.31\"""", ""F Ángulo tubo sillín real"": ""73°/72.65°"", ""G Ángulo tubo sillín efectivo"": ""77.95°/77.6°"", ""H Ángulo dirección"": ""64.5°/64.15°"", ""I Fork Offset"": ""44 mm 1.73\"""", ""J Distancia entre ejes"": ""1314 mm/1315 mm 51.73\"""", ""K Longitud pipa"": ""140 mm 5.51\"""", ""L Reach"": ""500 mm/496 mm 19.69\"""", ""M Stack"": ""656 mm/659 mm 25.83\""""}",9999,false,https://mondraker.com/es/es/crafty-carbon-rr-s-silverflash,https://mondraker.com/es/es/crafty-carbon-rr-s-silverflash,html,2026-10-05
Mondraker,CRAFTY CARBON [f1fe0ea2],CRAFTY CARBON RR S,,emtb,XL [Std/Low],XL,,,,,,665,520,"{""A Longitud tubo sillín"": ""490 mm 19.29\"""", ""B Longitud tubo superior"": ""662 mm/663 mm 26.06\"""", ""C Caída eje pedalier"": ""-25 mm/-30 mm -0.98\"""", ""D Altura eje pedalier"": ""350 mm/345 mm 13.78\"""", ""E Longitud vainas"": ""465 mm/466 mm 18.31\"""", ""F Ángulo tubo sillín real"": ""73°/72.65°"", ""G Ángulo tubo sillín efectivo"": ""77.95°/77.6°"", ""H Ángulo dirección"": ""64.5°/64.15°"", ""I Fork Offset"": ""44 mm/44 mm 1.73\"""", ""J Distancia entre ejes"": ""1338 mm/1339 mm 52.68\"""", ""K Longitud pipa"": ""150 mm 5.91\"""", ""L Reach"": ""520 mm/516 mm 20.47\"""", ""M Stack"": ""665 mm/668 mm 26.18\""""}",9999,false,https://mondraker.com/es/es/crafty-carbon-rr-s-silverflash,https://mondraker.com/es/es/crafty-carbon-rr-s-silverflash,html,2026-10-05
Mondraker,CRAFTY CARBON [f1fe0ea2],CRAFTY CARBON RR,,emtb,S [Std/Low],S,,,,,,638,445,"{""A Longitud tubo sillín"": ""380 mm 14.96\"""", ""B Longitud tubo superior"": ""581 mm/582 mm 22.87\"""", ""C Caída eje pedalier"": ""-25 mm/-30 mm -0.98\"""", ""D Altura eje pedalier"": ""350 mm/345 mm 13.78\"""", ""E Longitud vainas"": ""455 mm/456 mm 17.91\"""", ""F Ángulo tubo sillín real"": ""73°/72.65°"", ""G Ángulo tubo sillín efectivo"": ""77.95°/77.6°"", ""H Ángulo dirección"": ""64.5°/64.15°"", ""I Fork Offset"": ""44 mm 1.73\"""", ""J Distancia entre ejes"": ""1240 mm/1241 mm 48.82\"""", ""K Longitud pipa"": ""120 mm 4.72\"""", ""L Reach"": ""445 mm/441 mm 17.52\"""", ""M Stack"": ""638 mm/641 mm 25.12\""""}",8499,false,https://mondraker.com/es/es/crafty-carbon-rr-rubycore,https://mondraker.com/es/es/crafty-carbon-rr-rubycore,html,2026-10-05
Mondraker,CRAFTY CARBON [f1fe0ea2],CRAFTY CARBON RR,,emtb,M [Std/Low],M,,,,,,638,460,"{""A Longitud tubo sillín"": ""410 mm 16.14\"""", ""B Longitud tubo superior"": ""596 mm/597 mm 23.46\"""", ""C Caída eje pedalier"": ""-25 mm/-30 mm -0.98\"""", ""D Altura eje pedalier"": ""350 mm/345 mm 13.78\"""", ""E Longitud vainas"": ""455 mm/456 mm 17.91\"""", ""F Ángulo tubo sillín real"": ""73°/72.65°"", ""G Ángulo tubo sillín efectivo"": ""77.95°/77.6°"", ""H Ángulo dirección"": ""64.5°/64.15°"", ""I Fork Offset"": ""44 mm 1.73\"""", ""J Distancia entre ejes"": ""1255 mm/1256 mm 49.41\"""", ""K Longitud pipa"": ""120 mm 4.72\"""", ""L Reach"": ""460 mm/456 mm 18.11\"""", ""M Stack"": ""638 mm/641 mm 25.12\""""}",8499,false,https://mondraker.com/es/es/crafty-carbon-rr-rubycore,https://mondraker.com/es/es/crafty-carbon-rr-rubycore,html,2026-10-05
Mondraker,CRAFTY CARBON [f1fe0ea2],CRAFTY CARBON RR,,emtb,M/L [Std/Low],M/L,,,,,,647,480,"{""A Longitud tubo sillín"": ""435 mm 17.13\"""", ""B Longitud tubo superior"": ""618 mm/619 mm 24.33\"""", ""C Caída eje pedalier"": ""-25 mm/-30 mm -0.98\"""", ""D Altura eje pedalier"": ""350 mm/345 mm 13.78\"""", ""E Longitud vainas"": ""455 mm/456 mm 17.91\"""", ""F Ángulo tubo sillín real"": ""73°/72.65°"", ""G Ángulo tubo sillín efectivo"": ""77.95°/77.6°"", ""H Ángulo dirección"": ""64.5°/64.15°"", ""I Fork Offset"": ""44 mm/44 mm 1.73\"""", ""J Distancia entre ejes"": ""1280 mm/1281 mm 50.39\"""", ""K Longitud pipa"": ""130 mm 5.12\"""", ""L Reach"": ""480 mm/476 mm 18.90\"""", ""M Stack"": ""647 mm/650 mm 25.47\""""}",8499,false,https://mondraker.com/es/es/crafty-carbon-rr-rubycore,https://mondraker.com/es/es/crafty-carbon-rr-rubycore,html,2026-10-05
Mondraker,CRAFTY CARBON [f1fe0ea2],CRAFTY CARBON RR,,emtb,L [Std/Low],L,,,,,,656,500,"{""A Longitud tubo sillín"": ""460 mm 18.11\"""", ""B Longitud tubo superior"": ""640 mm/641 mm 25.20\"""", ""C Caída eje pedalier"": ""-25 mm/-30 mm -0.98\"""", ""D Altura eje pedalier"": ""350 mm/345 mm 13.78\"""", ""E Longitud vainas"": ""465 mm/466 mm 18.31\"""", ""F Ángulo tubo sillín real"": ""73°/72.65°"", ""G Ángulo tubo sillín efectivo"": ""77.95°/77.6°"", ""H Ángulo dirección"": ""64.5°/64.15°"", ""I Fork Offset"": ""44 mm 1.73\"""", ""J Distancia entre ejes"": ""1314 mm/1315 mm 51.73\"""", ""K Longitud pipa"": ""140 mm 5.51\"""", ""L Reach"": ""500 mm/496 mm 19.69\"""", ""M Stack"": ""656 mm/659 mm 25.83\""""}",8499,false,https://mondraker.com/es/es/crafty-carbon-rr-rubycore,https://mondraker.com/es/es/crafty-carbon-rr-rubycore,html,2026-10-05
Mondraker,CRAFTY CARBON [f1fe0ea2],CRAFTY CARBON RR,,emtb,XL [Std/Low],XL,,,,,,665,520,"{""A Longitud tubo sillín"": ""490 mm 19.29\"""", ""B Longitud tubo superior"": ""662 mm/663 mm 26.06\"""", ""C Caída eje pedalier"": ""-25 mm/-30 mm -0.98\"""", ""D Altura eje pedalier"": ""350 mm/345 mm 13.78\"""", ""E Longitud vainas"": ""465 mm/466 mm 18.31\"""", ""F Ángulo tubo sillín real"": ""73°/72.65°"", ""G Ángulo tubo sillín efectivo"": ""77.95°/77.6°"", ""H Ángulo dirección"": ""64.5°/64.15°"", ""I Fork Offset"": ""44 mm/44 mm 1.73\"""", ""J Distancia entre ejes"": ""1338 mm/1339 mm 52.68\"""", ""K Longitud pipa"": ""150 mm 5.91\"""", ""L Reach"": ""520 mm/516 mm 20.47\"""", ""M Stack"": ""665 mm/668 mm 26.18\""""}",8499,false,https://mondraker.com/es/es/crafty-carbon-rr-rubycore,https://mondraker.com/es/es/crafty-carbon-rr-rubycore,html,2026-10-05
Mondraker,CRAFTY CARBON [f1fe0ea2],CRAFTY CARBON R,,emtb,S [Std/Low],S,,,,,,638,445,"{""A Longitud tubo sillín"": ""380 mm 14.96\"""", ""B Longitud tubo superior"": ""581 mm/582 mm 22.87\"""", ""C Caída eje pedalier"": ""-25 mm/-30 mm -0.98\"""", ""D Altura eje pedalier"": ""350 mm/345 mm 13.78\"""", ""E Longitud vainas"": ""455 mm/456 mm 17.91\"""", ""F Ángulo tubo sillín real"": ""73°/72.65°"", ""G Ángulo tubo sillín efectivo"": ""77.95°/77.6°"", ""H Ángulo dirección"": ""64.5°/64.15°"", ""I Fork Offset"": ""44 mm 1.73\"""", ""J Distancia entre ejes"": ""1240 mm/1241 mm 48.82\"""", ""K Longitud pipa"": ""120 mm 4.72\"""", ""L Reach"": ""445 mm/441 mm 17.52\"""", ""M Stack"": ""638 mm/641 mm 25.12\""""}",7499,false,https://mondraker.com/es/es/crafty-carbon-r1783597201,https://mondraker.com/es/es/crafty-carbon-r1783597201,html,2026-10-05
Mondraker,CRAFTY CARBON [f1fe0ea2],CRAFTY CARBON R,,emtb,M [Std/Low],M,,,,,,638,460,"{""A Longitud tubo sillín"": ""410 mm 16.14\"""", ""B Longitud tubo superior"": ""596 mm/597 mm 23.46\"""", ""C Caída eje pedalier"": ""-25 mm/-30 mm -0.98\"""", ""D Altura eje pedalier"": ""350 mm/345 mm 13.78\"""", ""E Longitud vainas"": ""455 mm/456 mm 17.91\"""", ""F Ángulo tubo sillín real"": ""73°/72.65°"", ""G Ángulo tubo sillín efectivo"": ""77.95°/77.6°"", ""H Ángulo dirección"": ""64.5°/64.15°"", ""I Fork Offset"": ""44 mm 1.73\"""", ""J Distancia entre ejes"": ""1255 mm/1256 mm 49.41\"""", ""K Longitud pipa"": ""120 mm 4.72\"""", ""L Reach"": ""460 mm/456 mm 18.11\"""", ""M Stack"": ""638 mm/641 mm 25.12\""""}",7499,false,https://mondraker.com/es/es/crafty-carbon-r1783597201,https://mondraker.com/es/es/crafty-carbon-r1783597201,html,2026-10-05
Mondraker,CRAFTY CARBON [f1fe0ea2],CRAFTY CARBON R,,emtb,M/L [Std/Low],M/L,,,,,,647,480,"{""A Longitud tubo sillín"": ""435 mm 17.13\"""", ""B Longitud tubo superior"": ""618 mm/619 mm 24.33\"""", ""C Caída eje pedalier"": ""-25 mm/-30 mm -0.98\"""", ""D Altura eje pedalier"": ""350 mm/345 mm 13.78\"""", ""E Longitud vainas"": ""455 mm/456 mm 17.91\"""", ""F Ángulo tubo sillín real"": ""73°/72.65°"", ""G Ángulo tubo sillín efectivo"": ""77.95°/77.6°"", ""H Ángulo dirección"": ""64.5°/64.15°"", ""I Fork Offset"": ""44 mm/44 mm 1.73\"""", ""J Distancia entre ejes"": ""1280 mm/1281 mm 50.39\"""", ""K Longitud pipa"": ""130 mm 5.12\"""", ""L Reach"": ""480 mm/476 mm 18.90\"""", ""M Stack"": ""647 mm/650 mm 25.47\""""}",7499,false,https://mondraker.com/es/es/crafty-carbon-r1783597201,https://mondraker.com/es/es/crafty-carbon-r1783597201,html,2026-10-05
Mondraker,CRAFTY CARBON [f1fe0ea2],CRAFTY CARBON R,,emtb,L [Std/Low],L,,,,,,656,500,"{""A Longitud tubo sillín"": ""460 mm 18.11\"""", ""B Longitud tubo superior"": ""640 mm/641 mm 25.20\"""", ""C Caída eje pedalier"": ""-25 mm/-30 mm -0.98\"""", ""D Altura eje pedalier"": ""350 mm/345 mm 13.78\"""", ""E Longitud vainas"": ""465 mm/466 mm 18.31\"""", ""F Ángulo tubo sillín real"": ""73°/72.65°"", ""G Ángulo tubo sillín efectivo"": ""77.95°/77.6°"", ""H Ángulo dirección"": ""64.5°/64.15°"", ""I Fork Offset"": ""44 mm 1.73\"""", ""J Distancia entre ejes"": ""1314 mm/1315 mm 51.73\"""", ""K Longitud pipa"": ""140 mm 5.51\"""", ""L Reach"": ""500 mm/496 mm 19.69\"""", ""M Stack"": ""656 mm/659 mm 25.83\""""}",7499,false,https://mondraker.com/es/es/crafty-carbon-r1783597201,https://mondraker.com/es/es/crafty-carbon-r1783597201,html,2026-10-05
Mondraker,CRAFTY CARBON [f1fe0ea2],CRAFTY CARBON R,,emtb,XL [Std/Low],XL,,,,,,665,520,"{""A Longitud tubo sillín"": ""490 mm 19.29\"""", ""B Longitud tubo superior"": ""662 mm/663 mm 26.06\"""", ""C Caída eje pedalier"": ""-25 mm/-30 mm -0.98\"""", ""D Altura eje pedalier"": ""350 mm/345 mm 13.78\"""", ""E Longitud vainas"": ""465 mm/466 mm 18.31\"""", ""F Ángulo tubo sillín real"": ""73°/72.65°"", ""G Ángulo tubo sillín efectivo"": ""77.95°/77.6°"", ""H Ángulo dirección"": ""64.5°/64.15°"", ""I Fork Offset"": ""44 mm/44 mm 1.73\"""", ""J Distancia entre ejes"": ""1338 mm/1339 mm 52.68\"""", ""K Longitud pipa"": ""150 mm 5.91\"""", ""L Reach"": ""520 mm/516 mm 20.47\"""", ""M Stack"": ""665 mm/668 mm 26.18\""""}",7499,false,https://mondraker.com/es/es/crafty-carbon-r1783597201,https://mondraker.com/es/es/crafty-carbon-r1783597201,html,2026-10-05
Mondraker,CRAFTY CARBON [f1fe0ea2],CRAFTY CARBON S,,emtb,S [Std/Low],S,,,,,,638,445,"{""A Longitud tubo sillín"": ""380 mm 14.96\"""", ""B Longitud tubo superior"": ""581 mm/582 mm 22.87\"""", ""C Caída eje pedalier"": ""-25 mm/-30 mm -0.98\"""", ""D Altura eje pedalier"": ""350 mm/345 mm 13.78\"""", ""E Longitud vainas"": ""455 mm/456 mm 17.91\"""", ""F Ángulo tubo sillín real"": ""73°/72.65°"", ""G Ángulo tubo sillín efectivo"": ""77.95°/77.6°"", ""H Ángulo dirección"": ""64.5°/64.15°"", ""I Fork Offset"": ""44 mm 1.73\"""", ""J Distancia entre ejes"": ""1240 mm/1241 mm 48.82\"""", ""K Longitud pipa"": ""120 mm 4.72\"""", ""L Reach"": ""445 mm/441 mm 17.52\"""", ""M Stack"": ""638 mm/641 mm 25.12\""""}",6499,false,https://mondraker.com/es/es/crafty-carbon-s1783597036,https://mondraker.com/es/es/crafty-carbon-s1783597036,html,2026-10-05
Mondraker,CRAFTY CARBON [f1fe0ea2],CRAFTY CARBON S,,emtb,M [Std/Low],M,,,,,,638,460,"{""A Longitud tubo sillín"": ""410 mm 16.14\"""", ""B Longitud tubo superior"": ""596 mm/597 mm 23.46\"""", ""C Caída eje pedalier"": ""-25 mm/-30 mm -0.98\"""", ""D Altura eje pedalier"": ""350 mm/345 mm 13.78\"""", ""E Longitud vainas"": ""455 mm/456 mm 17.91\"""", ""F Ángulo tubo sillín real"": ""73°/72.65°"", ""G Ángulo tubo sillín efectivo"": ""77.95°/77.6°"", ""H Ángulo dirección"": ""64.5°/64.15°"", ""I Fork Offset"": ""44 mm 1.73\"""", ""J Distancia entre ejes"": ""1255 mm/1256 mm 49.41\"""", ""K Longitud pipa"": ""120 mm 4.72\"""", ""L Reach"": ""460 mm/456 mm 18.11\"""", ""M Stack"": ""638 mm/641 mm 25.12\""""}",6499,false,https://mondraker.com/es/es/crafty-carbon-s1783597036,https://mondraker.com/es/es/crafty-carbon-s1783597036,html,2026-10-05
Mondraker,CRAFTY CARBON [f1fe0ea2],CRAFTY CARBON S,,emtb,M/L [Std/Low],M/L,,,,,,647,480,"{""A Longitud tubo sillín"": ""435 mm 17.13\"""", ""B Longitud tubo superior"": ""618 mm/619 mm 24.33\"""", ""C Caída eje pedalier"": ""-25 mm/-30 mm -0.98\"""", ""D Altura eje pedalier"": ""350 mm/345 mm 13.78\"""", ""E Longitud vainas"": ""455 mm/456 mm 17.91\"""", ""F Ángulo tubo sillín real"": ""73°/72.65°"", ""G Ángulo tubo sillín efectivo"": ""77.95°/77.6°"", ""H Ángulo dirección"": ""64.5°/64.15°"", ""I Fork Offset"": ""44 mm/44 mm 1.73\"""", ""J Distancia entre ejes"": ""1280 mm/1281 mm 50.39\"""", ""K Longitud pipa"": ""130 mm 5.12\"""", ""L Reach"": ""480 mm/476 mm 18.90\"""", ""M Stack"": ""647 mm/650 mm 25.47\""""}",6499,false,https://mondraker.com/es/es/crafty-carbon-s1783597036,https://mondraker.com/es/es/crafty-carbon-s1783597036,html,2026-10-05
Mondraker,CRAFTY CARBON [f1fe0ea2],CRAFTY CARBON S,,emtb,L [Std/Low],L,,,,,,656,500,"{""A Longitud tubo sillín"": ""460 mm 18.11\"""", ""B Longitud tubo superior"": ""640 mm/641 mm 25.20\"""", ""C Caída eje pedalier"": ""-25 mm/-30 mm -0.98\"""", ""D Altura eje pedalier"": ""350 mm/345 mm 13.78\"""", ""E Longitud vainas"": ""465 mm/466 mm 18.31\"""", ""F Ángulo tubo sillín real"": ""73°/72.65°"", ""G Ángulo tubo sillín efectivo"": ""77.95°/77.6°"", ""H Ángulo dirección"": ""64.5°/64.15°"", ""I Fork Offset"": ""44 mm 1.73\"""", ""J Distancia entre ejes"": ""1314 mm/1315 mm 51.73\"""", ""K Longitud pipa"": ""140 mm 5.51\"""", ""L Reach"": ""500 mm/496 mm 19.69\"""", ""M Stack"": ""656 mm/659 mm 25.83\""""}",6499,false,https://mondraker.com/es/es/crafty-carbon-s1783597036,https://mondraker.com/es/es/crafty-carbon-s1783597036,html,2026-10-05
Mondraker,CRAFTY CARBON [f1fe0ea2],CRAFTY CARBON S,,emtb,XL [Std/Low],XL,,,,,,665,520,"{""A Longitud tubo sillín"": ""490 mm 19.29\"""", ""B Longitud tubo superior"": ""662 mm/663 mm 26.06\"""", ""C Caída eje pedalier"": ""-25 mm/-30 mm -0.98\"""", ""D Altura eje pedalier"": ""350 mm/345 mm 13.78\"""", ""E Longitud vainas"": ""465 mm/466 mm 18.31\"""", ""F Ángulo tubo sillín real"": ""73°/72.65°"", ""G Ángulo tubo sillín efectivo"": ""77.95°/77.6°"", ""H Ángulo dirección"": ""64.5°/64.15°"", ""I Fork Offset"": ""44 mm/44 mm 1.73\"""", ""J Distancia entre ejes"": ""1338 mm/1339 mm 52.68\"""", ""K Longitud pipa"": ""150 mm 5.91\"""", ""L Reach"": ""520 mm/516 mm 20.47\"""", ""M Stack"": ""665 mm/668 mm 26.18\""""}",6499,false,https://mondraker.com/es/es/crafty-carbon-s1783597036,https://mondraker.com/es/es/crafty-carbon-s1783597036,html,2026-10-05
Mondraker,LEVEL [f3068e52],LEVEL XR,,emtb,S,S,,,,,,640,440,"{""A Longitud tubo sillín"": ""380 mm 14.96\"""", ""B Longitud tubo superior"": ""576 mm / 577 mm 22.68\"""", ""C Caída eje pedalier"": ""-2 mm / -7 mm -0.08\"""", ""D Altura eje pedalier"": ""353 mm / 348 mm 13.90\"""", ""E Longitud vainas"": ""445 mm / 446 mm 17.52\"""", ""F Ángulo tubo sillín real"": ""75.3° / 74.95°"", ""G Ángulo tubo sillín efectivo"": ""78° / 77.65°"", ""H Ángulo dirección"": ""64.0° / 63.65°"", ""I Fork Offset"": ""44 mm 1.73\"""", ""J Distancia entre ejes"": ""1236 mm / 1237 mm 48.66\"""", ""K Longitud pipa"": ""110 mm 4.33\"""", ""L Reach"": ""440 mm / 436 mm 17.32\"""", ""M Stack"": ""640 mm / 643 mm 25.20\""""}",9999,false,https://mondraker.com/es/es/level-xr1750249988,https://mondraker.com/es/es/level-xr1750249988,html,2026-10-05
Mondraker,LEVEL [f3068e52],LEVEL XR,,emtb,M,M,,,,,,649,460,"{""A Longitud tubo sillín"": ""410 mm 16.14\"""", ""B Longitud tubo superior"": ""598 mm / 599 mm 23.54\"""", ""C Caída eje pedalier"": ""-2 mm / -7 mm -0.08\"""", ""D Altura eje pedalier"": ""353 mm / 348 mm 13.90\"""", ""E Longitud vainas"": ""445 mm / 446 mm 17.52\"""", ""F Ángulo tubo sillín real"": ""75.3° / 74.95°"", ""G Ángulo tubo sillín efectivo"": ""78° / 77.65°"", ""H Ángulo dirección"": ""64.0° / 63.65°"", ""I Fork Offset"": ""44 mm 1.73\"""", ""J Distancia entre ejes"": ""1260 mm / 1261 mm 49.61\"""", ""K Longitud pipa"": ""120 mm 4.72\"""", ""L Reach"": ""460 mm / 456 mm 18.11\"""", ""M Stack"": ""649 mm / 652 mm 25.55\""""}",9999,false,https://mondraker.com/es/es/level-xr1750249988,https://mondraker.com/es/es/level-xr1750249988,html,2026-10-05
Mondraker,LEVEL [f3068e52],LEVEL XR,,emtb,M/L,M/L,,,,,,658,480,"{""A Longitud tubo sillín"": ""435 mm 17.13\"""", ""B Longitud tubo superior"": ""620 mm / 621 mm 24.41\"""", ""C Caída eje pedalier"": ""-2 mm / -7 mm -0.08\"""", ""D Altura eje pedalier"": ""353 mm / 348 mm 13.90\"""", ""E Longitud vainas"": ""445 mm / 446 mm 17.52\"""", ""F Ángulo tubo sillín real"": ""75.3° / 74.95°"", ""G Ángulo tubo sillín efectivo"": ""78° / 77.65°"", ""H Ángulo dirección"": ""64.0° / 63.65°"", ""I Fork Offset"": ""44 mm 1.73\"""", ""J Distancia entre ejes"": ""1284 mm / 1285 mm 50.55\"""", ""K Longitud pipa"": ""130 mm 5.12\"""", ""L Reach"": ""480 mm / 476 mm 18.90\"""", ""M Stack"": ""658 mm / 661 mm 25.91\""""}",9999,false,https://mondraker.com/es/es/level-xr1750249988,https://mondraker.com/es/es/level-xr1750249988,html,2026-10-05
Mondraker,LEVEL [f3068e52],LEVEL XR,,emtb,L,L,,,,,,667,500,"{""A Longitud tubo sillín"": ""460 mm 18.11\"""", ""B Longitud tubo superior"": ""642 mm 25.28\"""", ""C Caída eje pedalier"": ""-2 mm / -7 mm -0.08\"""", ""D Altura eje pedalier"": ""353 mm / 348 mm 13.90\"""", ""E Longitud vainas"": ""455 mm / 456 mm 17.91\"""", ""F Ángulo tubo sillín real"": ""75.3° / 74.95°"", ""G Ángulo tubo sillín efectivo"": ""78° / 77.65°"", ""H Ángulo dirección"": ""64.0° / 63.65°"", ""I Fork Offset"": ""44 mm 1.73\"""", ""J Distancia entre ejes"": ""1319 mm / 1320 mm 51.93\"""", ""K Longitud pipa"": ""140 mm 5.51\"""", ""L Reach"": ""500 mm / 496 mm 19.69\"""", ""M Stack"": ""667 mm / 670 mm 26.26\""""}",9999,false,https://mondraker.com/es/es/level-xr1750249988,https://mondraker.com/es/es/level-xr1750249988,html,2026-10-05
Mondraker,LEVEL [f3068e52],LEVEL XR,,emtb,XL,XL,,,,,,676,520,"{""A Longitud tubo sillín"": ""490 mm 19.29\"""", ""B Longitud tubo superior"": ""664 mm / 665 mm 26.14\"""", ""C Caída eje pedalier"": ""-2 mm / -7 mm -0.08\"""", ""D Altura eje pedalier"": ""353 mm / 348 mm 13.90\"""", ""E Longitud vainas"": ""455 mm / 456 mm 17.91\"""", ""F Ángulo tubo sillín real"": ""75.3° / 74.95°"", ""G Ángulo tubo sillín efectivo"": ""78° / 77.65°"", ""H Ángulo dirección"": ""64.0° / 63.65°"", ""I Fork Offset"": ""44 mm 1.73\"""", ""J Distancia entre ejes"": ""1343 mm / 1344 mm 52.87\"""", ""K Longitud pipa"": ""150 mm 5.91\"""", ""L Reach"": ""520 mm / 516 mm 20.47\"""", ""M Stack"": ""676 mm / 679 mm 26.61\""""}",9999,false,https://mondraker.com/es/es/level-xr1750249988,https://mondraker.com/es/es/level-xr1750249988,html,2026-10-05
Mondraker,LEVEL [f3068e52],LEVEL RR,,emtb,S,S,,,,,,640,440,"{""A Longitud tubo sillín"": ""380 mm 14.96\"""", ""B Longitud tubo superior"": ""576 mm / 577 mm 22.68\"""", ""C Caída eje pedalier"": ""-2 mm / -7 mm -0.08\"""", ""D Altura eje pedalier"": ""353 mm / 348 mm 13.90\"""", ""E Longitud vainas"": ""445 mm / 446 mm 17.52\"""", ""F Ángulo tubo sillín real"": ""75.3° / 74.95°"", ""G Ángulo tubo sillín efectivo"": ""78° / 77.65°"", ""H Ángulo dirección"": ""64.0° / 63.65°"", ""I Fork Offset"": ""44 mm 1.73\"""", ""J Distancia entre ejes"": ""1236 mm / 1237 mm 48.66\"""", ""K Longitud pipa"": ""110 mm 4.33\"""", ""L Reach"": ""440 mm / 436 mm 17.32\"""", ""M Stack"": ""640 mm / 643 mm 25.20\""""}",8499,false,https://mondraker.com/es/es/level-rr1750250055,https://mondraker.com/es/es/level-rr1750250055,html,2026-10-05
Mondraker,LEVEL [f3068e52],LEVEL RR,,emtb,M,M,,,,,,649,460,"{""A Longitud tubo sillín"": ""410 mm 16.14\"""", ""B Longitud tubo superior"": ""598 mm / 599 mm 23.54\"""", ""C Caída eje pedalier"": ""-2 mm / -7 mm -0.08\"""", ""D Altura eje pedalier"": ""353 mm / 348 mm 13.90\"""", ""E Longitud vainas"": ""445 mm / 446 mm 17.52\"""", ""F Ángulo tubo sillín real"": ""75.3° / 74.95°"", ""G Ángulo tubo sillín efectivo"": ""78° / 77.65°"", ""H Ángulo dirección"": ""64.0° / 63.65°"", ""I Fork Offset"": ""44 mm 1.73\"""", ""J Distancia entre ejes"": ""1260 mm / 1261 mm 49.61\"""", ""K Longitud pipa"": ""120 mm 4.72\"""", ""L Reach"": ""460 mm / 456 mm 18.11\"""", ""M Stack"": ""649 mm / 652 mm 25.55\""""}",8499,false,https://mondraker.com/es/es/level-rr1750250055,https://mondraker.com/es/es/level-rr1750250055,html,2026-10-05
Mondraker,LEVEL [f3068e52],LEVEL RR,,emtb,M/L,M/L,,,,,,658,480,"{""A Longitud tubo sillín"": ""435 mm 17.13\"""", ""B Longitud tubo superior"": ""620 mm / 621 mm 24.41\"""", ""C Caída eje pedalier"": ""-2 mm / -7 mm -0.08\"""", ""D Altura eje pedalier"": ""353 mm / 348 mm 13.90\"""", ""E Longitud vainas"": ""445 mm / 446 mm 17.52\"""", ""F Ángulo tubo sillín real"": ""75.3° / 74.95°"", ""G Ángulo tubo sillín efectivo"": ""78° / 77.65°"", ""H Ángulo dirección"": ""64.0° / 63.65°"", ""I Fork Offset"": ""44 mm 1.73\"""", ""J Distancia entre ejes"": ""1284 mm / 1285 mm 50.55\"""", ""K Longitud pipa"": ""130 mm 5.12\"""", ""L Reach"": ""480 mm / 476 mm 18.90\"""", ""M Stack"": ""658 mm / 661 mm 25.91\""""}",8499,false,https://mondraker.com/es/es/level-rr1750250055,https://mondraker.com/es/es/level-rr1750250055,html,2026-10-05
Mondraker,LEVEL [f3068e52],LEVEL RR,,emtb,L,L,,,,,,667,500,"{""A Longitud tubo sillín"": ""460 mm 18.11\"""", ""B Longitud tubo superior"": ""642 mm 25.28\"""", ""C Caída eje pedalier"": ""-2 mm / -7 mm -0.08\"""", ""D Altura eje pedalier"": ""353 mm / 348 mm 13.90\"""", ""E Longitud vainas"": ""455 mm / 456 mm 17.91\"""", ""F Ángulo tubo sillín real"": ""75.3° / 74.95°"", ""G Ángulo tubo sillín efectivo"": ""78° / 77.65°"", ""H Ángulo dirección"": ""64.0° / 63.65°"", ""I Fork Offset"": ""44 mm 1.73\"""", ""J Distancia entre ejes"": ""1319 mm / 1320 mm 51.93\"""", ""K Longitud pipa"": ""140 mm 5.51\"""", ""L Reach"": ""500 mm / 496 mm 19.69\"""", ""M Stack"": ""667 mm / 670 mm 26.26\""""}",8499,false,https://mondraker.com/es/es/level-rr1750250055,https://mondraker.com/es/es/level-rr1750250055,html,2026-10-05
Mondraker,LEVEL [f3068e52],LEVEL RR,,emtb,XL,XL,,,,,,676,520,"{""A Longitud tubo sillín"": ""490 mm 19.29\"""", ""B Longitud tubo superior"": ""664 mm / 665 mm 26.14\"""", ""C Caída eje pedalier"": ""-2 mm / -7 mm -0.08\"""", ""D Altura eje pedalier"": ""353 mm / 348 mm 13.90\"""", ""E Longitud vainas"": ""455 mm / 456 mm 17.91\"""", ""F Ángulo tubo sillín real"": ""75.3° / 74.95°"", ""G Ángulo tubo sillín efectivo"": ""78° / 77.65°"", ""H Ángulo dirección"": ""64.0° / 63.65°"", ""I Fork Offset"": ""44 mm 1.73\"""", ""J Distancia entre ejes"": ""1343 mm / 1344 mm 52.87\"""", ""K Longitud pipa"": ""150 mm 5.91\"""", ""L Reach"": ""520 mm / 516 mm 20.47\"""", ""M Stack"": ""676 mm / 679 mm 26.61\""""}",8499,false,https://mondraker.com/es/es/level-rr1750250055,https://mondraker.com/es/es/level-rr1750250055,html,2026-10-05
Mondraker,LEVEL [f3068e52],LEVEL R,,emtb,S,S,,,,,,640,440,"{""A Longitud tubo sillín"": ""380 mm 14.96\"""", ""B Longitud tubo superior"": ""576 mm / 577 mm 22.68\"""", ""C Caída eje pedalier"": ""-2 mm / -7 mm -0.08\"""", ""D Altura eje pedalier"": ""353 mm / 348 mm 13.90\"""", ""E Longitud vainas"": ""445 mm / 446 mm 17.52\"""", ""F Ángulo tubo sillín real"": ""75.3° / 74.95°"", ""G Ángulo tubo sillín efectivo"": ""78° / 77.65°"", ""H Ángulo dirección"": ""64.0° / 63.65°"", ""I Fork Offset"": ""44 mm 1.73\"""", ""J Distancia entre ejes"": ""1236 mm / 1237 mm 48.66\"""", ""K Longitud pipa"": ""110 mm 4.33\"""", ""L Reach"": ""440 mm / 436 mm 17.32\"""", ""M Stack"": ""640 mm / 643 mm 25.20\""""}",6999,false,https://mondraker.com/es/es/level-r1750250420,https://mondraker.com/es/es/level-r1750250420,html,2026-10-05
Mondraker,LEVEL [f3068e52],LEVEL R,,emtb,M,M,,,,,,649,460,"{""A Longitud tubo sillín"": ""410 mm 16.14\"""", ""B Longitud tubo superior"": ""598 mm / 599 mm 23.54\"""", ""C Caída eje pedalier"": ""-2 mm / -7 mm -0.08\"""", ""D Altura eje pedalier"": ""353 mm / 348 mm 13.90\"""", ""E Longitud vainas"": ""445 mm / 446 mm 17.52\"""", ""F Ángulo tubo sillín real"": ""75.3° / 74.95°"", ""G Ángulo tubo sillín efectivo"": ""78° / 77.65°"", ""H Ángulo dirección"": ""64.0° / 63.65°"", ""I Fork Offset"": ""44 mm 1.73\"""", ""J Distancia entre ejes"": ""1260 mm / 1261 mm 49.61\"""", ""K Longitud pipa"": ""120 mm 4.72\"""", ""L Reach"": ""460 mm / 456 mm 18.11\"""", ""M Stack"": ""649 mm / 652 mm 25.55\""""}",6999,false,https://mondraker.com/es/es/level-r1750250420,https://mondraker.com/es/es/level-r1750250420,html,2026-10-05
Mondraker,LEVEL [f3068e52],LEVEL R,,emtb,M/L,M/L,,,,,,658,480,"{""A Longitud tubo sillín"": ""435 mm 17.13\"""", ""B Longitud tubo superior"": ""620 mm / 621 mm 24.41\"""", ""C Caída eje pedalier"": ""-2 mm / -7 mm -0.08\"""", ""D Altura eje pedalier"": ""353 mm / 348 mm 13.90\"""", ""E Longitud vainas"": ""445 mm / 446 mm 17.52\"""", ""F Ángulo tubo sillín real"": ""75.3° / 74.95°"", ""G Ángulo tubo sillín efectivo"": ""78° / 77.65°"", ""H Ángulo dirección"": ""64.0° / 63.65°"", ""I Fork Offset"": ""44 mm 1.73\"""", ""J Distancia entre ejes"": ""1284 mm / 1285 mm 50.55\"""", ""K Longitud pipa"": ""130 mm 5.12\"""", ""L Reach"": ""480 mm / 476 mm 18.90\"""", ""M Stack"": ""658 mm / 661 mm 25.91\""""}",6999,false,https://mondraker.com/es/es/level-r1750250420,https://mondraker.com/es/es/level-r1750250420,html,2026-10-05
Mondraker,LEVEL [f3068e52],LEVEL R,,emtb,L,L,,,,,,667,500,"{""A Longitud tubo sillín"": ""460 mm 18.11\"""", ""B Longitud tubo superior"": ""642 mm 25.28\"""", ""C Caída eje pedalier"": ""-2 mm / -7 mm -0.08\"""", ""D Altura eje pedalier"": ""353 mm / 348 mm 13.90\"""", ""E Longitud vainas"": ""455 mm / 456 mm 17.91\"""", ""F Ángulo tubo sillín real"": ""75.3° / 74.95°"", ""G Ángulo tubo sillín efectivo"": ""78° / 77.65°"", ""H Ángulo dirección"": ""64.0° / 63.65°"", ""I Fork Offset"": ""44 mm 1.73\"""", ""J Distancia entre ejes"": ""1319 mm / 1320 mm 51.93\"""", ""K Longitud pipa"": ""140 mm 5.51\"""", ""L Reach"": ""500 mm / 496 mm 19.69\"""", ""M Stack"": ""667 mm / 670 mm 26.26\""""}",6999,false,https://mondraker.com/es/es/level-r1750250420,https://mondraker.com/es/es/level-r1750250420,html,2026-10-05
Mondraker,LEVEL [f3068e52],LEVEL R,,emtb,XL,XL,,,,,,676,520,"{""A Longitud tubo sillín"": ""490 mm 19.29\"""", ""B Longitud tubo superior"": ""664 mm / 665 mm 26.14\"""", ""C Caída eje pedalier"": ""-2 mm / -7 mm -0.08\"""", ""D Altura eje pedalier"": ""353 mm / 348 mm 13.90\"""", ""E Longitud vainas"": ""455 mm / 456 mm 17.91\"""", ""F Ángulo tubo sillín real"": ""75.3° / 74.95°"", ""G Ángulo tubo sillín efectivo"": ""78° / 77.65°"", ""H Ángulo dirección"": ""64.0° / 63.65°"", ""I Fork Offset"": ""44 mm 1.73\"""", ""J Distancia entre ejes"": ""1343 mm / 1344 mm 52.87\"""", ""K Longitud pipa"": ""150 mm 5.91\"""", ""L Reach"": ""520 mm / 516 mm 20.47\"""", ""M Stack"": ""676 mm / 679 mm 26.61\""""}",6999,false,https://mondraker.com/es/es/level-r1750250420,https://mondraker.com/es/es/level-r1750250420,html,2026-10-05
Mondraker,SCREE [736fd92c],SCREE RR,,emtb,S,S,,,,,,644.6,440,"{""A Longitud tubo sillín"": ""380 mm 14.96\"""", ""B Longitud tubo superior"": ""587,6 mm 23.13\"""", ""C Caída eje pedalier"": ""-35 mm -1.38\"""", ""D Altura eje pedalier"": ""340 mm 13.39\"""", ""E Longitud vainas"": ""456 mm 17.95\"""", ""F Ángulo tubo sillín real"": ""74°"", ""G Ángulo tubo sillín efectivo"": ""77°"", ""H Ángulo dirección"": ""65,5°"", ""I Fork Offset"": ""44 mm 1.73\"""", ""J Distancia entre ejes"": ""1221,2 mm 48.08\"""", ""K Longitud pipa"": ""125 mm 4.92\"""", ""L Reach"": ""440 mm 17.32\"""", ""M Stack"": ""644,6 mm 25.38\""""}",6999,false,https://mondraker.com/es/es/scree-rr-mintcore,https://mondraker.com/es/es/scree-rr-mintcore,html,2026-10-05
Mondraker,SCREE [736fd92c],SCREE RR,,emtb,M,M,,,,,,644.6,460,"{""A Longitud tubo sillín"": ""410 mm 16.14\"""", ""B Longitud tubo superior"": ""607,6 mm 23.92\"""", ""C Caída eje pedalier"": ""-35 mm -1.38\"""", ""D Altura eje pedalier"": ""340 mm 13.39\"""", ""E Longitud vainas"": ""456 mm 17.95\"""", ""F Ángulo tubo sillín real"": ""74°"", ""G Ángulo tubo sillín efectivo"": ""77°"", ""H Ángulo dirección"": ""65,5°"", ""I Fork Offset"": ""44 mm 1.73\"""", ""J Distancia entre ejes"": ""1241,2 mm 48.87\"""", ""K Longitud pipa"": ""125 mm 4.92\"""", ""L Reach"": ""460 mm 18.11\"""", ""M Stack"": ""644,6 mm 25.38\""""}",6999,false,https://mondraker.com/es/es/scree-rr-mintcore,https://mondraker.com/es/es/scree-rr-mintcore,html,2026-10-05
Mondraker,SCREE [736fd92c],SCREE RR,,emtb,ML,,,,,,,649.2,480,"{""A Longitud tubo sillín"": ""435 mm 17.13\"""", ""B Longitud tubo superior"": ""628,8 mm 24.76\"""", ""C Caída eje pedalier"": ""-35 mm -1.38\"""", ""D Altura eje pedalier"": ""340 mm 13.39\"""", ""E Longitud vainas"": ""456 mm 17.95\"""", ""F Ángulo tubo sillín real"": ""74°"", ""G Ángulo tubo sillín efectivo"": ""77°"", ""H Ángulo dirección"": ""65,5°"", ""I Fork Offset"": ""44 mm 1.73\"""", ""J Distancia entre ejes"": ""1263,3 mm 49.74\"""", ""K Longitud pipa"": ""130 mm 5.12\"""", ""L Reach"": ""480 mm 18.90\"""", ""M Stack"": ""649,2 mm 25.56\""""}",6999,false,https://mondraker.com/es/es/scree-rr-mintcore,https://mondraker.com/es/es/scree-rr-mintcore,html,2026-10-05
Mondraker,SCREE [736fd92c],SCREE RR,,emtb,L,L,,,,,,658.3,500,"{""A Longitud tubo sillín"": ""460 mm 18.11\"""", ""B Longitud tubo superior"": ""650,7 mm 25.62\"""", ""C Caída eje pedalier"": ""-35 mm -1.38\"""", ""D Altura eje pedalier"": ""340 mm 13.39\"""", ""E Longitud vainas"": ""456 mm 17.95\"""", ""F Ángulo tubo sillín real"": ""74°"", ""G Ángulo tubo sillín efectivo"": ""77°"", ""H Ángulo dirección"": ""65,5°"", ""I Fork Offset"": ""44 mm 1.73\"""", ""J Distancia entre ejes"": ""1287,4 mm 50.69\"""", ""K Longitud pipa"": ""140 mm 5.51\"""", ""L Reach"": ""500 mm 19.69\"""", ""M Stack"": ""658,3 mm 25.92\""""}",6999,false,https://mondraker.com/es/es/scree-rr-mintcore,https://mondraker.com/es/es/scree-rr-mintcore,html,2026-10-05
Mondraker,SCREE [736fd92c],SCREE RR,,emtb,XL,XL,,,,,,667.4,520,"{""A Longitud tubo sillín"": ""490 mm 19.29\"""", ""B Longitud tubo superior"": ""672,8 mm 26.49\"""", ""C Caída eje pedalier"": ""-35 mm -1.38\"""", ""D Altura eje pedalier"": ""340 mm 13.39\"""", ""E Longitud vainas"": ""456 mm 17.95\"""", ""F Ángulo tubo sillín real"": ""74°"", ""G Ángulo tubo sillín efectivo"": ""77°"", ""H Ángulo dirección"": ""65,5°"", ""I Fork Offset"": ""44 mm 1.73\"""", ""J Distancia entre ejes"": ""1311,5 mm 51.63\"""", ""K Longitud pipa"": ""150 mm 5.91\"""", ""L Reach"": ""520 mm 20.47\"""", ""M Stack"": ""667,4 mm 26.28\""""}",6999,false,https://mondraker.com/es/es/scree-rr-mintcore,https://mondraker.com/es/es/scree-rr-mintcore,html,2026-10-05
Mondraker,SCREE [736fd92c],SCREE R,,emtb,S,S,,,,,,644.6,440,"{""A Longitud tubo sillín"": ""380 mm 14.96\"""", ""B Longitud tubo superior"": ""587,6 mm 23.13\"""", ""C Caída eje pedalier"": ""-35 mm -1.38\"""", ""D Altura eje pedalier"": ""340 mm 13.39\"""", ""E Longitud vainas"": ""456 mm 17.95\"""", ""F Ángulo tubo sillín real"": ""74°"", ""G Ángulo tubo sillín efectivo"": ""77°"", ""H Ángulo dirección"": ""65,5°"", ""I Fork Offset"": ""44 mm 1.73\"""", ""J Distancia entre ejes"": ""1221,2 mm 48.08\"""", ""K Longitud pipa"": ""125 mm 4.92\"""", ""L Reach"": ""440 mm 17.32\"""", ""M Stack"": ""644,6 mm 25.38\""""}",5999,false,https://mondraker.com/es/es/scree-r-relic-metallic,https://mondraker.com/es/es/scree-r-relic-metallic,html,2026-10-05
Mondraker,SCREE [736fd92c],SCREE R,,emtb,M,M,,,,,,644.6,460,"{""A Longitud tubo sillín"": ""410 mm 16.14\"""", ""B Longitud tubo superior"": ""607,6 mm 23.92\"""", ""C Caída eje pedalier"": ""-35 mm -1.38\"""", ""D Altura eje pedalier"": ""340 mm 13.39\"""", ""E Longitud vainas"": ""456 mm 17.95\"""", ""F Ángulo tubo sillín real"": ""74°"", ""G Ángulo tubo sillín efectivo"": ""77°"", ""H Ángulo dirección"": ""65,5°"", ""I Fork Offset"": ""44 mm 1.73\"""", ""J Distancia entre ejes"": ""1241,2 mm 48.87\"""", ""K Longitud pipa"": ""125 mm 4.92\"""", ""L Reach"": ""460 mm 18.11\"""", ""M Stack"": ""644,6 mm 25.38\""""}",5999,false,https://mondraker.com/es/es/scree-r-relic-metallic,https://mondraker.com/es/es/scree-r-relic-metallic,html,2026-10-05
Mondraker,SCREE [736fd92c],SCREE R,,emtb,ML,,,,,,,649.2,480,"{""A Longitud tubo sillín"": ""435 mm 17.13\"""", ""B Longitud tubo superior"": ""628,8 mm 24.76\"""", ""C Caída eje pedalier"": ""-35 mm -1.38\"""", ""D Altura eje pedalier"": ""340 mm 13.39\"""", ""E Longitud vainas"": ""456 mm 17.95\"""", ""F Ángulo tubo sillín real"": ""74°"", ""G Ángulo tubo sillín efectivo"": ""77°"", ""H Ángulo dirección"": ""65,5°"", ""I Fork Offset"": ""44 mm 1.73\"""", ""J Distancia entre ejes"": ""1263,3 mm 49.74\"""", ""K Longitud pipa"": ""130 mm 5.12\"""", ""L Reach"": ""480 mm 18.90\"""", ""M Stack"": ""649,2 mm 25.56\""""}",5999,false,https://mondraker.com/es/es/scree-r-relic-metallic,https://mondraker.com/es/es/scree-r-relic-metallic,html,2026-10-05
Mondraker,SCREE [736fd92c],SCREE R,,emtb,L,L,,,,,,658.3,500,"{""A Longitud tubo sillín"": ""460 mm 18.11\"""", ""B Longitud tubo superior"": ""650,7 mm 25.62\"""", ""C Caída eje pedalier"": ""-35 mm -1.38\"""", ""D Altura eje pedalier"": ""340 mm 13.39\"""", ""E Longitud vainas"": ""456 mm 17.95\"""", ""F Ángulo tubo sillín real"": ""74°"", ""G Ángulo tubo sillín efectivo"": ""77°"", ""H Ángulo dirección"": ""65,5°"", ""I Fork Offset"": ""44 mm 1.73\"""", ""J Distancia entre ejes"": ""1287,4 mm 50.69\"""", ""K Longitud pipa"": ""140 mm 5.51\"""", ""L Reach"": ""500 mm 19.69\"""", ""M Stack"": ""658,3 mm 25.92\""""}",5999,false,https://mondraker.com/es/es/scree-r-relic-metallic,https://mondraker.com/es/es/scree-r-relic-metallic,html,2026-10-05
Mondraker,SCREE [736fd92c],SCREE R,,emtb,XL,XL,,,,,,667.4,520,"{""A Longitud tubo sillín"": ""490 mm 19.29\"""", ""B Longitud tubo superior"": ""672,8 mm 26.49\"""", ""C Caída eje pedalier"": ""-35 mm -1.38\"""", ""D Altura eje pedalier"": ""340 mm 13.39\"""", ""E Longitud vainas"": ""456 mm 17.95\"""", ""F Ángulo tubo sillín real"": ""74°"", ""G Ángulo tubo sillín efectivo"": ""77°"", ""H Ángulo dirección"": ""65,5°"", ""I Fork Offset"": ""44 mm 1.73\"""", ""J Distancia entre ejes"": ""1311,5 mm 51.63\"""", ""K Longitud pipa"": ""150 mm 5.91\"""", ""L Reach"": ""520 mm 20.47\"""", ""M Stack"": ""667,4 mm 26.28\""""}",5999,false,https://mondraker.com/es/es/scree-r-relic-metallic,https://mondraker.com/es/es/scree-r-relic-metallic,html,2026-10-05
Mondraker,SCREE [736fd92c],SCREE S 720,,emtb,S,S,,,,,,644.6,440,"{""A Longitud tubo sillín"": ""380 mm 14.96\"""", ""B Longitud tubo superior"": ""587,6 mm 23.13\"""", ""C Caída eje pedalier"": ""-35 mm -1.38\"""", ""D Altura eje pedalier"": ""340 mm 13.39\"""", ""E Longitud vainas"": ""456 mm 17.95\"""", ""F Ángulo tubo sillín real"": ""74°"", ""G Ángulo tubo sillín efectivo"": ""77°"", ""H Ángulo dirección"": ""65,5°"", ""I Fork Offset"": ""44 mm 1.73\"""", ""J Distancia entre ejes"": ""1221,2 mm 48.08\"""", ""K Longitud pipa"": ""125 mm 4.92\"""", ""L Reach"": ""440 mm 17.32\"""", ""M Stack"": ""644,6 mm 25.38\""""}",4999,false,https://mondraker.com/es/es/scree-s-720,https://mondraker.com/es/es/scree-s-720,html,2026-10-05
Mondraker,SCREE [736fd92c],SCREE S 720,,emtb,M,M,,,,,,644.6,460,"{""A Longitud tubo sillín"": ""410 mm 16.14\"""", ""B Longitud tubo superior"": ""607,6 mm 23.92\"""", ""C Caída eje pedalier"": ""-35 mm -1.38\"""", ""D Altura eje pedalier"": ""340 mm 13.39\"""", ""E Longitud vainas"": ""456 mm 17.95\"""", ""F Ángulo tubo sillín real"": ""74°"", ""G Ángulo tubo sillín efectivo"": ""77°"", ""H Ángulo dirección"": ""65,5°"", ""I Fork Offset"": ""44 mm 1.73\"""", ""J Distancia entre ejes"": ""1241,2 mm 48.87\"""", ""K Longitud pipa"": ""125 mm 4.92\"""", ""L Reach"": ""460 mm 18.11\"""", ""M Stack"": ""644,6 mm 25.38\""""}",4999,false,https://mondraker.com/es/es/scree-s-720,https://mondraker.com/es/es/scree-s-720,html,2026-10-05
Mondraker,SCREE [736fd92c],SCREE S 720,,emtb,ML,,,,,,,649.2,480,"{""A Longitud tubo sillín"": ""435 mm 17.13\"""", ""B Longitud tubo superior"": ""628,8 mm 24.76\"""", ""C Caída eje pedalier"": ""-35 mm -1.38\"""", ""D Altura eje pedalier"": ""340 mm 13.39\"""", ""E Longitud vainas"": ""456 mm 17.95\"""", ""F Ángulo tubo sillín real"": ""74°"", ""G Ángulo tubo sillín efectivo"": ""77°"", ""H Ángulo dirección"": ""65,5°"", ""I Fork Offset"": ""44 mm 1.73\"""", ""J Distancia entre ejes"": ""1263,3 mm 49.74\"""", ""K Longitud pipa"": ""130 mm 5.12\"""", ""L Reach"": ""480 mm 18.90\"""", ""M Stack"": ""649,2 mm 25.56\""""}",4999,false,https://mondraker.com/es/es/scree-s-720,https://mondraker.com/es/es/scree-s-720,html,2026-10-05
Mondraker,SCREE [736fd92c],SCREE S 720,,emtb,L,L,,,,,,658.3,500,"{""A Longitud tubo sillín"": ""460 mm 18.11\"""", ""B Longitud tubo superior"": ""650,7 mm 25.62\"""", ""C Caída eje pedalier"": ""-35 mm -1.38\"""", ""D Altura eje pedalier"": ""340 mm 13.39\"""", ""E Longitud vainas"": ""456 mm 17.95\"""", ""F Ángulo tubo sillín real"": ""74°"", ""G Ángulo tubo sillín efectivo"": ""77°"", ""H Ángulo dirección"": ""65,5°"", ""I Fork Offset"": ""44 mm 1.73\"""", ""J Distancia entre ejes"": ""1287,4 mm 50.69\"""", ""K Longitud pipa"": ""140 mm 5.51\"""", ""L Reach"": ""500 mm 19.69\"""", ""M Stack"": ""658,3 mm 25.92\""""}",4999,false,https://mondraker.com/es/es/scree-s-720,https://mondraker.com/es/es/scree-s-720,html,2026-10-05
Mondraker,SCREE [736fd92c],SCREE S 720,,emtb,XL,XL,,,,,,667.4,520,"{""A Longitud tubo sillín"": ""490 mm 19.29\"""", ""B Longitud tubo superior"": ""672,8 mm 26.49\"""", ""C Caída eje pedalier"": ""-35 mm -1.38\"""", ""D Altura eje pedalier"": ""340 mm 13.39\"""", ""E Longitud vainas"": ""456 mm 17.95\"""", ""F Ángulo tubo sillín real"": ""74°"", ""G Ángulo tubo sillín efectivo"": ""77°"", ""H Ángulo dirección"": ""65,5°"", ""I Fork Offset"": ""44 mm 1.73\"""", ""J Distancia entre ejes"": ""1311,5 mm 51.63\"""", ""K Longitud pipa"": ""150 mm 5.91\"""", ""L Reach"": ""520 mm 20.47\"""", ""M Stack"": ""667,4 mm 26.28\""""}",4999,false,https://mondraker.com/es/es/scree-s-720,https://mondraker.com/es/es/scree-s-720,html,2026-10-05
Mondraker,PRIME [4883fa58],PRIME R,,emtb,S,S,,,,,,669.1,405,"{""A Longitud tubo sillín"": ""370 mm 14.57\"""", ""B Longitud tubo superior"": ""570.7 mm 22.47\"""", ""C Caída eje pedalier"": ""-70 mm -2.76\"""", ""D Altura eje pedalier"": ""308 mm 12.13\"""", ""E Longitud vainas"": ""455 mm 17.91\"""", ""F Ángulo tubo sillín real"": ""74.5º"", ""G Ángulo tubo sillín efectivo"": ""74.5º"", ""H Ángulo dirección"": ""67º"", ""I Fork Offset"": ""44 mm 1.73\"""", ""J Distancia entre ejes"": ""1156.7 mm 45.54\"""", ""K Longitud pipa"": ""120 mm 4.72\"""", ""L Reach"": ""405 mm 15.94\"""", ""M Stack"": ""669.1 mm 26.34\""""}",4599,false,https://mondraker.com/es/es/prime-r69a9381f3f44d,https://mondraker.com/es/es/prime-r69a9381f3f44d,html,2026-10-05
Mondraker,PRIME [4883fa58],PRIME R,,emtb,M,M,,,,,,669.1,425,"{""A Longitud tubo sillín"": ""400 mm 15.75\"""", ""B Longitud tubo superior"": ""588.3 mm 23.16\"""", ""C Caída eje pedalier"": ""-70 mm -2.76\"""", ""D Altura eje pedalier"": ""308 mm 12.13\"""", ""E Longitud vainas"": ""455 mm 17.91\"""", ""F Ángulo tubo sillín real"": ""74.5º"", ""G Ángulo tubo sillín efectivo"": ""74.5º"", ""H Ángulo dirección"": ""67º"", ""I Fork Offset"": ""44 mm 1.73\"""", ""J Distancia entre ejes"": ""1176.7 mm 46.33\"""", ""K Longitud pipa"": ""120 mm 4.72\"""", ""L Reach"": ""425 mm 16.73\"""", ""M Stack"": ""669.1 mm 26.34\""""}",4599,false,https://mondraker.com/es/es/prime-r69a9381f3f44d,https://mondraker.com/es/es/prime-r69a9381f3f44d,html,2026-10-05
Mondraker,PRIME [4883fa58],PRIME R,,emtb,M/L,M/L,,,,,,673.7,450,"{""A Longitud tubo sillín"": ""430 mm 16.93\"""", ""B Longitud tubo superior"": ""616.8 mm 24.28\"""", ""C Caída eje pedalier"": ""-70 mm -2.76\"""", ""D Altura eje pedalier"": ""308 mm 12.13\"""", ""E Longitud vainas"": ""455 mm 17.91\"""", ""F Ángulo tubo sillín real"": ""74.5º"", ""G Ángulo tubo sillín efectivo"": ""74.5º"", ""H Ángulo dirección"": ""67º"", ""I Fork Offset"": ""44 mm 1.73\"""", ""J Distancia entre ejes"": ""1183.6 mm 46.60\"""", ""K Longitud pipa"": ""130 mm 5.12\"""", ""L Reach"": ""450 mm 17.72\"""", ""M Stack"": ""673.7 mm 26.52\""""}",4599,false,https://mondraker.com/es/es/prime-r69a9381f3f44d,https://mondraker.com/es/es/prime-r69a9381f3f44d,html,2026-10-05
Mondraker,PRIME [4883fa58],PRIME R,,emtb,L,L,,,,,,682.9,475,"{""A Longitud tubo sillín"": ""470 mm 18.50\"""", ""B Longitud tubo superior"": ""645.9 mm 25.43\"""", ""C Caída eje pedalier"": ""-70 mm -2.76\"""", ""D Altura eje pedalier"": ""308 mm 12.13\"""", ""E Longitud vainas"": ""455 mm 17.91\"""", ""F Ángulo tubo sillín real"": ""74.5º"", ""G Ángulo tubo sillín efectivo"": ""74.5º"", ""H Ángulo dirección"": ""67º"", ""I Fork Offset"": ""44 mm 1.73\"""", ""J Distancia entre ejes"": ""1232.5 mm 48.52\"""", ""K Longitud pipa"": ""140 mm 5.51\"""", ""L Reach"": ""475 mm 18.70\"""", ""M Stack"": ""682.9 mm 26.89\""""}",4599,false,https://mondraker.com/es/es/prime-r69a9381f3f44d,https://mondraker.com/es/es/prime-r69a9381f3f44d,html,2026-10-05
Mondraker,PRIME [4883fa58],PRIME R,,emtb,XL,XL,,,,,,692.1,500,"{""A Longitud tubo sillín"": ""510 mm 20.08\"""", ""B Longitud tubo superior"": ""673.4 mm 26.51\"""", ""C Caída eje pedalier"": ""-70 mm -2.76\"""", ""D Altura eje pedalier"": ""308 mm 12.13\"""", ""E Longitud vainas"": ""455 mm 17.91\"""", ""F Ángulo tubo sillín real"": ""74.5º"", ""G Ángulo tubo sillín efectivo"": ""74.5º"", ""H Ángulo dirección"": ""67º"", ""I Fork Offset"": ""44 mm 1.73\"""", ""J Distancia entre ejes"": ""1261.5 mm 49.67\"""", ""K Longitud pipa"": ""150 mm 5.91\"""", ""L Reach"": ""500 mm 19.69\"""", ""M Stack"": ""692.1 mm 27.25\""""}",4599,false,https://mondraker.com/es/es/prime-r69a9381f3f44d,https://mondraker.com/es/es/prime-r69a9381f3f44d,html,2026-10-05
Mondraker,PRIME [4883fa58],PRIME S,,emtb,S,S,,,,,,669.1,405,"{""A Longitud tubo sillín"": ""370 mm 14.57\"""", ""B Longitud tubo superior"": ""570.7 mm 22.47\"""", ""C Caída eje pedalier"": ""-70 mm -2.76\"""", ""D Altura eje pedalier"": ""308 mm 12.13\"""", ""E Longitud vainas"": ""455 mm 17.91\"""", ""F Ángulo tubo sillín real"": ""74.5º"", ""G Ángulo tubo sillín efectivo"": ""74.5º"", ""H Ángulo dirección"": ""67º"", ""I Fork Offset"": ""44 mm 1.73\"""", ""J Distancia entre ejes"": ""1156.7 mm 45.54\"""", ""K Longitud pipa"": ""120 mm 4.72\"""", ""L Reach"": ""405 mm 15.94\"""", ""M Stack"": ""669.1 mm 26.34\""""}",4199,false,https://mondraker.com/es/es/prime-s,https://mondraker.com/es/es/prime-s,html,2026-10-05
Mondraker,PRIME [4883fa58],PRIME S,,emtb,M,M,,,,,,669.1,425,"{""A Longitud tubo sillín"": ""400 mm 15.75\"""", ""B Longitud tubo superior"": ""588.3 mm 23.16\"""", ""C Caída eje pedalier"": ""-70 mm -2.76\"""", ""D Altura eje pedalier"": ""308 mm 12.13\"""", ""E Longitud vainas"": ""455 mm 17.91\"""", ""F Ángulo tubo sillín real"": ""74.5º"", ""G Ángulo tubo sillín efectivo"": ""74.5º"", ""H Ángulo dirección"": ""67º"", ""I Fork Offset"": ""44 mm 1.73\"""", ""J Distancia entre ejes"": ""1176.7 mm 46.33\"""", ""K Longitud pipa"": ""120 mm 4.72\"""", ""L Reach"": ""425 mm 16.73\"""", ""M Stack"": ""669.1 mm 26.34\""""}",4199,false,https://mondraker.com/es/es/prime-s,https://mondraker.com/es/es/prime-s,html,2026-10-05
Mondraker,PRIME [4883fa58],PRIME S,,emtb,M/L,M/L,,,,,,673.7,450,"{""A Longitud tubo sillín"": ""430 mm 16.93\"""", ""B Longitud tubo superior"": ""616.8 mm 24.28\"""", ""C Caída eje pedalier"": ""-70 mm -2.76\"""", ""D Altura eje pedalier"": ""308 mm 12.13\"""", ""E Longitud vainas"": ""455 mm 17.91\"""", ""F Ángulo tubo sillín real"": ""74.5º"", ""G Ángulo tubo sillín efectivo"": ""74.5º"", ""H Ángulo dirección"": ""67º"", ""I Fork Offset"": ""44 mm 1.73\"""", ""J Distancia entre ejes"": ""1183.6 mm 46.60\"""", ""K Longitud pipa"": ""130 mm 5.12\"""", ""L Reach"": ""450 mm 17.72\"""", ""M Stack"": ""673.7 mm 26.52\""""}",4199,false,https://mondraker.com/es/es/prime-s,https://mondraker.com/es/es/prime-s,html,2026-10-05
Mondraker,PRIME [4883fa58],PRIME S,,emtb,L,L,,,,,,682.9,475,"{""A Longitud tubo sillín"": ""470 mm 18.50\"""", ""B Longitud tubo superior"": ""645.9 mm 25.43\"""", ""C Caída eje pedalier"": ""-70 mm -2.76\"""", ""D Altura eje pedalier"": ""308 mm 12.13\"""", ""E Longitud vainas"": ""455 mm 17.91\"""", ""F Ángulo tubo sillín real"": ""74.5º"", ""G Ángulo tubo sillín efectivo"": ""74.5º"", ""H Ángulo dirección"": ""67º"", ""I Fork Offset"": ""44 mm 1.73\"""", ""J Distancia entre ejes"": ""1232.5 mm 48.52\"""", ""K Longitud pipa"": ""140 mm 5.51\"""", ""L Reach"": ""475 mm 18.70\"""", ""M Stack"": ""682.9 mm 26.89\""""}",4199,false,https://mondraker.com/es/es/prime-s,https://mondraker.com/es/es/prime-s,html,2026-10-05
Mondraker,PRIME [4883fa58],PRIME S,,emtb,XL,XL,,,,,,692.1,500,"{""A Longitud tubo sillín"": ""510 mm 20.08\"""", ""B Longitud tubo superior"": ""673.4 mm 26.51\"""", ""C Caída eje pedalier"": ""-70 mm -2.76\"""", ""D Altura eje pedalier"": ""308 mm 12.13\"""", ""E Longitud vainas"": ""455 mm 17.91\"""", ""F Ángulo tubo sillín real"": ""74.5º"", ""G Ángulo tubo sillín efectivo"": ""74.5º"", ""H Ángulo dirección"": ""67º"", ""I Fork Offset"": ""44 mm 1.73\"""", ""J Distancia entre ejes"": ""1261.5 mm 49.67\"""", ""K Longitud pipa"": ""150 mm 5.91\"""", ""L Reach"": ""500 mm 19.69\"""", ""M Stack"": ""692.1 mm 27.25\""""}",4199,false,https://mondraker.com/es/es/prime-s,https://mondraker.com/es/es/prime-s,html,2026-10-05
