brand,family,model,model_year,category,size_label,size_normalized,size_cm,height_min,height_max,height_original,height_unit,stack,reach,geometry_raw,price_eur,price_is_from,product_url,source_url,extraction_method,loaded_at
Orbea,Orca [ba9930db],Orca M11e LTD PWR,,carretera,47,,47,155,160,155-160 cm,cm,506,370,"{""1 Seat Tube (C-T)"": ""440"", ""2 Top Tube (EFF)"": ""510,3"", ""3 Head Tube"": ""110,5"", ""4 Chainstay"": ""408"", ""5 BB Drop"": ""72"", ""6 BB Height"": ""268,5"", ""7 Wheelbase"": ""971,8"", ""8 Head Angle"": ""71"", ""9 Seat Angle"": ""74,5"", ""10 Rake"": ""48"", ""11 Standover"": ""736,5"", ""12 Reach"": ""370"", ""13 Stack"": ""506"", ""14 Fork Length"": ""365"", ""15 Trail"": ""66,0""}",10999,false,https://www.orbea.com/es-es/orca-m11eltd-pwr,https://www.orbea.com/en-int/orca-m11eltd-pwr,html,2026-10-05
Orbea,Orca [ba9930db],Orca M11e LTD PWR,,carretera,49,,49,160,166,160-166 cm,cm,515,375,"{""1 Seat Tube (C-T)"": ""460"", ""2 Top Tube (EFF)"": ""522,7"", ""3 Head Tube"": ""118,2"", ""4 Chainstay"": ""408"", ""5 BB Drop"": ""72"", ""6 BB Height"": ""268,5"", ""7 Wheelbase"": ""975,4"", ""8 Head Angle"": ""71,5"", ""9 Seat Angle"": ""74"", ""10 Rake"": ""48"", ""11 Standover"": ""748,5"", ""12 Reach"": ""375"", ""13 Stack"": ""515"", ""14 Fork Length"": ""365"", ""15 Trail"": ""62,8""}",10999,false,https://www.orbea.com/es-es/orca-m11eltd-pwr,https://www.orbea.com/en-int/orca-m11eltd-pwr,html,2026-10-05
Orbea,Orca [ba9930db],Orca M11e LTD PWR,,carretera,51,,51,167,172,167-172 cm,cm,533,380,"{""1 Seat Tube (C-T)"": ""480"", ""2 Top Tube (EFF)"": ""535,9"", ""3 Head Tube"": ""134,6"", ""4 Chainstay"": ""408"", ""5 BB Drop"": ""72"", ""6 BB Height"": ""268,5"", ""7 Wheelbase"": ""980"", ""8 Head Angle"": ""72,2"", ""9 Seat Angle"": ""73,7"", ""10 Rake"": ""48"", ""11 Standover"": ""767,5"", ""12 Reach"": ""380"", ""13 Stack"": ""533"", ""14 Fork Length"": ""365"", ""15 Trail"": ""58,4""}",10999,false,https://www.orbea.com/es-es/orca-m11eltd-pwr,https://www.orbea.com/en-int/orca-m11eltd-pwr,html,2026-10-05
Orbea,Orca [ba9930db],Orca M11e LTD PWR,,carretera,53,,53,173,179,173-179 cm,cm,552,385,"{""1 Seat Tube (C-T)"": ""500"", ""2 Top Tube (EFF)"": ""548,5"", ""3 Head Tube"": ""152,9"", ""4 Chainstay"": ""408"", ""5 BB Drop"": ""70"", ""6 BB Height"": ""270,5"", ""7 Wheelbase"": ""981,2"", ""8 Head Angle"": ""72,8"", ""9 Seat Angle"": ""73,5"", ""10 Rake"": ""43"", ""11 Standover"": ""788,5"", ""12 Reach"": ""385"", ""13 Stack"": ""552"", ""14 Fork Length"": ""365"", ""15 Trail"": ""59,9""}",10999,false,https://www.orbea.com/es-es/orca-m11eltd-pwr,https://www.orbea.com/en-int/orca-m11eltd-pwr,html,2026-10-05
Orbea,Orca [ba9930db],Orca M11e LTD PWR,,carretera,55,,55,180,185,180-185 cm,cm,572,391,"{""1 Seat Tube (C-T)"": ""520"", ""2 Top Tube (EFF)"": ""560,4"", ""3 Head Tube"": ""173,1"", ""4 Chainstay"": ""408"", ""5 BB Drop"": ""70"", ""6 BB Height"": ""270,5"", ""7 Wheelbase"": ""991,4"", ""8 Head Angle"": ""73"", ""9 Seat Angle"": ""73,5"", ""10 Rake"": ""43"", ""11 Standover"": ""808,5"", ""12 Reach"": ""391"", ""13 Stack"": ""572"", ""14 Fork Length"": ""365"", ""15 Trail"": ""58,7""}",10999,false,https://www.orbea.com/es-es/orca-m11eltd-pwr,https://www.orbea.com/en-int/orca-m11eltd-pwr,html,2026-10-05
Orbea,Orca [ba9930db],Orca M11e LTD PWR,,carretera,57,,57,186,191,186-191 cm,cm,590,398,"{""1 Seat Tube (C-T)"": ""540"", ""2 Top Tube (EFF)"": ""576,1"", ""3 Head Tube"": ""191,2"", ""4 Chainstay"": ""408"", ""5 BB Drop"": ""70"", ""6 BB Height"": ""270,5"", ""7 Wheelbase"": ""1001,9"", ""8 Head Angle"": ""73,2"", ""9 Seat Angle"": ""73,2"", ""10 Rake"": ""43"", ""11 Standover"": ""826,5"", ""12 Reach"": ""398"", ""13 Stack"": ""590"", ""14 Fork Length"": ""365"", ""15 Trail"": ""57,4""}",10999,false,https://www.orbea.com/es-es/orca-m11eltd-pwr,https://www.orbea.com/en-int/orca-m11eltd-pwr,html,2026-10-05
Orbea,Orca [ba9930db],Orca M11e LTD PWR,,carretera,60,,60,192,207,192-207 cm,cm,616,404,"{""1 Seat Tube (C-T)"": ""570"", ""2 Top Tube (EFF)"": ""590"", ""3 Head Tube"": ""218,3"", ""4 Chainstay"": ""408"", ""5 BB Drop"": ""70"", ""6 BB Height"": ""270,5"", ""7 Wheelbase"": ""1015,6"", ""8 Head Angle"": ""73,2"", ""9 Seat Angle"": ""73,2"", ""10 Rake"": ""43"", ""11 Standover"": ""852,5"", ""12 Reach"": ""404"", ""13 Stack"": ""616"", ""14 Fork Length"": ""365"", ""15 Trail"": ""57,4""}",10999,false,https://www.orbea.com/es-es/orca-m11eltd-pwr,https://www.orbea.com/en-int/orca-m11eltd-pwr,html,2026-10-05
Orbea,Orca [ba9930db],Orca M10i LTD PWR,,carretera,47,,47,155,160,155-160 cm,cm,506,370,"{""1 Seat Tube (C-T)"": ""440"", ""2 Top Tube (EFF)"": ""510,3"", ""3 Head Tube"": ""110,5"", ""4 Chainstay"": ""408"", ""5 BB Drop"": ""72"", ""6 BB Height"": ""268,5"", ""7 Wheelbase"": ""971,8"", ""8 Head Angle"": ""71"", ""9 Seat Angle"": ""74,5"", ""10 Rake"": ""48"", ""11 Standover"": ""736,5"", ""12 Reach"": ""370"", ""13 Stack"": ""506"", ""14 Fork Length"": ""365"", ""15 Trail"": ""66,0""}",10999,false,https://www.orbea.com/es-es/orca-m10iltd-pwr,https://www.orbea.com/en-int/orca-m10iltd-pwr,html,2026-10-05
Orbea,Orca [ba9930db],Orca M10i LTD PWR,,carretera,49,,49,160,166,160-166 cm,cm,515,375,"{""1 Seat Tube (C-T)"": ""460"", ""2 Top Tube (EFF)"": ""522,7"", ""3 Head Tube"": ""118,2"", ""4 Chainstay"": ""408"", ""5 BB Drop"": ""72"", ""6 BB Height"": ""268,5"", ""7 Wheelbase"": ""975,4"", ""8 Head Angle"": ""71,5"", ""9 Seat Angle"": ""74"", ""10 Rake"": ""48"", ""11 Standover"": ""748,5"", ""12 Reach"": ""375"", ""13 Stack"": ""515"", ""14 Fork Length"": ""365"", ""15 Trail"": ""62,8""}",10999,false,https://www.orbea.com/es-es/orca-m10iltd-pwr,https://www.orbea.com/en-int/orca-m10iltd-pwr,html,2026-10-05
Orbea,Orca [ba9930db],Orca M10i LTD PWR,,carretera,51,,51,167,172,167-172 cm,cm,533,380,"{""1 Seat Tube (C-T)"": ""480"", ""2 Top Tube (EFF)"": ""535,9"", ""3 Head Tube"": ""134,6"", ""4 Chainstay"": ""408"", ""5 BB Drop"": ""72"", ""6 BB Height"": ""268,5"", ""7 Wheelbase"": ""980"", ""8 Head Angle"": ""72,2"", ""9 Seat Angle"": ""73,7"", ""10 Rake"": ""48"", ""11 Standover"": ""767,5"", ""12 Reach"": ""380"", ""13 Stack"": ""533"", ""14 Fork Length"": ""365"", ""15 Trail"": ""58,4""}",10999,false,https://www.orbea.com/es-es/orca-m10iltd-pwr,https://www.orbea.com/en-int/orca-m10iltd-pwr,html,2026-10-05
Orbea,Orca [ba9930db],Orca M10i LTD PWR,,carretera,53,,53,173,179,173-179 cm,cm,552,385,"{""1 Seat Tube (C-T)"": ""500"", ""2 Top Tube (EFF)"": ""548,5"", ""3 Head Tube"": ""152,9"", ""4 Chainstay"": ""408"", ""5 BB Drop"": ""70"", ""6 BB Height"": ""270,5"", ""7 Wheelbase"": ""981,2"", ""8 Head Angle"": ""72,8"", ""9 Seat Angle"": ""73,5"", ""10 Rake"": ""43"", ""11 Standover"": ""788,5"", ""12 Reach"": ""385"", ""13 Stack"": ""552"", ""14 Fork Length"": ""365"", ""15 Trail"": ""59,9""}",10999,false,https://www.orbea.com/es-es/orca-m10iltd-pwr,https://www.orbea.com/en-int/orca-m10iltd-pwr,html,2026-10-05
Orbea,Orca [ba9930db],Orca M10i LTD PWR,,carretera,55,,55,180,185,180-185 cm,cm,572,391,"{""1 Seat Tube (C-T)"": ""520"", ""2 Top Tube (EFF)"": ""560,4"", ""3 Head Tube"": ""173,1"", ""4 Chainstay"": ""408"", ""5 BB Drop"": ""70"", ""6 BB Height"": ""270,5"", ""7 Wheelbase"": ""991,4"", ""8 Head Angle"": ""73"", ""9 Seat Angle"": ""73,5"", ""10 Rake"": ""43"", ""11 Standover"": ""808,5"", ""12 Reach"": ""391"", ""13 Stack"": ""572"", ""14 Fork Length"": ""365"", ""15 Trail"": ""58,7""}",10999,false,https://www.orbea.com/es-es/orca-m10iltd-pwr,https://www.orbea.com/en-int/orca-m10iltd-pwr,html,2026-10-05
Orbea,Orca [ba9930db],Orca M10i LTD PWR,,carretera,57,,57,186,191,186-191 cm,cm,590,398,"{""1 Seat Tube (C-T)"": ""540"", ""2 Top Tube (EFF)"": ""576,1"", ""3 Head Tube"": ""191,2"", ""4 Chainstay"": ""408"", ""5 BB Drop"": ""70"", ""6 BB Height"": ""270,5"", ""7 Wheelbase"": ""1001,9"", ""8 Head Angle"": ""73,2"", ""9 Seat Angle"": ""73,2"", ""10 Rake"": ""43"", ""11 Standover"": ""826,5"", ""12 Reach"": ""398"", ""13 Stack"": ""590"", ""14 Fork Length"": ""365"", ""15 Trail"": ""57,4""}",10999,false,https://www.orbea.com/es-es/orca-m10iltd-pwr,https://www.orbea.com/en-int/orca-m10iltd-pwr,html,2026-10-05
Orbea,Orca [ba9930db],Orca M10i LTD PWR,,carretera,60,,60,192,207,192-207 cm,cm,616,404,"{""1 Seat Tube (C-T)"": ""570"", ""2 Top Tube (EFF)"": ""590"", ""3 Head Tube"": ""218,3"", ""4 Chainstay"": ""408"", ""5 BB Drop"": ""70"", ""6 BB Height"": ""270,5"", ""7 Wheelbase"": ""1015,6"", ""8 Head Angle"": ""73,2"", ""9 Seat Angle"": ""73,2"", ""10 Rake"": ""43"", ""11 Standover"": ""852,5"", ""12 Reach"": ""404"", ""13 Stack"": ""616"", ""14 Fork Length"": ""365"", ""15 Trail"": ""57,4""}",10999,false,https://www.orbea.com/es-es/orca-m10iltd-pwr,https://www.orbea.com/en-int/orca-m10iltd-pwr,html,2026-10-05
Orbea,Orca [ba9930db],Orca M22 LTD PWR,,carretera,47,,47,155,160,155-160 cm,cm,506,370,"{""1 Seat Tube (C-T)"": ""440"", ""2 Top Tube (EFF)"": ""510,3"", ""3 Head Tube"": ""110,5"", ""4 Chainstay"": ""408"", ""5 BB Drop"": ""72"", ""6 BB Height"": ""268,5"", ""7 Wheelbase"": ""971,8"", ""8 Head Angle"": ""71"", ""9 Seat Angle"": ""74,5"", ""10 Rake"": ""48"", ""11 Standover"": ""736,5"", ""12 Reach"": ""370"", ""13 Stack"": ""506"", ""14 Fork Length"": ""365"", ""15 Trail"": ""66,0""}",7999,false,https://www.orbea.com/es-es/orca-m22-ltd-pwr,https://www.orbea.com/en-int/orca-m22-ltd-pwr,html,2026-10-05
Orbea,Orca [ba9930db],Orca M22 LTD PWR,,carretera,49,,49,160,166,160-166 cm,cm,515,375,"{""1 Seat Tube (C-T)"": ""460"", ""2 Top Tube (EFF)"": ""522,7"", ""3 Head Tube"": ""118,2"", ""4 Chainstay"": ""408"", ""5 BB Drop"": ""72"", ""6 BB Height"": ""268,5"", ""7 Wheelbase"": ""975,4"", ""8 Head Angle"": ""71,5"", ""9 Seat Angle"": ""74"", ""10 Rake"": ""48"", ""11 Standover"": ""748,5"", ""12 Reach"": ""375"", ""13 Stack"": ""515"", ""14 Fork Length"": ""365"", ""15 Trail"": ""62,8""}",7999,false,https://www.orbea.com/es-es/orca-m22-ltd-pwr,https://www.orbea.com/en-int/orca-m22-ltd-pwr,html,2026-10-05
Orbea,Orca [ba9930db],Orca M22 LTD PWR,,carretera,51,,51,167,172,167-172 cm,cm,533,380,"{""1 Seat Tube (C-T)"": ""480"", ""2 Top Tube (EFF)"": ""535,9"", ""3 Head Tube"": ""134,6"", ""4 Chainstay"": ""408"", ""5 BB Drop"": ""72"", ""6 BB Height"": ""268,5"", ""7 Wheelbase"": ""980"", ""8 Head Angle"": ""72,2"", ""9 Seat Angle"": ""73,7"", ""10 Rake"": ""48"", ""11 Standover"": ""767,5"", ""12 Reach"": ""380"", ""13 Stack"": ""533"", ""14 Fork Length"": ""365"", ""15 Trail"": ""58,4""}",7999,false,https://www.orbea.com/es-es/orca-m22-ltd-pwr,https://www.orbea.com/en-int/orca-m22-ltd-pwr,html,2026-10-05
Orbea,Orca [ba9930db],Orca M22 LTD PWR,,carretera,53,,53,173,179,173-179 cm,cm,552,385,"{""1 Seat Tube (C-T)"": ""500"", ""2 Top Tube (EFF)"": ""548,5"", ""3 Head Tube"": ""152,9"", ""4 Chainstay"": ""408"", ""5 BB Drop"": ""70"", ""6 BB Height"": ""270,5"", ""7 Wheelbase"": ""981,2"", ""8 Head Angle"": ""72,8"", ""9 Seat Angle"": ""73,5"", ""10 Rake"": ""43"", ""11 Standover"": ""788,5"", ""12 Reach"": ""385"", ""13 Stack"": ""552"", ""14 Fork Length"": ""365"", ""15 Trail"": ""59,9""}",7999,false,https://www.orbea.com/es-es/orca-m22-ltd-pwr,https://www.orbea.com/en-int/orca-m22-ltd-pwr,html,2026-10-05
Orbea,Orca [ba9930db],Orca M22 LTD PWR,,carretera,55,,55,180,185,180-185 cm,cm,572,391,"{""1 Seat Tube (C-T)"": ""520"", ""2 Top Tube (EFF)"": ""560,4"", ""3 Head Tube"": ""173,1"", ""4 Chainstay"": ""408"", ""5 BB Drop"": ""70"", ""6 BB Height"": ""270,5"", ""7 Wheelbase"": ""991,4"", ""8 Head Angle"": ""73"", ""9 Seat Angle"": ""73,5"", ""10 Rake"": ""43"", ""11 Standover"": ""808,5"", ""12 Reach"": ""391"", ""13 Stack"": ""572"", ""14 Fork Length"": ""365"", ""15 Trail"": ""58,7""}",7999,false,https://www.orbea.com/es-es/orca-m22-ltd-pwr,https://www.orbea.com/en-int/orca-m22-ltd-pwr,html,2026-10-05
Orbea,Orca [ba9930db],Orca M22 LTD PWR,,carretera,57,,57,186,191,186-191 cm,cm,590,398,"{""1 Seat Tube (C-T)"": ""540"", ""2 Top Tube (EFF)"": ""576,1"", ""3 Head Tube"": ""191,2"", ""4 Chainstay"": ""408"", ""5 BB Drop"": ""70"", ""6 BB Height"": ""270,5"", ""7 Wheelbase"": ""1001,9"", ""8 Head Angle"": ""73,2"", ""9 Seat Angle"": ""73,2"", ""10 Rake"": ""43"", ""11 Standover"": ""826,5"", ""12 Reach"": ""398"", ""13 Stack"": ""590"", ""14 Fork Length"": ""365"", ""15 Trail"": ""57,4""}",7999,false,https://www.orbea.com/es-es/orca-m22-ltd-pwr,https://www.orbea.com/en-int/orca-m22-ltd-pwr,html,2026-10-05
Orbea,Orca [ba9930db],Orca M22 LTD PWR,,carretera,60,,60,192,207,192-207 cm,cm,616,404,"{""1 Seat Tube (C-T)"": ""570"", ""2 Top Tube (EFF)"": ""590"", ""3 Head Tube"": ""218,3"", ""4 Chainstay"": ""408"", ""5 BB Drop"": ""70"", ""6 BB Height"": ""270,5"", ""7 Wheelbase"": ""1015,6"", ""8 Head Angle"": ""73,2"", ""9 Seat Angle"": ""73,2"", ""10 Rake"": ""43"", ""11 Standover"": ""852,5"", ""12 Reach"": ""404"", ""13 Stack"": ""616"", ""14 Fork Length"": ""365"", ""15 Trail"": ""57,4""}",7999,false,https://www.orbea.com/es-es/orca-m22-ltd-pwr,https://www.orbea.com/en-int/orca-m22-ltd-pwr,html,2026-10-05
Orbea,Orca [ba9930db],Orca M21e LTD PWR,,carretera,47,,47,155,160,155-160 cm,cm,506,370,"{""1 Seat Tube (C-T)"": ""440"", ""2 Top Tube (EFF)"": ""510,3"", ""3 Head Tube"": ""110,5"", ""4 Chainstay"": ""408"", ""5 BB Drop"": ""72"", ""6 BB Height"": ""268,5"", ""7 Wheelbase"": ""971,8"", ""8 Head Angle"": ""71"", ""9 Seat Angle"": ""74,5"", ""10 Rake"": ""48"", ""11 Standover"": ""736,5"", ""12 Reach"": ""370"", ""13 Stack"": ""506"", ""14 Fork Length"": ""365"", ""15 Trail"": ""66,0""}",7999,false,https://www.orbea.com/es-es/orca-m21eltd-pwr,https://www.orbea.com/en-int/orca-m21eltd-pwr,html,2026-10-05
Orbea,Orca [ba9930db],Orca M21e LTD PWR,,carretera,49,,49,160,166,160-166 cm,cm,515,375,"{""1 Seat Tube (C-T)"": ""460"", ""2 Top Tube (EFF)"": ""522,7"", ""3 Head Tube"": ""118,2"", ""4 Chainstay"": ""408"", ""5 BB Drop"": ""72"", ""6 BB Height"": ""268,5"", ""7 Wheelbase"": ""975,4"", ""8 Head Angle"": ""71,5"", ""9 Seat Angle"": ""74"", ""10 Rake"": ""48"", ""11 Standover"": ""748,5"", ""12 Reach"": ""375"", ""13 Stack"": ""515"", ""14 Fork Length"": ""365"", ""15 Trail"": ""62,8""}",7999,false,https://www.orbea.com/es-es/orca-m21eltd-pwr,https://www.orbea.com/en-int/orca-m21eltd-pwr,html,2026-10-05
Orbea,Orca [ba9930db],Orca M21e LTD PWR,,carretera,51,,51,167,172,167-172 cm,cm,533,380,"{""1 Seat Tube (C-T)"": ""480"", ""2 Top Tube (EFF)"": ""535,9"", ""3 Head Tube"": ""134,6"", ""4 Chainstay"": ""408"", ""5 BB Drop"": ""72"", ""6 BB Height"": ""268,5"", ""7 Wheelbase"": ""980"", ""8 Head Angle"": ""72,2"", ""9 Seat Angle"": ""73,7"", ""10 Rake"": ""48"", ""11 Standover"": ""767,5"", ""12 Reach"": ""380"", ""13 Stack"": ""533"", ""14 Fork Length"": ""365"", ""15 Trail"": ""58,4""}",7999,false,https://www.orbea.com/es-es/orca-m21eltd-pwr,https://www.orbea.com/en-int/orca-m21eltd-pwr,html,2026-10-05
Orbea,Orca [ba9930db],Orca M21e LTD PWR,,carretera,53,,53,173,179,173-179 cm,cm,552,385,"{""1 Seat Tube (C-T)"": ""500"", ""2 Top Tube (EFF)"": ""548,5"", ""3 Head Tube"": ""152,9"", ""4 Chainstay"": ""408"", ""5 BB Drop"": ""70"", ""6 BB Height"": ""270,5"", ""7 Wheelbase"": ""981,2"", ""8 Head Angle"": ""72,8"", ""9 Seat Angle"": ""73,5"", ""10 Rake"": ""43"", ""11 Standover"": ""788,5"", ""12 Reach"": ""385"", ""13 Stack"": ""552"", ""14 Fork Length"": ""365"", ""15 Trail"": ""59,9""}",7999,false,https://www.orbea.com/es-es/orca-m21eltd-pwr,https://www.orbea.com/en-int/orca-m21eltd-pwr,html,2026-10-05
Orbea,Orca [ba9930db],Orca M21e LTD PWR,,carretera,55,,55,180,185,180-185 cm,cm,572,391,"{""1 Seat Tube (C-T)"": ""520"", ""2 Top Tube (EFF)"": ""560,4"", ""3 Head Tube"": ""173,1"", ""4 Chainstay"": ""408"", ""5 BB Drop"": ""70"", ""6 BB Height"": ""270,5"", ""7 Wheelbase"": ""991,4"", ""8 Head Angle"": ""73"", ""9 Seat Angle"": ""73,5"", ""10 Rake"": ""43"", ""11 Standover"": ""808,5"", ""12 Reach"": ""391"", ""13 Stack"": ""572"", ""14 Fork Length"": ""365"", ""15 Trail"": ""58,7""}",7999,false,https://www.orbea.com/es-es/orca-m21eltd-pwr,https://www.orbea.com/en-int/orca-m21eltd-pwr,html,2026-10-05
Orbea,Orca [ba9930db],Orca M21e LTD PWR,,carretera,57,,57,186,191,186-191 cm,cm,590,398,"{""1 Seat Tube (C-T)"": ""540"", ""2 Top Tube (EFF)"": ""576,1"", ""3 Head Tube"": ""191,2"", ""4 Chainstay"": ""408"", ""5 BB Drop"": ""70"", ""6 BB Height"": ""270,5"", ""7 Wheelbase"": ""1001,9"", ""8 Head Angle"": ""73,2"", ""9 Seat Angle"": ""73,2"", ""10 Rake"": ""43"", ""11 Standover"": ""826,5"", ""12 Reach"": ""398"", ""13 Stack"": ""590"", ""14 Fork Length"": ""365"", ""15 Trail"": ""57,4""}",7999,false,https://www.orbea.com/es-es/orca-m21eltd-pwr,https://www.orbea.com/en-int/orca-m21eltd-pwr,html,2026-10-05
Orbea,Orca [ba9930db],Orca M21e LTD PWR,,carretera,60,,60,192,207,192-207 cm,cm,616,404,"{""1 Seat Tube (C-T)"": ""570"", ""2 Top Tube (EFF)"": ""590"", ""3 Head Tube"": ""218,3"", ""4 Chainstay"": ""408"", ""5 BB Drop"": ""70"", ""6 BB Height"": ""270,5"", ""7 Wheelbase"": ""1015,6"", ""8 Head Angle"": ""73,2"", ""9 Seat Angle"": ""73,2"", ""10 Rake"": ""43"", ""11 Standover"": ""852,5"", ""12 Reach"": ""404"", ""13 Stack"": ""616"", ""14 Fork Length"": ""365"", ""15 Trail"": ""57,4""}",7999,false,https://www.orbea.com/es-es/orca-m21eltd-pwr,https://www.orbea.com/en-int/orca-m21eltd-pwr,html,2026-10-05
Orbea,Orca [ba9930db],Orca M20i LTD PWR,,carretera,47,,47,155,160,155-160 cm,cm,506,370,"{""1 Seat Tube (C-T)"": ""440"", ""2 Top Tube (EFF)"": ""510,3"", ""3 Head Tube"": ""110,5"", ""4 Chainstay"": ""408"", ""5 BB Drop"": ""72"", ""6 BB Height"": ""268,5"", ""7 Wheelbase"": ""971,8"", ""8 Head Angle"": ""71"", ""9 Seat Angle"": ""74,5"", ""10 Rake"": ""48"", ""11 Standover"": ""736,5"", ""12 Reach"": ""370"", ""13 Stack"": ""506"", ""14 Fork Length"": ""365"", ""15 Trail"": ""66,0""}",6999,false,https://www.orbea.com/es-es/orca-m20iltd-pwr,https://www.orbea.com/en-int/orca-m20iltd-pwr,html,2026-10-05
Orbea,Orca [ba9930db],Orca M20i LTD PWR,,carretera,49,,49,160,166,160-166 cm,cm,515,375,"{""1 Seat Tube (C-T)"": ""460"", ""2 Top Tube (EFF)"": ""522,7"", ""3 Head Tube"": ""118,2"", ""4 Chainstay"": ""408"", ""5 BB Drop"": ""72"", ""6 BB Height"": ""268,5"", ""7 Wheelbase"": ""975,4"", ""8 Head Angle"": ""71,5"", ""9 Seat Angle"": ""74"", ""10 Rake"": ""48"", ""11 Standover"": ""748,5"", ""12 Reach"": ""375"", ""13 Stack"": ""515"", ""14 Fork Length"": ""365"", ""15 Trail"": ""62,8""}",6999,false,https://www.orbea.com/es-es/orca-m20iltd-pwr,https://www.orbea.com/en-int/orca-m20iltd-pwr,html,2026-10-05
Orbea,Orca [ba9930db],Orca M20i LTD PWR,,carretera,51,,51,167,172,167-172 cm,cm,533,380,"{""1 Seat Tube (C-T)"": ""480"", ""2 Top Tube (EFF)"": ""535,9"", ""3 Head Tube"": ""134,6"", ""4 Chainstay"": ""408"", ""5 BB Drop"": ""72"", ""6 BB Height"": ""268,5"", ""7 Wheelbase"": ""980"", ""8 Head Angle"": ""72,2"", ""9 Seat Angle"": ""73,7"", ""10 Rake"": ""48"", ""11 Standover"": ""767,5"", ""12 Reach"": ""380"", ""13 Stack"": ""533"", ""14 Fork Length"": ""365"", ""15 Trail"": ""58,4""}",6999,false,https://www.orbea.com/es-es/orca-m20iltd-pwr,https://www.orbea.com/en-int/orca-m20iltd-pwr,html,2026-10-05
Orbea,Orca [ba9930db],Orca M20i LTD PWR,,carretera,53,,53,173,179,173-179 cm,cm,552,385,"{""1 Seat Tube (C-T)"": ""500"", ""2 Top Tube (EFF)"": ""548,5"", ""3 Head Tube"": ""152,9"", ""4 Chainstay"": ""408"", ""5 BB Drop"": ""70"", ""6 BB Height"": ""270,5"", ""7 Wheelbase"": ""981,2"", ""8 Head Angle"": ""72,8"", ""9 Seat Angle"": ""73,5"", ""10 Rake"": ""43"", ""11 Standover"": ""788,5"", ""12 Reach"": ""385"", ""13 Stack"": ""552"", ""14 Fork Length"": ""365"", ""15 Trail"": ""59,9""}",6999,false,https://www.orbea.com/es-es/orca-m20iltd-pwr,https://www.orbea.com/en-int/orca-m20iltd-pwr,html,2026-10-05
Orbea,Orca [ba9930db],Orca M20i LTD PWR,,carretera,55,,55,180,185,180-185 cm,cm,572,391,"{""1 Seat Tube (C-T)"": ""520"", ""2 Top Tube (EFF)"": ""560,4"", ""3 Head Tube"": ""173,1"", ""4 Chainstay"": ""408"", ""5 BB Drop"": ""70"", ""6 BB Height"": ""270,5"", ""7 Wheelbase"": ""991,4"", ""8 Head Angle"": ""73"", ""9 Seat Angle"": ""73,5"", ""10 Rake"": ""43"", ""11 Standover"": ""808,5"", ""12 Reach"": ""391"", ""13 Stack"": ""572"", ""14 Fork Length"": ""365"", ""15 Trail"": ""58,7""}",6999,false,https://www.orbea.com/es-es/orca-m20iltd-pwr,https://www.orbea.com/en-int/orca-m20iltd-pwr,html,2026-10-05
Orbea,Orca [ba9930db],Orca M20i LTD PWR,,carretera,57,,57,186,191,186-191 cm,cm,590,398,"{""1 Seat Tube (C-T)"": ""540"", ""2 Top Tube (EFF)"": ""576,1"", ""3 Head Tube"": ""191,2"", ""4 Chainstay"": ""408"", ""5 BB Drop"": ""70"", ""6 BB Height"": ""270,5"", ""7 Wheelbase"": ""1001,9"", ""8 Head Angle"": ""73,2"", ""9 Seat Angle"": ""73,2"", ""10 Rake"": ""43"", ""11 Standover"": ""826,5"", ""12 Reach"": ""398"", ""13 Stack"": ""590"", ""14 Fork Length"": ""365"", ""15 Trail"": ""57,4""}",6999,false,https://www.orbea.com/es-es/orca-m20iltd-pwr,https://www.orbea.com/en-int/orca-m20iltd-pwr,html,2026-10-05
Orbea,Orca [ba9930db],Orca M20i LTD PWR,,carretera,60,,60,192,207,192-207 cm,cm,616,404,"{""1 Seat Tube (C-T)"": ""570"", ""2 Top Tube (EFF)"": ""590"", ""3 Head Tube"": ""218,3"", ""4 Chainstay"": ""408"", ""5 BB Drop"": ""70"", ""6 BB Height"": ""270,5"", ""7 Wheelbase"": ""1015,6"", ""8 Head Angle"": ""73,2"", ""9 Seat Angle"": ""73,2"", ""10 Rake"": ""43"", ""11 Standover"": ""852,5"", ""12 Reach"": ""404"", ""13 Stack"": ""616"", ""14 Fork Length"": ""365"", ""15 Trail"": ""57,4""}",6999,false,https://www.orbea.com/es-es/orca-m20iltd-pwr,https://www.orbea.com/en-int/orca-m20iltd-pwr,html,2026-10-05
Orbea,Orca [ba9930db],Orca M30i LTD PWR,,carretera,47,,47,155,160,155-160 cm,cm,506,370,"{""1 Seat Tube (C-T)"": ""440"", ""2 Top Tube (EFF)"": ""510,3"", ""3 Head Tube"": ""110,5"", ""4 Chainstay"": ""408"", ""5 BB Drop"": ""72"", ""6 BB Height"": ""268,5"", ""7 Wheelbase"": ""971,8"", ""8 Head Angle"": ""71"", ""9 Seat Angle"": ""74,5"", ""10 Rake"": ""48"", ""11 Standover"": ""736,5"", ""12 Reach"": ""370"", ""13 Stack"": ""506"", ""14 Fork Length"": ""365"", ""15 Trail"": ""66,0""}",5799,false,https://www.orbea.com/es-es/orca-m30i-ltd-pwr,https://www.orbea.com/en-int/orca-m30i-ltd-pwr,html,2026-10-05
Orbea,Orca [ba9930db],Orca M30i LTD PWR,,carretera,49,,49,160,166,160-166 cm,cm,515,375,"{""1 Seat Tube (C-T)"": ""460"", ""2 Top Tube (EFF)"": ""522,7"", ""3 Head Tube"": ""118,2"", ""4 Chainstay"": ""408"", ""5 BB Drop"": ""72"", ""6 BB Height"": ""268,5"", ""7 Wheelbase"": ""975,4"", ""8 Head Angle"": ""71,5"", ""9 Seat Angle"": ""74"", ""10 Rake"": ""48"", ""11 Standover"": ""748,5"", ""12 Reach"": ""375"", ""13 Stack"": ""515"", ""14 Fork Length"": ""365"", ""15 Trail"": ""62,8""}",5799,false,https://www.orbea.com/es-es/orca-m30i-ltd-pwr,https://www.orbea.com/en-int/orca-m30i-ltd-pwr,html,2026-10-05
Orbea,Orca [ba9930db],Orca M30i LTD PWR,,carretera,51,,51,167,172,167-172 cm,cm,533,380,"{""1 Seat Tube (C-T)"": ""480"", ""2 Top Tube (EFF)"": ""535,9"", ""3 Head Tube"": ""134,6"", ""4 Chainstay"": ""408"", ""5 BB Drop"": ""72"", ""6 BB Height"": ""268,5"", ""7 Wheelbase"": ""980"", ""8 Head Angle"": ""72,2"", ""9 Seat Angle"": ""73,7"", ""10 Rake"": ""48"", ""11 Standover"": ""767,5"", ""12 Reach"": ""380"", ""13 Stack"": ""533"", ""14 Fork Length"": ""365"", ""15 Trail"": ""58,4""}",5799,false,https://www.orbea.com/es-es/orca-m30i-ltd-pwr,https://www.orbea.com/en-int/orca-m30i-ltd-pwr,html,2026-10-05
Orbea,Orca [ba9930db],Orca M30i LTD PWR,,carretera,53,,53,173,179,173-179 cm,cm,552,385,"{""1 Seat Tube (C-T)"": ""500"", ""2 Top Tube (EFF)"": ""548,5"", ""3 Head Tube"": ""152,9"", ""4 Chainstay"": ""408"", ""5 BB Drop"": ""70"", ""6 BB Height"": ""270,5"", ""7 Wheelbase"": ""981,2"", ""8 Head Angle"": ""72,8"", ""9 Seat Angle"": ""73,5"", ""10 Rake"": ""43"", ""11 Standover"": ""788,5"", ""12 Reach"": ""385"", ""13 Stack"": ""552"", ""14 Fork Length"": ""365"", ""15 Trail"": ""59,9""}",5799,false,https://www.orbea.com/es-es/orca-m30i-ltd-pwr,https://www.orbea.com/en-int/orca-m30i-ltd-pwr,html,2026-10-05
Orbea,Orca [ba9930db],Orca M30i LTD PWR,,carretera,55,,55,180,185,180-185 cm,cm,572,391,"{""1 Seat Tube (C-T)"": ""520"", ""2 Top Tube (EFF)"": ""560,4"", ""3 Head Tube"": ""173,1"", ""4 Chainstay"": ""408"", ""5 BB Drop"": ""70"", ""6 BB Height"": ""270,5"", ""7 Wheelbase"": ""991,4"", ""8 Head Angle"": ""73"", ""9 Seat Angle"": ""73,5"", ""10 Rake"": ""43"", ""11 Standover"": ""808,5"", ""12 Reach"": ""391"", ""13 Stack"": ""572"", ""14 Fork Length"": ""365"", ""15 Trail"": ""58,7""}",5799,false,https://www.orbea.com/es-es/orca-m30i-ltd-pwr,https://www.orbea.com/en-int/orca-m30i-ltd-pwr,html,2026-10-05
Orbea,Orca [ba9930db],Orca M30i LTD PWR,,carretera,57,,57,186,191,186-191 cm,cm,590,398,"{""1 Seat Tube (C-T)"": ""540"", ""2 Top Tube (EFF)"": ""576,1"", ""3 Head Tube"": ""191,2"", ""4 Chainstay"": ""408"", ""5 BB Drop"": ""70"", ""6 BB Height"": ""270,5"", ""7 Wheelbase"": ""1001,9"", ""8 Head Angle"": ""73,2"", ""9 Seat Angle"": ""73,2"", ""10 Rake"": ""43"", ""11 Standover"": ""826,5"", ""12 Reach"": ""398"", ""13 Stack"": ""590"", ""14 Fork Length"": ""365"", ""15 Trail"": ""57,4""}",5799,false,https://www.orbea.com/es-es/orca-m30i-ltd-pwr,https://www.orbea.com/en-int/orca-m30i-ltd-pwr,html,2026-10-05
Orbea,Orca [ba9930db],Orca M30i LTD PWR,,carretera,60,,60,192,207,192-207 cm,cm,616,404,"{""1 Seat Tube (C-T)"": ""570"", ""2 Top Tube (EFF)"": ""590"", ""3 Head Tube"": ""218,3"", ""4 Chainstay"": ""408"", ""5 BB Drop"": ""70"", ""6 BB Height"": ""270,5"", ""7 Wheelbase"": ""1015,6"", ""8 Head Angle"": ""73,2"", ""9 Seat Angle"": ""73,2"", ""10 Rake"": ""43"", ""11 Standover"": ""852,5"", ""12 Reach"": ""404"", ""13 Stack"": ""616"", ""14 Fork Length"": ""365"", ""15 Trail"": ""57,4""}",5799,false,https://www.orbea.com/es-es/orca-m30i-ltd-pwr,https://www.orbea.com/en-int/orca-m30i-ltd-pwr,html,2026-10-05
Orbea,Orca [ba9930db],Orca M22 TEAM,,carretera,47,,47,155,160,155-160 cm,cm,506,370,"{""1 Seat Tube (C-T)"": ""440"", ""2 Top Tube (EFF)"": ""510,3"", ""3 Head Tube"": ""110,5"", ""4 Chainstay"": ""408"", ""5 BB Drop"": ""72"", ""6 BB Height"": ""268,5"", ""7 Wheelbase"": ""971,8"", ""8 Head Angle"": ""71"", ""9 Seat Angle"": ""74,5"", ""10 Rake"": ""48"", ""11 Standover"": ""736,5"", ""12 Reach"": ""370"", ""13 Stack"": ""506"", ""14 Fork Length"": ""365"", ""15 Trail"": ""66,0""}",5999,false,https://www.orbea.com/es-es/orca-m22-team,https://www.orbea.com/en-int/orca-m22-team,html,2026-10-05
Orbea,Orca [ba9930db],Orca M22 TEAM,,carretera,49,,49,160,166,160-166 cm,cm,515,375,"{""1 Seat Tube (C-T)"": ""460"", ""2 Top Tube (EFF)"": ""522,7"", ""3 Head Tube"": ""118,2"", ""4 Chainstay"": ""408"", ""5 BB Drop"": ""72"", ""6 BB Height"": ""268,5"", ""7 Wheelbase"": ""975,4"", ""8 Head Angle"": ""71,5"", ""9 Seat Angle"": ""74"", ""10 Rake"": ""48"", ""11 Standover"": ""748,5"", ""12 Reach"": ""375"", ""13 Stack"": ""515"", ""14 Fork Length"": ""365"", ""15 Trail"": ""62,8""}",5999,false,https://www.orbea.com/es-es/orca-m22-team,https://www.orbea.com/en-int/orca-m22-team,html,2026-10-05
Orbea,Orca [ba9930db],Orca M22 TEAM,,carretera,51,,51,167,172,167-172 cm,cm,533,380,"{""1 Seat Tube (C-T)"": ""480"", ""2 Top Tube (EFF)"": ""535,9"", ""3 Head Tube"": ""134,6"", ""4 Chainstay"": ""408"", ""5 BB Drop"": ""72"", ""6 BB Height"": ""268,5"", ""7 Wheelbase"": ""980"", ""8 Head Angle"": ""72,2"", ""9 Seat Angle"": ""73,7"", ""10 Rake"": ""48"", ""11 Standover"": ""767,5"", ""12 Reach"": ""380"", ""13 Stack"": ""533"", ""14 Fork Length"": ""365"", ""15 Trail"": ""58,4""}",5999,false,https://www.orbea.com/es-es/orca-m22-team,https://www.orbea.com/en-int/orca-m22-team,html,2026-10-05
Orbea,Orca [ba9930db],Orca M22 TEAM,,carretera,53,,53,173,179,173-179 cm,cm,552,385,"{""1 Seat Tube (C-T)"": ""500"", ""2 Top Tube (EFF)"": ""548,5"", ""3 Head Tube"": ""152,9"", ""4 Chainstay"": ""408"", ""5 BB Drop"": ""70"", ""6 BB Height"": ""270,5"", ""7 Wheelbase"": ""981,2"", ""8 Head Angle"": ""72,8"", ""9 Seat Angle"": ""73,5"", ""10 Rake"": ""43"", ""11 Standover"": ""788,5"", ""12 Reach"": ""385"", ""13 Stack"": ""552"", ""14 Fork Length"": ""365"", ""15 Trail"": ""59,9""}",5999,false,https://www.orbea.com/es-es/orca-m22-team,https://www.orbea.com/en-int/orca-m22-team,html,2026-10-05
Orbea,Orca [ba9930db],Orca M22 TEAM,,carretera,55,,55,180,185,180-185 cm,cm,572,391,"{""1 Seat Tube (C-T)"": ""520"", ""2 Top Tube (EFF)"": ""560,4"", ""3 Head Tube"": ""173,1"", ""4 Chainstay"": ""408"", ""5 BB Drop"": ""70"", ""6 BB Height"": ""270,5"", ""7 Wheelbase"": ""991,4"", ""8 Head Angle"": ""73"", ""9 Seat Angle"": ""73,5"", ""10 Rake"": ""43"", ""11 Standover"": ""808,5"", ""12 Reach"": ""391"", ""13 Stack"": ""572"", ""14 Fork Length"": ""365"", ""15 Trail"": ""58,7""}",5999,false,https://www.orbea.com/es-es/orca-m22-team,https://www.orbea.com/en-int/orca-m22-team,html,2026-10-05
Orbea,Orca [ba9930db],Orca M22 TEAM,,carretera,57,,57,186,191,186-191 cm,cm,590,398,"{""1 Seat Tube (C-T)"": ""540"", ""2 Top Tube (EFF)"": ""576,1"", ""3 Head Tube"": ""191,2"", ""4 Chainstay"": ""408"", ""5 BB Drop"": ""70"", ""6 BB Height"": ""270,5"", ""7 Wheelbase"": ""1001,9"", ""8 Head Angle"": ""73,2"", ""9 Seat Angle"": ""73,2"", ""10 Rake"": ""43"", ""11 Standover"": ""826,5"", ""12 Reach"": ""398"", ""13 Stack"": ""590"", ""14 Fork Length"": ""365"", ""15 Trail"": ""57,4""}",5999,false,https://www.orbea.com/es-es/orca-m22-team,https://www.orbea.com/en-int/orca-m22-team,html,2026-10-05
Orbea,Orca [ba9930db],Orca M22 TEAM,,carretera,60,,60,192,207,192-207 cm,cm,616,404,"{""1 Seat Tube (C-T)"": ""570"", ""2 Top Tube (EFF)"": ""590"", ""3 Head Tube"": ""218,3"", ""4 Chainstay"": ""408"", ""5 BB Drop"": ""70"", ""6 BB Height"": ""270,5"", ""7 Wheelbase"": ""1015,6"", ""8 Head Angle"": ""73,2"", ""9 Seat Angle"": ""73,2"", ""10 Rake"": ""43"", ""11 Standover"": ""852,5"", ""12 Reach"": ""404"", ""13 Stack"": ""616"", ""14 Fork Length"": ""365"", ""15 Trail"": ""57,4""}",5999,false,https://www.orbea.com/es-es/orca-m22-team,https://www.orbea.com/en-int/orca-m22-team,html,2026-10-05
Orbea,Orca [ba9930db],Orca M21eTEAM,,carretera,47,,47,155,160,155-160 cm,cm,506,370,"{""1 Seat Tube (C-T)"": ""440"", ""2 Top Tube (EFF)"": ""510,3"", ""3 Head Tube"": ""110,5"", ""4 Chainstay"": ""408"", ""5 BB Drop"": ""72"", ""6 BB Height"": ""268,5"", ""7 Wheelbase"": ""971,8"", ""8 Head Angle"": ""71"", ""9 Seat Angle"": ""74,5"", ""10 Rake"": ""48"", ""11 Standover"": ""736,5"", ""12 Reach"": ""370"", ""13 Stack"": ""506"", ""14 Fork Length"": ""365"", ""15 Trail"": ""66,0""}",5999,false,https://www.orbea.com/es-es/orca-m21eteam,https://www.orbea.com/en-int/orca-m21eteam,html,2026-10-05
Orbea,Orca [ba9930db],Orca M21eTEAM,,carretera,49,,49,160,166,160-166 cm,cm,515,375,"{""1 Seat Tube (C-T)"": ""460"", ""2 Top Tube (EFF)"": ""522,7"", ""3 Head Tube"": ""118,2"", ""4 Chainstay"": ""408"", ""5 BB Drop"": ""72"", ""6 BB Height"": ""268,5"", ""7 Wheelbase"": ""975,4"", ""8 Head Angle"": ""71,5"", ""9 Seat Angle"": ""74"", ""10 Rake"": ""48"", ""11 Standover"": ""748,5"", ""12 Reach"": ""375"", ""13 Stack"": ""515"", ""14 Fork Length"": ""365"", ""15 Trail"": ""62,8""}",5999,false,https://www.orbea.com/es-es/orca-m21eteam,https://www.orbea.com/en-int/orca-m21eteam,html,2026-10-05
Orbea,Orca [ba9930db],Orca M21eTEAM,,carretera,51,,51,167,172,167-172 cm,cm,533,380,"{""1 Seat Tube (C-T)"": ""480"", ""2 Top Tube (EFF)"": ""535,9"", ""3 Head Tube"": ""134,6"", ""4 Chainstay"": ""408"", ""5 BB Drop"": ""72"", ""6 BB Height"": ""268,5"", ""7 Wheelbase"": ""980"", ""8 Head Angle"": ""72,2"", ""9 Seat Angle"": ""73,7"", ""10 Rake"": ""48"", ""11 Standover"": ""767,5"", ""12 Reach"": ""380"", ""13 Stack"": ""533"", ""14 Fork Length"": ""365"", ""15 Trail"": ""58,4""}",5999,false,https://www.orbea.com/es-es/orca-m21eteam,https://www.orbea.com/en-int/orca-m21eteam,html,2026-10-05
Orbea,Orca [ba9930db],Orca M21eTEAM,,carretera,53,,53,173,179,173-179 cm,cm,552,385,"{""1 Seat Tube (C-T)"": ""500"", ""2 Top Tube (EFF)"": ""548,5"", ""3 Head Tube"": ""152,9"", ""4 Chainstay"": ""408"", ""5 BB Drop"": ""70"", ""6 BB Height"": ""270,5"", ""7 Wheelbase"": ""981,2"", ""8 Head Angle"": ""72,8"", ""9 Seat Angle"": ""73,5"", ""10 Rake"": ""43"", ""11 Standover"": ""788,5"", ""12 Reach"": ""385"", ""13 Stack"": ""552"", ""14 Fork Length"": ""365"", ""15 Trail"": ""59,9""}",5999,false,https://www.orbea.com/es-es/orca-m21eteam,https://www.orbea.com/en-int/orca-m21eteam,html,2026-10-05
Orbea,Orca [ba9930db],Orca M21eTEAM,,carretera,55,,55,180,185,180-185 cm,cm,572,391,"{""1 Seat Tube (C-T)"": ""520"", ""2 Top Tube (EFF)"": ""560,4"", ""3 Head Tube"": ""173,1"", ""4 Chainstay"": ""408"", ""5 BB Drop"": ""70"", ""6 BB Height"": ""270,5"", ""7 Wheelbase"": ""991,4"", ""8 Head Angle"": ""73"", ""9 Seat Angle"": ""73,5"", ""10 Rake"": ""43"", ""11 Standover"": ""808,5"", ""12 Reach"": ""391"", ""13 Stack"": ""572"", ""14 Fork Length"": ""365"", ""15 Trail"": ""58,7""}",5999,false,https://www.orbea.com/es-es/orca-m21eteam,https://www.orbea.com/en-int/orca-m21eteam,html,2026-10-05
Orbea,Orca [ba9930db],Orca M21eTEAM,,carretera,57,,57,186,191,186-191 cm,cm,590,398,"{""1 Seat Tube (C-T)"": ""540"", ""2 Top Tube (EFF)"": ""576,1"", ""3 Head Tube"": ""191,2"", ""4 Chainstay"": ""408"", ""5 BB Drop"": ""70"", ""6 BB Height"": ""270,5"", ""7 Wheelbase"": ""1001,9"", ""8 Head Angle"": ""73,2"", ""9 Seat Angle"": ""73,2"", ""10 Rake"": ""43"", ""11 Standover"": ""826,5"", ""12 Reach"": ""398"", ""13 Stack"": ""590"", ""14 Fork Length"": ""365"", ""15 Trail"": ""57,4""}",5999,false,https://www.orbea.com/es-es/orca-m21eteam,https://www.orbea.com/en-int/orca-m21eteam,html,2026-10-05
Orbea,Orca [ba9930db],Orca M21eTEAM,,carretera,60,,60,192,207,192-207 cm,cm,616,404,"{""1 Seat Tube (C-T)"": ""570"", ""2 Top Tube (EFF)"": ""590"", ""3 Head Tube"": ""218,3"", ""4 Chainstay"": ""408"", ""5 BB Drop"": ""70"", ""6 BB Height"": ""270,5"", ""7 Wheelbase"": ""1015,6"", ""8 Head Angle"": ""73,2"", ""9 Seat Angle"": ""73,2"", ""10 Rake"": ""43"", ""11 Standover"": ""852,5"", ""12 Reach"": ""404"", ""13 Stack"": ""616"", ""14 Fork Length"": ""365"", ""15 Trail"": ""57,4""}",5999,false,https://www.orbea.com/es-es/orca-m21eteam,https://www.orbea.com/en-int/orca-m21eteam,html,2026-10-05
Orbea,Orca [ba9930db],Orca M20i TEAM,,carretera,47,,47,155,160,155-160 cm,cm,506,370,"{""1 Seat Tube (C-T)"": ""440"", ""2 Top Tube (EFF)"": ""510,3"", ""3 Head Tube"": ""110,5"", ""4 Chainstay"": ""408"", ""5 BB Drop"": ""72"", ""6 BB Height"": ""268,5"", ""7 Wheelbase"": ""971,8"", ""8 Head Angle"": ""71"", ""9 Seat Angle"": ""74,5"", ""10 Rake"": ""48"", ""11 Standover"": ""736,5"", ""12 Reach"": ""370"", ""13 Stack"": ""506"", ""14 Fork Length"": ""365"", ""15 Trail"": ""66,0""}",4999,false,https://www.orbea.com/es-es/orca-m20iteam,https://www.orbea.com/en-int/orca-m20iteam,html,2026-10-05
Orbea,Orca [ba9930db],Orca M20i TEAM,,carretera,49,,49,160,166,160-166 cm,cm,515,375,"{""1 Seat Tube (C-T)"": ""460"", ""2 Top Tube (EFF)"": ""522,7"", ""3 Head Tube"": ""118,2"", ""4 Chainstay"": ""408"", ""5 BB Drop"": ""72"", ""6 BB Height"": ""268,5"", ""7 Wheelbase"": ""975,4"", ""8 Head Angle"": ""71,5"", ""9 Seat Angle"": ""74"", ""10 Rake"": ""48"", ""11 Standover"": ""748,5"", ""12 Reach"": ""375"", ""13 Stack"": ""515"", ""14 Fork Length"": ""365"", ""15 Trail"": ""62,8""}",4999,false,https://www.orbea.com/es-es/orca-m20iteam,https://www.orbea.com/en-int/orca-m20iteam,html,2026-10-05
Orbea,Orca [ba9930db],Orca M20i TEAM,,carretera,51,,51,167,172,167-172 cm,cm,533,380,"{""1 Seat Tube (C-T)"": ""480"", ""2 Top Tube (EFF)"": ""535,9"", ""3 Head Tube"": ""134,6"", ""4 Chainstay"": ""408"", ""5 BB Drop"": ""72"", ""6 BB Height"": ""268,5"", ""7 Wheelbase"": ""980"", ""8 Head Angle"": ""72,2"", ""9 Seat Angle"": ""73,7"", ""10 Rake"": ""48"", ""11 Standover"": ""767,5"", ""12 Reach"": ""380"", ""13 Stack"": ""533"", ""14 Fork Length"": ""365"", ""15 Trail"": ""58,4""}",4999,false,https://www.orbea.com/es-es/orca-m20iteam,https://www.orbea.com/en-int/orca-m20iteam,html,2026-10-05
Orbea,Orca [ba9930db],Orca M20i TEAM,,carretera,53,,53,173,179,173-179 cm,cm,552,385,"{""1 Seat Tube (C-T)"": ""500"", ""2 Top Tube (EFF)"": ""548,5"", ""3 Head Tube"": ""152,9"", ""4 Chainstay"": ""408"", ""5 BB Drop"": ""70"", ""6 BB Height"": ""270,5"", ""7 Wheelbase"": ""981,2"", ""8 Head Angle"": ""72,8"", ""9 Seat Angle"": ""73,5"", ""10 Rake"": ""43"", ""11 Standover"": ""788,5"", ""12 Reach"": ""385"", ""13 Stack"": ""552"", ""14 Fork Length"": ""365"", ""15 Trail"": ""59,9""}",4999,false,https://www.orbea.com/es-es/orca-m20iteam,https://www.orbea.com/en-int/orca-m20iteam,html,2026-10-05
Orbea,Orca [ba9930db],Orca M20i TEAM,,carretera,55,,55,180,185,180-185 cm,cm,572,391,"{""1 Seat Tube (C-T)"": ""520"", ""2 Top Tube (EFF)"": ""560,4"", ""3 Head Tube"": ""173,1"", ""4 Chainstay"": ""408"", ""5 BB Drop"": ""70"", ""6 BB Height"": ""270,5"", ""7 Wheelbase"": ""991,4"", ""8 Head Angle"": ""73"", ""9 Seat Angle"": ""73,5"", ""10 Rake"": ""43"", ""11 Standover"": ""808,5"", ""12 Reach"": ""391"", ""13 Stack"": ""572"", ""14 Fork Length"": ""365"", ""15 Trail"": ""58,7""}",4999,false,https://www.orbea.com/es-es/orca-m20iteam,https://www.orbea.com/en-int/orca-m20iteam,html,2026-10-05
Orbea,Orca [ba9930db],Orca M20i TEAM,,carretera,57,,57,186,191,186-191 cm,cm,590,398,"{""1 Seat Tube (C-T)"": ""540"", ""2 Top Tube (EFF)"": ""576,1"", ""3 Head Tube"": ""191,2"", ""4 Chainstay"": ""408"", ""5 BB Drop"": ""70"", ""6 BB Height"": ""270,5"", ""7 Wheelbase"": ""1001,9"", ""8 Head Angle"": ""73,2"", ""9 Seat Angle"": ""73,2"", ""10 Rake"": ""43"", ""11 Standover"": ""826,5"", ""12 Reach"": ""398"", ""13 Stack"": ""590"", ""14 Fork Length"": ""365"", ""15 Trail"": ""57,4""}",4999,false,https://www.orbea.com/es-es/orca-m20iteam,https://www.orbea.com/en-int/orca-m20iteam,html,2026-10-05
Orbea,Orca [ba9930db],Orca M20i TEAM,,carretera,60,,60,192,207,192-207 cm,cm,616,404,"{""1 Seat Tube (C-T)"": ""570"", ""2 Top Tube (EFF)"": ""590"", ""3 Head Tube"": ""218,3"", ""4 Chainstay"": ""408"", ""5 BB Drop"": ""70"", ""6 BB Height"": ""270,5"", ""7 Wheelbase"": ""1015,6"", ""8 Head Angle"": ""73,2"", ""9 Seat Angle"": ""73,2"", ""10 Rake"": ""43"", ""11 Standover"": ""852,5"", ""12 Reach"": ""404"", ""13 Stack"": ""616"", ""14 Fork Length"": ""365"", ""15 Trail"": ""57,4""}",4999,false,https://www.orbea.com/es-es/orca-m20iteam,https://www.orbea.com/en-int/orca-m20iteam,html,2026-10-05
Orbea,Orca [ba9930db],Orca M35i,,carretera,47,,47,155,160,155-160 cm,cm,506,370,"{""1 Seat Tube (C-T)"": ""440"", ""2 Top Tube (EFF)"": ""510,3"", ""3 Head Tube"": ""110,5"", ""4 Chainstay"": ""408"", ""5 BB Drop"": ""72"", ""6 BB Height"": ""268,5"", ""7 Wheelbase"": ""971,8"", ""8 Head Angle"": ""71"", ""9 Seat Angle"": ""74,5"", ""10 Rake"": ""48"", ""11 Standover"": ""736,5"", ""12 Reach"": ""370"", ""13 Stack"": ""506"", ""14 Fork Length"": ""365"", ""15 Trail"": ""66,0""}",4199,false,https://www.orbea.com/es-es/orca-m35i,https://www.orbea.com/en-int/orca-m35i,html,2026-10-05
Orbea,Orca [ba9930db],Orca M35i,,carretera,49,,49,160,166,160-166 cm,cm,515,375,"{""1 Seat Tube (C-T)"": ""460"", ""2 Top Tube (EFF)"": ""522,7"", ""3 Head Tube"": ""118,2"", ""4 Chainstay"": ""408"", ""5 BB Drop"": ""72"", ""6 BB Height"": ""268,5"", ""7 Wheelbase"": ""975,4"", ""8 Head Angle"": ""71,5"", ""9 Seat Angle"": ""74"", ""10 Rake"": ""48"", ""11 Standover"": ""748,5"", ""12 Reach"": ""375"", ""13 Stack"": ""515"", ""14 Fork Length"": ""365"", ""15 Trail"": ""62,8""}",4199,false,https://www.orbea.com/es-es/orca-m35i,https://www.orbea.com/en-int/orca-m35i,html,2026-10-05
Orbea,Orca [ba9930db],Orca M35i,,carretera,51,,51,167,172,167-172 cm,cm,533,380,"{""1 Seat Tube (C-T)"": ""480"", ""2 Top Tube (EFF)"": ""535,9"", ""3 Head Tube"": ""134,6"", ""4 Chainstay"": ""408"", ""5 BB Drop"": ""72"", ""6 BB Height"": ""268,5"", ""7 Wheelbase"": ""980"", ""8 Head Angle"": ""72,2"", ""9 Seat Angle"": ""73,7"", ""10 Rake"": ""48"", ""11 Standover"": ""767,5"", ""12 Reach"": ""380"", ""13 Stack"": ""533"", ""14 Fork Length"": ""365"", ""15 Trail"": ""58,4""}",4199,false,https://www.orbea.com/es-es/orca-m35i,https://www.orbea.com/en-int/orca-m35i,html,2026-10-05
Orbea,Orca [ba9930db],Orca M35i,,carretera,53,,53,173,179,173-179 cm,cm,552,385,"{""1 Seat Tube (C-T)"": ""500"", ""2 Top Tube (EFF)"": ""548,5"", ""3 Head Tube"": ""152,9"", ""4 Chainstay"": ""408"", ""5 BB Drop"": ""70"", ""6 BB Height"": ""270,5"", ""7 Wheelbase"": ""981,2"", ""8 Head Angle"": ""72,8"", ""9 Seat Angle"": ""73,5"", ""10 Rake"": ""43"", ""11 Standover"": ""788,5"", ""12 Reach"": ""385"", ""13 Stack"": ""552"", ""14 Fork Length"": ""365"", ""15 Trail"": ""59,9""}",4199,false,https://www.orbea.com/es-es/orca-m35i,https://www.orbea.com/en-int/orca-m35i,html,2026-10-05
Orbea,Orca [ba9930db],Orca M35i,,carretera,55,,55,180,185,180-185 cm,cm,572,391,"{""1 Seat Tube (C-T)"": ""520"", ""2 Top Tube (EFF)"": ""560,4"", ""3 Head Tube"": ""173,1"", ""4 Chainstay"": ""408"", ""5 BB Drop"": ""70"", ""6 BB Height"": ""270,5"", ""7 Wheelbase"": ""991,4"", ""8 Head Angle"": ""73"", ""9 Seat Angle"": ""73,5"", ""10 Rake"": ""43"", ""11 Standover"": ""808,5"", ""12 Reach"": ""391"", ""13 Stack"": ""572"", ""14 Fork Length"": ""365"", ""15 Trail"": ""58,7""}",4199,false,https://www.orbea.com/es-es/orca-m35i,https://www.orbea.com/en-int/orca-m35i,html,2026-10-05
Orbea,Orca [ba9930db],Orca M35i,,carretera,57,,57,186,191,186-191 cm,cm,590,398,"{""1 Seat Tube (C-T)"": ""540"", ""2 Top Tube (EFF)"": ""576,1"", ""3 Head Tube"": ""191,2"", ""4 Chainstay"": ""408"", ""5 BB Drop"": ""70"", ""6 BB Height"": ""270,5"", ""7 Wheelbase"": ""1001,9"", ""8 Head Angle"": ""73,2"", ""9 Seat Angle"": ""73,2"", ""10 Rake"": ""43"", ""11 Standover"": ""826,5"", ""12 Reach"": ""398"", ""13 Stack"": ""590"", ""14 Fork Length"": ""365"", ""15 Trail"": ""57,4""}",4199,false,https://www.orbea.com/es-es/orca-m35i,https://www.orbea.com/en-int/orca-m35i,html,2026-10-05
Orbea,Orca [ba9930db],Orca M35i,,carretera,60,,60,192,207,192-207 cm,cm,616,404,"{""1 Seat Tube (C-T)"": ""570"", ""2 Top Tube (EFF)"": ""590"", ""3 Head Tube"": ""218,3"", ""4 Chainstay"": ""408"", ""5 BB Drop"": ""70"", ""6 BB Height"": ""270,5"", ""7 Wheelbase"": ""1015,6"", ""8 Head Angle"": ""73,2"", ""9 Seat Angle"": ""73,2"", ""10 Rake"": ""43"", ""11 Standover"": ""852,5"", ""12 Reach"": ""404"", ""13 Stack"": ""616"", ""14 Fork Length"": ""365"", ""15 Trail"": ""57,4""}",4199,false,https://www.orbea.com/es-es/orca-m35i,https://www.orbea.com/en-int/orca-m35i,html,2026-10-05
Orbea,Orca [ba9930db],Orca M30i,,carretera,47,,47,155,160,155-160 cm,cm,506,370,"{""1 Seat Tube (C-T)"": ""440"", ""2 Top Tube (EFF)"": ""510,3"", ""3 Head Tube"": ""110,5"", ""4 Chainstay"": ""408"", ""5 BB Drop"": ""72"", ""6 BB Height"": ""268,5"", ""7 Wheelbase"": ""971,8"", ""8 Head Angle"": ""71"", ""9 Seat Angle"": ""74,5"", ""10 Rake"": ""48"", ""11 Standover"": ""736,5"", ""12 Reach"": ""370"", ""13 Stack"": ""506"", ""14 Fork Length"": ""365"", ""15 Trail"": ""66,0""}",3399,false,https://www.orbea.com/es-es/orca-m30i,https://www.orbea.com/en-int/orca-m30i,html,2026-10-05
Orbea,Orca [ba9930db],Orca M30i,,carretera,49,,49,160,166,160-166 cm,cm,515,375,"{""1 Seat Tube (C-T)"": ""460"", ""2 Top Tube (EFF)"": ""522,7"", ""3 Head Tube"": ""118,2"", ""4 Chainstay"": ""408"", ""5 BB Drop"": ""72"", ""6 BB Height"": ""268,5"", ""7 Wheelbase"": ""975,4"", ""8 Head Angle"": ""71,5"", ""9 Seat Angle"": ""74"", ""10 Rake"": ""48"", ""11 Standover"": ""748,5"", ""12 Reach"": ""375"", ""13 Stack"": ""515"", ""14 Fork Length"": ""365"", ""15 Trail"": ""62,8""}",3399,false,https://www.orbea.com/es-es/orca-m30i,https://www.orbea.com/en-int/orca-m30i,html,2026-10-05
Orbea,Orca [ba9930db],Orca M30i,,carretera,51,,51,167,172,167-172 cm,cm,533,380,"{""1 Seat Tube (C-T)"": ""480"", ""2 Top Tube (EFF)"": ""535,9"", ""3 Head Tube"": ""134,6"", ""4 Chainstay"": ""408"", ""5 BB Drop"": ""72"", ""6 BB Height"": ""268,5"", ""7 Wheelbase"": ""980"", ""8 Head Angle"": ""72,2"", ""9 Seat Angle"": ""73,7"", ""10 Rake"": ""48"", ""11 Standover"": ""767,5"", ""12 Reach"": ""380"", ""13 Stack"": ""533"", ""14 Fork Length"": ""365"", ""15 Trail"": ""58,4""}",3399,false,https://www.orbea.com/es-es/orca-m30i,https://www.orbea.com/en-int/orca-m30i,html,2026-10-05
Orbea,Orca [ba9930db],Orca M30i,,carretera,53,,53,173,179,173-179 cm,cm,552,385,"{""1 Seat Tube (C-T)"": ""500"", ""2 Top Tube (EFF)"": ""548,5"", ""3 Head Tube"": ""152,9"", ""4 Chainstay"": ""408"", ""5 BB Drop"": ""70"", ""6 BB Height"": ""270,5"", ""7 Wheelbase"": ""981,2"", ""8 Head Angle"": ""72,8"", ""9 Seat Angle"": ""73,5"", ""10 Rake"": ""43"", ""11 Standover"": ""788,5"", ""12 Reach"": ""385"", ""13 Stack"": ""552"", ""14 Fork Length"": ""365"", ""15 Trail"": ""59,9""}",3399,false,https://www.orbea.com/es-es/orca-m30i,https://www.orbea.com/en-int/orca-m30i,html,2026-10-05
Orbea,Orca [ba9930db],Orca M30i,,carretera,55,,55,180,185,180-185 cm,cm,572,391,"{""1 Seat Tube (C-T)"": ""520"", ""2 Top Tube (EFF)"": ""560,4"", ""3 Head Tube"": ""173,1"", ""4 Chainstay"": ""408"", ""5 BB Drop"": ""70"", ""6 BB Height"": ""270,5"", ""7 Wheelbase"": ""991,4"", ""8 Head Angle"": ""73"", ""9 Seat Angle"": ""73,5"", ""10 Rake"": ""43"", ""11 Standover"": ""808,5"", ""12 Reach"": ""391"", ""13 Stack"": ""572"", ""14 Fork Length"": ""365"", ""15 Trail"": ""58,7""}",3399,false,https://www.orbea.com/es-es/orca-m30i,https://www.orbea.com/en-int/orca-m30i,html,2026-10-05
Orbea,Orca [ba9930db],Orca M30i,,carretera,57,,57,186,191,186-191 cm,cm,590,398,"{""1 Seat Tube (C-T)"": ""540"", ""2 Top Tube (EFF)"": ""576,1"", ""3 Head Tube"": ""191,2"", ""4 Chainstay"": ""408"", ""5 BB Drop"": ""70"", ""6 BB Height"": ""270,5"", ""7 Wheelbase"": ""1001,9"", ""8 Head Angle"": ""73,2"", ""9 Seat Angle"": ""73,2"", ""10 Rake"": ""43"", ""11 Standover"": ""826,5"", ""12 Reach"": ""398"", ""13 Stack"": ""590"", ""14 Fork Length"": ""365"", ""15 Trail"": ""57,4""}",3399,false,https://www.orbea.com/es-es/orca-m30i,https://www.orbea.com/en-int/orca-m30i,html,2026-10-05
Orbea,Orca [ba9930db],Orca M30i,,carretera,60,,60,192,207,192-207 cm,cm,616,404,"{""1 Seat Tube (C-T)"": ""570"", ""2 Top Tube (EFF)"": ""590"", ""3 Head Tube"": ""218,3"", ""4 Chainstay"": ""408"", ""5 BB Drop"": ""70"", ""6 BB Height"": ""270,5"", ""7 Wheelbase"": ""1015,6"", ""8 Head Angle"": ""73,2"", ""9 Seat Angle"": ""73,2"", ""10 Rake"": ""43"", ""11 Standover"": ""852,5"", ""12 Reach"": ""404"", ""13 Stack"": ""616"", ""14 Fork Length"": ""365"", ""15 Trail"": ""57,4""}",3399,false,https://www.orbea.com/es-es/orca-m30i,https://www.orbea.com/en-int/orca-m30i,html,2026-10-05
Orbea,Orca [ba9930db],Orca M30,,carretera,47,,47,155,160,155-160 cm,cm,506,370,"{""1 Seat Tube (C-T)"": ""440"", ""2 Top Tube (EFF)"": ""510,3"", ""3 Head Tube"": ""110,5"", ""4 Chainstay"": ""408"", ""5 BB Drop"": ""72"", ""6 BB Height"": ""268,5"", ""7 Wheelbase"": ""971,8"", ""8 Head Angle"": ""71"", ""9 Seat Angle"": ""74,5"", ""10 Rake"": ""48"", ""11 Standover"": ""736,5"", ""12 Reach"": ""370"", ""13 Stack"": ""506"", ""14 Fork Length"": ""365"", ""15 Trail"": ""66,0""}",2599,false,https://www.orbea.com/es-es/orca-m30,https://www.orbea.com/en-int/orca-m30,html,2026-10-05
Orbea,Orca [ba9930db],Orca M30,,carretera,49,,49,160,166,160-166 cm,cm,515,375,"{""1 Seat Tube (C-T)"": ""460"", ""2 Top Tube (EFF)"": ""522,7"", ""3 Head Tube"": ""118,2"", ""4 Chainstay"": ""408"", ""5 BB Drop"": ""72"", ""6 BB Height"": ""268,5"", ""7 Wheelbase"": ""975,4"", ""8 Head Angle"": ""71,5"", ""9 Seat Angle"": ""74"", ""10 Rake"": ""48"", ""11 Standover"": ""748,5"", ""12 Reach"": ""375"", ""13 Stack"": ""515"", ""14 Fork Length"": ""365"", ""15 Trail"": ""62,8""}",2599,false,https://www.orbea.com/es-es/orca-m30,https://www.orbea.com/en-int/orca-m30,html,2026-10-05
Orbea,Orca [ba9930db],Orca M30,,carretera,51,,51,167,172,167-172 cm,cm,533,380,"{""1 Seat Tube (C-T)"": ""480"", ""2 Top Tube (EFF)"": ""535,9"", ""3 Head Tube"": ""134,6"", ""4 Chainstay"": ""408"", ""5 BB Drop"": ""72"", ""6 BB Height"": ""268,5"", ""7 Wheelbase"": ""980"", ""8 Head Angle"": ""72,2"", ""9 Seat Angle"": ""73,7"", ""10 Rake"": ""48"", ""11 Standover"": ""767,5"", ""12 Reach"": ""380"", ""13 Stack"": ""533"", ""14 Fork Length"": ""365"", ""15 Trail"": ""58,4""}",2599,false,https://www.orbea.com/es-es/orca-m30,https://www.orbea.com/en-int/orca-m30,html,2026-10-05
Orbea,Orca [ba9930db],Orca M30,,carretera,53,,53,173,179,173-179 cm,cm,552,385,"{""1 Seat Tube (C-T)"": ""500"", ""2 Top Tube (EFF)"": ""548,5"", ""3 Head Tube"": ""152,9"", ""4 Chainstay"": ""408"", ""5 BB Drop"": ""70"", ""6 BB Height"": ""270,5"", ""7 Wheelbase"": ""981,2"", ""8 Head Angle"": ""72,8"", ""9 Seat Angle"": ""73,5"", ""10 Rake"": ""43"", ""11 Standover"": ""788,5"", ""12 Reach"": ""385"", ""13 Stack"": ""552"", ""14 Fork Length"": ""365"", ""15 Trail"": ""59,9""}",2599,false,https://www.orbea.com/es-es/orca-m30,https://www.orbea.com/en-int/orca-m30,html,2026-10-05
Orbea,Orca [ba9930db],Orca M30,,carretera,55,,55,180,185,180-185 cm,cm,572,391,"{""1 Seat Tube (C-T)"": ""520"", ""2 Top Tube (EFF)"": ""560,4"", ""3 Head Tube"": ""173,1"", ""4 Chainstay"": ""408"", ""5 BB Drop"": ""70"", ""6 BB Height"": ""270,5"", ""7 Wheelbase"": ""991,4"", ""8 Head Angle"": ""73"", ""9 Seat Angle"": ""73,5"", ""10 Rake"": ""43"", ""11 Standover"": ""808,5"", ""12 Reach"": ""391"", ""13 Stack"": ""572"", ""14 Fork Length"": ""365"", ""15 Trail"": ""58,7""}",2599,false,https://www.orbea.com/es-es/orca-m30,https://www.orbea.com/en-int/orca-m30,html,2026-10-05
Orbea,Orca [ba9930db],Orca M30,,carretera,57,,57,186,191,186-191 cm,cm,590,398,"{""1 Seat Tube (C-T)"": ""540"", ""2 Top Tube (EFF)"": ""576,1"", ""3 Head Tube"": ""191,2"", ""4 Chainstay"": ""408"", ""5 BB Drop"": ""70"", ""6 BB Height"": ""270,5"", ""7 Wheelbase"": ""1001,9"", ""8 Head Angle"": ""73,2"", ""9 Seat Angle"": ""73,2"", ""10 Rake"": ""43"", ""11 Standover"": ""826,5"", ""12 Reach"": ""398"", ""13 Stack"": ""590"", ""14 Fork Length"": ""365"", ""15 Trail"": ""57,4""}",2599,false,https://www.orbea.com/es-es/orca-m30,https://www.orbea.com/en-int/orca-m30,html,2026-10-05
Orbea,Orca [ba9930db],Orca M30,,carretera,60,,60,192,207,192-207 cm,cm,616,404,"{""1 Seat Tube (C-T)"": ""570"", ""2 Top Tube (EFF)"": ""590"", ""3 Head Tube"": ""218,3"", ""4 Chainstay"": ""408"", ""5 BB Drop"": ""70"", ""6 BB Height"": ""270,5"", ""7 Wheelbase"": ""1015,6"", ""8 Head Angle"": ""73,2"", ""9 Seat Angle"": ""73,2"", ""10 Rake"": ""43"", ""11 Standover"": ""852,5"", ""12 Reach"": ""404"", ""13 Stack"": ""616"", ""14 Fork Length"": ""365"", ""15 Trail"": ""57,4""}",2599,false,https://www.orbea.com/es-es/orca-m30,https://www.orbea.com/en-int/orca-m30,html,2026-10-05
Orbea,Orca [ba9930db],Orca M10i LTD PWR Replica,,carretera,47,,47,155,160,155-160 cm,cm,506,370,"{""1 Seat Tube (C-T)"": ""440"", ""2 Top Tube (EFF)"": ""510,3"", ""3 Head Tube"": ""110,5"", ""4 Chainstay"": ""408"", ""5 BB Drop"": ""72"", ""6 BB Height"": ""268,5"", ""7 Wheelbase"": ""971,8"", ""8 Head Angle"": ""71"", ""9 Seat Angle"": ""74,5"", ""10 Rake"": ""48"", ""11 Standover"": ""736,5"", ""12 Reach"": ""370"", ""13 Stack"": ""506"", ""14 Fork Length"": ""365"", ""15 Trail"": ""66,0""}",10999,false,https://www.orbea.com/es-es/orca-m10i-ltd-pwr-replica,https://www.orbea.com/en-int/orca-m10i-ltd-pwr-replica,html,2026-10-05
Orbea,Orca [ba9930db],Orca M10i LTD PWR Replica,,carretera,49,,49,160,166,160-166 cm,cm,515,375,"{""1 Seat Tube (C-T)"": ""460"", ""2 Top Tube (EFF)"": ""522,7"", ""3 Head Tube"": ""118,2"", ""4 Chainstay"": ""408"", ""5 BB Drop"": ""72"", ""6 BB Height"": ""268,5"", ""7 Wheelbase"": ""975,4"", ""8 Head Angle"": ""71,5"", ""9 Seat Angle"": ""74"", ""10 Rake"": ""48"", ""11 Standover"": ""748,5"", ""12 Reach"": ""375"", ""13 Stack"": ""515"", ""14 Fork Length"": ""365"", ""15 Trail"": ""62,8""}",10999,false,https://www.orbea.com/es-es/orca-m10i-ltd-pwr-replica,https://www.orbea.com/en-int/orca-m10i-ltd-pwr-replica,html,2026-10-05
Orbea,Orca [ba9930db],Orca M10i LTD PWR Replica,,carretera,51,,51,167,172,167-172 cm,cm,533,380,"{""1 Seat Tube (C-T)"": ""480"", ""2 Top Tube (EFF)"": ""535,9"", ""3 Head Tube"": ""134,6"", ""4 Chainstay"": ""408"", ""5 BB Drop"": ""72"", ""6 BB Height"": ""268,5"", ""7 Wheelbase"": ""980"", ""8 Head Angle"": ""72,2"", ""9 Seat Angle"": ""73,7"", ""10 Rake"": ""48"", ""11 Standover"": ""767,5"", ""12 Reach"": ""380"", ""13 Stack"": ""533"", ""14 Fork Length"": ""365"", ""15 Trail"": ""58,4""}",10999,false,https://www.orbea.com/es-es/orca-m10i-ltd-pwr-replica,https://www.orbea.com/en-int/orca-m10i-ltd-pwr-replica,html,2026-10-05
Orbea,Orca [ba9930db],Orca M10i LTD PWR Replica,,carretera,53,,53,173,179,173-179 cm,cm,552,385,"{""1 Seat Tube (C-T)"": ""500"", ""2 Top Tube (EFF)"": ""548,5"", ""3 Head Tube"": ""152,9"", ""4 Chainstay"": ""408"", ""5 BB Drop"": ""70"", ""6 BB Height"": ""270,5"", ""7 Wheelbase"": ""981,2"", ""8 Head Angle"": ""72,8"", ""9 Seat Angle"": ""73,5"", ""10 Rake"": ""43"", ""11 Standover"": ""788,5"", ""12 Reach"": ""385"", ""13 Stack"": ""552"", ""14 Fork Length"": ""365"", ""15 Trail"": ""59,9""}",10999,false,https://www.orbea.com/es-es/orca-m10i-ltd-pwr-replica,https://www.orbea.com/en-int/orca-m10i-ltd-pwr-replica,html,2026-10-05
Orbea,Orca [ba9930db],Orca M10i LTD PWR Replica,,carretera,55,,55,180,185,180-185 cm,cm,572,391,"{""1 Seat Tube (C-T)"": ""520"", ""2 Top Tube (EFF)"": ""560,4"", ""3 Head Tube"": ""173,1"", ""4 Chainstay"": ""408"", ""5 BB Drop"": ""70"", ""6 BB Height"": ""270,5"", ""7 Wheelbase"": ""991,4"", ""8 Head Angle"": ""73"", ""9 Seat Angle"": ""73,5"", ""10 Rake"": ""43"", ""11 Standover"": ""808,5"", ""12 Reach"": ""391"", ""13 Stack"": ""572"", ""14 Fork Length"": ""365"", ""15 Trail"": ""58,7""}",10999,false,https://www.orbea.com/es-es/orca-m10i-ltd-pwr-replica,https://www.orbea.com/en-int/orca-m10i-ltd-pwr-replica,html,2026-10-05
Orbea,Orca [ba9930db],Orca M10i LTD PWR Replica,,carretera,57,,57,186,191,186-191 cm,cm,590,398,"{""1 Seat Tube (C-T)"": ""540"", ""2 Top Tube (EFF)"": ""576,1"", ""3 Head Tube"": ""191,2"", ""4 Chainstay"": ""408"", ""5 BB Drop"": ""70"", ""6 BB Height"": ""270,5"", ""7 Wheelbase"": ""1001,9"", ""8 Head Angle"": ""73,2"", ""9 Seat Angle"": ""73,2"", ""10 Rake"": ""43"", ""11 Standover"": ""826,5"", ""12 Reach"": ""398"", ""13 Stack"": ""590"", ""14 Fork Length"": ""365"", ""15 Trail"": ""57,4""}",10999,false,https://www.orbea.com/es-es/orca-m10i-ltd-pwr-replica,https://www.orbea.com/en-int/orca-m10i-ltd-pwr-replica,html,2026-10-05
Orbea,Orca [ba9930db],Orca M10i LTD PWR Replica,,carretera,60,,60,192,207,192-207 cm,cm,616,404,"{""1 Seat Tube (C-T)"": ""570"", ""2 Top Tube (EFF)"": ""590"", ""3 Head Tube"": ""218,3"", ""4 Chainstay"": ""408"", ""5 BB Drop"": ""70"", ""6 BB Height"": ""270,5"", ""7 Wheelbase"": ""1015,6"", ""8 Head Angle"": ""73,2"", ""9 Seat Angle"": ""73,2"", ""10 Rake"": ""43"", ""11 Standover"": ""852,5"", ""12 Reach"": ""404"", ""13 Stack"": ""616"", ""14 Fork Length"": ""365"", ""15 Trail"": ""57,4""}",10999,false,https://www.orbea.com/es-es/orca-m10i-ltd-pwr-replica,https://www.orbea.com/en-int/orca-m10i-ltd-pwr-replica,html,2026-10-05
Orbea,Avant [e3ab8958],Avant H30,,carretera,47,,47,155,160,155-160 cm,cm,525,370,"{""1 Seat Tube (C-T)"": ""420"", ""2 Top Tube (EFF)"": ""515"", ""3 Head Tube"": ""111"", ""4 Chainstay"": ""420"", ""5 BB Drop"": ""78"", ""6 BB Height"": ""263"", ""7 Wheelbase"": ""996"", ""8 Head Angle"": ""70,5"", ""9 Seat Angle"": ""74,5"", ""10 Rake"": ""-"", ""11 Standover"": ""673"", ""12 Reach"": ""370"", ""13 Stack"": ""525"", ""14 Fork Length"": ""385"", ""15 Trail"": ""65/68""}",1999,false,https://www.orbea.com/es-es/avant-h30,https://www.orbea.com/en-int/avant-h30,html,2026-10-05
Orbea,Avant [e3ab8958],Avant H30,,carretera,49,,49,160,166,160-166 cm,cm,545,375,"{""1 Seat Tube (C-T)"": ""445"", ""2 Top Tube (EFF)"": ""531"", ""3 Head Tube"": ""130"", ""4 Chainstay"": ""420"", ""5 BB Drop"": ""78"", ""6 BB Height"": ""263"", ""7 Wheelbase"": ""1003"", ""8 Head Angle"": ""71"", ""9 Seat Angle"": ""74"", ""10 Rake"": ""-"", ""11 Standover"": ""699"", ""12 Reach"": ""375"", ""13 Stack"": ""545"", ""14 Fork Length"": ""385"", ""15 Trail"": ""63/65""}",1999,false,https://www.orbea.com/es-es/avant-h30,https://www.orbea.com/en-int/avant-h30,html,2026-10-05
Orbea,Avant [e3ab8958],Avant H30,,carretera,51,,51,167,172,167-172 cm,cm,565,380,"{""1 Seat Tube (C-T)"": ""470"", ""2 Top Tube (EFF)"": ""544"", ""3 Head Tube"": ""149"", ""4 Chainstay"": ""420"", ""5 BB Drop"": ""78"", ""6 BB Height"": ""263"", ""7 Wheelbase"": ""1010"", ""8 Head Angle"": ""71,5"", ""9 Seat Angle"": ""73,75"", ""10 Rake"": ""-"", ""11 Standover"": ""723"", ""12 Reach"": ""380"", ""13 Stack"": ""565"", ""14 Fork Length"": ""385"", ""15 Trail"": ""61/62""}",1999,false,https://www.orbea.com/es-es/avant-h30,https://www.orbea.com/en-int/avant-h30,html,2026-10-05
Orbea,Avant [e3ab8958],Avant H30,,carretera,53,,53,173,179,173-179 cm,cm,585,385,"{""1 Seat Tube (C-T)"": ""495"", ""2 Top Tube (EFF)"": ""558"", ""3 Head Tube"": ""169"", ""4 Chainstay"": ""420"", ""5 BB Drop"": ""78"", ""6 BB Height"": ""263"", ""7 Wheelbase"": ""1019"", ""8 Head Angle"": ""71,8"", ""9 Seat Angle"": ""73,75"", ""10 Rake"": ""-"", ""11 Standover"": ""749"", ""12 Reach"": ""385"", ""13 Stack"": ""585"", ""14 Fork Length"": ""385"", ""15 Trail"": ""58/60""}",1999,false,https://www.orbea.com/es-es/avant-h30,https://www.orbea.com/en-int/avant-h30,html,2026-10-05
Orbea,Avant [e3ab8958],Avant H30,,carretera,55,,55,180,185,180-185 cm,cm,605,391,"{""1 Seat Tube (C-T)"": ""520"", ""2 Top Tube (EFF)"": ""570"", ""3 Head Tube"": ""191"", ""4 Chainstay"": ""420"", ""5 BB Drop"": ""76"", ""6 BB Height"": ""265"", ""7 Wheelbase"": ""1030"", ""8 Head Angle"": ""72"", ""9 Seat Angle"": ""73,75"", ""10 Rake"": ""-"", ""11 Standover"": ""777"", ""12 Reach"": ""391"", ""13 Stack"": ""605"", ""14 Fork Length"": ""385"", ""15 Trail"": ""57/58""}",1999,false,https://www.orbea.com/es-es/avant-h30,https://www.orbea.com/en-int/avant-h30,html,2026-10-05
Orbea,Avant [e3ab8958],Avant H30,,carretera,57,,57,186,191,186-191 cm,cm,625,398,"{""1 Seat Tube (C-T)"": ""545"", ""2 Top Tube (EFF)"": ""587"", ""3 Head Tube"": ""211"", ""4 Chainstay"": ""420"", ""5 BB Drop"": ""76"", ""6 BB Height"": ""265"", ""7 Wheelbase"": ""1042"", ""8 Head Angle"": ""72,2"", ""9 Seat Angle"": ""73,2"", ""10 Rake"": ""-"", ""11 Standover"": ""802"", ""12 Reach"": ""398"", ""13 Stack"": ""625"", ""14 Fork Length"": ""385"", ""15 Trail"": ""55/57""}",1999,false,https://www.orbea.com/es-es/avant-h30,https://www.orbea.com/en-int/avant-h30,html,2026-10-05
Orbea,Avant [e3ab8958],Avant H30,,carretera,60,,60,192,207,192-207 cm,cm,645,404,"{""1 Seat Tube (C-T)"": ""575"", ""2 Top Tube (EFF)"": ""599"", ""3 Head Tube"": ""231"", ""4 Chainstay"": ""420"", ""5 BB Drop"": ""76"", ""6 BB Height"": ""265"", ""7 Wheelbase"": ""1051"", ""8 Head Angle"": ""72,5"", ""9 Seat Angle"": ""73,2"", ""10 Rake"": ""-"", ""11 Standover"": ""831"", ""12 Reach"": ""404"", ""13 Stack"": ""645"", ""14 Fork Length"": ""385"", ""15 Trail"": ""53/55""}",1999,false,https://www.orbea.com/es-es/avant-h30,https://www.orbea.com/en-int/avant-h30,html,2026-10-05
Orbea,Avant [e3ab8958],Avant H40,,carretera,47,,47,155,160,155-160 cm,cm,525,370,"{""1 Seat Tube (C-T)"": ""420"", ""2 Top Tube (EFF)"": ""515"", ""3 Head Tube"": ""111"", ""4 Chainstay"": ""420"", ""5 BB Drop"": ""78"", ""6 BB Height"": ""263"", ""7 Wheelbase"": ""996"", ""8 Head Angle"": ""70,5"", ""9 Seat Angle"": ""74,5"", ""10 Rake"": ""-"", ""11 Standover"": ""673"", ""12 Reach"": ""370"", ""13 Stack"": ""525"", ""14 Fork Length"": ""385"", ""15 Trail"": ""65/68""}",1799,false,https://www.orbea.com/es-es/avant-h40,https://www.orbea.com/en-int/avant-h40,html,2026-10-05
Orbea,Avant [e3ab8958],Avant H40,,carretera,49,,49,160,166,160-166 cm,cm,545,375,"{""1 Seat Tube (C-T)"": ""445"", ""2 Top Tube (EFF)"": ""531"", ""3 Head Tube"": ""130"", ""4 Chainstay"": ""420"", ""5 BB Drop"": ""78"", ""6 BB Height"": ""263"", ""7 Wheelbase"": ""1003"", ""8 Head Angle"": ""71"", ""9 Seat Angle"": ""74"", ""10 Rake"": ""-"", ""11 Standover"": ""699"", ""12 Reach"": ""375"", ""13 Stack"": ""545"", ""14 Fork Length"": ""385"", ""15 Trail"": ""63/65""}",1799,false,https://www.orbea.com/es-es/avant-h40,https://www.orbea.com/en-int/avant-h40,html,2026-10-05
Orbea,Avant [e3ab8958],Avant H40,,carretera,51,,51,167,172,167-172 cm,cm,565,380,"{""1 Seat Tube (C-T)"": ""470"", ""2 Top Tube (EFF)"": ""544"", ""3 Head Tube"": ""149"", ""4 Chainstay"": ""420"", ""5 BB Drop"": ""78"", ""6 BB Height"": ""263"", ""7 Wheelbase"": ""1010"", ""8 Head Angle"": ""71,5"", ""9 Seat Angle"": ""73,75"", ""10 Rake"": ""-"", ""11 Standover"": ""723"", ""12 Reach"": ""380"", ""13 Stack"": ""565"", ""14 Fork Length"": ""385"", ""15 Trail"": ""61/62""}",1799,false,https://www.orbea.com/es-es/avant-h40,https://www.orbea.com/en-int/avant-h40,html,2026-10-05
Orbea,Avant [e3ab8958],Avant H40,,carretera,53,,53,173,179,173-179 cm,cm,585,385,"{""1 Seat Tube (C-T)"": ""495"", ""2 Top Tube (EFF)"": ""558"", ""3 Head Tube"": ""169"", ""4 Chainstay"": ""420"", ""5 BB Drop"": ""78"", ""6 BB Height"": ""263"", ""7 Wheelbase"": ""1019"", ""8 Head Angle"": ""71,8"", ""9 Seat Angle"": ""73,75"", ""10 Rake"": ""-"", ""11 Standover"": ""749"", ""12 Reach"": ""385"", ""13 Stack"": ""585"", ""14 Fork Length"": ""385"", ""15 Trail"": ""58/60""}",1799,false,https://www.orbea.com/es-es/avant-h40,https://www.orbea.com/en-int/avant-h40,html,2026-10-05
Orbea,Avant [e3ab8958],Avant H40,,carretera,55,,55,180,185,180-185 cm,cm,605,391,"{""1 Seat Tube (C-T)"": ""520"", ""2 Top Tube (EFF)"": ""570"", ""3 Head Tube"": ""191"", ""4 Chainstay"": ""420"", ""5 BB Drop"": ""76"", ""6 BB Height"": ""265"", ""7 Wheelbase"": ""1030"", ""8 Head Angle"": ""72"", ""9 Seat Angle"": ""73,75"", ""10 Rake"": ""-"", ""11 Standover"": ""777"", ""12 Reach"": ""391"", ""13 Stack"": ""605"", ""14 Fork Length"": ""385"", ""15 Trail"": ""57/58""}",1799,false,https://www.orbea.com/es-es/avant-h40,https://www.orbea.com/en-int/avant-h40,html,2026-10-05
Orbea,Avant [e3ab8958],Avant H40,,carretera,57,,57,186,191,186-191 cm,cm,625,398,"{""1 Seat Tube (C-T)"": ""545"", ""2 Top Tube (EFF)"": ""587"", ""3 Head Tube"": ""211"", ""4 Chainstay"": ""420"", ""5 BB Drop"": ""76"", ""6 BB Height"": ""265"", ""7 Wheelbase"": ""1042"", ""8 Head Angle"": ""72,2"", ""9 Seat Angle"": ""73,2"", ""10 Rake"": ""-"", ""11 Standover"": ""802"", ""12 Reach"": ""398"", ""13 Stack"": ""625"", ""14 Fork Length"": ""385"", ""15 Trail"": ""55/57""}",1799,false,https://www.orbea.com/es-es/avant-h40,https://www.orbea.com/en-int/avant-h40,html,2026-10-05
Orbea,Avant [e3ab8958],Avant H40,,carretera,60,,60,192,207,192-207 cm,cm,645,404,"{""1 Seat Tube (C-T)"": ""575"", ""2 Top Tube (EFF)"": ""599"", ""3 Head Tube"": ""231"", ""4 Chainstay"": ""420"", ""5 BB Drop"": ""76"", ""6 BB Height"": ""265"", ""7 Wheelbase"": ""1051"", ""8 Head Angle"": ""72,5"", ""9 Seat Angle"": ""73,2"", ""10 Rake"": ""-"", ""11 Standover"": ""831"", ""12 Reach"": ""404"", ""13 Stack"": ""645"", ""14 Fork Length"": ""385"", ""15 Trail"": ""53/55""}",1799,false,https://www.orbea.com/es-es/avant-h40,https://www.orbea.com/en-int/avant-h40,html,2026-10-05
Orbea,Avant [e3ab8958],Avant H50,,carretera,47,,47,155,160,155-160 cm,cm,525,370,"{""1 Seat Tube (C-T)"": ""420"", ""2 Top Tube (EFF)"": ""515"", ""3 Head Tube"": ""111"", ""4 Chainstay"": ""420"", ""5 BB Drop"": ""78"", ""6 BB Height"": ""263"", ""7 Wheelbase"": ""996"", ""8 Head Angle"": ""70,5"", ""9 Seat Angle"": ""74,5"", ""10 Rake"": ""-"", ""11 Standover"": ""673"", ""12 Reach"": ""370"", ""13 Stack"": ""525"", ""14 Fork Length"": ""385"", ""15 Trail"": ""65/68""}",1699,false,https://www.orbea.com/es-es/avant-h50,https://www.orbea.com/en-int/avant-h50,html,2026-10-05
Orbea,Avant [e3ab8958],Avant H50,,carretera,49,,49,160,166,160-166 cm,cm,545,375,"{""1 Seat Tube (C-T)"": ""445"", ""2 Top Tube (EFF)"": ""531"", ""3 Head Tube"": ""130"", ""4 Chainstay"": ""420"", ""5 BB Drop"": ""78"", ""6 BB Height"": ""263"", ""7 Wheelbase"": ""1003"", ""8 Head Angle"": ""71"", ""9 Seat Angle"": ""74"", ""10 Rake"": ""-"", ""11 Standover"": ""699"", ""12 Reach"": ""375"", ""13 Stack"": ""545"", ""14 Fork Length"": ""385"", ""15 Trail"": ""63/65""}",1699,false,https://www.orbea.com/es-es/avant-h50,https://www.orbea.com/en-int/avant-h50,html,2026-10-05
Orbea,Avant [e3ab8958],Avant H50,,carretera,51,,51,167,172,167-172 cm,cm,565,380,"{""1 Seat Tube (C-T)"": ""470"", ""2 Top Tube (EFF)"": ""544"", ""3 Head Tube"": ""149"", ""4 Chainstay"": ""420"", ""5 BB Drop"": ""78"", ""6 BB Height"": ""263"", ""7 Wheelbase"": ""1010"", ""8 Head Angle"": ""71,5"", ""9 Seat Angle"": ""73,75"", ""10 Rake"": ""-"", ""11 Standover"": ""723"", ""12 Reach"": ""380"", ""13 Stack"": ""565"", ""14 Fork Length"": ""385"", ""15 Trail"": ""61/62""}",1699,false,https://www.orbea.com/es-es/avant-h50,https://www.orbea.com/en-int/avant-h50,html,2026-10-05
Orbea,Avant [e3ab8958],Avant H50,,carretera,53,,53,173,179,173-179 cm,cm,585,385,"{""1 Seat Tube (C-T)"": ""495"", ""2 Top Tube (EFF)"": ""558"", ""3 Head Tube"": ""169"", ""4 Chainstay"": ""420"", ""5 BB Drop"": ""78"", ""6 BB Height"": ""263"", ""7 Wheelbase"": ""1019"", ""8 Head Angle"": ""71,8"", ""9 Seat Angle"": ""73,75"", ""10 Rake"": ""-"", ""11 Standover"": ""749"", ""12 Reach"": ""385"", ""13 Stack"": ""585"", ""14 Fork Length"": ""385"", ""15 Trail"": ""58/60""}",1699,false,https://www.orbea.com/es-es/avant-h50,https://www.orbea.com/en-int/avant-h50,html,2026-10-05
Orbea,Avant [e3ab8958],Avant H50,,carretera,55,,55,180,185,180-185 cm,cm,605,391,"{""1 Seat Tube (C-T)"": ""520"", ""2 Top Tube (EFF)"": ""570"", ""3 Head Tube"": ""191"", ""4 Chainstay"": ""420"", ""5 BB Drop"": ""76"", ""6 BB Height"": ""265"", ""7 Wheelbase"": ""1030"", ""8 Head Angle"": ""72"", ""9 Seat Angle"": ""73,75"", ""10 Rake"": ""-"", ""11 Standover"": ""777"", ""12 Reach"": ""391"", ""13 Stack"": ""605"", ""14 Fork Length"": ""385"", ""15 Trail"": ""57/58""}",1699,false,https://www.orbea.com/es-es/avant-h50,https://www.orbea.com/en-int/avant-h50,html,2026-10-05
Orbea,Avant [e3ab8958],Avant H50,,carretera,57,,57,186,191,186-191 cm,cm,625,398,"{""1 Seat Tube (C-T)"": ""545"", ""2 Top Tube (EFF)"": ""587"", ""3 Head Tube"": ""211"", ""4 Chainstay"": ""420"", ""5 BB Drop"": ""76"", ""6 BB Height"": ""265"", ""7 Wheelbase"": ""1042"", ""8 Head Angle"": ""72,2"", ""9 Seat Angle"": ""73,2"", ""10 Rake"": ""-"", ""11 Standover"": ""802"", ""12 Reach"": ""398"", ""13 Stack"": ""625"", ""14 Fork Length"": ""385"", ""15 Trail"": ""55/57""}",1699,false,https://www.orbea.com/es-es/avant-h50,https://www.orbea.com/en-int/avant-h50,html,2026-10-05
Orbea,Avant [e3ab8958],Avant H50,,carretera,60,,60,192,207,192-207 cm,cm,645,404,"{""1 Seat Tube (C-T)"": ""575"", ""2 Top Tube (EFF)"": ""599"", ""3 Head Tube"": ""231"", ""4 Chainstay"": ""420"", ""5 BB Drop"": ""76"", ""6 BB Height"": ""265"", ""7 Wheelbase"": ""1051"", ""8 Head Angle"": ""72,5"", ""9 Seat Angle"": ""73,2"", ""10 Rake"": ""-"", ""11 Standover"": ""831"", ""12 Reach"": ""404"", ""13 Stack"": ""645"", ""14 Fork Length"": ""385"", ""15 Trail"": ""53/55""}",1699,false,https://www.orbea.com/es-es/avant-h50,https://www.orbea.com/en-int/avant-h50,html,2026-10-05
Orbea,Terra [8d0ebc75],Terra M22 TEAM 1X,,gravel,XS,XS,,155,166,155-166 cm,cm,535,386,"{""1 Seat Tube (C-T)"": ""410"", ""2 Top Tube (EFF)"": ""535"", ""3 Head Tube"": ""110"", ""4 Chainstay"": ""430"", ""5 BB Drop"": ""80"", ""6 BB Height"": ""261"", ""7 Wheelbase"": ""1031"", ""8 Head Angle"": ""69"", ""9 Seat Angle"": ""74º"", ""10 Rake"": ""45"", ""11 Standover"": ""690"", ""12 Reach"": ""386"", ""13 Stack"": ""535"", ""14 Fork Length"": ""395"", ""15 Trail"": ""82,7""}",5999,false,https://www.orbea.com/es-es/terra-m22-team-1x,https://www.orbea.com/en-int/terra-m22-team-1x,html,2026-10-05
Orbea,Terra [8d0ebc75],Terra M22 TEAM 1X,,gravel,S,S,,167,172,167-172 cm,cm,558,392,"{""1 Seat Tube (C-T)"": ""440"", ""2 Top Tube (EFF)"": ""547"", ""3 Head Tube"": ""132,5"", ""4 Chainstay"": ""430"", ""5 BB Drop"": ""80"", ""6 BB Height"": ""261"", ""7 Wheelbase"": ""1041"", ""8 Head Angle"": ""69,5"", ""9 Seat Angle"": ""74º"", ""10 Rake"": ""45"", ""11 Standover"": ""717"", ""12 Reach"": ""392"", ""13 Stack"": ""558"", ""14 Fork Length"": ""395"", ""15 Trail"": ""79,5""}",5999,false,https://www.orbea.com/es-es/terra-m22-team-1x,https://www.orbea.com/en-int/terra-m22-team-1x,html,2026-10-05
Orbea,Terra [8d0ebc75],Terra M22 TEAM 1X,,gravel,M,M,,173,179,173-179 cm,cm,580,400,"{""1 Seat Tube (C-T)"": ""470"", ""2 Top Tube (EFF)"": ""561"", ""3 Head Tube"": ""153,5"", ""4 Chainstay"": ""430"", ""5 BB Drop"": ""80"", ""6 BB Height"": ""261"", ""7 Wheelbase"": ""1052"", ""8 Head Angle"": ""70"", ""9 Seat Angle"": ""74º"", ""10 Rake"": ""45"", ""11 Standover"": ""743"", ""12 Reach"": ""400"", ""13 Stack"": ""580"", ""14 Fork Length"": ""395"", ""15 Trail"": ""76,2""}",5999,false,https://www.orbea.com/es-es/terra-m22-team-1x,https://www.orbea.com/en-int/terra-m22-team-1x,html,2026-10-05
Orbea,Terra [8d0ebc75],Terra M22 TEAM 1X,,gravel,L,L,,180,185,180-185 cm,cm,602,406,"{""1 Seat Tube (C-T)"": ""505"", ""2 Top Tube (EFF)"": ""573"", ""3 Head Tube"": ""175"", ""4 Chainstay"": ""430"", ""5 BB Drop"": ""80"", ""6 BB Height"": ""261"", ""7 Wheelbase"": ""1061"", ""8 Head Angle"": ""70,5"", ""9 Seat Angle"": ""74º"", ""10 Rake"": ""45"", ""11 Standover"": ""772"", ""12 Reach"": ""406"", ""13 Stack"": ""602"", ""14 Fork Length"": ""395"", ""15 Trail"": ""73""}",5999,false,https://www.orbea.com/es-es/terra-m22-team-1x,https://www.orbea.com/en-int/terra-m22-team-1x,html,2026-10-05
Orbea,Terra [8d0ebc75],Terra M22 TEAM 1X,,gravel,XL,XL,,186,191,186-191 cm,cm,625,412,"{""1 Seat Tube (C-T)"": ""540"", ""2 Top Tube (EFF)"": ""585"", ""3 Head Tube"": ""198"", ""4 Chainstay"": ""430"", ""5 BB Drop"": ""80"", ""6 BB Height"": ""261"", ""7 Wheelbase"": ""1072"", ""8 Head Angle"": ""70,8"", ""9 Seat Angle"": ""74º"", ""10 Rake"": ""45"", ""11 Standover"": ""801"", ""12 Reach"": ""412"", ""13 Stack"": ""625"", ""14 Fork Length"": ""395"", ""15 Trail"": ""71,4""}",5999,false,https://www.orbea.com/es-es/terra-m22-team-1x,https://www.orbea.com/en-int/terra-m22-team-1x,html,2026-10-05
Orbea,Terra [8d0ebc75],Terra M22 TEAM 1X,,gravel,XXL,XXL,,192,207,192-207 cm,cm,645,417,"{""1 Seat Tube (C-T)"": ""575"", ""2 Top Tube (EFF)"": ""596"", ""3 Head Tube"": ""218"", ""4 Chainstay"": ""430"", ""5 BB Drop"": ""80"", ""6 BB Height"": ""261"", ""7 Wheelbase"": ""1081"", ""8 Head Angle"": ""71"", ""9 Seat Angle"": ""74º"", ""10 Rake"": ""45"", ""11 Standover"": ""828"", ""12 Reach"": ""417"", ""13 Stack"": ""645"", ""14 Fork Length"": ""395"", ""15 Trail"": ""69,8""}",5999,false,https://www.orbea.com/es-es/terra-m22-team-1x,https://www.orbea.com/en-int/terra-m22-team-1x,html,2026-10-05
Orbea,Terra [8d0ebc75],Terra M21eTEAM 1X,,gravel,XS,XS,,155,166,155-166 cm,cm,535,386,"{""1 Seat Tube (C-T)"": ""410"", ""2 Top Tube (EFF)"": ""535"", ""3 Head Tube"": ""110"", ""4 Chainstay"": ""430"", ""5 BB Drop"": ""80"", ""6 BB Height"": ""261"", ""7 Wheelbase"": ""1031"", ""8 Head Angle"": ""69"", ""9 Seat Angle"": ""74º"", ""10 Rake"": ""45"", ""11 Standover"": ""690"", ""12 Reach"": ""386"", ""13 Stack"": ""535"", ""14 Fork Length"": ""395"", ""15 Trail"": ""82,7""}",5999,false,https://www.orbea.com/es-es/terra-m21eteam-1x,https://www.orbea.com/en-int/terra-m21eteam-1x,html,2026-10-05
Orbea,Terra [8d0ebc75],Terra M21eTEAM 1X,,gravel,S,S,,167,172,167-172 cm,cm,558,392,"{""1 Seat Tube (C-T)"": ""440"", ""2 Top Tube (EFF)"": ""547"", ""3 Head Tube"": ""132,5"", ""4 Chainstay"": ""430"", ""5 BB Drop"": ""80"", ""6 BB Height"": ""261"", ""7 Wheelbase"": ""1041"", ""8 Head Angle"": ""69,5"", ""9 Seat Angle"": ""74º"", ""10 Rake"": ""45"", ""11 Standover"": ""717"", ""12 Reach"": ""392"", ""13 Stack"": ""558"", ""14 Fork Length"": ""395"", ""15 Trail"": ""79,5""}",5999,false,https://www.orbea.com/es-es/terra-m21eteam-1x,https://www.orbea.com/en-int/terra-m21eteam-1x,html,2026-10-05
Orbea,Terra [8d0ebc75],Terra M21eTEAM 1X,,gravel,M,M,,173,179,173-179 cm,cm,580,400,"{""1 Seat Tube (C-T)"": ""470"", ""2 Top Tube (EFF)"": ""561"", ""3 Head Tube"": ""153,5"", ""4 Chainstay"": ""430"", ""5 BB Drop"": ""80"", ""6 BB Height"": ""261"", ""7 Wheelbase"": ""1052"", ""8 Head Angle"": ""70"", ""9 Seat Angle"": ""74º"", ""10 Rake"": ""45"", ""11 Standover"": ""743"", ""12 Reach"": ""400"", ""13 Stack"": ""580"", ""14 Fork Length"": ""395"", ""15 Trail"": ""76,2""}",5999,false,https://www.orbea.com/es-es/terra-m21eteam-1x,https://www.orbea.com/en-int/terra-m21eteam-1x,html,2026-10-05
Orbea,Terra [8d0ebc75],Terra M21eTEAM 1X,,gravel,L,L,,180,185,180-185 cm,cm,602,406,"{""1 Seat Tube (C-T)"": ""505"", ""2 Top Tube (EFF)"": ""573"", ""3 Head Tube"": ""175"", ""4 Chainstay"": ""430"", ""5 BB Drop"": ""80"", ""6 BB Height"": ""261"", ""7 Wheelbase"": ""1061"", ""8 Head Angle"": ""70,5"", ""9 Seat Angle"": ""74º"", ""10 Rake"": ""45"", ""11 Standover"": ""772"", ""12 Reach"": ""406"", ""13 Stack"": ""602"", ""14 Fork Length"": ""395"", ""15 Trail"": ""73""}",5999,false,https://www.orbea.com/es-es/terra-m21eteam-1x,https://www.orbea.com/en-int/terra-m21eteam-1x,html,2026-10-05
Orbea,Terra [8d0ebc75],Terra M21eTEAM 1X,,gravel,XL,XL,,186,191,186-191 cm,cm,625,412,"{""1 Seat Tube (C-T)"": ""540"", ""2 Top Tube (EFF)"": ""585"", ""3 Head Tube"": ""198"", ""4 Chainstay"": ""430"", ""5 BB Drop"": ""80"", ""6 BB Height"": ""261"", ""7 Wheelbase"": ""1072"", ""8 Head Angle"": ""70,8"", ""9 Seat Angle"": ""74º"", ""10 Rake"": ""45"", ""11 Standover"": ""801"", ""12 Reach"": ""412"", ""13 Stack"": ""625"", ""14 Fork Length"": ""395"", ""15 Trail"": ""71,4""}",5999,false,https://www.orbea.com/es-es/terra-m21eteam-1x,https://www.orbea.com/en-int/terra-m21eteam-1x,html,2026-10-05
Orbea,Terra [8d0ebc75],Terra M21eTEAM 1X,,gravel,XXL,XXL,,192,207,192-207 cm,cm,645,417,"{""1 Seat Tube (C-T)"": ""575"", ""2 Top Tube (EFF)"": ""596"", ""3 Head Tube"": ""218"", ""4 Chainstay"": ""430"", ""5 BB Drop"": ""80"", ""6 BB Height"": ""261"", ""7 Wheelbase"": ""1081"", ""8 Head Angle"": ""71"", ""9 Seat Angle"": ""74º"", ""10 Rake"": ""45"", ""11 Standover"": ""828"", ""12 Reach"": ""417"", ""13 Stack"": ""645"", ""14 Fork Length"": ""395"", ""15 Trail"": ""69,8""}",5999,false,https://www.orbea.com/es-es/terra-m21eteam-1x,https://www.orbea.com/en-int/terra-m21eteam-1x,html,2026-10-05
Orbea,Terra [8d0ebc75],Terra M20iTEAM,,gravel,XS,XS,,155,166,155-166 cm,cm,535,386,"{""1 Seat Tube (C-T)"": ""410"", ""2 Top Tube (EFF)"": ""535"", ""3 Head Tube"": ""110"", ""4 Chainstay"": ""430"", ""5 BB Drop"": ""80"", ""6 BB Height"": ""261"", ""7 Wheelbase"": ""1031"", ""8 Head Angle"": ""69"", ""9 Seat Angle"": ""74º"", ""10 Rake"": ""45"", ""11 Standover"": ""690"", ""12 Reach"": ""386"", ""13 Stack"": ""535"", ""14 Fork Length"": ""395"", ""15 Trail"": ""82,7""}",5799,false,https://www.orbea.com/es-es/terra-m20iteam,https://www.orbea.com/en-int/terra-m20iteam,html,2026-10-05
Orbea,Terra [8d0ebc75],Terra M20iTEAM,,gravel,S,S,,167,172,167-172 cm,cm,558,392,"{""1 Seat Tube (C-T)"": ""440"", ""2 Top Tube (EFF)"": ""547"", ""3 Head Tube"": ""132,5"", ""4 Chainstay"": ""430"", ""5 BB Drop"": ""80"", ""6 BB Height"": ""261"", ""7 Wheelbase"": ""1041"", ""8 Head Angle"": ""69,5"", ""9 Seat Angle"": ""74º"", ""10 Rake"": ""45"", ""11 Standover"": ""717"", ""12 Reach"": ""392"", ""13 Stack"": ""558"", ""14 Fork Length"": ""395"", ""15 Trail"": ""79,5""}",5799,false,https://www.orbea.com/es-es/terra-m20iteam,https://www.orbea.com/en-int/terra-m20iteam,html,2026-10-05
Orbea,Terra [8d0ebc75],Terra M20iTEAM,,gravel,M,M,,173,179,173-179 cm,cm,580,400,"{""1 Seat Tube (C-T)"": ""470"", ""2 Top Tube (EFF)"": ""561"", ""3 Head Tube"": ""153,5"", ""4 Chainstay"": ""430"", ""5 BB Drop"": ""80"", ""6 BB Height"": ""261"", ""7 Wheelbase"": ""1052"", ""8 Head Angle"": ""70"", ""9 Seat Angle"": ""74º"", ""10 Rake"": ""45"", ""11 Standover"": ""743"", ""12 Reach"": ""400"", ""13 Stack"": ""580"", ""14 Fork Length"": ""395"", ""15 Trail"": ""76,2""}",5799,false,https://www.orbea.com/es-es/terra-m20iteam,https://www.orbea.com/en-int/terra-m20iteam,html,2026-10-05
Orbea,Terra [8d0ebc75],Terra M20iTEAM,,gravel,L,L,,180,185,180-185 cm,cm,602,406,"{""1 Seat Tube (C-T)"": ""505"", ""2 Top Tube (EFF)"": ""573"", ""3 Head Tube"": ""175"", ""4 Chainstay"": ""430"", ""5 BB Drop"": ""80"", ""6 BB Height"": ""261"", ""7 Wheelbase"": ""1061"", ""8 Head Angle"": ""70,5"", ""9 Seat Angle"": ""74º"", ""10 Rake"": ""45"", ""11 Standover"": ""772"", ""12 Reach"": ""406"", ""13 Stack"": ""602"", ""14 Fork Length"": ""395"", ""15 Trail"": ""73""}",5799,false,https://www.orbea.com/es-es/terra-m20iteam,https://www.orbea.com/en-int/terra-m20iteam,html,2026-10-05
Orbea,Terra [8d0ebc75],Terra M20iTEAM,,gravel,XL,XL,,186,191,186-191 cm,cm,625,412,"{""1 Seat Tube (C-T)"": ""540"", ""2 Top Tube (EFF)"": ""585"", ""3 Head Tube"": ""198"", ""4 Chainstay"": ""430"", ""5 BB Drop"": ""80"", ""6 BB Height"": ""261"", ""7 Wheelbase"": ""1072"", ""8 Head Angle"": ""70,8"", ""9 Seat Angle"": ""74º"", ""10 Rake"": ""45"", ""11 Standover"": ""801"", ""12 Reach"": ""412"", ""13 Stack"": ""625"", ""14 Fork Length"": ""395"", ""15 Trail"": ""71,4""}",5799,false,https://www.orbea.com/es-es/terra-m20iteam,https://www.orbea.com/en-int/terra-m20iteam,html,2026-10-05
Orbea,Terra [8d0ebc75],Terra M20iTEAM,,gravel,XXL,XXL,,192,207,192-207 cm,cm,645,417,"{""1 Seat Tube (C-T)"": ""575"", ""2 Top Tube (EFF)"": ""596"", ""3 Head Tube"": ""218"", ""4 Chainstay"": ""430"", ""5 BB Drop"": ""80"", ""6 BB Height"": ""261"", ""7 Wheelbase"": ""1081"", ""8 Head Angle"": ""71"", ""9 Seat Angle"": ""74º"", ""10 Rake"": ""45"", ""11 Standover"": ""828"", ""12 Reach"": ""417"", ""13 Stack"": ""645"", ""14 Fork Length"": ""395"", ""15 Trail"": ""69,8""}",5799,false,https://www.orbea.com/es-es/terra-m20iteam,https://www.orbea.com/en-int/terra-m20iteam,html,2026-10-05
Orbea,Terra [8d0ebc75],Terra M31eTEAM 1X,,gravel,XS,XS,,155,166,155-166 cm,cm,535,386,"{""1 Seat Tube (C-T)"": ""410"", ""2 Top Tube (EFF)"": ""535"", ""3 Head Tube"": ""110"", ""4 Chainstay"": ""430"", ""5 BB Drop"": ""80"", ""6 BB Height"": ""261"", ""7 Wheelbase"": ""1031"", ""8 Head Angle"": ""69"", ""9 Seat Angle"": ""74º"", ""10 Rake"": ""45"", ""11 Standover"": ""690"", ""12 Reach"": ""386"", ""13 Stack"": ""535"", ""14 Fork Length"": ""395"", ""15 Trail"": ""82,7""}",4199,false,https://www.orbea.com/es-es/terra-m31eteam-1x,https://www.orbea.com/en-int/terra-m31eteam-1x,html,2026-10-05
Orbea,Terra [8d0ebc75],Terra M31eTEAM 1X,,gravel,S,S,,167,172,167-172 cm,cm,558,392,"{""1 Seat Tube (C-T)"": ""440"", ""2 Top Tube (EFF)"": ""547"", ""3 Head Tube"": ""132,5"", ""4 Chainstay"": ""430"", ""5 BB Drop"": ""80"", ""6 BB Height"": ""261"", ""7 Wheelbase"": ""1041"", ""8 Head Angle"": ""69,5"", ""9 Seat Angle"": ""74º"", ""10 Rake"": ""45"", ""11 Standover"": ""717"", ""12 Reach"": ""392"", ""13 Stack"": ""558"", ""14 Fork Length"": ""395"", ""15 Trail"": ""79,5""}",4199,false,https://www.orbea.com/es-es/terra-m31eteam-1x,https://www.orbea.com/en-int/terra-m31eteam-1x,html,2026-10-05
Orbea,Terra [8d0ebc75],Terra M31eTEAM 1X,,gravel,M,M,,173,179,173-179 cm,cm,580,400,"{""1 Seat Tube (C-T)"": ""470"", ""2 Top Tube (EFF)"": ""561"", ""3 Head Tube"": ""153,5"", ""4 Chainstay"": ""430"", ""5 BB Drop"": ""80"", ""6 BB Height"": ""261"", ""7 Wheelbase"": ""1052"", ""8 Head Angle"": ""70"", ""9 Seat Angle"": ""74º"", ""10 Rake"": ""45"", ""11 Standover"": ""743"", ""12 Reach"": ""400"", ""13 Stack"": ""580"", ""14 Fork Length"": ""395"", ""15 Trail"": ""76,2""}",4199,false,https://www.orbea.com/es-es/terra-m31eteam-1x,https://www.orbea.com/en-int/terra-m31eteam-1x,html,2026-10-05
Orbea,Terra [8d0ebc75],Terra M31eTEAM 1X,,gravel,L,L,,180,185,180-185 cm,cm,602,406,"{""1 Seat Tube (C-T)"": ""505"", ""2 Top Tube (EFF)"": ""573"", ""3 Head Tube"": ""175"", ""4 Chainstay"": ""430"", ""5 BB Drop"": ""80"", ""6 BB Height"": ""261"", ""7 Wheelbase"": ""1061"", ""8 Head Angle"": ""70,5"", ""9 Seat Angle"": ""74º"", ""10 Rake"": ""45"", ""11 Standover"": ""772"", ""12 Reach"": ""406"", ""13 Stack"": ""602"", ""14 Fork Length"": ""395"", ""15 Trail"": ""73""}",4199,false,https://www.orbea.com/es-es/terra-m31eteam-1x,https://www.orbea.com/en-int/terra-m31eteam-1x,html,2026-10-05
Orbea,Terra [8d0ebc75],Terra M31eTEAM 1X,,gravel,XL,XL,,186,191,186-191 cm,cm,625,412,"{""1 Seat Tube (C-T)"": ""540"", ""2 Top Tube (EFF)"": ""585"", ""3 Head Tube"": ""198"", ""4 Chainstay"": ""430"", ""5 BB Drop"": ""80"", ""6 BB Height"": ""261"", ""7 Wheelbase"": ""1072"", ""8 Head Angle"": ""70,8"", ""9 Seat Angle"": ""74º"", ""10 Rake"": ""45"", ""11 Standover"": ""801"", ""12 Reach"": ""412"", ""13 Stack"": ""625"", ""14 Fork Length"": ""395"", ""15 Trail"": ""71,4""}",4199,false,https://www.orbea.com/es-es/terra-m31eteam-1x,https://www.orbea.com/en-int/terra-m31eteam-1x,html,2026-10-05
Orbea,Terra [8d0ebc75],Terra M31eTEAM 1X,,gravel,XXL,XXL,,192,207,192-207 cm,cm,645,417,"{""1 Seat Tube (C-T)"": ""575"", ""2 Top Tube (EFF)"": ""596"", ""3 Head Tube"": ""218"", ""4 Chainstay"": ""430"", ""5 BB Drop"": ""80"", ""6 BB Height"": ""261"", ""7 Wheelbase"": ""1081"", ""8 Head Angle"": ""71"", ""9 Seat Angle"": ""74º"", ""10 Rake"": ""45"", ""11 Standover"": ""828"", ""12 Reach"": ""417"", ""13 Stack"": ""645"", ""14 Fork Length"": ""395"", ""15 Trail"": ""69,8""}",4199,false,https://www.orbea.com/es-es/terra-m31eteam-1x,https://www.orbea.com/en-int/terra-m31eteam-1x,html,2026-10-05
Orbea,Terra [8d0ebc75],Terra M35TEAM,,gravel,XS,XS,,155,166,155-166 cm,cm,535,386,"{""1 Seat Tube (C-T)"": ""410"", ""2 Top Tube (EFF)"": ""535"", ""3 Head Tube"": ""110"", ""4 Chainstay"": ""430"", ""5 BB Drop"": ""80"", ""6 BB Height"": ""261"", ""7 Wheelbase"": ""1031"", ""8 Head Angle"": ""69"", ""9 Seat Angle"": ""74º"", ""10 Rake"": ""45"", ""11 Standover"": ""690"", ""12 Reach"": ""386"", ""13 Stack"": ""535"", ""14 Fork Length"": ""395"", ""15 Trail"": ""82,7""}",3999,false,https://www.orbea.com/es-es/terra-m35team,https://www.orbea.com/en-int/terra-m35team,html,2026-10-05
Orbea,Terra [8d0ebc75],Terra M35TEAM,,gravel,S,S,,167,172,167-172 cm,cm,558,392,"{""1 Seat Tube (C-T)"": ""440"", ""2 Top Tube (EFF)"": ""547"", ""3 Head Tube"": ""132,5"", ""4 Chainstay"": ""430"", ""5 BB Drop"": ""80"", ""6 BB Height"": ""261"", ""7 Wheelbase"": ""1041"", ""8 Head Angle"": ""69,5"", ""9 Seat Angle"": ""74º"", ""10 Rake"": ""45"", ""11 Standover"": ""717"", ""12 Reach"": ""392"", ""13 Stack"": ""558"", ""14 Fork Length"": ""395"", ""15 Trail"": ""79,5""}",3999,false,https://www.orbea.com/es-es/terra-m35team,https://www.orbea.com/en-int/terra-m35team,html,2026-10-05
Orbea,Terra [8d0ebc75],Terra M35TEAM,,gravel,M,M,,173,179,173-179 cm,cm,580,400,"{""1 Seat Tube (C-T)"": ""470"", ""2 Top Tube (EFF)"": ""561"", ""3 Head Tube"": ""153,5"", ""4 Chainstay"": ""430"", ""5 BB Drop"": ""80"", ""6 BB Height"": ""261"", ""7 Wheelbase"": ""1052"", ""8 Head Angle"": ""70"", ""9 Seat Angle"": ""74º"", ""10 Rake"": ""45"", ""11 Standover"": ""743"", ""12 Reach"": ""400"", ""13 Stack"": ""580"", ""14 Fork Length"": ""395"", ""15 Trail"": ""76,2""}",3999,false,https://www.orbea.com/es-es/terra-m35team,https://www.orbea.com/en-int/terra-m35team,html,2026-10-05
Orbea,Terra [8d0ebc75],Terra M35TEAM,,gravel,L,L,,180,185,180-185 cm,cm,602,406,"{""1 Seat Tube (C-T)"": ""505"", ""2 Top Tube (EFF)"": ""573"", ""3 Head Tube"": ""175"", ""4 Chainstay"": ""430"", ""5 BB Drop"": ""80"", ""6 BB Height"": ""261"", ""7 Wheelbase"": ""1061"", ""8 Head Angle"": ""70,5"", ""9 Seat Angle"": ""74º"", ""10 Rake"": ""45"", ""11 Standover"": ""772"", ""12 Reach"": ""406"", ""13 Stack"": ""602"", ""14 Fork Length"": ""395"", ""15 Trail"": ""73""}",3999,false,https://www.orbea.com/es-es/terra-m35team,https://www.orbea.com/en-int/terra-m35team,html,2026-10-05
Orbea,Terra [8d0ebc75],Terra M35TEAM,,gravel,XL,XL,,186,191,186-191 cm,cm,625,412,"{""1 Seat Tube (C-T)"": ""540"", ""2 Top Tube (EFF)"": ""585"", ""3 Head Tube"": ""198"", ""4 Chainstay"": ""430"", ""5 BB Drop"": ""80"", ""6 BB Height"": ""261"", ""7 Wheelbase"": ""1072"", ""8 Head Angle"": ""70,8"", ""9 Seat Angle"": ""74º"", ""10 Rake"": ""45"", ""11 Standover"": ""801"", ""12 Reach"": ""412"", ""13 Stack"": ""625"", ""14 Fork Length"": ""395"", ""15 Trail"": ""71,4""}",3999,false,https://www.orbea.com/es-es/terra-m35team,https://www.orbea.com/en-int/terra-m35team,html,2026-10-05
Orbea,Terra [8d0ebc75],Terra M35TEAM,,gravel,XXL,XXL,,192,207,192-207 cm,cm,645,417,"{""1 Seat Tube (C-T)"": ""575"", ""2 Top Tube (EFF)"": ""596"", ""3 Head Tube"": ""218"", ""4 Chainstay"": ""430"", ""5 BB Drop"": ""80"", ""6 BB Height"": ""261"", ""7 Wheelbase"": ""1081"", ""8 Head Angle"": ""71"", ""9 Seat Angle"": ""74º"", ""10 Rake"": ""45"", ""11 Standover"": ""828"", ""12 Reach"": ""417"", ""13 Stack"": ""645"", ""14 Fork Length"": ""395"", ""15 Trail"": ""69,8""}",3999,false,https://www.orbea.com/es-es/terra-m35team,https://www.orbea.com/en-int/terra-m35team,html,2026-10-05
Orbea,Terra [8d0ebc75],Terra M20TEAM,,gravel,XS,XS,,155,166,155-166 cm,cm,535,386,"{""1 Seat Tube (C-T)"": ""410"", ""2 Top Tube (EFF)"": ""535"", ""3 Head Tube"": ""110"", ""4 Chainstay"": ""430"", ""5 BB Drop"": ""80"", ""6 BB Height"": ""261"", ""7 Wheelbase"": ""1031"", ""8 Head Angle"": ""69"", ""9 Seat Angle"": ""74º"", ""10 Rake"": ""45"", ""11 Standover"": ""690"", ""12 Reach"": ""386"", ""13 Stack"": ""535"", ""14 Fork Length"": ""395"", ""15 Trail"": ""82,7""}",3699,false,https://www.orbea.com/es-es/terra-m20team,https://www.orbea.com/en-int/terra-m20team,html,2026-10-05
Orbea,Terra [8d0ebc75],Terra M20TEAM,,gravel,S,S,,167,172,167-172 cm,cm,558,392,"{""1 Seat Tube (C-T)"": ""440"", ""2 Top Tube (EFF)"": ""547"", ""3 Head Tube"": ""132,5"", ""4 Chainstay"": ""430"", ""5 BB Drop"": ""80"", ""6 BB Height"": ""261"", ""7 Wheelbase"": ""1041"", ""8 Head Angle"": ""69,5"", ""9 Seat Angle"": ""74º"", ""10 Rake"": ""45"", ""11 Standover"": ""717"", ""12 Reach"": ""392"", ""13 Stack"": ""558"", ""14 Fork Length"": ""395"", ""15 Trail"": ""79,5""}",3699,false,https://www.orbea.com/es-es/terra-m20team,https://www.orbea.com/en-int/terra-m20team,html,2026-10-05
Orbea,Terra [8d0ebc75],Terra M20TEAM,,gravel,M,M,,173,179,173-179 cm,cm,580,400,"{""1 Seat Tube (C-T)"": ""470"", ""2 Top Tube (EFF)"": ""561"", ""3 Head Tube"": ""153,5"", ""4 Chainstay"": ""430"", ""5 BB Drop"": ""80"", ""6 BB Height"": ""261"", ""7 Wheelbase"": ""1052"", ""8 Head Angle"": ""70"", ""9 Seat Angle"": ""74º"", ""10 Rake"": ""45"", ""11 Standover"": ""743"", ""12 Reach"": ""400"", ""13 Stack"": ""580"", ""14 Fork Length"": ""395"", ""15 Trail"": ""76,2""}",3699,false,https://www.orbea.com/es-es/terra-m20team,https://www.orbea.com/en-int/terra-m20team,html,2026-10-05
Orbea,Terra [8d0ebc75],Terra M20TEAM,,gravel,L,L,,180,185,180-185 cm,cm,602,406,"{""1 Seat Tube (C-T)"": ""505"", ""2 Top Tube (EFF)"": ""573"", ""3 Head Tube"": ""175"", ""4 Chainstay"": ""430"", ""5 BB Drop"": ""80"", ""6 BB Height"": ""261"", ""7 Wheelbase"": ""1061"", ""8 Head Angle"": ""70,5"", ""9 Seat Angle"": ""74º"", ""10 Rake"": ""45"", ""11 Standover"": ""772"", ""12 Reach"": ""406"", ""13 Stack"": ""602"", ""14 Fork Length"": ""395"", ""15 Trail"": ""73""}",3699,false,https://www.orbea.com/es-es/terra-m20team,https://www.orbea.com/en-int/terra-m20team,html,2026-10-05
Orbea,Terra [8d0ebc75],Terra M20TEAM,,gravel,XL,XL,,186,191,186-191 cm,cm,625,412,"{""1 Seat Tube (C-T)"": ""540"", ""2 Top Tube (EFF)"": ""585"", ""3 Head Tube"": ""198"", ""4 Chainstay"": ""430"", ""5 BB Drop"": ""80"", ""6 BB Height"": ""261"", ""7 Wheelbase"": ""1072"", ""8 Head Angle"": ""70,8"", ""9 Seat Angle"": ""74º"", ""10 Rake"": ""45"", ""11 Standover"": ""801"", ""12 Reach"": ""412"", ""13 Stack"": ""625"", ""14 Fork Length"": ""395"", ""15 Trail"": ""71,4""}",3699,false,https://www.orbea.com/es-es/terra-m20team,https://www.orbea.com/en-int/terra-m20team,html,2026-10-05
Orbea,Terra [8d0ebc75],Terra M20TEAM,,gravel,XXL,XXL,,192,207,192-207 cm,cm,645,417,"{""1 Seat Tube (C-T)"": ""575"", ""2 Top Tube (EFF)"": ""596"", ""3 Head Tube"": ""218"", ""4 Chainstay"": ""430"", ""5 BB Drop"": ""80"", ""6 BB Height"": ""261"", ""7 Wheelbase"": ""1081"", ""8 Head Angle"": ""71"", ""9 Seat Angle"": ""74º"", ""10 Rake"": ""45"", ""11 Standover"": ""828"", ""12 Reach"": ""417"", ""13 Stack"": ""645"", ""14 Fork Length"": ""395"", ""15 Trail"": ""69,8""}",3699,false,https://www.orbea.com/es-es/terra-m20team,https://www.orbea.com/en-int/terra-m20team,html,2026-10-05
Orbea,Terra [8d0ebc75],Terra M30TEAM,,gravel,XS,XS,,155,166,155-166 cm,cm,535,386,"{""1 Seat Tube (C-T)"": ""410"", ""2 Top Tube (EFF)"": ""535"", ""3 Head Tube"": ""110"", ""4 Chainstay"": ""430"", ""5 BB Drop"": ""80"", ""6 BB Height"": ""261"", ""7 Wheelbase"": ""1031"", ""8 Head Angle"": ""69"", ""9 Seat Angle"": ""74º"", ""10 Rake"": ""45"", ""11 Standover"": ""690"", ""12 Reach"": ""386"", ""13 Stack"": ""535"", ""14 Fork Length"": ""395"", ""15 Trail"": ""82,7""}",2999,false,https://www.orbea.com/es-es/terra-m30team,https://www.orbea.com/en-int/terra-m30team,html,2026-10-05
Orbea,Terra [8d0ebc75],Terra M30TEAM,,gravel,S,S,,167,172,167-172 cm,cm,558,392,"{""1 Seat Tube (C-T)"": ""440"", ""2 Top Tube (EFF)"": ""547"", ""3 Head Tube"": ""132,5"", ""4 Chainstay"": ""430"", ""5 BB Drop"": ""80"", ""6 BB Height"": ""261"", ""7 Wheelbase"": ""1041"", ""8 Head Angle"": ""69,5"", ""9 Seat Angle"": ""74º"", ""10 Rake"": ""45"", ""11 Standover"": ""717"", ""12 Reach"": ""392"", ""13 Stack"": ""558"", ""14 Fork Length"": ""395"", ""15 Trail"": ""79,5""}",2999,false,https://www.orbea.com/es-es/terra-m30team,https://www.orbea.com/en-int/terra-m30team,html,2026-10-05
Orbea,Terra [8d0ebc75],Terra M30TEAM,,gravel,M,M,,173,179,173-179 cm,cm,580,400,"{""1 Seat Tube (C-T)"": ""470"", ""2 Top Tube (EFF)"": ""561"", ""3 Head Tube"": ""153,5"", ""4 Chainstay"": ""430"", ""5 BB Drop"": ""80"", ""6 BB Height"": ""261"", ""7 Wheelbase"": ""1052"", ""8 Head Angle"": ""70"", ""9 Seat Angle"": ""74º"", ""10 Rake"": ""45"", ""11 Standover"": ""743"", ""12 Reach"": ""400"", ""13 Stack"": ""580"", ""14 Fork Length"": ""395"", ""15 Trail"": ""76,2""}",2999,false,https://www.orbea.com/es-es/terra-m30team,https://www.orbea.com/en-int/terra-m30team,html,2026-10-05
Orbea,Terra [8d0ebc75],Terra M30TEAM,,gravel,L,L,,180,185,180-185 cm,cm,602,406,"{""1 Seat Tube (C-T)"": ""505"", ""2 Top Tube (EFF)"": ""573"", ""3 Head Tube"": ""175"", ""4 Chainstay"": ""430"", ""5 BB Drop"": ""80"", ""6 BB Height"": ""261"", ""7 Wheelbase"": ""1061"", ""8 Head Angle"": ""70,5"", ""9 Seat Angle"": ""74º"", ""10 Rake"": ""45"", ""11 Standover"": ""772"", ""12 Reach"": ""406"", ""13 Stack"": ""602"", ""14 Fork Length"": ""395"", ""15 Trail"": ""73""}",2999,false,https://www.orbea.com/es-es/terra-m30team,https://www.orbea.com/en-int/terra-m30team,html,2026-10-05
Orbea,Terra [8d0ebc75],Terra M30TEAM,,gravel,XL,XL,,186,191,186-191 cm,cm,625,412,"{""1 Seat Tube (C-T)"": ""540"", ""2 Top Tube (EFF)"": ""585"", ""3 Head Tube"": ""198"", ""4 Chainstay"": ""430"", ""5 BB Drop"": ""80"", ""6 BB Height"": ""261"", ""7 Wheelbase"": ""1072"", ""8 Head Angle"": ""70,8"", ""9 Seat Angle"": ""74º"", ""10 Rake"": ""45"", ""11 Standover"": ""801"", ""12 Reach"": ""412"", ""13 Stack"": ""625"", ""14 Fork Length"": ""395"", ""15 Trail"": ""71,4""}",2999,false,https://www.orbea.com/es-es/terra-m30team,https://www.orbea.com/en-int/terra-m30team,html,2026-10-05
Orbea,Terra [8d0ebc75],Terra M30TEAM,,gravel,XXL,XXL,,192,207,192-207 cm,cm,645,417,"{""1 Seat Tube (C-T)"": ""575"", ""2 Top Tube (EFF)"": ""596"", ""3 Head Tube"": ""218"", ""4 Chainstay"": ""430"", ""5 BB Drop"": ""80"", ""6 BB Height"": ""261"", ""7 Wheelbase"": ""1081"", ""8 Head Angle"": ""71"", ""9 Seat Angle"": ""74º"", ""10 Rake"": ""45"", ""11 Standover"": ""828"", ""12 Reach"": ""417"", ""13 Stack"": ""645"", ""14 Fork Length"": ""395"", ""15 Trail"": ""69,8""}",2999,false,https://www.orbea.com/es-es/terra-m30team,https://www.orbea.com/en-int/terra-m30team,html,2026-10-05
Orbea,Terra [8d0ebc75],Terra M30TEAM 1X,,gravel,XS,XS,,155,166,155-166 cm,cm,535,386,"{""1 Seat Tube (C-T)"": ""410"", ""2 Top Tube (EFF)"": ""535"", ""3 Head Tube"": ""110"", ""4 Chainstay"": ""430"", ""5 BB Drop"": ""80"", ""6 BB Height"": ""261"", ""7 Wheelbase"": ""1031"", ""8 Head Angle"": ""69"", ""9 Seat Angle"": ""74º"", ""10 Rake"": ""45"", ""11 Standover"": ""690"", ""12 Reach"": ""386"", ""13 Stack"": ""535"", ""14 Fork Length"": ""395"", ""15 Trail"": ""82,7""}",2999,false,https://www.orbea.com/es-es/terra-m30team-1x,https://www.orbea.com/en-int/terra-m30team-1x,html,2026-10-05
Orbea,Terra [8d0ebc75],Terra M30TEAM 1X,,gravel,S,S,,167,172,167-172 cm,cm,558,392,"{""1 Seat Tube (C-T)"": ""440"", ""2 Top Tube (EFF)"": ""547"", ""3 Head Tube"": ""132,5"", ""4 Chainstay"": ""430"", ""5 BB Drop"": ""80"", ""6 BB Height"": ""261"", ""7 Wheelbase"": ""1041"", ""8 Head Angle"": ""69,5"", ""9 Seat Angle"": ""74º"", ""10 Rake"": ""45"", ""11 Standover"": ""717"", ""12 Reach"": ""392"", ""13 Stack"": ""558"", ""14 Fork Length"": ""395"", ""15 Trail"": ""79,5""}",2999,false,https://www.orbea.com/es-es/terra-m30team-1x,https://www.orbea.com/en-int/terra-m30team-1x,html,2026-10-05
Orbea,Terra [8d0ebc75],Terra M30TEAM 1X,,gravel,M,M,,173,179,173-179 cm,cm,580,400,"{""1 Seat Tube (C-T)"": ""470"", ""2 Top Tube (EFF)"": ""561"", ""3 Head Tube"": ""153,5"", ""4 Chainstay"": ""430"", ""5 BB Drop"": ""80"", ""6 BB Height"": ""261"", ""7 Wheelbase"": ""1052"", ""8 Head Angle"": ""70"", ""9 Seat Angle"": ""74º"", ""10 Rake"": ""45"", ""11 Standover"": ""743"", ""12 Reach"": ""400"", ""13 Stack"": ""580"", ""14 Fork Length"": ""395"", ""15 Trail"": ""76,2""}",2999,false,https://www.orbea.com/es-es/terra-m30team-1x,https://www.orbea.com/en-int/terra-m30team-1x,html,2026-10-05
Orbea,Terra [8d0ebc75],Terra M30TEAM 1X,,gravel,L,L,,180,185,180-185 cm,cm,602,406,"{""1 Seat Tube (C-T)"": ""505"", ""2 Top Tube (EFF)"": ""573"", ""3 Head Tube"": ""175"", ""4 Chainstay"": ""430"", ""5 BB Drop"": ""80"", ""6 BB Height"": ""261"", ""7 Wheelbase"": ""1061"", ""8 Head Angle"": ""70,5"", ""9 Seat Angle"": ""74º"", ""10 Rake"": ""45"", ""11 Standover"": ""772"", ""12 Reach"": ""406"", ""13 Stack"": ""602"", ""14 Fork Length"": ""395"", ""15 Trail"": ""73""}",2999,false,https://www.orbea.com/es-es/terra-m30team-1x,https://www.orbea.com/en-int/terra-m30team-1x,html,2026-10-05
Orbea,Terra [8d0ebc75],Terra M30TEAM 1X,,gravel,XL,XL,,186,191,186-191 cm,cm,625,412,"{""1 Seat Tube (C-T)"": ""540"", ""2 Top Tube (EFF)"": ""585"", ""3 Head Tube"": ""198"", ""4 Chainstay"": ""430"", ""5 BB Drop"": ""80"", ""6 BB Height"": ""261"", ""7 Wheelbase"": ""1072"", ""8 Head Angle"": ""70,8"", ""9 Seat Angle"": ""74º"", ""10 Rake"": ""45"", ""11 Standover"": ""801"", ""12 Reach"": ""412"", ""13 Stack"": ""625"", ""14 Fork Length"": ""395"", ""15 Trail"": ""71,4""}",2999,false,https://www.orbea.com/es-es/terra-m30team-1x,https://www.orbea.com/en-int/terra-m30team-1x,html,2026-10-05
Orbea,Terra [8d0ebc75],Terra M30TEAM 1X,,gravel,XXL,XXL,,192,207,192-207 cm,cm,645,417,"{""1 Seat Tube (C-T)"": ""575"", ""2 Top Tube (EFF)"": ""596"", ""3 Head Tube"": ""218"", ""4 Chainstay"": ""430"", ""5 BB Drop"": ""80"", ""6 BB Height"": ""261"", ""7 Wheelbase"": ""1081"", ""8 Head Angle"": ""71"", ""9 Seat Angle"": ""74º"", ""10 Rake"": ""45"", ""11 Standover"": ""828"", ""12 Reach"": ""417"", ""13 Stack"": ""645"", ""14 Fork Length"": ""395"", ""15 Trail"": ""69,8""}",2999,false,https://www.orbea.com/es-es/terra-m30team-1x,https://www.orbea.com/en-int/terra-m30team-1x,html,2026-10-05
Orbea,Terra [04162f26],Terra H30,,gravel,XS,XS,,155,166,155-166 cm,cm,535,386,"{""Seat Tube (C-T)"": ""410"", ""Top Tube (EFF)"": ""535"", ""Head Tube"": ""110"", ""Chainstay"": ""430"", ""BB Drop"": ""80"", ""BB Height"": ""261"", ""Wheelbase"": ""1031"", ""Head Angle"": ""69"", ""Seat Angle"": ""74"", ""Rake"": ""45"", ""Standover"": ""690"", ""Reach"": ""386"", ""Stack"": ""535"", ""Fork Length"": ""395""}",1999,false,https://www.orbea.com/es-es/terra-h30,https://www.orbea.com/en-int/terra-h30,json,2026-10-05
Orbea,Terra [04162f26],Terra H30,,gravel,S,S,,167,172,167-172 cm,cm,558,392,"{""Seat Tube (C-T)"": ""440"", ""Top Tube (EFF)"": ""547"", ""Head Tube"": ""132,5"", ""Chainstay"": ""430"", ""BB Drop"": ""80"", ""BB Height"": ""261"", ""Wheelbase"": ""1041"", ""Head Angle"": ""69,5"", ""Seat Angle"": ""74"", ""Rake"": ""45"", ""Standover"": ""717"", ""Reach"": ""392"", ""Stack"": ""558"", ""Fork Length"": ""395""}",1999,false,https://www.orbea.com/es-es/terra-h30,https://www.orbea.com/en-int/terra-h30,json,2026-10-05
Orbea,Terra [04162f26],Terra H30,,gravel,M,M,,173,179,173-179 cm,cm,580,400,"{""Seat Tube (C-T)"": ""470"", ""Top Tube (EFF)"": ""561"", ""Head Tube"": ""153,5"", ""Chainstay"": ""430"", ""BB Drop"": ""80"", ""BB Height"": ""261"", ""Wheelbase"": ""1052"", ""Head Angle"": ""70"", ""Seat Angle"": ""74"", ""Rake"": ""45"", ""Standover"": ""743"", ""Reach"": ""400"", ""Stack"": ""580"", ""Fork Length"": ""395""}",1999,false,https://www.orbea.com/es-es/terra-h30,https://www.orbea.com/en-int/terra-h30,json,2026-10-05
Orbea,Terra [04162f26],Terra H30,,gravel,L,L,,180,185,180-185 cm,cm,602,406,"{""Seat Tube (C-T)"": ""505"", ""Top Tube (EFF)"": ""573"", ""Head Tube"": ""175"", ""Chainstay"": ""430"", ""BB Drop"": ""80"", ""BB Height"": ""261"", ""Wheelbase"": ""1061"", ""Head Angle"": ""70,5"", ""Seat Angle"": ""74"", ""Rake"": ""45"", ""Standover"": ""772"", ""Reach"": ""406"", ""Stack"": ""602"", ""Fork Length"": ""395""}",1999,false,https://www.orbea.com/es-es/terra-h30,https://www.orbea.com/en-int/terra-h30,json,2026-10-05
Orbea,Terra [04162f26],Terra H30,,gravel,XL,XL,,186,191,186-191 cm,cm,625,412,"{""Seat Tube (C-T)"": ""540"", ""Top Tube (EFF)"": ""585"", ""Head Tube"": ""198"", ""Chainstay"": ""430"", ""BB Drop"": ""80"", ""BB Height"": ""261"", ""Wheelbase"": ""1072"", ""Head Angle"": ""70,8"", ""Seat Angle"": ""74"", ""Rake"": ""45"", ""Standover"": ""801"", ""Reach"": ""412"", ""Stack"": ""625"", ""Fork Length"": ""395""}",1999,false,https://www.orbea.com/es-es/terra-h30,https://www.orbea.com/en-int/terra-h30,json,2026-10-05
Orbea,Terra [04162f26],Terra H30,,gravel,XXL,XXL,,192,207,192-207 cm,cm,645,417,"{""Seat Tube (C-T)"": ""575"", ""Top Tube (EFF)"": ""596"", ""Head Tube"": ""218"", ""Chainstay"": ""430"", ""BB Drop"": ""80"", ""BB Height"": ""261"", ""Wheelbase"": ""1081"", ""Head Angle"": ""71"", ""Seat Angle"": ""74"", ""Rake"": ""45"", ""Standover"": ""828"", ""Reach"": ""417"", ""Stack"": ""645"", ""Fork Length"": ""395""}",1999,false,https://www.orbea.com/es-es/terra-h30,https://www.orbea.com/en-int/terra-h30,json,2026-10-05
Orbea,Terra [04162f26],Terra H30 1X,,gravel,XS,XS,,155,166,155-166 cm,cm,535,386,"{""Seat Tube (C-T)"": ""410"", ""Top Tube (EFF)"": ""535"", ""Head Tube"": ""110"", ""Chainstay"": ""430"", ""BB Drop"": ""80"", ""BB Height"": ""261"", ""Wheelbase"": ""1031"", ""Head Angle"": ""69"", ""Seat Angle"": ""74"", ""Rake"": ""45"", ""Standover"": ""690"", ""Reach"": ""386"", ""Stack"": ""535"", ""Fork Length"": ""395""}",1999,false,https://www.orbea.com/es-es/terra-h30-1x,https://www.orbea.com/en-int/terra-h30-1x,json,2026-10-05
Orbea,Terra [04162f26],Terra H30 1X,,gravel,S,S,,167,172,167-172 cm,cm,558,392,"{""Seat Tube (C-T)"": ""440"", ""Top Tube (EFF)"": ""547"", ""Head Tube"": ""132,5"", ""Chainstay"": ""430"", ""BB Drop"": ""80"", ""BB Height"": ""261"", ""Wheelbase"": ""1041"", ""Head Angle"": ""69,5"", ""Seat Angle"": ""74"", ""Rake"": ""45"", ""Standover"": ""717"", ""Reach"": ""392"", ""Stack"": ""558"", ""Fork Length"": ""395""}",1999,false,https://www.orbea.com/es-es/terra-h30-1x,https://www.orbea.com/en-int/terra-h30-1x,json,2026-10-05
Orbea,Terra [04162f26],Terra H30 1X,,gravel,M,M,,173,179,173-179 cm,cm,580,400,"{""Seat Tube (C-T)"": ""470"", ""Top Tube (EFF)"": ""561"", ""Head Tube"": ""153,5"", ""Chainstay"": ""430"", ""BB Drop"": ""80"", ""BB Height"": ""261"", ""Wheelbase"": ""1052"", ""Head Angle"": ""70"", ""Seat Angle"": ""74"", ""Rake"": ""45"", ""Standover"": ""743"", ""Reach"": ""400"", ""Stack"": ""580"", ""Fork Length"": ""395""}",1999,false,https://www.orbea.com/es-es/terra-h30-1x,https://www.orbea.com/en-int/terra-h30-1x,json,2026-10-05
Orbea,Terra [04162f26],Terra H30 1X,,gravel,L,L,,180,185,180-185 cm,cm,602,406,"{""Seat Tube (C-T)"": ""505"", ""Top Tube (EFF)"": ""573"", ""Head Tube"": ""175"", ""Chainstay"": ""430"", ""BB Drop"": ""80"", ""BB Height"": ""261"", ""Wheelbase"": ""1061"", ""Head Angle"": ""70,5"", ""Seat Angle"": ""74"", ""Rake"": ""45"", ""Standover"": ""772"", ""Reach"": ""406"", ""Stack"": ""602"", ""Fork Length"": ""395""}",1999,false,https://www.orbea.com/es-es/terra-h30-1x,https://www.orbea.com/en-int/terra-h30-1x,json,2026-10-05
Orbea,Terra [04162f26],Terra H30 1X,,gravel,XL,XL,,186,191,186-191 cm,cm,625,412,"{""Seat Tube (C-T)"": ""540"", ""Top Tube (EFF)"": ""585"", ""Head Tube"": ""198"", ""Chainstay"": ""430"", ""BB Drop"": ""80"", ""BB Height"": ""261"", ""Wheelbase"": ""1072"", ""Head Angle"": ""70,8"", ""Seat Angle"": ""74"", ""Rake"": ""45"", ""Standover"": ""801"", ""Reach"": ""412"", ""Stack"": ""625"", ""Fork Length"": ""395""}",1999,false,https://www.orbea.com/es-es/terra-h30-1x,https://www.orbea.com/en-int/terra-h30-1x,json,2026-10-05
Orbea,Terra [04162f26],Terra H30 1X,,gravel,XXL,XXL,,192,207,192-207 cm,cm,645,417,"{""Seat Tube (C-T)"": ""575"", ""Top Tube (EFF)"": ""596"", ""Head Tube"": ""218"", ""Chainstay"": ""430"", ""BB Drop"": ""80"", ""BB Height"": ""261"", ""Wheelbase"": ""1081"", ""Head Angle"": ""71"", ""Seat Angle"": ""74"", ""Rake"": ""45"", ""Standover"": ""828"", ""Reach"": ""417"", ""Stack"": ""645"", ""Fork Length"": ""395""}",1999,false,https://www.orbea.com/es-es/terra-h30-1x,https://www.orbea.com/en-int/terra-h30-1x,json,2026-10-05
Orbea,Terra [04162f26],Terra H40 1X,,gravel,XS,XS,,155,166,155-166 cm,cm,535,386,"{""Seat Tube (C-T)"": ""410"", ""Top Tube (EFF)"": ""535"", ""Head Tube"": ""110"", ""Chainstay"": ""430"", ""BB Drop"": ""80"", ""BB Height"": ""261"", ""Wheelbase"": ""1031"", ""Head Angle"": ""69"", ""Seat Angle"": ""74"", ""Rake"": ""45"", ""Standover"": ""690"", ""Reach"": ""386"", ""Stack"": ""535"", ""Fork Length"": ""395""}",1799,false,https://www.orbea.com/es-es/terra-h40-1x,https://www.orbea.com/en-int/terra-h40-1x,json,2026-10-05
Orbea,Terra [04162f26],Terra H40 1X,,gravel,S,S,,167,172,167-172 cm,cm,558,392,"{""Seat Tube (C-T)"": ""440"", ""Top Tube (EFF)"": ""547"", ""Head Tube"": ""132,5"", ""Chainstay"": ""430"", ""BB Drop"": ""80"", ""BB Height"": ""261"", ""Wheelbase"": ""1041"", ""Head Angle"": ""69,5"", ""Seat Angle"": ""74"", ""Rake"": ""45"", ""Standover"": ""717"", ""Reach"": ""392"", ""Stack"": ""558"", ""Fork Length"": ""395""}",1799,false,https://www.orbea.com/es-es/terra-h40-1x,https://www.orbea.com/en-int/terra-h40-1x,json,2026-10-05
Orbea,Terra [04162f26],Terra H40 1X,,gravel,M,M,,173,179,173-179 cm,cm,580,400,"{""Seat Tube (C-T)"": ""470"", ""Top Tube (EFF)"": ""561"", ""Head Tube"": ""153,5"", ""Chainstay"": ""430"", ""BB Drop"": ""80"", ""BB Height"": ""261"", ""Wheelbase"": ""1052"", ""Head Angle"": ""70"", ""Seat Angle"": ""74"", ""Rake"": ""45"", ""Standover"": ""743"", ""Reach"": ""400"", ""Stack"": ""580"", ""Fork Length"": ""395""}",1799,false,https://www.orbea.com/es-es/terra-h40-1x,https://www.orbea.com/en-int/terra-h40-1x,json,2026-10-05
Orbea,Terra [04162f26],Terra H40 1X,,gravel,L,L,,180,185,180-185 cm,cm,602,406,"{""Seat Tube (C-T)"": ""505"", ""Top Tube (EFF)"": ""573"", ""Head Tube"": ""175"", ""Chainstay"": ""430"", ""BB Drop"": ""80"", ""BB Height"": ""261"", ""Wheelbase"": ""1061"", ""Head Angle"": ""70,5"", ""Seat Angle"": ""74"", ""Rake"": ""45"", ""Standover"": ""772"", ""Reach"": ""406"", ""Stack"": ""602"", ""Fork Length"": ""395""}",1799,false,https://www.orbea.com/es-es/terra-h40-1x,https://www.orbea.com/en-int/terra-h40-1x,json,2026-10-05
Orbea,Terra [04162f26],Terra H40 1X,,gravel,XL,XL,,186,191,186-191 cm,cm,625,412,"{""Seat Tube (C-T)"": ""540"", ""Top Tube (EFF)"": ""585"", ""Head Tube"": ""198"", ""Chainstay"": ""430"", ""BB Drop"": ""80"", ""BB Height"": ""261"", ""Wheelbase"": ""1072"", ""Head Angle"": ""70,8"", ""Seat Angle"": ""74"", ""Rake"": ""45"", ""Standover"": ""801"", ""Reach"": ""412"", ""Stack"": ""625"", ""Fork Length"": ""395""}",1799,false,https://www.orbea.com/es-es/terra-h40-1x,https://www.orbea.com/en-int/terra-h40-1x,json,2026-10-05
Orbea,Terra [04162f26],Terra H40 1X,,gravel,XXL,XXL,,192,207,192-207 cm,cm,645,417,"{""Seat Tube (C-T)"": ""575"", ""Top Tube (EFF)"": ""596"", ""Head Tube"": ""218"", ""Chainstay"": ""430"", ""BB Drop"": ""80"", ""BB Height"": ""261"", ""Wheelbase"": ""1081"", ""Head Angle"": ""71"", ""Seat Angle"": ""74"", ""Rake"": ""45"", ""Standover"": ""828"", ""Reach"": ""417"", ""Stack"": ""645"", ""Fork Length"": ""395""}",1799,false,https://www.orbea.com/es-es/terra-h40-1x,https://www.orbea.com/en-int/terra-h40-1x,json,2026-10-05
Orbea,Terra [04162f26],Terra H40,,gravel,XS,XS,,155,166,155-166 cm,cm,535,386,"{""Seat Tube (C-T)"": ""410"", ""Top Tube (EFF)"": ""535"", ""Head Tube"": ""110"", ""Chainstay"": ""430"", ""BB Drop"": ""80"", ""BB Height"": ""261"", ""Wheelbase"": ""1031"", ""Head Angle"": ""69"", ""Seat Angle"": ""74"", ""Rake"": ""45"", ""Standover"": ""690"", ""Reach"": ""386"", ""Stack"": ""535"", ""Fork Length"": ""395""}",1799,false,https://www.orbea.com/es-es/terra-h40,https://www.orbea.com/en-int/terra-h40,json,2026-10-05
Orbea,Terra [04162f26],Terra H40,,gravel,S,S,,167,172,167-172 cm,cm,558,392,"{""Seat Tube (C-T)"": ""440"", ""Top Tube (EFF)"": ""547"", ""Head Tube"": ""132,5"", ""Chainstay"": ""430"", ""BB Drop"": ""80"", ""BB Height"": ""261"", ""Wheelbase"": ""1041"", ""Head Angle"": ""69,5"", ""Seat Angle"": ""74"", ""Rake"": ""45"", ""Standover"": ""717"", ""Reach"": ""392"", ""Stack"": ""558"", ""Fork Length"": ""395""}",1799,false,https://www.orbea.com/es-es/terra-h40,https://www.orbea.com/en-int/terra-h40,json,2026-10-05
Orbea,Terra [04162f26],Terra H40,,gravel,M,M,,173,179,173-179 cm,cm,580,400,"{""Seat Tube (C-T)"": ""470"", ""Top Tube (EFF)"": ""561"", ""Head Tube"": ""153,5"", ""Chainstay"": ""430"", ""BB Drop"": ""80"", ""BB Height"": ""261"", ""Wheelbase"": ""1052"", ""Head Angle"": ""70"", ""Seat Angle"": ""74"", ""Rake"": ""45"", ""Standover"": ""743"", ""Reach"": ""400"", ""Stack"": ""580"", ""Fork Length"": ""395""}",1799,false,https://www.orbea.com/es-es/terra-h40,https://www.orbea.com/en-int/terra-h40,json,2026-10-05
Orbea,Terra [04162f26],Terra H40,,gravel,L,L,,180,185,180-185 cm,cm,602,406,"{""Seat Tube (C-T)"": ""505"", ""Top Tube (EFF)"": ""573"", ""Head Tube"": ""175"", ""Chainstay"": ""430"", ""BB Drop"": ""80"", ""BB Height"": ""261"", ""Wheelbase"": ""1061"", ""Head Angle"": ""70,5"", ""Seat Angle"": ""74"", ""Rake"": ""45"", ""Standover"": ""772"", ""Reach"": ""406"", ""Stack"": ""602"", ""Fork Length"": ""395""}",1799,false,https://www.orbea.com/es-es/terra-h40,https://www.orbea.com/en-int/terra-h40,json,2026-10-05
Orbea,Terra [04162f26],Terra H40,,gravel,XL,XL,,186,191,186-191 cm,cm,625,412,"{""Seat Tube (C-T)"": ""540"", ""Top Tube (EFF)"": ""585"", ""Head Tube"": ""198"", ""Chainstay"": ""430"", ""BB Drop"": ""80"", ""BB Height"": ""261"", ""Wheelbase"": ""1072"", ""Head Angle"": ""70,8"", ""Seat Angle"": ""74"", ""Rake"": ""45"", ""Standover"": ""801"", ""Reach"": ""412"", ""Stack"": ""625"", ""Fork Length"": ""395""}",1799,false,https://www.orbea.com/es-es/terra-h40,https://www.orbea.com/en-int/terra-h40,json,2026-10-05
Orbea,Terra [04162f26],Terra H40,,gravel,XXL,XXL,,192,207,192-207 cm,cm,645,417,"{""Seat Tube (C-T)"": ""575"", ""Top Tube (EFF)"": ""596"", ""Head Tube"": ""218"", ""Chainstay"": ""430"", ""BB Drop"": ""80"", ""BB Height"": ""261"", ""Wheelbase"": ""1081"", ""Head Angle"": ""71"", ""Seat Angle"": ""74"", ""Rake"": ""45"", ""Standover"": ""828"", ""Reach"": ""417"", ""Stack"": ""645"", ""Fork Length"": ""395""}",1799,false,https://www.orbea.com/es-es/terra-h40,https://www.orbea.com/en-int/terra-h40,json,2026-10-05
Orbea,Terra [04162f26],Terra H50,,gravel,XS,XS,,155,166,155-166 cm,cm,535,386,"{""Seat Tube (C-T)"": ""410"", ""Top Tube (EFF)"": ""535"", ""Head Tube"": ""110"", ""Chainstay"": ""430"", ""BB Drop"": ""80"", ""BB Height"": ""261"", ""Wheelbase"": ""1031"", ""Head Angle"": ""69"", ""Seat Angle"": ""74"", ""Rake"": ""45"", ""Standover"": ""690"", ""Reach"": ""386"", ""Stack"": ""535"", ""Fork Length"": ""395""}",1699,false,https://www.orbea.com/es-es/terra-h50,https://www.orbea.com/en-int/terra-h50,json,2026-10-05
Orbea,Terra [04162f26],Terra H50,,gravel,S,S,,167,172,167-172 cm,cm,558,392,"{""Seat Tube (C-T)"": ""440"", ""Top Tube (EFF)"": ""547"", ""Head Tube"": ""132,5"", ""Chainstay"": ""430"", ""BB Drop"": ""80"", ""BB Height"": ""261"", ""Wheelbase"": ""1041"", ""Head Angle"": ""69,5"", ""Seat Angle"": ""74"", ""Rake"": ""45"", ""Standover"": ""717"", ""Reach"": ""392"", ""Stack"": ""558"", ""Fork Length"": ""395""}",1699,false,https://www.orbea.com/es-es/terra-h50,https://www.orbea.com/en-int/terra-h50,json,2026-10-05
Orbea,Terra [04162f26],Terra H50,,gravel,M,M,,173,179,173-179 cm,cm,580,400,"{""Seat Tube (C-T)"": ""470"", ""Top Tube (EFF)"": ""561"", ""Head Tube"": ""153,5"", ""Chainstay"": ""430"", ""BB Drop"": ""80"", ""BB Height"": ""261"", ""Wheelbase"": ""1052"", ""Head Angle"": ""70"", ""Seat Angle"": ""74"", ""Rake"": ""45"", ""Standover"": ""743"", ""Reach"": ""400"", ""Stack"": ""580"", ""Fork Length"": ""395""}",1699,false,https://www.orbea.com/es-es/terra-h50,https://www.orbea.com/en-int/terra-h50,json,2026-10-05
Orbea,Terra [04162f26],Terra H50,,gravel,L,L,,180,185,180-185 cm,cm,602,406,"{""Seat Tube (C-T)"": ""505"", ""Top Tube (EFF)"": ""573"", ""Head Tube"": ""175"", ""Chainstay"": ""430"", ""BB Drop"": ""80"", ""BB Height"": ""261"", ""Wheelbase"": ""1061"", ""Head Angle"": ""70,5"", ""Seat Angle"": ""74"", ""Rake"": ""45"", ""Standover"": ""772"", ""Reach"": ""406"", ""Stack"": ""602"", ""Fork Length"": ""395""}",1699,false,https://www.orbea.com/es-es/terra-h50,https://www.orbea.com/en-int/terra-h50,json,2026-10-05
Orbea,Terra [04162f26],Terra H50,,gravel,XL,XL,,186,191,186-191 cm,cm,625,412,"{""Seat Tube (C-T)"": ""540"", ""Top Tube (EFF)"": ""585"", ""Head Tube"": ""198"", ""Chainstay"": ""430"", ""BB Drop"": ""80"", ""BB Height"": ""261"", ""Wheelbase"": ""1072"", ""Head Angle"": ""70,8"", ""Seat Angle"": ""74"", ""Rake"": ""45"", ""Standover"": ""801"", ""Reach"": ""412"", ""Stack"": ""625"", ""Fork Length"": ""395""}",1699,false,https://www.orbea.com/es-es/terra-h50,https://www.orbea.com/en-int/terra-h50,json,2026-10-05
Orbea,Terra [04162f26],Terra H50,,gravel,XXL,XXL,,192,207,192-207 cm,cm,645,417,"{""Seat Tube (C-T)"": ""575"", ""Top Tube (EFF)"": ""596"", ""Head Tube"": ""218"", ""Chainstay"": ""430"", ""BB Drop"": ""80"", ""BB Height"": ""261"", ""Wheelbase"": ""1081"", ""Head Angle"": ""71"", ""Seat Angle"": ""74"", ""Rake"": ""45"", ""Standover"": ""828"", ""Reach"": ""417"", ""Stack"": ""645"", ""Fork Length"": ""395""}",1699,false,https://www.orbea.com/es-es/terra-h50,https://www.orbea.com/en-int/terra-h50,json,2026-10-05
Orbea,Oiz [693d4684],Oiz M-LTD,,mtb,S,S,,155,170,155-170 cm,cm,595.5,425,"{""Seat Tube (C-T)"": ""405"", ""Top Tube (EFF)"": ""563,1"", ""Head Tube"": ""90"", ""Chainstay"": ""430"", ""BB Drop"": ""42"", ""BB Height"": ""334,5"", ""Wheelbase"": ""1138"", ""Head Angle"": ""66,8"", ""Seat Angle"": ""77"", ""Rake"": ""44"", ""Standover"": ""773"", ""Reach"": ""425"", ""Stack"": ""595,5"", ""Fork Length"": ""530""}",10999,false,https://www.orbea.com/es-es/oiz-m-ltd,https://www.orbea.com/en-int/oiz-m-ltd,json,2026-10-05
Orbea,Oiz [693d4684],Oiz M-LTD,,mtb,M,M,,165,180,165-180 cm,cm,595.5,450,"{""Seat Tube (C-T)"": ""430"", ""Top Tube (EFF)"": ""590,8"", ""Head Tube"": ""90"", ""Chainstay"": ""430"", ""BB Drop"": ""42"", ""BB Height"": ""334,5"", ""Wheelbase"": ""1163"", ""Head Angle"": ""66,8"", ""Seat Angle"": ""76,7"", ""Rake"": ""44"", ""Standover"": ""775"", ""Reach"": ""450"", ""Stack"": ""595,5"", ""Fork Length"": ""530""}",10999,false,https://www.orbea.com/es-es/oiz-m-ltd,https://www.orbea.com/en-int/oiz-m-ltd,json,2026-10-05
Orbea,Oiz [693d4684],Oiz M-LTD,,mtb,L,L,,178,190,178-190 cm,cm,604.5,472,"{""Seat Tube (C-T)"": ""455"", ""Top Tube (EFF)"": ""615,7"", ""Head Tube"": ""100"", ""Chainstay"": ""430"", ""BB Drop"": ""42"", ""BB Height"": ""334,5"", ""Wheelbase"": ""1189"", ""Head Angle"": ""66,8"", ""Seat Angle"": ""76,6"", ""Rake"": ""44"", ""Standover"": ""779"", ""Reach"": ""472"", ""Stack"": ""604,5"", ""Fork Length"": ""530""}",10999,false,https://www.orbea.com/es-es/oiz-m-ltd,https://www.orbea.com/en-int/oiz-m-ltd,json,2026-10-05
Orbea,Oiz [693d4684],Oiz M-LTD,,mtb,XL,XL,,185,198,185-198 cm,cm,618.5,495,"{""Seat Tube (C-T)"": ""480"", ""Top Tube (EFF)"": ""641,5"", ""Head Tube"": ""115"", ""Chainstay"": ""430"", ""BB Drop"": ""42"", ""BB Height"": ""334,5"", ""Wheelbase"": ""1217"", ""Head Angle"": ""66,8"", ""Seat Angle"": ""76,7"", ""Rake"": ""44"", ""Standover"": ""785"", ""Reach"": ""495"", ""Stack"": ""618,5"", ""Fork Length"": ""530""}",10999,false,https://www.orbea.com/es-es/oiz-m-ltd,https://www.orbea.com/en-int/oiz-m-ltd,json,2026-10-05
Orbea,Oiz [693d4684],Oiz M-Team Factory,,mtb,S,S,,155,170,155-170 cm,cm,595.5,425,"{""Seat Tube (C-T)"": ""405"", ""Top Tube (EFF)"": ""563,1"", ""Head Tube"": ""90"", ""Chainstay"": ""430"", ""BB Drop"": ""42"", ""BB Height"": ""334,5"", ""Wheelbase"": ""1138"", ""Head Angle"": ""66,8"", ""Seat Angle"": ""77"", ""Rake"": ""44"", ""Standover"": ""773"", ""Reach"": ""425"", ""Stack"": ""595,5"", ""Fork Length"": ""530""}",9499,false,https://www.orbea.com/es-es/oiz-m-team-factory,https://www.orbea.com/en-int/oiz-m-team-factory,json,2026-10-05
Orbea,Oiz [693d4684],Oiz M-Team Factory,,mtb,M,M,,165,180,165-180 cm,cm,595.5,450,"{""Seat Tube (C-T)"": ""430"", ""Top Tube (EFF)"": ""590,8"", ""Head Tube"": ""90"", ""Chainstay"": ""430"", ""BB Drop"": ""42"", ""BB Height"": ""334,5"", ""Wheelbase"": ""1163"", ""Head Angle"": ""66,8"", ""Seat Angle"": ""76,7"", ""Rake"": ""44"", ""Standover"": ""775"", ""Reach"": ""450"", ""Stack"": ""595,5"", ""Fork Length"": ""530""}",9499,false,https://www.orbea.com/es-es/oiz-m-team-factory,https://www.orbea.com/en-int/oiz-m-team-factory,json,2026-10-05
Orbea,Oiz [693d4684],Oiz M-Team Factory,,mtb,L,L,,178,190,178-190 cm,cm,604.5,472,"{""Seat Tube (C-T)"": ""455"", ""Top Tube (EFF)"": ""615,7"", ""Head Tube"": ""100"", ""Chainstay"": ""430"", ""BB Drop"": ""42"", ""BB Height"": ""334,5"", ""Wheelbase"": ""1189"", ""Head Angle"": ""66,8"", ""Seat Angle"": ""76,6"", ""Rake"": ""44"", ""Standover"": ""779"", ""Reach"": ""472"", ""Stack"": ""604,5"", ""Fork Length"": ""530""}",9499,false,https://www.orbea.com/es-es/oiz-m-team-factory,https://www.orbea.com/en-int/oiz-m-team-factory,json,2026-10-05
Orbea,Oiz [693d4684],Oiz M-Team Factory,,mtb,XL,XL,,185,198,185-198 cm,cm,618.5,495,"{""Seat Tube (C-T)"": ""480"", ""Top Tube (EFF)"": ""641,5"", ""Head Tube"": ""115"", ""Chainstay"": ""430"", ""BB Drop"": ""42"", ""BB Height"": ""334,5"", ""Wheelbase"": ""1217"", ""Head Angle"": ""66,8"", ""Seat Angle"": ""76,7"", ""Rake"": ""44"", ""Standover"": ""785"", ""Reach"": ""495"", ""Stack"": ""618,5"", ""Fork Length"": ""530""}",9499,false,https://www.orbea.com/es-es/oiz-m-team-factory,https://www.orbea.com/en-int/oiz-m-team-factory,json,2026-10-05
Orbea,Oiz [693d4684],Oiz M-Team AXS,,mtb,S,S,,155,170,155-170 cm,cm,595.5,425,"{""Seat Tube (C-T)"": ""405"", ""Top Tube (EFF)"": ""563,1"", ""Head Tube"": ""90"", ""Chainstay"": ""430"", ""BB Drop"": ""42"", ""BB Height"": ""334,5"", ""Wheelbase"": ""1138"", ""Head Angle"": ""66,8"", ""Seat Angle"": ""77"", ""Rake"": ""44"", ""Standover"": ""773"", ""Reach"": ""425"", ""Stack"": ""595,5"", ""Fork Length"": ""530""}",7499,false,https://www.orbea.com/es-es/oiz-m-team-axs,https://www.orbea.com/en-int/oiz-m-team-axs,json,2026-10-05
Orbea,Oiz [693d4684],Oiz M-Team AXS,,mtb,M,M,,165,180,165-180 cm,cm,595.5,450,"{""Seat Tube (C-T)"": ""430"", ""Top Tube (EFF)"": ""590,8"", ""Head Tube"": ""90"", ""Chainstay"": ""430"", ""BB Drop"": ""42"", ""BB Height"": ""334,5"", ""Wheelbase"": ""1163"", ""Head Angle"": ""66,8"", ""Seat Angle"": ""76,7"", ""Rake"": ""44"", ""Standover"": ""775"", ""Reach"": ""450"", ""Stack"": ""595,5"", ""Fork Length"": ""530""}",7499,false,https://www.orbea.com/es-es/oiz-m-team-axs,https://www.orbea.com/en-int/oiz-m-team-axs,json,2026-10-05
Orbea,Oiz [693d4684],Oiz M-Team AXS,,mtb,L,L,,178,190,178-190 cm,cm,604.5,472,"{""Seat Tube (C-T)"": ""455"", ""Top Tube (EFF)"": ""615,7"", ""Head Tube"": ""100"", ""Chainstay"": ""430"", ""BB Drop"": ""42"", ""BB Height"": ""334,5"", ""Wheelbase"": ""1189"", ""Head Angle"": ""66,8"", ""Seat Angle"": ""76,6"", ""Rake"": ""44"", ""Standover"": ""779"", ""Reach"": ""472"", ""Stack"": ""604,5"", ""Fork Length"": ""530""}",7499,false,https://www.orbea.com/es-es/oiz-m-team-axs,https://www.orbea.com/en-int/oiz-m-team-axs,json,2026-10-05
Orbea,Oiz [693d4684],Oiz M-Team AXS,,mtb,XL,XL,,185,198,185-198 cm,cm,618.5,495,"{""Seat Tube (C-T)"": ""480"", ""Top Tube (EFF)"": ""641,5"", ""Head Tube"": ""115"", ""Chainstay"": ""430"", ""BB Drop"": ""42"", ""BB Height"": ""334,5"", ""Wheelbase"": ""1217"", ""Head Angle"": ""66,8"", ""Seat Angle"": ""76,7"", ""Rake"": ""44"", ""Standover"": ""785"", ""Reach"": ""495"", ""Stack"": ""618,5"", ""Fork Length"": ""530""}",7499,false,https://www.orbea.com/es-es/oiz-m-team-axs,https://www.orbea.com/en-int/oiz-m-team-axs,json,2026-10-05
Orbea,Oiz [693d4684],Oiz M-PRO,,mtb,S,S,,155,170,155-170 cm,cm,595.5,425,"{""Seat Tube (C-T)"": ""405"", ""Top Tube (EFF)"": ""563,1"", ""Head Tube"": ""90"", ""Chainstay"": ""430"", ""BB Drop"": ""42"", ""BB Height"": ""334,5"", ""Wheelbase"": ""1138"", ""Head Angle"": ""66,8"", ""Seat Angle"": ""77"", ""Rake"": ""44"", ""Standover"": ""773"", ""Reach"": ""425"", ""Stack"": ""595,5"", ""Fork Length"": ""530""}",7299,false,https://www.orbea.com/es-es/oiz-m-pro,https://www.orbea.com/en-int/oiz-m-pro,json,2026-10-05
Orbea,Oiz [693d4684],Oiz M-PRO,,mtb,M,M,,165,180,165-180 cm,cm,595.5,450,"{""Seat Tube (C-T)"": ""430"", ""Top Tube (EFF)"": ""590,8"", ""Head Tube"": ""90"", ""Chainstay"": ""430"", ""BB Drop"": ""42"", ""BB Height"": ""334,5"", ""Wheelbase"": ""1163"", ""Head Angle"": ""66,8"", ""Seat Angle"": ""76,7"", ""Rake"": ""44"", ""Standover"": ""775"", ""Reach"": ""450"", ""Stack"": ""595,5"", ""Fork Length"": ""530""}",7299,false,https://www.orbea.com/es-es/oiz-m-pro,https://www.orbea.com/en-int/oiz-m-pro,json,2026-10-05
Orbea,Oiz [693d4684],Oiz M-PRO,,mtb,L,L,,178,190,178-190 cm,cm,604.5,472,"{""Seat Tube (C-T)"": ""455"", ""Top Tube (EFF)"": ""615,7"", ""Head Tube"": ""100"", ""Chainstay"": ""430"", ""BB Drop"": ""42"", ""BB Height"": ""334,5"", ""Wheelbase"": ""1189"", ""Head Angle"": ""66,8"", ""Seat Angle"": ""76,6"", ""Rake"": ""44"", ""Standover"": ""779"", ""Reach"": ""472"", ""Stack"": ""604,5"", ""Fork Length"": ""530""}",7299,false,https://www.orbea.com/es-es/oiz-m-pro,https://www.orbea.com/en-int/oiz-m-pro,json,2026-10-05
Orbea,Oiz [693d4684],Oiz M-PRO,,mtb,XL,XL,,185,198,185-198 cm,cm,618.5,495,"{""Seat Tube (C-T)"": ""480"", ""Top Tube (EFF)"": ""641,5"", ""Head Tube"": ""115"", ""Chainstay"": ""430"", ""BB Drop"": ""42"", ""BB Height"": ""334,5"", ""Wheelbase"": ""1217"", ""Head Angle"": ""66,8"", ""Seat Angle"": ""76,7"", ""Rake"": ""44"", ""Standover"": ""785"", ""Reach"": ""495"", ""Stack"": ""618,5"", ""Fork Length"": ""530""}",7299,false,https://www.orbea.com/es-es/oiz-m-pro,https://www.orbea.com/en-int/oiz-m-pro,json,2026-10-05
Orbea,Oiz [693d4684],Oiz M10 AXS,,mtb,S,S,,155,170,155-170 cm,cm,595.5,425,"{""Seat Tube (C-T)"": ""405"", ""Top Tube (EFF)"": ""563,1"", ""Head Tube"": ""90"", ""Chainstay"": ""430"", ""BB Drop"": ""42"", ""BB Height"": ""334,5"", ""Wheelbase"": ""1138"", ""Head Angle"": ""66,8"", ""Seat Angle"": ""77"", ""Rake"": ""44"", ""Standover"": ""773"", ""Reach"": ""425"", ""Stack"": ""595,5"", ""Fork Length"": ""530""}",6999,false,https://www.orbea.com/es-es/oiz-m10-axs,https://www.orbea.com/en-int/oiz-m10-axs,json,2026-10-05
Orbea,Oiz [693d4684],Oiz M10 AXS,,mtb,M,M,,165,180,165-180 cm,cm,595.5,450,"{""Seat Tube (C-T)"": ""430"", ""Top Tube (EFF)"": ""590,8"", ""Head Tube"": ""90"", ""Chainstay"": ""430"", ""BB Drop"": ""42"", ""BB Height"": ""334,5"", ""Wheelbase"": ""1163"", ""Head Angle"": ""66,8"", ""Seat Angle"": ""76,7"", ""Rake"": ""44"", ""Standover"": ""775"", ""Reach"": ""450"", ""Stack"": ""595,5"", ""Fork Length"": ""530""}",6999,false,https://www.orbea.com/es-es/oiz-m10-axs,https://www.orbea.com/en-int/oiz-m10-axs,json,2026-10-05
Orbea,Oiz [693d4684],Oiz M10 AXS,,mtb,L,L,,178,190,178-190 cm,cm,604.5,472,"{""Seat Tube (C-T)"": ""455"", ""Top Tube (EFF)"": ""615,7"", ""Head Tube"": ""100"", ""Chainstay"": ""430"", ""BB Drop"": ""42"", ""BB Height"": ""334,5"", ""Wheelbase"": ""1189"", ""Head Angle"": ""66,8"", ""Seat Angle"": ""76,6"", ""Rake"": ""44"", ""Standover"": ""779"", ""Reach"": ""472"", ""Stack"": ""604,5"", ""Fork Length"": ""530""}",6999,false,https://www.orbea.com/es-es/oiz-m10-axs,https://www.orbea.com/en-int/oiz-m10-axs,json,2026-10-05
Orbea,Oiz [693d4684],Oiz M10 AXS,,mtb,XL,XL,,185,198,185-198 cm,cm,618.5,495,"{""Seat Tube (C-T)"": ""480"", ""Top Tube (EFF)"": ""641,5"", ""Head Tube"": ""115"", ""Chainstay"": ""430"", ""BB Drop"": ""42"", ""BB Height"": ""334,5"", ""Wheelbase"": ""1217"", ""Head Angle"": ""66,8"", ""Seat Angle"": ""76,7"", ""Rake"": ""44"", ""Standover"": ""785"", ""Reach"": ""495"", ""Stack"": ""618,5"", ""Fork Length"": ""530""}",6999,false,https://www.orbea.com/es-es/oiz-m10-axs,https://www.orbea.com/en-int/oiz-m10-axs,json,2026-10-05
Orbea,Oiz [693d4684],Oiz M10,,mtb,S,S,,155,170,155-170 cm,cm,595.5,425,"{""Seat Tube (C-T)"": ""405"", ""Top Tube (EFF)"": ""563,1"", ""Head Tube"": ""90"", ""Chainstay"": ""430"", ""BB Drop"": ""42"", ""BB Height"": ""334,5"", ""Wheelbase"": ""1138"", ""Head Angle"": ""66,8"", ""Seat Angle"": ""77"", ""Rake"": ""44"", ""Standover"": ""773"", ""Reach"": ""425"", ""Stack"": ""595,5"", ""Fork Length"": ""530""}",5999,false,https://www.orbea.com/es-es/oiz-m10,https://www.orbea.com/en-int/oiz-m10,json,2026-10-05
Orbea,Oiz [693d4684],Oiz M10,,mtb,M,M,,165,180,165-180 cm,cm,595.5,450,"{""Seat Tube (C-T)"": ""430"", ""Top Tube (EFF)"": ""590,8"", ""Head Tube"": ""90"", ""Chainstay"": ""430"", ""BB Drop"": ""42"", ""BB Height"": ""334,5"", ""Wheelbase"": ""1163"", ""Head Angle"": ""66,8"", ""Seat Angle"": ""76,7"", ""Rake"": ""44"", ""Standover"": ""775"", ""Reach"": ""450"", ""Stack"": ""595,5"", ""Fork Length"": ""530""}",5999,false,https://www.orbea.com/es-es/oiz-m10,https://www.orbea.com/en-int/oiz-m10,json,2026-10-05
Orbea,Oiz [693d4684],Oiz M10,,mtb,L,L,,178,190,178-190 cm,cm,604.5,472,"{""Seat Tube (C-T)"": ""455"", ""Top Tube (EFF)"": ""615,7"", ""Head Tube"": ""100"", ""Chainstay"": ""430"", ""BB Drop"": ""42"", ""BB Height"": ""334,5"", ""Wheelbase"": ""1189"", ""Head Angle"": ""66,8"", ""Seat Angle"": ""76,6"", ""Rake"": ""44"", ""Standover"": ""779"", ""Reach"": ""472"", ""Stack"": ""604,5"", ""Fork Length"": ""530""}",5999,false,https://www.orbea.com/es-es/oiz-m10,https://www.orbea.com/en-int/oiz-m10,json,2026-10-05
Orbea,Oiz [693d4684],Oiz M10,,mtb,XL,XL,,185,198,185-198 cm,cm,618.5,495,"{""Seat Tube (C-T)"": ""480"", ""Top Tube (EFF)"": ""641,5"", ""Head Tube"": ""115"", ""Chainstay"": ""430"", ""BB Drop"": ""42"", ""BB Height"": ""334,5"", ""Wheelbase"": ""1217"", ""Head Angle"": ""66,8"", ""Seat Angle"": ""76,7"", ""Rake"": ""44"", ""Standover"": ""785"", ""Reach"": ""495"", ""Stack"": ""618,5"", ""Fork Length"": ""530""}",5999,false,https://www.orbea.com/es-es/oiz-m10,https://www.orbea.com/en-int/oiz-m10,json,2026-10-05
Orbea,Oiz [693d4684],Oiz M20,,mtb,S,S,,155,170,155-170 cm,cm,595.5,425,"{""Seat Tube (C-T)"": ""405"", ""Top Tube (EFF)"": ""563,1"", ""Head Tube"": ""90"", ""Chainstay"": ""430"", ""BB Drop"": ""42"", ""BB Height"": ""334,5"", ""Wheelbase"": ""1138"", ""Head Angle"": ""66,8"", ""Seat Angle"": ""77"", ""Rake"": ""44"", ""Standover"": ""773"", ""Reach"": ""425"", ""Stack"": ""595,5"", ""Fork Length"": ""530""}",4799,false,https://www.orbea.com/es-es/oiz-m20,https://www.orbea.com/en-int/oiz-m20,json,2026-10-05
Orbea,Oiz [693d4684],Oiz M20,,mtb,M,M,,165,180,165-180 cm,cm,595.5,450,"{""Seat Tube (C-T)"": ""430"", ""Top Tube (EFF)"": ""590,8"", ""Head Tube"": ""90"", ""Chainstay"": ""430"", ""BB Drop"": ""42"", ""BB Height"": ""334,5"", ""Wheelbase"": ""1163"", ""Head Angle"": ""66,8"", ""Seat Angle"": ""76,7"", ""Rake"": ""44"", ""Standover"": ""775"", ""Reach"": ""450"", ""Stack"": ""595,5"", ""Fork Length"": ""530""}",4799,false,https://www.orbea.com/es-es/oiz-m20,https://www.orbea.com/en-int/oiz-m20,json,2026-10-05
Orbea,Oiz [693d4684],Oiz M20,,mtb,L,L,,178,190,178-190 cm,cm,604.5,472,"{""Seat Tube (C-T)"": ""455"", ""Top Tube (EFF)"": ""615,7"", ""Head Tube"": ""100"", ""Chainstay"": ""430"", ""BB Drop"": ""42"", ""BB Height"": ""334,5"", ""Wheelbase"": ""1189"", ""Head Angle"": ""66,8"", ""Seat Angle"": ""76,6"", ""Rake"": ""44"", ""Standover"": ""779"", ""Reach"": ""472"", ""Stack"": ""604,5"", ""Fork Length"": ""530""}",4799,false,https://www.orbea.com/es-es/oiz-m20,https://www.orbea.com/en-int/oiz-m20,json,2026-10-05
Orbea,Oiz [693d4684],Oiz M20,,mtb,XL,XL,,185,198,185-198 cm,cm,618.5,495,"{""Seat Tube (C-T)"": ""480"", ""Top Tube (EFF)"": ""641,5"", ""Head Tube"": ""115"", ""Chainstay"": ""430"", ""BB Drop"": ""42"", ""BB Height"": ""334,5"", ""Wheelbase"": ""1217"", ""Head Angle"": ""66,8"", ""Seat Angle"": ""76,7"", ""Rake"": ""44"", ""Standover"": ""785"", ""Reach"": ""495"", ""Stack"": ""618,5"", ""Fork Length"": ""530""}",4799,false,https://www.orbea.com/es-es/oiz-m20,https://www.orbea.com/en-int/oiz-m20,json,2026-10-05
Orbea,Oiz [693d4684],Oiz M30,,mtb,S,S,,155,170,155-170 cm,cm,595.5,425,"{""Seat Tube (C-T)"": ""405"", ""Top Tube (EFF)"": ""563,1"", ""Head Tube"": ""90"", ""Chainstay"": ""430"", ""BB Drop"": ""42"", ""BB Height"": ""334,5"", ""Wheelbase"": ""1138"", ""Head Angle"": ""66,8"", ""Seat Angle"": ""77"", ""Rake"": ""44"", ""Standover"": ""773"", ""Reach"": ""425"", ""Stack"": ""595,5"", ""Fork Length"": ""530""}",3799,false,https://www.orbea.com/es-es/oiz-m30,https://www.orbea.com/en-int/oiz-m30,json,2026-10-05
Orbea,Oiz [693d4684],Oiz M30,,mtb,M,M,,165,180,165-180 cm,cm,595.5,450,"{""Seat Tube (C-T)"": ""430"", ""Top Tube (EFF)"": ""590,8"", ""Head Tube"": ""90"", ""Chainstay"": ""430"", ""BB Drop"": ""42"", ""BB Height"": ""334,5"", ""Wheelbase"": ""1163"", ""Head Angle"": ""66,8"", ""Seat Angle"": ""76,7"", ""Rake"": ""44"", ""Standover"": ""775"", ""Reach"": ""450"", ""Stack"": ""595,5"", ""Fork Length"": ""530""}",3799,false,https://www.orbea.com/es-es/oiz-m30,https://www.orbea.com/en-int/oiz-m30,json,2026-10-05
Orbea,Oiz [693d4684],Oiz M30,,mtb,L,L,,178,190,178-190 cm,cm,604.5,472,"{""Seat Tube (C-T)"": ""455"", ""Top Tube (EFF)"": ""615,7"", ""Head Tube"": ""100"", ""Chainstay"": ""430"", ""BB Drop"": ""42"", ""BB Height"": ""334,5"", ""Wheelbase"": ""1189"", ""Head Angle"": ""66,8"", ""Seat Angle"": ""76,6"", ""Rake"": ""44"", ""Standover"": ""779"", ""Reach"": ""472"", ""Stack"": ""604,5"", ""Fork Length"": ""530""}",3799,false,https://www.orbea.com/es-es/oiz-m30,https://www.orbea.com/en-int/oiz-m30,json,2026-10-05
Orbea,Oiz [693d4684],Oiz M30,,mtb,XL,XL,,185,198,185-198 cm,cm,618.5,495,"{""Seat Tube (C-T)"": ""480"", ""Top Tube (EFF)"": ""641,5"", ""Head Tube"": ""115"", ""Chainstay"": ""430"", ""BB Drop"": ""42"", ""BB Height"": ""334,5"", ""Wheelbase"": ""1217"", ""Head Angle"": ""66,8"", ""Seat Angle"": ""76,7"", ""Rake"": ""44"", ""Standover"": ""785"", ""Reach"": ""495"", ""Stack"": ""618,5"", ""Fork Length"": ""530""}",3799,false,https://www.orbea.com/es-es/oiz-m30,https://www.orbea.com/en-int/oiz-m30,json,2026-10-05
Orbea,Oiz [e55732a9],Oiz H10,,mtb,S,S,,155,170,155-170 cm,cm,596,425,"{""1 Seat Tube (C-T)"": ""410"", ""2 Top Tube (EFF)"": ""568"", ""3 Head Tube"": ""90"", ""4 Chainstay"": ""436"", ""5 BB Height"": ""333"", ""6 BB Drop"": ""42"", ""7 Wheelbase"": ""1142"", ""8 Head Angle"": ""67º"", ""9 Seat Angle"": ""76.5º"", ""10 Standover"": ""729"", ""11 Reach"": ""425"", ""12 Stack"": ""596"", ""13 Fork Length"": ""531"", ""14 Rake"": ""44""}",2999,false,https://www.orbea.com/es-es/oiz-h10,https://www.orbea.com/en-int/oiz-h10,html,2026-10-05
Orbea,Oiz [e55732a9],Oiz H10,,mtb,M,M,,165,180,165-180 cm,cm,600,450,"{""1 Seat Tube (C-T)"": ""432"", ""2 Top Tube (EFF)"": ""594"", ""3 Head Tube"": ""95"", ""4 Chainstay"": ""436"", ""5 BB Height"": ""333"", ""6 BB Drop"": ""42"", ""7 Wheelbase"": ""1169"", ""8 Head Angle"": ""67º"", ""9 Seat Angle"": ""76.5º"", ""10 Standover"": ""743"", ""11 Reach"": ""450"", ""12 Stack"": ""600"", ""13 Fork Length"": ""531"", ""14 Rake"": ""44""}",2999,false,https://www.orbea.com/es-es/oiz-h10,https://www.orbea.com/en-int/oiz-h10,html,2026-10-05
Orbea,Oiz [e55732a9],Oiz H10,,mtb,L,L,,178,190,178-190 cm,cm,610,472,"{""1 Seat Tube (C-T)"": ""460"", ""2 Top Tube (EFF)"": ""619"", ""3 Head Tube"": ""105"", ""4 Chainstay"": ""436"", ""5 BB Height"": ""333"", ""6 BB Drop"": ""42"", ""7 Wheelbase"": ""1195"", ""8 Head Angle"": ""67º"", ""9 Seat Angle"": ""76.5º"", ""10 Standover"": ""746"", ""11 Reach"": ""472"", ""12 Stack"": ""610"", ""13 Fork Length"": ""531"", ""14 Rake"": ""44""}",2999,false,https://www.orbea.com/es-es/oiz-h10,https://www.orbea.com/en-int/oiz-h10,html,2026-10-05
Orbea,Oiz [e55732a9],Oiz H10,,mtb,XL,XL,,185,198,185-198 cm,cm,619,496,"{""1 Seat Tube (C-T)"": ""510"", ""2 Top Tube (EFF)"": ""645"", ""3 Head Tube"": ""115"", ""4 Chainstay"": ""436"", ""5 BB Height"": ""333"", ""6 BB Drop"": ""42"", ""7 Wheelbase"": ""1223"", ""8 Head Angle"": ""67º"", ""9 Seat Angle"": ""76.5º"", ""10 Standover"": ""743"", ""11 Reach"": ""496"", ""12 Stack"": ""619"", ""13 Fork Length"": ""531"", ""14 Rake"": ""44""}",2999,false,https://www.orbea.com/es-es/oiz-h10,https://www.orbea.com/en-int/oiz-h10,html,2026-10-05
Orbea,Oiz [e55732a9],Oiz H30,,mtb,S,S,,155,170,155-170 cm,cm,596,425,"{""1 Seat Tube (C-T)"": ""410"", ""2 Top Tube (EFF)"": ""568"", ""3 Head Tube"": ""90"", ""4 Chainstay"": ""436"", ""5 BB Height"": ""333"", ""6 BB Drop"": ""42"", ""7 Wheelbase"": ""1142"", ""8 Head Angle"": ""67º"", ""9 Seat Angle"": ""76.5º"", ""10 Standover"": ""729"", ""11 Reach"": ""425"", ""12 Stack"": ""596"", ""13 Fork Length"": ""531"", ""14 Rake"": ""44""}",2499,false,https://www.orbea.com/es-es/oiz-h30,https://www.orbea.com/en-int/oiz-h30,html,2026-10-05
Orbea,Oiz [e55732a9],Oiz H30,,mtb,M,M,,165,180,165-180 cm,cm,600,450,"{""1 Seat Tube (C-T)"": ""432"", ""2 Top Tube (EFF)"": ""594"", ""3 Head Tube"": ""95"", ""4 Chainstay"": ""436"", ""5 BB Height"": ""333"", ""6 BB Drop"": ""42"", ""7 Wheelbase"": ""1169"", ""8 Head Angle"": ""67º"", ""9 Seat Angle"": ""76.5º"", ""10 Standover"": ""743"", ""11 Reach"": ""450"", ""12 Stack"": ""600"", ""13 Fork Length"": ""531"", ""14 Rake"": ""44""}",2499,false,https://www.orbea.com/es-es/oiz-h30,https://www.orbea.com/en-int/oiz-h30,html,2026-10-05
Orbea,Oiz [e55732a9],Oiz H30,,mtb,L,L,,178,190,178-190 cm,cm,610,472,"{""1 Seat Tube (C-T)"": ""460"", ""2 Top Tube (EFF)"": ""619"", ""3 Head Tube"": ""105"", ""4 Chainstay"": ""436"", ""5 BB Height"": ""333"", ""6 BB Drop"": ""42"", ""7 Wheelbase"": ""1195"", ""8 Head Angle"": ""67º"", ""9 Seat Angle"": ""76.5º"", ""10 Standover"": ""746"", ""11 Reach"": ""472"", ""12 Stack"": ""610"", ""13 Fork Length"": ""531"", ""14 Rake"": ""44""}",2499,false,https://www.orbea.com/es-es/oiz-h30,https://www.orbea.com/en-int/oiz-h30,html,2026-10-05
Orbea,Oiz [e55732a9],Oiz H30,,mtb,XL,XL,,185,198,185-198 cm,cm,619,496,"{""1 Seat Tube (C-T)"": ""510"", ""2 Top Tube (EFF)"": ""645"", ""3 Head Tube"": ""115"", ""4 Chainstay"": ""436"", ""5 BB Height"": ""333"", ""6 BB Drop"": ""42"", ""7 Wheelbase"": ""1223"", ""8 Head Angle"": ""67º"", ""9 Seat Angle"": ""76.5º"", ""10 Standover"": ""743"", ""11 Reach"": ""496"", ""12 Stack"": ""619"", ""13 Fork Length"": ""531"", ""14 Rake"": ""44""}",2499,false,https://www.orbea.com/es-es/oiz-h30,https://www.orbea.com/en-int/oiz-h30,html,2026-10-05
Orbea,Alma [f4359bc8],Alma M-LTD,,mtb,S,S,,155,170,155-170 cm,cm,618.5,405,"{""1 Seat Tube (C-T)"": ""390"", ""2 Top Tube (EFF)"": ""564"", ""3 Head Tube"": ""100"", ""4 Chainstay"": ""425"", ""5 BB Drop"": ""65"", ""6 BB Height"": ""315"", ""7 Wheelbase"": ""1113"", ""8 Head Angle"": ""67"", ""9 Seat Angle"": ""75,5"", ""10 Rake"": ""44"", ""11 Standover"": ""794"", ""12 Reach"": ""405"", ""13 Stack"": ""618,5"", ""14 Fork Length"": ""520""}",7999,false,https://www.orbea.com/es-es/alma-m-ltd,https://www.orbea.com/en-int/alma-m-ltd,html,2026-10-05
Orbea,Alma [f4359bc8],Alma M-LTD,,mtb,M,M,,165,180,165-180 cm,cm,618.5,435,"{""1 Seat Tube (C-T)"": ""410"", ""2 Top Tube (EFF)"": ""594"", ""3 Head Tube"": ""100"", ""4 Chainstay"": ""425"", ""5 BB Drop"": ""65"", ""6 BB Height"": ""315"", ""7 Wheelbase"": ""1143"", ""8 Head Angle"": ""67"", ""9 Seat Angle"": ""75,5"", ""10 Rake"": ""44"", ""11 Standover"": ""797"", ""12 Reach"": ""435"", ""13 Stack"": ""618,5"", ""14 Fork Length"": ""520""}",7999,false,https://www.orbea.com/es-es/alma-m-ltd,https://www.orbea.com/en-int/alma-m-ltd,html,2026-10-05
Orbea,Alma [f4359bc8],Alma M-LTD,,mtb,L,L,,178,190,178-190 cm,cm,623.1,460,"{""1 Seat Tube (C-T)"": ""455"", ""2 Top Tube (EFF)"": ""620"", ""3 Head Tube"": ""105"", ""4 Chainstay"": ""425"", ""5 BB Drop"": ""65"", ""6 BB Height"": ""315"", ""7 Wheelbase"": ""1170"", ""8 Head Angle"": ""67"", ""9 Seat Angle"": ""75,5"", ""10 Rake"": ""44"", ""11 Standover"": ""811,6"", ""12 Reach"": ""460"", ""13 Stack"": ""623,1"", ""14 Fork Length"": ""520""}",7999,false,https://www.orbea.com/es-es/alma-m-ltd,https://www.orbea.com/en-int/alma-m-ltd,html,2026-10-05
Orbea,Alma [f4359bc8],Alma M-LTD,,mtb,XL,XL,,185,198,185-198 cm,cm,632.3,485,"{""1 Seat Tube (C-T)"": ""495"", ""2 Top Tube (EFF)"": ""648"", ""3 Head Tube"": ""115"", ""4 Chainstay"": ""425"", ""5 BB Drop"": ""65"", ""6 BB Height"": ""315"", ""7 Wheelbase"": ""1190"", ""8 Head Angle"": ""67"", ""9 Seat Angle"": ""75,5"", ""10 Rake"": ""44"", ""11 Standover"": ""829,4"", ""12 Reach"": ""485"", ""13 Stack"": ""632,3"", ""14 Fork Length"": ""520""}",7999,false,https://www.orbea.com/es-es/alma-m-ltd,https://www.orbea.com/en-int/alma-m-ltd,html,2026-10-05
Orbea,Alma [f4359bc8],Alma M-TEAM AXS,,mtb,S,S,,155,170,155-170 cm,cm,618.5,405,"{""1 Seat Tube (C-T)"": ""390"", ""2 Top Tube (EFF)"": ""564"", ""3 Head Tube"": ""100"", ""4 Chainstay"": ""425"", ""5 BB Drop"": ""65"", ""6 BB Height"": ""315"", ""7 Wheelbase"": ""1113"", ""8 Head Angle"": ""67"", ""9 Seat Angle"": ""75,5"", ""10 Rake"": ""44"", ""11 Standover"": ""794"", ""12 Reach"": ""405"", ""13 Stack"": ""618,5"", ""14 Fork Length"": ""520""}",5499,false,https://www.orbea.com/es-es/alma-m-team-axs,https://www.orbea.com/en-int/alma-m-team-axs,html,2026-10-05
Orbea,Alma [f4359bc8],Alma M-TEAM AXS,,mtb,M,M,,165,180,165-180 cm,cm,618.5,435,"{""1 Seat Tube (C-T)"": ""410"", ""2 Top Tube (EFF)"": ""594"", ""3 Head Tube"": ""100"", ""4 Chainstay"": ""425"", ""5 BB Drop"": ""65"", ""6 BB Height"": ""315"", ""7 Wheelbase"": ""1143"", ""8 Head Angle"": ""67"", ""9 Seat Angle"": ""75,5"", ""10 Rake"": ""44"", ""11 Standover"": ""797"", ""12 Reach"": ""435"", ""13 Stack"": ""618,5"", ""14 Fork Length"": ""520""}",5499,false,https://www.orbea.com/es-es/alma-m-team-axs,https://www.orbea.com/en-int/alma-m-team-axs,html,2026-10-05
Orbea,Alma [f4359bc8],Alma M-TEAM AXS,,mtb,L,L,,178,190,178-190 cm,cm,623.1,460,"{""1 Seat Tube (C-T)"": ""455"", ""2 Top Tube (EFF)"": ""620"", ""3 Head Tube"": ""105"", ""4 Chainstay"": ""425"", ""5 BB Drop"": ""65"", ""6 BB Height"": ""315"", ""7 Wheelbase"": ""1170"", ""8 Head Angle"": ""67"", ""9 Seat Angle"": ""75,5"", ""10 Rake"": ""44"", ""11 Standover"": ""811,6"", ""12 Reach"": ""460"", ""13 Stack"": ""623,1"", ""14 Fork Length"": ""520""}",5499,false,https://www.orbea.com/es-es/alma-m-team-axs,https://www.orbea.com/en-int/alma-m-team-axs,html,2026-10-05
Orbea,Alma [f4359bc8],Alma M-TEAM AXS,,mtb,XL,XL,,185,198,185-198 cm,cm,632.3,485,"{""1 Seat Tube (C-T)"": ""495"", ""2 Top Tube (EFF)"": ""648"", ""3 Head Tube"": ""115"", ""4 Chainstay"": ""425"", ""5 BB Drop"": ""65"", ""6 BB Height"": ""315"", ""7 Wheelbase"": ""1190"", ""8 Head Angle"": ""67"", ""9 Seat Angle"": ""75,5"", ""10 Rake"": ""44"", ""11 Standover"": ""829,4"", ""12 Reach"": ""485"", ""13 Stack"": ""632,3"", ""14 Fork Length"": ""520""}",5499,false,https://www.orbea.com/es-es/alma-m-team-axs,https://www.orbea.com/en-int/alma-m-team-axs,html,2026-10-05
Orbea,Alma [f4359bc8],Alma M-PRO,,mtb,S,S,,155,170,155-170 cm,cm,618.5,405,"{""1 Seat Tube (C-T)"": ""390"", ""2 Top Tube (EFF)"": ""564"", ""3 Head Tube"": ""100"", ""4 Chainstay"": ""425"", ""5 BB Drop"": ""65"", ""6 BB Height"": ""315"", ""7 Wheelbase"": ""1113"", ""8 Head Angle"": ""67"", ""9 Seat Angle"": ""75,5"", ""10 Rake"": ""44"", ""11 Standover"": ""794"", ""12 Reach"": ""405"", ""13 Stack"": ""618,5"", ""14 Fork Length"": ""520""}",3999,false,https://www.orbea.com/es-es/alma-m-pro,https://www.orbea.com/en-int/alma-m-pro,html,2026-10-05
Orbea,Alma [f4359bc8],Alma M-PRO,,mtb,M,M,,165,180,165-180 cm,cm,618.5,435,"{""1 Seat Tube (C-T)"": ""410"", ""2 Top Tube (EFF)"": ""594"", ""3 Head Tube"": ""100"", ""4 Chainstay"": ""425"", ""5 BB Drop"": ""65"", ""6 BB Height"": ""315"", ""7 Wheelbase"": ""1143"", ""8 Head Angle"": ""67"", ""9 Seat Angle"": ""75,5"", ""10 Rake"": ""44"", ""11 Standover"": ""797"", ""12 Reach"": ""435"", ""13 Stack"": ""618,5"", ""14 Fork Length"": ""520""}",3999,false,https://www.orbea.com/es-es/alma-m-pro,https://www.orbea.com/en-int/alma-m-pro,html,2026-10-05
Orbea,Alma [f4359bc8],Alma M-PRO,,mtb,L,L,,178,190,178-190 cm,cm,623.1,460,"{""1 Seat Tube (C-T)"": ""455"", ""2 Top Tube (EFF)"": ""620"", ""3 Head Tube"": ""105"", ""4 Chainstay"": ""425"", ""5 BB Drop"": ""65"", ""6 BB Height"": ""315"", ""7 Wheelbase"": ""1170"", ""8 Head Angle"": ""67"", ""9 Seat Angle"": ""75,5"", ""10 Rake"": ""44"", ""11 Standover"": ""811,6"", ""12 Reach"": ""460"", ""13 Stack"": ""623,1"", ""14 Fork Length"": ""520""}",3999,false,https://www.orbea.com/es-es/alma-m-pro,https://www.orbea.com/en-int/alma-m-pro,html,2026-10-05
Orbea,Alma [f4359bc8],Alma M-PRO,,mtb,XL,XL,,185,198,185-198 cm,cm,632.3,485,"{""1 Seat Tube (C-T)"": ""495"", ""2 Top Tube (EFF)"": ""648"", ""3 Head Tube"": ""115"", ""4 Chainstay"": ""425"", ""5 BB Drop"": ""65"", ""6 BB Height"": ""315"", ""7 Wheelbase"": ""1190"", ""8 Head Angle"": ""67"", ""9 Seat Angle"": ""75,5"", ""10 Rake"": ""44"", ""11 Standover"": ""829,4"", ""12 Reach"": ""485"", ""13 Stack"": ""632,3"", ""14 Fork Length"": ""520""}",3999,false,https://www.orbea.com/es-es/alma-m-pro,https://www.orbea.com/en-int/alma-m-pro,html,2026-10-05
Orbea,Alma [f4359bc8],Alma M20,,mtb,S,S,,155,170,155-170 cm,cm,618.5,405,"{""1 Seat Tube (C-T)"": ""390"", ""2 Top Tube (EFF)"": ""564"", ""3 Head Tube"": ""100"", ""4 Chainstay"": ""425"", ""5 BB Drop"": ""65"", ""6 BB Height"": ""315"", ""7 Wheelbase"": ""1113"", ""8 Head Angle"": ""67"", ""9 Seat Angle"": ""75,5"", ""10 Rake"": ""44"", ""11 Standover"": ""794"", ""12 Reach"": ""405"", ""13 Stack"": ""618,5"", ""14 Fork Length"": ""520""}",3199,false,https://www.orbea.com/es-es/alma-m20,https://www.orbea.com/en-int/alma-m20,html,2026-10-05
Orbea,Alma [f4359bc8],Alma M20,,mtb,M,M,,165,180,165-180 cm,cm,618.5,435,"{""1 Seat Tube (C-T)"": ""410"", ""2 Top Tube (EFF)"": ""594"", ""3 Head Tube"": ""100"", ""4 Chainstay"": ""425"", ""5 BB Drop"": ""65"", ""6 BB Height"": ""315"", ""7 Wheelbase"": ""1143"", ""8 Head Angle"": ""67"", ""9 Seat Angle"": ""75,5"", ""10 Rake"": ""44"", ""11 Standover"": ""797"", ""12 Reach"": ""435"", ""13 Stack"": ""618,5"", ""14 Fork Length"": ""520""}",3199,false,https://www.orbea.com/es-es/alma-m20,https://www.orbea.com/en-int/alma-m20,html,2026-10-05
Orbea,Alma [f4359bc8],Alma M20,,mtb,L,L,,178,190,178-190 cm,cm,623.1,460,"{""1 Seat Tube (C-T)"": ""455"", ""2 Top Tube (EFF)"": ""620"", ""3 Head Tube"": ""105"", ""4 Chainstay"": ""425"", ""5 BB Drop"": ""65"", ""6 BB Height"": ""315"", ""7 Wheelbase"": ""1170"", ""8 Head Angle"": ""67"", ""9 Seat Angle"": ""75,5"", ""10 Rake"": ""44"", ""11 Standover"": ""811,6"", ""12 Reach"": ""460"", ""13 Stack"": ""623,1"", ""14 Fork Length"": ""520""}",3199,false,https://www.orbea.com/es-es/alma-m20,https://www.orbea.com/en-int/alma-m20,html,2026-10-05
Orbea,Alma [f4359bc8],Alma M20,,mtb,XL,XL,,185,198,185-198 cm,cm,632.3,485,"{""1 Seat Tube (C-T)"": ""495"", ""2 Top Tube (EFF)"": ""648"", ""3 Head Tube"": ""115"", ""4 Chainstay"": ""425"", ""5 BB Drop"": ""65"", ""6 BB Height"": ""315"", ""7 Wheelbase"": ""1190"", ""8 Head Angle"": ""67"", ""9 Seat Angle"": ""75,5"", ""10 Rake"": ""44"", ""11 Standover"": ""829,4"", ""12 Reach"": ""485"", ""13 Stack"": ""632,3"", ""14 Fork Length"": ""520""}",3199,false,https://www.orbea.com/es-es/alma-m20,https://www.orbea.com/en-int/alma-m20,html,2026-10-05
Orbea,Alma [f4359bc8],Alma M30,,mtb,S,S,,155,170,155-170 cm,cm,618.5,405,"{""1 Seat Tube (C-T)"": ""390"", ""2 Top Tube (EFF)"": ""564"", ""3 Head Tube"": ""100"", ""4 Chainstay"": ""425"", ""5 BB Drop"": ""65"", ""6 BB Height"": ""315"", ""7 Wheelbase"": ""1113"", ""8 Head Angle"": ""67"", ""9 Seat Angle"": ""75,5"", ""10 Rake"": ""44"", ""11 Standover"": ""794"", ""12 Reach"": ""405"", ""13 Stack"": ""618,5"", ""14 Fork Length"": ""520""}",2399,false,https://www.orbea.com/es-es/alma-m30,https://www.orbea.com/en-int/alma-m30,html,2026-10-05
Orbea,Alma [f4359bc8],Alma M30,,mtb,M,M,,165,180,165-180 cm,cm,618.5,435,"{""1 Seat Tube (C-T)"": ""410"", ""2 Top Tube (EFF)"": ""594"", ""3 Head Tube"": ""100"", ""4 Chainstay"": ""425"", ""5 BB Drop"": ""65"", ""6 BB Height"": ""315"", ""7 Wheelbase"": ""1143"", ""8 Head Angle"": ""67"", ""9 Seat Angle"": ""75,5"", ""10 Rake"": ""44"", ""11 Standover"": ""797"", ""12 Reach"": ""435"", ""13 Stack"": ""618,5"", ""14 Fork Length"": ""520""}",2399,false,https://www.orbea.com/es-es/alma-m30,https://www.orbea.com/en-int/alma-m30,html,2026-10-05
Orbea,Alma [f4359bc8],Alma M30,,mtb,L,L,,178,190,178-190 cm,cm,623.1,460,"{""1 Seat Tube (C-T)"": ""455"", ""2 Top Tube (EFF)"": ""620"", ""3 Head Tube"": ""105"", ""4 Chainstay"": ""425"", ""5 BB Drop"": ""65"", ""6 BB Height"": ""315"", ""7 Wheelbase"": ""1170"", ""8 Head Angle"": ""67"", ""9 Seat Angle"": ""75,5"", ""10 Rake"": ""44"", ""11 Standover"": ""811,6"", ""12 Reach"": ""460"", ""13 Stack"": ""623,1"", ""14 Fork Length"": ""520""}",2399,false,https://www.orbea.com/es-es/alma-m30,https://www.orbea.com/en-int/alma-m30,html,2026-10-05
Orbea,Alma [f4359bc8],Alma M30,,mtb,XL,XL,,185,198,185-198 cm,cm,632.3,485,"{""1 Seat Tube (C-T)"": ""495"", ""2 Top Tube (EFF)"": ""648"", ""3 Head Tube"": ""115"", ""4 Chainstay"": ""425"", ""5 BB Drop"": ""65"", ""6 BB Height"": ""315"", ""7 Wheelbase"": ""1190"", ""8 Head Angle"": ""67"", ""9 Seat Angle"": ""75,5"", ""10 Rake"": ""44"", ""11 Standover"": ""829,4"", ""12 Reach"": ""485"", ""13 Stack"": ""632,3"", ""14 Fork Length"": ""520""}",2399,false,https://www.orbea.com/es-es/alma-m30,https://www.orbea.com/en-int/alma-m30,html,2026-10-05
Orbea,Alma [f4359bc8],Alma M50,,mtb,S,S,,155,170,155-170 cm,cm,618.5,405,"{""1 Seat Tube (C-T)"": ""390"", ""2 Top Tube (EFF)"": ""564"", ""3 Head Tube"": ""100"", ""4 Chainstay"": ""425"", ""5 BB Drop"": ""65"", ""6 BB Height"": ""315"", ""7 Wheelbase"": ""1113"", ""8 Head Angle"": ""67"", ""9 Seat Angle"": ""75,5"", ""10 Rake"": ""44"", ""11 Standover"": ""794"", ""12 Reach"": ""405"", ""13 Stack"": ""618,5"", ""14 Fork Length"": ""520""}",1999,false,https://www.orbea.com/es-es/alma-m50,https://www.orbea.com/en-int/alma-m50,html,2026-10-05
Orbea,Alma [f4359bc8],Alma M50,,mtb,M,M,,165,180,165-180 cm,cm,618.5,435,"{""1 Seat Tube (C-T)"": ""410"", ""2 Top Tube (EFF)"": ""594"", ""3 Head Tube"": ""100"", ""4 Chainstay"": ""425"", ""5 BB Drop"": ""65"", ""6 BB Height"": ""315"", ""7 Wheelbase"": ""1143"", ""8 Head Angle"": ""67"", ""9 Seat Angle"": ""75,5"", ""10 Rake"": ""44"", ""11 Standover"": ""797"", ""12 Reach"": ""435"", ""13 Stack"": ""618,5"", ""14 Fork Length"": ""520""}",1999,false,https://www.orbea.com/es-es/alma-m50,https://www.orbea.com/en-int/alma-m50,html,2026-10-05
Orbea,Alma [f4359bc8],Alma M50,,mtb,L,L,,178,190,178-190 cm,cm,623.1,460,"{""1 Seat Tube (C-T)"": ""455"", ""2 Top Tube (EFF)"": ""620"", ""3 Head Tube"": ""105"", ""4 Chainstay"": ""425"", ""5 BB Drop"": ""65"", ""6 BB Height"": ""315"", ""7 Wheelbase"": ""1170"", ""8 Head Angle"": ""67"", ""9 Seat Angle"": ""75,5"", ""10 Rake"": ""44"", ""11 Standover"": ""811,6"", ""12 Reach"": ""460"", ""13 Stack"": ""623,1"", ""14 Fork Length"": ""520""}",1999,false,https://www.orbea.com/es-es/alma-m50,https://www.orbea.com/en-int/alma-m50,html,2026-10-05
Orbea,Alma [f4359bc8],Alma M50,,mtb,XL,XL,,185,198,185-198 cm,cm,632.3,485,"{""1 Seat Tube (C-T)"": ""495"", ""2 Top Tube (EFF)"": ""648"", ""3 Head Tube"": ""115"", ""4 Chainstay"": ""425"", ""5 BB Drop"": ""65"", ""6 BB Height"": ""315"", ""7 Wheelbase"": ""1190"", ""8 Head Angle"": ""67"", ""9 Seat Angle"": ""75,5"", ""10 Rake"": ""44"", ""11 Standover"": ""829,4"", ""12 Reach"": ""485"", ""13 Stack"": ""632,3"", ""14 Fork Length"": ""520""}",1999,false,https://www.orbea.com/es-es/alma-m50,https://www.orbea.com/en-int/alma-m50,html,2026-10-05
Orbea,Alma [f4359bc8],Alma Carbon,,mtb,S,S,,155,170,155-170 cm,cm,618.5,405,"{""1 Seat Tube (C-T)"": ""390"", ""2 Top Tube (EFF)"": ""564"", ""3 Head Tube"": ""100"", ""4 Chainstay"": ""425"", ""5 BB Drop"": ""65"", ""6 BB Height"": ""315"", ""7 Wheelbase"": ""1113"", ""8 Head Angle"": ""67"", ""9 Seat Angle"": ""75,5"", ""10 Rake"": ""44"", ""11 Standover"": ""794"", ""12 Reach"": ""405"", ""13 Stack"": ""618,5"", ""14 Fork Length"": ""520""}",1599,false,https://www.orbea.com/es-es/alma-carbon,https://www.orbea.com/en-int/alma-carbon,html,2026-10-05
Orbea,Alma [f4359bc8],Alma Carbon,,mtb,M,M,,165,180,165-180 cm,cm,618.5,435,"{""1 Seat Tube (C-T)"": ""410"", ""2 Top Tube (EFF)"": ""594"", ""3 Head Tube"": ""100"", ""4 Chainstay"": ""425"", ""5 BB Drop"": ""65"", ""6 BB Height"": ""315"", ""7 Wheelbase"": ""1143"", ""8 Head Angle"": ""67"", ""9 Seat Angle"": ""75,5"", ""10 Rake"": ""44"", ""11 Standover"": ""797"", ""12 Reach"": ""435"", ""13 Stack"": ""618,5"", ""14 Fork Length"": ""520""}",1599,false,https://www.orbea.com/es-es/alma-carbon,https://www.orbea.com/en-int/alma-carbon,html,2026-10-05
Orbea,Alma [f4359bc8],Alma Carbon,,mtb,L,L,,178,190,178-190 cm,cm,623.1,460,"{""1 Seat Tube (C-T)"": ""455"", ""2 Top Tube (EFF)"": ""620"", ""3 Head Tube"": ""105"", ""4 Chainstay"": ""425"", ""5 BB Drop"": ""65"", ""6 BB Height"": ""315"", ""7 Wheelbase"": ""1170"", ""8 Head Angle"": ""67"", ""9 Seat Angle"": ""75,5"", ""10 Rake"": ""44"", ""11 Standover"": ""811,6"", ""12 Reach"": ""460"", ""13 Stack"": ""623,1"", ""14 Fork Length"": ""520""}",1599,false,https://www.orbea.com/es-es/alma-carbon,https://www.orbea.com/en-int/alma-carbon,html,2026-10-05
Orbea,Alma [f4359bc8],Alma Carbon,,mtb,XL,XL,,185,198,185-198 cm,cm,632.3,485,"{""1 Seat Tube (C-T)"": ""495"", ""2 Top Tube (EFF)"": ""648"", ""3 Head Tube"": ""115"", ""4 Chainstay"": ""425"", ""5 BB Drop"": ""65"", ""6 BB Height"": ""315"", ""7 Wheelbase"": ""1190"", ""8 Head Angle"": ""67"", ""9 Seat Angle"": ""75,5"", ""10 Rake"": ""44"", ""11 Standover"": ""829,4"", ""12 Reach"": ""485"", ""13 Stack"": ""632,3"", ""14 Fork Length"": ""520""}",1599,false,https://www.orbea.com/es-es/alma-carbon,https://www.orbea.com/en-int/alma-carbon,html,2026-10-05
Orbea,Alma [64acfe5b],Alma H20,,mtb,S,S,,155,170,155-170 cm,cm,611,405,"{""1 Seat Tube (C-T)"": ""390"", ""2 Top Tube (EFF)"": ""563"", ""3 Head Tube"": ""95"", ""4 Chainstay"": ""430"", ""5 BB Drop"": ""65"", ""6 BB Height"": ""315"", ""7 Wheelbase"": ""1117"", ""8 Head Angle"": ""67"", ""9 Seat Angle"": ""75,5"", ""10 Rake"": ""51"", ""11 Standover"": ""794"", ""12 Reach"": ""405"", ""13 Stack"": ""611"", ""14 Fork Length"": ""520""}",1399,false,https://www.orbea.com/es-es/alma-h20,https://www.orbea.com/en-int/alma-h20,html,2026-10-05
Orbea,Alma [64acfe5b],Alma H20,,mtb,M,M,,165,180,165-180 cm,cm,620,435,"{""1 Seat Tube (C-T)"": ""410"", ""2 Top Tube (EFF)"": ""595"", ""3 Head Tube"": ""105"", ""4 Chainstay"": ""430"", ""5 BB Drop"": ""65"", ""6 BB Height"": ""315"", ""7 Wheelbase"": ""1151"", ""8 Head Angle"": ""67"", ""9 Seat Angle"": ""75,5"", ""10 Rake"": ""51"", ""11 Standover"": ""797"", ""12 Reach"": ""435"", ""13 Stack"": ""620"", ""14 Fork Length"": ""520""}",1399,false,https://www.orbea.com/es-es/alma-h20,https://www.orbea.com/en-int/alma-h20,html,2026-10-05
Orbea,Alma [64acfe5b],Alma H20,,mtb,L,L,,178,190,178-190 cm,cm,630,460,"{""1 Seat Tube (C-T)"": ""455"", ""2 Top Tube (EFF)"": ""623"", ""3 Head Tube"": ""115"", ""4 Chainstay"": ""430"", ""5 BB Drop"": ""65"", ""6 BB Height"": ""315"", ""7 Wheelbase"": ""1180"", ""8 Head Angle"": ""67"", ""9 Seat Angle"": ""75,5"", ""10 Rake"": ""51"", ""11 Standover"": ""811,6"", ""12 Reach"": ""460"", ""13 Stack"": ""630"", ""14 Fork Length"": ""520""}",1399,false,https://www.orbea.com/es-es/alma-h20,https://www.orbea.com/en-int/alma-h20,html,2026-10-05
Orbea,Alma [64acfe5b],Alma H20,,mtb,XL,XL,,185,198,185-198 cm,cm,643,485,"{""1 Seat Tube (C-T)"": ""495"", ""2 Top Tube (EFF)"": ""651"", ""3 Head Tube"": ""130"", ""4 Chainstay"": ""430"", ""5 BB Drop"": ""65"", ""6 BB Height"": ""315"", ""7 Wheelbase"": ""1211"", ""8 Head Angle"": ""67"", ""9 Seat Angle"": ""75,5"", ""10 Rake"": ""51"", ""11 Standover"": ""829,4"", ""12 Reach"": ""485"", ""13 Stack"": ""643"", ""14 Fork Length"": ""520""}",1399,false,https://www.orbea.com/es-es/alma-h20,https://www.orbea.com/en-int/alma-h20,html,2026-10-05
Orbea,Alma [64acfe5b],Alma H30,,mtb,S,S,,155,170,155-170 cm,cm,611,405,"{""1 Seat Tube (C-T)"": ""390"", ""2 Top Tube (EFF)"": ""563"", ""3 Head Tube"": ""95"", ""4 Chainstay"": ""430"", ""5 BB Drop"": ""65"", ""6 BB Height"": ""315"", ""7 Wheelbase"": ""1117"", ""8 Head Angle"": ""67"", ""9 Seat Angle"": ""75,5"", ""10 Rake"": ""51"", ""11 Standover"": ""794"", ""12 Reach"": ""405"", ""13 Stack"": ""611"", ""14 Fork Length"": ""520""}",1099,false,https://www.orbea.com/es-es/alma-h30,https://www.orbea.com/en-int/alma-h30,html,2026-10-05
Orbea,Alma [64acfe5b],Alma H30,,mtb,M,M,,165,180,165-180 cm,cm,620,435,"{""1 Seat Tube (C-T)"": ""410"", ""2 Top Tube (EFF)"": ""595"", ""3 Head Tube"": ""105"", ""4 Chainstay"": ""430"", ""5 BB Drop"": ""65"", ""6 BB Height"": ""315"", ""7 Wheelbase"": ""1151"", ""8 Head Angle"": ""67"", ""9 Seat Angle"": ""75,5"", ""10 Rake"": ""51"", ""11 Standover"": ""797"", ""12 Reach"": ""435"", ""13 Stack"": ""620"", ""14 Fork Length"": ""520""}",1099,false,https://www.orbea.com/es-es/alma-h30,https://www.orbea.com/en-int/alma-h30,html,2026-10-05
Orbea,Alma [64acfe5b],Alma H30,,mtb,L,L,,178,190,178-190 cm,cm,630,460,"{""1 Seat Tube (C-T)"": ""455"", ""2 Top Tube (EFF)"": ""623"", ""3 Head Tube"": ""115"", ""4 Chainstay"": ""430"", ""5 BB Drop"": ""65"", ""6 BB Height"": ""315"", ""7 Wheelbase"": ""1180"", ""8 Head Angle"": ""67"", ""9 Seat Angle"": ""75,5"", ""10 Rake"": ""51"", ""11 Standover"": ""811,6"", ""12 Reach"": ""460"", ""13 Stack"": ""630"", ""14 Fork Length"": ""520""}",1099,false,https://www.orbea.com/es-es/alma-h30,https://www.orbea.com/en-int/alma-h30,html,2026-10-05
Orbea,Alma [64acfe5b],Alma H30,,mtb,XL,XL,,185,198,185-198 cm,cm,643,485,"{""1 Seat Tube (C-T)"": ""495"", ""2 Top Tube (EFF)"": ""651"", ""3 Head Tube"": ""130"", ""4 Chainstay"": ""430"", ""5 BB Drop"": ""65"", ""6 BB Height"": ""315"", ""7 Wheelbase"": ""1211"", ""8 Head Angle"": ""67"", ""9 Seat Angle"": ""75,5"", ""10 Rake"": ""51"", ""11 Standover"": ""829,4"", ""12 Reach"": ""485"", ""13 Stack"": ""643"", ""14 Fork Length"": ""520""}",1099,false,https://www.orbea.com/es-es/alma-h30,https://www.orbea.com/en-int/alma-h30,html,2026-10-05
Orbea,Laufey [bf5ab33e],Laufey H-LTD,,mtb,S,S,,150,165,150-165 cm,cm,633,427,"{""1 Seat Tube (C-T)"": ""380"", ""2 Top Tube (EFF)"": ""572"", ""3 Head Tube"": ""95"", ""4 Chainstay"": ""440"", ""5 BB Drop"": ""65"", ""6 BB Height"": ""310"", ""7 Wheelbase"": ""1181,8"", ""8 Head Angle"": ""64,5"", ""9 Seat Angle"": ""77"", ""10 Rake"": ""44"", ""11 Standover"": ""440"", ""12 Reach"": ""427"", ""13 Stack"": ""633"", ""14 Fork Length"": ""554""}",2499,false,https://www.orbea.com/es-es/laufey-h-ltd,https://www.orbea.com/en-int/laufey-h-ltd,html,2026-10-05
Orbea,Laufey [bf5ab33e],Laufey H-LTD,,mtb,M,M,,160,175,160-175 cm,cm,642,451,"{""1 Seat Tube (C-T)"": ""415"", ""2 Top Tube (EFF)"": ""598"", ""3 Head Tube"": ""105"", ""4 Chainstay"": ""440"", ""5 BB Drop"": ""65"", ""6 BB Height"": ""310"", ""7 Wheelbase"": ""1210,1"", ""8 Head Angle"": ""64,5"", ""9 Seat Angle"": ""77"", ""10 Rake"": ""44"", ""11 Standover"": ""440"", ""12 Reach"": ""451"", ""13 Stack"": ""642"", ""14 Fork Length"": ""554""}",2499,false,https://www.orbea.com/es-es/laufey-h-ltd,https://www.orbea.com/en-int/laufey-h-ltd,html,2026-10-05
Orbea,Laufey [bf5ab33e],Laufey H-LTD,,mtb,L,L,,170,185,170-185 cm,cm,655.5,475,"{""1 Seat Tube (C-T)"": ""430"", ""2 Top Tube (EFF)"": ""625"", ""3 Head Tube"": ""120"", ""4 Chainstay"": ""440"", ""5 BB Drop"": ""65"", ""6 BB Height"": ""310"", ""7 Wheelbase"": ""1240,6"", ""8 Head Angle"": ""64,5"", ""9 Seat Angle"": ""77"", ""10 Rake"": ""44"", ""11 Standover"": ""440"", ""12 Reach"": ""475"", ""13 Stack"": ""655,5"", ""14 Fork Length"": ""554""}",2499,false,https://www.orbea.com/es-es/laufey-h-ltd,https://www.orbea.com/en-int/laufey-h-ltd,html,2026-10-05
Orbea,Laufey [bf5ab33e],Laufey H-LTD,,mtb,XL,XL,,180,198,180-198 cm,cm,664.5,500,"{""1 Seat Tube (C-T)"": ""460"", ""2 Top Tube (EFF)"": ""652"", ""3 Head Tube"": ""130"", ""4 Chainstay"": ""440"", ""5 BB Drop"": ""65"", ""6 BB Height"": ""310"", ""7 Wheelbase"": ""1269,9"", ""8 Head Angle"": ""64,5"", ""9 Seat Angle"": ""77"", ""10 Rake"": ""44"", ""11 Standover"": ""440"", ""12 Reach"": ""500"", ""13 Stack"": ""664,5"", ""14 Fork Length"": ""554""}",2499,false,https://www.orbea.com/es-es/laufey-h-ltd,https://www.orbea.com/en-int/laufey-h-ltd,html,2026-10-05
Orbea,Laufey [bf5ab33e],Laufey H10,,mtb,S,S,,150,165,150-165 cm,cm,633,427,"{""1 Seat Tube (C-T)"": ""380"", ""2 Top Tube (EFF)"": ""572"", ""3 Head Tube"": ""95"", ""4 Chainstay"": ""440"", ""5 BB Drop"": ""65"", ""6 BB Height"": ""310"", ""7 Wheelbase"": ""1181,8"", ""8 Head Angle"": ""64,5"", ""9 Seat Angle"": ""77"", ""10 Rake"": ""44"", ""11 Standover"": ""440"", ""12 Reach"": ""427"", ""13 Stack"": ""633"", ""14 Fork Length"": ""554""}",1899,false,https://www.orbea.com/es-es/laufey-h10,https://www.orbea.com/en-int/laufey-h10,html,2026-10-05
Orbea,Laufey [bf5ab33e],Laufey H10,,mtb,M,M,,160,175,160-175 cm,cm,642,451,"{""1 Seat Tube (C-T)"": ""415"", ""2 Top Tube (EFF)"": ""598"", ""3 Head Tube"": ""105"", ""4 Chainstay"": ""440"", ""5 BB Drop"": ""65"", ""6 BB Height"": ""310"", ""7 Wheelbase"": ""1210,1"", ""8 Head Angle"": ""64,5"", ""9 Seat Angle"": ""77"", ""10 Rake"": ""44"", ""11 Standover"": ""440"", ""12 Reach"": ""451"", ""13 Stack"": ""642"", ""14 Fork Length"": ""554""}",1899,false,https://www.orbea.com/es-es/laufey-h10,https://www.orbea.com/en-int/laufey-h10,html,2026-10-05
Orbea,Laufey [bf5ab33e],Laufey H10,,mtb,L,L,,170,185,170-185 cm,cm,655.5,475,"{""1 Seat Tube (C-T)"": ""430"", ""2 Top Tube (EFF)"": ""625"", ""3 Head Tube"": ""120"", ""4 Chainstay"": ""440"", ""5 BB Drop"": ""65"", ""6 BB Height"": ""310"", ""7 Wheelbase"": ""1240,6"", ""8 Head Angle"": ""64,5"", ""9 Seat Angle"": ""77"", ""10 Rake"": ""44"", ""11 Standover"": ""440"", ""12 Reach"": ""475"", ""13 Stack"": ""655,5"", ""14 Fork Length"": ""554""}",1899,false,https://www.orbea.com/es-es/laufey-h10,https://www.orbea.com/en-int/laufey-h10,html,2026-10-05
Orbea,Laufey [bf5ab33e],Laufey H10,,mtb,XL,XL,,180,198,180-198 cm,cm,664.5,500,"{""1 Seat Tube (C-T)"": ""460"", ""2 Top Tube (EFF)"": ""652"", ""3 Head Tube"": ""130"", ""4 Chainstay"": ""440"", ""5 BB Drop"": ""65"", ""6 BB Height"": ""310"", ""7 Wheelbase"": ""1269,9"", ""8 Head Angle"": ""64,5"", ""9 Seat Angle"": ""77"", ""10 Rake"": ""44"", ""11 Standover"": ""440"", ""12 Reach"": ""500"", ""13 Stack"": ""664,5"", ""14 Fork Length"": ""554""}",1899,false,https://www.orbea.com/es-es/laufey-h10,https://www.orbea.com/en-int/laufey-h10,html,2026-10-05
Orbea,Laufey [bf5ab33e],Laufey H30,,mtb,S,S,,150,165,150-165 cm,cm,633,427,"{""1 Seat Tube (C-T)"": ""380"", ""2 Top Tube (EFF)"": ""572"", ""3 Head Tube"": ""95"", ""4 Chainstay"": ""440"", ""5 BB Drop"": ""65"", ""6 BB Height"": ""310"", ""7 Wheelbase"": ""1181,8"", ""8 Head Angle"": ""64,5"", ""9 Seat Angle"": ""77"", ""10 Rake"": ""44"", ""11 Standover"": ""440"", ""12 Reach"": ""427"", ""13 Stack"": ""633"", ""14 Fork Length"": ""554""}",1499,false,https://www.orbea.com/es-es/laufey-h30,https://www.orbea.com/en-int/laufey-h30,html,2026-10-05
Orbea,Laufey [bf5ab33e],Laufey H30,,mtb,M,M,,160,175,160-175 cm,cm,642,451,"{""1 Seat Tube (C-T)"": ""415"", ""2 Top Tube (EFF)"": ""598"", ""3 Head Tube"": ""105"", ""4 Chainstay"": ""440"", ""5 BB Drop"": ""65"", ""6 BB Height"": ""310"", ""7 Wheelbase"": ""1210,1"", ""8 Head Angle"": ""64,5"", ""9 Seat Angle"": ""77"", ""10 Rake"": ""44"", ""11 Standover"": ""440"", ""12 Reach"": ""451"", ""13 Stack"": ""642"", ""14 Fork Length"": ""554""}",1499,false,https://www.orbea.com/es-es/laufey-h30,https://www.orbea.com/en-int/laufey-h30,html,2026-10-05
Orbea,Laufey [bf5ab33e],Laufey H30,,mtb,L,L,,170,185,170-185 cm,cm,655.5,475,"{""1 Seat Tube (C-T)"": ""430"", ""2 Top Tube (EFF)"": ""625"", ""3 Head Tube"": ""120"", ""4 Chainstay"": ""440"", ""5 BB Drop"": ""65"", ""6 BB Height"": ""310"", ""7 Wheelbase"": ""1240,6"", ""8 Head Angle"": ""64,5"", ""9 Seat Angle"": ""77"", ""10 Rake"": ""44"", ""11 Standover"": ""440"", ""12 Reach"": ""475"", ""13 Stack"": ""655,5"", ""14 Fork Length"": ""554""}",1499,false,https://www.orbea.com/es-es/laufey-h30,https://www.orbea.com/en-int/laufey-h30,html,2026-10-05
Orbea,Laufey [bf5ab33e],Laufey H30,,mtb,XL,XL,,180,198,180-198 cm,cm,664.5,500,"{""1 Seat Tube (C-T)"": ""460"", ""2 Top Tube (EFF)"": ""652"", ""3 Head Tube"": ""130"", ""4 Chainstay"": ""440"", ""5 BB Drop"": ""65"", ""6 BB Height"": ""310"", ""7 Wheelbase"": ""1269,9"", ""8 Head Angle"": ""64,5"", ""9 Seat Angle"": ""77"", ""10 Rake"": ""44"", ""11 Standover"": ""440"", ""12 Reach"": ""500"", ""13 Stack"": ""664,5"", ""14 Fork Length"": ""554""}",1499,false,https://www.orbea.com/es-es/laufey-h30,https://www.orbea.com/en-int/laufey-h30,html,2026-10-05
Orbea,Occam SL [616416f4],Occam SL M-LTD,,mtb,S,S,,150,170,150-170 cm,cm,612,438,"{""Seat Tube (C-T)"": ""405"", ""Top Tube (EFF)"": ""570"", ""Head Tube"": ""95"", ""Chainstay"": ""439"", ""BB Drop"": ""36"", ""BB Height"": ""342"", ""Wheelbase"": ""1183"", ""Head Angle"": ""66"", ""Seat Angle"": ""77,5"", ""RAKE"": ""44"", ""Standover Height*"": ""-"", ""Reach"": ""438"", ""Stack"": ""612"", ""Fork Length"": ""554""}",9999,false,https://www.orbea.com/es-es/occam-sl-m-ltd,https://www.orbea.com/en-int/occam-sl-m-ltd,json,2026-10-05
Orbea,Occam SL [616416f4],Occam SL M-LTD,,mtb,M,M,,160,180,160-180 cm,cm,617,463,"{""Seat Tube (C-T)"": ""415"", ""Top Tube (EFF)"": ""596"", ""Head Tube"": ""100"", ""Chainstay"": ""439"", ""BB Drop"": ""36"", ""BB Height"": ""342"", ""Wheelbase"": ""1210"", ""Head Angle"": ""66"", ""Seat Angle"": ""77,5"", ""RAKE"": ""44"", ""Standover Height*"": ""-"", ""Reach"": ""463"", ""Stack"": ""617"", ""Fork Length"": ""554""}",9999,false,https://www.orbea.com/es-es/occam-sl-m-ltd,https://www.orbea.com/en-int/occam-sl-m-ltd,json,2026-10-05
Orbea,Occam SL [616416f4],Occam SL M-LTD,,mtb,L,L,,170,190,170-190 cm,cm,626,488,"{""Seat Tube (C-T)"": ""430"", ""Top Tube (EFF)"": ""623"", ""Head Tube"": ""110"", ""Chainstay"": ""439"", ""BB Drop"": ""36"", ""BB Height"": ""342"", ""Wheelbase"": ""1239"", ""Head Angle"": ""66"", ""Seat Angle"": ""77,5"", ""RAKE"": ""44"", ""Standover Height*"": ""-"", ""Reach"": ""488"", ""Stack"": ""626"", ""Fork Length"": ""554""}",9999,false,https://www.orbea.com/es-es/occam-sl-m-ltd,https://www.orbea.com/en-int/occam-sl-m-ltd,json,2026-10-05
Orbea,Occam SL [616416f4],Occam SL M-LTD,,mtb,XL,XL,,180,200,180-200 cm,cm,635,513,"{""Seat Tube (C-T)"": ""460"", ""Top Tube (EFF)"": ""650"", ""Head Tube"": ""120"", ""Chainstay"": ""439"", ""BB Drop"": ""36"", ""BB Height"": ""342"", ""Wheelbase"": ""1269"", ""Head Angle"": ""66"", ""Seat Angle"": ""77,5"", ""RAKE"": ""44"", ""Standover Height*"": ""-"", ""Reach"": ""513"", ""Stack"": ""635"", ""Fork Length"": ""554""}",9999,false,https://www.orbea.com/es-es/occam-sl-m-ltd,https://www.orbea.com/en-int/occam-sl-m-ltd,json,2026-10-05
Orbea,Occam SL [616416f4],Occam SL M10,,mtb,S,S,,150,170,150-170 cm,cm,612,438,"{""Seat Tube (C-T)"": ""405"", ""Top Tube (EFF)"": ""570"", ""Head Tube"": ""95"", ""Chainstay"": ""439"", ""BB Drop"": ""36"", ""BB Height"": ""342"", ""Wheelbase"": ""1183"", ""Head Angle"": ""66"", ""Seat Angle"": ""77,5"", ""RAKE"": ""44"", ""Standover Height*"": ""-"", ""Reach"": ""438"", ""Stack"": ""612"", ""Fork Length"": ""554""}",5999,false,https://www.orbea.com/es-es/occam-sl-m10,https://www.orbea.com/en-int/occam-sl-m10,json,2026-10-05
Orbea,Occam SL [616416f4],Occam SL M10,,mtb,M,M,,160,180,160-180 cm,cm,617,463,"{""Seat Tube (C-T)"": ""415"", ""Top Tube (EFF)"": ""596"", ""Head Tube"": ""100"", ""Chainstay"": ""439"", ""BB Drop"": ""36"", ""BB Height"": ""342"", ""Wheelbase"": ""1210"", ""Head Angle"": ""66"", ""Seat Angle"": ""77,5"", ""RAKE"": ""44"", ""Standover Height*"": ""-"", ""Reach"": ""463"", ""Stack"": ""617"", ""Fork Length"": ""554""}",5999,false,https://www.orbea.com/es-es/occam-sl-m10,https://www.orbea.com/en-int/occam-sl-m10,json,2026-10-05
Orbea,Occam SL [616416f4],Occam SL M10,,mtb,L,L,,170,190,170-190 cm,cm,626,488,"{""Seat Tube (C-T)"": ""430"", ""Top Tube (EFF)"": ""623"", ""Head Tube"": ""110"", ""Chainstay"": ""439"", ""BB Drop"": ""36"", ""BB Height"": ""342"", ""Wheelbase"": ""1239"", ""Head Angle"": ""66"", ""Seat Angle"": ""77,5"", ""RAKE"": ""44"", ""Standover Height*"": ""-"", ""Reach"": ""488"", ""Stack"": ""626"", ""Fork Length"": ""554""}",5999,false,https://www.orbea.com/es-es/occam-sl-m10,https://www.orbea.com/en-int/occam-sl-m10,json,2026-10-05
Orbea,Occam SL [616416f4],Occam SL M10,,mtb,XL,XL,,180,200,180-200 cm,cm,635,513,"{""Seat Tube (C-T)"": ""460"", ""Top Tube (EFF)"": ""650"", ""Head Tube"": ""120"", ""Chainstay"": ""439"", ""BB Drop"": ""36"", ""BB Height"": ""342"", ""Wheelbase"": ""1269"", ""Head Angle"": ""66"", ""Seat Angle"": ""77,5"", ""RAKE"": ""44"", ""Standover Height*"": ""-"", ""Reach"": ""513"", ""Stack"": ""635"", ""Fork Length"": ""554""}",5999,false,https://www.orbea.com/es-es/occam-sl-m10,https://www.orbea.com/en-int/occam-sl-m10,json,2026-10-05
Orbea,Occam SL [616416f4],Occam SL M30,,mtb,S,S,,150,170,150-170 cm,cm,612,438,"{""Seat Tube (C-T)"": ""405"", ""Top Tube (EFF)"": ""570"", ""Head Tube"": ""95"", ""Chainstay"": ""439"", ""BB Drop"": ""36"", ""BB Height"": ""342"", ""Wheelbase"": ""1183"", ""Head Angle"": ""66"", ""Seat Angle"": ""77,5"", ""RAKE"": ""44"", ""Standover Height*"": ""-"", ""Reach"": ""438"", ""Stack"": ""612"", ""Fork Length"": ""554""}",4299,false,https://www.orbea.com/es-es/occam-sl-m30,https://www.orbea.com/en-int/occam-sl-m30,json,2026-10-05
Orbea,Occam SL [616416f4],Occam SL M30,,mtb,M,M,,160,180,160-180 cm,cm,617,463,"{""Seat Tube (C-T)"": ""415"", ""Top Tube (EFF)"": ""596"", ""Head Tube"": ""100"", ""Chainstay"": ""439"", ""BB Drop"": ""36"", ""BB Height"": ""342"", ""Wheelbase"": ""1210"", ""Head Angle"": ""66"", ""Seat Angle"": ""77,5"", ""RAKE"": ""44"", ""Standover Height*"": ""-"", ""Reach"": ""463"", ""Stack"": ""617"", ""Fork Length"": ""554""}",4299,false,https://www.orbea.com/es-es/occam-sl-m30,https://www.orbea.com/en-int/occam-sl-m30,json,2026-10-05
Orbea,Occam SL [616416f4],Occam SL M30,,mtb,L,L,,170,190,170-190 cm,cm,626,488,"{""Seat Tube (C-T)"": ""430"", ""Top Tube (EFF)"": ""623"", ""Head Tube"": ""110"", ""Chainstay"": ""439"", ""BB Drop"": ""36"", ""BB Height"": ""342"", ""Wheelbase"": ""1239"", ""Head Angle"": ""66"", ""Seat Angle"": ""77,5"", ""RAKE"": ""44"", ""Standover Height*"": ""-"", ""Reach"": ""488"", ""Stack"": ""626"", ""Fork Length"": ""554""}",4299,false,https://www.orbea.com/es-es/occam-sl-m30,https://www.orbea.com/en-int/occam-sl-m30,json,2026-10-05
Orbea,Occam SL [616416f4],Occam SL M30,,mtb,XL,XL,,180,200,180-200 cm,cm,635,513,"{""Seat Tube (C-T)"": ""460"", ""Top Tube (EFF)"": ""650"", ""Head Tube"": ""120"", ""Chainstay"": ""439"", ""BB Drop"": ""36"", ""BB Height"": ""342"", ""Wheelbase"": ""1269"", ""Head Angle"": ""66"", ""Seat Angle"": ""77,5"", ""RAKE"": ""44"", ""Standover Height*"": ""-"", ""Reach"": ""513"", ""Stack"": ""635"", ""Fork Length"": ""554""}",4299,false,https://www.orbea.com/es-es/occam-sl-m30,https://www.orbea.com/en-int/occam-sl-m30,json,2026-10-05
Orbea,Occam SL [ec8a29f6],Occam SL H10,,mtb,S,S,,150,170,150-170 cm,cm,610,440,"{""Seat Tube (C-T)"": ""405"", ""Top Tube (EFF)"": ""570"", ""Head Tube"": ""95"", ""Chainstay"": ""439"", ""BB Drop"": ""38"", ""BB Height"": ""342"", ""Wheelbase"": ""1191"", ""Head Angle"": ""65,5"", ""Seat Angle"": ""78"", ""RAKE"": ""44"", ""Standover"": ""-"", ""Reach"": ""440"", ""Stack"": ""610"", ""Fork Length"": ""554""}",3499,false,https://www.orbea.com/es-es/occam-sl-h10,https://www.orbea.com/en-int/occam-sl-h10,json,2026-10-05
Orbea,Occam SL [ec8a29f6],Occam SL H10,,mtb,M,M,,160,180,160-180 cm,cm,615,465,"{""Seat Tube (C-T)"": ""415"", ""Top Tube (EFF)"": ""596"", ""Head Tube"": ""100"", ""Chainstay"": ""439"", ""BB Drop"": ""38"", ""BB Height"": ""342"", ""Wheelbase"": ""1218"", ""Head Angle"": ""65,5"", ""Seat Angle"": ""78"", ""RAKE"": ""44"", ""Standover"": ""-"", ""Reach"": ""465"", ""Stack"": ""615"", ""Fork Length"": ""554""}",3499,false,https://www.orbea.com/es-es/occam-sl-h10,https://www.orbea.com/en-int/occam-sl-h10,json,2026-10-05
Orbea,Occam SL [ec8a29f6],Occam SL H10,,mtb,L,L,,170,190,170-190 cm,cm,623,490,"{""Seat Tube (C-T)"": ""430"", ""Top Tube (EFF)"": ""622"", ""Head Tube"": ""110"", ""Chainstay"": ""439"", ""BB Drop"": ""38"", ""BB Height"": ""342"", ""Wheelbase"": ""1245"", ""Head Angle"": ""65,5"", ""Seat Angle"": ""78"", ""RAKE"": ""44"", ""Standover"": ""-"", ""Reach"": ""490"", ""Stack"": ""623"", ""Fork Length"": ""554""}",3499,false,https://www.orbea.com/es-es/occam-sl-h10,https://www.orbea.com/en-int/occam-sl-h10,json,2026-10-05
Orbea,Occam SL [ec8a29f6],Occam SL H10,,mtb,XL,XL,,180,200,180-200 cm,cm,633,515,"{""Seat Tube (C-T)"": ""460"", ""Top Tube (EFF)"": ""650"", ""Head Tube"": ""120"", ""Chainstay"": ""439"", ""BB Drop"": ""38"", ""BB Height"": ""342"", ""Wheelbase"": ""1276"", ""Head Angle"": ""65,5"", ""Seat Angle"": ""78"", ""RAKE"": ""44"", ""Standover"": ""-"", ""Reach"": ""515"", ""Stack"": ""633"", ""Fork Length"": ""554""}",3499,false,https://www.orbea.com/es-es/occam-sl-h10,https://www.orbea.com/en-int/occam-sl-h10,json,2026-10-05
Orbea,Occam SL [ec8a29f6],Occam SL H30,,mtb,S,S,,150,170,150-170 cm,cm,610,440,"{""Seat Tube (C-T)"": ""405"", ""Top Tube (EFF)"": ""570"", ""Head Tube"": ""95"", ""Chainstay"": ""439"", ""BB Drop"": ""38"", ""BB Height"": ""342"", ""Wheelbase"": ""1191"", ""Head Angle"": ""65,5"", ""Seat Angle"": ""78"", ""RAKE"": ""44"", ""Standover"": ""-"", ""Reach"": ""440"", ""Stack"": ""610"", ""Fork Length"": ""554""}",2599,false,https://www.orbea.com/es-es/occam-sl-h30,https://www.orbea.com/en-int/occam-sl-h30,json,2026-10-05
Orbea,Occam SL [ec8a29f6],Occam SL H30,,mtb,M,M,,160,180,160-180 cm,cm,615,465,"{""Seat Tube (C-T)"": ""415"", ""Top Tube (EFF)"": ""596"", ""Head Tube"": ""100"", ""Chainstay"": ""439"", ""BB Drop"": ""38"", ""BB Height"": ""342"", ""Wheelbase"": ""1218"", ""Head Angle"": ""65,5"", ""Seat Angle"": ""78"", ""RAKE"": ""44"", ""Standover"": ""-"", ""Reach"": ""465"", ""Stack"": ""615"", ""Fork Length"": ""554""}",2599,false,https://www.orbea.com/es-es/occam-sl-h30,https://www.orbea.com/en-int/occam-sl-h30,json,2026-10-05
Orbea,Occam SL [ec8a29f6],Occam SL H30,,mtb,L,L,,170,190,170-190 cm,cm,623,490,"{""Seat Tube (C-T)"": ""430"", ""Top Tube (EFF)"": ""622"", ""Head Tube"": ""110"", ""Chainstay"": ""439"", ""BB Drop"": ""38"", ""BB Height"": ""342"", ""Wheelbase"": ""1245"", ""Head Angle"": ""65,5"", ""Seat Angle"": ""78"", ""RAKE"": ""44"", ""Standover"": ""-"", ""Reach"": ""490"", ""Stack"": ""623"", ""Fork Length"": ""554""}",2599,false,https://www.orbea.com/es-es/occam-sl-h30,https://www.orbea.com/en-int/occam-sl-h30,json,2026-10-05
Orbea,Occam SL [ec8a29f6],Occam SL H30,,mtb,XL,XL,,180,200,180-200 cm,cm,633,515,"{""Seat Tube (C-T)"": ""460"", ""Top Tube (EFF)"": ""650"", ""Head Tube"": ""120"", ""Chainstay"": ""439"", ""BB Drop"": ""38"", ""BB Height"": ""342"", ""Wheelbase"": ""1276"", ""Head Angle"": ""65,5"", ""Seat Angle"": ""78"", ""RAKE"": ""44"", ""Standover"": ""-"", ""Reach"": ""515"", ""Stack"": ""633"", ""Fork Length"": ""554""}",2599,false,https://www.orbea.com/es-es/occam-sl-h30,https://www.orbea.com/en-int/occam-sl-h30,json,2026-10-05
Orbea,Occam LT [d1400d60],Occam LT M-TEAM,,mtb,S,S,,150,170,150-170 cm,cm,618,432,"{""Seat Tube (C-T)"": ""405"", ""Top Tube (EFF)"": ""572"", ""Head Tube"": ""95"", ""Chainstay"": ""438"", ""BB Drop"": ""26"", ""BB Height"": ""352"", ""Wheelbase"": ""1191"", ""Head Angle"": ""65"", ""Seat Angle"": ""77"", ""RAKE"": ""44"", ""Standover Height*"": ""-"", ""Stack"": ""618"", ""Reach"": ""432"", ""Fork Length"": ""575""}",7999,false,https://www.orbea.com/es-es/occam-lt-m-team,https://www.orbea.com/en-int/occam-lt-m-team,json,2026-10-05
Orbea,Occam LT [d1400d60],Occam LT M-TEAM,,mtb,M,M,,160,180,160-180 cm,cm,622,458,"{""Seat Tube (C-T)"": ""415"", ""Top Tube (EFF)"": ""597"", ""Head Tube"": ""100"", ""Chainstay"": ""438"", ""BB Drop"": ""26"", ""BB Height"": ""352"", ""Wheelbase"": ""1218"", ""Head Angle"": ""65"", ""Seat Angle"": ""77"", ""RAKE"": ""44"", ""Standover Height*"": ""-"", ""Stack"": ""622"", ""Reach"": ""458"", ""Fork Length"": ""575""}",7999,false,https://www.orbea.com/es-es/occam-lt-m-team,https://www.orbea.com/en-int/occam-lt-m-team,json,2026-10-05
Orbea,Occam LT [d1400d60],Occam LT M-TEAM,,mtb,L,L,,170,190,170-190 cm,cm,631,483,"{""Seat Tube (C-T)"": ""430"", ""Top Tube (EFF)"": ""625"", ""Head Tube"": ""110"", ""Chainstay"": ""438"", ""BB Drop"": ""26"", ""BB Height"": ""352"", ""Wheelbase"": ""1248"", ""Head Angle"": ""65"", ""Seat Angle"": ""77"", ""RAKE"": ""44"", ""Standover Height*"": ""-"", ""Stack"": ""631"", ""Reach"": ""483"", ""Fork Length"": ""575""}",7999,false,https://www.orbea.com/es-es/occam-lt-m-team,https://www.orbea.com/en-int/occam-lt-m-team,json,2026-10-05
Orbea,Occam LT [d1400d60],Occam LT M-TEAM,,mtb,XL,XL,,180,200,180-200 cm,cm,641,508,"{""Seat Tube (C-T)"": ""460"", ""Top Tube (EFF)"": ""652"", ""Head Tube"": ""120"", ""Chainstay"": ""438"", ""BB Drop"": ""26"", ""BB Height"": ""352"", ""Wheelbase"": ""1277"", ""Head Angle"": ""65"", ""Seat Angle"": ""77"", ""RAKE"": ""44"", ""Standover Height*"": ""-"", ""Stack"": ""641"", ""Reach"": ""508"", ""Fork Length"": ""575""}",7999,false,https://www.orbea.com/es-es/occam-lt-m-team,https://www.orbea.com/en-int/occam-lt-m-team,json,2026-10-05
Orbea,Occam LT [d1400d60],Occam LT M10,,mtb,S,S,,150,170,150-170 cm,cm,618,432,"{""Seat Tube (C-T)"": ""405"", ""Top Tube (EFF)"": ""572"", ""Head Tube"": ""95"", ""Chainstay"": ""438"", ""BB Drop"": ""26"", ""BB Height"": ""352"", ""Wheelbase"": ""1191"", ""Head Angle"": ""65"", ""Seat Angle"": ""77"", ""RAKE"": ""44"", ""Standover Height*"": ""-"", ""Stack"": ""618"", ""Reach"": ""432"", ""Fork Length"": ""575""}",5999,false,https://www.orbea.com/es-es/occam-lt-m10,https://www.orbea.com/en-int/occam-lt-m10,json,2026-10-05
Orbea,Occam LT [d1400d60],Occam LT M10,,mtb,M,M,,160,180,160-180 cm,cm,622,458,"{""Seat Tube (C-T)"": ""415"", ""Top Tube (EFF)"": ""597"", ""Head Tube"": ""100"", ""Chainstay"": ""438"", ""BB Drop"": ""26"", ""BB Height"": ""352"", ""Wheelbase"": ""1218"", ""Head Angle"": ""65"", ""Seat Angle"": ""77"", ""RAKE"": ""44"", ""Standover Height*"": ""-"", ""Stack"": ""622"", ""Reach"": ""458"", ""Fork Length"": ""575""}",5999,false,https://www.orbea.com/es-es/occam-lt-m10,https://www.orbea.com/en-int/occam-lt-m10,json,2026-10-05
Orbea,Occam LT [d1400d60],Occam LT M10,,mtb,L,L,,170,190,170-190 cm,cm,631,483,"{""Seat Tube (C-T)"": ""430"", ""Top Tube (EFF)"": ""625"", ""Head Tube"": ""110"", ""Chainstay"": ""438"", ""BB Drop"": ""26"", ""BB Height"": ""352"", ""Wheelbase"": ""1248"", ""Head Angle"": ""65"", ""Seat Angle"": ""77"", ""RAKE"": ""44"", ""Standover Height*"": ""-"", ""Stack"": ""631"", ""Reach"": ""483"", ""Fork Length"": ""575""}",5999,false,https://www.orbea.com/es-es/occam-lt-m10,https://www.orbea.com/en-int/occam-lt-m10,json,2026-10-05
Orbea,Occam LT [d1400d60],Occam LT M10,,mtb,XL,XL,,180,200,180-200 cm,cm,641,508,"{""Seat Tube (C-T)"": ""460"", ""Top Tube (EFF)"": ""652"", ""Head Tube"": ""120"", ""Chainstay"": ""438"", ""BB Drop"": ""26"", ""BB Height"": ""352"", ""Wheelbase"": ""1277"", ""Head Angle"": ""65"", ""Seat Angle"": ""77"", ""RAKE"": ""44"", ""Standover Height*"": ""-"", ""Stack"": ""641"", ""Reach"": ""508"", ""Fork Length"": ""575""}",5999,false,https://www.orbea.com/es-es/occam-lt-m10,https://www.orbea.com/en-int/occam-lt-m10,json,2026-10-05
Orbea,Occam LT [d1400d60],Occam LT M30,,mtb,S,S,,150,170,150-170 cm,cm,618,432,"{""Seat Tube (C-T)"": ""405"", ""Top Tube (EFF)"": ""572"", ""Head Tube"": ""95"", ""Chainstay"": ""438"", ""BB Drop"": ""26"", ""BB Height"": ""352"", ""Wheelbase"": ""1191"", ""Head Angle"": ""65"", ""Seat Angle"": ""77"", ""RAKE"": ""44"", ""Standover Height*"": ""-"", ""Stack"": ""618"", ""Reach"": ""432"", ""Fork Length"": ""575""}",4499,false,https://www.orbea.com/es-es/occam-lt-m30,https://www.orbea.com/en-int/occam-lt-m30,json,2026-10-05
Orbea,Occam LT [d1400d60],Occam LT M30,,mtb,M,M,,160,180,160-180 cm,cm,622,458,"{""Seat Tube (C-T)"": ""415"", ""Top Tube (EFF)"": ""597"", ""Head Tube"": ""100"", ""Chainstay"": ""438"", ""BB Drop"": ""26"", ""BB Height"": ""352"", ""Wheelbase"": ""1218"", ""Head Angle"": ""65"", ""Seat Angle"": ""77"", ""RAKE"": ""44"", ""Standover Height*"": ""-"", ""Stack"": ""622"", ""Reach"": ""458"", ""Fork Length"": ""575""}",4499,false,https://www.orbea.com/es-es/occam-lt-m30,https://www.orbea.com/en-int/occam-lt-m30,json,2026-10-05
Orbea,Occam LT [d1400d60],Occam LT M30,,mtb,L,L,,170,190,170-190 cm,cm,631,483,"{""Seat Tube (C-T)"": ""430"", ""Top Tube (EFF)"": ""625"", ""Head Tube"": ""110"", ""Chainstay"": ""438"", ""BB Drop"": ""26"", ""BB Height"": ""352"", ""Wheelbase"": ""1248"", ""Head Angle"": ""65"", ""Seat Angle"": ""77"", ""RAKE"": ""44"", ""Standover Height*"": ""-"", ""Stack"": ""631"", ""Reach"": ""483"", ""Fork Length"": ""575""}",4499,false,https://www.orbea.com/es-es/occam-lt-m30,https://www.orbea.com/en-int/occam-lt-m30,json,2026-10-05
Orbea,Occam LT [d1400d60],Occam LT M30,,mtb,XL,XL,,180,200,180-200 cm,cm,641,508,"{""Seat Tube (C-T)"": ""460"", ""Top Tube (EFF)"": ""652"", ""Head Tube"": ""120"", ""Chainstay"": ""438"", ""BB Drop"": ""26"", ""BB Height"": ""352"", ""Wheelbase"": ""1277"", ""Head Angle"": ""65"", ""Seat Angle"": ""77"", ""RAKE"": ""44"", ""Standover Height*"": ""-"", ""Stack"": ""641"", ""Reach"": ""508"", ""Fork Length"": ""575""}",4499,false,https://www.orbea.com/es-es/occam-lt-m30,https://www.orbea.com/en-int/occam-lt-m30,json,2026-10-05
Orbea,Occam LT [2b7c7f74],Occam LT H10,,mtb,S,S,,150,170,150-170 cm,cm,615,435,"{""Seat Tube (C-T)"": ""405"", ""Top Tube (EFF)"": ""571"", ""Head Tube"": ""95"", ""Chainstay"": ""438"", ""BB Drop"": ""28"", ""BB Height"": ""350"", ""Wheelbase"": ""1199"", ""Head Angle"": ""64,5"", ""Seat Angle"": ""77,5"", ""RAKE"": ""44"", ""Standover Height*"": ""-"", ""Reach"": ""435"", ""Stack"": ""615"", ""Fork Length"": ""575""}",3799,false,https://www.orbea.com/es-es/occam-lt-h10,https://www.orbea.com/en-int/occam-lt-h10,json,2026-10-05
Orbea,Occam LT [2b7c7f74],Occam LT H10,,mtb,M,M,,160,180,160-180 cm,cm,620,460,"{""Seat Tube (C-T)"": ""415"", ""Top Tube (EFF)"": ""597"", ""Head Tube"": ""100"", ""Chainstay"": ""438"", ""BB Drop"": ""28"", ""BB Height"": ""350"", ""Wheelbase"": ""1226"", ""Head Angle"": ""64,5"", ""Seat Angle"": ""77,5"", ""RAKE"": ""44"", ""Standover Height*"": ""-"", ""Reach"": ""460"", ""Stack"": ""620"", ""Fork Length"": ""575""}",3799,false,https://www.orbea.com/es-es/occam-lt-h10,https://www.orbea.com/en-int/occam-lt-h10,json,2026-10-05
Orbea,Occam LT [2b7c7f74],Occam LT H10,,mtb,L,L,,170,190,170-190 cm,cm,630,485,"{""Seat Tube (C-T)"": ""430"", ""Top Tube (EFF)"": ""624"", ""Head Tube"": ""110"", ""Chainstay"": ""438"", ""BB Drop"": ""28"", ""BB Height"": ""350"", ""Wheelbase"": ""1255"", ""Head Angle"": ""64,5"", ""Seat Angle"": ""77,5"", ""RAKE"": ""44"", ""Standover Height*"": ""-"", ""Reach"": ""485"", ""Stack"": ""630"", ""Fork Length"": ""575""}",3799,false,https://www.orbea.com/es-es/occam-lt-h10,https://www.orbea.com/en-int/occam-lt-h10,json,2026-10-05
Orbea,Occam LT [2b7c7f74],Occam LT H10,,mtb,XL,XL,,180,200,180-200 cm,cm,638,510,"{""Seat Tube (C-T)"": ""460"", ""Top Tube (EFF)"": ""652"", ""Head Tube"": ""120"", ""Chainstay"": ""438"", ""BB Drop"": ""28"", ""BB Height"": ""350"", ""Wheelbase"": ""1285"", ""Head Angle"": ""64,5"", ""Seat Angle"": ""77,5"", ""RAKE"": ""44"", ""Standover Height*"": ""-"", ""Reach"": ""510"", ""Stack"": ""638"", ""Fork Length"": ""575""}",3799,false,https://www.orbea.com/es-es/occam-lt-h10,https://www.orbea.com/en-int/occam-lt-h10,json,2026-10-05
Orbea,Occam LT [2b7c7f74],Occam LT H30,,mtb,S,S,,150,170,150-170 cm,cm,615,435,"{""Seat Tube (C-T)"": ""405"", ""Top Tube (EFF)"": ""571"", ""Head Tube"": ""95"", ""Chainstay"": ""438"", ""BB Drop"": ""28"", ""BB Height"": ""350"", ""Wheelbase"": ""1199"", ""Head Angle"": ""64,5"", ""Seat Angle"": ""77,5"", ""RAKE"": ""44"", ""Standover Height*"": ""-"", ""Reach"": ""435"", ""Stack"": ""615"", ""Fork Length"": ""575""}",2799,false,https://www.orbea.com/es-es/occam-lt-h30,https://www.orbea.com/en-int/occam-lt-h30,json,2026-10-05
Orbea,Occam LT [2b7c7f74],Occam LT H30,,mtb,M,M,,160,180,160-180 cm,cm,620,460,"{""Seat Tube (C-T)"": ""415"", ""Top Tube (EFF)"": ""597"", ""Head Tube"": ""100"", ""Chainstay"": ""438"", ""BB Drop"": ""28"", ""BB Height"": ""350"", ""Wheelbase"": ""1226"", ""Head Angle"": ""64,5"", ""Seat Angle"": ""77,5"", ""RAKE"": ""44"", ""Standover Height*"": ""-"", ""Reach"": ""460"", ""Stack"": ""620"", ""Fork Length"": ""575""}",2799,false,https://www.orbea.com/es-es/occam-lt-h30,https://www.orbea.com/en-int/occam-lt-h30,json,2026-10-05
Orbea,Occam LT [2b7c7f74],Occam LT H30,,mtb,L,L,,170,190,170-190 cm,cm,630,485,"{""Seat Tube (C-T)"": ""430"", ""Top Tube (EFF)"": ""624"", ""Head Tube"": ""110"", ""Chainstay"": ""438"", ""BB Drop"": ""28"", ""BB Height"": ""350"", ""Wheelbase"": ""1255"", ""Head Angle"": ""64,5"", ""Seat Angle"": ""77,5"", ""RAKE"": ""44"", ""Standover Height*"": ""-"", ""Reach"": ""485"", ""Stack"": ""630"", ""Fork Length"": ""575""}",2799,false,https://www.orbea.com/es-es/occam-lt-h30,https://www.orbea.com/en-int/occam-lt-h30,json,2026-10-05
Orbea,Occam LT [2b7c7f74],Occam LT H30,,mtb,XL,XL,,180,200,180-200 cm,cm,638,510,"{""Seat Tube (C-T)"": ""460"", ""Top Tube (EFF)"": ""652"", ""Head Tube"": ""120"", ""Chainstay"": ""438"", ""BB Drop"": ""28"", ""BB Height"": ""350"", ""Wheelbase"": ""1285"", ""Head Angle"": ""64,5"", ""Seat Angle"": ""77,5"", ""RAKE"": ""44"", ""Standover Height*"": ""-"", ""Reach"": ""510"", ""Stack"": ""638"", ""Fork Length"": ""575""}",2799,false,https://www.orbea.com/es-es/occam-lt-h30,https://www.orbea.com/en-int/occam-lt-h30,json,2026-10-05
Orbea,Rallon [2c37aa8d],Rallon E-LTD,,mtb,S,S,,150,170,150-170 cm,cm,629.2,430,"{""Seat Tube (C-T)"": ""400,0"", ""Top Tube (EFF)"": ""542,6"", ""Head Tube"": ""100"", ""Chainstay"": ""442,0"", ""BB Drop"": ""28,0"", ""BB Height"": ""352,5"", ""Wheelbase"": ""1.209,9"", ""Head Angle"": ""64,25"", ""Seat Angle"": ""79,9"", ""Rake"": ""44"", ""Standover"": ""763,0"", ""Reach"": ""430,0"", ""Stack"": ""629,2"", ""Fork Length"": ""587,7""}",9999,false,https://www.orbea.com/es-es/rallon-e-ltd,https://www.orbea.com/en-int/rallon-e-ltd,json,2026-10-05
Orbea,Rallon [2c37aa8d],Rallon E-LTD,,mtb,M,M,,160,180,160-180 cm,cm,638.2,455,"{""Seat Tube (C-T)"": ""405,0"", ""Top Tube (EFF)"": ""574,5"", ""Head Tube"": ""110"", ""Chainstay"": ""442,0"", ""BB Drop"": ""28,0"", ""BB Height"": ""352,5"", ""Wheelbase"": ""1.239,3"", ""Head Angle"": ""64,25"", ""Seat Angle"": ""79,4"", ""Rake"": ""44"", ""Standover"": ""756,0"", ""Reach"": ""455,0"", ""Stack"": ""638,2"", ""Fork Length"": ""587,7""}",9999,false,https://www.orbea.com/es-es/rallon-e-ltd,https://www.orbea.com/en-int/rallon-e-ltd,json,2026-10-05
Orbea,Rallon [2c37aa8d],Rallon E-LTD,,mtb,L,L,,170,190,170-190 cm,cm,647.2,478,"{""Seat Tube (C-T)"": ""410,0"", ""Top Tube (EFF)"": ""603,1"", ""Head Tube"": ""120"", ""Chainstay"": ""442,0"", ""BB Drop"": ""28,0"", ""BB Height"": ""352,5"", ""Wheelbase"": ""1.266,6"", ""Head Angle"": ""64,25"", ""Seat Angle"": ""79,1"", ""Rake"": ""44"", ""Standover"": ""758,0"", ""Reach"": ""478,0"", ""Stack"": ""647,2"", ""Fork Length"": ""587,7""}",9999,false,https://www.orbea.com/es-es/rallon-e-ltd,https://www.orbea.com/en-int/rallon-e-ltd,json,2026-10-05
Orbea,Rallon [2c37aa8d],Rallon E-LTD,,mtb,XL,XL,,180,200,180-200 cm,cm,656.2,505,"{""Seat Tube (C-T)"": ""420,0"", ""Top Tube (EFF)"": ""635,3"", ""Head Tube"": ""130"", ""Chainstay"": ""442,0"", ""BB Drop"": ""28,0"", ""BB Height"": ""352,5"", ""Wheelbase"": ""1.298,0"", ""Head Angle"": ""64,25"", ""Seat Angle"": ""78,8"", ""Rake"": ""44"", ""Standover"": ""763,0"", ""Reach"": ""505,0"", ""Stack"": ""656,2"", ""Fork Length"": ""587,7""}",9999,false,https://www.orbea.com/es-es/rallon-e-ltd,https://www.orbea.com/en-int/rallon-e-ltd,json,2026-10-05
Orbea,Rallon [2c37aa8d],Rallon E-TEAM,,mtb,S,S,,150,170,150-170 cm,cm,629.2,430,"{""Seat Tube (C-T)"": ""400,0"", ""Top Tube (EFF)"": ""542,6"", ""Head Tube"": ""100"", ""Chainstay"": ""442,0"", ""BB Drop"": ""28,0"", ""BB Height"": ""352,5"", ""Wheelbase"": ""1.209,9"", ""Head Angle"": ""64,25"", ""Seat Angle"": ""79,9"", ""Rake"": ""44"", ""Standover"": ""763,0"", ""Reach"": ""430,0"", ""Stack"": ""629,2"", ""Fork Length"": ""587,7""}",6999,false,https://www.orbea.com/es-es/rallon-e-team,https://www.orbea.com/en-int/rallon-e-team,json,2026-10-05
Orbea,Rallon [2c37aa8d],Rallon E-TEAM,,mtb,M,M,,160,180,160-180 cm,cm,638.2,455,"{""Seat Tube (C-T)"": ""405,0"", ""Top Tube (EFF)"": ""574,5"", ""Head Tube"": ""110"", ""Chainstay"": ""442,0"", ""BB Drop"": ""28,0"", ""BB Height"": ""352,5"", ""Wheelbase"": ""1.239,3"", ""Head Angle"": ""64,25"", ""Seat Angle"": ""79,4"", ""Rake"": ""44"", ""Standover"": ""756,0"", ""Reach"": ""455,0"", ""Stack"": ""638,2"", ""Fork Length"": ""587,7""}",6999,false,https://www.orbea.com/es-es/rallon-e-team,https://www.orbea.com/en-int/rallon-e-team,json,2026-10-05
Orbea,Rallon [2c37aa8d],Rallon E-TEAM,,mtb,L,L,,170,190,170-190 cm,cm,647.2,478,"{""Seat Tube (C-T)"": ""410,0"", ""Top Tube (EFF)"": ""603,1"", ""Head Tube"": ""120"", ""Chainstay"": ""442,0"", ""BB Drop"": ""28,0"", ""BB Height"": ""352,5"", ""Wheelbase"": ""1.266,6"", ""Head Angle"": ""64,25"", ""Seat Angle"": ""79,1"", ""Rake"": ""44"", ""Standover"": ""758,0"", ""Reach"": ""478,0"", ""Stack"": ""647,2"", ""Fork Length"": ""587,7""}",6999,false,https://www.orbea.com/es-es/rallon-e-team,https://www.orbea.com/en-int/rallon-e-team,json,2026-10-05
Orbea,Rallon [2c37aa8d],Rallon E-TEAM,,mtb,XL,XL,,180,200,180-200 cm,cm,656.2,505,"{""Seat Tube (C-T)"": ""420,0"", ""Top Tube (EFF)"": ""635,3"", ""Head Tube"": ""130"", ""Chainstay"": ""442,0"", ""BB Drop"": ""28,0"", ""BB Height"": ""352,5"", ""Wheelbase"": ""1.298,0"", ""Head Angle"": ""64,25"", ""Seat Angle"": ""78,8"", ""Rake"": ""44"", ""Standover"": ""763,0"", ""Reach"": ""505,0"", ""Stack"": ""656,2"", ""Fork Length"": ""587,7""}",6999,false,https://www.orbea.com/es-es/rallon-e-team,https://www.orbea.com/en-int/rallon-e-team,json,2026-10-05
Orbea,Rallon [2c37aa8d],Rallon E10,,mtb,S,S,,150,170,150-170 cm,cm,629.2,430,"{""Seat Tube (C-T)"": ""400,0"", ""Top Tube (EFF)"": ""542,6"", ""Head Tube"": ""100"", ""Chainstay"": ""442,0"", ""BB Drop"": ""28,0"", ""BB Height"": ""352,5"", ""Wheelbase"": ""1.209,9"", ""Head Angle"": ""64,25"", ""Seat Angle"": ""79,9"", ""Rake"": ""44"", ""Standover"": ""763,0"", ""Reach"": ""430,0"", ""Stack"": ""629,2"", ""Fork Length"": ""587,7""}",5399,false,https://www.orbea.com/es-es/rallon-e10,https://www.orbea.com/en-int/rallon-e10,json,2026-10-05
Orbea,Rallon [2c37aa8d],Rallon E10,,mtb,M,M,,160,180,160-180 cm,cm,638.2,455,"{""Seat Tube (C-T)"": ""405,0"", ""Top Tube (EFF)"": ""574,5"", ""Head Tube"": ""110"", ""Chainstay"": ""442,0"", ""BB Drop"": ""28,0"", ""BB Height"": ""352,5"", ""Wheelbase"": ""1.239,3"", ""Head Angle"": ""64,25"", ""Seat Angle"": ""79,4"", ""Rake"": ""44"", ""Standover"": ""756,0"", ""Reach"": ""455,0"", ""Stack"": ""638,2"", ""Fork Length"": ""587,7""}",5399,false,https://www.orbea.com/es-es/rallon-e10,https://www.orbea.com/en-int/rallon-e10,json,2026-10-05
Orbea,Rallon [2c37aa8d],Rallon E10,,mtb,L,L,,170,190,170-190 cm,cm,647.2,478,"{""Seat Tube (C-T)"": ""410,0"", ""Top Tube (EFF)"": ""603,1"", ""Head Tube"": ""120"", ""Chainstay"": ""442,0"", ""BB Drop"": ""28,0"", ""BB Height"": ""352,5"", ""Wheelbase"": ""1.266,6"", ""Head Angle"": ""64,25"", ""Seat Angle"": ""79,1"", ""Rake"": ""44"", ""Standover"": ""758,0"", ""Reach"": ""478,0"", ""Stack"": ""647,2"", ""Fork Length"": ""587,7""}",5399,false,https://www.orbea.com/es-es/rallon-e10,https://www.orbea.com/en-int/rallon-e10,json,2026-10-05
Orbea,Rallon [2c37aa8d],Rallon E10,,mtb,XL,XL,,180,200,180-200 cm,cm,656.2,505,"{""Seat Tube (C-T)"": ""420,0"", ""Top Tube (EFF)"": ""635,3"", ""Head Tube"": ""130"", ""Chainstay"": ""442,0"", ""BB Drop"": ""28,0"", ""BB Height"": ""352,5"", ""Wheelbase"": ""1.298,0"", ""Head Angle"": ""64,25"", ""Seat Angle"": ""78,8"", ""Rake"": ""44"", ""Standover"": ""763,0"", ""Reach"": ""505,0"", ""Stack"": ""656,2"", ""Fork Length"": ""587,7""}",5399,false,https://www.orbea.com/es-es/rallon-e10,https://www.orbea.com/en-int/rallon-e10,json,2026-10-05
Orbea,Onna [dd46f29c],Onna 50,,mtb,"27.5""",,,,,,,582,365,"{""Seat Tube (C-T)"": ""350"", ""Top Tube (EFF)"": ""526"", ""Head Tube"": ""95"", ""Chainstay"": ""430"", ""BB Drop"": ""45"", ""BB Height"": ""312"", ""Wheelbase"": ""1049"", ""Head Angle"": ""68,5"", ""Seat Angle"": ""74,5"", ""RAKE"": ""42"", ""Standover"": ""668"", ""Reach"": ""365"", ""Stack"": ""582"", ""Fork Length"": ""498,9""}",599,false,https://www.orbea.com/es-es/onna-50,https://www.orbea.com/en-int/onna-50,json,2026-10-05
Orbea,Onna [dd46f29c],Onna 40,,mtb,"27.5""",,,,,,,582,365,"{""Seat Tube (C-T)"": ""350"", ""Top Tube (EFF)"": ""526"", ""Head Tube"": ""95"", ""Chainstay"": ""430"", ""BB Drop"": ""45"", ""BB Height"": ""312"", ""Wheelbase"": ""1049"", ""Head Angle"": ""68,5"", ""Seat Angle"": ""74,5"", ""RAKE"": ""42"", ""Standover"": ""668"", ""Reach"": ""365"", ""Stack"": ""582"", ""Fork Length"": ""498,9""}",649,false,https://www.orbea.com/es-es/onna-40,https://www.orbea.com/en-int/onna-40,json,2026-10-05
Orbea,Onna [dd46f29c],Onna 20,,mtb,"27.5""",,,,,,,582,365,"{""Seat Tube (C-T)"": ""350"", ""Top Tube (EFF)"": ""526"", ""Head Tube"": ""95"", ""Chainstay"": ""430"", ""BB Drop"": ""45"", ""BB Height"": ""312"", ""Wheelbase"": ""1049"", ""Head Angle"": ""68,5"", ""Seat Angle"": ""74,5"", ""RAKE"": ""42"", ""Standover"": ""668"", ""Reach"": ""365"", ""Stack"": ""582"", ""Fork Length"": ""498,9""}",899,false,https://www.orbea.com/es-es/onna-20,https://www.orbea.com/en-int/onna-20,json,2026-10-05
Orbea,Rise SL H30 [0fa08fb3],Rise SL H30,,emtb,S,S,,150,170,150-170 cm,cm,609,440,"{""1 Seat Tube (C-T)"": ""405"", ""2 Top Tube (EFF)"": ""568"", ""3 Head Tube"": ""95"", ""4 Chainstay"": ""440"", ""5 BB Drop"": ""37"", ""6 BB Height"": ""-"", ""7 Wheelbase"": ""1192"", ""8 Head Angle"": ""65,5"", ""9 Seat Angle"": ""78"", ""10 Rake"": ""44"", ""11 Standover"": ""-"", ""12 Reach"": ""440"", ""13 Stack"": ""609"", ""14 Fork Length"": ""554""}",4699,false,https://www.orbea.com/es-es/rise-sl-h30,https://www.orbea.com/en-int/rise-sl-h30,html,2026-10-05
Orbea,Rise SL H30 [0fa08fb3],Rise SL H30,,emtb,M,M,,160,180,160-180 cm,cm,613,465,"{""1 Seat Tube (C-T)"": ""415"", ""2 Top Tube (EFF)"": ""594"", ""3 Head Tube"": ""105"", ""4 Chainstay"": ""440"", ""5 BB Drop"": ""37"", ""6 BB Height"": ""-"", ""7 Wheelbase"": ""1220"", ""8 Head Angle"": ""65,5"", ""9 Seat Angle"": ""78"", ""10 Rake"": ""44"", ""11 Standover"": ""-"", ""12 Reach"": ""465"", ""13 Stack"": ""613"", ""14 Fork Length"": ""554""}",4699,false,https://www.orbea.com/es-es/rise-sl-h30,https://www.orbea.com/en-int/rise-sl-h30,html,2026-10-05
Orbea,Rise SL H30 [0fa08fb3],Rise SL H30,,emtb,L,L,,170,190,170-190 cm,cm,623,490,"{""1 Seat Tube (C-T)"": ""430"", ""2 Top Tube (EFF)"": ""622"", ""3 Head Tube"": ""110"", ""4 Chainstay"": ""440"", ""5 BB Drop"": ""37"", ""6 BB Height"": ""-"", ""7 Wheelbase"": ""1249"", ""8 Head Angle"": ""65,5"", ""9 Seat Angle"": ""78"", ""10 Rake"": ""44"", ""11 Standover"": ""-"", ""12 Reach"": ""490"", ""13 Stack"": ""623"", ""14 Fork Length"": ""554""}",4699,false,https://www.orbea.com/es-es/rise-sl-h30,https://www.orbea.com/en-int/rise-sl-h30,html,2026-10-05
Orbea,Rise SL H30 [0fa08fb3],Rise SL H30,,emtb,XL,XL,,180,200,180-200 cm,cm,632,515,"{""1 Seat Tube (C-T)"": ""460"", ""2 Top Tube (EFF)"": ""651"", ""3 Head Tube"": ""120"", ""4 Chainstay"": ""440"", ""5 BB Drop"": ""37"", ""6 BB Height"": ""-"", ""7 Wheelbase"": ""1278"", ""8 Head Angle"": ""65,5"", ""9 Seat Angle"": ""78"", ""10 Rake"": ""44"", ""11 Standover"": ""-"", ""12 Reach"": ""515"", ""13 Stack"": ""632"", ""14 Fork Length"": ""554""}",4699,false,https://www.orbea.com/es-es/rise-sl-h30,https://www.orbea.com/en-int/rise-sl-h30,html,2026-10-05
Orbea,Urrun [6e46cd6a],Urrun 10,,emtb,S,S,,150,175,150-175 cm,cm,625,410,"{""1 Seat Tube (C-T)"": ""400"", ""2 Top Tube (EFF)"": ""575"", ""3 Head Tube"": ""100"", ""4 Chainstay"": ""445"", ""5 BB Drop"": ""63"", ""6 BB Height"": ""314"", ""7 Wheelbase"": ""1149"", ""8 Head Angle"": ""66"", ""9 Seat Angle"": ""74,5"", ""10 Rake"": ""44"", ""11 Standover"": ""775"", ""12 Reach"": ""410"", ""13 Stack"": ""625"", ""14 Fork Length"": ""534""}",4199,false,https://www.orbea.com/es-es/urrun-10,https://www.orbea.com/en-int/urrun-10,html,2026-10-05
Orbea,Urrun [6e46cd6a],Urrun 10,,emtb,M,M,,160,185,160-185 cm,cm,630,430,"{""1 Seat Tube (C-T)"": ""420"", ""2 Top Tube (EFF)"": ""596"", ""3 Head Tube"": ""105"", ""4 Chainstay"": ""445"", ""5 BB Drop"": ""63"", ""6 BB Height"": ""314"", ""7 Wheelbase"": ""1171"", ""8 Head Angle"": ""66"", ""9 Seat Angle"": ""74,5"", ""10 Rake"": ""44"", ""11 Standover"": ""780"", ""12 Reach"": ""430"", ""13 Stack"": ""630"", ""14 Fork Length"": ""534""}",4199,false,https://www.orbea.com/es-es/urrun-10,https://www.orbea.com/en-int/urrun-10,html,2026-10-05
Orbea,Urrun [6e46cd6a],Urrun 10,,emtb,L,L,,170,195,170-195 cm,cm,639,455,"{""1 Seat Tube (C-T)"": ""450"", ""2 Top Tube (EFF)"": ""624"", ""3 Head Tube"": ""115"", ""4 Chainstay"": ""445"", ""5 BB Drop"": ""63"", ""6 BB Height"": ""314"", ""7 Wheelbase"": ""1200"", ""8 Head Angle"": ""66"", ""9 Seat Angle"": ""74,5"", ""10 Rake"": ""44"", ""11 Standover"": ""791"", ""12 Reach"": ""455"", ""13 Stack"": ""639"", ""14 Fork Length"": ""534""}",4199,false,https://www.orbea.com/es-es/urrun-10,https://www.orbea.com/en-int/urrun-10,html,2026-10-05
Orbea,Urrun [6e46cd6a],Urrun 10,,emtb,XL,XL,,180,205,180-205 cm,cm,657,475,"{""1 Seat Tube (C-T)"": ""500"", ""2 Top Tube (EFF)"": ""649"", ""3 Head Tube"": ""135"", ""4 Chainstay"": ""445"", ""5 BB Drop"": ""63"", ""6 BB Height"": ""314"", ""7 Wheelbase"": ""1228"", ""8 Head Angle"": ""66"", ""9 Seat Angle"": ""74,5"", ""10 Rake"": ""44"", ""11 Standover"": ""814"", ""12 Reach"": ""475"", ""13 Stack"": ""657"", ""14 Fork Length"": ""534""}",4199,false,https://www.orbea.com/es-es/urrun-10,https://www.orbea.com/en-int/urrun-10,html,2026-10-05
Orbea,Urrun [6e46cd6a],Urrun 20,,emtb,S,S,,150,175,150-175 cm,cm,625,410,"{""1 Seat Tube (C-T)"": ""400"", ""2 Top Tube (EFF)"": ""575"", ""3 Head Tube"": ""100"", ""4 Chainstay"": ""445"", ""5 BB Drop"": ""63"", ""6 BB Height"": ""314"", ""7 Wheelbase"": ""1149"", ""8 Head Angle"": ""66"", ""9 Seat Angle"": ""74,5"", ""10 Rake"": ""44"", ""11 Standover"": ""775"", ""12 Reach"": ""410"", ""13 Stack"": ""625"", ""14 Fork Length"": ""534""}",3599,false,https://www.orbea.com/es-es/urrun-20,https://www.orbea.com/en-int/urrun-20,html,2026-10-05
Orbea,Urrun [6e46cd6a],Urrun 20,,emtb,M,M,,160,185,160-185 cm,cm,630,430,"{""1 Seat Tube (C-T)"": ""420"", ""2 Top Tube (EFF)"": ""596"", ""3 Head Tube"": ""105"", ""4 Chainstay"": ""445"", ""5 BB Drop"": ""63"", ""6 BB Height"": ""314"", ""7 Wheelbase"": ""1171"", ""8 Head Angle"": ""66"", ""9 Seat Angle"": ""74,5"", ""10 Rake"": ""44"", ""11 Standover"": ""780"", ""12 Reach"": ""430"", ""13 Stack"": ""630"", ""14 Fork Length"": ""534""}",3599,false,https://www.orbea.com/es-es/urrun-20,https://www.orbea.com/en-int/urrun-20,html,2026-10-05
Orbea,Urrun [6e46cd6a],Urrun 20,,emtb,L,L,,170,195,170-195 cm,cm,639,455,"{""1 Seat Tube (C-T)"": ""450"", ""2 Top Tube (EFF)"": ""624"", ""3 Head Tube"": ""115"", ""4 Chainstay"": ""445"", ""5 BB Drop"": ""63"", ""6 BB Height"": ""314"", ""7 Wheelbase"": ""1200"", ""8 Head Angle"": ""66"", ""9 Seat Angle"": ""74,5"", ""10 Rake"": ""44"", ""11 Standover"": ""791"", ""12 Reach"": ""455"", ""13 Stack"": ""639"", ""14 Fork Length"": ""534""}",3599,false,https://www.orbea.com/es-es/urrun-20,https://www.orbea.com/en-int/urrun-20,html,2026-10-05
Orbea,Urrun [6e46cd6a],Urrun 20,,emtb,XL,XL,,180,205,180-205 cm,cm,657,475,"{""1 Seat Tube (C-T)"": ""500"", ""2 Top Tube (EFF)"": ""649"", ""3 Head Tube"": ""135"", ""4 Chainstay"": ""445"", ""5 BB Drop"": ""63"", ""6 BB Height"": ""314"", ""7 Wheelbase"": ""1228"", ""8 Head Angle"": ""66"", ""9 Seat Angle"": ""74,5"", ""10 Rake"": ""44"", ""11 Standover"": ""814"", ""12 Reach"": ""475"", ""13 Stack"": ""657"", ""14 Fork Length"": ""534""}",3599,false,https://www.orbea.com/es-es/urrun-20,https://www.orbea.com/en-int/urrun-20,html,2026-10-05
Orbea,Urrun [6e46cd6a],Urrun 30,,emtb,S,S,,150,175,150-175 cm,cm,625,410,"{""1 Seat Tube (C-T)"": ""400"", ""2 Top Tube (EFF)"": ""575"", ""3 Head Tube"": ""100"", ""4 Chainstay"": ""445"", ""5 BB Drop"": ""63"", ""6 BB Height"": ""314"", ""7 Wheelbase"": ""1149"", ""8 Head Angle"": ""66"", ""9 Seat Angle"": ""74,5"", ""10 Rake"": ""44"", ""11 Standover"": ""775"", ""12 Reach"": ""410"", ""13 Stack"": ""625"", ""14 Fork Length"": ""534""}",2899,false,https://www.orbea.com/es-es/urrun-30,https://www.orbea.com/en-int/urrun-30,html,2026-10-05
Orbea,Urrun [6e46cd6a],Urrun 30,,emtb,M,M,,160,185,160-185 cm,cm,630,430,"{""1 Seat Tube (C-T)"": ""420"", ""2 Top Tube (EFF)"": ""596"", ""3 Head Tube"": ""105"", ""4 Chainstay"": ""445"", ""5 BB Drop"": ""63"", ""6 BB Height"": ""314"", ""7 Wheelbase"": ""1171"", ""8 Head Angle"": ""66"", ""9 Seat Angle"": ""74,5"", ""10 Rake"": ""44"", ""11 Standover"": ""780"", ""12 Reach"": ""430"", ""13 Stack"": ""630"", ""14 Fork Length"": ""534""}",2899,false,https://www.orbea.com/es-es/urrun-30,https://www.orbea.com/en-int/urrun-30,html,2026-10-05
Orbea,Urrun [6e46cd6a],Urrun 30,,emtb,L,L,,170,195,170-195 cm,cm,639,455,"{""1 Seat Tube (C-T)"": ""450"", ""2 Top Tube (EFF)"": ""624"", ""3 Head Tube"": ""115"", ""4 Chainstay"": ""445"", ""5 BB Drop"": ""63"", ""6 BB Height"": ""314"", ""7 Wheelbase"": ""1200"", ""8 Head Angle"": ""66"", ""9 Seat Angle"": ""74,5"", ""10 Rake"": ""44"", ""11 Standover"": ""791"", ""12 Reach"": ""455"", ""13 Stack"": ""639"", ""14 Fork Length"": ""534""}",2899,false,https://www.orbea.com/es-es/urrun-30,https://www.orbea.com/en-int/urrun-30,html,2026-10-05
Orbea,Urrun [6e46cd6a],Urrun 30,,emtb,XL,XL,,180,205,180-205 cm,cm,657,475,"{""1 Seat Tube (C-T)"": ""500"", ""2 Top Tube (EFF)"": ""649"", ""3 Head Tube"": ""135"", ""4 Chainstay"": ""445"", ""5 BB Drop"": ""63"", ""6 BB Height"": ""314"", ""7 Wheelbase"": ""1228"", ""8 Head Angle"": ""66"", ""9 Seat Angle"": ""74,5"", ""10 Rake"": ""44"", ""11 Standover"": ""814"", ""12 Reach"": ""475"", ""13 Stack"": ""657"", ""14 Fork Length"": ""534""}",2899,false,https://www.orbea.com/es-es/urrun-30,https://www.orbea.com/en-int/urrun-30,html,2026-10-05
Orbea,Wild LT [14f8a25f],Wild LT M-LTD RS,,emtb,S,S,,150,175,150-175 cm,cm,624.5,436.2,"{""Seat Tube (C-T)"": ""400"", ""Top Tube (EFF)"": ""562,96"", ""Head Tube"": ""110"", ""Chainstay"": ""448"", ""BB Drop"": ""20,01"", ""BB Height"": ""357,49"", ""Wheelbase"": ""1228,94"", ""Head Angle"": ""63.90"", ""Seat Angle"": ""78"", ""Rake"": ""44"", ""Standover"": ""773,74"", ""Reach"": ""436,24"", ""Stack"": ""624,51"", ""Fork Length"": ""583,7""}",13499,false,https://www.orbea.com/es-es/wild-lt-m-ltd-rs,https://www.orbea.com/en-int/wild-lt-m-ltd-rs,json,2026-10-05
Orbea,Wild LT [14f8a25f],Wild LT M-LTD RS,,emtb,M,M,,160,185,160-185 cm,cm,633.5,461.2,"{""Seat Tube (C-T)"": ""405"", ""Top Tube (EFF)"": ""593,37"", ""Head Tube"": ""120"", ""Chainstay"": ""448"", ""BB Drop"": ""20,01"", ""BB Height"": ""357,49"", ""Wheelbase"": ""1258,34"", ""Head Angle"": ""63.90"", ""Seat Angle"": ""78"", ""Rake"": ""44"", ""Standover"": ""776,97"", ""Reach"": ""461,24"", ""Stack"": ""633,49"", ""Fork Length"": ""583,7""}",13499,false,https://www.orbea.com/es-es/wild-lt-m-ltd-rs,https://www.orbea.com/en-int/wild-lt-m-ltd-rs,json,2026-10-05
Orbea,Wild LT [14f8a25f],Wild LT M-LTD RS,,emtb,L,L,,170,195,170-195 cm,cm,642.5,486.2,"{""Seat Tube (C-T)"": ""410"", ""Top Tube (EFF)"": ""622,81"", ""Head Tube"": ""130"", ""Chainstay"": ""448"", ""BB Drop"": ""20,01"", ""BB Height"": ""357,49"", ""Wheelbase"": ""1287,74"", ""Head Angle"": ""63.90"", ""Seat Angle"": ""78"", ""Rake"": ""44"", ""Standover"": ""780,7"", ""Reach"": ""486,24"", ""Stack"": ""642,47"", ""Fork Length"": ""583,7""}",13499,false,https://www.orbea.com/es-es/wild-lt-m-ltd-rs,https://www.orbea.com/en-int/wild-lt-m-ltd-rs,json,2026-10-05
Orbea,Wild LT [14f8a25f],Wild LT M-LTD RS,,emtb,XL,XL,,180,205,180-205 cm,cm,651.5,511.2,"{""Seat Tube (C-T)"": ""420"", ""Top Tube (EFF)"": ""652,07"", ""Head Tube"": ""140"", ""Chainstay"": ""448"", ""BB Drop"": ""20,01"", ""BB Height"": ""357,49"", ""Wheelbase"": ""1317,14"", ""Head Angle"": ""63.90"", ""Seat Angle"": ""78"", ""Rake"": ""44"", ""Standover"": ""783,93"", ""Reach"": ""511,24"", ""Stack"": ""651,45"", ""Fork Length"": ""583,7""}",13499,false,https://www.orbea.com/es-es/wild-lt-m-ltd-rs,https://www.orbea.com/en-int/wild-lt-m-ltd-rs,json,2026-10-05
Orbea,Wild LT [14f8a25f],Wild LT M-TEAM RS,,emtb,S,S,,150,175,150-175 cm,cm,624.5,436.2,"{""Seat Tube (C-T)"": ""400"", ""Top Tube (EFF)"": ""562,96"", ""Head Tube"": ""110"", ""Chainstay"": ""448"", ""BB Drop"": ""20,01"", ""BB Height"": ""357,49"", ""Wheelbase"": ""1228,94"", ""Head Angle"": ""63.90"", ""Seat Angle"": ""78"", ""Rake"": ""44"", ""Standover"": ""773,74"", ""Reach"": ""436,24"", ""Stack"": ""624,51"", ""Fork Length"": ""583,7""}",9999,false,https://www.orbea.com/es-es/wild-lt-m-team-rs,https://www.orbea.com/en-int/wild-lt-m-team-rs,json,2026-10-05
Orbea,Wild LT [14f8a25f],Wild LT M-TEAM RS,,emtb,M,M,,160,185,160-185 cm,cm,633.5,461.2,"{""Seat Tube (C-T)"": ""405"", ""Top Tube (EFF)"": ""593,37"", ""Head Tube"": ""120"", ""Chainstay"": ""448"", ""BB Drop"": ""20,01"", ""BB Height"": ""357,49"", ""Wheelbase"": ""1258,34"", ""Head Angle"": ""63.90"", ""Seat Angle"": ""78"", ""Rake"": ""44"", ""Standover"": ""776,97"", ""Reach"": ""461,24"", ""Stack"": ""633,49"", ""Fork Length"": ""583,7""}",9999,false,https://www.orbea.com/es-es/wild-lt-m-team-rs,https://www.orbea.com/en-int/wild-lt-m-team-rs,json,2026-10-05
Orbea,Wild LT [14f8a25f],Wild LT M-TEAM RS,,emtb,L,L,,170,195,170-195 cm,cm,642.5,486.2,"{""Seat Tube (C-T)"": ""410"", ""Top Tube (EFF)"": ""622,81"", ""Head Tube"": ""130"", ""Chainstay"": ""448"", ""BB Drop"": ""20,01"", ""BB Height"": ""357,49"", ""Wheelbase"": ""1287,74"", ""Head Angle"": ""63.90"", ""Seat Angle"": ""78"", ""Rake"": ""44"", ""Standover"": ""780,7"", ""Reach"": ""486,24"", ""Stack"": ""642,47"", ""Fork Length"": ""583,7""}",9999,false,https://www.orbea.com/es-es/wild-lt-m-team-rs,https://www.orbea.com/en-int/wild-lt-m-team-rs,json,2026-10-05
Orbea,Wild LT [14f8a25f],Wild LT M-TEAM RS,,emtb,XL,XL,,180,205,180-205 cm,cm,651.5,511.2,"{""Seat Tube (C-T)"": ""420"", ""Top Tube (EFF)"": ""652,07"", ""Head Tube"": ""140"", ""Chainstay"": ""448"", ""BB Drop"": ""20,01"", ""BB Height"": ""357,49"", ""Wheelbase"": ""1317,14"", ""Head Angle"": ""63.90"", ""Seat Angle"": ""78"", ""Rake"": ""44"", ""Standover"": ""783,93"", ""Reach"": ""511,24"", ""Stack"": ""651,45"", ""Fork Length"": ""583,7""}",9999,false,https://www.orbea.com/es-es/wild-lt-m-team-rs,https://www.orbea.com/en-int/wild-lt-m-team-rs,json,2026-10-05
Orbea,Wild LT [14f8a25f],Wild LT M10,,emtb,S,S,,150,175,150-175 cm,cm,624.5,436.2,"{""Seat Tube (C-T)"": ""400"", ""Top Tube (EFF)"": ""562,96"", ""Head Tube"": ""110"", ""Chainstay"": ""448"", ""BB Drop"": ""20,01"", ""BB Height"": ""357,49"", ""Wheelbase"": ""1228,94"", ""Head Angle"": ""63.90"", ""Seat Angle"": ""78"", ""Rake"": ""44"", ""Standover"": ""773,74"", ""Reach"": ""436,24"", ""Stack"": ""624,51"", ""Fork Length"": ""583,7""}",8499,false,https://www.orbea.com/es-es/wild-lt-m10,https://www.orbea.com/en-int/wild-lt-m10,json,2026-10-05
Orbea,Wild LT [14f8a25f],Wild LT M10,,emtb,M,M,,160,185,160-185 cm,cm,633.5,461.2,"{""Seat Tube (C-T)"": ""405"", ""Top Tube (EFF)"": ""593,37"", ""Head Tube"": ""120"", ""Chainstay"": ""448"", ""BB Drop"": ""20,01"", ""BB Height"": ""357,49"", ""Wheelbase"": ""1258,34"", ""Head Angle"": ""63.90"", ""Seat Angle"": ""78"", ""Rake"": ""44"", ""Standover"": ""776,97"", ""Reach"": ""461,24"", ""Stack"": ""633,49"", ""Fork Length"": ""583,7""}",8499,false,https://www.orbea.com/es-es/wild-lt-m10,https://www.orbea.com/en-int/wild-lt-m10,json,2026-10-05
Orbea,Wild LT [14f8a25f],Wild LT M10,,emtb,L,L,,170,195,170-195 cm,cm,642.5,486.2,"{""Seat Tube (C-T)"": ""410"", ""Top Tube (EFF)"": ""622,81"", ""Head Tube"": ""130"", ""Chainstay"": ""448"", ""BB Drop"": ""20,01"", ""BB Height"": ""357,49"", ""Wheelbase"": ""1287,74"", ""Head Angle"": ""63.90"", ""Seat Angle"": ""78"", ""Rake"": ""44"", ""Standover"": ""780,7"", ""Reach"": ""486,24"", ""Stack"": ""642,47"", ""Fork Length"": ""583,7""}",8499,false,https://www.orbea.com/es-es/wild-lt-m10,https://www.orbea.com/en-int/wild-lt-m10,json,2026-10-05
Orbea,Wild LT [14f8a25f],Wild LT M10,,emtb,XL,XL,,180,205,180-205 cm,cm,651.5,511.2,"{""Seat Tube (C-T)"": ""420"", ""Top Tube (EFF)"": ""652,07"", ""Head Tube"": ""140"", ""Chainstay"": ""448"", ""BB Drop"": ""20,01"", ""BB Height"": ""357,49"", ""Wheelbase"": ""1317,14"", ""Head Angle"": ""63.90"", ""Seat Angle"": ""78"", ""Rake"": ""44"", ""Standover"": ""783,93"", ""Reach"": ""511,24"", ""Stack"": ""651,45"", ""Fork Length"": ""583,7""}",8499,false,https://www.orbea.com/es-es/wild-lt-m10,https://www.orbea.com/en-int/wild-lt-m10,json,2026-10-05
Orbea,Wild LT [14f8a25f],Wild LT M20,,emtb,S,S,,150,175,150-175 cm,cm,624.5,436.2,"{""Seat Tube (C-T)"": ""400"", ""Top Tube (EFF)"": ""562,96"", ""Head Tube"": ""110"", ""Chainstay"": ""448"", ""BB Drop"": ""20,01"", ""BB Height"": ""357,49"", ""Wheelbase"": ""1228,94"", ""Head Angle"": ""63.90"", ""Seat Angle"": ""78"", ""Rake"": ""44"", ""Standover"": ""773,74"", ""Reach"": ""436,24"", ""Stack"": ""624,51"", ""Fork Length"": ""583,7""}",6999,false,https://www.orbea.com/es-es/wild-lt-m20,https://www.orbea.com/en-int/wild-lt-m20,json,2026-10-05
Orbea,Wild LT [14f8a25f],Wild LT M20,,emtb,M,M,,160,185,160-185 cm,cm,633.5,461.2,"{""Seat Tube (C-T)"": ""405"", ""Top Tube (EFF)"": ""593,37"", ""Head Tube"": ""120"", ""Chainstay"": ""448"", ""BB Drop"": ""20,01"", ""BB Height"": ""357,49"", ""Wheelbase"": ""1258,34"", ""Head Angle"": ""63.90"", ""Seat Angle"": ""78"", ""Rake"": ""44"", ""Standover"": ""776,97"", ""Reach"": ""461,24"", ""Stack"": ""633,49"", ""Fork Length"": ""583,7""}",6999,false,https://www.orbea.com/es-es/wild-lt-m20,https://www.orbea.com/en-int/wild-lt-m20,json,2026-10-05
Orbea,Wild LT [14f8a25f],Wild LT M20,,emtb,L,L,,170,195,170-195 cm,cm,642.5,486.2,"{""Seat Tube (C-T)"": ""410"", ""Top Tube (EFF)"": ""622,81"", ""Head Tube"": ""130"", ""Chainstay"": ""448"", ""BB Drop"": ""20,01"", ""BB Height"": ""357,49"", ""Wheelbase"": ""1287,74"", ""Head Angle"": ""63.90"", ""Seat Angle"": ""78"", ""Rake"": ""44"", ""Standover"": ""780,7"", ""Reach"": ""486,24"", ""Stack"": ""642,47"", ""Fork Length"": ""583,7""}",6999,false,https://www.orbea.com/es-es/wild-lt-m20,https://www.orbea.com/en-int/wild-lt-m20,json,2026-10-05
Orbea,Wild LT [14f8a25f],Wild LT M20,,emtb,XL,XL,,180,205,180-205 cm,cm,651.5,511.2,"{""Seat Tube (C-T)"": ""420"", ""Top Tube (EFF)"": ""652,07"", ""Head Tube"": ""140"", ""Chainstay"": ""448"", ""BB Drop"": ""20,01"", ""BB Height"": ""357,49"", ""Wheelbase"": ""1317,14"", ""Head Angle"": ""63.90"", ""Seat Angle"": ""78"", ""Rake"": ""44"", ""Standover"": ""783,93"", ""Reach"": ""511,24"", ""Stack"": ""651,45"", ""Fork Length"": ""583,7""}",6999,false,https://www.orbea.com/es-es/wild-lt-m20,https://www.orbea.com/en-int/wild-lt-m20,json,2026-10-05
Orbea,Wild LT [14f8a25f],Wild LT M-LTD RS Mullet,,emtb,S,S,,150,175,150-175 cm,cm,624.5,436.2,"{""Seat Tube (C-T)"": ""400"", ""Top Tube (EFF)"": ""562,96"", ""Head Tube"": ""110"", ""Chainstay"": ""448"", ""BB Drop"": ""20,01"", ""BB Height"": ""357,49"", ""Wheelbase"": ""1228,94"", ""Head Angle"": ""63.90"", ""Seat Angle"": ""78"", ""Rake"": ""44"", ""Standover"": ""773,74"", ""Reach"": ""436,24"", ""Stack"": ""624,51"", ""Fork Length"": ""583,7""}",12699,false,https://www.orbea.com/es-es/wild-lt-m-ltd-rs-mullet,https://www.orbea.com/en-int/wild-lt-m-ltd-rs-mullet,json,2026-10-05
Orbea,Wild LT [14f8a25f],Wild LT M-LTD RS Mullet,,emtb,M,M,,160,185,160-185 cm,cm,633.5,461.2,"{""Seat Tube (C-T)"": ""405"", ""Top Tube (EFF)"": ""593,37"", ""Head Tube"": ""120"", ""Chainstay"": ""448"", ""BB Drop"": ""20,01"", ""BB Height"": ""357,49"", ""Wheelbase"": ""1258,34"", ""Head Angle"": ""63.90"", ""Seat Angle"": ""78"", ""Rake"": ""44"", ""Standover"": ""776,97"", ""Reach"": ""461,24"", ""Stack"": ""633,49"", ""Fork Length"": ""583,7""}",12699,false,https://www.orbea.com/es-es/wild-lt-m-ltd-rs-mullet,https://www.orbea.com/en-int/wild-lt-m-ltd-rs-mullet,json,2026-10-05
Orbea,Wild LT [14f8a25f],Wild LT M-LTD RS Mullet,,emtb,L,L,,170,195,170-195 cm,cm,642.5,486.2,"{""Seat Tube (C-T)"": ""410"", ""Top Tube (EFF)"": ""622,81"", ""Head Tube"": ""130"", ""Chainstay"": ""448"", ""BB Drop"": ""20,01"", ""BB Height"": ""357,49"", ""Wheelbase"": ""1287,74"", ""Head Angle"": ""63.90"", ""Seat Angle"": ""78"", ""Rake"": ""44"", ""Standover"": ""780,7"", ""Reach"": ""486,24"", ""Stack"": ""642,47"", ""Fork Length"": ""583,7""}",12699,false,https://www.orbea.com/es-es/wild-lt-m-ltd-rs-mullet,https://www.orbea.com/en-int/wild-lt-m-ltd-rs-mullet,json,2026-10-05
Orbea,Wild LT [14f8a25f],Wild LT M-LTD RS Mullet,,emtb,XL,XL,,180,205,180-205 cm,cm,651.5,511.2,"{""Seat Tube (C-T)"": ""420"", ""Top Tube (EFF)"": ""652,07"", ""Head Tube"": ""140"", ""Chainstay"": ""448"", ""BB Drop"": ""20,01"", ""BB Height"": ""357,49"", ""Wheelbase"": ""1317,14"", ""Head Angle"": ""63.90"", ""Seat Angle"": ""78"", ""Rake"": ""44"", ""Standover"": ""783,93"", ""Reach"": ""511,24"", ""Stack"": ""651,45"", ""Fork Length"": ""583,7""}",12699,false,https://www.orbea.com/es-es/wild-lt-m-ltd-rs-mullet,https://www.orbea.com/en-int/wild-lt-m-ltd-rs-mullet,json,2026-10-05
Orbea,Wild LT [14f8a25f],Wild LT M-TEAM RS Mullet,,emtb,S,S,,150,175,150-175 cm,cm,624.5,436.2,"{""Seat Tube (C-T)"": ""400"", ""Top Tube (EFF)"": ""562,96"", ""Head Tube"": ""110"", ""Chainstay"": ""448"", ""BB Drop"": ""20,01"", ""BB Height"": ""357,49"", ""Wheelbase"": ""1228,94"", ""Head Angle"": ""63.90"", ""Seat Angle"": ""78"", ""Rake"": ""44"", ""Standover"": ""773,74"", ""Reach"": ""436,24"", ""Stack"": ""624,51"", ""Fork Length"": ""583,7""}",9999,false,https://www.orbea.com/es-es/wild-lt-m-team-rs-mullet,https://www.orbea.com/en-int/wild-lt-m-team-rs-mullet,json,2026-10-05
Orbea,Wild LT [14f8a25f],Wild LT M-TEAM RS Mullet,,emtb,M,M,,160,185,160-185 cm,cm,633.5,461.2,"{""Seat Tube (C-T)"": ""405"", ""Top Tube (EFF)"": ""593,37"", ""Head Tube"": ""120"", ""Chainstay"": ""448"", ""BB Drop"": ""20,01"", ""BB Height"": ""357,49"", ""Wheelbase"": ""1258,34"", ""Head Angle"": ""63.90"", ""Seat Angle"": ""78"", ""Rake"": ""44"", ""Standover"": ""776,97"", ""Reach"": ""461,24"", ""Stack"": ""633,49"", ""Fork Length"": ""583,7""}",9999,false,https://www.orbea.com/es-es/wild-lt-m-team-rs-mullet,https://www.orbea.com/en-int/wild-lt-m-team-rs-mullet,json,2026-10-05
Orbea,Wild LT [14f8a25f],Wild LT M-TEAM RS Mullet,,emtb,L,L,,170,195,170-195 cm,cm,642.5,486.2,"{""Seat Tube (C-T)"": ""410"", ""Top Tube (EFF)"": ""622,81"", ""Head Tube"": ""130"", ""Chainstay"": ""448"", ""BB Drop"": ""20,01"", ""BB Height"": ""357,49"", ""Wheelbase"": ""1287,74"", ""Head Angle"": ""63.90"", ""Seat Angle"": ""78"", ""Rake"": ""44"", ""Standover"": ""780,7"", ""Reach"": ""486,24"", ""Stack"": ""642,47"", ""Fork Length"": ""583,7""}",9999,false,https://www.orbea.com/es-es/wild-lt-m-team-rs-mullet,https://www.orbea.com/en-int/wild-lt-m-team-rs-mullet,json,2026-10-05
Orbea,Wild LT [14f8a25f],Wild LT M-TEAM RS Mullet,,emtb,XL,XL,,180,205,180-205 cm,cm,651.5,511.2,"{""Seat Tube (C-T)"": ""420"", ""Top Tube (EFF)"": ""652,07"", ""Head Tube"": ""140"", ""Chainstay"": ""448"", ""BB Drop"": ""20,01"", ""BB Height"": ""357,49"", ""Wheelbase"": ""1317,14"", ""Head Angle"": ""63.90"", ""Seat Angle"": ""78"", ""Rake"": ""44"", ""Standover"": ""783,93"", ""Reach"": ""511,24"", ""Stack"": ""651,45"", ""Fork Length"": ""583,7""}",9999,false,https://www.orbea.com/es-es/wild-lt-m-team-rs-mullet,https://www.orbea.com/en-int/wild-lt-m-team-rs-mullet,json,2026-10-05
Orbea,Wild LT [14f8a25f],Wild LT M10 Mullet,,emtb,S,S,,150,175,150-175 cm,cm,624.5,436.2,"{""Seat Tube (C-T)"": ""400"", ""Top Tube (EFF)"": ""562,96"", ""Head Tube"": ""110"", ""Chainstay"": ""448"", ""BB Drop"": ""20,01"", ""BB Height"": ""357,49"", ""Wheelbase"": ""1228,94"", ""Head Angle"": ""63.90"", ""Seat Angle"": ""78"", ""Rake"": ""44"", ""Standover"": ""773,74"", ""Reach"": ""436,24"", ""Stack"": ""624,51"", ""Fork Length"": ""583,7""}",8499,false,https://www.orbea.com/es-es/wild-lt-m10-mullet,https://www.orbea.com/en-int/wild-lt-m10-mullet,json,2026-10-05
Orbea,Wild LT [14f8a25f],Wild LT M10 Mullet,,emtb,M,M,,160,185,160-185 cm,cm,633.5,461.2,"{""Seat Tube (C-T)"": ""405"", ""Top Tube (EFF)"": ""593,37"", ""Head Tube"": ""120"", ""Chainstay"": ""448"", ""BB Drop"": ""20,01"", ""BB Height"": ""357,49"", ""Wheelbase"": ""1258,34"", ""Head Angle"": ""63.90"", ""Seat Angle"": ""78"", ""Rake"": ""44"", ""Standover"": ""776,97"", ""Reach"": ""461,24"", ""Stack"": ""633,49"", ""Fork Length"": ""583,7""}",8499,false,https://www.orbea.com/es-es/wild-lt-m10-mullet,https://www.orbea.com/en-int/wild-lt-m10-mullet,json,2026-10-05
Orbea,Wild LT [14f8a25f],Wild LT M10 Mullet,,emtb,L,L,,170,195,170-195 cm,cm,642.5,486.2,"{""Seat Tube (C-T)"": ""410"", ""Top Tube (EFF)"": ""622,81"", ""Head Tube"": ""130"", ""Chainstay"": ""448"", ""BB Drop"": ""20,01"", ""BB Height"": ""357,49"", ""Wheelbase"": ""1287,74"", ""Head Angle"": ""63.90"", ""Seat Angle"": ""78"", ""Rake"": ""44"", ""Standover"": ""780,7"", ""Reach"": ""486,24"", ""Stack"": ""642,47"", ""Fork Length"": ""583,7""}",8499,false,https://www.orbea.com/es-es/wild-lt-m10-mullet,https://www.orbea.com/en-int/wild-lt-m10-mullet,json,2026-10-05
Orbea,Wild LT [14f8a25f],Wild LT M10 Mullet,,emtb,XL,XL,,180,205,180-205 cm,cm,651.5,511.2,"{""Seat Tube (C-T)"": ""420"", ""Top Tube (EFF)"": ""652,07"", ""Head Tube"": ""140"", ""Chainstay"": ""448"", ""BB Drop"": ""20,01"", ""BB Height"": ""357,49"", ""Wheelbase"": ""1317,14"", ""Head Angle"": ""63.90"", ""Seat Angle"": ""78"", ""Rake"": ""44"", ""Standover"": ""783,93"", ""Reach"": ""511,24"", ""Stack"": ""651,45"", ""Fork Length"": ""583,7""}",8499,false,https://www.orbea.com/es-es/wild-lt-m10-mullet,https://www.orbea.com/en-int/wild-lt-m10-mullet,json,2026-10-05
Orbea,Wild LT [14f8a25f],Wild LT M20 Mullet,,emtb,S,S,,150,175,150-175 cm,cm,624.5,436.2,"{""Seat Tube (C-T)"": ""400"", ""Top Tube (EFF)"": ""562,96"", ""Head Tube"": ""110"", ""Chainstay"": ""448"", ""BB Drop"": ""20,01"", ""BB Height"": ""357,49"", ""Wheelbase"": ""1228,94"", ""Head Angle"": ""63.90"", ""Seat Angle"": ""78"", ""Rake"": ""44"", ""Standover"": ""773,74"", ""Reach"": ""436,24"", ""Stack"": ""624,51"", ""Fork Length"": ""583,7""}",6999,false,https://www.orbea.com/es-es/wild-lt-m20-mullet,https://www.orbea.com/en-int/wild-lt-m20-mullet,json,2026-10-05
Orbea,Wild LT [14f8a25f],Wild LT M20 Mullet,,emtb,M,M,,160,185,160-185 cm,cm,633.5,461.2,"{""Seat Tube (C-T)"": ""405"", ""Top Tube (EFF)"": ""593,37"", ""Head Tube"": ""120"", ""Chainstay"": ""448"", ""BB Drop"": ""20,01"", ""BB Height"": ""357,49"", ""Wheelbase"": ""1258,34"", ""Head Angle"": ""63.90"", ""Seat Angle"": ""78"", ""Rake"": ""44"", ""Standover"": ""776,97"", ""Reach"": ""461,24"", ""Stack"": ""633,49"", ""Fork Length"": ""583,7""}",6999,false,https://www.orbea.com/es-es/wild-lt-m20-mullet,https://www.orbea.com/en-int/wild-lt-m20-mullet,json,2026-10-05
Orbea,Wild LT [14f8a25f],Wild LT M20 Mullet,,emtb,L,L,,170,195,170-195 cm,cm,642.5,486.2,"{""Seat Tube (C-T)"": ""410"", ""Top Tube (EFF)"": ""622,81"", ""Head Tube"": ""130"", ""Chainstay"": ""448"", ""BB Drop"": ""20,01"", ""BB Height"": ""357,49"", ""Wheelbase"": ""1287,74"", ""Head Angle"": ""63.90"", ""Seat Angle"": ""78"", ""Rake"": ""44"", ""Standover"": ""780,7"", ""Reach"": ""486,24"", ""Stack"": ""642,47"", ""Fork Length"": ""583,7""}",6999,false,https://www.orbea.com/es-es/wild-lt-m20-mullet,https://www.orbea.com/en-int/wild-lt-m20-mullet,json,2026-10-05
Orbea,Wild LT [14f8a25f],Wild LT M20 Mullet,,emtb,XL,XL,,180,205,180-205 cm,cm,651.5,511.2,"{""Seat Tube (C-T)"": ""420"", ""Top Tube (EFF)"": ""652,07"", ""Head Tube"": ""140"", ""Chainstay"": ""448"", ""BB Drop"": ""20,01"", ""BB Height"": ""357,49"", ""Wheelbase"": ""1317,14"", ""Head Angle"": ""63.90"", ""Seat Angle"": ""78"", ""Rake"": ""44"", ""Standover"": ""783,93"", ""Reach"": ""511,24"", ""Stack"": ""651,45"", ""Fork Length"": ""583,7""}",6999,false,https://www.orbea.com/es-es/wild-lt-m20-mullet,https://www.orbea.com/en-int/wild-lt-m20-mullet,json,2026-10-05
Orbea,Wild LT [13653a71],Wild LT H-TEAM,,emtb,S,S,,150,175,150-175 cm,cm,624.5,436.2,"{""Seat Tube (C-T)"": ""400"", ""Head Tube"": ""110"", ""Chainstay"": ""448"", ""BB Drop"": ""20"", ""BB Height"": ""360,5"", ""Wheelbase"": ""1229"", ""Head Angle"": ""63,9"", ""Seat Angle"": ""78"", ""RAKE"": ""44"", ""Standover Height*"": ""-"", ""Reach"": ""436,25"", ""Stack"": ""624,5"", ""Fork Length"": ""170""}",7999,false,https://www.orbea.com/es-es/wild-lt-h-team,https://www.orbea.com/en-int/wild-lt-h-team,json,2026-10-05
Orbea,Wild LT [13653a71],Wild LT H-TEAM,,emtb,M,M,,160,185,160-185 cm,cm,633.5,461.2,"{""Seat Tube (C-T)"": ""405"", ""Head Tube"": ""120"", ""Chainstay"": ""448"", ""BB Drop"": ""20"", ""BB Height"": ""360,5"", ""Wheelbase"": ""1256"", ""Head Angle"": ""63,9"", ""Seat Angle"": ""78"", ""RAKE"": ""44"", ""Standover Height*"": ""-"", ""Reach"": ""461,25"", ""Stack"": ""633,48"", ""Fork Length"": ""170""}",7999,false,https://www.orbea.com/es-es/wild-lt-h-team,https://www.orbea.com/en-int/wild-lt-h-team,json,2026-10-05
Orbea,Wild LT [13653a71],Wild LT H-TEAM,,emtb,L,L,,170,195,170-195 cm,cm,642.5,486.2,"{""Seat Tube (C-T)"": ""410"", ""Head Tube"": ""130"", ""Chainstay"": ""448"", ""BB Drop"": ""20"", ""BB Height"": ""360,5"", ""Wheelbase"": ""1288"", ""Head Angle"": ""63,9"", ""Seat Angle"": ""78"", ""RAKE"": ""44"", ""Standover Height*"": ""-"", ""Reach"": ""486,25"", ""Stack"": ""642,46"", ""Fork Length"": ""170""}",7999,false,https://www.orbea.com/es-es/wild-lt-h-team,https://www.orbea.com/en-int/wild-lt-h-team,json,2026-10-05
Orbea,Wild LT [13653a71],Wild LT H-TEAM,,emtb,XL,XL,,180,205,180-205 cm,cm,651.4,511.2,"{""Seat Tube (C-T)"": ""420"", ""Head Tube"": ""140"", ""Chainstay"": ""448"", ""BB Drop"": ""20"", ""BB Height"": ""360,5"", ""Wheelbase"": ""1317"", ""Head Angle"": ""63,9"", ""Seat Angle"": ""78"", ""RAKE"": ""44"", ""Standover Height*"": ""-"", ""Reach"": ""511,25"", ""Stack"": ""651,44"", ""Fork Length"": ""170""}",7999,false,https://www.orbea.com/es-es/wild-lt-h-team,https://www.orbea.com/en-int/wild-lt-h-team,json,2026-10-05
Orbea,Wild LT [13653a71],Wild LT H10,,emtb,S,S,,150,175,150-175 cm,cm,624.5,436.2,"{""Seat Tube (C-T)"": ""400"", ""Head Tube"": ""110"", ""Chainstay"": ""448"", ""BB Drop"": ""20"", ""BB Height"": ""360,5"", ""Wheelbase"": ""1229"", ""Head Angle"": ""63,9"", ""Seat Angle"": ""78"", ""RAKE"": ""44"", ""Standover Height*"": ""-"", ""Reach"": ""436,25"", ""Stack"": ""624,5"", ""Fork Length"": ""170""}",6999,false,https://www.orbea.com/es-es/wild-lt-h10,https://www.orbea.com/en-int/wild-lt-h10,json,2026-10-05
Orbea,Wild LT [13653a71],Wild LT H10,,emtb,M,M,,160,185,160-185 cm,cm,633.5,461.2,"{""Seat Tube (C-T)"": ""405"", ""Head Tube"": ""120"", ""Chainstay"": ""448"", ""BB Drop"": ""20"", ""BB Height"": ""360,5"", ""Wheelbase"": ""1256"", ""Head Angle"": ""63,9"", ""Seat Angle"": ""78"", ""RAKE"": ""44"", ""Standover Height*"": ""-"", ""Reach"": ""461,25"", ""Stack"": ""633,48"", ""Fork Length"": ""170""}",6999,false,https://www.orbea.com/es-es/wild-lt-h10,https://www.orbea.com/en-int/wild-lt-h10,json,2026-10-05
Orbea,Wild LT [13653a71],Wild LT H10,,emtb,L,L,,170,195,170-195 cm,cm,642.5,486.2,"{""Seat Tube (C-T)"": ""410"", ""Head Tube"": ""130"", ""Chainstay"": ""448"", ""BB Drop"": ""20"", ""BB Height"": ""360,5"", ""Wheelbase"": ""1288"", ""Head Angle"": ""63,9"", ""Seat Angle"": ""78"", ""RAKE"": ""44"", ""Standover Height*"": ""-"", ""Reach"": ""486,25"", ""Stack"": ""642,46"", ""Fork Length"": ""170""}",6999,false,https://www.orbea.com/es-es/wild-lt-h10,https://www.orbea.com/en-int/wild-lt-h10,json,2026-10-05
Orbea,Wild LT [13653a71],Wild LT H10,,emtb,XL,XL,,180,205,180-205 cm,cm,651.4,511.2,"{""Seat Tube (C-T)"": ""420"", ""Head Tube"": ""140"", ""Chainstay"": ""448"", ""BB Drop"": ""20"", ""BB Height"": ""360,5"", ""Wheelbase"": ""1317"", ""Head Angle"": ""63,9"", ""Seat Angle"": ""78"", ""RAKE"": ""44"", ""Standover Height*"": ""-"", ""Reach"": ""511,25"", ""Stack"": ""651,44"", ""Fork Length"": ""170""}",6999,false,https://www.orbea.com/es-es/wild-lt-h10,https://www.orbea.com/en-int/wild-lt-h10,json,2026-10-05
Orbea,Wild LT [13653a71],Wild LT H20,,emtb,S,S,,150,175,150-175 cm,cm,624.5,436.2,"{""Seat Tube (C-T)"": ""400"", ""Head Tube"": ""110"", ""Chainstay"": ""448"", ""BB Drop"": ""20"", ""BB Height"": ""360,5"", ""Wheelbase"": ""1229"", ""Head Angle"": ""63,9"", ""Seat Angle"": ""78"", ""RAKE"": ""44"", ""Standover Height*"": ""-"", ""Reach"": ""436,25"", ""Stack"": ""624,5"", ""Fork Length"": ""170""}",5599,false,https://www.orbea.com/es-es/wild-lt-h20,https://www.orbea.com/en-int/wild-lt-h20,json,2026-10-05
Orbea,Wild LT [13653a71],Wild LT H20,,emtb,M,M,,160,185,160-185 cm,cm,633.5,461.2,"{""Seat Tube (C-T)"": ""405"", ""Head Tube"": ""120"", ""Chainstay"": ""448"", ""BB Drop"": ""20"", ""BB Height"": ""360,5"", ""Wheelbase"": ""1256"", ""Head Angle"": ""63,9"", ""Seat Angle"": ""78"", ""RAKE"": ""44"", ""Standover Height*"": ""-"", ""Reach"": ""461,25"", ""Stack"": ""633,48"", ""Fork Length"": ""170""}",5599,false,https://www.orbea.com/es-es/wild-lt-h20,https://www.orbea.com/en-int/wild-lt-h20,json,2026-10-05
Orbea,Wild LT [13653a71],Wild LT H20,,emtb,L,L,,170,195,170-195 cm,cm,642.5,486.2,"{""Seat Tube (C-T)"": ""410"", ""Head Tube"": ""130"", ""Chainstay"": ""448"", ""BB Drop"": ""20"", ""BB Height"": ""360,5"", ""Wheelbase"": ""1288"", ""Head Angle"": ""63,9"", ""Seat Angle"": ""78"", ""RAKE"": ""44"", ""Standover Height*"": ""-"", ""Reach"": ""486,25"", ""Stack"": ""642,46"", ""Fork Length"": ""170""}",5599,false,https://www.orbea.com/es-es/wild-lt-h20,https://www.orbea.com/en-int/wild-lt-h20,json,2026-10-05
Orbea,Wild LT [13653a71],Wild LT H20,,emtb,XL,XL,,180,205,180-205 cm,cm,651.4,511.2,"{""Seat Tube (C-T)"": ""420"", ""Head Tube"": ""140"", ""Chainstay"": ""448"", ""BB Drop"": ""20"", ""BB Height"": ""360,5"", ""Wheelbase"": ""1317"", ""Head Angle"": ""63,9"", ""Seat Angle"": ""78"", ""RAKE"": ""44"", ""Standover Height*"": ""-"", ""Reach"": ""511,25"", ""Stack"": ""651,44"", ""Fork Length"": ""170""}",5599,false,https://www.orbea.com/es-es/wild-lt-h20,https://www.orbea.com/en-int/wild-lt-h20,json,2026-10-05
Orbea,Wild LT [13653a71],Wild LT H-TEAM Mullet,,emtb,S,S,,150,175,150-175 cm,cm,624.5,436.2,"{""Seat Tube (C-T)"": ""400"", ""Head Tube"": ""110"", ""Chainstay"": ""448"", ""BB Drop"": ""20"", ""BB Height"": ""360,5"", ""Wheelbase"": ""1229"", ""Head Angle"": ""63,9"", ""Seat Angle"": ""78"", ""RAKE"": ""44"", ""Standover Height*"": ""-"", ""Reach"": ""436,25"", ""Stack"": ""624,5"", ""Fork Length"": ""170""}",7999,false,https://www.orbea.com/es-es/wild-lt-h-team-mullet,https://www.orbea.com/en-int/wild-lt-h-team-mullet,json,2026-10-05
Orbea,Wild LT [13653a71],Wild LT H-TEAM Mullet,,emtb,M,M,,160,185,160-185 cm,cm,633.5,461.2,"{""Seat Tube (C-T)"": ""405"", ""Head Tube"": ""120"", ""Chainstay"": ""448"", ""BB Drop"": ""20"", ""BB Height"": ""360,5"", ""Wheelbase"": ""1256"", ""Head Angle"": ""63,9"", ""Seat Angle"": ""78"", ""RAKE"": ""44"", ""Standover Height*"": ""-"", ""Reach"": ""461,25"", ""Stack"": ""633,48"", ""Fork Length"": ""170""}",7999,false,https://www.orbea.com/es-es/wild-lt-h-team-mullet,https://www.orbea.com/en-int/wild-lt-h-team-mullet,json,2026-10-05
Orbea,Wild LT [13653a71],Wild LT H-TEAM Mullet,,emtb,L,L,,170,195,170-195 cm,cm,642.5,486.2,"{""Seat Tube (C-T)"": ""410"", ""Head Tube"": ""130"", ""Chainstay"": ""448"", ""BB Drop"": ""20"", ""BB Height"": ""360,5"", ""Wheelbase"": ""1288"", ""Head Angle"": ""63,9"", ""Seat Angle"": ""78"", ""RAKE"": ""44"", ""Standover Height*"": ""-"", ""Reach"": ""486,25"", ""Stack"": ""642,46"", ""Fork Length"": ""170""}",7999,false,https://www.orbea.com/es-es/wild-lt-h-team-mullet,https://www.orbea.com/en-int/wild-lt-h-team-mullet,json,2026-10-05
Orbea,Wild LT [13653a71],Wild LT H-TEAM Mullet,,emtb,XL,XL,,180,205,180-205 cm,cm,651.4,511.2,"{""Seat Tube (C-T)"": ""420"", ""Head Tube"": ""140"", ""Chainstay"": ""448"", ""BB Drop"": ""20"", ""BB Height"": ""360,5"", ""Wheelbase"": ""1317"", ""Head Angle"": ""63,9"", ""Seat Angle"": ""78"", ""RAKE"": ""44"", ""Standover Height*"": ""-"", ""Reach"": ""511,25"", ""Stack"": ""651,44"", ""Fork Length"": ""170""}",7999,false,https://www.orbea.com/es-es/wild-lt-h-team-mullet,https://www.orbea.com/en-int/wild-lt-h-team-mullet,json,2026-10-05
Orbea,Wild LT [13653a71],Wild LT H10 Mullet,,emtb,S,S,,150,175,150-175 cm,cm,624.5,436.2,"{""Seat Tube (C-T)"": ""400"", ""Head Tube"": ""110"", ""Chainstay"": ""448"", ""BB Drop"": ""20"", ""BB Height"": ""360,5"", ""Wheelbase"": ""1229"", ""Head Angle"": ""63,9"", ""Seat Angle"": ""78"", ""RAKE"": ""44"", ""Standover Height*"": ""-"", ""Reach"": ""436,25"", ""Stack"": ""624,5"", ""Fork Length"": ""170""}",6999,false,https://www.orbea.com/es-es/wild-lt-h10-mullet,https://www.orbea.com/en-int/wild-lt-h10-mullet,json,2026-10-05
Orbea,Wild LT [13653a71],Wild LT H10 Mullet,,emtb,M,M,,160,185,160-185 cm,cm,633.5,461.2,"{""Seat Tube (C-T)"": ""405"", ""Head Tube"": ""120"", ""Chainstay"": ""448"", ""BB Drop"": ""20"", ""BB Height"": ""360,5"", ""Wheelbase"": ""1256"", ""Head Angle"": ""63,9"", ""Seat Angle"": ""78"", ""RAKE"": ""44"", ""Standover Height*"": ""-"", ""Reach"": ""461,25"", ""Stack"": ""633,48"", ""Fork Length"": ""170""}",6999,false,https://www.orbea.com/es-es/wild-lt-h10-mullet,https://www.orbea.com/en-int/wild-lt-h10-mullet,json,2026-10-05
Orbea,Wild LT [13653a71],Wild LT H10 Mullet,,emtb,L,L,,170,195,170-195 cm,cm,642.5,486.2,"{""Seat Tube (C-T)"": ""410"", ""Head Tube"": ""130"", ""Chainstay"": ""448"", ""BB Drop"": ""20"", ""BB Height"": ""360,5"", ""Wheelbase"": ""1288"", ""Head Angle"": ""63,9"", ""Seat Angle"": ""78"", ""RAKE"": ""44"", ""Standover Height*"": ""-"", ""Reach"": ""486,25"", ""Stack"": ""642,46"", ""Fork Length"": ""170""}",6999,false,https://www.orbea.com/es-es/wild-lt-h10-mullet,https://www.orbea.com/en-int/wild-lt-h10-mullet,json,2026-10-05
Orbea,Wild LT [13653a71],Wild LT H10 Mullet,,emtb,XL,XL,,180,205,180-205 cm,cm,651.4,511.2,"{""Seat Tube (C-T)"": ""420"", ""Head Tube"": ""140"", ""Chainstay"": ""448"", ""BB Drop"": ""20"", ""BB Height"": ""360,5"", ""Wheelbase"": ""1317"", ""Head Angle"": ""63,9"", ""Seat Angle"": ""78"", ""RAKE"": ""44"", ""Standover Height*"": ""-"", ""Reach"": ""511,25"", ""Stack"": ""651,44"", ""Fork Length"": ""170""}",6999,false,https://www.orbea.com/es-es/wild-lt-h10-mullet,https://www.orbea.com/en-int/wild-lt-h10-mullet,json,2026-10-05
Orbea,Wild LT [13653a71],Wild LT H20 Mullet,,emtb,S,S,,150,175,150-175 cm,cm,624.5,436.2,"{""Seat Tube (C-T)"": ""400"", ""Head Tube"": ""110"", ""Chainstay"": ""448"", ""BB Drop"": ""20"", ""BB Height"": ""360,5"", ""Wheelbase"": ""1229"", ""Head Angle"": ""63,9"", ""Seat Angle"": ""78"", ""RAKE"": ""44"", ""Standover Height*"": ""-"", ""Reach"": ""436,25"", ""Stack"": ""624,5"", ""Fork Length"": ""170""}",5599,false,https://www.orbea.com/es-es/wild-lt-h20-mullet,https://www.orbea.com/en-int/wild-lt-h20-mullet,json,2026-10-05
Orbea,Wild LT [13653a71],Wild LT H20 Mullet,,emtb,M,M,,160,185,160-185 cm,cm,633.5,461.2,"{""Seat Tube (C-T)"": ""405"", ""Head Tube"": ""120"", ""Chainstay"": ""448"", ""BB Drop"": ""20"", ""BB Height"": ""360,5"", ""Wheelbase"": ""1256"", ""Head Angle"": ""63,9"", ""Seat Angle"": ""78"", ""RAKE"": ""44"", ""Standover Height*"": ""-"", ""Reach"": ""461,25"", ""Stack"": ""633,48"", ""Fork Length"": ""170""}",5599,false,https://www.orbea.com/es-es/wild-lt-h20-mullet,https://www.orbea.com/en-int/wild-lt-h20-mullet,json,2026-10-05
Orbea,Wild LT [13653a71],Wild LT H20 Mullet,,emtb,L,L,,170,195,170-195 cm,cm,642.5,486.2,"{""Seat Tube (C-T)"": ""410"", ""Head Tube"": ""130"", ""Chainstay"": ""448"", ""BB Drop"": ""20"", ""BB Height"": ""360,5"", ""Wheelbase"": ""1288"", ""Head Angle"": ""63,9"", ""Seat Angle"": ""78"", ""RAKE"": ""44"", ""Standover Height*"": ""-"", ""Reach"": ""486,25"", ""Stack"": ""642,46"", ""Fork Length"": ""170""}",5599,false,https://www.orbea.com/es-es/wild-lt-h20-mullet,https://www.orbea.com/en-int/wild-lt-h20-mullet,json,2026-10-05
Orbea,Wild LT [13653a71],Wild LT H20 Mullet,,emtb,XL,XL,,180,205,180-205 cm,cm,651.4,511.2,"{""Seat Tube (C-T)"": ""420"", ""Head Tube"": ""140"", ""Chainstay"": ""448"", ""BB Drop"": ""20"", ""BB Height"": ""360,5"", ""Wheelbase"": ""1317"", ""Head Angle"": ""63,9"", ""Seat Angle"": ""78"", ""RAKE"": ""44"", ""Standover Height*"": ""-"", ""Reach"": ""511,25"", ""Stack"": ""651,44"", ""Fork Length"": ""170""}",5599,false,https://www.orbea.com/es-es/wild-lt-h20-mullet,https://www.orbea.com/en-int/wild-lt-h20-mullet,json,2026-10-05
