brand,family,model,model_year,category,size_label,size_normalized,size_cm,height_min,height_max,height_original,height_unit,stack,reach,geometry_raw,price_eur,price_is_from,product_url,source_url,extraction_method,loaded_at
Pinarello,PINARELLO [c460f0b8],PINARELLO F9 DURA ACE Di2,,carretera,425,,42.5,,,,,502,351.3,"{""CC"": ""430"", ""L"": ""500"", ""A [°]"": ""74.4"", ""B [°]"": ""69.5"", ""P"": ""410"", ""T"": ""102"", ""D"": ""67"", ""R"": ""47"", ""G"": ""373"", ""REACH"": ""351.3"", ""STACK"": ""502""}",,,https://pinarello.com/europe/en/bikes/road/competition/new-pinarello-f/new-pinarello-f9-dura-ace-di2,https://pinarello.com/europe/en/bikes/road/competition/new-pinarello-f/new-pinarello-f9-dura-ace-di2,html,2026-10-05
Pinarello,PINARELLO [c460f0b8],PINARELLO F9 DURA ACE Di2,,carretera,450,,45,,,,,517.3,365.4,"{""CC"": ""465"", ""L"": ""515"", ""A [°]"": ""74.4"", ""B [°]"": ""70.5"", ""P"": ""410"", ""T"": ""109"", ""D"": ""72"", ""R"": ""47"", ""G"": ""373"", ""REACH"": ""365.4"", ""STACK"": ""517.3""}",,,https://pinarello.com/europe/en/bikes/road/competition/new-pinarello-f/new-pinarello-f9-dura-ace-di2,https://pinarello.com/europe/en/bikes/road/competition/new-pinarello-f/new-pinarello-f9-dura-ace-di2,html,2026-10-05
Pinarello,PINARELLO [c460f0b8],PINARELLO F9 DURA ACE Di2,,carretera,465,,46.5,,,,,525.2,372.2,"{""CC"": ""500"", ""L"": ""525"", ""A [°]"": ""74"", ""B [°]"": ""71.4"", ""P"": ""411"", ""T"": ""114"", ""D"": ""72"", ""R"": ""47"", ""G"": ""373"", ""REACH"": ""372.2"", ""STACK"": ""525.2""}",,,https://pinarello.com/europe/en/bikes/road/competition/new-pinarello-f/new-pinarello-f9-dura-ace-di2,https://pinarello.com/europe/en/bikes/road/competition/new-pinarello-f/new-pinarello-f9-dura-ace-di2,html,2026-10-05
Pinarello,PINARELLO [c460f0b8],PINARELLO F9 DURA ACE Di2,,carretera,485,,48.5,,,,,532.1,378.2,"{""CC"": ""515"", ""L"": ""535"", ""A [°]"": ""73.7"", ""B [°]"": ""72"", ""P"": ""411"", ""T"": ""119"", ""D"": ""72"", ""R"": ""47"", ""G"": ""373"", ""REACH"": ""378.2"", ""STACK"": ""532.1""}",,,https://pinarello.com/europe/en/bikes/road/competition/new-pinarello-f/new-pinarello-f9-dura-ace-di2,https://pinarello.com/europe/en/bikes/road/competition/new-pinarello-f/new-pinarello-f9-dura-ace-di2,html,2026-10-05
Pinarello,PINARELLO [c460f0b8],PINARELLO F9 DURA ACE Di2,,carretera,500,,50,,,,,542.4,385.6,"{""CC"": ""530"", ""L"": ""545"", ""A [°]"": ""73.7"", ""B [°]"": ""72.5"", ""P"": ""411"", ""T"": ""128"", ""D"": ""72"", ""R"": ""47"", ""G"": ""373"", ""REACH"": ""385.6"", ""STACK"": ""542.4""}",,,https://pinarello.com/europe/en/bikes/road/competition/new-pinarello-f/new-pinarello-f9-dura-ace-di2,https://pinarello.com/europe/en/bikes/road/competition/new-pinarello-f/new-pinarello-f9-dura-ace-di2,html,2026-10-05
Pinarello,PINARELLO [c460f0b8],PINARELLO F9 DURA ACE Di2,,carretera,515,,51.5,,,,,557.7,388.3,"{""CC"": ""545"", ""L"": ""555"", ""A [°]"": ""73.4"", ""B [°]"": ""72.8"", ""P"": ""413"", ""T"": ""143"", ""D"": ""72"", ""R"": ""47"", ""G"": ""373"", ""REACH"": ""388.3"", ""STACK"": ""557.7""}",,,https://pinarello.com/europe/en/bikes/road/competition/new-pinarello-f/new-pinarello-f9-dura-ace-di2,https://pinarello.com/europe/en/bikes/road/competition/new-pinarello-f/new-pinarello-f9-dura-ace-di2,html,2026-10-05
Pinarello,PINARELLO [c460f0b8],PINARELLO F9 DURA ACE Di2,,carretera,525,,52.5,,,,,570.1,390.8,"{""CC"": ""560"", ""L"": ""565"", ""A [°]"": ""73"", ""B [°]"": ""73.2"", ""P"": ""413"", ""T"": ""154.5"", ""D"": ""72"", ""R"": ""47"", ""G"": ""373"", ""REACH"": ""390.8"", ""STACK"": ""570.1""}",,,https://pinarello.com/europe/en/bikes/road/competition/new-pinarello-f/new-pinarello-f9-dura-ace-di2,https://pinarello.com/europe/en/bikes/road/competition/new-pinarello-f/new-pinarello-f9-dura-ace-di2,html,2026-10-05
Pinarello,PINARELLO [c460f0b8],PINARELLO F9 DURA ACE Di2,,carretera,560,,56,,,,,599.2,395.5,"{""CC"": ""575"", ""L"": ""578"", ""A [°]"": ""73"", ""B [°]"": ""73.7"", ""P"": ""413"", ""T"": ""183"", ""D"": ""72"", ""R"": ""47"", ""G"": ""373"", ""REACH"": ""395.5"", ""STACK"": ""599.2""}",,,https://pinarello.com/europe/en/bikes/road/competition/new-pinarello-f/new-pinarello-f9-dura-ace-di2,https://pinarello.com/europe/en/bikes/road/competition/new-pinarello-f/new-pinarello-f9-dura-ace-di2,html,2026-10-05
Pinarello,PINARELLO [c460f0b8],PINARELLO F9 DURA ACE Di2,,carretera,580,,58,,,,,633.4,400.4,"{""CC"": ""595"", ""L"": ""600"", ""A [°]"": ""72.4"", ""B [°]"": ""73.4"", ""P"": ""413"", ""T"": ""225"", ""D"": ""67"", ""R"": ""47"", ""G"": ""373"", ""REACH"": ""400.4"", ""STACK"": ""633.4""}",,,https://pinarello.com/europe/en/bikes/road/competition/new-pinarello-f/new-pinarello-f9-dura-ace-di2,https://pinarello.com/europe/en/bikes/road/competition/new-pinarello-f/new-pinarello-f9-dura-ace-di2,html,2026-10-05
Pinarello,PINARELLO [c460f0b8],PINARELLO F7 SRAM FORCE AXS,,carretera,425,,42.5,,,,,502,351.3,"{""CC"": ""430"", ""L"": ""500"", ""A [°]"": ""74.4"", ""B [°]"": ""69.5"", ""P"": ""410"", ""T"": ""102"", ""D"": ""67"", ""R"": ""47"", ""G"": ""373"", ""REACH"": ""351.3"", ""STACK"": ""502""}",,,https://pinarello.com/europe/en/bikes/road/competition/new-pinarello-f/new-pinarello-f7-sram-force-axs,https://pinarello.com/europe/en/bikes/road/competition/new-pinarello-f/new-pinarello-f7-sram-force-axs,html,2026-10-05
Pinarello,PINARELLO [c460f0b8],PINARELLO F7 SRAM FORCE AXS,,carretera,450,,45,,,,,517.3,365.4,"{""CC"": ""465"", ""L"": ""515"", ""A [°]"": ""74.4"", ""B [°]"": ""70.5"", ""P"": ""410"", ""T"": ""109"", ""D"": ""72"", ""R"": ""47"", ""G"": ""373"", ""REACH"": ""365.4"", ""STACK"": ""517.3""}",,,https://pinarello.com/europe/en/bikes/road/competition/new-pinarello-f/new-pinarello-f7-sram-force-axs,https://pinarello.com/europe/en/bikes/road/competition/new-pinarello-f/new-pinarello-f7-sram-force-axs,html,2026-10-05
Pinarello,PINARELLO [c460f0b8],PINARELLO F7 SRAM FORCE AXS,,carretera,465,,46.5,,,,,525.2,372.2,"{""CC"": ""500"", ""L"": ""525"", ""A [°]"": ""74"", ""B [°]"": ""71.4"", ""P"": ""411"", ""T"": ""114"", ""D"": ""72"", ""R"": ""47"", ""G"": ""373"", ""REACH"": ""372.2"", ""STACK"": ""525.2""}",,,https://pinarello.com/europe/en/bikes/road/competition/new-pinarello-f/new-pinarello-f7-sram-force-axs,https://pinarello.com/europe/en/bikes/road/competition/new-pinarello-f/new-pinarello-f7-sram-force-axs,html,2026-10-05
Pinarello,PINARELLO [c460f0b8],PINARELLO F7 SRAM FORCE AXS,,carretera,485,,48.5,,,,,532.1,378.2,"{""CC"": ""515"", ""L"": ""535"", ""A [°]"": ""73.7"", ""B [°]"": ""72"", ""P"": ""411"", ""T"": ""119"", ""D"": ""72"", ""R"": ""47"", ""G"": ""373"", ""REACH"": ""378.2"", ""STACK"": ""532.1""}",,,https://pinarello.com/europe/en/bikes/road/competition/new-pinarello-f/new-pinarello-f7-sram-force-axs,https://pinarello.com/europe/en/bikes/road/competition/new-pinarello-f/new-pinarello-f7-sram-force-axs,html,2026-10-05
Pinarello,PINARELLO [c460f0b8],PINARELLO F7 SRAM FORCE AXS,,carretera,500,,50,,,,,542.4,385.6,"{""CC"": ""530"", ""L"": ""545"", ""A [°]"": ""73.7"", ""B [°]"": ""72.5"", ""P"": ""411"", ""T"": ""128"", ""D"": ""72"", ""R"": ""47"", ""G"": ""373"", ""REACH"": ""385.6"", ""STACK"": ""542.4""}",,,https://pinarello.com/europe/en/bikes/road/competition/new-pinarello-f/new-pinarello-f7-sram-force-axs,https://pinarello.com/europe/en/bikes/road/competition/new-pinarello-f/new-pinarello-f7-sram-force-axs,html,2026-10-05
Pinarello,PINARELLO [c460f0b8],PINARELLO F7 SRAM FORCE AXS,,carretera,515,,51.5,,,,,557.7,388.3,"{""CC"": ""545"", ""L"": ""555"", ""A [°]"": ""73.4"", ""B [°]"": ""72.8"", ""P"": ""413"", ""T"": ""143"", ""D"": ""72"", ""R"": ""47"", ""G"": ""373"", ""REACH"": ""388.3"", ""STACK"": ""557.7""}",,,https://pinarello.com/europe/en/bikes/road/competition/new-pinarello-f/new-pinarello-f7-sram-force-axs,https://pinarello.com/europe/en/bikes/road/competition/new-pinarello-f/new-pinarello-f7-sram-force-axs,html,2026-10-05
Pinarello,PINARELLO [c460f0b8],PINARELLO F7 SRAM FORCE AXS,,carretera,525,,52.5,,,,,570.1,390.8,"{""CC"": ""560"", ""L"": ""565"", ""A [°]"": ""73"", ""B [°]"": ""73.2"", ""P"": ""413"", ""T"": ""154.5"", ""D"": ""72"", ""R"": ""47"", ""G"": ""373"", ""REACH"": ""390.8"", ""STACK"": ""570.1""}",,,https://pinarello.com/europe/en/bikes/road/competition/new-pinarello-f/new-pinarello-f7-sram-force-axs,https://pinarello.com/europe/en/bikes/road/competition/new-pinarello-f/new-pinarello-f7-sram-force-axs,html,2026-10-05
Pinarello,PINARELLO [c460f0b8],PINARELLO F7 SRAM FORCE AXS,,carretera,560,,56,,,,,599.2,395.5,"{""CC"": ""575"", ""L"": ""578"", ""A [°]"": ""73"", ""B [°]"": ""73.7"", ""P"": ""413"", ""T"": ""183"", ""D"": ""72"", ""R"": ""47"", ""G"": ""373"", ""REACH"": ""395.5"", ""STACK"": ""599.2""}",,,https://pinarello.com/europe/en/bikes/road/competition/new-pinarello-f/new-pinarello-f7-sram-force-axs,https://pinarello.com/europe/en/bikes/road/competition/new-pinarello-f/new-pinarello-f7-sram-force-axs,html,2026-10-05
Pinarello,PINARELLO [c460f0b8],PINARELLO F7 SRAM FORCE AXS,,carretera,580,,58,,,,,633.4,400.4,"{""CC"": ""595"", ""L"": ""600"", ""A [°]"": ""72.4"", ""B [°]"": ""73.4"", ""P"": ""413"", ""T"": ""225"", ""D"": ""67"", ""R"": ""47"", ""G"": ""373"", ""REACH"": ""400.4"", ""STACK"": ""633.4""}",,,https://pinarello.com/europe/en/bikes/road/competition/new-pinarello-f/new-pinarello-f7-sram-force-axs,https://pinarello.com/europe/en/bikes/road/competition/new-pinarello-f/new-pinarello-f7-sram-force-axs,html,2026-10-05
Pinarello,PINARELLO [c460f0b8],PINARELLO F7 ULTEGRA Di2,,carretera,425,,42.5,,,,,502,351.3,"{""CC"": ""430"", ""L"": ""500"", ""A [°]"": ""74.4"", ""B [°]"": ""69.5"", ""P"": ""410"", ""T"": ""102"", ""D"": ""67"", ""R"": ""47"", ""G"": ""373"", ""REACH"": ""351.3"", ""STACK"": ""502""}",,,https://pinarello.com/europe/en/bikes/road/competition/new-pinarello-f/new-pinarello-f7-ultegra-di2,https://pinarello.com/europe/en/bikes/road/competition/new-pinarello-f/new-pinarello-f7-ultegra-di2,html,2026-10-05
Pinarello,PINARELLO [c460f0b8],PINARELLO F7 ULTEGRA Di2,,carretera,450,,45,,,,,517.3,365.4,"{""CC"": ""465"", ""L"": ""515"", ""A [°]"": ""74.4"", ""B [°]"": ""70.5"", ""P"": ""410"", ""T"": ""109"", ""D"": ""72"", ""R"": ""47"", ""G"": ""373"", ""REACH"": ""365.4"", ""STACK"": ""517.3""}",,,https://pinarello.com/europe/en/bikes/road/competition/new-pinarello-f/new-pinarello-f7-ultegra-di2,https://pinarello.com/europe/en/bikes/road/competition/new-pinarello-f/new-pinarello-f7-ultegra-di2,html,2026-10-05
Pinarello,PINARELLO [c460f0b8],PINARELLO F7 ULTEGRA Di2,,carretera,465,,46.5,,,,,525.2,372.2,"{""CC"": ""500"", ""L"": ""525"", ""A [°]"": ""74"", ""B [°]"": ""71.4"", ""P"": ""411"", ""T"": ""114"", ""D"": ""72"", ""R"": ""47"", ""G"": ""373"", ""REACH"": ""372.2"", ""STACK"": ""525.2""}",,,https://pinarello.com/europe/en/bikes/road/competition/new-pinarello-f/new-pinarello-f7-ultegra-di2,https://pinarello.com/europe/en/bikes/road/competition/new-pinarello-f/new-pinarello-f7-ultegra-di2,html,2026-10-05
Pinarello,PINARELLO [c460f0b8],PINARELLO F7 ULTEGRA Di2,,carretera,485,,48.5,,,,,532.1,378.2,"{""CC"": ""515"", ""L"": ""535"", ""A [°]"": ""73.7"", ""B [°]"": ""72"", ""P"": ""411"", ""T"": ""119"", ""D"": ""72"", ""R"": ""47"", ""G"": ""373"", ""REACH"": ""378.2"", ""STACK"": ""532.1""}",,,https://pinarello.com/europe/en/bikes/road/competition/new-pinarello-f/new-pinarello-f7-ultegra-di2,https://pinarello.com/europe/en/bikes/road/competition/new-pinarello-f/new-pinarello-f7-ultegra-di2,html,2026-10-05
Pinarello,PINARELLO [c460f0b8],PINARELLO F7 ULTEGRA Di2,,carretera,500,,50,,,,,542.4,385.6,"{""CC"": ""530"", ""L"": ""545"", ""A [°]"": ""73.7"", ""B [°]"": ""72.5"", ""P"": ""411"", ""T"": ""128"", ""D"": ""72"", ""R"": ""47"", ""G"": ""373"", ""REACH"": ""385.6"", ""STACK"": ""542.4""}",,,https://pinarello.com/europe/en/bikes/road/competition/new-pinarello-f/new-pinarello-f7-ultegra-di2,https://pinarello.com/europe/en/bikes/road/competition/new-pinarello-f/new-pinarello-f7-ultegra-di2,html,2026-10-05
Pinarello,PINARELLO [c460f0b8],PINARELLO F7 ULTEGRA Di2,,carretera,515,,51.5,,,,,557.7,388.3,"{""CC"": ""545"", ""L"": ""555"", ""A [°]"": ""73.4"", ""B [°]"": ""72.8"", ""P"": ""413"", ""T"": ""143"", ""D"": ""72"", ""R"": ""47"", ""G"": ""373"", ""REACH"": ""388.3"", ""STACK"": ""557.7""}",,,https://pinarello.com/europe/en/bikes/road/competition/new-pinarello-f/new-pinarello-f7-ultegra-di2,https://pinarello.com/europe/en/bikes/road/competition/new-pinarello-f/new-pinarello-f7-ultegra-di2,html,2026-10-05
Pinarello,PINARELLO [c460f0b8],PINARELLO F7 ULTEGRA Di2,,carretera,525,,52.5,,,,,570.1,390.8,"{""CC"": ""560"", ""L"": ""565"", ""A [°]"": ""73"", ""B [°]"": ""73.2"", ""P"": ""413"", ""T"": ""154.5"", ""D"": ""72"", ""R"": ""47"", ""G"": ""373"", ""REACH"": ""390.8"", ""STACK"": ""570.1""}",,,https://pinarello.com/europe/en/bikes/road/competition/new-pinarello-f/new-pinarello-f7-ultegra-di2,https://pinarello.com/europe/en/bikes/road/competition/new-pinarello-f/new-pinarello-f7-ultegra-di2,html,2026-10-05
Pinarello,PINARELLO [c460f0b8],PINARELLO F7 ULTEGRA Di2,,carretera,560,,56,,,,,599.2,395.5,"{""CC"": ""575"", ""L"": ""578"", ""A [°]"": ""73"", ""B [°]"": ""73.7"", ""P"": ""413"", ""T"": ""183"", ""D"": ""72"", ""R"": ""47"", ""G"": ""373"", ""REACH"": ""395.5"", ""STACK"": ""599.2""}",,,https://pinarello.com/europe/en/bikes/road/competition/new-pinarello-f/new-pinarello-f7-ultegra-di2,https://pinarello.com/europe/en/bikes/road/competition/new-pinarello-f/new-pinarello-f7-ultegra-di2,html,2026-10-05
Pinarello,PINARELLO [c460f0b8],PINARELLO F7 ULTEGRA Di2,,carretera,580,,58,,,,,633.4,400.4,"{""CC"": ""595"", ""L"": ""600"", ""A [°]"": ""72.4"", ""B [°]"": ""73.4"", ""P"": ""413"", ""T"": ""225"", ""D"": ""67"", ""R"": ""47"", ""G"": ""373"", ""REACH"": ""400.4"", ""STACK"": ""633.4""}",,,https://pinarello.com/europe/en/bikes/road/competition/new-pinarello-f/new-pinarello-f7-ultegra-di2,https://pinarello.com/europe/en/bikes/road/competition/new-pinarello-f/new-pinarello-f7-ultegra-di2,html,2026-10-05
Pinarello,PINARELLO [c460f0b8],PINARELLO F5 105 Di2,,carretera,425,,42.5,,,,,502,351.3,"{""CC"": ""430"", ""L"": ""500"", ""A [°]"": ""74.4"", ""B [°]"": ""69.5"", ""P"": ""410"", ""T"": ""102"", ""D"": ""67"", ""R"": ""47"", ""G"": ""373"", ""REACH"": ""351.3"", ""STACK"": ""502""}",,,https://pinarello.com/europe/en/bikes/road/competition/new-pinarello-f/new-pinarello-f5-105-di2,https://pinarello.com/europe/en/bikes/road/competition/new-pinarello-f/new-pinarello-f5-105-di2,html,2026-10-05
Pinarello,PINARELLO [c460f0b8],PINARELLO F5 105 Di2,,carretera,450,,45,,,,,517.3,365.4,"{""CC"": ""465"", ""L"": ""515"", ""A [°]"": ""74.4"", ""B [°]"": ""70.5"", ""P"": ""410"", ""T"": ""109"", ""D"": ""72"", ""R"": ""47"", ""G"": ""373"", ""REACH"": ""365.4"", ""STACK"": ""517.3""}",,,https://pinarello.com/europe/en/bikes/road/competition/new-pinarello-f/new-pinarello-f5-105-di2,https://pinarello.com/europe/en/bikes/road/competition/new-pinarello-f/new-pinarello-f5-105-di2,html,2026-10-05
Pinarello,PINARELLO [c460f0b8],PINARELLO F5 105 Di2,,carretera,465,,46.5,,,,,525.2,372.2,"{""CC"": ""500"", ""L"": ""525"", ""A [°]"": ""74"", ""B [°]"": ""71.4"", ""P"": ""411"", ""T"": ""114"", ""D"": ""72"", ""R"": ""47"", ""G"": ""373"", ""REACH"": ""372.2"", ""STACK"": ""525.2""}",,,https://pinarello.com/europe/en/bikes/road/competition/new-pinarello-f/new-pinarello-f5-105-di2,https://pinarello.com/europe/en/bikes/road/competition/new-pinarello-f/new-pinarello-f5-105-di2,html,2026-10-05
Pinarello,PINARELLO [c460f0b8],PINARELLO F5 105 Di2,,carretera,485,,48.5,,,,,532.1,378.2,"{""CC"": ""515"", ""L"": ""535"", ""A [°]"": ""73.7"", ""B [°]"": ""72"", ""P"": ""411"", ""T"": ""119"", ""D"": ""72"", ""R"": ""47"", ""G"": ""373"", ""REACH"": ""378.2"", ""STACK"": ""532.1""}",,,https://pinarello.com/europe/en/bikes/road/competition/new-pinarello-f/new-pinarello-f5-105-di2,https://pinarello.com/europe/en/bikes/road/competition/new-pinarello-f/new-pinarello-f5-105-di2,html,2026-10-05
Pinarello,PINARELLO [c460f0b8],PINARELLO F5 105 Di2,,carretera,500,,50,,,,,542.4,385.6,"{""CC"": ""530"", ""L"": ""545"", ""A [°]"": ""73.7"", ""B [°]"": ""72.5"", ""P"": ""411"", ""T"": ""128"", ""D"": ""72"", ""R"": ""47"", ""G"": ""373"", ""REACH"": ""385.6"", ""STACK"": ""542.4""}",,,https://pinarello.com/europe/en/bikes/road/competition/new-pinarello-f/new-pinarello-f5-105-di2,https://pinarello.com/europe/en/bikes/road/competition/new-pinarello-f/new-pinarello-f5-105-di2,html,2026-10-05
Pinarello,PINARELLO [c460f0b8],PINARELLO F5 105 Di2,,carretera,515,,51.5,,,,,557.7,388.3,"{""CC"": ""545"", ""L"": ""555"", ""A [°]"": ""73.4"", ""B [°]"": ""72.8"", ""P"": ""413"", ""T"": ""143"", ""D"": ""72"", ""R"": ""47"", ""G"": ""373"", ""REACH"": ""388.3"", ""STACK"": ""557.7""}",,,https://pinarello.com/europe/en/bikes/road/competition/new-pinarello-f/new-pinarello-f5-105-di2,https://pinarello.com/europe/en/bikes/road/competition/new-pinarello-f/new-pinarello-f5-105-di2,html,2026-10-05
Pinarello,PINARELLO [c460f0b8],PINARELLO F5 105 Di2,,carretera,525,,52.5,,,,,570.1,390.8,"{""CC"": ""560"", ""L"": ""565"", ""A [°]"": ""73"", ""B [°]"": ""73.2"", ""P"": ""413"", ""T"": ""154.5"", ""D"": ""72"", ""R"": ""47"", ""G"": ""373"", ""REACH"": ""390.8"", ""STACK"": ""570.1""}",,,https://pinarello.com/europe/en/bikes/road/competition/new-pinarello-f/new-pinarello-f5-105-di2,https://pinarello.com/europe/en/bikes/road/competition/new-pinarello-f/new-pinarello-f5-105-di2,html,2026-10-05
Pinarello,PINARELLO [c460f0b8],PINARELLO F5 105 Di2,,carretera,560,,56,,,,,599.2,395.5,"{""CC"": ""575"", ""L"": ""578"", ""A [°]"": ""73"", ""B [°]"": ""73.7"", ""P"": ""413"", ""T"": ""183"", ""D"": ""72"", ""R"": ""47"", ""G"": ""373"", ""REACH"": ""395.5"", ""STACK"": ""599.2""}",,,https://pinarello.com/europe/en/bikes/road/competition/new-pinarello-f/new-pinarello-f5-105-di2,https://pinarello.com/europe/en/bikes/road/competition/new-pinarello-f/new-pinarello-f5-105-di2,html,2026-10-05
Pinarello,PINARELLO [c460f0b8],PINARELLO F5 105 Di2,,carretera,580,,58,,,,,633.4,400.4,"{""CC"": ""595"", ""L"": ""600"", ""A [°]"": ""72.4"", ""B [°]"": ""73.4"", ""P"": ""413"", ""T"": ""225"", ""D"": ""67"", ""R"": ""47"", ""G"": ""373"", ""REACH"": ""400.4"", ""STACK"": ""633.4""}",,,https://pinarello.com/europe/en/bikes/road/competition/new-pinarello-f/new-pinarello-f5-105-di2,https://pinarello.com/europe/en/bikes/road/competition/new-pinarello-f/new-pinarello-f5-105-di2,html,2026-10-05
Pinarello,PINARELLO [c460f0b8],PINARELLO F3 105 Di2,,carretera,425,,42.5,,,,,502,351.3,"{""CC"": ""430"", ""L"": ""500"", ""A [°]"": ""74.4"", ""B [°]"": ""69.5"", ""P"": ""410"", ""T"": ""102"", ""D"": ""67"", ""R"": ""47"", ""G"": ""373"", ""REACH"": ""351.3"", ""STACK"": ""502""}",,,https://pinarello.com/europe/en/bikes/road/competition/new-pinarello-f/new-pinarello-f3-105-di2,https://pinarello.com/europe/en/bikes/road/competition/new-pinarello-f/new-pinarello-f3-105-di2,html,2026-10-05
Pinarello,PINARELLO [c460f0b8],PINARELLO F3 105 Di2,,carretera,450,,45,,,,,517.3,365.4,"{""CC"": ""465"", ""L"": ""515"", ""A [°]"": ""74.4"", ""B [°]"": ""70.5"", ""P"": ""410"", ""T"": ""109"", ""D"": ""72"", ""R"": ""47"", ""G"": ""373"", ""REACH"": ""365.4"", ""STACK"": ""517.3""}",,,https://pinarello.com/europe/en/bikes/road/competition/new-pinarello-f/new-pinarello-f3-105-di2,https://pinarello.com/europe/en/bikes/road/competition/new-pinarello-f/new-pinarello-f3-105-di2,html,2026-10-05
Pinarello,PINARELLO [c460f0b8],PINARELLO F3 105 Di2,,carretera,465,,46.5,,,,,525.2,372.2,"{""CC"": ""500"", ""L"": ""525"", ""A [°]"": ""74"", ""B [°]"": ""71.4"", ""P"": ""411"", ""T"": ""114"", ""D"": ""72"", ""R"": ""47"", ""G"": ""373"", ""REACH"": ""372.2"", ""STACK"": ""525.2""}",,,https://pinarello.com/europe/en/bikes/road/competition/new-pinarello-f/new-pinarello-f3-105-di2,https://pinarello.com/europe/en/bikes/road/competition/new-pinarello-f/new-pinarello-f3-105-di2,html,2026-10-05
Pinarello,PINARELLO [c460f0b8],PINARELLO F3 105 Di2,,carretera,485,,48.5,,,,,532.1,378.2,"{""CC"": ""515"", ""L"": ""535"", ""A [°]"": ""73.7"", ""B [°]"": ""72"", ""P"": ""411"", ""T"": ""119"", ""D"": ""72"", ""R"": ""47"", ""G"": ""373"", ""REACH"": ""378.2"", ""STACK"": ""532.1""}",,,https://pinarello.com/europe/en/bikes/road/competition/new-pinarello-f/new-pinarello-f3-105-di2,https://pinarello.com/europe/en/bikes/road/competition/new-pinarello-f/new-pinarello-f3-105-di2,html,2026-10-05
Pinarello,PINARELLO [c460f0b8],PINARELLO F3 105 Di2,,carretera,500,,50,,,,,542.4,385.6,"{""CC"": ""530"", ""L"": ""545"", ""A [°]"": ""73.7"", ""B [°]"": ""72.5"", ""P"": ""411"", ""T"": ""128"", ""D"": ""72"", ""R"": ""47"", ""G"": ""373"", ""REACH"": ""385.6"", ""STACK"": ""542.4""}",,,https://pinarello.com/europe/en/bikes/road/competition/new-pinarello-f/new-pinarello-f3-105-di2,https://pinarello.com/europe/en/bikes/road/competition/new-pinarello-f/new-pinarello-f3-105-di2,html,2026-10-05
Pinarello,PINARELLO [c460f0b8],PINARELLO F3 105 Di2,,carretera,515,,51.5,,,,,557.7,388.3,"{""CC"": ""545"", ""L"": ""555"", ""A [°]"": ""73.4"", ""B [°]"": ""72.8"", ""P"": ""413"", ""T"": ""143"", ""D"": ""72"", ""R"": ""47"", ""G"": ""373"", ""REACH"": ""388.3"", ""STACK"": ""557.7""}",,,https://pinarello.com/europe/en/bikes/road/competition/new-pinarello-f/new-pinarello-f3-105-di2,https://pinarello.com/europe/en/bikes/road/competition/new-pinarello-f/new-pinarello-f3-105-di2,html,2026-10-05
Pinarello,PINARELLO [c460f0b8],PINARELLO F3 105 Di2,,carretera,525,,52.5,,,,,570.1,390.8,"{""CC"": ""560"", ""L"": ""565"", ""A [°]"": ""73"", ""B [°]"": ""73.2"", ""P"": ""413"", ""T"": ""154.5"", ""D"": ""72"", ""R"": ""47"", ""G"": ""373"", ""REACH"": ""390.8"", ""STACK"": ""570.1""}",,,https://pinarello.com/europe/en/bikes/road/competition/new-pinarello-f/new-pinarello-f3-105-di2,https://pinarello.com/europe/en/bikes/road/competition/new-pinarello-f/new-pinarello-f3-105-di2,html,2026-10-05
Pinarello,PINARELLO [c460f0b8],PINARELLO F3 105 Di2,,carretera,560,,56,,,,,599.2,395.5,"{""CC"": ""575"", ""L"": ""578"", ""A [°]"": ""73"", ""B [°]"": ""73.7"", ""P"": ""413"", ""T"": ""183"", ""D"": ""72"", ""R"": ""47"", ""G"": ""373"", ""REACH"": ""395.5"", ""STACK"": ""599.2""}",,,https://pinarello.com/europe/en/bikes/road/competition/new-pinarello-f/new-pinarello-f3-105-di2,https://pinarello.com/europe/en/bikes/road/competition/new-pinarello-f/new-pinarello-f3-105-di2,html,2026-10-05
Pinarello,PINARELLO [c460f0b8],PINARELLO F3 105 Di2,,carretera,580,,58,,,,,633.4,400.4,"{""CC"": ""595"", ""L"": ""600"", ""A [°]"": ""72.4"", ""B [°]"": ""73.4"", ""P"": ""413"", ""T"": ""225"", ""D"": ""67"", ""R"": ""47"", ""G"": ""373"", ""REACH"": ""400.4"", ""STACK"": ""633.4""}",,,https://pinarello.com/europe/en/bikes/road/competition/new-pinarello-f/new-pinarello-f3-105-di2,https://pinarello.com/europe/en/bikes/road/competition/new-pinarello-f/new-pinarello-f3-105-di2,html,2026-10-05
Pinarello,PINARELLO F1 105 [18985e35],PINARELLO F1 105,,carretera,425,,42.5,,,,,502.5,351.3,"{""CC"": ""430"", ""L"": ""500"", ""A [°]"": ""74.4"", ""B [°]"": ""69.5"", ""P"": ""406"", ""T"": ""97"", ""D"": ""67"", ""R"": ""43"", ""G"": ""373"", ""REACH"": ""351.3"", ""STACK"": ""502.5""}",,,https://pinarello.com/europe/en/bikes/road/competition/new-pinarello-f/new-pinarello-f1-105,https://pinarello.com/europe/en/bikes/road/competition/new-pinarello-f/new-pinarello-f1-105,html,2026-10-05
Pinarello,PINARELLO F1 105 [18985e35],PINARELLO F1 105,,carretera,450,,45,,,,,517.7,365.2,"{""CC"": ""465"", ""L"": ""515"", ""A [°]"": ""74.4"", ""B [°]"": ""70.5"", ""P"": ""406"", ""T"": ""104"", ""D"": ""72"", ""R"": ""43"", ""G"": ""373"", ""REACH"": ""365.2"", ""STACK"": ""517.7""}",,,https://pinarello.com/europe/en/bikes/road/competition/new-pinarello-f/new-pinarello-f1-105,https://pinarello.com/europe/en/bikes/road/competition/new-pinarello-f/new-pinarello-f1-105,html,2026-10-05
Pinarello,PINARELLO F1 105 [18985e35],PINARELLO F1 105,,carretera,465,,46.5,,,,,525.5,372.1,"{""CC"": ""500"", ""L"": ""525"", ""A [°]"": ""74"", ""B [°]"": ""71.4"", ""P"": ""408"", ""T"": ""109"", ""D"": ""72"", ""R"": ""43"", ""G"": ""373"", ""REACH"": ""372.1"", ""STACK"": ""525.5""}",,,https://pinarello.com/europe/en/bikes/road/competition/new-pinarello-f/new-pinarello-f1-105,https://pinarello.com/europe/en/bikes/road/competition/new-pinarello-f/new-pinarello-f1-105,html,2026-10-05
Pinarello,PINARELLO F1 105 [18985e35],PINARELLO F1 105,,carretera,485,,48.5,,,,,532.3,378.1,"{""CC"": ""515"", ""L"": ""535"", ""A [°]"": ""73.7"", ""B [°]"": ""72"", ""P"": ""408"", ""T"": ""114"", ""D"": ""72"", ""R"": ""43"", ""G"": ""373"", ""REACH"": ""378.1"", ""STACK"": ""532.3""}",,,https://pinarello.com/europe/en/bikes/road/competition/new-pinarello-f/new-pinarello-f1-105,https://pinarello.com/europe/en/bikes/road/competition/new-pinarello-f/new-pinarello-f1-105,html,2026-10-05
Pinarello,PINARELLO F1 105 [18985e35],PINARELLO F1 105,,carretera,500,,50,,,,,542.6,385.6,"{""CC"": ""530"", ""L"": ""545"", ""A [°]"": ""73.7"", ""B [°]"": ""72.5"", ""P"": ""408"", ""T"": ""123"", ""D"": ""72"", ""R"": ""43"", ""G"": ""373"", ""REACH"": ""385.6"", ""STACK"": ""542.6""}",,,https://pinarello.com/europe/en/bikes/road/competition/new-pinarello-f/new-pinarello-f1-105,https://pinarello.com/europe/en/bikes/road/competition/new-pinarello-f/new-pinarello-f1-105,html,2026-10-05
Pinarello,PINARELLO F1 105 [18985e35],PINARELLO F1 105,,carretera,515,,51.5,,,,,557.9,388.3,"{""CC"": ""545"", ""L"": ""555"", ""A [°]"": ""73.4"", ""B [°]"": ""72.8"", ""P"": ""410"", ""T"": ""138"", ""D"": ""72"", ""R"": ""43"", ""G"": ""373"", ""REACH"": ""388.3"", ""STACK"": ""557.9""}",,,https://pinarello.com/europe/en/bikes/road/competition/new-pinarello-f/new-pinarello-f1-105,https://pinarello.com/europe/en/bikes/road/competition/new-pinarello-f/new-pinarello-f1-105,html,2026-10-05
Pinarello,PINARELLO F1 105 [18985e35],PINARELLO F1 105,,carretera,525,,52.5,,,,,570.3,390.8,"{""CC"": ""560"", ""L"": ""565"", ""A [°]"": ""73"", ""B [°]"": ""73.2"", ""P"": ""410"", ""T"": ""149.5"", ""D"": ""72"", ""R"": ""43"", ""G"": ""373"", ""REACH"": ""390.8"", ""STACK"": ""570.3""}",,,https://pinarello.com/europe/en/bikes/road/competition/new-pinarello-f/new-pinarello-f1-105,https://pinarello.com/europe/en/bikes/road/competition/new-pinarello-f/new-pinarello-f1-105,html,2026-10-05
Pinarello,PINARELLO F1 105 [18985e35],PINARELLO F1 105,,carretera,560,,56,,,,,599.3,395.4,"{""CC"": ""575"", ""L"": ""578"", ""A [°]"": ""73"", ""B [°]"": ""73.7"", ""P"": ""410"", ""T"": ""178"", ""D"": ""72"", ""R"": ""43"", ""G"": ""373"", ""REACH"": ""395.4"", ""STACK"": ""599.3""}",,,https://pinarello.com/europe/en/bikes/road/competition/new-pinarello-f/new-pinarello-f1-105,https://pinarello.com/europe/en/bikes/road/competition/new-pinarello-f/new-pinarello-f1-105,html,2026-10-05
Pinarello,PINARELLO F1 105 [18985e35],PINARELLO F1 105,,carretera,580,,58,,,,,633.5,400.3,"{""CC"": ""595"", ""L"": ""600"", ""A [°]"": ""72.4"", ""B [°]"": ""73.4"", ""P"": ""410"", ""T"": ""220"", ""D"": ""67"", ""R"": ""43"", ""G"": ""373"", ""REACH"": ""400.3"", ""STACK"": ""633.5""}",,,https://pinarello.com/europe/en/bikes/road/competition/new-pinarello-f/new-pinarello-f1-105,https://pinarello.com/europe/en/bikes/road/competition/new-pinarello-f/new-pinarello-f1-105,html,2026-10-05
Pinarello,NEW DOGMA X [448a6ae9],NEW DOGMA X DURA ACE Di2,,carretera,415,,41.5,,,,,524.2,349.3,"{""CC"": ""430"", ""L"": ""505"", ""A [°]"": ""74.4"", ""B [°]"": ""70"", ""P"": ""422"", ""T"": ""111"", ""D"": ""77"", ""R"": ""47"", ""G"": ""375"", ""REACH"": ""349.3"", ""STACK"": ""524.2""}",,,https://pinarello.com/europe/en/bikes/road/endurance/new-dogma-x/new-dogma-x-dura-ace-di2,https://pinarello.com/europe/en/bikes/road/endurance/new-dogma-x/new-dogma-x-dura-ace-di2,html,2026-10-05
Pinarello,NEW DOGMA X [448a6ae9],NEW DOGMA X DURA ACE Di2,,carretera,425,,42.5,,,,,535.5,358.1,"{""CC"": ""465"", ""L"": ""515"", ""A [°]"": ""74.4"", ""B [°]"": ""70"", ""P"": ""422"", ""T"": ""123"", ""D"": ""77"", ""R"": ""47"", ""G"": ""375"", ""REACH"": ""358.1"", ""STACK"": ""535.5""}",,,https://pinarello.com/europe/en/bikes/road/endurance/new-dogma-x/new-dogma-x-dura-ace-di2,https://pinarello.com/europe/en/bikes/road/endurance/new-dogma-x/new-dogma-x-dura-ace-di2,html,2026-10-05
Pinarello,NEW DOGMA X [448a6ae9],NEW DOGMA X DURA ACE Di2,,carretera,450,,45,,,,,542.1,365.4,"{""CC"": ""500"", ""L"": ""525"", ""A [°]"": ""74"", ""B [°]"": ""70.5"", ""P"": ""422"", ""T"": ""128"", ""D"": ""77"", ""R"": ""47"", ""G"": ""375"", ""REACH"": ""365.4"", ""STACK"": ""542.1""}",,,https://pinarello.com/europe/en/bikes/road/endurance/new-dogma-x/new-dogma-x-dura-ace-di2,https://pinarello.com/europe/en/bikes/road/endurance/new-dogma-x/new-dogma-x-dura-ace-di2,html,2026-10-05
Pinarello,NEW DOGMA X [448a6ae9],NEW DOGMA X DURA ACE Di2,,carretera,470,,47,,,,,548.6,371.7,"{""CC"": ""515"", ""L"": ""535"", ""A [°]"": ""73.7"", ""B [°]"": ""71"", ""P"": ""422"", ""T"": ""133"", ""D"": ""77"", ""R"": ""47"", ""G"": ""375"", ""REACH"": ""371.7"", ""STACK"": ""548.6""}",,,https://pinarello.com/europe/en/bikes/road/endurance/new-dogma-x/new-dogma-x-dura-ace-di2,https://pinarello.com/europe/en/bikes/road/endurance/new-dogma-x/new-dogma-x-dura-ace-di2,html,2026-10-05
Pinarello,NEW DOGMA X [448a6ae9],NEW DOGMA X DURA ACE Di2,,carretera,495,,49.5,,,,,559,379.4,"{""CC"": ""530"", ""L"": ""545"", ""A [°]"": ""73.7"", ""B [°]"": ""71.5"", ""P"": ""422"", ""T"": ""142"", ""D"": ""77"", ""R"": ""47"", ""G"": ""375"", ""REACH"": ""379.4"", ""STACK"": ""559""}",,,https://pinarello.com/europe/en/bikes/road/endurance/new-dogma-x/new-dogma-x-dura-ace-di2,https://pinarello.com/europe/en/bikes/road/endurance/new-dogma-x/new-dogma-x-dura-ace-di2,html,2026-10-05
Pinarello,NEW DOGMA X [448a6ae9],NEW DOGMA X DURA ACE Di2,,carretera,510,,51,,,,,568.4,381.2,"{""CC"": ""540"", ""L"": ""552"", ""A [°]"": ""73.4"", ""B [°]"": ""72"", ""P"": ""422"", ""T"": ""150"", ""D"": ""77"", ""R"": ""47"", ""G"": ""375"", ""REACH"": ""381.2"", ""STACK"": ""568.4""}",,,https://pinarello.com/europe/en/bikes/road/endurance/new-dogma-x/new-dogma-x-dura-ace-di2,https://pinarello.com/europe/en/bikes/road/endurance/new-dogma-x/new-dogma-x-dura-ace-di2,html,2026-10-05
Pinarello,NEW DOGMA X [448a6ae9],NEW DOGMA X DURA ACE Di2,,carretera,520,,52,,,,,578.9,383,"{""CC"": ""550"", ""L"": ""557"", ""A [°]"": ""73.4"", ""B [°]"": ""72"", ""P"": ""422"", ""T"": ""161"", ""D"": ""77"", ""R"": ""47"", ""G"": ""375"", ""REACH"": ""383"", ""STACK"": ""578.9""}",,,https://pinarello.com/europe/en/bikes/road/endurance/new-dogma-x/new-dogma-x-dura-ace-di2,https://pinarello.com/europe/en/bikes/road/endurance/new-dogma-x/new-dogma-x-dura-ace-di2,html,2026-10-05
Pinarello,NEW DOGMA X [448a6ae9],NEW DOGMA X DURA ACE Di2,,carretera,525,,52.5,,,,,588.4,384.6,"{""CC"": ""560"", ""L"": ""565"", ""A [°]"": ""73"", ""B [°]"": ""72.5"", ""P"": ""422"", ""T"": ""169"", ""D"": ""77"", ""R"": ""47"", ""G"": ""375"", ""REACH"": ""384.6"", ""STACK"": ""588.4""}",,,https://pinarello.com/europe/en/bikes/road/endurance/new-dogma-x/new-dogma-x-dura-ace-di2,https://pinarello.com/europe/en/bikes/road/endurance/new-dogma-x/new-dogma-x-dura-ace-di2,html,2026-10-05
Pinarello,NEW DOGMA X [448a6ae9],NEW DOGMA X DURA ACE Di2,,carretera,540,,54,,,,,601.7,390.8,"{""CC"": ""575"", ""L"": ""575"", ""A [°]"": ""73"", ""B [°]"": ""72.8"", ""P"": ""422"", ""T"": ""182"", ""D"": ""77"", ""R"": ""47"", ""G"": ""375"", ""REACH"": ""390.8"", ""STACK"": ""601.7""}",,,https://pinarello.com/europe/en/bikes/road/endurance/new-dogma-x/new-dogma-x-dura-ace-di2,https://pinarello.com/europe/en/bikes/road/endurance/new-dogma-x/new-dogma-x-dura-ace-di2,html,2026-10-05
Pinarello,NEW DOGMA X [448a6ae9],NEW DOGMA X DURA ACE Di2,,carretera,560,,56,,,,,632,395.3,"{""CC"": ""595"", ""L"": ""595"", ""A [°]"": ""72.4"", ""B [°]"": ""73"", ""P"": ""422"", ""T"": ""218"", ""D"": ""72"", ""R"": ""47"", ""G"": ""375"", ""REACH"": ""395.3"", ""STACK"": ""632""}",,,https://pinarello.com/europe/en/bikes/road/endurance/new-dogma-x/new-dogma-x-dura-ace-di2,https://pinarello.com/europe/en/bikes/road/endurance/new-dogma-x/new-dogma-x-dura-ace-di2,html,2026-10-05
Pinarello,NEW DOGMA X [448a6ae9],NEW DOGMA X DURA ACE Di2,,carretera,600,,60,,,,,670.3,403.8,"{""CC"": ""620"", ""L"": ""620"", ""A [°]"": ""72"", ""B [°]"": ""73"", ""P"": ""422"", ""T"": ""258"", ""D"": ""72"", ""R"": ""47"", ""G"": ""375"", ""REACH"": ""403.8"", ""STACK"": ""670.3""}",,,https://pinarello.com/europe/en/bikes/road/endurance/new-dogma-x/new-dogma-x-dura-ace-di2,https://pinarello.com/europe/en/bikes/road/endurance/new-dogma-x/new-dogma-x-dura-ace-di2,html,2026-10-05
Pinarello,NEW DOGMA X [448a6ae9],NEW DOGMA X SRAM RED ETAP AXS,,carretera,415,,41.5,,,,,524.2,349.3,"{""CC"": ""430"", ""L"": ""505"", ""A [°]"": ""74.4"", ""B [°]"": ""70"", ""P"": ""422"", ""T"": ""111"", ""D"": ""77"", ""R"": ""47"", ""G"": ""375"", ""REACH"": ""349.3"", ""STACK"": ""524.2""}",,,https://pinarello.com/europe/en/bikes/road/endurance/new-dogma-x/new-dogma-x-sram-red-etap-axs,https://pinarello.com/europe/en/bikes/road/endurance/new-dogma-x/new-dogma-x-sram-red-etap-axs,html,2026-10-05
Pinarello,NEW DOGMA X [448a6ae9],NEW DOGMA X SRAM RED ETAP AXS,,carretera,425,,42.5,,,,,535.5,358.1,"{""CC"": ""465"", ""L"": ""515"", ""A [°]"": ""74.4"", ""B [°]"": ""70"", ""P"": ""422"", ""T"": ""123"", ""D"": ""77"", ""R"": ""47"", ""G"": ""375"", ""REACH"": ""358.1"", ""STACK"": ""535.5""}",,,https://pinarello.com/europe/en/bikes/road/endurance/new-dogma-x/new-dogma-x-sram-red-etap-axs,https://pinarello.com/europe/en/bikes/road/endurance/new-dogma-x/new-dogma-x-sram-red-etap-axs,html,2026-10-05
Pinarello,NEW DOGMA X [448a6ae9],NEW DOGMA X SRAM RED ETAP AXS,,carretera,450,,45,,,,,542.1,365.4,"{""CC"": ""500"", ""L"": ""525"", ""A [°]"": ""74"", ""B [°]"": ""70.5"", ""P"": ""422"", ""T"": ""128"", ""D"": ""77"", ""R"": ""47"", ""G"": ""375"", ""REACH"": ""365.4"", ""STACK"": ""542.1""}",,,https://pinarello.com/europe/en/bikes/road/endurance/new-dogma-x/new-dogma-x-sram-red-etap-axs,https://pinarello.com/europe/en/bikes/road/endurance/new-dogma-x/new-dogma-x-sram-red-etap-axs,html,2026-10-05
Pinarello,NEW DOGMA X [448a6ae9],NEW DOGMA X SRAM RED ETAP AXS,,carretera,470,,47,,,,,548.6,371.7,"{""CC"": ""515"", ""L"": ""535"", ""A [°]"": ""73.7"", ""B [°]"": ""71"", ""P"": ""422"", ""T"": ""133"", ""D"": ""77"", ""R"": ""47"", ""G"": ""375"", ""REACH"": ""371.7"", ""STACK"": ""548.6""}",,,https://pinarello.com/europe/en/bikes/road/endurance/new-dogma-x/new-dogma-x-sram-red-etap-axs,https://pinarello.com/europe/en/bikes/road/endurance/new-dogma-x/new-dogma-x-sram-red-etap-axs,html,2026-10-05
Pinarello,NEW DOGMA X [448a6ae9],NEW DOGMA X SRAM RED ETAP AXS,,carretera,495,,49.5,,,,,559,379.4,"{""CC"": ""530"", ""L"": ""545"", ""A [°]"": ""73.7"", ""B [°]"": ""71.5"", ""P"": ""422"", ""T"": ""142"", ""D"": ""77"", ""R"": ""47"", ""G"": ""375"", ""REACH"": ""379.4"", ""STACK"": ""559""}",,,https://pinarello.com/europe/en/bikes/road/endurance/new-dogma-x/new-dogma-x-sram-red-etap-axs,https://pinarello.com/europe/en/bikes/road/endurance/new-dogma-x/new-dogma-x-sram-red-etap-axs,html,2026-10-05
Pinarello,NEW DOGMA X [448a6ae9],NEW DOGMA X SRAM RED ETAP AXS,,carretera,510,,51,,,,,568.4,381.2,"{""CC"": ""540"", ""L"": ""552"", ""A [°]"": ""73.4"", ""B [°]"": ""72"", ""P"": ""422"", ""T"": ""150"", ""D"": ""77"", ""R"": ""47"", ""G"": ""375"", ""REACH"": ""381.2"", ""STACK"": ""568.4""}",,,https://pinarello.com/europe/en/bikes/road/endurance/new-dogma-x/new-dogma-x-sram-red-etap-axs,https://pinarello.com/europe/en/bikes/road/endurance/new-dogma-x/new-dogma-x-sram-red-etap-axs,html,2026-10-05
Pinarello,NEW DOGMA X [448a6ae9],NEW DOGMA X SRAM RED ETAP AXS,,carretera,520,,52,,,,,578.9,383,"{""CC"": ""550"", ""L"": ""557"", ""A [°]"": ""73.4"", ""B [°]"": ""72"", ""P"": ""422"", ""T"": ""161"", ""D"": ""77"", ""R"": ""47"", ""G"": ""375"", ""REACH"": ""383"", ""STACK"": ""578.9""}",,,https://pinarello.com/europe/en/bikes/road/endurance/new-dogma-x/new-dogma-x-sram-red-etap-axs,https://pinarello.com/europe/en/bikes/road/endurance/new-dogma-x/new-dogma-x-sram-red-etap-axs,html,2026-10-05
Pinarello,NEW DOGMA X [448a6ae9],NEW DOGMA X SRAM RED ETAP AXS,,carretera,525,,52.5,,,,,588.4,384.6,"{""CC"": ""560"", ""L"": ""565"", ""A [°]"": ""73"", ""B [°]"": ""72.5"", ""P"": ""422"", ""T"": ""169"", ""D"": ""77"", ""R"": ""47"", ""G"": ""375"", ""REACH"": ""384.6"", ""STACK"": ""588.4""}",,,https://pinarello.com/europe/en/bikes/road/endurance/new-dogma-x/new-dogma-x-sram-red-etap-axs,https://pinarello.com/europe/en/bikes/road/endurance/new-dogma-x/new-dogma-x-sram-red-etap-axs,html,2026-10-05
Pinarello,NEW DOGMA X [448a6ae9],NEW DOGMA X SRAM RED ETAP AXS,,carretera,540,,54,,,,,601.7,390.8,"{""CC"": ""575"", ""L"": ""575"", ""A [°]"": ""73"", ""B [°]"": ""72.8"", ""P"": ""422"", ""T"": ""182"", ""D"": ""77"", ""R"": ""47"", ""G"": ""375"", ""REACH"": ""390.8"", ""STACK"": ""601.7""}",,,https://pinarello.com/europe/en/bikes/road/endurance/new-dogma-x/new-dogma-x-sram-red-etap-axs,https://pinarello.com/europe/en/bikes/road/endurance/new-dogma-x/new-dogma-x-sram-red-etap-axs,html,2026-10-05
Pinarello,NEW DOGMA X [448a6ae9],NEW DOGMA X SRAM RED ETAP AXS,,carretera,560,,56,,,,,632,395.3,"{""CC"": ""595"", ""L"": ""595"", ""A [°]"": ""72.4"", ""B [°]"": ""73"", ""P"": ""422"", ""T"": ""218"", ""D"": ""72"", ""R"": ""47"", ""G"": ""375"", ""REACH"": ""395.3"", ""STACK"": ""632""}",,,https://pinarello.com/europe/en/bikes/road/endurance/new-dogma-x/new-dogma-x-sram-red-etap-axs,https://pinarello.com/europe/en/bikes/road/endurance/new-dogma-x/new-dogma-x-sram-red-etap-axs,html,2026-10-05
Pinarello,NEW DOGMA X [448a6ae9],NEW DOGMA X SRAM RED ETAP AXS,,carretera,600,,60,,,,,670.3,403.8,"{""CC"": ""620"", ""L"": ""620"", ""A [°]"": ""72"", ""B [°]"": ""73"", ""P"": ""422"", ""T"": ""258"", ""D"": ""72"", ""R"": ""47"", ""G"": ""375"", ""REACH"": ""403.8"", ""STACK"": ""670.3""}",,,https://pinarello.com/europe/en/bikes/road/endurance/new-dogma-x/new-dogma-x-sram-red-etap-axs,https://pinarello.com/europe/en/bikes/road/endurance/new-dogma-x/new-dogma-x-sram-red-etap-axs,html,2026-10-05
Pinarello,NEW DOGMA X [448a6ae9],NEW DOGMA X SUPER RECORD 13,,carretera,415,,41.5,,,,,524.2,349.3,"{""CC"": ""430"", ""L"": ""505"", ""A [°]"": ""74.4"", ""B [°]"": ""70"", ""P"": ""422"", ""T"": ""111"", ""D"": ""77"", ""R"": ""47"", ""G"": ""375"", ""REACH"": ""349.3"", ""STACK"": ""524.2""}",,,https://pinarello.com/europe/en/bikes/road/endurance/new-dogma-x/new-dogma-x-super-record-13,https://pinarello.com/europe/en/bikes/road/endurance/new-dogma-x/new-dogma-x-super-record-13,html,2026-10-05
Pinarello,NEW DOGMA X [448a6ae9],NEW DOGMA X SUPER RECORD 13,,carretera,425,,42.5,,,,,535.5,358.1,"{""CC"": ""465"", ""L"": ""515"", ""A [°]"": ""74.4"", ""B [°]"": ""70"", ""P"": ""422"", ""T"": ""123"", ""D"": ""77"", ""R"": ""47"", ""G"": ""375"", ""REACH"": ""358.1"", ""STACK"": ""535.5""}",,,https://pinarello.com/europe/en/bikes/road/endurance/new-dogma-x/new-dogma-x-super-record-13,https://pinarello.com/europe/en/bikes/road/endurance/new-dogma-x/new-dogma-x-super-record-13,html,2026-10-05
Pinarello,NEW DOGMA X [448a6ae9],NEW DOGMA X SUPER RECORD 13,,carretera,450,,45,,,,,542.1,365.4,"{""CC"": ""500"", ""L"": ""525"", ""A [°]"": ""74"", ""B [°]"": ""70.5"", ""P"": ""422"", ""T"": ""128"", ""D"": ""77"", ""R"": ""47"", ""G"": ""375"", ""REACH"": ""365.4"", ""STACK"": ""542.1""}",,,https://pinarello.com/europe/en/bikes/road/endurance/new-dogma-x/new-dogma-x-super-record-13,https://pinarello.com/europe/en/bikes/road/endurance/new-dogma-x/new-dogma-x-super-record-13,html,2026-10-05
Pinarello,NEW DOGMA X [448a6ae9],NEW DOGMA X SUPER RECORD 13,,carretera,470,,47,,,,,548.6,371.7,"{""CC"": ""515"", ""L"": ""535"", ""A [°]"": ""73.7"", ""B [°]"": ""71"", ""P"": ""422"", ""T"": ""133"", ""D"": ""77"", ""R"": ""47"", ""G"": ""375"", ""REACH"": ""371.7"", ""STACK"": ""548.6""}",,,https://pinarello.com/europe/en/bikes/road/endurance/new-dogma-x/new-dogma-x-super-record-13,https://pinarello.com/europe/en/bikes/road/endurance/new-dogma-x/new-dogma-x-super-record-13,html,2026-10-05
Pinarello,NEW DOGMA X [448a6ae9],NEW DOGMA X SUPER RECORD 13,,carretera,495,,49.5,,,,,559,379.4,"{""CC"": ""530"", ""L"": ""545"", ""A [°]"": ""73.7"", ""B [°]"": ""71.5"", ""P"": ""422"", ""T"": ""142"", ""D"": ""77"", ""R"": ""47"", ""G"": ""375"", ""REACH"": ""379.4"", ""STACK"": ""559""}",,,https://pinarello.com/europe/en/bikes/road/endurance/new-dogma-x/new-dogma-x-super-record-13,https://pinarello.com/europe/en/bikes/road/endurance/new-dogma-x/new-dogma-x-super-record-13,html,2026-10-05
Pinarello,NEW DOGMA X [448a6ae9],NEW DOGMA X SUPER RECORD 13,,carretera,510,,51,,,,,568.4,381.2,"{""CC"": ""540"", ""L"": ""552"", ""A [°]"": ""73.4"", ""B [°]"": ""72"", ""P"": ""422"", ""T"": ""150"", ""D"": ""77"", ""R"": ""47"", ""G"": ""375"", ""REACH"": ""381.2"", ""STACK"": ""568.4""}",,,https://pinarello.com/europe/en/bikes/road/endurance/new-dogma-x/new-dogma-x-super-record-13,https://pinarello.com/europe/en/bikes/road/endurance/new-dogma-x/new-dogma-x-super-record-13,html,2026-10-05
Pinarello,NEW DOGMA X [448a6ae9],NEW DOGMA X SUPER RECORD 13,,carretera,520,,52,,,,,578.9,383,"{""CC"": ""550"", ""L"": ""557"", ""A [°]"": ""73.4"", ""B [°]"": ""72"", ""P"": ""422"", ""T"": ""161"", ""D"": ""77"", ""R"": ""47"", ""G"": ""375"", ""REACH"": ""383"", ""STACK"": ""578.9""}",,,https://pinarello.com/europe/en/bikes/road/endurance/new-dogma-x/new-dogma-x-super-record-13,https://pinarello.com/europe/en/bikes/road/endurance/new-dogma-x/new-dogma-x-super-record-13,html,2026-10-05
Pinarello,NEW DOGMA X [448a6ae9],NEW DOGMA X SUPER RECORD 13,,carretera,525,,52.5,,,,,588.4,384.6,"{""CC"": ""560"", ""L"": ""565"", ""A [°]"": ""73"", ""B [°]"": ""72.5"", ""P"": ""422"", ""T"": ""169"", ""D"": ""77"", ""R"": ""47"", ""G"": ""375"", ""REACH"": ""384.6"", ""STACK"": ""588.4""}",,,https://pinarello.com/europe/en/bikes/road/endurance/new-dogma-x/new-dogma-x-super-record-13,https://pinarello.com/europe/en/bikes/road/endurance/new-dogma-x/new-dogma-x-super-record-13,html,2026-10-05
Pinarello,NEW DOGMA X [448a6ae9],NEW DOGMA X SUPER RECORD 13,,carretera,540,,54,,,,,601.7,390.8,"{""CC"": ""575"", ""L"": ""575"", ""A [°]"": ""73"", ""B [°]"": ""72.8"", ""P"": ""422"", ""T"": ""182"", ""D"": ""77"", ""R"": ""47"", ""G"": ""375"", ""REACH"": ""390.8"", ""STACK"": ""601.7""}",,,https://pinarello.com/europe/en/bikes/road/endurance/new-dogma-x/new-dogma-x-super-record-13,https://pinarello.com/europe/en/bikes/road/endurance/new-dogma-x/new-dogma-x-super-record-13,html,2026-10-05
Pinarello,NEW DOGMA X [448a6ae9],NEW DOGMA X SUPER RECORD 13,,carretera,560,,56,,,,,632,395.3,"{""CC"": ""595"", ""L"": ""595"", ""A [°]"": ""72.4"", ""B [°]"": ""73"", ""P"": ""422"", ""T"": ""218"", ""D"": ""72"", ""R"": ""47"", ""G"": ""375"", ""REACH"": ""395.3"", ""STACK"": ""632""}",,,https://pinarello.com/europe/en/bikes/road/endurance/new-dogma-x/new-dogma-x-super-record-13,https://pinarello.com/europe/en/bikes/road/endurance/new-dogma-x/new-dogma-x-super-record-13,html,2026-10-05
Pinarello,NEW DOGMA X [448a6ae9],NEW DOGMA X SUPER RECORD 13,,carretera,600,,60,,,,,670.3,403.8,"{""CC"": ""620"", ""L"": ""620"", ""A [°]"": ""72"", ""B [°]"": ""73"", ""P"": ""422"", ""T"": ""258"", ""D"": ""72"", ""R"": ""47"", ""G"": ""375"", ""REACH"": ""403.8"", ""STACK"": ""670.3""}",,,https://pinarello.com/europe/en/bikes/road/endurance/new-dogma-x/new-dogma-x-super-record-13,https://pinarello.com/europe/en/bikes/road/endurance/new-dogma-x/new-dogma-x-super-record-13,html,2026-10-05
Pinarello,NEW PINARELLO [9e80f2f6],NEW PINARELLO X9 DURA ACE Di2,,carretera,420,,42,,,,,532.5,340,"{""CC"": ""430"", ""L"": ""492"", ""A [°]"": ""75.25"", ""B [°]"": ""70"", ""P"": ""425"", ""T"": ""122"", ""D"": ""72"", ""R"": ""52"", ""G"": ""380"", ""REACH"": ""340"", ""STACK"": ""532.5""}",,,https://pinarello.com/europe/en/bikes/road/endurance/new-pinarello-x/new-pinarello-x9-dura-ace-di2,https://pinarello.com/europe/en/bikes/road/endurance/new-pinarello-x/new-pinarello-x9-dura-ace-di2,html,2026-10-05
Pinarello,NEW PINARELLO [9e80f2f6],NEW PINARELLO X9 DURA ACE Di2,,carretera,430,,43,,,,,539.2,352.1,"{""CC"": ""460"", ""L"": ""509"", ""A [°]"": ""74.5"", ""B [°]"": ""70.5"", ""P"": ""425"", ""T"": ""127"", ""D"": ""72"", ""R"": ""52"", ""G"": ""380"", ""REACH"": ""352.1"", ""STACK"": ""539.2""}",,,https://pinarello.com/europe/en/bikes/road/endurance/new-pinarello-x/new-pinarello-x9-dura-ace-di2,https://pinarello.com/europe/en/bikes/road/endurance/new-pinarello-x/new-pinarello-x9-dura-ace-di2,html,2026-10-05
Pinarello,NEW PINARELLO [9e80f2f6],NEW PINARELLO X9 DURA ACE Di2,,carretera,455,,45.5,,,,,552.4,361.9,"{""CC"": ""490"", ""L"": ""525"", ""A [°]"": ""74"", ""B [°]"": ""71"", ""P"": ""425"", ""T"": ""139"", ""D"": ""72"", ""R"": ""52"", ""G"": ""380"", ""REACH"": ""361.9"", ""STACK"": ""552.4""}",,,https://pinarello.com/europe/en/bikes/road/endurance/new-pinarello-x/new-pinarello-x9-dura-ace-di2,https://pinarello.com/europe/en/bikes/road/endurance/new-pinarello-x/new-pinarello-x9-dura-ace-di2,html,2026-10-05
Pinarello,NEW PINARELLO [9e80f2f6],NEW PINARELLO X9 DURA ACE Di2,,carretera,480,,48,,,,,564.4,368.5,"{""CC"": ""515"", ""L"": ""536"", ""A [°]"": ""73.75"", ""B [°]"": ""71.5"", ""P"": ""425"", ""T"": ""148"", ""D"": ""72"", ""R"": ""47"", ""G"": ""380"", ""REACH"": ""368.5"", ""STACK"": ""564.4""}",,,https://pinarello.com/europe/en/bikes/road/endurance/new-pinarello-x/new-pinarello-x9-dura-ace-di2,https://pinarello.com/europe/en/bikes/road/endurance/new-pinarello-x/new-pinarello-x9-dura-ace-di2,html,2026-10-05
Pinarello,NEW PINARELLO [9e80f2f6],NEW PINARELLO X9 DURA ACE Di2,,carretera,500,,50,,,,,575.8,372.5,"{""CC"": ""530"", ""L"": ""545"", ""A [°]"": ""73.5"", ""B [°]"": ""72"", ""P"": ""425"", ""T"": ""158"", ""D"": ""72"", ""R"": ""47"", ""G"": ""380"", ""REACH"": ""372.5"", ""STACK"": ""575.8""}",,,https://pinarello.com/europe/en/bikes/road/endurance/new-pinarello-x/new-pinarello-x9-dura-ace-di2,https://pinarello.com/europe/en/bikes/road/endurance/new-pinarello-x/new-pinarello-x9-dura-ace-di2,html,2026-10-05
Pinarello,NEW PINARELLO [9e80f2f6],NEW PINARELLO X9 DURA ACE Di2,,carretera,525,,52.5,,,,,588.2,376.7,"{""CC"": ""545"", ""L"": ""555"", ""A [°]"": ""73.25"", ""B [°]"": ""72.25"", ""P"": ""425"", ""T"": ""170"", ""D"": ""72"", ""R"": ""47"", ""G"": ""380"", ""REACH"": ""376.7"", ""STACK"": ""588.2""}",,,https://pinarello.com/europe/en/bikes/road/endurance/new-pinarello-x/new-pinarello-x9-dura-ace-di2,https://pinarello.com/europe/en/bikes/road/endurance/new-pinarello-x/new-pinarello-x9-dura-ace-di2,html,2026-10-05
Pinarello,NEW PINARELLO [9e80f2f6],NEW PINARELLO X9 DURA ACE Di2,,carretera,540,,54,,,,,602.4,380.2,"{""CC"": ""560"", ""L"": ""565"", ""A [°]"": ""73"", ""B [°]"": ""72.5"", ""P"": ""425"", ""T"": ""184"", ""D"": ""72"", ""R"": ""47"", ""G"": ""380"", ""REACH"": ""380.2"", ""STACK"": ""602.4""}",,,https://pinarello.com/europe/en/bikes/road/endurance/new-pinarello-x/new-pinarello-x9-dura-ace-di2,https://pinarello.com/europe/en/bikes/road/endurance/new-pinarello-x/new-pinarello-x9-dura-ace-di2,html,2026-10-05
Pinarello,NEW PINARELLO [9e80f2f6],NEW PINARELLO X9 DURA ACE Di2,,carretera,560,,56,,,,,620.3,384.1,"{""CC"": ""580"", ""L"": ""577"", ""A [°]"": ""72.75"", ""B [°]"": ""72.5"", ""P"": ""425"", ""T"": ""208"", ""D"": ""67"", ""R"": ""47"", ""G"": ""380"", ""REACH"": ""384.1"", ""STACK"": ""620.3""}",,,https://pinarello.com/europe/en/bikes/road/endurance/new-pinarello-x/new-pinarello-x9-dura-ace-di2,https://pinarello.com/europe/en/bikes/road/endurance/new-pinarello-x/new-pinarello-x9-dura-ace-di2,html,2026-10-05
Pinarello,NEW PINARELLO [9e80f2f6],NEW PINARELLO X9 DURA ACE Di2,,carretera,590,,59,,,,,640.4,388.1,"{""CC"": ""600"", ""L"": ""590"", ""A [°]"": ""72.5"", ""B [°]"": ""72.5"", ""P"": ""425"", ""T"": ""229"", ""D"": ""67"", ""R"": ""47"", ""G"": ""380"", ""REACH"": ""388.1"", ""STACK"": ""640.4""}",,,https://pinarello.com/europe/en/bikes/road/endurance/new-pinarello-x/new-pinarello-x9-dura-ace-di2,https://pinarello.com/europe/en/bikes/road/endurance/new-pinarello-x/new-pinarello-x9-dura-ace-di2,html,2026-10-05
Pinarello,NEW PINARELLO [9e80f2f6],NEW PINARELLO X7 ULTEGRA Di2,,carretera,420,,42,,,,,532.5,340,"{""CC"": ""430"", ""L"": ""492"", ""A [°]"": ""75.25"", ""B [°]"": ""70"", ""P"": ""425"", ""T"": ""122"", ""D"": ""72"", ""R"": ""52"", ""G"": ""380"", ""REACH"": ""340"", ""STACK"": ""532.5""}",,,https://pinarello.com/europe/en/bikes/road/endurance/new-pinarello-x/new-pinarello-x7-ultegra-di2,https://pinarello.com/europe/en/bikes/road/endurance/new-pinarello-x/new-pinarello-x7-ultegra-di2,html,2026-10-05
Pinarello,NEW PINARELLO [9e80f2f6],NEW PINARELLO X7 ULTEGRA Di2,,carretera,430,,43,,,,,539.2,352.1,"{""CC"": ""460"", ""L"": ""509"", ""A [°]"": ""74.5"", ""B [°]"": ""70.5"", ""P"": ""425"", ""T"": ""127"", ""D"": ""72"", ""R"": ""52"", ""G"": ""380"", ""REACH"": ""352.1"", ""STACK"": ""539.2""}",,,https://pinarello.com/europe/en/bikes/road/endurance/new-pinarello-x/new-pinarello-x7-ultegra-di2,https://pinarello.com/europe/en/bikes/road/endurance/new-pinarello-x/new-pinarello-x7-ultegra-di2,html,2026-10-05
Pinarello,NEW PINARELLO [9e80f2f6],NEW PINARELLO X7 ULTEGRA Di2,,carretera,455,,45.5,,,,,552.4,361.9,"{""CC"": ""490"", ""L"": ""525"", ""A [°]"": ""74"", ""B [°]"": ""71"", ""P"": ""425"", ""T"": ""139"", ""D"": ""72"", ""R"": ""52"", ""G"": ""380"", ""REACH"": ""361.9"", ""STACK"": ""552.4""}",,,https://pinarello.com/europe/en/bikes/road/endurance/new-pinarello-x/new-pinarello-x7-ultegra-di2,https://pinarello.com/europe/en/bikes/road/endurance/new-pinarello-x/new-pinarello-x7-ultegra-di2,html,2026-10-05
Pinarello,NEW PINARELLO [9e80f2f6],NEW PINARELLO X7 ULTEGRA Di2,,carretera,480,,48,,,,,564.4,368.5,"{""CC"": ""515"", ""L"": ""536"", ""A [°]"": ""73.75"", ""B [°]"": ""71.5"", ""P"": ""425"", ""T"": ""148"", ""D"": ""72"", ""R"": ""47"", ""G"": ""380"", ""REACH"": ""368.5"", ""STACK"": ""564.4""}",,,https://pinarello.com/europe/en/bikes/road/endurance/new-pinarello-x/new-pinarello-x7-ultegra-di2,https://pinarello.com/europe/en/bikes/road/endurance/new-pinarello-x/new-pinarello-x7-ultegra-di2,html,2026-10-05
Pinarello,NEW PINARELLO [9e80f2f6],NEW PINARELLO X7 ULTEGRA Di2,,carretera,500,,50,,,,,575.8,372.5,"{""CC"": ""530"", ""L"": ""545"", ""A [°]"": ""73.5"", ""B [°]"": ""72"", ""P"": ""425"", ""T"": ""158"", ""D"": ""72"", ""R"": ""47"", ""G"": ""380"", ""REACH"": ""372.5"", ""STACK"": ""575.8""}",,,https://pinarello.com/europe/en/bikes/road/endurance/new-pinarello-x/new-pinarello-x7-ultegra-di2,https://pinarello.com/europe/en/bikes/road/endurance/new-pinarello-x/new-pinarello-x7-ultegra-di2,html,2026-10-05
Pinarello,NEW PINARELLO [9e80f2f6],NEW PINARELLO X7 ULTEGRA Di2,,carretera,525,,52.5,,,,,588.2,376.7,"{""CC"": ""545"", ""L"": ""555"", ""A [°]"": ""73.25"", ""B [°]"": ""72.25"", ""P"": ""425"", ""T"": ""170"", ""D"": ""72"", ""R"": ""47"", ""G"": ""380"", ""REACH"": ""376.7"", ""STACK"": ""588.2""}",,,https://pinarello.com/europe/en/bikes/road/endurance/new-pinarello-x/new-pinarello-x7-ultegra-di2,https://pinarello.com/europe/en/bikes/road/endurance/new-pinarello-x/new-pinarello-x7-ultegra-di2,html,2026-10-05
Pinarello,NEW PINARELLO [9e80f2f6],NEW PINARELLO X7 ULTEGRA Di2,,carretera,540,,54,,,,,602.4,380.2,"{""CC"": ""560"", ""L"": ""565"", ""A [°]"": ""73"", ""B [°]"": ""72.5"", ""P"": ""425"", ""T"": ""184"", ""D"": ""72"", ""R"": ""47"", ""G"": ""380"", ""REACH"": ""380.2"", ""STACK"": ""602.4""}",,,https://pinarello.com/europe/en/bikes/road/endurance/new-pinarello-x/new-pinarello-x7-ultegra-di2,https://pinarello.com/europe/en/bikes/road/endurance/new-pinarello-x/new-pinarello-x7-ultegra-di2,html,2026-10-05
Pinarello,NEW PINARELLO [9e80f2f6],NEW PINARELLO X7 ULTEGRA Di2,,carretera,560,,56,,,,,620.3,384.1,"{""CC"": ""580"", ""L"": ""577"", ""A [°]"": ""72.75"", ""B [°]"": ""72.5"", ""P"": ""425"", ""T"": ""208"", ""D"": ""67"", ""R"": ""47"", ""G"": ""380"", ""REACH"": ""384.1"", ""STACK"": ""620.3""}",,,https://pinarello.com/europe/en/bikes/road/endurance/new-pinarello-x/new-pinarello-x7-ultegra-di2,https://pinarello.com/europe/en/bikes/road/endurance/new-pinarello-x/new-pinarello-x7-ultegra-di2,html,2026-10-05
Pinarello,NEW PINARELLO [9e80f2f6],NEW PINARELLO X7 ULTEGRA Di2,,carretera,590,,59,,,,,640.4,388.1,"{""CC"": ""600"", ""L"": ""590"", ""A [°]"": ""72.5"", ""B [°]"": ""72.5"", ""P"": ""425"", ""T"": ""229"", ""D"": ""67"", ""R"": ""47"", ""G"": ""380"", ""REACH"": ""388.1"", ""STACK"": ""640.4""}",,,https://pinarello.com/europe/en/bikes/road/endurance/new-pinarello-x/new-pinarello-x7-ultegra-di2,https://pinarello.com/europe/en/bikes/road/endurance/new-pinarello-x/new-pinarello-x7-ultegra-di2,html,2026-10-05
Pinarello,NEW PINARELLO [9e80f2f6],NEW PINARELLO X5 105 Di2,,carretera,420,,42,,,,,532.5,340,"{""CC"": ""430"", ""L"": ""492"", ""A [°]"": ""75.25"", ""B [°]"": ""70"", ""P"": ""425"", ""T"": ""122"", ""D"": ""72"", ""R"": ""52"", ""G"": ""380"", ""REACH"": ""340"", ""STACK"": ""532.5""}",,,https://pinarello.com/europe/en/bikes/road/endurance/new-pinarello-x/new-pinarello-x5-105-di2,https://pinarello.com/europe/en/bikes/road/endurance/new-pinarello-x/new-pinarello-x5-105-di2,html,2026-10-05
Pinarello,NEW PINARELLO [9e80f2f6],NEW PINARELLO X5 105 Di2,,carretera,430,,43,,,,,539.2,352.1,"{""CC"": ""460"", ""L"": ""509"", ""A [°]"": ""74.5"", ""B [°]"": ""70.5"", ""P"": ""425"", ""T"": ""127"", ""D"": ""72"", ""R"": ""52"", ""G"": ""380"", ""REACH"": ""352.1"", ""STACK"": ""539.2""}",,,https://pinarello.com/europe/en/bikes/road/endurance/new-pinarello-x/new-pinarello-x5-105-di2,https://pinarello.com/europe/en/bikes/road/endurance/new-pinarello-x/new-pinarello-x5-105-di2,html,2026-10-05
Pinarello,NEW PINARELLO [9e80f2f6],NEW PINARELLO X5 105 Di2,,carretera,455,,45.5,,,,,552.4,361.9,"{""CC"": ""490"", ""L"": ""525"", ""A [°]"": ""74"", ""B [°]"": ""71"", ""P"": ""425"", ""T"": ""139"", ""D"": ""72"", ""R"": ""52"", ""G"": ""380"", ""REACH"": ""361.9"", ""STACK"": ""552.4""}",,,https://pinarello.com/europe/en/bikes/road/endurance/new-pinarello-x/new-pinarello-x5-105-di2,https://pinarello.com/europe/en/bikes/road/endurance/new-pinarello-x/new-pinarello-x5-105-di2,html,2026-10-05
Pinarello,NEW PINARELLO [9e80f2f6],NEW PINARELLO X5 105 Di2,,carretera,480,,48,,,,,564.4,368.5,"{""CC"": ""515"", ""L"": ""536"", ""A [°]"": ""73.75"", ""B [°]"": ""71.5"", ""P"": ""425"", ""T"": ""148"", ""D"": ""72"", ""R"": ""47"", ""G"": ""380"", ""REACH"": ""368.5"", ""STACK"": ""564.4""}",,,https://pinarello.com/europe/en/bikes/road/endurance/new-pinarello-x/new-pinarello-x5-105-di2,https://pinarello.com/europe/en/bikes/road/endurance/new-pinarello-x/new-pinarello-x5-105-di2,html,2026-10-05
Pinarello,NEW PINARELLO [9e80f2f6],NEW PINARELLO X5 105 Di2,,carretera,500,,50,,,,,575.8,372.5,"{""CC"": ""530"", ""L"": ""545"", ""A [°]"": ""73.5"", ""B [°]"": ""72"", ""P"": ""425"", ""T"": ""158"", ""D"": ""72"", ""R"": ""47"", ""G"": ""380"", ""REACH"": ""372.5"", ""STACK"": ""575.8""}",,,https://pinarello.com/europe/en/bikes/road/endurance/new-pinarello-x/new-pinarello-x5-105-di2,https://pinarello.com/europe/en/bikes/road/endurance/new-pinarello-x/new-pinarello-x5-105-di2,html,2026-10-05
Pinarello,NEW PINARELLO [9e80f2f6],NEW PINARELLO X5 105 Di2,,carretera,525,,52.5,,,,,588.2,376.7,"{""CC"": ""545"", ""L"": ""555"", ""A [°]"": ""73.25"", ""B [°]"": ""72.25"", ""P"": ""425"", ""T"": ""170"", ""D"": ""72"", ""R"": ""47"", ""G"": ""380"", ""REACH"": ""376.7"", ""STACK"": ""588.2""}",,,https://pinarello.com/europe/en/bikes/road/endurance/new-pinarello-x/new-pinarello-x5-105-di2,https://pinarello.com/europe/en/bikes/road/endurance/new-pinarello-x/new-pinarello-x5-105-di2,html,2026-10-05
Pinarello,NEW PINARELLO [9e80f2f6],NEW PINARELLO X5 105 Di2,,carretera,540,,54,,,,,602.4,380.2,"{""CC"": ""560"", ""L"": ""565"", ""A [°]"": ""73"", ""B [°]"": ""72.5"", ""P"": ""425"", ""T"": ""184"", ""D"": ""72"", ""R"": ""47"", ""G"": ""380"", ""REACH"": ""380.2"", ""STACK"": ""602.4""}",,,https://pinarello.com/europe/en/bikes/road/endurance/new-pinarello-x/new-pinarello-x5-105-di2,https://pinarello.com/europe/en/bikes/road/endurance/new-pinarello-x/new-pinarello-x5-105-di2,html,2026-10-05
Pinarello,NEW PINARELLO [9e80f2f6],NEW PINARELLO X5 105 Di2,,carretera,560,,56,,,,,620.3,384.1,"{""CC"": ""580"", ""L"": ""577"", ""A [°]"": ""72.75"", ""B [°]"": ""72.5"", ""P"": ""425"", ""T"": ""208"", ""D"": ""67"", ""R"": ""47"", ""G"": ""380"", ""REACH"": ""384.1"", ""STACK"": ""620.3""}",,,https://pinarello.com/europe/en/bikes/road/endurance/new-pinarello-x/new-pinarello-x5-105-di2,https://pinarello.com/europe/en/bikes/road/endurance/new-pinarello-x/new-pinarello-x5-105-di2,html,2026-10-05
Pinarello,NEW PINARELLO [9e80f2f6],NEW PINARELLO X5 105 Di2,,carretera,590,,59,,,,,640.4,388.1,"{""CC"": ""600"", ""L"": ""590"", ""A [°]"": ""72.5"", ""B [°]"": ""72.5"", ""P"": ""425"", ""T"": ""229"", ""D"": ""67"", ""R"": ""47"", ""G"": ""380"", ""REACH"": ""388.1"", ""STACK"": ""640.4""}",,,https://pinarello.com/europe/en/bikes/road/endurance/new-pinarello-x/new-pinarello-x5-105-di2,https://pinarello.com/europe/en/bikes/road/endurance/new-pinarello-x/new-pinarello-x5-105-di2,html,2026-10-05
Pinarello,NEW PINARELLO [9e80f2f6],NEW PINARELLO X3 105 Di2,,carretera,420,,42,,,,,532.5,340,"{""CC"": ""430"", ""L"": ""492"", ""A [°]"": ""75.25"", ""B [°]"": ""70"", ""P"": ""425"", ""T"": ""122"", ""D"": ""72"", ""R"": ""52"", ""G"": ""380"", ""REACH"": ""340"", ""STACK"": ""532.5""}",,,https://pinarello.com/europe/en/bikes/road/endurance/new-pinarello-x/new-pinarello-x3-105-di2,https://pinarello.com/europe/en/bikes/road/endurance/new-pinarello-x/new-pinarello-x3-105-di2,html,2026-10-05
Pinarello,NEW PINARELLO [9e80f2f6],NEW PINARELLO X3 105 Di2,,carretera,430,,43,,,,,539.2,352.1,"{""CC"": ""460"", ""L"": ""509"", ""A [°]"": ""74.5"", ""B [°]"": ""70.5"", ""P"": ""425"", ""T"": ""127"", ""D"": ""72"", ""R"": ""52"", ""G"": ""380"", ""REACH"": ""352.1"", ""STACK"": ""539.2""}",,,https://pinarello.com/europe/en/bikes/road/endurance/new-pinarello-x/new-pinarello-x3-105-di2,https://pinarello.com/europe/en/bikes/road/endurance/new-pinarello-x/new-pinarello-x3-105-di2,html,2026-10-05
Pinarello,NEW PINARELLO [9e80f2f6],NEW PINARELLO X3 105 Di2,,carretera,455,,45.5,,,,,552.4,361.9,"{""CC"": ""490"", ""L"": ""525"", ""A [°]"": ""74"", ""B [°]"": ""71"", ""P"": ""425"", ""T"": ""139"", ""D"": ""72"", ""R"": ""52"", ""G"": ""380"", ""REACH"": ""361.9"", ""STACK"": ""552.4""}",,,https://pinarello.com/europe/en/bikes/road/endurance/new-pinarello-x/new-pinarello-x3-105-di2,https://pinarello.com/europe/en/bikes/road/endurance/new-pinarello-x/new-pinarello-x3-105-di2,html,2026-10-05
Pinarello,NEW PINARELLO [9e80f2f6],NEW PINARELLO X3 105 Di2,,carretera,480,,48,,,,,564.4,368.5,"{""CC"": ""515"", ""L"": ""536"", ""A [°]"": ""73.75"", ""B [°]"": ""71.5"", ""P"": ""425"", ""T"": ""148"", ""D"": ""72"", ""R"": ""47"", ""G"": ""380"", ""REACH"": ""368.5"", ""STACK"": ""564.4""}",,,https://pinarello.com/europe/en/bikes/road/endurance/new-pinarello-x/new-pinarello-x3-105-di2,https://pinarello.com/europe/en/bikes/road/endurance/new-pinarello-x/new-pinarello-x3-105-di2,html,2026-10-05
Pinarello,NEW PINARELLO [9e80f2f6],NEW PINARELLO X3 105 Di2,,carretera,500,,50,,,,,575.8,372.5,"{""CC"": ""530"", ""L"": ""545"", ""A [°]"": ""73.5"", ""B [°]"": ""72"", ""P"": ""425"", ""T"": ""158"", ""D"": ""72"", ""R"": ""47"", ""G"": ""380"", ""REACH"": ""372.5"", ""STACK"": ""575.8""}",,,https://pinarello.com/europe/en/bikes/road/endurance/new-pinarello-x/new-pinarello-x3-105-di2,https://pinarello.com/europe/en/bikes/road/endurance/new-pinarello-x/new-pinarello-x3-105-di2,html,2026-10-05
Pinarello,NEW PINARELLO [9e80f2f6],NEW PINARELLO X3 105 Di2,,carretera,525,,52.5,,,,,588.2,376.7,"{""CC"": ""545"", ""L"": ""555"", ""A [°]"": ""73.25"", ""B [°]"": ""72.25"", ""P"": ""425"", ""T"": ""170"", ""D"": ""72"", ""R"": ""47"", ""G"": ""380"", ""REACH"": ""376.7"", ""STACK"": ""588.2""}",,,https://pinarello.com/europe/en/bikes/road/endurance/new-pinarello-x/new-pinarello-x3-105-di2,https://pinarello.com/europe/en/bikes/road/endurance/new-pinarello-x/new-pinarello-x3-105-di2,html,2026-10-05
Pinarello,NEW PINARELLO [9e80f2f6],NEW PINARELLO X3 105 Di2,,carretera,540,,54,,,,,602.4,380.2,"{""CC"": ""560"", ""L"": ""565"", ""A [°]"": ""73"", ""B [°]"": ""72.5"", ""P"": ""425"", ""T"": ""184"", ""D"": ""72"", ""R"": ""47"", ""G"": ""380"", ""REACH"": ""380.2"", ""STACK"": ""602.4""}",,,https://pinarello.com/europe/en/bikes/road/endurance/new-pinarello-x/new-pinarello-x3-105-di2,https://pinarello.com/europe/en/bikes/road/endurance/new-pinarello-x/new-pinarello-x3-105-di2,html,2026-10-05
Pinarello,NEW PINARELLO [9e80f2f6],NEW PINARELLO X3 105 Di2,,carretera,560,,56,,,,,620.3,384.1,"{""CC"": ""580"", ""L"": ""577"", ""A [°]"": ""72.75"", ""B [°]"": ""72.5"", ""P"": ""425"", ""T"": ""208"", ""D"": ""67"", ""R"": ""47"", ""G"": ""380"", ""REACH"": ""384.1"", ""STACK"": ""620.3""}",,,https://pinarello.com/europe/en/bikes/road/endurance/new-pinarello-x/new-pinarello-x3-105-di2,https://pinarello.com/europe/en/bikes/road/endurance/new-pinarello-x/new-pinarello-x3-105-di2,html,2026-10-05
Pinarello,NEW PINARELLO [9e80f2f6],NEW PINARELLO X3 105 Di2,,carretera,590,,59,,,,,640.4,388.1,"{""CC"": ""600"", ""L"": ""590"", ""A [°]"": ""72.5"", ""B [°]"": ""72.5"", ""P"": ""425"", ""T"": ""229"", ""D"": ""67"", ""R"": ""47"", ""G"": ""380"", ""REACH"": ""388.1"", ""STACK"": ""640.4""}",,,https://pinarello.com/europe/en/bikes/road/endurance/new-pinarello-x/new-pinarello-x3-105-di2,https://pinarello.com/europe/en/bikes/road/endurance/new-pinarello-x/new-pinarello-x3-105-di2,html,2026-10-05
Pinarello,NEW PINARELLO X1 105 [2e9cd308],NEW PINARELLO X1 105,,carretera,425,,42.5,,,,,527.5,341.9,"{""CC"": ""430"", ""L"": ""492"", ""A [°]"": ""75.25"", ""B [°]"": ""70"", ""P"": ""422"", ""T"": ""123"", ""D"": ""67"", ""R"": ""52"", ""G"": ""375"", ""REACH"": ""341.9"", ""STACK"": ""527.5""}",,,https://pinarello.com/europe/en/bikes/road/endurance/new-pinarello-x/new-pinarello-x1-105,https://pinarello.com/europe/en/bikes/road/endurance/new-pinarello-x/new-pinarello-x1-105,html,2026-10-05
Pinarello,NEW PINARELLO X1 105 [2e9cd308],NEW PINARELLO X1 105,,carretera,450,,45,,,,,539.2,352.1,"{""CC"": ""460"", ""L"": ""509"", ""A [°]"": ""74.5"", ""B [°]"": ""70.5"", ""P"": ""422"", ""T"": ""128"", ""D"": ""72"", ""R"": ""52"", ""G"": ""375"", ""REACH"": ""352.1"", ""STACK"": ""539.2""}",,,https://pinarello.com/europe/en/bikes/road/endurance/new-pinarello-x/new-pinarello-x1-105,https://pinarello.com/europe/en/bikes/road/endurance/new-pinarello-x/new-pinarello-x1-105,html,2026-10-05
Pinarello,NEW PINARELLO X1 105 [2e9cd308],NEW PINARELLO X1 105,,carretera,470,,47,,,,,552.4,361.9,"{""CC"": ""490"", ""L"": ""525"", ""A [°]"": ""74"", ""B [°]"": ""71"", ""P"": ""422"", ""T"": ""140"", ""D"": ""72"", ""R"": ""52"", ""G"": ""375"", ""REACH"": ""361.9"", ""STACK"": ""552.4""}",,,https://pinarello.com/europe/en/bikes/road/endurance/new-pinarello-x/new-pinarello-x1-105,https://pinarello.com/europe/en/bikes/road/endurance/new-pinarello-x/new-pinarello-x1-105,html,2026-10-05
Pinarello,NEW PINARELLO X1 105 [2e9cd308],NEW PINARELLO X1 105,,carretera,495,,49.5,,,,,564.4,368.5,"{""CC"": ""515"", ""L"": ""536"", ""A [°]"": ""73.75"", ""B [°]"": ""71.5"", ""P"": ""422"", ""T"": ""149"", ""D"": ""72"", ""R"": ""47"", ""G"": ""375"", ""REACH"": ""368.5"", ""STACK"": ""564.4""}",,,https://pinarello.com/europe/en/bikes/road/endurance/new-pinarello-x/new-pinarello-x1-105,https://pinarello.com/europe/en/bikes/road/endurance/new-pinarello-x/new-pinarello-x1-105,html,2026-10-05
Pinarello,NEW PINARELLO X1 105 [2e9cd308],NEW PINARELLO X1 105,,carretera,510,,51,,,,,575.8,372.5,"{""CC"": ""530"", ""L"": ""545"", ""A [°]"": ""73.5"", ""B [°]"": ""72"", ""P"": ""422"", ""T"": ""159"", ""D"": ""72"", ""R"": ""47"", ""G"": ""375"", ""REACH"": ""372.5"", ""STACK"": ""575.8""}",,,https://pinarello.com/europe/en/bikes/road/endurance/new-pinarello-x/new-pinarello-x1-105,https://pinarello.com/europe/en/bikes/road/endurance/new-pinarello-x/new-pinarello-x1-105,html,2026-10-05
Pinarello,NEW PINARELLO X1 105 [2e9cd308],NEW PINARELLO X1 105,,carretera,525,,52.5,,,,,588.2,376.7,"{""CC"": ""545"", ""L"": ""555"", ""A [°]"": ""73.25"", ""B [°]"": ""72.25"", ""P"": ""422"", ""T"": ""171"", ""D"": ""72"", ""R"": ""47"", ""G"": ""375"", ""REACH"": ""376.7"", ""STACK"": ""588.2""}",,,https://pinarello.com/europe/en/bikes/road/endurance/new-pinarello-x/new-pinarello-x1-105,https://pinarello.com/europe/en/bikes/road/endurance/new-pinarello-x/new-pinarello-x1-105,html,2026-10-05
Pinarello,NEW PINARELLO X1 105 [2e9cd308],NEW PINARELLO X1 105,,carretera,540,,54,,,,,602.4,380.2,"{""CC"": ""560"", ""L"": ""565"", ""A [°]"": ""73"", ""B [°]"": ""72.5"", ""P"": ""422"", ""T"": ""185"", ""D"": ""72"", ""R"": ""47"", ""G"": ""375"", ""REACH"": ""380.2"", ""STACK"": ""602.4""}",,,https://pinarello.com/europe/en/bikes/road/endurance/new-pinarello-x/new-pinarello-x1-105,https://pinarello.com/europe/en/bikes/road/endurance/new-pinarello-x/new-pinarello-x1-105,html,2026-10-05
Pinarello,NEW PINARELLO X1 105 [2e9cd308],NEW PINARELLO X1 105,,carretera,560,,56,,,,,620.3,384.1,"{""CC"": ""580"", ""L"": ""577"", ""A [°]"": ""72.75"", ""B [°]"": ""72.5"", ""P"": ""422"", ""T"": ""209"", ""D"": ""67"", ""R"": ""47"", ""G"": ""375"", ""REACH"": ""384.1"", ""STACK"": ""620.3""}",,,https://pinarello.com/europe/en/bikes/road/endurance/new-pinarello-x/new-pinarello-x1-105,https://pinarello.com/europe/en/bikes/road/endurance/new-pinarello-x/new-pinarello-x1-105,html,2026-10-05
Pinarello,NEW PINARELLO X1 105 [2e9cd308],NEW PINARELLO X1 105,,carretera,590,,59,,,,,640.4,388.1,"{""CC"": ""600"", ""L"": ""590"", ""A [°]"": ""72.5"", ""B [°]"": ""72.5"", ""P"": ""422"", ""T"": ""230"", ""D"": ""67"", ""R"": ""47"", ""G"": ""375"", ""REACH"": ""388.1"", ""STACK"": ""640.4""}",,,https://pinarello.com/europe/en/bikes/road/endurance/new-pinarello-x/new-pinarello-x1-105,https://pinarello.com/europe/en/bikes/road/endurance/new-pinarello-x/new-pinarello-x1-105,html,2026-10-05
Pinarello,DOGMA GR [02e76df9],DOGMA GR SRAM RED XPLR AXS 1x13,,gravel,415,,41.5,,,,,536,355,"{""CC"": ""430"", ""L"": ""515"", ""I"": ""115.6"", ""A[°]"": ""74.4"", ""B[°]"": ""70"", ""F"": ""581.6"", ""P"": ""425"", ""T"": ""115"", ""D"": ""72"", ""R"": ""50"", ""G"": ""390"", ""WB"": ""996"", ""REACH"": ""355"", ""STACK"": ""536""}",,,https://pinarello.com/europe/en/bikes/gravel/competition/dogma-gr/dogma-gr-sram-red-xplr-axs-1x13,https://pinarello.com/europe/en/bikes/gravel/competition/dogma-gr/dogma-gr-sram-red-xplr-axs-1x13,html,2026-10-05
Pinarello,DOGMA GR [02e76df9],DOGMA GR SRAM RED XPLR AXS 1x13,,gravel,425,,42.5,,,,,543.6,361.1,"{""CC"": ""465"", ""L"": ""520"", ""I"": ""125"", ""A[°]"": ""74.4"", ""B[°]"": ""70.5"", ""F"": ""585.5"", ""P"": ""425"", ""T"": ""121"", ""D"": ""72"", ""R"": ""50"", ""G"": ""390"", ""WB"": ""1000"", ""REACH"": ""361.1"", ""STACK"": ""543.6""}",,,https://pinarello.com/europe/en/bikes/gravel/competition/dogma-gr/dogma-gr-sram-red-xplr-axs-1x13,https://pinarello.com/europe/en/bikes/gravel/competition/dogma-gr/dogma-gr-sram-red-xplr-axs-1x13,html,2026-10-05
Pinarello,DOGMA GR [02e76df9],DOGMA GR SRAM RED XPLR AXS 1x13,,gravel,450,,45,,,,,552.1,366.9,"{""CC"": ""500"", ""L"": ""530"", ""I"": ""137.8"", ""A[°]"": ""74"", ""B[°]"": ""70.5"", ""F"": ""594.3"", ""P"": ""425"", ""T"": ""130"", ""D"": ""72"", ""R"": ""50"", ""G"": ""390"", ""WB"": ""1008.8"", ""REACH"": ""366.9"", ""STACK"": ""552.1""}",,,https://pinarello.com/europe/en/bikes/gravel/competition/dogma-gr/dogma-gr-sram-red-xplr-axs-1x13,https://pinarello.com/europe/en/bikes/gravel/competition/dogma-gr/dogma-gr-sram-red-xplr-axs-1x13,html,2026-10-05
Pinarello,DOGMA GR [02e76df9],DOGMA GR SRAM RED XPLR AXS 1x13,,gravel,465,,46.5,,,,,560.6,372.6,"{""CC"": ""515"", ""L"": ""540"", ""I"": ""144.5"", ""A[°]"": ""73.7"", ""B[°]"": ""71"", ""F"": ""598.1"", ""P"": ""425"", ""T"": ""137"", ""D"": ""72"", ""R"": ""50"", ""G"": ""390"", ""WB"": ""1012.6"", ""REACH"": ""372.6"", ""STACK"": ""560.6""}",,,https://pinarello.com/europe/en/bikes/gravel/competition/dogma-gr/dogma-gr-sram-red-xplr-axs-1x13,https://pinarello.com/europe/en/bikes/gravel/competition/dogma-gr/dogma-gr-sram-red-xplr-axs-1x13,html,2026-10-05
Pinarello,DOGMA GR [02e76df9],DOGMA GR SRAM RED XPLR AXS 1x13,,gravel,485,,48.5,,,,,572.9,379.1,"{""CC"": ""530"", ""L"": ""550"", ""I"": ""148.8"", ""A[°]"": ""73.7"", ""B[°]"": ""71"", ""F"": ""608.8"", ""P"": ""425"", ""T"": ""150"", ""D"": ""72"", ""R"": ""50"", ""G"": ""390"", ""WB"": ""1023.4"", ""REACH"": ""379.1"", ""STACK"": ""572.9""}",,,https://pinarello.com/europe/en/bikes/gravel/competition/dogma-gr/dogma-gr-sram-red-xplr-axs-1x13,https://pinarello.com/europe/en/bikes/gravel/competition/dogma-gr/dogma-gr-sram-red-xplr-axs-1x13,html,2026-10-05
Pinarello,DOGMA GR [02e76df9],DOGMA GR SRAM RED XPLR AXS 1x13,,gravel,500,,50,,,,,587.1,384,"{""CC"": ""545"", ""L"": ""562"", ""I"": ""155.7"", ""A[°]"": ""73.4"", ""B[°]"": ""71"", ""F"": ""618.4"", ""P"": ""425"", ""T"": ""165"", ""D"": ""72"", ""R"": ""50"", ""G"": ""390"", ""WB"": ""1033.1"", ""REACH"": ""384"", ""STACK"": ""587.1""}",,,https://pinarello.com/europe/en/bikes/gravel/competition/dogma-gr/dogma-gr-sram-red-xplr-axs-1x13,https://pinarello.com/europe/en/bikes/gravel/competition/dogma-gr/dogma-gr-sram-red-xplr-axs-1x13,html,2026-10-05
Pinarello,DOGMA GR [02e76df9],DOGMA GR SRAM RED XPLR AXS 1x13,,gravel,515,,51.5,,,,,603.3,388.6,"{""CC"": ""560"", ""L"": ""575"", ""I"": ""163.7"", ""A[°]"": ""73"", ""B[°]"": ""71.5"", ""F"": ""623.3"", ""P"": ""427"", ""T"": ""180"", ""D"": ""72"", ""R"": ""50"", ""G"": ""390"", ""WB"": ""1037.9"", ""REACH"": ""388.6"", ""STACK"": ""603.3""}",,,https://pinarello.com/europe/en/bikes/gravel/competition/dogma-gr/dogma-gr-sram-red-xplr-axs-1x13,https://pinarello.com/europe/en/bikes/gravel/competition/dogma-gr/dogma-gr-sram-red-xplr-axs-1x13,html,2026-10-05
Pinarello,DOGMA GR [02e76df9],DOGMA GR SRAM RED XPLR AXS 1x13,,gravel,525,,52.5,,,,,624.3,392.7,"{""CC"": ""575"", ""L"": ""585"", ""I"": ""168.1"", ""A[°]"": ""73"", ""B[°]"": ""72"", ""F"": ""628.9"", ""P"": ""427"", ""T"": ""200"", ""D"": ""72"", ""R"": ""50"", ""G"": ""390"", ""WB"": ""1043.6"", ""REACH"": ""392.7"", ""STACK"": ""624.3""}",,,https://pinarello.com/europe/en/bikes/gravel/competition/dogma-gr/dogma-gr-sram-red-xplr-axs-1x13,https://pinarello.com/europe/en/bikes/gravel/competition/dogma-gr/dogma-gr-sram-red-xplr-axs-1x13,html,2026-10-05
Pinarello,DOGMA GR [02e76df9],DOGMA GR SRAM RED XPLR AXS 1x13,,gravel,540,,54,,,,,653,398,"{""CC"": ""595"", ""L"": ""605"", ""I"": ""179.9"", ""A[°]"": ""72.4"", ""B[°]"": ""72.5"", ""F"": ""637.7"", ""P"": ""427"", ""T"": ""228"", ""D"": ""72"", ""R"": ""50"", ""G"": ""390"", ""WB"": ""1052.5"", ""REACH"": ""398"", ""STACK"": ""653""}",,,https://pinarello.com/europe/en/bikes/gravel/competition/dogma-gr/dogma-gr-sram-red-xplr-axs-1x13,https://pinarello.com/europe/en/bikes/gravel/competition/dogma-gr/dogma-gr-sram-red-xplr-axs-1x13,html,2026-10-05
Pinarello,DOGMA GR [02e76df9],DOGMA GR SHIMANO DURA ACE DI2 2x12,,gravel,415,,41.5,,,,,536,355,"{""CC"": ""430"", ""L"": ""515"", ""I"": ""115.6"", ""A[°]"": ""74.4"", ""B[°]"": ""70"", ""F"": ""581.6"", ""P"": ""425"", ""T"": ""115"", ""D"": ""72"", ""R"": ""50"", ""G"": ""390"", ""WB"": ""996"", ""REACH"": ""355"", ""STACK"": ""536""}",,,https://pinarello.com/europe/en/bikes/gravel/competition/dogma-gr/dogma-gr-dura-ace-di2-2x12,https://pinarello.com/europe/en/bikes/gravel/competition/dogma-gr/dogma-gr-dura-ace-di2-2x12,html,2026-10-05
Pinarello,DOGMA GR [02e76df9],DOGMA GR SHIMANO DURA ACE DI2 2x12,,gravel,425,,42.5,,,,,543.6,361.1,"{""CC"": ""465"", ""L"": ""520"", ""I"": ""125"", ""A[°]"": ""74.4"", ""B[°]"": ""70.5"", ""F"": ""585.5"", ""P"": ""425"", ""T"": ""121"", ""D"": ""72"", ""R"": ""50"", ""G"": ""390"", ""WB"": ""1000"", ""REACH"": ""361.1"", ""STACK"": ""543.6""}",,,https://pinarello.com/europe/en/bikes/gravel/competition/dogma-gr/dogma-gr-dura-ace-di2-2x12,https://pinarello.com/europe/en/bikes/gravel/competition/dogma-gr/dogma-gr-dura-ace-di2-2x12,html,2026-10-05
Pinarello,DOGMA GR [02e76df9],DOGMA GR SHIMANO DURA ACE DI2 2x12,,gravel,450,,45,,,,,552.1,366.9,"{""CC"": ""500"", ""L"": ""530"", ""I"": ""137.8"", ""A[°]"": ""74"", ""B[°]"": ""70.5"", ""F"": ""594.3"", ""P"": ""425"", ""T"": ""130"", ""D"": ""72"", ""R"": ""50"", ""G"": ""390"", ""WB"": ""1008.8"", ""REACH"": ""366.9"", ""STACK"": ""552.1""}",,,https://pinarello.com/europe/en/bikes/gravel/competition/dogma-gr/dogma-gr-dura-ace-di2-2x12,https://pinarello.com/europe/en/bikes/gravel/competition/dogma-gr/dogma-gr-dura-ace-di2-2x12,html,2026-10-05
Pinarello,DOGMA GR [02e76df9],DOGMA GR SHIMANO DURA ACE DI2 2x12,,gravel,465,,46.5,,,,,560.6,372.6,"{""CC"": ""515"", ""L"": ""540"", ""I"": ""144.5"", ""A[°]"": ""73.7"", ""B[°]"": ""71"", ""F"": ""598.1"", ""P"": ""425"", ""T"": ""137"", ""D"": ""72"", ""R"": ""50"", ""G"": ""390"", ""WB"": ""1012.6"", ""REACH"": ""372.6"", ""STACK"": ""560.6""}",,,https://pinarello.com/europe/en/bikes/gravel/competition/dogma-gr/dogma-gr-dura-ace-di2-2x12,https://pinarello.com/europe/en/bikes/gravel/competition/dogma-gr/dogma-gr-dura-ace-di2-2x12,html,2026-10-05
Pinarello,DOGMA GR [02e76df9],DOGMA GR SHIMANO DURA ACE DI2 2x12,,gravel,485,,48.5,,,,,572.9,379.1,"{""CC"": ""530"", ""L"": ""550"", ""I"": ""148.8"", ""A[°]"": ""73.7"", ""B[°]"": ""71"", ""F"": ""608.8"", ""P"": ""425"", ""T"": ""150"", ""D"": ""72"", ""R"": ""50"", ""G"": ""390"", ""WB"": ""1023.4"", ""REACH"": ""379.1"", ""STACK"": ""572.9""}",,,https://pinarello.com/europe/en/bikes/gravel/competition/dogma-gr/dogma-gr-dura-ace-di2-2x12,https://pinarello.com/europe/en/bikes/gravel/competition/dogma-gr/dogma-gr-dura-ace-di2-2x12,html,2026-10-05
Pinarello,DOGMA GR [02e76df9],DOGMA GR SHIMANO DURA ACE DI2 2x12,,gravel,500,,50,,,,,587.1,384,"{""CC"": ""545"", ""L"": ""562"", ""I"": ""155.7"", ""A[°]"": ""73.4"", ""B[°]"": ""71"", ""F"": ""618.4"", ""P"": ""425"", ""T"": ""165"", ""D"": ""72"", ""R"": ""50"", ""G"": ""390"", ""WB"": ""1033.1"", ""REACH"": ""384"", ""STACK"": ""587.1""}",,,https://pinarello.com/europe/en/bikes/gravel/competition/dogma-gr/dogma-gr-dura-ace-di2-2x12,https://pinarello.com/europe/en/bikes/gravel/competition/dogma-gr/dogma-gr-dura-ace-di2-2x12,html,2026-10-05
Pinarello,DOGMA GR [02e76df9],DOGMA GR SHIMANO DURA ACE DI2 2x12,,gravel,515,,51.5,,,,,603.3,388.6,"{""CC"": ""560"", ""L"": ""575"", ""I"": ""163.7"", ""A[°]"": ""73"", ""B[°]"": ""71.5"", ""F"": ""623.3"", ""P"": ""427"", ""T"": ""180"", ""D"": ""72"", ""R"": ""50"", ""G"": ""390"", ""WB"": ""1037.9"", ""REACH"": ""388.6"", ""STACK"": ""603.3""}",,,https://pinarello.com/europe/en/bikes/gravel/competition/dogma-gr/dogma-gr-dura-ace-di2-2x12,https://pinarello.com/europe/en/bikes/gravel/competition/dogma-gr/dogma-gr-dura-ace-di2-2x12,html,2026-10-05
Pinarello,DOGMA GR [02e76df9],DOGMA GR SHIMANO DURA ACE DI2 2x12,,gravel,525,,52.5,,,,,624.3,392.7,"{""CC"": ""575"", ""L"": ""585"", ""I"": ""168.1"", ""A[°]"": ""73"", ""B[°]"": ""72"", ""F"": ""628.9"", ""P"": ""427"", ""T"": ""200"", ""D"": ""72"", ""R"": ""50"", ""G"": ""390"", ""WB"": ""1043.6"", ""REACH"": ""392.7"", ""STACK"": ""624.3""}",,,https://pinarello.com/europe/en/bikes/gravel/competition/dogma-gr/dogma-gr-dura-ace-di2-2x12,https://pinarello.com/europe/en/bikes/gravel/competition/dogma-gr/dogma-gr-dura-ace-di2-2x12,html,2026-10-05
Pinarello,DOGMA GR [02e76df9],DOGMA GR SHIMANO DURA ACE DI2 2x12,,gravel,540,,54,,,,,653,398,"{""CC"": ""595"", ""L"": ""605"", ""I"": ""179.9"", ""A[°]"": ""72.4"", ""B[°]"": ""72.5"", ""F"": ""637.7"", ""P"": ""427"", ""T"": ""228"", ""D"": ""72"", ""R"": ""50"", ""G"": ""390"", ""WB"": ""1052.5"", ""REACH"": ""398"", ""STACK"": ""653""}",,,https://pinarello.com/europe/en/bikes/gravel/competition/dogma-gr/dogma-gr-dura-ace-di2-2x12,https://pinarello.com/europe/en/bikes/gravel/competition/dogma-gr/dogma-gr-dura-ace-di2-2x12,html,2026-10-05
Pinarello,NEW GREVIL [a90f69ec],NEW GREVIL F9 SRAM RED XPLR AXS,,gravel,410,,41,,,,,553.2,368.4,"{""CC"": ""470"", ""L"": ""530"", ""I"": ""125.6"", ""A[°]"": ""74.5"", ""B[°]"": ""70.25"", ""F"": ""603.9"", ""P"": ""430"", ""T"": ""115"", ""D"": ""72"", ""R"": ""55"", ""G"": ""405"", ""WB"": ""1023.5"", ""REACH"": ""368.4"", ""STACK"": ""553.2"", ""TRAIL"": ""72.4""}",,,https://pinarello.com/europe/en/bikes/gravel/competition/new-grevil-f/new-grevil-f9-sram-red-xplr-axs-1x13,https://pinarello.com/europe/en/bikes/gravel/competition/new-grevil-f/new-grevil-f9-sram-red-xplr-axs-1x13,html,2026-10-05
Pinarello,NEW GREVIL [a90f69ec],NEW GREVIL F9 SRAM RED XPLR AXS,,gravel,440,,44,,,,,568.3,376.1,"{""CC"": ""500"", ""L"": ""545"", ""I"": ""137.8"", ""A[°]"": ""74"", ""B[°]"": ""70.5"", ""F"": ""614.5"", ""P"": ""430"", ""T"": ""130"", ""D"": ""72"", ""R"": ""55"", ""G"": ""405"", ""WB"": ""1034.2"", ""REACH"": ""376.1"", ""STACK"": ""568.3"", ""TRAIL"": ""70.7""}",,,https://pinarello.com/europe/en/bikes/gravel/competition/new-grevil-f/new-grevil-f9-sram-red-xplr-axs-1x13,https://pinarello.com/europe/en/bikes/gravel/competition/new-grevil-f/new-grevil-f9-sram-red-xplr-axs-1x13,html,2026-10-05
Pinarello,NEW GREVIL [a90f69ec],NEW GREVIL F9 SRAM RED XPLR AXS,,gravel,470,,47,,,,,583.2,383.7,"{""CC"": ""530"", ""L"": ""558"", ""I"": ""148.3"", ""A[°]"": ""73.75"", ""B[°]"": ""70.75"", ""F"": ""625.8"", ""P"": ""430"", ""T"": ""150"", ""D"": ""67"", ""R"": ""55"", ""G"": ""405"", ""WB"": ""1047"", ""REACH"": ""383.7"", ""STACK"": ""583.2"", ""TRAIL"": ""69""}",,,https://pinarello.com/europe/en/bikes/gravel/competition/new-grevil-f/new-grevil-f9-sram-red-xplr-axs-1x13,https://pinarello.com/europe/en/bikes/gravel/competition/new-grevil-f/new-grevil-f9-sram-red-xplr-axs-1x13,html,2026-10-05
Pinarello,NEW GREVIL [a90f69ec],NEW GREVIL F9 SRAM RED XPLR AXS,,gravel,490,,49,,,,,598.4,390.4,"{""CC"": ""550"", ""L"": ""570"", ""I"": ""156.2"", ""A[°]"": ""73.5"", ""B[°]"": ""71.75"", ""F"": ""621.9"", ""P"": ""430"", ""T"": ""160"", ""D"": ""67"", ""R"": ""50"", ""G"": ""405"", ""WB"": ""1043"", ""REACH"": ""390.4"", ""STACK"": ""598.4"", ""TRAIL"": ""67.5""}",,,https://pinarello.com/europe/en/bikes/gravel/competition/new-grevil-f/new-grevil-f9-sram-red-xplr-axs-1x13,https://pinarello.com/europe/en/bikes/gravel/competition/new-grevil-f/new-grevil-f9-sram-red-xplr-axs-1x13,html,2026-10-05
Pinarello,NEW GREVIL [a90f69ec],NEW GREVIL F9 SRAM RED XPLR AXS,,gravel,510,,51,,,,,613.6,398.2,"{""CC"": ""575"", ""L"": ""587"", ""I"": ""168.1"", ""A[°]"": ""73"", ""B[°]"": ""72"", ""F"": ""631.9"", ""P"": ""430"", ""T"": ""175"", ""D"": ""67"", ""R"": ""50"", ""G"": ""405"", ""WB"": ""1053.1"", ""REACH"": ""398.2"", ""STACK"": ""613.6"", ""TRAIL"": ""65.9""}",,,https://pinarello.com/europe/en/bikes/gravel/competition/new-grevil-f/new-grevil-f9-sram-red-xplr-axs-1x13,https://pinarello.com/europe/en/bikes/gravel/competition/new-grevil-f/new-grevil-f9-sram-red-xplr-axs-1x13,html,2026-10-05
Pinarello,NEW GREVIL [a90f69ec],NEW GREVIL F9 SRAM RED XPLR AXS,,gravel,545,,54.5,,,,,633.7,406.9,"{""CC"": ""600"", ""L"": ""607"", ""I"": ""180.4"", ""A[°]"": ""72.5"", ""B[°]"": ""72.25"", ""F"": ""644.3"", ""P"": ""430"", ""T"": ""195"", ""D"": ""67"", ""R"": ""50"", ""G"": ""405"", ""WB"": ""1065.5"", ""REACH"": ""406.9"", ""STACK"": ""633.7"", ""TRAIL"": ""64.2""}",,,https://pinarello.com/europe/en/bikes/gravel/competition/new-grevil-f/new-grevil-f9-sram-red-xplr-axs-1x13,https://pinarello.com/europe/en/bikes/gravel/competition/new-grevil-f/new-grevil-f9-sram-red-xplr-axs-1x13,html,2026-10-05
Pinarello,NEW GREVIL [a90f69ec],NEW GREVIL F7 SRAM FORCE XPLR AXS,,gravel,410,,41,,,,,553.2,368.4,"{""CC"": ""470"", ""L"": ""530"", ""I"": ""125.6"", ""A[°]"": ""74.5"", ""B[°]"": ""70.25"", ""F"": ""603.9"", ""P"": ""430"", ""T"": ""115"", ""D"": ""72"", ""R"": ""55"", ""G"": ""405"", ""WB"": ""1023.5"", ""REACH"": ""368.4"", ""STACK"": ""553.2"", ""TRAIL"": ""72.4""}",,,https://pinarello.com/europe/en/bikes/gravel/competition/new-grevil-f/new-grevil-f7-sram-force-xplr-axs,https://pinarello.com/europe/en/bikes/gravel/competition/new-grevil-f/new-grevil-f7-sram-force-xplr-axs,html,2026-10-05
Pinarello,NEW GREVIL [a90f69ec],NEW GREVIL F7 SRAM FORCE XPLR AXS,,gravel,440,,44,,,,,568.3,376.1,"{""CC"": ""500"", ""L"": ""545"", ""I"": ""137.8"", ""A[°]"": ""74"", ""B[°]"": ""70.5"", ""F"": ""614.5"", ""P"": ""430"", ""T"": ""130"", ""D"": ""72"", ""R"": ""55"", ""G"": ""405"", ""WB"": ""1034.2"", ""REACH"": ""376.1"", ""STACK"": ""568.3"", ""TRAIL"": ""70.7""}",,,https://pinarello.com/europe/en/bikes/gravel/competition/new-grevil-f/new-grevil-f7-sram-force-xplr-axs,https://pinarello.com/europe/en/bikes/gravel/competition/new-grevil-f/new-grevil-f7-sram-force-xplr-axs,html,2026-10-05
Pinarello,NEW GREVIL [a90f69ec],NEW GREVIL F7 SRAM FORCE XPLR AXS,,gravel,470,,47,,,,,583.2,383.7,"{""CC"": ""530"", ""L"": ""558"", ""I"": ""148.3"", ""A[°]"": ""73.75"", ""B[°]"": ""70.75"", ""F"": ""625.8"", ""P"": ""430"", ""T"": ""150"", ""D"": ""67"", ""R"": ""55"", ""G"": ""405"", ""WB"": ""1047"", ""REACH"": ""383.7"", ""STACK"": ""583.2"", ""TRAIL"": ""69""}",,,https://pinarello.com/europe/en/bikes/gravel/competition/new-grevil-f/new-grevil-f7-sram-force-xplr-axs,https://pinarello.com/europe/en/bikes/gravel/competition/new-grevil-f/new-grevil-f7-sram-force-xplr-axs,html,2026-10-05
Pinarello,NEW GREVIL [a90f69ec],NEW GREVIL F7 SRAM FORCE XPLR AXS,,gravel,490,,49,,,,,598.4,390.4,"{""CC"": ""550"", ""L"": ""570"", ""I"": ""156.2"", ""A[°]"": ""73.5"", ""B[°]"": ""71.75"", ""F"": ""621.9"", ""P"": ""430"", ""T"": ""160"", ""D"": ""67"", ""R"": ""50"", ""G"": ""405"", ""WB"": ""1043"", ""REACH"": ""390.4"", ""STACK"": ""598.4"", ""TRAIL"": ""67.5""}",,,https://pinarello.com/europe/en/bikes/gravel/competition/new-grevil-f/new-grevil-f7-sram-force-xplr-axs,https://pinarello.com/europe/en/bikes/gravel/competition/new-grevil-f/new-grevil-f7-sram-force-xplr-axs,html,2026-10-05
Pinarello,NEW GREVIL [a90f69ec],NEW GREVIL F7 SRAM FORCE XPLR AXS,,gravel,510,,51,,,,,613.6,398.2,"{""CC"": ""575"", ""L"": ""587"", ""I"": ""168.1"", ""A[°]"": ""73"", ""B[°]"": ""72"", ""F"": ""631.9"", ""P"": ""430"", ""T"": ""175"", ""D"": ""67"", ""R"": ""50"", ""G"": ""405"", ""WB"": ""1053.1"", ""REACH"": ""398.2"", ""STACK"": ""613.6"", ""TRAIL"": ""65.9""}",,,https://pinarello.com/europe/en/bikes/gravel/competition/new-grevil-f/new-grevil-f7-sram-force-xplr-axs,https://pinarello.com/europe/en/bikes/gravel/competition/new-grevil-f/new-grevil-f7-sram-force-xplr-axs,html,2026-10-05
Pinarello,NEW GREVIL [a90f69ec],NEW GREVIL F7 SRAM FORCE XPLR AXS,,gravel,545,,54.5,,,,,633.7,406.9,"{""CC"": ""600"", ""L"": ""607"", ""I"": ""180.4"", ""A[°]"": ""72.5"", ""B[°]"": ""72.25"", ""F"": ""644.3"", ""P"": ""430"", ""T"": ""195"", ""D"": ""67"", ""R"": ""50"", ""G"": ""405"", ""WB"": ""1065.5"", ""REACH"": ""406.9"", ""STACK"": ""633.7"", ""TRAIL"": ""64.2""}",,,https://pinarello.com/europe/en/bikes/gravel/competition/new-grevil-f/new-grevil-f7-sram-force-xplr-axs,https://pinarello.com/europe/en/bikes/gravel/competition/new-grevil-f/new-grevil-f7-sram-force-xplr-axs,html,2026-10-05
Pinarello,NEW GREVIL [a90f69ec],NEW GREVIL F7 SHIMANO GRX 825 DI2,,gravel,410,,41,,,,,553.2,368.4,"{""CC"": ""470"", ""L"": ""530"", ""I"": ""125.6"", ""A[°]"": ""74.5"", ""B[°]"": ""70.25"", ""F"": ""603.9"", ""P"": ""430"", ""T"": ""115"", ""D"": ""72"", ""R"": ""55"", ""G"": ""405"", ""WB"": ""1023.5"", ""REACH"": ""368.4"", ""STACK"": ""553.2"", ""TRAIL"": ""72.4""}",,,https://pinarello.com/europe/en/bikes/gravel/competition/new-grevil-f/new-grevil-f7-shimano-grx-825-di2,https://pinarello.com/europe/en/bikes/gravel/competition/new-grevil-f/new-grevil-f7-shimano-grx-825-di2,html,2026-10-05
Pinarello,NEW GREVIL [a90f69ec],NEW GREVIL F7 SHIMANO GRX 825 DI2,,gravel,440,,44,,,,,568.3,376.1,"{""CC"": ""500"", ""L"": ""545"", ""I"": ""137.8"", ""A[°]"": ""74"", ""B[°]"": ""70.5"", ""F"": ""614.5"", ""P"": ""430"", ""T"": ""130"", ""D"": ""72"", ""R"": ""55"", ""G"": ""405"", ""WB"": ""1034.2"", ""REACH"": ""376.1"", ""STACK"": ""568.3"", ""TRAIL"": ""70.7""}",,,https://pinarello.com/europe/en/bikes/gravel/competition/new-grevil-f/new-grevil-f7-shimano-grx-825-di2,https://pinarello.com/europe/en/bikes/gravel/competition/new-grevil-f/new-grevil-f7-shimano-grx-825-di2,html,2026-10-05
Pinarello,NEW GREVIL [a90f69ec],NEW GREVIL F7 SHIMANO GRX 825 DI2,,gravel,470,,47,,,,,583.2,383.7,"{""CC"": ""530"", ""L"": ""558"", ""I"": ""148.3"", ""A[°]"": ""73.75"", ""B[°]"": ""70.75"", ""F"": ""625.8"", ""P"": ""430"", ""T"": ""150"", ""D"": ""67"", ""R"": ""55"", ""G"": ""405"", ""WB"": ""1047"", ""REACH"": ""383.7"", ""STACK"": ""583.2"", ""TRAIL"": ""69""}",,,https://pinarello.com/europe/en/bikes/gravel/competition/new-grevil-f/new-grevil-f7-shimano-grx-825-di2,https://pinarello.com/europe/en/bikes/gravel/competition/new-grevil-f/new-grevil-f7-shimano-grx-825-di2,html,2026-10-05
Pinarello,NEW GREVIL [a90f69ec],NEW GREVIL F7 SHIMANO GRX 825 DI2,,gravel,490,,49,,,,,598.4,390.4,"{""CC"": ""550"", ""L"": ""570"", ""I"": ""156.2"", ""A[°]"": ""73.5"", ""B[°]"": ""71.75"", ""F"": ""621.9"", ""P"": ""430"", ""T"": ""160"", ""D"": ""67"", ""R"": ""50"", ""G"": ""405"", ""WB"": ""1043"", ""REACH"": ""390.4"", ""STACK"": ""598.4"", ""TRAIL"": ""67.5""}",,,https://pinarello.com/europe/en/bikes/gravel/competition/new-grevil-f/new-grevil-f7-shimano-grx-825-di2,https://pinarello.com/europe/en/bikes/gravel/competition/new-grevil-f/new-grevil-f7-shimano-grx-825-di2,html,2026-10-05
Pinarello,NEW GREVIL [a90f69ec],NEW GREVIL F7 SHIMANO GRX 825 DI2,,gravel,510,,51,,,,,613.6,398.2,"{""CC"": ""575"", ""L"": ""587"", ""I"": ""168.1"", ""A[°]"": ""73"", ""B[°]"": ""72"", ""F"": ""631.9"", ""P"": ""430"", ""T"": ""175"", ""D"": ""67"", ""R"": ""50"", ""G"": ""405"", ""WB"": ""1053.1"", ""REACH"": ""398.2"", ""STACK"": ""613.6"", ""TRAIL"": ""65.9""}",,,https://pinarello.com/europe/en/bikes/gravel/competition/new-grevil-f/new-grevil-f7-shimano-grx-825-di2,https://pinarello.com/europe/en/bikes/gravel/competition/new-grevil-f/new-grevil-f7-shimano-grx-825-di2,html,2026-10-05
Pinarello,NEW GREVIL [a90f69ec],NEW GREVIL F7 SHIMANO GRX 825 DI2,,gravel,545,,54.5,,,,,633.7,406.9,"{""CC"": ""600"", ""L"": ""607"", ""I"": ""180.4"", ""A[°]"": ""72.5"", ""B[°]"": ""72.25"", ""F"": ""644.3"", ""P"": ""430"", ""T"": ""195"", ""D"": ""67"", ""R"": ""50"", ""G"": ""405"", ""WB"": ""1065.5"", ""REACH"": ""406.9"", ""STACK"": ""633.7"", ""TRAIL"": ""64.2""}",,,https://pinarello.com/europe/en/bikes/gravel/competition/new-grevil-f/new-grevil-f7-shimano-grx-825-di2,https://pinarello.com/europe/en/bikes/gravel/competition/new-grevil-f/new-grevil-f7-shimano-grx-825-di2,html,2026-10-05
Pinarello,NEW GREVIL [a90f69ec],NEW GREVIL F5 SRAM RIVAL XPLR AXS,,gravel,410,,41,,,,,553.2,368.4,"{""CC"": ""470"", ""L"": ""530"", ""I"": ""125.6"", ""A[°]"": ""74.5"", ""B[°]"": ""70.25"", ""F"": ""603.9"", ""P"": ""430"", ""T"": ""115"", ""D"": ""72"", ""R"": ""55"", ""G"": ""405"", ""WB"": ""1023.5"", ""REACH"": ""368.4"", ""STACK"": ""553.2"", ""TRAIL"": ""72.4""}",,,https://pinarello.com/europe/en/bikes/gravel/competition/new-grevil-f/new-grevil-f5-sram-rival-xplr-axs,https://pinarello.com/europe/en/bikes/gravel/competition/new-grevil-f/new-grevil-f5-sram-rival-xplr-axs,html,2026-10-05
Pinarello,NEW GREVIL [a90f69ec],NEW GREVIL F5 SRAM RIVAL XPLR AXS,,gravel,440,,44,,,,,568.3,376.1,"{""CC"": ""500"", ""L"": ""545"", ""I"": ""137.8"", ""A[°]"": ""74"", ""B[°]"": ""70.5"", ""F"": ""614.5"", ""P"": ""430"", ""T"": ""130"", ""D"": ""72"", ""R"": ""55"", ""G"": ""405"", ""WB"": ""1034.2"", ""REACH"": ""376.1"", ""STACK"": ""568.3"", ""TRAIL"": ""70.7""}",,,https://pinarello.com/europe/en/bikes/gravel/competition/new-grevil-f/new-grevil-f5-sram-rival-xplr-axs,https://pinarello.com/europe/en/bikes/gravel/competition/new-grevil-f/new-grevil-f5-sram-rival-xplr-axs,html,2026-10-05
Pinarello,NEW GREVIL [a90f69ec],NEW GREVIL F5 SRAM RIVAL XPLR AXS,,gravel,470,,47,,,,,583.2,383.7,"{""CC"": ""530"", ""L"": ""558"", ""I"": ""148.3"", ""A[°]"": ""73.75"", ""B[°]"": ""70.75"", ""F"": ""625.8"", ""P"": ""430"", ""T"": ""150"", ""D"": ""67"", ""R"": ""55"", ""G"": ""405"", ""WB"": ""1047"", ""REACH"": ""383.7"", ""STACK"": ""583.2"", ""TRAIL"": ""69""}",,,https://pinarello.com/europe/en/bikes/gravel/competition/new-grevil-f/new-grevil-f5-sram-rival-xplr-axs,https://pinarello.com/europe/en/bikes/gravel/competition/new-grevil-f/new-grevil-f5-sram-rival-xplr-axs,html,2026-10-05
Pinarello,NEW GREVIL [a90f69ec],NEW GREVIL F5 SRAM RIVAL XPLR AXS,,gravel,490,,49,,,,,598.4,390.4,"{""CC"": ""550"", ""L"": ""570"", ""I"": ""156.2"", ""A[°]"": ""73.5"", ""B[°]"": ""71.75"", ""F"": ""621.9"", ""P"": ""430"", ""T"": ""160"", ""D"": ""67"", ""R"": ""50"", ""G"": ""405"", ""WB"": ""1043"", ""REACH"": ""390.4"", ""STACK"": ""598.4"", ""TRAIL"": ""67.5""}",,,https://pinarello.com/europe/en/bikes/gravel/competition/new-grevil-f/new-grevil-f5-sram-rival-xplr-axs,https://pinarello.com/europe/en/bikes/gravel/competition/new-grevil-f/new-grevil-f5-sram-rival-xplr-axs,html,2026-10-05
Pinarello,NEW GREVIL [a90f69ec],NEW GREVIL F5 SRAM RIVAL XPLR AXS,,gravel,510,,51,,,,,613.6,398.2,"{""CC"": ""575"", ""L"": ""587"", ""I"": ""168.1"", ""A[°]"": ""73"", ""B[°]"": ""72"", ""F"": ""631.9"", ""P"": ""430"", ""T"": ""175"", ""D"": ""67"", ""R"": ""50"", ""G"": ""405"", ""WB"": ""1053.1"", ""REACH"": ""398.2"", ""STACK"": ""613.6"", ""TRAIL"": ""65.9""}",,,https://pinarello.com/europe/en/bikes/gravel/competition/new-grevil-f/new-grevil-f5-sram-rival-xplr-axs,https://pinarello.com/europe/en/bikes/gravel/competition/new-grevil-f/new-grevil-f5-sram-rival-xplr-axs,html,2026-10-05
Pinarello,NEW GREVIL [a90f69ec],NEW GREVIL F5 SRAM RIVAL XPLR AXS,,gravel,545,,54.5,,,,,633.7,406.9,"{""CC"": ""600"", ""L"": ""607"", ""I"": ""180.4"", ""A[°]"": ""72.5"", ""B[°]"": ""72.25"", ""F"": ""644.3"", ""P"": ""430"", ""T"": ""195"", ""D"": ""67"", ""R"": ""50"", ""G"": ""405"", ""WB"": ""1065.5"", ""REACH"": ""406.9"", ""STACK"": ""633.7"", ""TRAIL"": ""64.2""}",,,https://pinarello.com/europe/en/bikes/gravel/competition/new-grevil-f/new-grevil-f5-sram-rival-xplr-axs,https://pinarello.com/europe/en/bikes/gravel/competition/new-grevil-f/new-grevil-f5-sram-rival-xplr-axs,html,2026-10-05
Pinarello,NEW GREVIL [a90f69ec],NEW GREVIL F3 SHIMANO GRX 820,,gravel,410,,41,,,,,553.2,368.4,"{""CC"": ""470"", ""L"": ""530"", ""I"": ""125.6"", ""A[°]"": ""74.5"", ""B[°]"": ""70.25"", ""F"": ""603.9"", ""P"": ""430"", ""T"": ""115"", ""D"": ""72"", ""R"": ""55"", ""G"": ""405"", ""WB"": ""1023.5"", ""REACH"": ""368.4"", ""STACK"": ""553.2"", ""TRAIL"": ""72.4""}",,,https://pinarello.com/europe/en/bikes/gravel/competition/new-grevil-f/new-grevil-f3-shimano-grx-820,https://pinarello.com/europe/en/bikes/gravel/competition/new-grevil-f/new-grevil-f3-shimano-grx-820,html,2026-10-05
Pinarello,NEW GREVIL [a90f69ec],NEW GREVIL F3 SHIMANO GRX 820,,gravel,440,,44,,,,,568.3,376.1,"{""CC"": ""500"", ""L"": ""545"", ""I"": ""137.8"", ""A[°]"": ""74"", ""B[°]"": ""70.5"", ""F"": ""614.5"", ""P"": ""430"", ""T"": ""130"", ""D"": ""72"", ""R"": ""55"", ""G"": ""405"", ""WB"": ""1034.2"", ""REACH"": ""376.1"", ""STACK"": ""568.3"", ""TRAIL"": ""70.7""}",,,https://pinarello.com/europe/en/bikes/gravel/competition/new-grevil-f/new-grevil-f3-shimano-grx-820,https://pinarello.com/europe/en/bikes/gravel/competition/new-grevil-f/new-grevil-f3-shimano-grx-820,html,2026-10-05
Pinarello,NEW GREVIL [a90f69ec],NEW GREVIL F3 SHIMANO GRX 820,,gravel,470,,47,,,,,583.2,383.7,"{""CC"": ""530"", ""L"": ""558"", ""I"": ""148.3"", ""A[°]"": ""73.75"", ""B[°]"": ""70.75"", ""F"": ""625.8"", ""P"": ""430"", ""T"": ""150"", ""D"": ""67"", ""R"": ""55"", ""G"": ""405"", ""WB"": ""1047"", ""REACH"": ""383.7"", ""STACK"": ""583.2"", ""TRAIL"": ""69""}",,,https://pinarello.com/europe/en/bikes/gravel/competition/new-grevil-f/new-grevil-f3-shimano-grx-820,https://pinarello.com/europe/en/bikes/gravel/competition/new-grevil-f/new-grevil-f3-shimano-grx-820,html,2026-10-05
Pinarello,NEW GREVIL [a90f69ec],NEW GREVIL F3 SHIMANO GRX 820,,gravel,490,,49,,,,,598.4,390.4,"{""CC"": ""550"", ""L"": ""570"", ""I"": ""156.2"", ""A[°]"": ""73.5"", ""B[°]"": ""71.75"", ""F"": ""621.9"", ""P"": ""430"", ""T"": ""160"", ""D"": ""67"", ""R"": ""50"", ""G"": ""405"", ""WB"": ""1043"", ""REACH"": ""390.4"", ""STACK"": ""598.4"", ""TRAIL"": ""67.5""}",,,https://pinarello.com/europe/en/bikes/gravel/competition/new-grevil-f/new-grevil-f3-shimano-grx-820,https://pinarello.com/europe/en/bikes/gravel/competition/new-grevil-f/new-grevil-f3-shimano-grx-820,html,2026-10-05
Pinarello,NEW GREVIL [a90f69ec],NEW GREVIL F3 SHIMANO GRX 820,,gravel,510,,51,,,,,613.6,398.2,"{""CC"": ""575"", ""L"": ""587"", ""I"": ""168.1"", ""A[°]"": ""73"", ""B[°]"": ""72"", ""F"": ""631.9"", ""P"": ""430"", ""T"": ""175"", ""D"": ""67"", ""R"": ""50"", ""G"": ""405"", ""WB"": ""1053.1"", ""REACH"": ""398.2"", ""STACK"": ""613.6"", ""TRAIL"": ""65.9""}",,,https://pinarello.com/europe/en/bikes/gravel/competition/new-grevil-f/new-grevil-f3-shimano-grx-820,https://pinarello.com/europe/en/bikes/gravel/competition/new-grevil-f/new-grevil-f3-shimano-grx-820,html,2026-10-05
Pinarello,NEW GREVIL [a90f69ec],NEW GREVIL F3 SHIMANO GRX 820,,gravel,545,,54.5,,,,,633.7,406.9,"{""CC"": ""600"", ""L"": ""607"", ""I"": ""180.4"", ""A[°]"": ""72.5"", ""B[°]"": ""72.25"", ""F"": ""644.3"", ""P"": ""430"", ""T"": ""195"", ""D"": ""67"", ""R"": ""50"", ""G"": ""405"", ""WB"": ""1065.5"", ""REACH"": ""406.9"", ""STACK"": ""633.7"", ""TRAIL"": ""64.2""}",,,https://pinarello.com/europe/en/bikes/gravel/competition/new-grevil-f/new-grevil-f3-shimano-grx-820,https://pinarello.com/europe/en/bikes/gravel/competition/new-grevil-f/new-grevil-f3-shimano-grx-820,html,2026-10-05
Pinarello,NEW GREVIL [a90f69ec],NEW GREVIL F3 SRAM APEX XPLR,,gravel,410,,41,,,,,553.2,368.4,"{""CC"": ""470"", ""L"": ""530"", ""I"": ""125.6"", ""A[°]"": ""74.5"", ""B[°]"": ""70.25"", ""F"": ""603.9"", ""P"": ""430"", ""T"": ""115"", ""D"": ""72"", ""R"": ""55"", ""G"": ""405"", ""WB"": ""1023.5"", ""REACH"": ""368.4"", ""STACK"": ""553.2"", ""TRAIL"": ""72.4""}",,,https://pinarello.com/europe/en/bikes/gravel/competition/new-grevil-f/new-grevil-f3-sram-apex-xplr,https://pinarello.com/europe/en/bikes/gravel/competition/new-grevil-f/new-grevil-f3-sram-apex-xplr,html,2026-10-05
Pinarello,NEW GREVIL [a90f69ec],NEW GREVIL F3 SRAM APEX XPLR,,gravel,440,,44,,,,,568.3,376.1,"{""CC"": ""500"", ""L"": ""545"", ""I"": ""137.8"", ""A[°]"": ""74"", ""B[°]"": ""70.5"", ""F"": ""614.5"", ""P"": ""430"", ""T"": ""130"", ""D"": ""72"", ""R"": ""55"", ""G"": ""405"", ""WB"": ""1034.2"", ""REACH"": ""376.1"", ""STACK"": ""568.3"", ""TRAIL"": ""70.7""}",,,https://pinarello.com/europe/en/bikes/gravel/competition/new-grevil-f/new-grevil-f3-sram-apex-xplr,https://pinarello.com/europe/en/bikes/gravel/competition/new-grevil-f/new-grevil-f3-sram-apex-xplr,html,2026-10-05
Pinarello,NEW GREVIL [a90f69ec],NEW GREVIL F3 SRAM APEX XPLR,,gravel,470,,47,,,,,583.2,383.7,"{""CC"": ""530"", ""L"": ""558"", ""I"": ""148.3"", ""A[°]"": ""73.75"", ""B[°]"": ""70.75"", ""F"": ""625.8"", ""P"": ""430"", ""T"": ""150"", ""D"": ""67"", ""R"": ""55"", ""G"": ""405"", ""WB"": ""1047"", ""REACH"": ""383.7"", ""STACK"": ""583.2"", ""TRAIL"": ""69""}",,,https://pinarello.com/europe/en/bikes/gravel/competition/new-grevil-f/new-grevil-f3-sram-apex-xplr,https://pinarello.com/europe/en/bikes/gravel/competition/new-grevil-f/new-grevil-f3-sram-apex-xplr,html,2026-10-05
Pinarello,NEW GREVIL [a90f69ec],NEW GREVIL F3 SRAM APEX XPLR,,gravel,490,,49,,,,,598.4,390.4,"{""CC"": ""550"", ""L"": ""570"", ""I"": ""156.2"", ""A[°]"": ""73.5"", ""B[°]"": ""71.75"", ""F"": ""621.9"", ""P"": ""430"", ""T"": ""160"", ""D"": ""67"", ""R"": ""50"", ""G"": ""405"", ""WB"": ""1043"", ""REACH"": ""390.4"", ""STACK"": ""598.4"", ""TRAIL"": ""67.5""}",,,https://pinarello.com/europe/en/bikes/gravel/competition/new-grevil-f/new-grevil-f3-sram-apex-xplr,https://pinarello.com/europe/en/bikes/gravel/competition/new-grevil-f/new-grevil-f3-sram-apex-xplr,html,2026-10-05
Pinarello,NEW GREVIL [a90f69ec],NEW GREVIL F3 SRAM APEX XPLR,,gravel,510,,51,,,,,613.6,398.2,"{""CC"": ""575"", ""L"": ""587"", ""I"": ""168.1"", ""A[°]"": ""73"", ""B[°]"": ""72"", ""F"": ""631.9"", ""P"": ""430"", ""T"": ""175"", ""D"": ""67"", ""R"": ""50"", ""G"": ""405"", ""WB"": ""1053.1"", ""REACH"": ""398.2"", ""STACK"": ""613.6"", ""TRAIL"": ""65.9""}",,,https://pinarello.com/europe/en/bikes/gravel/competition/new-grevil-f/new-grevil-f3-sram-apex-xplr,https://pinarello.com/europe/en/bikes/gravel/competition/new-grevil-f/new-grevil-f3-sram-apex-xplr,html,2026-10-05
Pinarello,NEW GREVIL [a90f69ec],NEW GREVIL F3 SRAM APEX XPLR,,gravel,545,,54.5,,,,,633.7,406.9,"{""CC"": ""600"", ""L"": ""607"", ""I"": ""180.4"", ""A[°]"": ""72.5"", ""B[°]"": ""72.25"", ""F"": ""644.3"", ""P"": ""430"", ""T"": ""195"", ""D"": ""67"", ""R"": ""50"", ""G"": ""405"", ""WB"": ""1065.5"", ""REACH"": ""406.9"", ""STACK"": ""633.7"", ""TRAIL"": ""64.2""}",,,https://pinarello.com/europe/en/bikes/gravel/competition/new-grevil-f/new-grevil-f3-sram-apex-xplr,https://pinarello.com/europe/en/bikes/gravel/competition/new-grevil-f/new-grevil-f3-sram-apex-xplr,html,2026-10-05
Pinarello,NEW GREVIL [a90f69ec],NEW GREVIL F1 SHIMANO GRX 610,,gravel,410,,41,,,,,553.2,368.4,"{""CC"": ""470"", ""L"": ""530"", ""I"": ""125.6"", ""A[°]"": ""74.5"", ""B[°]"": ""70.25"", ""F"": ""603.9"", ""P"": ""430"", ""T"": ""115"", ""D"": ""72"", ""R"": ""55"", ""G"": ""405"", ""WB"": ""1023.5"", ""REACH"": ""368.4"", ""STACK"": ""553.2"", ""TRAIL"": ""72.4""}",,,https://pinarello.com/europe/en/bikes/gravel/competition/new-grevil-f/new-grevil-f1-shimano-grx-610,https://pinarello.com/europe/en/bikes/gravel/competition/new-grevil-f/new-grevil-f1-shimano-grx-610,html,2026-10-05
Pinarello,NEW GREVIL [a90f69ec],NEW GREVIL F1 SHIMANO GRX 610,,gravel,440,,44,,,,,568.3,376.1,"{""CC"": ""500"", ""L"": ""545"", ""I"": ""137.8"", ""A[°]"": ""74"", ""B[°]"": ""70.5"", ""F"": ""614.5"", ""P"": ""430"", ""T"": ""130"", ""D"": ""72"", ""R"": ""55"", ""G"": ""405"", ""WB"": ""1034.2"", ""REACH"": ""376.1"", ""STACK"": ""568.3"", ""TRAIL"": ""70.7""}",,,https://pinarello.com/europe/en/bikes/gravel/competition/new-grevil-f/new-grevil-f1-shimano-grx-610,https://pinarello.com/europe/en/bikes/gravel/competition/new-grevil-f/new-grevil-f1-shimano-grx-610,html,2026-10-05
Pinarello,NEW GREVIL [a90f69ec],NEW GREVIL F1 SHIMANO GRX 610,,gravel,470,,47,,,,,583.2,383.7,"{""CC"": ""530"", ""L"": ""558"", ""I"": ""148.3"", ""A[°]"": ""73.75"", ""B[°]"": ""70.75"", ""F"": ""625.8"", ""P"": ""430"", ""T"": ""150"", ""D"": ""67"", ""R"": ""55"", ""G"": ""405"", ""WB"": ""1047"", ""REACH"": ""383.7"", ""STACK"": ""583.2"", ""TRAIL"": ""69""}",,,https://pinarello.com/europe/en/bikes/gravel/competition/new-grevil-f/new-grevil-f1-shimano-grx-610,https://pinarello.com/europe/en/bikes/gravel/competition/new-grevil-f/new-grevil-f1-shimano-grx-610,html,2026-10-05
Pinarello,NEW GREVIL [a90f69ec],NEW GREVIL F1 SHIMANO GRX 610,,gravel,490,,49,,,,,598.4,390.4,"{""CC"": ""550"", ""L"": ""570"", ""I"": ""156.2"", ""A[°]"": ""73.5"", ""B[°]"": ""71.75"", ""F"": ""621.9"", ""P"": ""430"", ""T"": ""160"", ""D"": ""67"", ""R"": ""50"", ""G"": ""405"", ""WB"": ""1043"", ""REACH"": ""390.4"", ""STACK"": ""598.4"", ""TRAIL"": ""67.5""}",,,https://pinarello.com/europe/en/bikes/gravel/competition/new-grevil-f/new-grevil-f1-shimano-grx-610,https://pinarello.com/europe/en/bikes/gravel/competition/new-grevil-f/new-grevil-f1-shimano-grx-610,html,2026-10-05
Pinarello,NEW GREVIL [a90f69ec],NEW GREVIL F1 SHIMANO GRX 610,,gravel,510,,51,,,,,613.6,398.2,"{""CC"": ""575"", ""L"": ""587"", ""I"": ""168.1"", ""A[°]"": ""73"", ""B[°]"": ""72"", ""F"": ""631.9"", ""P"": ""430"", ""T"": ""175"", ""D"": ""67"", ""R"": ""50"", ""G"": ""405"", ""WB"": ""1053.1"", ""REACH"": ""398.2"", ""STACK"": ""613.6"", ""TRAIL"": ""65.9""}",,,https://pinarello.com/europe/en/bikes/gravel/competition/new-grevil-f/new-grevil-f1-shimano-grx-610,https://pinarello.com/europe/en/bikes/gravel/competition/new-grevil-f/new-grevil-f1-shimano-grx-610,html,2026-10-05
Pinarello,NEW GREVIL [a90f69ec],NEW GREVIL F1 SHIMANO GRX 610,,gravel,545,,54.5,,,,,633.7,406.9,"{""CC"": ""600"", ""L"": ""607"", ""I"": ""180.4"", ""A[°]"": ""72.5"", ""B[°]"": ""72.25"", ""F"": ""644.3"", ""P"": ""430"", ""T"": ""195"", ""D"": ""67"", ""R"": ""50"", ""G"": ""405"", ""WB"": ""1065.5"", ""REACH"": ""406.9"", ""STACK"": ""633.7"", ""TRAIL"": ""64.2""}",,,https://pinarello.com/europe/en/bikes/gravel/competition/new-grevil-f/new-grevil-f1-shimano-grx-610,https://pinarello.com/europe/en/bikes/gravel/competition/new-grevil-f/new-grevil-f1-shimano-grx-610,html,2026-10-05
Pinarello,DOGMA [b71f87ea],DOGMA XCR,,mtb,405,,40.5,,,,,584.9,426.5,"{""SIZE"": ""S"", ""L"": ""578"", ""I"": ""151.3"", ""A"": ""75.5"", ""A1"": ""69.75"", ""B"": ""67.5"", ""F"": ""699.1"", ""P"": ""427.5"", ""T"": ""85"", ""D"": ""46"", ""R"": ""44"", ""G"": ""511"", ""REACH"": ""426.5"", ""STACK"": ""584.9""}",,,https://pinarello.com/europe/en/bikes/mtb/competition/dogma-xc/dogma-xcr,https://pinarello.com/europe/en/bikes/mtb/competition/dogma-xc/dogma-xcr,html,2026-10-05
Pinarello,DOGMA [b71f87ea],DOGMA XCR,,mtb,435,,43.5,,,,,589.5,455,"{""SIZE"": ""M"", ""L"": ""608"", ""I"": ""153"", ""A"": ""75.45"", ""A1"": ""69.75"", ""B"": ""67.5"", ""F"": ""729.2"", ""P"": ""427.5"", ""T"": ""90"", ""D"": ""46"", ""R"": ""44"", ""G"": ""511"", ""REACH"": ""455"", ""STACK"": ""589.5""}",,,https://pinarello.com/europe/en/bikes/mtb/competition/dogma-xc/dogma-xcr,https://pinarello.com/europe/en/bikes/mtb/competition/dogma-xc/dogma-xcr,html,2026-10-05
Pinarello,DOGMA [b71f87ea],DOGMA XCR,,mtb,470,,47,,,,,605.8,475,"{""SIZE"": ""L"", ""L"": ""634"", ""I"": ""159"", ""A"": ""75.3"", ""A1"": ""69.75"", ""B"": ""68"", ""F"": ""750"", ""P"": ""427.5"", ""T"": ""105"", ""D"": ""46"", ""R"": ""44"", ""G"": ""511"", ""REACH"": ""475"", ""STACK"": ""605.8""}",,,https://pinarello.com/europe/en/bikes/mtb/competition/dogma-xc/dogma-xcr,https://pinarello.com/europe/en/bikes/mtb/competition/dogma-xc/dogma-xcr,html,2026-10-05
Pinarello,DOGMA [b71f87ea],DOGMA XCR,,mtb,500,,50,,,,,619.7,495,"{""SIZE"": ""XL"", ""L"": ""659.1"", ""I"": ""164.1"", ""A"": ""75.15"", ""A1"": ""69.75"", ""B"": ""68"", ""F"": ""775.6"", ""P"": ""427.5"", ""T"": ""120"", ""D"": ""46"", ""R"": ""44"", ""G"": ""511"", ""REACH"": ""495"", ""STACK"": ""619.7""}",,,https://pinarello.com/europe/en/bikes/mtb/competition/dogma-xc/dogma-xcr,https://pinarello.com/europe/en/bikes/mtb/competition/dogma-xc/dogma-xcr,html,2026-10-05
Pinarello,DOGMA [b71f87ea],DOGMA XCT,,mtb,405,,40.5,,,,,584.9,426.5,"{""SIZE"": ""S"", ""L"": ""578"", ""I"": ""151.3"", ""A"": ""75.5"", ""A1"": ""69.75"", ""B"": ""67.5"", ""F"": ""699.1"", ""P"": ""427.5"", ""T"": ""85"", ""D"": ""46"", ""R"": ""44"", ""G"": ""511"", ""REACH"": ""426.5"", ""STACK"": ""584.9""}",,,https://pinarello.com/europe/en/bikes/mtb/competition/dogma-xc/dogma-xct,https://pinarello.com/europe/en/bikes/mtb/competition/dogma-xc/dogma-xct,html,2026-10-05
Pinarello,DOGMA [b71f87ea],DOGMA XCT,,mtb,435,,43.5,,,,,589.5,455,"{""SIZE"": ""M"", ""L"": ""608"", ""I"": ""153"", ""A"": ""75.45"", ""A1"": ""69.75"", ""B"": ""67.5"", ""F"": ""729.2"", ""P"": ""427.5"", ""T"": ""90"", ""D"": ""46"", ""R"": ""44"", ""G"": ""511"", ""REACH"": ""455"", ""STACK"": ""589.5""}",,,https://pinarello.com/europe/en/bikes/mtb/competition/dogma-xc/dogma-xct,https://pinarello.com/europe/en/bikes/mtb/competition/dogma-xc/dogma-xct,html,2026-10-05
Pinarello,DOGMA [b71f87ea],DOGMA XCT,,mtb,470,,47,,,,,605.8,475,"{""SIZE"": ""L"", ""L"": ""634"", ""I"": ""159"", ""A"": ""75.3"", ""A1"": ""69.75"", ""B"": ""68"", ""F"": ""750"", ""P"": ""427.5"", ""T"": ""105"", ""D"": ""46"", ""R"": ""44"", ""G"": ""511"", ""REACH"": ""475"", ""STACK"": ""605.8""}",,,https://pinarello.com/europe/en/bikes/mtb/competition/dogma-xc/dogma-xct,https://pinarello.com/europe/en/bikes/mtb/competition/dogma-xc/dogma-xct,html,2026-10-05
Pinarello,DOGMA [b71f87ea],DOGMA XCT,,mtb,500,,50,,,,,619.7,495,"{""SIZE"": ""XL"", ""L"": ""659.1"", ""I"": ""164.1"", ""A"": ""75.15"", ""A1"": ""69.75"", ""B"": ""68"", ""F"": ""775.6"", ""P"": ""427.5"", ""T"": ""120"", ""D"": ""46"", ""R"": ""44"", ""G"": ""511"", ""REACH"": ""495"", ""STACK"": ""619.7""}",,,https://pinarello.com/europe/en/bikes/mtb/competition/dogma-xc/dogma-xct,https://pinarello.com/europe/en/bikes/mtb/competition/dogma-xc/dogma-xct,html,2026-10-05
Pinarello,PINARELLO [5b468130],PINARELLO XCR9,,mtb,405,,40.5,,,,,592.8,415.7,"{""SIZE"": ""S"", ""L"": ""582.1"", ""I"": ""166.5"", ""A [°]"": ""74.3"", ""A1 [°]"": ""68.7"", ""B [°]"": ""66.4"", ""F"": ""706.8"", ""P"": ""427.5"", ""T"": ""85"", ""D"": ""38"", ""R"": ""44"", ""G"": ""534"", ""REACH"": ""415,7"", ""STACK"": ""592.8""}",,,https://pinarello.com/europe/en/bikes/mtb/competition/xc-series/pinarello-xcr9,https://pinarello.com/europe/en/bikes/mtb/competition/xc-series/pinarello-xcr9,html,2026-10-05
Pinarello,PINARELLO [5b468130],PINARELLO XCR9,,mtb,435,,43.5,,,,,597.7,444.2,"{""SIZE"": ""M"", ""L"": ""612.2"", ""I"": ""168"", ""A [°]"": ""74.3"", ""A1 [°]"": ""68.7"", ""B [°]"": ""66.5"", ""F"": ""736.9"", ""P"": ""427.5"", ""T"": ""90"", ""D"": ""38.2"", ""R"": ""44"", ""G"": ""534"", ""REACH"": ""444.2"", ""STACK"": ""597.7""}",,,https://pinarello.com/europe/en/bikes/mtb/competition/xc-series/pinarello-xcr9,https://pinarello.com/europe/en/bikes/mtb/competition/xc-series/pinarello-xcr9,html,2026-10-05
Pinarello,PINARELLO [5b468130],PINARELLO XCR9,,mtb,470,,47,,,,,614.2,464,"{""SIZE"": ""L"", ""L"": ""638.3"", ""I"": ""174.3"", ""A [°]"": ""74.2"", ""A1 [°]"": ""68.7"", ""B [°]"": ""67"", ""F"": ""757.6"", ""P"": ""427.5"", ""T"": ""105"", ""D"": ""38.4"", ""R"": ""44"", ""G"": ""534"", ""REACH"": ""464"", ""STACK"": ""614.2""}",,,https://pinarello.com/europe/en/bikes/mtb/competition/xc-series/pinarello-xcr9,https://pinarello.com/europe/en/bikes/mtb/competition/xc-series/pinarello-xcr9,html,2026-10-05
Pinarello,PINARELLO [5b468130],PINARELLO XCR9,,mtb,500,,50,,,,,628.3,484,"{""SIZE"": ""XL"", ""L"": ""663.5"", ""I"": ""179.5"", ""A [°]"": ""74.1"", ""A1 [°]"": ""68.7"", ""B [°]"": ""67"", ""F"": ""783.2"", ""P"": ""427.5"", ""T"": ""120"", ""D"": ""38.5"", ""R"": ""44"", ""G"": ""534"", ""REACH"": ""484"", ""STACK"": ""628.3""}",,,https://pinarello.com/europe/en/bikes/mtb/competition/xc-series/pinarello-xcr9,https://pinarello.com/europe/en/bikes/mtb/competition/xc-series/pinarello-xcr9,html,2026-10-05
Pinarello,PINARELLO [5b468130],PINARELLO XCT9,,mtb,405,,40.5,,,,,592.8,415.7,"{""SIZE"": ""S"", ""L"": ""582.1"", ""I"": ""166.5"", ""A [°]"": ""74.3"", ""A1 [°]"": ""68.7"", ""B [°]"": ""66.4"", ""F"": ""706.8"", ""P"": ""427.5"", ""T"": ""85"", ""D"": ""38"", ""R"": ""44"", ""G"": ""534"", ""REACH"": ""415,7"", ""STACK"": ""592.8""}",,,https://pinarello.com/europe/en/bikes/mtb/competition/xc-series/pinarello-xct9,https://pinarello.com/europe/en/bikes/mtb/competition/xc-series/pinarello-xct9,html,2026-10-05
Pinarello,PINARELLO [5b468130],PINARELLO XCT9,,mtb,435,,43.5,,,,,597.7,444.2,"{""SIZE"": ""M"", ""L"": ""612.2"", ""I"": ""168"", ""A [°]"": ""74.3"", ""A1 [°]"": ""68.7"", ""B [°]"": ""66.5"", ""F"": ""736.9"", ""P"": ""427.5"", ""T"": ""90"", ""D"": ""38.2"", ""R"": ""44"", ""G"": ""534"", ""REACH"": ""444.2"", ""STACK"": ""597.7""}",,,https://pinarello.com/europe/en/bikes/mtb/competition/xc-series/pinarello-xct9,https://pinarello.com/europe/en/bikes/mtb/competition/xc-series/pinarello-xct9,html,2026-10-05
Pinarello,PINARELLO [5b468130],PINARELLO XCT9,,mtb,470,,47,,,,,614.2,464,"{""SIZE"": ""L"", ""L"": ""638.3"", ""I"": ""174.3"", ""A [°]"": ""74.2"", ""A1 [°]"": ""68.7"", ""B [°]"": ""67"", ""F"": ""757.6"", ""P"": ""427.5"", ""T"": ""105"", ""D"": ""38.4"", ""R"": ""44"", ""G"": ""534"", ""REACH"": ""464"", ""STACK"": ""614.2""}",,,https://pinarello.com/europe/en/bikes/mtb/competition/xc-series/pinarello-xct9,https://pinarello.com/europe/en/bikes/mtb/competition/xc-series/pinarello-xct9,html,2026-10-05
Pinarello,PINARELLO [5b468130],PINARELLO XCT9,,mtb,500,,50,,,,,628.3,484,"{""SIZE"": ""XL"", ""L"": ""663.5"", ""I"": ""179.5"", ""A [°]"": ""74.1"", ""A1 [°]"": ""68.7"", ""B [°]"": ""67"", ""F"": ""783.2"", ""P"": ""427.5"", ""T"": ""120"", ""D"": ""38.5"", ""R"": ""44"", ""G"": ""534"", ""REACH"": ""484"", ""STACK"": ""628.3""}",,,https://pinarello.com/europe/en/bikes/mtb/competition/xc-series/pinarello-xct9,https://pinarello.com/europe/en/bikes/mtb/competition/xc-series/pinarello-xct9,html,2026-10-05
Pinarello,PINARELLO [5b468130],PINARELLO XCT7,,mtb,405,,40.5,,,,,592.8,415.7,"{""SIZE"": ""S"", ""L"": ""582.1"", ""I"": ""166.5"", ""A [°]"": ""74.3"", ""A1 [°]"": ""68.7"", ""B [°]"": ""66.4"", ""F"": ""706.8"", ""P"": ""427.5"", ""T"": ""85"", ""D"": ""38"", ""R"": ""44"", ""G"": ""534"", ""REACH"": ""415,7"", ""STACK"": ""592.8""}",,,https://pinarello.com/europe/en/bikes/mtb/competition/xc-series/pinarello-xct7,https://pinarello.com/europe/en/bikes/mtb/competition/xc-series/pinarello-xct7,html,2026-10-05
Pinarello,PINARELLO [5b468130],PINARELLO XCT7,,mtb,435,,43.5,,,,,597.7,444.2,"{""SIZE"": ""M"", ""L"": ""612.2"", ""I"": ""168"", ""A [°]"": ""74.3"", ""A1 [°]"": ""68.7"", ""B [°]"": ""66.5"", ""F"": ""736.9"", ""P"": ""427.5"", ""T"": ""90"", ""D"": ""38.2"", ""R"": ""44"", ""G"": ""534"", ""REACH"": ""444.2"", ""STACK"": ""597.7""}",,,https://pinarello.com/europe/en/bikes/mtb/competition/xc-series/pinarello-xct7,https://pinarello.com/europe/en/bikes/mtb/competition/xc-series/pinarello-xct7,html,2026-10-05
Pinarello,PINARELLO [5b468130],PINARELLO XCT7,,mtb,470,,47,,,,,614.2,464,"{""SIZE"": ""L"", ""L"": ""638.3"", ""I"": ""174.3"", ""A [°]"": ""74.2"", ""A1 [°]"": ""68.7"", ""B [°]"": ""67"", ""F"": ""757.6"", ""P"": ""427.5"", ""T"": ""105"", ""D"": ""38.4"", ""R"": ""44"", ""G"": ""534"", ""REACH"": ""464"", ""STACK"": ""614.2""}",,,https://pinarello.com/europe/en/bikes/mtb/competition/xc-series/pinarello-xct7,https://pinarello.com/europe/en/bikes/mtb/competition/xc-series/pinarello-xct7,html,2026-10-05
Pinarello,PINARELLO [5b468130],PINARELLO XCT7,,mtb,500,,50,,,,,628.3,484,"{""SIZE"": ""XL"", ""L"": ""663.5"", ""I"": ""179.5"", ""A [°]"": ""74.1"", ""A1 [°]"": ""68.7"", ""B [°]"": ""67"", ""F"": ""783.2"", ""P"": ""427.5"", ""T"": ""120"", ""D"": ""38.5"", ""R"": ""44"", ""G"": ""534"", ""REACH"": ""484"", ""STACK"": ""628.3""}",,,https://pinarello.com/europe/en/bikes/mtb/competition/xc-series/pinarello-xct7,https://pinarello.com/europe/en/bikes/mtb/competition/xc-series/pinarello-xct7,html,2026-10-05
