brand,family,model,model_year,category,size_label,size_normalized,size_cm,height_min,height_max,height_original,height_unit,stack,reach,geometry_raw,price_eur,price_is_from,product_url,source_url,extraction_method,loaded_at
Specialized,Aethos 2 Pro - SRAM Force AXS [b910e174],S-Works Aethos 2 - SRAM RED AXS,,carretera,49,,49,,,,,522,373,"{""Longitud de biela"": ""165mm"", ""Ancho de manillar"": ""380mm"", ""Longitud Potencia"": ""80mm"", ""Saddle Width"": ""155mm"", ""Longitud Tija Sillín"": ""300mm"", ""Stack"": ""522mm"", ""Reach"": ""373mm"", ""Longitud de Pipa"": ""114mm"", ""Ángulo de Pipa"": ""71.4°"", ""Altura Pedalier"": ""265.5mm"", ""Caída Pedalier"": ""76.5mm"", ""Avance Horquilla"": ""62mm"", ""Longitud Horquilla"": ""372mm"", ""Avance/Retroceso Horquilla"": ""50mm"", ""Delante Centro"": ""581mm"", ""Longitud de vaina"": ""410mm"", ""Distancia entre ejes"": ""978mm"", ""Longitud Tubo Superior, Hrz."": ""508mm"", ""Bike Standover Height"": ""719mm"", ""Long. Tubo de Sillín"": ""450mm"", ""Ángulo de Tubo de Sillín"": ""75.5°""}",13999,false,https://www.specialized.com/es/es/s-works-aethos-2-sram-red-axs/p/4296498,https://www.specialized.com/es/es/s-works-aethos-2-sram-red-axs/p/4296498?color=5476621-4296498,html,2026-10-05
Specialized,Aethos 2 Pro - SRAM Force AXS [b910e174],S-Works Aethos 2 - SRAM RED AXS,,carretera,52,,52,,,,,538,377,"{""Longitud de biela"": ""165mm"", ""Ancho de manillar"": ""380mm"", ""Longitud Potencia"": ""90mm"", ""Saddle Width"": ""155mm"", ""Longitud Tija Sillín"": ""300mm"", ""Stack"": ""538mm"", ""Reach"": ""377mm"", ""Longitud de Pipa"": ""128mm"", ""Ángulo de Pipa"": ""72.1°"", ""Altura Pedalier"": ""265.5mm"", ""Caída Pedalier"": ""76.5mm"", ""Avance Horquilla"": ""58mm"", ""Longitud Horquilla"": ""372mm"", ""Avance/Retroceso Horquilla"": ""50mm"", ""Delante Centro"": ""584mm"", ""Longitud de vaina"": ""410mm"", ""Distancia entre ejes"": ""981mm"", ""Longitud Tubo Superior, Hrz."": ""526mm"", ""Bike Standover Height"": ""737mm"", ""Long. Tubo de Sillín"": ""470mm"", ""Ángulo de Tubo de Sillín"": ""74.5°""}",13999,false,https://www.specialized.com/es/es/s-works-aethos-2-sram-red-axs/p/4296498,https://www.specialized.com/es/es/s-works-aethos-2-sram-red-axs/p/4296498?color=5476621-4296498,html,2026-10-05
Specialized,Aethos 2 Pro - SRAM Force AXS [b910e174],S-Works Aethos 2 - SRAM RED AXS,,carretera,54,,54,,,,,559,384,"{""Longitud de biela"": ""170mm"", ""Ancho de manillar"": ""400mm"", ""Longitud Potencia"": ""100mm"", ""Saddle Width"": ""143mm"", ""Longitud Tija Sillín"": ""360mm"", ""Stack"": ""559mm"", ""Reach"": ""384mm"", ""Longitud de Pipa"": ""150mm"", ""Ángulo de Pipa"": ""72.5°"", ""Altura Pedalier"": ""267mm"", ""Caída Pedalier"": ""75mm"", ""Avance Horquilla"": ""55mm"", ""Longitud Horquilla"": ""372mm"", ""Avance/Retroceso Horquilla"": ""50mm"", ""Delante Centro"": ""594mm"", ""Longitud de vaina"": ""410mm"", ""Distancia entre ejes"": ""992mm"", ""Longitud Tubo Superior, Hrz."": ""544mm"", ""Bike Standover Height"": ""759mm"", ""Long. Tubo de Sillín"": ""490mm"", ""Ángulo de Tubo de Sillín"": ""74°""}",13999,false,https://www.specialized.com/es/es/s-works-aethos-2-sram-red-axs/p/4296498,https://www.specialized.com/es/es/s-works-aethos-2-sram-red-axs/p/4296498?color=5476621-4296498,html,2026-10-05
Specialized,Aethos 2 Pro - SRAM Force AXS [b910e174],S-Works Aethos 2 - SRAM RED AXS,,carretera,56,,56,,,,,580,391,"{""Longitud de biela"": ""170mm"", ""Ancho de manillar"": ""400mm"", ""Longitud Potencia"": ""100mm"", ""Saddle Width"": ""143mm"", ""Longitud Tija Sillín"": ""360mm"", ""Stack"": ""580mm"", ""Reach"": ""391mm"", ""Longitud de Pipa"": ""169mm"", ""Ángulo de Pipa"": ""73°"", ""Altura Pedalier"": ""267mm"", ""Caída Pedalier"": ""75mm"", ""Avance Horquilla"": ""55mm"", ""Longitud Horquilla"": ""372mm"", ""Avance/Retroceso Horquilla"": ""47mm"", ""Delante Centro"": ""599mm"", ""Longitud de vaina"": ""410mm"", ""Distancia entre ejes"": ""998mm"", ""Longitud Tubo Superior, Hrz."": ""557mm"", ""Bike Standover Height"": ""779mm"", ""Long. Tubo de Sillín"": ""510mm"", ""Ángulo de Tubo de Sillín"": ""74°""}",13999,false,https://www.specialized.com/es/es/s-works-aethos-2-sram-red-axs/p/4296498,https://www.specialized.com/es/es/s-works-aethos-2-sram-red-axs/p/4296498?color=5476621-4296498,html,2026-10-05
Specialized,Aethos 2 Pro - SRAM Force AXS [b910e174],S-Works Aethos 2 - SRAM RED AXS,,carretera,58,,58,,,,,606,398,"{""Longitud de biela"": ""172.5mm"", ""Ancho de manillar"": ""420mm"", ""Longitud Potencia"": ""110mm"", ""Saddle Width"": ""143mm"", ""Longitud Tija Sillín"": ""360mm"", ""Stack"": ""606mm"", ""Reach"": ""398mm"", ""Longitud de Pipa"": ""198mm"", ""Ángulo de Pipa"": ""73°"", ""Altura Pedalier"": ""268.5mm"", ""Caída Pedalier"": ""73.5mm"", ""Avance Horquilla"": ""55mm"", ""Longitud Horquilla"": ""372mm"", ""Avance/Retroceso Horquilla"": ""47mm"", ""Delante Centro"": ""614mm"", ""Longitud de vaina"": ""410mm"", ""Distancia entre ejes"": ""1013mm"", ""Longitud Tubo Superior, Hrz."": ""572mm"", ""Bike Standover Height"": ""805mm"", ""Long. Tubo de Sillín"": ""535mm"", ""Ángulo de Tubo de Sillín"": ""74°""}",13999,false,https://www.specialized.com/es/es/s-works-aethos-2-sram-red-axs/p/4296498,https://www.specialized.com/es/es/s-works-aethos-2-sram-red-axs/p/4296498?color=5476621-4296498,html,2026-10-05
Specialized,Aethos 2 Pro - SRAM Force AXS [b910e174],S-Works Aethos 2 - SRAM RED AXS,,carretera,61,,61,,,,,627,404,"{""Longitud de biela"": ""172.5mm"", ""Ancho de manillar"": ""420mm"", ""Longitud Potencia"": ""110mm"", ""Saddle Width"": ""143mm"", ""Longitud Tija Sillín"": ""360mm"", ""Stack"": ""627mm"", ""Reach"": ""404mm"", ""Longitud de Pipa"": ""218mm"", ""Ángulo de Pipa"": ""73.5°"", ""Altura Pedalier"": ""268.5mm"", ""Caída Pedalier"": ""73.5mm"", ""Avance Horquilla"": ""52mm"", ""Longitud Horquilla"": ""372mm"", ""Avance/Retroceso Horquilla"": ""47mm"", ""Delante Centro"": ""621mm"", ""Longitud de vaina"": ""410mm"", ""Distancia entre ejes"": ""1020mm"", ""Longitud Tubo Superior, Hrz."": ""584mm"", ""Bike Standover Height"": ""834mm"", ""Long. Tubo de Sillín"": ""570mm"", ""Ángulo de Tubo de Sillín"": ""74°""}",13999,false,https://www.specialized.com/es/es/s-works-aethos-2-sram-red-axs/p/4296498,https://www.specialized.com/es/es/s-works-aethos-2-sram-red-axs/p/4296498?color=5476621-4296498,html,2026-10-05
Specialized,Aethos 2 Pro - SRAM Force AXS [b910e174],S-Works Aethos 2 - Shimano Dura-Ace Di2,,carretera,49,,49,,,,,522,373,"{""Longitud de biela"": ""165mm"", ""Ancho de manillar"": ""380mm"", ""Longitud Potencia"": ""80mm"", ""Saddle Width"": ""155mm"", ""Longitud Tija Sillín"": ""300mm"", ""Stack"": ""522mm"", ""Reach"": ""373mm"", ""Longitud de Pipa"": ""114mm"", ""Ángulo de Pipa"": ""71.4°"", ""Altura Pedalier"": ""265.5mm"", ""Caída Pedalier"": ""76.5mm"", ""Avance Horquilla"": ""62mm"", ""Longitud Horquilla"": ""372mm"", ""Avance/Retroceso Horquilla"": ""50mm"", ""Delante Centro"": ""581mm"", ""Longitud de vaina"": ""410mm"", ""Distancia entre ejes"": ""978mm"", ""Longitud Tubo Superior, Hrz."": ""508mm"", ""Bike Standover Height"": ""719mm"", ""Long. Tubo de Sillín"": ""450mm"", ""Ángulo de Tubo de Sillín"": ""75.5°""}",13499,false,https://www.specialized.com/es/es/s-works-aethos-2-shimano-dura-ace-di2/p/4221562,https://www.specialized.com/es/es/s-works-aethos-2-shimano-dura-ace-di2/p/4221562?color=5446328-4221562,html,2026-10-05
Specialized,Aethos 2 Pro - SRAM Force AXS [b910e174],S-Works Aethos 2 - Shimano Dura-Ace Di2,,carretera,52,,52,,,,,538,377,"{""Longitud de biela"": ""170mm"", ""Ancho de manillar"": ""380mm"", ""Longitud Potencia"": ""90mm"", ""Saddle Width"": ""155mm"", ""Longitud Tija Sillín"": ""300mm"", ""Stack"": ""538mm"", ""Reach"": ""377mm"", ""Longitud de Pipa"": ""128mm"", ""Ángulo de Pipa"": ""72.1°"", ""Altura Pedalier"": ""265.5mm"", ""Caída Pedalier"": ""76.5mm"", ""Avance Horquilla"": ""58mm"", ""Longitud Horquilla"": ""372mm"", ""Avance/Retroceso Horquilla"": ""50mm"", ""Delante Centro"": ""584mm"", ""Longitud de vaina"": ""410mm"", ""Distancia entre ejes"": ""981mm"", ""Longitud Tubo Superior, Hrz."": ""526mm"", ""Bike Standover Height"": ""737mm"", ""Long. Tubo de Sillín"": ""470mm"", ""Ángulo de Tubo de Sillín"": ""74.5°""}",13499,false,https://www.specialized.com/es/es/s-works-aethos-2-shimano-dura-ace-di2/p/4221562,https://www.specialized.com/es/es/s-works-aethos-2-shimano-dura-ace-di2/p/4221562?color=5446328-4221562,html,2026-10-05
Specialized,Aethos 2 Pro - SRAM Force AXS [b910e174],S-Works Aethos 2 - Shimano Dura-Ace Di2,,carretera,54,,54,,,,,559,384,"{""Longitud de biela"": ""172.5mm"", ""Ancho de manillar"": ""400mm"", ""Longitud Potencia"": ""100mm"", ""Saddle Width"": ""143mm"", ""Longitud Tija Sillín"": ""360mm"", ""Stack"": ""559mm"", ""Reach"": ""384mm"", ""Longitud de Pipa"": ""150mm"", ""Ángulo de Pipa"": ""72.5°"", ""Altura Pedalier"": ""267mm"", ""Caída Pedalier"": ""75mm"", ""Avance Horquilla"": ""55mm"", ""Longitud Horquilla"": ""372mm"", ""Avance/Retroceso Horquilla"": ""50mm"", ""Delante Centro"": ""594mm"", ""Longitud de vaina"": ""410mm"", ""Distancia entre ejes"": ""992mm"", ""Longitud Tubo Superior, Hrz."": ""544mm"", ""Bike Standover Height"": ""759mm"", ""Long. Tubo de Sillín"": ""490mm"", ""Ángulo de Tubo de Sillín"": ""74°""}",13499,false,https://www.specialized.com/es/es/s-works-aethos-2-shimano-dura-ace-di2/p/4221562,https://www.specialized.com/es/es/s-works-aethos-2-shimano-dura-ace-di2/p/4221562?color=5446328-4221562,html,2026-10-05
Specialized,Aethos 2 Pro - SRAM Force AXS [b910e174],S-Works Aethos 2 - Shimano Dura-Ace Di2,,carretera,56,,56,,,,,580,391,"{""Longitud de biela"": ""172.5mm"", ""Ancho de manillar"": ""400mm"", ""Longitud Potencia"": ""100mm"", ""Saddle Width"": ""143mm"", ""Longitud Tija Sillín"": ""360mm"", ""Stack"": ""580mm"", ""Reach"": ""391mm"", ""Longitud de Pipa"": ""169mm"", ""Ángulo de Pipa"": ""73°"", ""Altura Pedalier"": ""267mm"", ""Caída Pedalier"": ""75mm"", ""Avance Horquilla"": ""55mm"", ""Longitud Horquilla"": ""372mm"", ""Avance/Retroceso Horquilla"": ""47mm"", ""Delante Centro"": ""599mm"", ""Longitud de vaina"": ""410mm"", ""Distancia entre ejes"": ""998mm"", ""Longitud Tubo Superior, Hrz."": ""557mm"", ""Bike Standover Height"": ""779mm"", ""Long. Tubo de Sillín"": ""510mm"", ""Ángulo de Tubo de Sillín"": ""74°""}",13499,false,https://www.specialized.com/es/es/s-works-aethos-2-shimano-dura-ace-di2/p/4221562,https://www.specialized.com/es/es/s-works-aethos-2-shimano-dura-ace-di2/p/4221562?color=5446328-4221562,html,2026-10-05
Specialized,Aethos 2 Pro - SRAM Force AXS [b910e174],S-Works Aethos 2 - Shimano Dura-Ace Di2,,carretera,58,,58,,,,,606,398,"{""Longitud de biela"": ""175mm"", ""Ancho de manillar"": ""420mm"", ""Longitud Potencia"": ""110mm"", ""Saddle Width"": ""143mm"", ""Longitud Tija Sillín"": ""360mm"", ""Stack"": ""606mm"", ""Reach"": ""398mm"", ""Longitud de Pipa"": ""198mm"", ""Ángulo de Pipa"": ""73°"", ""Altura Pedalier"": ""268.5mm"", ""Caída Pedalier"": ""73.5mm"", ""Avance Horquilla"": ""55mm"", ""Longitud Horquilla"": ""372mm"", ""Avance/Retroceso Horquilla"": ""47mm"", ""Delante Centro"": ""614mm"", ""Longitud de vaina"": ""410mm"", ""Distancia entre ejes"": ""1013mm"", ""Longitud Tubo Superior, Hrz."": ""572mm"", ""Bike Standover Height"": ""805mm"", ""Long. Tubo de Sillín"": ""535mm"", ""Ángulo de Tubo de Sillín"": ""74°""}",13499,false,https://www.specialized.com/es/es/s-works-aethos-2-shimano-dura-ace-di2/p/4221562,https://www.specialized.com/es/es/s-works-aethos-2-shimano-dura-ace-di2/p/4221562?color=5446328-4221562,html,2026-10-05
Specialized,Aethos 2 Pro - SRAM Force AXS [b910e174],S-Works Aethos 2 - Shimano Dura-Ace Di2,,carretera,61,,61,,,,,627,404,"{""Longitud de biela"": ""175mm"", ""Ancho de manillar"": ""420mm"", ""Longitud Potencia"": ""110mm"", ""Saddle Width"": ""143mm"", ""Longitud Tija Sillín"": ""360mm"", ""Stack"": ""627mm"", ""Reach"": ""404mm"", ""Longitud de Pipa"": ""218mm"", ""Ángulo de Pipa"": ""73.5°"", ""Altura Pedalier"": ""268.5mm"", ""Caída Pedalier"": ""73.5mm"", ""Avance Horquilla"": ""52mm"", ""Longitud Horquilla"": ""372mm"", ""Avance/Retroceso Horquilla"": ""47mm"", ""Delante Centro"": ""621mm"", ""Longitud de vaina"": ""410mm"", ""Distancia entre ejes"": ""1020mm"", ""Longitud Tubo Superior, Hrz."": ""584mm"", ""Bike Standover Height"": ""834mm"", ""Long. Tubo de Sillín"": ""570mm"", ""Ángulo de Tubo de Sillín"": ""74°""}",13499,false,https://www.specialized.com/es/es/s-works-aethos-2-shimano-dura-ace-di2/p/4221562,https://www.specialized.com/es/es/s-works-aethos-2-shimano-dura-ace-di2/p/4221562?color=5446328-4221562,html,2026-10-05
Specialized,Aethos 2 Pro - SRAM Force AXS [b910e174],Aethos 2 Pro - SRAM Force AXS,,carretera,49,,49,,,,,522,373,"{""Longitud de biela"": ""165mm"", ""Ancho de manillar"": ""380mm"", ""Longitud Potencia"": ""80mm"", ""Saddle Width"": ""155mm"", ""Longitud Tija Sillín"": ""300mm"", ""Stack"": ""522mm"", ""Reach"": ""373mm"", ""Longitud de Pipa"": ""114mm"", ""Ángulo de Pipa"": ""71.4°"", ""Altura Pedalier"": ""265.5mm"", ""Caída Pedalier"": ""76.5mm"", ""Avance Horquilla"": ""62mm"", ""Longitud Horquilla"": ""372mm"", ""Avance/Retroceso Horquilla"": ""50mm"", ""Delante Centro"": ""581mm"", ""Longitud de vaina"": ""410mm"", ""Distancia entre ejes"": ""978mm"", ""Longitud Tubo Superior, Hrz."": ""508mm"", ""Bike Standover Height"": ""719mm"", ""Long. Tubo de Sillín"": ""450mm"", ""Ángulo de Tubo de Sillín"": ""75.5°""}",8699,false,https://www.specialized.com/es/es/aethos-2-pro-sram-force-axs/p/4263245,https://www.specialized.com/es/es/aethos-2-pro-sram-force-axs/p/4263245?color=5472525-4263245,html,2026-10-05
Specialized,Aethos 2 Pro - SRAM Force AXS [b910e174],Aethos 2 Pro - SRAM Force AXS,,carretera,52,,52,,,,,538,377,"{""Longitud de biela"": ""165mm"", ""Ancho de manillar"": ""380mm"", ""Longitud Potencia"": ""90mm"", ""Saddle Width"": ""155mm"", ""Longitud Tija Sillín"": ""300mm"", ""Stack"": ""538mm"", ""Reach"": ""377mm"", ""Longitud de Pipa"": ""128mm"", ""Ángulo de Pipa"": ""72.1°"", ""Altura Pedalier"": ""265.5mm"", ""Caída Pedalier"": ""76.5mm"", ""Avance Horquilla"": ""58mm"", ""Longitud Horquilla"": ""372mm"", ""Avance/Retroceso Horquilla"": ""50mm"", ""Delante Centro"": ""584mm"", ""Longitud de vaina"": ""410mm"", ""Distancia entre ejes"": ""981mm"", ""Longitud Tubo Superior, Hrz."": ""526mm"", ""Bike Standover Height"": ""737mm"", ""Long. Tubo de Sillín"": ""470mm"", ""Ángulo de Tubo de Sillín"": ""74.5°""}",8699,false,https://www.specialized.com/es/es/aethos-2-pro-sram-force-axs/p/4263245,https://www.specialized.com/es/es/aethos-2-pro-sram-force-axs/p/4263245?color=5472525-4263245,html,2026-10-05
Specialized,Aethos 2 Pro - SRAM Force AXS [b910e174],Aethos 2 Pro - SRAM Force AXS,,carretera,54,,54,,,,,559,384,"{""Longitud de biela"": ""170mm"", ""Ancho de manillar"": ""400mm"", ""Longitud Potencia"": ""100mm"", ""Saddle Width"": ""143mm"", ""Longitud Tija Sillín"": ""360mm"", ""Stack"": ""559mm"", ""Reach"": ""384mm"", ""Longitud de Pipa"": ""150mm"", ""Ángulo de Pipa"": ""72.5°"", ""Altura Pedalier"": ""267mm"", ""Caída Pedalier"": ""75mm"", ""Avance Horquilla"": ""55mm"", ""Longitud Horquilla"": ""372mm"", ""Avance/Retroceso Horquilla"": ""50mm"", ""Delante Centro"": ""594mm"", ""Longitud de vaina"": ""410mm"", ""Distancia entre ejes"": ""992mm"", ""Longitud Tubo Superior, Hrz."": ""544mm"", ""Bike Standover Height"": ""759mm"", ""Long. Tubo de Sillín"": ""490mm"", ""Ángulo de Tubo de Sillín"": ""74°""}",8699,false,https://www.specialized.com/es/es/aethos-2-pro-sram-force-axs/p/4263245,https://www.specialized.com/es/es/aethos-2-pro-sram-force-axs/p/4263245?color=5472525-4263245,html,2026-10-05
Specialized,Aethos 2 Pro - SRAM Force AXS [b910e174],Aethos 2 Pro - SRAM Force AXS,,carretera,56,,56,,,,,580,391,"{""Longitud de biela"": ""170mm"", ""Ancho de manillar"": ""400mm"", ""Longitud Potencia"": ""100mm"", ""Saddle Width"": ""143mm"", ""Longitud Tija Sillín"": ""360mm"", ""Stack"": ""580mm"", ""Reach"": ""391mm"", ""Longitud de Pipa"": ""169mm"", ""Ángulo de Pipa"": ""73°"", ""Altura Pedalier"": ""267mm"", ""Caída Pedalier"": ""75mm"", ""Avance Horquilla"": ""55mm"", ""Longitud Horquilla"": ""372mm"", ""Avance/Retroceso Horquilla"": ""47mm"", ""Delante Centro"": ""599mm"", ""Longitud de vaina"": ""410mm"", ""Distancia entre ejes"": ""998mm"", ""Longitud Tubo Superior, Hrz."": ""557mm"", ""Bike Standover Height"": ""779mm"", ""Long. Tubo de Sillín"": ""510mm"", ""Ángulo de Tubo de Sillín"": ""74°""}",8699,false,https://www.specialized.com/es/es/aethos-2-pro-sram-force-axs/p/4263245,https://www.specialized.com/es/es/aethos-2-pro-sram-force-axs/p/4263245?color=5472525-4263245,html,2026-10-05
Specialized,Aethos 2 Pro - SRAM Force AXS [b910e174],Aethos 2 Pro - SRAM Force AXS,,carretera,58,,58,,,,,606,398,"{""Longitud de biela"": ""172.5mm"", ""Ancho de manillar"": ""420mm"", ""Longitud Potencia"": ""110mm"", ""Saddle Width"": ""143mm"", ""Longitud Tija Sillín"": ""360mm"", ""Stack"": ""606mm"", ""Reach"": ""398mm"", ""Longitud de Pipa"": ""198mm"", ""Ángulo de Pipa"": ""73°"", ""Altura Pedalier"": ""268.5mm"", ""Caída Pedalier"": ""73.5mm"", ""Avance Horquilla"": ""55mm"", ""Longitud Horquilla"": ""372mm"", ""Avance/Retroceso Horquilla"": ""47mm"", ""Delante Centro"": ""614mm"", ""Longitud de vaina"": ""410mm"", ""Distancia entre ejes"": ""1013mm"", ""Longitud Tubo Superior, Hrz."": ""572mm"", ""Bike Standover Height"": ""805mm"", ""Long. Tubo de Sillín"": ""535mm"", ""Ángulo de Tubo de Sillín"": ""74°""}",8699,false,https://www.specialized.com/es/es/aethos-2-pro-sram-force-axs/p/4263245,https://www.specialized.com/es/es/aethos-2-pro-sram-force-axs/p/4263245?color=5472525-4263245,html,2026-10-05
Specialized,Aethos 2 Pro - SRAM Force AXS [b910e174],Aethos 2 Pro - SRAM Force AXS,,carretera,61,,61,,,,,627,404,"{""Longitud de biela"": ""172.5mm"", ""Ancho de manillar"": ""420mm"", ""Longitud Potencia"": ""110mm"", ""Saddle Width"": ""143mm"", ""Longitud Tija Sillín"": ""360mm"", ""Stack"": ""627mm"", ""Reach"": ""404mm"", ""Longitud de Pipa"": ""218mm"", ""Ángulo de Pipa"": ""73.5°"", ""Altura Pedalier"": ""268.5mm"", ""Caída Pedalier"": ""73.5mm"", ""Avance Horquilla"": ""52mm"", ""Longitud Horquilla"": ""372mm"", ""Avance/Retroceso Horquilla"": ""47mm"", ""Delante Centro"": ""621mm"", ""Longitud de vaina"": ""410mm"", ""Distancia entre ejes"": ""1020mm"", ""Longitud Tubo Superior, Hrz."": ""584mm"", ""Bike Standover Height"": ""834mm"", ""Long. Tubo de Sillín"": ""570mm"", ""Ángulo de Tubo de Sillín"": ""74°""}",8699,false,https://www.specialized.com/es/es/aethos-2-pro-sram-force-axs/p/4263245,https://www.specialized.com/es/es/aethos-2-pro-sram-force-axs/p/4263245?color=5472525-4263245,html,2026-10-05
Specialized,Aethos 2 Pro - SRAM Force AXS [b910e174],Aethos 2 Pro - Shimano Ultegra Di2,,carretera,49,,49,,,,,522,373,"{""Longitud de biela"": ""165mm"", ""Ancho de manillar"": ""380mm"", ""Longitud Potencia"": ""80mm"", ""Saddle Width"": ""155mm"", ""Longitud Tija Sillín"": ""300mm"", ""Stack"": ""522mm"", ""Reach"": ""373mm"", ""Longitud de Pipa"": ""114mm"", ""Ángulo de Pipa"": ""71.4°"", ""Altura Pedalier"": ""265.5mm"", ""Caída Pedalier"": ""76.5mm"", ""Avance Horquilla"": ""62mm"", ""Longitud Horquilla"": ""372mm"", ""Avance/Retroceso Horquilla"": ""50mm"", ""Delante Centro"": ""581mm"", ""Longitud de vaina"": ""410mm"", ""Distancia entre ejes"": ""978mm"", ""Longitud Tubo Superior, Hrz."": ""508mm"", ""Bike Standover Height"": ""719mm"", ""Long. Tubo de Sillín"": ""450mm"", ""Ángulo de Tubo de Sillín"": ""75.5°""}",8499,false,https://www.specialized.com/es/es/aethos-2-pro-shimano-ultegra-di2/p/4279155,https://www.specialized.com/es/es/aethos-2-pro-shimano-ultegra-di2/p/4279155?color=5446312-4279155,html,2026-10-05
Specialized,Aethos 2 Pro - SRAM Force AXS [b910e174],Aethos 2 Pro - Shimano Ultegra Di2,,carretera,52,,52,,,,,538,377,"{""Longitud de biela"": ""170mm"", ""Ancho de manillar"": ""380mm"", ""Longitud Potencia"": ""90mm"", ""Saddle Width"": ""155mm"", ""Longitud Tija Sillín"": ""300mm"", ""Stack"": ""538mm"", ""Reach"": ""377mm"", ""Longitud de Pipa"": ""128mm"", ""Ángulo de Pipa"": ""72.1°"", ""Altura Pedalier"": ""265.5mm"", ""Caída Pedalier"": ""76.5mm"", ""Avance Horquilla"": ""58mm"", ""Longitud Horquilla"": ""372mm"", ""Avance/Retroceso Horquilla"": ""50mm"", ""Delante Centro"": ""584mm"", ""Longitud de vaina"": ""410mm"", ""Distancia entre ejes"": ""981mm"", ""Longitud Tubo Superior, Hrz."": ""526mm"", ""Bike Standover Height"": ""737mm"", ""Long. Tubo de Sillín"": ""470mm"", ""Ángulo de Tubo de Sillín"": ""74.5°""}",8499,false,https://www.specialized.com/es/es/aethos-2-pro-shimano-ultegra-di2/p/4279155,https://www.specialized.com/es/es/aethos-2-pro-shimano-ultegra-di2/p/4279155?color=5446312-4279155,html,2026-10-05
Specialized,Aethos 2 Pro - SRAM Force AXS [b910e174],Aethos 2 Pro - Shimano Ultegra Di2,,carretera,54,,54,,,,,559,384,"{""Longitud de biela"": ""172.5mm"", ""Ancho de manillar"": ""400mm"", ""Longitud Potencia"": ""100mm"", ""Saddle Width"": ""143mm"", ""Longitud Tija Sillín"": ""360mm"", ""Stack"": ""559mm"", ""Reach"": ""384mm"", ""Longitud de Pipa"": ""150mm"", ""Ángulo de Pipa"": ""72.5°"", ""Altura Pedalier"": ""267mm"", ""Caída Pedalier"": ""75mm"", ""Avance Horquilla"": ""55mm"", ""Longitud Horquilla"": ""372mm"", ""Avance/Retroceso Horquilla"": ""50mm"", ""Delante Centro"": ""594mm"", ""Longitud de vaina"": ""410mm"", ""Distancia entre ejes"": ""992mm"", ""Longitud Tubo Superior, Hrz."": ""544mm"", ""Bike Standover Height"": ""759mm"", ""Long. Tubo de Sillín"": ""490mm"", ""Ángulo de Tubo de Sillín"": ""74°""}",8499,false,https://www.specialized.com/es/es/aethos-2-pro-shimano-ultegra-di2/p/4279155,https://www.specialized.com/es/es/aethos-2-pro-shimano-ultegra-di2/p/4279155?color=5446312-4279155,html,2026-10-05
Specialized,Aethos 2 Pro - SRAM Force AXS [b910e174],Aethos 2 Pro - Shimano Ultegra Di2,,carretera,56,,56,,,,,580,391,"{""Longitud de biela"": ""172.5mm"", ""Ancho de manillar"": ""400mm"", ""Longitud Potencia"": ""100mm"", ""Saddle Width"": ""143mm"", ""Longitud Tija Sillín"": ""360mm"", ""Stack"": ""580mm"", ""Reach"": ""391mm"", ""Longitud de Pipa"": ""169mm"", ""Ángulo de Pipa"": ""73°"", ""Altura Pedalier"": ""267mm"", ""Caída Pedalier"": ""75mm"", ""Avance Horquilla"": ""55mm"", ""Longitud Horquilla"": ""372mm"", ""Avance/Retroceso Horquilla"": ""47mm"", ""Delante Centro"": ""599mm"", ""Longitud de vaina"": ""410mm"", ""Distancia entre ejes"": ""998mm"", ""Longitud Tubo Superior, Hrz."": ""557mm"", ""Bike Standover Height"": ""779mm"", ""Long. Tubo de Sillín"": ""510mm"", ""Ángulo de Tubo de Sillín"": ""74°""}",8499,false,https://www.specialized.com/es/es/aethos-2-pro-shimano-ultegra-di2/p/4279155,https://www.specialized.com/es/es/aethos-2-pro-shimano-ultegra-di2/p/4279155?color=5446312-4279155,html,2026-10-05
Specialized,Aethos 2 Pro - SRAM Force AXS [b910e174],Aethos 2 Pro - Shimano Ultegra Di2,,carretera,58,,58,,,,,606,398,"{""Longitud de biela"": ""175mm"", ""Ancho de manillar"": ""420mm"", ""Longitud Potencia"": ""110mm"", ""Saddle Width"": ""143mm"", ""Longitud Tija Sillín"": ""360mm"", ""Stack"": ""606mm"", ""Reach"": ""398mm"", ""Longitud de Pipa"": ""198mm"", ""Ángulo de Pipa"": ""73°"", ""Altura Pedalier"": ""268.5mm"", ""Caída Pedalier"": ""73.5mm"", ""Avance Horquilla"": ""55mm"", ""Longitud Horquilla"": ""372mm"", ""Avance/Retroceso Horquilla"": ""47mm"", ""Delante Centro"": ""614mm"", ""Longitud de vaina"": ""410mm"", ""Distancia entre ejes"": ""1013mm"", ""Longitud Tubo Superior, Hrz."": ""572mm"", ""Bike Standover Height"": ""805mm"", ""Long. Tubo de Sillín"": ""535mm"", ""Ángulo de Tubo de Sillín"": ""74°""}",8499,false,https://www.specialized.com/es/es/aethos-2-pro-shimano-ultegra-di2/p/4279155,https://www.specialized.com/es/es/aethos-2-pro-shimano-ultegra-di2/p/4279155?color=5446312-4279155,html,2026-10-05
Specialized,Aethos 2 Pro - SRAM Force AXS [b910e174],Aethos 2 Pro - Shimano Ultegra Di2,,carretera,61,,61,,,,,627,404,"{""Longitud de biela"": ""175mm"", ""Ancho de manillar"": ""420mm"", ""Longitud Potencia"": ""110mm"", ""Saddle Width"": ""143mm"", ""Longitud Tija Sillín"": ""360mm"", ""Stack"": ""627mm"", ""Reach"": ""404mm"", ""Longitud de Pipa"": ""218mm"", ""Ángulo de Pipa"": ""73.5°"", ""Altura Pedalier"": ""268.5mm"", ""Caída Pedalier"": ""73.5mm"", ""Avance Horquilla"": ""52mm"", ""Longitud Horquilla"": ""372mm"", ""Avance/Retroceso Horquilla"": ""47mm"", ""Delante Centro"": ""621mm"", ""Longitud de vaina"": ""410mm"", ""Distancia entre ejes"": ""1020mm"", ""Longitud Tubo Superior, Hrz."": ""584mm"", ""Bike Standover Height"": ""834mm"", ""Long. Tubo de Sillín"": ""570mm"", ""Ángulo de Tubo de Sillín"": ""74°""}",8499,false,https://www.specialized.com/es/es/aethos-2-pro-shimano-ultegra-di2/p/4279155,https://www.specialized.com/es/es/aethos-2-pro-shimano-ultegra-di2/p/4279155?color=5446312-4279155,html,2026-10-05
Specialized,Aethos 2 Pro - SRAM Force AXS [b910e174],Aethos 2 Expert - Shimano Ultegra Di2,,carretera,49,,49,,,,,522,373,"{""Longitud de biela"": ""165mm"", ""Ancho de manillar"": ""380mm"", ""Longitud Potencia"": ""80mm"", ""Saddle Width"": ""155mm"", ""Longitud Tija Sillín"": ""300mm"", ""Stack"": ""522mm"", ""Reach"": ""373mm"", ""Longitud de Pipa"": ""114mm"", ""Ángulo de Pipa"": ""71.4°"", ""Altura Pedalier"": ""265.5mm"", ""Caída Pedalier"": ""76.5mm"", ""Avance Horquilla"": ""62mm"", ""Longitud Horquilla"": ""372mm"", ""Avance/Retroceso Horquilla"": ""50mm"", ""Delante Centro"": ""581mm"", ""Longitud de vaina"": ""410mm"", ""Distancia entre ejes"": ""978mm"", ""Longitud Tubo Superior, Hrz."": ""508mm"", ""Bike Standover Height"": ""719mm"", ""Long. Tubo de Sillín"": ""450mm"", ""Ángulo de Tubo de Sillín"": ""75.5°""}",6299,false,https://www.specialized.com/es/es/aethos-2-expert-shimano-ultegra-di2/p/4294984,https://www.specialized.com/es/es/aethos-2-expert-shimano-ultegra-di2/p/4294984?color=5472523-4294984,html,2026-10-05
Specialized,Aethos 2 Pro - SRAM Force AXS [b910e174],Aethos 2 Expert - Shimano Ultegra Di2,,carretera,52,,52,,,,,538,377,"{""Longitud de biela"": ""165mm"", ""Ancho de manillar"": ""400mm"", ""Longitud Potencia"": ""90mm"", ""Saddle Width"": ""155mm"", ""Longitud Tija Sillín"": ""300mm"", ""Stack"": ""538mm"", ""Reach"": ""377mm"", ""Longitud de Pipa"": ""128mm"", ""Ángulo de Pipa"": ""72.1°"", ""Altura Pedalier"": ""265.5mm"", ""Caída Pedalier"": ""76.5mm"", ""Avance Horquilla"": ""58mm"", ""Longitud Horquilla"": ""372mm"", ""Avance/Retroceso Horquilla"": ""50mm"", ""Delante Centro"": ""584mm"", ""Longitud de vaina"": ""410mm"", ""Distancia entre ejes"": ""981mm"", ""Longitud Tubo Superior, Hrz."": ""526mm"", ""Bike Standover Height"": ""737mm"", ""Long. Tubo de Sillín"": ""470mm"", ""Ángulo de Tubo de Sillín"": ""74.5°""}",6299,false,https://www.specialized.com/es/es/aethos-2-expert-shimano-ultegra-di2/p/4294984,https://www.specialized.com/es/es/aethos-2-expert-shimano-ultegra-di2/p/4294984?color=5472523-4294984,html,2026-10-05
Specialized,Aethos 2 Pro - SRAM Force AXS [b910e174],Aethos 2 Expert - Shimano Ultegra Di2,,carretera,54,,54,,,,,559,384,"{""Longitud de biela"": ""170mm"", ""Ancho de manillar"": ""400mm"", ""Longitud Potencia"": ""100mm"", ""Saddle Width"": ""143mm"", ""Longitud Tija Sillín"": ""360mm"", ""Stack"": ""559mm"", ""Reach"": ""384mm"", ""Longitud de Pipa"": ""150mm"", ""Ángulo de Pipa"": ""72.5°"", ""Altura Pedalier"": ""267mm"", ""Caída Pedalier"": ""75mm"", ""Avance Horquilla"": ""55mm"", ""Longitud Horquilla"": ""372mm"", ""Avance/Retroceso Horquilla"": ""50mm"", ""Delante Centro"": ""594mm"", ""Longitud de vaina"": ""410mm"", ""Distancia entre ejes"": ""992mm"", ""Longitud Tubo Superior, Hrz."": ""544mm"", ""Bike Standover Height"": ""759mm"", ""Long. Tubo de Sillín"": ""490mm"", ""Ángulo de Tubo de Sillín"": ""74°""}",6299,false,https://www.specialized.com/es/es/aethos-2-expert-shimano-ultegra-di2/p/4294984,https://www.specialized.com/es/es/aethos-2-expert-shimano-ultegra-di2/p/4294984?color=5472523-4294984,html,2026-10-05
Specialized,Aethos 2 Pro - SRAM Force AXS [b910e174],Aethos 2 Expert - Shimano Ultegra Di2,,carretera,56,,56,,,,,580,391,"{""Longitud de biela"": ""170mm"", ""Ancho de manillar"": ""420mm"", ""Longitud Potencia"": ""100mm"", ""Saddle Width"": ""143mm"", ""Longitud Tija Sillín"": ""360mm"", ""Stack"": ""580mm"", ""Reach"": ""391mm"", ""Longitud de Pipa"": ""169mm"", ""Ángulo de Pipa"": ""73°"", ""Altura Pedalier"": ""267mm"", ""Caída Pedalier"": ""75mm"", ""Avance Horquilla"": ""55mm"", ""Longitud Horquilla"": ""372mm"", ""Avance/Retroceso Horquilla"": ""47mm"", ""Delante Centro"": ""599mm"", ""Longitud de vaina"": ""410mm"", ""Distancia entre ejes"": ""998mm"", ""Longitud Tubo Superior, Hrz."": ""557mm"", ""Bike Standover Height"": ""779mm"", ""Long. Tubo de Sillín"": ""510mm"", ""Ángulo de Tubo de Sillín"": ""74°""}",6299,false,https://www.specialized.com/es/es/aethos-2-expert-shimano-ultegra-di2/p/4294984,https://www.specialized.com/es/es/aethos-2-expert-shimano-ultegra-di2/p/4294984?color=5472523-4294984,html,2026-10-05
Specialized,Aethos 2 Pro - SRAM Force AXS [b910e174],Aethos 2 Expert - Shimano Ultegra Di2,,carretera,58,,58,,,,,606,398,"{""Longitud de biela"": ""172.5mm"", ""Ancho de manillar"": ""420mm"", ""Longitud Potencia"": ""110mm"", ""Saddle Width"": ""143mm"", ""Longitud Tija Sillín"": ""360mm"", ""Stack"": ""606mm"", ""Reach"": ""398mm"", ""Longitud de Pipa"": ""198mm"", ""Ángulo de Pipa"": ""73°"", ""Altura Pedalier"": ""268.5mm"", ""Caída Pedalier"": ""73.5mm"", ""Avance Horquilla"": ""55mm"", ""Longitud Horquilla"": ""372mm"", ""Avance/Retroceso Horquilla"": ""47mm"", ""Delante Centro"": ""614mm"", ""Longitud de vaina"": ""410mm"", ""Distancia entre ejes"": ""1013mm"", ""Longitud Tubo Superior, Hrz."": ""572mm"", ""Bike Standover Height"": ""805mm"", ""Long. Tubo de Sillín"": ""535mm"", ""Ángulo de Tubo de Sillín"": ""74°""}",6299,false,https://www.specialized.com/es/es/aethos-2-expert-shimano-ultegra-di2/p/4294984,https://www.specialized.com/es/es/aethos-2-expert-shimano-ultegra-di2/p/4294984?color=5472523-4294984,html,2026-10-05
Specialized,Aethos 2 Pro - SRAM Force AXS [b910e174],Aethos 2 Expert - Shimano Ultegra Di2,,carretera,61,,61,,,,,627,404,"{""Longitud de biela"": ""172.5mm"", ""Ancho de manillar"": ""440mm"", ""Longitud Potencia"": ""110mm"", ""Saddle Width"": ""143mm"", ""Longitud Tija Sillín"": ""360mm"", ""Stack"": ""627mm"", ""Reach"": ""404mm"", ""Longitud de Pipa"": ""218mm"", ""Ángulo de Pipa"": ""73.5°"", ""Altura Pedalier"": ""268.5mm"", ""Caída Pedalier"": ""73.5mm"", ""Avance Horquilla"": ""52mm"", ""Longitud Horquilla"": ""372mm"", ""Avance/Retroceso Horquilla"": ""47mm"", ""Delante Centro"": ""621mm"", ""Longitud de vaina"": ""410mm"", ""Distancia entre ejes"": ""1020mm"", ""Longitud Tubo Superior, Hrz."": ""584mm"", ""Bike Standover Height"": ""834mm"", ""Long. Tubo de Sillín"": ""570mm"", ""Ángulo de Tubo de Sillín"": ""74°""}",6299,false,https://www.specialized.com/es/es/aethos-2-expert-shimano-ultegra-di2/p/4294984,https://www.specialized.com/es/es/aethos-2-expert-shimano-ultegra-di2/p/4294984?color=5472523-4294984,html,2026-10-05
Specialized,Aethos 2 Pro - SRAM Force AXS [b910e174],Aethos 2 Expert: SRAM Force AXS,,carretera,49,,49,,,,,522,373,"{""Longitud de biela"": ""165mm"", ""Ancho de manillar"": ""380mm"", ""Longitud Potencia"": ""80mm"", ""Saddle Width"": ""155mm"", ""Longitud Tija Sillín"": ""300mm"", ""Stack"": ""522mm"", ""Reach"": ""373mm"", ""Longitud de Pipa"": ""114mm"", ""Ángulo de Pipa"": ""71.4°"", ""Altura Pedalier"": ""265.5mm"", ""Caída Pedalier"": ""76.5mm"", ""Avance Horquilla"": ""62mm"", ""Longitud Horquilla"": ""372mm"", ""Avance/Retroceso Horquilla"": ""50mm"", ""Delante Centro"": ""581mm"", ""Longitud de vaina"": ""410mm"", ""Distancia entre ejes"": ""978mm"", ""Longitud Tubo Superior, Hrz."": ""508mm"", ""Bike Standover Height"": ""719mm"", ""Long. Tubo de Sillín"": ""450mm"", ""Ángulo de Tubo de Sillín"": ""75.5°""}",6299,false,https://www.specialized.com/es/es/aethos-2-expert-sram-force-axs/p/4263244,https://www.specialized.com/es/es/aethos-2-expert-sram-force-axs/p/4263244?color=5472505-4263244,html,2026-10-05
Specialized,Aethos 2 Pro - SRAM Force AXS [b910e174],Aethos 2 Expert: SRAM Force AXS,,carretera,52,,52,,,,,538,377,"{""Longitud de biela"": ""165mm"", ""Ancho de manillar"": ""400mm"", ""Longitud Potencia"": ""90mm"", ""Saddle Width"": ""155mm"", ""Longitud Tija Sillín"": ""300mm"", ""Stack"": ""538mm"", ""Reach"": ""377mm"", ""Longitud de Pipa"": ""128mm"", ""Ángulo de Pipa"": ""72.1°"", ""Altura Pedalier"": ""265.5mm"", ""Caída Pedalier"": ""76.5mm"", ""Avance Horquilla"": ""58mm"", ""Longitud Horquilla"": ""372mm"", ""Avance/Retroceso Horquilla"": ""50mm"", ""Delante Centro"": ""584mm"", ""Longitud de vaina"": ""410mm"", ""Distancia entre ejes"": ""981mm"", ""Longitud Tubo Superior, Hrz."": ""526mm"", ""Bike Standover Height"": ""737mm"", ""Long. Tubo de Sillín"": ""470mm"", ""Ángulo de Tubo de Sillín"": ""74.5°""}",6299,false,https://www.specialized.com/es/es/aethos-2-expert-sram-force-axs/p/4263244,https://www.specialized.com/es/es/aethos-2-expert-sram-force-axs/p/4263244?color=5472505-4263244,html,2026-10-05
Specialized,Aethos 2 Pro - SRAM Force AXS [b910e174],Aethos 2 Expert: SRAM Force AXS,,carretera,54,,54,,,,,559,384,"{""Longitud de biela"": ""170mm"", ""Ancho de manillar"": ""400mm"", ""Longitud Potencia"": ""100mm"", ""Saddle Width"": ""143mm"", ""Longitud Tija Sillín"": ""360mm"", ""Stack"": ""559mm"", ""Reach"": ""384mm"", ""Longitud de Pipa"": ""150mm"", ""Ángulo de Pipa"": ""72.5°"", ""Altura Pedalier"": ""267mm"", ""Caída Pedalier"": ""75mm"", ""Avance Horquilla"": ""55mm"", ""Longitud Horquilla"": ""372mm"", ""Avance/Retroceso Horquilla"": ""50mm"", ""Delante Centro"": ""594mm"", ""Longitud de vaina"": ""410mm"", ""Distancia entre ejes"": ""992mm"", ""Longitud Tubo Superior, Hrz."": ""544mm"", ""Bike Standover Height"": ""759mm"", ""Long. Tubo de Sillín"": ""490mm"", ""Ángulo de Tubo de Sillín"": ""74°""}",6299,false,https://www.specialized.com/es/es/aethos-2-expert-sram-force-axs/p/4263244,https://www.specialized.com/es/es/aethos-2-expert-sram-force-axs/p/4263244?color=5472505-4263244,html,2026-10-05
Specialized,Aethos 2 Pro - SRAM Force AXS [b910e174],Aethos 2 Expert: SRAM Force AXS,,carretera,56,,56,,,,,580,391,"{""Longitud de biela"": ""170mm"", ""Ancho de manillar"": ""420mm"", ""Longitud Potencia"": ""100mm"", ""Saddle Width"": ""143mm"", ""Longitud Tija Sillín"": ""360mm"", ""Stack"": ""580mm"", ""Reach"": ""391mm"", ""Longitud de Pipa"": ""169mm"", ""Ángulo de Pipa"": ""73°"", ""Altura Pedalier"": ""267mm"", ""Caída Pedalier"": ""75mm"", ""Avance Horquilla"": ""55mm"", ""Longitud Horquilla"": ""372mm"", ""Avance/Retroceso Horquilla"": ""47mm"", ""Delante Centro"": ""599mm"", ""Longitud de vaina"": ""410mm"", ""Distancia entre ejes"": ""998mm"", ""Longitud Tubo Superior, Hrz."": ""557mm"", ""Bike Standover Height"": ""779mm"", ""Long. Tubo de Sillín"": ""510mm"", ""Ángulo de Tubo de Sillín"": ""74°""}",6299,false,https://www.specialized.com/es/es/aethos-2-expert-sram-force-axs/p/4263244,https://www.specialized.com/es/es/aethos-2-expert-sram-force-axs/p/4263244?color=5472505-4263244,html,2026-10-05
Specialized,Aethos 2 Pro - SRAM Force AXS [b910e174],Aethos 2 Expert: SRAM Force AXS,,carretera,58,,58,,,,,606,398,"{""Longitud de biela"": ""172.5mm"", ""Ancho de manillar"": ""420mm"", ""Longitud Potencia"": ""110mm"", ""Saddle Width"": ""143mm"", ""Longitud Tija Sillín"": ""360mm"", ""Stack"": ""606mm"", ""Reach"": ""398mm"", ""Longitud de Pipa"": ""198mm"", ""Ángulo de Pipa"": ""73°"", ""Altura Pedalier"": ""268.5mm"", ""Caída Pedalier"": ""73.5mm"", ""Avance Horquilla"": ""55mm"", ""Longitud Horquilla"": ""372mm"", ""Avance/Retroceso Horquilla"": ""47mm"", ""Delante Centro"": ""614mm"", ""Longitud de vaina"": ""410mm"", ""Distancia entre ejes"": ""1013mm"", ""Longitud Tubo Superior, Hrz."": ""572mm"", ""Bike Standover Height"": ""805mm"", ""Long. Tubo de Sillín"": ""535mm"", ""Ángulo de Tubo de Sillín"": ""74°""}",6299,false,https://www.specialized.com/es/es/aethos-2-expert-sram-force-axs/p/4263244,https://www.specialized.com/es/es/aethos-2-expert-sram-force-axs/p/4263244?color=5472505-4263244,html,2026-10-05
Specialized,Aethos 2 Pro - SRAM Force AXS [b910e174],Aethos 2 Expert: SRAM Force AXS,,carretera,61,,61,,,,,627,404,"{""Longitud de biela"": ""172.5mm"", ""Ancho de manillar"": ""440mm"", ""Longitud Potencia"": ""110mm"", ""Saddle Width"": ""143mm"", ""Longitud Tija Sillín"": ""360mm"", ""Stack"": ""627mm"", ""Reach"": ""404mm"", ""Longitud de Pipa"": ""218mm"", ""Ángulo de Pipa"": ""73.5°"", ""Altura Pedalier"": ""268.5mm"", ""Caída Pedalier"": ""73.5mm"", ""Avance Horquilla"": ""52mm"", ""Longitud Horquilla"": ""372mm"", ""Avance/Retroceso Horquilla"": ""47mm"", ""Delante Centro"": ""621mm"", ""Longitud de vaina"": ""410mm"", ""Distancia entre ejes"": ""1020mm"", ""Longitud Tubo Superior, Hrz."": ""584mm"", ""Bike Standover Height"": ""834mm"", ""Long. Tubo de Sillín"": ""570mm"", ""Ángulo de Tubo de Sillín"": ""74°""}",6299,false,https://www.specialized.com/es/es/aethos-2-expert-sram-force-axs/p/4263244,https://www.specialized.com/es/es/aethos-2-expert-sram-force-axs/p/4263244?color=5472505-4263244,html,2026-10-05
Specialized,S-Works Aethos – Campagnolo LTD [7da9c890],S-Works Aethos – Campagnolo LTD,,carretera,49,,49,,,,,514,375,"{""Longitud de biela"": ""170mm"", ""Ancho de manillar"": ""380mm"", ""Longitud Potencia"": ""80mm"", ""Saddle Width"": ""155mm"", ""Longitud Tija Sillín"": ""300mm"", ""Distancia entre ejes"": ""973mm"", ""Longitud Tubo Superior, Hrz."": ""508mm"", ""Bike Standover Height"": ""705mm"", ""Long. Tubo de Sillín"": ""431mm"", ""Ángulo de Tubo de Sillín"": ""75.5°"", ""Stack"": ""514mm"", ""Reach"": ""375mm"", ""Longitud de Pipa"": ""109mm"", ""Ángulo de Pipa"": ""71.75°"", ""Altura Pedalier"": ""266mm"", ""Caída Pedalier"": ""74mm"", ""Avance Horquilla"": ""63mm"", ""Longitud Horquilla"": ""369mm"", ""Avance/Retroceso Horquilla"": ""47mm"", ""Delante Centro"": ""574mm"", ""Longitud de vaina"": ""410mm""}",10499,false,https://www.specialized.com/es/es/s-works-aethos--campagnolo-ltd/p/205572,https://www.specialized.com/es/es/s-works-aethos--campagnolo-ltd/p/205572?color=335142-205572,html,2026-10-05
Specialized,S-Works Aethos – Campagnolo LTD [7da9c890],S-Works Aethos – Campagnolo LTD,,carretera,52,,52,,,,,527,380,"{""Longitud de biela"": ""170mm"", ""Ancho de manillar"": ""400mm"", ""Longitud Potencia"": ""90mm"", ""Saddle Width"": ""155mm"", ""Longitud Tija Sillín"": ""300mm"", ""Distancia entre ejes"": ""975mm"", ""Longitud Tubo Superior, Hrz."": ""531mm"", ""Bike Standover Height"": ""728mm"", ""Long. Tubo de Sillín"": ""462mm"", ""Ángulo de Tubo de Sillín"": ""74°"", ""Stack"": ""527mm"", ""Reach"": ""380mm"", ""Longitud de Pipa"": ""120mm"", ""Ángulo de Pipa"": ""72.5°"", ""Altura Pedalier"": ""266mm"", ""Caída Pedalier"": ""74mm"", ""Avance Horquilla"": ""58mm"", ""Longitud Horquilla"": ""369mm"", ""Avance/Retroceso Horquilla"": ""47mm"", ""Delante Centro"": ""577mm"", ""Longitud de vaina"": ""410mm""}",10499,false,https://www.specialized.com/es/es/s-works-aethos--campagnolo-ltd/p/205572,https://www.specialized.com/es/es/s-works-aethos--campagnolo-ltd/p/205572?color=335142-205572,html,2026-10-05
Specialized,S-Works Aethos – Campagnolo LTD [7da9c890],S-Works Aethos – Campagnolo LTD,,carretera,54,,54,,,,,544,384,"{""Longitud de biela"": ""172.5mm"", ""Ancho de manillar"": ""420mm"", ""Longitud Potencia"": ""100mm"", ""Saddle Width"": ""143mm"", ""Longitud Tija Sillín"": ""360mm"", ""Distancia entre ejes"": ""978mm"", ""Longitud Tubo Superior, Hrz."": ""540mm"", ""Bike Standover Height"": ""748mm"", ""Long. Tubo de Sillín"": ""481mm"", ""Ángulo de Tubo de Sillín"": ""74°"", ""Stack"": ""544mm"", ""Reach"": ""384mm"", ""Longitud de Pipa"": ""137mm"", ""Ángulo de Pipa"": ""73°"", ""Altura Pedalier"": ""268mm"", ""Caída Pedalier"": ""72mm"", ""Avance Horquilla"": ""58mm"", ""Longitud Horquilla"": ""369mm"", ""Avance/Retroceso Horquilla"": ""44mm"", ""Delante Centro"": ""579mm"", ""Longitud de vaina"": ""410mm""}",10499,false,https://www.specialized.com/es/es/s-works-aethos--campagnolo-ltd/p/205572,https://www.specialized.com/es/es/s-works-aethos--campagnolo-ltd/p/205572?color=335142-205572,html,2026-10-05
Specialized,S-Works Aethos – Campagnolo LTD [7da9c890],S-Works Aethos – Campagnolo LTD,,carretera,56,,56,,,,,565,395,"{""Longitud de biela"": ""172.5mm"", ""Ancho de manillar"": ""420mm"", ""Longitud Potencia"": ""100mm"", ""Saddle Width"": ""143mm"", ""Longitud Tija Sillín"": ""360mm"", ""Distancia entre ejes"": ""991mm"", ""Longitud Tubo Superior, Hrz."": ""562mm"", ""Bike Standover Height"": ""769mm"", ""Long. Tubo de Sillín"": ""504mm"", ""Ángulo de Tubo de Sillín"": ""73.5°"", ""Stack"": ""565mm"", ""Reach"": ""395mm"", ""Longitud de Pipa"": ""157mm"", ""Ángulo de Pipa"": ""73.5°"", ""Altura Pedalier"": ""268mm"", ""Caída Pedalier"": ""72mm"", ""Avance Horquilla"": ""55mm"", ""Longitud Horquilla"": ""369mm"", ""Avance/Retroceso Horquilla"": ""44mm"", ""Delante Centro"": ""591mm"", ""Longitud de vaina"": ""410mm""}",10499,false,https://www.specialized.com/es/es/s-works-aethos--campagnolo-ltd/p/205572,https://www.specialized.com/es/es/s-works-aethos--campagnolo-ltd/p/205572?color=335142-205572,html,2026-10-05
Specialized,S-Works Aethos – Campagnolo LTD [7da9c890],S-Works Aethos – Campagnolo LTD,,carretera,58,,58,,,,,591,402,"{""Longitud de biela"": ""175mm"", ""Ancho de manillar"": ""440mm"", ""Longitud Potencia"": ""110mm"", ""Saddle Width"": ""143mm"", ""Longitud Tija Sillín"": ""360mm"", ""Distancia entre ejes"": ""1005mm"", ""Longitud Tubo Superior, Hrz."": ""577mm"", ""Bike Standover Height"": ""796mm"", ""Long. Tubo de Sillín"": ""532mm"", ""Ángulo de Tubo de Sillín"": ""73.5°"", ""Stack"": ""591mm"", ""Reach"": ""402mm"", ""Longitud de Pipa"": ""184mm"", ""Ángulo de Pipa"": ""73.5°"", ""Altura Pedalier"": ""268mm"", ""Caída Pedalier"": ""72mm"", ""Avance Horquilla"": ""55mm"", ""Longitud Horquilla"": ""369mm"", ""Avance/Retroceso Horquilla"": ""44mm"", ""Delante Centro"": ""606mm"", ""Longitud de vaina"": ""410mm""}",10499,false,https://www.specialized.com/es/es/s-works-aethos--campagnolo-ltd/p/205572,https://www.specialized.com/es/es/s-works-aethos--campagnolo-ltd/p/205572?color=335142-205572,html,2026-10-05
Specialized,S-Works Aethos – Campagnolo LTD [7da9c890],S-Works Aethos – Campagnolo LTD,,carretera,61,,61,,,,,612,408,"{""Longitud de biela"": ""175mm"", ""Ancho de manillar"": ""440mm"", ""Longitud Potencia"": ""110mm"", ""Saddle Width"": ""143mm"", ""Longitud Tija Sillín"": ""360mm"", ""Distancia entre ejes"": ""1012mm"", ""Longitud Tubo Superior, Hrz."": ""595mm"", ""Bike Standover Height"": ""824mm"", ""Long. Tubo de Sillín"": ""567mm"", ""Ángulo de Tubo de Sillín"": ""73°"", ""Stack"": ""612mm"", ""Reach"": ""408mm"", ""Longitud de Pipa"": ""204mm"", ""Ángulo de Pipa"": ""74°"", ""Altura Pedalier"": ""268mm"", ""Caída Pedalier"": ""72mm"", ""Avance Horquilla"": ""52mm"", ""Longitud Horquilla"": ""369mm"", ""Avance/Retroceso Horquilla"": ""44mm"", ""Delante Centro"": ""613mm"", ""Longitud de vaina"": ""410mm""}",10499,false,https://www.specialized.com/es/es/s-works-aethos--campagnolo-ltd/p/205572,https://www.specialized.com/es/es/s-works-aethos--campagnolo-ltd/p/205572?color=335142-205572,html,2026-10-05
Specialized,Allez Sprint Comp [fe468fa9],Allez Sprint Comp,,carretera,49,,49,,,,,508,378,"{""Longitud de biela"": ""165mm"", ""Ancho de manillar"": ""380mm"", ""Longitud Potencia"": ""80mm"", ""Saddle Width"": ""155mm"", ""Longitud Tija Sillín"": ""300mm"", ""Reach"": ""378mm"", ""Caída Pedalier"": ""74mm"", ""Avance Horquilla"": ""63mm"", ""Ángulo de Pipa"": ""71.75°"", ""Altura Pedalier"": ""266mm"", ""Longitud de vaina"": ""410mm"", ""Distancia entre ejes"": ""974mm"", ""Long. Tubo de Sillín"": ""470mm"", ""Avance/Retroceso Horquilla"": ""47mm"", ""Delante Centro"": ""575mm"", ""Stack"": ""508mm"", ""Longitud Horquilla"": ""366mm"", ""Bike Standover Height"": ""735mm"", ""Longitud de Pipa"": ""105mm"", ""Longitud Tubo Superior, Hrz."": ""509mm"", ""Ángulo de Tubo de Sillín"": ""75.5°""}",2499,false,https://www.specialized.com/es/es/allez-sprint-comp/p/4221550,https://www.specialized.com/es/es/allez-sprint-comp/p/4221550?color=5428722-4221550,html,2026-10-05
Specialized,Allez Sprint Comp [fe468fa9],Allez Sprint Comp,,carretera,52,,52,,,,,520,383,"{""Longitud de biela"": ""170mm"", ""Ancho de manillar"": ""400mm"", ""Longitud Potencia"": ""90mm"", ""Saddle Width"": ""155mm"", ""Longitud Tija Sillín"": ""300mm"", ""Reach"": ""383mm"", ""Caída Pedalier"": ""74mm"", ""Avance Horquilla"": ""58mm"", ""Ángulo de Pipa"": ""72.5°"", ""Altura Pedalier"": ""266mm"", ""Longitud de vaina"": ""410mm"", ""Distancia entre ejes"": ""976mm"", ""Long. Tubo de Sillín"": ""495mm"", ""Avance/Retroceso Horquilla"": ""47mm"", ""Delante Centro"": ""578mm"", ""Stack"": ""520mm"", ""Longitud Horquilla"": ""366mm"", ""Bike Standover Height"": ""755mm"", ""Longitud de Pipa"": ""115mm"", ""Longitud Tubo Superior, Hrz."": ""532mm"", ""Ángulo de Tubo de Sillín"": ""74°""}",2499,false,https://www.specialized.com/es/es/allez-sprint-comp/p/4221550,https://www.specialized.com/es/es/allez-sprint-comp/p/4221550?color=5428722-4221550,html,2026-10-05
Specialized,Allez Sprint Comp [fe468fa9],Allez Sprint Comp,,carretera,54,,54,,,,,537,387,"{""Longitud de biela"": ""172.5mm"", ""Ancho de manillar"": ""420mm"", ""Longitud Potencia"": ""100mm"", ""Saddle Width"": ""143mm"", ""Longitud Tija Sillín"": ""300mm"", ""Reach"": ""387mm"", ""Caída Pedalier"": ""72mm"", ""Avance Horquilla"": ""58mm"", ""Ángulo de Pipa"": ""73°"", ""Altura Pedalier"": ""268mm"", ""Longitud de vaina"": ""410mm"", ""Distancia entre ejes"": ""979mm"", ""Long. Tubo de Sillín"": ""510mm"", ""Avance/Retroceso Horquilla"": ""44mm"", ""Delante Centro"": ""580mm"", ""Stack"": ""537mm"", ""Longitud Horquilla"": ""366mm"", ""Bike Standover Height"": ""765mm"", ""Longitud de Pipa"": ""133mm"", ""Longitud Tubo Superior, Hrz."": ""541mm"", ""Ángulo de Tubo de Sillín"": ""74°""}",2499,false,https://www.specialized.com/es/es/allez-sprint-comp/p/4221550,https://www.specialized.com/es/es/allez-sprint-comp/p/4221550?color=5428722-4221550,html,2026-10-05
Specialized,Allez Sprint Comp [fe468fa9],Allez Sprint Comp,,carretera,56,,56,,,,,558,398,"{""Longitud de biela"": ""172.5mm"", ""Ancho de manillar"": ""420mm"", ""Longitud Potencia"": ""100mm"", ""Saddle Width"": ""143mm"", ""Longitud Tija Sillín"": ""300mm"", ""Reach"": ""398mm"", ""Caída Pedalier"": ""72mm"", ""Avance Horquilla"": ""55mm"", ""Ángulo de Pipa"": ""73.5°"", ""Altura Pedalier"": ""268mm"", ""Longitud de vaina"": ""410mm"", ""Distancia entre ejes"": ""992mm"", ""Long. Tubo de Sillín"": ""530mm"", ""Avance/Retroceso Horquilla"": ""44mm"", ""Delante Centro"": ""592mm"", ""Stack"": ""558mm"", ""Longitud Horquilla"": ""366mm"", ""Bike Standover Height"": ""795mm"", ""Longitud de Pipa"": ""153mm"", ""Longitud Tubo Superior, Hrz."": ""563mm"", ""Ángulo de Tubo de Sillín"": ""73.5°""}",2499,false,https://www.specialized.com/es/es/allez-sprint-comp/p/4221550,https://www.specialized.com/es/es/allez-sprint-comp/p/4221550?color=5428722-4221550,html,2026-10-05
Specialized,Allez Sprint Comp [fe468fa9],Allez Sprint Comp,,carretera,58,,58,,,,,584,405,"{""Longitud de biela"": ""175mm"", ""Ancho de manillar"": ""440mm"", ""Longitud Potencia"": ""110mm"", ""Saddle Width"": ""143mm"", ""Longitud Tija Sillín"": ""380mm"", ""Reach"": ""405mm"", ""Caída Pedalier"": ""72mm"", ""Avance Horquilla"": ""55mm"", ""Ángulo de Pipa"": ""73.5°"", ""Altura Pedalier"": ""268mm"", ""Longitud de vaina"": ""410mm"", ""Distancia entre ejes"": ""1006mm"", ""Long. Tubo de Sillín"": ""550mm"", ""Avance/Retroceso Horquilla"": ""44mm"", ""Delante Centro"": ""607mm"", ""Stack"": ""584mm"", ""Longitud Horquilla"": ""366mm"", ""Bike Standover Height"": ""815mm"", ""Longitud de Pipa"": ""180mm"", ""Longitud Tubo Superior, Hrz."": ""578mm"", ""Ángulo de Tubo de Sillín"": ""73.5°""}",2499,false,https://www.specialized.com/es/es/allez-sprint-comp/p/4221550,https://www.specialized.com/es/es/allez-sprint-comp/p/4221550?color=5428722-4221550,html,2026-10-05
Specialized,Allez Sprint Comp [fe468fa9],Allez Sprint Comp,,carretera,61,,61,,,,,605,411,"{""Longitud de biela"": ""175mm"", ""Ancho de manillar"": ""440mm"", ""Longitud Potencia"": ""110mm"", ""Saddle Width"": ""143mm"", ""Longitud Tija Sillín"": ""380mm"", ""Reach"": ""411mm"", ""Caída Pedalier"": ""72mm"", ""Avance Horquilla"": ""52mm"", ""Ángulo de Pipa"": ""74°"", ""Altura Pedalier"": ""268mm"", ""Longitud de vaina"": ""410mm"", ""Distancia entre ejes"": ""1013mm"", ""Long. Tubo de Sillín"": ""570mm"", ""Avance/Retroceso Horquilla"": ""44mm"", ""Delante Centro"": ""614mm"", ""Stack"": ""605mm"", ""Longitud Horquilla"": ""366mm"", ""Bike Standover Height"": ""835mm"", ""Longitud de Pipa"": ""200mm"", ""Longitud Tubo Superior, Hrz."": ""596mm"", ""Ángulo de Tubo de Sillín"": ""73°""}",2499,false,https://www.specialized.com/es/es/allez-sprint-comp/p/4221550,https://www.specialized.com/es/es/allez-sprint-comp/p/4221550?color=5428722-4221550,html,2026-10-05
Specialized,Allez [8c126cca],Allez Comp,,carretera,44,,44,,,,,519,356,"{""Longitud de biela"": ""165mm"", ""Ancho de manillar"": ""360mm"", ""Longitud Potencia"": ""70mm"", ""Saddle Width"": ""155mm"", ""Longitud Tija Sillín"": ""300mm"", ""Stack"": ""519mm"", ""Reach"": ""356mm"", ""Longitud de Pipa"": ""110mm"", ""Ángulo de Pipa"": ""69.5°"", ""Altura Pedalier"": ""273mm"", ""Caída Pedalier"": ""77mm"", ""Avance Horquilla"": ""74mm"", ""Longitud Horquilla"": ""378mm"", ""Avance/Retroceso Horquilla"": ""47mm"", ""Delante Centro"": ""576mm"", ""Longitud de vaina"": ""420mm"", ""Distancia entre ejes"": ""984mm"", ""Longitud Tubo Superior, Hrz."": ""493mm"", ""Bike Standover Height"": ""715mm"", ""Long. Tubo de Sillín"": ""430mm"", ""Ángulo de Tubo de Sillín"": ""75.25°""}",1999,false,https://www.specialized.com/es/es/allez-comp/p/4221810,https://www.specialized.com/es/es/allez-comp/p/4221810?color=5444471-4221810,html,2026-10-05
Specialized,Allez [8c126cca],Allez Comp,,carretera,49,,49,,,,,536,359,"{""Longitud de biela"": ""165mm"", ""Ancho de manillar"": ""380mm"", ""Longitud Potencia"": ""80mm"", ""Saddle Width"": ""155mm"", ""Longitud Tija Sillín"": ""300mm"", ""Stack"": ""536mm"", ""Reach"": ""359mm"", ""Longitud de Pipa"": ""125mm"", ""Ángulo de Pipa"": ""70.5°"", ""Altura Pedalier"": ""273mm"", ""Caída Pedalier"": ""77mm"", ""Avance Horquilla"": ""71mm"", ""Longitud Horquilla"": ""378mm"", ""Avance/Retroceso Horquilla"": ""47mm"", ""Delante Centro"": ""577mm"", ""Longitud de vaina"": ""420mm"", ""Distancia entre ejes"": ""984mm"", ""Longitud Tubo Superior, Hrz."": ""500mm"", ""Bike Standover Height"": ""739mm"", ""Long. Tubo de Sillín"": ""460mm"", ""Ángulo de Tubo de Sillín"": ""75.25°""}",1999,false,https://www.specialized.com/es/es/allez-comp/p/4221810,https://www.specialized.com/es/es/allez-comp/p/4221810?color=5444471-4221810,html,2026-10-05
Specialized,Allez [8c126cca],Allez Comp,,carretera,52,,52,,,,,552,364,"{""Longitud de biela"": ""170mm"", ""Ancho de manillar"": ""400mm"", ""Longitud Potencia"": ""90mm"", ""Saddle Width"": ""155mm"", ""Longitud Tija Sillín"": ""350mm"", ""Stack"": ""552mm"", ""Reach"": ""364mm"", ""Longitud de Pipa"": ""140mm"", ""Ángulo de Pipa"": ""71°"", ""Altura Pedalier"": ""273mm"", ""Caída Pedalier"": ""77mm"", ""Avance Horquilla"": ""64mm"", ""Longitud Horquilla"": ""378mm"", ""Avance/Retroceso Horquilla"": ""47mm"", ""Delante Centro"": ""583mm"", ""Longitud de vaina"": ""425mm"", ""Distancia entre ejes"": ""995mm"", ""Longitud Tubo Superior, Hrz."": ""530mm"", ""Bike Standover Height"": ""761mm"", ""Long. Tubo de Sillín"": ""490mm"", ""Ángulo de Tubo de Sillín"": ""73.25°""}",1999,false,https://www.specialized.com/es/es/allez-comp/p/4221810,https://www.specialized.com/es/es/allez-comp/p/4221810?color=5444471-4221810,html,2026-10-05
Specialized,Allez [8c126cca],Allez Comp,,carretera,54,,54,,,,,569,370,"{""Longitud de biela"": ""172.5mm"", ""Ancho de manillar"": ""420mm"", ""Longitud Potencia"": ""100mm"", ""Saddle Width"": ""143mm"", ""Longitud Tija Sillín"": ""350mm"", ""Stack"": ""569mm"", ""Reach"": ""370mm"", ""Longitud de Pipa"": ""155mm"", ""Ángulo de Pipa"": ""72°"", ""Altura Pedalier"": ""274mm"", ""Caída Pedalier"": ""76mm"", ""Avance Horquilla"": ""61mm"", ""Longitud Horquilla"": ""378mm"", ""Avance/Retroceso Horquilla"": ""47mm"", ""Delante Centro"": ""585mm"", ""Longitud de vaina"": ""425mm"", ""Distancia entre ejes"": ""998mm"", ""Longitud Tubo Superior, Hrz."": ""541mm"", ""Bike Standover Height"": ""781mm"", ""Long. Tubo de Sillín"": ""510mm"", ""Ángulo de Tubo de Sillín"": ""73.25°""}",1999,false,https://www.specialized.com/es/es/allez-comp/p/4221810,https://www.specialized.com/es/es/allez-comp/p/4221810?color=5444471-4221810,html,2026-10-05
Specialized,Allez [8c126cca],Allez Comp,,carretera,56,,56,,,,,590,378,"{""Longitud de biela"": ""172.5mm"", ""Ancho de manillar"": ""420mm"", ""Longitud Potencia"": ""100mm"", ""Saddle Width"": ""143mm"", ""Longitud Tija Sillín"": ""350mm"", ""Stack"": ""590mm"", ""Reach"": ""378mm"", ""Longitud de Pipa"": ""175mm"", ""Ángulo de Pipa"": ""72.5°"", ""Altura Pedalier"": ""274mm"", ""Caída Pedalier"": ""76mm"", ""Avance Horquilla"": ""58mm"", ""Longitud Horquilla"": ""378mm"", ""Avance/Retroceso Horquilla"": ""47mm"", ""Delante Centro"": ""594mm"", ""Longitud de vaina"": ""425mm"", ""Distancia entre ejes"": ""1008mm"", ""Longitud Tubo Superior, Hrz."": ""556mm"", ""Bike Standover Height"": ""801mm"", ""Long. Tubo de Sillín"": ""530mm"", ""Ángulo de Tubo de Sillín"": ""73.25°""}",1999,false,https://www.specialized.com/es/es/allez-comp/p/4221810,https://www.specialized.com/es/es/allez-comp/p/4221810?color=5444471-4221810,html,2026-10-05
Specialized,Allez [8c126cca],Allez Comp,,carretera,58,,58,,,,,610,386,"{""Longitud de biela"": ""175mm"", ""Ancho de manillar"": ""440mm"", ""Longitud Potencia"": ""110mm"", ""Saddle Width"": ""143mm"", ""Longitud Tija Sillín"": ""350mm"", ""Stack"": ""610mm"", ""Reach"": ""386mm"", ""Longitud de Pipa"": ""195mm"", ""Ángulo de Pipa"": ""73°"", ""Altura Pedalier"": ""275.5mm"", ""Caída Pedalier"": ""74.5mm"", ""Avance Horquilla"": ""58mm"", ""Longitud Horquilla"": ""378mm"", ""Avance/Retroceso Horquilla"": ""47mm"", ""Delante Centro"": ""603mm"", ""Longitud de vaina"": ""425mm"", ""Distancia entre ejes"": ""1017mm"", ""Longitud Tubo Superior, Hrz."": ""569mm"", ""Bike Standover Height"": ""821mm"", ""Long. Tubo de Sillín"": ""550mm"", ""Ángulo de Tubo de Sillín"": ""73.25°""}",1999,false,https://www.specialized.com/es/es/allez-comp/p/4221810,https://www.specialized.com/es/es/allez-comp/p/4221810?color=5444471-4221810,html,2026-10-05
Specialized,Allez [8c126cca],Allez Comp,,carretera,61,,61,,,,,643,392,"{""Longitud de biela"": ""175mm"", ""Ancho de manillar"": ""440mm"", ""Longitud Potencia"": ""110mm"", ""Saddle Width"": ""143mm"", ""Longitud Tija Sillín"": ""350mm"", ""Stack"": ""643mm"", ""Reach"": ""392mm"", ""Longitud de Pipa"": ""230mm"", ""Ángulo de Pipa"": ""73°"", ""Altura Pedalier"": ""275.5mm"", ""Caída Pedalier"": ""74.5mm"", ""Avance Horquilla"": ""81mm"", ""Longitud Horquilla"": ""378mm"", ""Avance/Retroceso Horquilla"": ""47mm"", ""Delante Centro"": ""619mm"", ""Longitud de vaina"": ""425mm"", ""Distancia entre ejes"": ""1033mm"", ""Longitud Tubo Superior, Hrz."": ""586mm"", ""Bike Standover Height"": ""852mm"", ""Long. Tubo de Sillín"": ""580mm"", ""Ángulo de Tubo de Sillín"": ""73.25°""}",1999,false,https://www.specialized.com/es/es/allez-comp/p/4221810,https://www.specialized.com/es/es/allez-comp/p/4221810?color=5444471-4221810,html,2026-10-05
Specialized,Allez [8c126cca],Allez,,carretera,44,,44,,,,,519,356,"{""Longitud de biela"": ""165mm"", ""Ancho de manillar"": ""360mm"", ""Longitud Potencia"": ""70mm"", ""Saddle Width"": ""155mm"", ""Longitud Tija Sillín"": ""300mm"", ""Stack"": ""519mm"", ""Reach"": ""356mm"", ""Longitud de Pipa"": ""110mm"", ""Ángulo de Pipa"": ""69.5°"", ""Altura Pedalier"": ""273mm"", ""Caída Pedalier"": ""77mm"", ""Avance Horquilla"": ""74mm"", ""Longitud Horquilla"": ""378mm"", ""Avance/Retroceso Horquilla"": ""47mm"", ""Delante Centro"": ""576mm"", ""Longitud de vaina"": ""420mm"", ""Distancia entre ejes"": ""984mm"", ""Longitud Tubo Superior, Hrz."": ""493mm"", ""Bike Standover Height"": ""715mm"", ""Long. Tubo de Sillín"": ""430mm"", ""Ángulo de Tubo de Sillín"": ""75.25°""}",1499,false,https://www.specialized.com/es/es/allez/p/4221808,https://www.specialized.com/es/es/allez/p/4221808?color=5444474-4221808,html,2026-10-05
Specialized,Allez [8c126cca],Allez,,carretera,49,,49,,,,,536,359,"{""Longitud de biela"": ""165mm"", ""Ancho de manillar"": ""380mm"", ""Longitud Potencia"": ""80mm"", ""Saddle Width"": ""155mm"", ""Longitud Tija Sillín"": ""300mm"", ""Stack"": ""536mm"", ""Reach"": ""359mm"", ""Longitud de Pipa"": ""125mm"", ""Ángulo de Pipa"": ""70.5°"", ""Altura Pedalier"": ""273mm"", ""Caída Pedalier"": ""77mm"", ""Avance Horquilla"": ""71mm"", ""Longitud Horquilla"": ""378mm"", ""Avance/Retroceso Horquilla"": ""47mm"", ""Delante Centro"": ""577mm"", ""Longitud de vaina"": ""420mm"", ""Distancia entre ejes"": ""984mm"", ""Longitud Tubo Superior, Hrz."": ""500mm"", ""Bike Standover Height"": ""739mm"", ""Long. Tubo de Sillín"": ""460mm"", ""Ángulo de Tubo de Sillín"": ""75.25°""}",1499,false,https://www.specialized.com/es/es/allez/p/4221808,https://www.specialized.com/es/es/allez/p/4221808?color=5444474-4221808,html,2026-10-05
Specialized,Allez [8c126cca],Allez,,carretera,52,,52,,,,,552,364,"{""Longitud de biela"": ""170mm"", ""Ancho de manillar"": ""400mm"", ""Longitud Potencia"": ""90mm"", ""Saddle Width"": ""155mm"", ""Longitud Tija Sillín"": ""350mm"", ""Stack"": ""552mm"", ""Reach"": ""364mm"", ""Longitud de Pipa"": ""140mm"", ""Ángulo de Pipa"": ""71°"", ""Altura Pedalier"": ""273mm"", ""Caída Pedalier"": ""77mm"", ""Avance Horquilla"": ""64mm"", ""Longitud Horquilla"": ""378mm"", ""Avance/Retroceso Horquilla"": ""47mm"", ""Delante Centro"": ""583mm"", ""Longitud de vaina"": ""425mm"", ""Distancia entre ejes"": ""995mm"", ""Longitud Tubo Superior, Hrz."": ""530mm"", ""Bike Standover Height"": ""761mm"", ""Long. Tubo de Sillín"": ""490mm"", ""Ángulo de Tubo de Sillín"": ""73.25°""}",1499,false,https://www.specialized.com/es/es/allez/p/4221808,https://www.specialized.com/es/es/allez/p/4221808?color=5444474-4221808,html,2026-10-05
Specialized,Allez [8c126cca],Allez,,carretera,54,,54,,,,,569,370,"{""Longitud de biela"": ""172.5mm"", ""Ancho de manillar"": ""420mm"", ""Longitud Potencia"": ""100mm"", ""Saddle Width"": ""143mm"", ""Longitud Tija Sillín"": ""350mm"", ""Stack"": ""569mm"", ""Reach"": ""370mm"", ""Longitud de Pipa"": ""155mm"", ""Ángulo de Pipa"": ""72°"", ""Altura Pedalier"": ""274mm"", ""Caída Pedalier"": ""76mm"", ""Avance Horquilla"": ""61mm"", ""Longitud Horquilla"": ""378mm"", ""Avance/Retroceso Horquilla"": ""47mm"", ""Delante Centro"": ""585mm"", ""Longitud de vaina"": ""425mm"", ""Distancia entre ejes"": ""998mm"", ""Longitud Tubo Superior, Hrz."": ""541mm"", ""Bike Standover Height"": ""781mm"", ""Long. Tubo de Sillín"": ""510mm"", ""Ángulo de Tubo de Sillín"": ""73.25°""}",1499,false,https://www.specialized.com/es/es/allez/p/4221808,https://www.specialized.com/es/es/allez/p/4221808?color=5444474-4221808,html,2026-10-05
Specialized,Allez [8c126cca],Allez,,carretera,56,,56,,,,,590,378,"{""Longitud de biela"": ""172.5mm"", ""Ancho de manillar"": ""420mm"", ""Longitud Potencia"": ""100mm"", ""Saddle Width"": ""143mm"", ""Longitud Tija Sillín"": ""350mm"", ""Stack"": ""590mm"", ""Reach"": ""378mm"", ""Longitud de Pipa"": ""175mm"", ""Ángulo de Pipa"": ""72.5°"", ""Altura Pedalier"": ""274mm"", ""Caída Pedalier"": ""76mm"", ""Avance Horquilla"": ""58mm"", ""Longitud Horquilla"": ""378mm"", ""Avance/Retroceso Horquilla"": ""47mm"", ""Delante Centro"": ""594mm"", ""Longitud de vaina"": ""425mm"", ""Distancia entre ejes"": ""1008mm"", ""Longitud Tubo Superior, Hrz."": ""556mm"", ""Bike Standover Height"": ""801mm"", ""Long. Tubo de Sillín"": ""530mm"", ""Ángulo de Tubo de Sillín"": ""73.25°""}",1499,false,https://www.specialized.com/es/es/allez/p/4221808,https://www.specialized.com/es/es/allez/p/4221808?color=5444474-4221808,html,2026-10-05
Specialized,Allez [8c126cca],Allez,,carretera,58,,58,,,,,610,386,"{""Longitud de biela"": ""175mm"", ""Ancho de manillar"": ""440mm"", ""Longitud Potencia"": ""110mm"", ""Saddle Width"": ""143mm"", ""Longitud Tija Sillín"": ""350mm"", ""Stack"": ""610mm"", ""Reach"": ""386mm"", ""Longitud de Pipa"": ""195mm"", ""Ángulo de Pipa"": ""73°"", ""Altura Pedalier"": ""275.5mm"", ""Caída Pedalier"": ""74.5mm"", ""Avance Horquilla"": ""58mm"", ""Longitud Horquilla"": ""378mm"", ""Avance/Retroceso Horquilla"": ""47mm"", ""Delante Centro"": ""603mm"", ""Longitud de vaina"": ""425mm"", ""Distancia entre ejes"": ""1017mm"", ""Longitud Tubo Superior, Hrz."": ""569mm"", ""Bike Standover Height"": ""821mm"", ""Long. Tubo de Sillín"": ""550mm"", ""Ángulo de Tubo de Sillín"": ""73.25°""}",1499,false,https://www.specialized.com/es/es/allez/p/4221808,https://www.specialized.com/es/es/allez/p/4221808?color=5444474-4221808,html,2026-10-05
Specialized,Allez [8c126cca],Allez,,carretera,61,,61,,,,,643,392,"{""Longitud de biela"": ""175mm"", ""Ancho de manillar"": ""440mm"", ""Longitud Potencia"": ""110mm"", ""Saddle Width"": ""143mm"", ""Longitud Tija Sillín"": ""350mm"", ""Stack"": ""643mm"", ""Reach"": ""392mm"", ""Longitud de Pipa"": ""230mm"", ""Ángulo de Pipa"": ""73°"", ""Altura Pedalier"": ""275.5mm"", ""Caída Pedalier"": ""74.5mm"", ""Avance Horquilla"": ""81mm"", ""Longitud Horquilla"": ""378mm"", ""Avance/Retroceso Horquilla"": ""47mm"", ""Delante Centro"": ""619mm"", ""Longitud de vaina"": ""425mm"", ""Distancia entre ejes"": ""1033mm"", ""Longitud Tubo Superior, Hrz."": ""586mm"", ""Bike Standover Height"": ""852mm"", ""Long. Tubo de Sillín"": ""580mm"", ""Ángulo de Tubo de Sillín"": ""73.25°""}",1499,false,https://www.specialized.com/es/es/allez/p/4221808,https://www.specialized.com/es/es/allez/p/4221808?color=5444474-4221808,html,2026-10-05
Specialized,Allez Sport - Shimano Tiagra [32b0aeab],Allez Sport - Shimano Tiagra,,carretera,44,,44,,,,,519,356,"{""Longitud de biela"": ""165mm"", ""Ancho de manillar"": ""360mm"", ""Longitud Potencia"": ""70mm"", ""Saddle Width"": ""155mm"", ""Longitud Tija Sillín"": ""300mm"", ""Ángulo de Tubo de Sillín"": ""75.25°"", ""Stack"": ""519mm"", ""Longitud de Pipa"": ""110mm"", ""Altura Pedalier"": ""273mm"", ""Caída Pedalier"": ""77mm"", ""Reach"": ""356mm"", ""Avance Horquilla"": ""81mm"", ""Distancia entre ejes"": ""984mm"", ""Delante Centro"": ""576mm"", ""Longitud Horquilla"": ""378mm"", ""Ángulo de Pipa"": ""69.5°"", ""Longitud Tubo Superior, Hrz."": ""493mm"", ""Bike Standover Height"": ""715mm"", ""Avance/Retroceso Horquilla"": ""47mm"", ""Longitud de vaina"": ""420mm"", ""Long. Tubo de Sillín"": ""430mm""}",1749,false,https://www.specialized.com/es/es/allez-sport-shimano-tiagra/p/4221797,https://www.specialized.com/es/es/allez-sport-shimano-tiagra/p/4221797?color=5368181-4221797,html,2026-10-05
Specialized,Allez Sport - Shimano Tiagra [32b0aeab],Allez Sport - Shimano Tiagra,,carretera,49,,49,,,,,536,359,"{""Longitud de biela"": ""165mm"", ""Ancho de manillar"": ""380mm"", ""Longitud Potencia"": ""80mm"", ""Saddle Width"": ""155mm"", ""Longitud Tija Sillín"": ""300mm"", ""Ángulo de Tubo de Sillín"": ""75.25°"", ""Stack"": ""536mm"", ""Longitud de Pipa"": ""125mm"", ""Altura Pedalier"": ""273mm"", ""Caída Pedalier"": ""77mm"", ""Reach"": ""359mm"", ""Avance Horquilla"": ""74mm"", ""Distancia entre ejes"": ""984mm"", ""Delante Centro"": ""577mm"", ""Longitud Horquilla"": ""378mm"", ""Ángulo de Pipa"": ""70.5°"", ""Longitud Tubo Superior, Hrz."": ""500mm"", ""Bike Standover Height"": ""739mm"", ""Avance/Retroceso Horquilla"": ""47mm"", ""Longitud de vaina"": ""420mm"", ""Long. Tubo de Sillín"": ""460mm""}",1749,false,https://www.specialized.com/es/es/allez-sport-shimano-tiagra/p/4221797,https://www.specialized.com/es/es/allez-sport-shimano-tiagra/p/4221797?color=5368181-4221797,html,2026-10-05
Specialized,Allez Sport - Shimano Tiagra [32b0aeab],Allez Sport - Shimano Tiagra,,carretera,52,,52,,,,,552,364,"{""Longitud de biela"": ""170mm"", ""Ancho de manillar"": ""400mm"", ""Longitud Potencia"": ""90mm"", ""Saddle Width"": ""155mm"", ""Longitud Tija Sillín"": ""350mm"", ""Ángulo de Tubo de Sillín"": ""73.25°"", ""Stack"": ""552mm"", ""Longitud de Pipa"": ""140mm"", ""Altura Pedalier"": ""273mm"", ""Caída Pedalier"": ""77mm"", ""Reach"": ""364mm"", ""Avance Horquilla"": ""71mm"", ""Distancia entre ejes"": ""995mm"", ""Delante Centro"": ""583mm"", ""Longitud Horquilla"": ""378mm"", ""Ángulo de Pipa"": ""71°"", ""Longitud Tubo Superior, Hrz."": ""530mm"", ""Bike Standover Height"": ""761mm"", ""Avance/Retroceso Horquilla"": ""47mm"", ""Longitud de vaina"": ""425mm"", ""Long. Tubo de Sillín"": ""490mm""}",1749,false,https://www.specialized.com/es/es/allez-sport-shimano-tiagra/p/4221797,https://www.specialized.com/es/es/allez-sport-shimano-tiagra/p/4221797?color=5368181-4221797,html,2026-10-05
Specialized,Allez Sport - Shimano Tiagra [32b0aeab],Allez Sport - Shimano Tiagra,,carretera,54,,54,,,,,569,370,"{""Longitud de biela"": ""172.5mm"", ""Ancho de manillar"": ""420mm"", ""Longitud Potencia"": ""100mm"", ""Saddle Width"": ""143mm"", ""Longitud Tija Sillín"": ""350mm"", ""Ángulo de Tubo de Sillín"": ""73.25°"", ""Stack"": ""569mm"", ""Longitud de Pipa"": ""155mm"", ""Altura Pedalier"": ""274mm"", ""Caída Pedalier"": ""76mm"", ""Reach"": ""370mm"", ""Avance Horquilla"": ""64mm"", ""Distancia entre ejes"": ""998mm"", ""Delante Centro"": ""585mm"", ""Longitud Horquilla"": ""378mm"", ""Ángulo de Pipa"": ""72°"", ""Longitud Tubo Superior, Hrz."": ""541mm"", ""Bike Standover Height"": ""781mm"", ""Avance/Retroceso Horquilla"": ""47mm"", ""Longitud de vaina"": ""425mm"", ""Long. Tubo de Sillín"": ""510mm""}",1749,false,https://www.specialized.com/es/es/allez-sport-shimano-tiagra/p/4221797,https://www.specialized.com/es/es/allez-sport-shimano-tiagra/p/4221797?color=5368181-4221797,html,2026-10-05
Specialized,Allez Sport - Shimano Tiagra [32b0aeab],Allez Sport - Shimano Tiagra,,carretera,56,,56,,,,,590,378,"{""Longitud de biela"": ""172.5mm"", ""Ancho de manillar"": ""420mm"", ""Longitud Potencia"": ""100mm"", ""Saddle Width"": ""143mm"", ""Longitud Tija Sillín"": ""350mm"", ""Ángulo de Tubo de Sillín"": ""73.25°"", ""Stack"": ""590mm"", ""Longitud de Pipa"": ""175mm"", ""Altura Pedalier"": ""274mm"", ""Caída Pedalier"": ""76mm"", ""Reach"": ""378mm"", ""Avance Horquilla"": ""61mm"", ""Distancia entre ejes"": ""1008mm"", ""Delante Centro"": ""594mm"", ""Longitud Horquilla"": ""378mm"", ""Ángulo de Pipa"": ""72.5°"", ""Longitud Tubo Superior, Hrz."": ""556mm"", ""Bike Standover Height"": ""801mm"", ""Avance/Retroceso Horquilla"": ""47mm"", ""Longitud de vaina"": ""425mm"", ""Long. Tubo de Sillín"": ""530mm""}",1749,false,https://www.specialized.com/es/es/allez-sport-shimano-tiagra/p/4221797,https://www.specialized.com/es/es/allez-sport-shimano-tiagra/p/4221797?color=5368181-4221797,html,2026-10-05
Specialized,Allez Sport - Shimano Tiagra [32b0aeab],Allez Sport - Shimano Tiagra,,carretera,58,,58,,,,,610,386,"{""Longitud de biela"": ""175mm"", ""Ancho de manillar"": ""440mm"", ""Longitud Potencia"": ""110mm"", ""Saddle Width"": ""143mm"", ""Longitud Tija Sillín"": ""350mm"", ""Ángulo de Tubo de Sillín"": ""73.25°"", ""Stack"": ""610mm"", ""Longitud de Pipa"": ""195mm"", ""Altura Pedalier"": ""275.5mm"", ""Caída Pedalier"": ""74.5mm"", ""Reach"": ""386mm"", ""Avance Horquilla"": ""58mm"", ""Distancia entre ejes"": ""1017mm"", ""Delante Centro"": ""603mm"", ""Longitud Horquilla"": ""378mm"", ""Ángulo de Pipa"": ""73°"", ""Longitud Tubo Superior, Hrz."": ""569mm"", ""Bike Standover Height"": ""821mm"", ""Avance/Retroceso Horquilla"": ""47mm"", ""Longitud de vaina"": ""425mm"", ""Long. Tubo de Sillín"": ""550mm""}",1749,false,https://www.specialized.com/es/es/allez-sport-shimano-tiagra/p/4221797,https://www.specialized.com/es/es/allez-sport-shimano-tiagra/p/4221797?color=5368181-4221797,html,2026-10-05
Specialized,Allez Sport - Shimano Tiagra [32b0aeab],Allez Sport - Shimano Tiagra,,carretera,61,,61,,,,,643,392,"{""Longitud de biela"": ""175mm"", ""Ancho de manillar"": ""440mm"", ""Longitud Potencia"": ""110mm"", ""Saddle Width"": ""143mm"", ""Longitud Tija Sillín"": ""350mm"", ""Ángulo de Tubo de Sillín"": ""73.25°"", ""Stack"": ""643mm"", ""Longitud de Pipa"": ""230mm"", ""Altura Pedalier"": ""275.5mm"", ""Caída Pedalier"": ""74.5mm"", ""Reach"": ""392mm"", ""Avance Horquilla"": ""58mm"", ""Distancia entre ejes"": ""1033mm"", ""Delante Centro"": ""619mm"", ""Longitud Horquilla"": ""378mm"", ""Ángulo de Pipa"": ""73°"", ""Longitud Tubo Superior, Hrz."": ""586mm"", ""Bike Standover Height"": ""852mm"", ""Avance/Retroceso Horquilla"": ""47mm"", ""Longitud de vaina"": ""425mm"", ""Long. Tubo de Sillín"": ""580mm""}",1749,false,https://www.specialized.com/es/es/allez-sport-shimano-tiagra/p/4221797,https://www.specialized.com/es/es/allez-sport-shimano-tiagra/p/4221797?color=5368181-4221797,html,2026-10-05
Specialized,Roubaix SL8 Sport 105 [a2eae2d5],S-Works Roubaix SL8 – SRAM RED AXS,,carretera,44,,44,,,,,543,353,"{""Longitud de biela"": ""165mm"", ""Ancho de manillar"": ""360mm"", ""Longitud Potencia"": ""70mm"", ""Saddle Width"": ""155mm"", ""Longitud Tija Sillín"": ""380mm"", ""Stack"": ""543mm"", ""Reach"": ""353mm"", ""Longitud de Pipa"": ""90mm"", ""Ángulo de Pipa"": ""69.3°"", ""Altura Pedalier"": ""269mm"", ""Caída Pedalier"": ""80mm"", ""Avance Horquilla"": ""76mm"", ""Longitud Horquilla"": ""375mm"", ""Avance/Retroceso Horquilla"": ""52mm"", ""Delante Centro"": ""589mm"", ""Longitud de vaina"": ""418mm"", ""Distancia entre ejes"": ""994mm"", ""Longitud Tubo Superior, Hrz."": ""503mm"", ""Bike Standover Height"": ""686mm"", ""Long. Tubo de Sillín"": ""365mm"", ""Ángulo de Tubo de Sillín"": ""75°""}",10499,true,https://www.specialized.com/es/es/s-works-roubaix-sl8--sram-red-axs/p/4275485,https://www.specialized.com/es/es/s-works-roubaix-sl8--sram-red-axs/p/4275485?color=5432474-4275485,html,2026-10-05
Specialized,Roubaix SL8 Sport 105 [a2eae2d5],S-Works Roubaix SL8 – SRAM RED AXS,,carretera,49,,49,,,,,549,363,"{""Longitud de biela"": ""165mm"", ""Ancho de manillar"": ""380mm"", ""Longitud Potencia"": ""80mm"", ""Saddle Width"": ""155mm"", ""Longitud Tija Sillín"": ""380mm"", ""Stack"": ""549mm"", ""Reach"": ""363mm"", ""Longitud de Pipa"": ""90mm"", ""Ángulo de Pipa"": ""70.8°"", ""Altura Pedalier"": ""269mm"", ""Caída Pedalier"": ""80mm"", ""Avance Horquilla"": ""66mm"", ""Longitud Horquilla"": ""375mm"", ""Avance/Retroceso Horquilla"": ""52mm"", ""Delante Centro"": ""587mm"", ""Longitud de vaina"": ""418mm"", ""Distancia entre ejes"": ""992mm"", ""Longitud Tubo Superior, Hrz."": ""523mm"", ""Bike Standover Height"": ""719mm"", ""Long. Tubo de Sillín"": ""410mm"", ""Ángulo de Tubo de Sillín"": ""74°""}",10499,true,https://www.specialized.com/es/es/s-works-roubaix-sl8--sram-red-axs/p/4275485,https://www.specialized.com/es/es/s-works-roubaix-sl8--sram-red-axs/p/4275485?color=5432474-4275485,html,2026-10-05
Specialized,Roubaix SL8 Sport 105 [a2eae2d5],S-Works Roubaix SL8 – SRAM RED AXS,,carretera,52,,52,,,,,566,370,"{""Longitud de biela"": ""170mm"", ""Ancho de manillar"": ""400mm"", ""Longitud Potencia"": ""90mm"", ""Saddle Width"": ""155mm"", ""Longitud Tija Sillín"": ""380mm"", ""Stack"": ""566mm"", ""Reach"": ""370mm"", ""Longitud de Pipa"": ""105mm"", ""Ángulo de Pipa"": ""71.5°"", ""Altura Pedalier"": ""269mm"", ""Caída Pedalier"": ""80mm"", ""Avance Horquilla"": ""62mm"", ""Longitud Horquilla"": ""375mm"", ""Avance/Retroceso Horquilla"": ""52mm"", ""Delante Centro"": ""593mm"", ""Longitud de vaina"": ""418mm"", ""Distancia entre ejes"": ""988mm"", ""Longitud Tubo Superior, Hrz."": ""534mm"", ""Bike Standover Height"": ""747mm"", ""Long. Tubo de Sillín"": ""445mm"", ""Ángulo de Tubo de Sillín"": ""74°""}",10499,true,https://www.specialized.com/es/es/s-works-roubaix-sl8--sram-red-axs/p/4275485,https://www.specialized.com/es/es/s-works-roubaix-sl8--sram-red-axs/p/4275485?color=5432474-4275485,html,2026-10-05
Specialized,Roubaix SL8 Sport 105 [a2eae2d5],S-Works Roubaix SL8 – SRAM RED AXS,,carretera,54,,54,,,,,585,381,"{""Longitud de biela"": ""172.5mm"", ""Ancho de manillar"": ""420mm"", ""Longitud Potencia"": ""100mm"", ""Saddle Width"": ""143mm"", ""Longitud Tija Sillín"": ""380mm"", ""Stack"": ""585mm"", ""Reach"": ""381mm"", ""Longitud de Pipa"": ""122mm"", ""Ángulo de Pipa"": ""72.3°"", ""Altura Pedalier"": ""270mm"", ""Caída Pedalier"": ""78mm"", ""Avance Horquilla"": ""61mm"", ""Longitud Horquilla"": ""375mm"", ""Avance/Retroceso Horquilla"": ""47mm"", ""Delante Centro"": ""598mm"", ""Longitud de vaina"": ""420mm"", ""Distancia entre ejes"": ""1005mm"", ""Longitud Tubo Superior, Hrz."": ""550mm"", ""Bike Standover Height"": ""766mm"", ""Long. Tubo de Sillín"": ""465mm"", ""Ángulo de Tubo de Sillín"": ""74°""}",10499,true,https://www.specialized.com/es/es/s-works-roubaix-sl8--sram-red-axs/p/4275485,https://www.specialized.com/es/es/s-works-roubaix-sl8--sram-red-axs/p/4275485?color=5432474-4275485,html,2026-10-05
Specialized,Roubaix SL8 Sport 105 [a2eae2d5],S-Works Roubaix SL8 – SRAM RED AXS,,carretera,56,,56,,,,,605,389,"{""Longitud de biela"": ""172.5mm"", ""Ancho de manillar"": ""420mm"", ""Longitud Potencia"": ""100mm"", ""Saddle Width"": ""143mm"", ""Longitud Tija Sillín"": ""380mm"", ""Stack"": ""605mm"", ""Reach"": ""389mm"", ""Longitud de Pipa"": ""140mm"", ""Ángulo de Pipa"": ""73°"", ""Altura Pedalier"": ""270mm"", ""Caída Pedalier"": ""78mm"", ""Avance Horquilla"": ""57mm"", ""Longitud Horquilla"": ""375mm"", ""Avance/Retroceso Horquilla"": ""47mm"", ""Delante Centro"": ""604mm"", ""Longitud de vaina"": ""420mm"", ""Distancia entre ejes"": ""1012mm"", ""Longitud Tubo Superior, Hrz."": ""569mm"", ""Bike Standover Height"": ""787mm"", ""Long. Tubo de Sillín"": ""485mm"", ""Ángulo de Tubo de Sillín"": ""73.5°""}",10499,true,https://www.specialized.com/es/es/s-works-roubaix-sl8--sram-red-axs/p/4275485,https://www.specialized.com/es/es/s-works-roubaix-sl8--sram-red-axs/p/4275485?color=5432474-4275485,html,2026-10-05
Specialized,Roubaix SL8 Sport 105 [a2eae2d5],S-Works Roubaix SL8 – SRAM RED AXS,,carretera,58,,58,,,,,630,397,"{""Longitud de biela"": ""175mm"", ""Ancho de manillar"": ""440mm"", ""Longitud Potencia"": ""110mm"", ""Saddle Width"": ""143mm"", ""Longitud Tija Sillín"": ""450mm"", ""Stack"": ""630mm"", ""Reach"": ""397mm"", ""Longitud de Pipa"": ""168mm"", ""Ángulo de Pipa"": ""73°"", ""Altura Pedalier"": ""271mm"", ""Caída Pedalier"": ""78mm"", ""Avance Horquilla"": ""57mm"", ""Longitud Horquilla"": ""375mm"", ""Avance/Retroceso Horquilla"": ""47mm"", ""Delante Centro"": ""620mm"", ""Longitud de vaina"": ""423mm"", ""Distancia entre ejes"": ""1031mm"", ""Longitud Tubo Superior, Hrz."": ""584mm"", ""Bike Standover Height"": ""809mm"", ""Long. Tubo de Sillín"": ""505mm"", ""Ángulo de Tubo de Sillín"": ""73.5°""}",10499,true,https://www.specialized.com/es/es/s-works-roubaix-sl8--sram-red-axs/p/4275485,https://www.specialized.com/es/es/s-works-roubaix-sl8--sram-red-axs/p/4275485?color=5432474-4275485,html,2026-10-05
Specialized,Roubaix SL8 Sport 105 [a2eae2d5],S-Works Roubaix SL8 – SRAM RED AXS,,carretera,61,,61,,,,,665,403,"{""Longitud de biela"": ""175mm"", ""Ancho de manillar"": ""440mm"", ""Longitud Potencia"": ""110mm"", ""Saddle Width"": ""143mm"", ""Longitud Tija Sillín"": ""450mm"", ""Stack"": ""665mm"", ""Reach"": ""403mm"", ""Longitud de Pipa"": ""202mm"", ""Ángulo de Pipa"": ""73.5°"", ""Altura Pedalier"": ""271mm"", ""Caída Pedalier"": ""78mm"", ""Avance Horquilla"": ""54mm"", ""Longitud Horquilla"": ""375mm"", ""Avance/Retroceso Horquilla"": ""47mm"", ""Delante Centro"": ""631mm"", ""Longitud de vaina"": ""423mm"", ""Distancia entre ejes"": ""1042mm"", ""Longitud Tubo Superior, Hrz."": ""600mm"", ""Bike Standover Height"": ""847mm"", ""Long. Tubo de Sillín"": ""545mm"", ""Ángulo de Tubo de Sillín"": ""73.5°""}",10499,true,https://www.specialized.com/es/es/s-works-roubaix-sl8--sram-red-axs/p/4275485,https://www.specialized.com/es/es/s-works-roubaix-sl8--sram-red-axs/p/4275485?color=5432474-4275485,html,2026-10-05
Specialized,Roubaix SL8 Sport 105 [a2eae2d5],S-Works Roubaix SL8 - Shimano Dura-Ace Di2,,carretera,44,,44,,,,,543,353,"{""Longitud de biela"": ""165mm"", ""Ancho de manillar"": ""360mm"", ""Longitud Potencia"": ""70mm"", ""Saddle Width"": ""155mm"", ""Longitud Tija Sillín"": ""380mm"", ""Stack"": ""543mm"", ""Reach"": ""353mm"", ""Longitud de Pipa"": ""90mm"", ""Ángulo de Pipa"": ""69.3°"", ""Altura Pedalier"": ""269mm"", ""Caída Pedalier"": ""80mm"", ""Avance Horquilla"": ""76mm"", ""Longitud Horquilla"": ""375mm"", ""Avance/Retroceso Horquilla"": ""52mm"", ""Delante Centro"": ""589mm"", ""Longitud de vaina"": ""418mm"", ""Distancia entre ejes"": ""994mm"", ""Longitud Tubo Superior, Hrz."": ""503mm"", ""Bike Standover Height"": ""686mm"", ""Long. Tubo de Sillín"": ""365mm"", ""Ángulo de Tubo de Sillín"": ""75°""}",10499,false,https://www.specialized.com/es/es/s-works-roubaix-sl8-shimano-dura-ace-di2/p/4221816,https://www.specialized.com/es/es/s-works-roubaix-sl8-shimano-dura-ace-di2/p/4221816?color=5428638-4221816,html,2026-10-05
Specialized,Roubaix SL8 Sport 105 [a2eae2d5],S-Works Roubaix SL8 - Shimano Dura-Ace Di2,,carretera,49,,49,,,,,549,363,"{""Longitud de biela"": ""165mm"", ""Ancho de manillar"": ""380mm"", ""Longitud Potencia"": ""80mm"", ""Saddle Width"": ""155mm"", ""Longitud Tija Sillín"": ""380mm"", ""Stack"": ""549mm"", ""Reach"": ""363mm"", ""Longitud de Pipa"": ""90mm"", ""Ángulo de Pipa"": ""70.8°"", ""Altura Pedalier"": ""269mm"", ""Caída Pedalier"": ""80mm"", ""Avance Horquilla"": ""66mm"", ""Longitud Horquilla"": ""375mm"", ""Avance/Retroceso Horquilla"": ""52mm"", ""Delante Centro"": ""587mm"", ""Longitud de vaina"": ""418mm"", ""Distancia entre ejes"": ""992mm"", ""Longitud Tubo Superior, Hrz."": ""523mm"", ""Bike Standover Height"": ""719mm"", ""Long. Tubo de Sillín"": ""410mm"", ""Ángulo de Tubo de Sillín"": ""74°""}",10499,false,https://www.specialized.com/es/es/s-works-roubaix-sl8-shimano-dura-ace-di2/p/4221816,https://www.specialized.com/es/es/s-works-roubaix-sl8-shimano-dura-ace-di2/p/4221816?color=5428638-4221816,html,2026-10-05
Specialized,Roubaix SL8 Sport 105 [a2eae2d5],S-Works Roubaix SL8 - Shimano Dura-Ace Di2,,carretera,52,,52,,,,,566,370,"{""Longitud de biela"": ""170mm"", ""Ancho de manillar"": ""400mm"", ""Longitud Potencia"": ""90mm"", ""Saddle Width"": ""155mm"", ""Longitud Tija Sillín"": ""380mm"", ""Stack"": ""566mm"", ""Reach"": ""370mm"", ""Longitud de Pipa"": ""105mm"", ""Ángulo de Pipa"": ""71.5°"", ""Altura Pedalier"": ""269mm"", ""Caída Pedalier"": ""80mm"", ""Avance Horquilla"": ""62mm"", ""Longitud Horquilla"": ""375mm"", ""Avance/Retroceso Horquilla"": ""52mm"", ""Delante Centro"": ""593mm"", ""Longitud de vaina"": ""418mm"", ""Distancia entre ejes"": ""988mm"", ""Longitud Tubo Superior, Hrz."": ""534mm"", ""Bike Standover Height"": ""747mm"", ""Long. Tubo de Sillín"": ""445mm"", ""Ángulo de Tubo de Sillín"": ""74°""}",10499,false,https://www.specialized.com/es/es/s-works-roubaix-sl8-shimano-dura-ace-di2/p/4221816,https://www.specialized.com/es/es/s-works-roubaix-sl8-shimano-dura-ace-di2/p/4221816?color=5428638-4221816,html,2026-10-05
Specialized,Roubaix SL8 Sport 105 [a2eae2d5],S-Works Roubaix SL8 - Shimano Dura-Ace Di2,,carretera,54,,54,,,,,585,381,"{""Longitud de biela"": ""172.5mm"", ""Ancho de manillar"": ""420mm"", ""Longitud Potencia"": ""100mm"", ""Saddle Width"": ""143mm"", ""Longitud Tija Sillín"": ""380mm"", ""Stack"": ""585mm"", ""Reach"": ""381mm"", ""Longitud de Pipa"": ""122mm"", ""Ángulo de Pipa"": ""72.3°"", ""Altura Pedalier"": ""270mm"", ""Caída Pedalier"": ""78mm"", ""Avance Horquilla"": ""61mm"", ""Longitud Horquilla"": ""375mm"", ""Avance/Retroceso Horquilla"": ""47mm"", ""Delante Centro"": ""598mm"", ""Longitud de vaina"": ""420mm"", ""Distancia entre ejes"": ""1005mm"", ""Longitud Tubo Superior, Hrz."": ""550mm"", ""Bike Standover Height"": ""766mm"", ""Long. Tubo de Sillín"": ""465mm"", ""Ángulo de Tubo de Sillín"": ""74°""}",10499,false,https://www.specialized.com/es/es/s-works-roubaix-sl8-shimano-dura-ace-di2/p/4221816,https://www.specialized.com/es/es/s-works-roubaix-sl8-shimano-dura-ace-di2/p/4221816?color=5428638-4221816,html,2026-10-05
Specialized,Roubaix SL8 Sport 105 [a2eae2d5],S-Works Roubaix SL8 - Shimano Dura-Ace Di2,,carretera,56,,56,,,,,605,389,"{""Longitud de biela"": ""172.5mm"", ""Ancho de manillar"": ""420mm"", ""Longitud Potencia"": ""100mm"", ""Saddle Width"": ""143mm"", ""Longitud Tija Sillín"": ""380mm"", ""Stack"": ""605mm"", ""Reach"": ""389mm"", ""Longitud de Pipa"": ""140mm"", ""Ángulo de Pipa"": ""73°"", ""Altura Pedalier"": ""270mm"", ""Caída Pedalier"": ""78mm"", ""Avance Horquilla"": ""57mm"", ""Longitud Horquilla"": ""375mm"", ""Avance/Retroceso Horquilla"": ""47mm"", ""Delante Centro"": ""604mm"", ""Longitud de vaina"": ""420mm"", ""Distancia entre ejes"": ""1012mm"", ""Longitud Tubo Superior, Hrz."": ""569mm"", ""Bike Standover Height"": ""787mm"", ""Long. Tubo de Sillín"": ""485mm"", ""Ángulo de Tubo de Sillín"": ""73.5°""}",10499,false,https://www.specialized.com/es/es/s-works-roubaix-sl8-shimano-dura-ace-di2/p/4221816,https://www.specialized.com/es/es/s-works-roubaix-sl8-shimano-dura-ace-di2/p/4221816?color=5428638-4221816,html,2026-10-05
Specialized,Roubaix SL8 Sport 105 [a2eae2d5],S-Works Roubaix SL8 - Shimano Dura-Ace Di2,,carretera,58,,58,,,,,630,397,"{""Longitud de biela"": ""175mm"", ""Ancho de manillar"": ""440mm"", ""Longitud Potencia"": ""110mm"", ""Saddle Width"": ""143mm"", ""Longitud Tija Sillín"": ""450mm"", ""Stack"": ""630mm"", ""Reach"": ""397mm"", ""Longitud de Pipa"": ""168mm"", ""Ángulo de Pipa"": ""73°"", ""Altura Pedalier"": ""271mm"", ""Caída Pedalier"": ""78mm"", ""Avance Horquilla"": ""57mm"", ""Longitud Horquilla"": ""375mm"", ""Avance/Retroceso Horquilla"": ""47mm"", ""Delante Centro"": ""620mm"", ""Longitud de vaina"": ""423mm"", ""Distancia entre ejes"": ""1031mm"", ""Longitud Tubo Superior, Hrz."": ""584mm"", ""Bike Standover Height"": ""809mm"", ""Long. Tubo de Sillín"": ""505mm"", ""Ángulo de Tubo de Sillín"": ""73.5°""}",10499,false,https://www.specialized.com/es/es/s-works-roubaix-sl8-shimano-dura-ace-di2/p/4221816,https://www.specialized.com/es/es/s-works-roubaix-sl8-shimano-dura-ace-di2/p/4221816?color=5428638-4221816,html,2026-10-05
Specialized,Roubaix SL8 Sport 105 [a2eae2d5],S-Works Roubaix SL8 - Shimano Dura-Ace Di2,,carretera,61,,61,,,,,665,403,"{""Longitud de biela"": ""175mm"", ""Ancho de manillar"": ""440mm"", ""Longitud Potencia"": ""110mm"", ""Saddle Width"": ""143mm"", ""Longitud Tija Sillín"": ""450mm"", ""Stack"": ""665mm"", ""Reach"": ""403mm"", ""Longitud de Pipa"": ""202mm"", ""Ángulo de Pipa"": ""73.5°"", ""Altura Pedalier"": ""271mm"", ""Caída Pedalier"": ""78mm"", ""Avance Horquilla"": ""54mm"", ""Longitud Horquilla"": ""375mm"", ""Avance/Retroceso Horquilla"": ""47mm"", ""Delante Centro"": ""631mm"", ""Longitud de vaina"": ""423mm"", ""Distancia entre ejes"": ""1042mm"", ""Longitud Tubo Superior, Hrz."": ""600mm"", ""Bike Standover Height"": ""847mm"", ""Long. Tubo de Sillín"": ""545mm"", ""Ángulo de Tubo de Sillín"": ""73.5°""}",10499,false,https://www.specialized.com/es/es/s-works-roubaix-sl8-shimano-dura-ace-di2/p/4221816,https://www.specialized.com/es/es/s-works-roubaix-sl8-shimano-dura-ace-di2/p/4221816?color=5428638-4221816,html,2026-10-05
Specialized,Roubaix SL8 Sport 105 [a2eae2d5],Roubaix SL8 Pro - SRAM Force AXS,,carretera,44,,44,,,,,543,353,"{""Longitud de biela"": ""165mm"", ""Ancho de manillar"": ""360mm"", ""Longitud Potencia"": ""70mm"", ""Saddle Width"": ""155mm"", ""Longitud Tija Sillín"": ""380mm"", ""Stack"": ""543mm"", ""Reach"": ""353mm"", ""Longitud de Pipa"": ""90mm"", ""Ángulo de Pipa"": ""69.3°"", ""Altura Pedalier"": ""269mm"", ""Caída Pedalier"": ""80mm"", ""Avance Horquilla"": ""76mm"", ""Longitud Horquilla"": ""375mm"", ""Avance/Retroceso Horquilla"": ""52mm"", ""Delante Centro"": ""589mm"", ""Longitud de vaina"": ""418mm"", ""Distancia entre ejes"": ""994mm"", ""Longitud Tubo Superior, Hrz."": ""503mm"", ""Bike Standover Height"": ""686mm"", ""Long. Tubo de Sillín"": ""365mm"", ""Ángulo de Tubo de Sillín"": ""75°""}",7999,false,https://www.specialized.com/es/es/roubaix-sl8-pro-sram-force-axs-/p/4221819,https://www.specialized.com/es/es/roubaix-sl8-pro-sram-force-axs-/p/4221819?color=5383387-4221819,html,2026-10-05
Specialized,Roubaix SL8 Sport 105 [a2eae2d5],Roubaix SL8 Pro - SRAM Force AXS,,carretera,49,,49,,,,,549,363,"{""Longitud de biela"": ""165mm"", ""Ancho de manillar"": ""380mm"", ""Longitud Potencia"": ""80mm"", ""Saddle Width"": ""155mm"", ""Longitud Tija Sillín"": ""380mm"", ""Stack"": ""549mm"", ""Reach"": ""363mm"", ""Longitud de Pipa"": ""90mm"", ""Ángulo de Pipa"": ""70.8°"", ""Altura Pedalier"": ""269mm"", ""Caída Pedalier"": ""80mm"", ""Avance Horquilla"": ""66mm"", ""Longitud Horquilla"": ""375mm"", ""Avance/Retroceso Horquilla"": ""52mm"", ""Delante Centro"": ""587mm"", ""Longitud de vaina"": ""418mm"", ""Distancia entre ejes"": ""992mm"", ""Longitud Tubo Superior, Hrz."": ""523mm"", ""Bike Standover Height"": ""719mm"", ""Long. Tubo de Sillín"": ""410mm"", ""Ángulo de Tubo de Sillín"": ""74°""}",7999,false,https://www.specialized.com/es/es/roubaix-sl8-pro-sram-force-axs-/p/4221819,https://www.specialized.com/es/es/roubaix-sl8-pro-sram-force-axs-/p/4221819?color=5383387-4221819,html,2026-10-05
Specialized,Roubaix SL8 Sport 105 [a2eae2d5],Roubaix SL8 Pro - SRAM Force AXS,,carretera,52,,52,,,,,566,370,"{""Longitud de biela"": ""170mm"", ""Ancho de manillar"": ""400mm"", ""Longitud Potencia"": ""90mm"", ""Saddle Width"": ""155mm"", ""Longitud Tija Sillín"": ""380mm"", ""Stack"": ""566mm"", ""Reach"": ""370mm"", ""Longitud de Pipa"": ""105mm"", ""Ángulo de Pipa"": ""71.5°"", ""Altura Pedalier"": ""269mm"", ""Caída Pedalier"": ""80mm"", ""Avance Horquilla"": ""62mm"", ""Longitud Horquilla"": ""375mm"", ""Avance/Retroceso Horquilla"": ""52mm"", ""Delante Centro"": ""593mm"", ""Longitud de vaina"": ""418mm"", ""Distancia entre ejes"": ""988mm"", ""Longitud Tubo Superior, Hrz."": ""534mm"", ""Bike Standover Height"": ""747mm"", ""Long. Tubo de Sillín"": ""445mm"", ""Ángulo de Tubo de Sillín"": ""74°""}",7999,false,https://www.specialized.com/es/es/roubaix-sl8-pro-sram-force-axs-/p/4221819,https://www.specialized.com/es/es/roubaix-sl8-pro-sram-force-axs-/p/4221819?color=5383387-4221819,html,2026-10-05
Specialized,Roubaix SL8 Sport 105 [a2eae2d5],Roubaix SL8 Pro - SRAM Force AXS,,carretera,54,,54,,,,,585,381,"{""Longitud de biela"": ""172.5mm"", ""Ancho de manillar"": ""420mm"", ""Longitud Potencia"": ""100mm"", ""Saddle Width"": ""143mm"", ""Longitud Tija Sillín"": ""380mm"", ""Stack"": ""585mm"", ""Reach"": ""381mm"", ""Longitud de Pipa"": ""122mm"", ""Ángulo de Pipa"": ""72.3°"", ""Altura Pedalier"": ""270mm"", ""Caída Pedalier"": ""78mm"", ""Avance Horquilla"": ""61mm"", ""Longitud Horquilla"": ""375mm"", ""Avance/Retroceso Horquilla"": ""47mm"", ""Delante Centro"": ""598mm"", ""Longitud de vaina"": ""420mm"", ""Distancia entre ejes"": ""1005mm"", ""Longitud Tubo Superior, Hrz."": ""550mm"", ""Bike Standover Height"": ""766mm"", ""Long. Tubo de Sillín"": ""465mm"", ""Ángulo de Tubo de Sillín"": ""74°""}",7999,false,https://www.specialized.com/es/es/roubaix-sl8-pro-sram-force-axs-/p/4221819,https://www.specialized.com/es/es/roubaix-sl8-pro-sram-force-axs-/p/4221819?color=5383387-4221819,html,2026-10-05
Specialized,Roubaix SL8 Sport 105 [a2eae2d5],Roubaix SL8 Pro - SRAM Force AXS,,carretera,56,,56,,,,,605,389,"{""Longitud de biela"": ""172.5mm"", ""Ancho de manillar"": ""420mm"", ""Longitud Potencia"": ""100mm"", ""Saddle Width"": ""143mm"", ""Longitud Tija Sillín"": ""380mm"", ""Stack"": ""605mm"", ""Reach"": ""389mm"", ""Longitud de Pipa"": ""140mm"", ""Ángulo de Pipa"": ""73°"", ""Altura Pedalier"": ""270mm"", ""Caída Pedalier"": ""78mm"", ""Avance Horquilla"": ""57mm"", ""Longitud Horquilla"": ""375mm"", ""Avance/Retroceso Horquilla"": ""47mm"", ""Delante Centro"": ""604mm"", ""Longitud de vaina"": ""420mm"", ""Distancia entre ejes"": ""1012mm"", ""Longitud Tubo Superior, Hrz."": ""569mm"", ""Bike Standover Height"": ""787mm"", ""Long. Tubo de Sillín"": ""485mm"", ""Ángulo de Tubo de Sillín"": ""73.5°""}",7999,false,https://www.specialized.com/es/es/roubaix-sl8-pro-sram-force-axs-/p/4221819,https://www.specialized.com/es/es/roubaix-sl8-pro-sram-force-axs-/p/4221819?color=5383387-4221819,html,2026-10-05
Specialized,Roubaix SL8 Sport 105 [a2eae2d5],Roubaix SL8 Pro - SRAM Force AXS,,carretera,58,,58,,,,,630,397,"{""Longitud de biela"": ""175mm"", ""Ancho de manillar"": ""440mm"", ""Longitud Potencia"": ""110mm"", ""Saddle Width"": ""143mm"", ""Longitud Tija Sillín"": ""450mm"", ""Stack"": ""630mm"", ""Reach"": ""397mm"", ""Longitud de Pipa"": ""168mm"", ""Ángulo de Pipa"": ""73°"", ""Altura Pedalier"": ""271mm"", ""Caída Pedalier"": ""78mm"", ""Avance Horquilla"": ""57mm"", ""Longitud Horquilla"": ""375mm"", ""Avance/Retroceso Horquilla"": ""47mm"", ""Delante Centro"": ""620mm"", ""Longitud de vaina"": ""423mm"", ""Distancia entre ejes"": ""1031mm"", ""Longitud Tubo Superior, Hrz."": ""584mm"", ""Bike Standover Height"": ""809mm"", ""Long. Tubo de Sillín"": ""505mm"", ""Ángulo de Tubo de Sillín"": ""73.5°""}",7999,false,https://www.specialized.com/es/es/roubaix-sl8-pro-sram-force-axs-/p/4221819,https://www.specialized.com/es/es/roubaix-sl8-pro-sram-force-axs-/p/4221819?color=5383387-4221819,html,2026-10-05
Specialized,Roubaix SL8 Sport 105 [a2eae2d5],Roubaix SL8 Pro - SRAM Force AXS,,carretera,61,,61,,,,,665,403,"{""Longitud de biela"": ""175mm"", ""Ancho de manillar"": ""440mm"", ""Longitud Potencia"": ""110mm"", ""Saddle Width"": ""143mm"", ""Longitud Tija Sillín"": ""450mm"", ""Stack"": ""665mm"", ""Reach"": ""403mm"", ""Longitud de Pipa"": ""202mm"", ""Ángulo de Pipa"": ""73.5°"", ""Altura Pedalier"": ""271mm"", ""Caída Pedalier"": ""78mm"", ""Avance Horquilla"": ""54mm"", ""Longitud Horquilla"": ""375mm"", ""Avance/Retroceso Horquilla"": ""47mm"", ""Delante Centro"": ""631mm"", ""Longitud de vaina"": ""423mm"", ""Distancia entre ejes"": ""1042mm"", ""Longitud Tubo Superior, Hrz."": ""600mm"", ""Bike Standover Height"": ""847mm"", ""Long. Tubo de Sillín"": ""545mm"", ""Ángulo de Tubo de Sillín"": ""73.5°""}",7999,false,https://www.specialized.com/es/es/roubaix-sl8-pro-sram-force-axs-/p/4221819,https://www.specialized.com/es/es/roubaix-sl8-pro-sram-force-axs-/p/4221819?color=5383387-4221819,html,2026-10-05
Specialized,Roubaix SL8 Sport 105 [a2eae2d5],Roubaix SL8 Sport 105,,carretera,44,,44,,,,,543,353,"{""Longitud de biela"": ""165mm"", ""Ancho de manillar"": ""360mm"", ""Longitud Potencia"": ""70mm"", ""Saddle Width"": ""155mm"", ""Longitud Tija Sillín"": ""380mm"", ""Stack"": ""543mm"", ""Reach"": ""353mm"", ""Longitud de Pipa"": ""90mm"", ""Ángulo de Pipa"": ""69.3°"", ""Altura Pedalier"": ""269mm"", ""Caída Pedalier"": ""80mm"", ""Avance Horquilla"": ""76mm"", ""Longitud Horquilla"": ""375mm"", ""Avance/Retroceso Horquilla"": ""52mm"", ""Delante Centro"": ""589mm"", ""Longitud de vaina"": ""418mm"", ""Distancia entre ejes"": ""994mm"", ""Longitud Tubo Superior, Hrz."": ""503mm"", ""Bike Standover Height"": ""686mm"", ""Long. Tubo de Sillín"": ""365mm"", ""Ángulo de Tubo de Sillín"": ""75°""}",3299,false,https://www.specialized.com/es/es/roubaix-sl8-sport-105/p/4221828,https://www.specialized.com/es/es/roubaix-sl8-sport-105/p/4221828?color=5383375-4221828,html,2026-10-05
Specialized,Roubaix SL8 Sport 105 [a2eae2d5],Roubaix SL8 Sport 105,,carretera,49,,49,,,,,549,363,"{""Longitud de biela"": ""165mm"", ""Ancho de manillar"": ""380mm"", ""Longitud Potencia"": ""80mm"", ""Saddle Width"": ""155mm"", ""Longitud Tija Sillín"": ""380mm"", ""Stack"": ""549mm"", ""Reach"": ""363mm"", ""Longitud de Pipa"": ""90mm"", ""Ángulo de Pipa"": ""70.8°"", ""Altura Pedalier"": ""269mm"", ""Caída Pedalier"": ""80mm"", ""Avance Horquilla"": ""66mm"", ""Longitud Horquilla"": ""375mm"", ""Avance/Retroceso Horquilla"": ""52mm"", ""Delante Centro"": ""587mm"", ""Longitud de vaina"": ""418mm"", ""Distancia entre ejes"": ""992mm"", ""Longitud Tubo Superior, Hrz."": ""523mm"", ""Bike Standover Height"": ""719mm"", ""Long. Tubo de Sillín"": ""410mm"", ""Ángulo de Tubo de Sillín"": ""74°""}",3299,false,https://www.specialized.com/es/es/roubaix-sl8-sport-105/p/4221828,https://www.specialized.com/es/es/roubaix-sl8-sport-105/p/4221828?color=5383375-4221828,html,2026-10-05
Specialized,Roubaix SL8 Sport 105 [a2eae2d5],Roubaix SL8 Sport 105,,carretera,52,,52,,,,,566,370,"{""Longitud de biela"": ""170mm"", ""Ancho de manillar"": ""400mm"", ""Longitud Potencia"": ""90mm"", ""Saddle Width"": ""155mm"", ""Longitud Tija Sillín"": ""380mm"", ""Stack"": ""566mm"", ""Reach"": ""370mm"", ""Longitud de Pipa"": ""105mm"", ""Ángulo de Pipa"": ""71.5°"", ""Altura Pedalier"": ""269mm"", ""Caída Pedalier"": ""80mm"", ""Avance Horquilla"": ""62mm"", ""Longitud Horquilla"": ""375mm"", ""Avance/Retroceso Horquilla"": ""52mm"", ""Delante Centro"": ""593mm"", ""Longitud de vaina"": ""418mm"", ""Distancia entre ejes"": ""988mm"", ""Longitud Tubo Superior, Hrz."": ""534mm"", ""Bike Standover Height"": ""747mm"", ""Long. Tubo de Sillín"": ""445mm"", ""Ángulo de Tubo de Sillín"": ""74°""}",3299,false,https://www.specialized.com/es/es/roubaix-sl8-sport-105/p/4221828,https://www.specialized.com/es/es/roubaix-sl8-sport-105/p/4221828?color=5383375-4221828,html,2026-10-05
Specialized,Roubaix SL8 Sport 105 [a2eae2d5],Roubaix SL8 Sport 105,,carretera,54,,54,,,,,585,381,"{""Longitud de biela"": ""172.5mm"", ""Ancho de manillar"": ""420mm"", ""Longitud Potencia"": ""100mm"", ""Saddle Width"": ""143mm"", ""Longitud Tija Sillín"": ""380mm"", ""Stack"": ""585mm"", ""Reach"": ""381mm"", ""Longitud de Pipa"": ""122mm"", ""Ángulo de Pipa"": ""72.3°"", ""Altura Pedalier"": ""270mm"", ""Caída Pedalier"": ""78mm"", ""Avance Horquilla"": ""61mm"", ""Longitud Horquilla"": ""375mm"", ""Avance/Retroceso Horquilla"": ""47mm"", ""Delante Centro"": ""598mm"", ""Longitud de vaina"": ""420mm"", ""Distancia entre ejes"": ""1005mm"", ""Longitud Tubo Superior, Hrz."": ""550mm"", ""Bike Standover Height"": ""766mm"", ""Long. Tubo de Sillín"": ""465mm"", ""Ángulo de Tubo de Sillín"": ""74°""}",3299,false,https://www.specialized.com/es/es/roubaix-sl8-sport-105/p/4221828,https://www.specialized.com/es/es/roubaix-sl8-sport-105/p/4221828?color=5383375-4221828,html,2026-10-05
Specialized,Roubaix SL8 Sport 105 [a2eae2d5],Roubaix SL8 Sport 105,,carretera,56,,56,,,,,605,389,"{""Longitud de biela"": ""172.5mm"", ""Ancho de manillar"": ""420mm"", ""Longitud Potencia"": ""100mm"", ""Saddle Width"": ""143mm"", ""Longitud Tija Sillín"": ""380mm"", ""Stack"": ""605mm"", ""Reach"": ""389mm"", ""Longitud de Pipa"": ""140mm"", ""Ángulo de Pipa"": ""73°"", ""Altura Pedalier"": ""270mm"", ""Caída Pedalier"": ""78mm"", ""Avance Horquilla"": ""57mm"", ""Longitud Horquilla"": ""375mm"", ""Avance/Retroceso Horquilla"": ""47mm"", ""Delante Centro"": ""604mm"", ""Longitud de vaina"": ""420mm"", ""Distancia entre ejes"": ""1012mm"", ""Longitud Tubo Superior, Hrz."": ""569mm"", ""Bike Standover Height"": ""787mm"", ""Long. Tubo de Sillín"": ""485mm"", ""Ángulo de Tubo de Sillín"": ""73.5°""}",3299,false,https://www.specialized.com/es/es/roubaix-sl8-sport-105/p/4221828,https://www.specialized.com/es/es/roubaix-sl8-sport-105/p/4221828?color=5383375-4221828,html,2026-10-05
Specialized,Roubaix SL8 Sport 105 [a2eae2d5],Roubaix SL8 Sport 105,,carretera,58,,58,,,,,630,397,"{""Longitud de biela"": ""175mm"", ""Ancho de manillar"": ""440mm"", ""Longitud Potencia"": ""110mm"", ""Saddle Width"": ""143mm"", ""Longitud Tija Sillín"": ""450mm"", ""Stack"": ""630mm"", ""Reach"": ""397mm"", ""Longitud de Pipa"": ""168mm"", ""Ángulo de Pipa"": ""73°"", ""Altura Pedalier"": ""271mm"", ""Caída Pedalier"": ""78mm"", ""Avance Horquilla"": ""57mm"", ""Longitud Horquilla"": ""375mm"", ""Avance/Retroceso Horquilla"": ""47mm"", ""Delante Centro"": ""620mm"", ""Longitud de vaina"": ""423mm"", ""Distancia entre ejes"": ""1031mm"", ""Longitud Tubo Superior, Hrz."": ""584mm"", ""Bike Standover Height"": ""809mm"", ""Long. Tubo de Sillín"": ""505mm"", ""Ángulo de Tubo de Sillín"": ""73.5°""}",3299,false,https://www.specialized.com/es/es/roubaix-sl8-sport-105/p/4221828,https://www.specialized.com/es/es/roubaix-sl8-sport-105/p/4221828?color=5383375-4221828,html,2026-10-05
Specialized,Roubaix SL8 Sport 105 [a2eae2d5],Roubaix SL8 Sport 105,,carretera,61,,61,,,,,665,403,"{""Longitud de biela"": ""175mm"", ""Ancho de manillar"": ""440mm"", ""Longitud Potencia"": ""110mm"", ""Saddle Width"": ""143mm"", ""Longitud Tija Sillín"": ""450mm"", ""Stack"": ""665mm"", ""Reach"": ""403mm"", ""Longitud de Pipa"": ""202mm"", ""Ángulo de Pipa"": ""73.5°"", ""Altura Pedalier"": ""271mm"", ""Caída Pedalier"": ""78mm"", ""Avance Horquilla"": ""54mm"", ""Longitud Horquilla"": ""375mm"", ""Avance/Retroceso Horquilla"": ""47mm"", ""Delante Centro"": ""631mm"", ""Longitud de vaina"": ""423mm"", ""Distancia entre ejes"": ""1042mm"", ""Longitud Tubo Superior, Hrz."": ""600mm"", ""Bike Standover Height"": ""847mm"", ""Long. Tubo de Sillín"": ""545mm"", ""Ángulo de Tubo de Sillín"": ""73.5°""}",3299,false,https://www.specialized.com/es/es/roubaix-sl8-sport-105/p/4221828,https://www.specialized.com/es/es/roubaix-sl8-sport-105/p/4221828?color=5383375-4221828,html,2026-10-05
Specialized,Roubaix SL8 Sport 105 [a2eae2d5],Roubaix SL8: Shimano Tiagra,,carretera,44,,44,,,,,543,353,"{""Longitud de biela"": ""165mm"", ""Ancho de manillar"": ""360mm"", ""Longitud Potencia"": ""70mm"", ""Saddle Width"": ""155mm"", ""Longitud Tija Sillín"": ""380mm"", ""Stack"": ""543mm"", ""Reach"": ""353mm"", ""Longitud de Pipa"": ""90mm"", ""Ángulo de Pipa"": ""69.3°"", ""Altura Pedalier"": ""269mm"", ""Caída Pedalier"": ""80mm"", ""Avance Horquilla"": ""76mm"", ""Longitud Horquilla"": ""375mm"", ""Avance/Retroceso Horquilla"": ""52mm"", ""Delante Centro"": ""589mm"", ""Longitud de vaina"": ""418mm"", ""Distancia entre ejes"": ""994mm"", ""Longitud Tubo Superior, Hrz."": ""503mm"", ""Bike Standover Height"": ""686mm"", ""Long. Tubo de Sillín"": ""365mm"", ""Ángulo de Tubo de Sillín"": ""75°""}",2499,false,https://www.specialized.com/es/es/roubaix-sl8-shimano-tiagra/p/4263270,https://www.specialized.com/es/es/roubaix-sl8-shimano-tiagra/p/4263270?color=5476702-4263270,html,2026-10-05
Specialized,Roubaix SL8 Sport 105 [a2eae2d5],Roubaix SL8: Shimano Tiagra,,carretera,49,,49,,,,,549,363,"{""Longitud de biela"": ""165mm"", ""Ancho de manillar"": ""380mm"", ""Longitud Potencia"": ""80mm"", ""Saddle Width"": ""155mm"", ""Longitud Tija Sillín"": ""380mm"", ""Stack"": ""549mm"", ""Reach"": ""363mm"", ""Longitud de Pipa"": ""90mm"", ""Ángulo de Pipa"": ""70.8°"", ""Altura Pedalier"": ""269mm"", ""Caída Pedalier"": ""80mm"", ""Avance Horquilla"": ""66mm"", ""Longitud Horquilla"": ""375mm"", ""Avance/Retroceso Horquilla"": ""52mm"", ""Delante Centro"": ""587mm"", ""Longitud de vaina"": ""418mm"", ""Distancia entre ejes"": ""992mm"", ""Longitud Tubo Superior, Hrz."": ""523mm"", ""Bike Standover Height"": ""719mm"", ""Long. Tubo de Sillín"": ""410mm"", ""Ángulo de Tubo de Sillín"": ""74°""}",2499,false,https://www.specialized.com/es/es/roubaix-sl8-shimano-tiagra/p/4263270,https://www.specialized.com/es/es/roubaix-sl8-shimano-tiagra/p/4263270?color=5476702-4263270,html,2026-10-05
Specialized,Roubaix SL8 Sport 105 [a2eae2d5],Roubaix SL8: Shimano Tiagra,,carretera,52,,52,,,,,566,370,"{""Longitud de biela"": ""170mm"", ""Ancho de manillar"": ""400mm"", ""Longitud Potencia"": ""90mm"", ""Saddle Width"": ""155mm"", ""Longitud Tija Sillín"": ""380mm"", ""Stack"": ""566mm"", ""Reach"": ""370mm"", ""Longitud de Pipa"": ""105mm"", ""Ángulo de Pipa"": ""71.5°"", ""Altura Pedalier"": ""269mm"", ""Caída Pedalier"": ""80mm"", ""Avance Horquilla"": ""62mm"", ""Longitud Horquilla"": ""375mm"", ""Avance/Retroceso Horquilla"": ""52mm"", ""Delante Centro"": ""593mm"", ""Longitud de vaina"": ""418mm"", ""Distancia entre ejes"": ""988mm"", ""Longitud Tubo Superior, Hrz."": ""534mm"", ""Bike Standover Height"": ""747mm"", ""Long. Tubo de Sillín"": ""445mm"", ""Ángulo de Tubo de Sillín"": ""74°""}",2499,false,https://www.specialized.com/es/es/roubaix-sl8-shimano-tiagra/p/4263270,https://www.specialized.com/es/es/roubaix-sl8-shimano-tiagra/p/4263270?color=5476702-4263270,html,2026-10-05
Specialized,Roubaix SL8 Sport 105 [a2eae2d5],Roubaix SL8: Shimano Tiagra,,carretera,54,,54,,,,,585,381,"{""Longitud de biela"": ""172.5mm"", ""Ancho de manillar"": ""420mm"", ""Longitud Potencia"": ""100mm"", ""Saddle Width"": ""143mm"", ""Longitud Tija Sillín"": ""380mm"", ""Stack"": ""585mm"", ""Reach"": ""381mm"", ""Longitud de Pipa"": ""122mm"", ""Ángulo de Pipa"": ""72.3°"", ""Altura Pedalier"": ""270mm"", ""Caída Pedalier"": ""78mm"", ""Avance Horquilla"": ""61mm"", ""Longitud Horquilla"": ""375mm"", ""Avance/Retroceso Horquilla"": ""47mm"", ""Delante Centro"": ""598mm"", ""Longitud de vaina"": ""420mm"", ""Distancia entre ejes"": ""1005mm"", ""Longitud Tubo Superior, Hrz."": ""550mm"", ""Bike Standover Height"": ""766mm"", ""Long. Tubo de Sillín"": ""465mm"", ""Ángulo de Tubo de Sillín"": ""74°""}",2499,false,https://www.specialized.com/es/es/roubaix-sl8-shimano-tiagra/p/4263270,https://www.specialized.com/es/es/roubaix-sl8-shimano-tiagra/p/4263270?color=5476702-4263270,html,2026-10-05
Specialized,Roubaix SL8 Sport 105 [a2eae2d5],Roubaix SL8: Shimano Tiagra,,carretera,56,,56,,,,,605,389,"{""Longitud de biela"": ""172.5mm"", ""Ancho de manillar"": ""420mm"", ""Longitud Potencia"": ""100mm"", ""Saddle Width"": ""143mm"", ""Longitud Tija Sillín"": ""380mm"", ""Stack"": ""605mm"", ""Reach"": ""389mm"", ""Longitud de Pipa"": ""140mm"", ""Ángulo de Pipa"": ""73°"", ""Altura Pedalier"": ""270mm"", ""Caída Pedalier"": ""78mm"", ""Avance Horquilla"": ""57mm"", ""Longitud Horquilla"": ""375mm"", ""Avance/Retroceso Horquilla"": ""47mm"", ""Delante Centro"": ""604mm"", ""Longitud de vaina"": ""420mm"", ""Distancia entre ejes"": ""1012mm"", ""Longitud Tubo Superior, Hrz."": ""569mm"", ""Bike Standover Height"": ""787mm"", ""Long. Tubo de Sillín"": ""485mm"", ""Ángulo de Tubo de Sillín"": ""73.5°""}",2499,false,https://www.specialized.com/es/es/roubaix-sl8-shimano-tiagra/p/4263270,https://www.specialized.com/es/es/roubaix-sl8-shimano-tiagra/p/4263270?color=5476702-4263270,html,2026-10-05
Specialized,Roubaix SL8 Sport 105 [a2eae2d5],Roubaix SL8: Shimano Tiagra,,carretera,58,,58,,,,,630,397,"{""Longitud de biela"": ""175mm"", ""Ancho de manillar"": ""440mm"", ""Longitud Potencia"": ""110mm"", ""Saddle Width"": ""143mm"", ""Longitud Tija Sillín"": ""450mm"", ""Stack"": ""630mm"", ""Reach"": ""397mm"", ""Longitud de Pipa"": ""168mm"", ""Ángulo de Pipa"": ""73°"", ""Altura Pedalier"": ""271mm"", ""Caída Pedalier"": ""78mm"", ""Avance Horquilla"": ""57mm"", ""Longitud Horquilla"": ""375mm"", ""Avance/Retroceso Horquilla"": ""47mm"", ""Delante Centro"": ""620mm"", ""Longitud de vaina"": ""423mm"", ""Distancia entre ejes"": ""1031mm"", ""Longitud Tubo Superior, Hrz."": ""584mm"", ""Bike Standover Height"": ""809mm"", ""Long. Tubo de Sillín"": ""505mm"", ""Ángulo de Tubo de Sillín"": ""73.5°""}",2499,false,https://www.specialized.com/es/es/roubaix-sl8-shimano-tiagra/p/4263270,https://www.specialized.com/es/es/roubaix-sl8-shimano-tiagra/p/4263270?color=5476702-4263270,html,2026-10-05
Specialized,Roubaix SL8 Sport 105 [a2eae2d5],Roubaix SL8: Shimano Tiagra,,carretera,61,,61,,,,,665,403,"{""Longitud de biela"": ""175mm"", ""Ancho de manillar"": ""440mm"", ""Longitud Potencia"": ""110mm"", ""Saddle Width"": ""143mm"", ""Longitud Tija Sillín"": ""450mm"", ""Stack"": ""665mm"", ""Reach"": ""403mm"", ""Longitud de Pipa"": ""202mm"", ""Ángulo de Pipa"": ""73.5°"", ""Altura Pedalier"": ""271mm"", ""Caída Pedalier"": ""78mm"", ""Avance Horquilla"": ""54mm"", ""Longitud Horquilla"": ""375mm"", ""Avance/Retroceso Horquilla"": ""47mm"", ""Delante Centro"": ""631mm"", ""Longitud de vaina"": ""423mm"", ""Distancia entre ejes"": ""1042mm"", ""Longitud Tubo Superior, Hrz."": ""600mm"", ""Bike Standover Height"": ""847mm"", ""Long. Tubo de Sillín"": ""545mm"", ""Ángulo de Tubo de Sillín"": ""73.5°""}",2499,false,https://www.specialized.com/es/es/roubaix-sl8-shimano-tiagra/p/4263270,https://www.specialized.com/es/es/roubaix-sl8-shimano-tiagra/p/4263270?color=5476702-4263270,html,2026-10-05
Specialized,Roubaix SL8 [f1f17ed5],Roubaix SL8 Expert - Shimano Ultegra Di2,,carretera,44,,44,,,,,543,353,"{""Longitud de biela"": ""165mm"", ""Ancho de manillar"": ""360mm"", ""Longitud Potencia"": ""70mm"", ""Saddle Width"": ""155mm"", ""Longitud Tija Sillín"": ""380mm"", ""Stack"": ""543mm"", ""Reach"": ""353mm"", ""Longitud de Pipa"": ""90mm"", ""Ángulo de Pipa"": ""69.3°"", ""Altura Pedalier"": ""269mm"", ""Caída Pedalier"": ""80mm"", ""Avance Horquilla"": ""76mm"", ""Longitud Horquilla"": ""375mm"", ""Avance/Retroceso Horquilla"": ""52mm"", ""Delante Centro"": ""589mm"", ""Longitud de vaina"": ""418mm"", ""Distancia entre ejes"": ""994mm"", ""Longitud Tubo Superior, Hrz."": ""503mm"", ""Bike Standover Height"": ""686mm"", ""Long. Tubo de Sillín"": ""365mm"", ""Ángulo de Tubo de Sillín"": ""75°""}",5999,false,https://www.specialized.com/es/es/roubaix-sl8-expert-shimano-ultegra-di2/p/4221822,https://www.specialized.com/es/es/roubaix-sl8-expert-shimano-ultegra-di2/p/4221822?color=5383376-4221822,html,2026-10-05
Specialized,Roubaix SL8 [f1f17ed5],Roubaix SL8 Expert - Shimano Ultegra Di2,,carretera,49,,49,,,,,549,363,"{""Longitud de biela"": ""165mm"", ""Ancho de manillar"": ""380mm"", ""Longitud Potencia"": ""80mm"", ""Saddle Width"": ""155mm"", ""Longitud Tija Sillín"": ""380mm"", ""Stack"": ""549mm"", ""Reach"": ""363mm"", ""Longitud de Pipa"": ""90mm"", ""Ángulo de Pipa"": ""70.8°"", ""Altura Pedalier"": ""269mm"", ""Caída Pedalier"": ""80mm"", ""Avance Horquilla"": ""66mm"", ""Longitud Horquilla"": ""375mm"", ""Avance/Retroceso Horquilla"": ""52mm"", ""Delante Centro"": ""587mm"", ""Longitud de vaina"": ""418mm"", ""Distancia entre ejes"": ""992mm"", ""Longitud Tubo Superior, Hrz."": ""523mm"", ""Bike Standover Height"": ""719mm"", ""Long. Tubo de Sillín"": ""410mm"", ""Ángulo de Tubo de Sillín"": ""74°""}",5999,false,https://www.specialized.com/es/es/roubaix-sl8-expert-shimano-ultegra-di2/p/4221822,https://www.specialized.com/es/es/roubaix-sl8-expert-shimano-ultegra-di2/p/4221822?color=5383376-4221822,html,2026-10-05
Specialized,Roubaix SL8 [f1f17ed5],Roubaix SL8 Expert - Shimano Ultegra Di2,,carretera,52,,52,,,,,566,370,"{""Longitud de biela"": ""170mm"", ""Ancho de manillar"": ""400mm"", ""Longitud Potencia"": ""90mm"", ""Saddle Width"": ""155mm"", ""Longitud Tija Sillín"": ""380mm"", ""Stack"": ""566mm"", ""Reach"": ""370mm"", ""Longitud de Pipa"": ""105mm"", ""Ángulo de Pipa"": ""71.5°"", ""Altura Pedalier"": ""269mm"", ""Caída Pedalier"": ""80mm"", ""Avance Horquilla"": ""62mm"", ""Longitud Horquilla"": ""375mm"", ""Avance/Retroceso Horquilla"": ""52mm"", ""Delante Centro"": ""593mm"", ""Longitud de vaina"": ""418mm"", ""Distancia entre ejes"": ""998mm"", ""Longitud Tubo Superior, Hrz."": ""534mm"", ""Bike Standover Height"": ""747mm"", ""Long. Tubo de Sillín"": ""446mm"", ""Ángulo de Tubo de Sillín"": ""74°""}",5999,false,https://www.specialized.com/es/es/roubaix-sl8-expert-shimano-ultegra-di2/p/4221822,https://www.specialized.com/es/es/roubaix-sl8-expert-shimano-ultegra-di2/p/4221822?color=5383376-4221822,html,2026-10-05
Specialized,Roubaix SL8 [f1f17ed5],Roubaix SL8 Expert - Shimano Ultegra Di2,,carretera,54,,54,,,,,585,381,"{""Longitud de biela"": ""172.5mm"", ""Ancho de manillar"": ""420mm"", ""Longitud Potencia"": ""100mm"", ""Saddle Width"": ""143mm"", ""Longitud Tija Sillín"": ""380mm"", ""Stack"": ""585mm"", ""Reach"": ""381mm"", ""Longitud de Pipa"": ""122mm"", ""Ángulo de Pipa"": ""72.3°"", ""Altura Pedalier"": ""270mm"", ""Caída Pedalier"": ""78mm"", ""Avance Horquilla"": ""61mm"", ""Longitud Horquilla"": ""375mm"", ""Avance/Retroceso Horquilla"": ""47mm"", ""Delante Centro"": ""598mm"", ""Longitud de vaina"": ""420mm"", ""Distancia entre ejes"": ""1005mm"", ""Longitud Tubo Superior, Hrz."": ""550mm"", ""Bike Standover Height"": ""766mm"", ""Long. Tubo de Sillín"": ""465mm"", ""Ángulo de Tubo de Sillín"": ""74°""}",5999,false,https://www.specialized.com/es/es/roubaix-sl8-expert-shimano-ultegra-di2/p/4221822,https://www.specialized.com/es/es/roubaix-sl8-expert-shimano-ultegra-di2/p/4221822?color=5383376-4221822,html,2026-10-05
Specialized,Roubaix SL8 [f1f17ed5],Roubaix SL8 Expert - Shimano Ultegra Di2,,carretera,56,,56,,,,,605,389,"{""Longitud de biela"": ""172.5mm"", ""Ancho de manillar"": ""420mm"", ""Longitud Potencia"": ""100mm"", ""Saddle Width"": ""143mm"", ""Longitud Tija Sillín"": ""380mm"", ""Stack"": ""605mm"", ""Reach"": ""389mm"", ""Longitud de Pipa"": ""140mm"", ""Ángulo de Pipa"": ""73°"", ""Altura Pedalier"": ""270mm"", ""Caída Pedalier"": ""78mm"", ""Avance Horquilla"": ""57mm"", ""Longitud Horquilla"": ""375mm"", ""Avance/Retroceso Horquilla"": ""47mm"", ""Delante Centro"": ""604mm"", ""Longitud de vaina"": ""420mm"", ""Distancia entre ejes"": ""1012mm"", ""Longitud Tubo Superior, Hrz."": ""569mm"", ""Bike Standover Height"": ""787mm"", ""Long. Tubo de Sillín"": ""485mm"", ""Ángulo de Tubo de Sillín"": ""73.5°""}",5999,false,https://www.specialized.com/es/es/roubaix-sl8-expert-shimano-ultegra-di2/p/4221822,https://www.specialized.com/es/es/roubaix-sl8-expert-shimano-ultegra-di2/p/4221822?color=5383376-4221822,html,2026-10-05
Specialized,Roubaix SL8 [f1f17ed5],Roubaix SL8 Expert - Shimano Ultegra Di2,,carretera,58,,58,,,,,630,397,"{""Longitud de biela"": ""175mm"", ""Ancho de manillar"": ""440mm"", ""Longitud Potencia"": ""110mm"", ""Saddle Width"": ""143mm"", ""Longitud Tija Sillín"": ""450mm"", ""Stack"": ""630mm"", ""Reach"": ""397mm"", ""Longitud de Pipa"": ""168mm"", ""Ángulo de Pipa"": ""73°"", ""Altura Pedalier"": ""271mm"", ""Caída Pedalier"": ""78mm"", ""Avance Horquilla"": ""57mm"", ""Longitud Horquilla"": ""375mm"", ""Avance/Retroceso Horquilla"": ""47mm"", ""Delante Centro"": ""620mm"", ""Longitud de vaina"": ""423mm"", ""Distancia entre ejes"": ""1031mm"", ""Longitud Tubo Superior, Hrz."": ""584mm"", ""Bike Standover Height"": ""809mm"", ""Long. Tubo de Sillín"": ""505mm"", ""Ángulo de Tubo de Sillín"": ""73.5°""}",5999,false,https://www.specialized.com/es/es/roubaix-sl8-expert-shimano-ultegra-di2/p/4221822,https://www.specialized.com/es/es/roubaix-sl8-expert-shimano-ultegra-di2/p/4221822?color=5383376-4221822,html,2026-10-05
Specialized,Roubaix SL8 [f1f17ed5],Roubaix SL8 Expert - Shimano Ultegra Di2,,carretera,61,,61,,,,,665,403,"{""Longitud de biela"": ""175mm"", ""Ancho de manillar"": ""440mm"", ""Longitud Potencia"": ""110mm"", ""Saddle Width"": ""143mm"", ""Longitud Tija Sillín"": ""450mm"", ""Stack"": ""665mm"", ""Reach"": ""403mm"", ""Longitud de Pipa"": ""202mm"", ""Ángulo de Pipa"": ""73.5°"", ""Altura Pedalier"": ""271mm"", ""Caída Pedalier"": ""78mm"", ""Avance Horquilla"": ""54mm"", ""Longitud Horquilla"": ""375mm"", ""Avance/Retroceso Horquilla"": ""47mm"", ""Delante Centro"": ""631mm"", ""Longitud de vaina"": ""423mm"", ""Distancia entre ejes"": ""1042mm"", ""Longitud Tubo Superior, Hrz."": ""600mm"", ""Bike Standover Height"": ""847mm"", ""Long. Tubo de Sillín"": ""545mm"", ""Ángulo de Tubo de Sillín"": ""73.5°""}",5999,false,https://www.specialized.com/es/es/roubaix-sl8-expert-shimano-ultegra-di2/p/4221822,https://www.specialized.com/es/es/roubaix-sl8-expert-shimano-ultegra-di2/p/4221822?color=5383376-4221822,html,2026-10-05
Specialized,Roubaix SL8 [f1f17ed5],Roubaix SL8 Expert - Shimano Ultegra Di2,,carretera,64,,64,,,,,685,409,"{""Longitud de biela"": ""175mm"", ""Ancho de manillar"": ""440mm"", ""Longitud Potencia"": ""120mm"", ""Saddle Width"": ""143mm"", ""Longitud Tija Sillín"": ""450mm"", ""Stack"": ""685mm"", ""Reach"": ""409mm"", ""Longitud de Pipa"": ""222mm"", ""Ángulo de Pipa"": ""73.5°"", ""Altura Pedalier"": ""271mm"", ""Caída Pedalier"": ""78mm"", ""Avance Horquilla"": ""54mm"", ""Longitud Horquilla"": ""375mm"", ""Avance/Retroceso Horquilla"": ""47mm"", ""Delante Centro"": ""634mm"", ""Longitud de vaina"": ""423mm"", ""Distancia entre ejes"": ""1054mm"", ""Longitud Tubo Superior, Hrz."": ""618mm"", ""Bike Standover Height"": ""865mm"", ""Long. Tubo de Sillín"": ""581mm"", ""Ángulo de Tubo de Sillín"": ""73°""}",5999,false,https://www.specialized.com/es/es/roubaix-sl8-expert-shimano-ultegra-di2/p/4221822,https://www.specialized.com/es/es/roubaix-sl8-expert-shimano-ultegra-di2/p/4221822?color=5383376-4221822,html,2026-10-05
Specialized,Roubaix SL8 [f1f17ed5],Roubaix SL8 Comp,,carretera,44,,44,,,,,543,353,"{""Longitud de biela"": ""165mm"", ""Ancho de manillar"": ""360mm"", ""Longitud Potencia"": ""70mm"", ""Saddle Width"": ""155mm"", ""Longitud Tija Sillín"": ""380mm"", ""Stack"": ""543mm"", ""Reach"": ""353mm"", ""Longitud de Pipa"": ""90mm"", ""Ángulo de Pipa"": ""69.3°"", ""Altura Pedalier"": ""269mm"", ""Caída Pedalier"": ""80mm"", ""Avance Horquilla"": ""76mm"", ""Longitud Horquilla"": ""375mm"", ""Avance/Retroceso Horquilla"": ""52mm"", ""Delante Centro"": ""589mm"", ""Longitud de vaina"": ""418mm"", ""Distancia entre ejes"": ""994mm"", ""Longitud Tubo Superior, Hrz."": ""503mm"", ""Bike Standover Height"": ""686mm"", ""Long. Tubo de Sillín"": ""365mm"", ""Ángulo de Tubo de Sillín"": ""75°""}",4299,false,https://www.specialized.com/es/es/roubaix-sl8-comp/p/4221824,https://www.specialized.com/es/es/roubaix-sl8-comp/p/4221824?color=5383377-4221824,html,2026-10-05
Specialized,Roubaix SL8 [f1f17ed5],Roubaix SL8 Comp,,carretera,49,,49,,,,,549,363,"{""Longitud de biela"": ""165mm"", ""Ancho de manillar"": ""380mm"", ""Longitud Potencia"": ""80mm"", ""Saddle Width"": ""155mm"", ""Longitud Tija Sillín"": ""380mm"", ""Stack"": ""549mm"", ""Reach"": ""363mm"", ""Longitud de Pipa"": ""90mm"", ""Ángulo de Pipa"": ""70.8°"", ""Altura Pedalier"": ""269mm"", ""Caída Pedalier"": ""80mm"", ""Avance Horquilla"": ""66mm"", ""Longitud Horquilla"": ""375mm"", ""Avance/Retroceso Horquilla"": ""52mm"", ""Delante Centro"": ""587mm"", ""Longitud de vaina"": ""418mm"", ""Distancia entre ejes"": ""992mm"", ""Longitud Tubo Superior, Hrz."": ""523mm"", ""Bike Standover Height"": ""719mm"", ""Long. Tubo de Sillín"": ""410mm"", ""Ángulo de Tubo de Sillín"": ""74°""}",4299,false,https://www.specialized.com/es/es/roubaix-sl8-comp/p/4221824,https://www.specialized.com/es/es/roubaix-sl8-comp/p/4221824?color=5383377-4221824,html,2026-10-05
Specialized,Roubaix SL8 [f1f17ed5],Roubaix SL8 Comp,,carretera,52,,52,,,,,566,370,"{""Longitud de biela"": ""170mm"", ""Ancho de manillar"": ""400mm"", ""Longitud Potencia"": ""90mm"", ""Saddle Width"": ""155mm"", ""Longitud Tija Sillín"": ""380mm"", ""Stack"": ""566mm"", ""Reach"": ""370mm"", ""Longitud de Pipa"": ""105mm"", ""Ángulo de Pipa"": ""71.5°"", ""Altura Pedalier"": ""269mm"", ""Caída Pedalier"": ""80mm"", ""Avance Horquilla"": ""62mm"", ""Longitud Horquilla"": ""375mm"", ""Avance/Retroceso Horquilla"": ""52mm"", ""Delante Centro"": ""593mm"", ""Longitud de vaina"": ""418mm"", ""Distancia entre ejes"": ""998mm"", ""Longitud Tubo Superior, Hrz."": ""534mm"", ""Bike Standover Height"": ""747mm"", ""Long. Tubo de Sillín"": ""446mm"", ""Ángulo de Tubo de Sillín"": ""74°""}",4299,false,https://www.specialized.com/es/es/roubaix-sl8-comp/p/4221824,https://www.specialized.com/es/es/roubaix-sl8-comp/p/4221824?color=5383377-4221824,html,2026-10-05
Specialized,Roubaix SL8 [f1f17ed5],Roubaix SL8 Comp,,carretera,54,,54,,,,,585,381,"{""Longitud de biela"": ""172.5mm"", ""Ancho de manillar"": ""420mm"", ""Longitud Potencia"": ""100mm"", ""Saddle Width"": ""143mm"", ""Longitud Tija Sillín"": ""380mm"", ""Stack"": ""585mm"", ""Reach"": ""381mm"", ""Longitud de Pipa"": ""122mm"", ""Ángulo de Pipa"": ""72.3°"", ""Altura Pedalier"": ""270mm"", ""Caída Pedalier"": ""78mm"", ""Avance Horquilla"": ""61mm"", ""Longitud Horquilla"": ""375mm"", ""Avance/Retroceso Horquilla"": ""47mm"", ""Delante Centro"": ""598mm"", ""Longitud de vaina"": ""420mm"", ""Distancia entre ejes"": ""1005mm"", ""Longitud Tubo Superior, Hrz."": ""550mm"", ""Bike Standover Height"": ""766mm"", ""Long. Tubo de Sillín"": ""465mm"", ""Ángulo de Tubo de Sillín"": ""74°""}",4299,false,https://www.specialized.com/es/es/roubaix-sl8-comp/p/4221824,https://www.specialized.com/es/es/roubaix-sl8-comp/p/4221824?color=5383377-4221824,html,2026-10-05
Specialized,Roubaix SL8 [f1f17ed5],Roubaix SL8 Comp,,carretera,56,,56,,,,,605,389,"{""Longitud de biela"": ""172.5mm"", ""Ancho de manillar"": ""420mm"", ""Longitud Potencia"": ""100mm"", ""Saddle Width"": ""143mm"", ""Longitud Tija Sillín"": ""380mm"", ""Stack"": ""605mm"", ""Reach"": ""389mm"", ""Longitud de Pipa"": ""140mm"", ""Ángulo de Pipa"": ""73°"", ""Altura Pedalier"": ""270mm"", ""Caída Pedalier"": ""78mm"", ""Avance Horquilla"": ""57mm"", ""Longitud Horquilla"": ""375mm"", ""Avance/Retroceso Horquilla"": ""47mm"", ""Delante Centro"": ""604mm"", ""Longitud de vaina"": ""420mm"", ""Distancia entre ejes"": ""1012mm"", ""Longitud Tubo Superior, Hrz."": ""569mm"", ""Bike Standover Height"": ""787mm"", ""Long. Tubo de Sillín"": ""485mm"", ""Ángulo de Tubo de Sillín"": ""73.5°""}",4299,false,https://www.specialized.com/es/es/roubaix-sl8-comp/p/4221824,https://www.specialized.com/es/es/roubaix-sl8-comp/p/4221824?color=5383377-4221824,html,2026-10-05
Specialized,Roubaix SL8 [f1f17ed5],Roubaix SL8 Comp,,carretera,58,,58,,,,,630,397,"{""Longitud de biela"": ""175mm"", ""Ancho de manillar"": ""440mm"", ""Longitud Potencia"": ""110mm"", ""Saddle Width"": ""143mm"", ""Longitud Tija Sillín"": ""450mm"", ""Stack"": ""630mm"", ""Reach"": ""397mm"", ""Longitud de Pipa"": ""168mm"", ""Ángulo de Pipa"": ""73°"", ""Altura Pedalier"": ""271mm"", ""Caída Pedalier"": ""78mm"", ""Avance Horquilla"": ""57mm"", ""Longitud Horquilla"": ""375mm"", ""Avance/Retroceso Horquilla"": ""47mm"", ""Delante Centro"": ""620mm"", ""Longitud de vaina"": ""423mm"", ""Distancia entre ejes"": ""1031mm"", ""Longitud Tubo Superior, Hrz."": ""584mm"", ""Bike Standover Height"": ""809mm"", ""Long. Tubo de Sillín"": ""505mm"", ""Ángulo de Tubo de Sillín"": ""73.5°""}",4299,false,https://www.specialized.com/es/es/roubaix-sl8-comp/p/4221824,https://www.specialized.com/es/es/roubaix-sl8-comp/p/4221824?color=5383377-4221824,html,2026-10-05
Specialized,Roubaix SL8 [f1f17ed5],Roubaix SL8 Comp,,carretera,61,,61,,,,,665,403,"{""Longitud de biela"": ""175mm"", ""Ancho de manillar"": ""440mm"", ""Longitud Potencia"": ""110mm"", ""Saddle Width"": ""143mm"", ""Longitud Tija Sillín"": ""450mm"", ""Stack"": ""665mm"", ""Reach"": ""403mm"", ""Longitud de Pipa"": ""202mm"", ""Ángulo de Pipa"": ""73.5°"", ""Altura Pedalier"": ""271mm"", ""Caída Pedalier"": ""78mm"", ""Avance Horquilla"": ""54mm"", ""Longitud Horquilla"": ""375mm"", ""Avance/Retroceso Horquilla"": ""47mm"", ""Delante Centro"": ""631mm"", ""Longitud de vaina"": ""423mm"", ""Distancia entre ejes"": ""1042mm"", ""Longitud Tubo Superior, Hrz."": ""600mm"", ""Bike Standover Height"": ""847mm"", ""Long. Tubo de Sillín"": ""545mm"", ""Ángulo de Tubo de Sillín"": ""73.5°""}",4299,false,https://www.specialized.com/es/es/roubaix-sl8-comp/p/4221824,https://www.specialized.com/es/es/roubaix-sl8-comp/p/4221824?color=5383377-4221824,html,2026-10-05
Specialized,Roubaix SL8 [f1f17ed5],Roubaix SL8 Comp,,carretera,64,,64,,,,,685,409,"{""Longitud de biela"": ""175mm"", ""Ancho de manillar"": ""440mm"", ""Longitud Potencia"": ""120mm"", ""Saddle Width"": ""143mm"", ""Longitud Tija Sillín"": ""450mm"", ""Stack"": ""685mm"", ""Reach"": ""409mm"", ""Longitud de Pipa"": ""222mm"", ""Ángulo de Pipa"": ""73.5°"", ""Altura Pedalier"": ""271mm"", ""Caída Pedalier"": ""78mm"", ""Avance Horquilla"": ""54mm"", ""Longitud Horquilla"": ""375mm"", ""Avance/Retroceso Horquilla"": ""47mm"", ""Delante Centro"": ""634mm"", ""Longitud de vaina"": ""423mm"", ""Distancia entre ejes"": ""1054mm"", ""Longitud Tubo Superior, Hrz."": ""618mm"", ""Bike Standover Height"": ""865mm"", ""Long. Tubo de Sillín"": ""581mm"", ""Ángulo de Tubo de Sillín"": ""73°""}",4299,false,https://www.specialized.com/es/es/roubaix-sl8-comp/p/4221824,https://www.specialized.com/es/es/roubaix-sl8-comp/p/4221824?color=5383377-4221824,html,2026-10-05
Specialized,Roubaix SL8 [c3df5ec3],Roubaix SL8,,carretera,44,,44,,,,,543,353,"{""Longitud de biela"": ""165mm"", ""Ancho de manillar"": ""360mm"", ""Longitud Potencia"": ""70mm"", ""Saddle Width"": ""155mm"", ""Longitud Tija Sillín"": ""380mm"", ""Stack"": ""543mm"", ""Reach"": ""353mm"", ""Longitud de Pipa"": ""90mm"", ""Ángulo de Pipa"": ""69.3°"", ""Altura Pedalier"": ""269mm"", ""Caída Pedalier"": ""80mm"", ""Avance Horquilla"": ""76mm"", ""Longitud Horquilla"": ""375mm"", ""Avance/Retroceso Horquilla"": ""52mm"", ""Delante Centro"": ""589mm"", ""Longitud de vaina"": ""418mm"", ""Distancia entre ejes"": ""994mm"", ""Longitud Tubo Superior, Hrz."": ""503mm"", ""Bike Standover Height"": ""686mm"", ""Long. Tubo de Sillín"": ""365mm"", ""Ángulo de Tubo de Sillín"": ""75°""}",2499,false,https://www.specialized.com/es/es/roubaix-sl8/p/216946,https://www.specialized.com/es/es/roubaix-sl8/p/216946?color=349866-216946,html,2026-10-05
Specialized,Roubaix SL8 [c3df5ec3],Roubaix SL8,,carretera,49,,49,,,,,549,363,"{""Longitud de biela"": ""165mm"", ""Ancho de manillar"": ""380mm"", ""Longitud Potencia"": ""80mm"", ""Saddle Width"": ""155mm"", ""Longitud Tija Sillín"": ""380mm"", ""Stack"": ""549mm"", ""Reach"": ""363mm"", ""Longitud de Pipa"": ""90mm"", ""Ángulo de Pipa"": ""70.8°"", ""Altura Pedalier"": ""269mm"", ""Caída Pedalier"": ""80mm"", ""Avance Horquilla"": ""66mm"", ""Longitud Horquilla"": ""375mm"", ""Avance/Retroceso Horquilla"": ""52mm"", ""Delante Centro"": ""587mm"", ""Longitud de vaina"": ""418mm"", ""Distancia entre ejes"": ""992mm"", ""Longitud Tubo Superior, Hrz."": ""523mm"", ""Bike Standover Height"": ""719mm"", ""Long. Tubo de Sillín"": ""410mm"", ""Ángulo de Tubo de Sillín"": ""74°""}",2499,false,https://www.specialized.com/es/es/roubaix-sl8/p/216946,https://www.specialized.com/es/es/roubaix-sl8/p/216946?color=349866-216946,html,2026-10-05
Specialized,Roubaix SL8 [c3df5ec3],Roubaix SL8,,carretera,52,,52,,,,,566,370,"{""Longitud de biela"": ""170mm"", ""Ancho de manillar"": ""400mm"", ""Longitud Potencia"": ""90mm"", ""Saddle Width"": ""155mm"", ""Longitud Tija Sillín"": ""380mm"", ""Stack"": ""566mm"", ""Reach"": ""370mm"", ""Longitud de Pipa"": ""105mm"", ""Ángulo de Pipa"": ""71.5°"", ""Altura Pedalier"": ""269mm"", ""Caída Pedalier"": ""80mm"", ""Avance Horquilla"": ""62mm"", ""Longitud Horquilla"": ""375mm"", ""Avance/Retroceso Horquilla"": ""52mm"", ""Delante Centro"": ""593mm"", ""Longitud de vaina"": ""418mm"", ""Distancia entre ejes"": ""998mm"", ""Longitud Tubo Superior, Hrz."": ""534mm"", ""Bike Standover Height"": ""747mm"", ""Long. Tubo de Sillín"": ""446mm"", ""Ángulo de Tubo de Sillín"": ""74°""}",2499,false,https://www.specialized.com/es/es/roubaix-sl8/p/216946,https://www.specialized.com/es/es/roubaix-sl8/p/216946?color=349866-216946,html,2026-10-05
Specialized,Roubaix SL8 [c3df5ec3],Roubaix SL8,,carretera,54,,54,,,,,585,381,"{""Longitud de biela"": ""172.5mm"", ""Ancho de manillar"": ""420mm"", ""Longitud Potencia"": ""100mm"", ""Saddle Width"": ""143mm"", ""Longitud Tija Sillín"": ""380mm"", ""Stack"": ""585mm"", ""Reach"": ""381mm"", ""Longitud de Pipa"": ""122mm"", ""Ángulo de Pipa"": ""72.3°"", ""Altura Pedalier"": ""270mm"", ""Caída Pedalier"": ""78mm"", ""Avance Horquilla"": ""61mm"", ""Longitud Horquilla"": ""375mm"", ""Avance/Retroceso Horquilla"": ""47mm"", ""Delante Centro"": ""598mm"", ""Longitud de vaina"": ""420mm"", ""Distancia entre ejes"": ""1005mm"", ""Longitud Tubo Superior, Hrz."": ""550mm"", ""Bike Standover Height"": ""766mm"", ""Long. Tubo de Sillín"": ""465mm"", ""Ángulo de Tubo de Sillín"": ""74°""}",2499,false,https://www.specialized.com/es/es/roubaix-sl8/p/216946,https://www.specialized.com/es/es/roubaix-sl8/p/216946?color=349866-216946,html,2026-10-05
Specialized,Roubaix SL8 [c3df5ec3],Roubaix SL8,,carretera,56,,56,,,,,605,389,"{""Longitud de biela"": ""172.5mm"", ""Ancho de manillar"": ""420mm"", ""Longitud Potencia"": ""100mm"", ""Saddle Width"": ""143mm"", ""Longitud Tija Sillín"": ""380mm"", ""Stack"": ""605mm"", ""Reach"": ""389mm"", ""Longitud de Pipa"": ""140mm"", ""Ángulo de Pipa"": ""73°"", ""Altura Pedalier"": ""270mm"", ""Caída Pedalier"": ""78mm"", ""Avance Horquilla"": ""57mm"", ""Longitud Horquilla"": ""375mm"", ""Avance/Retroceso Horquilla"": ""47mm"", ""Delante Centro"": ""604mm"", ""Longitud de vaina"": ""420mm"", ""Distancia entre ejes"": ""1012mm"", ""Longitud Tubo Superior, Hrz."": ""569mm"", ""Bike Standover Height"": ""787mm"", ""Long. Tubo de Sillín"": ""485mm"", ""Ángulo de Tubo de Sillín"": ""73.5°""}",2499,false,https://www.specialized.com/es/es/roubaix-sl8/p/216946,https://www.specialized.com/es/es/roubaix-sl8/p/216946?color=349866-216946,html,2026-10-05
Specialized,Roubaix SL8 [c3df5ec3],Roubaix SL8,,carretera,58,,58,,,,,630,397,"{""Longitud de biela"": ""175mm"", ""Ancho de manillar"": ""440mm"", ""Longitud Potencia"": ""110mm"", ""Saddle Width"": ""143mm"", ""Longitud Tija Sillín"": ""450mm"", ""Stack"": ""630mm"", ""Reach"": ""397mm"", ""Longitud de Pipa"": ""168mm"", ""Ángulo de Pipa"": ""73°"", ""Altura Pedalier"": ""271mm"", ""Caída Pedalier"": ""78mm"", ""Avance Horquilla"": ""57mm"", ""Longitud Horquilla"": ""375mm"", ""Avance/Retroceso Horquilla"": ""47mm"", ""Delante Centro"": ""620mm"", ""Longitud de vaina"": ""423mm"", ""Distancia entre ejes"": ""1031mm"", ""Longitud Tubo Superior, Hrz."": ""584mm"", ""Bike Standover Height"": ""809mm"", ""Long. Tubo de Sillín"": ""505mm"", ""Ángulo de Tubo de Sillín"": ""73.5°""}",2499,false,https://www.specialized.com/es/es/roubaix-sl8/p/216946,https://www.specialized.com/es/es/roubaix-sl8/p/216946?color=349866-216946,html,2026-10-05
Specialized,Roubaix SL8 [c3df5ec3],Roubaix SL8,,carretera,61,,61,,,,,665,403,"{""Longitud de biela"": ""175mm"", ""Ancho de manillar"": ""440mm"", ""Longitud Potencia"": ""110mm"", ""Saddle Width"": ""143mm"", ""Longitud Tija Sillín"": ""450mm"", ""Stack"": ""665mm"", ""Reach"": ""403mm"", ""Longitud de Pipa"": ""202mm"", ""Ángulo de Pipa"": ""73.5°"", ""Altura Pedalier"": ""271mm"", ""Caída Pedalier"": ""78mm"", ""Avance Horquilla"": ""54mm"", ""Longitud Horquilla"": ""375mm"", ""Avance/Retroceso Horquilla"": ""47mm"", ""Delante Centro"": ""631mm"", ""Longitud de vaina"": ""423mm"", ""Distancia entre ejes"": ""1042mm"", ""Longitud Tubo Superior, Hrz."": ""600mm"", ""Bike Standover Height"": ""847mm"", ""Long. Tubo de Sillín"": ""545mm"", ""Ángulo de Tubo de Sillín"": ""73.5°""}",2499,false,https://www.specialized.com/es/es/roubaix-sl8/p/216946,https://www.specialized.com/es/es/roubaix-sl8/p/216946?color=349866-216946,html,2026-10-05
Specialized,Tarmac SL9 Comp: SRAM Rival AXS [8eb292f2],S-Works Tarmac SL9 LTD: Remco Evenepoel,,carretera,44,,44,,,,,501,366,"{""Longitud de biela"": ""165mm"", ""Ancho de manillar"": ""380mm"", ""Longitud Potencia"": ""75mm"", ""Saddle Width"": ""155mm"", ""Longitud Tija Sillín"": ""300mm"", ""Stack de cuadro"": ""501mm"", ""Reach de cuadro"": ""366mm"", ""Stack to Stem"": ""509mm"", ""Reach to Stem"": ""363mm"", ""Longitud de Pipa"": ""99mm"", ""Ángulo de Pipa"": ""70.5°"", ""Altura Pedalier"": ""266mm"", ""Caída Pedalier"": ""74mm"", ""Avance Horquilla"": ""71mm"", ""Longitud Horquilla"": ""370mm"", ""Avance/Retroceso Horquilla"": ""47mm"", ""Delante Centro"": ""567mm"", ""Longitud de vaina"": ""410mm"", ""Distancia entre ejes"": ""970mm"", ""Longitud Tubo Superior, Hrz."": ""496mm"", ""Bike Standover Height"": ""722mm"", ""Long. Tubo de Sillín"": ""433mm"", ""Ángulo de Tubo de Sillín"": ""75.5°""}",14999,false,https://www.specialized.com/es/es/s-works-tarmac-sl9-ltd-remco-evenepoel/p/4295589,https://www.specialized.com/es/es/s-works-tarmac-sl9-ltd-remco-evenepoel/p/4295589?color=5472517-4295589,html,2026-10-05
Specialized,Tarmac SL9 Comp: SRAM Rival AXS [8eb292f2],S-Works Tarmac SL9 LTD: Remco Evenepoel,,carretera,49,,49,,,,,514,375,"{""Longitud de biela"": ""165mm"", ""Ancho de manillar"": ""380mm"", ""Longitud Potencia"": ""75mm"", ""Saddle Width"": ""155mm"", ""Longitud Tija Sillín"": ""300mm"", ""Stack de cuadro"": ""514mm"", ""Reach de cuadro"": ""375mm"", ""Stack to Stem"": ""522mm"", ""Reach to Stem"": ""372mm"", ""Longitud de Pipa"": ""109mm"", ""Ángulo de Pipa"": ""71.75°"", ""Altura Pedalier"": ""266mm"", ""Caída Pedalier"": ""74mm"", ""Avance Horquilla"": ""63mm"", ""Longitud Horquilla"": ""370mm"", ""Avance/Retroceso Horquilla"": ""47mm"", ""Delante Centro"": ""570mm"", ""Longitud de vaina"": ""410mm"", ""Distancia entre ejes"": ""973mm"", ""Longitud Tubo Superior, Hrz."": ""509mm"", ""Bike Standover Height"": ""734mm"", ""Long. Tubo de Sillín"": ""445mm"", ""Ángulo de Tubo de Sillín"": ""75.5°""}",14999,false,https://www.specialized.com/es/es/s-works-tarmac-sl9-ltd-remco-evenepoel/p/4295589,https://www.specialized.com/es/es/s-works-tarmac-sl9-ltd-remco-evenepoel/p/4295589?color=5472517-4295589,html,2026-10-05
Specialized,Tarmac SL9 Comp: SRAM Rival AXS [8eb292f2],S-Works Tarmac SL9 LTD: Remco Evenepoel,,carretera,52,,52,,,,,527,380,"{""Longitud de biela"": ""165mm"", ""Ancho de manillar"": ""380mm"", ""Longitud Potencia"": ""90mm"", ""Saddle Width"": ""155mm"", ""Longitud Tija Sillín"": ""300mm"", ""Stack de cuadro"": ""527mm"", ""Reach de cuadro"": ""380mm"", ""Stack to Stem"": ""535mm"", ""Reach to Stem"": ""377mm"", ""Longitud de Pipa"": ""120mm"", ""Ángulo de Pipa"": ""72.5°"", ""Altura Pedalier"": ""266mm"", ""Caída Pedalier"": ""74mm"", ""Avance Horquilla"": ""58mm"", ""Longitud Horquilla"": ""370mm"", ""Avance/Retroceso Horquilla"": ""47mm"", ""Delante Centro"": ""572mm"", ""Longitud de vaina"": ""410mm"", ""Distancia entre ejes"": ""975mm"", ""Longitud Tubo Superior, Hrz."": ""531mm"", ""Bike Standover Height"": ""745mm"", ""Long. Tubo de Sillín"": ""456mm"", ""Ángulo de Tubo de Sillín"": ""74°""}",14999,false,https://www.specialized.com/es/es/s-works-tarmac-sl9-ltd-remco-evenepoel/p/4295589,https://www.specialized.com/es/es/s-works-tarmac-sl9-ltd-remco-evenepoel/p/4295589?color=5472517-4295589,html,2026-10-05
Specialized,Tarmac SL9 Comp: SRAM Rival AXS [8eb292f2],S-Works Tarmac SL9 LTD: Remco Evenepoel,,carretera,54,,54,,,,,544,384,"{""Longitud de biela"": ""170mm"", ""Ancho de manillar"": ""380mm"", ""Longitud Potencia"": ""100mm"", ""Saddle Width"": ""143mm"", ""Longitud Tija Sillín"": ""380mm"", ""Stack de cuadro"": ""544mm"", ""Reach de cuadro"": ""384mm"", ""Stack to Stem"": ""552mm"", ""Reach to Stem"": ""381mm"", ""Longitud de Pipa"": ""140mm"", ""Ángulo de Pipa"": ""72.5°"", ""Altura Pedalier"": ""268mm"", ""Caída Pedalier"": ""72mm"", ""Avance Horquilla"": ""58mm"", ""Longitud Horquilla"": ""370mm"", ""Avance/Retroceso Horquilla"": ""47mm"", ""Delante Centro"": ""582mm"", ""Longitud de vaina"": ""410mm"", ""Distancia entre ejes"": ""986mm"", ""Longitud Tubo Superior, Hrz."": ""540mm"", ""Bike Standover Height"": ""767mm"", ""Long. Tubo de Sillín"": ""473mm"", ""Ángulo de Tubo de Sillín"": ""74°""}",14999,false,https://www.specialized.com/es/es/s-works-tarmac-sl9-ltd-remco-evenepoel/p/4295589,https://www.specialized.com/es/es/s-works-tarmac-sl9-ltd-remco-evenepoel/p/4295589?color=5472517-4295589,html,2026-10-05
Specialized,Tarmac SL9 Comp: SRAM Rival AXS [8eb292f2],S-Works Tarmac SL9 LTD: Remco Evenepoel,,carretera,56,,56,,,,,565,395,"{""Longitud de biela"": ""170mm"", ""Ancho de manillar"": ""400mm"", ""Longitud Potencia"": ""100mm"", ""Saddle Width"": ""143mm"", ""Longitud Tija Sillín"": ""380mm"", ""Stack de cuadro"": ""565mm"", ""Reach de cuadro"": ""395mm"", ""Stack to Stem"": ""573mm"", ""Reach to Stem"": ""393mm"", ""Longitud de Pipa"": ""157mm"", ""Ángulo de Pipa"": ""73.5°"", ""Altura Pedalier"": ""268mm"", ""Caída Pedalier"": ""72mm"", ""Avance Horquilla"": ""55mm"", ""Longitud Horquilla"": ""370mm"", ""Avance/Retroceso Horquilla"": ""44mm"", ""Delante Centro"": ""587mm"", ""Longitud de vaina"": ""410mm"", ""Distancia entre ejes"": ""991mm"", ""Longitud Tubo Superior, Hrz."": ""563mm"", ""Bike Standover Height"": ""785mm"", ""Long. Tubo de Sillín"": ""494mm"", ""Ángulo de Tubo de Sillín"": ""73.5°""}",14999,false,https://www.specialized.com/es/es/s-works-tarmac-sl9-ltd-remco-evenepoel/p/4295589,https://www.specialized.com/es/es/s-works-tarmac-sl9-ltd-remco-evenepoel/p/4295589?color=5472517-4295589,html,2026-10-05
Specialized,Tarmac SL9 Comp: SRAM Rival AXS [8eb292f2],S-Works Tarmac SL9 LTD: Remco Evenepoel,,carretera,58,,58,,,,,591,402,"{""Longitud de biela"": ""172.5mm"", ""Ancho de manillar"": ""420mm"", ""Longitud Potencia"": ""110mm"", ""Saddle Width"": ""143mm"", ""Longitud Tija Sillín"": ""380mm"", ""Stack de cuadro"": ""591mm"", ""Reach de cuadro"": ""402mm"", ""Stack to Stem"": ""599mm"", ""Reach to Stem"": ""400mm"", ""Longitud de Pipa"": ""184mm"", ""Ángulo de Pipa"": ""73.5°"", ""Altura Pedalier"": ""268mm"", ""Caída Pedalier"": ""72mm"", ""Avance Horquilla"": ""55mm"", ""Longitud Horquilla"": ""370mm"", ""Avance/Retroceso Horquilla"": ""44mm"", ""Delante Centro"": ""602mm"", ""Longitud de vaina"": ""410mm"", ""Distancia entre ejes"": ""1006mm"", ""Longitud Tubo Superior, Hrz."": ""577mm"", ""Bike Standover Height"": ""807mm"", ""Long. Tubo de Sillín"": ""515mm"", ""Ángulo de Tubo de Sillín"": ""73.5°""}",14999,false,https://www.specialized.com/es/es/s-works-tarmac-sl9-ltd-remco-evenepoel/p/4295589,https://www.specialized.com/es/es/s-works-tarmac-sl9-ltd-remco-evenepoel/p/4295589?color=5472517-4295589,html,2026-10-05
Specialized,Tarmac SL9 Comp: SRAM Rival AXS [8eb292f2],S-Works Tarmac SL9 LTD: Remco Evenepoel,,carretera,61,,61,,,,,612,408,"{""Longitud de biela"": ""172.5mm"", ""Ancho de manillar"": ""420mm"", ""Longitud Potencia"": ""110mm"", ""Saddle Width"": ""143mm"", ""Longitud Tija Sillín"": ""380mm"", ""Stack de cuadro"": ""612mm"", ""Reach de cuadro"": ""408mm"", ""Stack to Stem"": ""620mm"", ""Reach to Stem"": ""406mm"", ""Longitud de Pipa"": ""204mm"", ""Ángulo de Pipa"": ""74°"", ""Altura Pedalier"": ""268mm"", ""Caída Pedalier"": ""72mm"", ""Avance Horquilla"": ""52mm"", ""Longitud Horquilla"": ""370mm"", ""Avance/Retroceso Horquilla"": ""44mm"", ""Delante Centro"": ""609mm"", ""Longitud de vaina"": ""410mm"", ""Distancia entre ejes"": ""1013mm"", ""Longitud Tubo Superior, Hrz."": ""595mm"", ""Bike Standover Height"": ""833mm"", ""Long. Tubo de Sillín"": ""545mm"", ""Ángulo de Tubo de Sillín"": ""73°""}",14999,false,https://www.specialized.com/es/es/s-works-tarmac-sl9-ltd-remco-evenepoel/p/4295589,https://www.specialized.com/es/es/s-works-tarmac-sl9-ltd-remco-evenepoel/p/4295589?color=5472517-4295589,html,2026-10-05
Specialized,Tarmac SL9 Comp: SRAM Rival AXS [8eb292f2],S-Works Tarmac SL9 LTD: Built for Legends,,carretera,44,,44,,,,,501,366,"{""Longitud de biela"": ""165mm"", ""Ancho de manillar"": ""380mm"", ""Longitud Potencia"": ""75mm"", ""Saddle Width"": ""155mm"", ""Longitud Tija Sillín"": ""300mm"", ""Stack de cuadro"": ""501mm"", ""Reach de cuadro"": ""366mm"", ""Stack to Stem"": ""509mm"", ""Reach to Stem"": ""363mm"", ""Longitud de Pipa"": ""99mm"", ""Ángulo de Pipa"": ""70.5°"", ""Altura Pedalier"": ""266mm"", ""Caída Pedalier"": ""74mm"", ""Avance Horquilla"": ""71mm"", ""Longitud Horquilla"": ""370mm"", ""Avance/Retroceso Horquilla"": ""47mm"", ""Delante Centro"": ""567mm"", ""Longitud de vaina"": ""410mm"", ""Distancia entre ejes"": ""970mm"", ""Longitud Tubo Superior, Hrz."": ""496mm"", ""Bike Standover Height"": ""722mm"", ""Long. Tubo de Sillín"": ""433mm"", ""Ángulo de Tubo de Sillín"": ""75.5°""}",14999,false,https://www.specialized.com/es/es/s-works-tarmac-sl9-ltd-built-for-legends/p/4296507,https://www.specialized.com/es/es/s-works-tarmac-sl9-ltd-built-for-legends/p/4296507?color=5474191-4296507,html,2026-10-05
Specialized,Tarmac SL9 Comp: SRAM Rival AXS [8eb292f2],S-Works Tarmac SL9 LTD: Built for Legends,,carretera,49,,49,,,,,514,375,"{""Longitud de biela"": ""165mm"", ""Ancho de manillar"": ""380mm"", ""Longitud Potencia"": ""75mm"", ""Saddle Width"": ""155mm"", ""Longitud Tija Sillín"": ""300mm"", ""Stack de cuadro"": ""514mm"", ""Reach de cuadro"": ""375mm"", ""Stack to Stem"": ""522mm"", ""Reach to Stem"": ""372mm"", ""Longitud de Pipa"": ""109mm"", ""Ángulo de Pipa"": ""71.75°"", ""Altura Pedalier"": ""266mm"", ""Caída Pedalier"": ""74mm"", ""Avance Horquilla"": ""63mm"", ""Longitud Horquilla"": ""370mm"", ""Avance/Retroceso Horquilla"": ""47mm"", ""Delante Centro"": ""570mm"", ""Longitud de vaina"": ""410mm"", ""Distancia entre ejes"": ""973mm"", ""Longitud Tubo Superior, Hrz."": ""509mm"", ""Bike Standover Height"": ""734mm"", ""Long. Tubo de Sillín"": ""445mm"", ""Ángulo de Tubo de Sillín"": ""75.5°""}",14999,false,https://www.specialized.com/es/es/s-works-tarmac-sl9-ltd-built-for-legends/p/4296507,https://www.specialized.com/es/es/s-works-tarmac-sl9-ltd-built-for-legends/p/4296507?color=5474191-4296507,html,2026-10-05
Specialized,Tarmac SL9 Comp: SRAM Rival AXS [8eb292f2],S-Works Tarmac SL9 LTD: Built for Legends,,carretera,52,,52,,,,,527,380,"{""Longitud de biela"": ""165mm"", ""Ancho de manillar"": ""380mm"", ""Longitud Potencia"": ""90mm"", ""Saddle Width"": ""155mm"", ""Longitud Tija Sillín"": ""300mm"", ""Stack de cuadro"": ""527mm"", ""Reach de cuadro"": ""380mm"", ""Stack to Stem"": ""535mm"", ""Reach to Stem"": ""377mm"", ""Longitud de Pipa"": ""120mm"", ""Ángulo de Pipa"": ""72.5°"", ""Altura Pedalier"": ""266mm"", ""Caída Pedalier"": ""74mm"", ""Avance Horquilla"": ""58mm"", ""Longitud Horquilla"": ""370mm"", ""Avance/Retroceso Horquilla"": ""47mm"", ""Delante Centro"": ""572mm"", ""Longitud de vaina"": ""410mm"", ""Distancia entre ejes"": ""975mm"", ""Longitud Tubo Superior, Hrz."": ""531mm"", ""Bike Standover Height"": ""745mm"", ""Long. Tubo de Sillín"": ""456mm"", ""Ángulo de Tubo de Sillín"": ""74°""}",14999,false,https://www.specialized.com/es/es/s-works-tarmac-sl9-ltd-built-for-legends/p/4296507,https://www.specialized.com/es/es/s-works-tarmac-sl9-ltd-built-for-legends/p/4296507?color=5474191-4296507,html,2026-10-05
Specialized,Tarmac SL9 Comp: SRAM Rival AXS [8eb292f2],S-Works Tarmac SL9 LTD: Built for Legends,,carretera,54,,54,,,,,544,384,"{""Longitud de biela"": ""170mm"", ""Ancho de manillar"": ""380mm"", ""Longitud Potencia"": ""100mm"", ""Saddle Width"": ""143mm"", ""Longitud Tija Sillín"": ""380mm"", ""Stack de cuadro"": ""544mm"", ""Reach de cuadro"": ""384mm"", ""Stack to Stem"": ""552mm"", ""Reach to Stem"": ""381mm"", ""Longitud de Pipa"": ""140mm"", ""Ángulo de Pipa"": ""72.5°"", ""Altura Pedalier"": ""268mm"", ""Caída Pedalier"": ""72mm"", ""Avance Horquilla"": ""58mm"", ""Longitud Horquilla"": ""370mm"", ""Avance/Retroceso Horquilla"": ""47mm"", ""Delante Centro"": ""582mm"", ""Longitud de vaina"": ""410mm"", ""Distancia entre ejes"": ""986mm"", ""Longitud Tubo Superior, Hrz."": ""540mm"", ""Bike Standover Height"": ""767mm"", ""Long. Tubo de Sillín"": ""473mm"", ""Ángulo de Tubo de Sillín"": ""74°""}",14999,false,https://www.specialized.com/es/es/s-works-tarmac-sl9-ltd-built-for-legends/p/4296507,https://www.specialized.com/es/es/s-works-tarmac-sl9-ltd-built-for-legends/p/4296507?color=5474191-4296507,html,2026-10-05
Specialized,Tarmac SL9 Comp: SRAM Rival AXS [8eb292f2],S-Works Tarmac SL9 LTD: Built for Legends,,carretera,56,,56,,,,,565,395,"{""Longitud de biela"": ""170mm"", ""Ancho de manillar"": ""400mm"", ""Longitud Potencia"": ""100mm"", ""Saddle Width"": ""143mm"", ""Longitud Tija Sillín"": ""380mm"", ""Stack de cuadro"": ""565mm"", ""Reach de cuadro"": ""395mm"", ""Stack to Stem"": ""573mm"", ""Reach to Stem"": ""393mm"", ""Longitud de Pipa"": ""157mm"", ""Ángulo de Pipa"": ""73.5°"", ""Altura Pedalier"": ""268mm"", ""Caída Pedalier"": ""72mm"", ""Avance Horquilla"": ""55mm"", ""Longitud Horquilla"": ""370mm"", ""Avance/Retroceso Horquilla"": ""44mm"", ""Delante Centro"": ""587mm"", ""Longitud de vaina"": ""410mm"", ""Distancia entre ejes"": ""991mm"", ""Longitud Tubo Superior, Hrz."": ""563mm"", ""Bike Standover Height"": ""785mm"", ""Long. Tubo de Sillín"": ""494mm"", ""Ángulo de Tubo de Sillín"": ""73.5°""}",14999,false,https://www.specialized.com/es/es/s-works-tarmac-sl9-ltd-built-for-legends/p/4296507,https://www.specialized.com/es/es/s-works-tarmac-sl9-ltd-built-for-legends/p/4296507?color=5474191-4296507,html,2026-10-05
Specialized,Tarmac SL9 Comp: SRAM Rival AXS [8eb292f2],S-Works Tarmac SL9 LTD: Built for Legends,,carretera,58,,58,,,,,591,402,"{""Longitud de biela"": ""172.5mm"", ""Ancho de manillar"": ""420mm"", ""Longitud Potencia"": ""110mm"", ""Saddle Width"": ""143mm"", ""Longitud Tija Sillín"": ""380mm"", ""Stack de cuadro"": ""591mm"", ""Reach de cuadro"": ""402mm"", ""Stack to Stem"": ""599mm"", ""Reach to Stem"": ""400mm"", ""Longitud de Pipa"": ""184mm"", ""Ángulo de Pipa"": ""73.5°"", ""Altura Pedalier"": ""268mm"", ""Caída Pedalier"": ""72mm"", ""Avance Horquilla"": ""55mm"", ""Longitud Horquilla"": ""370mm"", ""Avance/Retroceso Horquilla"": ""44mm"", ""Delante Centro"": ""602mm"", ""Longitud de vaina"": ""410mm"", ""Distancia entre ejes"": ""1006mm"", ""Longitud Tubo Superior, Hrz."": ""577mm"", ""Bike Standover Height"": ""807mm"", ""Long. Tubo de Sillín"": ""515mm"", ""Ángulo de Tubo de Sillín"": ""73.5°""}",14999,false,https://www.specialized.com/es/es/s-works-tarmac-sl9-ltd-built-for-legends/p/4296507,https://www.specialized.com/es/es/s-works-tarmac-sl9-ltd-built-for-legends/p/4296507?color=5474191-4296507,html,2026-10-05
Specialized,Tarmac SL9 Comp: SRAM Rival AXS [8eb292f2],S-Works Tarmac SL9 LTD: Built for Legends,,carretera,61,,61,,,,,612,408,"{""Longitud de biela"": ""172.5mm"", ""Ancho de manillar"": ""420mm"", ""Longitud Potencia"": ""110mm"", ""Saddle Width"": ""143mm"", ""Longitud Tija Sillín"": ""380mm"", ""Stack de cuadro"": ""612mm"", ""Reach de cuadro"": ""408mm"", ""Stack to Stem"": ""620mm"", ""Reach to Stem"": ""406mm"", ""Longitud de Pipa"": ""204mm"", ""Ángulo de Pipa"": ""74°"", ""Altura Pedalier"": ""268mm"", ""Caída Pedalier"": ""72mm"", ""Avance Horquilla"": ""52mm"", ""Longitud Horquilla"": ""370mm"", ""Avance/Retroceso Horquilla"": ""44mm"", ""Delante Centro"": ""609mm"", ""Longitud de vaina"": ""410mm"", ""Distancia entre ejes"": ""1013mm"", ""Longitud Tubo Superior, Hrz."": ""595mm"", ""Bike Standover Height"": ""833mm"", ""Long. Tubo de Sillín"": ""545mm"", ""Ángulo de Tubo de Sillín"": ""73°""}",14999,false,https://www.specialized.com/es/es/s-works-tarmac-sl9-ltd-built-for-legends/p/4296507,https://www.specialized.com/es/es/s-works-tarmac-sl9-ltd-built-for-legends/p/4296507?color=5474191-4296507,html,2026-10-05
Specialized,Tarmac SL9 Comp: SRAM Rival AXS [8eb292f2],S-Works Tarmac SL9: SRAM RED AXS,,carretera,44,,44,,,,,501,366,"{""Longitud de biela"": ""165mm"", ""Ancho de manillar"": ""380mm"", ""Longitud Potencia"": ""75mm"", ""Saddle Width"": ""155mm"", ""Longitud Tija Sillín"": ""300mm"", ""Stack de cuadro"": ""501mm"", ""Reach de cuadro"": ""366mm"", ""Stack to Stem"": ""509mm"", ""Reach to Stem"": ""363mm"", ""Longitud de Pipa"": ""99mm"", ""Ángulo de Pipa"": ""70.5°"", ""Altura Pedalier"": ""266mm"", ""Caída Pedalier"": ""74mm"", ""Avance Horquilla"": ""71mm"", ""Longitud Horquilla"": ""370mm"", ""Avance/Retroceso Horquilla"": ""47mm"", ""Delante Centro"": ""567mm"", ""Longitud de vaina"": ""410mm"", ""Distancia entre ejes"": ""970mm"", ""Longitud Tubo Superior, Hrz."": ""496mm"", ""Bike Standover Height"": ""722mm"", ""Long. Tubo de Sillín"": ""433mm"", ""Ángulo de Tubo de Sillín"": ""75.5°""}",13999,false,https://www.specialized.com/es/es/s-works-tarmac-sl9-sram-red-axs/p/4293533,https://www.specialized.com/es/es/s-works-tarmac-sl9-sram-red-axs/p/4293533?color=5470183-4293533,html,2026-10-05
Specialized,Tarmac SL9 Comp: SRAM Rival AXS [8eb292f2],S-Works Tarmac SL9: SRAM RED AXS,,carretera,49,,49,,,,,514,375,"{""Longitud de biela"": ""165mm"", ""Ancho de manillar"": ""380mm"", ""Longitud Potencia"": ""75mm"", ""Saddle Width"": ""155mm"", ""Longitud Tija Sillín"": ""300mm"", ""Stack de cuadro"": ""514mm"", ""Reach de cuadro"": ""375mm"", ""Stack to Stem"": ""522mm"", ""Reach to Stem"": ""372mm"", ""Longitud de Pipa"": ""109mm"", ""Ángulo de Pipa"": ""71.75°"", ""Altura Pedalier"": ""266mm"", ""Caída Pedalier"": ""74mm"", ""Avance Horquilla"": ""63mm"", ""Longitud Horquilla"": ""370mm"", ""Avance/Retroceso Horquilla"": ""47mm"", ""Delante Centro"": ""570mm"", ""Longitud de vaina"": ""410mm"", ""Distancia entre ejes"": ""973mm"", ""Longitud Tubo Superior, Hrz."": ""509mm"", ""Bike Standover Height"": ""734mm"", ""Long. Tubo de Sillín"": ""445mm"", ""Ángulo de Tubo de Sillín"": ""75.5°""}",13999,false,https://www.specialized.com/es/es/s-works-tarmac-sl9-sram-red-axs/p/4293533,https://www.specialized.com/es/es/s-works-tarmac-sl9-sram-red-axs/p/4293533?color=5470183-4293533,html,2026-10-05
Specialized,Tarmac SL9 Comp: SRAM Rival AXS [8eb292f2],S-Works Tarmac SL9: SRAM RED AXS,,carretera,52,,52,,,,,527,380,"{""Longitud de biela"": ""165mm"", ""Ancho de manillar"": ""380mm"", ""Longitud Potencia"": ""90mm"", ""Saddle Width"": ""155mm"", ""Longitud Tija Sillín"": ""300mm"", ""Stack de cuadro"": ""527mm"", ""Reach de cuadro"": ""380mm"", ""Stack to Stem"": ""535mm"", ""Reach to Stem"": ""377mm"", ""Longitud de Pipa"": ""120mm"", ""Ángulo de Pipa"": ""72.5°"", ""Altura Pedalier"": ""266mm"", ""Caída Pedalier"": ""74mm"", ""Avance Horquilla"": ""58mm"", ""Longitud Horquilla"": ""370mm"", ""Avance/Retroceso Horquilla"": ""47mm"", ""Delante Centro"": ""572mm"", ""Longitud de vaina"": ""410mm"", ""Distancia entre ejes"": ""975mm"", ""Longitud Tubo Superior, Hrz."": ""531mm"", ""Bike Standover Height"": ""745mm"", ""Long. Tubo de Sillín"": ""456mm"", ""Ángulo de Tubo de Sillín"": ""74°""}",13999,false,https://www.specialized.com/es/es/s-works-tarmac-sl9-sram-red-axs/p/4293533,https://www.specialized.com/es/es/s-works-tarmac-sl9-sram-red-axs/p/4293533?color=5470183-4293533,html,2026-10-05
Specialized,Tarmac SL9 Comp: SRAM Rival AXS [8eb292f2],S-Works Tarmac SL9: SRAM RED AXS,,carretera,54,,54,,,,,544,384,"{""Longitud de biela"": ""170mm"", ""Ancho de manillar"": ""380mm"", ""Longitud Potencia"": ""100mm"", ""Saddle Width"": ""143mm"", ""Longitud Tija Sillín"": ""380mm"", ""Stack de cuadro"": ""544mm"", ""Reach de cuadro"": ""384mm"", ""Stack to Stem"": ""552mm"", ""Reach to Stem"": ""381mm"", ""Longitud de Pipa"": ""140mm"", ""Ángulo de Pipa"": ""72.5°"", ""Altura Pedalier"": ""268mm"", ""Caída Pedalier"": ""72mm"", ""Avance Horquilla"": ""58mm"", ""Longitud Horquilla"": ""370mm"", ""Avance/Retroceso Horquilla"": ""47mm"", ""Delante Centro"": ""582mm"", ""Longitud de vaina"": ""410mm"", ""Distancia entre ejes"": ""986mm"", ""Longitud Tubo Superior, Hrz."": ""540mm"", ""Bike Standover Height"": ""767mm"", ""Long. Tubo de Sillín"": ""473mm"", ""Ángulo de Tubo de Sillín"": ""74°""}",13999,false,https://www.specialized.com/es/es/s-works-tarmac-sl9-sram-red-axs/p/4293533,https://www.specialized.com/es/es/s-works-tarmac-sl9-sram-red-axs/p/4293533?color=5470183-4293533,html,2026-10-05
Specialized,Tarmac SL9 Comp: SRAM Rival AXS [8eb292f2],S-Works Tarmac SL9: SRAM RED AXS,,carretera,56,,56,,,,,565,395,"{""Longitud de biela"": ""170mm"", ""Ancho de manillar"": ""400mm"", ""Longitud Potencia"": ""100mm"", ""Saddle Width"": ""143mm"", ""Longitud Tija Sillín"": ""380mm"", ""Stack de cuadro"": ""565mm"", ""Reach de cuadro"": ""395mm"", ""Stack to Stem"": ""573mm"", ""Reach to Stem"": ""393mm"", ""Longitud de Pipa"": ""157mm"", ""Ángulo de Pipa"": ""73.5°"", ""Altura Pedalier"": ""268mm"", ""Caída Pedalier"": ""72mm"", ""Avance Horquilla"": ""55mm"", ""Longitud Horquilla"": ""370mm"", ""Avance/Retroceso Horquilla"": ""44mm"", ""Delante Centro"": ""587mm"", ""Longitud de vaina"": ""410mm"", ""Distancia entre ejes"": ""991mm"", ""Longitud Tubo Superior, Hrz."": ""563mm"", ""Bike Standover Height"": ""785mm"", ""Long. Tubo de Sillín"": ""494mm"", ""Ángulo de Tubo de Sillín"": ""73.5°""}",13999,false,https://www.specialized.com/es/es/s-works-tarmac-sl9-sram-red-axs/p/4293533,https://www.specialized.com/es/es/s-works-tarmac-sl9-sram-red-axs/p/4293533?color=5470183-4293533,html,2026-10-05
Specialized,Tarmac SL9 Comp: SRAM Rival AXS [8eb292f2],S-Works Tarmac SL9: SRAM RED AXS,,carretera,58,,58,,,,,591,402,"{""Longitud de biela"": ""172.5mm"", ""Ancho de manillar"": ""420mm"", ""Longitud Potencia"": ""110mm"", ""Saddle Width"": ""143mm"", ""Longitud Tija Sillín"": ""380mm"", ""Stack de cuadro"": ""591mm"", ""Reach de cuadro"": ""402mm"", ""Stack to Stem"": ""599mm"", ""Reach to Stem"": ""400mm"", ""Longitud de Pipa"": ""184mm"", ""Ángulo de Pipa"": ""73.5°"", ""Altura Pedalier"": ""268mm"", ""Caída Pedalier"": ""72mm"", ""Avance Horquilla"": ""55mm"", ""Longitud Horquilla"": ""370mm"", ""Avance/Retroceso Horquilla"": ""44mm"", ""Delante Centro"": ""602mm"", ""Longitud de vaina"": ""410mm"", ""Distancia entre ejes"": ""1006mm"", ""Longitud Tubo Superior, Hrz."": ""577mm"", ""Bike Standover Height"": ""807mm"", ""Long. Tubo de Sillín"": ""515mm"", ""Ángulo de Tubo de Sillín"": ""73.5°""}",13999,false,https://www.specialized.com/es/es/s-works-tarmac-sl9-sram-red-axs/p/4293533,https://www.specialized.com/es/es/s-works-tarmac-sl9-sram-red-axs/p/4293533?color=5470183-4293533,html,2026-10-05
Specialized,Tarmac SL9 Comp: SRAM Rival AXS [8eb292f2],S-Works Tarmac SL9: SRAM RED AXS,,carretera,61,,61,,,,,612,408,"{""Longitud de biela"": ""172.5mm"", ""Ancho de manillar"": ""420mm"", ""Longitud Potencia"": ""110mm"", ""Saddle Width"": ""143mm"", ""Longitud Tija Sillín"": ""380mm"", ""Stack de cuadro"": ""612mm"", ""Reach de cuadro"": ""408mm"", ""Stack to Stem"": ""620mm"", ""Reach to Stem"": ""406mm"", ""Longitud de Pipa"": ""204mm"", ""Ángulo de Pipa"": ""74°"", ""Altura Pedalier"": ""268mm"", ""Caída Pedalier"": ""72mm"", ""Avance Horquilla"": ""52mm"", ""Longitud Horquilla"": ""370mm"", ""Avance/Retroceso Horquilla"": ""44mm"", ""Delante Centro"": ""609mm"", ""Longitud de vaina"": ""410mm"", ""Distancia entre ejes"": ""1013mm"", ""Longitud Tubo Superior, Hrz."": ""595mm"", ""Bike Standover Height"": ""833mm"", ""Long. Tubo de Sillín"": ""545mm"", ""Ángulo de Tubo de Sillín"": ""73°""}",13999,false,https://www.specialized.com/es/es/s-works-tarmac-sl9-sram-red-axs/p/4293533,https://www.specialized.com/es/es/s-works-tarmac-sl9-sram-red-axs/p/4293533?color=5470183-4293533,html,2026-10-05
Specialized,Tarmac SL9 Comp: SRAM Rival AXS [8eb292f2],S-Works Tarmac SL9: Shimano Dura-Ace Di2,,carretera,44,,44,,,,,501,366,"{""Longitud de biela"": ""165mm"", ""Ancho de manillar"": ""380mm"", ""Longitud Potencia"": ""75mm"", ""Saddle Width"": ""155mm"", ""Longitud Tija Sillín"": ""300mm"", ""Stack de cuadro"": ""501mm"", ""Reach de cuadro"": ""366mm"", ""Stack to Stem"": ""509mm"", ""Reach to Stem"": ""363mm"", ""Longitud de Pipa"": ""99mm"", ""Ángulo de Pipa"": ""70.5°"", ""Altura Pedalier"": ""266mm"", ""Caída Pedalier"": ""74mm"", ""Avance Horquilla"": ""71mm"", ""Longitud Horquilla"": ""370mm"", ""Avance/Retroceso Horquilla"": ""47mm"", ""Delante Centro"": ""567mm"", ""Longitud de vaina"": ""410mm"", ""Distancia entre ejes"": ""970mm"", ""Longitud Tubo Superior, Hrz."": ""496mm"", ""Bike Standover Height"": ""722mm"", ""Long. Tubo de Sillín"": ""433mm"", ""Ángulo de Tubo de Sillín"": ""75.5°""}",13999,false,https://www.specialized.com/es/es/s-works-tarmac-sl9-shimano-dura-ace-di2/p/4293532,https://www.specialized.com/es/es/s-works-tarmac-sl9-shimano-dura-ace-di2/p/4293532?color=5470182-4293532,html,2026-10-05
Specialized,Tarmac SL9 Comp: SRAM Rival AXS [8eb292f2],S-Works Tarmac SL9: Shimano Dura-Ace Di2,,carretera,49,,49,,,,,514,375,"{""Longitud de biela"": ""165mm"", ""Ancho de manillar"": ""380mm"", ""Longitud Potencia"": ""75mm"", ""Saddle Width"": ""155mm"", ""Longitud Tija Sillín"": ""300mm"", ""Stack de cuadro"": ""514mm"", ""Reach de cuadro"": ""375mm"", ""Stack to Stem"": ""522mm"", ""Reach to Stem"": ""372mm"", ""Longitud de Pipa"": ""109mm"", ""Ángulo de Pipa"": ""71.75°"", ""Altura Pedalier"": ""266mm"", ""Caída Pedalier"": ""74mm"", ""Avance Horquilla"": ""63mm"", ""Longitud Horquilla"": ""370mm"", ""Avance/Retroceso Horquilla"": ""47mm"", ""Delante Centro"": ""570mm"", ""Longitud de vaina"": ""410mm"", ""Distancia entre ejes"": ""973mm"", ""Longitud Tubo Superior, Hrz."": ""509mm"", ""Bike Standover Height"": ""734mm"", ""Long. Tubo de Sillín"": ""445mm"", ""Ángulo de Tubo de Sillín"": ""75.5°""}",13999,false,https://www.specialized.com/es/es/s-works-tarmac-sl9-shimano-dura-ace-di2/p/4293532,https://www.specialized.com/es/es/s-works-tarmac-sl9-shimano-dura-ace-di2/p/4293532?color=5470182-4293532,html,2026-10-05
Specialized,Tarmac SL9 Comp: SRAM Rival AXS [8eb292f2],S-Works Tarmac SL9: Shimano Dura-Ace Di2,,carretera,52,,52,,,,,527,380,"{""Longitud de biela"": ""165mm"", ""Ancho de manillar"": ""380mm"", ""Longitud Potencia"": ""90mm"", ""Saddle Width"": ""155mm"", ""Longitud Tija Sillín"": ""300mm"", ""Stack de cuadro"": ""527mm"", ""Reach de cuadro"": ""380mm"", ""Stack to Stem"": ""535mm"", ""Reach to Stem"": ""377mm"", ""Longitud de Pipa"": ""120mm"", ""Ángulo de Pipa"": ""72.5°"", ""Altura Pedalier"": ""266mm"", ""Caída Pedalier"": ""74mm"", ""Avance Horquilla"": ""58mm"", ""Longitud Horquilla"": ""370mm"", ""Avance/Retroceso Horquilla"": ""47mm"", ""Delante Centro"": ""572mm"", ""Longitud de vaina"": ""410mm"", ""Distancia entre ejes"": ""975mm"", ""Longitud Tubo Superior, Hrz."": ""531mm"", ""Bike Standover Height"": ""745mm"", ""Long. Tubo de Sillín"": ""456mm"", ""Ángulo de Tubo de Sillín"": ""74°""}",13999,false,https://www.specialized.com/es/es/s-works-tarmac-sl9-shimano-dura-ace-di2/p/4293532,https://www.specialized.com/es/es/s-works-tarmac-sl9-shimano-dura-ace-di2/p/4293532?color=5470182-4293532,html,2026-10-05
Specialized,Tarmac SL9 Comp: SRAM Rival AXS [8eb292f2],S-Works Tarmac SL9: Shimano Dura-Ace Di2,,carretera,54,,54,,,,,544,384,"{""Longitud de biela"": ""170mm"", ""Ancho de manillar"": ""380mm"", ""Longitud Potencia"": ""100mm"", ""Saddle Width"": ""143mm"", ""Longitud Tija Sillín"": ""380mm"", ""Stack de cuadro"": ""544mm"", ""Reach de cuadro"": ""384mm"", ""Stack to Stem"": ""552mm"", ""Reach to Stem"": ""381mm"", ""Longitud de Pipa"": ""140mm"", ""Ángulo de Pipa"": ""72.5°"", ""Altura Pedalier"": ""268mm"", ""Caída Pedalier"": ""72mm"", ""Avance Horquilla"": ""58mm"", ""Longitud Horquilla"": ""370mm"", ""Avance/Retroceso Horquilla"": ""47mm"", ""Delante Centro"": ""582mm"", ""Longitud de vaina"": ""410mm"", ""Distancia entre ejes"": ""986mm"", ""Longitud Tubo Superior, Hrz."": ""540mm"", ""Bike Standover Height"": ""767mm"", ""Long. Tubo de Sillín"": ""473mm"", ""Ángulo de Tubo de Sillín"": ""74°""}",13999,false,https://www.specialized.com/es/es/s-works-tarmac-sl9-shimano-dura-ace-di2/p/4293532,https://www.specialized.com/es/es/s-works-tarmac-sl9-shimano-dura-ace-di2/p/4293532?color=5470182-4293532,html,2026-10-05
Specialized,Tarmac SL9 Comp: SRAM Rival AXS [8eb292f2],S-Works Tarmac SL9: Shimano Dura-Ace Di2,,carretera,56,,56,,,,,565,395,"{""Longitud de biela"": ""170mm"", ""Ancho de manillar"": ""400mm"", ""Longitud Potencia"": ""100mm"", ""Saddle Width"": ""143mm"", ""Longitud Tija Sillín"": ""380mm"", ""Stack de cuadro"": ""565mm"", ""Reach de cuadro"": ""395mm"", ""Stack to Stem"": ""573mm"", ""Reach to Stem"": ""393mm"", ""Longitud de Pipa"": ""157mm"", ""Ángulo de Pipa"": ""73.5°"", ""Altura Pedalier"": ""268mm"", ""Caída Pedalier"": ""72mm"", ""Avance Horquilla"": ""55mm"", ""Longitud Horquilla"": ""370mm"", ""Avance/Retroceso Horquilla"": ""44mm"", ""Delante Centro"": ""587mm"", ""Longitud de vaina"": ""410mm"", ""Distancia entre ejes"": ""991mm"", ""Longitud Tubo Superior, Hrz."": ""563mm"", ""Bike Standover Height"": ""785mm"", ""Long. Tubo de Sillín"": ""494mm"", ""Ángulo de Tubo de Sillín"": ""73.5°""}",13999,false,https://www.specialized.com/es/es/s-works-tarmac-sl9-shimano-dura-ace-di2/p/4293532,https://www.specialized.com/es/es/s-works-tarmac-sl9-shimano-dura-ace-di2/p/4293532?color=5470182-4293532,html,2026-10-05
Specialized,Tarmac SL9 Comp: SRAM Rival AXS [8eb292f2],S-Works Tarmac SL9: Shimano Dura-Ace Di2,,carretera,58,,58,,,,,591,402,"{""Longitud de biela"": ""172.5mm"", ""Ancho de manillar"": ""420mm"", ""Longitud Potencia"": ""110mm"", ""Saddle Width"": ""143mm"", ""Longitud Tija Sillín"": ""380mm"", ""Stack de cuadro"": ""591mm"", ""Reach de cuadro"": ""402mm"", ""Stack to Stem"": ""599mm"", ""Reach to Stem"": ""400mm"", ""Longitud de Pipa"": ""184mm"", ""Ángulo de Pipa"": ""73.5°"", ""Altura Pedalier"": ""268mm"", ""Caída Pedalier"": ""72mm"", ""Avance Horquilla"": ""55mm"", ""Longitud Horquilla"": ""370mm"", ""Avance/Retroceso Horquilla"": ""44mm"", ""Delante Centro"": ""602mm"", ""Longitud de vaina"": ""410mm"", ""Distancia entre ejes"": ""1006mm"", ""Longitud Tubo Superior, Hrz."": ""577mm"", ""Bike Standover Height"": ""807mm"", ""Long. Tubo de Sillín"": ""515mm"", ""Ángulo de Tubo de Sillín"": ""73.5°""}",13999,false,https://www.specialized.com/es/es/s-works-tarmac-sl9-shimano-dura-ace-di2/p/4293532,https://www.specialized.com/es/es/s-works-tarmac-sl9-shimano-dura-ace-di2/p/4293532?color=5470182-4293532,html,2026-10-05
Specialized,Tarmac SL9 Comp: SRAM Rival AXS [8eb292f2],S-Works Tarmac SL9: Shimano Dura-Ace Di2,,carretera,61,,61,,,,,612,408,"{""Longitud de biela"": ""172.5mm"", ""Ancho de manillar"": ""420mm"", ""Longitud Potencia"": ""110mm"", ""Saddle Width"": ""143mm"", ""Longitud Tija Sillín"": ""380mm"", ""Stack de cuadro"": ""612mm"", ""Reach de cuadro"": ""408mm"", ""Stack to Stem"": ""620mm"", ""Reach to Stem"": ""406mm"", ""Longitud de Pipa"": ""204mm"", ""Ángulo de Pipa"": ""74°"", ""Altura Pedalier"": ""268mm"", ""Caída Pedalier"": ""72mm"", ""Avance Horquilla"": ""52mm"", ""Longitud Horquilla"": ""370mm"", ""Avance/Retroceso Horquilla"": ""44mm"", ""Delante Centro"": ""609mm"", ""Longitud de vaina"": ""410mm"", ""Distancia entre ejes"": ""1013mm"", ""Longitud Tubo Superior, Hrz."": ""595mm"", ""Bike Standover Height"": ""833mm"", ""Long. Tubo de Sillín"": ""545mm"", ""Ángulo de Tubo de Sillín"": ""73°""}",13999,false,https://www.specialized.com/es/es/s-works-tarmac-sl9-shimano-dura-ace-di2/p/4293532,https://www.specialized.com/es/es/s-works-tarmac-sl9-shimano-dura-ace-di2/p/4293532?color=5470182-4293532,html,2026-10-05
Specialized,Tarmac SL9 Comp: SRAM Rival AXS [8eb292f2],Tarmac SL9 S-Level: SRAM RED AXS,,carretera,44,,44,,,,,501,366,"{""Longitud de biela"": ""165mm"", ""Ancho de manillar"": ""380mm"", ""Longitud Potencia"": ""75mm"", ""Saddle Width"": ""155mm"", ""Longitud Tija Sillín"": ""300mm"", ""Stack de cuadro"": ""501mm"", ""Reach de cuadro"": ""366mm"", ""Stack to Stem"": ""509mm"", ""Reach to Stem"": ""363mm"", ""Longitud de Pipa"": ""99mm"", ""Ángulo de Pipa"": ""70.5°"", ""Altura Pedalier"": ""266mm"", ""Caída Pedalier"": ""74mm"", ""Avance Horquilla"": ""71mm"", ""Longitud Horquilla"": ""370mm"", ""Avance/Retroceso Horquilla"": ""47mm"", ""Delante Centro"": ""567mm"", ""Longitud de vaina"": ""410mm"", ""Distancia entre ejes"": ""970mm"", ""Longitud Tubo Superior, Hrz."": ""496mm"", ""Bike Standover Height"": ""722mm"", ""Long. Tubo de Sillín"": ""433mm"", ""Ángulo de Tubo de Sillín"": ""75.5°""}",10499,false,https://www.specialized.com/es/es/tarmac-sl9-s-level-sram-red-axs/p/4293534,https://www.specialized.com/es/es/tarmac-sl9-s-level-sram-red-axs/p/4293534?color=5470185-4293534,html,2026-10-05
Specialized,Tarmac SL9 Comp: SRAM Rival AXS [8eb292f2],Tarmac SL9 S-Level: SRAM RED AXS,,carretera,49,,49,,,,,514,375,"{""Longitud de biela"": ""165mm"", ""Ancho de manillar"": ""380mm"", ""Longitud Potencia"": ""75mm"", ""Saddle Width"": ""155mm"", ""Longitud Tija Sillín"": ""300mm"", ""Stack de cuadro"": ""514mm"", ""Reach de cuadro"": ""375mm"", ""Stack to Stem"": ""522mm"", ""Reach to Stem"": ""372mm"", ""Longitud de Pipa"": ""109mm"", ""Ángulo de Pipa"": ""71.75°"", ""Altura Pedalier"": ""266mm"", ""Caída Pedalier"": ""74mm"", ""Avance Horquilla"": ""63mm"", ""Longitud Horquilla"": ""370mm"", ""Avance/Retroceso Horquilla"": ""47mm"", ""Delante Centro"": ""570mm"", ""Longitud de vaina"": ""410mm"", ""Distancia entre ejes"": ""973mm"", ""Longitud Tubo Superior, Hrz."": ""509mm"", ""Bike Standover Height"": ""734mm"", ""Long. Tubo de Sillín"": ""445mm"", ""Ángulo de Tubo de Sillín"": ""75.5°""}",10499,false,https://www.specialized.com/es/es/tarmac-sl9-s-level-sram-red-axs/p/4293534,https://www.specialized.com/es/es/tarmac-sl9-s-level-sram-red-axs/p/4293534?color=5470185-4293534,html,2026-10-05
Specialized,Tarmac SL9 Comp: SRAM Rival AXS [8eb292f2],Tarmac SL9 S-Level: SRAM RED AXS,,carretera,52,,52,,,,,527,380,"{""Longitud de biela"": ""165mm"", ""Ancho de manillar"": ""380mm"", ""Longitud Potencia"": ""90mm"", ""Saddle Width"": ""155mm"", ""Longitud Tija Sillín"": ""300mm"", ""Stack de cuadro"": ""527mm"", ""Reach de cuadro"": ""380mm"", ""Stack to Stem"": ""535mm"", ""Reach to Stem"": ""377mm"", ""Longitud de Pipa"": ""120mm"", ""Ángulo de Pipa"": ""72.5°"", ""Altura Pedalier"": ""266mm"", ""Caída Pedalier"": ""74mm"", ""Avance Horquilla"": ""58mm"", ""Longitud Horquilla"": ""370mm"", ""Avance/Retroceso Horquilla"": ""47mm"", ""Delante Centro"": ""572mm"", ""Longitud de vaina"": ""410mm"", ""Distancia entre ejes"": ""975mm"", ""Longitud Tubo Superior, Hrz."": ""531mm"", ""Bike Standover Height"": ""745mm"", ""Long. Tubo de Sillín"": ""456mm"", ""Ángulo de Tubo de Sillín"": ""74°""}",10499,false,https://www.specialized.com/es/es/tarmac-sl9-s-level-sram-red-axs/p/4293534,https://www.specialized.com/es/es/tarmac-sl9-s-level-sram-red-axs/p/4293534?color=5470185-4293534,html,2026-10-05
Specialized,Tarmac SL9 Comp: SRAM Rival AXS [8eb292f2],Tarmac SL9 S-Level: SRAM RED AXS,,carretera,54,,54,,,,,544,384,"{""Longitud de biela"": ""170mm"", ""Ancho de manillar"": ""380mm"", ""Longitud Potencia"": ""100mm"", ""Saddle Width"": ""143mm"", ""Longitud Tija Sillín"": ""380mm"", ""Stack de cuadro"": ""544mm"", ""Reach de cuadro"": ""384mm"", ""Stack to Stem"": ""552mm"", ""Reach to Stem"": ""381mm"", ""Longitud de Pipa"": ""140mm"", ""Ángulo de Pipa"": ""72.5°"", ""Altura Pedalier"": ""268mm"", ""Caída Pedalier"": ""72mm"", ""Avance Horquilla"": ""58mm"", ""Longitud Horquilla"": ""370mm"", ""Avance/Retroceso Horquilla"": ""47mm"", ""Delante Centro"": ""582mm"", ""Longitud de vaina"": ""410mm"", ""Distancia entre ejes"": ""986mm"", ""Longitud Tubo Superior, Hrz."": ""540mm"", ""Bike Standover Height"": ""767mm"", ""Long. Tubo de Sillín"": ""473mm"", ""Ángulo de Tubo de Sillín"": ""74°""}",10499,false,https://www.specialized.com/es/es/tarmac-sl9-s-level-sram-red-axs/p/4293534,https://www.specialized.com/es/es/tarmac-sl9-s-level-sram-red-axs/p/4293534?color=5470185-4293534,html,2026-10-05
Specialized,Tarmac SL9 Comp: SRAM Rival AXS [8eb292f2],Tarmac SL9 S-Level: SRAM RED AXS,,carretera,56,,56,,,,,565,395,"{""Longitud de biela"": ""170mm"", ""Ancho de manillar"": ""400mm"", ""Longitud Potencia"": ""100mm"", ""Saddle Width"": ""143mm"", ""Longitud Tija Sillín"": ""380mm"", ""Stack de cuadro"": ""565mm"", ""Reach de cuadro"": ""395mm"", ""Stack to Stem"": ""573mm"", ""Reach to Stem"": ""393mm"", ""Longitud de Pipa"": ""157mm"", ""Ángulo de Pipa"": ""73.5°"", ""Altura Pedalier"": ""268mm"", ""Caída Pedalier"": ""72mm"", ""Avance Horquilla"": ""55mm"", ""Longitud Horquilla"": ""370mm"", ""Avance/Retroceso Horquilla"": ""44mm"", ""Delante Centro"": ""587mm"", ""Longitud de vaina"": ""410mm"", ""Distancia entre ejes"": ""991mm"", ""Longitud Tubo Superior, Hrz."": ""563mm"", ""Bike Standover Height"": ""785mm"", ""Long. Tubo de Sillín"": ""494mm"", ""Ángulo de Tubo de Sillín"": ""73.5°""}",10499,false,https://www.specialized.com/es/es/tarmac-sl9-s-level-sram-red-axs/p/4293534,https://www.specialized.com/es/es/tarmac-sl9-s-level-sram-red-axs/p/4293534?color=5470185-4293534,html,2026-10-05
Specialized,Tarmac SL9 Comp: SRAM Rival AXS [8eb292f2],Tarmac SL9 S-Level: SRAM RED AXS,,carretera,58,,58,,,,,591,402,"{""Longitud de biela"": ""172.5mm"", ""Ancho de manillar"": ""420mm"", ""Longitud Potencia"": ""110mm"", ""Saddle Width"": ""143mm"", ""Longitud Tija Sillín"": ""380mm"", ""Stack de cuadro"": ""591mm"", ""Reach de cuadro"": ""402mm"", ""Stack to Stem"": ""599mm"", ""Reach to Stem"": ""400mm"", ""Longitud de Pipa"": ""184mm"", ""Ángulo de Pipa"": ""73.5°"", ""Altura Pedalier"": ""268mm"", ""Caída Pedalier"": ""72mm"", ""Avance Horquilla"": ""55mm"", ""Longitud Horquilla"": ""370mm"", ""Avance/Retroceso Horquilla"": ""44mm"", ""Delante Centro"": ""602mm"", ""Longitud de vaina"": ""410mm"", ""Distancia entre ejes"": ""1006mm"", ""Longitud Tubo Superior, Hrz."": ""577mm"", ""Bike Standover Height"": ""807mm"", ""Long. Tubo de Sillín"": ""515mm"", ""Ángulo de Tubo de Sillín"": ""73.5°""}",10499,false,https://www.specialized.com/es/es/tarmac-sl9-s-level-sram-red-axs/p/4293534,https://www.specialized.com/es/es/tarmac-sl9-s-level-sram-red-axs/p/4293534?color=5470185-4293534,html,2026-10-05
Specialized,Tarmac SL9 Comp: SRAM Rival AXS [8eb292f2],Tarmac SL9 S-Level: SRAM RED AXS,,carretera,61,,61,,,,,612,408,"{""Longitud de biela"": ""172.5mm"", ""Ancho de manillar"": ""420mm"", ""Longitud Potencia"": ""110mm"", ""Saddle Width"": ""143mm"", ""Longitud Tija Sillín"": ""380mm"", ""Stack de cuadro"": ""612mm"", ""Reach de cuadro"": ""408mm"", ""Stack to Stem"": ""620mm"", ""Reach to Stem"": ""406mm"", ""Longitud de Pipa"": ""204mm"", ""Ángulo de Pipa"": ""74°"", ""Altura Pedalier"": ""268mm"", ""Caída Pedalier"": ""72mm"", ""Avance Horquilla"": ""52mm"", ""Longitud Horquilla"": ""370mm"", ""Avance/Retroceso Horquilla"": ""44mm"", ""Delante Centro"": ""609mm"", ""Longitud de vaina"": ""410mm"", ""Distancia entre ejes"": ""1013mm"", ""Longitud Tubo Superior, Hrz."": ""595mm"", ""Bike Standover Height"": ""833mm"", ""Long. Tubo de Sillín"": ""545mm"", ""Ángulo de Tubo de Sillín"": ""73°""}",10499,false,https://www.specialized.com/es/es/tarmac-sl9-s-level-sram-red-axs/p/4293534,https://www.specialized.com/es/es/tarmac-sl9-s-level-sram-red-axs/p/4293534?color=5470185-4293534,html,2026-10-05
Specialized,Tarmac SL9 Comp: SRAM Rival AXS [8eb292f2],Tarmac SL9 S-Level: Shimano Dura-Ace Di2,,carretera,44,,44,,,,,501,366,"{""Longitud de biela"": ""165mm"", ""Ancho de manillar"": ""380mm"", ""Longitud Potencia"": ""75mm"", ""Saddle Width"": ""155mm"", ""Longitud Tija Sillín"": ""300mm"", ""Stack de cuadro"": ""501mm"", ""Reach de cuadro"": ""366mm"", ""Stack to Stem"": ""509mm"", ""Reach to Stem"": ""363mm"", ""Longitud de Pipa"": ""99mm"", ""Ángulo de Pipa"": ""70.5°"", ""Altura Pedalier"": ""266mm"", ""Caída Pedalier"": ""74mm"", ""Avance Horquilla"": ""71mm"", ""Longitud Horquilla"": ""370mm"", ""Avance/Retroceso Horquilla"": ""47mm"", ""Delante Centro"": ""567mm"", ""Longitud de vaina"": ""410mm"", ""Distancia entre ejes"": ""970mm"", ""Longitud Tubo Superior, Hrz."": ""496mm"", ""Bike Standover Height"": ""722mm"", ""Long. Tubo de Sillín"": ""433mm"", ""Ángulo de Tubo de Sillín"": ""75.5°""}",10499,false,https://www.specialized.com/es/es/tarmac-sl9-s-level-shimano-dura-ace-di2/p/4293535,https://www.specialized.com/es/es/tarmac-sl9-s-level-shimano-dura-ace-di2/p/4293535?color=5470199-4293535,html,2026-10-05
Specialized,Tarmac SL9 Comp: SRAM Rival AXS [8eb292f2],Tarmac SL9 S-Level: Shimano Dura-Ace Di2,,carretera,49,,49,,,,,514,375,"{""Longitud de biela"": ""165mm"", ""Ancho de manillar"": ""380mm"", ""Longitud Potencia"": ""75mm"", ""Saddle Width"": ""155mm"", ""Longitud Tija Sillín"": ""300mm"", ""Stack de cuadro"": ""514mm"", ""Reach de cuadro"": ""375mm"", ""Stack to Stem"": ""522mm"", ""Reach to Stem"": ""372mm"", ""Longitud de Pipa"": ""109mm"", ""Ángulo de Pipa"": ""71.75°"", ""Altura Pedalier"": ""266mm"", ""Caída Pedalier"": ""74mm"", ""Avance Horquilla"": ""63mm"", ""Longitud Horquilla"": ""370mm"", ""Avance/Retroceso Horquilla"": ""47mm"", ""Delante Centro"": ""570mm"", ""Longitud de vaina"": ""410mm"", ""Distancia entre ejes"": ""973mm"", ""Longitud Tubo Superior, Hrz."": ""509mm"", ""Bike Standover Height"": ""734mm"", ""Long. Tubo de Sillín"": ""445mm"", ""Ángulo de Tubo de Sillín"": ""75.5°""}",10499,false,https://www.specialized.com/es/es/tarmac-sl9-s-level-shimano-dura-ace-di2/p/4293535,https://www.specialized.com/es/es/tarmac-sl9-s-level-shimano-dura-ace-di2/p/4293535?color=5470199-4293535,html,2026-10-05
Specialized,Tarmac SL9 Comp: SRAM Rival AXS [8eb292f2],Tarmac SL9 S-Level: Shimano Dura-Ace Di2,,carretera,52,,52,,,,,527,380,"{""Longitud de biela"": ""165mm"", ""Ancho de manillar"": ""380mm"", ""Longitud Potencia"": ""90mm"", ""Saddle Width"": ""155mm"", ""Longitud Tija Sillín"": ""300mm"", ""Stack de cuadro"": ""527mm"", ""Reach de cuadro"": ""380mm"", ""Stack to Stem"": ""535mm"", ""Reach to Stem"": ""377mm"", ""Longitud de Pipa"": ""120mm"", ""Ángulo de Pipa"": ""72.5°"", ""Altura Pedalier"": ""266mm"", ""Caída Pedalier"": ""74mm"", ""Avance Horquilla"": ""58mm"", ""Longitud Horquilla"": ""370mm"", ""Avance/Retroceso Horquilla"": ""47mm"", ""Delante Centro"": ""572mm"", ""Longitud de vaina"": ""410mm"", ""Distancia entre ejes"": ""975mm"", ""Longitud Tubo Superior, Hrz."": ""531mm"", ""Bike Standover Height"": ""745mm"", ""Long. Tubo de Sillín"": ""456mm"", ""Ángulo de Tubo de Sillín"": ""74°""}",10499,false,https://www.specialized.com/es/es/tarmac-sl9-s-level-shimano-dura-ace-di2/p/4293535,https://www.specialized.com/es/es/tarmac-sl9-s-level-shimano-dura-ace-di2/p/4293535?color=5470199-4293535,html,2026-10-05
Specialized,Tarmac SL9 Comp: SRAM Rival AXS [8eb292f2],Tarmac SL9 S-Level: Shimano Dura-Ace Di2,,carretera,54,,54,,,,,544,384,"{""Longitud de biela"": ""170mm"", ""Ancho de manillar"": ""380mm"", ""Longitud Potencia"": ""100mm"", ""Saddle Width"": ""143mm"", ""Longitud Tija Sillín"": ""380mm"", ""Stack de cuadro"": ""544mm"", ""Reach de cuadro"": ""384mm"", ""Stack to Stem"": ""552mm"", ""Reach to Stem"": ""381mm"", ""Longitud de Pipa"": ""140mm"", ""Ángulo de Pipa"": ""72.5°"", ""Altura Pedalier"": ""268mm"", ""Caída Pedalier"": ""72mm"", ""Avance Horquilla"": ""58mm"", ""Longitud Horquilla"": ""370mm"", ""Avance/Retroceso Horquilla"": ""47mm"", ""Delante Centro"": ""582mm"", ""Longitud de vaina"": ""410mm"", ""Distancia entre ejes"": ""986mm"", ""Longitud Tubo Superior, Hrz."": ""540mm"", ""Bike Standover Height"": ""767mm"", ""Long. Tubo de Sillín"": ""473mm"", ""Ángulo de Tubo de Sillín"": ""74°""}",10499,false,https://www.specialized.com/es/es/tarmac-sl9-s-level-shimano-dura-ace-di2/p/4293535,https://www.specialized.com/es/es/tarmac-sl9-s-level-shimano-dura-ace-di2/p/4293535?color=5470199-4293535,html,2026-10-05
Specialized,Tarmac SL9 Comp: SRAM Rival AXS [8eb292f2],Tarmac SL9 S-Level: Shimano Dura-Ace Di2,,carretera,56,,56,,,,,565,395,"{""Longitud de biela"": ""170mm"", ""Ancho de manillar"": ""400mm"", ""Longitud Potencia"": ""100mm"", ""Saddle Width"": ""143mm"", ""Longitud Tija Sillín"": ""380mm"", ""Stack de cuadro"": ""565mm"", ""Reach de cuadro"": ""395mm"", ""Stack to Stem"": ""573mm"", ""Reach to Stem"": ""393mm"", ""Longitud de Pipa"": ""157mm"", ""Ángulo de Pipa"": ""73.5°"", ""Altura Pedalier"": ""268mm"", ""Caída Pedalier"": ""72mm"", ""Avance Horquilla"": ""55mm"", ""Longitud Horquilla"": ""370mm"", ""Avance/Retroceso Horquilla"": ""44mm"", ""Delante Centro"": ""587mm"", ""Longitud de vaina"": ""410mm"", ""Distancia entre ejes"": ""991mm"", ""Longitud Tubo Superior, Hrz."": ""563mm"", ""Bike Standover Height"": ""785mm"", ""Long. Tubo de Sillín"": ""494mm"", ""Ángulo de Tubo de Sillín"": ""73.5°""}",10499,false,https://www.specialized.com/es/es/tarmac-sl9-s-level-shimano-dura-ace-di2/p/4293535,https://www.specialized.com/es/es/tarmac-sl9-s-level-shimano-dura-ace-di2/p/4293535?color=5470199-4293535,html,2026-10-05
Specialized,Tarmac SL9 Comp: SRAM Rival AXS [8eb292f2],Tarmac SL9 S-Level: Shimano Dura-Ace Di2,,carretera,58,,58,,,,,591,402,"{""Longitud de biela"": ""172.5mm"", ""Ancho de manillar"": ""420mm"", ""Longitud Potencia"": ""110mm"", ""Saddle Width"": ""143mm"", ""Longitud Tija Sillín"": ""380mm"", ""Stack de cuadro"": ""591mm"", ""Reach de cuadro"": ""402mm"", ""Stack to Stem"": ""599mm"", ""Reach to Stem"": ""400mm"", ""Longitud de Pipa"": ""184mm"", ""Ángulo de Pipa"": ""73.5°"", ""Altura Pedalier"": ""268mm"", ""Caída Pedalier"": ""72mm"", ""Avance Horquilla"": ""55mm"", ""Longitud Horquilla"": ""370mm"", ""Avance/Retroceso Horquilla"": ""44mm"", ""Delante Centro"": ""602mm"", ""Longitud de vaina"": ""410mm"", ""Distancia entre ejes"": ""1006mm"", ""Longitud Tubo Superior, Hrz."": ""577mm"", ""Bike Standover Height"": ""807mm"", ""Long. Tubo de Sillín"": ""515mm"", ""Ángulo de Tubo de Sillín"": ""73.5°""}",10499,false,https://www.specialized.com/es/es/tarmac-sl9-s-level-shimano-dura-ace-di2/p/4293535,https://www.specialized.com/es/es/tarmac-sl9-s-level-shimano-dura-ace-di2/p/4293535?color=5470199-4293535,html,2026-10-05
Specialized,Tarmac SL9 Comp: SRAM Rival AXS [8eb292f2],Tarmac SL9 S-Level: Shimano Dura-Ace Di2,,carretera,61,,61,,,,,612,408,"{""Longitud de biela"": ""172.5mm"", ""Ancho de manillar"": ""420mm"", ""Longitud Potencia"": ""110mm"", ""Saddle Width"": ""143mm"", ""Longitud Tija Sillín"": ""380mm"", ""Stack de cuadro"": ""612mm"", ""Reach de cuadro"": ""408mm"", ""Stack to Stem"": ""620mm"", ""Reach to Stem"": ""406mm"", ""Longitud de Pipa"": ""204mm"", ""Ángulo de Pipa"": ""74°"", ""Altura Pedalier"": ""268mm"", ""Caída Pedalier"": ""72mm"", ""Avance Horquilla"": ""52mm"", ""Longitud Horquilla"": ""370mm"", ""Avance/Retroceso Horquilla"": ""44mm"", ""Delante Centro"": ""609mm"", ""Longitud de vaina"": ""410mm"", ""Distancia entre ejes"": ""1013mm"", ""Longitud Tubo Superior, Hrz."": ""595mm"", ""Bike Standover Height"": ""833mm"", ""Long. Tubo de Sillín"": ""545mm"", ""Ángulo de Tubo de Sillín"": ""73°""}",10499,false,https://www.specialized.com/es/es/tarmac-sl9-s-level-shimano-dura-ace-di2/p/4293535,https://www.specialized.com/es/es/tarmac-sl9-s-level-shimano-dura-ace-di2/p/4293535?color=5470199-4293535,html,2026-10-05
Specialized,Tarmac SL9 Comp: SRAM Rival AXS [8eb292f2],Tarmac SL9 Expert: Shimano Ultegra Di2,,carretera,44,,44,,,,,501,366,"{""Longitud de biela"": ""165mm"", ""Ancho de manillar"": ""380mm"", ""Longitud Potencia"": ""80mm"", ""Saddle Width"": ""155mm"", ""Longitud Tija Sillín"": ""300mm"", ""Stack de cuadro"": ""501mm"", ""Reach de cuadro"": ""366mm"", ""Stack to Stem"": ""509mm"", ""Reach to Stem"": ""363mm"", ""Longitud de Pipa"": ""99mm"", ""Ángulo de Pipa"": ""70.5°"", ""Altura Pedalier"": ""266mm"", ""Caída Pedalier"": ""74mm"", ""Avance Horquilla"": ""71mm"", ""Longitud Horquilla"": ""370mm"", ""Avance/Retroceso Horquilla"": ""47mm"", ""Delante Centro"": ""567mm"", ""Longitud de vaina"": ""410mm"", ""Distancia entre ejes"": ""970mm"", ""Longitud Tubo Superior, Hrz."": ""496mm"", ""Bike Standover Height"": ""722mm"", ""Long. Tubo de Sillín"": ""433mm"", ""Ángulo de Tubo de Sillín"": ""75.5°""}",6999,false,https://www.specialized.com/es/es/tarmac-sl9-expert-shimano-ultegra-di2/p/4293531,https://www.specialized.com/es/es/tarmac-sl9-expert-shimano-ultegra-di2/p/4293531?color=5470178-4293531,html,2026-10-05
Specialized,Tarmac SL9 Comp: SRAM Rival AXS [8eb292f2],Tarmac SL9 Expert: Shimano Ultegra Di2,,carretera,49,,49,,,,,514,375,"{""Longitud de biela"": ""165mm"", ""Ancho de manillar"": ""380mm"", ""Longitud Potencia"": ""80mm"", ""Saddle Width"": ""155mm"", ""Longitud Tija Sillín"": ""300mm"", ""Stack de cuadro"": ""514mm"", ""Reach de cuadro"": ""375mm"", ""Stack to Stem"": ""522mm"", ""Reach to Stem"": ""372mm"", ""Longitud de Pipa"": ""109mm"", ""Ángulo de Pipa"": ""71.75°"", ""Altura Pedalier"": ""266mm"", ""Caída Pedalier"": ""74mm"", ""Avance Horquilla"": ""63mm"", ""Longitud Horquilla"": ""370mm"", ""Avance/Retroceso Horquilla"": ""47mm"", ""Delante Centro"": ""570mm"", ""Longitud de vaina"": ""410mm"", ""Distancia entre ejes"": ""973mm"", ""Longitud Tubo Superior, Hrz."": ""509mm"", ""Bike Standover Height"": ""734mm"", ""Long. Tubo de Sillín"": ""445mm"", ""Ángulo de Tubo de Sillín"": ""75.5°""}",6999,false,https://www.specialized.com/es/es/tarmac-sl9-expert-shimano-ultegra-di2/p/4293531,https://www.specialized.com/es/es/tarmac-sl9-expert-shimano-ultegra-di2/p/4293531?color=5470178-4293531,html,2026-10-05
Specialized,Tarmac SL9 Comp: SRAM Rival AXS [8eb292f2],Tarmac SL9 Expert: Shimano Ultegra Di2,,carretera,52,,52,,,,,527,380,"{""Longitud de biela"": ""165mm"", ""Ancho de manillar"": ""380mm"", ""Longitud Potencia"": ""90mm"", ""Saddle Width"": ""155mm"", ""Longitud Tija Sillín"": ""300mm"", ""Stack de cuadro"": ""527mm"", ""Reach de cuadro"": ""380mm"", ""Stack to Stem"": ""535mm"", ""Reach to Stem"": ""377mm"", ""Longitud de Pipa"": ""120mm"", ""Ángulo de Pipa"": ""72.5°"", ""Altura Pedalier"": ""266mm"", ""Caída Pedalier"": ""74mm"", ""Avance Horquilla"": ""58mm"", ""Longitud Horquilla"": ""370mm"", ""Avance/Retroceso Horquilla"": ""47mm"", ""Delante Centro"": ""572mm"", ""Longitud de vaina"": ""410mm"", ""Distancia entre ejes"": ""975mm"", ""Longitud Tubo Superior, Hrz."": ""531mm"", ""Bike Standover Height"": ""745mm"", ""Long. Tubo de Sillín"": ""456mm"", ""Ángulo de Tubo de Sillín"": ""74°""}",6999,false,https://www.specialized.com/es/es/tarmac-sl9-expert-shimano-ultegra-di2/p/4293531,https://www.specialized.com/es/es/tarmac-sl9-expert-shimano-ultegra-di2/p/4293531?color=5470178-4293531,html,2026-10-05
Specialized,Tarmac SL9 Comp: SRAM Rival AXS [8eb292f2],Tarmac SL9 Expert: Shimano Ultegra Di2,,carretera,54,,54,,,,,544,384,"{""Longitud de biela"": ""170mm"", ""Ancho de manillar"": ""380mm"", ""Longitud Potencia"": ""100mm"", ""Saddle Width"": ""143mm"", ""Longitud Tija Sillín"": ""380mm"", ""Stack de cuadro"": ""544mm"", ""Reach de cuadro"": ""384mm"", ""Stack to Stem"": ""552mm"", ""Reach to Stem"": ""381mm"", ""Longitud de Pipa"": ""140mm"", ""Ángulo de Pipa"": ""72.5°"", ""Altura Pedalier"": ""268mm"", ""Caída Pedalier"": ""72mm"", ""Avance Horquilla"": ""58mm"", ""Longitud Horquilla"": ""370mm"", ""Avance/Retroceso Horquilla"": ""47mm"", ""Delante Centro"": ""582mm"", ""Longitud de vaina"": ""410mm"", ""Distancia entre ejes"": ""986mm"", ""Longitud Tubo Superior, Hrz."": ""540mm"", ""Bike Standover Height"": ""767mm"", ""Long. Tubo de Sillín"": ""473mm"", ""Ángulo de Tubo de Sillín"": ""74°""}",6999,false,https://www.specialized.com/es/es/tarmac-sl9-expert-shimano-ultegra-di2/p/4293531,https://www.specialized.com/es/es/tarmac-sl9-expert-shimano-ultegra-di2/p/4293531?color=5470178-4293531,html,2026-10-05
Specialized,Tarmac SL9 Comp: SRAM Rival AXS [8eb292f2],Tarmac SL9 Expert: Shimano Ultegra Di2,,carretera,56,,56,,,,,565,395,"{""Longitud de biela"": ""170mm"", ""Ancho de manillar"": ""400mm"", ""Longitud Potencia"": ""100mm"", ""Saddle Width"": ""143mm"", ""Longitud Tija Sillín"": ""380mm"", ""Stack de cuadro"": ""565mm"", ""Reach de cuadro"": ""395mm"", ""Stack to Stem"": ""573mm"", ""Reach to Stem"": ""393mm"", ""Longitud de Pipa"": ""157mm"", ""Ángulo de Pipa"": ""73.5°"", ""Altura Pedalier"": ""268mm"", ""Caída Pedalier"": ""72mm"", ""Avance Horquilla"": ""55mm"", ""Longitud Horquilla"": ""370mm"", ""Avance/Retroceso Horquilla"": ""44mm"", ""Delante Centro"": ""587mm"", ""Longitud de vaina"": ""410mm"", ""Distancia entre ejes"": ""991mm"", ""Longitud Tubo Superior, Hrz."": ""563mm"", ""Bike Standover Height"": ""785mm"", ""Long. Tubo de Sillín"": ""494mm"", ""Ángulo de Tubo de Sillín"": ""73.5°""}",6999,false,https://www.specialized.com/es/es/tarmac-sl9-expert-shimano-ultegra-di2/p/4293531,https://www.specialized.com/es/es/tarmac-sl9-expert-shimano-ultegra-di2/p/4293531?color=5470178-4293531,html,2026-10-05
Specialized,Tarmac SL9 Comp: SRAM Rival AXS [8eb292f2],Tarmac SL9 Expert: Shimano Ultegra Di2,,carretera,58,,58,,,,,591,402,"{""Longitud de biela"": ""172.5mm"", ""Ancho de manillar"": ""420mm"", ""Longitud Potencia"": ""110mm"", ""Saddle Width"": ""143mm"", ""Longitud Tija Sillín"": ""380mm"", ""Stack de cuadro"": ""591mm"", ""Reach de cuadro"": ""402mm"", ""Stack to Stem"": ""599mm"", ""Reach to Stem"": ""400mm"", ""Longitud de Pipa"": ""184mm"", ""Ángulo de Pipa"": ""73.5°"", ""Altura Pedalier"": ""268mm"", ""Caída Pedalier"": ""72mm"", ""Avance Horquilla"": ""55mm"", ""Longitud Horquilla"": ""370mm"", ""Avance/Retroceso Horquilla"": ""44mm"", ""Delante Centro"": ""602mm"", ""Longitud de vaina"": ""410mm"", ""Distancia entre ejes"": ""1006mm"", ""Longitud Tubo Superior, Hrz."": ""577mm"", ""Bike Standover Height"": ""807mm"", ""Long. Tubo de Sillín"": ""515mm"", ""Ángulo de Tubo de Sillín"": ""73.5°""}",6999,false,https://www.specialized.com/es/es/tarmac-sl9-expert-shimano-ultegra-di2/p/4293531,https://www.specialized.com/es/es/tarmac-sl9-expert-shimano-ultegra-di2/p/4293531?color=5470178-4293531,html,2026-10-05
Specialized,Tarmac SL9 Comp: SRAM Rival AXS [8eb292f2],Tarmac SL9 Expert: Shimano Ultegra Di2,,carretera,61,,61,,,,,612,408,"{""Longitud de biela"": ""172.5mm"", ""Ancho de manillar"": ""420mm"", ""Longitud Potencia"": ""110mm"", ""Saddle Width"": ""143mm"", ""Longitud Tija Sillín"": ""380mm"", ""Stack de cuadro"": ""612mm"", ""Reach de cuadro"": ""408mm"", ""Stack to Stem"": ""620mm"", ""Reach to Stem"": ""406mm"", ""Longitud de Pipa"": ""204mm"", ""Ángulo de Pipa"": ""74°"", ""Altura Pedalier"": ""268mm"", ""Caída Pedalier"": ""72mm"", ""Avance Horquilla"": ""52mm"", ""Longitud Horquilla"": ""370mm"", ""Avance/Retroceso Horquilla"": ""44mm"", ""Delante Centro"": ""609mm"", ""Longitud de vaina"": ""410mm"", ""Distancia entre ejes"": ""1013mm"", ""Longitud Tubo Superior, Hrz."": ""595mm"", ""Bike Standover Height"": ""833mm"", ""Long. Tubo de Sillín"": ""545mm"", ""Ángulo de Tubo de Sillín"": ""73°""}",6999,false,https://www.specialized.com/es/es/tarmac-sl9-expert-shimano-ultegra-di2/p/4293531,https://www.specialized.com/es/es/tarmac-sl9-expert-shimano-ultegra-di2/p/4293531?color=5470178-4293531,html,2026-10-05
Specialized,Tarmac SL9 Comp: SRAM Rival AXS [8eb292f2],Tarmac SL9 Expert: SRAM Force AXS,,carretera,44,,44,,,,,501,366,"{""Longitud de biela"": ""165mm"", ""Ancho de manillar"": ""380mm"", ""Longitud Potencia"": ""80mm"", ""Saddle Width"": ""155mm"", ""Longitud Tija Sillín"": ""300mm"", ""Stack de cuadro"": ""501mm"", ""Reach de cuadro"": ""366mm"", ""Stack to Stem"": ""509mm"", ""Reach to Stem"": ""363mm"", ""Longitud de Pipa"": ""99mm"", ""Ángulo de Pipa"": ""70.5°"", ""Altura Pedalier"": ""266mm"", ""Caída Pedalier"": ""74mm"", ""Avance Horquilla"": ""71mm"", ""Longitud Horquilla"": ""370mm"", ""Avance/Retroceso Horquilla"": ""47mm"", ""Delante Centro"": ""567mm"", ""Longitud de vaina"": ""410mm"", ""Distancia entre ejes"": ""970mm"", ""Longitud Tubo Superior, Hrz."": ""496mm"", ""Bike Standover Height"": ""722mm"", ""Long. Tubo de Sillín"": ""433mm"", ""Ángulo de Tubo de Sillín"": ""75.5°""}",6999,false,https://www.specialized.com/es/es/tarmac-sl9-expert-sram-force-axs/p/4293530,https://www.specialized.com/es/es/tarmac-sl9-expert-sram-force-axs/p/4293530?color=5470188-4293530,html,2026-10-05
Specialized,Tarmac SL9 Comp: SRAM Rival AXS [8eb292f2],Tarmac SL9 Expert: SRAM Force AXS,,carretera,49,,49,,,,,514,375,"{""Longitud de biela"": ""165mm"", ""Ancho de manillar"": ""380mm"", ""Longitud Potencia"": ""80mm"", ""Saddle Width"": ""155mm"", ""Longitud Tija Sillín"": ""300mm"", ""Stack de cuadro"": ""514mm"", ""Reach de cuadro"": ""375mm"", ""Stack to Stem"": ""522mm"", ""Reach to Stem"": ""372mm"", ""Longitud de Pipa"": ""109mm"", ""Ángulo de Pipa"": ""71.75°"", ""Altura Pedalier"": ""266mm"", ""Caída Pedalier"": ""74mm"", ""Avance Horquilla"": ""63mm"", ""Longitud Horquilla"": ""370mm"", ""Avance/Retroceso Horquilla"": ""47mm"", ""Delante Centro"": ""570mm"", ""Longitud de vaina"": ""410mm"", ""Distancia entre ejes"": ""973mm"", ""Longitud Tubo Superior, Hrz."": ""509mm"", ""Bike Standover Height"": ""734mm"", ""Long. Tubo de Sillín"": ""445mm"", ""Ángulo de Tubo de Sillín"": ""75.5°""}",6999,false,https://www.specialized.com/es/es/tarmac-sl9-expert-sram-force-axs/p/4293530,https://www.specialized.com/es/es/tarmac-sl9-expert-sram-force-axs/p/4293530?color=5470188-4293530,html,2026-10-05
Specialized,Tarmac SL9 Comp: SRAM Rival AXS [8eb292f2],Tarmac SL9 Expert: SRAM Force AXS,,carretera,52,,52,,,,,527,380,"{""Longitud de biela"": ""165mm"", ""Ancho de manillar"": ""380mm"", ""Longitud Potencia"": ""90mm"", ""Saddle Width"": ""155mm"", ""Longitud Tija Sillín"": ""300mm"", ""Stack de cuadro"": ""527mm"", ""Reach de cuadro"": ""380mm"", ""Stack to Stem"": ""535mm"", ""Reach to Stem"": ""377mm"", ""Longitud de Pipa"": ""120mm"", ""Ángulo de Pipa"": ""72.5°"", ""Altura Pedalier"": ""266mm"", ""Caída Pedalier"": ""74mm"", ""Avance Horquilla"": ""58mm"", ""Longitud Horquilla"": ""370mm"", ""Avance/Retroceso Horquilla"": ""47mm"", ""Delante Centro"": ""572mm"", ""Longitud de vaina"": ""410mm"", ""Distancia entre ejes"": ""975mm"", ""Longitud Tubo Superior, Hrz."": ""531mm"", ""Bike Standover Height"": ""745mm"", ""Long. Tubo de Sillín"": ""456mm"", ""Ángulo de Tubo de Sillín"": ""74°""}",6999,false,https://www.specialized.com/es/es/tarmac-sl9-expert-sram-force-axs/p/4293530,https://www.specialized.com/es/es/tarmac-sl9-expert-sram-force-axs/p/4293530?color=5470188-4293530,html,2026-10-05
Specialized,Tarmac SL9 Comp: SRAM Rival AXS [8eb292f2],Tarmac SL9 Expert: SRAM Force AXS,,carretera,54,,54,,,,,544,384,"{""Longitud de biela"": ""170mm"", ""Ancho de manillar"": ""380mm"", ""Longitud Potencia"": ""100mm"", ""Saddle Width"": ""143mm"", ""Longitud Tija Sillín"": ""380mm"", ""Stack de cuadro"": ""544mm"", ""Reach de cuadro"": ""384mm"", ""Stack to Stem"": ""552mm"", ""Reach to Stem"": ""381mm"", ""Longitud de Pipa"": ""140mm"", ""Ángulo de Pipa"": ""72.5°"", ""Altura Pedalier"": ""268mm"", ""Caída Pedalier"": ""72mm"", ""Avance Horquilla"": ""58mm"", ""Longitud Horquilla"": ""370mm"", ""Avance/Retroceso Horquilla"": ""47mm"", ""Delante Centro"": ""582mm"", ""Longitud de vaina"": ""410mm"", ""Distancia entre ejes"": ""986mm"", ""Longitud Tubo Superior, Hrz."": ""540mm"", ""Bike Standover Height"": ""767mm"", ""Long. Tubo de Sillín"": ""473mm"", ""Ángulo de Tubo de Sillín"": ""74°""}",6999,false,https://www.specialized.com/es/es/tarmac-sl9-expert-sram-force-axs/p/4293530,https://www.specialized.com/es/es/tarmac-sl9-expert-sram-force-axs/p/4293530?color=5470188-4293530,html,2026-10-05
Specialized,Tarmac SL9 Comp: SRAM Rival AXS [8eb292f2],Tarmac SL9 Expert: SRAM Force AXS,,carretera,56,,56,,,,,565,395,"{""Longitud de biela"": ""170mm"", ""Ancho de manillar"": ""400mm"", ""Longitud Potencia"": ""100mm"", ""Saddle Width"": ""143mm"", ""Longitud Tija Sillín"": ""380mm"", ""Stack de cuadro"": ""565mm"", ""Reach de cuadro"": ""395mm"", ""Stack to Stem"": ""573mm"", ""Reach to Stem"": ""393mm"", ""Longitud de Pipa"": ""157mm"", ""Ángulo de Pipa"": ""73.5°"", ""Altura Pedalier"": ""268mm"", ""Caída Pedalier"": ""72mm"", ""Avance Horquilla"": ""55mm"", ""Longitud Horquilla"": ""370mm"", ""Avance/Retroceso Horquilla"": ""44mm"", ""Delante Centro"": ""587mm"", ""Longitud de vaina"": ""410mm"", ""Distancia entre ejes"": ""991mm"", ""Longitud Tubo Superior, Hrz."": ""563mm"", ""Bike Standover Height"": ""785mm"", ""Long. Tubo de Sillín"": ""494mm"", ""Ángulo de Tubo de Sillín"": ""73.5°""}",6999,false,https://www.specialized.com/es/es/tarmac-sl9-expert-sram-force-axs/p/4293530,https://www.specialized.com/es/es/tarmac-sl9-expert-sram-force-axs/p/4293530?color=5470188-4293530,html,2026-10-05
Specialized,Tarmac SL9 Comp: SRAM Rival AXS [8eb292f2],Tarmac SL9 Expert: SRAM Force AXS,,carretera,58,,58,,,,,591,402,"{""Longitud de biela"": ""172.5mm"", ""Ancho de manillar"": ""420mm"", ""Longitud Potencia"": ""110mm"", ""Saddle Width"": ""143mm"", ""Longitud Tija Sillín"": ""380mm"", ""Stack de cuadro"": ""591mm"", ""Reach de cuadro"": ""402mm"", ""Stack to Stem"": ""599mm"", ""Reach to Stem"": ""400mm"", ""Longitud de Pipa"": ""184mm"", ""Ángulo de Pipa"": ""73.5°"", ""Altura Pedalier"": ""268mm"", ""Caída Pedalier"": ""72mm"", ""Avance Horquilla"": ""55mm"", ""Longitud Horquilla"": ""370mm"", ""Avance/Retroceso Horquilla"": ""44mm"", ""Delante Centro"": ""602mm"", ""Longitud de vaina"": ""410mm"", ""Distancia entre ejes"": ""1006mm"", ""Longitud Tubo Superior, Hrz."": ""577mm"", ""Bike Standover Height"": ""807mm"", ""Long. Tubo de Sillín"": ""515mm"", ""Ángulo de Tubo de Sillín"": ""73.5°""}",6999,false,https://www.specialized.com/es/es/tarmac-sl9-expert-sram-force-axs/p/4293530,https://www.specialized.com/es/es/tarmac-sl9-expert-sram-force-axs/p/4293530?color=5470188-4293530,html,2026-10-05
Specialized,Tarmac SL9 Comp: SRAM Rival AXS [8eb292f2],Tarmac SL9 Expert: SRAM Force AXS,,carretera,61,,61,,,,,612,408,"{""Longitud de biela"": ""172.5mm"", ""Ancho de manillar"": ""420mm"", ""Longitud Potencia"": ""110mm"", ""Saddle Width"": ""143mm"", ""Longitud Tija Sillín"": ""380mm"", ""Stack de cuadro"": ""612mm"", ""Reach de cuadro"": ""408mm"", ""Stack to Stem"": ""620mm"", ""Reach to Stem"": ""406mm"", ""Longitud de Pipa"": ""204mm"", ""Ángulo de Pipa"": ""74°"", ""Altura Pedalier"": ""268mm"", ""Caída Pedalier"": ""72mm"", ""Avance Horquilla"": ""52mm"", ""Longitud Horquilla"": ""370mm"", ""Avance/Retroceso Horquilla"": ""44mm"", ""Delante Centro"": ""609mm"", ""Longitud de vaina"": ""410mm"", ""Distancia entre ejes"": ""1013mm"", ""Longitud Tubo Superior, Hrz."": ""595mm"", ""Bike Standover Height"": ""833mm"", ""Long. Tubo de Sillín"": ""545mm"", ""Ángulo de Tubo de Sillín"": ""73°""}",6999,false,https://www.specialized.com/es/es/tarmac-sl9-expert-sram-force-axs/p/4293530,https://www.specialized.com/es/es/tarmac-sl9-expert-sram-force-axs/p/4293530?color=5470188-4293530,html,2026-10-05
Specialized,Tarmac SL9 Comp: SRAM Rival AXS [8eb292f2],Tarmac SL9 Comp: Shimano 105 Di2,,carretera,44,,44,,,,,501,366,"{""Longitud de biela"": ""165mm"", ""Ancho de manillar"": ""380mm"", ""Longitud Potencia"": ""80mm"", ""Saddle Width"": ""155mm"", ""Longitud Tija Sillín"": ""300mm"", ""Stack de cuadro"": ""501mm"", ""Reach de cuadro"": ""366mm"", ""Stack to Stem"": ""509mm"", ""Reach to Stem"": ""363mm"", ""Longitud de Pipa"": ""99mm"", ""Ángulo de Pipa"": ""70.5°"", ""Altura Pedalier"": ""266mm"", ""Caída Pedalier"": ""74mm"", ""Avance Horquilla"": ""71mm"", ""Longitud Horquilla"": ""370mm"", ""Avance/Retroceso Horquilla"": ""47mm"", ""Delante Centro"": ""567mm"", ""Longitud de vaina"": ""410mm"", ""Distancia entre ejes"": ""970mm"", ""Longitud Tubo Superior, Hrz."": ""496mm"", ""Bike Standover Height"": ""722mm"", ""Long. Tubo de Sillín"": ""433mm"", ""Ángulo de Tubo de Sillín"": ""75.5°""}",4499,false,https://www.specialized.com/es/es/tarmac-sl9-comp-shimano-105-di2/p/4293528,https://www.specialized.com/es/es/tarmac-sl9-comp-shimano-105-di2/p/4293528?color=5470173-4293528,html,2026-10-05
Specialized,Tarmac SL9 Comp: SRAM Rival AXS [8eb292f2],Tarmac SL9 Comp: Shimano 105 Di2,,carretera,49,,49,,,,,514,375,"{""Longitud de biela"": ""165mm"", ""Ancho de manillar"": ""380mm"", ""Longitud Potencia"": ""80mm"", ""Saddle Width"": ""155mm"", ""Longitud Tija Sillín"": ""300mm"", ""Stack de cuadro"": ""514mm"", ""Reach de cuadro"": ""375mm"", ""Stack to Stem"": ""522mm"", ""Reach to Stem"": ""372mm"", ""Longitud de Pipa"": ""109mm"", ""Ángulo de Pipa"": ""71.75°"", ""Altura Pedalier"": ""266mm"", ""Caída Pedalier"": ""74mm"", ""Avance Horquilla"": ""63mm"", ""Longitud Horquilla"": ""370mm"", ""Avance/Retroceso Horquilla"": ""47mm"", ""Delante Centro"": ""570mm"", ""Longitud de vaina"": ""410mm"", ""Distancia entre ejes"": ""973mm"", ""Longitud Tubo Superior, Hrz."": ""509mm"", ""Bike Standover Height"": ""734mm"", ""Long. Tubo de Sillín"": ""445mm"", ""Ángulo de Tubo de Sillín"": ""75.5°""}",4499,false,https://www.specialized.com/es/es/tarmac-sl9-comp-shimano-105-di2/p/4293528,https://www.specialized.com/es/es/tarmac-sl9-comp-shimano-105-di2/p/4293528?color=5470173-4293528,html,2026-10-05
Specialized,Tarmac SL9 Comp: SRAM Rival AXS [8eb292f2],Tarmac SL9 Comp: Shimano 105 Di2,,carretera,52,,52,,,,,527,380,"{""Longitud de biela"": ""165mm"", ""Ancho de manillar"": ""380mm"", ""Longitud Potencia"": ""90mm"", ""Saddle Width"": ""155mm"", ""Longitud Tija Sillín"": ""300mm"", ""Stack de cuadro"": ""527mm"", ""Reach de cuadro"": ""380mm"", ""Stack to Stem"": ""535mm"", ""Reach to Stem"": ""377mm"", ""Longitud de Pipa"": ""120mm"", ""Ángulo de Pipa"": ""72.5°"", ""Altura Pedalier"": ""266mm"", ""Caída Pedalier"": ""74mm"", ""Avance Horquilla"": ""58mm"", ""Longitud Horquilla"": ""370mm"", ""Avance/Retroceso Horquilla"": ""47mm"", ""Delante Centro"": ""572mm"", ""Longitud de vaina"": ""410mm"", ""Distancia entre ejes"": ""975mm"", ""Longitud Tubo Superior, Hrz."": ""531mm"", ""Bike Standover Height"": ""745mm"", ""Long. Tubo de Sillín"": ""456mm"", ""Ángulo de Tubo de Sillín"": ""74°""}",4499,false,https://www.specialized.com/es/es/tarmac-sl9-comp-shimano-105-di2/p/4293528,https://www.specialized.com/es/es/tarmac-sl9-comp-shimano-105-di2/p/4293528?color=5470173-4293528,html,2026-10-05
Specialized,Tarmac SL9 Comp: SRAM Rival AXS [8eb292f2],Tarmac SL9 Comp: Shimano 105 Di2,,carretera,54,,54,,,,,544,384,"{""Longitud de biela"": ""170mm"", ""Ancho de manillar"": ""380mm"", ""Longitud Potencia"": ""100mm"", ""Saddle Width"": ""143mm"", ""Longitud Tija Sillín"": ""380mm"", ""Stack de cuadro"": ""544mm"", ""Reach de cuadro"": ""384mm"", ""Stack to Stem"": ""552mm"", ""Reach to Stem"": ""381mm"", ""Longitud de Pipa"": ""140mm"", ""Ángulo de Pipa"": ""72.5°"", ""Altura Pedalier"": ""268mm"", ""Caída Pedalier"": ""72mm"", ""Avance Horquilla"": ""58mm"", ""Longitud Horquilla"": ""370mm"", ""Avance/Retroceso Horquilla"": ""47mm"", ""Delante Centro"": ""582mm"", ""Longitud de vaina"": ""410mm"", ""Distancia entre ejes"": ""986mm"", ""Longitud Tubo Superior, Hrz."": ""540mm"", ""Bike Standover Height"": ""767mm"", ""Long. Tubo de Sillín"": ""473mm"", ""Ángulo de Tubo de Sillín"": ""74°""}",4499,false,https://www.specialized.com/es/es/tarmac-sl9-comp-shimano-105-di2/p/4293528,https://www.specialized.com/es/es/tarmac-sl9-comp-shimano-105-di2/p/4293528?color=5470173-4293528,html,2026-10-05
Specialized,Tarmac SL9 Comp: SRAM Rival AXS [8eb292f2],Tarmac SL9 Comp: Shimano 105 Di2,,carretera,56,,56,,,,,565,395,"{""Longitud de biela"": ""170mm"", ""Ancho de manillar"": ""400mm"", ""Longitud Potencia"": ""100mm"", ""Saddle Width"": ""143mm"", ""Longitud Tija Sillín"": ""380mm"", ""Stack de cuadro"": ""565mm"", ""Reach de cuadro"": ""395mm"", ""Stack to Stem"": ""573mm"", ""Reach to Stem"": ""393mm"", ""Longitud de Pipa"": ""157mm"", ""Ángulo de Pipa"": ""73.5°"", ""Altura Pedalier"": ""268mm"", ""Caída Pedalier"": ""72mm"", ""Avance Horquilla"": ""55mm"", ""Longitud Horquilla"": ""370mm"", ""Avance/Retroceso Horquilla"": ""44mm"", ""Delante Centro"": ""587mm"", ""Longitud de vaina"": ""410mm"", ""Distancia entre ejes"": ""991mm"", ""Longitud Tubo Superior, Hrz."": ""563mm"", ""Bike Standover Height"": ""785mm"", ""Long. Tubo de Sillín"": ""494mm"", ""Ángulo de Tubo de Sillín"": ""73.5°""}",4499,false,https://www.specialized.com/es/es/tarmac-sl9-comp-shimano-105-di2/p/4293528,https://www.specialized.com/es/es/tarmac-sl9-comp-shimano-105-di2/p/4293528?color=5470173-4293528,html,2026-10-05
Specialized,Tarmac SL9 Comp: SRAM Rival AXS [8eb292f2],Tarmac SL9 Comp: Shimano 105 Di2,,carretera,58,,58,,,,,591,402,"{""Longitud de biela"": ""172.5mm"", ""Ancho de manillar"": ""420mm"", ""Longitud Potencia"": ""110mm"", ""Saddle Width"": ""143mm"", ""Longitud Tija Sillín"": ""380mm"", ""Stack de cuadro"": ""591mm"", ""Reach de cuadro"": ""402mm"", ""Stack to Stem"": ""599mm"", ""Reach to Stem"": ""400mm"", ""Longitud de Pipa"": ""184mm"", ""Ángulo de Pipa"": ""73.5°"", ""Altura Pedalier"": ""268mm"", ""Caída Pedalier"": ""72mm"", ""Avance Horquilla"": ""55mm"", ""Longitud Horquilla"": ""370mm"", ""Avance/Retroceso Horquilla"": ""44mm"", ""Delante Centro"": ""602mm"", ""Longitud de vaina"": ""410mm"", ""Distancia entre ejes"": ""1006mm"", ""Longitud Tubo Superior, Hrz."": ""577mm"", ""Bike Standover Height"": ""807mm"", ""Long. Tubo de Sillín"": ""515mm"", ""Ángulo de Tubo de Sillín"": ""73.5°""}",4499,false,https://www.specialized.com/es/es/tarmac-sl9-comp-shimano-105-di2/p/4293528,https://www.specialized.com/es/es/tarmac-sl9-comp-shimano-105-di2/p/4293528?color=5470173-4293528,html,2026-10-05
Specialized,Tarmac SL9 Comp: SRAM Rival AXS [8eb292f2],Tarmac SL9 Comp: Shimano 105 Di2,,carretera,61,,61,,,,,612,408,"{""Longitud de biela"": ""172.5mm"", ""Ancho de manillar"": ""420mm"", ""Longitud Potencia"": ""110mm"", ""Saddle Width"": ""143mm"", ""Longitud Tija Sillín"": ""380mm"", ""Stack de cuadro"": ""612mm"", ""Reach de cuadro"": ""408mm"", ""Stack to Stem"": ""620mm"", ""Reach to Stem"": ""406mm"", ""Longitud de Pipa"": ""204mm"", ""Ángulo de Pipa"": ""74°"", ""Altura Pedalier"": ""268mm"", ""Caída Pedalier"": ""72mm"", ""Avance Horquilla"": ""52mm"", ""Longitud Horquilla"": ""370mm"", ""Avance/Retroceso Horquilla"": ""44mm"", ""Delante Centro"": ""609mm"", ""Longitud de vaina"": ""410mm"", ""Distancia entre ejes"": ""1013mm"", ""Longitud Tubo Superior, Hrz."": ""595mm"", ""Bike Standover Height"": ""833mm"", ""Long. Tubo de Sillín"": ""545mm"", ""Ángulo de Tubo de Sillín"": ""73°""}",4499,false,https://www.specialized.com/es/es/tarmac-sl9-comp-shimano-105-di2/p/4293528,https://www.specialized.com/es/es/tarmac-sl9-comp-shimano-105-di2/p/4293528?color=5470173-4293528,html,2026-10-05
Specialized,Tarmac SL9 Comp: SRAM Rival AXS [8eb292f2],Tarmac SL9 Comp: SRAM Rival AXS,,carretera,44,,44,,,,,501,366,"{""Longitud de biela"": ""165mm"", ""Ancho de manillar"": ""380mm"", ""Longitud Potencia"": ""80mm"", ""Saddle Width"": ""155mm"", ""Longitud Tija Sillín"": ""300mm"", ""Stack de cuadro"": ""501mm"", ""Reach de cuadro"": ""366mm"", ""Stack to Stem"": ""509mm"", ""Reach to Stem"": ""363mm"", ""Longitud de Pipa"": ""99mm"", ""Ángulo de Pipa"": ""70.5°"", ""Altura Pedalier"": ""266mm"", ""Caída Pedalier"": ""74mm"", ""Avance Horquilla"": ""71mm"", ""Longitud Horquilla"": ""370mm"", ""Avance/Retroceso Horquilla"": ""47mm"", ""Delante Centro"": ""567mm"", ""Longitud de vaina"": ""410mm"", ""Distancia entre ejes"": ""970mm"", ""Longitud Tubo Superior, Hrz."": ""496mm"", ""Bike Standover Height"": ""722mm"", ""Long. Tubo de Sillín"": ""433mm"", ""Ángulo de Tubo de Sillín"": ""75.5°""}",4499,false,https://www.specialized.com/es/es/tarmac-sl9-comp-sram-rival-axs/p/4293529,https://www.specialized.com/es/es/tarmac-sl9-comp-sram-rival-axs/p/4293529?color=5470201-4293529,html,2026-10-05
Specialized,Tarmac SL9 Comp: SRAM Rival AXS [8eb292f2],Tarmac SL9 Comp: SRAM Rival AXS,,carretera,49,,49,,,,,514,375,"{""Longitud de biela"": ""165mm"", ""Ancho de manillar"": ""380mm"", ""Longitud Potencia"": ""80mm"", ""Saddle Width"": ""155mm"", ""Longitud Tija Sillín"": ""300mm"", ""Stack de cuadro"": ""514mm"", ""Reach de cuadro"": ""375mm"", ""Stack to Stem"": ""522mm"", ""Reach to Stem"": ""372mm"", ""Longitud de Pipa"": ""109mm"", ""Ángulo de Pipa"": ""71.75°"", ""Altura Pedalier"": ""266mm"", ""Caída Pedalier"": ""74mm"", ""Avance Horquilla"": ""63mm"", ""Longitud Horquilla"": ""370mm"", ""Avance/Retroceso Horquilla"": ""47mm"", ""Delante Centro"": ""570mm"", ""Longitud de vaina"": ""410mm"", ""Distancia entre ejes"": ""973mm"", ""Longitud Tubo Superior, Hrz."": ""509mm"", ""Bike Standover Height"": ""734mm"", ""Long. Tubo de Sillín"": ""445mm"", ""Ángulo de Tubo de Sillín"": ""75.5°""}",4499,false,https://www.specialized.com/es/es/tarmac-sl9-comp-sram-rival-axs/p/4293529,https://www.specialized.com/es/es/tarmac-sl9-comp-sram-rival-axs/p/4293529?color=5470201-4293529,html,2026-10-05
Specialized,Tarmac SL9 Comp: SRAM Rival AXS [8eb292f2],Tarmac SL9 Comp: SRAM Rival AXS,,carretera,52,,52,,,,,527,380,"{""Longitud de biela"": ""165mm"", ""Ancho de manillar"": ""380mm"", ""Longitud Potencia"": ""90mm"", ""Saddle Width"": ""155mm"", ""Longitud Tija Sillín"": ""300mm"", ""Stack de cuadro"": ""527mm"", ""Reach de cuadro"": ""380mm"", ""Stack to Stem"": ""535mm"", ""Reach to Stem"": ""377mm"", ""Longitud de Pipa"": ""120mm"", ""Ángulo de Pipa"": ""72.5°"", ""Altura Pedalier"": ""266mm"", ""Caída Pedalier"": ""74mm"", ""Avance Horquilla"": ""58mm"", ""Longitud Horquilla"": ""370mm"", ""Avance/Retroceso Horquilla"": ""47mm"", ""Delante Centro"": ""572mm"", ""Longitud de vaina"": ""410mm"", ""Distancia entre ejes"": ""975mm"", ""Longitud Tubo Superior, Hrz."": ""531mm"", ""Bike Standover Height"": ""745mm"", ""Long. Tubo de Sillín"": ""456mm"", ""Ángulo de Tubo de Sillín"": ""74°""}",4499,false,https://www.specialized.com/es/es/tarmac-sl9-comp-sram-rival-axs/p/4293529,https://www.specialized.com/es/es/tarmac-sl9-comp-sram-rival-axs/p/4293529?color=5470201-4293529,html,2026-10-05
Specialized,Tarmac SL9 Comp: SRAM Rival AXS [8eb292f2],Tarmac SL9 Comp: SRAM Rival AXS,,carretera,54,,54,,,,,544,384,"{""Longitud de biela"": ""170mm"", ""Ancho de manillar"": ""380mm"", ""Longitud Potencia"": ""100mm"", ""Saddle Width"": ""143mm"", ""Longitud Tija Sillín"": ""380mm"", ""Stack de cuadro"": ""544mm"", ""Reach de cuadro"": ""384mm"", ""Stack to Stem"": ""552mm"", ""Reach to Stem"": ""381mm"", ""Longitud de Pipa"": ""140mm"", ""Ángulo de Pipa"": ""72.5°"", ""Altura Pedalier"": ""268mm"", ""Caída Pedalier"": ""72mm"", ""Avance Horquilla"": ""58mm"", ""Longitud Horquilla"": ""370mm"", ""Avance/Retroceso Horquilla"": ""47mm"", ""Delante Centro"": ""582mm"", ""Longitud de vaina"": ""410mm"", ""Distancia entre ejes"": ""986mm"", ""Longitud Tubo Superior, Hrz."": ""540mm"", ""Bike Standover Height"": ""767mm"", ""Long. Tubo de Sillín"": ""473mm"", ""Ángulo de Tubo de Sillín"": ""74°""}",4499,false,https://www.specialized.com/es/es/tarmac-sl9-comp-sram-rival-axs/p/4293529,https://www.specialized.com/es/es/tarmac-sl9-comp-sram-rival-axs/p/4293529?color=5470201-4293529,html,2026-10-05
Specialized,Tarmac SL9 Comp: SRAM Rival AXS [8eb292f2],Tarmac SL9 Comp: SRAM Rival AXS,,carretera,56,,56,,,,,565,395,"{""Longitud de biela"": ""170mm"", ""Ancho de manillar"": ""400mm"", ""Longitud Potencia"": ""100mm"", ""Saddle Width"": ""143mm"", ""Longitud Tija Sillín"": ""380mm"", ""Stack de cuadro"": ""565mm"", ""Reach de cuadro"": ""395mm"", ""Stack to Stem"": ""573mm"", ""Reach to Stem"": ""393mm"", ""Longitud de Pipa"": ""157mm"", ""Ángulo de Pipa"": ""73.5°"", ""Altura Pedalier"": ""268mm"", ""Caída Pedalier"": ""72mm"", ""Avance Horquilla"": ""55mm"", ""Longitud Horquilla"": ""370mm"", ""Avance/Retroceso Horquilla"": ""44mm"", ""Delante Centro"": ""587mm"", ""Longitud de vaina"": ""410mm"", ""Distancia entre ejes"": ""991mm"", ""Longitud Tubo Superior, Hrz."": ""563mm"", ""Bike Standover Height"": ""785mm"", ""Long. Tubo de Sillín"": ""494mm"", ""Ángulo de Tubo de Sillín"": ""73.5°""}",4499,false,https://www.specialized.com/es/es/tarmac-sl9-comp-sram-rival-axs/p/4293529,https://www.specialized.com/es/es/tarmac-sl9-comp-sram-rival-axs/p/4293529?color=5470201-4293529,html,2026-10-05
Specialized,Tarmac SL9 Comp: SRAM Rival AXS [8eb292f2],Tarmac SL9 Comp: SRAM Rival AXS,,carretera,58,,58,,,,,591,402,"{""Longitud de biela"": ""172.5mm"", ""Ancho de manillar"": ""420mm"", ""Longitud Potencia"": ""110mm"", ""Saddle Width"": ""143mm"", ""Longitud Tija Sillín"": ""380mm"", ""Stack de cuadro"": ""591mm"", ""Reach de cuadro"": ""402mm"", ""Stack to Stem"": ""599mm"", ""Reach to Stem"": ""400mm"", ""Longitud de Pipa"": ""184mm"", ""Ángulo de Pipa"": ""73.5°"", ""Altura Pedalier"": ""268mm"", ""Caída Pedalier"": ""72mm"", ""Avance Horquilla"": ""55mm"", ""Longitud Horquilla"": ""370mm"", ""Avance/Retroceso Horquilla"": ""44mm"", ""Delante Centro"": ""602mm"", ""Longitud de vaina"": ""410mm"", ""Distancia entre ejes"": ""1006mm"", ""Longitud Tubo Superior, Hrz."": ""577mm"", ""Bike Standover Height"": ""807mm"", ""Long. Tubo de Sillín"": ""515mm"", ""Ángulo de Tubo de Sillín"": ""73.5°""}",4499,false,https://www.specialized.com/es/es/tarmac-sl9-comp-sram-rival-axs/p/4293529,https://www.specialized.com/es/es/tarmac-sl9-comp-sram-rival-axs/p/4293529?color=5470201-4293529,html,2026-10-05
Specialized,Tarmac SL9 Comp: SRAM Rival AXS [8eb292f2],Tarmac SL9 Comp: SRAM Rival AXS,,carretera,61,,61,,,,,612,408,"{""Longitud de biela"": ""172.5mm"", ""Ancho de manillar"": ""420mm"", ""Longitud Potencia"": ""110mm"", ""Saddle Width"": ""143mm"", ""Longitud Tija Sillín"": ""380mm"", ""Stack de cuadro"": ""612mm"", ""Reach de cuadro"": ""408mm"", ""Stack to Stem"": ""620mm"", ""Reach to Stem"": ""406mm"", ""Longitud de Pipa"": ""204mm"", ""Ángulo de Pipa"": ""74°"", ""Altura Pedalier"": ""268mm"", ""Caída Pedalier"": ""72mm"", ""Avance Horquilla"": ""52mm"", ""Longitud Horquilla"": ""370mm"", ""Avance/Retroceso Horquilla"": ""44mm"", ""Delante Centro"": ""609mm"", ""Longitud de vaina"": ""410mm"", ""Distancia entre ejes"": ""1013mm"", ""Longitud Tubo Superior, Hrz."": ""595mm"", ""Bike Standover Height"": ""833mm"", ""Long. Tubo de Sillín"": ""545mm"", ""Ángulo de Tubo de Sillín"": ""73°""}",4499,false,https://www.specialized.com/es/es/tarmac-sl9-comp-sram-rival-axs/p/4293529,https://www.specialized.com/es/es/tarmac-sl9-comp-sram-rival-axs/p/4293529?color=5470201-4293529,html,2026-10-05
Specialized,Tarmac SL7 Sport - Shimano 105 [39f69c0b],Tarmac SL7 Sport - Shimano 105,,carretera,44,,44,,,,,501,366,"{""Longitud de biela"": ""165mm"", ""Ancho de manillar"": ""360mm"", ""Longitud Potencia"": ""70mm"", ""Saddle Width"": ""155mm"", ""Longitud Tija Sillín"": ""300mm"", ""Stack de cuadro"": ""501mm"", ""Reach de cuadro"": ""366mm"", ""Stack to Stem"": ""509mm"", ""Reach to Stem"": ""363mm"", ""Longitud de Pipa"": ""99mm"", ""Ángulo de Pipa"": ""70.5°"", ""Altura Pedalier"": ""266mm"", ""Caída Pedalier"": ""74mm"", ""Avance Horquilla"": ""71mm"", ""Longitud Horquilla"": ""370mm"", ""Avance/Retroceso Horquilla"": ""47mm"", ""Delante Centro"": ""572mm"", ""Longitud de vaina"": ""410mm"", ""Distancia entre ejes"": ""970mm"", ""Longitud Tubo Superior, Hrz."": ""496mm"", ""Bike Standover Height"": ""723mm"", ""Long. Tubo de Sillín"": ""433mm"", ""Ángulo de Tubo de Sillín"": ""75.5°""}",3299,false,https://www.specialized.com/es/es/tarmac-sl7-sport-shimano-105/p/4221579,https://www.specialized.com/es/es/tarmac-sl7-sport-shimano-105/p/4221579?color=5466386-4221579,html,2026-10-05
Specialized,Tarmac SL7 Sport - Shimano 105 [39f69c0b],Tarmac SL7 Sport - Shimano 105,,carretera,49,,49,,,,,514,375,"{""Longitud de biela"": ""165mm"", ""Ancho de manillar"": ""380mm"", ""Longitud Potencia"": ""80mm"", ""Saddle Width"": ""155mm"", ""Longitud Tija Sillín"": ""300mm"", ""Stack de cuadro"": ""514mm"", ""Reach de cuadro"": ""375mm"", ""Stack to Stem"": ""522mm"", ""Reach to Stem"": ""372mm"", ""Longitud de Pipa"": ""109mm"", ""Ángulo de Pipa"": ""71.75°"", ""Altura Pedalier"": ""266mm"", ""Caída Pedalier"": ""74mm"", ""Avance Horquilla"": ""63mm"", ""Longitud Horquilla"": ""370mm"", ""Avance/Retroceso Horquilla"": ""47mm"", ""Delante Centro"": ""574mm"", ""Longitud de vaina"": ""410mm"", ""Distancia entre ejes"": ""973mm"", ""Longitud Tubo Superior, Hrz."": ""509mm"", ""Bike Standover Height"": ""735mm"", ""Long. Tubo de Sillín"": ""445mm"", ""Ángulo de Tubo de Sillín"": ""75.5°""}",3299,false,https://www.specialized.com/es/es/tarmac-sl7-sport-shimano-105/p/4221579,https://www.specialized.com/es/es/tarmac-sl7-sport-shimano-105/p/4221579?color=5466386-4221579,html,2026-10-05
Specialized,Tarmac SL7 Sport - Shimano 105 [39f69c0b],Tarmac SL7 Sport - Shimano 105,,carretera,52,,52,,,,,527,380,"{""Longitud de biela"": ""170mm"", ""Ancho de manillar"": ""400mm"", ""Longitud Potencia"": ""90mm"", ""Saddle Width"": ""155mm"", ""Longitud Tija Sillín"": ""300mm"", ""Stack de cuadro"": ""527mm"", ""Reach de cuadro"": ""380mm"", ""Stack to Stem"": ""535mm"", ""Reach to Stem"": ""377mm"", ""Longitud de Pipa"": ""120mm"", ""Ángulo de Pipa"": ""72.5°"", ""Altura Pedalier"": ""266mm"", ""Caída Pedalier"": ""74mm"", ""Avance Horquilla"": ""58mm"", ""Longitud Horquilla"": ""370mm"", ""Avance/Retroceso Horquilla"": ""47mm"", ""Delante Centro"": ""577mm"", ""Longitud de vaina"": ""410mm"", ""Distancia entre ejes"": ""975mm"", ""Longitud Tubo Superior, Hrz."": ""531mm"", ""Bike Standover Height"": ""746mm"", ""Long. Tubo de Sillín"": ""456mm"", ""Ángulo de Tubo de Sillín"": ""74°""}",3299,false,https://www.specialized.com/es/es/tarmac-sl7-sport-shimano-105/p/4221579,https://www.specialized.com/es/es/tarmac-sl7-sport-shimano-105/p/4221579?color=5466386-4221579,html,2026-10-05
Specialized,Tarmac SL7 Sport - Shimano 105 [39f69c0b],Tarmac SL7 Sport - Shimano 105,,carretera,54,,54,,,,,544,384,"{""Longitud de biela"": ""172.5mm"", ""Ancho de manillar"": ""420mm"", ""Longitud Potencia"": ""100mm"", ""Saddle Width"": ""143mm"", ""Longitud Tija Sillín"": ""380mm"", ""Stack de cuadro"": ""544mm"", ""Reach de cuadro"": ""384mm"", ""Stack to Stem"": ""552mm"", ""Reach to Stem"": ""381mm"", ""Longitud de Pipa"": ""137mm"", ""Ángulo de Pipa"": ""73°"", ""Altura Pedalier"": ""268mm"", ""Caída Pedalier"": ""72mm"", ""Avance Horquilla"": ""58mm"", ""Longitud Horquilla"": ""370mm"", ""Avance/Retroceso Horquilla"": ""44mm"", ""Delante Centro"": ""579mm"", ""Longitud de vaina"": ""410mm"", ""Distancia entre ejes"": ""978mm"", ""Longitud Tubo Superior, Hrz."": ""541mm"", ""Bike Standover Height"": ""768mm"", ""Long. Tubo de Sillín"": ""473mm"", ""Ángulo de Tubo de Sillín"": ""74°""}",3299,false,https://www.specialized.com/es/es/tarmac-sl7-sport-shimano-105/p/4221579,https://www.specialized.com/es/es/tarmac-sl7-sport-shimano-105/p/4221579?color=5466386-4221579,html,2026-10-05
Specialized,Tarmac SL7 Sport - Shimano 105 [39f69c0b],Tarmac SL7 Sport - Shimano 105,,carretera,56,,56,,,,,565,395,"{""Longitud de biela"": ""172.5mm"", ""Ancho de manillar"": ""420mm"", ""Longitud Potencia"": ""100mm"", ""Saddle Width"": ""143mm"", ""Longitud Tija Sillín"": ""380mm"", ""Stack de cuadro"": ""565mm"", ""Reach de cuadro"": ""395mm"", ""Stack to Stem"": ""573mm"", ""Reach to Stem"": ""393mm"", ""Longitud de Pipa"": ""157mm"", ""Ángulo de Pipa"": ""73.5°"", ""Altura Pedalier"": ""268mm"", ""Caída Pedalier"": ""72mm"", ""Avance Horquilla"": ""55mm"", ""Longitud Horquilla"": ""370mm"", ""Avance/Retroceso Horquilla"": ""44mm"", ""Delante Centro"": ""592mm"", ""Longitud de vaina"": ""410mm"", ""Distancia entre ejes"": ""991mm"", ""Longitud Tubo Superior, Hrz."": ""563mm"", ""Bike Standover Height"": ""786mm"", ""Long. Tubo de Sillín"": ""494mm"", ""Ángulo de Tubo de Sillín"": ""73.5°""}",3299,false,https://www.specialized.com/es/es/tarmac-sl7-sport-shimano-105/p/4221579,https://www.specialized.com/es/es/tarmac-sl7-sport-shimano-105/p/4221579?color=5466386-4221579,html,2026-10-05
Specialized,Tarmac SL7 Sport - Shimano 105 [39f69c0b],Tarmac SL7 Sport - Shimano 105,,carretera,58,,58,,,,,591,402,"{""Longitud de biela"": ""175mm"", ""Ancho de manillar"": ""440mm"", ""Longitud Potencia"": ""110mm"", ""Saddle Width"": ""143mm"", ""Longitud Tija Sillín"": ""380mm"", ""Stack de cuadro"": ""591mm"", ""Reach de cuadro"": ""402mm"", ""Stack to Stem"": ""599mm"", ""Reach to Stem"": ""400mm"", ""Longitud de Pipa"": ""184mm"", ""Ángulo de Pipa"": ""73.5°"", ""Altura Pedalier"": ""268mm"", ""Caída Pedalier"": ""72mm"", ""Avance Horquilla"": ""55mm"", ""Longitud Horquilla"": ""370mm"", ""Avance/Retroceso Horquilla"": ""44mm"", ""Delante Centro"": ""606mm"", ""Longitud de vaina"": ""410mm"", ""Distancia entre ejes"": ""1006mm"", ""Longitud Tubo Superior, Hrz."": ""577mm"", ""Bike Standover Height"": ""808mm"", ""Long. Tubo de Sillín"": ""515mm"", ""Ángulo de Tubo de Sillín"": ""73.5°""}",3299,false,https://www.specialized.com/es/es/tarmac-sl7-sport-shimano-105/p/4221579,https://www.specialized.com/es/es/tarmac-sl7-sport-shimano-105/p/4221579?color=5466386-4221579,html,2026-10-05
Specialized,Tarmac SL7 Sport - Shimano 105 [39f69c0b],Tarmac SL7 Sport - Shimano 105,,carretera,61,,61,,,,,612,408,"{""Longitud de biela"": ""175mm"", ""Ancho de manillar"": ""440mm"", ""Longitud Potencia"": ""110mm"", ""Saddle Width"": ""143mm"", ""Longitud Tija Sillín"": ""380mm"", ""Stack de cuadro"": ""612mm"", ""Reach de cuadro"": ""408mm"", ""Stack to Stem"": ""620mm"", ""Reach to Stem"": ""406mm"", ""Longitud de Pipa"": ""204mm"", ""Ángulo de Pipa"": ""74°"", ""Altura Pedalier"": ""268mm"", ""Caída Pedalier"": ""72mm"", ""Avance Horquilla"": ""52mm"", ""Longitud Horquilla"": ""370mm"", ""Avance/Retroceso Horquilla"": ""44mm"", ""Delante Centro"": ""613mm"", ""Longitud de vaina"": ""410mm"", ""Distancia entre ejes"": ""1013mm"", ""Longitud Tubo Superior, Hrz."": ""595mm"", ""Bike Standover Height"": ""834mm"", ""Long. Tubo de Sillín"": ""545mm"", ""Ángulo de Tubo de Sillín"": ""73°""}",3299,false,https://www.specialized.com/es/es/tarmac-sl7-sport-shimano-105/p/4221579,https://www.specialized.com/es/es/tarmac-sl7-sport-shimano-105/p/4221579?color=5466386-4221579,html,2026-10-05
Specialized,Crux 5 Comp: SRAM Rival XPLR [c9b32aea],S-Works Crux 5 LTD: Built for Legends,,gravel,49,,49,,,,,530,375,"{""Longitud de biela"": ""165mm"", ""Ancho de manillar"": ""380mm"", ""Longitud Potencia"": ""75mm"", ""Saddle Width"": ""155mm"", ""Longitud Tija Sillín"": ""300mm"", ""Stack"": ""530mm"", ""Reach"": ""375mm"", ""Longitud de Pipa"": ""95mm"", ""Ángulo de Pipa"": ""70.5°"", ""Altura Pedalier"": ""278mm"", ""Caída Pedalier"": ""80mm"", ""Avance Horquilla"": ""72mm"", ""Longitud Horquilla"": ""401mm"", ""Avance/Retroceso Horquilla"": ""51mm"", ""Delante Centro"": ""594mm"", ""Longitud de vaina"": ""425mm"", ""Distancia entre ejes"": ""1008mm"", ""Longitud Tubo Superior, Hrz."": ""512mm"", ""Bike Standover Height"": ""753mm"", ""Long. Tubo de Sillín"": ""445mm"", ""Ángulo de Tubo de Sillín"": ""75.5°""}",14999,false,https://www.specialized.com/es/es/s-works-crux-5-ltd-built-for-legends/p/4294839,https://www.specialized.com/es/es/s-works-crux-5-ltd-built-for-legends/p/4294839?color=5469835-4294839,html,2026-10-05
Specialized,Crux 5 Comp: SRAM Rival XPLR [c9b32aea],S-Works Crux 5 LTD: Built for Legends,,gravel,52,,52,,,,,547,382,"{""Longitud de biela"": ""165mm"", ""Ancho de manillar"": ""380mm"", ""Longitud Potencia"": ""90mm"", ""Saddle Width"": ""155mm"", ""Longitud Tija Sillín"": ""300mm"", ""Stack"": ""547mm"", ""Reach"": ""382mm"", ""Longitud de Pipa"": ""110mm"", ""Ángulo de Pipa"": ""70.75°"", ""Altura Pedalier"": ""278mm"", ""Caída Pedalier"": ""80mm"", ""Avance Horquilla"": ""71mm"", ""Longitud Horquilla"": ""401mm"", ""Avance/Retroceso Horquilla"": ""51mm"", ""Delante Centro"": ""604mm"", ""Longitud de vaina"": ""425mm"", ""Distancia entre ejes"": ""1016mm"", ""Longitud Tubo Superior, Hrz."": ""534mm"", ""Bike Standover Height"": ""766mm"", ""Long. Tubo de Sillín"": ""456mm"", ""Ángulo de Tubo de Sillín"": ""74.5°""}",14999,false,https://www.specialized.com/es/es/s-works-crux-5-ltd-built-for-legends/p/4294839,https://www.specialized.com/es/es/s-works-crux-5-ltd-built-for-legends/p/4294839?color=5469835-4294839,html,2026-10-05
Specialized,Crux 5 Comp: SRAM Rival XPLR [c9b32aea],S-Works Crux 5 LTD: Built for Legends,,gravel,54,,54,,,,,560,388,"{""Longitud de biela"": ""170mm"", ""Ancho de manillar"": ""400mm"", ""Longitud Potencia"": ""90mm"", ""Saddle Width"": ""143mm"", ""Longitud Tija Sillín"": ""380mm"", ""Stack"": ""560mm"", ""Reach"": ""388mm"", ""Longitud de Pipa"": ""125mm"", ""Ángulo de Pipa"": ""71°"", ""Altura Pedalier"": ""280mm"", ""Caída Pedalier"": ""78mm"", ""Avance Horquilla"": ""69mm"", ""Longitud Horquilla"": ""401mm"", ""Avance/Retroceso Horquilla"": ""51mm"", ""Delante Centro"": ""613mm"", ""Longitud de vaina"": ""425mm"", ""Distancia entre ejes"": ""1026mm"", ""Longitud Tubo Superior, Hrz."": ""543mm"", ""Bike Standover Height"": ""781mm"", ""Long. Tubo de Sillín"": ""473mm"", ""Ángulo de Tubo de Sillín"": ""74.5°""}",14999,false,https://www.specialized.com/es/es/s-works-crux-5-ltd-built-for-legends/p/4294839,https://www.specialized.com/es/es/s-works-crux-5-ltd-built-for-legends/p/4294839?color=5469835-4294839,html,2026-10-05
Specialized,Crux 5 Comp: SRAM Rival XPLR [c9b32aea],S-Works Crux 5 LTD: Built for Legends,,gravel,56,,56,,,,,578,400,"{""Longitud de biela"": ""170mm"", ""Ancho de manillar"": ""400mm"", ""Longitud Potencia"": ""100mm"", ""Saddle Width"": ""143mm"", ""Longitud Tija Sillín"": ""380mm"", ""Stack"": ""578mm"", ""Reach"": ""400mm"", ""Longitud de Pipa"": ""142mm"", ""Ángulo de Pipa"": ""71.5°"", ""Altura Pedalier"": ""280mm"", ""Caída Pedalier"": ""78mm"", ""Avance Horquilla"": ""66mm"", ""Longitud Horquilla"": ""401mm"", ""Avance/Retroceso Horquilla"": ""51mm"", ""Delante Centro"": ""626mm"", ""Longitud de vaina"": ""425mm"", ""Distancia entre ejes"": ""1039mm"", ""Longitud Tubo Superior, Hrz."": ""566mm"", ""Bike Standover Height"": ""803mm"", ""Long. Tubo de Sillín"": ""497mm"", ""Ángulo de Tubo de Sillín"": ""74°""}",14999,false,https://www.specialized.com/es/es/s-works-crux-5-ltd-built-for-legends/p/4294839,https://www.specialized.com/es/es/s-works-crux-5-ltd-built-for-legends/p/4294839?color=5469835-4294839,html,2026-10-05
Specialized,Crux 5 Comp: SRAM Rival XPLR [c9b32aea],S-Works Crux 5 LTD: Built for Legends,,gravel,58,,58,,,,,598,412,"{""Longitud de biela"": ""172.5mm"", ""Ancho de manillar"": ""420mm"", ""Longitud Potencia"": ""100mm"", ""Saddle Width"": ""143mm"", ""Longitud Tija Sillín"": ""380mm"", ""Stack"": ""598mm"", ""Reach"": ""412mm"", ""Longitud de Pipa"": ""163mm"", ""Ángulo de Pipa"": ""71.5°"", ""Altura Pedalier"": ""280mm"", ""Caída Pedalier"": ""78mm"", ""Avance Horquilla"": ""66mm"", ""Longitud Horquilla"": ""401mm"", ""Avance/Retroceso Horquilla"": ""51mm"", ""Delante Centro"": ""644mm"", ""Longitud de vaina"": ""425mm"", ""Distancia entre ejes"": ""1057mm"", ""Longitud Tubo Superior, Hrz."": ""583mm"", ""Bike Standover Height"": ""823mm"", ""Long. Tubo de Sillín"": ""515mm"", ""Ángulo de Tubo de Sillín"": ""74°""}",14999,false,https://www.specialized.com/es/es/s-works-crux-5-ltd-built-for-legends/p/4294839,https://www.specialized.com/es/es/s-works-crux-5-ltd-built-for-legends/p/4294839?color=5469835-4294839,html,2026-10-05
Specialized,Crux 5 Comp: SRAM Rival XPLR [c9b32aea],S-Works Crux 5 LTD: Built for Legends,,gravel,61,,61,,,,,621,425,"{""Longitud de biela"": ""172.5mm"", ""Ancho de manillar"": ""420mm"", ""Longitud Potencia"": ""100mm"", ""Saddle Width"": ""143mm"", ""Longitud Tija Sillín"": ""380mm"", ""Stack"": ""621mm"", ""Reach"": ""425mm"", ""Longitud de Pipa"": ""188mm"", ""Ángulo de Pipa"": ""71.5°"", ""Altura Pedalier"": ""280mm"", ""Caída Pedalier"": ""78mm"", ""Avance Horquilla"": ""66mm"", ""Longitud Horquilla"": ""401mm"", ""Avance/Retroceso Horquilla"": ""51mm"", ""Delante Centro"": ""665mm"", ""Longitud de vaina"": ""425mm"", ""Distancia entre ejes"": ""1078mm"", ""Longitud Tubo Superior, Hrz."": ""603mm"", ""Bike Standover Height"": ""849mm"", ""Long. Tubo de Sillín"": ""545mm"", ""Ángulo de Tubo de Sillín"": ""74°""}",14999,false,https://www.specialized.com/es/es/s-works-crux-5-ltd-built-for-legends/p/4294839,https://www.specialized.com/es/es/s-works-crux-5-ltd-built-for-legends/p/4294839?color=5469835-4294839,html,2026-10-05
Specialized,Crux 5 Comp: SRAM Rival XPLR [c9b32aea],S-Works Crux 5: SRAM RED XPLR,,gravel,49,,49,,,,,530,375,"{""Longitud de biela"": ""165mm"", ""Ancho de manillar"": ""380mm"", ""Longitud Potencia"": ""75mm"", ""Saddle Width"": ""155mm"", ""Longitud Tija Sillín"": ""300mm"", ""Stack"": ""530mm"", ""Reach"": ""375mm"", ""Longitud de Pipa"": ""95mm"", ""Ángulo de Pipa"": ""70.5°"", ""Altura Pedalier"": ""278mm"", ""Caída Pedalier"": ""80mm"", ""Avance Horquilla"": ""72mm"", ""Longitud Horquilla"": ""401mm"", ""Avance/Retroceso Horquilla"": ""51mm"", ""Delante Centro"": ""594mm"", ""Longitud de vaina"": ""425mm"", ""Distancia entre ejes"": ""1008mm"", ""Longitud Tubo Superior, Hrz."": ""512mm"", ""Bike Standover Height"": ""753mm"", ""Long. Tubo de Sillín"": ""445mm"", ""Ángulo de Tubo de Sillín"": ""75.5°""}",13999,false,https://www.specialized.com/es/es/s-works-crux-5-sram-red-xplr/p/4294828,https://www.specialized.com/es/es/s-works-crux-5-sram-red-xplr/p/4294828?color=5469834-4294828,html,2026-10-05
Specialized,Crux 5 Comp: SRAM Rival XPLR [c9b32aea],S-Works Crux 5: SRAM RED XPLR,,gravel,52,,52,,,,,547,382,"{""Longitud de biela"": ""165mm"", ""Ancho de manillar"": ""380mm"", ""Longitud Potencia"": ""90mm"", ""Saddle Width"": ""155mm"", ""Longitud Tija Sillín"": ""300mm"", ""Stack"": ""547mm"", ""Reach"": ""382mm"", ""Longitud de Pipa"": ""110mm"", ""Ángulo de Pipa"": ""70.75°"", ""Altura Pedalier"": ""278mm"", ""Caída Pedalier"": ""80mm"", ""Avance Horquilla"": ""71mm"", ""Longitud Horquilla"": ""401mm"", ""Avance/Retroceso Horquilla"": ""51mm"", ""Delante Centro"": ""604mm"", ""Longitud de vaina"": ""425mm"", ""Distancia entre ejes"": ""1016mm"", ""Longitud Tubo Superior, Hrz."": ""534mm"", ""Bike Standover Height"": ""766mm"", ""Long. Tubo de Sillín"": ""456mm"", ""Ángulo de Tubo de Sillín"": ""74.5°""}",13999,false,https://www.specialized.com/es/es/s-works-crux-5-sram-red-xplr/p/4294828,https://www.specialized.com/es/es/s-works-crux-5-sram-red-xplr/p/4294828?color=5469834-4294828,html,2026-10-05
Specialized,Crux 5 Comp: SRAM Rival XPLR [c9b32aea],S-Works Crux 5: SRAM RED XPLR,,gravel,54,,54,,,,,560,388,"{""Longitud de biela"": ""170mm"", ""Ancho de manillar"": ""400mm"", ""Longitud Potencia"": ""90mm"", ""Saddle Width"": ""143mm"", ""Longitud Tija Sillín"": ""380mm"", ""Stack"": ""560mm"", ""Reach"": ""388mm"", ""Longitud de Pipa"": ""125mm"", ""Ángulo de Pipa"": ""71°"", ""Altura Pedalier"": ""280mm"", ""Caída Pedalier"": ""78mm"", ""Avance Horquilla"": ""69mm"", ""Longitud Horquilla"": ""401mm"", ""Avance/Retroceso Horquilla"": ""51mm"", ""Delante Centro"": ""613mm"", ""Longitud de vaina"": ""425mm"", ""Distancia entre ejes"": ""1026mm"", ""Longitud Tubo Superior, Hrz."": ""543mm"", ""Bike Standover Height"": ""781mm"", ""Long. Tubo de Sillín"": ""473mm"", ""Ángulo de Tubo de Sillín"": ""74.5°""}",13999,false,https://www.specialized.com/es/es/s-works-crux-5-sram-red-xplr/p/4294828,https://www.specialized.com/es/es/s-works-crux-5-sram-red-xplr/p/4294828?color=5469834-4294828,html,2026-10-05
Specialized,Crux 5 Comp: SRAM Rival XPLR [c9b32aea],S-Works Crux 5: SRAM RED XPLR,,gravel,56,,56,,,,,578,400,"{""Longitud de biela"": ""170mm"", ""Ancho de manillar"": ""400mm"", ""Longitud Potencia"": ""100mm"", ""Saddle Width"": ""143mm"", ""Longitud Tija Sillín"": ""380mm"", ""Stack"": ""578mm"", ""Reach"": ""400mm"", ""Longitud de Pipa"": ""142mm"", ""Ángulo de Pipa"": ""71.5°"", ""Altura Pedalier"": ""280mm"", ""Caída Pedalier"": ""78mm"", ""Avance Horquilla"": ""66mm"", ""Longitud Horquilla"": ""401mm"", ""Avance/Retroceso Horquilla"": ""51mm"", ""Delante Centro"": ""626mm"", ""Longitud de vaina"": ""425mm"", ""Distancia entre ejes"": ""1039mm"", ""Longitud Tubo Superior, Hrz."": ""566mm"", ""Bike Standover Height"": ""803mm"", ""Long. Tubo de Sillín"": ""497mm"", ""Ángulo de Tubo de Sillín"": ""74°""}",13999,false,https://www.specialized.com/es/es/s-works-crux-5-sram-red-xplr/p/4294828,https://www.specialized.com/es/es/s-works-crux-5-sram-red-xplr/p/4294828?color=5469834-4294828,html,2026-10-05
Specialized,Crux 5 Comp: SRAM Rival XPLR [c9b32aea],S-Works Crux 5: SRAM RED XPLR,,gravel,58,,58,,,,,598,412,"{""Longitud de biela"": ""172.5mm"", ""Ancho de manillar"": ""420mm"", ""Longitud Potencia"": ""100mm"", ""Saddle Width"": ""143mm"", ""Longitud Tija Sillín"": ""380mm"", ""Stack"": ""598mm"", ""Reach"": ""412mm"", ""Longitud de Pipa"": ""163mm"", ""Ángulo de Pipa"": ""71.5°"", ""Altura Pedalier"": ""280mm"", ""Caída Pedalier"": ""78mm"", ""Avance Horquilla"": ""66mm"", ""Longitud Horquilla"": ""401mm"", ""Avance/Retroceso Horquilla"": ""51mm"", ""Delante Centro"": ""644mm"", ""Longitud de vaina"": ""425mm"", ""Distancia entre ejes"": ""1057mm"", ""Longitud Tubo Superior, Hrz."": ""583mm"", ""Bike Standover Height"": ""823mm"", ""Long. Tubo de Sillín"": ""515mm"", ""Ángulo de Tubo de Sillín"": ""74°""}",13999,false,https://www.specialized.com/es/es/s-works-crux-5-sram-red-xplr/p/4294828,https://www.specialized.com/es/es/s-works-crux-5-sram-red-xplr/p/4294828?color=5469834-4294828,html,2026-10-05
Specialized,Crux 5 Comp: SRAM Rival XPLR [c9b32aea],S-Works Crux 5: SRAM RED XPLR,,gravel,61,,61,,,,,621,425,"{""Longitud de biela"": ""172.5mm"", ""Ancho de manillar"": ""420mm"", ""Longitud Potencia"": ""100mm"", ""Saddle Width"": ""143mm"", ""Longitud Tija Sillín"": ""380mm"", ""Stack"": ""621mm"", ""Reach"": ""425mm"", ""Longitud de Pipa"": ""188mm"", ""Ángulo de Pipa"": ""71.5°"", ""Altura Pedalier"": ""280mm"", ""Caída Pedalier"": ""78mm"", ""Avance Horquilla"": ""66mm"", ""Longitud Horquilla"": ""401mm"", ""Avance/Retroceso Horquilla"": ""51mm"", ""Delante Centro"": ""665mm"", ""Longitud de vaina"": ""425mm"", ""Distancia entre ejes"": ""1078mm"", ""Longitud Tubo Superior, Hrz."": ""603mm"", ""Bike Standover Height"": ""849mm"", ""Long. Tubo de Sillín"": ""545mm"", ""Ángulo de Tubo de Sillín"": ""74°""}",13999,false,https://www.specialized.com/es/es/s-works-crux-5-sram-red-xplr/p/4294828,https://www.specialized.com/es/es/s-works-crux-5-sram-red-xplr/p/4294828?color=5469834-4294828,html,2026-10-05
Specialized,Crux 5 Comp: SRAM Rival XPLR [c9b32aea],Crux 5 S-Level: SRAM RED XPLR,,gravel,49,,49,,,,,530,375,"{""Longitud de biela"": ""165mm"", ""Ancho de manillar"": ""380mm"", ""Longitud Potencia"": ""75mm"", ""Saddle Width"": ""155mm"", ""Longitud Tija Sillín"": ""300mm"", ""Stack"": ""530mm"", ""Reach"": ""375mm"", ""Longitud de Pipa"": ""95mm"", ""Ángulo de Pipa"": ""70.5°"", ""Altura Pedalier"": ""278mm"", ""Caída Pedalier"": ""80mm"", ""Avance Horquilla"": ""72mm"", ""Longitud Horquilla"": ""401mm"", ""Avance/Retroceso Horquilla"": ""51mm"", ""Delante Centro"": ""594mm"", ""Longitud de vaina"": ""425mm"", ""Distancia entre ejes"": ""1008mm"", ""Longitud Tubo Superior, Hrz."": ""512mm"", ""Bike Standover Height"": ""753mm"", ""Long. Tubo de Sillín"": ""445mm"", ""Ángulo de Tubo de Sillín"": ""75.5°""}",10499,false,https://www.specialized.com/es/es/crux-5-s-level-sram-red-xplr/p/4294829,https://www.specialized.com/es/es/crux-5-s-level-sram-red-xplr/p/4294829?color=5469836-4294829,html,2026-10-05
Specialized,Crux 5 Comp: SRAM Rival XPLR [c9b32aea],Crux 5 S-Level: SRAM RED XPLR,,gravel,52,,52,,,,,547,382,"{""Longitud de biela"": ""165mm"", ""Ancho de manillar"": ""380mm"", ""Longitud Potencia"": ""90mm"", ""Saddle Width"": ""155mm"", ""Longitud Tija Sillín"": ""300mm"", ""Stack"": ""547mm"", ""Reach"": ""382mm"", ""Longitud de Pipa"": ""110mm"", ""Ángulo de Pipa"": ""70.75°"", ""Altura Pedalier"": ""278mm"", ""Caída Pedalier"": ""80mm"", ""Avance Horquilla"": ""71mm"", ""Longitud Horquilla"": ""401mm"", ""Avance/Retroceso Horquilla"": ""51mm"", ""Delante Centro"": ""604mm"", ""Longitud de vaina"": ""425mm"", ""Distancia entre ejes"": ""1016mm"", ""Longitud Tubo Superior, Hrz."": ""534mm"", ""Bike Standover Height"": ""766mm"", ""Long. Tubo de Sillín"": ""456mm"", ""Ángulo de Tubo de Sillín"": ""74.5°""}",10499,false,https://www.specialized.com/es/es/crux-5-s-level-sram-red-xplr/p/4294829,https://www.specialized.com/es/es/crux-5-s-level-sram-red-xplr/p/4294829?color=5469836-4294829,html,2026-10-05
Specialized,Crux 5 Comp: SRAM Rival XPLR [c9b32aea],Crux 5 S-Level: SRAM RED XPLR,,gravel,54,,54,,,,,560,388,"{""Longitud de biela"": ""170mm"", ""Ancho de manillar"": ""400mm"", ""Longitud Potencia"": ""90mm"", ""Saddle Width"": ""143mm"", ""Longitud Tija Sillín"": ""380mm"", ""Stack"": ""560mm"", ""Reach"": ""388mm"", ""Longitud de Pipa"": ""125mm"", ""Ángulo de Pipa"": ""71°"", ""Altura Pedalier"": ""280mm"", ""Caída Pedalier"": ""78mm"", ""Avance Horquilla"": ""69mm"", ""Longitud Horquilla"": ""401mm"", ""Avance/Retroceso Horquilla"": ""51mm"", ""Delante Centro"": ""613mm"", ""Longitud de vaina"": ""425mm"", ""Distancia entre ejes"": ""1026mm"", ""Longitud Tubo Superior, Hrz."": ""543mm"", ""Bike Standover Height"": ""781mm"", ""Long. Tubo de Sillín"": ""473mm"", ""Ángulo de Tubo de Sillín"": ""74.5°""}",10499,false,https://www.specialized.com/es/es/crux-5-s-level-sram-red-xplr/p/4294829,https://www.specialized.com/es/es/crux-5-s-level-sram-red-xplr/p/4294829?color=5469836-4294829,html,2026-10-05
Specialized,Crux 5 Comp: SRAM Rival XPLR [c9b32aea],Crux 5 S-Level: SRAM RED XPLR,,gravel,56,,56,,,,,578,400,"{""Longitud de biela"": ""170mm"", ""Ancho de manillar"": ""400mm"", ""Longitud Potencia"": ""100mm"", ""Saddle Width"": ""143mm"", ""Longitud Tija Sillín"": ""380mm"", ""Stack"": ""578mm"", ""Reach"": ""400mm"", ""Longitud de Pipa"": ""142mm"", ""Ángulo de Pipa"": ""71.5°"", ""Altura Pedalier"": ""280mm"", ""Caída Pedalier"": ""78mm"", ""Avance Horquilla"": ""66mm"", ""Longitud Horquilla"": ""401mm"", ""Avance/Retroceso Horquilla"": ""51mm"", ""Delante Centro"": ""626mm"", ""Longitud de vaina"": ""425mm"", ""Distancia entre ejes"": ""1039mm"", ""Longitud Tubo Superior, Hrz."": ""566mm"", ""Bike Standover Height"": ""803mm"", ""Long. Tubo de Sillín"": ""497mm"", ""Ángulo de Tubo de Sillín"": ""74°""}",10499,false,https://www.specialized.com/es/es/crux-5-s-level-sram-red-xplr/p/4294829,https://www.specialized.com/es/es/crux-5-s-level-sram-red-xplr/p/4294829?color=5469836-4294829,html,2026-10-05
Specialized,Crux 5 Comp: SRAM Rival XPLR [c9b32aea],Crux 5 S-Level: SRAM RED XPLR,,gravel,58,,58,,,,,598,412,"{""Longitud de biela"": ""172.5mm"", ""Ancho de manillar"": ""420mm"", ""Longitud Potencia"": ""100mm"", ""Saddle Width"": ""143mm"", ""Longitud Tija Sillín"": ""380mm"", ""Stack"": ""598mm"", ""Reach"": ""412mm"", ""Longitud de Pipa"": ""163mm"", ""Ángulo de Pipa"": ""71.5°"", ""Altura Pedalier"": ""280mm"", ""Caída Pedalier"": ""78mm"", ""Avance Horquilla"": ""66mm"", ""Longitud Horquilla"": ""401mm"", ""Avance/Retroceso Horquilla"": ""51mm"", ""Delante Centro"": ""644mm"", ""Longitud de vaina"": ""425mm"", ""Distancia entre ejes"": ""1057mm"", ""Longitud Tubo Superior, Hrz."": ""583mm"", ""Bike Standover Height"": ""823mm"", ""Long. Tubo de Sillín"": ""515mm"", ""Ángulo de Tubo de Sillín"": ""74°""}",10499,false,https://www.specialized.com/es/es/crux-5-s-level-sram-red-xplr/p/4294829,https://www.specialized.com/es/es/crux-5-s-level-sram-red-xplr/p/4294829?color=5469836-4294829,html,2026-10-05
Specialized,Crux 5 Comp: SRAM Rival XPLR [c9b32aea],Crux 5 S-Level: SRAM RED XPLR,,gravel,61,,61,,,,,621,425,"{""Longitud de biela"": ""172.5mm"", ""Ancho de manillar"": ""420mm"", ""Longitud Potencia"": ""100mm"", ""Saddle Width"": ""143mm"", ""Longitud Tija Sillín"": ""380mm"", ""Stack"": ""621mm"", ""Reach"": ""425mm"", ""Longitud de Pipa"": ""188mm"", ""Ángulo de Pipa"": ""71.5°"", ""Altura Pedalier"": ""280mm"", ""Caída Pedalier"": ""78mm"", ""Avance Horquilla"": ""66mm"", ""Longitud Horquilla"": ""401mm"", ""Avance/Retroceso Horquilla"": ""51mm"", ""Delante Centro"": ""665mm"", ""Longitud de vaina"": ""425mm"", ""Distancia entre ejes"": ""1078mm"", ""Longitud Tubo Superior, Hrz."": ""603mm"", ""Bike Standover Height"": ""849mm"", ""Long. Tubo de Sillín"": ""545mm"", ""Ángulo de Tubo de Sillín"": ""74°""}",10499,false,https://www.specialized.com/es/es/crux-5-s-level-sram-red-xplr/p/4294829,https://www.specialized.com/es/es/crux-5-s-level-sram-red-xplr/p/4294829?color=5469836-4294829,html,2026-10-05
Specialized,Crux 5 Comp: SRAM Rival XPLR [c9b32aea],Crux 5 Expert: SRAM Force XPLR,,gravel,49,,49,,,,,530,375,"{""Longitud de biela"": ""165mm"", ""Ancho de manillar"": ""380mm"", ""Longitud Potencia"": ""70mm"", ""Saddle Width"": ""155mm"", ""Longitud Tija Sillín"": ""300mm"", ""Stack"": ""530mm"", ""Reach"": ""375mm"", ""Longitud de Pipa"": ""95mm"", ""Ángulo de Pipa"": ""70.5°"", ""Altura Pedalier"": ""278mm"", ""Caída Pedalier"": ""80mm"", ""Avance Horquilla"": ""72mm"", ""Longitud Horquilla"": ""401mm"", ""Avance/Retroceso Horquilla"": ""51mm"", ""Delante Centro"": ""594mm"", ""Longitud de vaina"": ""425mm"", ""Distancia entre ejes"": ""1008mm"", ""Longitud Tubo Superior, Hrz."": ""512mm"", ""Bike Standover Height"": ""753mm"", ""Long. Tubo de Sillín"": ""445mm"", ""Ángulo de Tubo de Sillín"": ""75.5°""}",6999,false,https://www.specialized.com/es/es/crux-5-expert-sram-force-xplr/p/4294830,https://www.specialized.com/es/es/crux-5-expert-sram-force-xplr/p/4294830?color=5469837-4294830,html,2026-10-05
Specialized,Crux 5 Comp: SRAM Rival XPLR [c9b32aea],Crux 5 Expert: SRAM Force XPLR,,gravel,52,,52,,,,,547,382,"{""Longitud de biela"": ""165mm"", ""Ancho de manillar"": ""380mm"", ""Longitud Potencia"": ""80mm"", ""Saddle Width"": ""155mm"", ""Longitud Tija Sillín"": ""300mm"", ""Stack"": ""547mm"", ""Reach"": ""382mm"", ""Longitud de Pipa"": ""110mm"", ""Ángulo de Pipa"": ""70.75°"", ""Altura Pedalier"": ""278mm"", ""Caída Pedalier"": ""80mm"", ""Avance Horquilla"": ""71mm"", ""Longitud Horquilla"": ""401mm"", ""Avance/Retroceso Horquilla"": ""51mm"", ""Delante Centro"": ""604mm"", ""Longitud de vaina"": ""425mm"", ""Distancia entre ejes"": ""1016mm"", ""Longitud Tubo Superior, Hrz."": ""534mm"", ""Bike Standover Height"": ""766mm"", ""Long. Tubo de Sillín"": ""456mm"", ""Ángulo de Tubo de Sillín"": ""74.5°""}",6999,false,https://www.specialized.com/es/es/crux-5-expert-sram-force-xplr/p/4294830,https://www.specialized.com/es/es/crux-5-expert-sram-force-xplr/p/4294830?color=5469837-4294830,html,2026-10-05
Specialized,Crux 5 Comp: SRAM Rival XPLR [c9b32aea],Crux 5 Expert: SRAM Force XPLR,,gravel,54,,54,,,,,560,388,"{""Longitud de biela"": ""170mm"", ""Ancho de manillar"": ""400mm"", ""Longitud Potencia"": ""90mm"", ""Saddle Width"": ""143mm"", ""Longitud Tija Sillín"": ""380mm"", ""Stack"": ""560mm"", ""Reach"": ""388mm"", ""Longitud de Pipa"": ""125mm"", ""Ángulo de Pipa"": ""71°"", ""Altura Pedalier"": ""280mm"", ""Caída Pedalier"": ""78mm"", ""Avance Horquilla"": ""69mm"", ""Longitud Horquilla"": ""401mm"", ""Avance/Retroceso Horquilla"": ""51mm"", ""Delante Centro"": ""613mm"", ""Longitud de vaina"": ""425mm"", ""Distancia entre ejes"": ""1026mm"", ""Longitud Tubo Superior, Hrz."": ""543mm"", ""Bike Standover Height"": ""781mm"", ""Long. Tubo de Sillín"": ""473mm"", ""Ángulo de Tubo de Sillín"": ""74.5°""}",6999,false,https://www.specialized.com/es/es/crux-5-expert-sram-force-xplr/p/4294830,https://www.specialized.com/es/es/crux-5-expert-sram-force-xplr/p/4294830?color=5469837-4294830,html,2026-10-05
Specialized,Crux 5 Comp: SRAM Rival XPLR [c9b32aea],Crux 5 Expert: SRAM Force XPLR,,gravel,56,,56,,,,,578,400,"{""Longitud de biela"": ""170mm"", ""Ancho de manillar"": ""400mm"", ""Longitud Potencia"": ""100mm"", ""Saddle Width"": ""143mm"", ""Longitud Tija Sillín"": ""380mm"", ""Stack"": ""578mm"", ""Reach"": ""400mm"", ""Longitud de Pipa"": ""142mm"", ""Ángulo de Pipa"": ""71.5°"", ""Altura Pedalier"": ""280mm"", ""Caída Pedalier"": ""78mm"", ""Avance Horquilla"": ""66mm"", ""Longitud Horquilla"": ""401mm"", ""Avance/Retroceso Horquilla"": ""51mm"", ""Delante Centro"": ""626mm"", ""Longitud de vaina"": ""425mm"", ""Distancia entre ejes"": ""1039mm"", ""Longitud Tubo Superior, Hrz."": ""566mm"", ""Bike Standover Height"": ""803mm"", ""Long. Tubo de Sillín"": ""497mm"", ""Ángulo de Tubo de Sillín"": ""74°""}",6999,false,https://www.specialized.com/es/es/crux-5-expert-sram-force-xplr/p/4294830,https://www.specialized.com/es/es/crux-5-expert-sram-force-xplr/p/4294830?color=5469837-4294830,html,2026-10-05
Specialized,Crux 5 Comp: SRAM Rival XPLR [c9b32aea],Crux 5 Expert: SRAM Force XPLR,,gravel,58,,58,,,,,598,412,"{""Longitud de biela"": ""172.5mm"", ""Ancho de manillar"": ""420mm"", ""Longitud Potencia"": ""100mm"", ""Saddle Width"": ""143mm"", ""Longitud Tija Sillín"": ""380mm"", ""Stack"": ""598mm"", ""Reach"": ""412mm"", ""Longitud de Pipa"": ""163mm"", ""Ángulo de Pipa"": ""71.5°"", ""Altura Pedalier"": ""280mm"", ""Caída Pedalier"": ""78mm"", ""Avance Horquilla"": ""66mm"", ""Longitud Horquilla"": ""401mm"", ""Avance/Retroceso Horquilla"": ""51mm"", ""Delante Centro"": ""644mm"", ""Longitud de vaina"": ""425mm"", ""Distancia entre ejes"": ""1057mm"", ""Longitud Tubo Superior, Hrz."": ""583mm"", ""Bike Standover Height"": ""823mm"", ""Long. Tubo de Sillín"": ""515mm"", ""Ángulo de Tubo de Sillín"": ""74°""}",6999,false,https://www.specialized.com/es/es/crux-5-expert-sram-force-xplr/p/4294830,https://www.specialized.com/es/es/crux-5-expert-sram-force-xplr/p/4294830?color=5469837-4294830,html,2026-10-05
Specialized,Crux 5 Comp: SRAM Rival XPLR [c9b32aea],Crux 5 Expert: SRAM Force XPLR,,gravel,61,,61,,,,,621,425,"{""Longitud de biela"": ""172.5mm"", ""Ancho de manillar"": ""420mm"", ""Longitud Potencia"": ""100mm"", ""Saddle Width"": ""143mm"", ""Longitud Tija Sillín"": ""380mm"", ""Stack"": ""621mm"", ""Reach"": ""425mm"", ""Longitud de Pipa"": ""188mm"", ""Ángulo de Pipa"": ""71.5°"", ""Altura Pedalier"": ""280mm"", ""Caída Pedalier"": ""78mm"", ""Avance Horquilla"": ""66mm"", ""Longitud Horquilla"": ""401mm"", ""Avance/Retroceso Horquilla"": ""51mm"", ""Delante Centro"": ""665mm"", ""Longitud de vaina"": ""425mm"", ""Distancia entre ejes"": ""1078mm"", ""Longitud Tubo Superior, Hrz."": ""603mm"", ""Bike Standover Height"": ""849mm"", ""Long. Tubo de Sillín"": ""545mm"", ""Ángulo de Tubo de Sillín"": ""74°""}",6999,false,https://www.specialized.com/es/es/crux-5-expert-sram-force-xplr/p/4294830,https://www.specialized.com/es/es/crux-5-expert-sram-force-xplr/p/4294830?color=5469837-4294830,html,2026-10-05
Specialized,Crux 5 Comp: SRAM Rival XPLR [c9b32aea],Crux 5 Comp: SRAM Rival XPLR,,gravel,49,,49,,,,,530,375,"{""Longitud de biela"": ""165mm"", ""Ancho de manillar"": ""380mm"", ""Longitud Potencia"": ""70mm"", ""Saddle Width"": ""155mm"", ""Longitud Tija Sillín"": ""300mm"", ""Stack"": ""530mm"", ""Reach"": ""375mm"", ""Longitud de Pipa"": ""95mm"", ""Ángulo de Pipa"": ""70.5°"", ""Altura Pedalier"": ""278mm"", ""Caída Pedalier"": ""80mm"", ""Avance Horquilla"": ""72mm"", ""Longitud Horquilla"": ""401mm"", ""Avance/Retroceso Horquilla"": ""51mm"", ""Delante Centro"": ""594mm"", ""Longitud de vaina"": ""425mm"", ""Distancia entre ejes"": ""1008mm"", ""Longitud Tubo Superior, Hrz."": ""512mm"", ""Bike Standover Height"": ""753mm"", ""Long. Tubo de Sillín"": ""445mm"", ""Ángulo de Tubo de Sillín"": ""75.5°""}",4499,false,https://www.specialized.com/es/es/crux-5-comp-sram-rival-xplr/p/4294832,https://www.specialized.com/es/es/crux-5-comp-sram-rival-xplr/p/4294832?color=5469856-4294832,html,2026-10-05
Specialized,Crux 5 Comp: SRAM Rival XPLR [c9b32aea],Crux 5 Comp: SRAM Rival XPLR,,gravel,52,,52,,,,,547,382,"{""Longitud de biela"": ""165mm"", ""Ancho de manillar"": ""380mm"", ""Longitud Potencia"": ""80mm"", ""Saddle Width"": ""155mm"", ""Longitud Tija Sillín"": ""300mm"", ""Stack"": ""547mm"", ""Reach"": ""382mm"", ""Longitud de Pipa"": ""110mm"", ""Ángulo de Pipa"": ""70.75°"", ""Altura Pedalier"": ""278mm"", ""Caída Pedalier"": ""80mm"", ""Avance Horquilla"": ""71mm"", ""Longitud Horquilla"": ""401mm"", ""Avance/Retroceso Horquilla"": ""51mm"", ""Delante Centro"": ""604mm"", ""Longitud de vaina"": ""425mm"", ""Distancia entre ejes"": ""1016mm"", ""Longitud Tubo Superior, Hrz."": ""534mm"", ""Bike Standover Height"": ""766mm"", ""Long. Tubo de Sillín"": ""456mm"", ""Ángulo de Tubo de Sillín"": ""74.5°""}",4499,false,https://www.specialized.com/es/es/crux-5-comp-sram-rival-xplr/p/4294832,https://www.specialized.com/es/es/crux-5-comp-sram-rival-xplr/p/4294832?color=5469856-4294832,html,2026-10-05
Specialized,Crux 5 Comp: SRAM Rival XPLR [c9b32aea],Crux 5 Comp: SRAM Rival XPLR,,gravel,54,,54,,,,,560,388,"{""Longitud de biela"": ""170mm"", ""Ancho de manillar"": ""400mm"", ""Longitud Potencia"": ""90mm"", ""Saddle Width"": ""143mm"", ""Longitud Tija Sillín"": ""380mm"", ""Stack"": ""560mm"", ""Reach"": ""388mm"", ""Longitud de Pipa"": ""125mm"", ""Ángulo de Pipa"": ""71°"", ""Altura Pedalier"": ""280mm"", ""Caída Pedalier"": ""78mm"", ""Avance Horquilla"": ""69mm"", ""Longitud Horquilla"": ""401mm"", ""Avance/Retroceso Horquilla"": ""51mm"", ""Delante Centro"": ""613mm"", ""Longitud de vaina"": ""425mm"", ""Distancia entre ejes"": ""1026mm"", ""Longitud Tubo Superior, Hrz."": ""543mm"", ""Bike Standover Height"": ""781mm"", ""Long. Tubo de Sillín"": ""473mm"", ""Ángulo de Tubo de Sillín"": ""74.5°""}",4499,false,https://www.specialized.com/es/es/crux-5-comp-sram-rival-xplr/p/4294832,https://www.specialized.com/es/es/crux-5-comp-sram-rival-xplr/p/4294832?color=5469856-4294832,html,2026-10-05
Specialized,Crux 5 Comp: SRAM Rival XPLR [c9b32aea],Crux 5 Comp: SRAM Rival XPLR,,gravel,56,,56,,,,,578,400,"{""Longitud de biela"": ""170mm"", ""Ancho de manillar"": ""400mm"", ""Longitud Potencia"": ""100mm"", ""Saddle Width"": ""143mm"", ""Longitud Tija Sillín"": ""380mm"", ""Stack"": ""578mm"", ""Reach"": ""400mm"", ""Longitud de Pipa"": ""142mm"", ""Ángulo de Pipa"": ""71.5°"", ""Altura Pedalier"": ""280mm"", ""Caída Pedalier"": ""78mm"", ""Avance Horquilla"": ""66mm"", ""Longitud Horquilla"": ""401mm"", ""Avance/Retroceso Horquilla"": ""51mm"", ""Delante Centro"": ""626mm"", ""Longitud de vaina"": ""425mm"", ""Distancia entre ejes"": ""1039mm"", ""Longitud Tubo Superior, Hrz."": ""566mm"", ""Bike Standover Height"": ""803mm"", ""Long. Tubo de Sillín"": ""497mm"", ""Ángulo de Tubo de Sillín"": ""74°""}",4499,false,https://www.specialized.com/es/es/crux-5-comp-sram-rival-xplr/p/4294832,https://www.specialized.com/es/es/crux-5-comp-sram-rival-xplr/p/4294832?color=5469856-4294832,html,2026-10-05
Specialized,Crux 5 Comp: SRAM Rival XPLR [c9b32aea],Crux 5 Comp: SRAM Rival XPLR,,gravel,58,,58,,,,,598,412,"{""Longitud de biela"": ""172.5mm"", ""Ancho de manillar"": ""420mm"", ""Longitud Potencia"": ""100mm"", ""Saddle Width"": ""143mm"", ""Longitud Tija Sillín"": ""380mm"", ""Stack"": ""598mm"", ""Reach"": ""412mm"", ""Longitud de Pipa"": ""163mm"", ""Ángulo de Pipa"": ""71.5°"", ""Altura Pedalier"": ""280mm"", ""Caída Pedalier"": ""78mm"", ""Avance Horquilla"": ""66mm"", ""Longitud Horquilla"": ""401mm"", ""Avance/Retroceso Horquilla"": ""51mm"", ""Delante Centro"": ""644mm"", ""Longitud de vaina"": ""425mm"", ""Distancia entre ejes"": ""1057mm"", ""Longitud Tubo Superior, Hrz."": ""583mm"", ""Bike Standover Height"": ""823mm"", ""Long. Tubo de Sillín"": ""515mm"", ""Ángulo de Tubo de Sillín"": ""74°""}",4499,false,https://www.specialized.com/es/es/crux-5-comp-sram-rival-xplr/p/4294832,https://www.specialized.com/es/es/crux-5-comp-sram-rival-xplr/p/4294832?color=5469856-4294832,html,2026-10-05
Specialized,Crux 5 Comp: SRAM Rival XPLR [c9b32aea],Crux 5 Comp: SRAM Rival XPLR,,gravel,61,,61,,,,,621,425,"{""Longitud de biela"": ""172.5mm"", ""Ancho de manillar"": ""420mm"", ""Longitud Potencia"": ""100mm"", ""Saddle Width"": ""143mm"", ""Longitud Tija Sillín"": ""380mm"", ""Stack"": ""621mm"", ""Reach"": ""425mm"", ""Longitud de Pipa"": ""188mm"", ""Ángulo de Pipa"": ""71.5°"", ""Altura Pedalier"": ""280mm"", ""Caída Pedalier"": ""78mm"", ""Avance Horquilla"": ""66mm"", ""Longitud Horquilla"": ""401mm"", ""Avance/Retroceso Horquilla"": ""51mm"", ""Delante Centro"": ""665mm"", ""Longitud de vaina"": ""425mm"", ""Distancia entre ejes"": ""1078mm"", ""Longitud Tubo Superior, Hrz."": ""603mm"", ""Bike Standover Height"": ""849mm"", ""Long. Tubo de Sillín"": ""545mm"", ""Ángulo de Tubo de Sillín"": ""74°""}",4499,false,https://www.specialized.com/es/es/crux-5-comp-sram-rival-xplr/p/4294832,https://www.specialized.com/es/es/crux-5-comp-sram-rival-xplr/p/4294832?color=5469856-4294832,html,2026-10-05
Specialized,Crux 5 Comp: SRAM Rival XPLR [c9b32aea],Crux 5 Sport: Shimano GRX 800,,gravel,49,,49,,,,,530,375,"{""Longitud de biela"": ""170mm"", ""Ancho de manillar"": ""380mm"", ""Longitud Potencia"": ""70mm"", ""Saddle Width"": ""155mm"", ""Longitud Tija Sillín"": ""300mm"", ""Stack"": ""530mm"", ""Reach"": ""375mm"", ""Longitud de Pipa"": ""95mm"", ""Ángulo de Pipa"": ""70.5°"", ""Altura Pedalier"": ""278mm"", ""Caída Pedalier"": ""80mm"", ""Avance Horquilla"": ""72mm"", ""Longitud Horquilla"": ""401mm"", ""Avance/Retroceso Horquilla"": ""51mm"", ""Delante Centro"": ""594mm"", ""Longitud de vaina"": ""425mm"", ""Distancia entre ejes"": ""1008mm"", ""Longitud Tubo Superior, Hrz."": ""512mm"", ""Bike Standover Height"": ""753mm"", ""Long. Tubo de Sillín"": ""445mm"", ""Ángulo de Tubo de Sillín"": ""75.5°""}",3999,false,https://www.specialized.com/es/es/crux-5-sport-shimano-grx-800/p/4312531,https://www.specialized.com/es/es/crux-5-sport-shimano-grx-800/p/4312531?color=5479431-4312531,html,2026-10-05
Specialized,Crux 5 Comp: SRAM Rival XPLR [c9b32aea],Crux 5 Sport: Shimano GRX 800,,gravel,52,,52,,,,,547,382,"{""Longitud de biela"": ""170mm"", ""Ancho de manillar"": ""380mm"", ""Longitud Potencia"": ""80mm"", ""Saddle Width"": ""155mm"", ""Longitud Tija Sillín"": ""300mm"", ""Stack"": ""547mm"", ""Reach"": ""382mm"", ""Longitud de Pipa"": ""110mm"", ""Ángulo de Pipa"": ""70.75°"", ""Altura Pedalier"": ""278mm"", ""Caída Pedalier"": ""80mm"", ""Avance Horquilla"": ""71mm"", ""Longitud Horquilla"": ""401mm"", ""Avance/Retroceso Horquilla"": ""51mm"", ""Delante Centro"": ""604mm"", ""Longitud de vaina"": ""425mm"", ""Distancia entre ejes"": ""1016mm"", ""Longitud Tubo Superior, Hrz."": ""534mm"", ""Bike Standover Height"": ""766mm"", ""Long. Tubo de Sillín"": ""456mm"", ""Ángulo de Tubo de Sillín"": ""74.5°""}",3999,false,https://www.specialized.com/es/es/crux-5-sport-shimano-grx-800/p/4312531,https://www.specialized.com/es/es/crux-5-sport-shimano-grx-800/p/4312531?color=5479431-4312531,html,2026-10-05
Specialized,Crux 5 Comp: SRAM Rival XPLR [c9b32aea],Crux 5 Sport: Shimano GRX 800,,gravel,54,,54,,,,,560,388,"{""Longitud de biela"": ""170mm"", ""Ancho de manillar"": ""400mm"", ""Longitud Potencia"": ""90mm"", ""Saddle Width"": ""143mm"", ""Longitud Tija Sillín"": ""380mm"", ""Stack"": ""560mm"", ""Reach"": ""388mm"", ""Longitud de Pipa"": ""125mm"", ""Ángulo de Pipa"": ""71°"", ""Altura Pedalier"": ""280mm"", ""Caída Pedalier"": ""78mm"", ""Avance Horquilla"": ""69mm"", ""Longitud Horquilla"": ""401mm"", ""Avance/Retroceso Horquilla"": ""51mm"", ""Delante Centro"": ""613mm"", ""Longitud de vaina"": ""425mm"", ""Distancia entre ejes"": ""1026mm"", ""Longitud Tubo Superior, Hrz."": ""543mm"", ""Bike Standover Height"": ""781mm"", ""Long. Tubo de Sillín"": ""473mm"", ""Ángulo de Tubo de Sillín"": ""74.5°""}",3999,false,https://www.specialized.com/es/es/crux-5-sport-shimano-grx-800/p/4312531,https://www.specialized.com/es/es/crux-5-sport-shimano-grx-800/p/4312531?color=5479431-4312531,html,2026-10-05
Specialized,Crux 5 Comp: SRAM Rival XPLR [c9b32aea],Crux 5 Sport: Shimano GRX 800,,gravel,56,,56,,,,,578,400,"{""Longitud de biela"": ""170mm"", ""Ancho de manillar"": ""400mm"", ""Longitud Potencia"": ""100mm"", ""Saddle Width"": ""143mm"", ""Longitud Tija Sillín"": ""380mm"", ""Stack"": ""578mm"", ""Reach"": ""400mm"", ""Longitud de Pipa"": ""142mm"", ""Ángulo de Pipa"": ""71.5°"", ""Altura Pedalier"": ""280mm"", ""Caída Pedalier"": ""78mm"", ""Avance Horquilla"": ""66mm"", ""Longitud Horquilla"": ""401mm"", ""Avance/Retroceso Horquilla"": ""51mm"", ""Delante Centro"": ""626mm"", ""Longitud de vaina"": ""425mm"", ""Distancia entre ejes"": ""1039mm"", ""Longitud Tubo Superior, Hrz."": ""566mm"", ""Bike Standover Height"": ""803mm"", ""Long. Tubo de Sillín"": ""497mm"", ""Ángulo de Tubo de Sillín"": ""74°""}",3999,false,https://www.specialized.com/es/es/crux-5-sport-shimano-grx-800/p/4312531,https://www.specialized.com/es/es/crux-5-sport-shimano-grx-800/p/4312531?color=5479431-4312531,html,2026-10-05
Specialized,Crux 5 Comp: SRAM Rival XPLR [c9b32aea],Crux 5 Sport: Shimano GRX 800,,gravel,58,,58,,,,,598,412,"{""Longitud de biela"": ""172.5mm"", ""Ancho de manillar"": ""420mm"", ""Longitud Potencia"": ""100mm"", ""Saddle Width"": ""143mm"", ""Longitud Tija Sillín"": ""380mm"", ""Stack"": ""598mm"", ""Reach"": ""412mm"", ""Longitud de Pipa"": ""163mm"", ""Ángulo de Pipa"": ""71.5°"", ""Altura Pedalier"": ""280mm"", ""Caída Pedalier"": ""78mm"", ""Avance Horquilla"": ""66mm"", ""Longitud Horquilla"": ""401mm"", ""Avance/Retroceso Horquilla"": ""51mm"", ""Delante Centro"": ""644mm"", ""Longitud de vaina"": ""425mm"", ""Distancia entre ejes"": ""1057mm"", ""Longitud Tubo Superior, Hrz."": ""583mm"", ""Bike Standover Height"": ""823mm"", ""Long. Tubo de Sillín"": ""515mm"", ""Ángulo de Tubo de Sillín"": ""74°""}",3999,false,https://www.specialized.com/es/es/crux-5-sport-shimano-grx-800/p/4312531,https://www.specialized.com/es/es/crux-5-sport-shimano-grx-800/p/4312531?color=5479431-4312531,html,2026-10-05
Specialized,Crux 5 Comp: SRAM Rival XPLR [c9b32aea],Crux 5 Sport: Shimano GRX 800,,gravel,61,,61,,,,,621,425,"{""Longitud de biela"": ""172.5mm"", ""Ancho de manillar"": ""420mm"", ""Longitud Potencia"": ""100mm"", ""Saddle Width"": ""143mm"", ""Longitud Tija Sillín"": ""380mm"", ""Stack"": ""621mm"", ""Reach"": ""425mm"", ""Longitud de Pipa"": ""188mm"", ""Ángulo de Pipa"": ""71.5°"", ""Altura Pedalier"": ""280mm"", ""Caída Pedalier"": ""78mm"", ""Avance Horquilla"": ""66mm"", ""Longitud Horquilla"": ""401mm"", ""Avance/Retroceso Horquilla"": ""51mm"", ""Delante Centro"": ""665mm"", ""Longitud de vaina"": ""425mm"", ""Distancia entre ejes"": ""1078mm"", ""Longitud Tubo Superior, Hrz."": ""603mm"", ""Bike Standover Height"": ""849mm"", ""Long. Tubo de Sillín"": ""545mm"", ""Ángulo de Tubo de Sillín"": ""74°""}",3999,false,https://www.specialized.com/es/es/crux-5-sport-shimano-grx-800/p/4312531,https://www.specialized.com/es/es/crux-5-sport-shimano-grx-800/p/4312531?color=5479431-4312531,html,2026-10-05
Specialized,Crux DSW [ad25210a],S-Works Crux,,gravel,49,,49,,,,,530,375,"{""Longitud de biela"": ""165mm"", ""Ancho de manillar"": ""380mm"", ""Longitud Potencia"": ""70mm"", ""Saddle Width"": ""155mm"", ""Longitud Tija Sillín"": ""300mm"", ""Stack"": ""530mm"", ""Reach"": ""375mm"", ""Longitud de Pipa"": ""100mm"", ""Ángulo de Pipa"": ""70.5°"", ""Altura Pedalier"": ""284mm"", ""Caída Pedalier"": ""74mm"", ""Avance Horquilla"": ""74mm"", ""Longitud Horquilla"": ""401mm"", ""Avance/Retroceso Horquilla"": ""50mm"", ""Delante Centro"": ""594mm"", ""Longitud de vaina"": ""425mm"", ""Distancia entre ejes"": ""1008mm"", ""Longitud Tubo Superior, Hrz."": ""512mm"", ""Bike Standover Height"": ""749mm"", ""Long. Tubo de Sillín"": ""466mm"", ""Ángulo de Tubo de Sillín"": ""75.5°""}",12999,false,https://www.specialized.com/es/es/s-works-crux/p/4223487,https://www.specialized.com/es/es/s-works-crux/p/4223487?color=5448056-4223487,html,2026-10-05
Specialized,Crux DSW [ad25210a],S-Works Crux,,gravel,52,,52,,,,,547,382,"{""Longitud de biela"": ""170mm"", ""Ancho de manillar"": ""400mm"", ""Longitud Potencia"": ""80mm"", ""Saddle Width"": ""155mm"", ""Longitud Tija Sillín"": ""300mm"", ""Stack"": ""547mm"", ""Reach"": ""382mm"", ""Longitud de Pipa"": ""115mm"", ""Ángulo de Pipa"": ""71.25°"", ""Altura Pedalier"": ""284mm"", ""Caída Pedalier"": ""74mm"", ""Avance Horquilla"": ""69mm"", ""Longitud Horquilla"": ""401mm"", ""Avance/Retroceso Horquilla"": ""50mm"", ""Delante Centro"": ""600mm"", ""Longitud de vaina"": ""425mm"", ""Distancia entre ejes"": ""1014mm"", ""Longitud Tubo Superior, Hrz."": ""539mm"", ""Bike Standover Height"": ""772mm"", ""Long. Tubo de Sillín"": ""496mm"", ""Ángulo de Tubo de Sillín"": ""74°""}",12999,false,https://www.specialized.com/es/es/s-works-crux/p/4223487,https://www.specialized.com/es/es/s-works-crux/p/4223487?color=5448056-4223487,html,2026-10-05
Specialized,Crux DSW [ad25210a],S-Works Crux,,gravel,54,,54,,,,,560,388,"{""Longitud de biela"": ""172.5mm"", ""Ancho de manillar"": ""420mm"", ""Longitud Potencia"": ""90mm"", ""Saddle Width"": ""143mm"", ""Longitud Tija Sillín"": ""300mm"", ""Stack"": ""560mm"", ""Reach"": ""388mm"", ""Longitud de Pipa"": ""130mm"", ""Ángulo de Pipa"": ""71.5°"", ""Altura Pedalier"": ""286mm"", ""Caída Pedalier"": ""72mm"", ""Avance Horquilla"": ""67mm"", ""Longitud Horquilla"": ""401mm"", ""Avance/Retroceso Horquilla"": ""50mm"", ""Delante Centro"": ""608mm"", ""Longitud de vaina"": ""425mm"", ""Distancia entre ejes"": ""1023mm"", ""Longitud Tubo Superior, Hrz."": ""549mm"", ""Bike Standover Height"": ""794mm"", ""Long. Tubo de Sillín"": ""521mm"", ""Ángulo de Tubo de Sillín"": ""74°""}",12999,false,https://www.specialized.com/es/es/s-works-crux/p/4223487,https://www.specialized.com/es/es/s-works-crux/p/4223487?color=5448056-4223487,html,2026-10-05
Specialized,Crux DSW [ad25210a],S-Works Crux,,gravel,56,,56,,,,,578,397,"{""Longitud de biela"": ""172.5mm"", ""Ancho de manillar"": ""420mm"", ""Longitud Potencia"": ""100mm"", ""Saddle Width"": ""143mm"", ""Longitud Tija Sillín"": ""360mm"", ""Stack"": ""578mm"", ""Reach"": ""397mm"", ""Longitud de Pipa"": ""147mm"", ""Ángulo de Pipa"": ""72°"", ""Altura Pedalier"": ""286mm"", ""Caída Pedalier"": ""72mm"", ""Avance Horquilla"": ""64mm"", ""Longitud Horquilla"": ""401mm"", ""Avance/Retroceso Horquilla"": ""50mm"", ""Delante Centro"": ""618mm"", ""Longitud de vaina"": ""425mm"", ""Distancia entre ejes"": ""1033mm"", ""Longitud Tubo Superior, Hrz."": ""568mm"", ""Bike Standover Height"": ""816mm"", ""Long. Tubo de Sillín"": ""546mm"", ""Ángulo de Tubo de Sillín"": ""73.5°""}",12999,false,https://www.specialized.com/es/es/s-works-crux/p/4223487,https://www.specialized.com/es/es/s-works-crux/p/4223487?color=5448056-4223487,html,2026-10-05
Specialized,Crux DSW [ad25210a],S-Works Crux,,gravel,58,,58,,,,,598,405,"{""Longitud de biela"": ""175mm"", ""Ancho de manillar"": ""440mm"", ""Longitud Potencia"": ""110mm"", ""Saddle Width"": ""143mm"", ""Longitud Tija Sillín"": ""360mm"", ""Stack"": ""598mm"", ""Reach"": ""405mm"", ""Longitud de Pipa"": ""167mm"", ""Ángulo de Pipa"": ""72.25°"", ""Altura Pedalier"": ""286mm"", ""Caída Pedalier"": ""72mm"", ""Avance Horquilla"": ""62mm"", ""Longitud Horquilla"": ""401mm"", ""Avance/Retroceso Horquilla"": ""50mm"", ""Delante Centro"": ""630mm"", ""Longitud de vaina"": ""425mm"", ""Distancia entre ejes"": ""1045mm"", ""Longitud Tubo Superior, Hrz."": ""582mm"", ""Bike Standover Height"": ""841mm"", ""Long. Tubo de Sillín"": ""576mm"", ""Ángulo de Tubo de Sillín"": ""73.5°""}",12999,false,https://www.specialized.com/es/es/s-works-crux/p/4223487,https://www.specialized.com/es/es/s-works-crux/p/4223487?color=5448056-4223487,html,2026-10-05
Specialized,Crux DSW [ad25210a],S-Works Crux,,gravel,61,,61,,,,,621,415,"{""Longitud de biela"": ""175mm"", ""Ancho de manillar"": ""440mm"", ""Longitud Potencia"": ""110mm"", ""Saddle Width"": ""143mm"", ""Longitud Tija Sillín"": ""360mm"", ""Stack"": ""621mm"", ""Reach"": ""415mm"", ""Longitud de Pipa"": ""190mm"", ""Ángulo de Pipa"": ""72.5°"", ""Altura Pedalier"": ""286mm"", ""Caída Pedalier"": ""72mm"", ""Avance Horquilla"": ""60mm"", ""Longitud Horquilla"": ""401mm"", ""Avance/Retroceso Horquilla"": ""50mm"", ""Delante Centro"": ""644mm"", ""Longitud de vaina"": ""425mm"", ""Distancia entre ejes"": ""1059mm"", ""Longitud Tubo Superior, Hrz."": ""599mm"", ""Bike Standover Height"": ""866mm"", ""Long. Tubo de Sillín"": ""606mm"", ""Ángulo de Tubo de Sillín"": ""73.5°""}",12999,false,https://www.specialized.com/es/es/s-works-crux/p/4223487,https://www.specialized.com/es/es/s-works-crux/p/4223487?color=5448056-4223487,html,2026-10-05
Specialized,Crux DSW [ad25210a],Crux Expert - SRAM Rival XPLR AXS,,gravel,49,,49,,,,,530,375,"{""Longitud de biela"": ""165mm"", ""Ancho de manillar"": ""380mm"", ""Longitud Potencia"": ""70mm"", ""Saddle Width"": ""155mm"", ""Longitud Tija Sillín"": ""330mm"", ""Stack"": ""530mm"", ""Reach"": ""375mm"", ""Longitud de Pipa"": ""100mm"", ""Ángulo de Pipa"": ""70.5°"", ""Altura Pedalier"": ""284mm"", ""Caída Pedalier"": ""74mm"", ""Avance Horquilla"": ""74mm"", ""Longitud Horquilla"": ""401mm"", ""Avance/Retroceso Horquilla"": ""50mm"", ""Delante Centro"": ""594mm"", ""Longitud de vaina"": ""425mm"", ""Distancia entre ejes"": ""1008mm"", ""Longitud Tubo Superior, Hrz."": ""512mm"", ""Bike Standover Height"": ""749mm"", ""Long. Tubo de Sillín"": ""466mm"", ""Ángulo de Tubo de Sillín"": ""75.5°""}",5999,false,https://www.specialized.com/es/es/crux-expert-sram-rival-xplr-axs-/p/4223489,https://www.specialized.com/es/es/crux-expert-sram-rival-xplr-axs-/p/4223489?color=5448068-4223489,html,2026-10-05
Specialized,Crux DSW [ad25210a],Crux Expert - SRAM Rival XPLR AXS,,gravel,52,,52,,,,,547,382,"{""Longitud de biela"": ""170mm"", ""Ancho de manillar"": ""400mm"", ""Longitud Potencia"": ""80mm"", ""Saddle Width"": ""155mm"", ""Longitud Tija Sillín"": ""330mm"", ""Stack"": ""547mm"", ""Reach"": ""382mm"", ""Longitud de Pipa"": ""115mm"", ""Ángulo de Pipa"": ""71.25°"", ""Altura Pedalier"": ""284mm"", ""Caída Pedalier"": ""74mm"", ""Avance Horquilla"": ""69mm"", ""Longitud Horquilla"": ""401mm"", ""Avance/Retroceso Horquilla"": ""50mm"", ""Delante Centro"": ""600mm"", ""Longitud de vaina"": ""425mm"", ""Distancia entre ejes"": ""1014mm"", ""Longitud Tubo Superior, Hrz."": ""539mm"", ""Bike Standover Height"": ""772mm"", ""Long. Tubo de Sillín"": ""496mm"", ""Ángulo de Tubo de Sillín"": ""74°""}",5999,false,https://www.specialized.com/es/es/crux-expert-sram-rival-xplr-axs-/p/4223489,https://www.specialized.com/es/es/crux-expert-sram-rival-xplr-axs-/p/4223489?color=5448068-4223489,html,2026-10-05
Specialized,Crux DSW [ad25210a],Crux Expert - SRAM Rival XPLR AXS,,gravel,54,,54,,,,,560,388,"{""Longitud de biela"": ""172.5mm"", ""Ancho de manillar"": ""420mm"", ""Longitud Potencia"": ""90mm"", ""Saddle Width"": ""143mm"", ""Longitud Tija Sillín"": ""330mm"", ""Stack"": ""560mm"", ""Reach"": ""388mm"", ""Longitud de Pipa"": ""130mm"", ""Ángulo de Pipa"": ""71.5°"", ""Altura Pedalier"": ""286mm"", ""Caída Pedalier"": ""72mm"", ""Avance Horquilla"": ""67mm"", ""Longitud Horquilla"": ""401mm"", ""Avance/Retroceso Horquilla"": ""50mm"", ""Delante Centro"": ""608mm"", ""Longitud de vaina"": ""425mm"", ""Distancia entre ejes"": ""1023mm"", ""Longitud Tubo Superior, Hrz."": ""549mm"", ""Bike Standover Height"": ""794mm"", ""Long. Tubo de Sillín"": ""521mm"", ""Ángulo de Tubo de Sillín"": ""74°""}",5999,false,https://www.specialized.com/es/es/crux-expert-sram-rival-xplr-axs-/p/4223489,https://www.specialized.com/es/es/crux-expert-sram-rival-xplr-axs-/p/4223489?color=5448068-4223489,html,2026-10-05
Specialized,Crux DSW [ad25210a],Crux Expert - SRAM Rival XPLR AXS,,gravel,56,,56,,,,,578,397,"{""Longitud de biela"": ""172.5mm"", ""Ancho de manillar"": ""420mm"", ""Longitud Potencia"": ""100mm"", ""Saddle Width"": ""143mm"", ""Longitud Tija Sillín"": ""380mm"", ""Stack"": ""578mm"", ""Reach"": ""397mm"", ""Longitud de Pipa"": ""147mm"", ""Ángulo de Pipa"": ""72°"", ""Altura Pedalier"": ""286mm"", ""Caída Pedalier"": ""72mm"", ""Avance Horquilla"": ""64mm"", ""Longitud Horquilla"": ""401mm"", ""Avance/Retroceso Horquilla"": ""50mm"", ""Delante Centro"": ""618mm"", ""Longitud de vaina"": ""425mm"", ""Distancia entre ejes"": ""1033mm"", ""Longitud Tubo Superior, Hrz."": ""568mm"", ""Bike Standover Height"": ""816mm"", ""Long. Tubo de Sillín"": ""546mm"", ""Ángulo de Tubo de Sillín"": ""73.5°""}",5999,false,https://www.specialized.com/es/es/crux-expert-sram-rival-xplr-axs-/p/4223489,https://www.specialized.com/es/es/crux-expert-sram-rival-xplr-axs-/p/4223489?color=5448068-4223489,html,2026-10-05
Specialized,Crux DSW [ad25210a],Crux Expert - SRAM Rival XPLR AXS,,gravel,58,,58,,,,,598,405,"{""Longitud de biela"": ""175mm"", ""Ancho de manillar"": ""440mm"", ""Longitud Potencia"": ""110mm"", ""Saddle Width"": ""143mm"", ""Longitud Tija Sillín"": ""380mm"", ""Stack"": ""598mm"", ""Reach"": ""405mm"", ""Longitud de Pipa"": ""167mm"", ""Ángulo de Pipa"": ""72.25°"", ""Altura Pedalier"": ""286mm"", ""Caída Pedalier"": ""72mm"", ""Avance Horquilla"": ""62mm"", ""Longitud Horquilla"": ""401mm"", ""Avance/Retroceso Horquilla"": ""50mm"", ""Delante Centro"": ""630mm"", ""Longitud de vaina"": ""425mm"", ""Distancia entre ejes"": ""1045mm"", ""Longitud Tubo Superior, Hrz."": ""582mm"", ""Bike Standover Height"": ""841mm"", ""Long. Tubo de Sillín"": ""576mm"", ""Ángulo de Tubo de Sillín"": ""73.5°""}",5999,false,https://www.specialized.com/es/es/crux-expert-sram-rival-xplr-axs-/p/4223489,https://www.specialized.com/es/es/crux-expert-sram-rival-xplr-axs-/p/4223489?color=5448068-4223489,html,2026-10-05
Specialized,Crux DSW [ad25210a],Crux Expert - SRAM Rival XPLR AXS,,gravel,61,,61,,,,,621,415,"{""Longitud de biela"": ""175mm"", ""Ancho de manillar"": ""440mm"", ""Longitud Potencia"": ""110mm"", ""Saddle Width"": ""143mm"", ""Longitud Tija Sillín"": ""380mm"", ""Stack"": ""621mm"", ""Reach"": ""415mm"", ""Longitud de Pipa"": ""190mm"", ""Ángulo de Pipa"": ""72.5°"", ""Altura Pedalier"": ""286mm"", ""Caída Pedalier"": ""72mm"", ""Avance Horquilla"": ""60mm"", ""Longitud Horquilla"": ""401mm"", ""Avance/Retroceso Horquilla"": ""50mm"", ""Delante Centro"": ""644mm"", ""Longitud de vaina"": ""425mm"", ""Distancia entre ejes"": ""1059mm"", ""Longitud Tubo Superior, Hrz."": ""599mm"", ""Bike Standover Height"": ""866mm"", ""Long. Tubo de Sillín"": ""606mm"", ""Ángulo de Tubo de Sillín"": ""73.5°""}",5999,false,https://www.specialized.com/es/es/crux-expert-sram-rival-xplr-axs-/p/4223489,https://www.specialized.com/es/es/crux-expert-sram-rival-xplr-axs-/p/4223489?color=5448068-4223489,html,2026-10-05
Specialized,Crux DSW [ad25210a],Crux Comp,,gravel,49,,49,,,,,530,375,"{""Longitud de biela"": ""170mm"", ""Ancho de manillar"": ""380mm"", ""Longitud Potencia"": ""70mm"", ""Saddle Width"": ""155mm"", ""Longitud Tija Sillín"": ""330mm"", ""Stack"": ""530mm"", ""Reach"": ""375mm"", ""Longitud de Pipa"": ""100mm"", ""Ángulo de Pipa"": ""70.5°"", ""Altura Pedalier"": ""284mm"", ""Caída Pedalier"": ""74mm"", ""Avance Horquilla"": ""74mm"", ""Longitud Horquilla"": ""401mm"", ""Avance/Retroceso Horquilla"": ""50mm"", ""Delante Centro"": ""594mm"", ""Longitud de vaina"": ""425mm"", ""Distancia entre ejes"": ""1008mm"", ""Longitud Tubo Superior, Hrz."": ""512mm"", ""Bike Standover Height"": ""749mm"", ""Long. Tubo de Sillín"": ""466mm"", ""Ángulo de Tubo de Sillín"": ""75.5°""}",3999,false,https://www.specialized.com/es/es/crux-comp/p/4223490,https://www.specialized.com/es/es/crux-comp/p/4223490?color=5448058-4223490,html,2026-10-05
Specialized,Crux DSW [ad25210a],Crux Comp,,gravel,52,,52,,,,,547,382,"{""Longitud de biela"": ""170mm"", ""Ancho de manillar"": ""400mm"", ""Longitud Potencia"": ""80mm"", ""Saddle Width"": ""155mm"", ""Longitud Tija Sillín"": ""330mm"", ""Stack"": ""547mm"", ""Reach"": ""382mm"", ""Longitud de Pipa"": ""115mm"", ""Ángulo de Pipa"": ""71.25°"", ""Altura Pedalier"": ""284mm"", ""Caída Pedalier"": ""74mm"", ""Avance Horquilla"": ""69mm"", ""Longitud Horquilla"": ""401mm"", ""Avance/Retroceso Horquilla"": ""50mm"", ""Delante Centro"": ""600mm"", ""Longitud de vaina"": ""425mm"", ""Distancia entre ejes"": ""1014mm"", ""Longitud Tubo Superior, Hrz."": ""539mm"", ""Bike Standover Height"": ""772mm"", ""Long. Tubo de Sillín"": ""496mm"", ""Ángulo de Tubo de Sillín"": ""74°""}",3999,false,https://www.specialized.com/es/es/crux-comp/p/4223490,https://www.specialized.com/es/es/crux-comp/p/4223490?color=5448058-4223490,html,2026-10-05
Specialized,Crux DSW [ad25210a],Crux Comp,,gravel,54,,54,,,,,560,388,"{""Longitud de biela"": ""172.5mm"", ""Ancho de manillar"": ""420mm"", ""Longitud Potencia"": ""90mm"", ""Saddle Width"": ""143mm"", ""Longitud Tija Sillín"": ""330mm"", ""Stack"": ""560mm"", ""Reach"": ""388mm"", ""Longitud de Pipa"": ""130mm"", ""Ángulo de Pipa"": ""71.5°"", ""Altura Pedalier"": ""286mm"", ""Caída Pedalier"": ""72mm"", ""Avance Horquilla"": ""67mm"", ""Longitud Horquilla"": ""401mm"", ""Avance/Retroceso Horquilla"": ""50mm"", ""Delante Centro"": ""608mm"", ""Longitud de vaina"": ""425mm"", ""Distancia entre ejes"": ""1023mm"", ""Longitud Tubo Superior, Hrz."": ""549mm"", ""Bike Standover Height"": ""794mm"", ""Long. Tubo de Sillín"": ""521mm"", ""Ángulo de Tubo de Sillín"": ""74°""}",3999,false,https://www.specialized.com/es/es/crux-comp/p/4223490,https://www.specialized.com/es/es/crux-comp/p/4223490?color=5448058-4223490,html,2026-10-05
Specialized,Crux DSW [ad25210a],Crux Comp,,gravel,56,,56,,,,,578,397,"{""Longitud de biela"": ""172.5mm"", ""Ancho de manillar"": ""420mm"", ""Longitud Potencia"": ""100mm"", ""Saddle Width"": ""143mm"", ""Longitud Tija Sillín"": ""380mm"", ""Stack"": ""578mm"", ""Reach"": ""397mm"", ""Longitud de Pipa"": ""147mm"", ""Ángulo de Pipa"": ""72°"", ""Altura Pedalier"": ""286mm"", ""Caída Pedalier"": ""72mm"", ""Avance Horquilla"": ""64mm"", ""Longitud Horquilla"": ""401mm"", ""Avance/Retroceso Horquilla"": ""50mm"", ""Delante Centro"": ""618mm"", ""Longitud de vaina"": ""425mm"", ""Distancia entre ejes"": ""1033mm"", ""Longitud Tubo Superior, Hrz."": ""568mm"", ""Bike Standover Height"": ""816mm"", ""Long. Tubo de Sillín"": ""546mm"", ""Ángulo de Tubo de Sillín"": ""73.5°""}",3999,false,https://www.specialized.com/es/es/crux-comp/p/4223490,https://www.specialized.com/es/es/crux-comp/p/4223490?color=5448058-4223490,html,2026-10-05
Specialized,Crux DSW [ad25210a],Crux Comp,,gravel,58,,58,,,,,598,405,"{""Longitud de biela"": ""175mm"", ""Ancho de manillar"": ""440mm"", ""Longitud Potencia"": ""110mm"", ""Saddle Width"": ""143mm"", ""Longitud Tija Sillín"": ""380mm"", ""Stack"": ""598mm"", ""Reach"": ""405mm"", ""Longitud de Pipa"": ""167mm"", ""Ángulo de Pipa"": ""72.25°"", ""Altura Pedalier"": ""286mm"", ""Caída Pedalier"": ""72mm"", ""Avance Horquilla"": ""62mm"", ""Longitud Horquilla"": ""401mm"", ""Avance/Retroceso Horquilla"": ""50mm"", ""Delante Centro"": ""630mm"", ""Longitud de vaina"": ""425mm"", ""Distancia entre ejes"": ""1045mm"", ""Longitud Tubo Superior, Hrz."": ""582mm"", ""Bike Standover Height"": ""841mm"", ""Long. Tubo de Sillín"": ""576mm"", ""Ángulo de Tubo de Sillín"": ""73.5°""}",3999,false,https://www.specialized.com/es/es/crux-comp/p/4223490,https://www.specialized.com/es/es/crux-comp/p/4223490?color=5448058-4223490,html,2026-10-05
Specialized,Crux DSW [ad25210a],Crux Comp,,gravel,61,,61,,,,,621,415,"{""Longitud de biela"": ""175mm"", ""Ancho de manillar"": ""440mm"", ""Longitud Potencia"": ""110mm"", ""Saddle Width"": ""143mm"", ""Longitud Tija Sillín"": ""380mm"", ""Stack"": ""621mm"", ""Reach"": ""415mm"", ""Longitud de Pipa"": ""190mm"", ""Ángulo de Pipa"": ""72.5°"", ""Altura Pedalier"": ""286mm"", ""Caída Pedalier"": ""72mm"", ""Avance Horquilla"": ""60mm"", ""Longitud Horquilla"": ""401mm"", ""Avance/Retroceso Horquilla"": ""50mm"", ""Delante Centro"": ""644mm"", ""Longitud de vaina"": ""425mm"", ""Distancia entre ejes"": ""1059mm"", ""Longitud Tubo Superior, Hrz."": ""599mm"", ""Bike Standover Height"": ""866mm"", ""Long. Tubo de Sillín"": ""606mm"", ""Ángulo de Tubo de Sillín"": ""73.5°""}",3999,false,https://www.specialized.com/es/es/crux-comp/p/4223490,https://www.specialized.com/es/es/crux-comp/p/4223490?color=5448058-4223490,html,2026-10-05
Specialized,Crux DSW [ad25210a],Crux DSW,,gravel,49,,49,,,,,530,375,"{""Longitud de biela"": ""165mm"", ""Ancho de manillar"": ""380mm"", ""Longitud Potencia"": ""70mm"", ""Saddle Width"": ""155mm"", ""Longitud Tija Sillín"": ""350mm"", ""Stack"": ""530mm"", ""Reach"": ""375mm"", ""Longitud de Pipa"": ""100mm"", ""Ángulo de Pipa"": ""70.5°"", ""Altura Pedalier"": ""284mm"", ""Caída Pedalier"": ""74mm"", ""Avance Horquilla"": ""74mm"", ""Longitud Horquilla"": ""401mm"", ""Avance/Retroceso Horquilla"": ""50mm"", ""Delante Centro"": ""594mm"", ""Longitud de vaina"": ""425mm"", ""Distancia entre ejes"": ""1008mm"", ""Longitud Tubo Superior, Hrz."": ""512mm"", ""Bike Standover Height"": ""749mm"", ""Long. Tubo de Sillín"": ""466mm"", ""Ángulo de Tubo de Sillín"": ""75.5°""}",2699,false,https://www.specialized.com/es/es/crux-dsw/p/4221804,https://www.specialized.com/es/es/crux-dsw/p/4221804?color=5461519-4221804,html,2026-10-05
Specialized,Crux DSW [ad25210a],Crux DSW,,gravel,52,,52,,,,,547,382,"{""Longitud de biela"": ""170mm"", ""Ancho de manillar"": ""400mm"", ""Longitud Potencia"": ""80mm"", ""Saddle Width"": ""155mm"", ""Longitud Tija Sillín"": ""350mm"", ""Stack"": ""547mm"", ""Reach"": ""382mm"", ""Longitud de Pipa"": ""115mm"", ""Ángulo de Pipa"": ""71.25°"", ""Altura Pedalier"": ""284mm"", ""Caída Pedalier"": ""74mm"", ""Avance Horquilla"": ""69mm"", ""Longitud Horquilla"": ""401mm"", ""Avance/Retroceso Horquilla"": ""50mm"", ""Delante Centro"": ""600mm"", ""Longitud de vaina"": ""425mm"", ""Distancia entre ejes"": ""1014mm"", ""Longitud Tubo Superior, Hrz."": ""539mm"", ""Bike Standover Height"": ""772mm"", ""Long. Tubo de Sillín"": ""496mm"", ""Ángulo de Tubo de Sillín"": ""74°""}",2699,false,https://www.specialized.com/es/es/crux-dsw/p/4221804,https://www.specialized.com/es/es/crux-dsw/p/4221804?color=5461519-4221804,html,2026-10-05
Specialized,Crux DSW [ad25210a],Crux DSW,,gravel,54,,54,,,,,560,388,"{""Longitud de biela"": ""172.5mm"", ""Ancho de manillar"": ""420mm"", ""Longitud Potencia"": ""90mm"", ""Saddle Width"": ""143mm"", ""Longitud Tija Sillín"": ""350mm"", ""Stack"": ""560mm"", ""Reach"": ""388mm"", ""Longitud de Pipa"": ""130mm"", ""Ángulo de Pipa"": ""71.5°"", ""Altura Pedalier"": ""286mm"", ""Caída Pedalier"": ""72mm"", ""Avance Horquilla"": ""67mm"", ""Longitud Horquilla"": ""401mm"", ""Avance/Retroceso Horquilla"": ""50mm"", ""Delante Centro"": ""608mm"", ""Longitud de vaina"": ""425mm"", ""Distancia entre ejes"": ""1023mm"", ""Longitud Tubo Superior, Hrz."": ""549mm"", ""Bike Standover Height"": ""794mm"", ""Long. Tubo de Sillín"": ""521mm"", ""Ángulo de Tubo de Sillín"": ""74°""}",2699,false,https://www.specialized.com/es/es/crux-dsw/p/4221804,https://www.specialized.com/es/es/crux-dsw/p/4221804?color=5461519-4221804,html,2026-10-05
Specialized,Crux DSW [ad25210a],Crux DSW,,gravel,56,,56,,,,,578,397,"{""Longitud de biela"": ""172.5mm"", ""Ancho de manillar"": ""420mm"", ""Longitud Potencia"": ""100mm"", ""Saddle Width"": ""143mm"", ""Longitud Tija Sillín"": ""400mm"", ""Stack"": ""578mm"", ""Reach"": ""397mm"", ""Longitud de Pipa"": ""147mm"", ""Ángulo de Pipa"": ""72°"", ""Altura Pedalier"": ""286mm"", ""Caída Pedalier"": ""72mm"", ""Avance Horquilla"": ""64mm"", ""Longitud Horquilla"": ""401mm"", ""Avance/Retroceso Horquilla"": ""50mm"", ""Delante Centro"": ""618mm"", ""Longitud de vaina"": ""425mm"", ""Distancia entre ejes"": ""1033mm"", ""Longitud Tubo Superior, Hrz."": ""568mm"", ""Bike Standover Height"": ""816mm"", ""Long. Tubo de Sillín"": ""546mm"", ""Ángulo de Tubo de Sillín"": ""73.5°""}",2699,false,https://www.specialized.com/es/es/crux-dsw/p/4221804,https://www.specialized.com/es/es/crux-dsw/p/4221804?color=5461519-4221804,html,2026-10-05
Specialized,Crux DSW [ad25210a],Crux DSW,,gravel,58,,58,,,,,598,405,"{""Longitud de biela"": ""175mm"", ""Ancho de manillar"": ""440mm"", ""Longitud Potencia"": ""110mm"", ""Saddle Width"": ""143mm"", ""Longitud Tija Sillín"": ""400mm"", ""Stack"": ""598mm"", ""Reach"": ""405mm"", ""Longitud de Pipa"": ""167mm"", ""Ángulo de Pipa"": ""72.25°"", ""Altura Pedalier"": ""286mm"", ""Caída Pedalier"": ""72mm"", ""Avance Horquilla"": ""62mm"", ""Longitud Horquilla"": ""401mm"", ""Avance/Retroceso Horquilla"": ""50mm"", ""Delante Centro"": ""630mm"", ""Longitud de vaina"": ""425mm"", ""Distancia entre ejes"": ""1045mm"", ""Longitud Tubo Superior, Hrz."": ""582mm"", ""Bike Standover Height"": ""841mm"", ""Long. Tubo de Sillín"": ""576mm"", ""Ángulo de Tubo de Sillín"": ""73.5°""}",2699,false,https://www.specialized.com/es/es/crux-dsw/p/4221804,https://www.specialized.com/es/es/crux-dsw/p/4221804?color=5461519-4221804,html,2026-10-05
Specialized,Crux DSW [ad25210a],Crux DSW,,gravel,61,,61,,,,,621,415,"{""Longitud de biela"": ""175mm"", ""Ancho de manillar"": ""440mm"", ""Longitud Potencia"": ""110mm"", ""Saddle Width"": ""143mm"", ""Longitud Tija Sillín"": ""400mm"", ""Stack"": ""621mm"", ""Reach"": ""415mm"", ""Longitud de Pipa"": ""190mm"", ""Ángulo de Pipa"": ""72.5°"", ""Altura Pedalier"": ""286mm"", ""Caída Pedalier"": ""72mm"", ""Avance Horquilla"": ""60mm"", ""Longitud Horquilla"": ""401mm"", ""Avance/Retroceso Horquilla"": ""50mm"", ""Delante Centro"": ""644mm"", ""Longitud de vaina"": ""425mm"", ""Distancia entre ejes"": ""1059mm"", ""Longitud Tubo Superior, Hrz."": ""599mm"", ""Bike Standover Height"": ""866mm"", ""Long. Tubo de Sillín"": ""606mm"", ""Ángulo de Tubo de Sillín"": ""73.5°""}",2699,false,https://www.specialized.com/es/es/crux-dsw/p/4221804,https://www.specialized.com/es/es/crux-dsw/p/4221804?color=5461519-4221804,html,2026-10-05
Specialized,Diverge 4 Pro: SRAM Force XPLR [87a84ecd],S-Works Diverge 4: SRAM RED XPLR,,gravel,49,,49,,,,,563,365,"{""Longitud de biela"": ""165mm"", ""Ancho de manillar"": ""380mm"", ""Longitud Potencia"": ""75mm"", ""Saddle Width"": ""155mm"", ""Longitud Tija Sillín"": ""330mm"", ""Stack"": ""563mm"", ""Reach"": ""365mm"", ""Longitud de Pipa"": ""90mm"", ""Ángulo de Pipa"": ""70°"", ""Caída Pedalier"": ""85mm"", ""Avance Horquilla"": ""72mm"", ""Longitud Horquilla"": ""391mm"", ""Avance/Retroceso Horquilla"": ""55mm"", ""Delante Centro"": ""604mm"", ""Longitud de vaina"": ""430mm"", ""Distancia entre ejes"": ""1019mm"", ""Longitud Tubo Superior, Hrz."": ""521mm"", ""Bike Standover Height"": ""700mm"", ""Long. Tubo de Sillín"": ""400mm"", ""Ángulo de Tubo de Sillín"": ""74.5°""}",13999,false,https://www.specialized.com/es/es/s-works-diverge-4-sram-red-xplr/p/4298775,https://www.specialized.com/es/es/s-works-diverge-4-sram-red-xplr/p/4298775?color=5479311-4298775,html,2026-10-05
Specialized,Diverge 4 Pro: SRAM Force XPLR [87a84ecd],S-Works Diverge 4: SRAM RED XPLR,,gravel,52,,52,,,,,578,374,"{""Longitud de biela"": ""170mm"", ""Ancho de manillar"": ""380mm"", ""Longitud Potencia"": ""90mm"", ""Saddle Width"": ""155mm"", ""Longitud Tija Sillín"": ""330mm"", ""Stack"": ""578mm"", ""Reach"": ""374mm"", ""Longitud de Pipa"": ""104mm"", ""Ángulo de Pipa"": ""70.5°"", ""Caída Pedalier"": ""85mm"", ""Avance Horquilla"": ""68mm"", ""Longitud Horquilla"": ""391mm"", ""Avance/Retroceso Horquilla"": ""55mm"", ""Delante Centro"": ""613mm"", ""Longitud de vaina"": ""430mm"", ""Distancia entre ejes"": ""1031mm"", ""Longitud Tubo Superior, Hrz."": ""537mm"", ""Bike Standover Height"": ""725mm"", ""Long. Tubo de Sillín"": ""430mm"", ""Ángulo de Tubo de Sillín"": ""74°""}",13999,false,https://www.specialized.com/es/es/s-works-diverge-4-sram-red-xplr/p/4298775,https://www.specialized.com/es/es/s-works-diverge-4-sram-red-xplr/p/4298775?color=5479311-4298775,html,2026-10-05
Specialized,Diverge 4 Pro: SRAM Force XPLR [87a84ecd],S-Works Diverge 4: SRAM RED XPLR,,gravel,54,,54,,,,,592,387,"{""Longitud de biela"": ""172.5mm"", ""Ancho de manillar"": ""400mm"", ""Longitud Potencia"": ""90mm"", ""Saddle Width"": ""143mm"", ""Longitud Tija Sillín"": ""380mm"", ""Stack"": ""592mm"", ""Reach"": ""387mm"", ""Longitud de Pipa"": ""116mm"", ""Ángulo de Pipa"": ""71°"", ""Caída Pedalier"": ""85mm"", ""Avance Horquilla"": ""65mm"", ""Longitud Horquilla"": ""391mm"", ""Avance/Retroceso Horquilla"": ""55mm"", ""Delante Centro"": ""626mm"", ""Longitud de vaina"": ""430mm"", ""Distancia entre ejes"": ""1041mm"", ""Longitud Tubo Superior, Hrz."": ""556mm"", ""Bike Standover Height"": ""754mm"", ""Long. Tubo de Sillín"": ""470mm"", ""Ángulo de Tubo de Sillín"": ""74°""}",13999,false,https://www.specialized.com/es/es/s-works-diverge-4-sram-red-xplr/p/4298775,https://www.specialized.com/es/es/s-works-diverge-4-sram-red-xplr/p/4298775?color=5479311-4298775,html,2026-10-05
Specialized,Diverge 4 Pro: SRAM Force XPLR [87a84ecd],S-Works Diverge 4: SRAM RED XPLR,,gravel,56,,56,,,,,610,400,"{""Longitud de biela"": ""172.5mm"", ""Ancho de manillar"": ""420mm"", ""Longitud Potencia"": ""90mm"", ""Saddle Width"": ""143mm"", ""Longitud Tija Sillín"": ""380mm"", ""Stack"": ""610mm"", ""Reach"": ""400mm"", ""Longitud de Pipa"": ""135mm"", ""Ángulo de Pipa"": ""71°"", ""Caída Pedalier"": ""85mm"", ""Avance Horquilla"": ""65mm"", ""Longitud Horquilla"": ""391mm"", ""Avance/Retroceso Horquilla"": ""55mm"", ""Delante Centro"": ""645mm"", ""Longitud de vaina"": ""430mm"", ""Distancia entre ejes"": ""1060mm"", ""Longitud Tubo Superior, Hrz."": ""575mm"", ""Bike Standover Height"": ""779mm"", ""Long. Tubo de Sillín"": ""500mm"", ""Ángulo de Tubo de Sillín"": ""74°""}",13999,false,https://www.specialized.com/es/es/s-works-diverge-4-sram-red-xplr/p/4298775,https://www.specialized.com/es/es/s-works-diverge-4-sram-red-xplr/p/4298775?color=5479311-4298775,html,2026-10-05
Specialized,Diverge 4 Pro: SRAM Force XPLR [87a84ecd],S-Works Diverge 4: SRAM RED XPLR,,gravel,58,,58,,,,,634,412,"{""Longitud de biela"": ""175mm"", ""Ancho de manillar"": ""420mm"", ""Longitud Potencia"": ""90mm"", ""Saddle Width"": ""143mm"", ""Longitud Tija Sillín"": ""380mm"", ""Stack"": ""634mm"", ""Reach"": ""412mm"", ""Longitud de Pipa"": ""161mm"", ""Ángulo de Pipa"": ""71°"", ""Caída Pedalier"": ""85mm"", ""Avance Horquilla"": ""65mm"", ""Longitud Horquilla"": ""391mm"", ""Avance/Retroceso Horquilla"": ""55mm"", ""Delante Centro"": ""665mm"", ""Longitud de vaina"": ""430mm"", ""Distancia entre ejes"": ""1081mm"", ""Longitud Tubo Superior, Hrz."": ""593mm"", ""Bike Standover Height"": ""805mm"", ""Long. Tubo de Sillín"": ""530mm"", ""Ángulo de Tubo de Sillín"": ""74°""}",13999,false,https://www.specialized.com/es/es/s-works-diverge-4-sram-red-xplr/p/4298775,https://www.specialized.com/es/es/s-works-diverge-4-sram-red-xplr/p/4298775?color=5479311-4298775,html,2026-10-05
Specialized,Diverge 4 Pro: SRAM Force XPLR [87a84ecd],S-Works Diverge 4: SRAM RED XPLR,,gravel,61,,61,,,,,659,425,"{""Longitud de biela"": ""175mm"", ""Ancho de manillar"": ""420mm"", ""Longitud Potencia"": ""90mm"", ""Saddle Width"": ""143mm"", ""Longitud Tija Sillín"": ""380mm"", ""Stack"": ""659mm"", ""Reach"": ""425mm"", ""Longitud de Pipa"": ""187mm"", ""Ángulo de Pipa"": ""71°"", ""Caída Pedalier"": ""85mm"", ""Avance Horquilla"": ""65mm"", ""Longitud Horquilla"": ""391mm"", ""Avance/Retroceso Horquilla"": ""55mm"", ""Delante Centro"": ""686mm"", ""Longitud de vaina"": ""430mm"", ""Distancia entre ejes"": ""1102mm"", ""Longitud Tubo Superior, Hrz."": ""613mm"", ""Bike Standover Height"": ""832mm"", ""Long. Tubo de Sillín"": ""560mm"", ""Ángulo de Tubo de Sillín"": ""74°""}",13999,false,https://www.specialized.com/es/es/s-works-diverge-4-sram-red-xplr/p/4298775,https://www.specialized.com/es/es/s-works-diverge-4-sram-red-xplr/p/4298775?color=5479311-4298775,html,2026-10-05
Specialized,Diverge 4 Pro: SRAM Force XPLR [87a84ecd],Diverge 4 Pro LTD - Shimano XTR/GRX Di2,,gravel,49,,49,,,,,563,365,"{""Longitud de biela"": ""165mm"", ""Ancho de manillar"": ""380mm"", ""Longitud Potencia"": ""60mm"", ""Saddle Width"": ""155mm"", ""Longitud Tija Sillín"": ""330mm"", ""Stack"": ""563mm"", ""Reach"": ""365mm"", ""Longitud de Pipa"": ""90mm"", ""Ángulo de Pipa"": ""70°"", ""Caída Pedalier"": ""85mm"", ""Avance Horquilla"": ""72mm"", ""Longitud Horquilla"": ""391mm"", ""Avance/Retroceso Horquilla"": ""55mm"", ""Delante Centro"": ""604mm"", ""Longitud de vaina"": ""430mm"", ""Distancia entre ejes"": ""1019mm"", ""Longitud Tubo Superior, Hrz."": ""521mm"", ""Bike Standover Height"": ""700mm"", ""Long. Tubo de Sillín"": ""400mm"", ""Ángulo de Tubo de Sillín"": ""74.5°""}",9999,false,https://www.specialized.com/es/es/diverge-4-pro-ltd-shimano-xtrgrx-di2/p/4296390,https://www.specialized.com/es/es/diverge-4-pro-ltd-shimano-xtrgrx-di2/p/4296390?color=5473802-4296390,html,2026-10-05
Specialized,Diverge 4 Pro: SRAM Force XPLR [87a84ecd],Diverge 4 Pro LTD - Shimano XTR/GRX Di2,,gravel,52,,52,,,,,578,374,"{""Longitud de biela"": ""170mm"", ""Ancho de manillar"": ""400mm"", ""Longitud Potencia"": ""70mm"", ""Saddle Width"": ""155mm"", ""Longitud Tija Sillín"": ""330mm"", ""Stack"": ""578mm"", ""Reach"": ""374mm"", ""Longitud de Pipa"": ""104mm"", ""Ángulo de Pipa"": ""70.5°"", ""Caída Pedalier"": ""85mm"", ""Avance Horquilla"": ""68mm"", ""Longitud Horquilla"": ""391mm"", ""Avance/Retroceso Horquilla"": ""55mm"", ""Delante Centro"": ""613mm"", ""Longitud de vaina"": ""430mm"", ""Distancia entre ejes"": ""1031mm"", ""Longitud Tubo Superior, Hrz."": ""537mm"", ""Bike Standover Height"": ""725mm"", ""Long. Tubo de Sillín"": ""430mm"", ""Ángulo de Tubo de Sillín"": ""74°""}",9999,false,https://www.specialized.com/es/es/diverge-4-pro-ltd-shimano-xtrgrx-di2/p/4296390,https://www.specialized.com/es/es/diverge-4-pro-ltd-shimano-xtrgrx-di2/p/4296390?color=5473802-4296390,html,2026-10-05
Specialized,Diverge 4 Pro: SRAM Force XPLR [87a84ecd],Diverge 4 Pro LTD - Shimano XTR/GRX Di2,,gravel,54,,54,,,,,592,387,"{""Longitud de biela"": ""172.5mm"", ""Ancho de manillar"": ""420mm"", ""Longitud Potencia"": ""80mm"", ""Saddle Width"": ""143mm"", ""Longitud Tija Sillín"": ""380mm"", ""Stack"": ""592mm"", ""Reach"": ""387mm"", ""Longitud de Pipa"": ""116mm"", ""Ángulo de Pipa"": ""71°"", ""Caída Pedalier"": ""85mm"", ""Avance Horquilla"": ""65mm"", ""Longitud Horquilla"": ""391mm"", ""Avance/Retroceso Horquilla"": ""55mm"", ""Delante Centro"": ""626mm"", ""Longitud de vaina"": ""430mm"", ""Distancia entre ejes"": ""1041mm"", ""Longitud Tubo Superior, Hrz."": ""556mm"", ""Bike Standover Height"": ""754mm"", ""Long. Tubo de Sillín"": ""470mm"", ""Ángulo de Tubo de Sillín"": ""74°""}",9999,false,https://www.specialized.com/es/es/diverge-4-pro-ltd-shimano-xtrgrx-di2/p/4296390,https://www.specialized.com/es/es/diverge-4-pro-ltd-shimano-xtrgrx-di2/p/4296390?color=5473802-4296390,html,2026-10-05
Specialized,Diverge 4 Pro: SRAM Force XPLR [87a84ecd],Diverge 4 Pro LTD - Shimano XTR/GRX Di2,,gravel,56,,56,,,,,610,400,"{""Longitud de biela"": ""172.5mm"", ""Ancho de manillar"": ""420mm"", ""Longitud Potencia"": ""90mm"", ""Saddle Width"": ""143mm"", ""Longitud Tija Sillín"": ""380mm"", ""Stack"": ""610mm"", ""Reach"": ""400mm"", ""Longitud de Pipa"": ""135mm"", ""Ángulo de Pipa"": ""71°"", ""Caída Pedalier"": ""85mm"", ""Avance Horquilla"": ""65mm"", ""Longitud Horquilla"": ""391mm"", ""Avance/Retroceso Horquilla"": ""55mm"", ""Delante Centro"": ""645mm"", ""Longitud de vaina"": ""430mm"", ""Distancia entre ejes"": ""1060mm"", ""Longitud Tubo Superior, Hrz."": ""575mm"", ""Bike Standover Height"": ""779mm"", ""Long. Tubo de Sillín"": ""500mm"", ""Ángulo de Tubo de Sillín"": ""74°""}",9999,false,https://www.specialized.com/es/es/diverge-4-pro-ltd-shimano-xtrgrx-di2/p/4296390,https://www.specialized.com/es/es/diverge-4-pro-ltd-shimano-xtrgrx-di2/p/4296390?color=5473802-4296390,html,2026-10-05
Specialized,Diverge 4 Pro: SRAM Force XPLR [87a84ecd],Diverge 4 Pro LTD - Shimano XTR/GRX Di2,,gravel,58,,58,,,,,634,412,"{""Longitud de biela"": ""175mm"", ""Ancho de manillar"": ""440mm"", ""Longitud Potencia"": ""90mm"", ""Saddle Width"": ""143mm"", ""Longitud Tija Sillín"": ""380mm"", ""Stack"": ""634mm"", ""Reach"": ""412mm"", ""Longitud de Pipa"": ""161mm"", ""Ángulo de Pipa"": ""71°"", ""Caída Pedalier"": ""85mm"", ""Avance Horquilla"": ""65mm"", ""Longitud Horquilla"": ""391mm"", ""Avance/Retroceso Horquilla"": ""55mm"", ""Delante Centro"": ""665mm"", ""Longitud de vaina"": ""430mm"", ""Distancia entre ejes"": ""1081mm"", ""Longitud Tubo Superior, Hrz."": ""593mm"", ""Bike Standover Height"": ""805mm"", ""Long. Tubo de Sillín"": ""530mm"", ""Ángulo de Tubo de Sillín"": ""74°""}",9999,false,https://www.specialized.com/es/es/diverge-4-pro-ltd-shimano-xtrgrx-di2/p/4296390,https://www.specialized.com/es/es/diverge-4-pro-ltd-shimano-xtrgrx-di2/p/4296390?color=5473802-4296390,html,2026-10-05
Specialized,Diverge 4 Pro: SRAM Force XPLR [87a84ecd],Diverge 4 Pro LTD - Shimano XTR/GRX Di2,,gravel,61,,61,,,,,659,425,"{""Longitud de biela"": ""175mm"", ""Ancho de manillar"": ""440mm"", ""Longitud Potencia"": ""90mm"", ""Saddle Width"": ""143mm"", ""Longitud Tija Sillín"": ""380mm"", ""Stack"": ""659mm"", ""Reach"": ""425mm"", ""Longitud de Pipa"": ""187mm"", ""Ángulo de Pipa"": ""71°"", ""Caída Pedalier"": ""85mm"", ""Avance Horquilla"": ""65mm"", ""Longitud Horquilla"": ""391mm"", ""Avance/Retroceso Horquilla"": ""55mm"", ""Delante Centro"": ""686mm"", ""Longitud de vaina"": ""430mm"", ""Distancia entre ejes"": ""1102mm"", ""Longitud Tubo Superior, Hrz."": ""613mm"", ""Bike Standover Height"": ""832mm"", ""Long. Tubo de Sillín"": ""560mm"", ""Ángulo de Tubo de Sillín"": ""74°""}",9999,false,https://www.specialized.com/es/es/diverge-4-pro-ltd-shimano-xtrgrx-di2/p/4296390,https://www.specialized.com/es/es/diverge-4-pro-ltd-shimano-xtrgrx-di2/p/4296390?color=5473802-4296390,html,2026-10-05
Specialized,Diverge 4 Pro: SRAM Force XPLR [87a84ecd],Diverge 4 Pro: SRAM Force XPLR,,gravel,49,,49,,,,,563,365,"{""Longitud de biela"": ""165mm"", ""Ancho de manillar"": ""380mm"", ""Longitud Potencia"": ""60mm"", ""Saddle Width"": ""155mm"", ""Longitud Tija Sillín"": ""330mm"", ""Stack"": ""563mm"", ""Reach"": ""365mm"", ""Longitud de Pipa"": ""90mm"", ""Ángulo de Pipa"": ""70°"", ""Caída Pedalier"": ""85mm"", ""Avance Horquilla"": ""72mm"", ""Longitud Horquilla"": ""391mm"", ""Avance/Retroceso Horquilla"": ""55mm"", ""Delante Centro"": ""604mm"", ""Longitud de vaina"": ""430mm"", ""Distancia entre ejes"": ""1019mm"", ""Longitud Tubo Superior, Hrz."": ""521mm"", ""Bike Standover Height"": ""700mm"", ""Long. Tubo de Sillín"": ""400mm"", ""Ángulo de Tubo de Sillín"": ""74.5°""}",7999,false,https://www.specialized.com/es/es/diverge-4-pro-sram-force-xplr/p/4296445,https://www.specialized.com/es/es/diverge-4-pro-sram-force-xplr/p/4296445?color=5473841-4296445,html,2026-10-05
Specialized,Diverge 4 Pro: SRAM Force XPLR [87a84ecd],Diverge 4 Pro: SRAM Force XPLR,,gravel,52,,52,,,,,578,374,"{""Longitud de biela"": ""170mm"", ""Ancho de manillar"": ""400mm"", ""Longitud Potencia"": ""70mm"", ""Saddle Width"": ""155mm"", ""Longitud Tija Sillín"": ""330mm"", ""Stack"": ""578mm"", ""Reach"": ""374mm"", ""Longitud de Pipa"": ""104mm"", ""Ángulo de Pipa"": ""70.5°"", ""Caída Pedalier"": ""85mm"", ""Avance Horquilla"": ""68mm"", ""Longitud Horquilla"": ""391mm"", ""Avance/Retroceso Horquilla"": ""55mm"", ""Delante Centro"": ""613mm"", ""Longitud de vaina"": ""430mm"", ""Distancia entre ejes"": ""1031mm"", ""Longitud Tubo Superior, Hrz."": ""537mm"", ""Bike Standover Height"": ""725mm"", ""Long. Tubo de Sillín"": ""430mm"", ""Ángulo de Tubo de Sillín"": ""74°""}",7999,false,https://www.specialized.com/es/es/diverge-4-pro-sram-force-xplr/p/4296445,https://www.specialized.com/es/es/diverge-4-pro-sram-force-xplr/p/4296445?color=5473841-4296445,html,2026-10-05
Specialized,Diverge 4 Pro: SRAM Force XPLR [87a84ecd],Diverge 4 Pro: SRAM Force XPLR,,gravel,54,,54,,,,,592,387,"{""Longitud de biela"": ""172.5mm"", ""Ancho de manillar"": ""420mm"", ""Longitud Potencia"": ""80mm"", ""Saddle Width"": ""143mm"", ""Longitud Tija Sillín"": ""380mm"", ""Stack"": ""592mm"", ""Reach"": ""387mm"", ""Longitud de Pipa"": ""116mm"", ""Ángulo de Pipa"": ""71°"", ""Caída Pedalier"": ""85mm"", ""Avance Horquilla"": ""65mm"", ""Longitud Horquilla"": ""391mm"", ""Avance/Retroceso Horquilla"": ""55mm"", ""Delante Centro"": ""626mm"", ""Longitud de vaina"": ""430mm"", ""Distancia entre ejes"": ""1041mm"", ""Longitud Tubo Superior, Hrz."": ""556mm"", ""Bike Standover Height"": ""754mm"", ""Long. Tubo de Sillín"": ""470mm"", ""Ángulo de Tubo de Sillín"": ""74°""}",7999,false,https://www.specialized.com/es/es/diverge-4-pro-sram-force-xplr/p/4296445,https://www.specialized.com/es/es/diverge-4-pro-sram-force-xplr/p/4296445?color=5473841-4296445,html,2026-10-05
Specialized,Diverge 4 Pro: SRAM Force XPLR [87a84ecd],Diverge 4 Pro: SRAM Force XPLR,,gravel,56,,56,,,,,610,400,"{""Longitud de biela"": ""172.5mm"", ""Ancho de manillar"": ""420mm"", ""Longitud Potencia"": ""90mm"", ""Saddle Width"": ""143mm"", ""Longitud Tija Sillín"": ""380mm"", ""Stack"": ""610mm"", ""Reach"": ""400mm"", ""Longitud de Pipa"": ""135mm"", ""Ángulo de Pipa"": ""71°"", ""Caída Pedalier"": ""85mm"", ""Avance Horquilla"": ""65mm"", ""Longitud Horquilla"": ""391mm"", ""Avance/Retroceso Horquilla"": ""55mm"", ""Delante Centro"": ""645mm"", ""Longitud de vaina"": ""430mm"", ""Distancia entre ejes"": ""1060mm"", ""Longitud Tubo Superior, Hrz."": ""575mm"", ""Bike Standover Height"": ""779mm"", ""Long. Tubo de Sillín"": ""500mm"", ""Ángulo de Tubo de Sillín"": ""74°""}",7999,false,https://www.specialized.com/es/es/diverge-4-pro-sram-force-xplr/p/4296445,https://www.specialized.com/es/es/diverge-4-pro-sram-force-xplr/p/4296445?color=5473841-4296445,html,2026-10-05
Specialized,Diverge 4 Pro: SRAM Force XPLR [87a84ecd],Diverge 4 Pro: SRAM Force XPLR,,gravel,58,,58,,,,,634,412,"{""Longitud de biela"": ""175mm"", ""Ancho de manillar"": ""440mm"", ""Longitud Potencia"": ""90mm"", ""Saddle Width"": ""143mm"", ""Longitud Tija Sillín"": ""380mm"", ""Stack"": ""634mm"", ""Reach"": ""412mm"", ""Longitud de Pipa"": ""161mm"", ""Ángulo de Pipa"": ""71°"", ""Caída Pedalier"": ""85mm"", ""Avance Horquilla"": ""65mm"", ""Longitud Horquilla"": ""391mm"", ""Avance/Retroceso Horquilla"": ""55mm"", ""Delante Centro"": ""665mm"", ""Longitud de vaina"": ""430mm"", ""Distancia entre ejes"": ""1081mm"", ""Longitud Tubo Superior, Hrz."": ""593mm"", ""Bike Standover Height"": ""805mm"", ""Long. Tubo de Sillín"": ""530mm"", ""Ángulo de Tubo de Sillín"": ""74°""}",7999,false,https://www.specialized.com/es/es/diverge-4-pro-sram-force-xplr/p/4296445,https://www.specialized.com/es/es/diverge-4-pro-sram-force-xplr/p/4296445?color=5473841-4296445,html,2026-10-05
Specialized,Diverge 4 Pro: SRAM Force XPLR [87a84ecd],Diverge 4 Pro: SRAM Force XPLR,,gravel,61,,61,,,,,659,425,"{""Longitud de biela"": ""175mm"", ""Ancho de manillar"": ""440mm"", ""Longitud Potencia"": ""90mm"", ""Saddle Width"": ""143mm"", ""Longitud Tija Sillín"": ""380mm"", ""Stack"": ""659mm"", ""Reach"": ""425mm"", ""Longitud de Pipa"": ""187mm"", ""Ángulo de Pipa"": ""71°"", ""Caída Pedalier"": ""85mm"", ""Avance Horquilla"": ""65mm"", ""Longitud Horquilla"": ""391mm"", ""Avance/Retroceso Horquilla"": ""55mm"", ""Delante Centro"": ""686mm"", ""Longitud de vaina"": ""430mm"", ""Distancia entre ejes"": ""1102mm"", ""Longitud Tubo Superior, Hrz."": ""613mm"", ""Bike Standover Height"": ""832mm"", ""Long. Tubo de Sillín"": ""560mm"", ""Ángulo de Tubo de Sillín"": ""74°""}",7999,false,https://www.specialized.com/es/es/diverge-4-pro-sram-force-xplr/p/4296445,https://www.specialized.com/es/es/diverge-4-pro-sram-force-xplr/p/4296445?color=5473841-4296445,html,2026-10-05
Specialized,Diverge 4 Pro: SRAM Force XPLR [87a84ecd],Diverge 4 Pro - SRAM Force XPLR,,gravel,49,,49,,,,,563,365,"{""Longitud de biela"": ""165mm"", ""Ancho de manillar"": ""380mm"", ""Longitud Potencia"": ""60mm"", ""Saddle Width"": ""155mm"", ""Longitud Tija Sillín"": ""330mm"", ""Stack"": ""563mm"", ""Reach"": ""365mm"", ""Longitud de Pipa"": ""90mm"", ""Ángulo de Pipa"": ""70°"", ""Caída Pedalier"": ""85mm"", ""Avance Horquilla"": ""72mm"", ""Longitud Horquilla"": ""391mm"", ""Avance/Retroceso Horquilla"": ""55mm"", ""Delante Centro"": ""604mm"", ""Longitud de vaina"": ""430mm"", ""Distancia entre ejes"": ""1019mm"", ""Longitud Tubo Superior, Hrz."": ""521mm"", ""Bike Standover Height"": ""700mm"", ""Long. Tubo de Sillín"": ""400mm"", ""Ángulo de Tubo de Sillín"": ""74.5°""}",7999,false,https://www.specialized.com/es/es/diverge-4-pro-sram-force-xplr/p/4293747,https://www.specialized.com/es/es/diverge-4-pro-sram-force-xplr/p/4293747?color=5466666-4293747,html,2026-10-05
Specialized,Diverge 4 Pro: SRAM Force XPLR [87a84ecd],Diverge 4 Pro - SRAM Force XPLR,,gravel,52,,52,,,,,578,374,"{""Longitud de biela"": ""170mm"", ""Ancho de manillar"": ""400mm"", ""Longitud Potencia"": ""70mm"", ""Saddle Width"": ""155mm"", ""Longitud Tija Sillín"": ""330mm"", ""Stack"": ""578mm"", ""Reach"": ""374mm"", ""Longitud de Pipa"": ""104mm"", ""Ángulo de Pipa"": ""70.5°"", ""Caída Pedalier"": ""85mm"", ""Avance Horquilla"": ""68mm"", ""Longitud Horquilla"": ""391mm"", ""Avance/Retroceso Horquilla"": ""55mm"", ""Delante Centro"": ""613mm"", ""Longitud de vaina"": ""430mm"", ""Distancia entre ejes"": ""1031mm"", ""Longitud Tubo Superior, Hrz."": ""537mm"", ""Bike Standover Height"": ""725mm"", ""Long. Tubo de Sillín"": ""430mm"", ""Ángulo de Tubo de Sillín"": ""74°""}",7999,false,https://www.specialized.com/es/es/diverge-4-pro-sram-force-xplr/p/4293747,https://www.specialized.com/es/es/diverge-4-pro-sram-force-xplr/p/4293747?color=5466666-4293747,html,2026-10-05
Specialized,Diverge 4 Pro: SRAM Force XPLR [87a84ecd],Diverge 4 Pro - SRAM Force XPLR,,gravel,54,,54,,,,,592,387,"{""Longitud de biela"": ""172.5mm"", ""Ancho de manillar"": ""420mm"", ""Longitud Potencia"": ""80mm"", ""Saddle Width"": ""143mm"", ""Longitud Tija Sillín"": ""380mm"", ""Stack"": ""592mm"", ""Reach"": ""387mm"", ""Longitud de Pipa"": ""116mm"", ""Ángulo de Pipa"": ""71°"", ""Caída Pedalier"": ""85mm"", ""Avance Horquilla"": ""65mm"", ""Longitud Horquilla"": ""391mm"", ""Avance/Retroceso Horquilla"": ""55mm"", ""Delante Centro"": ""626mm"", ""Longitud de vaina"": ""430mm"", ""Distancia entre ejes"": ""1041mm"", ""Longitud Tubo Superior, Hrz."": ""556mm"", ""Bike Standover Height"": ""754mm"", ""Long. Tubo de Sillín"": ""470mm"", ""Ángulo de Tubo de Sillín"": ""74°""}",7999,false,https://www.specialized.com/es/es/diverge-4-pro-sram-force-xplr/p/4293747,https://www.specialized.com/es/es/diverge-4-pro-sram-force-xplr/p/4293747?color=5466666-4293747,html,2026-10-05
Specialized,Diverge 4 Pro: SRAM Force XPLR [87a84ecd],Diverge 4 Pro - SRAM Force XPLR,,gravel,56,,56,,,,,610,400,"{""Longitud de biela"": ""172.5mm"", ""Ancho de manillar"": ""420mm"", ""Longitud Potencia"": ""90mm"", ""Saddle Width"": ""143mm"", ""Longitud Tija Sillín"": ""380mm"", ""Stack"": ""610mm"", ""Reach"": ""400mm"", ""Longitud de Pipa"": ""135mm"", ""Ángulo de Pipa"": ""71°"", ""Caída Pedalier"": ""85mm"", ""Avance Horquilla"": ""65mm"", ""Longitud Horquilla"": ""391mm"", ""Avance/Retroceso Horquilla"": ""55mm"", ""Delante Centro"": ""645mm"", ""Longitud de vaina"": ""430mm"", ""Distancia entre ejes"": ""1060mm"", ""Longitud Tubo Superior, Hrz."": ""575mm"", ""Bike Standover Height"": ""779mm"", ""Long. Tubo de Sillín"": ""500mm"", ""Ángulo de Tubo de Sillín"": ""74°""}",7999,false,https://www.specialized.com/es/es/diverge-4-pro-sram-force-xplr/p/4293747,https://www.specialized.com/es/es/diverge-4-pro-sram-force-xplr/p/4293747?color=5466666-4293747,html,2026-10-05
Specialized,Diverge 4 Pro: SRAM Force XPLR [87a84ecd],Diverge 4 Pro - SRAM Force XPLR,,gravel,58,,58,,,,,634,412,"{""Longitud de biela"": ""175mm"", ""Ancho de manillar"": ""440mm"", ""Longitud Potencia"": ""100mm"", ""Saddle Width"": ""143mm"", ""Longitud Tija Sillín"": ""380mm"", ""Stack"": ""634mm"", ""Reach"": ""412mm"", ""Longitud de Pipa"": ""161mm"", ""Ángulo de Pipa"": ""71°"", ""Caída Pedalier"": ""85mm"", ""Avance Horquilla"": ""65mm"", ""Longitud Horquilla"": ""391mm"", ""Avance/Retroceso Horquilla"": ""55mm"", ""Delante Centro"": ""665mm"", ""Longitud de vaina"": ""430mm"", ""Distancia entre ejes"": ""1081mm"", ""Longitud Tubo Superior, Hrz."": ""593mm"", ""Bike Standover Height"": ""805mm"", ""Long. Tubo de Sillín"": ""530mm"", ""Ángulo de Tubo de Sillín"": ""74°""}",7999,false,https://www.specialized.com/es/es/diverge-4-pro-sram-force-xplr/p/4293747,https://www.specialized.com/es/es/diverge-4-pro-sram-force-xplr/p/4293747?color=5466666-4293747,html,2026-10-05
Specialized,Diverge 4 Pro: SRAM Force XPLR [87a84ecd],Diverge 4 Pro - SRAM Force XPLR,,gravel,61,,61,,,,,659,425,"{""Longitud de biela"": ""175mm"", ""Ancho de manillar"": ""440mm"", ""Longitud Potencia"": ""100mm"", ""Saddle Width"": ""143mm"", ""Longitud Tija Sillín"": ""380mm"", ""Stack"": ""659mm"", ""Reach"": ""425mm"", ""Longitud de Pipa"": ""187mm"", ""Ángulo de Pipa"": ""71°"", ""Caída Pedalier"": ""85mm"", ""Avance Horquilla"": ""65mm"", ""Longitud Horquilla"": ""391mm"", ""Avance/Retroceso Horquilla"": ""55mm"", ""Delante Centro"": ""686mm"", ""Longitud de vaina"": ""430mm"", ""Distancia entre ejes"": ""1102mm"", ""Longitud Tubo Superior, Hrz."": ""613mm"", ""Bike Standover Height"": ""832mm"", ""Long. Tubo de Sillín"": ""560mm"", ""Ángulo de Tubo de Sillín"": ""74°""}",7999,false,https://www.specialized.com/es/es/diverge-4-pro-sram-force-xplr/p/4293747,https://www.specialized.com/es/es/diverge-4-pro-sram-force-xplr/p/4293747?color=5466666-4293747,html,2026-10-05
Specialized,Diverge 4 Pro: SRAM Force XPLR [87a84ecd],Diverge 4 Expert - Shimano GRX Di2,,gravel,49,,49,,,,,563,365,"{""Longitud de biela"": ""170mm"", ""Ancho de manillar"": ""380mm"", ""Longitud Potencia"": ""60mm"", ""Saddle Width"": ""155mm"", ""Longitud Tija Sillín"": ""330mm"", ""Stack"": ""563mm"", ""Reach"": ""365mm"", ""Longitud de Pipa"": ""90mm"", ""Ángulo de Pipa"": ""70°"", ""Caída Pedalier"": ""85mm"", ""Avance Horquilla"": ""72mm"", ""Longitud Horquilla"": ""391mm"", ""Avance/Retroceso Horquilla"": ""55mm"", ""Delante Centro"": ""604mm"", ""Longitud de vaina"": ""430mm"", ""Distancia entre ejes"": ""1019mm"", ""Longitud Tubo Superior, Hrz."": ""521mm"", ""Bike Standover Height"": ""700mm"", ""Long. Tubo de Sillín"": ""400mm"", ""Ángulo de Tubo de Sillín"": ""74.5°""}",6499,false,https://www.specialized.com/es/es/diverge-4-expert-shimano-grx-di2/p/4297824,https://www.specialized.com/es/es/diverge-4-expert-shimano-grx-di2/p/4297824?color=5476687-4297824,html,2026-10-05
Specialized,Diverge 4 Pro: SRAM Force XPLR [87a84ecd],Diverge 4 Expert - Shimano GRX Di2,,gravel,52,,52,,,,,578,374,"{""Longitud de biela"": ""170mm"", ""Ancho de manillar"": ""400mm"", ""Longitud Potencia"": ""70mm"", ""Saddle Width"": ""155mm"", ""Longitud Tija Sillín"": ""330mm"", ""Stack"": ""578mm"", ""Reach"": ""374mm"", ""Longitud de Pipa"": ""104mm"", ""Ángulo de Pipa"": ""70.5°"", ""Caída Pedalier"": ""85mm"", ""Avance Horquilla"": ""68mm"", ""Longitud Horquilla"": ""391mm"", ""Avance/Retroceso Horquilla"": ""55mm"", ""Delante Centro"": ""613mm"", ""Longitud de vaina"": ""430mm"", ""Distancia entre ejes"": ""1031mm"", ""Longitud Tubo Superior, Hrz."": ""537mm"", ""Bike Standover Height"": ""725mm"", ""Long. Tubo de Sillín"": ""430mm"", ""Ángulo de Tubo de Sillín"": ""74°""}",6499,false,https://www.specialized.com/es/es/diverge-4-expert-shimano-grx-di2/p/4297824,https://www.specialized.com/es/es/diverge-4-expert-shimano-grx-di2/p/4297824?color=5476687-4297824,html,2026-10-05
Specialized,Diverge 4 Pro: SRAM Force XPLR [87a84ecd],Diverge 4 Expert - Shimano GRX Di2,,gravel,54,,54,,,,,592,387,"{""Longitud de biela"": ""172.5mm"", ""Ancho de manillar"": ""420mm"", ""Longitud Potencia"": ""80mm"", ""Saddle Width"": ""143mm"", ""Longitud Tija Sillín"": ""380mm"", ""Stack"": ""592mm"", ""Reach"": ""387mm"", ""Longitud de Pipa"": ""116mm"", ""Ángulo de Pipa"": ""71°"", ""Caída Pedalier"": ""85mm"", ""Avance Horquilla"": ""65mm"", ""Longitud Horquilla"": ""391mm"", ""Avance/Retroceso Horquilla"": ""55mm"", ""Delante Centro"": ""626mm"", ""Longitud de vaina"": ""430mm"", ""Distancia entre ejes"": ""1041mm"", ""Longitud Tubo Superior, Hrz."": ""556mm"", ""Bike Standover Height"": ""754mm"", ""Long. Tubo de Sillín"": ""470mm"", ""Ángulo de Tubo de Sillín"": ""74°""}",6499,false,https://www.specialized.com/es/es/diverge-4-expert-shimano-grx-di2/p/4297824,https://www.specialized.com/es/es/diverge-4-expert-shimano-grx-di2/p/4297824?color=5476687-4297824,html,2026-10-05
Specialized,Diverge 4 Pro: SRAM Force XPLR [87a84ecd],Diverge 4 Expert - Shimano GRX Di2,,gravel,56,,56,,,,,610,400,"{""Longitud de biela"": ""172.5mm"", ""Ancho de manillar"": ""420mm"", ""Longitud Potencia"": ""90mm"", ""Saddle Width"": ""143mm"", ""Longitud Tija Sillín"": ""380mm"", ""Stack"": ""610mm"", ""Reach"": ""400mm"", ""Longitud de Pipa"": ""135mm"", ""Ángulo de Pipa"": ""71°"", ""Caída Pedalier"": ""85mm"", ""Avance Horquilla"": ""65mm"", ""Longitud Horquilla"": ""391mm"", ""Avance/Retroceso Horquilla"": ""55mm"", ""Delante Centro"": ""645mm"", ""Longitud de vaina"": ""430mm"", ""Distancia entre ejes"": ""1060mm"", ""Longitud Tubo Superior, Hrz."": ""575mm"", ""Bike Standover Height"": ""779mm"", ""Long. Tubo de Sillín"": ""500mm"", ""Ángulo de Tubo de Sillín"": ""74°""}",6499,false,https://www.specialized.com/es/es/diverge-4-expert-shimano-grx-di2/p/4297824,https://www.specialized.com/es/es/diverge-4-expert-shimano-grx-di2/p/4297824?color=5476687-4297824,html,2026-10-05
Specialized,Diverge 4 Pro: SRAM Force XPLR [87a84ecd],Diverge 4 Expert - Shimano GRX Di2,,gravel,58,,58,,,,,634,412,"{""Longitud de biela"": ""175mm"", ""Ancho de manillar"": ""440mm"", ""Longitud Potencia"": ""90mm"", ""Saddle Width"": ""143mm"", ""Longitud Tija Sillín"": ""380mm"", ""Stack"": ""634mm"", ""Reach"": ""412mm"", ""Longitud de Pipa"": ""161mm"", ""Ángulo de Pipa"": ""71°"", ""Caída Pedalier"": ""85mm"", ""Avance Horquilla"": ""65mm"", ""Longitud Horquilla"": ""391mm"", ""Avance/Retroceso Horquilla"": ""55mm"", ""Delante Centro"": ""665mm"", ""Longitud de vaina"": ""430mm"", ""Distancia entre ejes"": ""1081mm"", ""Longitud Tubo Superior, Hrz."": ""593mm"", ""Bike Standover Height"": ""805mm"", ""Long. Tubo de Sillín"": ""530mm"", ""Ángulo de Tubo de Sillín"": ""74°""}",6499,false,https://www.specialized.com/es/es/diverge-4-expert-shimano-grx-di2/p/4297824,https://www.specialized.com/es/es/diverge-4-expert-shimano-grx-di2/p/4297824?color=5476687-4297824,html,2026-10-05
Specialized,Diverge 4 Pro: SRAM Force XPLR [87a84ecd],Diverge 4 Expert - Shimano GRX Di2,,gravel,61,,61,,,,,659,425,"{""Longitud de biela"": ""175mm"", ""Ancho de manillar"": ""440mm"", ""Longitud Potencia"": ""90mm"", ""Saddle Width"": ""143mm"", ""Longitud Tija Sillín"": ""380mm"", ""Stack"": ""659mm"", ""Reach"": ""425mm"", ""Longitud de Pipa"": ""187mm"", ""Ángulo de Pipa"": ""71°"", ""Caída Pedalier"": ""85mm"", ""Avance Horquilla"": ""65mm"", ""Longitud Horquilla"": ""391mm"", ""Avance/Retroceso Horquilla"": ""55mm"", ""Delante Centro"": ""686mm"", ""Longitud de vaina"": ""430mm"", ""Distancia entre ejes"": ""1102mm"", ""Longitud Tubo Superior, Hrz."": ""613mm"", ""Bike Standover Height"": ""832mm"", ""Long. Tubo de Sillín"": ""560mm"", ""Ángulo de Tubo de Sillín"": ""74°""}",6499,false,https://www.specialized.com/es/es/diverge-4-expert-shimano-grx-di2/p/4297824,https://www.specialized.com/es/es/diverge-4-expert-shimano-grx-di2/p/4297824?color=5476687-4297824,html,2026-10-05
Specialized,Diverge 4 Pro: SRAM Force XPLR [87a84ecd],Diverge 4 Expert: SRAM Rival XPLR,,gravel,49,,49,,,,,563,365,"{""Longitud de biela"": ""165mm"", ""Ancho de manillar"": ""380mm"", ""Longitud Potencia"": ""60mm"", ""Saddle Width"": ""155mm"", ""Longitud Tija Sillín"": ""330mm"", ""Stack"": ""563mm"", ""Reach"": ""365mm"", ""Longitud de Pipa"": ""90mm"", ""Ángulo de Pipa"": ""70°"", ""Caída Pedalier"": ""85mm"", ""Avance Horquilla"": ""72mm"", ""Longitud Horquilla"": ""391mm"", ""Avance/Retroceso Horquilla"": ""55mm"", ""Delante Centro"": ""604mm"", ""Longitud de vaina"": ""430mm"", ""Distancia entre ejes"": ""1019mm"", ""Longitud Tubo Superior, Hrz."": ""521mm"", ""Bike Standover Height"": ""700mm"", ""Long. Tubo de Sillín"": ""400mm"", ""Ángulo de Tubo de Sillín"": ""74.5°""}",6299,false,https://www.specialized.com/es/es/diverge-4-expert-sram-rival-xplr/p/4297823,https://www.specialized.com/es/es/diverge-4-expert-sram-rival-xplr/p/4297823?color=5476650-4297823,html,2026-10-05
Specialized,Diverge 4 Pro: SRAM Force XPLR [87a84ecd],Diverge 4 Expert: SRAM Rival XPLR,,gravel,52,,52,,,,,578,374,"{""Longitud de biela"": ""170mm"", ""Ancho de manillar"": ""400mm"", ""Longitud Potencia"": ""70mm"", ""Saddle Width"": ""155mm"", ""Longitud Tija Sillín"": ""330mm"", ""Stack"": ""578mm"", ""Reach"": ""374mm"", ""Longitud de Pipa"": ""104mm"", ""Ángulo de Pipa"": ""70.5°"", ""Caída Pedalier"": ""85mm"", ""Avance Horquilla"": ""68mm"", ""Longitud Horquilla"": ""391mm"", ""Avance/Retroceso Horquilla"": ""55mm"", ""Delante Centro"": ""613mm"", ""Longitud de vaina"": ""430mm"", ""Distancia entre ejes"": ""1031mm"", ""Longitud Tubo Superior, Hrz."": ""537mm"", ""Bike Standover Height"": ""725mm"", ""Long. Tubo de Sillín"": ""430mm"", ""Ángulo de Tubo de Sillín"": ""74°""}",6299,false,https://www.specialized.com/es/es/diverge-4-expert-sram-rival-xplr/p/4297823,https://www.specialized.com/es/es/diverge-4-expert-sram-rival-xplr/p/4297823?color=5476650-4297823,html,2026-10-05
Specialized,Diverge 4 Pro: SRAM Force XPLR [87a84ecd],Diverge 4 Expert: SRAM Rival XPLR,,gravel,54,,54,,,,,592,387,"{""Longitud de biela"": ""172.5mm"", ""Ancho de manillar"": ""420mm"", ""Longitud Potencia"": ""80mm"", ""Saddle Width"": ""143mm"", ""Longitud Tija Sillín"": ""380mm"", ""Stack"": ""592mm"", ""Reach"": ""387mm"", ""Longitud de Pipa"": ""116mm"", ""Ángulo de Pipa"": ""71°"", ""Caída Pedalier"": ""85mm"", ""Avance Horquilla"": ""65mm"", ""Longitud Horquilla"": ""391mm"", ""Avance/Retroceso Horquilla"": ""55mm"", ""Delante Centro"": ""626mm"", ""Longitud de vaina"": ""430mm"", ""Distancia entre ejes"": ""1041mm"", ""Longitud Tubo Superior, Hrz."": ""556mm"", ""Bike Standover Height"": ""754mm"", ""Long. Tubo de Sillín"": ""470mm"", ""Ángulo de Tubo de Sillín"": ""74°""}",6299,false,https://www.specialized.com/es/es/diverge-4-expert-sram-rival-xplr/p/4297823,https://www.specialized.com/es/es/diverge-4-expert-sram-rival-xplr/p/4297823?color=5476650-4297823,html,2026-10-05
Specialized,Diverge 4 Pro: SRAM Force XPLR [87a84ecd],Diverge 4 Expert: SRAM Rival XPLR,,gravel,56,,56,,,,,610,400,"{""Longitud de biela"": ""172.5mm"", ""Ancho de manillar"": ""420mm"", ""Longitud Potencia"": ""90mm"", ""Saddle Width"": ""143mm"", ""Longitud Tija Sillín"": ""380mm"", ""Stack"": ""610mm"", ""Reach"": ""400mm"", ""Longitud de Pipa"": ""135mm"", ""Ángulo de Pipa"": ""71°"", ""Caída Pedalier"": ""85mm"", ""Avance Horquilla"": ""65mm"", ""Longitud Horquilla"": ""391mm"", ""Avance/Retroceso Horquilla"": ""55mm"", ""Delante Centro"": ""645mm"", ""Longitud de vaina"": ""430mm"", ""Distancia entre ejes"": ""1060mm"", ""Longitud Tubo Superior, Hrz."": ""575mm"", ""Bike Standover Height"": ""779mm"", ""Long. Tubo de Sillín"": ""500mm"", ""Ángulo de Tubo de Sillín"": ""74°""}",6299,false,https://www.specialized.com/es/es/diverge-4-expert-sram-rival-xplr/p/4297823,https://www.specialized.com/es/es/diverge-4-expert-sram-rival-xplr/p/4297823?color=5476650-4297823,html,2026-10-05
Specialized,Diverge 4 Pro: SRAM Force XPLR [87a84ecd],Diverge 4 Expert: SRAM Rival XPLR,,gravel,58,,58,,,,,634,412,"{""Longitud de biela"": ""175mm"", ""Ancho de manillar"": ""440mm"", ""Longitud Potencia"": ""90mm"", ""Saddle Width"": ""143mm"", ""Longitud Tija Sillín"": ""380mm"", ""Stack"": ""634mm"", ""Reach"": ""412mm"", ""Longitud de Pipa"": ""161mm"", ""Ángulo de Pipa"": ""71°"", ""Caída Pedalier"": ""85mm"", ""Avance Horquilla"": ""65mm"", ""Longitud Horquilla"": ""391mm"", ""Avance/Retroceso Horquilla"": ""55mm"", ""Delante Centro"": ""665mm"", ""Longitud de vaina"": ""430mm"", ""Distancia entre ejes"": ""1081mm"", ""Longitud Tubo Superior, Hrz."": ""593mm"", ""Bike Standover Height"": ""805mm"", ""Long. Tubo de Sillín"": ""530mm"", ""Ángulo de Tubo de Sillín"": ""74°""}",6299,false,https://www.specialized.com/es/es/diverge-4-expert-sram-rival-xplr/p/4297823,https://www.specialized.com/es/es/diverge-4-expert-sram-rival-xplr/p/4297823?color=5476650-4297823,html,2026-10-05
Specialized,Diverge 4 Pro: SRAM Force XPLR [87a84ecd],Diverge 4 Expert: SRAM Rival XPLR,,gravel,61,,61,,,,,659,425,"{""Longitud de biela"": ""175mm"", ""Ancho de manillar"": ""440mm"", ""Longitud Potencia"": ""90mm"", ""Saddle Width"": ""143mm"", ""Longitud Tija Sillín"": ""380mm"", ""Stack"": ""659mm"", ""Reach"": ""425mm"", ""Longitud de Pipa"": ""187mm"", ""Ángulo de Pipa"": ""71°"", ""Caída Pedalier"": ""85mm"", ""Avance Horquilla"": ""65mm"", ""Longitud Horquilla"": ""391mm"", ""Avance/Retroceso Horquilla"": ""55mm"", ""Delante Centro"": ""686mm"", ""Longitud de vaina"": ""430mm"", ""Distancia entre ejes"": ""1102mm"", ""Longitud Tubo Superior, Hrz."": ""613mm"", ""Bike Standover Height"": ""832mm"", ""Long. Tubo de Sillín"": ""560mm"", ""Ángulo de Tubo de Sillín"": ""74°""}",6299,false,https://www.specialized.com/es/es/diverge-4-expert-sram-rival-xplr/p/4297823,https://www.specialized.com/es/es/diverge-4-expert-sram-rival-xplr/p/4297823?color=5476650-4297823,html,2026-10-05
Specialized,Diverge 4 Pro: SRAM Force XPLR [87a84ecd],Diverge 4 Expert - SRAM Rival XPLR,,gravel,49,,49,,,,,563,365,"{""Longitud de biela"": ""165mm"", ""Ancho de manillar"": ""380mm"", ""Longitud Potencia"": ""60mm"", ""Saddle Width"": ""155mm"", ""Longitud Tija Sillín"": ""330mm"", ""Stack"": ""563mm"", ""Reach"": ""365mm"", ""Longitud de Pipa"": ""90mm"", ""Ángulo de Pipa"": ""70°"", ""Caída Pedalier"": ""85mm"", ""Avance Horquilla"": ""72mm"", ""Longitud Horquilla"": ""391mm"", ""Avance/Retroceso Horquilla"": ""55mm"", ""Delante Centro"": ""604mm"", ""Longitud de vaina"": ""430mm"", ""Distancia entre ejes"": ""1019mm"", ""Longitud Tubo Superior, Hrz."": ""521mm"", ""Bike Standover Height"": ""700mm"", ""Long. Tubo de Sillín"": ""400mm"", ""Ángulo de Tubo de Sillín"": ""74.5°""}",6299,false,https://www.specialized.com/es/es/diverge-4-expert-sram-rival-xplr/p/4293758,https://www.specialized.com/es/es/diverge-4-expert-sram-rival-xplr/p/4293758?color=5466865-4293758,html,2026-10-05
Specialized,Diverge 4 Pro: SRAM Force XPLR [87a84ecd],Diverge 4 Expert - SRAM Rival XPLR,,gravel,52,,52,,,,,578,374,"{""Longitud de biela"": ""170mm"", ""Ancho de manillar"": ""400mm"", ""Longitud Potencia"": ""70mm"", ""Saddle Width"": ""155mm"", ""Longitud Tija Sillín"": ""330mm"", ""Stack"": ""578mm"", ""Reach"": ""374mm"", ""Longitud de Pipa"": ""104mm"", ""Ángulo de Pipa"": ""70.5°"", ""Caída Pedalier"": ""85mm"", ""Avance Horquilla"": ""68mm"", ""Longitud Horquilla"": ""391mm"", ""Avance/Retroceso Horquilla"": ""55mm"", ""Delante Centro"": ""613mm"", ""Longitud de vaina"": ""430mm"", ""Distancia entre ejes"": ""1031mm"", ""Longitud Tubo Superior, Hrz."": ""537mm"", ""Bike Standover Height"": ""725mm"", ""Long. Tubo de Sillín"": ""430mm"", ""Ángulo de Tubo de Sillín"": ""74°""}",6299,false,https://www.specialized.com/es/es/diverge-4-expert-sram-rival-xplr/p/4293758,https://www.specialized.com/es/es/diverge-4-expert-sram-rival-xplr/p/4293758?color=5466865-4293758,html,2026-10-05
Specialized,Diverge 4 Pro: SRAM Force XPLR [87a84ecd],Diverge 4 Expert - SRAM Rival XPLR,,gravel,54,,54,,,,,592,387,"{""Longitud de biela"": ""172.5mm"", ""Ancho de manillar"": ""420mm"", ""Longitud Potencia"": ""80mm"", ""Saddle Width"": ""143mm"", ""Longitud Tija Sillín"": ""380mm"", ""Stack"": ""592mm"", ""Reach"": ""387mm"", ""Longitud de Pipa"": ""116mm"", ""Ángulo de Pipa"": ""71°"", ""Caída Pedalier"": ""85mm"", ""Avance Horquilla"": ""65mm"", ""Longitud Horquilla"": ""391mm"", ""Avance/Retroceso Horquilla"": ""55mm"", ""Delante Centro"": ""626mm"", ""Longitud de vaina"": ""430mm"", ""Distancia entre ejes"": ""1041mm"", ""Longitud Tubo Superior, Hrz."": ""556mm"", ""Bike Standover Height"": ""754mm"", ""Long. Tubo de Sillín"": ""470mm"", ""Ángulo de Tubo de Sillín"": ""74°""}",6299,false,https://www.specialized.com/es/es/diverge-4-expert-sram-rival-xplr/p/4293758,https://www.specialized.com/es/es/diverge-4-expert-sram-rival-xplr/p/4293758?color=5466865-4293758,html,2026-10-05
Specialized,Diverge 4 Pro: SRAM Force XPLR [87a84ecd],Diverge 4 Expert - SRAM Rival XPLR,,gravel,56,,56,,,,,610,400,"{""Longitud de biela"": ""172.5mm"", ""Ancho de manillar"": ""420mm"", ""Longitud Potencia"": ""90mm"", ""Saddle Width"": ""143mm"", ""Longitud Tija Sillín"": ""380mm"", ""Stack"": ""610mm"", ""Reach"": ""400mm"", ""Longitud de Pipa"": ""135mm"", ""Ángulo de Pipa"": ""71°"", ""Caída Pedalier"": ""85mm"", ""Avance Horquilla"": ""65mm"", ""Longitud Horquilla"": ""391mm"", ""Avance/Retroceso Horquilla"": ""55mm"", ""Delante Centro"": ""645mm"", ""Longitud de vaina"": ""430mm"", ""Distancia entre ejes"": ""1060mm"", ""Longitud Tubo Superior, Hrz."": ""575mm"", ""Bike Standover Height"": ""779mm"", ""Long. Tubo de Sillín"": ""500mm"", ""Ángulo de Tubo de Sillín"": ""74°""}",6299,false,https://www.specialized.com/es/es/diverge-4-expert-sram-rival-xplr/p/4293758,https://www.specialized.com/es/es/diverge-4-expert-sram-rival-xplr/p/4293758?color=5466865-4293758,html,2026-10-05
Specialized,Diverge 4 Pro: SRAM Force XPLR [87a84ecd],Diverge 4 Expert - SRAM Rival XPLR,,gravel,58,,58,,,,,634,412,"{""Longitud de biela"": ""175mm"", ""Ancho de manillar"": ""440mm"", ""Longitud Potencia"": ""100mm"", ""Saddle Width"": ""143mm"", ""Longitud Tija Sillín"": ""380mm"", ""Stack"": ""634mm"", ""Reach"": ""412mm"", ""Longitud de Pipa"": ""161mm"", ""Ángulo de Pipa"": ""71°"", ""Caída Pedalier"": ""85mm"", ""Avance Horquilla"": ""65mm"", ""Longitud Horquilla"": ""391mm"", ""Avance/Retroceso Horquilla"": ""55mm"", ""Delante Centro"": ""665mm"", ""Longitud de vaina"": ""430mm"", ""Distancia entre ejes"": ""1081mm"", ""Longitud Tubo Superior, Hrz."": ""593mm"", ""Bike Standover Height"": ""805mm"", ""Long. Tubo de Sillín"": ""530mm"", ""Ángulo de Tubo de Sillín"": ""74°""}",6299,false,https://www.specialized.com/es/es/diverge-4-expert-sram-rival-xplr/p/4293758,https://www.specialized.com/es/es/diverge-4-expert-sram-rival-xplr/p/4293758?color=5466865-4293758,html,2026-10-05
Specialized,Diverge 4 Pro: SRAM Force XPLR [87a84ecd],Diverge 4 Expert - SRAM Rival XPLR,,gravel,61,,61,,,,,659,425,"{""Longitud de biela"": ""175mm"", ""Ancho de manillar"": ""440mm"", ""Longitud Potencia"": ""100mm"", ""Saddle Width"": ""143mm"", ""Longitud Tija Sillín"": ""380mm"", ""Stack"": ""659mm"", ""Reach"": ""425mm"", ""Longitud de Pipa"": ""187mm"", ""Ángulo de Pipa"": ""71°"", ""Caída Pedalier"": ""85mm"", ""Avance Horquilla"": ""65mm"", ""Longitud Horquilla"": ""391mm"", ""Avance/Retroceso Horquilla"": ""55mm"", ""Delante Centro"": ""686mm"", ""Longitud de vaina"": ""430mm"", ""Distancia entre ejes"": ""1102mm"", ""Longitud Tubo Superior, Hrz."": ""613mm"", ""Bike Standover Height"": ""832mm"", ""Long. Tubo de Sillín"": ""560mm"", ""Ángulo de Tubo de Sillín"": ""74°""}",6299,false,https://www.specialized.com/es/es/diverge-4-expert-sram-rival-xplr/p/4293758,https://www.specialized.com/es/es/diverge-4-expert-sram-rival-xplr/p/4293758?color=5466865-4293758,html,2026-10-05
Specialized,Diverge 4 Pro: SRAM Force XPLR [87a84ecd],Diverge 4 Comp Carbon - SRAM Apex AXS/S1000,,gravel,49,,49,,,,,563,365,"{""Longitud de biela"": ""165mm"", ""Ancho de manillar"": ""380mm"", ""Longitud Potencia"": ""60mm"", ""Saddle Width"": ""155mm"", ""Longitud Tija Sillín"": ""330mm"", ""Stack"": ""563mm"", ""Reach"": ""365mm"", ""Longitud de Pipa"": ""90mm"", ""Ángulo de Pipa"": ""70°"", ""Caída Pedalier"": ""85mm"", ""Avance Horquilla"": ""72mm"", ""Longitud Horquilla"": ""391mm"", ""Avance/Retroceso Horquilla"": ""55mm"", ""Delante Centro"": ""604mm"", ""Longitud de vaina"": ""430mm"", ""Distancia entre ejes"": ""1019mm"", ""Longitud Tubo Superior, Hrz."": ""521mm"", ""Bike Standover Height"": ""700mm"", ""Long. Tubo de Sillín"": ""400mm"", ""Ángulo de Tubo de Sillín"": ""74.5°""}",4499,false,https://www.specialized.com/es/es/diverge-4-comp-carbon-sram-apex-axss1000/p/4223513,https://www.specialized.com/es/es/diverge-4-comp-carbon-sram-apex-axss1000/p/4223513?color=5448985-4223513,html,2026-10-05
Specialized,Diverge 4 Pro: SRAM Force XPLR [87a84ecd],Diverge 4 Comp Carbon - SRAM Apex AXS/S1000,,gravel,52,,52,,,,,578,374,"{""Longitud de biela"": ""170mm"", ""Ancho de manillar"": ""400mm"", ""Longitud Potencia"": ""70mm"", ""Saddle Width"": ""155mm"", ""Longitud Tija Sillín"": ""330mm"", ""Stack"": ""578mm"", ""Reach"": ""374mm"", ""Longitud de Pipa"": ""104mm"", ""Ángulo de Pipa"": ""70.5°"", ""Caída Pedalier"": ""85mm"", ""Avance Horquilla"": ""68mm"", ""Longitud Horquilla"": ""391mm"", ""Avance/Retroceso Horquilla"": ""55mm"", ""Delante Centro"": ""613mm"", ""Longitud de vaina"": ""430mm"", ""Distancia entre ejes"": ""1031mm"", ""Longitud Tubo Superior, Hrz."": ""537mm"", ""Bike Standover Height"": ""725mm"", ""Long. Tubo de Sillín"": ""430mm"", ""Ángulo de Tubo de Sillín"": ""74°""}",4499,false,https://www.specialized.com/es/es/diverge-4-comp-carbon-sram-apex-axss1000/p/4223513,https://www.specialized.com/es/es/diverge-4-comp-carbon-sram-apex-axss1000/p/4223513?color=5448985-4223513,html,2026-10-05
Specialized,Diverge 4 Pro: SRAM Force XPLR [87a84ecd],Diverge 4 Comp Carbon - SRAM Apex AXS/S1000,,gravel,54,,54,,,,,592,387,"{""Longitud de biela"": ""172.5mm"", ""Ancho de manillar"": ""420mm"", ""Longitud Potencia"": ""80mm"", ""Saddle Width"": ""143mm"", ""Longitud Tija Sillín"": ""380mm"", ""Stack"": ""592mm"", ""Reach"": ""387mm"", ""Longitud de Pipa"": ""116mm"", ""Ángulo de Pipa"": ""71°"", ""Caída Pedalier"": ""85mm"", ""Avance Horquilla"": ""65mm"", ""Longitud Horquilla"": ""391mm"", ""Avance/Retroceso Horquilla"": ""55mm"", ""Delante Centro"": ""626mm"", ""Longitud de vaina"": ""430mm"", ""Distancia entre ejes"": ""1041mm"", ""Longitud Tubo Superior, Hrz."": ""556mm"", ""Bike Standover Height"": ""754mm"", ""Long. Tubo de Sillín"": ""470mm"", ""Ángulo de Tubo de Sillín"": ""74°""}",4499,false,https://www.specialized.com/es/es/diverge-4-comp-carbon-sram-apex-axss1000/p/4223513,https://www.specialized.com/es/es/diverge-4-comp-carbon-sram-apex-axss1000/p/4223513?color=5448985-4223513,html,2026-10-05
Specialized,Diverge 4 Pro: SRAM Force XPLR [87a84ecd],Diverge 4 Comp Carbon - SRAM Apex AXS/S1000,,gravel,56,,56,,,,,610,400,"{""Longitud de biela"": ""172.5mm"", ""Ancho de manillar"": ""420mm"", ""Longitud Potencia"": ""90mm"", ""Saddle Width"": ""143mm"", ""Longitud Tija Sillín"": ""380mm"", ""Stack"": ""610mm"", ""Reach"": ""400mm"", ""Longitud de Pipa"": ""135mm"", ""Ángulo de Pipa"": ""71°"", ""Caída Pedalier"": ""85mm"", ""Avance Horquilla"": ""65mm"", ""Longitud Horquilla"": ""391mm"", ""Avance/Retroceso Horquilla"": ""55mm"", ""Delante Centro"": ""645mm"", ""Longitud de vaina"": ""430mm"", ""Distancia entre ejes"": ""1060mm"", ""Longitud Tubo Superior, Hrz."": ""575mm"", ""Bike Standover Height"": ""779mm"", ""Long. Tubo de Sillín"": ""500mm"", ""Ángulo de Tubo de Sillín"": ""74°""}",4499,false,https://www.specialized.com/es/es/diverge-4-comp-carbon-sram-apex-axss1000/p/4223513,https://www.specialized.com/es/es/diverge-4-comp-carbon-sram-apex-axss1000/p/4223513?color=5448985-4223513,html,2026-10-05
Specialized,Diverge 4 Pro: SRAM Force XPLR [87a84ecd],Diverge 4 Comp Carbon - SRAM Apex AXS/S1000,,gravel,58,,58,,,,,634,412,"{""Longitud de biela"": ""175mm"", ""Ancho de manillar"": ""440mm"", ""Longitud Potencia"": ""100mm"", ""Saddle Width"": ""143mm"", ""Longitud Tija Sillín"": ""380mm"", ""Stack"": ""634mm"", ""Reach"": ""412mm"", ""Longitud de Pipa"": ""161mm"", ""Ángulo de Pipa"": ""71°"", ""Caída Pedalier"": ""85mm"", ""Avance Horquilla"": ""65mm"", ""Longitud Horquilla"": ""391mm"", ""Avance/Retroceso Horquilla"": ""55mm"", ""Delante Centro"": ""665mm"", ""Longitud de vaina"": ""430mm"", ""Distancia entre ejes"": ""1081mm"", ""Longitud Tubo Superior, Hrz."": ""593mm"", ""Bike Standover Height"": ""805mm"", ""Long. Tubo de Sillín"": ""530mm"", ""Ángulo de Tubo de Sillín"": ""74°""}",4499,false,https://www.specialized.com/es/es/diverge-4-comp-carbon-sram-apex-axss1000/p/4223513,https://www.specialized.com/es/es/diverge-4-comp-carbon-sram-apex-axss1000/p/4223513?color=5448985-4223513,html,2026-10-05
Specialized,Diverge 4 Pro: SRAM Force XPLR [87a84ecd],Diverge 4 Comp Carbon - SRAM Apex AXS/S1000,,gravel,61,,61,,,,,659,425,"{""Longitud de biela"": ""175mm"", ""Ancho de manillar"": ""440mm"", ""Longitud Potencia"": ""100mm"", ""Saddle Width"": ""143mm"", ""Longitud Tija Sillín"": ""380mm"", ""Stack"": ""659mm"", ""Reach"": ""425mm"", ""Longitud de Pipa"": ""187mm"", ""Ángulo de Pipa"": ""71°"", ""Caída Pedalier"": ""85mm"", ""Avance Horquilla"": ""65mm"", ""Longitud Horquilla"": ""391mm"", ""Avance/Retroceso Horquilla"": ""55mm"", ""Delante Centro"": ""686mm"", ""Longitud de vaina"": ""430mm"", ""Distancia entre ejes"": ""1102mm"", ""Longitud Tubo Superior, Hrz."": ""613mm"", ""Bike Standover Height"": ""832mm"", ""Long. Tubo de Sillín"": ""560mm"", ""Ángulo de Tubo de Sillín"": ""74°""}",4499,false,https://www.specialized.com/es/es/diverge-4-comp-carbon-sram-apex-axss1000/p/4223513,https://www.specialized.com/es/es/diverge-4-comp-carbon-sram-apex-axss1000/p/4223513?color=5448985-4223513,html,2026-10-05
Specialized,Diverge 4 Pro: SRAM Force XPLR [87a84ecd],Diverge 4 Sport Carbon - Shimano GRX 600,,gravel,49,,49,,,,,563,365,"{""Longitud de biela"": ""165mm"", ""Ancho de manillar"": ""380mm"", ""Longitud Potencia"": ""60mm"", ""Saddle Width"": ""155mm"", ""Longitud Tija Sillín"": ""350mm"", ""Stack"": ""563mm"", ""Reach"": ""365mm"", ""Longitud de Pipa"": ""90mm"", ""Ángulo de Pipa"": ""70°"", ""Caída Pedalier"": ""85mm"", ""Avance Horquilla"": ""72mm"", ""Longitud Horquilla"": ""391mm"", ""Avance/Retroceso Horquilla"": ""55mm"", ""Delante Centro"": ""604mm"", ""Longitud de vaina"": ""430mm"", ""Distancia entre ejes"": ""1019mm"", ""Longitud Tubo Superior, Hrz."": ""521mm"", ""Bike Standover Height"": ""700mm"", ""Long. Tubo de Sillín"": ""400mm"", ""Ángulo de Tubo de Sillín"": ""74.5°""}",3499,false,https://www.specialized.com/es/es/diverge-4-sport-carbon-shimano-grx-600/p/4223514,https://www.specialized.com/es/es/diverge-4-sport-carbon-shimano-grx-600/p/4223514?color=5448986-4223514,html,2026-10-05
Specialized,Diverge 4 Pro: SRAM Force XPLR [87a84ecd],Diverge 4 Sport Carbon - Shimano GRX 600,,gravel,52,,52,,,,,578,374,"{""Longitud de biela"": ""170mm"", ""Ancho de manillar"": ""400mm"", ""Longitud Potencia"": ""70mm"", ""Saddle Width"": ""155mm"", ""Longitud Tija Sillín"": ""350mm"", ""Stack"": ""578mm"", ""Reach"": ""374mm"", ""Longitud de Pipa"": ""104mm"", ""Ángulo de Pipa"": ""70.5°"", ""Caída Pedalier"": ""85mm"", ""Avance Horquilla"": ""68mm"", ""Longitud Horquilla"": ""391mm"", ""Avance/Retroceso Horquilla"": ""55mm"", ""Delante Centro"": ""613mm"", ""Longitud de vaina"": ""430mm"", ""Distancia entre ejes"": ""1031mm"", ""Longitud Tubo Superior, Hrz."": ""537mm"", ""Bike Standover Height"": ""725mm"", ""Long. Tubo de Sillín"": ""430mm"", ""Ángulo de Tubo de Sillín"": ""74°""}",3499,false,https://www.specialized.com/es/es/diverge-4-sport-carbon-shimano-grx-600/p/4223514,https://www.specialized.com/es/es/diverge-4-sport-carbon-shimano-grx-600/p/4223514?color=5448986-4223514,html,2026-10-05
Specialized,Diverge 4 Pro: SRAM Force XPLR [87a84ecd],Diverge 4 Sport Carbon - Shimano GRX 600,,gravel,54,,54,,,,,592,387,"{""Longitud de biela"": ""172.5mm"", ""Ancho de manillar"": ""420mm"", ""Longitud Potencia"": ""80mm"", ""Saddle Width"": ""143mm"", ""Longitud Tija Sillín"": ""400mm"", ""Stack"": ""592mm"", ""Reach"": ""387mm"", ""Longitud de Pipa"": ""116mm"", ""Ángulo de Pipa"": ""71°"", ""Caída Pedalier"": ""85mm"", ""Avance Horquilla"": ""65mm"", ""Longitud Horquilla"": ""391mm"", ""Avance/Retroceso Horquilla"": ""55mm"", ""Delante Centro"": ""626mm"", ""Longitud de vaina"": ""430mm"", ""Distancia entre ejes"": ""1041mm"", ""Longitud Tubo Superior, Hrz."": ""556mm"", ""Bike Standover Height"": ""754mm"", ""Long. Tubo de Sillín"": ""470mm"", ""Ángulo de Tubo de Sillín"": ""74°""}",3499,false,https://www.specialized.com/es/es/diverge-4-sport-carbon-shimano-grx-600/p/4223514,https://www.specialized.com/es/es/diverge-4-sport-carbon-shimano-grx-600/p/4223514?color=5448986-4223514,html,2026-10-05
Specialized,Diverge 4 Pro: SRAM Force XPLR [87a84ecd],Diverge 4 Sport Carbon - Shimano GRX 600,,gravel,56,,56,,,,,610,400,"{""Longitud de biela"": ""172.5mm"", ""Ancho de manillar"": ""420mm"", ""Longitud Potencia"": ""90mm"", ""Saddle Width"": ""143mm"", ""Longitud Tija Sillín"": ""400mm"", ""Stack"": ""610mm"", ""Reach"": ""400mm"", ""Longitud de Pipa"": ""135mm"", ""Ángulo de Pipa"": ""71°"", ""Caída Pedalier"": ""85mm"", ""Avance Horquilla"": ""65mm"", ""Longitud Horquilla"": ""391mm"", ""Avance/Retroceso Horquilla"": ""55mm"", ""Delante Centro"": ""645mm"", ""Longitud de vaina"": ""430mm"", ""Distancia entre ejes"": ""1060mm"", ""Longitud Tubo Superior, Hrz."": ""575mm"", ""Bike Standover Height"": ""779mm"", ""Long. Tubo de Sillín"": ""500mm"", ""Ángulo de Tubo de Sillín"": ""74°""}",3499,false,https://www.specialized.com/es/es/diverge-4-sport-carbon-shimano-grx-600/p/4223514,https://www.specialized.com/es/es/diverge-4-sport-carbon-shimano-grx-600/p/4223514?color=5448986-4223514,html,2026-10-05
Specialized,Diverge 4 Pro: SRAM Force XPLR [87a84ecd],Diverge 4 Sport Carbon - Shimano GRX 600,,gravel,58,,58,,,,,634,412,"{""Longitud de biela"": ""175mm"", ""Ancho de manillar"": ""440mm"", ""Longitud Potencia"": ""100mm"", ""Saddle Width"": ""143mm"", ""Longitud Tija Sillín"": ""400mm"", ""Stack"": ""634mm"", ""Reach"": ""412mm"", ""Longitud de Pipa"": ""161mm"", ""Ángulo de Pipa"": ""71°"", ""Caída Pedalier"": ""85mm"", ""Avance Horquilla"": ""65mm"", ""Longitud Horquilla"": ""391mm"", ""Avance/Retroceso Horquilla"": ""55mm"", ""Delante Centro"": ""665mm"", ""Longitud de vaina"": ""430mm"", ""Distancia entre ejes"": ""1081mm"", ""Longitud Tubo Superior, Hrz."": ""593mm"", ""Bike Standover Height"": ""805mm"", ""Long. Tubo de Sillín"": ""530mm"", ""Ángulo de Tubo de Sillín"": ""74°""}",3499,false,https://www.specialized.com/es/es/diverge-4-sport-carbon-shimano-grx-600/p/4223514,https://www.specialized.com/es/es/diverge-4-sport-carbon-shimano-grx-600/p/4223514?color=5448986-4223514,html,2026-10-05
Specialized,Diverge 4 Pro: SRAM Force XPLR [87a84ecd],Diverge 4 Sport Carbon - Shimano GRX 600,,gravel,61,,61,,,,,659,425,"{""Longitud de biela"": ""175mm"", ""Ancho de manillar"": ""440mm"", ""Longitud Potencia"": ""100mm"", ""Saddle Width"": ""143mm"", ""Longitud Tija Sillín"": ""400mm"", ""Stack"": ""659mm"", ""Reach"": ""425mm"", ""Longitud de Pipa"": ""187mm"", ""Ángulo de Pipa"": ""71°"", ""Caída Pedalier"": ""85mm"", ""Avance Horquilla"": ""65mm"", ""Longitud Horquilla"": ""391mm"", ""Avance/Retroceso Horquilla"": ""55mm"", ""Delante Centro"": ""686mm"", ""Longitud de vaina"": ""430mm"", ""Distancia entre ejes"": ""1102mm"", ""Longitud Tubo Superior, Hrz."": ""613mm"", ""Bike Standover Height"": ""832mm"", ""Long. Tubo de Sillín"": ""560mm"", ""Ángulo de Tubo de Sillín"": ""74°""}",3499,false,https://www.specialized.com/es/es/diverge-4-sport-carbon-shimano-grx-600/p/4223514,https://www.specialized.com/es/es/diverge-4-sport-carbon-shimano-grx-600/p/4223514?color=5448986-4223514,html,2026-10-05
Specialized,Diverge 4 Pro: SRAM Force XPLR [87a84ecd],Diverge 4 Comp Alloy - SRAM Apex,,gravel,49,,49,,,,,563,365,"{""Longitud de biela"": ""165mm"", ""Ancho de manillar"": ""380mm"", ""Longitud Potencia"": ""60mm"", ""Saddle Width"": ""155mm"", ""Longitud Tija Sillín"": ""350mm"", ""Stack"": ""563mm"", ""Reach"": ""365mm"", ""Longitud de Pipa"": ""90mm"", ""Ángulo de Pipa"": ""70°"", ""Caída Pedalier"": ""85mm"", ""Avance Horquilla"": ""72mm"", ""Longitud Horquilla"": ""391mm"", ""Avance/Retroceso Horquilla"": ""55mm"", ""Delante Centro"": ""604mm"", ""Longitud de vaina"": ""430mm"", ""Distancia entre ejes"": ""1019mm"", ""Longitud Tubo Superior, Hrz."": ""521mm"", ""Bike Standover Height"": ""700mm"", ""Long. Tubo de Sillín"": ""400mm"", ""Ángulo de Tubo de Sillín"": ""74.5°""}",2799,false,https://www.specialized.com/es/es/diverge-4-comp-alloy-sram-apex/p/4223512,https://www.specialized.com/es/es/diverge-4-comp-alloy-sram-apex/p/4223512?color=5448967-4223512,html,2026-10-05
Specialized,Diverge 4 Pro: SRAM Force XPLR [87a84ecd],Diverge 4 Comp Alloy - SRAM Apex,,gravel,52,,52,,,,,578,374,"{""Longitud de biela"": ""170mm"", ""Ancho de manillar"": ""400mm"", ""Longitud Potencia"": ""70mm"", ""Saddle Width"": ""155mm"", ""Longitud Tija Sillín"": ""350mm"", ""Stack"": ""578mm"", ""Reach"": ""374mm"", ""Longitud de Pipa"": ""104mm"", ""Ángulo de Pipa"": ""70.5°"", ""Caída Pedalier"": ""85mm"", ""Avance Horquilla"": ""68mm"", ""Longitud Horquilla"": ""391mm"", ""Avance/Retroceso Horquilla"": ""55mm"", ""Delante Centro"": ""613mm"", ""Longitud de vaina"": ""430mm"", ""Distancia entre ejes"": ""1031mm"", ""Longitud Tubo Superior, Hrz."": ""537mm"", ""Bike Standover Height"": ""725mm"", ""Long. Tubo de Sillín"": ""430mm"", ""Ángulo de Tubo de Sillín"": ""74°""}",2799,false,https://www.specialized.com/es/es/diverge-4-comp-alloy-sram-apex/p/4223512,https://www.specialized.com/es/es/diverge-4-comp-alloy-sram-apex/p/4223512?color=5448967-4223512,html,2026-10-05
Specialized,Diverge 4 Pro: SRAM Force XPLR [87a84ecd],Diverge 4 Comp Alloy - SRAM Apex,,gravel,54,,54,,,,,592,387,"{""Longitud de biela"": ""172.5mm"", ""Ancho de manillar"": ""420mm"", ""Longitud Potencia"": ""80mm"", ""Saddle Width"": ""143mm"", ""Longitud Tija Sillín"": ""400mm"", ""Stack"": ""592mm"", ""Reach"": ""387mm"", ""Longitud de Pipa"": ""116mm"", ""Ángulo de Pipa"": ""71°"", ""Caída Pedalier"": ""85mm"", ""Avance Horquilla"": ""65mm"", ""Longitud Horquilla"": ""391mm"", ""Avance/Retroceso Horquilla"": ""55mm"", ""Delante Centro"": ""626mm"", ""Longitud de vaina"": ""430mm"", ""Distancia entre ejes"": ""1041mm"", ""Longitud Tubo Superior, Hrz."": ""556mm"", ""Bike Standover Height"": ""754mm"", ""Long. Tubo de Sillín"": ""470mm"", ""Ángulo de Tubo de Sillín"": ""74°""}",2799,false,https://www.specialized.com/es/es/diverge-4-comp-alloy-sram-apex/p/4223512,https://www.specialized.com/es/es/diverge-4-comp-alloy-sram-apex/p/4223512?color=5448967-4223512,html,2026-10-05
Specialized,Diverge 4 Pro: SRAM Force XPLR [87a84ecd],Diverge 4 Comp Alloy - SRAM Apex,,gravel,56,,56,,,,,610,400,"{""Longitud de biela"": ""172.5mm"", ""Ancho de manillar"": ""420mm"", ""Longitud Potencia"": ""90mm"", ""Saddle Width"": ""143mm"", ""Longitud Tija Sillín"": ""400mm"", ""Stack"": ""610mm"", ""Reach"": ""400mm"", ""Longitud de Pipa"": ""135mm"", ""Ángulo de Pipa"": ""71°"", ""Caída Pedalier"": ""85mm"", ""Avance Horquilla"": ""65mm"", ""Longitud Horquilla"": ""391mm"", ""Avance/Retroceso Horquilla"": ""55mm"", ""Delante Centro"": ""645mm"", ""Longitud de vaina"": ""430mm"", ""Distancia entre ejes"": ""1060mm"", ""Longitud Tubo Superior, Hrz."": ""575mm"", ""Bike Standover Height"": ""779mm"", ""Long. Tubo de Sillín"": ""500mm"", ""Ángulo de Tubo de Sillín"": ""74°""}",2799,false,https://www.specialized.com/es/es/diverge-4-comp-alloy-sram-apex/p/4223512,https://www.specialized.com/es/es/diverge-4-comp-alloy-sram-apex/p/4223512?color=5448967-4223512,html,2026-10-05
Specialized,Diverge 4 Pro: SRAM Force XPLR [87a84ecd],Diverge 4 Comp Alloy - SRAM Apex,,gravel,58,,58,,,,,634,412,"{""Longitud de biela"": ""175mm"", ""Ancho de manillar"": ""440mm"", ""Longitud Potencia"": ""100mm"", ""Saddle Width"": ""143mm"", ""Longitud Tija Sillín"": ""400mm"", ""Stack"": ""634mm"", ""Reach"": ""412mm"", ""Longitud de Pipa"": ""161mm"", ""Ángulo de Pipa"": ""71°"", ""Caída Pedalier"": ""85mm"", ""Avance Horquilla"": ""65mm"", ""Longitud Horquilla"": ""391mm"", ""Avance/Retroceso Horquilla"": ""55mm"", ""Delante Centro"": ""665mm"", ""Longitud de vaina"": ""430mm"", ""Distancia entre ejes"": ""1081mm"", ""Longitud Tubo Superior, Hrz."": ""593mm"", ""Bike Standover Height"": ""805mm"", ""Long. Tubo de Sillín"": ""530mm"", ""Ángulo de Tubo de Sillín"": ""74°""}",2799,false,https://www.specialized.com/es/es/diverge-4-comp-alloy-sram-apex/p/4223512,https://www.specialized.com/es/es/diverge-4-comp-alloy-sram-apex/p/4223512?color=5448967-4223512,html,2026-10-05
Specialized,Diverge 4 Pro: SRAM Force XPLR [87a84ecd],Diverge 4 Comp Alloy - SRAM Apex,,gravel,61,,61,,,,,659,425,"{""Longitud de biela"": ""175mm"", ""Ancho de manillar"": ""440mm"", ""Longitud Potencia"": ""100mm"", ""Saddle Width"": ""143mm"", ""Longitud Tija Sillín"": ""400mm"", ""Stack"": ""659mm"", ""Reach"": ""425mm"", ""Longitud de Pipa"": ""187mm"", ""Ángulo de Pipa"": ""71°"", ""Caída Pedalier"": ""85mm"", ""Avance Horquilla"": ""65mm"", ""Longitud Horquilla"": ""391mm"", ""Avance/Retroceso Horquilla"": ""55mm"", ""Delante Centro"": ""686mm"", ""Longitud de vaina"": ""430mm"", ""Distancia entre ejes"": ""1102mm"", ""Longitud Tubo Superior, Hrz."": ""613mm"", ""Bike Standover Height"": ""832mm"", ""Long. Tubo de Sillín"": ""560mm"", ""Ángulo de Tubo de Sillín"": ""74°""}",2799,false,https://www.specialized.com/es/es/diverge-4-comp-alloy-sram-apex/p/4223512,https://www.specialized.com/es/es/diverge-4-comp-alloy-sram-apex/p/4223512?color=5448967-4223512,html,2026-10-05
Specialized,Diverge 4 Pro: SRAM Force XPLR [87a84ecd],Diverge 4 Sport Alloy - Shimano CUES,,gravel,49,,49,,,,,563,365,"{""Longitud de biela"": ""170mm"", ""Ancho de manillar"": ""380mm"", ""Longitud Potencia"": ""60mm"", ""Saddle Width"": ""155mm"", ""Longitud Tija Sillín"": ""350mm"", ""Stack"": ""563mm"", ""Reach"": ""365mm"", ""Longitud de Pipa"": ""90mm"", ""Ángulo de Pipa"": ""70°"", ""Caída Pedalier"": ""85mm"", ""Avance Horquilla"": ""72mm"", ""Longitud Horquilla"": ""391mm"", ""Avance/Retroceso Horquilla"": ""55mm"", ""Delante Centro"": ""604mm"", ""Longitud de vaina"": ""430mm"", ""Distancia entre ejes"": ""1019mm"", ""Longitud Tubo Superior, Hrz."": ""521mm"", ""Bike Standover Height"": ""700mm"", ""Long. Tubo de Sillín"": ""400mm"", ""Ángulo de Tubo de Sillín"": ""74.5°""}",2299,false,https://www.specialized.com/es/es/diverge-4-sport-alloy-shimano-cues/p/4223511,https://www.specialized.com/es/es/diverge-4-sport-alloy-shimano-cues/p/4223511?color=5459908-4223511,html,2026-10-05
Specialized,Diverge 4 Pro: SRAM Force XPLR [87a84ecd],Diverge 4 Sport Alloy - Shimano CUES,,gravel,52,,52,,,,,578,374,"{""Longitud de biela"": ""170mm"", ""Ancho de manillar"": ""400mm"", ""Longitud Potencia"": ""70mm"", ""Saddle Width"": ""155mm"", ""Longitud Tija Sillín"": ""350mm"", ""Stack"": ""578mm"", ""Reach"": ""374mm"", ""Longitud de Pipa"": ""104mm"", ""Ángulo de Pipa"": ""70.5°"", ""Caída Pedalier"": ""85mm"", ""Avance Horquilla"": ""68mm"", ""Longitud Horquilla"": ""391mm"", ""Avance/Retroceso Horquilla"": ""55mm"", ""Delante Centro"": ""613mm"", ""Longitud de vaina"": ""430mm"", ""Distancia entre ejes"": ""1031mm"", ""Longitud Tubo Superior, Hrz."": ""537mm"", ""Bike Standover Height"": ""725mm"", ""Long. Tubo de Sillín"": ""430mm"", ""Ángulo de Tubo de Sillín"": ""74°""}",2299,false,https://www.specialized.com/es/es/diverge-4-sport-alloy-shimano-cues/p/4223511,https://www.specialized.com/es/es/diverge-4-sport-alloy-shimano-cues/p/4223511?color=5459908-4223511,html,2026-10-05
Specialized,Diverge 4 Pro: SRAM Force XPLR [87a84ecd],Diverge 4 Sport Alloy - Shimano CUES,,gravel,54,,54,,,,,592,387,"{""Longitud de biela"": ""172.5mm"", ""Ancho de manillar"": ""420mm"", ""Longitud Potencia"": ""80mm"", ""Saddle Width"": ""143mm"", ""Longitud Tija Sillín"": ""400mm"", ""Stack"": ""592mm"", ""Reach"": ""387mm"", ""Longitud de Pipa"": ""116mm"", ""Ángulo de Pipa"": ""71°"", ""Caída Pedalier"": ""85mm"", ""Avance Horquilla"": ""65mm"", ""Longitud Horquilla"": ""391mm"", ""Avance/Retroceso Horquilla"": ""55mm"", ""Delante Centro"": ""626mm"", ""Longitud de vaina"": ""430mm"", ""Distancia entre ejes"": ""1041mm"", ""Longitud Tubo Superior, Hrz."": ""556mm"", ""Bike Standover Height"": ""754mm"", ""Long. Tubo de Sillín"": ""470mm"", ""Ángulo de Tubo de Sillín"": ""74°""}",2299,false,https://www.specialized.com/es/es/diverge-4-sport-alloy-shimano-cues/p/4223511,https://www.specialized.com/es/es/diverge-4-sport-alloy-shimano-cues/p/4223511?color=5459908-4223511,html,2026-10-05
Specialized,Diverge 4 Pro: SRAM Force XPLR [87a84ecd],Diverge 4 Sport Alloy - Shimano CUES,,gravel,56,,56,,,,,610,400,"{""Longitud de biela"": ""172.5mm"", ""Ancho de manillar"": ""420mm"", ""Longitud Potencia"": ""90mm"", ""Saddle Width"": ""143mm"", ""Longitud Tija Sillín"": ""400mm"", ""Stack"": ""610mm"", ""Reach"": ""400mm"", ""Longitud de Pipa"": ""135mm"", ""Ángulo de Pipa"": ""71°"", ""Caída Pedalier"": ""85mm"", ""Avance Horquilla"": ""65mm"", ""Longitud Horquilla"": ""391mm"", ""Avance/Retroceso Horquilla"": ""55mm"", ""Delante Centro"": ""645mm"", ""Longitud de vaina"": ""430mm"", ""Distancia entre ejes"": ""1060mm"", ""Longitud Tubo Superior, Hrz."": ""575mm"", ""Bike Standover Height"": ""779mm"", ""Long. Tubo de Sillín"": ""500mm"", ""Ángulo de Tubo de Sillín"": ""74°""}",2299,false,https://www.specialized.com/es/es/diverge-4-sport-alloy-shimano-cues/p/4223511,https://www.specialized.com/es/es/diverge-4-sport-alloy-shimano-cues/p/4223511?color=5459908-4223511,html,2026-10-05
Specialized,Diverge 4 Pro: SRAM Force XPLR [87a84ecd],Diverge 4 Sport Alloy - Shimano CUES,,gravel,58,,58,,,,,634,412,"{""Longitud de biela"": ""175mm"", ""Ancho de manillar"": ""440mm"", ""Longitud Potencia"": ""100mm"", ""Saddle Width"": ""143mm"", ""Longitud Tija Sillín"": ""400mm"", ""Stack"": ""634mm"", ""Reach"": ""412mm"", ""Longitud de Pipa"": ""161mm"", ""Ángulo de Pipa"": ""71°"", ""Caída Pedalier"": ""85mm"", ""Avance Horquilla"": ""65mm"", ""Longitud Horquilla"": ""391mm"", ""Avance/Retroceso Horquilla"": ""55mm"", ""Delante Centro"": ""665mm"", ""Longitud de vaina"": ""430mm"", ""Distancia entre ejes"": ""1081mm"", ""Longitud Tubo Superior, Hrz."": ""593mm"", ""Bike Standover Height"": ""805mm"", ""Long. Tubo de Sillín"": ""530mm"", ""Ángulo de Tubo de Sillín"": ""74°""}",2299,false,https://www.specialized.com/es/es/diverge-4-sport-alloy-shimano-cues/p/4223511,https://www.specialized.com/es/es/diverge-4-sport-alloy-shimano-cues/p/4223511?color=5459908-4223511,html,2026-10-05
Specialized,Diverge 4 Pro: SRAM Force XPLR [87a84ecd],Diverge 4 Sport Alloy - Shimano CUES,,gravel,61,,61,,,,,659,425,"{""Longitud de biela"": ""175mm"", ""Ancho de manillar"": ""440mm"", ""Longitud Potencia"": ""100mm"", ""Saddle Width"": ""143mm"", ""Longitud Tija Sillín"": ""400mm"", ""Stack"": ""659mm"", ""Reach"": ""425mm"", ""Longitud de Pipa"": ""187mm"", ""Ángulo de Pipa"": ""71°"", ""Caída Pedalier"": ""85mm"", ""Avance Horquilla"": ""65mm"", ""Longitud Horquilla"": ""391mm"", ""Avance/Retroceso Horquilla"": ""55mm"", ""Delante Centro"": ""686mm"", ""Longitud de vaina"": ""430mm"", ""Distancia entre ejes"": ""1102mm"", ""Longitud Tubo Superior, Hrz."": ""613mm"", ""Bike Standover Height"": ""832mm"", ""Long. Tubo de Sillín"": ""560mm"", ""Ángulo de Tubo de Sillín"": ""74°""}",2299,false,https://www.specialized.com/es/es/diverge-4-sport-alloy-shimano-cues/p/4223511,https://www.specialized.com/es/es/diverge-4-sport-alloy-shimano-cues/p/4223511?color=5459908-4223511,html,2026-10-05
Specialized,Diverge E5 [baabaceb],Diverge E5,,gravel,44,,44,,,,,529,357,"{""Longitud de biela"": ""165mm"", ""Ancho de manillar"": ""360mm"", ""Longitud Potencia"": ""60mm"", ""Saddle Width"": ""155mm"", ""Longitud Tija Sillín"": ""350mm"", ""Stack"": ""529mm"", ""Reach"": ""357mm"", ""Longitud de Pipa"": ""110mm"", ""Ángulo de Pipa"": ""69.5°"", ""Altura Pedalier"": ""270mm"", ""Caída Pedalier"": ""80mm"", ""Avance Horquilla"": ""72mm"", ""Longitud Horquilla"": ""390mm"", ""Avance/Retroceso Horquilla"": ""55mm"", ""Delante Centro"": ""589mm"", ""Longitud de vaina"": ""432mm"", ""Distancia entre ejes"": ""1008mm"", ""Longitud Tubo Superior, Hrz."": ""504mm"", ""Bike Standover Height"": ""723mm"", ""Long. Tubo de Sillín"": ""363mm"", ""Ángulo de Tubo de Sillín"": ""74.5°""}",1549,false,https://www.specialized.com/es/es/diverge-e5/p/4223510,https://www.specialized.com/es/es/diverge-e5/p/4223510?color=5448965-4223510,html,2026-10-05
Specialized,Diverge E5 [baabaceb],Diverge E5,,gravel,49,,49,,,,,545,365,"{""Longitud de biela"": ""165mm"", ""Ancho de manillar"": ""380mm"", ""Longitud Potencia"": ""60mm"", ""Saddle Width"": ""155mm"", ""Longitud Tija Sillín"": ""350mm"", ""Stack"": ""545mm"", ""Reach"": ""365mm"", ""Longitud de Pipa"": ""125mm"", ""Ángulo de Pipa"": ""70°"", ""Altura Pedalier"": ""270mm"", ""Caída Pedalier"": ""80mm"", ""Avance Horquilla"": ""69mm"", ""Longitud Horquilla"": ""390mm"", ""Avance/Retroceso Horquilla"": ""55mm"", ""Delante Centro"": ""598mm"", ""Longitud de vaina"": ""432mm"", ""Distancia entre ejes"": ""1017mm"", ""Longitud Tubo Superior, Hrz."": ""521mm"", ""Bike Standover Height"": ""763mm"", ""Long. Tubo de Sillín"": ""390mm"", ""Ángulo de Tubo de Sillín"": ""74°""}",1549,false,https://www.specialized.com/es/es/diverge-e5/p/4223510,https://www.specialized.com/es/es/diverge-e5/p/4223510?color=5448965-4223510,html,2026-10-05
Specialized,Diverge E5 [baabaceb],Diverge E5,,gravel,52,,52,,,,,561,374,"{""Longitud de biela"": ""170mm"", ""Ancho de manillar"": ""400mm"", ""Longitud Potencia"": ""70mm"", ""Saddle Width"": ""155mm"", ""Longitud Tija Sillín"": ""350mm"", ""Stack"": ""561mm"", ""Reach"": ""374mm"", ""Longitud de Pipa"": ""140mm"", ""Ángulo de Pipa"": ""70.5°"", ""Altura Pedalier"": ""270mm"", ""Caída Pedalier"": ""80mm"", ""Avance Horquilla"": ""66mm"", ""Longitud Horquilla"": ""390mm"", ""Avance/Retroceso Horquilla"": ""55mm"", ""Delante Centro"": ""608mm"", ""Longitud de vaina"": ""432mm"", ""Distancia entre ejes"": ""1027mm"", ""Longitud Tubo Superior, Hrz."": ""538mm"", ""Bike Standover Height"": ""789mm"", ""Long. Tubo de Sillín"": ""430mm"", ""Ángulo de Tubo de Sillín"": ""73.75°""}",1549,false,https://www.specialized.com/es/es/diverge-e5/p/4223510,https://www.specialized.com/es/es/diverge-e5/p/4223510?color=5448965-4223510,html,2026-10-05
Specialized,Diverge E5 [baabaceb],Diverge E5,,gravel,54,,54,,,,,578,383,"{""Longitud de biela"": ""172.5mm"", ""Ancho de manillar"": ""420mm"", ""Longitud Potencia"": ""80mm"", ""Saddle Width"": ""143mm"", ""Longitud Tija Sillín"": ""400mm"", ""Stack"": ""578mm"", ""Reach"": ""383mm"", ""Longitud de Pipa"": ""155mm"", ""Ángulo de Pipa"": ""71.25°"", ""Altura Pedalier"": ""270mm"", ""Caída Pedalier"": ""80mm"", ""Avance Horquilla"": ""61mm"", ""Longitud Horquilla"": ""390mm"", ""Avance/Retroceso Horquilla"": ""55mm"", ""Delante Centro"": ""615mm"", ""Longitud de vaina"": ""432mm"", ""Distancia entre ejes"": ""1035mm"", ""Longitud Tubo Superior, Hrz."": ""554mm"", ""Bike Standover Height"": ""808mm"", ""Long. Tubo de Sillín"": ""470mm"", ""Ángulo de Tubo de Sillín"": ""73.5°""}",1549,false,https://www.specialized.com/es/es/diverge-e5/p/4223510,https://www.specialized.com/es/es/diverge-e5/p/4223510?color=5448965-4223510,html,2026-10-05
Specialized,Diverge E5 [baabaceb],Diverge E5,,gravel,56,,56,,,,,599,392,"{""Longitud de biela"": ""172.5mm"", ""Ancho de manillar"": ""420mm"", ""Longitud Potencia"": ""90mm"", ""Saddle Width"": ""143mm"", ""Longitud Tija Sillín"": ""400mm"", ""Stack"": ""599mm"", ""Reach"": ""392mm"", ""Longitud de Pipa"": ""175mm"", ""Ángulo de Pipa"": ""71.75°"", ""Altura Pedalier"": ""270mm"", ""Caída Pedalier"": ""80mm"", ""Avance Horquilla"": ""57mm"", ""Longitud Horquilla"": ""390mm"", ""Avance/Retroceso Horquilla"": ""55mm"", ""Delante Centro"": ""626mm"", ""Longitud de vaina"": ""432mm"", ""Distancia entre ejes"": ""1046mm"", ""Longitud Tubo Superior, Hrz."": ""570mm"", ""Bike Standover Height"": ""834mm"", ""Long. Tubo de Sillín"": ""500mm"", ""Ángulo de Tubo de Sillín"": ""73.5°""}",1549,false,https://www.specialized.com/es/es/diverge-e5/p/4223510,https://www.specialized.com/es/es/diverge-e5/p/4223510?color=5448965-4223510,html,2026-10-05
Specialized,Diverge E5 [baabaceb],Diverge E5,,gravel,58,,58,,,,,618,401,"{""Longitud de biela"": ""175mm"", ""Ancho de manillar"": ""440mm"", ""Longitud Potencia"": ""100mm"", ""Saddle Width"": ""143mm"", ""Longitud Tija Sillín"": ""400mm"", ""Stack"": ""618mm"", ""Reach"": ""401mm"", ""Longitud de Pipa"": ""195mm"", ""Ángulo de Pipa"": ""71.75°"", ""Altura Pedalier"": ""270mm"", ""Caída Pedalier"": ""80mm"", ""Avance Horquilla"": ""57mm"", ""Longitud Horquilla"": ""390mm"", ""Avance/Retroceso Horquilla"": ""55mm"", ""Delante Centro"": ""641mm"", ""Longitud de vaina"": ""432mm"", ""Distancia entre ejes"": ""1061mm"", ""Longitud Tubo Superior, Hrz."": ""584mm"", ""Bike Standover Height"": ""680mm"", ""Long. Tubo de Sillín"": ""530mm"", ""Ángulo de Tubo de Sillín"": ""73.5°""}",1549,false,https://www.specialized.com/es/es/diverge-e5/p/4223510,https://www.specialized.com/es/es/diverge-e5/p/4223510?color=5448965-4223510,html,2026-10-05
Specialized,Diverge E5 [baabaceb],Diverge E5,,gravel,61,,61,,,,,635,410,"{""Longitud de biela"": ""175mm"", ""Ancho de manillar"": ""440mm"", ""Longitud Potencia"": ""100mm"", ""Saddle Width"": ""143mm"", ""Longitud Tija Sillín"": ""400mm"", ""Stack"": ""635mm"", ""Reach"": ""410mm"", ""Longitud de Pipa"": ""213mm"", ""Ángulo de Pipa"": ""71.75°"", ""Altura Pedalier"": ""270mm"", ""Caída Pedalier"": ""80mm"", ""Avance Horquilla"": ""57mm"", ""Longitud Horquilla"": ""390mm"", ""Avance/Retroceso Horquilla"": ""55mm"", ""Delante Centro"": ""656mm"", ""Longitud de vaina"": ""432mm"", ""Distancia entre ejes"": ""1076mm"", ""Longitud Tubo Superior, Hrz."": ""598mm"", ""Bike Standover Height"": ""703mm"", ""Long. Tubo de Sillín"": ""560mm"", ""Ángulo de Tubo de Sillín"": ""73.5°""}",1549,false,https://www.specialized.com/es/es/diverge-e5/p/4223510,https://www.specialized.com/es/es/diverge-e5/p/4223510?color=5448965-4223510,html,2026-10-05
Specialized,Chisel Hardtail [671a11a9],Chisel Hardtail Comp,,mtb,XS,XS,,,,,,591,385,"{""Longitud de biela"": ""165mm"", ""Ancho de manillar"": ""750mm"", ""Longitud Potencia"": ""60mm"", ""Saddle Width"": ""155mm"", ""Longitud Tija Sillín"": ""350mm"", ""Stack"": ""591mm"", ""Reach"": ""385mm"", ""Longitud de Pipa"": ""95mm"", ""Ángulo de Pipa"": ""68°"", ""Altura Pedalier"": ""304mm"", ""Caída Pedalier"": ""68mm"", ""Avance Horquilla"": ""103mm"", ""Longitud Horquilla"": ""486mm"", ""Avance/Retroceso Horquilla"": ""44mm"", ""Delante Centro"": ""647mm"", ""Longitud de vaina"": ""432mm"", ""Distancia entre ejes"": ""1070mm"", ""Longitud Tubo Superior, Hrz."": ""555mm"", ""Bike Standover Height"": ""732mm"", ""Long. Tubo de Sillín"": ""367mm"", ""Ángulo de Tubo de Sillín"": ""74°""}",1699,false,https://www.specialized.com/es/es/chisel-hardtail-comp/p/4221772,https://www.specialized.com/es/es/chisel-hardtail-comp/p/4221772?color=5382742-4221772,html,2026-10-05
Specialized,Chisel Hardtail [671a11a9],Chisel Hardtail Comp,,mtb,S,S,,,,,,605,405,"{""Longitud de biela"": ""170mm"", ""Ancho de manillar"": ""750mm"", ""Longitud Potencia"": ""60mm"", ""Saddle Width"": ""155mm"", ""Longitud Tija Sillín"": ""350mm"", ""Stack"": ""605mm"", ""Reach"": ""405mm"", ""Longitud de Pipa"": ""95mm"", ""Ángulo de Pipa"": ""68°"", ""Altura Pedalier"": ""309mm"", ""Caída Pedalier"": ""63mm"", ""Avance Horquilla"": ""103mm"", ""Longitud Horquilla"": ""506mm"", ""Avance/Retroceso Horquilla"": ""44mm"", ""Delante Centro"": ""674mm"", ""Longitud de vaina"": ""432mm"", ""Distancia entre ejes"": ""1099mm"", ""Longitud Tubo Superior, Hrz."": ""578mm"", ""Bike Standover Height"": ""762mm"", ""Long. Tubo de Sillín"": ""400mm"", ""Ángulo de Tubo de Sillín"": ""74°""}",1699,false,https://www.specialized.com/es/es/chisel-hardtail-comp/p/4221772,https://www.specialized.com/es/es/chisel-hardtail-comp/p/4221772?color=5382742-4221772,html,2026-10-05
Specialized,Chisel Hardtail [671a11a9],Chisel Hardtail Comp,,mtb,M,M,,,,,,605,430,"{""Longitud de biela"": ""170mm"", ""Ancho de manillar"": ""750mm"", ""Longitud Potencia"": ""70mm"", ""Saddle Width"": ""143mm"", ""Longitud Tija Sillín"": ""400mm"", ""Stack"": ""605mm"", ""Reach"": ""430mm"", ""Longitud de Pipa"": ""95mm"", ""Ángulo de Pipa"": ""68°"", ""Altura Pedalier"": ""309mm"", ""Caída Pedalier"": ""63mm"", ""Avance Horquilla"": ""103mm"", ""Longitud Horquilla"": ""506mm"", ""Avance/Retroceso Horquilla"": ""44mm"", ""Delante Centro"": ""699mm"", ""Longitud de vaina"": ""432mm"", ""Distancia entre ejes"": ""1124mm"", ""Longitud Tubo Superior, Hrz."": ""603mm"", ""Bike Standover Height"": ""792mm"", ""Long. Tubo de Sillín"": ""430mm"", ""Ángulo de Tubo de Sillín"": ""74°""}",1699,false,https://www.specialized.com/es/es/chisel-hardtail-comp/p/4221772,https://www.specialized.com/es/es/chisel-hardtail-comp/p/4221772?color=5382742-4221772,html,2026-10-05
Specialized,Chisel Hardtail [671a11a9],Chisel Hardtail Comp,,mtb,L,L,,,,,,619,455,"{""Longitud de biela"": ""175mm"", ""Ancho de manillar"": ""750mm"", ""Longitud Potencia"": ""70mm"", ""Saddle Width"": ""143mm"", ""Longitud Tija Sillín"": ""400mm"", ""Stack"": ""619mm"", ""Reach"": ""455mm"", ""Longitud de Pipa"": ""110mm"", ""Ángulo de Pipa"": ""68°"", ""Altura Pedalier"": ""309mm"", ""Caída Pedalier"": ""63mm"", ""Avance Horquilla"": ""103mm"", ""Longitud Horquilla"": ""506mm"", ""Avance/Retroceso Horquilla"": ""44mm"", ""Delante Centro"": ""730mm"", ""Longitud de vaina"": ""432mm"", ""Distancia entre ejes"": ""1154mm"", ""Longitud Tubo Superior, Hrz."": ""632mm"", ""Bike Standover Height"": ""816mm"", ""Long. Tubo de Sillín"": ""470mm"", ""Ángulo de Tubo de Sillín"": ""74°""}",1699,false,https://www.specialized.com/es/es/chisel-hardtail-comp/p/4221772,https://www.specialized.com/es/es/chisel-hardtail-comp/p/4221772?color=5382742-4221772,html,2026-10-05
Specialized,Chisel Hardtail [671a11a9],Chisel Hardtail Comp,,mtb,XL,XL,,,,,,633,480,"{""Longitud de biela"": ""175mm"", ""Ancho de manillar"": ""750mm"", ""Longitud Potencia"": ""70mm"", ""Saddle Width"": ""143mm"", ""Longitud Tija Sillín"": ""400mm"", ""Stack"": ""633mm"", ""Reach"": ""480mm"", ""Longitud de Pipa"": ""125mm"", ""Ángulo de Pipa"": ""68°"", ""Altura Pedalier"": ""309mm"", ""Caída Pedalier"": ""63mm"", ""Avance Horquilla"": ""103mm"", ""Longitud Horquilla"": ""506mm"", ""Avance/Retroceso Horquilla"": ""44mm"", ""Delante Centro"": ""760mm"", ""Longitud de vaina"": ""432mm"", ""Distancia entre ejes"": ""1185mm"", ""Longitud Tubo Superior, Hrz."": ""661mm"", ""Bike Standover Height"": ""847mm"", ""Long. Tubo de Sillín"": ""520mm"", ""Ángulo de Tubo de Sillín"": ""74°""}",1699,false,https://www.specialized.com/es/es/chisel-hardtail-comp/p/4221772,https://www.specialized.com/es/es/chisel-hardtail-comp/p/4221772?color=5382742-4221772,html,2026-10-05
Specialized,Chisel Hardtail [671a11a9],Chisel Hardtail,,mtb,XS,XS,,,,,,591,385,"{""Longitud de biela"": ""165mm"", ""Ancho de manillar"": ""750mm"", ""Longitud Potencia"": ""60mm"", ""Saddle Width"": ""155mm"", ""Longitud Tija Sillín"": ""350mm"", ""Stack"": ""591mm"", ""Reach"": ""385mm"", ""Longitud de Pipa"": ""95mm"", ""Ángulo de Pipa"": ""68°"", ""Altura Pedalier"": ""304mm"", ""Caída Pedalier"": ""68mm"", ""Avance Horquilla"": ""103mm"", ""Longitud Horquilla"": ""486mm"", ""Avance/Retroceso Horquilla"": ""44mm"", ""Delante Centro"": ""647mm"", ""Longitud de vaina"": ""432mm"", ""Distancia entre ejes"": ""1070mm"", ""Longitud Tubo Superior, Hrz."": ""555mm"", ""Bike Standover Height"": ""732mm"", ""Long. Tubo de Sillín"": ""367mm"", ""Ángulo de Tubo de Sillín"": ""74°""}",1349,true,https://www.specialized.com/es/es/chisel-hardtail/p/4221771,https://www.specialized.com/es/es/chisel-hardtail/p/4221771?color=5382743-4221771,html,2026-10-05
Specialized,Chisel Hardtail [671a11a9],Chisel Hardtail,,mtb,S,S,,,,,,605,405,"{""Longitud de biela"": ""170mm"", ""Ancho de manillar"": ""750mm"", ""Longitud Potencia"": ""60mm"", ""Saddle Width"": ""155mm"", ""Longitud Tija Sillín"": ""350mm"", ""Stack"": ""605mm"", ""Reach"": ""405mm"", ""Longitud de Pipa"": ""95mm"", ""Ángulo de Pipa"": ""68°"", ""Altura Pedalier"": ""309mm"", ""Caída Pedalier"": ""63mm"", ""Avance Horquilla"": ""103mm"", ""Longitud Horquilla"": ""506mm"", ""Avance/Retroceso Horquilla"": ""44mm"", ""Delante Centro"": ""674mm"", ""Longitud de vaina"": ""432mm"", ""Distancia entre ejes"": ""1099mm"", ""Longitud Tubo Superior, Hrz."": ""578mm"", ""Bike Standover Height"": ""762mm"", ""Long. Tubo de Sillín"": ""400mm"", ""Ángulo de Tubo de Sillín"": ""74°""}",1349,true,https://www.specialized.com/es/es/chisel-hardtail/p/4221771,https://www.specialized.com/es/es/chisel-hardtail/p/4221771?color=5382743-4221771,html,2026-10-05
Specialized,Chisel Hardtail [671a11a9],Chisel Hardtail,,mtb,M,M,,,,,,605,430,"{""Longitud de biela"": ""170mm"", ""Ancho de manillar"": ""750mm"", ""Longitud Potencia"": ""70mm"", ""Saddle Width"": ""143mm"", ""Longitud Tija Sillín"": ""400mm"", ""Stack"": ""605mm"", ""Reach"": ""430mm"", ""Longitud de Pipa"": ""95mm"", ""Ángulo de Pipa"": ""68°"", ""Altura Pedalier"": ""309mm"", ""Caída Pedalier"": ""63mm"", ""Avance Horquilla"": ""103mm"", ""Longitud Horquilla"": ""506mm"", ""Avance/Retroceso Horquilla"": ""44mm"", ""Delante Centro"": ""699mm"", ""Longitud de vaina"": ""432mm"", ""Distancia entre ejes"": ""1124mm"", ""Longitud Tubo Superior, Hrz."": ""603mm"", ""Bike Standover Height"": ""792mm"", ""Long. Tubo de Sillín"": ""430mm"", ""Ángulo de Tubo de Sillín"": ""74°""}",1349,true,https://www.specialized.com/es/es/chisel-hardtail/p/4221771,https://www.specialized.com/es/es/chisel-hardtail/p/4221771?color=5382743-4221771,html,2026-10-05
Specialized,Chisel Hardtail [671a11a9],Chisel Hardtail,,mtb,L,L,,,,,,619,455,"{""Longitud de biela"": ""175mm"", ""Ancho de manillar"": ""750mm"", ""Longitud Potencia"": ""70mm"", ""Saddle Width"": ""143mm"", ""Longitud Tija Sillín"": ""400mm"", ""Stack"": ""619mm"", ""Reach"": ""455mm"", ""Longitud de Pipa"": ""110mm"", ""Ángulo de Pipa"": ""68°"", ""Altura Pedalier"": ""309mm"", ""Caída Pedalier"": ""63mm"", ""Avance Horquilla"": ""103mm"", ""Longitud Horquilla"": ""506mm"", ""Avance/Retroceso Horquilla"": ""44mm"", ""Delante Centro"": ""730mm"", ""Longitud de vaina"": ""432mm"", ""Distancia entre ejes"": ""1154mm"", ""Longitud Tubo Superior, Hrz."": ""632mm"", ""Bike Standover Height"": ""816mm"", ""Long. Tubo de Sillín"": ""470mm"", ""Ángulo de Tubo de Sillín"": ""74°""}",1349,true,https://www.specialized.com/es/es/chisel-hardtail/p/4221771,https://www.specialized.com/es/es/chisel-hardtail/p/4221771?color=5382743-4221771,html,2026-10-05
Specialized,Chisel Hardtail [671a11a9],Chisel Hardtail,,mtb,XL,XL,,,,,,633,480,"{""Longitud de biela"": ""175mm"", ""Ancho de manillar"": ""750mm"", ""Longitud Potencia"": ""70mm"", ""Saddle Width"": ""143mm"", ""Longitud Tija Sillín"": ""400mm"", ""Stack"": ""633mm"", ""Reach"": ""480mm"", ""Longitud de Pipa"": ""125mm"", ""Ángulo de Pipa"": ""68°"", ""Altura Pedalier"": ""309mm"", ""Caída Pedalier"": ""63mm"", ""Avance Horquilla"": ""103mm"", ""Longitud Horquilla"": ""506mm"", ""Avance/Retroceso Horquilla"": ""44mm"", ""Delante Centro"": ""760mm"", ""Longitud de vaina"": ""432mm"", ""Distancia entre ejes"": ""1185mm"", ""Longitud Tubo Superior, Hrz."": ""661mm"", ""Bike Standover Height"": ""847mm"", ""Long. Tubo de Sillín"": ""520mm"", ""Ángulo de Tubo de Sillín"": ""74°""}",1349,true,https://www.specialized.com/es/es/chisel-hardtail/p/4221771,https://www.specialized.com/es/es/chisel-hardtail/p/4221771?color=5382743-4221771,html,2026-10-05
Specialized,Epic 9 Pro [5bd7416c],S-Works Epic 9 LTD: Built for Legends,,mtb,S,S,,,,,,594,420,"{""Longitud de biela"": ""165mm"", ""Ancho de manillar"": ""760mm"", ""Longitud Potencia"": ""60mm"", ""Saddle Width"": ""155mm"", ""Longitud Tija Sillín"": ""125mm"", ""Stack"": ""594mm"", ""Reach (Low)"": ""420mm"", ""Reach (High)"": ""425mm"", ""Longitud de Pipa"": ""92mm"", ""Head-Tube Angle (Low)"": ""65.9°"", ""Head-Tube Angle (High)"": ""66.3°"", ""Altura de Pedalier"": ""333mm"", ""B-B Drop (Low)"": ""42mm"", ""B-B Drop (High)"": ""37mm"", ""Avance Horquilla"": ""120mm"", ""Longitud de horquilla (total)"": ""531mm"", ""Avance/Retroceso Horquilla"": ""44mm"", ""Delante Centro"": ""716mm"", ""Chain-Stay Length"": ""435mm"", ""Distancia entre ejes"": ""1148mm"", ""Longitud Tubo Superior, (Horizontal)"": ""568mm"", ""Frame Stand-Over Height"": ""749mm"", ""Longitud Tubo Sillín"": ""390mm"", ""Ángulo Tubo Sillín"": ""76°"", ""Seat Post Max Insertion"": ""190mm"", ""Seat Post Min Insertion"": ""80mm"", ""Saddle Height for Effective STA"": ""690mm""}",15499,false,https://www.specialized.com/es/es/s-works-epic-9-ltd-built-for-legends/p/4296348,https://www.specialized.com/es/es/s-works-epic-9-ltd-built-for-legends/p/4296348?color=5473793-4296348,html,2026-10-05
Specialized,Epic 9 Pro [5bd7416c],S-Works Epic 9 LTD: Built for Legends,,mtb,M,M,,,,,,604,450,"{""Longitud de biela"": ""170mm"", ""Ancho de manillar"": ""760mm"", ""Longitud Potencia"": ""70mm"", ""Saddle Width"": ""143mm"", ""Longitud Tija Sillín"": ""150mm"", ""Stack"": ""604mm"", ""Reach (Low)"": ""450mm"", ""Reach (High)"": ""455mm"", ""Longitud de Pipa"": ""105mm"", ""Head-Tube Angle (Low)"": ""65.9°"", ""Head-Tube Angle (High)"": ""66.3°"", ""Altura de Pedalier"": ""335mm"", ""B-B Drop (Low)"": ""40mm"", ""B-B Drop (High)"": ""35mm"", ""Avance Horquilla"": ""120mm"", ""Longitud de horquilla (total)"": ""531mm"", ""Avance/Retroceso Horquilla"": ""44mm"", ""Delante Centro"": ""752mm"", ""Chain-Stay Length"": ""435mm"", ""Distancia entre ejes"": ""1184mm"", ""Longitud Tubo Superior, (Horizontal)"": ""601mm"", ""Frame Stand-Over Height"": ""755mm"", ""Longitud Tubo Sillín"": ""410mm"", ""Ángulo Tubo Sillín"": ""76°"", ""Seat Post Max Insertion"": ""220mm"", ""Seat Post Min Insertion"": ""80mm"", ""Saddle Height for Effective STA"": ""735mm""}",15499,false,https://www.specialized.com/es/es/s-works-epic-9-ltd-built-for-legends/p/4296348,https://www.specialized.com/es/es/s-works-epic-9-ltd-built-for-legends/p/4296348?color=5473793-4296348,html,2026-10-05
Specialized,Epic 9 Pro [5bd7416c],S-Works Epic 9 LTD: Built for Legends,,mtb,L,L,,,,,,618,480,"{""Longitud de biela"": ""170mm"", ""Ancho de manillar"": ""760mm"", ""Longitud Potencia"": ""70mm"", ""Saddle Width"": ""143mm"", ""Longitud Tija Sillín"": ""150mm"", ""Stack"": ""618mm"", ""Reach (Low)"": ""480mm"", ""Reach (High)"": ""485mm"", ""Longitud de Pipa"": ""120mm"", ""Head-Tube Angle (Low)"": ""65.9°"", ""Head-Tube Angle (High)"": ""66.3°"", ""Altura de Pedalier"": ""335mm"", ""B-B Drop (Low)"": ""40mm"", ""B-B Drop (High)"": ""35mm"", ""Avance Horquilla"": ""120mm"", ""Longitud de horquilla (total)"": ""531mm"", ""Avance/Retroceso Horquilla"": ""44mm"", ""Delante Centro"": ""788mm"", ""Chain-Stay Length"": ""438mm"", ""Distancia entre ejes"": ""1223mm"", ""Longitud Tubo Superior, (Horizontal)"": ""634mm"", ""Frame Stand-Over Height"": ""757mm"", ""Longitud Tubo Sillín"": ""455mm"", ""Ángulo Tubo Sillín"": ""76°"", ""Seat Post Max Insertion"": ""260mm"", ""Seat Post Min Insertion"": ""80mm"", ""Saddle Height for Effective STA"": ""780mm""}",15499,false,https://www.specialized.com/es/es/s-works-epic-9-ltd-built-for-legends/p/4296348,https://www.specialized.com/es/es/s-works-epic-9-ltd-built-for-legends/p/4296348?color=5473793-4296348,html,2026-10-05
Specialized,Epic 9 Pro [5bd7416c],S-Works Epic 9 LTD: Built for Legends,,mtb,XL,XL,,,,,,645,505,"{""Longitud de biela"": ""170mm"", ""Ancho de manillar"": ""760mm"", ""Longitud Potencia"": ""70mm"", ""Saddle Width"": ""143mm"", ""Longitud Tija Sillín"": ""175mm"", ""Stack"": ""645mm"", ""Reach (Low)"": ""505mm"", ""Reach (High)"": ""510mm"", ""Longitud de Pipa"": ""150mm"", ""Head-Tube Angle (Low)"": ""65.9°"", ""Head-Tube Angle (High)"": ""66.3°"", ""Altura de Pedalier"": ""335mm"", ""B-B Drop (Low)"": ""40mm"", ""B-B Drop (High)"": ""35mm"", ""Avance Horquilla"": ""120mm"", ""Longitud de horquilla (total)"": ""531mm"", ""Avance/Retroceso Horquilla"": ""44mm"", ""Delante Centro"": ""823mm"", ""Chain-Stay Length"": ""442mm"", ""Distancia entre ejes"": ""1264mm"", ""Longitud Tubo Superior, (Horizontal)"": ""666mm"", ""Frame Stand-Over Height"": ""764mm"", ""Longitud Tubo Sillín"": ""505mm"", ""Ángulo Tubo Sillín"": ""76°"", ""Seat Post Max Insertion"": ""315mm"", ""Seat Post Min Insertion"": ""80mm"", ""Saddle Height for Effective STA"": ""825mm""}",15499,false,https://www.specialized.com/es/es/s-works-epic-9-ltd-built-for-legends/p/4296348,https://www.specialized.com/es/es/s-works-epic-9-ltd-built-for-legends/p/4296348?color=5473793-4296348,html,2026-10-05
Specialized,Epic 9 Pro [5bd7416c],S-Works Epic 9,,mtb,S,S,,,,,,594,420,"{""Longitud de biela"": ""165mm"", ""Ancho de manillar"": ""760mm"", ""Longitud Potencia"": ""60mm"", ""Saddle Width"": ""155mm"", ""Longitud Tija Sillín"": ""125mm"", ""Stack"": ""594mm"", ""Reach (Low)"": ""420mm"", ""Reach (High)"": ""425mm"", ""Longitud de Pipa"": ""92mm"", ""Head-Tube Angle (Low)"": ""65.9°"", ""Head-Tube Angle (High)"": ""66.3°"", ""Altura de Pedalier"": ""333mm"", ""B-B Drop (Low)"": ""42mm"", ""B-B Drop (High)"": ""37mm"", ""Avance Horquilla"": ""120mm"", ""Longitud de horquilla (total)"": ""531mm"", ""Avance/Retroceso Horquilla"": ""44mm"", ""Delante Centro"": ""716mm"", ""Chain-Stay Length"": ""435mm"", ""Distancia entre ejes"": ""1148mm"", ""Longitud Tubo Superior, (Horizontal)"": ""568mm"", ""Frame Stand-Over Height"": ""749mm"", ""Longitud Tubo Sillín"": ""390mm"", ""Ángulo Tubo Sillín"": ""76°"", ""Seat Post Max Insertion"": ""190mm"", ""Seat Post Min Insertion"": ""80mm"", ""Saddle Height for Effective STA"": ""690mm""}",14499,false,https://www.specialized.com/es/es/s-works-epic-9/p/4274030,https://www.specialized.com/es/es/s-works-epic-9/p/4274030?color=5471695-4274030,html,2026-10-05
Specialized,Epic 9 Pro [5bd7416c],S-Works Epic 9,,mtb,M,M,,,,,,604,450,"{""Longitud de biela"": ""170mm"", ""Ancho de manillar"": ""760mm"", ""Longitud Potencia"": ""70mm"", ""Saddle Width"": ""143mm"", ""Longitud Tija Sillín"": ""150mm"", ""Stack"": ""604mm"", ""Reach (Low)"": ""450mm"", ""Reach (High)"": ""455mm"", ""Longitud de Pipa"": ""105mm"", ""Head-Tube Angle (Low)"": ""65.9°"", ""Head-Tube Angle (High)"": ""66.3°"", ""Altura de Pedalier"": ""335mm"", ""B-B Drop (Low)"": ""40mm"", ""B-B Drop (High)"": ""35mm"", ""Avance Horquilla"": ""120mm"", ""Longitud de horquilla (total)"": ""531mm"", ""Avance/Retroceso Horquilla"": ""44mm"", ""Delante Centro"": ""752mm"", ""Chain-Stay Length"": ""435mm"", ""Distancia entre ejes"": ""1184mm"", ""Longitud Tubo Superior, (Horizontal)"": ""601mm"", ""Frame Stand-Over Height"": ""755mm"", ""Longitud Tubo Sillín"": ""410mm"", ""Ángulo Tubo Sillín"": ""76°"", ""Seat Post Max Insertion"": ""220mm"", ""Seat Post Min Insertion"": ""80mm"", ""Saddle Height for Effective STA"": ""735mm""}",14499,false,https://www.specialized.com/es/es/s-works-epic-9/p/4274030,https://www.specialized.com/es/es/s-works-epic-9/p/4274030?color=5471695-4274030,html,2026-10-05
Specialized,Epic 9 Pro [5bd7416c],S-Works Epic 9,,mtb,L,L,,,,,,618,480,"{""Longitud de biela"": ""170mm"", ""Ancho de manillar"": ""760mm"", ""Longitud Potencia"": ""70mm"", ""Saddle Width"": ""143mm"", ""Longitud Tija Sillín"": ""150mm"", ""Stack"": ""618mm"", ""Reach (Low)"": ""480mm"", ""Reach (High)"": ""485mm"", ""Longitud de Pipa"": ""120mm"", ""Head-Tube Angle (Low)"": ""65.9°"", ""Head-Tube Angle (High)"": ""66.3°"", ""Altura de Pedalier"": ""335mm"", ""B-B Drop (Low)"": ""40mm"", ""B-B Drop (High)"": ""35mm"", ""Avance Horquilla"": ""120mm"", ""Longitud de horquilla (total)"": ""531mm"", ""Avance/Retroceso Horquilla"": ""44mm"", ""Delante Centro"": ""788mm"", ""Chain-Stay Length"": ""438mm"", ""Distancia entre ejes"": ""1223mm"", ""Longitud Tubo Superior, (Horizontal)"": ""634mm"", ""Frame Stand-Over Height"": ""757mm"", ""Longitud Tubo Sillín"": ""455mm"", ""Ángulo Tubo Sillín"": ""76°"", ""Seat Post Max Insertion"": ""260mm"", ""Seat Post Min Insertion"": ""80mm"", ""Saddle Height for Effective STA"": ""780mm""}",14499,false,https://www.specialized.com/es/es/s-works-epic-9/p/4274030,https://www.specialized.com/es/es/s-works-epic-9/p/4274030?color=5471695-4274030,html,2026-10-05
Specialized,Epic 9 Pro [5bd7416c],S-Works Epic 9,,mtb,XL,XL,,,,,,645,505,"{""Longitud de biela"": ""170mm"", ""Ancho de manillar"": ""760mm"", ""Longitud Potencia"": ""70mm"", ""Saddle Width"": ""143mm"", ""Longitud Tija Sillín"": ""175mm"", ""Stack"": ""645mm"", ""Reach (Low)"": ""505mm"", ""Reach (High)"": ""510mm"", ""Longitud de Pipa"": ""150mm"", ""Head-Tube Angle (Low)"": ""65.9°"", ""Head-Tube Angle (High)"": ""66.3°"", ""Altura de Pedalier"": ""335mm"", ""B-B Drop (Low)"": ""40mm"", ""B-B Drop (High)"": ""35mm"", ""Avance Horquilla"": ""120mm"", ""Longitud de horquilla (total)"": ""531mm"", ""Avance/Retroceso Horquilla"": ""44mm"", ""Delante Centro"": ""823mm"", ""Chain-Stay Length"": ""442mm"", ""Distancia entre ejes"": ""1264mm"", ""Longitud Tubo Superior, (Horizontal)"": ""666mm"", ""Frame Stand-Over Height"": ""764mm"", ""Longitud Tubo Sillín"": ""505mm"", ""Ángulo Tubo Sillín"": ""76°"", ""Seat Post Max Insertion"": ""315mm"", ""Seat Post Min Insertion"": ""80mm"", ""Saddle Height for Effective STA"": ""825mm""}",14499,false,https://www.specialized.com/es/es/s-works-epic-9/p/4274030,https://www.specialized.com/es/es/s-works-epic-9/p/4274030?color=5471695-4274030,html,2026-10-05
Specialized,Epic 9 Pro [5bd7416c],Epic 9 Pro,,mtb,S,S,,,,,,594,420,"{""Longitud de biela"": ""165mm"", ""Ancho de manillar"": ""760mm"", ""Longitud Potencia"": ""60mm"", ""Saddle Width"": ""155mm"", ""Longitud Tija Sillín"": ""100mm"", ""Stack"": ""594mm"", ""Reach (Low)"": ""420mm"", ""Reach (High)"": ""425mm"", ""Longitud de Pipa"": ""92mm"", ""Head-Tube Angle (Low)"": ""65.9°"", ""Head-Tube Angle (High)"": ""66.3°"", ""Altura de Pedalier"": ""333mm"", ""B-B Drop (Low)"": ""42mm"", ""B-B Drop (High)"": ""37mm"", ""Avance Horquilla"": ""120mm"", ""Longitud de horquilla (total)"": ""531mm"", ""Avance/Retroceso Horquilla"": ""44mm"", ""Delante Centro"": ""716mm"", ""Chain-Stay Length"": ""435mm"", ""Distancia entre ejes"": ""1148mm"", ""Longitud Tubo Superior, (Horizontal)"": ""568mm"", ""Frame Stand-Over Height"": ""749mm"", ""Longitud Tubo Sillín"": ""390mm"", ""Ángulo Tubo Sillín"": ""76°"", ""Seat Post Max Insertion"": ""190mm"", ""Seat Post Min Insertion"": ""80mm"", ""Saddle Height for Effective STA"": ""690mm""}",9499,false,https://www.specialized.com/es/es/epic-9-pro/p/4274031,https://www.specialized.com/es/es/epic-9-pro/p/4274031?color=5471697-4274031,html,2026-10-05
Specialized,Epic 9 Pro [5bd7416c],Epic 9 Pro,,mtb,M,M,,,,,,604,450,"{""Longitud de biela"": ""170mm"", ""Ancho de manillar"": ""760mm"", ""Longitud Potencia"": ""70mm"", ""Saddle Width"": ""143mm"", ""Longitud Tija Sillín"": ""125mm"", ""Stack"": ""604mm"", ""Reach (Low)"": ""450mm"", ""Reach (High)"": ""455mm"", ""Longitud de Pipa"": ""105mm"", ""Head-Tube Angle (Low)"": ""65.9°"", ""Head-Tube Angle (High)"": ""66.3°"", ""Altura de Pedalier"": ""335mm"", ""B-B Drop (Low)"": ""40mm"", ""B-B Drop (High)"": ""35mm"", ""Avance Horquilla"": ""120mm"", ""Longitud de horquilla (total)"": ""531mm"", ""Avance/Retroceso Horquilla"": ""44mm"", ""Delante Centro"": ""752mm"", ""Chain-Stay Length"": ""435mm"", ""Distancia entre ejes"": ""1184mm"", ""Longitud Tubo Superior, (Horizontal)"": ""601mm"", ""Frame Stand-Over Height"": ""755mm"", ""Longitud Tubo Sillín"": ""410mm"", ""Ángulo Tubo Sillín"": ""76°"", ""Seat Post Max Insertion"": ""220mm"", ""Seat Post Min Insertion"": ""80mm"", ""Saddle Height for Effective STA"": ""735mm""}",9499,false,https://www.specialized.com/es/es/epic-9-pro/p/4274031,https://www.specialized.com/es/es/epic-9-pro/p/4274031?color=5471697-4274031,html,2026-10-05
Specialized,Epic 9 Pro [5bd7416c],Epic 9 Pro,,mtb,L,L,,,,,,618,480,"{""Longitud de biela"": ""170mm"", ""Ancho de manillar"": ""760mm"", ""Longitud Potencia"": ""70mm"", ""Saddle Width"": ""143mm"", ""Longitud Tija Sillín"": ""125mm"", ""Stack"": ""618mm"", ""Reach (Low)"": ""480mm"", ""Reach (High)"": ""485mm"", ""Longitud de Pipa"": ""120mm"", ""Head-Tube Angle (Low)"": ""65.9°"", ""Head-Tube Angle (High)"": ""66.3°"", ""Altura de Pedalier"": ""335mm"", ""B-B Drop (Low)"": ""40mm"", ""B-B Drop (High)"": ""35mm"", ""Avance Horquilla"": ""120mm"", ""Longitud de horquilla (total)"": ""531mm"", ""Avance/Retroceso Horquilla"": ""44mm"", ""Delante Centro"": ""788mm"", ""Chain-Stay Length"": ""438mm"", ""Distancia entre ejes"": ""1223mm"", ""Longitud Tubo Superior, (Horizontal)"": ""634mm"", ""Frame Stand-Over Height"": ""757mm"", ""Longitud Tubo Sillín"": ""455mm"", ""Ángulo Tubo Sillín"": ""76°"", ""Seat Post Max Insertion"": ""260mm"", ""Seat Post Min Insertion"": ""80mm"", ""Saddle Height for Effective STA"": ""780mm""}",9499,false,https://www.specialized.com/es/es/epic-9-pro/p/4274031,https://www.specialized.com/es/es/epic-9-pro/p/4274031?color=5471697-4274031,html,2026-10-05
Specialized,Epic 9 Pro [5bd7416c],Epic 9 Pro,,mtb,XL,XL,,,,,,645,505,"{""Longitud de biela"": ""170mm"", ""Ancho de manillar"": ""760mm"", ""Longitud Potencia"": ""70mm"", ""Saddle Width"": ""143mm"", ""Longitud Tija Sillín"": ""125mm"", ""Stack"": ""645mm"", ""Reach (Low)"": ""505mm"", ""Reach (High)"": ""510mm"", ""Longitud de Pipa"": ""150mm"", ""Head-Tube Angle (Low)"": ""65.9°"", ""Head-Tube Angle (High)"": ""66.3°"", ""Altura de Pedalier"": ""335mm"", ""B-B Drop (Low)"": ""40mm"", ""B-B Drop (High)"": ""35mm"", ""Avance Horquilla"": ""120mm"", ""Longitud de horquilla (total)"": ""531mm"", ""Avance/Retroceso Horquilla"": ""44mm"", ""Delante Centro"": ""823mm"", ""Chain-Stay Length"": ""442mm"", ""Distancia entre ejes"": ""1264mm"", ""Longitud Tubo Superior, (Horizontal)"": ""666mm"", ""Frame Stand-Over Height"": ""764mm"", ""Longitud Tubo Sillín"": ""505mm"", ""Ángulo Tubo Sillín"": ""76°"", ""Seat Post Max Insertion"": ""315mm"", ""Seat Post Min Insertion"": ""80mm"", ""Saddle Height for Effective STA"": ""825mm""}",9499,false,https://www.specialized.com/es/es/epic-9-pro/p/4274031,https://www.specialized.com/es/es/epic-9-pro/p/4274031?color=5471697-4274031,html,2026-10-05
Specialized,Epic 9 Pro [5bd7416c],Epic 9 Expert,,mtb,S,S,,,,,,594,420,"{""Longitud de biela"": ""165mm"", ""Ancho de manillar"": ""760mm"", ""Longitud Potencia"": ""60mm"", ""Saddle Width"": ""155mm"", ""Longitud Tija Sillín"": ""125mm"", ""Stack"": ""594mm"", ""Reach (Low)"": ""420mm"", ""Reach (High)"": ""425mm"", ""Longitud de Pipa"": ""92mm"", ""Head-Tube Angle (Low)"": ""65.9°"", ""Head-Tube Angle (High)"": ""66.3°"", ""Altura de Pedalier"": ""333mm"", ""B-B Drop (Low)"": ""42mm"", ""B-B Drop (High)"": ""37mm"", ""Avance Horquilla"": ""120mm"", ""Longitud de horquilla (total)"": ""531mm"", ""Avance/Retroceso Horquilla"": ""44mm"", ""Delante Centro"": ""716mm"", ""Chain-Stay Length"": ""435mm"", ""Distancia entre ejes"": ""1148mm"", ""Longitud Tubo Superior, (Horizontal)"": ""568mm"", ""Frame Stand-Over Height"": ""749mm"", ""Longitud Tubo Sillín"": ""390mm"", ""Ángulo Tubo Sillín"": ""76°"", ""Seat Post Max Insertion"": ""190mm"", ""Seat Post Min Insertion"": ""80mm"", ""Saddle Height for Effective STA"": ""690mm""}",6999,false,https://www.specialized.com/es/es/epic-9-expert/p/4274033,https://www.specialized.com/es/es/epic-9-expert/p/4274033?color=5471693-4274033,html,2026-10-05
Specialized,Epic 9 Pro [5bd7416c],Epic 9 Expert,,mtb,M,M,,,,,,604,450,"{""Longitud de biela"": ""170mm"", ""Ancho de manillar"": ""760mm"", ""Longitud Potencia"": ""70mm"", ""Saddle Width"": ""143mm"", ""Longitud Tija Sillín"": ""150mm"", ""Stack"": ""604mm"", ""Reach (Low)"": ""450mm"", ""Reach (High)"": ""455mm"", ""Longitud de Pipa"": ""105mm"", ""Head-Tube Angle (Low)"": ""65.9°"", ""Head-Tube Angle (High)"": ""66.3°"", ""Altura de Pedalier"": ""335mm"", ""B-B Drop (Low)"": ""40mm"", ""B-B Drop (High)"": ""35mm"", ""Avance Horquilla"": ""120mm"", ""Longitud de horquilla (total)"": ""531mm"", ""Avance/Retroceso Horquilla"": ""44mm"", ""Delante Centro"": ""752mm"", ""Chain-Stay Length"": ""435mm"", ""Distancia entre ejes"": ""1184mm"", ""Longitud Tubo Superior, (Horizontal)"": ""601mm"", ""Frame Stand-Over Height"": ""755mm"", ""Longitud Tubo Sillín"": ""410mm"", ""Ángulo Tubo Sillín"": ""76°"", ""Seat Post Max Insertion"": ""220mm"", ""Seat Post Min Insertion"": ""80mm"", ""Saddle Height for Effective STA"": ""735mm""}",6999,false,https://www.specialized.com/es/es/epic-9-expert/p/4274033,https://www.specialized.com/es/es/epic-9-expert/p/4274033?color=5471693-4274033,html,2026-10-05
Specialized,Epic 9 Pro [5bd7416c],Epic 9 Expert,,mtb,L,L,,,,,,618,480,"{""Longitud de biela"": ""170mm"", ""Ancho de manillar"": ""760mm"", ""Longitud Potencia"": ""70mm"", ""Saddle Width"": ""143mm"", ""Longitud Tija Sillín"": ""150mm"", ""Stack"": ""618mm"", ""Reach (Low)"": ""480mm"", ""Reach (High)"": ""485mm"", ""Longitud de Pipa"": ""120mm"", ""Head-Tube Angle (Low)"": ""65.9°"", ""Head-Tube Angle (High)"": ""66.3°"", ""Altura de Pedalier"": ""335mm"", ""B-B Drop (Low)"": ""40mm"", ""B-B Drop (High)"": ""35mm"", ""Avance Horquilla"": ""120mm"", ""Longitud de horquilla (total)"": ""531mm"", ""Avance/Retroceso Horquilla"": ""44mm"", ""Delante Centro"": ""788mm"", ""Chain-Stay Length"": ""438mm"", ""Distancia entre ejes"": ""1223mm"", ""Longitud Tubo Superior, (Horizontal)"": ""634mm"", ""Frame Stand-Over Height"": ""757mm"", ""Longitud Tubo Sillín"": ""455mm"", ""Ángulo Tubo Sillín"": ""76°"", ""Seat Post Max Insertion"": ""260mm"", ""Seat Post Min Insertion"": ""80mm"", ""Saddle Height for Effective STA"": ""780mm""}",6999,false,https://www.specialized.com/es/es/epic-9-expert/p/4274033,https://www.specialized.com/es/es/epic-9-expert/p/4274033?color=5471693-4274033,html,2026-10-05
Specialized,Epic 9 Pro [5bd7416c],Epic 9 Expert,,mtb,XL,XL,,,,,,645,505,"{""Longitud de biela"": ""170mm"", ""Ancho de manillar"": ""760mm"", ""Longitud Potencia"": ""70mm"", ""Saddle Width"": ""143mm"", ""Longitud Tija Sillín"": ""170mm"", ""Stack"": ""645mm"", ""Reach (Low)"": ""505mm"", ""Reach (High)"": ""510mm"", ""Longitud de Pipa"": ""150mm"", ""Head-Tube Angle (Low)"": ""65.9°"", ""Head-Tube Angle (High)"": ""66.3°"", ""Altura de Pedalier"": ""335mm"", ""B-B Drop (Low)"": ""40mm"", ""B-B Drop (High)"": ""35mm"", ""Avance Horquilla"": ""120mm"", ""Longitud de horquilla (total)"": ""531mm"", ""Avance/Retroceso Horquilla"": ""44mm"", ""Delante Centro"": ""823mm"", ""Chain-Stay Length"": ""442mm"", ""Distancia entre ejes"": ""1264mm"", ""Longitud Tubo Superior, (Horizontal)"": ""666mm"", ""Frame Stand-Over Height"": ""764mm"", ""Longitud Tubo Sillín"": ""505mm"", ""Ángulo Tubo Sillín"": ""76°"", ""Seat Post Max Insertion"": ""315mm"", ""Seat Post Min Insertion"": ""80mm"", ""Saddle Height for Effective STA"": ""825mm""}",6999,false,https://www.specialized.com/es/es/epic-9-expert/p/4274033,https://www.specialized.com/es/es/epic-9-expert/p/4274033?color=5471693-4274033,html,2026-10-05
Specialized,Epic 9 Pro [5bd7416c],Epic 9 Comp,,mtb,S,S,,,,,,594,420,"{""Longitud de biela"": ""165mm"", ""Ancho de manillar"": ""760mm"", ""Longitud Potencia"": ""60mm"", ""Saddle Width"": ""155mm"", ""Longitud Tija Sillín"": ""125mm"", ""Stack"": ""594mm"", ""Reach (Low)"": ""420mm"", ""Reach (High)"": ""425mm"", ""Longitud de Pipa"": ""92mm"", ""Head-Tube Angle (Low)"": ""65.9°"", ""Head-Tube Angle (High)"": ""66.3°"", ""Altura de Pedalier"": ""333mm"", ""B-B Drop (Low)"": ""42mm"", ""B-B Drop (High)"": ""37mm"", ""Avance Horquilla"": ""120mm"", ""Longitud de horquilla (total)"": ""531mm"", ""Avance/Retroceso Horquilla"": ""44mm"", ""Delante Centro"": ""716mm"", ""Chain-Stay Length"": ""435mm"", ""Distancia entre ejes"": ""1148mm"", ""Longitud Tubo Superior, (Horizontal)"": ""568mm"", ""Frame Stand-Over Height"": ""749mm"", ""Longitud Tubo Sillín"": ""390mm"", ""Ángulo Tubo Sillín"": ""76°"", ""Seat Post Max Insertion"": ""190mm"", ""Seat Post Min Insertion"": ""80mm"", ""Saddle Height for Effective STA"": ""690mm""}",4999,false,https://www.specialized.com/es/es/epic-9-comp/p/4274034,https://www.specialized.com/es/es/epic-9-comp/p/4274034?color=5471698-4274034,html,2026-10-05
Specialized,Epic 9 Pro [5bd7416c],Epic 9 Comp,,mtb,M,M,,,,,,604,450,"{""Longitud de biela"": ""170mm"", ""Ancho de manillar"": ""760mm"", ""Longitud Potencia"": ""70mm"", ""Saddle Width"": ""143mm"", ""Longitud Tija Sillín"": ""150mm"", ""Stack"": ""604mm"", ""Reach (Low)"": ""450mm"", ""Reach (High)"": ""455mm"", ""Longitud de Pipa"": ""105mm"", ""Head-Tube Angle (Low)"": ""65.9°"", ""Head-Tube Angle (High)"": ""66.3°"", ""Altura de Pedalier"": ""335mm"", ""B-B Drop (Low)"": ""40mm"", ""B-B Drop (High)"": ""35mm"", ""Avance Horquilla"": ""120mm"", ""Longitud de horquilla (total)"": ""531mm"", ""Avance/Retroceso Horquilla"": ""44mm"", ""Delante Centro"": ""752mm"", ""Chain-Stay Length"": ""435mm"", ""Distancia entre ejes"": ""1184mm"", ""Longitud Tubo Superior, (Horizontal)"": ""601mm"", ""Frame Stand-Over Height"": ""755mm"", ""Longitud Tubo Sillín"": ""410mm"", ""Ángulo Tubo Sillín"": ""76°"", ""Seat Post Max Insertion"": ""220mm"", ""Seat Post Min Insertion"": ""80mm"", ""Saddle Height for Effective STA"": ""735mm""}",4999,false,https://www.specialized.com/es/es/epic-9-comp/p/4274034,https://www.specialized.com/es/es/epic-9-comp/p/4274034?color=5471698-4274034,html,2026-10-05
Specialized,Epic 9 Pro [5bd7416c],Epic 9 Comp,,mtb,L,L,,,,,,618,480,"{""Longitud de biela"": ""170mm"", ""Ancho de manillar"": ""760mm"", ""Longitud Potencia"": ""70mm"", ""Saddle Width"": ""143mm"", ""Longitud Tija Sillín"": ""150mm"", ""Stack"": ""618mm"", ""Reach (Low)"": ""480mm"", ""Reach (High)"": ""485mm"", ""Longitud de Pipa"": ""120mm"", ""Head-Tube Angle (Low)"": ""65.9°"", ""Head-Tube Angle (High)"": ""66.3°"", ""Altura de Pedalier"": ""335mm"", ""B-B Drop (Low)"": ""40mm"", ""B-B Drop (High)"": ""35mm"", ""Avance Horquilla"": ""120mm"", ""Longitud de horquilla (total)"": ""531mm"", ""Avance/Retroceso Horquilla"": ""44mm"", ""Delante Centro"": ""788mm"", ""Chain-Stay Length"": ""438mm"", ""Distancia entre ejes"": ""1223mm"", ""Longitud Tubo Superior, (Horizontal)"": ""634mm"", ""Frame Stand-Over Height"": ""757mm"", ""Longitud Tubo Sillín"": ""455mm"", ""Ángulo Tubo Sillín"": ""76°"", ""Seat Post Max Insertion"": ""260mm"", ""Seat Post Min Insertion"": ""80mm"", ""Saddle Height for Effective STA"": ""780mm""}",4999,false,https://www.specialized.com/es/es/epic-9-comp/p/4274034,https://www.specialized.com/es/es/epic-9-comp/p/4274034?color=5471698-4274034,html,2026-10-05
Specialized,Epic 9 Pro [5bd7416c],Epic 9 Comp,,mtb,XL,XL,,,,,,645,505,"{""Longitud de biela"": ""170mm"", ""Ancho de manillar"": ""760mm"", ""Longitud Potencia"": ""70mm"", ""Saddle Width"": ""143mm"", ""Longitud Tija Sillín"": ""170mm"", ""Stack"": ""645mm"", ""Reach (Low)"": ""505mm"", ""Reach (High)"": ""510mm"", ""Longitud de Pipa"": ""150mm"", ""Head-Tube Angle (Low)"": ""65.9°"", ""Head-Tube Angle (High)"": ""66.3°"", ""Altura de Pedalier"": ""335mm"", ""B-B Drop (Low)"": ""40mm"", ""B-B Drop (High)"": ""35mm"", ""Avance Horquilla"": ""120mm"", ""Longitud de horquilla (total)"": ""531mm"", ""Avance/Retroceso Horquilla"": ""44mm"", ""Delante Centro"": ""823mm"", ""Chain-Stay Length"": ""442mm"", ""Distancia entre ejes"": ""1264mm"", ""Longitud Tubo Superior, (Horizontal)"": ""666mm"", ""Frame Stand-Over Height"": ""764mm"", ""Longitud Tubo Sillín"": ""505mm"", ""Ángulo Tubo Sillín"": ""76°"", ""Seat Post Max Insertion"": ""315mm"", ""Seat Post Min Insertion"": ""80mm"", ""Saddle Height for Effective STA"": ""825mm""}",4999,false,https://www.specialized.com/es/es/epic-9-comp/p/4274034,https://www.specialized.com/es/es/epic-9-comp/p/4274034?color=5471698-4274034,html,2026-10-05
Specialized,Epic 9 Pro [5bd7416c],Epic 9 Sport,,mtb,S,S,,,,,,594,420,"{""Longitud de biela"": ""165mm"", ""Ancho de manillar"": ""750mm"", ""Longitud Potencia"": ""60mm"", ""Saddle Width"": ""155mm"", ""Longitud Tija Sillín"": ""125mm"", ""Stack"": ""594mm"", ""Reach (Low)"": ""420mm"", ""Reach (High)"": ""425mm"", ""Longitud de Pipa"": ""92mm"", ""Head-Tube Angle (Low)"": ""65.9°"", ""Head-Tube Angle (High)"": ""66.3°"", ""Altura de Pedalier"": ""333mm"", ""B-B Drop (Low)"": ""42mm"", ""B-B Drop (High)"": ""37mm"", ""Avance Horquilla"": ""120mm"", ""Longitud de horquilla (total)"": ""531mm"", ""Avance/Retroceso Horquilla"": ""44mm"", ""Delante Centro"": ""716mm"", ""Chain-Stay Length"": ""435mm"", ""Distancia entre ejes"": ""1148mm"", ""Longitud Tubo Superior, (Horizontal)"": ""568mm"", ""Frame Stand-Over Height"": ""749mm"", ""Longitud Tubo Sillín"": ""390mm"", ""Ángulo Tubo Sillín"": ""76°"", ""Seat Post Max Insertion"": ""190mm"", ""Seat Post Min Insertion"": ""80mm"", ""Saddle Height for Effective STA"": ""690mm""}",4199,false,https://www.specialized.com/es/es/epic-9-sport/p/4295549,https://www.specialized.com/es/es/epic-9-sport/p/4295549?color=5472093-4295549,html,2026-10-05
Specialized,Epic 9 Pro [5bd7416c],Epic 9 Sport,,mtb,M,M,,,,,,604,450,"{""Longitud de biela"": ""170mm"", ""Ancho de manillar"": ""750mm"", ""Longitud Potencia"": ""70mm"", ""Saddle Width"": ""143mm"", ""Longitud Tija Sillín"": ""150mm"", ""Stack"": ""604mm"", ""Reach (Low)"": ""450mm"", ""Reach (High)"": ""455mm"", ""Longitud de Pipa"": ""105mm"", ""Head-Tube Angle (Low)"": ""65.9°"", ""Head-Tube Angle (High)"": ""66.3°"", ""Altura de Pedalier"": ""335mm"", ""B-B Drop (Low)"": ""40mm"", ""B-B Drop (High)"": ""35mm"", ""Avance Horquilla"": ""120mm"", ""Longitud de horquilla (total)"": ""531mm"", ""Avance/Retroceso Horquilla"": ""44mm"", ""Delante Centro"": ""752mm"", ""Chain-Stay Length"": ""435mm"", ""Distancia entre ejes"": ""1184mm"", ""Longitud Tubo Superior, (Horizontal)"": ""601mm"", ""Frame Stand-Over Height"": ""755mm"", ""Longitud Tubo Sillín"": ""410mm"", ""Ángulo Tubo Sillín"": ""76°"", ""Seat Post Max Insertion"": ""220mm"", ""Seat Post Min Insertion"": ""80mm"", ""Saddle Height for Effective STA"": ""735mm""}",4199,false,https://www.specialized.com/es/es/epic-9-sport/p/4295549,https://www.specialized.com/es/es/epic-9-sport/p/4295549?color=5472093-4295549,html,2026-10-05
Specialized,Epic 9 Pro [5bd7416c],Epic 9 Sport,,mtb,L,L,,,,,,618,480,"{""Longitud de biela"": ""170mm"", ""Ancho de manillar"": ""750mm"", ""Longitud Potencia"": ""70mm"", ""Saddle Width"": ""143mm"", ""Longitud Tija Sillín"": ""150mm"", ""Stack"": ""618mm"", ""Reach (Low)"": ""480mm"", ""Reach (High)"": ""485mm"", ""Longitud de Pipa"": ""120mm"", ""Head-Tube Angle (Low)"": ""65.9°"", ""Head-Tube Angle (High)"": ""66.3°"", ""Altura de Pedalier"": ""335mm"", ""B-B Drop (Low)"": ""40mm"", ""B-B Drop (High)"": ""35mm"", ""Avance Horquilla"": ""120mm"", ""Longitud de horquilla (total)"": ""531mm"", ""Avance/Retroceso Horquilla"": ""44mm"", ""Delante Centro"": ""788mm"", ""Chain-Stay Length"": ""438mm"", ""Distancia entre ejes"": ""1223mm"", ""Longitud Tubo Superior, (Horizontal)"": ""634mm"", ""Frame Stand-Over Height"": ""757mm"", ""Longitud Tubo Sillín"": ""455mm"", ""Ángulo Tubo Sillín"": ""76°"", ""Seat Post Max Insertion"": ""260mm"", ""Seat Post Min Insertion"": ""80mm"", ""Saddle Height for Effective STA"": ""780mm""}",4199,false,https://www.specialized.com/es/es/epic-9-sport/p/4295549,https://www.specialized.com/es/es/epic-9-sport/p/4295549?color=5472093-4295549,html,2026-10-05
Specialized,Epic 9 Pro [5bd7416c],Epic 9 Sport,,mtb,XL,XL,,,,,,645,505,"{""Longitud de biela"": ""170mm"", ""Ancho de manillar"": ""750mm"", ""Longitud Potencia"": ""70mm"", ""Saddle Width"": ""143mm"", ""Longitud Tija Sillín"": ""150mm"", ""Stack"": ""645mm"", ""Reach (Low)"": ""505mm"", ""Reach (High)"": ""510mm"", ""Longitud de Pipa"": ""150mm"", ""Head-Tube Angle (Low)"": ""65.9°"", ""Head-Tube Angle (High)"": ""66.3°"", ""Altura de Pedalier"": ""335mm"", ""B-B Drop (Low)"": ""40mm"", ""B-B Drop (High)"": ""35mm"", ""Avance Horquilla"": ""120mm"", ""Longitud de horquilla (total)"": ""531mm"", ""Avance/Retroceso Horquilla"": ""44mm"", ""Delante Centro"": ""823mm"", ""Chain-Stay Length"": ""442mm"", ""Distancia entre ejes"": ""1264mm"", ""Longitud Tubo Superior, (Horizontal)"": ""666mm"", ""Frame Stand-Over Height"": ""764mm"", ""Longitud Tubo Sillín"": ""505mm"", ""Ángulo Tubo Sillín"": ""76°"", ""Seat Post Max Insertion"": ""315mm"", ""Seat Post Min Insertion"": ""80mm"", ""Saddle Height for Effective STA"": ""825mm""}",4199,false,https://www.specialized.com/es/es/epic-9-sport/p/4295549,https://www.specialized.com/es/es/epic-9-sport/p/4295549?color=5472093-4295549,html,2026-10-05
Specialized,S-Works Epic 9 Ultralight LTD [43cf73de],S-Works Epic 9 Ultralight LTD,,mtb,S,S,,,,,,589,427,"{""Longitud de biela"": ""165mm"", ""Ancho de manillar"": ""760mm"", ""Longitud Potencia"": ""60mm"", ""Saddle Width"": ""155mm"", ""Longitud Tija Sillín"": ""100mm"", ""Stack"": ""589mm"", ""Reach (Low)"": ""427mm"", ""Reach (High)"": ""432mm"", ""Longitud de Pipa"": ""92mm"", ""Head-Tube Angle (Low)"": ""66.5°"", ""Head-Tube Angle (High)"": ""66.9°"", ""Altura de Pedalier"": ""328mm"", ""B-B Drop (Low)"": ""47mm"", ""B-B Drop (High)"": ""42mm"", ""Avance Horquilla"": ""115mm"", ""Longitud de horquilla (total)"": ""516mm"", ""Avance/Retroceso Horquilla"": ""44mm"", ""Delante Centro"": ""711mm"", ""Chain-Stay Length"": ""435mm"", ""Distancia entre ejes"": ""1142mm"", ""Longitud Tubo Superior, (Horizontal)"": ""566mm"", ""Frame Stand-Over Height"": ""740mm"", ""Longitud Tubo Sillín"": ""390mm"", ""Ángulo Tubo Sillín"": ""76.5°"", ""Seat Post Max Insertion"": ""190mm"", ""Seat Post Min Insertion"": ""80mm"", ""Saddle Height for Effective STA"": ""690mm""}",13999,false,https://www.specialized.com/es/es/s-works-epic-9-ultralight-ltd/p/4291037,https://www.specialized.com/es/es/s-works-epic-9-ultralight-ltd/p/4291037?color=5471716-4291037,html,2026-10-05
Specialized,S-Works Epic 9 Ultralight LTD [43cf73de],S-Works Epic 9 Ultralight LTD,,mtb,M,M,,,,,,599,457,"{""Longitud de biela"": ""170mm"", ""Ancho de manillar"": ""760mm"", ""Longitud Potencia"": ""70mm"", ""Saddle Width"": ""143mm"", ""Longitud Tija Sillín"": ""125mm"", ""Stack"": ""599mm"", ""Reach (Low)"": ""457mm"", ""Reach (High)"": ""462mm"", ""Longitud de Pipa"": ""105mm"", ""Head-Tube Angle (Low)"": ""66.5°"", ""Head-Tube Angle (High)"": ""66.9°"", ""Altura de Pedalier"": ""330mm"", ""B-B Drop (Low)"": ""45mm"", ""B-B Drop (High)"": ""40mm"", ""Avance Horquilla"": ""115mm"", ""Longitud de horquilla (total)"": ""516mm"", ""Avance/Retroceso Horquilla"": ""44mm"", ""Delante Centro"": ""746mm"", ""Chain-Stay Length"": ""435mm"", ""Distancia entre ejes"": ""1178mm"", ""Longitud Tubo Superior, (Horizontal)"": ""599mm"", ""Frame Stand-Over Height"": ""746mm"", ""Longitud Tubo Sillín"": ""410mm"", ""Ángulo Tubo Sillín"": ""76.5°"", ""Seat Post Max Insertion"": ""220mm"", ""Seat Post Min Insertion"": ""80mm"", ""Saddle Height for Effective STA"": ""735mm""}",13999,false,https://www.specialized.com/es/es/s-works-epic-9-ultralight-ltd/p/4291037,https://www.specialized.com/es/es/s-works-epic-9-ultralight-ltd/p/4291037?color=5471716-4291037,html,2026-10-05
Specialized,S-Works Epic 9 Ultralight LTD [43cf73de],S-Works Epic 9 Ultralight LTD,,mtb,L,L,,,,,,612,487,"{""Longitud de biela"": ""170mm"", ""Ancho de manillar"": ""760mm"", ""Longitud Potencia"": ""70mm"", ""Saddle Width"": ""143mm"", ""Longitud Tija Sillín"": ""125mm"", ""Stack"": ""612mm"", ""Reach (Low)"": ""487mm"", ""Reach (High)"": ""492mm"", ""Longitud de Pipa"": ""120mm"", ""Head-Tube Angle (Low)"": ""66.5°"", ""Head-Tube Angle (High)"": ""66.9°"", ""Altura de Pedalier"": ""330mm"", ""B-B Drop (Low)"": ""45mm"", ""B-B Drop (High)"": ""40mm"", ""Avance Horquilla"": ""115mm"", ""Longitud de horquilla (total)"": ""516mm"", ""Avance/Retroceso Horquilla"": ""44mm"", ""Delante Centro"": ""782mm"", ""Chain-Stay Length"": ""438mm"", ""Distancia entre ejes"": ""1217mm"", ""Longitud Tubo Superior, (Horizontal)"": ""632mm"", ""Frame Stand-Over Height"": ""749mm"", ""Longitud Tubo Sillín"": ""455mm"", ""Ángulo Tubo Sillín"": ""76.5°"", ""Seat Post Max Insertion"": ""260mm"", ""Seat Post Min Insertion"": ""80mm"", ""Saddle Height for Effective STA"": ""780mm""}",13999,false,https://www.specialized.com/es/es/s-works-epic-9-ultralight-ltd/p/4291037,https://www.specialized.com/es/es/s-works-epic-9-ultralight-ltd/p/4291037?color=5471716-4291037,html,2026-10-05
Specialized,S-Works Epic 9 Ultralight LTD [43cf73de],S-Works Epic 9 Ultralight LTD,,mtb,XL,XL,,,,,,639,512,"{""Longitud de biela"": ""170mm"", ""Ancho de manillar"": ""760mm"", ""Longitud Potencia"": ""70mm"", ""Saddle Width"": ""143mm"", ""Longitud Tija Sillín"": ""125mm"", ""Stack"": ""639mm"", ""Reach (Low)"": ""512mm"", ""Reach (High)"": ""517mm"", ""Longitud de Pipa"": ""150mm"", ""Head-Tube Angle (Low)"": ""66.5°"", ""Head-Tube Angle (High)"": ""66.9°"", ""Altura de Pedalier"": ""330mm"", ""B-B Drop (Low)"": ""45mm"", ""B-B Drop (High)"": ""40mm"", ""Avance Horquilla"": ""115mm"", ""Longitud de horquilla (total)"": ""516mm"", ""Avance/Retroceso Horquilla"": ""44mm"", ""Delante Centro"": ""819mm"", ""Chain-Stay Length"": ""442mm"", ""Distancia entre ejes"": ""1258mm"", ""Longitud Tubo Superior, (Horizontal)"": ""664mm"", ""Frame Stand-Over Height"": ""756mm"", ""Longitud Tubo Sillín"": ""505mm"", ""Ángulo Tubo Sillín"": ""76.5°"", ""Seat Post Max Insertion"": ""315mm"", ""Seat Post Min Insertion"": ""80mm"", ""Saddle Height for Effective STA"": ""825mm""}",13999,false,https://www.specialized.com/es/es/s-works-epic-9-ultralight-ltd/p/4291037,https://www.specialized.com/es/es/s-works-epic-9-ultralight-ltd/p/4291037?color=5471716-4291037,html,2026-10-05
Specialized,S-Works Epic 8 [7135f585],S-Works Epic 8,,mtb,S,S,,,,,,597,420,"{""Longitud de biela"": ""170mm"", ""Ancho de manillar"": ""760mm"", ""Longitud Potencia"": ""60mm"", ""Saddle Width"": ""155mm"", ""Longitud Tija Sillín"": ""125mm"", ""Delante Centro"": ""716mm"", ""Long. Tubo de Sillín"": ""390mm"", ""Stack"": ""597mm"", ""Head Tube Angle (high)"": ""66.4°"", ""Avance Horquilla"": ""117mm"", ""Longitud de vaina"": ""435mm"", ""Reach (low)"": ""420mm"", ""Ángulo de Tubo de Sillín"": ""76°"", ""BB Height (low)"": ""324mm"", ""Longitud Horquilla"": ""530mm"", ""Longitud de Pipa"": ""92mm"", ""Longitud Tubo Superior, Hrz."": ""569mm"", ""Distancia entre ejes"": ""1147mm"", ""BB Height (high)"": ""329mm"", ""Avance/Retroceso Horquilla"": ""44mm"", ""Bike Standover Height"": ""755mm"", ""BB Drop (low)"": ""46mm"", ""Head Tube Angle (low)"": ""65.9°""}",11599,false,https://www.specialized.com/es/es/s-works-epic-8/p/4221525,https://www.specialized.com/es/es/s-works-epic-8/p/4221525?color=5446094-4221525,html,2026-10-05
Specialized,S-Works Epic 8 [7135f585],S-Works Epic 8,,mtb,M,M,,,,,,598,450,"{""Longitud de biela"": ""170mm"", ""Ancho de manillar"": ""760mm"", ""Longitud Potencia"": ""60mm"", ""Saddle Width"": ""143mm"", ""Longitud Tija Sillín"": ""125mm"", ""Delante Centro"": ""747mm"", ""Long. Tubo de Sillín"": ""410mm"", ""Stack"": ""598mm"", ""Head Tube Angle (high)"": ""66.4°"", ""Avance Horquilla"": ""117mm"", ""Longitud de vaina"": ""435mm"", ""Reach (low)"": ""450mm"", ""Ángulo de Tubo de Sillín"": ""75.5°"", ""BB Height (low)"": ""326mm"", ""Longitud Horquilla"": ""530mm"", ""Longitud de Pipa"": ""95mm"", ""Longitud Tubo Superior, Hrz."": ""605mm"", ""Distancia entre ejes"": ""1179mm"", ""BB Height (high)"": ""331mm"", ""Avance/Retroceso Horquilla"": ""44mm"", ""Bike Standover Height"": ""760mm"", ""BB Drop (low)"": ""44mm"", ""Head Tube Angle (low)"": ""65.9°""}",11599,false,https://www.specialized.com/es/es/s-works-epic-8/p/4221525,https://www.specialized.com/es/es/s-works-epic-8/p/4221525?color=5446094-4221525,html,2026-10-05
Specialized,S-Works Epic 8 [7135f585],S-Works Epic 8,,mtb,L,L,,,,,,610,475,"{""Longitud de biela"": ""175mm"", ""Ancho de manillar"": ""760mm"", ""Longitud Potencia"": ""60mm"", ""Saddle Width"": ""143mm"", ""Longitud Tija Sillín"": ""150mm"", ""Delante Centro"": ""778mm"", ""Long. Tubo de Sillín"": ""450mm"", ""Stack"": ""610mm"", ""Head Tube Angle (high)"": ""66.4°"", ""Avance Horquilla"": ""117mm"", ""Longitud de vaina"": ""435mm"", ""Reach (low)"": ""475mm"", ""Ángulo de Tubo de Sillín"": ""75.5°"", ""BB Height (low)"": ""328mm"", ""Longitud Horquilla"": ""530mm"", ""Longitud de Pipa"": ""110mm"", ""Longitud Tubo Superior, Hrz."": ""633mm"", ""Distancia entre ejes"": ""1210mm"", ""BB Height (high)"": ""333mm"", ""Avance/Retroceso Horquilla"": ""44mm"", ""Bike Standover Height"": ""769mm"", ""BB Drop (low)"": ""42mm"", ""Head Tube Angle (low)"": ""65.9°""}",11599,false,https://www.specialized.com/es/es/s-works-epic-8/p/4221525,https://www.specialized.com/es/es/s-works-epic-8/p/4221525?color=5446094-4221525,html,2026-10-05
Specialized,S-Works Epic 8 [7135f585],S-Works Epic 8,,mtb,XL,XL,,,,,,628,500,"{""Longitud de biela"": ""175mm"", ""Ancho de manillar"": ""760mm"", ""Longitud Potencia"": ""60mm"", ""Saddle Width"": ""143mm"", ""Longitud Tija Sillín"": ""175mm"", ""Delante Centro"": ""811mm"", ""Long. Tubo de Sillín"": ""500mm"", ""Stack"": ""628mm"", ""Head Tube Angle (high)"": ""66.4°"", ""Avance Horquilla"": ""117mm"", ""Longitud de vaina"": ""435mm"", ""Reach (low)"": ""500mm"", ""Ángulo de Tubo de Sillín"": ""75.5°"", ""BB Height (low)"": ""328mm"", ""Longitud Horquilla"": ""530mm"", ""Longitud de Pipa"": ""130mm"", ""Longitud Tubo Superior, Hrz."": ""662mm"", ""Distancia entre ejes"": ""1243mm"", ""BB Height (high)"": ""333mm"", ""Avance/Retroceso Horquilla"": ""44mm"", ""Bike Standover Height"": ""774mm"", ""BB Drop (low)"": ""42mm"", ""Head Tube Angle (low)"": ""65.9°""}",11599,false,https://www.specialized.com/es/es/s-works-epic-8/p/4221525,https://www.specialized.com/es/es/s-works-epic-8/p/4221525?color=5446094-4221525,html,2026-10-05
Specialized,Epic 8 Pro [67b9f449],Epic 8 Pro,,mtb,S,S,,,,,,597,420,"{""Longitud de biela"": ""170mm"", ""Ancho de manillar"": ""760mm"", ""Longitud Potencia"": ""60mm"", ""Saddle Width"": ""155mm"", ""Longitud Tija Sillín"": ""100mm"", ""Stack"": ""597mm"", ""Reach (low)"": ""420mm"", ""Longitud de Pipa"": ""110mm"", ""Head Tube Angle (low)"": ""65.9°"", ""Head Tube Angle (high)"": ""66.4°"", ""BB Height (low)"": ""324mm"", ""BB Height (high)"": ""329mm"", ""BB Drop (low)"": ""46mm"", ""Avance Horquilla"": ""117mm"", ""Longitud Horquilla"": ""530mm"", ""Avance/Retroceso Horquilla"": ""44mm"", ""Delante Centro"": ""716mm"", ""Longitud de vaina"": ""435mm"", ""Distancia entre ejes"": ""1147mm"", ""Bike Standover Height"": ""755mm"", ""Long. Tubo de Sillín"": ""390mm"", ""Ángulo de Tubo de Sillín"": ""76°"", ""Longitud Tubo Superior, Hrz."": ""569mm""}",7599,false,https://www.specialized.com/es/es/epic-8-pro/p/4221523,https://www.specialized.com/es/es/epic-8-pro/p/4221523?color=5446071-4221523,html,2026-10-05
Specialized,Epic 8 Pro [67b9f449],Epic 8 Pro,,mtb,M,M,,,,,,598,450,"{""Longitud de biela"": ""170mm"", ""Ancho de manillar"": ""760mm"", ""Longitud Potencia"": ""60mm"", ""Saddle Width"": ""143mm"", ""Longitud Tija Sillín"": ""125mm"", ""Stack"": ""598mm"", ""Reach (low)"": ""450mm"", ""Longitud de Pipa"": ""130mm"", ""Head Tube Angle (low)"": ""65.9°"", ""Head Tube Angle (high)"": ""66.4°"", ""BB Height (low)"": ""326mm"", ""BB Height (high)"": ""331mm"", ""BB Drop (low)"": ""44mm"", ""Avance Horquilla"": ""117mm"", ""Longitud Horquilla"": ""530mm"", ""Avance/Retroceso Horquilla"": ""44mm"", ""Delante Centro"": ""747mm"", ""Longitud de vaina"": ""435mm"", ""Distancia entre ejes"": ""1179mm"", ""Bike Standover Height"": ""760mm"", ""Long. Tubo de Sillín"": ""410mm"", ""Ángulo de Tubo de Sillín"": ""75.5°"", ""Longitud Tubo Superior, Hrz."": ""605mm""}",7599,false,https://www.specialized.com/es/es/epic-8-pro/p/4221523,https://www.specialized.com/es/es/epic-8-pro/p/4221523?color=5446071-4221523,html,2026-10-05
Specialized,Epic 8 Pro [67b9f449],Epic 8 Pro,,mtb,L,L,,,,,,610,475,"{""Longitud de biela"": ""175mm"", ""Ancho de manillar"": ""760mm"", ""Longitud Potencia"": ""60mm"", ""Saddle Width"": ""143mm"", ""Longitud Tija Sillín"": ""125mm"", ""Stack"": ""610mm"", ""Reach (low)"": ""475mm"", ""Longitud de Pipa"": ""92mm"", ""Head Tube Angle (low)"": ""65.9°"", ""Head Tube Angle (high)"": ""66.4°"", ""BB Height (low)"": ""328mm"", ""BB Height (high)"": ""333mm"", ""BB Drop (low)"": ""42mm"", ""Avance Horquilla"": ""117mm"", ""Longitud Horquilla"": ""530mm"", ""Avance/Retroceso Horquilla"": ""44mm"", ""Delante Centro"": ""778mm"", ""Longitud de vaina"": ""435mm"", ""Distancia entre ejes"": ""1210mm"", ""Bike Standover Height"": ""769mm"", ""Long. Tubo de Sillín"": ""450mm"", ""Ángulo de Tubo de Sillín"": ""75.5°"", ""Longitud Tubo Superior, Hrz."": ""633mm""}",7599,false,https://www.specialized.com/es/es/epic-8-pro/p/4221523,https://www.specialized.com/es/es/epic-8-pro/p/4221523?color=5446071-4221523,html,2026-10-05
Specialized,Epic 8 Pro [67b9f449],Epic 8 Pro,,mtb,XL,XL,,,,,,628,500,"{""Longitud de biela"": ""175mm"", ""Ancho de manillar"": ""760mm"", ""Longitud Potencia"": ""60mm"", ""Saddle Width"": ""143mm"", ""Longitud Tija Sillín"": ""125mm"", ""Stack"": ""628mm"", ""Reach (low)"": ""500mm"", ""Longitud de Pipa"": ""95mm"", ""Head Tube Angle (low)"": ""65.9°"", ""Head Tube Angle (high)"": ""66.4°"", ""BB Height (low)"": ""328mm"", ""BB Height (high)"": ""333mm"", ""BB Drop (low)"": ""42mm"", ""Avance Horquilla"": ""117mm"", ""Longitud Horquilla"": ""530mm"", ""Avance/Retroceso Horquilla"": ""44mm"", ""Delante Centro"": ""811mm"", ""Longitud de vaina"": ""435mm"", ""Distancia entre ejes"": ""1243mm"", ""Bike Standover Height"": ""774mm"", ""Long. Tubo de Sillín"": ""500mm"", ""Ángulo de Tubo de Sillín"": ""75.5°"", ""Longitud Tubo Superior, Hrz."": ""662mm""}",7599,false,https://www.specialized.com/es/es/epic-8-pro/p/4221523,https://www.specialized.com/es/es/epic-8-pro/p/4221523?color=5446071-4221523,html,2026-10-05
Specialized,Rockhopper [8938a1a8],Rockhopper Expert,,mtb,XS - 27.5,XS,,,,,,559,375,"{""Longitud de biela"": ""165mm"", ""Ancho de manillar"": ""700mm"", ""Longitud Potencia"": ""35mm"", ""Saddle Width"": ""155mm"", ""Longitud Tija Sillín"": ""300mm"", ""Wheel Size"": ""27.5in"", ""Stack"": ""559mm"", ""Reach"": ""375mm"", ""Longitud de Pipa"": ""95mm"", ""Ángulo de Pipa"": ""68°"", ""Altura de Pedalier"": ""310mm"", ""Caída de pedalier"": ""43mm"", ""Avance Horquilla"": ""97mm"", ""Longitud de horquilla (total)"": ""475mm"", ""Avance/Retroceso Horquilla"": ""42mm"", ""Delante-Centro"": ""630mm"", ""Longitud de vaina"": ""440mm"", ""Distancia entre ejes"": ""1067mm"", ""Longitud Tubo Superior, (Horizontal)"": ""541mm"", ""Altura Tubo Superior Bici"": ""658mm"", ""Longitud Tubo Sillín"": ""310mm"", ""Ángulo Tubo Sillín"": ""73.5°""}",1299,false,https://www.specialized.com/es/es/rockhopper-expert/p/4221753,https://www.specialized.com/es/es/rockhopper-expert/p/4221753?color=5445550-4221753,html,2026-10-05
Specialized,Rockhopper [8938a1a8],Rockhopper Expert,,mtb,S - 27.5,S,,,,,,573,395,"{""Longitud de biela"": ""170mm"", ""Ancho de manillar"": ""720mm"", ""Longitud Potencia"": ""45mm"", ""Saddle Width"": ""155mm"", ""Longitud Tija Sillín"": ""350mm"", ""Wheel Size"": ""27.5in"", ""Stack"": ""573mm"", ""Reach"": ""395mm"", ""Longitud de Pipa"": ""100mm"", ""Ángulo de Pipa"": ""68°"", ""Altura de Pedalier"": ""310mm"", ""Caída de pedalier"": ""43mm"", ""Avance Horquilla"": ""97mm"", ""Longitud de horquilla (total)"": ""485mm"", ""Avance/Retroceso Horquilla"": ""42mm"", ""Delante-Centro"": ""656mm"", ""Longitud de vaina"": ""440mm"", ""Distancia entre ejes"": ""1092mm"", ""Longitud Tubo Superior, (Horizontal)"": ""565mm"", ""Altura Tubo Superior Bici"": ""695mm"", ""Longitud Tubo Sillín"": ""350mm"", ""Ángulo Tubo Sillín"": ""73.5°""}",1299,false,https://www.specialized.com/es/es/rockhopper-expert/p/4221753,https://www.specialized.com/es/es/rockhopper-expert/p/4221753?color=5445550-4221753,html,2026-10-05
Specialized,Rockhopper [8938a1a8],Rockhopper Expert,,mtb,M - 27.5,M,,,,,,589,415,"{""Longitud de biela"": ""170mm"", ""Ancho de manillar"": ""740mm"", ""Longitud Potencia"": ""60mm"", ""Saddle Width"": ""143mm"", ""Longitud Tija Sillín"": ""400mm"", ""Wheel Size"": ""27.5in"", ""Stack"": ""589mm"", ""Reach"": ""415mm"", ""Longitud de Pipa"": ""105mm"", ""Ángulo de Pipa"": ""68°"", ""Altura de Pedalier"": ""310mm"", ""Caída de pedalier"": ""43mm"", ""Avance Horquilla"": ""97mm"", ""Longitud de horquilla (total)"": ""495mm"", ""Avance/Retroceso Horquilla"": ""42mm"", ""Delante-Centro"": ""682mm"", ""Longitud de vaina"": ""440mm"", ""Distancia entre ejes"": ""1118mm"", ""Longitud Tubo Superior, (Horizontal)"": ""589mm"", ""Altura Tubo Superior Bici"": ""735mm"", ""Longitud Tubo Sillín"": ""400mm"", ""Ángulo Tubo Sillín"": ""73.5°""}",1299,false,https://www.specialized.com/es/es/rockhopper-expert/p/4221753,https://www.specialized.com/es/es/rockhopper-expert/p/4221753?color=5445550-4221753,html,2026-10-05
Specialized,Rockhopper [8938a1a8],Rockhopper Expert,,mtb,S - 29,S,,,,,,607,405,"{""Longitud de biela"": ""170mm"", ""Ancho de manillar"": ""720mm"", ""Longitud Potencia"": ""45mm"", ""Saddle Width"": ""155mm"", ""Longitud Tija Sillín"": ""350mm"", ""Wheel Size"": ""29in"", ""Stack"": ""607mm"", ""Reach"": ""405mm"", ""Longitud de Pipa"": ""95mm"", ""Ángulo de Pipa"": ""68.5°"", ""Altura de Pedalier"": ""310mm"", ""Caída de pedalier"": ""62mm"", ""Avance Horquilla"": ""97mm"", ""Longitud de horquilla (total)"": ""505mm"", ""Avance/Retroceso Horquilla"": ""46mm"", ""Delante-Centro"": ""672mm"", ""Longitud de vaina"": ""440mm"", ""Distancia entre ejes"": ""1105mm"", ""Longitud Tubo Superior, (Horizontal)"": ""586mm"", ""Altura Tubo Superior Bici"": ""732mm"", ""Longitud Tubo Sillín"": ""360mm"", ""Ángulo Tubo Sillín"": ""73.5°""}",1299,false,https://www.specialized.com/es/es/rockhopper-expert/p/4221753,https://www.specialized.com/es/es/rockhopper-expert/p/4221753?color=5445550-4221753,html,2026-10-05
Specialized,Rockhopper [8938a1a8],Rockhopper Expert,,mtb,M - 29,M,,,,,,616,425,"{""Longitud de biela"": ""170mm"", ""Ancho de manillar"": ""740mm"", ""Longitud Potencia"": ""60mm"", ""Saddle Width"": ""143mm"", ""Longitud Tija Sillín"": ""400mm"", ""Wheel Size"": ""29in"", ""Stack"": ""616mm"", ""Reach"": ""425mm"", ""Longitud de Pipa"": ""95mm"", ""Ángulo de Pipa"": ""68.5°"", ""Altura de Pedalier"": ""310mm"", ""Caída de pedalier"": ""62mm"", ""Avance Horquilla"": ""97mm"", ""Longitud de horquilla (total)"": ""515mm"", ""Avance/Retroceso Horquilla"": ""46mm"", ""Delante-Centro"": ""696mm"", ""Longitud de vaina"": ""440mm"", ""Distancia entre ejes"": ""1128mm"", ""Longitud Tubo Superior, (Horizontal)"": ""608mm"", ""Altura Tubo Superior Bici"": ""754mm"", ""Longitud Tubo Sillín"": ""400mm"", ""Ángulo Tubo Sillín"": ""73.5°""}",1299,false,https://www.specialized.com/es/es/rockhopper-expert/p/4221753,https://www.specialized.com/es/es/rockhopper-expert/p/4221753?color=5445550-4221753,html,2026-10-05
Specialized,Rockhopper [8938a1a8],Rockhopper Expert,,mtb,L - 29,L,,,,,,626,445,"{""Longitud de biela"": ""175mm"", ""Ancho de manillar"": ""740mm"", ""Longitud Potencia"": ""60mm"", ""Saddle Width"": ""143mm"", ""Longitud Tija Sillín"": ""400mm"", ""Wheel Size"": ""29in"", ""Stack"": ""626mm"", ""Reach"": ""445mm"", ""Longitud de Pipa"": ""105mm"", ""Ángulo de Pipa"": ""68.5°"", ""Altura de Pedalier"": ""310mm"", ""Caída de pedalier"": ""62mm"", ""Avance Horquilla"": ""97mm"", ""Longitud de horquilla (total)"": ""515mm"", ""Avance/Retroceso Horquilla"": ""46mm"", ""Delante-Centro"": ""719mm"", ""Longitud de vaina"": ""440mm"", ""Distancia entre ejes"": ""1152mm"", ""Longitud Tubo Superior, (Horizontal)"": ""630mm"", ""Altura Tubo Superior Bici"": ""781mm"", ""Longitud Tubo Sillín"": ""450mm"", ""Ángulo Tubo Sillín"": ""73.5°""}",1299,false,https://www.specialized.com/es/es/rockhopper-expert/p/4221753,https://www.specialized.com/es/es/rockhopper-expert/p/4221753?color=5445550-4221753,html,2026-10-05
Specialized,Rockhopper [8938a1a8],Rockhopper Expert,,mtb,XL - 29,XL,,,,,,640,465,"{""Longitud de biela"": ""175mm"", ""Ancho de manillar"": ""740mm"", ""Longitud Potencia"": ""70mm"", ""Saddle Width"": ""143mm"", ""Longitud Tija Sillín"": ""400mm"", ""Wheel Size"": ""29in"", ""Stack"": ""640mm"", ""Reach"": ""465mm"", ""Longitud de Pipa"": ""120mm"", ""Ángulo de Pipa"": ""68.5°"", ""Altura de Pedalier"": ""310mm"", ""Caída de pedalier"": ""62mm"", ""Avance Horquilla"": ""97mm"", ""Longitud de horquilla (total)"": ""515mm"", ""Avance/Retroceso Horquilla"": ""46mm"", ""Delante-Centro"": ""745mm"", ""Longitud de vaina"": ""440mm"", ""Distancia entre ejes"": ""1178mm"", ""Longitud Tubo Superior, (Horizontal)"": ""654mm"", ""Altura Tubo Superior Bici"": ""820mm"", ""Longitud Tubo Sillín"": ""500mm"", ""Ángulo Tubo Sillín"": ""73.5°""}",1299,false,https://www.specialized.com/es/es/rockhopper-expert/p/4221753,https://www.specialized.com/es/es/rockhopper-expert/p/4221753?color=5445550-4221753,html,2026-10-05
Specialized,Rockhopper [8938a1a8],Rockhopper Expert,,mtb,XXL - 29,XXL,,,,,,654,485,"{""Longitud de biela"": ""175mm"", ""Ancho de manillar"": ""740mm"", ""Longitud Potencia"": ""70mm"", ""Saddle Width"": ""143mm"", ""Longitud Tija Sillín"": ""400mm"", ""Wheel Size"": ""29in"", ""Stack"": ""654mm"", ""Reach"": ""485mm"", ""Longitud de Pipa"": ""135mm"", ""Ángulo de Pipa"": ""68.5°"", ""Altura de Pedalier"": ""310mm"", ""Caída de pedalier"": ""62mm"", ""Avance Horquilla"": ""97mm"", ""Longitud de horquilla (total)"": ""515mm"", ""Avance/Retroceso Horquilla"": ""46mm"", ""Delante-Centro"": ""770mm"", ""Longitud de vaina"": ""440mm"", ""Distancia entre ejes"": ""1203mm"", ""Longitud Tubo Superior, (Horizontal)"": ""679mm"", ""Altura Tubo Superior Bici"": ""853mm"", ""Longitud Tubo Sillín"": ""560mm"", ""Ángulo Tubo Sillín"": ""73.5°""}",1299,false,https://www.specialized.com/es/es/rockhopper-expert/p/4221753,https://www.specialized.com/es/es/rockhopper-expert/p/4221753?color=5445550-4221753,html,2026-10-05
Specialized,Rockhopper [8938a1a8],Rockhopper Comp,,mtb,XS - 27.5,XS,,,,,,559,375,"{""Longitud de biela"": ""165mm"", ""Ancho de manillar"": ""700mm"", ""Longitud Potencia"": ""40mm"", ""Saddle Width"": ""155mm"", ""Longitud Tija Sillín"": ""300mm"", ""Wheel Size"": ""27.5in"", ""Stack"": ""559mm"", ""Reach"": ""375mm"", ""Longitud de Pipa"": ""95mm"", ""Ángulo de Pipa"": ""68°"", ""Altura de Pedalier"": ""310mm"", ""Caída de pedalier"": ""43mm"", ""Avance Horquilla"": ""97mm"", ""Longitud de horquilla (total)"": ""475mm"", ""Avance/Retroceso Horquilla"": ""42mm"", ""Delante-Centro"": ""630mm"", ""Longitud de vaina"": ""440mm"", ""Distancia entre ejes"": ""1067mm"", ""Longitud Tubo Superior, (Horizontal)"": ""541mm"", ""Altura Tubo Superior Bici"": ""658mm"", ""Longitud Tubo Sillín"": ""310mm"", ""Ángulo Tubo Sillín"": ""73.5°""}",949,false,https://www.specialized.com/es/es/rockhopper-comp/p/4263611,https://www.specialized.com/es/es/rockhopper-comp/p/4263611?color=5478985-4263611,html,2026-10-05
Specialized,Rockhopper [8938a1a8],Rockhopper Comp,,mtb,S - 27.5,S,,,,,,573,395,"{""Longitud de biela"": ""1700000224697mm"", ""Ancho de manillar"": ""720mm"", ""Longitud Potencia"": ""40mm"", ""Saddle Width"": ""155mm"", ""Longitud Tija Sillín"": ""350mm"", ""Wheel Size"": ""27.5in"", ""Stack"": ""573mm"", ""Reach"": ""395mm"", ""Longitud de Pipa"": ""100mm"", ""Ángulo de Pipa"": ""68°"", ""Altura de Pedalier"": ""310mm"", ""Caída de pedalier"": ""43mm"", ""Avance Horquilla"": ""97mm"", ""Longitud de horquilla (total)"": ""485mm"", ""Avance/Retroceso Horquilla"": ""42mm"", ""Delante-Centro"": ""656mm"", ""Longitud de vaina"": ""440mm"", ""Distancia entre ejes"": ""1092mm"", ""Longitud Tubo Superior, (Horizontal)"": ""565mm"", ""Altura Tubo Superior Bici"": ""695mm"", ""Longitud Tubo Sillín"": ""350mm"", ""Ángulo Tubo Sillín"": ""73.5°""}",949,false,https://www.specialized.com/es/es/rockhopper-comp/p/4263611,https://www.specialized.com/es/es/rockhopper-comp/p/4263611?color=5478985-4263611,html,2026-10-05
Specialized,Rockhopper [8938a1a8],Rockhopper Comp,,mtb,M - 27.5,M,,,,,,589,415,"{""Longitud de biela"": ""170mm"", ""Ancho de manillar"": ""740mm"", ""Longitud Potencia"": ""60mm"", ""Saddle Width"": ""143mm"", ""Longitud Tija Sillín"": ""400mm"", ""Wheel Size"": ""27.5in"", ""Stack"": ""589mm"", ""Reach"": ""415mm"", ""Longitud de Pipa"": ""105mm"", ""Ángulo de Pipa"": ""68°"", ""Altura de Pedalier"": ""310mm"", ""Caída de pedalier"": ""43mm"", ""Avance Horquilla"": ""97mm"", ""Longitud de horquilla (total)"": ""495mm"", ""Avance/Retroceso Horquilla"": ""42mm"", ""Delante-Centro"": ""682mm"", ""Longitud de vaina"": ""440mm"", ""Distancia entre ejes"": ""1118mm"", ""Longitud Tubo Superior, (Horizontal)"": ""589mm"", ""Altura Tubo Superior Bici"": ""735mm"", ""Longitud Tubo Sillín"": ""400mm"", ""Ángulo Tubo Sillín"": ""73.5°""}",949,false,https://www.specialized.com/es/es/rockhopper-comp/p/4263611,https://www.specialized.com/es/es/rockhopper-comp/p/4263611?color=5478985-4263611,html,2026-10-05
Specialized,Rockhopper [8938a1a8],Rockhopper Comp,,mtb,S - 29,S,,,,,,607,405,"{""Longitud de biela"": ""170mm"", ""Ancho de manillar"": ""720mm"", ""Longitud Potencia"": ""40mm"", ""Saddle Width"": ""155mm"", ""Longitud Tija Sillín"": ""350mm"", ""Wheel Size"": ""29in"", ""Stack"": ""607mm"", ""Reach"": ""405mm"", ""Longitud de Pipa"": ""95mm"", ""Ángulo de Pipa"": ""68.5°"", ""Altura de Pedalier"": ""310mm"", ""Caída de pedalier"": ""62mm"", ""Avance Horquilla"": ""97mm"", ""Longitud de horquilla (total)"": ""505mm"", ""Avance/Retroceso Horquilla"": ""46mm"", ""Delante-Centro"": ""672mm"", ""Longitud de vaina"": ""440mm"", ""Distancia entre ejes"": ""1105mm"", ""Longitud Tubo Superior, (Horizontal)"": ""586mm"", ""Altura Tubo Superior Bici"": ""732mm"", ""Longitud Tubo Sillín"": ""360mm"", ""Ángulo Tubo Sillín"": ""73.5°""}",949,false,https://www.specialized.com/es/es/rockhopper-comp/p/4263611,https://www.specialized.com/es/es/rockhopper-comp/p/4263611?color=5478985-4263611,html,2026-10-05
Specialized,Rockhopper [8938a1a8],Rockhopper Comp,,mtb,M - 29,M,,,,,,616,425,"{""Longitud de biela"": ""170mm"", ""Ancho de manillar"": ""740mm"", ""Longitud Potencia"": ""60mm"", ""Saddle Width"": ""143mm"", ""Longitud Tija Sillín"": ""400mm"", ""Wheel Size"": ""29in"", ""Stack"": ""616mm"", ""Reach"": ""425mm"", ""Longitud de Pipa"": ""95mm"", ""Ángulo de Pipa"": ""68.5°"", ""Altura de Pedalier"": ""310mm"", ""Caída de pedalier"": ""62mm"", ""Avance Horquilla"": ""97mm"", ""Longitud de horquilla (total)"": ""515mm"", ""Avance/Retroceso Horquilla"": ""46mm"", ""Delante-Centro"": ""696mm"", ""Longitud de vaina"": ""440mm"", ""Distancia entre ejes"": ""1128mm"", ""Longitud Tubo Superior, (Horizontal)"": ""608mm"", ""Altura Tubo Superior Bici"": ""754mm"", ""Longitud Tubo Sillín"": ""400mm"", ""Ángulo Tubo Sillín"": ""73.5°""}",949,false,https://www.specialized.com/es/es/rockhopper-comp/p/4263611,https://www.specialized.com/es/es/rockhopper-comp/p/4263611?color=5478985-4263611,html,2026-10-05
Specialized,Rockhopper [8938a1a8],Rockhopper Comp,,mtb,L - 29,L,,,,,,626,445,"{""Longitud de biela"": ""170mm"", ""Ancho de manillar"": ""740mm"", ""Longitud Potencia"": ""60mm"", ""Saddle Width"": ""143mm"", ""Longitud Tija Sillín"": ""400mm"", ""Wheel Size"": ""29in"", ""Stack"": ""626mm"", ""Reach"": ""445mm"", ""Longitud de Pipa"": ""105mm"", ""Ángulo de Pipa"": ""68.5°"", ""Altura de Pedalier"": ""310mm"", ""Caída de pedalier"": ""62mm"", ""Avance Horquilla"": ""97mm"", ""Longitud de horquilla (total)"": ""515mm"", ""Avance/Retroceso Horquilla"": ""46mm"", ""Delante-Centro"": ""719mm"", ""Longitud de vaina"": ""440mm"", ""Distancia entre ejes"": ""1152mm"", ""Longitud Tubo Superior, (Horizontal)"": ""630mm"", ""Altura Tubo Superior Bici"": ""781mm"", ""Longitud Tubo Sillín"": ""450mm"", ""Ángulo Tubo Sillín"": ""73.5°""}",949,false,https://www.specialized.com/es/es/rockhopper-comp/p/4263611,https://www.specialized.com/es/es/rockhopper-comp/p/4263611?color=5478985-4263611,html,2026-10-05
Specialized,Rockhopper [8938a1a8],Rockhopper Comp,,mtb,XL - 29,XL,,,,,,640,465,"{""Longitud de biela"": ""175mm"", ""Ancho de manillar"": ""740mm"", ""Longitud Potencia"": ""70mm"", ""Saddle Width"": ""143mm"", ""Longitud Tija Sillín"": ""400mm"", ""Wheel Size"": ""29in"", ""Stack"": ""640mm"", ""Reach"": ""465mm"", ""Longitud de Pipa"": ""120mm"", ""Ángulo de Pipa"": ""68.5°"", ""Altura de Pedalier"": ""310mm"", ""Caída de pedalier"": ""62mm"", ""Avance Horquilla"": ""97mm"", ""Longitud de horquilla (total)"": ""515mm"", ""Avance/Retroceso Horquilla"": ""46mm"", ""Delante-Centro"": ""745mm"", ""Longitud de vaina"": ""440mm"", ""Distancia entre ejes"": ""1178mm"", ""Longitud Tubo Superior, (Horizontal)"": ""654mm"", ""Altura Tubo Superior Bici"": ""820mm"", ""Longitud Tubo Sillín"": ""500mm"", ""Ángulo Tubo Sillín"": ""73.5°""}",949,false,https://www.specialized.com/es/es/rockhopper-comp/p/4263611,https://www.specialized.com/es/es/rockhopper-comp/p/4263611?color=5478985-4263611,html,2026-10-05
Specialized,Rockhopper [8938a1a8],Rockhopper Comp,,mtb,XXL - 29,XXL,,,,,,654,485,"{""Longitud de biela"": ""175mm"", ""Ancho de manillar"": ""740mm"", ""Longitud Potencia"": ""70mm"", ""Saddle Width"": ""143mm"", ""Longitud Tija Sillín"": ""400mm"", ""Wheel Size"": ""29in"", ""Stack"": ""654mm"", ""Reach"": ""485mm"", ""Longitud de Pipa"": ""135mm"", ""Ángulo de Pipa"": ""68.5°"", ""Altura de Pedalier"": ""310mm"", ""Caída de pedalier"": ""62mm"", ""Avance Horquilla"": ""97mm"", ""Longitud de horquilla (total)"": ""515mm"", ""Avance/Retroceso Horquilla"": ""46mm"", ""Delante-Centro"": ""770mm"", ""Longitud de vaina"": ""440mm"", ""Distancia entre ejes"": ""1203mm"", ""Longitud Tubo Superior, (Horizontal)"": ""679mm"", ""Altura Tubo Superior Bici"": ""853mm"", ""Longitud Tubo Sillín"": ""560mm"", ""Ángulo Tubo Sillín"": ""73.5°""}",949,false,https://www.specialized.com/es/es/rockhopper-comp/p/4263611,https://www.specialized.com/es/es/rockhopper-comp/p/4263611?color=5478985-4263611,html,2026-10-05
Specialized,Rockhopper [99b6e2c4],Rockhopper,,mtb,XXS - 26,XXS,,,,,,543,355,"{""Longitud de biela"": ""160mm"", ""Ancho de manillar"": ""700mm"", ""Longitud Potencia"": ""35mm"", ""Saddle Width"": ""143mm"", ""Longitud Tija Sillín"": ""300mm"", ""Wheel Size"": ""26in"", ""Stack"": ""543mm"", ""Reach"": ""355mm"", ""Longitud de Pipa"": ""95mm"", ""Ángulo de Pipa"": ""68°"", ""Altura de Pedalier"": ""310mm"", ""Caída de pedalier"": ""44mm"", ""Avance Horquilla"": ""94mm"", ""Longitud de horquilla (total)"": ""455mm"", ""Avance/Retroceso Horquilla"": ""46mm"", ""Delante-Centro"": ""601mm"", ""Longitud de vaina"": ""420mm"", ""Distancia entre ejes"": ""1017mm"", ""Longitud Tubo Superior, (Horizontal)"": ""516mm"", ""Altura Tubo Superior Bici"": ""781mm"", ""Longitud Tubo Sillín"": ""310mm"", ""Ángulo Tubo Sillín"": ""73.5°""}",649,false,https://www.specialized.com/es/es/rockhopper/p/4279922,https://www.specialized.com/es/es/rockhopper/p/4279922?color=5448503-4279922,html,2026-10-05
Specialized,Rockhopper [99b6e2c4],Rockhopper,,mtb,XS - 27.5,XS,,,,,,559,375,"{""Longitud de biela"": ""165mm"", ""Ancho de manillar"": ""700mm"", ""Longitud Potencia"": ""35mm"", ""Saddle Width"": ""155mm"", ""Longitud Tija Sillín"": ""300mm"", ""Wheel Size"": ""27.5in"", ""Stack"": ""559mm"", ""Reach"": ""375mm"", ""Longitud de Pipa"": ""95mm"", ""Ángulo de Pipa"": ""68°"", ""Altura de Pedalier"": ""310mm"", ""Caída de pedalier"": ""43mm"", ""Avance Horquilla"": ""97mm"", ""Longitud de horquilla (total)"": ""475mm"", ""Avance/Retroceso Horquilla"": ""46mm"", ""Delante-Centro"": ""630mm"", ""Longitud de vaina"": ""440mm"", ""Distancia entre ejes"": ""1067mm"", ""Longitud Tubo Superior, (Horizontal)"": ""541mm"", ""Altura Tubo Superior Bici"": ""820mm"", ""Longitud Tubo Sillín"": ""310mm"", ""Ángulo Tubo Sillín"": ""73.5°""}",649,false,https://www.specialized.com/es/es/rockhopper/p/4279922,https://www.specialized.com/es/es/rockhopper/p/4279922?color=5448503-4279922,html,2026-10-05
Specialized,Rockhopper [99b6e2c4],Rockhopper,,mtb,S - 27.5,S,,,,,,573,395,"{""Longitud de biela"": ""170mm"", ""Ancho de manillar"": ""720mm"", ""Longitud Potencia"": ""45mm"", ""Saddle Width"": ""155mm"", ""Longitud Tija Sillín"": ""350mm"", ""Wheel Size"": ""27.5in"", ""Stack"": ""573mm"", ""Reach"": ""395mm"", ""Longitud de Pipa"": ""100mm"", ""Ángulo de Pipa"": ""68°"", ""Altura de Pedalier"": ""310mm"", ""Caída de pedalier"": ""43mm"", ""Avance Horquilla"": ""97mm"", ""Longitud de horquilla (total)"": ""485mm"", ""Avance/Retroceso Horquilla"": ""46mm"", ""Delante-Centro"": ""656mm"", ""Longitud de vaina"": ""440mm"", ""Distancia entre ejes"": ""1092mm"", ""Longitud Tubo Superior, (Horizontal)"": ""565mm"", ""Altura Tubo Superior Bici"": ""853mm"", ""Longitud Tubo Sillín"": ""350mm"", ""Ángulo Tubo Sillín"": ""73.5°""}",649,false,https://www.specialized.com/es/es/rockhopper/p/4279922,https://www.specialized.com/es/es/rockhopper/p/4279922?color=5448503-4279922,html,2026-10-05
Specialized,Rockhopper [99b6e2c4],Rockhopper,,mtb,S - 29,S,,,,,,589,415,"{""Longitud de biela"": ""170mm"", ""Ancho de manillar"": ""740mm"", ""Longitud Potencia"": ""60mm"", ""Saddle Width"": ""143mm"", ""Longitud Tija Sillín"": ""400mm"", ""Wheel Size"": ""27.5in"", ""Stack"": ""589mm"", ""Reach"": ""415mm"", ""Longitud de Pipa"": ""105mm"", ""Ángulo de Pipa"": ""68°"", ""Altura de Pedalier"": ""310mm"", ""Caída de pedalier"": ""43mm"", ""Avance Horquilla"": ""97mm"", ""Longitud de horquilla (total)"": ""495mm"", ""Avance/Retroceso Horquilla"": ""46mm"", ""Delante-Centro"": ""682mm"", ""Longitud de vaina"": ""440mm"", ""Distancia entre ejes"": ""1118mm"", ""Longitud Tubo Superior, (Horizontal)"": ""589mm"", ""Altura Tubo Superior Bici"": ""647mm"", ""Longitud Tubo Sillín"": ""400mm"", ""Ángulo Tubo Sillín"": ""73.5°""}",649,false,https://www.specialized.com/es/es/rockhopper/p/4279922,https://www.specialized.com/es/es/rockhopper/p/4279922?color=5448503-4279922,html,2026-10-05
Specialized,Rockhopper [99b6e2c4],Rockhopper,,mtb,M - 27.5,M,,,,,,607,405,"{""Longitud de biela"": ""170mm"", ""Ancho de manillar"": ""720mm"", ""Longitud Potencia"": ""45mm"", ""Saddle Width"": ""155mm"", ""Longitud Tija Sillín"": ""350mm"", ""Wheel Size"": ""29in"", ""Stack"": ""607mm"", ""Reach"": ""405mm"", ""Longitud de Pipa"": ""95mm"", ""Ángulo de Pipa"": ""68.5°"", ""Altura de Pedalier"": ""310mm"", ""Caída de pedalier"": ""62mm"", ""Avance Horquilla"": ""97mm"", ""Longitud de horquilla (total)"": ""505mm"", ""Avance/Retroceso Horquilla"": ""40mm"", ""Delante-Centro"": ""672mm"", ""Longitud de vaina"": ""440mm"", ""Distancia entre ejes"": ""1105mm"", ""Longitud Tubo Superior, (Horizontal)"": ""586mm"", ""Altura Tubo Superior Bici"": ""658mm"", ""Longitud Tubo Sillín"": ""360mm"", ""Ángulo Tubo Sillín"": ""73.5°""}",649,false,https://www.specialized.com/es/es/rockhopper/p/4279922,https://www.specialized.com/es/es/rockhopper/p/4279922?color=5448503-4279922,html,2026-10-05
Specialized,Rockhopper [99b6e2c4],Rockhopper,,mtb,M - 29,M,,,,,,616,425,"{""Longitud de biela"": ""170mm"", ""Ancho de manillar"": ""740mm"", ""Longitud Potencia"": ""60mm"", ""Saddle Width"": ""143mm"", ""Longitud Tija Sillín"": ""400mm"", ""Wheel Size"": ""29in"", ""Stack"": ""616mm"", ""Reach"": ""425mm"", ""Longitud de Pipa"": ""95mm"", ""Ángulo de Pipa"": ""68.5°"", ""Altura de Pedalier"": ""310mm"", ""Caída de pedalier"": ""62mm"", ""Avance Horquilla"": ""97mm"", ""Longitud de horquilla (total)"": ""515mm"", ""Avance/Retroceso Horquilla"": ""42mm"", ""Delante-Centro"": ""696mm"", ""Longitud de vaina"": ""440mm"", ""Distancia entre ejes"": ""1128mm"", ""Longitud Tubo Superior, (Horizontal)"": ""608mm"", ""Altura Tubo Superior Bici"": ""695mm"", ""Longitud Tubo Sillín"": ""400mm"", ""Ángulo Tubo Sillín"": ""73.5°""}",649,false,https://www.specialized.com/es/es/rockhopper/p/4279922,https://www.specialized.com/es/es/rockhopper/p/4279922?color=5448503-4279922,html,2026-10-05
Specialized,Rockhopper [99b6e2c4],Rockhopper,,mtb,L - 29,L,,,,,,626,445,"{""Longitud de biela"": ""170mm"", ""Ancho de manillar"": ""740mm"", ""Longitud Potencia"": ""60mm"", ""Saddle Width"": ""143mm"", ""Longitud Tija Sillín"": ""400mm"", ""Wheel Size"": ""29in"", ""Stack"": ""626mm"", ""Reach"": ""445mm"", ""Longitud de Pipa"": ""105mm"", ""Ángulo de Pipa"": ""68.5°"", ""Altura de Pedalier"": ""310mm"", ""Caída de pedalier"": ""62mm"", ""Avance Horquilla"": ""97mm"", ""Longitud de horquilla (total)"": ""515mm"", ""Avance/Retroceso Horquilla"": ""42mm"", ""Delante-Centro"": ""719mm"", ""Longitud de vaina"": ""440mm"", ""Distancia entre ejes"": ""1152mm"", ""Longitud Tubo Superior, (Horizontal)"": ""630mm"", ""Altura Tubo Superior Bici"": ""735mm"", ""Longitud Tubo Sillín"": ""450mm"", ""Ángulo Tubo Sillín"": ""73.5°""}",649,false,https://www.specialized.com/es/es/rockhopper/p/4279922,https://www.specialized.com/es/es/rockhopper/p/4279922?color=5448503-4279922,html,2026-10-05
Specialized,Rockhopper [99b6e2c4],Rockhopper,,mtb,XL - 29,XL,,,,,,640,465,"{""Longitud de biela"": ""175mm"", ""Ancho de manillar"": ""740mm"", ""Longitud Potencia"": ""70mm"", ""Saddle Width"": ""143mm"", ""Longitud Tija Sillín"": ""400mm"", ""Wheel Size"": ""29in"", ""Stack"": ""640mm"", ""Reach"": ""465mm"", ""Longitud de Pipa"": ""120mm"", ""Ángulo de Pipa"": ""68.5°"", ""Altura de Pedalier"": ""310mm"", ""Caída de pedalier"": ""62mm"", ""Avance Horquilla"": ""97mm"", ""Longitud de horquilla (total)"": ""515mm"", ""Avance/Retroceso Horquilla"": ""42mm"", ""Delante-Centro"": ""745mm"", ""Longitud de vaina"": ""440mm"", ""Distancia entre ejes"": ""1178mm"", ""Longitud Tubo Superior, (Horizontal)"": ""654mm"", ""Altura Tubo Superior Bici"": ""732mm"", ""Longitud Tubo Sillín"": ""500mm"", ""Ángulo Tubo Sillín"": ""73.5°""}",649,false,https://www.specialized.com/es/es/rockhopper/p/4279922,https://www.specialized.com/es/es/rockhopper/p/4279922?color=5448503-4279922,html,2026-10-05
Specialized,Rockhopper [99b6e2c4],Rockhopper,,mtb,XXL - 29,XXL,,,,,,654,485,"{""Longitud de biela"": ""175mm"", ""Ancho de manillar"": ""740mm"", ""Longitud Potencia"": ""70mm"", ""Saddle Width"": ""143mm"", ""Longitud Tija Sillín"": ""400mm"", ""Wheel Size"": ""29in"", ""Stack"": ""654mm"", ""Reach"": ""485mm"", ""Longitud de Pipa"": ""135mm"", ""Ángulo de Pipa"": ""68.5°"", ""Altura de Pedalier"": ""295mm"", ""Caída de pedalier"": ""62mm"", ""Avance Horquilla"": ""97mm"", ""Longitud de horquilla (total)"": ""515mm"", ""Avance/Retroceso Horquilla"": ""46mm"", ""Delante-Centro"": ""770mm"", ""Longitud de vaina"": ""440mm"", ""Distancia entre ejes"": ""1203mm"", ""Longitud Tubo Superior, (Horizontal)"": ""679mm"", ""Altura Tubo Superior Bici"": ""754mm"", ""Longitud Tubo Sillín"": ""560mm"", ""Ángulo Tubo Sillín"": ""73.5°""}",649,false,https://www.specialized.com/es/es/rockhopper/p/4279922,https://www.specialized.com/es/es/rockhopper/p/4279922?color=5448503-4279922,html,2026-10-05
Specialized,Stumpjumper 15 EVO Pro [f167adef],"S-Works Stumpjumper 15 EVO - Shimano XTR Di2, FOX Factory",,mtb,S1,S,,,,,,611,400,"{""Longitud de biela"": ""165mm"", ""Ancho de manillar"": ""800mm"", ""Longitud Potencia"": ""40mm"", ""Saddle Width"": ""155mm"", ""Longitud Tija Sillín"": ""125mm"", ""Stack"": ""611mm"", ""Reach"": ""400mm"", ""Headtube Length"": ""95mm"", ""Headtube Angle"": ""64°"", ""Altura Pedalier"": ""337mm"", ""Caída Pedalier"": ""38mm"", ""Avance Horquilla"": ""133mm"", ""Longitud de horquilla (total)"": ""561mm"", ""Avance/Retroceso Horquilla"": ""44mm"", ""Delante Centro"": ""724mm"", ""Longitud de vaina"": ""430mm"", ""Distancia entre ejes"": ""1153mm"", ""Top-tube Length (horizontal)"": ""542mm"", ""Bike Standover Height"": ""738mm"", ""Long. Tubo de Sillín"": ""385mm"", ""Ángulo de Tubo de Sillín"": ""77.7°"", ""Saddle Height for Effective ST Angle"": ""645mm"", ""Max Seatpost Insertion"": ""245mm"", ""Min Seatpost Insertion"": ""80mm""}",12499,false,https://www.specialized.com/es/es/s-works-stumpjumper-15-evo-shimano-xtr-di2-fox-factory/p/4291508,https://www.specialized.com/es/es/s-works-stumpjumper-15-evo-shimano-xtr-di2-fox-factory/p/4291508?color=5461536-4291508,html,2026-10-05
Specialized,Stumpjumper 15 EVO Pro [f167adef],"S-Works Stumpjumper 15 EVO - Shimano XTR Di2, FOX Factory",,mtb,S2,S,,,,,,621,420,"{""Longitud de biela"": ""165mm"", ""Ancho de manillar"": ""800mm"", ""Longitud Potencia"": ""40mm"", ""Saddle Width"": ""155mm"", ""Longitud Tija Sillín"": ""150mm"", ""Stack"": ""621mm"", ""Reach"": ""420mm"", ""Headtube Length"": ""100mm"", ""Headtube Angle"": ""64°"", ""Altura Pedalier"": ""340mm"", ""Caída Pedalier"": ""35mm"", ""Avance Horquilla"": ""134mm"", ""Longitud de horquilla (total)"": ""573mm"", ""Avance/Retroceso Horquilla"": ""44mm"", ""Delante Centro"": ""755mm"", ""Longitud de vaina"": ""432mm"", ""Distancia entre ejes"": ""1186mm"", ""Top-tube Length (horizontal)"": ""574mm"", ""Bike Standover Height"": ""751mm"", ""Long. Tubo de Sillín"": ""385mm"", ""Ángulo de Tubo de Sillín"": ""76.5°"", ""Saddle Height for Effective ST Angle"": ""690mm"", ""Max Seatpost Insertion"": ""245mm"", ""Min Seatpost Insertion"": ""80mm""}",12499,false,https://www.specialized.com/es/es/s-works-stumpjumper-15-evo-shimano-xtr-di2-fox-factory/p/4291508,https://www.specialized.com/es/es/s-works-stumpjumper-15-evo-shimano-xtr-di2-fox-factory/p/4291508?color=5461536-4291508,html,2026-10-05
Specialized,Stumpjumper 15 EVO Pro [f167adef],"S-Works Stumpjumper 15 EVO - Shimano XTR Di2, FOX Factory",,mtb,S3,S,,,,,,630,445,"{""Longitud de biela"": ""165mm"", ""Ancho de manillar"": ""800mm"", ""Longitud Potencia"": ""40mm"", ""Saddle Width"": ""143mm"", ""Longitud Tija Sillín"": ""175mm"", ""Stack"": ""630mm"", ""Reach"": ""445mm"", ""Headtube Length"": ""110mm"", ""Headtube Angle"": ""64°"", ""Altura Pedalier"": ""340mm"", ""Caída Pedalier"": ""35mm"", ""Avance Horquilla"": ""134mm"", ""Longitud de horquilla (total)"": ""573mm"", ""Avance/Retroceso Horquilla"": ""44mm"", ""Delante Centro"": ""785mm"", ""Longitud de vaina"": ""435mm"", ""Distancia entre ejes"": ""1217mm"", ""Top-tube Length (horizontal)"": ""596mm"", ""Bike Standover Height"": ""745mm"", ""Long. Tubo de Sillín"": ""405mm"", ""Ángulo de Tubo de Sillín"": ""76.5°"", ""Saddle Height for Effective ST Angle"": ""735mm"", ""Max Seatpost Insertion"": ""255mm"", ""Min Seatpost Insertion"": ""80mm""}",12499,false,https://www.specialized.com/es/es/s-works-stumpjumper-15-evo-shimano-xtr-di2-fox-factory/p/4291508,https://www.specialized.com/es/es/s-works-stumpjumper-15-evo-shimano-xtr-di2-fox-factory/p/4291508?color=5461536-4291508,html,2026-10-05
Specialized,Stumpjumper 15 EVO Pro [f167adef],"S-Works Stumpjumper 15 EVO - Shimano XTR Di2, FOX Factory",,mtb,S4,S,,,,,,644,470,"{""Longitud de biela"": ""170mm"", ""Ancho de manillar"": ""800mm"", ""Longitud Potencia"": ""40mm"", ""Saddle Width"": ""143mm"", ""Longitud Tija Sillín"": ""200mm"", ""Stack"": ""644mm"", ""Reach"": ""470mm"", ""Headtube Length"": ""125mm"", ""Headtube Angle"": ""64°"", ""Altura Pedalier"": ""340mm"", ""Caída Pedalier"": ""35mm"", ""Avance Horquilla"": ""134mm"", ""Longitud de horquilla (total)"": ""573mm"", ""Avance/Retroceso Horquilla"": ""44mm"", ""Delante Centro"": ""816mm"", ""Longitud de vaina"": ""435mm"", ""Distancia entre ejes"": ""1249mm"", ""Top-tube Length (horizontal)"": ""625mm"", ""Bike Standover Height"": ""745mm"", ""Long. Tubo de Sillín"": ""425mm"", ""Ángulo de Tubo de Sillín"": ""76°"", ""Saddle Height for Effective ST Angle"": ""780mm"", ""Max Seatpost Insertion"": ""255mm"", ""Min Seatpost Insertion"": ""80mm""}",12499,false,https://www.specialized.com/es/es/s-works-stumpjumper-15-evo-shimano-xtr-di2-fox-factory/p/4291508,https://www.specialized.com/es/es/s-works-stumpjumper-15-evo-shimano-xtr-di2-fox-factory/p/4291508?color=5461536-4291508,html,2026-10-05
Specialized,Stumpjumper 15 EVO Pro [f167adef],"S-Works Stumpjumper 15 EVO - Shimano XTR Di2, FOX Factory",,mtb,S5,S,,,,,,658,495,"{""Longitud de biela"": ""170mm"", ""Ancho de manillar"": ""800mm"", ""Longitud Potencia"": ""40mm"", ""Saddle Width"": ""143mm"", ""Longitud Tija Sillín"": ""200mm"", ""Stack"": ""658mm"", ""Reach"": ""495mm"", ""Headtube Length"": ""140mm"", ""Headtube Angle"": ""64°"", ""Altura Pedalier"": ""340mm"", ""Caída Pedalier"": ""35mm"", ""Avance Horquilla"": ""134mm"", ""Longitud de horquilla (total)"": ""573mm"", ""Avance/Retroceso Horquilla"": ""44mm"", ""Delante Centro"": ""848mm"", ""Longitud de vaina"": ""445mm"", ""Distancia entre ejes"": ""1290mm"", ""Top-tube Length (horizontal)"": ""649mm"", ""Bike Standover Height"": ""745mm"", ""Long. Tubo de Sillín"": ""445mm"", ""Ángulo de Tubo de Sillín"": ""76°"", ""Saddle Height for Effective ST Angle"": ""825mm"", ""Max Seatpost Insertion"": ""285mm"", ""Min Seatpost Insertion"": ""80mm""}",12499,false,https://www.specialized.com/es/es/s-works-stumpjumper-15-evo-shimano-xtr-di2-fox-factory/p/4291508,https://www.specialized.com/es/es/s-works-stumpjumper-15-evo-shimano-xtr-di2-fox-factory/p/4291508?color=5461536-4291508,html,2026-10-05
Specialized,Stumpjumper 15 EVO Pro [f167adef],"S-Works Stumpjumper 15 EVO - Shimano XTR Di2, FOX Factory",,mtb,S6,S,,,,,,671,525,"{""Longitud de biela"": ""170mm"", ""Ancho de manillar"": ""800mm"", ""Longitud Potencia"": ""40mm"", ""Saddle Width"": ""143mm"", ""Longitud Tija Sillín"": ""200mm"", ""Stack"": ""671mm"", ""Reach"": ""525mm"", ""Headtube Length"": ""155mm"", ""Headtube Angle"": ""64°"", ""Altura Pedalier"": ""340mm"", ""Caída Pedalier"": ""35mm"", ""Avance Horquilla"": ""134mm"", ""Longitud de horquilla (total)"": ""573mm"", ""Avance/Retroceso Horquilla"": ""44mm"", ""Delante Centro"": ""884mm"", ""Longitud de vaina"": ""445mm"", ""Distancia entre ejes"": ""1327mm"", ""Top-tube Length (horizontal)"": ""678mm"", ""Bike Standover Height"": ""751mm"", ""Long. Tubo de Sillín"": ""465mm"", ""Ángulo de Tubo de Sillín"": ""76°"", ""Saddle Height for Effective ST Angle"": ""870mm"", ""Max Seatpost Insertion"": ""285mm"", ""Min Seatpost Insertion"": ""80mm""}",12499,false,https://www.specialized.com/es/es/s-works-stumpjumper-15-evo-shimano-xtr-di2-fox-factory/p/4291508,https://www.specialized.com/es/es/s-works-stumpjumper-15-evo-shimano-xtr-di2-fox-factory/p/4291508?color=5461536-4291508,html,2026-10-05
Specialized,Stumpjumper 15 EVO Pro [f167adef],Stumpjumper 15 EVO Pro,,mtb,S1,S,,,,,,611,400,"{""Longitud de biela"": ""165mm"", ""Ancho de manillar"": ""810mm"", ""Longitud Potencia"": ""42mm"", ""Saddle Width"": ""155mm"", ""Longitud Tija Sillín"": ""125mm"", ""Stack"": ""611mm"", ""Reach"": ""400mm"", ""Headtube Length"": ""95mm"", ""Headtube Angle"": ""64°"", ""Altura Pedalier"": ""337mm"", ""Caída Pedalier"": ""38mm"", ""Avance Horquilla"": ""133mm"", ""Longitud de horquilla (total)"": ""561mm"", ""Avance/Retroceso Horquilla"": ""44mm"", ""Delante Centro"": ""724mm"", ""Longitud de vaina"": ""430mm"", ""Distancia entre ejes"": ""1153mm"", ""Top-tube Length (horizontal)"": ""542mm"", ""Bike Standover Height"": ""738mm"", ""Long. Tubo de Sillín"": ""385mm"", ""Ángulo de Tubo de Sillín"": ""77.7°"", ""Saddle Height for Effective ST Angle"": ""645mm"", ""Max Seatpost Insertion"": ""245mm"", ""Min Seatpost Insertion"": ""80mm""}",8999,false,https://www.specialized.com/es/es/stumpjumper-15-evo-pro/p/4221482,https://www.specialized.com/es/es/stumpjumper-15-evo-pro/p/4221482?color=5466647-4221482,html,2026-10-05
Specialized,Stumpjumper 15 EVO Pro [f167adef],Stumpjumper 15 EVO Pro,,mtb,S2,S,,,,,,621,420,"{""Longitud de biela"": ""165mm"", ""Ancho de manillar"": ""810mm"", ""Longitud Potencia"": ""42mm"", ""Saddle Width"": ""155mm"", ""Longitud Tija Sillín"": ""160mm"", ""Stack"": ""621mm"", ""Reach"": ""420mm"", ""Headtube Length"": ""100mm"", ""Headtube Angle"": ""64°"", ""Altura Pedalier"": ""340mm"", ""Caída Pedalier"": ""35mm"", ""Avance Horquilla"": ""134mm"", ""Longitud de horquilla (total)"": ""573mm"", ""Avance/Retroceso Horquilla"": ""44mm"", ""Delante Centro"": ""755mm"", ""Longitud de vaina"": ""432mm"", ""Distancia entre ejes"": ""1186mm"", ""Top-tube Length (horizontal)"": ""574mm"", ""Bike Standover Height"": ""751mm"", ""Long. Tubo de Sillín"": ""385mm"", ""Ángulo de Tubo de Sillín"": ""76.5°"", ""Saddle Height for Effective ST Angle"": ""690mm"", ""Max Seatpost Insertion"": ""245mm"", ""Min Seatpost Insertion"": ""80mm""}",8999,false,https://www.specialized.com/es/es/stumpjumper-15-evo-pro/p/4221482,https://www.specialized.com/es/es/stumpjumper-15-evo-pro/p/4221482?color=5466647-4221482,html,2026-10-05
Specialized,Stumpjumper 15 EVO Pro [f167adef],Stumpjumper 15 EVO Pro,,mtb,S3,S,,,,,,630,445,"{""Longitud de biela"": ""165mm"", ""Ancho de manillar"": ""810mm"", ""Longitud Potencia"": ""42mm"", ""Saddle Width"": ""143mm"", ""Longitud Tija Sillín"": ""185mm"", ""Stack"": ""630mm"", ""Reach"": ""445mm"", ""Headtube Length"": ""110mm"", ""Headtube Angle"": ""64°"", ""Altura Pedalier"": ""340mm"", ""Caída Pedalier"": ""35mm"", ""Avance Horquilla"": ""134mm"", ""Longitud de horquilla (total)"": ""573mm"", ""Avance/Retroceso Horquilla"": ""44mm"", ""Delante Centro"": ""785mm"", ""Longitud de vaina"": ""435mm"", ""Distancia entre ejes"": ""1217mm"", ""Top-tube Length (horizontal)"": ""596mm"", ""Bike Standover Height"": ""745mm"", ""Long. Tubo de Sillín"": ""405mm"", ""Ángulo de Tubo de Sillín"": ""76.5°"", ""Saddle Height for Effective ST Angle"": ""735mm"", ""Max Seatpost Insertion"": ""255mm"", ""Min Seatpost Insertion"": ""80mm""}",8999,false,https://www.specialized.com/es/es/stumpjumper-15-evo-pro/p/4221482,https://www.specialized.com/es/es/stumpjumper-15-evo-pro/p/4221482?color=5466647-4221482,html,2026-10-05
Specialized,Stumpjumper 15 EVO Pro [f167adef],Stumpjumper 15 EVO Pro,,mtb,S4,S,,,,,,644,470,"{""Longitud de biela"": ""170mm"", ""Ancho de manillar"": ""810mm"", ""Longitud Potencia"": ""42mm"", ""Saddle Width"": ""143mm"", ""Longitud Tija Sillín"": ""185mm"", ""Stack"": ""644mm"", ""Reach"": ""470mm"", ""Headtube Length"": ""125mm"", ""Headtube Angle"": ""64°"", ""Altura Pedalier"": ""340mm"", ""Caída Pedalier"": ""35mm"", ""Avance Horquilla"": ""134mm"", ""Longitud de horquilla (total)"": ""573mm"", ""Avance/Retroceso Horquilla"": ""44mm"", ""Delante Centro"": ""816mm"", ""Longitud de vaina"": ""435mm"", ""Distancia entre ejes"": ""1249mm"", ""Top-tube Length (horizontal)"": ""625mm"", ""Bike Standover Height"": ""745mm"", ""Long. Tubo de Sillín"": ""425mm"", ""Ángulo de Tubo de Sillín"": ""76°"", ""Saddle Height for Effective ST Angle"": ""780mm"", ""Max Seatpost Insertion"": ""255mm"", ""Min Seatpost Insertion"": ""80mm""}",8999,false,https://www.specialized.com/es/es/stumpjumper-15-evo-pro/p/4221482,https://www.specialized.com/es/es/stumpjumper-15-evo-pro/p/4221482?color=5466647-4221482,html,2026-10-05
Specialized,Stumpjumper 15 EVO Pro [f167adef],Stumpjumper 15 EVO Pro,,mtb,S5,S,,,,,,658,495,"{""Longitud de biela"": ""170mm"", ""Ancho de manillar"": ""810mm"", ""Longitud Potencia"": ""42mm"", ""Saddle Width"": ""143mm"", ""Longitud Tija Sillín"": ""213mm"", ""Stack"": ""658mm"", ""Reach"": ""495mm"", ""Headtube Length"": ""140mm"", ""Headtube Angle"": ""64°"", ""Altura Pedalier"": ""340mm"", ""Caída Pedalier"": ""35mm"", ""Avance Horquilla"": ""134mm"", ""Longitud de horquilla (total)"": ""573mm"", ""Avance/Retroceso Horquilla"": ""44mm"", ""Delante Centro"": ""848mm"", ""Longitud de vaina"": ""445mm"", ""Distancia entre ejes"": ""1290mm"", ""Top-tube Length (horizontal)"": ""649mm"", ""Bike Standover Height"": ""745mm"", ""Long. Tubo de Sillín"": ""445mm"", ""Ángulo de Tubo de Sillín"": ""76°"", ""Saddle Height for Effective ST Angle"": ""825mm"", ""Max Seatpost Insertion"": ""285mm"", ""Min Seatpost Insertion"": ""80mm""}",8999,false,https://www.specialized.com/es/es/stumpjumper-15-evo-pro/p/4221482,https://www.specialized.com/es/es/stumpjumper-15-evo-pro/p/4221482?color=5466647-4221482,html,2026-10-05
Specialized,Stumpjumper 15 EVO Pro [f167adef],Stumpjumper 15 EVO Pro,,mtb,S6,S,,,,,,671,525,"{""Longitud de biela"": ""170mm"", ""Ancho de manillar"": ""810mm"", ""Longitud Potencia"": ""42mm"", ""Saddle Width"": ""143mm"", ""Longitud Tija Sillín"": ""213mm"", ""Stack"": ""671mm"", ""Reach"": ""525mm"", ""Headtube Length"": ""155mm"", ""Headtube Angle"": ""64°"", ""Altura Pedalier"": ""340mm"", ""Caída Pedalier"": ""35mm"", ""Avance Horquilla"": ""134mm"", ""Longitud de horquilla (total)"": ""573mm"", ""Avance/Retroceso Horquilla"": ""44mm"", ""Delante Centro"": ""884mm"", ""Longitud de vaina"": ""445mm"", ""Distancia entre ejes"": ""1327mm"", ""Top-tube Length (horizontal)"": ""678mm"", ""Bike Standover Height"": ""751mm"", ""Long. Tubo de Sillín"": ""465mm"", ""Ángulo de Tubo de Sillín"": ""76°"", ""Saddle Height for Effective ST Angle"": ""870mm"", ""Max Seatpost Insertion"": ""285mm"", ""Min Seatpost Insertion"": ""80mm""}",8999,false,https://www.specialized.com/es/es/stumpjumper-15-evo-pro/p/4221482,https://www.specialized.com/es/es/stumpjumper-15-evo-pro/p/4221482?color=5466647-4221482,html,2026-10-05
Specialized,Stumpjumper 15 EVO Pro [f167adef],"Stumpjumper 15 EVO Expert - FACT 11m carbon, FOX Performance Elite w/ GENIE, XT Di2",,mtb,S1,S,,,,,,611,400,"{""Longitud de biela"": ""165mm"", ""Ancho de manillar"": ""780mm"", ""Longitud Potencia"": ""40mm"", ""Saddle Width"": ""155mm"", ""Longitud Tija Sillín"": ""125mm"", ""Stack"": ""611mm"", ""Reach"": ""400mm"", ""Headtube Length"": ""95mm"", ""Headtube Angle"": ""64°"", ""Altura Pedalier"": ""337mm"", ""Caída Pedalier"": ""38mm"", ""Avance Horquilla"": ""133mm"", ""Longitud de horquilla (total)"": ""561mm"", ""Avance/Retroceso Horquilla"": ""44mm"", ""Delante Centro"": ""724mm"", ""Longitud de vaina"": ""430mm"", ""Distancia entre ejes"": ""1153mm"", ""Top-tube Length (horizontal)"": ""542mm"", ""Bike Standover Height"": ""738mm"", ""Long. Tubo de Sillín"": ""385mm"", ""Ángulo de Tubo de Sillín"": ""77.7°"", ""Saddle Height for Effective ST Angle"": ""645mm"", ""Max Seatpost Insertion"": ""245mm"", ""Min Seatpost Insertion"": ""80mm""}",6999,false,https://www.specialized.com/es/es/stumpjumper-15-evo-expert-fact-11m-carbon-fox-performance-elite-w-genie-xt-di2/p/4291645,https://www.specialized.com/es/es/stumpjumper-15-evo-expert-fact-11m-carbon-fox-performance-elite-w-genie-xt-di2/p/4291645?color=5462208-4291645,html,2026-10-05
Specialized,Stumpjumper 15 EVO Pro [f167adef],"Stumpjumper 15 EVO Expert - FACT 11m carbon, FOX Performance Elite w/ GENIE, XT Di2",,mtb,S2,S,,,,,,621,420,"{""Longitud de biela"": ""165mm"", ""Ancho de manillar"": ""780mm"", ""Longitud Potencia"": ""40mm"", ""Saddle Width"": ""155mm"", ""Longitud Tija Sillín"": ""150mm"", ""Stack"": ""621mm"", ""Reach"": ""420mm"", ""Headtube Length"": ""100mm"", ""Headtube Angle"": ""64°"", ""Altura Pedalier"": ""340mm"", ""Caída Pedalier"": ""35mm"", ""Avance Horquilla"": ""134mm"", ""Longitud de horquilla (total)"": ""573mm"", ""Avance/Retroceso Horquilla"": ""44mm"", ""Delante Centro"": ""755mm"", ""Longitud de vaina"": ""432mm"", ""Distancia entre ejes"": ""1186mm"", ""Top-tube Length (horizontal)"": ""574mm"", ""Bike Standover Height"": ""751mm"", ""Long. Tubo de Sillín"": ""385mm"", ""Ángulo de Tubo de Sillín"": ""76.5°"", ""Saddle Height for Effective ST Angle"": ""690mm"", ""Max Seatpost Insertion"": ""245mm"", ""Min Seatpost Insertion"": ""80mm""}",6999,false,https://www.specialized.com/es/es/stumpjumper-15-evo-expert-fact-11m-carbon-fox-performance-elite-w-genie-xt-di2/p/4291645,https://www.specialized.com/es/es/stumpjumper-15-evo-expert-fact-11m-carbon-fox-performance-elite-w-genie-xt-di2/p/4291645?color=5462208-4291645,html,2026-10-05
Specialized,Stumpjumper 15 EVO Pro [f167adef],"Stumpjumper 15 EVO Expert - FACT 11m carbon, FOX Performance Elite w/ GENIE, XT Di2",,mtb,S3,S,,,,,,630,445,"{""Longitud de biela"": ""165mm"", ""Ancho de manillar"": ""800mm"", ""Longitud Potencia"": ""40mm"", ""Saddle Width"": ""143mm"", ""Longitud Tija Sillín"": ""175mm"", ""Stack"": ""630mm"", ""Reach"": ""445mm"", ""Headtube Length"": ""110mm"", ""Headtube Angle"": ""64°"", ""Altura Pedalier"": ""340mm"", ""Caída Pedalier"": ""35mm"", ""Avance Horquilla"": ""134mm"", ""Longitud de horquilla (total)"": ""573mm"", ""Avance/Retroceso Horquilla"": ""44mm"", ""Delante Centro"": ""785mm"", ""Longitud de vaina"": ""435mm"", ""Distancia entre ejes"": ""1217mm"", ""Top-tube Length (horizontal)"": ""596mm"", ""Bike Standover Height"": ""745mm"", ""Long. Tubo de Sillín"": ""405mm"", ""Ángulo de Tubo de Sillín"": ""76.5°"", ""Saddle Height for Effective ST Angle"": ""735mm"", ""Max Seatpost Insertion"": ""255mm"", ""Min Seatpost Insertion"": ""80mm""}",6999,false,https://www.specialized.com/es/es/stumpjumper-15-evo-expert-fact-11m-carbon-fox-performance-elite-w-genie-xt-di2/p/4291645,https://www.specialized.com/es/es/stumpjumper-15-evo-expert-fact-11m-carbon-fox-performance-elite-w-genie-xt-di2/p/4291645?color=5462208-4291645,html,2026-10-05
Specialized,Stumpjumper 15 EVO Pro [f167adef],"Stumpjumper 15 EVO Expert - FACT 11m carbon, FOX Performance Elite w/ GENIE, XT Di2",,mtb,S4,S,,,,,,644,470,"{""Longitud de biela"": ""170mm"", ""Ancho de manillar"": ""800mm"", ""Longitud Potencia"": ""40mm"", ""Saddle Width"": ""143mm"", ""Longitud Tija Sillín"": ""200mm"", ""Stack"": ""644mm"", ""Reach"": ""470mm"", ""Headtube Length"": ""125mm"", ""Headtube Angle"": ""64°"", ""Altura Pedalier"": ""340mm"", ""Caída Pedalier"": ""35mm"", ""Avance Horquilla"": ""134mm"", ""Longitud de horquilla (total)"": ""573mm"", ""Avance/Retroceso Horquilla"": ""44mm"", ""Delante Centro"": ""816mm"", ""Longitud de vaina"": ""435mm"", ""Distancia entre ejes"": ""1249mm"", ""Top-tube Length (horizontal)"": ""625mm"", ""Bike Standover Height"": ""745mm"", ""Long. Tubo de Sillín"": ""425mm"", ""Ángulo de Tubo de Sillín"": ""76°"", ""Saddle Height for Effective ST Angle"": ""780mm"", ""Max Seatpost Insertion"": ""255mm"", ""Min Seatpost Insertion"": ""80mm""}",6999,false,https://www.specialized.com/es/es/stumpjumper-15-evo-expert-fact-11m-carbon-fox-performance-elite-w-genie-xt-di2/p/4291645,https://www.specialized.com/es/es/stumpjumper-15-evo-expert-fact-11m-carbon-fox-performance-elite-w-genie-xt-di2/p/4291645?color=5462208-4291645,html,2026-10-05
Specialized,Stumpjumper 15 EVO Pro [f167adef],"Stumpjumper 15 EVO Expert - FACT 11m carbon, FOX Performance Elite w/ GENIE, XT Di2",,mtb,S5,S,,,,,,658,495,"{""Longitud de biela"": ""170mm"", ""Ancho de manillar"": ""800mm"", ""Longitud Potencia"": ""40mm"", ""Saddle Width"": ""143mm"", ""Longitud Tija Sillín"": ""200mm"", ""Stack"": ""658mm"", ""Reach"": ""495mm"", ""Headtube Length"": ""140mm"", ""Headtube Angle"": ""64°"", ""Altura Pedalier"": ""340mm"", ""Caída Pedalier"": ""35mm"", ""Avance Horquilla"": ""134mm"", ""Longitud de horquilla (total)"": ""573mm"", ""Avance/Retroceso Horquilla"": ""44mm"", ""Delante Centro"": ""848mm"", ""Longitud de vaina"": ""445mm"", ""Distancia entre ejes"": ""1290mm"", ""Top-tube Length (horizontal)"": ""649mm"", ""Bike Standover Height"": ""745mm"", ""Long. Tubo de Sillín"": ""445mm"", ""Ángulo de Tubo de Sillín"": ""76°"", ""Saddle Height for Effective ST Angle"": ""825mm"", ""Max Seatpost Insertion"": ""285mm"", ""Min Seatpost Insertion"": ""80mm""}",6999,false,https://www.specialized.com/es/es/stumpjumper-15-evo-expert-fact-11m-carbon-fox-performance-elite-w-genie-xt-di2/p/4291645,https://www.specialized.com/es/es/stumpjumper-15-evo-expert-fact-11m-carbon-fox-performance-elite-w-genie-xt-di2/p/4291645?color=5462208-4291645,html,2026-10-05
Specialized,Stumpjumper 15 EVO Pro [f167adef],"Stumpjumper 15 EVO Expert - FACT 11m carbon, FOX Performance Elite w/ GENIE, XT Di2",,mtb,S6,S,,,,,,671,525,"{""Longitud de biela"": ""170mm"", ""Ancho de manillar"": ""800mm"", ""Longitud Potencia"": ""40mm"", ""Saddle Width"": ""143mm"", ""Longitud Tija Sillín"": ""225mm"", ""Stack"": ""671mm"", ""Reach"": ""525mm"", ""Headtube Length"": ""155mm"", ""Headtube Angle"": ""64°"", ""Altura Pedalier"": ""340mm"", ""Caída Pedalier"": ""35mm"", ""Avance Horquilla"": ""134mm"", ""Longitud de horquilla (total)"": ""573mm"", ""Avance/Retroceso Horquilla"": ""44mm"", ""Delante Centro"": ""884mm"", ""Longitud de vaina"": ""445mm"", ""Distancia entre ejes"": ""1327mm"", ""Top-tube Length (horizontal)"": ""678mm"", ""Bike Standover Height"": ""751mm"", ""Long. Tubo de Sillín"": ""465mm"", ""Ángulo de Tubo de Sillín"": ""76°"", ""Saddle Height for Effective ST Angle"": ""870mm"", ""Max Seatpost Insertion"": ""285mm"", ""Min Seatpost Insertion"": ""80mm""}",6999,false,https://www.specialized.com/es/es/stumpjumper-15-evo-expert-fact-11m-carbon-fox-performance-elite-w-genie-xt-di2/p/4291645,https://www.specialized.com/es/es/stumpjumper-15-evo-expert-fact-11m-carbon-fox-performance-elite-w-genie-xt-di2/p/4291645?color=5462208-4291645,html,2026-10-05
Specialized,Stumpjumper 15 EVO Pro [f167adef],Stumpjumper 15 EVO Expert,,mtb,S1,S,,,,,,611,400,"{""Longitud de biela"": ""165mm"", ""Ancho de manillar"": ""780mm"", ""Longitud Potencia"": ""40mm"", ""Saddle Width"": ""155mm"", ""Longitud Tija Sillín"": ""125mm"", ""Stack"": ""611mm"", ""Reach"": ""400mm"", ""Headtube Length"": ""95mm"", ""Headtube Angle"": ""64°"", ""Altura Pedalier"": ""337mm"", ""Caída Pedalier"": ""38mm"", ""Avance Horquilla"": ""133mm"", ""Longitud de horquilla (total)"": ""561mm"", ""Avance/Retroceso Horquilla"": ""44mm"", ""Delante Centro"": ""724mm"", ""Longitud de vaina"": ""430mm"", ""Distancia entre ejes"": ""1153mm"", ""Top-tube Length (horizontal)"": ""542mm"", ""Bike Standover Height"": ""738mm"", ""Long. Tubo de Sillín"": ""385mm"", ""Ángulo de Tubo de Sillín"": ""77.7°"", ""Saddle Height for Effective ST Angle"": ""645mm"", ""Max Seatpost Insertion"": ""245mm"", ""Min Seatpost Insertion"": ""80mm""}",6999,false,https://www.specialized.com/es/es/stumpjumper-15-evo-expert/p/4221478,https://www.specialized.com/es/es/stumpjumper-15-evo-expert/p/4221478?color=5462165-4221478,html,2026-10-05
Specialized,Stumpjumper 15 EVO Pro [f167adef],Stumpjumper 15 EVO Expert,,mtb,S2,S,,,,,,621,420,"{""Longitud de biela"": ""165mm"", ""Ancho de manillar"": ""780mm"", ""Longitud Potencia"": ""40mm"", ""Saddle Width"": ""155mm"", ""Longitud Tija Sillín"": ""150mm"", ""Stack"": ""621mm"", ""Reach"": ""420mm"", ""Headtube Length"": ""100mm"", ""Headtube Angle"": ""64°"", ""Altura Pedalier"": ""340mm"", ""Caída Pedalier"": ""35mm"", ""Avance Horquilla"": ""134mm"", ""Longitud de horquilla (total)"": ""573mm"", ""Avance/Retroceso Horquilla"": ""44mm"", ""Delante Centro"": ""755mm"", ""Longitud de vaina"": ""432mm"", ""Distancia entre ejes"": ""1186mm"", ""Top-tube Length (horizontal)"": ""574mm"", ""Bike Standover Height"": ""751mm"", ""Long. Tubo de Sillín"": ""385mm"", ""Ángulo de Tubo de Sillín"": ""76.5°"", ""Saddle Height for Effective ST Angle"": ""690mm"", ""Max Seatpost Insertion"": ""245mm"", ""Min Seatpost Insertion"": ""80mm""}",6999,false,https://www.specialized.com/es/es/stumpjumper-15-evo-expert/p/4221478,https://www.specialized.com/es/es/stumpjumper-15-evo-expert/p/4221478?color=5462165-4221478,html,2026-10-05
Specialized,Stumpjumper 15 EVO Pro [f167adef],Stumpjumper 15 EVO Expert,,mtb,S3,S,,,,,,630,445,"{""Longitud de biela"": ""165mm"", ""Ancho de manillar"": ""800mm"", ""Longitud Potencia"": ""40mm"", ""Saddle Width"": ""143mm"", ""Longitud Tija Sillín"": ""175mm"", ""Stack"": ""630mm"", ""Reach"": ""445mm"", ""Headtube Length"": ""110mm"", ""Headtube Angle"": ""64°"", ""Altura Pedalier"": ""340mm"", ""Caída Pedalier"": ""35mm"", ""Avance Horquilla"": ""134mm"", ""Longitud de horquilla (total)"": ""573mm"", ""Avance/Retroceso Horquilla"": ""44mm"", ""Delante Centro"": ""785mm"", ""Longitud de vaina"": ""435mm"", ""Distancia entre ejes"": ""1217mm"", ""Top-tube Length (horizontal)"": ""596mm"", ""Bike Standover Height"": ""745mm"", ""Long. Tubo de Sillín"": ""405mm"", ""Ángulo de Tubo de Sillín"": ""76.5°"", ""Saddle Height for Effective ST Angle"": ""735mm"", ""Max Seatpost Insertion"": ""255mm"", ""Min Seatpost Insertion"": ""80mm""}",6999,false,https://www.specialized.com/es/es/stumpjumper-15-evo-expert/p/4221478,https://www.specialized.com/es/es/stumpjumper-15-evo-expert/p/4221478?color=5462165-4221478,html,2026-10-05
Specialized,Stumpjumper 15 EVO Pro [f167adef],Stumpjumper 15 EVO Expert,,mtb,S4,S,,,,,,644,470,"{""Longitud de biela"": ""170mm"", ""Ancho de manillar"": ""800mm"", ""Longitud Potencia"": ""40mm"", ""Saddle Width"": ""143mm"", ""Longitud Tija Sillín"": ""200mm"", ""Stack"": ""644mm"", ""Reach"": ""470mm"", ""Headtube Length"": ""125mm"", ""Headtube Angle"": ""64°"", ""Altura Pedalier"": ""340mm"", ""Caída Pedalier"": ""35mm"", ""Avance Horquilla"": ""134mm"", ""Longitud de horquilla (total)"": ""573mm"", ""Avance/Retroceso Horquilla"": ""44mm"", ""Delante Centro"": ""816mm"", ""Longitud de vaina"": ""435mm"", ""Distancia entre ejes"": ""1249mm"", ""Top-tube Length (horizontal)"": ""625mm"", ""Bike Standover Height"": ""745mm"", ""Long. Tubo de Sillín"": ""425mm"", ""Ángulo de Tubo de Sillín"": ""76°"", ""Saddle Height for Effective ST Angle"": ""780mm"", ""Max Seatpost Insertion"": ""255mm"", ""Min Seatpost Insertion"": ""80mm""}",6999,false,https://www.specialized.com/es/es/stumpjumper-15-evo-expert/p/4221478,https://www.specialized.com/es/es/stumpjumper-15-evo-expert/p/4221478?color=5462165-4221478,html,2026-10-05
Specialized,Stumpjumper 15 EVO Pro [f167adef],Stumpjumper 15 EVO Expert,,mtb,S5,S,,,,,,658,495,"{""Longitud de biela"": ""170mm"", ""Ancho de manillar"": ""800mm"", ""Longitud Potencia"": ""40mm"", ""Saddle Width"": ""143mm"", ""Longitud Tija Sillín"": ""200mm"", ""Stack"": ""658mm"", ""Reach"": ""495mm"", ""Headtube Length"": ""140mm"", ""Headtube Angle"": ""64°"", ""Altura Pedalier"": ""340mm"", ""Caída Pedalier"": ""35mm"", ""Avance Horquilla"": ""134mm"", ""Longitud de horquilla (total)"": ""573mm"", ""Avance/Retroceso Horquilla"": ""44mm"", ""Delante Centro"": ""848mm"", ""Longitud de vaina"": ""445mm"", ""Distancia entre ejes"": ""1290mm"", ""Top-tube Length (horizontal)"": ""649mm"", ""Bike Standover Height"": ""745mm"", ""Long. Tubo de Sillín"": ""445mm"", ""Ángulo de Tubo de Sillín"": ""76°"", ""Saddle Height for Effective ST Angle"": ""825mm"", ""Max Seatpost Insertion"": ""285mm"", ""Min Seatpost Insertion"": ""80mm""}",6999,false,https://www.specialized.com/es/es/stumpjumper-15-evo-expert/p/4221478,https://www.specialized.com/es/es/stumpjumper-15-evo-expert/p/4221478?color=5462165-4221478,html,2026-10-05
Specialized,Stumpjumper 15 EVO Pro [f167adef],Stumpjumper 15 EVO Expert,,mtb,S6,S,,,,,,671,525,"{""Longitud de biela"": ""170mm"", ""Ancho de manillar"": ""800mm"", ""Longitud Potencia"": ""40mm"", ""Saddle Width"": ""143mm"", ""Longitud Tija Sillín"": ""225mm"", ""Stack"": ""671mm"", ""Reach"": ""525mm"", ""Headtube Length"": ""155mm"", ""Headtube Angle"": ""64°"", ""Altura Pedalier"": ""340mm"", ""Caída Pedalier"": ""35mm"", ""Avance Horquilla"": ""134mm"", ""Longitud de horquilla (total)"": ""573mm"", ""Avance/Retroceso Horquilla"": ""44mm"", ""Delante Centro"": ""884mm"", ""Longitud de vaina"": ""445mm"", ""Distancia entre ejes"": ""1327mm"", ""Top-tube Length (horizontal)"": ""678mm"", ""Bike Standover Height"": ""751mm"", ""Long. Tubo de Sillín"": ""465mm"", ""Ángulo de Tubo de Sillín"": ""76°"", ""Saddle Height for Effective ST Angle"": ""870mm"", ""Max Seatpost Insertion"": ""285mm"", ""Min Seatpost Insertion"": ""80mm""}",6999,false,https://www.specialized.com/es/es/stumpjumper-15-evo-expert/p/4221478,https://www.specialized.com/es/es/stumpjumper-15-evo-expert/p/4221478?color=5462165-4221478,html,2026-10-05
Specialized,Stumpjumper 15 EVO Pro [f167adef],Stumpjumper 15 EVO Comp,,mtb,S1,S,,,,,,611,400,"{""Longitud de biela"": ""165mm"", ""Ancho de manillar"": ""780mm"", ""Longitud Potencia"": ""40mm"", ""Saddle Width"": ""155mm"", ""Longitud Tija Sillín"": ""125mm"", ""Stack"": ""611mm"", ""Reach"": ""400mm"", ""Headtube Length"": ""95mm"", ""Headtube Angle"": ""64°"", ""Altura Pedalier"": ""337mm"", ""Caída Pedalier"": ""38mm"", ""Avance Horquilla"": ""133mm"", ""Longitud de horquilla (total)"": ""561mm"", ""Avance/Retroceso Horquilla"": ""44mm"", ""Delante Centro"": ""724mm"", ""Longitud de vaina"": ""430mm"", ""Distancia entre ejes"": ""1153mm"", ""Top-tube Length (horizontal)"": ""542mm"", ""Bike Standover Height"": ""738mm"", ""Long. Tubo de Sillín"": ""385mm"", ""Ángulo de Tubo de Sillín"": ""77.7°"", ""Saddle Height for Effective ST Angle"": ""645mm"", ""Max Seatpost Insertion"": ""245mm"", ""Min Seatpost Insertion"": ""80mm""}",6499,false,https://www.specialized.com/es/es/stumpjumper-15-evo-comp/p/4221472,https://www.specialized.com/es/es/stumpjumper-15-evo-comp/p/4221472?color=5466645-4221472,html,2026-10-05
Specialized,Stumpjumper 15 EVO Pro [f167adef],Stumpjumper 15 EVO Comp,,mtb,S2,S,,,,,,621,420,"{""Longitud de biela"": ""165mm"", ""Ancho de manillar"": ""780mm"", ""Longitud Potencia"": ""40mm"", ""Saddle Width"": ""155mm"", ""Longitud Tija Sillín"": ""150mm"", ""Stack"": ""621mm"", ""Reach"": ""420mm"", ""Headtube Length"": ""100mm"", ""Headtube Angle"": ""64°"", ""Altura Pedalier"": ""340mm"", ""Caída Pedalier"": ""35mm"", ""Avance Horquilla"": ""134mm"", ""Longitud de horquilla (total)"": ""573mm"", ""Avance/Retroceso Horquilla"": ""44mm"", ""Delante Centro"": ""755mm"", ""Longitud de vaina"": ""432mm"", ""Distancia entre ejes"": ""1186mm"", ""Top-tube Length (horizontal)"": ""574mm"", ""Bike Standover Height"": ""751mm"", ""Long. Tubo de Sillín"": ""385mm"", ""Ángulo de Tubo de Sillín"": ""76.5°"", ""Saddle Height for Effective ST Angle"": ""690mm"", ""Max Seatpost Insertion"": ""245mm"", ""Min Seatpost Insertion"": ""80mm""}",6499,false,https://www.specialized.com/es/es/stumpjumper-15-evo-comp/p/4221472,https://www.specialized.com/es/es/stumpjumper-15-evo-comp/p/4221472?color=5466645-4221472,html,2026-10-05
Specialized,Stumpjumper 15 EVO Pro [f167adef],Stumpjumper 15 EVO Comp,,mtb,S3,S,,,,,,630,445,"{""Longitud de biela"": ""165mm"", ""Ancho de manillar"": ""800mm"", ""Longitud Potencia"": ""40mm"", ""Saddle Width"": ""143mm"", ""Longitud Tija Sillín"": ""170mm"", ""Stack"": ""630mm"", ""Reach"": ""445mm"", ""Headtube Length"": ""110mm"", ""Headtube Angle"": ""64°"", ""Altura Pedalier"": ""340mm"", ""Caída Pedalier"": ""35mm"", ""Avance Horquilla"": ""134mm"", ""Longitud de horquilla (total)"": ""573mm"", ""Avance/Retroceso Horquilla"": ""44mm"", ""Delante Centro"": ""785mm"", ""Longitud de vaina"": ""435mm"", ""Distancia entre ejes"": ""1217mm"", ""Top-tube Length (horizontal)"": ""596mm"", ""Bike Standover Height"": ""745mm"", ""Long. Tubo de Sillín"": ""405mm"", ""Ángulo de Tubo de Sillín"": ""76.5°"", ""Saddle Height for Effective ST Angle"": ""735mm"", ""Max Seatpost Insertion"": ""255mm"", ""Min Seatpost Insertion"": ""80mm""}",6499,false,https://www.specialized.com/es/es/stumpjumper-15-evo-comp/p/4221472,https://www.specialized.com/es/es/stumpjumper-15-evo-comp/p/4221472?color=5466645-4221472,html,2026-10-05
Specialized,Stumpjumper 15 EVO Pro [f167adef],Stumpjumper 15 EVO Comp,,mtb,S4,S,,,,,,644,470,"{""Longitud de biela"": ""170mm"", ""Ancho de manillar"": ""800mm"", ""Longitud Potencia"": ""40mm"", ""Saddle Width"": ""143mm"", ""Longitud Tija Sillín"": ""190mm"", ""Stack"": ""644mm"", ""Reach"": ""470mm"", ""Headtube Length"": ""125mm"", ""Headtube Angle"": ""64°"", ""Altura Pedalier"": ""340mm"", ""Caída Pedalier"": ""35mm"", ""Avance Horquilla"": ""134mm"", ""Longitud de horquilla (total)"": ""573mm"", ""Avance/Retroceso Horquilla"": ""44mm"", ""Delante Centro"": ""816mm"", ""Longitud de vaina"": ""435mm"", ""Distancia entre ejes"": ""1249mm"", ""Top-tube Length (horizontal)"": ""625mm"", ""Bike Standover Height"": ""745mm"", ""Long. Tubo de Sillín"": ""425mm"", ""Ángulo de Tubo de Sillín"": ""76°"", ""Saddle Height for Effective ST Angle"": ""780mm"", ""Max Seatpost Insertion"": ""255mm"", ""Min Seatpost Insertion"": ""80mm""}",6499,false,https://www.specialized.com/es/es/stumpjumper-15-evo-comp/p/4221472,https://www.specialized.com/es/es/stumpjumper-15-evo-comp/p/4221472?color=5466645-4221472,html,2026-10-05
Specialized,Stumpjumper 15 EVO Pro [f167adef],Stumpjumper 15 EVO Comp,,mtb,S5,S,,,,,,658,495,"{""Longitud de biela"": ""170mm"", ""Ancho de manillar"": ""800mm"", ""Longitud Potencia"": ""40mm"", ""Saddle Width"": ""143mm"", ""Longitud Tija Sillín"": ""190mm"", ""Stack"": ""658mm"", ""Reach"": ""495mm"", ""Headtube Length"": ""140mm"", ""Headtube Angle"": ""64°"", ""Altura Pedalier"": ""340mm"", ""Caída Pedalier"": ""35mm"", ""Avance Horquilla"": ""134mm"", ""Longitud de horquilla (total)"": ""573mm"", ""Avance/Retroceso Horquilla"": ""44mm"", ""Delante Centro"": ""848mm"", ""Longitud de vaina"": ""445mm"", ""Distancia entre ejes"": ""1290mm"", ""Top-tube Length (horizontal)"": ""649mm"", ""Bike Standover Height"": ""745mm"", ""Long. Tubo de Sillín"": ""445mm"", ""Ángulo de Tubo de Sillín"": ""76°"", ""Saddle Height for Effective ST Angle"": ""825mm"", ""Max Seatpost Insertion"": ""285mm"", ""Min Seatpost Insertion"": ""80mm""}",6499,false,https://www.specialized.com/es/es/stumpjumper-15-evo-comp/p/4221472,https://www.specialized.com/es/es/stumpjumper-15-evo-comp/p/4221472?color=5466645-4221472,html,2026-10-05
Specialized,Stumpjumper 15 EVO Pro [f167adef],Stumpjumper 15 EVO Comp,,mtb,S6,S,,,,,,671,525,"{""Longitud de biela"": ""170mm"", ""Ancho de manillar"": ""800mm"", ""Longitud Potencia"": ""40mm"", ""Saddle Width"": ""143mm"", ""Longitud Tija Sillín"": ""190mm"", ""Stack"": ""671mm"", ""Reach"": ""525mm"", ""Headtube Length"": ""155mm"", ""Headtube Angle"": ""64°"", ""Altura Pedalier"": ""340mm"", ""Caída Pedalier"": ""35mm"", ""Avance Horquilla"": ""134mm"", ""Longitud de horquilla (total)"": ""573mm"", ""Avance/Retroceso Horquilla"": ""44mm"", ""Delante Centro"": ""884mm"", ""Longitud de vaina"": ""445mm"", ""Distancia entre ejes"": ""1327mm"", ""Top-tube Length (horizontal)"": ""678mm"", ""Bike Standover Height"": ""751mm"", ""Long. Tubo de Sillín"": ""465mm"", ""Ángulo de Tubo de Sillín"": ""76°"", ""Saddle Height for Effective ST Angle"": ""870mm"", ""Max Seatpost Insertion"": ""285mm"", ""Min Seatpost Insertion"": ""80mm""}",6499,false,https://www.specialized.com/es/es/stumpjumper-15-evo-comp/p/4221472,https://www.specialized.com/es/es/stumpjumper-15-evo-comp/p/4221472?color=5466645-4221472,html,2026-10-05
Specialized,Stumpjumper 15 EVO Pro [f167adef],Stumpjumper 15 EVO Comp Alloy,,mtb,S1,S,,,,,,611,400,"{""Longitud de biela"": ""165mm"", ""Ancho de manillar"": ""780mm"", ""Longitud Potencia"": ""40mm"", ""Saddle Width"": ""155mm"", ""Longitud Tija Sillín"": ""125mm"", ""Stack"": ""611mm"", ""Reach"": ""400mm"", ""Headtube Length"": ""95mm"", ""Headtube Angle"": ""64°"", ""Altura Pedalier"": ""337mm"", ""Caída Pedalier"": ""38mm"", ""Avance Horquilla"": ""133mm"", ""Longitud de horquilla (total)"": ""561mm"", ""Avance/Retroceso Horquilla"": ""44mm"", ""Delante Centro"": ""724mm"", ""Longitud de vaina"": ""430mm"", ""Distancia entre ejes"": ""1153mm"", ""Top-tube Length (horizontal)"": ""542mm"", ""Bike Standover Height"": ""738mm"", ""Long. Tubo de Sillín"": ""385mm"", ""Ángulo de Tubo de Sillín"": ""77.7°"", ""Saddle Height for Effective ST Angle"": ""645mm"", ""Max Seatpost Insertion"": ""245mm"", ""Min Seatpost Insertion"": ""80mm""}",4499,false,https://www.specialized.com/es/es/stumpjumper-15-evo-comp-alloy/p/4221474,https://www.specialized.com/es/es/stumpjumper-15-evo-comp-alloy/p/4221474?color=5466627-4221474,html,2026-10-05
Specialized,Stumpjumper 15 EVO Pro [f167adef],Stumpjumper 15 EVO Comp Alloy,,mtb,S2,S,,,,,,621,420,"{""Longitud de biela"": ""165mm"", ""Ancho de manillar"": ""780mm"", ""Longitud Potencia"": ""40mm"", ""Saddle Width"": ""155mm"", ""Longitud Tija Sillín"": ""150mm"", ""Stack"": ""621mm"", ""Reach"": ""420mm"", ""Headtube Length"": ""100mm"", ""Headtube Angle"": ""64°"", ""Altura Pedalier"": ""340mm"", ""Caída Pedalier"": ""35mm"", ""Avance Horquilla"": ""134mm"", ""Longitud de horquilla (total)"": ""573mm"", ""Avance/Retroceso Horquilla"": ""44mm"", ""Delante Centro"": ""755mm"", ""Longitud de vaina"": ""432mm"", ""Distancia entre ejes"": ""1186mm"", ""Top-tube Length (horizontal)"": ""574mm"", ""Bike Standover Height"": ""751mm"", ""Long. Tubo de Sillín"": ""385mm"", ""Ángulo de Tubo de Sillín"": ""76.5°"", ""Saddle Height for Effective ST Angle"": ""690mm"", ""Max Seatpost Insertion"": ""245mm"", ""Min Seatpost Insertion"": ""80mm""}",4499,false,https://www.specialized.com/es/es/stumpjumper-15-evo-comp-alloy/p/4221474,https://www.specialized.com/es/es/stumpjumper-15-evo-comp-alloy/p/4221474?color=5466627-4221474,html,2026-10-05
Specialized,Stumpjumper 15 EVO Pro [f167adef],Stumpjumper 15 EVO Comp Alloy,,mtb,S3,S,,,,,,630,445,"{""Longitud de biela"": ""165mm"", ""Ancho de manillar"": ""800mm"", ""Longitud Potencia"": ""40mm"", ""Saddle Width"": ""143mm"", ""Longitud Tija Sillín"": ""170mm"", ""Stack"": ""630mm"", ""Reach"": ""445mm"", ""Headtube Length"": ""110mm"", ""Headtube Angle"": ""64°"", ""Altura Pedalier"": ""340mm"", ""Caída Pedalier"": ""35mm"", ""Avance Horquilla"": ""134mm"", ""Longitud de horquilla (total)"": ""573mm"", ""Avance/Retroceso Horquilla"": ""44mm"", ""Delante Centro"": ""785mm"", ""Longitud de vaina"": ""435mm"", ""Distancia entre ejes"": ""1217mm"", ""Top-tube Length (horizontal)"": ""596mm"", ""Bike Standover Height"": ""745mm"", ""Long. Tubo de Sillín"": ""405mm"", ""Ángulo de Tubo de Sillín"": ""76.5°"", ""Saddle Height for Effective ST Angle"": ""735mm"", ""Max Seatpost Insertion"": ""255mm"", ""Min Seatpost Insertion"": ""80mm""}",4499,false,https://www.specialized.com/es/es/stumpjumper-15-evo-comp-alloy/p/4221474,https://www.specialized.com/es/es/stumpjumper-15-evo-comp-alloy/p/4221474?color=5466627-4221474,html,2026-10-05
Specialized,Stumpjumper 15 EVO Pro [f167adef],Stumpjumper 15 EVO Comp Alloy,,mtb,S4,S,,,,,,644,470,"{""Longitud de biela"": ""170mm"", ""Ancho de manillar"": ""800mm"", ""Longitud Potencia"": ""40mm"", ""Saddle Width"": ""143mm"", ""Longitud Tija Sillín"": ""190mm"", ""Stack"": ""644mm"", ""Reach"": ""470mm"", ""Headtube Length"": ""125mm"", ""Headtube Angle"": ""64°"", ""Altura Pedalier"": ""340mm"", ""Caída Pedalier"": ""35mm"", ""Avance Horquilla"": ""134mm"", ""Longitud de horquilla (total)"": ""573mm"", ""Avance/Retroceso Horquilla"": ""44mm"", ""Delante Centro"": ""816mm"", ""Longitud de vaina"": ""435mm"", ""Distancia entre ejes"": ""1249mm"", ""Top-tube Length (horizontal)"": ""625mm"", ""Bike Standover Height"": ""745mm"", ""Long. Tubo de Sillín"": ""425mm"", ""Ángulo de Tubo de Sillín"": ""76°"", ""Saddle Height for Effective ST Angle"": ""780mm"", ""Max Seatpost Insertion"": ""255mm"", ""Min Seatpost Insertion"": ""80mm""}",4499,false,https://www.specialized.com/es/es/stumpjumper-15-evo-comp-alloy/p/4221474,https://www.specialized.com/es/es/stumpjumper-15-evo-comp-alloy/p/4221474?color=5466627-4221474,html,2026-10-05
Specialized,Stumpjumper 15 EVO Pro [f167adef],Stumpjumper 15 EVO Comp Alloy,,mtb,S5,S,,,,,,658,495,"{""Longitud de biela"": ""170mm"", ""Ancho de manillar"": ""800mm"", ""Longitud Potencia"": ""40mm"", ""Saddle Width"": ""143mm"", ""Longitud Tija Sillín"": ""190mm"", ""Stack"": ""658mm"", ""Reach"": ""495mm"", ""Headtube Length"": ""140mm"", ""Headtube Angle"": ""64°"", ""Altura Pedalier"": ""340mm"", ""Caída Pedalier"": ""35mm"", ""Avance Horquilla"": ""134mm"", ""Longitud de horquilla (total)"": ""573mm"", ""Avance/Retroceso Horquilla"": ""44mm"", ""Delante Centro"": ""848mm"", ""Longitud de vaina"": ""445mm"", ""Distancia entre ejes"": ""1290mm"", ""Top-tube Length (horizontal)"": ""649mm"", ""Bike Standover Height"": ""745mm"", ""Long. Tubo de Sillín"": ""445mm"", ""Ángulo de Tubo de Sillín"": ""76°"", ""Saddle Height for Effective ST Angle"": ""825mm"", ""Max Seatpost Insertion"": ""285mm"", ""Min Seatpost Insertion"": ""80mm""}",4499,false,https://www.specialized.com/es/es/stumpjumper-15-evo-comp-alloy/p/4221474,https://www.specialized.com/es/es/stumpjumper-15-evo-comp-alloy/p/4221474?color=5466627-4221474,html,2026-10-05
Specialized,Stumpjumper 15 EVO Pro [f167adef],Stumpjumper 15 EVO Comp Alloy,,mtb,S6,S,,,,,,671,525,"{""Longitud de biela"": ""170mm"", ""Ancho de manillar"": ""800mm"", ""Longitud Potencia"": ""40mm"", ""Saddle Width"": ""143mm"", ""Longitud Tija Sillín"": ""190mm"", ""Stack"": ""671mm"", ""Reach"": ""525mm"", ""Headtube Length"": ""155mm"", ""Headtube Angle"": ""64°"", ""Altura Pedalier"": ""340mm"", ""Caída Pedalier"": ""35mm"", ""Avance Horquilla"": ""134mm"", ""Longitud de horquilla (total)"": ""573mm"", ""Avance/Retroceso Horquilla"": ""44mm"", ""Delante Centro"": ""884mm"", ""Longitud de vaina"": ""445mm"", ""Distancia entre ejes"": ""1327mm"", ""Top-tube Length (horizontal)"": ""678mm"", ""Bike Standover Height"": ""751mm"", ""Long. Tubo de Sillín"": ""465mm"", ""Ángulo de Tubo de Sillín"": ""76°"", ""Saddle Height for Effective ST Angle"": ""870mm"", ""Max Seatpost Insertion"": ""285mm"", ""Min Seatpost Insertion"": ""80mm""}",4499,false,https://www.specialized.com/es/es/stumpjumper-15-evo-comp-alloy/p/4221474,https://www.specialized.com/es/es/stumpjumper-15-evo-comp-alloy/p/4221474?color=5466627-4221474,html,2026-10-05
Specialized,S-Works Stumpjumper 15 LTD [76f833c8],S-Works Stumpjumper 15 LTD,,mtb,S2,S,,,,,,618,425,"{""Longitud de biela"": ""165mm"", ""Ancho de manillar"": ""800mm"", ""Longitud Potencia"": ""40mm"", ""Saddle Width"": ""155mm"", ""Longitud Tija Sillín"": ""150mm"", ""Stack"": ""618mm"", ""Reach"": ""425mm"", ""Headtube Length"": ""100mm"", ""Headtube Angle"": ""64.5°"", ""Altura Pedalier"": ""337mm"", ""Caída Pedalier"": ""38mm"", ""Avance Horquilla"": ""130mm"", ""Longitud de horquilla (total)"": ""561mm"", ""Avance/Retroceso Horquilla"": ""44mm"", ""Delante Centro"": ""751mm"", ""Longitud de vaina"": ""432mm"", ""Distancia entre ejes"": ""1181mm"", ""Top-tube Length (horizontal)"": ""573mm"", ""Bike Standover Height"": ""751mm"", ""Long. Tubo de Sillín"": ""385mm"", ""Ángulo de Tubo de Sillín"": ""77°"", ""Saddle Height for Effective ST Angle"": ""690mm"", ""Max Seatpost Insertion"": ""245mm"", ""Min Seatpost Insertion"": ""80mm""}",14499,false,https://www.specialized.com/es/es/s-works-stumpjumper-15-ltd/p/4278252,https://www.specialized.com/es/es/s-works-stumpjumper-15-ltd/p/4278252?color=5444076-4278252,html,2026-10-05
Specialized,S-Works Stumpjumper 15 LTD [76f833c8],S-Works Stumpjumper 15 LTD,,mtb,S3,S,,,,,,627,450,"{""Longitud de biela"": ""165mm"", ""Ancho de manillar"": ""800mm"", ""Longitud Potencia"": ""40mm"", ""Saddle Width"": ""143mm"", ""Longitud Tija Sillín"": ""175mm"", ""Stack"": ""627mm"", ""Reach"": ""450mm"", ""Headtube Length"": ""110mm"", ""Headtube Angle"": ""64.5°"", ""Altura Pedalier"": ""337mm"", ""Caída Pedalier"": ""38mm"", ""Avance Horquilla"": ""130mm"", ""Longitud de horquilla (total)"": ""561mm"", ""Avance/Retroceso Horquilla"": ""44mm"", ""Delante Centro"": ""780mm"", ""Longitud de vaina"": ""435mm"", ""Distancia entre ejes"": ""1213mm"", ""Top-tube Length (horizontal)"": ""595mm"", ""Bike Standover Height"": ""745mm"", ""Long. Tubo de Sillín"": ""405mm"", ""Ángulo de Tubo de Sillín"": ""77°"", ""Saddle Height for Effective ST Angle"": ""735mm"", ""Max Seatpost Insertion"": ""255mm"", ""Min Seatpost Insertion"": ""80mm""}",14499,false,https://www.specialized.com/es/es/s-works-stumpjumper-15-ltd/p/4278252,https://www.specialized.com/es/es/s-works-stumpjumper-15-ltd/p/4278252?color=5444076-4278252,html,2026-10-05
Specialized,S-Works Stumpjumper 15 LTD [76f833c8],S-Works Stumpjumper 15 LTD,,mtb,S4,S,,,,,,640,475,"{""Longitud de biela"": ""170mm"", ""Ancho de manillar"": ""800mm"", ""Longitud Potencia"": ""40mm"", ""Saddle Width"": ""143mm"", ""Longitud Tija Sillín"": ""200mm"", ""Stack"": ""640mm"", ""Reach"": ""475mm"", ""Headtube Length"": ""125mm"", ""Headtube Angle"": ""64.5°"", ""Altura Pedalier"": ""337mm"", ""Caída Pedalier"": ""38mm"", ""Avance Horquilla"": ""130mm"", ""Longitud de horquilla (total)"": ""561mm"", ""Avance/Retroceso Horquilla"": ""44mm"", ""Delante Centro"": ""812mm"", ""Longitud de vaina"": ""435mm"", ""Distancia entre ejes"": ""1244mm"", ""Top-tube Length (horizontal)"": ""624mm"", ""Bike Standover Height"": ""745mm"", ""Long. Tubo de Sillín"": ""425mm"", ""Ángulo de Tubo de Sillín"": ""76.5°"", ""Saddle Height for Effective ST Angle"": ""780mm"", ""Max Seatpost Insertion"": ""255mm"", ""Min Seatpost Insertion"": ""80mm""}",14499,false,https://www.specialized.com/es/es/s-works-stumpjumper-15-ltd/p/4278252,https://www.specialized.com/es/es/s-works-stumpjumper-15-ltd/p/4278252?color=5444076-4278252,html,2026-10-05
Specialized,S-Works Stumpjumper 15 LTD [76f833c8],S-Works Stumpjumper 15 LTD,,mtb,S5,S,,,,,,654,500,"{""Longitud de biela"": ""170mm"", ""Ancho de manillar"": ""800mm"", ""Longitud Potencia"": ""40mm"", ""Saddle Width"": ""143mm"", ""Longitud Tija Sillín"": ""200mm"", ""Stack"": ""654mm"", ""Reach"": ""500mm"", ""Headtube Length"": ""140mm"", ""Headtube Angle"": ""64.5°"", ""Altura Pedalier"": ""337mm"", ""Caída Pedalier"": ""38mm"", ""Avance Horquilla"": ""130mm"", ""Longitud de horquilla (total)"": ""561mm"", ""Avance/Retroceso Horquilla"": ""44mm"", ""Delante Centro"": ""843mm"", ""Longitud de vaina"": ""445mm"", ""Distancia entre ejes"": ""1285mm"", ""Top-tube Length (horizontal)"": ""647mm"", ""Bike Standover Height"": ""745mm"", ""Long. Tubo de Sillín"": ""445mm"", ""Ángulo de Tubo de Sillín"": ""76.5°"", ""Saddle Height for Effective ST Angle"": ""825mm"", ""Max Seatpost Insertion"": ""285mm"", ""Min Seatpost Insertion"": ""80mm""}",14499,false,https://www.specialized.com/es/es/s-works-stumpjumper-15-ltd/p/4278252,https://www.specialized.com/es/es/s-works-stumpjumper-15-ltd/p/4278252?color=5444076-4278252,html,2026-10-05
Specialized,S-Works Stumpjumper 15 LTD [76f833c8],S-Works Stumpjumper 15 LTD,,mtb,S6,S,,,,,,667,530,"{""Longitud de biela"": ""170mm"", ""Ancho de manillar"": ""800mm"", ""Longitud Potencia"": ""40mm"", ""Saddle Width"": ""143mm"", ""Longitud Tija Sillín"": ""200mm"", ""Stack"": ""667mm"", ""Reach"": ""530mm"", ""Headtube Length"": ""155mm"", ""Headtube Angle"": ""64.5°"", ""Altura Pedalier"": ""337mm"", ""Caída Pedalier"": ""38mm"", ""Avance Horquilla"": ""130mm"", ""Longitud de horquilla (total)"": ""561mm"", ""Avance/Retroceso Horquilla"": ""44mm"", ""Delante Centro"": ""879mm"", ""Longitud de vaina"": ""445mm"", ""Distancia entre ejes"": ""1322mm"", ""Top-tube Length (horizontal)"": ""677mm"", ""Bike Standover Height"": ""751mm"", ""Long. Tubo de Sillín"": ""465mm"", ""Ángulo de Tubo de Sillín"": ""76.5°"", ""Saddle Height for Effective ST Angle"": ""870mm"", ""Max Seatpost Insertion"": ""285mm"", ""Min Seatpost Insertion"": ""80mm""}",14499,false,https://www.specialized.com/es/es/s-works-stumpjumper-15-ltd/p/4278252,https://www.specialized.com/es/es/s-works-stumpjumper-15-ltd/p/4278252?color=5444076-4278252,html,2026-10-05
Specialized,Enduro Pro [54649f30],Enduro Pro,,mtb,S2,S,,,,,,616,437,"{""Longitud de biela"": ""165mm"", ""Ancho de manillar"": ""780mm"", ""Longitud Potencia"": ""40mm"", ""Saddle Width"": ""155mm"", ""Longitud Tija Sillín"": ""160mm"", ""Stack (low BB)"": ""616mm"", ""Reach (low BB)"": ""437mm"", ""Longitud de Pipa"": ""95mm"", ""Head-Tube Angle (low BB)"": ""63.9°"", ""Ángulo de Pipa"": ""64.3mm"", ""B-B Height (low BB)"": ""347mm"", ""Altura de Pedalier"": ""354mm"", ""B-B Drop (low BB)"": ""28mm"", ""Caída de pedalier"": ""21mm"", ""Trail (low BB)"": ""132mm"", ""Longitud de horquilla (total)"": ""581mm"", ""Avance/Retroceso Horquilla"": ""46mm"", ""Front-Center (low BB)"": ""777mm"", ""Longitud de vaina"": ""442mm"", ""Distancia entre ejes"": ""1217mm"", ""Longitud Tubo Sillín"": ""400mm"", ""Ángulo Tubo Sillín"": ""76°"", ""Longitud Tubo Superior (Hrz.)"": ""591mm""}",6699,false,https://www.specialized.com/es/es/enduro-pro/p/4276010,https://www.specialized.com/es/es/enduro-pro/p/4276010?color=5436557-4276010,html,2026-10-05
Specialized,Enduro Pro [54649f30],Enduro Pro,,mtb,S3,S,,,,,,620,464,"{""Longitud de biela"": ""165mm"", ""Ancho de manillar"": ""800mm"", ""Longitud Potencia"": ""40mm"", ""Saddle Width"": ""143mm"", ""Longitud Tija Sillín"": ""160mm"", ""Stack (low BB)"": ""620mm"", ""Reach (low BB)"": ""464mm"", ""Longitud de Pipa"": ""100mm"", ""Head-Tube Angle (low BB)"": ""63.9°"", ""Ángulo de Pipa"": ""64.3mm"", ""B-B Height (low BB)"": ""347mm"", ""Altura de Pedalier"": ""354mm"", ""B-B Drop (low BB)"": ""28mm"", ""Caída de pedalier"": ""21mm"", ""Trail (low BB)"": ""132mm"", ""Longitud de horquilla (total)"": ""581mm"", ""Avance/Retroceso Horquilla"": ""46mm"", ""Front-Center (low BB)"": ""806mm"", ""Longitud de vaina"": ""442mm"", ""Distancia entre ejes"": ""1246mm"", ""Longitud Tubo Sillín"": ""420mm"", ""Ángulo Tubo Sillín"": ""76°"", ""Longitud Tubo Superior (Hrz.)"": ""619mm""}",6699,false,https://www.specialized.com/es/es/enduro-pro/p/4276010,https://www.specialized.com/es/es/enduro-pro/p/4276010?color=5436557-4276010,html,2026-10-05
Specialized,Enduro Pro [54649f30],Enduro Pro,,mtb,S4,S,,,,,,629,487,"{""Longitud de biela"": ""170mm"", ""Ancho de manillar"": ""800mm"", ""Longitud Potencia"": ""40mm"", ""Saddle Width"": ""143mm"", ""Longitud Tija Sillín"": ""185mm"", ""Stack (low BB)"": ""629mm"", ""Reach (low BB)"": ""487mm"", ""Longitud de Pipa"": ""110mm"", ""Head-Tube Angle (low BB)"": ""63.9°"", ""Ángulo de Pipa"": ""64.3mm"", ""B-B Height (low BB)"": ""347mm"", ""Altura de Pedalier"": ""354mm"", ""B-B Drop (low BB)"": ""28mm"", ""Caída de pedalier"": ""21mm"", ""Trail (low BB)"": ""132mm"", ""Longitud de horquilla (total)"": ""581mm"", ""Avance/Retroceso Horquilla"": ""46mm"", ""Front-Center (low BB)"": ""833mm"", ""Longitud de vaina"": ""442mm"", ""Distancia entre ejes"": ""1274mm"", ""Longitud Tubo Sillín"": ""440mm"", ""Ángulo Tubo Sillín"": ""76°"", ""Longitud Tubo Superior (Hrz.)"": ""644mm""}",6699,false,https://www.specialized.com/es/es/enduro-pro/p/4276010,https://www.specialized.com/es/es/enduro-pro/p/4276010?color=5436557-4276010,html,2026-10-05
Specialized,Enduro Pro [54649f30],Enduro Pro,,mtb,S5,S,,,,,,638,511,"{""Longitud de biela"": ""170mm"", ""Ancho de manillar"": ""800mm"", ""Longitud Potencia"": ""40mm"", ""Saddle Width"": ""143mm"", ""Longitud Tija Sillín"": ""185mm"", ""Stack (low BB)"": ""638mm"", ""Reach (low BB)"": ""511mm"", ""Longitud de Pipa"": ""120mm"", ""Head-Tube Angle (low BB)"": ""63.9°"", ""Ángulo de Pipa"": ""64.3mm"", ""B-B Height (low BB)"": ""347mm"", ""Altura de Pedalier"": ""354mm"", ""B-B Drop (low BB)"": ""28mm"", ""Caída de pedalier"": ""21mm"", ""Trail (low BB)"": ""132mm"", ""Longitud de horquilla (total)"": ""581mm"", ""Avance/Retroceso Horquilla"": ""46mm"", ""Front-Center (low BB)"": ""862mm"", ""Longitud de vaina"": ""442mm"", ""Distancia entre ejes"": ""1302mm"", ""Longitud Tubo Sillín"": ""465mm"", ""Ángulo Tubo Sillín"": ""76°"", ""Longitud Tubo Superior (Hrz.)"": ""670mm""}",6699,false,https://www.specialized.com/es/es/enduro-pro/p/4276010,https://www.specialized.com/es/es/enduro-pro/p/4276010?color=5436557-4276010,html,2026-10-05
Specialized,Status 170 2 [3504ef13],Status 170 2,,mtb,S1,S,,,,,,620,420,"{""Longitud de biela"": ""165mm"", ""Ancho de manillar"": ""780mm"", ""Longitud Potencia"": ""40mm"", ""Saddle Width"": ""143mm"", ""Longitud Tija Sillín"": ""125mm"", ""Stack (low)"": ""620mm"", ""Stack (high)"": ""616mm"", ""Reach (low)"": ""420mm"", ""Reach (high)"": ""426mm"", ""Headtube Length"": ""95mm"", ""Headtube Angle (low)"": ""63.5°"", ""Headtube Angle (high)"": ""64°"", ""BB Height (low)"": ""342mm"", ""BB Height (high)"": ""350mm"", ""BB Drop (low)"": ""34mm"", ""BB Drop (high)"": ""26mm"", ""Trail (low)"": ""138mm"", ""Trail (high)"": ""133mm"", ""Longitud de horquilla (total)"": ""581mm"", ""Avance/Retroceso Horquilla"": ""44mm"", ""Delante Centro"": ""762mm"", ""Chainstay Length (low)"": ""432mm"", ""Chainstay Length (high)"": ""428mm"", ""Distancia entre ejes"": ""1193mm"", ""Top-tube Length (horizontal)"": ""554mm"", ""Bike Standover Height"": ""735mm"", ""Long. Tubo de Sillín"": ""390mm"", ""Seat Tube Angle (low)"": ""77°"", ""Seat Tube Angle (high)"": ""77.6°""}",3149,false,https://www.specialized.com/es/es/status-170-2/p/221254,https://www.specialized.com/es/es/status-170-2/p/221254?color=363312-221254,html,2026-10-05
Specialized,Status 170 2 [3504ef13],Status 170 2,,mtb,S2,S,,,,,,625,445,"{""Longitud de biela"": ""165mm"", ""Ancho de manillar"": ""800mm"", ""Longitud Potencia"": ""40mm"", ""Saddle Width"": ""143mm"", ""Longitud Tija Sillín"": ""150mm"", ""Stack (low)"": ""625mm"", ""Stack (high)"": ""620mm"", ""Reach (low)"": ""445mm"", ""Reach (high)"": ""451mm"", ""Headtube Length"": ""100mm"", ""Headtube Angle (low)"": ""63.5°"", ""Headtube Angle (high)"": ""64°"", ""BB Height (low)"": ""342mm"", ""BB Height (high)"": ""350mm"", ""BB Drop (low)"": ""34mm"", ""BB Drop (high)"": ""26mm"", ""Trail (low)"": ""138mm"", ""Trail (high)"": ""133mm"", ""Longitud de horquilla (total)"": ""581mm"", ""Avance/Retroceso Horquilla"": ""44mm"", ""Delante Centro"": ""789mm"", ""Chainstay Length (low)"": ""432mm"", ""Chainstay Length (high)"": ""428mm"", ""Distancia entre ejes"": ""1221mm"", ""Top-tube Length (horizontal)"": ""595mm"", ""Bike Standover Height"": ""735mm"", ""Long. Tubo de Sillín"": ""400mm"", ""Seat Tube Angle (low)"": ""77°"", ""Seat Tube Angle (high)"": ""77.6°""}",3149,false,https://www.specialized.com/es/es/status-170-2/p/221254,https://www.specialized.com/es/es/status-170-2/p/221254?color=363312-221254,html,2026-10-05
Specialized,Status 170 2 [3504ef13],Status 170 2,,mtb,S3,S,,,,,,634,470,"{""Longitud de biela"": ""165mm"", ""Ancho de manillar"": ""800mm"", ""Longitud Potencia"": ""40mm"", ""Saddle Width"": ""143mm"", ""Longitud Tija Sillín"": ""170mm"", ""Stack (low)"": ""634mm"", ""Stack (high)"": ""629mm"", ""Reach (low)"": ""470mm"", ""Reach (high)"": ""476mm"", ""Headtube Length"": ""110mm"", ""Headtube Angle (low)"": ""63.5°"", ""Headtube Angle (high)"": ""64°"", ""BB Height (low)"": ""342mm"", ""BB Height (high)"": ""350mm"", ""BB Drop (low)"": ""34mm"", ""BB Drop (high)"": ""26mm"", ""Trail (low)"": ""138mm"", ""Trail (high)"": ""133mm"", ""Longitud de horquilla (total)"": ""581mm"", ""Avance/Retroceso Horquilla"": ""44mm"", ""Delante Centro"": ""819mm"", ""Chainstay Length (low)"": ""432mm"", ""Chainstay Length (high)"": ""428mm"", ""Distancia entre ejes"": ""1250mm"", ""Top-tube Length (horizontal)"": ""635mm"", ""Bike Standover Height"": ""742mm"", ""Long. Tubo de Sillín"": ""420mm"", ""Seat Tube Angle (low)"": ""77°"", ""Seat Tube Angle (high)"": ""77.6°""}",3149,false,https://www.specialized.com/es/es/status-170-2/p/221254,https://www.specialized.com/es/es/status-170-2/p/221254?color=363312-221254,html,2026-10-05
Specialized,Status 170 2 [3504ef13],Status 170 2,,mtb,S4,S,,,,,,643,495,"{""Longitud de biela"": ""165mm"", ""Ancho de manillar"": ""800mm"", ""Longitud Potencia"": ""40mm"", ""Saddle Width"": ""143mm"", ""Longitud Tija Sillín"": ""170mm"", ""Stack (low)"": ""643mm"", ""Stack (high)"": ""638mm"", ""Reach (low)"": ""495mm"", ""Reach (high)"": ""501mm"", ""Headtube Length"": ""120mm"", ""Headtube Angle (low)"": ""63.5°"", ""Headtube Angle (high)"": ""64°"", ""BB Height (low)"": ""342mm"", ""BB Height (high)"": ""350mm"", ""BB Drop (low)"": ""34mm"", ""BB Drop (high)"": ""26mm"", ""Trail (low)"": ""138mm"", ""Trail (high)"": ""133mm"", ""Longitud de horquilla (total)"": ""581mm"", ""Avance/Retroceso Horquilla"": ""44mm"", ""Delante Centro"": ""848mm"", ""Chainstay Length (low)"": ""437mm"", ""Chainstay Length (high)"": ""433mm"", ""Distancia entre ejes"": ""1285mm"", ""Top-tube Length (horizontal)"": ""676mm"", ""Bike Standover Height"": ""748mm"", ""Long. Tubo de Sillín"": ""440mm"", ""Seat Tube Angle (low)"": ""77°"", ""Seat Tube Angle (high)"": ""77.6°""}",3149,false,https://www.specialized.com/es/es/status-170-2/p/221254,https://www.specialized.com/es/es/status-170-2/p/221254?color=363312-221254,html,2026-10-05
Specialized,Status 170 2 [3504ef13],Status 170 2,,mtb,S5,S,,,,,,652,520,"{""Longitud de biela"": ""170mm"", ""Ancho de manillar"": ""800mm"", ""Longitud Potencia"": ""40mm"", ""Saddle Width"": ""143mm"", ""Longitud Tija Sillín"": ""190mm"", ""Stack (low)"": ""652mm"", ""Stack (high)"": ""647mm"", ""Reach (low)"": ""520mm"", ""Reach (high)"": ""526mm"", ""Headtube Length"": ""130mm"", ""Headtube Angle (low)"": ""63.5°"", ""Headtube Angle (high)"": ""64°"", ""BB Height (low)"": ""342mm"", ""BB Height (high)"": ""350mm"", ""BB Drop (low)"": ""34mm"", ""BB Drop (high)"": ""26mm"", ""Trail (low)"": ""138mm"", ""Trail (high)"": ""133mm"", ""Longitud de horquilla (total)"": ""581mm"", ""Avance/Retroceso Horquilla"": ""44mm"", ""Delante Centro"": ""878mm"", ""Chainstay Length (low)"": ""437mm"", ""Chainstay Length (high)"": ""433mm"", ""Distancia entre ejes"": ""1314mm"", ""Top-tube Length (horizontal)"": ""716mm"", ""Bike Standover Height"": ""752mm"", ""Long. Tubo de Sillín"": ""465mm"", ""Seat Tube Angle (low)"": ""77°"", ""Seat Tube Angle (high)"": ""77.6°""}",3149,false,https://www.specialized.com/es/es/status-170-2/p/221254,https://www.specialized.com/es/es/status-170-2/p/221254?color=363312-221254,html,2026-10-05
Specialized,STATUS 2 170 ZERO [db93eb30],STATUS 2 170 ZERO,,mtb,S0,S,,,,,,597,390,"{""Longitud de biela"": ""155mm"", ""Ancho de manillar"": ""760mm"", ""Longitud Potencia"": ""40mm"", ""Saddle Width"": ""130mm"", ""Longitud Tija Sillín"": ""100mm"", ""Stack (low)"": ""597mm"", ""Stack (high)"": ""593mm"", ""Reach (low)"": ""390mm"", ""Reach (high)"": ""396mm"", ""Headtube Length"": ""95mm"", ""Headtube Angle (low)"": ""63.5°"", ""Headtube Angle (high)"": ""64°"", ""BB Height (low)"": ""332mm"", ""BB Height (high)"": ""340mm"", ""BB Drop (low)"": ""24mm"", ""BB Drop (high)"": ""16mm"", ""Trail (low)"": ""136mm"", ""Trail (high)"": ""133mm"", ""Longitud de horquilla (total)"": ""563mm"", ""Avance/Retroceso Horquilla"": ""37mm"", ""Delante Centro"": ""718mm"", ""Chainstay Length (low)"": ""432mm"", ""Chainstay Length (high)"": ""428mm"", ""Distancia entre ejes"": ""1148mm"", ""Top-tube Length (horizontal)"": ""509mm"", ""Bike Standover Height"": ""722mm"", ""Long. Tubo de Sillín"": ""370mm"", ""Seat Tube Angle (low)"": ""77°"", ""Seat Tube Angle (high)"": ""77.6°""}",3149,false,https://www.specialized.com/es/es/status-2-170-zero/p/221253,https://www.specialized.com/es/es/status-2-170-zero/p/221253?color=363317-221253&searchText=93723-7700,html,2026-10-05
Specialized,S-Works Demo 11 [d104b5e8],S-Works Demo 11 LTD: Built for Legends,,mtb,S3,S,,,,,,640,445,"{""Longitud de biela"": ""165mm"", ""Ancho de manillar"": ""800mm"", ""Longitud Potencia"": ""45mm"", ""Saddle Width"": ""130mm"", ""Longitud Tija Sillín"": ""367mm"", ""Stack (high)"": ""640mm"", ""Stack (low)"": ""645mm"", ""Reach (middle)"": ""445mm"", ""Reach Adjustment"": ""6+/-"", ""Headtube Length"": ""110mm"", ""Headtube Angle"": ""62.5°"", ""BB Height (high)"": ""355mm"", ""BB Height (low)"": ""348mm"", ""Caída Pedalier"": ""20mm"", ""Longitud de horquilla (total)"": ""611mm"", ""Avance Horquilla"": ""137mm"", ""Avance/Retroceso Horquilla"": ""52mm"", ""Delante Centro"": ""825mm"", ""Horizontal Rear Center"": ""435mm"", ""Longitud de vaina"": ""435mm"", ""Distancia entre ejes"": ""1260mm"", ""Longitud Tubo Sillín"": ""400mm"", ""Ángulo Tubo Sillín"": ""78°"", ""Longitud Tubo Superior"": ""582mm""}",13499,false,https://www.specialized.com/es/es/s-works-demo-11-ltd-built-for-legends/p/4293956,https://www.specialized.com/es/es/s-works-demo-11-ltd-built-for-legends/p/4293956?color=5467307-4293956,html,2026-10-05
Specialized,S-Works Demo 11 [d104b5e8],S-Works Demo 11 LTD: Built for Legends,,mtb,S4,S,,,,,,640,475,"{""Longitud de biela"": ""165mm"", ""Ancho de manillar"": ""800mm"", ""Longitud Potencia"": ""45mm"", ""Saddle Width"": ""130mm"", ""Longitud Tija Sillín"": ""367mm"", ""Stack (high)"": ""640mm"", ""Stack (low)"": ""645mm"", ""Reach (middle)"": ""475mm"", ""Reach Adjustment"": ""6+/-"", ""Headtube Length"": ""110mm"", ""Headtube Angle"": ""62.5°"", ""BB Height (high)"": ""355mm"", ""BB Height (low)"": ""348mm"", ""Caída Pedalier"": ""20mm"", ""Longitud de horquilla (total)"": ""611mm"", ""Avance Horquilla"": ""137mm"", ""Avance/Retroceso Horquilla"": ""52mm"", ""Delante Centro"": ""857mm"", ""Horizontal Rear Center"": ""445mm"", ""Longitud de vaina"": ""445mm"", ""Distancia entre ejes"": ""1302mm"", ""Longitud Tubo Sillín"": ""420mm"", ""Ángulo Tubo Sillín"": ""78°"", ""Longitud Tubo Superior"": ""614mm""}",13499,false,https://www.specialized.com/es/es/s-works-demo-11-ltd-built-for-legends/p/4293956,https://www.specialized.com/es/es/s-works-demo-11-ltd-built-for-legends/p/4293956?color=5467307-4293956,html,2026-10-05
Specialized,S-Works Demo 11 [d104b5e8],S-Works Demo 11 LTD: Built for Legends,,mtb,S5,S,,,,,,640,500,"{""Longitud de biela"": ""165mm"", ""Ancho de manillar"": ""800mm"", ""Longitud Potencia"": ""45mm"", ""Saddle Width"": ""130mm"", ""Longitud Tija Sillín"": ""367mm"", ""Stack (high)"": ""640mm"", ""Stack (low)"": ""645mm"", ""Reach (middle)"": ""500mm"", ""Reach Adjustment"": ""6+/-"", ""Headtube Length"": ""110mm"", ""Headtube Angle"": ""62.5°"", ""BB Height (high)"": ""355mm"", ""BB Height (low)"": ""348mm"", ""Caída Pedalier"": ""20mm"", ""Longitud de horquilla (total)"": ""611mm"", ""Avance Horquilla"": ""137mm"", ""Avance/Retroceso Horquilla"": ""52mm"", ""Delante Centro"": ""880mm"", ""Horizontal Rear Center"": ""455mm"", ""Longitud de vaina"": ""455mm"", ""Distancia entre ejes"": ""1335mm"", ""Longitud Tubo Sillín"": ""420mm"", ""Ángulo Tubo Sillín"": ""78°"", ""Longitud Tubo Superior"": ""637mm""}",13499,false,https://www.specialized.com/es/es/s-works-demo-11-ltd-built-for-legends/p/4293956,https://www.specialized.com/es/es/s-works-demo-11-ltd-built-for-legends/p/4293956?color=5467307-4293956,html,2026-10-05
Specialized,S-Works Demo 11 [d104b5e8],S-Works Demo 11,,mtb,S3,S,,,,,,640,445,"{""Longitud de biela"": ""165mm"", ""Ancho de manillar"": ""800mm"", ""Longitud Potencia"": ""50mm"", ""Saddle Width"": ""130mm"", ""Longitud Tija Sillín"": ""367mm"", ""Stack (high)"": ""640mm"", ""Stack (low)"": ""645mm"", ""Reach (middle)"": ""445mm"", ""Reach Adjustment"": ""6+/-"", ""Headtube Length"": ""110mm"", ""Headtube Angle"": ""62.5°"", ""BB Height (high)"": ""355mm"", ""BB Height (low)"": ""348mm"", ""Caída Pedalier"": ""20mm"", ""Longitud de horquilla (total)"": ""611mm"", ""Avance Horquilla"": ""137mm"", ""Avance/Retroceso Horquilla"": ""52mm"", ""Delante Centro"": ""825mm"", ""Horizontal Rear Center"": ""435mm"", ""Longitud de vaina"": ""435mm"", ""Distancia entre ejes"": ""1260mm"", ""Longitud Tubo Sillín"": ""400mm"", ""Ángulo Tubo Sillín"": ""78°"", ""Longitud Tubo Superior"": ""582mm""}",12499,false,https://www.specialized.com/es/es/s-works-demo-11/p/4293955,https://www.specialized.com/es/es/s-works-demo-11/p/4293955?color=5467306-4293955,html,2026-10-05
Specialized,S-Works Demo 11 [d104b5e8],S-Works Demo 11,,mtb,S4,S,,,,,,640,475,"{""Longitud de biela"": ""165mm"", ""Ancho de manillar"": ""800mm"", ""Longitud Potencia"": ""50mm"", ""Saddle Width"": ""130mm"", ""Longitud Tija Sillín"": ""367mm"", ""Stack (high)"": ""640mm"", ""Stack (low)"": ""645mm"", ""Reach (middle)"": ""475mm"", ""Reach Adjustment"": ""6+/-"", ""Headtube Length"": ""110mm"", ""Headtube Angle"": ""62.5°"", ""BB Height (high)"": ""355mm"", ""BB Height (low)"": ""348mm"", ""Caída Pedalier"": ""20mm"", ""Longitud de horquilla (total)"": ""611mm"", ""Avance Horquilla"": ""137mm"", ""Avance/Retroceso Horquilla"": ""52mm"", ""Delante Centro"": ""857mm"", ""Horizontal Rear Center"": ""445mm"", ""Longitud de vaina"": ""445mm"", ""Distancia entre ejes"": ""1302mm"", ""Longitud Tubo Sillín"": ""420mm"", ""Ángulo Tubo Sillín"": ""78°"", ""Longitud Tubo Superior"": ""614mm""}",12499,false,https://www.specialized.com/es/es/s-works-demo-11/p/4293955,https://www.specialized.com/es/es/s-works-demo-11/p/4293955?color=5467306-4293955,html,2026-10-05
Specialized,S-Works Demo 11 [d104b5e8],S-Works Demo 11,,mtb,S5,S,,,,,,640,500,"{""Longitud de biela"": ""165mm"", ""Ancho de manillar"": ""800mm"", ""Longitud Potencia"": ""50mm"", ""Saddle Width"": ""130mm"", ""Longitud Tija Sillín"": ""367mm"", ""Stack (high)"": ""640mm"", ""Stack (low)"": ""645mm"", ""Reach (middle)"": ""500mm"", ""Reach Adjustment"": ""6+/-"", ""Headtube Length"": ""110mm"", ""Headtube Angle"": ""62.5°"", ""BB Height (high)"": ""355mm"", ""BB Height (low)"": ""348mm"", ""Caída Pedalier"": ""20mm"", ""Longitud de horquilla (total)"": ""611mm"", ""Avance Horquilla"": ""137mm"", ""Avance/Retroceso Horquilla"": ""52mm"", ""Delante Centro"": ""880mm"", ""Horizontal Rear Center"": ""455mm"", ""Longitud de vaina"": ""455mm"", ""Distancia entre ejes"": ""1335mm"", ""Longitud Tubo Sillín"": ""420mm"", ""Ángulo Tubo Sillín"": ""78°"", ""Longitud Tubo Superior"": ""637mm""}",12499,false,https://www.specialized.com/es/es/s-works-demo-11/p/4293955,https://www.specialized.com/es/es/s-works-demo-11/p/4293955?color=5467306-4293955,html,2026-10-05
Specialized,S-Works Levo 4 X [988a0a6a],S-Works Turbo Levo 4,,emtb,S2,S,,,,,,618,435,"{""Longitud de biela"": ""160mm"", ""Ancho de manillar"": ""800mm"", ""Longitud Potencia"": ""40mm"", ""Saddle Width"": ""155mm"", ""Longitud Tija Sillín"": ""150mm"", ""Stack"": ""618mm"", ""Reach"": ""435mm"", ""Headtube Length"": ""95mm"", ""Headtube Angle"": ""64.5°"", ""Altura Pedalier"": ""350mm"", ""Caída Pedalier"": ""29.5mm"", ""Avance Horquilla"": ""132mm"", ""Longitud de horquilla (total)"": ""577mm"", ""Avance/Retroceso Horquilla"": ""44mm"", ""Delante Centro"": ""765mm"", ""Longitud de vaina"": ""435mm"", ""Distancia entre ejes"": ""1200mm"", ""Top-tube Length (horizontal)"": ""578mm"", ""Bike Standover Height"": ""753mm"", ""Long. Tubo de Sillín"": ""390mm"", ""Ángulo de Tubo de Sillín"": ""77°"", ""Saddle Height for Effective ST Angle"": ""690mm"", ""Max Seatpost Insertion"": ""274mm"", ""Min Seatpost Insertion"": ""80mm""}",13999,false,https://www.specialized.com/es/es/s-works-turbo-levo-4/p/4263415,https://www.specialized.com/es/es/s-works-turbo-levo-4/p/4263415?color=5478724-4263415,html,2026-10-05
Specialized,S-Works Levo 4 X [988a0a6a],S-Works Turbo Levo 4,,emtb,S3,S,,,,,,626,455,"{""Longitud de biela"": ""160mm"", ""Ancho de manillar"": ""800mm"", ""Longitud Potencia"": ""40mm"", ""Saddle Width"": ""143mm"", ""Longitud Tija Sillín"": ""175mm"", ""Stack"": ""626mm"", ""Reach"": ""455mm"", ""Headtube Length"": ""103mm"", ""Headtube Angle"": ""64.5°"", ""Altura Pedalier"": ""350mm"", ""Caída Pedalier"": ""29.5mm"", ""Avance Horquilla"": ""132mm"", ""Longitud de horquilla (total)"": ""577mm"", ""Avance/Retroceso Horquilla"": ""44mm"", ""Delante Centro"": ""789mm"", ""Longitud de vaina"": ""435mm"", ""Distancia entre ejes"": ""1223mm"", ""Top-tube Length (horizontal)"": ""599mm"", ""Bike Standover Height"": ""754mm"", ""Long. Tubo de Sillín"": ""405mm"", ""Ángulo de Tubo de Sillín"": ""77°"", ""Saddle Height for Effective ST Angle"": ""735mm"", ""Max Seatpost Insertion"": ""289mm"", ""Min Seatpost Insertion"": ""80mm""}",13999,false,https://www.specialized.com/es/es/s-works-turbo-levo-4/p/4263415,https://www.specialized.com/es/es/s-works-turbo-levo-4/p/4263415?color=5478724-4263415,html,2026-10-05
Specialized,S-Works Levo 4 X [988a0a6a],S-Works Turbo Levo 4,,emtb,S4,S,,,,,,638,480,"{""Longitud de biela"": ""160mm"", ""Ancho de manillar"": ""800mm"", ""Longitud Potencia"": ""40mm"", ""Saddle Width"": ""143mm"", ""Longitud Tija Sillín"": ""200mm"", ""Stack"": ""638mm"", ""Reach"": ""480mm"", ""Headtube Length"": ""117mm"", ""Headtube Angle"": ""64.5°"", ""Altura Pedalier"": ""350mm"", ""Caída Pedalier"": ""29.5mm"", ""Avance Horquilla"": ""132mm"", ""Longitud de horquilla (total)"": ""577mm"", ""Avance/Retroceso Horquilla"": ""44mm"", ""Delante Centro"": ""820mm"", ""Longitud de vaina"": ""435mm"", ""Distancia entre ejes"": ""1254mm"", ""Top-tube Length (horizontal)"": ""627mm"", ""Bike Standover Height"": ""753mm"", ""Long. Tubo de Sillín"": ""425mm"", ""Ángulo de Tubo de Sillín"": ""77°"", ""Saddle Height for Effective ST Angle"": ""780mm"", ""Max Seatpost Insertion"": ""313mm"", ""Min Seatpost Insertion"": ""80mm""}",13999,false,https://www.specialized.com/es/es/s-works-turbo-levo-4/p/4263415,https://www.specialized.com/es/es/s-works-turbo-levo-4/p/4263415?color=5478724-4263415,html,2026-10-05
Specialized,S-Works Levo 4 X [988a0a6a],S-Works Turbo Levo 4,,emtb,S5,S,,,,,,652,505,"{""Longitud de biela"": ""160mm"", ""Ancho de manillar"": ""800mm"", ""Longitud Potencia"": ""40mm"", ""Saddle Width"": ""143mm"", ""Longitud Tija Sillín"": ""225mm"", ""Stack"": ""652mm"", ""Reach"": ""505mm"", ""Headtube Length"": ""132mm"", ""Headtube Angle"": ""64.5°"", ""Altura Pedalier"": ""350mm"", ""Caída Pedalier"": ""29.5mm"", ""Avance Horquilla"": ""132mm"", ""Longitud de horquilla (total)"": ""577mm"", ""Avance/Retroceso Horquilla"": ""44mm"", ""Delante Centro"": ""851mm"", ""Longitud de vaina"": ""435mm"", ""Distancia entre ejes"": ""1286mm"", ""Top-tube Length (horizontal)"": ""655mm"", ""Bike Standover Height"": ""758mm"", ""Long. Tubo de Sillín"": ""445mm"", ""Ángulo de Tubo de Sillín"": ""77°"", ""Saddle Height for Effective ST Angle"": ""825mm"", ""Max Seatpost Insertion"": ""337mm"", ""Min Seatpost Insertion"": ""80mm""}",13999,false,https://www.specialized.com/es/es/s-works-turbo-levo-4/p/4263415,https://www.specialized.com/es/es/s-works-turbo-levo-4/p/4263415?color=5478724-4263415,html,2026-10-05
Specialized,S-Works Levo 4 X [988a0a6a],S-Works Turbo Levo 4,,emtb,S6,S,,,,,,667,535,"{""Longitud de biela"": ""160mm"", ""Ancho de manillar"": ""800mm"", ""Longitud Potencia"": ""40mm"", ""Saddle Width"": ""143mm"", ""Longitud Tija Sillín"": ""240mm"", ""Stack"": ""667mm"", ""Reach"": ""535mm"", ""Headtube Length"": ""149mm"", ""Headtube Angle"": ""64.5°"", ""Altura Pedalier"": ""350mm"", ""Caída Pedalier"": ""29.5mm"", ""Avance Horquilla"": ""132mm"", ""Longitud de horquilla (total)"": ""577mm"", ""Avance/Retroceso Horquilla"": ""44mm"", ""Delante Centro"": ""888mm"", ""Longitud de vaina"": ""435mm"", ""Distancia entre ejes"": ""1323mm"", ""Top-tube Length (horizontal)"": ""689mm"", ""Bike Standover Height"": ""761mm"", ""Long. Tubo de Sillín"": ""465mm"", ""Ángulo de Tubo de Sillín"": ""77°"", ""Saddle Height for Effective ST Angle"": ""870mm"", ""Max Seatpost Insertion"": ""357mm"", ""Min Seatpost Insertion"": ""80mm""}",13999,false,https://www.specialized.com/es/es/s-works-turbo-levo-4/p/4263415,https://www.specialized.com/es/es/s-works-turbo-levo-4/p/4263415?color=5478724-4263415,html,2026-10-05
Specialized,S-Works Levo 4 X [988a0a6a],S-Works Levo 4 X,,emtb,S2,S,,,,,,618,435,"{""Longitud de biela"": ""160mm"", ""Ancho de manillar"": ""800mm"", ""Longitud Potencia"": ""40mm"", ""Saddle Width"": ""155mm"", ""Longitud Tija Sillín"": ""125mm"", ""Stack"": ""618mm"", ""Reach"": ""435mm"", ""Headtube Length"": ""95mm"", ""Headtube Angle"": ""64.5°"", ""Altura Pedalier"": ""350mm"", ""Caída Pedalier"": ""29.5mm"", ""Avance Horquilla"": ""132mm"", ""Longitud de horquilla (total)"": ""577mm"", ""Avance/Retroceso Horquilla"": ""44mm"", ""Delante Centro"": ""765mm"", ""Longitud de vaina"": ""435mm"", ""Distancia entre ejes"": ""1200mm"", ""Top-tube Length (horizontal)"": ""578mm"", ""Bike Standover Height"": ""753mm"", ""Long. Tubo de Sillín"": ""390mm"", ""Ángulo de Tubo de Sillín"": ""77°"", ""Saddle Height for Effective ST Angle"": ""690mm"", ""Max Seatpost Insertion"": ""274mm"", ""Min Seatpost Insertion"": ""80mm""}",14499,false,https://www.specialized.com/es/es/s-works-levo-4-x/p/4292995,https://www.specialized.com/es/es/s-works-levo-4-x/p/4292995?color=5464696-4292995,html,2026-10-05
Specialized,S-Works Levo 4 X [988a0a6a],S-Works Levo 4 X,,emtb,S3,S,,,,,,626,455,"{""Longitud de biela"": ""160mm"", ""Ancho de manillar"": ""800mm"", ""Longitud Potencia"": ""40mm"", ""Saddle Width"": ""143mm"", ""Longitud Tija Sillín"": ""175mm"", ""Stack"": ""626mm"", ""Reach"": ""455mm"", ""Headtube Length"": ""103mm"", ""Headtube Angle"": ""64.5°"", ""Altura Pedalier"": ""350mm"", ""Caída Pedalier"": ""29.5mm"", ""Avance Horquilla"": ""132mm"", ""Longitud de horquilla (total)"": ""577mm"", ""Avance/Retroceso Horquilla"": ""44mm"", ""Delante Centro"": ""789mm"", ""Longitud de vaina"": ""435mm"", ""Distancia entre ejes"": ""1223mm"", ""Top-tube Length (horizontal)"": ""599mm"", ""Bike Standover Height"": ""754mm"", ""Long. Tubo de Sillín"": ""405mm"", ""Ángulo de Tubo de Sillín"": ""77°"", ""Saddle Height for Effective ST Angle"": ""735mm"", ""Max Seatpost Insertion"": ""289mm"", ""Min Seatpost Insertion"": ""80mm""}",14499,false,https://www.specialized.com/es/es/s-works-levo-4-x/p/4292995,https://www.specialized.com/es/es/s-works-levo-4-x/p/4292995?color=5464696-4292995,html,2026-10-05
Specialized,S-Works Levo 4 X [988a0a6a],S-Works Levo 4 X,,emtb,S4,S,,,,,,638,480,"{""Longitud de biela"": ""160mm"", ""Ancho de manillar"": ""800mm"", ""Longitud Potencia"": ""40mm"", ""Saddle Width"": ""143mm"", ""Longitud Tija Sillín"": ""200mm"", ""Stack"": ""638mm"", ""Reach"": ""480mm"", ""Headtube Length"": ""117mm"", ""Headtube Angle"": ""64.5°"", ""Altura Pedalier"": ""350mm"", ""Caída Pedalier"": ""29.5mm"", ""Avance Horquilla"": ""132mm"", ""Longitud de horquilla (total)"": ""577mm"", ""Avance/Retroceso Horquilla"": ""44mm"", ""Delante Centro"": ""820mm"", ""Longitud de vaina"": ""435mm"", ""Distancia entre ejes"": ""1254mm"", ""Top-tube Length (horizontal)"": ""627mm"", ""Bike Standover Height"": ""753mm"", ""Long. Tubo de Sillín"": ""425mm"", ""Ángulo de Tubo de Sillín"": ""77°"", ""Saddle Height for Effective ST Angle"": ""780mm"", ""Max Seatpost Insertion"": ""313mm"", ""Min Seatpost Insertion"": ""80mm""}",14499,false,https://www.specialized.com/es/es/s-works-levo-4-x/p/4292995,https://www.specialized.com/es/es/s-works-levo-4-x/p/4292995?color=5464696-4292995,html,2026-10-05
Specialized,S-Works Levo 4 X [988a0a6a],S-Works Levo 4 X,,emtb,S5,S,,,,,,652,505,"{""Longitud de biela"": ""160mm"", ""Ancho de manillar"": ""800mm"", ""Longitud Potencia"": ""40mm"", ""Saddle Width"": ""143mm"", ""Longitud Tija Sillín"": ""200mm"", ""Stack"": ""652mm"", ""Reach"": ""505mm"", ""Headtube Length"": ""132mm"", ""Headtube Angle"": ""64.5°"", ""Altura Pedalier"": ""350mm"", ""Caída Pedalier"": ""29.5mm"", ""Avance Horquilla"": ""132mm"", ""Longitud de horquilla (total)"": ""577mm"", ""Avance/Retroceso Horquilla"": ""44mm"", ""Delante Centro"": ""851mm"", ""Longitud de vaina"": ""435mm"", ""Distancia entre ejes"": ""1286mm"", ""Top-tube Length (horizontal)"": ""655mm"", ""Bike Standover Height"": ""758mm"", ""Long. Tubo de Sillín"": ""445mm"", ""Ángulo de Tubo de Sillín"": ""77°"", ""Saddle Height for Effective ST Angle"": ""825mm"", ""Max Seatpost Insertion"": ""337mm"", ""Min Seatpost Insertion"": ""80mm""}",14499,false,https://www.specialized.com/es/es/s-works-levo-4-x/p/4292995,https://www.specialized.com/es/es/s-works-levo-4-x/p/4292995?color=5464696-4292995,html,2026-10-05
Specialized,S-Works Levo 4 X [988a0a6a],S-Works Levo 4 X,,emtb,S6,S,,,,,,667,535,"{""Longitud de biela"": ""160mm"", ""Ancho de manillar"": ""800mm"", ""Longitud Potencia"": ""40mm"", ""Saddle Width"": ""143mm"", ""Longitud Tija Sillín"": ""200mm"", ""Stack"": ""667mm"", ""Reach"": ""535mm"", ""Headtube Length"": ""149mm"", ""Headtube Angle"": ""64.5°"", ""Altura Pedalier"": ""350mm"", ""Caída Pedalier"": ""29.5mm"", ""Avance Horquilla"": ""132mm"", ""Longitud de horquilla (total)"": ""577mm"", ""Avance/Retroceso Horquilla"": ""44mm"", ""Delante Centro"": ""888mm"", ""Longitud de vaina"": ""435mm"", ""Distancia entre ejes"": ""1323mm"", ""Top-tube Length (horizontal)"": ""689mm"", ""Bike Standover Height"": ""761mm"", ""Long. Tubo de Sillín"": ""465mm"", ""Ángulo de Tubo de Sillín"": ""77°"", ""Saddle Height for Effective ST Angle"": ""870mm"", ""Max Seatpost Insertion"": ""357mm"", ""Min Seatpost Insertion"": ""80mm""}",14499,false,https://www.specialized.com/es/es/s-works-levo-4-x/p/4292995,https://www.specialized.com/es/es/s-works-levo-4-x/p/4292995?color=5464696-4292995,html,2026-10-05
Specialized,S-Works Levo 4 X [988a0a6a],Turbo Levo 4 Pro,,emtb,S2,S,,,,,,618,435,"{""Longitud de biela"": ""155mm"", ""Ancho de manillar"": ""800mm"", ""Longitud Potencia"": ""40mm"", ""Saddle Width"": ""155mm"", ""Longitud Tija Sillín"": ""125mm"", ""Stack"": ""618mm"", ""Reach"": ""435mm"", ""Headtube Length"": ""95mm"", ""Headtube Angle"": ""64.5°"", ""Altura Pedalier"": ""350mm"", ""Caída Pedalier"": ""29.5mm"", ""Avance Horquilla"": ""132mm"", ""Longitud de horquilla (total)"": ""577mm"", ""Avance/Retroceso Horquilla"": ""44mm"", ""Delante Centro"": ""765mm"", ""Longitud de vaina"": ""435mm"", ""Distancia entre ejes"": ""1200mm"", ""Top-tube Length (horizontal)"": ""578mm"", ""Bike Standover Height"": ""753mm"", ""Long. Tubo de Sillín"": ""390mm"", ""Ángulo de Tubo de Sillín"": ""77°"", ""Saddle Height for Effective ST Angle"": ""690mm"", ""Max Seatpost Insertion"": ""274mm"", ""Min Seatpost Insertion"": ""80mm""}",11999,false,https://www.specialized.com/es/es/turbo-levo-4-pro/p/4263400,https://www.specialized.com/es/es/turbo-levo-4-pro/p/4263400?color=5478764-4263400,html,2026-10-05
Specialized,S-Works Levo 4 X [988a0a6a],Turbo Levo 4 Pro,,emtb,S3,S,,,,,,626,455,"{""Longitud de biela"": ""155mm"", ""Ancho de manillar"": ""800mm"", ""Longitud Potencia"": ""40mm"", ""Saddle Width"": ""143mm"", ""Longitud Tija Sillín"": ""160mm"", ""Stack"": ""626mm"", ""Reach"": ""455mm"", ""Headtube Length"": ""103mm"", ""Headtube Angle"": ""64.5°"", ""Altura Pedalier"": ""350mm"", ""Caída Pedalier"": ""29.5mm"", ""Avance Horquilla"": ""132mm"", ""Longitud de horquilla (total)"": ""577mm"", ""Avance/Retroceso Horquilla"": ""44mm"", ""Delante Centro"": ""789mm"", ""Longitud de vaina"": ""435mm"", ""Distancia entre ejes"": ""1223mm"", ""Top-tube Length (horizontal)"": ""599mm"", ""Bike Standover Height"": ""754mm"", ""Long. Tubo de Sillín"": ""405mm"", ""Ángulo de Tubo de Sillín"": ""77°"", ""Saddle Height for Effective ST Angle"": ""735mm"", ""Max Seatpost Insertion"": ""289mm"", ""Min Seatpost Insertion"": ""80mm""}",11999,false,https://www.specialized.com/es/es/turbo-levo-4-pro/p/4263400,https://www.specialized.com/es/es/turbo-levo-4-pro/p/4263400?color=5478764-4263400,html,2026-10-05
Specialized,S-Works Levo 4 X [988a0a6a],Turbo Levo 4 Pro,,emtb,S4,S,,,,,,638,480,"{""Longitud de biela"": ""155mm"", ""Ancho de manillar"": ""800mm"", ""Longitud Potencia"": ""40mm"", ""Saddle Width"": ""143mm"", ""Longitud Tija Sillín"": ""185mm"", ""Stack"": ""638mm"", ""Reach"": ""480mm"", ""Headtube Length"": ""117mm"", ""Headtube Angle"": ""64.5°"", ""Altura Pedalier"": ""350mm"", ""Caída Pedalier"": ""29.5mm"", ""Avance Horquilla"": ""132mm"", ""Longitud de horquilla (total)"": ""577mm"", ""Avance/Retroceso Horquilla"": ""44mm"", ""Delante Centro"": ""820mm"", ""Longitud de vaina"": ""435mm"", ""Distancia entre ejes"": ""1254mm"", ""Top-tube Length (horizontal)"": ""627mm"", ""Bike Standover Height"": ""753mm"", ""Long. Tubo de Sillín"": ""425mm"", ""Ángulo de Tubo de Sillín"": ""77°"", ""Saddle Height for Effective ST Angle"": ""780mm"", ""Max Seatpost Insertion"": ""313mm"", ""Min Seatpost Insertion"": ""80mm""}",11999,false,https://www.specialized.com/es/es/turbo-levo-4-pro/p/4263400,https://www.specialized.com/es/es/turbo-levo-4-pro/p/4263400?color=5478764-4263400,html,2026-10-05
Specialized,S-Works Levo 4 X [988a0a6a],Turbo Levo 4 Pro,,emtb,S5,S,,,,,,652,505,"{""Longitud de biela"": ""155mm"", ""Ancho de manillar"": ""800mm"", ""Longitud Potencia"": ""40mm"", ""Saddle Width"": ""143mm"", ""Longitud Tija Sillín"": ""213mm"", ""Stack"": ""652mm"", ""Reach"": ""505mm"", ""Headtube Length"": ""132mm"", ""Headtube Angle"": ""64.5°"", ""Altura Pedalier"": ""350mm"", ""Caída Pedalier"": ""29.5mm"", ""Avance Horquilla"": ""132mm"", ""Longitud de horquilla (total)"": ""577mm"", ""Avance/Retroceso Horquilla"": ""44mm"", ""Delante Centro"": ""851mm"", ""Longitud de vaina"": ""435mm"", ""Distancia entre ejes"": ""1286mm"", ""Top-tube Length (horizontal)"": ""655mm"", ""Bike Standover Height"": ""758mm"", ""Long. Tubo de Sillín"": ""445mm"", ""Ángulo de Tubo de Sillín"": ""77°"", ""Saddle Height for Effective ST Angle"": ""825mm"", ""Max Seatpost Insertion"": ""337mm"", ""Min Seatpost Insertion"": ""80mm""}",11999,false,https://www.specialized.com/es/es/turbo-levo-4-pro/p/4263400,https://www.specialized.com/es/es/turbo-levo-4-pro/p/4263400?color=5478764-4263400,html,2026-10-05
Specialized,S-Works Levo 4 X [988a0a6a],Turbo Levo 4 Pro,,emtb,S6,S,,,,,,667,535,"{""Longitud de biela"": ""155mm"", ""Ancho de manillar"": ""800mm"", ""Longitud Potencia"": ""40mm"", ""Saddle Width"": ""143mm"", ""Longitud Tija Sillín"": ""213mm"", ""Stack"": ""667mm"", ""Reach"": ""535mm"", ""Headtube Length"": ""149mm"", ""Headtube Angle"": ""64.5°"", ""Altura Pedalier"": ""350mm"", ""Caída Pedalier"": ""29.5mm"", ""Avance Horquilla"": ""132mm"", ""Longitud de horquilla (total)"": ""577mm"", ""Avance/Retroceso Horquilla"": ""44mm"", ""Delante Centro"": ""888mm"", ""Longitud de vaina"": ""435mm"", ""Distancia entre ejes"": ""1323mm"", ""Top-tube Length (horizontal)"": ""689mm"", ""Bike Standover Height"": ""761mm"", ""Long. Tubo de Sillín"": ""465mm"", ""Ángulo de Tubo de Sillín"": ""77°"", ""Saddle Height for Effective ST Angle"": ""870mm"", ""Max Seatpost Insertion"": ""357mm"", ""Min Seatpost Insertion"": ""80mm""}",11999,false,https://www.specialized.com/es/es/turbo-levo-4-pro/p/4263400,https://www.specialized.com/es/es/turbo-levo-4-pro/p/4263400?color=5478764-4263400,html,2026-10-05
Specialized,S-Works Levo 4 X [988a0a6a],Turbo Levo 4 Expert,,emtb,S2,S,,,,,,618,435,"{""Longitud de biela"": ""155mm"", ""Ancho de manillar"": ""780mm"", ""Longitud Potencia"": ""35mm"", ""Saddle Width"": ""155mm"", ""Longitud Tija Sillín"": ""125mm"", ""Stack"": ""618mm"", ""Reach"": ""435mm"", ""Headtube Length"": ""95mm"", ""Headtube Angle"": ""64.5°"", ""Altura Pedalier"": ""350mm"", ""Caída Pedalier"": ""29.5mm"", ""Avance Horquilla"": ""132mm"", ""Longitud de horquilla (total)"": ""577mm"", ""Avance/Retroceso Horquilla"": ""44mm"", ""Delante Centro"": ""765mm"", ""Longitud de vaina"": ""435mm"", ""Distancia entre ejes"": ""1200mm"", ""Top-tube Length (horizontal)"": ""578mm"", ""Bike Standover Height"": ""753mm"", ""Long. Tubo de Sillín"": ""390mm"", ""Ángulo de Tubo de Sillín"": ""77°"", ""Saddle Height for Effective ST Angle"": ""690mm"", ""Max Seatpost Insertion"": ""274mm"", ""Min Seatpost Insertion"": ""80mm""}",9999,false,https://www.specialized.com/es/es/turbo-levo-4-expert/p/4263402,https://www.specialized.com/es/es/turbo-levo-4-expert/p/4263402?color=5478722-4263402,html,2026-10-05
Specialized,S-Works Levo 4 X [988a0a6a],Turbo Levo 4 Expert,,emtb,S3,S,,,,,,626,455,"{""Longitud de biela"": ""155mm"", ""Ancho de manillar"": ""800mm"", ""Longitud Potencia"": ""35mm"", ""Saddle Width"": ""143mm"", ""Longitud Tija Sillín"": ""160mm"", ""Stack"": ""626mm"", ""Reach"": ""455mm"", ""Headtube Length"": ""103mm"", ""Headtube Angle"": ""64.5°"", ""Altura Pedalier"": ""350mm"", ""Caída Pedalier"": ""29.5mm"", ""Avance Horquilla"": ""132mm"", ""Longitud de horquilla (total)"": ""577mm"", ""Avance/Retroceso Horquilla"": ""44mm"", ""Delante Centro"": ""789mm"", ""Longitud de vaina"": ""435mm"", ""Distancia entre ejes"": ""1223mm"", ""Top-tube Length (horizontal)"": ""599mm"", ""Bike Standover Height"": ""754mm"", ""Long. Tubo de Sillín"": ""405mm"", ""Ángulo de Tubo de Sillín"": ""77°"", ""Saddle Height for Effective ST Angle"": ""735mm"", ""Max Seatpost Insertion"": ""289mm"", ""Min Seatpost Insertion"": ""80mm""}",9999,false,https://www.specialized.com/es/es/turbo-levo-4-expert/p/4263402,https://www.specialized.com/es/es/turbo-levo-4-expert/p/4263402?color=5478722-4263402,html,2026-10-05
Specialized,S-Works Levo 4 X [988a0a6a],Turbo Levo 4 Expert,,emtb,S4,S,,,,,,638,480,"{""Longitud de biela"": ""155mm"", ""Ancho de manillar"": ""800mm"", ""Longitud Potencia"": ""35mm"", ""Saddle Width"": ""143mm"", ""Longitud Tija Sillín"": ""185mm"", ""Stack"": ""638mm"", ""Reach"": ""480mm"", ""Headtube Length"": ""117mm"", ""Headtube Angle"": ""64.5°"", ""Altura Pedalier"": ""350mm"", ""Caída Pedalier"": ""29.5mm"", ""Avance Horquilla"": ""132mm"", ""Longitud de horquilla (total)"": ""577mm"", ""Avance/Retroceso Horquilla"": ""44mm"", ""Delante Centro"": ""820mm"", ""Longitud de vaina"": ""435mm"", ""Distancia entre ejes"": ""1254mm"", ""Top-tube Length (horizontal)"": ""627mm"", ""Bike Standover Height"": ""753mm"", ""Long. Tubo de Sillín"": ""425mm"", ""Ángulo de Tubo de Sillín"": ""77°"", ""Saddle Height for Effective ST Angle"": ""780mm"", ""Max Seatpost Insertion"": ""313mm"", ""Min Seatpost Insertion"": ""80mm""}",9999,false,https://www.specialized.com/es/es/turbo-levo-4-expert/p/4263402,https://www.specialized.com/es/es/turbo-levo-4-expert/p/4263402?color=5478722-4263402,html,2026-10-05
Specialized,S-Works Levo 4 X [988a0a6a],Turbo Levo 4 Expert,,emtb,S5,S,,,,,,652,505,"{""Longitud de biela"": ""155mm"", ""Ancho de manillar"": ""800mm"", ""Longitud Potencia"": ""35mm"", ""Saddle Width"": ""143mm"", ""Longitud Tija Sillín"": ""213mm"", ""Stack"": ""652mm"", ""Reach"": ""505mm"", ""Headtube Length"": ""132mm"", ""Headtube Angle"": ""64.5°"", ""Altura Pedalier"": ""350mm"", ""Caída Pedalier"": ""29.5mm"", ""Avance Horquilla"": ""132mm"", ""Longitud de horquilla (total)"": ""577mm"", ""Avance/Retroceso Horquilla"": ""44mm"", ""Delante Centro"": ""851mm"", ""Longitud de vaina"": ""435mm"", ""Distancia entre ejes"": ""1286mm"", ""Top-tube Length (horizontal)"": ""655mm"", ""Bike Standover Height"": ""758mm"", ""Long. Tubo de Sillín"": ""445mm"", ""Ángulo de Tubo de Sillín"": ""77°"", ""Saddle Height for Effective ST Angle"": ""825mm"", ""Max Seatpost Insertion"": ""337mm"", ""Min Seatpost Insertion"": ""80mm""}",9999,false,https://www.specialized.com/es/es/turbo-levo-4-expert/p/4263402,https://www.specialized.com/es/es/turbo-levo-4-expert/p/4263402?color=5478722-4263402,html,2026-10-05
Specialized,S-Works Levo 4 X [988a0a6a],Turbo Levo 4 Expert,,emtb,S6,S,,,,,,667,535,"{""Longitud de biela"": ""155mm"", ""Ancho de manillar"": ""800mm"", ""Longitud Potencia"": ""35mm"", ""Saddle Width"": ""143mm"", ""Longitud Tija Sillín"": ""213mm"", ""Stack"": ""667mm"", ""Reach"": ""535mm"", ""Headtube Length"": ""149mm"", ""Headtube Angle"": ""64.5°"", ""Altura Pedalier"": ""350mm"", ""Caída Pedalier"": ""29.5mm"", ""Avance Horquilla"": ""132mm"", ""Longitud de horquilla (total)"": ""577mm"", ""Avance/Retroceso Horquilla"": ""44mm"", ""Delante Centro"": ""888mm"", ""Longitud de vaina"": ""435mm"", ""Distancia entre ejes"": ""1323mm"", ""Top-tube Length (horizontal)"": ""689mm"", ""Bike Standover Height"": ""761mm"", ""Long. Tubo de Sillín"": ""465mm"", ""Ángulo de Tubo de Sillín"": ""77°"", ""Saddle Height for Effective ST Angle"": ""870mm"", ""Max Seatpost Insertion"": ""357mm"", ""Min Seatpost Insertion"": ""80mm""}",9999,false,https://www.specialized.com/es/es/turbo-levo-4-expert/p/4263402,https://www.specialized.com/es/es/turbo-levo-4-expert/p/4263402?color=5478722-4263402,html,2026-10-05
Specialized,S-Works Turbo Levo R Ultra Light [b86c61df],S-Works Turbo Levo R Ultra Light,,emtb,S2 - 29,S,,,,,,607,420,"{""Longitud de biela"": ""160mm"", ""Ancho de manillar"": ""780mm"", ""Saddle Width"": ""143mm"", ""Longitud Tija Sillín"": ""125mm"", ""Stack"": ""607mm"", ""Reach"": ""420mm"", ""Longitud de Pipa"": ""100mm"", ""Ángulo de Pipa"": ""65°"", ""Altura Pedalier"": ""339mm"", ""Caída de pedalier"": ""36mm"", ""Avance Horquilla"": ""126mm"", ""Longitud de horquilla (total)"": ""550mm"", ""Avance/Retroceso Horquilla"": ""44mm"", ""Delante Centro"": ""736mm"", ""Chain-Stay Length"": ""447mm"", ""Distancia entre ejes"": ""1181mm"", ""Longitud Tubo Superior, (Horizontal)"": ""620mm"", ""Altura Tubo Superior Bici"": ""763mm"", ""Longitud Tubo Sillín"": ""385mm"", ""Ángulo Tubo Sillín"": ""77°"", ""Seat Post Max Insertion"": ""227mm"", ""Seat Post Min Insertion"": ""80mm"", ""Saddle Height for Effective ST Angle"": ""690mm""}",13999,false,https://www.specialized.com/es/es/s-works-turbo-levo-r-ultra-light/p/4322521,https://www.specialized.com/es/es/s-works-turbo-levo-r-ultra-light/p/4322521?color=5480590-4322521,html,2026-10-05
Specialized,S-Works Turbo Levo R Ultra Light [b86c61df],S-Works Turbo Levo R Ultra Light,,emtb,S3 - 29,S,,,,,,616,450,"{""Longitud de biela"": ""160mm"", ""Ancho de manillar"": ""780mm"", ""Saddle Width"": ""143mm"", ""Longitud Tija Sillín"": ""160mm"", ""Stack"": ""616mm"", ""Reach"": ""450mm"", ""Longitud de Pipa"": ""110mm"", ""Ángulo de Pipa"": ""65°"", ""Altura Pedalier"": ""339mm"", ""Caída de pedalier"": ""36mm"", ""Avance Horquilla"": ""126mm"", ""Longitud de horquilla (total)"": ""550mm"", ""Avance/Retroceso Horquilla"": ""44mm"", ""Delante Centro"": ""770mm"", ""Chain-Stay Length"": ""447mm"", ""Distancia entre ejes"": ""1215mm"", ""Longitud Tubo Superior, (Horizontal)"": ""649mm"", ""Altura Tubo Superior Bici"": ""773mm"", ""Longitud Tubo Sillín"": ""405mm"", ""Ángulo Tubo Sillín"": ""77°"", ""Seat Post Max Insertion"": ""249mm"", ""Seat Post Min Insertion"": ""80mm"", ""Saddle Height for Effective ST Angle"": ""735mm""}",13999,false,https://www.specialized.com/es/es/s-works-turbo-levo-r-ultra-light/p/4322521,https://www.specialized.com/es/es/s-works-turbo-levo-r-ultra-light/p/4322521?color=5480590-4322521,html,2026-10-05
Specialized,S-Works Turbo Levo R Ultra Light [b86c61df],S-Works Turbo Levo R Ultra Light,,emtb,S4 - 29,S,,,,,,630,475,"{""Longitud de biela"": ""160mm"", ""Ancho de manillar"": ""780mm"", ""Saddle Width"": ""143mm"", ""Longitud Tija Sillín"": ""185mm"", ""Stack"": ""630mm"", ""Reach"": ""475mm"", ""Longitud de Pipa"": ""125mm"", ""Ángulo de Pipa"": ""65°"", ""Altura Pedalier"": ""339mm"", ""Caída de pedalier"": ""36mm"", ""Avance Horquilla"": ""126mm"", ""Longitud de horquilla (total)"": ""550mm"", ""Avance/Retroceso Horquilla"": ""44mm"", ""Delante Centro"": ""801mm"", ""Chain-Stay Length"": ""447mm"", ""Distancia entre ejes"": ""1246mm"", ""Longitud Tubo Superior, (Horizontal)"": ""560mm"", ""Altura Tubo Superior Bici"": ""783mm"", ""Longitud Tubo Sillín"": ""425mm"", ""Ángulo Tubo Sillín"": ""77°"", ""Seat Post Max Insertion"": ""271mm"", ""Seat Post Min Insertion"": ""80mm"", ""Saddle Height for Effective ST Angle"": ""780mm""}",13999,false,https://www.specialized.com/es/es/s-works-turbo-levo-r-ultra-light/p/4322521,https://www.specialized.com/es/es/s-works-turbo-levo-r-ultra-light/p/4322521?color=5480590-4322521,html,2026-10-05
Specialized,S-Works Turbo Levo R Ultra Light [b86c61df],S-Works Turbo Levo R Ultra Light,,emtb,S5 - 29,S,,,,,,644,500,"{""Longitud de biela"": ""160mm"", ""Ancho de manillar"": ""780mm"", ""Saddle Width"": ""143mm"", ""Longitud Tija Sillín"": ""213mm"", ""Stack"": ""644mm"", ""Reach"": ""500mm"", ""Longitud de Pipa"": ""140mm"", ""Ángulo de Pipa"": ""65°"", ""Altura Pedalier"": ""339mm"", ""Caída de pedalier"": ""36mm"", ""Avance Horquilla"": ""126mm"", ""Longitud de horquilla (total)"": ""550mm"", ""Avance/Retroceso Horquilla"": ""44mm"", ""Delante Centro"": ""833mm"", ""Chain-Stay Length"": ""447mm"", ""Distancia entre ejes"": ""1277mm"", ""Longitud Tubo Superior, (Horizontal)"": ""592mm"", ""Altura Tubo Superior Bici"": ""793mm"", ""Longitud Tubo Sillín"": ""445mm"", ""Ángulo Tubo Sillín"": ""77°"", ""Seat Post Max Insertion"": ""292mm"", ""Seat Post Min Insertion"": ""80mm"", ""Saddle Height for Effective ST Angle"": ""825mm""}",13999,false,https://www.specialized.com/es/es/s-works-turbo-levo-r-ultra-light/p/4322521,https://www.specialized.com/es/es/s-works-turbo-levo-r-ultra-light/p/4322521?color=5480590-4322521,html,2026-10-05
Specialized,Turbo Levo R Pro [dd58c52f],S-Works Turbo Levo R,,emtb,S2 - 29,S,,,,,,607,420,"{""Longitud de biela"": ""160mm"", ""Ancho de manillar"": ""780mm"", ""Saddle Width"": ""155mm"", ""Longitud Tija Sillín"": ""125mm"", ""Stack"": ""607mm"", ""Reach"": ""420mm"", ""Longitud de Pipa"": ""100mm"", ""Ángulo de Pipa"": ""65°"", ""Altura Pedalier"": ""339mm"", ""Caída de pedalier"": ""36mm"", ""Avance Horquilla"": ""126mm"", ""Longitud de horquilla (total)"": ""550mm"", ""Avance/Retroceso Horquilla"": ""44mm"", ""Delante Centro"": ""736mm"", ""Chain-Stay Length"": ""447mm"", ""Distancia entre ejes"": ""1181mm"", ""Longitud Tubo Superior, (Horizontal)"": ""560mm"", ""Altura Tubo Superior Bici"": ""763mm"", ""Longitud Tubo Sillín"": ""385mm"", ""Ángulo Tubo Sillín"": ""77°"", ""Seat Post Max Insertion"": ""227mm"", ""Seat Post Min Insertion"": ""80mm"", ""Saddle Height for Effective ST Angle"": ""690mm""}",13999,false,https://www.specialized.com/es/es/s-works-turbo-levo-r/p/4295043,https://www.specialized.com/es/es/s-works-turbo-levo-r/p/4295043?color=5473730-4295043,html,2026-10-05
Specialized,Turbo Levo R Pro [dd58c52f],S-Works Turbo Levo R,,emtb,S3 - 29,S,,,,,,616,450,"{""Longitud de biela"": ""160mm"", ""Ancho de manillar"": ""780mm"", ""Saddle Width"": ""143mm"", ""Longitud Tija Sillín"": ""150mm"", ""Stack"": ""616mm"", ""Reach"": ""450mm"", ""Longitud de Pipa"": ""110mm"", ""Ángulo de Pipa"": ""65°"", ""Altura Pedalier"": ""339mm"", ""Caída de pedalier"": ""36mm"", ""Avance Horquilla"": ""126mm"", ""Longitud de horquilla (total)"": ""550mm"", ""Avance/Retroceso Horquilla"": ""44mm"", ""Delante Centro"": ""770mm"", ""Chain-Stay Length"": ""447mm"", ""Distancia entre ejes"": ""1215mm"", ""Longitud Tubo Superior, (Horizontal)"": ""592mm"", ""Altura Tubo Superior Bici"": ""773mm"", ""Longitud Tubo Sillín"": ""405mm"", ""Ángulo Tubo Sillín"": ""77°"", ""Seat Post Max Insertion"": ""249mm"", ""Seat Post Min Insertion"": ""80mm"", ""Saddle Height for Effective ST Angle"": ""735mm""}",13999,false,https://www.specialized.com/es/es/s-works-turbo-levo-r/p/4295043,https://www.specialized.com/es/es/s-works-turbo-levo-r/p/4295043?color=5473730-4295043,html,2026-10-05
Specialized,Turbo Levo R Pro [dd58c52f],S-Works Turbo Levo R,,emtb,S4 - 29,S,,,,,,630,475,"{""Longitud de biela"": ""160mm"", ""Ancho de manillar"": ""780mm"", ""Saddle Width"": ""143mm"", ""Longitud Tija Sillín"": ""175mm"", ""Stack"": ""630mm"", ""Reach"": ""475mm"", ""Longitud de Pipa"": ""125mm"", ""Ángulo de Pipa"": ""65°"", ""Altura Pedalier"": ""339mm"", ""Caída de pedalier"": ""36mm"", ""Avance Horquilla"": ""126mm"", ""Longitud de horquilla (total)"": ""550mm"", ""Avance/Retroceso Horquilla"": ""44mm"", ""Delante Centro"": ""801mm"", ""Chain-Stay Length"": ""447mm"", ""Distancia entre ejes"": ""1246mm"", ""Longitud Tubo Superior, (Horizontal)"": ""620mm"", ""Altura Tubo Superior Bici"": ""783mm"", ""Longitud Tubo Sillín"": ""425mm"", ""Ángulo Tubo Sillín"": ""77°"", ""Seat Post Max Insertion"": ""271mm"", ""Seat Post Min Insertion"": ""80mm"", ""Saddle Height for Effective ST Angle"": ""780mm""}",13999,false,https://www.specialized.com/es/es/s-works-turbo-levo-r/p/4295043,https://www.specialized.com/es/es/s-works-turbo-levo-r/p/4295043?color=5473730-4295043,html,2026-10-05
Specialized,Turbo Levo R Pro [dd58c52f],S-Works Turbo Levo R,,emtb,S5 - 29,S,,,,,,644,500,"{""Longitud de biela"": ""160mm"", ""Ancho de manillar"": ""780mm"", ""Saddle Width"": ""143mm"", ""Longitud Tija Sillín"": ""200mm"", ""Stack"": ""644mm"", ""Reach"": ""500mm"", ""Longitud de Pipa"": ""140mm"", ""Ángulo de Pipa"": ""65°"", ""Altura Pedalier"": ""339mm"", ""Caída de pedalier"": ""36mm"", ""Avance Horquilla"": ""126mm"", ""Longitud de horquilla (total)"": ""550mm"", ""Avance/Retroceso Horquilla"": ""44mm"", ""Delante Centro"": ""833mm"", ""Chain-Stay Length"": ""447mm"", ""Distancia entre ejes"": ""1277mm"", ""Longitud Tubo Superior, (Horizontal)"": ""649mm"", ""Altura Tubo Superior Bici"": ""793mm"", ""Longitud Tubo Sillín"": ""445mm"", ""Ángulo Tubo Sillín"": ""77°"", ""Seat Post Max Insertion"": ""292mm"", ""Seat Post Min Insertion"": ""80mm"", ""Saddle Height for Effective ST Angle"": ""825mm""}",13999,false,https://www.specialized.com/es/es/s-works-turbo-levo-r/p/4295043,https://www.specialized.com/es/es/s-works-turbo-levo-r/p/4295043?color=5473730-4295043,html,2026-10-05
Specialized,Turbo Levo R Pro [dd58c52f],S-Works Turbo Levo R,,emtb,S6 - 29,S,,,,,,657,525,"{""Longitud de biela"": ""160mm"", ""Ancho de manillar"": ""780mm"", ""Saddle Width"": ""143mm"", ""Longitud Tija Sillín"": ""200mm"", ""Stack"": ""657mm"", ""Reach"": ""525mm"", ""Longitud de Pipa"": ""155mm"", ""Ángulo de Pipa"": ""65°"", ""Altura Pedalier"": ""339mm"", ""Caída de pedalier"": ""36mm"", ""Avance Horquilla"": ""126mm"", ""Longitud de horquilla (total)"": ""550mm"", ""Avance/Retroceso Horquilla"": ""44mm"", ""Delante Centro"": ""863mm"", ""Chain-Stay Length"": ""447mm"", ""Distancia entre ejes"": ""1309mm"", ""Longitud Tubo Superior, (Horizontal)"": ""677mm"", ""Altura Tubo Superior Bici"": ""803mm"", ""Longitud Tubo Sillín"": ""465mm"", ""Ángulo Tubo Sillín"": ""77°"", ""Seat Post Max Insertion"": ""312mm"", ""Seat Post Min Insertion"": ""80mm"", ""Saddle Height for Effective ST Angle"": ""870mm""}",13999,false,https://www.specialized.com/es/es/s-works-turbo-levo-r/p/4295043,https://www.specialized.com/es/es/s-works-turbo-levo-r/p/4295043?color=5473730-4295043,html,2026-10-05
Specialized,Turbo Levo R Pro [dd58c52f],Turbo Levo R Pro,,emtb,S2 - 29,S,,,,,,607,420,"{""Longitud de biela"": ""160mm"", ""Ancho de manillar"": ""780mm"", ""Longitud Potencia"": ""50mm"", ""Saddle Width"": ""155mm"", ""Longitud Tija Sillín"": ""125mm"", ""Stack"": ""607mm"", ""Reach"": ""420mm"", ""Longitud de Pipa"": ""100mm"", ""Ángulo de Pipa"": ""65°"", ""Altura Pedalier"": ""339mm"", ""Caída de pedalier"": ""36mm"", ""Avance Horquilla"": ""126mm"", ""Longitud de horquilla (total)"": ""550mm"", ""Avance/Retroceso Horquilla"": ""44mm"", ""Delante Centro"": ""736mm"", ""Chain-Stay Length"": ""447mm"", ""Distancia entre ejes"": ""1181mm"", ""Longitud Tubo Superior, (Horizontal)"": ""560mm"", ""Altura Tubo Superior Bici"": ""763mm"", ""Longitud Tubo Sillín"": ""385mm"", ""Ángulo Tubo Sillín"": ""77°"", ""Seat Post Max Insertion"": ""227mm"", ""Seat Post Min Insertion"": ""80mm"", ""Saddle Height for Effective ST Angle"": ""690mm""}",11999,false,https://www.specialized.com/es/es/turbo-levo-r-pro/p/4295138,https://www.specialized.com/es/es/turbo-levo-r-pro/p/4295138?color=5473729-4295138,html,2026-10-05
Specialized,Turbo Levo R Pro [dd58c52f],Turbo Levo R Pro,,emtb,S3 - 29,S,,,,,,616,450,"{""Longitud de biela"": ""160mm"", ""Ancho de manillar"": ""780mm"", ""Longitud Potencia"": ""50mm"", ""Saddle Width"": ""143mm"", ""Longitud Tija Sillín"": ""175mm"", ""Stack"": ""616mm"", ""Reach"": ""450mm"", ""Longitud de Pipa"": ""110mm"", ""Ángulo de Pipa"": ""65°"", ""Altura Pedalier"": ""339mm"", ""Caída de pedalier"": ""36mm"", ""Avance Horquilla"": ""126mm"", ""Longitud de horquilla (total)"": ""550mm"", ""Avance/Retroceso Horquilla"": ""44mm"", ""Delante Centro"": ""770mm"", ""Chain-Stay Length"": ""447mm"", ""Distancia entre ejes"": ""1215mm"", ""Longitud Tubo Superior, (Horizontal)"": ""592mm"", ""Altura Tubo Superior Bici"": ""773mm"", ""Longitud Tubo Sillín"": ""405mm"", ""Ángulo Tubo Sillín"": ""77°"", ""Seat Post Max Insertion"": ""249mm"", ""Seat Post Min Insertion"": ""80mm"", ""Saddle Height for Effective ST Angle"": ""735mm""}",11999,false,https://www.specialized.com/es/es/turbo-levo-r-pro/p/4295138,https://www.specialized.com/es/es/turbo-levo-r-pro/p/4295138?color=5473729-4295138,html,2026-10-05
Specialized,Turbo Levo R Pro [dd58c52f],Turbo Levo R Pro,,emtb,S4 - 29,S,,,,,,630,475,"{""Longitud de biela"": ""160mm"", ""Ancho de manillar"": ""780mm"", ""Longitud Potencia"": ""50mm"", ""Saddle Width"": ""143mm"", ""Longitud Tija Sillín"": ""200mm"", ""Stack"": ""630mm"", ""Reach"": ""475mm"", ""Longitud de Pipa"": ""125mm"", ""Ángulo de Pipa"": ""65°"", ""Altura Pedalier"": ""339mm"", ""Caída de pedalier"": ""36mm"", ""Avance Horquilla"": ""126mm"", ""Longitud de horquilla (total)"": ""550mm"", ""Avance/Retroceso Horquilla"": ""44mm"", ""Delante Centro"": ""801mm"", ""Chain-Stay Length"": ""447mm"", ""Distancia entre ejes"": ""1246mm"", ""Longitud Tubo Superior, (Horizontal)"": ""620mm"", ""Altura Tubo Superior Bici"": ""783mm"", ""Longitud Tubo Sillín"": ""425mm"", ""Ángulo Tubo Sillín"": ""77°"", ""Seat Post Max Insertion"": ""271mm"", ""Seat Post Min Insertion"": ""80mm"", ""Saddle Height for Effective ST Angle"": ""780mm""}",11999,false,https://www.specialized.com/es/es/turbo-levo-r-pro/p/4295138,https://www.specialized.com/es/es/turbo-levo-r-pro/p/4295138?color=5473729-4295138,html,2026-10-05
Specialized,Turbo Levo R Pro [dd58c52f],Turbo Levo R Pro,,emtb,S5 - 29,S,,,,,,644,500,"{""Longitud de biela"": ""160mm"", ""Ancho de manillar"": ""780mm"", ""Longitud Potencia"": ""50mm"", ""Saddle Width"": ""143mm"", ""Longitud Tija Sillín"": ""200mm"", ""Stack"": ""644mm"", ""Reach"": ""500mm"", ""Longitud de Pipa"": ""140mm"", ""Ángulo de Pipa"": ""65°"", ""Altura Pedalier"": ""339mm"", ""Caída de pedalier"": ""36mm"", ""Avance Horquilla"": ""126mm"", ""Longitud de horquilla (total)"": ""550mm"", ""Avance/Retroceso Horquilla"": ""44mm"", ""Delante Centro"": ""833mm"", ""Chain-Stay Length"": ""447mm"", ""Distancia entre ejes"": ""1277mm"", ""Longitud Tubo Superior, (Horizontal)"": ""649mm"", ""Altura Tubo Superior Bici"": ""793mm"", ""Longitud Tubo Sillín"": ""445mm"", ""Ángulo Tubo Sillín"": ""77°"", ""Seat Post Max Insertion"": ""292mm"", ""Seat Post Min Insertion"": ""80mm"", ""Saddle Height for Effective ST Angle"": ""825mm""}",11999,false,https://www.specialized.com/es/es/turbo-levo-r-pro/p/4295138,https://www.specialized.com/es/es/turbo-levo-r-pro/p/4295138?color=5473729-4295138,html,2026-10-05
Specialized,Turbo Levo R Pro [dd58c52f],Turbo Levo R Pro,,emtb,S6 - 29,S,,,,,,657,525,"{""Longitud de biela"": ""160mm"", ""Ancho de manillar"": ""780mm"", ""Longitud Potencia"": ""50mm"", ""Saddle Width"": ""143mm"", ""Longitud Tija Sillín"": ""225mm"", ""Stack"": ""657mm"", ""Reach"": ""525mm"", ""Longitud de Pipa"": ""155mm"", ""Ángulo de Pipa"": ""65°"", ""Altura Pedalier"": ""339mm"", ""Caída de pedalier"": ""36mm"", ""Avance Horquilla"": ""126mm"", ""Longitud de horquilla (total)"": ""550mm"", ""Avance/Retroceso Horquilla"": ""44mm"", ""Delante Centro"": ""863mm"", ""Chain-Stay Length"": ""447mm"", ""Distancia entre ejes"": ""1309mm"", ""Longitud Tubo Superior, (Horizontal)"": ""677mm"", ""Altura Tubo Superior Bici"": ""803mm"", ""Longitud Tubo Sillín"": ""465mm"", ""Ángulo Tubo Sillín"": ""77°"", ""Seat Post Max Insertion"": ""312mm"", ""Seat Post Min Insertion"": ""80mm"", ""Saddle Height for Effective ST Angle"": ""870mm""}",11999,false,https://www.specialized.com/es/es/turbo-levo-r-pro/p/4295138,https://www.specialized.com/es/es/turbo-levo-r-pro/p/4295138?color=5473729-4295138,html,2026-10-05
Specialized,Turbo Levo 4 [a58a9052],Turbo Levo 4 Comp Alloy,,emtb,S1,S,,,,,,609,407,"{""Longitud de biela"": ""155mm"", ""Ancho de manillar"": ""780mm"", ""Longitud Potencia"": ""40mm"", ""Saddle Width"": ""155mm"", ""Longitud Tija Sillín"": ""100mm"", ""Stack"": ""609mm"", ""Reach"": ""407mm"", ""Headtube Length"": ""94mm"", ""Headtube Angle"": ""64°"", ""Altura Pedalier"": ""355mm"", ""Caída Pedalier"": ""24.13mm"", ""Avance Horquilla"": ""132mm"", ""Longitud de horquilla (total)"": ""567mm"", ""Avance/Retroceso Horquilla"": ""44mm"", ""Delante Centro"": ""744mm"", ""Longitud de vaina"": ""435mm"", ""Distancia entre ejes"": ""1179mm"", ""Top-tube Length (horizontal)"": ""556mm"", ""Bike Standover Height"": ""753mm"", ""Long. Tubo de Sillín"": ""379mm"", ""Ángulo de Tubo de Sillín"": ""76°"", ""Saddle Height for Effective ST Angle"": ""645mm"", ""Max Seatpost Insertion"": ""264mm"", ""Min Seatpost Insertion"": ""80mm""}",6499,false,https://www.specialized.com/es/es/turbo-levo-4-comp-alloy/p/4221344,https://www.specialized.com/es/es/turbo-levo-4-comp-alloy/p/4221344?color=5401544-4221344,html,2026-10-05
Specialized,Turbo Levo 4 [a58a9052],Turbo Levo 4 Comp Alloy,,emtb,S2,S,,,,,,618,435,"{""Longitud de biela"": ""155mm"", ""Ancho de manillar"": ""780mm"", ""Longitud Potencia"": ""40mm"", ""Saddle Width"": ""155mm"", ""Longitud Tija Sillín"": ""125mm"", ""Stack"": ""618mm"", ""Reach"": ""435mm"", ""Headtube Length"": ""95mm"", ""Headtube Angle"": ""64.5°"", ""Altura Pedalier"": ""350mm"", ""Caída Pedalier"": ""29.5mm"", ""Avance Horquilla"": ""132mm"", ""Longitud de horquilla (total)"": ""577mm"", ""Avance/Retroceso Horquilla"": ""44mm"", ""Delante Centro"": ""765mm"", ""Longitud de vaina"": ""435mm"", ""Distancia entre ejes"": ""1200mm"", ""Top-tube Length (horizontal)"": ""578mm"", ""Bike Standover Height"": ""753mm"", ""Long. Tubo de Sillín"": ""390mm"", ""Ángulo de Tubo de Sillín"": ""77°"", ""Saddle Height for Effective ST Angle"": ""690mm"", ""Max Seatpost Insertion"": ""274mm"", ""Min Seatpost Insertion"": ""80mm""}",6499,false,https://www.specialized.com/es/es/turbo-levo-4-comp-alloy/p/4221344,https://www.specialized.com/es/es/turbo-levo-4-comp-alloy/p/4221344?color=5401544-4221344,html,2026-10-05
Specialized,Turbo Levo 4 [a58a9052],Turbo Levo 4 Comp Alloy,,emtb,S3,S,,,,,,626,455,"{""Longitud de biela"": ""155mm"", ""Ancho de manillar"": ""800mm"", ""Longitud Potencia"": ""40mm"", ""Saddle Width"": ""143mm"", ""Longitud Tija Sillín"": ""150mm"", ""Stack"": ""626mm"", ""Reach"": ""455mm"", ""Headtube Length"": ""103mm"", ""Headtube Angle"": ""64.5°"", ""Altura Pedalier"": ""350mm"", ""Caída Pedalier"": ""29.5mm"", ""Avance Horquilla"": ""137mm"", ""Longitud de horquilla (total)"": ""577mm"", ""Avance/Retroceso Horquilla"": ""44mm"", ""Delante Centro"": ""789mm"", ""Longitud de vaina"": ""435mm"", ""Distancia entre ejes"": ""1223mm"", ""Top-tube Length (horizontal)"": ""599mm"", ""Bike Standover Height"": ""754mm"", ""Long. Tubo de Sillín"": ""405mm"", ""Ángulo de Tubo de Sillín"": ""77°"", ""Saddle Height for Effective ST Angle"": ""735mm"", ""Max Seatpost Insertion"": ""289mm"", ""Min Seatpost Insertion"": ""80mm""}",6499,false,https://www.specialized.com/es/es/turbo-levo-4-comp-alloy/p/4221344,https://www.specialized.com/es/es/turbo-levo-4-comp-alloy/p/4221344?color=5401544-4221344,html,2026-10-05
Specialized,Turbo Levo 4 [a58a9052],Turbo Levo 4 Comp Alloy,,emtb,S4,S,,,,,,638,480,"{""Longitud de biela"": ""155mm"", ""Ancho de manillar"": ""800mm"", ""Longitud Potencia"": ""40mm"", ""Saddle Width"": ""143mm"", ""Longitud Tija Sillín"": ""170mm"", ""Stack"": ""638mm"", ""Reach"": ""480mm"", ""Headtube Length"": ""117mm"", ""Headtube Angle"": ""64.5°"", ""Altura Pedalier"": ""350mm"", ""Caída Pedalier"": ""29.5mm"", ""Avance Horquilla"": ""132mm"", ""Longitud de horquilla (total)"": ""577mm"", ""Avance/Retroceso Horquilla"": ""44mm"", ""Delante Centro"": ""820mm"", ""Longitud de vaina"": ""435mm"", ""Distancia entre ejes"": ""1254mm"", ""Top-tube Length (horizontal)"": ""627mm"", ""Bike Standover Height"": ""753mm"", ""Long. Tubo de Sillín"": ""425mm"", ""Ángulo de Tubo de Sillín"": ""77°"", ""Saddle Height for Effective ST Angle"": ""780mm"", ""Max Seatpost Insertion"": ""313mm"", ""Min Seatpost Insertion"": ""80mm""}",6499,false,https://www.specialized.com/es/es/turbo-levo-4-comp-alloy/p/4221344,https://www.specialized.com/es/es/turbo-levo-4-comp-alloy/p/4221344?color=5401544-4221344,html,2026-10-05
Specialized,Turbo Levo 4 [a58a9052],Turbo Levo 4 Comp Alloy,,emtb,S5,S,,,,,,652,505,"{""Longitud de biela"": ""155mm"", ""Ancho de manillar"": ""800mm"", ""Longitud Potencia"": ""40mm"", ""Saddle Width"": ""143mm"", ""Longitud Tija Sillín"": ""190mm"", ""Stack"": ""652mm"", ""Reach"": ""505mm"", ""Headtube Length"": ""132mm"", ""Headtube Angle"": ""64.5°"", ""Altura Pedalier"": ""350mm"", ""Caída Pedalier"": ""29.5mm"", ""Avance Horquilla"": ""132mm"", ""Longitud de horquilla (total)"": ""577mm"", ""Avance/Retroceso Horquilla"": ""44mm"", ""Delante Centro"": ""851mm"", ""Longitud de vaina"": ""435mm"", ""Distancia entre ejes"": ""1286mm"", ""Top-tube Length (horizontal)"": ""655mm"", ""Bike Standover Height"": ""758mm"", ""Long. Tubo de Sillín"": ""445mm"", ""Ángulo de Tubo de Sillín"": ""77°"", ""Saddle Height for Effective ST Angle"": ""825mm"", ""Max Seatpost Insertion"": ""337mm"", ""Min Seatpost Insertion"": ""80mm""}",6499,false,https://www.specialized.com/es/es/turbo-levo-4-comp-alloy/p/4221344,https://www.specialized.com/es/es/turbo-levo-4-comp-alloy/p/4221344?color=5401544-4221344,html,2026-10-05
Specialized,Turbo Levo 4 [a58a9052],Turbo Levo 4 Comp Alloy,,emtb,S6,S,,,,,,667,535,"{""Longitud de biela"": ""155mm"", ""Ancho de manillar"": ""800mm"", ""Longitud Potencia"": ""40mm"", ""Saddle Width"": ""143mm"", ""Longitud Tija Sillín"": ""190mm"", ""Stack"": ""667mm"", ""Reach"": ""535mm"", ""Headtube Length"": ""149mm"", ""Headtube Angle"": ""64.5°"", ""Altura Pedalier"": ""350mm"", ""Caída Pedalier"": ""29.5mm"", ""Avance Horquilla"": ""132mm"", ""Longitud de horquilla (total)"": ""577mm"", ""Avance/Retroceso Horquilla"": ""44mm"", ""Delante Centro"": ""888mm"", ""Longitud de vaina"": ""435mm"", ""Distancia entre ejes"": ""1323mm"", ""Top-tube Length (horizontal)"": ""689mm"", ""Bike Standover Height"": ""761mm"", ""Long. Tubo de Sillín"": ""465mm"", ""Ángulo de Tubo de Sillín"": ""77°"", ""Saddle Height for Effective ST Angle"": ""870mm"", ""Max Seatpost Insertion"": ""357mm"", ""Min Seatpost Insertion"": ""80mm""}",6499,false,https://www.specialized.com/es/es/turbo-levo-4-comp-alloy/p/4221344,https://www.specialized.com/es/es/turbo-levo-4-comp-alloy/p/4221344?color=5401544-4221344,html,2026-10-05
Specialized,Turbo Levo 4 [a58a9052],Turbo Levo 4 Alloy,,emtb,S1,S,,,,,,609,407,"{""Longitud de biela"": ""155mm"", ""Ancho de manillar"": ""780mm"", ""Longitud Potencia"": ""40mm"", ""Saddle Width"": ""155mm"", ""Longitud Tija Sillín"": ""100mm"", ""Stack"": ""609mm"", ""Reach"": ""407mm"", ""Headtube Length"": ""94mm"", ""Headtube Angle"": ""64°"", ""Altura Pedalier"": ""355mm"", ""Caída Pedalier"": ""24.13mm"", ""Avance Horquilla"": ""132mm"", ""Longitud de horquilla (total)"": ""567mm"", ""Avance/Retroceso Horquilla"": ""44mm"", ""Delante Centro"": ""744mm"", ""Longitud de vaina"": ""435mm"", ""Distancia entre ejes"": ""1179mm"", ""Top-tube Length (horizontal)"": ""556mm"", ""Bike Standover Height"": ""753mm"", ""Long. Tubo de Sillín"": ""379mm"", ""Ángulo de Tubo de Sillín"": ""76°"", ""Saddle Height for Effective ST Angle"": ""645mm"", ""Max Seatpost Insertion"": ""264mm"", ""Min Seatpost Insertion"": ""80mm""}",5499,false,https://www.specialized.com/es/es/turbo-levo-4-alloy/p/4221348,https://www.specialized.com/es/es/turbo-levo-4-alloy/p/4221348?color=5401546-4221348,html,2026-10-05
Specialized,Turbo Levo 4 [a58a9052],Turbo Levo 4 Alloy,,emtb,S2,S,,,,,,618,435,"{""Longitud de biela"": ""155mm"", ""Ancho de manillar"": ""780mm"", ""Longitud Potencia"": ""40mm"", ""Saddle Width"": ""155mm"", ""Longitud Tija Sillín"": ""125mm"", ""Stack"": ""618mm"", ""Reach"": ""435mm"", ""Headtube Length"": ""95mm"", ""Headtube Angle"": ""64.5°"", ""Altura Pedalier"": ""350mm"", ""Caída Pedalier"": ""29.5mm"", ""Avance Horquilla"": ""132mm"", ""Longitud de horquilla (total)"": ""577mm"", ""Avance/Retroceso Horquilla"": ""44mm"", ""Delante Centro"": ""765mm"", ""Longitud de vaina"": ""435mm"", ""Distancia entre ejes"": ""1200mm"", ""Top-tube Length (horizontal)"": ""578mm"", ""Bike Standover Height"": ""753mm"", ""Long. Tubo de Sillín"": ""390mm"", ""Ángulo de Tubo de Sillín"": ""77°"", ""Saddle Height for Effective ST Angle"": ""690mm"", ""Max Seatpost Insertion"": ""274mm"", ""Min Seatpost Insertion"": ""80mm""}",5499,false,https://www.specialized.com/es/es/turbo-levo-4-alloy/p/4221348,https://www.specialized.com/es/es/turbo-levo-4-alloy/p/4221348?color=5401546-4221348,html,2026-10-05
Specialized,Turbo Levo 4 [a58a9052],Turbo Levo 4 Alloy,,emtb,S3,S,,,,,,626,455,"{""Longitud de biela"": ""155mm"", ""Ancho de manillar"": ""800mm"", ""Longitud Potencia"": ""40mm"", ""Saddle Width"": ""143mm"", ""Longitud Tija Sillín"": ""150mm"", ""Stack"": ""626mm"", ""Reach"": ""455mm"", ""Headtube Length"": ""103mm"", ""Headtube Angle"": ""64.5°"", ""Altura Pedalier"": ""350mm"", ""Caída Pedalier"": ""29.5mm"", ""Avance Horquilla"": ""137mm"", ""Longitud de horquilla (total)"": ""577mm"", ""Avance/Retroceso Horquilla"": ""44mm"", ""Delante Centro"": ""789mm"", ""Longitud de vaina"": ""435mm"", ""Distancia entre ejes"": ""1223mm"", ""Top-tube Length (horizontal)"": ""599mm"", ""Bike Standover Height"": ""754mm"", ""Long. Tubo de Sillín"": ""405mm"", ""Ángulo de Tubo de Sillín"": ""77°"", ""Saddle Height for Effective ST Angle"": ""735mm"", ""Max Seatpost Insertion"": ""289mm"", ""Min Seatpost Insertion"": ""80mm""}",5499,false,https://www.specialized.com/es/es/turbo-levo-4-alloy/p/4221348,https://www.specialized.com/es/es/turbo-levo-4-alloy/p/4221348?color=5401546-4221348,html,2026-10-05
Specialized,Turbo Levo 4 [a58a9052],Turbo Levo 4 Alloy,,emtb,S4,S,,,,,,638,480,"{""Longitud de biela"": ""155mm"", ""Ancho de manillar"": ""800mm"", ""Longitud Potencia"": ""40mm"", ""Saddle Width"": ""143mm"", ""Longitud Tija Sillín"": ""170mm"", ""Stack"": ""638mm"", ""Reach"": ""480mm"", ""Headtube Length"": ""117mm"", ""Headtube Angle"": ""64.5°"", ""Altura Pedalier"": ""350mm"", ""Caída Pedalier"": ""29.5mm"", ""Avance Horquilla"": ""132mm"", ""Longitud de horquilla (total)"": ""577mm"", ""Avance/Retroceso Horquilla"": ""44mm"", ""Delante Centro"": ""820mm"", ""Longitud de vaina"": ""435mm"", ""Distancia entre ejes"": ""1254mm"", ""Top-tube Length (horizontal)"": ""627mm"", ""Bike Standover Height"": ""753mm"", ""Long. Tubo de Sillín"": ""425mm"", ""Ángulo de Tubo de Sillín"": ""77°"", ""Saddle Height for Effective ST Angle"": ""780mm"", ""Max Seatpost Insertion"": ""313mm"", ""Min Seatpost Insertion"": ""80mm""}",5499,false,https://www.specialized.com/es/es/turbo-levo-4-alloy/p/4221348,https://www.specialized.com/es/es/turbo-levo-4-alloy/p/4221348?color=5401546-4221348,html,2026-10-05
Specialized,Turbo Levo 4 [a58a9052],Turbo Levo 4 Alloy,,emtb,S5,S,,,,,,652,505,"{""Longitud de biela"": ""155mm"", ""Ancho de manillar"": ""800mm"", ""Longitud Potencia"": ""40mm"", ""Saddle Width"": ""143mm"", ""Longitud Tija Sillín"": ""200mm"", ""Stack"": ""652mm"", ""Reach"": ""505mm"", ""Headtube Length"": ""132mm"", ""Headtube Angle"": ""64.5°"", ""Altura Pedalier"": ""350mm"", ""Caída Pedalier"": ""29.5mm"", ""Avance Horquilla"": ""132mm"", ""Longitud de horquilla (total)"": ""577mm"", ""Avance/Retroceso Horquilla"": ""44mm"", ""Delante Centro"": ""851mm"", ""Longitud de vaina"": ""435mm"", ""Distancia entre ejes"": ""1286mm"", ""Top-tube Length (horizontal)"": ""655mm"", ""Bike Standover Height"": ""758mm"", ""Long. Tubo de Sillín"": ""445mm"", ""Ángulo de Tubo de Sillín"": ""77°"", ""Saddle Height for Effective ST Angle"": ""825mm"", ""Max Seatpost Insertion"": ""337mm"", ""Min Seatpost Insertion"": ""80mm""}",5499,false,https://www.specialized.com/es/es/turbo-levo-4-alloy/p/4221348,https://www.specialized.com/es/es/turbo-levo-4-alloy/p/4221348?color=5401546-4221348,html,2026-10-05
Specialized,Turbo Levo 4 [a58a9052],Turbo Levo 4 Alloy,,emtb,S6,S,,,,,,667,535,"{""Longitud de biela"": ""155mm"", ""Ancho de manillar"": ""800mm"", ""Longitud Potencia"": ""40mm"", ""Saddle Width"": ""143mm"", ""Longitud Tija Sillín"": ""200mm"", ""Stack"": ""667mm"", ""Reach"": ""535mm"", ""Headtube Length"": ""149mm"", ""Headtube Angle"": ""64.5°"", ""Altura Pedalier"": ""350mm"", ""Caída Pedalier"": ""29.5mm"", ""Avance Horquilla"": ""132mm"", ""Longitud de horquilla (total)"": ""577mm"", ""Avance/Retroceso Horquilla"": ""44mm"", ""Delante Centro"": ""888mm"", ""Longitud de vaina"": ""435mm"", ""Distancia entre ejes"": ""1323mm"", ""Top-tube Length (horizontal)"": ""689mm"", ""Bike Standover Height"": ""761mm"", ""Long. Tubo de Sillín"": ""465mm"", ""Ángulo de Tubo de Sillín"": ""77°"", ""Saddle Height for Effective ST Angle"": ""870mm"", ""Max Seatpost Insertion"": ""357mm"", ""Min Seatpost Insertion"": ""80mm""}",5499,false,https://www.specialized.com/es/es/turbo-levo-4-alloy/p/4221348,https://www.specialized.com/es/es/turbo-levo-4-alloy/p/4221348?color=5401546-4221348,html,2026-10-05
Specialized,Levo 4 EVO [4a9881ab],Levo 4 EVO Pro,,emtb,S2,S,,,,,,625,425,"{""Longitud de biela"": ""155mm"", ""Ancho de manillar"": ""810mm"", ""Longitud Potencia"": ""42mm"", ""Saddle Width"": ""155mm"", ""Longitud Tija Sillín"": ""125mm"", ""Stack"": ""625mm"", ""Reach"": ""425mm"", ""Headtube Length"": ""95mm"", ""Headtube Angle"": ""63.6°"", ""Altura Pedalier"": ""356mm"", ""Caída Pedalier"": ""24mm"", ""Avance Horquilla"": ""139mm"", ""Longitud de horquilla (total)"": ""597mm"", ""Avance/Retroceso Horquilla"": ""44mm"", ""Delante Centro"": ""773mm"", ""Longitud de vaina"": ""435mm"", ""Distancia entre ejes"": ""1208mm"", ""Top-tube Length (horizontal)"": ""580mm"", ""Bike Standover Height"": ""764mm"", ""Long. Tubo de Sillín"": ""390mm"", ""Ángulo de Tubo de Sillín"": ""76°"", ""Saddle Height for Effective ST Angle"": ""690mm"", ""Max Seatpost Insertion"": ""274mm"", ""Min Seatpost Insertion"": ""80mm""}",10999,false,https://www.specialized.com/es/es/levo-4-evo-pro/p/4294786,https://www.specialized.com/es/es/levo-4-evo-pro/p/4294786?color=5469679-4294786,html,2026-10-05
Specialized,Levo 4 EVO [4a9881ab],Levo 4 EVO Pro,,emtb,S3,S,,,,,,633,445,"{""Longitud de biela"": ""155mm"", ""Ancho de manillar"": ""810mm"", ""Longitud Potencia"": ""42mm"", ""Saddle Width"": ""143mm"", ""Longitud Tija Sillín"": ""160mm"", ""Stack"": ""633mm"", ""Reach"": ""445mm"", ""Headtube Length"": ""103mm"", ""Headtube Angle"": ""63.6°"", ""Altura Pedalier"": ""356mm"", ""Caída Pedalier"": ""24mm"", ""Avance Horquilla"": ""139mm"", ""Longitud de horquilla (total)"": ""597mm"", ""Avance/Retroceso Horquilla"": ""44mm"", ""Delante Centro"": ""797mm"", ""Longitud de vaina"": ""435mm"", ""Distancia entre ejes"": ""1232mm"", ""Top-tube Length (horizontal)"": ""602mm"", ""Bike Standover Height"": ""765mm"", ""Long. Tubo de Sillín"": ""405mm"", ""Ángulo de Tubo de Sillín"": ""76°"", ""Saddle Height for Effective ST Angle"": ""735mm"", ""Max Seatpost Insertion"": ""289mm"", ""Min Seatpost Insertion"": ""80mm""}",10999,false,https://www.specialized.com/es/es/levo-4-evo-pro/p/4294786,https://www.specialized.com/es/es/levo-4-evo-pro/p/4294786?color=5469679-4294786,html,2026-10-05
Specialized,Levo 4 EVO [4a9881ab],Levo 4 EVO Pro,,emtb,S4,S,,,,,,646,470,"{""Longitud de biela"": ""155mm"", ""Ancho de manillar"": ""810mm"", ""Longitud Potencia"": ""42mm"", ""Saddle Width"": ""143mm"", ""Longitud Tija Sillín"": ""185mm"", ""Stack"": ""646mm"", ""Reach"": ""470mm"", ""Headtube Length"": ""117mm"", ""Headtube Angle"": ""63.6°"", ""Altura Pedalier"": ""356mm"", ""Caída Pedalier"": ""24mm"", ""Avance Horquilla"": ""139mm"", ""Longitud de horquilla (total)"": ""597mm"", ""Avance/Retroceso Horquilla"": ""44mm"", ""Delante Centro"": ""828mm"", ""Longitud de vaina"": ""435mm"", ""Distancia entre ejes"": ""1263mm"", ""Top-tube Length (horizontal)"": ""630mm"", ""Bike Standover Height"": ""763mm"", ""Long. Tubo de Sillín"": ""425mm"", ""Ángulo de Tubo de Sillín"": ""76°"", ""Saddle Height for Effective ST Angle"": ""780mm"", ""Max Seatpost Insertion"": ""313mm"", ""Min Seatpost Insertion"": ""80mm""}",10999,false,https://www.specialized.com/es/es/levo-4-evo-pro/p/4294786,https://www.specialized.com/es/es/levo-4-evo-pro/p/4294786?color=5469679-4294786,html,2026-10-05
Specialized,Levo 4 EVO [4a9881ab],Levo 4 EVO Pro,,emtb,S5,S,,,,,,659,495,"{""Longitud de biela"": ""155mm"", ""Ancho de manillar"": ""810mm"", ""Longitud Potencia"": ""42mm"", ""Saddle Width"": ""143mm"", ""Longitud Tija Sillín"": ""213mm"", ""Stack"": ""659mm"", ""Reach"": ""495mm"", ""Headtube Length"": ""132mm"", ""Headtube Angle"": ""63.6°"", ""Altura Pedalier"": ""356mm"", ""Caída Pedalier"": ""24mm"", ""Avance Horquilla"": ""139mm"", ""Longitud de horquilla (total)"": ""597mm"", ""Avance/Retroceso Horquilla"": ""44mm"", ""Delante Centro"": ""859mm"", ""Longitud de vaina"": ""435mm"", ""Distancia entre ejes"": ""1294mm"", ""Top-tube Length (horizontal)"": ""658mm"", ""Bike Standover Height"": ""768mm"", ""Long. Tubo de Sillín"": ""445mm"", ""Ángulo de Tubo de Sillín"": ""76°"", ""Saddle Height for Effective ST Angle"": ""825mm"", ""Max Seatpost Insertion"": ""337mm"", ""Min Seatpost Insertion"": ""80mm""}",10999,false,https://www.specialized.com/es/es/levo-4-evo-pro/p/4294786,https://www.specialized.com/es/es/levo-4-evo-pro/p/4294786?color=5469679-4294786,html,2026-10-05
Specialized,Levo 4 EVO [4a9881ab],Levo 4 EVO Pro,,emtb,S6,S,,,,,,675,525,"{""Longitud de biela"": ""155mm"", ""Ancho de manillar"": ""810mm"", ""Longitud Potencia"": ""42mm"", ""Saddle Width"": ""143mm"", ""Longitud Tija Sillín"": ""213mm"", ""Stack"": ""675mm"", ""Reach"": ""525mm"", ""Headtube Length"": ""149mm"", ""Headtube Angle"": ""63.6°"", ""Altura Pedalier"": ""356mm"", ""Caída Pedalier"": ""24mm"", ""Avance Horquilla"": ""139mm"", ""Longitud de horquilla (total)"": ""597mm"", ""Avance/Retroceso Horquilla"": ""44mm"", ""Delante Centro"": ""897mm"", ""Longitud de vaina"": ""435mm"", ""Distancia entre ejes"": ""1331mm"", ""Top-tube Length (horizontal)"": ""691mm"", ""Bike Standover Height"": ""771mm"", ""Long. Tubo de Sillín"": ""465mm"", ""Ángulo de Tubo de Sillín"": ""76°"", ""Saddle Height for Effective ST Angle"": ""870mm"", ""Max Seatpost Insertion"": ""357mm"", ""Min Seatpost Insertion"": ""80mm""}",10999,false,https://www.specialized.com/es/es/levo-4-evo-pro/p/4294786,https://www.specialized.com/es/es/levo-4-evo-pro/p/4294786?color=5469679-4294786,html,2026-10-05
Specialized,Levo 4 EVO [4a9881ab],Levo 4 EVO Comp,,emtb,S2,S,,,,,,625,425,"{""Longitud de biela"": ""155mm"", ""Ancho de manillar"": ""780mm"", ""Longitud Potencia"": ""40mm"", ""Saddle Width"": ""155mm"", ""Longitud Tija Sillín"": ""125mm"", ""Stack"": ""625mm"", ""Reach"": ""425mm"", ""Headtube Length"": ""95mm"", ""Headtube Angle"": ""63.6°"", ""Altura Pedalier"": ""356mm"", ""Caída Pedalier"": ""24mm"", ""Avance Horquilla"": ""139mm"", ""Longitud de horquilla (total)"": ""597mm"", ""Avance/Retroceso Horquilla"": ""44mm"", ""Delante Centro"": ""773mm"", ""Longitud de vaina"": ""435mm"", ""Distancia entre ejes"": ""1208mm"", ""Top-tube Length (horizontal)"": ""580mm"", ""Bike Standover Height"": ""764mm"", ""Long. Tubo de Sillín"": ""390mm"", ""Ángulo de Tubo de Sillín"": ""76°"", ""Saddle Height for Effective ST Angle"": ""690mm"", ""Max Seatpost Insertion"": ""274mm"", ""Min Seatpost Insertion"": ""80mm""}",7499,false,https://www.specialized.com/es/es/levo-4-evo-comp/p/4294788,https://www.specialized.com/es/es/levo-4-evo-comp/p/4294788?color=5469680-4294788,html,2026-10-05
Specialized,Levo 4 EVO [4a9881ab],Levo 4 EVO Comp,,emtb,S3,S,,,,,,633,445,"{""Longitud de biela"": ""155mm"", ""Ancho de manillar"": ""800mm"", ""Longitud Potencia"": ""40mm"", ""Saddle Width"": ""143mm"", ""Longitud Tija Sillín"": ""170mm"", ""Stack"": ""633mm"", ""Reach"": ""445mm"", ""Headtube Length"": ""103mm"", ""Headtube Angle"": ""63.6°"", ""Altura Pedalier"": ""356mm"", ""Caída Pedalier"": ""24mm"", ""Avance Horquilla"": ""139mm"", ""Longitud de horquilla (total)"": ""597mm"", ""Avance/Retroceso Horquilla"": ""44mm"", ""Delante Centro"": ""797mm"", ""Longitud de vaina"": ""435mm"", ""Distancia entre ejes"": ""1232mm"", ""Top-tube Length (horizontal)"": ""602mm"", ""Bike Standover Height"": ""765mm"", ""Long. Tubo de Sillín"": ""405mm"", ""Ángulo de Tubo de Sillín"": ""76°"", ""Saddle Height for Effective ST Angle"": ""735mm"", ""Max Seatpost Insertion"": ""289mm"", ""Min Seatpost Insertion"": ""80mm""}",7499,false,https://www.specialized.com/es/es/levo-4-evo-comp/p/4294788,https://www.specialized.com/es/es/levo-4-evo-comp/p/4294788?color=5469680-4294788,html,2026-10-05
Specialized,Levo 4 EVO [4a9881ab],Levo 4 EVO Comp,,emtb,S4,S,,,,,,646,470,"{""Longitud de biela"": ""155mm"", ""Ancho de manillar"": ""800mm"", ""Longitud Potencia"": ""40mm"", ""Saddle Width"": ""143mm"", ""Longitud Tija Sillín"": ""200mm"", ""Stack"": ""646mm"", ""Reach"": ""470mm"", ""Headtube Length"": ""117mm"", ""Headtube Angle"": ""63.6°"", ""Altura Pedalier"": ""356mm"", ""Caída Pedalier"": ""24mm"", ""Avance Horquilla"": ""139mm"", ""Longitud de horquilla (total)"": ""597mm"", ""Avance/Retroceso Horquilla"": ""44mm"", ""Delante Centro"": ""828mm"", ""Longitud de vaina"": ""435mm"", ""Distancia entre ejes"": ""1263mm"", ""Top-tube Length (horizontal)"": ""630mm"", ""Bike Standover Height"": ""763mm"", ""Long. Tubo de Sillín"": ""425mm"", ""Ángulo de Tubo de Sillín"": ""76°"", ""Saddle Height for Effective ST Angle"": ""780mm"", ""Max Seatpost Insertion"": ""313mm"", ""Min Seatpost Insertion"": ""80mm""}",7499,false,https://www.specialized.com/es/es/levo-4-evo-comp/p/4294788,https://www.specialized.com/es/es/levo-4-evo-comp/p/4294788?color=5469680-4294788,html,2026-10-05
Specialized,Levo 4 EVO [4a9881ab],Levo 4 EVO Comp,,emtb,S5,S,,,,,,659,495,"{""Longitud de biela"": ""155mm"", ""Ancho de manillar"": ""800mm"", ""Longitud Potencia"": ""40mm"", ""Saddle Width"": ""143mm"", ""Longitud Tija Sillín"": ""200mm"", ""Stack"": ""659mm"", ""Reach"": ""495mm"", ""Headtube Length"": ""132mm"", ""Headtube Angle"": ""63.6°"", ""Altura Pedalier"": ""356mm"", ""Caída Pedalier"": ""24mm"", ""Avance Horquilla"": ""139mm"", ""Longitud de horquilla (total)"": ""597mm"", ""Avance/Retroceso Horquilla"": ""44mm"", ""Delante Centro"": ""859mm"", ""Longitud de vaina"": ""435mm"", ""Distancia entre ejes"": ""1294mm"", ""Top-tube Length (horizontal)"": ""658mm"", ""Bike Standover Height"": ""768mm"", ""Long. Tubo de Sillín"": ""445mm"", ""Ángulo de Tubo de Sillín"": ""76°"", ""Saddle Height for Effective ST Angle"": ""825mm"", ""Max Seatpost Insertion"": ""337mm"", ""Min Seatpost Insertion"": ""80mm""}",7499,false,https://www.specialized.com/es/es/levo-4-evo-comp/p/4294788,https://www.specialized.com/es/es/levo-4-evo-comp/p/4294788?color=5469680-4294788,html,2026-10-05
Specialized,Levo 4 EVO [4a9881ab],Levo 4 EVO Comp,,emtb,S6,S,,,,,,675,525,"{""Longitud de biela"": ""155mm"", ""Ancho de manillar"": ""800mm"", ""Longitud Potencia"": ""40mm"", ""Saddle Width"": ""143mm"", ""Longitud Tija Sillín"": ""200mm"", ""Stack"": ""675mm"", ""Reach"": ""525mm"", ""Headtube Length"": ""149mm"", ""Headtube Angle"": ""63.6°"", ""Altura Pedalier"": ""356mm"", ""Caída Pedalier"": ""24mm"", ""Avance Horquilla"": ""139mm"", ""Longitud de horquilla (total)"": ""597mm"", ""Avance/Retroceso Horquilla"": ""44mm"", ""Delante Centro"": ""897mm"", ""Longitud de vaina"": ""435mm"", ""Distancia entre ejes"": ""1331mm"", ""Top-tube Length (horizontal)"": ""691mm"", ""Bike Standover Height"": ""771mm"", ""Long. Tubo de Sillín"": ""465mm"", ""Ángulo de Tubo de Sillín"": ""76°"", ""Saddle Height for Effective ST Angle"": ""870mm"", ""Max Seatpost Insertion"": ""357mm"", ""Min Seatpost Insertion"": ""80mm""}",7499,false,https://www.specialized.com/es/es/levo-4-evo-comp/p/4294788,https://www.specialized.com/es/es/levo-4-evo-comp/p/4294788?color=5469680-4294788,html,2026-10-05
Specialized,Levo 4 EVO [4a9881ab],Levo 4 EVO Comp Alloy,,emtb,S2,S,,,,,,625,425,"{""Longitud de biela"": ""155mm"", ""Ancho de manillar"": ""780mm"", ""Longitud Potencia"": ""40mm"", ""Saddle Width"": ""155mm"", ""Longitud Tija Sillín"": ""125mm"", ""Stack"": ""625mm"", ""Reach"": ""425mm"", ""Headtube Length"": ""95mm"", ""Headtube Angle"": ""63.6°"", ""Altura Pedalier"": ""356mm"", ""Caída Pedalier"": ""24mm"", ""Avance Horquilla"": ""139mm"", ""Longitud de horquilla (total)"": ""597mm"", ""Avance/Retroceso Horquilla"": ""44mm"", ""Delante Centro"": ""773mm"", ""Longitud de vaina"": ""435mm"", ""Distancia entre ejes"": ""1208mm"", ""Top-tube Length (horizontal)"": ""580mm"", ""Bike Standover Height"": ""764mm"", ""Long. Tubo de Sillín"": ""390mm"", ""Ángulo de Tubo de Sillín"": ""76°"", ""Saddle Height for Effective ST Angle"": ""690mm"", ""Max Seatpost Insertion"": ""274mm"", ""Min Seatpost Insertion"": ""80mm""}",6499,false,https://www.specialized.com/es/es/levo-4-evo-comp-alloy/p/4296284,https://www.specialized.com/es/es/levo-4-evo-comp-alloy/p/4296284?color=5473671-4296284,html,2026-10-05
Specialized,Levo 4 EVO [4a9881ab],Levo 4 EVO Comp Alloy,,emtb,S3,S,,,,,,633,445,"{""Longitud de biela"": ""155mm"", ""Ancho de manillar"": ""800mm"", ""Longitud Potencia"": ""40mm"", ""Saddle Width"": ""143mm"", ""Longitud Tija Sillín"": ""150mm"", ""Stack"": ""633mm"", ""Reach"": ""445mm"", ""Headtube Length"": ""103mm"", ""Headtube Angle"": ""63.6°"", ""Altura Pedalier"": ""356mm"", ""Caída Pedalier"": ""24mm"", ""Avance Horquilla"": ""139mm"", ""Longitud de horquilla (total)"": ""597mm"", ""Avance/Retroceso Horquilla"": ""44mm"", ""Delante Centro"": ""797mm"", ""Longitud de vaina"": ""435mm"", ""Distancia entre ejes"": ""1232mm"", ""Top-tube Length (horizontal)"": ""602mm"", ""Bike Standover Height"": ""765mm"", ""Long. Tubo de Sillín"": ""405mm"", ""Ángulo de Tubo de Sillín"": ""76°"", ""Saddle Height for Effective ST Angle"": ""735mm"", ""Max Seatpost Insertion"": ""289mm"", ""Min Seatpost Insertion"": ""80mm""}",6499,false,https://www.specialized.com/es/es/levo-4-evo-comp-alloy/p/4296284,https://www.specialized.com/es/es/levo-4-evo-comp-alloy/p/4296284?color=5473671-4296284,html,2026-10-05
Specialized,Levo 4 EVO [4a9881ab],Levo 4 EVO Comp Alloy,,emtb,S4,S,,,,,,646,470,"{""Longitud de biela"": ""155mm"", ""Ancho de manillar"": ""800mm"", ""Longitud Potencia"": ""40mm"", ""Saddle Width"": ""143mm"", ""Longitud Tija Sillín"": ""170mm"", ""Stack"": ""646mm"", ""Reach"": ""470mm"", ""Headtube Length"": ""117mm"", ""Headtube Angle"": ""63.6°"", ""Altura Pedalier"": ""356mm"", ""Caída Pedalier"": ""24mm"", ""Avance Horquilla"": ""139mm"", ""Longitud de horquilla (total)"": ""597mm"", ""Avance/Retroceso Horquilla"": ""44mm"", ""Delante Centro"": ""828mm"", ""Longitud de vaina"": ""435mm"", ""Distancia entre ejes"": ""1263mm"", ""Top-tube Length (horizontal)"": ""630mm"", ""Bike Standover Height"": ""763mm"", ""Long. Tubo de Sillín"": ""425mm"", ""Ángulo de Tubo de Sillín"": ""76°"", ""Saddle Height for Effective ST Angle"": ""780mm"", ""Max Seatpost Insertion"": ""313mm"", ""Min Seatpost Insertion"": ""80mm""}",6499,false,https://www.specialized.com/es/es/levo-4-evo-comp-alloy/p/4296284,https://www.specialized.com/es/es/levo-4-evo-comp-alloy/p/4296284?color=5473671-4296284,html,2026-10-05
Specialized,Levo 4 EVO [4a9881ab],Levo 4 EVO Comp Alloy,,emtb,S5,S,,,,,,659,495,"{""Longitud de biela"": ""155mm"", ""Ancho de manillar"": ""800mm"", ""Longitud Potencia"": ""40mm"", ""Saddle Width"": ""143mm"", ""Longitud Tija Sillín"": ""200mm"", ""Stack"": ""659mm"", ""Reach"": ""495mm"", ""Headtube Length"": ""132mm"", ""Headtube Angle"": ""63.6°"", ""Altura Pedalier"": ""356mm"", ""Caída Pedalier"": ""24mm"", ""Avance Horquilla"": ""139mm"", ""Longitud de horquilla (total)"": ""597mm"", ""Avance/Retroceso Horquilla"": ""44mm"", ""Delante Centro"": ""859mm"", ""Longitud de vaina"": ""435mm"", ""Distancia entre ejes"": ""1294mm"", ""Top-tube Length (horizontal)"": ""658mm"", ""Bike Standover Height"": ""768mm"", ""Long. Tubo de Sillín"": ""445mm"", ""Ángulo de Tubo de Sillín"": ""76°"", ""Saddle Height for Effective ST Angle"": ""825mm"", ""Max Seatpost Insertion"": ""337mm"", ""Min Seatpost Insertion"": ""80mm""}",6499,false,https://www.specialized.com/es/es/levo-4-evo-comp-alloy/p/4296284,https://www.specialized.com/es/es/levo-4-evo-comp-alloy/p/4296284?color=5473671-4296284,html,2026-10-05
Specialized,Levo 4 EVO [4a9881ab],Levo 4 EVO Comp Alloy,,emtb,S6,S,,,,,,675,525,"{""Longitud de biela"": ""155mm"", ""Ancho de manillar"": ""800mm"", ""Longitud Potencia"": ""40mm"", ""Saddle Width"": ""143mm"", ""Longitud Tija Sillín"": ""200mm"", ""Stack"": ""675mm"", ""Reach"": ""525mm"", ""Headtube Length"": ""149mm"", ""Headtube Angle"": ""63.6°"", ""Altura Pedalier"": ""356mm"", ""Caída Pedalier"": ""24mm"", ""Avance Horquilla"": ""139mm"", ""Longitud de horquilla (total)"": ""597mm"", ""Avance/Retroceso Horquilla"": ""44mm"", ""Delante Centro"": ""897mm"", ""Longitud de vaina"": ""435mm"", ""Distancia entre ejes"": ""1331mm"", ""Top-tube Length (horizontal)"": ""691mm"", ""Bike Standover Height"": ""771mm"", ""Long. Tubo de Sillín"": ""465mm"", ""Ángulo de Tubo de Sillín"": ""76°"", ""Saddle Height for Effective ST Angle"": ""870mm"", ""Max Seatpost Insertion"": ""357mm"", ""Min Seatpost Insertion"": ""80mm""}",6499,false,https://www.specialized.com/es/es/levo-4-evo-comp-alloy/p/4296284,https://www.specialized.com/es/es/levo-4-evo-comp-alloy/p/4296284?color=5473671-4296284,html,2026-10-05
Specialized,Turbo Levo R [b2b6fdfe],Turbo Levo R Expert,,emtb,S1 - 27.5,S,,,,,,602,400,"{""Longitud de biela"": ""160mm"", ""Ancho de manillar"": ""800mm"", ""Longitud Potencia"": ""50mm"", ""Saddle Width"": ""155mm"", ""Longitud Tija Sillín"": ""125mm"", ""Stack"": ""602mm"", ""Reach"": ""400mm"", ""Longitud de Pipa"": ""95mm"", ""Ángulo de Pipa"": ""64.8°"", ""B-B Height (low BB)"": ""339mm"", ""Caída de pedalier"": ""36mm"", ""Avance Horquilla"": ""128mm"", ""Longitud de horquilla (total)"": ""550mm"", ""Avance/Retroceso Horquilla"": ""44mm"", ""Delante Centro"": ""716mm"", ""Chain-Stay Length"": ""447mm"", ""Distancia entre ejes"": ""1160mm"", ""Longitud Tubo Superior, (Horizontal)"": ""539mm"", ""Altura Tubo Superior Bici"": ""761mm"", ""Longitud Tubo Sillín"": ""375mm"", ""Ángulo Tubo Sillín"": ""77°"", ""Seat Post Max Insertion"": ""292mm"", ""Seat Post Min Insertion"": ""80mm"", ""Saddle Height for Effective ST Angle"": ""645mm""}",9999,false,https://www.specialized.com/es/es/turbo-levo-r-expert/p/4293744,https://www.specialized.com/es/es/turbo-levo-r-expert/p/4293744?color=5466888-4293744,html,2026-10-05
Specialized,Turbo Levo R [b2b6fdfe],Turbo Levo R Expert,,emtb,S2 - 29,S,,,,,,607,420,"{""Longitud de biela"": ""160mm"", ""Ancho de manillar"": ""800mm"", ""Longitud Potencia"": ""50mm"", ""Saddle Width"": ""155mm"", ""Longitud Tija Sillín"": ""125mm"", ""Stack"": ""607mm"", ""Reach"": ""420mm"", ""Longitud de Pipa"": ""100mm"", ""Ángulo de Pipa"": ""65°"", ""B-B Height (low BB)"": ""339mm"", ""Caída de pedalier"": ""36mm"", ""Avance Horquilla"": ""126mm"", ""Longitud de horquilla (total)"": ""550mm"", ""Avance/Retroceso Horquilla"": ""44mm"", ""Delante Centro"": ""736mm"", ""Chain-Stay Length"": ""447mm"", ""Distancia entre ejes"": ""1181mm"", ""Longitud Tubo Superior, (Horizontal)"": ""560mm"", ""Altura Tubo Superior Bici"": ""763mm"", ""Longitud Tubo Sillín"": ""385mm"", ""Ángulo Tubo Sillín"": ""77°"", ""Seat Post Max Insertion"": ""312mm"", ""Seat Post Min Insertion"": ""80mm"", ""Saddle Height for Effective ST Angle"": ""690mm""}",9999,false,https://www.specialized.com/es/es/turbo-levo-r-expert/p/4293744,https://www.specialized.com/es/es/turbo-levo-r-expert/p/4293744?color=5466888-4293744,html,2026-10-05
Specialized,Turbo Levo R [b2b6fdfe],Turbo Levo R Expert,,emtb,S3 - 29,S,,,,,,616,450,"{""Longitud de biela"": ""160mm"", ""Ancho de manillar"": ""800mm"", ""Longitud Potencia"": ""50mm"", ""Saddle Width"": ""143mm"", ""Longitud Tija Sillín"": ""150mm"", ""Stack"": ""616mm"", ""Reach"": ""450mm"", ""Longitud de Pipa"": ""110mm"", ""Ángulo de Pipa"": ""65°"", ""B-B Height (low BB)"": ""339mm"", ""Caída de pedalier"": ""36mm"", ""Avance Horquilla"": ""126mm"", ""Longitud de horquilla (total)"": ""550mm"", ""Avance/Retroceso Horquilla"": ""44mm"", ""Delante Centro"": ""770mm"", ""Chain-Stay Length"": ""447mm"", ""Distancia entre ejes"": ""1215mm"", ""Longitud Tubo Superior, (Horizontal)"": ""592mm"", ""Altura Tubo Superior Bici"": ""773mm"", ""Longitud Tubo Sillín"": ""405mm"", ""Ángulo Tubo Sillín"": ""77°"", ""Seat Post Max Insertion"": ""210mm"", ""Seat Post Min Insertion"": ""80mm"", ""Saddle Height for Effective ST Angle"": ""735mm""}",9999,false,https://www.specialized.com/es/es/turbo-levo-r-expert/p/4293744,https://www.specialized.com/es/es/turbo-levo-r-expert/p/4293744?color=5466888-4293744,html,2026-10-05
Specialized,Turbo Levo R [b2b6fdfe],Turbo Levo R Expert,,emtb,S4 - 29,S,,,,,,630,475,"{""Longitud de biela"": ""160mm"", ""Ancho de manillar"": ""800mm"", ""Longitud Potencia"": ""50mm"", ""Saddle Width"": ""143mm"", ""Longitud Tija Sillín"": ""170mm"", ""Stack"": ""630mm"", ""Reach"": ""475mm"", ""Longitud de Pipa"": ""125mm"", ""Ángulo de Pipa"": ""65°"", ""B-B Height (low BB)"": ""339mm"", ""Caída de pedalier"": ""36mm"", ""Avance Horquilla"": ""126mm"", ""Longitud de horquilla (total)"": ""550mm"", ""Avance/Retroceso Horquilla"": ""44mm"", ""Delante Centro"": ""801mm"", ""Chain-Stay Length"": ""447mm"", ""Distancia entre ejes"": ""1246mm"", ""Longitud Tubo Superior, (Horizontal)"": ""620mm"", ""Altura Tubo Superior Bici"": ""783mm"", ""Longitud Tubo Sillín"": ""425mm"", ""Ángulo Tubo Sillín"": ""77°"", ""Seat Post Max Insertion"": ""227mm"", ""Seat Post Min Insertion"": ""80mm"", ""Saddle Height for Effective ST Angle"": ""780mm""}",9999,false,https://www.specialized.com/es/es/turbo-levo-r-expert/p/4293744,https://www.specialized.com/es/es/turbo-levo-r-expert/p/4293744?color=5466888-4293744,html,2026-10-05
Specialized,Turbo Levo R [b2b6fdfe],Turbo Levo R Expert,,emtb,S5 - 29,S,,,,,,644,500,"{""Longitud de biela"": ""160mm"", ""Ancho de manillar"": ""800mm"", ""Longitud Potencia"": ""50mm"", ""Saddle Width"": ""143mm"", ""Longitud Tija Sillín"": ""190mm"", ""Stack"": ""644mm"", ""Reach"": ""500mm"", ""Longitud de Pipa"": ""140mm"", ""Ángulo de Pipa"": ""65°"", ""B-B Height (low BB)"": ""339mm"", ""Caída de pedalier"": ""36mm"", ""Avance Horquilla"": ""126mm"", ""Longitud de horquilla (total)"": ""550mm"", ""Avance/Retroceso Horquilla"": ""44mm"", ""Delante Centro"": ""833mm"", ""Chain-Stay Length"": ""447mm"", ""Distancia entre ejes"": ""1277mm"", ""Longitud Tubo Superior, (Horizontal)"": ""649mm"", ""Altura Tubo Superior Bici"": ""793mm"", ""Longitud Tubo Sillín"": ""445mm"", ""Ángulo Tubo Sillín"": ""77°"", ""Seat Post Max Insertion"": ""249mm"", ""Seat Post Min Insertion"": ""80mm"", ""Saddle Height for Effective ST Angle"": ""825mm""}",9999,false,https://www.specialized.com/es/es/turbo-levo-r-expert/p/4293744,https://www.specialized.com/es/es/turbo-levo-r-expert/p/4293744?color=5466888-4293744,html,2026-10-05
Specialized,Turbo Levo R [b2b6fdfe],Turbo Levo R Expert,,emtb,S6 - 29,S,,,,,,657,525,"{""Longitud de biela"": ""160mm"", ""Ancho de manillar"": ""800mm"", ""Longitud Potencia"": ""50mm"", ""Saddle Width"": ""143mm"", ""Longitud Tija Sillín"": ""190mm"", ""Stack"": ""657mm"", ""Reach"": ""525mm"", ""Longitud de Pipa"": ""155mm"", ""Ángulo de Pipa"": ""65°"", ""B-B Height (low BB)"": ""339mm"", ""Caída de pedalier"": ""36mm"", ""Avance Horquilla"": ""126mm"", ""Longitud de horquilla (total)"": ""550mm"", ""Avance/Retroceso Horquilla"": ""44mm"", ""Delante Centro"": ""863mm"", ""Chain-Stay Length"": ""447mm"", ""Distancia entre ejes"": ""1309mm"", ""Longitud Tubo Superior, (Horizontal)"": ""677mm"", ""Altura Tubo Superior Bici"": ""803mm"", ""Longitud Tubo Sillín"": ""465mm"", ""Ángulo Tubo Sillín"": ""77°"", ""Seat Post Max Insertion"": ""271mm"", ""Seat Post Min Insertion"": ""80mm"", ""Saddle Height for Effective ST Angle"": ""870mm""}",9999,false,https://www.specialized.com/es/es/turbo-levo-r-expert/p/4293744,https://www.specialized.com/es/es/turbo-levo-r-expert/p/4293744?color=5466888-4293744,html,2026-10-05
Specialized,Turbo Levo R [b2b6fdfe],Turbo Levo R Comp,,emtb,S1 - 27.5,S,,,,,,602,400,"{""Longitud de biela"": ""160mm"", ""Ancho de manillar"": ""800mm"", ""Longitud Potencia"": ""50mm"", ""Saddle Width"": ""155mm"", ""Longitud Tija Sillín"": ""125mm"", ""Stack"": ""602mm"", ""Reach"": ""400mm"", ""Longitud de Pipa"": ""95mm"", ""Ángulo de Pipa"": ""64.8°"", ""B-B Height (low BB)"": ""339mm"", ""Caída de pedalier"": ""36mm"", ""Avance Horquilla"": ""128mm"", ""Longitud de horquilla (total)"": ""550mm"", ""Avance/Retroceso Horquilla"": ""44mm"", ""Delante Centro"": ""716mm"", ""Chain-Stay Length"": ""447mm"", ""Distancia entre ejes"": ""1160mm"", ""Longitud Tubo Superior, (Horizontal)"": ""539mm"", ""Altura Tubo Superior Bici"": ""761mm"", ""Longitud Tubo Sillín"": ""375mm"", ""Ángulo Tubo Sillín"": ""77°"", ""Seat Post Max Insertion"": ""292mm"", ""Seat Post Min Insertion"": ""80mm"", ""Saddle Height for Effective ST Angle"": ""645mm""}",7999,false,https://www.specialized.com/es/es/turbo-levo-r-comp/p/4293745,https://www.specialized.com/es/es/turbo-levo-r-comp/p/4293745?color=5466889-4293745,html,2026-10-05
Specialized,Turbo Levo R [b2b6fdfe],Turbo Levo R Comp,,emtb,S2 - 29,S,,,,,,607,420,"{""Longitud de biela"": ""160mm"", ""Ancho de manillar"": ""800mm"", ""Longitud Potencia"": ""50mm"", ""Saddle Width"": ""155mm"", ""Longitud Tija Sillín"": ""125mm"", ""Stack"": ""607mm"", ""Reach"": ""420mm"", ""Longitud de Pipa"": ""100mm"", ""Ángulo de Pipa"": ""65°"", ""B-B Height (low BB)"": ""339mm"", ""Caída de pedalier"": ""36mm"", ""Avance Horquilla"": ""126mm"", ""Longitud de horquilla (total)"": ""550mm"", ""Avance/Retroceso Horquilla"": ""44mm"", ""Delante Centro"": ""736mm"", ""Chain-Stay Length"": ""447mm"", ""Distancia entre ejes"": ""1181mm"", ""Longitud Tubo Superior, (Horizontal)"": ""560mm"", ""Altura Tubo Superior Bici"": ""763mm"", ""Longitud Tubo Sillín"": ""385mm"", ""Ángulo Tubo Sillín"": ""77°"", ""Seat Post Max Insertion"": ""312mm"", ""Seat Post Min Insertion"": ""80mm"", ""Saddle Height for Effective ST Angle"": ""690mm""}",7999,false,https://www.specialized.com/es/es/turbo-levo-r-comp/p/4293745,https://www.specialized.com/es/es/turbo-levo-r-comp/p/4293745?color=5466889-4293745,html,2026-10-05
Specialized,Turbo Levo R [b2b6fdfe],Turbo Levo R Comp,,emtb,S3 - 29,S,,,,,,616,450,"{""Longitud de biela"": ""160mm"", ""Ancho de manillar"": ""800mm"", ""Longitud Potencia"": ""50mm"", ""Saddle Width"": ""143mm"", ""Longitud Tija Sillín"": ""150mm"", ""Stack"": ""616mm"", ""Reach"": ""450mm"", ""Longitud de Pipa"": ""110mm"", ""Ángulo de Pipa"": ""65°"", ""B-B Height (low BB)"": ""339mm"", ""Caída de pedalier"": ""36mm"", ""Avance Horquilla"": ""126mm"", ""Longitud de horquilla (total)"": ""550mm"", ""Avance/Retroceso Horquilla"": ""44mm"", ""Delante Centro"": ""770mm"", ""Chain-Stay Length"": ""447mm"", ""Distancia entre ejes"": ""1215mm"", ""Longitud Tubo Superior, (Horizontal)"": ""592mm"", ""Altura Tubo Superior Bici"": ""773mm"", ""Longitud Tubo Sillín"": ""405mm"", ""Ángulo Tubo Sillín"": ""77°"", ""Seat Post Max Insertion"": ""210mm"", ""Seat Post Min Insertion"": ""80mm"", ""Saddle Height for Effective ST Angle"": ""735mm""}",7999,false,https://www.specialized.com/es/es/turbo-levo-r-comp/p/4293745,https://www.specialized.com/es/es/turbo-levo-r-comp/p/4293745?color=5466889-4293745,html,2026-10-05
Specialized,Turbo Levo R [b2b6fdfe],Turbo Levo R Comp,,emtb,S4 - 29,S,,,,,,630,475,"{""Longitud de biela"": ""160mm"", ""Ancho de manillar"": ""800mm"", ""Longitud Potencia"": ""50mm"", ""Saddle Width"": ""143mm"", ""Longitud Tija Sillín"": ""170mm"", ""Stack"": ""630mm"", ""Reach"": ""475mm"", ""Longitud de Pipa"": ""125mm"", ""Ángulo de Pipa"": ""65°"", ""B-B Height (low BB)"": ""339mm"", ""Caída de pedalier"": ""36mm"", ""Avance Horquilla"": ""126mm"", ""Longitud de horquilla (total)"": ""550mm"", ""Avance/Retroceso Horquilla"": ""44mm"", ""Delante Centro"": ""801mm"", ""Chain-Stay Length"": ""447mm"", ""Distancia entre ejes"": ""1246mm"", ""Longitud Tubo Superior, (Horizontal)"": ""620mm"", ""Altura Tubo Superior Bici"": ""783mm"", ""Longitud Tubo Sillín"": ""425mm"", ""Ángulo Tubo Sillín"": ""77°"", ""Seat Post Max Insertion"": ""227mm"", ""Seat Post Min Insertion"": ""80mm"", ""Saddle Height for Effective ST Angle"": ""780mm""}",7999,false,https://www.specialized.com/es/es/turbo-levo-r-comp/p/4293745,https://www.specialized.com/es/es/turbo-levo-r-comp/p/4293745?color=5466889-4293745,html,2026-10-05
Specialized,Turbo Levo R [b2b6fdfe],Turbo Levo R Comp,,emtb,S5 - 29,S,,,,,,644,500,"{""Longitud de biela"": ""160mm"", ""Ancho de manillar"": ""800mm"", ""Longitud Potencia"": ""50mm"", ""Saddle Width"": ""143mm"", ""Longitud Tija Sillín"": ""190mm"", ""Stack"": ""644mm"", ""Reach"": ""500mm"", ""Longitud de Pipa"": ""140mm"", ""Ángulo de Pipa"": ""65°"", ""B-B Height (low BB)"": ""339mm"", ""Caída de pedalier"": ""36mm"", ""Avance Horquilla"": ""126mm"", ""Longitud de horquilla (total)"": ""550mm"", ""Avance/Retroceso Horquilla"": ""44mm"", ""Delante Centro"": ""833mm"", ""Chain-Stay Length"": ""447mm"", ""Distancia entre ejes"": ""1277mm"", ""Longitud Tubo Superior, (Horizontal)"": ""649mm"", ""Altura Tubo Superior Bici"": ""793mm"", ""Longitud Tubo Sillín"": ""445mm"", ""Ángulo Tubo Sillín"": ""77°"", ""Seat Post Max Insertion"": ""249mm"", ""Seat Post Min Insertion"": ""80mm"", ""Saddle Height for Effective ST Angle"": ""825mm""}",7999,false,https://www.specialized.com/es/es/turbo-levo-r-comp/p/4293745,https://www.specialized.com/es/es/turbo-levo-r-comp/p/4293745?color=5466889-4293745,html,2026-10-05
Specialized,Turbo Levo R [b2b6fdfe],Turbo Levo R Comp,,emtb,S6 - 29,S,,,,,,657,525,"{""Longitud de biela"": ""160mm"", ""Ancho de manillar"": ""800mm"", ""Longitud Potencia"": ""50mm"", ""Saddle Width"": ""143mm"", ""Longitud Tija Sillín"": ""190mm"", ""Stack"": ""657mm"", ""Reach"": ""525mm"", ""Longitud de Pipa"": ""155mm"", ""Ángulo de Pipa"": ""65°"", ""B-B Height (low BB)"": ""339mm"", ""Caída de pedalier"": ""36mm"", ""Avance Horquilla"": ""126mm"", ""Longitud de horquilla (total)"": ""550mm"", ""Avance/Retroceso Horquilla"": ""44mm"", ""Delante Centro"": ""863mm"", ""Chain-Stay Length"": ""447mm"", ""Distancia entre ejes"": ""1309mm"", ""Longitud Tubo Superior, (Horizontal)"": ""677mm"", ""Altura Tubo Superior Bici"": ""803mm"", ""Longitud Tubo Sillín"": ""465mm"", ""Ángulo Tubo Sillín"": ""77°"", ""Seat Post Max Insertion"": ""271mm"", ""Seat Post Min Insertion"": ""80mm"", ""Saddle Height for Effective ST Angle"": ""870mm""}",7999,false,https://www.specialized.com/es/es/turbo-levo-r-comp/p/4293745,https://www.specialized.com/es/es/turbo-levo-r-comp/p/4293745?color=5466889-4293745,html,2026-10-05
Specialized,Turbo Levo R [b2b6fdfe],Turbo Levo R Comp Alloy,,emtb,S1 - 27.5,S,,,,,,602,400,"{""Longitud de biela"": ""160mm"", ""Ancho de manillar"": ""800mm"", ""Longitud Potencia"": ""50mm"", ""Saddle Width"": ""155mm"", ""Longitud Tija Sillín"": ""125mm"", ""Stack"": ""602mm"", ""Reach"": ""400mm"", ""Longitud de Pipa"": ""95mm"", ""Ángulo de Pipa"": ""64.8°"", ""B-B Height (low BB)"": ""339mm"", ""Caída de pedalier"": ""36mm"", ""Avance Horquilla"": ""128mm"", ""Longitud de horquilla (total)"": ""550mm"", ""Avance/Retroceso Horquilla"": ""44mm"", ""Delante Centro"": ""716mm"", ""Chain-Stay Length"": ""447mm"", ""Distancia entre ejes"": ""1160mm"", ""Longitud Tubo Superior, (Horizontal)"": ""539mm"", ""Altura Tubo Superior Bici"": ""761mm"", ""Longitud Tubo Sillín"": ""375mm"", ""Ángulo Tubo Sillín"": ""77°"", ""Seat Post Max Insertion"": ""292mm"", ""Seat Post Min Insertion"": ""80mm"", ""Saddle Height for Effective ST Angle"": ""645mm""}",6499,false,https://www.specialized.com/es/es/turbo-levo-r-comp-alloy/p/4295031,https://www.specialized.com/es/es/turbo-levo-r-comp-alloy/p/4295031?color=5470373-4295031,html,2026-10-05
Specialized,Turbo Levo R [b2b6fdfe],Turbo Levo R Comp Alloy,,emtb,S2 - 29,S,,,,,,607,420,"{""Longitud de biela"": ""160mm"", ""Ancho de manillar"": ""800mm"", ""Longitud Potencia"": ""50mm"", ""Saddle Width"": ""155mm"", ""Longitud Tija Sillín"": ""125mm"", ""Stack"": ""607mm"", ""Reach"": ""420mm"", ""Longitud de Pipa"": ""100mm"", ""Ángulo de Pipa"": ""65°"", ""B-B Height (low BB)"": ""339mm"", ""Caída de pedalier"": ""36mm"", ""Avance Horquilla"": ""126mm"", ""Longitud de horquilla (total)"": ""550mm"", ""Avance/Retroceso Horquilla"": ""44mm"", ""Delante Centro"": ""736mm"", ""Chain-Stay Length"": ""447mm"", ""Distancia entre ejes"": ""1181mm"", ""Longitud Tubo Superior, (Horizontal)"": ""560mm"", ""Altura Tubo Superior Bici"": ""763mm"", ""Longitud Tubo Sillín"": ""385mm"", ""Ángulo Tubo Sillín"": ""77°"", ""Seat Post Max Insertion"": ""312mm"", ""Seat Post Min Insertion"": ""80mm"", ""Saddle Height for Effective ST Angle"": ""690mm""}",6499,false,https://www.specialized.com/es/es/turbo-levo-r-comp-alloy/p/4295031,https://www.specialized.com/es/es/turbo-levo-r-comp-alloy/p/4295031?color=5470373-4295031,html,2026-10-05
Specialized,Turbo Levo R [b2b6fdfe],Turbo Levo R Comp Alloy,,emtb,S3 - 29,S,,,,,,616,450,"{""Longitud de biela"": ""160mm"", ""Ancho de manillar"": ""800mm"", ""Longitud Potencia"": ""50mm"", ""Saddle Width"": ""143mm"", ""Longitud Tija Sillín"": ""150mm"", ""Stack"": ""616mm"", ""Reach"": ""450mm"", ""Longitud de Pipa"": ""110mm"", ""Ángulo de Pipa"": ""65°"", ""B-B Height (low BB)"": ""339mm"", ""Caída de pedalier"": ""36mm"", ""Avance Horquilla"": ""126mm"", ""Longitud de horquilla (total)"": ""550mm"", ""Avance/Retroceso Horquilla"": ""44mm"", ""Delante Centro"": ""770mm"", ""Chain-Stay Length"": ""447mm"", ""Distancia entre ejes"": ""1215mm"", ""Longitud Tubo Superior, (Horizontal)"": ""592mm"", ""Altura Tubo Superior Bici"": ""773mm"", ""Longitud Tubo Sillín"": ""405mm"", ""Ángulo Tubo Sillín"": ""77°"", ""Seat Post Max Insertion"": ""210mm"", ""Seat Post Min Insertion"": ""80mm"", ""Saddle Height for Effective ST Angle"": ""735mm""}",6499,false,https://www.specialized.com/es/es/turbo-levo-r-comp-alloy/p/4295031,https://www.specialized.com/es/es/turbo-levo-r-comp-alloy/p/4295031?color=5470373-4295031,html,2026-10-05
Specialized,Turbo Levo R [b2b6fdfe],Turbo Levo R Comp Alloy,,emtb,S4 - 29,S,,,,,,630,475,"{""Longitud de biela"": ""160mm"", ""Ancho de manillar"": ""800mm"", ""Longitud Potencia"": ""50mm"", ""Saddle Width"": ""143mm"", ""Longitud Tija Sillín"": ""170mm"", ""Stack"": ""630mm"", ""Reach"": ""475mm"", ""Longitud de Pipa"": ""125mm"", ""Ángulo de Pipa"": ""65°"", ""B-B Height (low BB)"": ""339mm"", ""Caída de pedalier"": ""36mm"", ""Avance Horquilla"": ""126mm"", ""Longitud de horquilla (total)"": ""550mm"", ""Avance/Retroceso Horquilla"": ""44mm"", ""Delante Centro"": ""801mm"", ""Chain-Stay Length"": ""447mm"", ""Distancia entre ejes"": ""1246mm"", ""Longitud Tubo Superior, (Horizontal)"": ""620mm"", ""Altura Tubo Superior Bici"": ""783mm"", ""Longitud Tubo Sillín"": ""425mm"", ""Ángulo Tubo Sillín"": ""77°"", ""Seat Post Max Insertion"": ""227mm"", ""Seat Post Min Insertion"": ""80mm"", ""Saddle Height for Effective ST Angle"": ""780mm""}",6499,false,https://www.specialized.com/es/es/turbo-levo-r-comp-alloy/p/4295031,https://www.specialized.com/es/es/turbo-levo-r-comp-alloy/p/4295031?color=5470373-4295031,html,2026-10-05
Specialized,Turbo Levo R [b2b6fdfe],Turbo Levo R Comp Alloy,,emtb,S5 - 29,S,,,,,,644,500,"{""Longitud de biela"": ""160mm"", ""Ancho de manillar"": ""800mm"", ""Longitud Potencia"": ""50mm"", ""Saddle Width"": ""143mm"", ""Longitud Tija Sillín"": ""200mm"", ""Stack"": ""644mm"", ""Reach"": ""500mm"", ""Longitud de Pipa"": ""140mm"", ""Ángulo de Pipa"": ""65°"", ""B-B Height (low BB)"": ""339mm"", ""Caída de pedalier"": ""36mm"", ""Avance Horquilla"": ""126mm"", ""Longitud de horquilla (total)"": ""550mm"", ""Avance/Retroceso Horquilla"": ""44mm"", ""Delante Centro"": ""833mm"", ""Chain-Stay Length"": ""447mm"", ""Distancia entre ejes"": ""1277mm"", ""Longitud Tubo Superior, (Horizontal)"": ""649mm"", ""Altura Tubo Superior Bici"": ""793mm"", ""Longitud Tubo Sillín"": ""445mm"", ""Ángulo Tubo Sillín"": ""77°"", ""Seat Post Max Insertion"": ""249mm"", ""Seat Post Min Insertion"": ""80mm"", ""Saddle Height for Effective ST Angle"": ""825mm""}",6499,false,https://www.specialized.com/es/es/turbo-levo-r-comp-alloy/p/4295031,https://www.specialized.com/es/es/turbo-levo-r-comp-alloy/p/4295031?color=5470373-4295031,html,2026-10-05
Specialized,Turbo Levo R [b2b6fdfe],Turbo Levo R Comp Alloy,,emtb,S6 - 29,S,,,,,,657,525,"{""Longitud de biela"": ""160mm"", ""Ancho de manillar"": ""800mm"", ""Longitud Potencia"": ""50mm"", ""Saddle Width"": ""143mm"", ""Longitud Tija Sillín"": ""200mm"", ""Stack"": ""657mm"", ""Reach"": ""525mm"", ""Longitud de Pipa"": ""155mm"", ""Ángulo de Pipa"": ""65°"", ""B-B Height (low BB)"": ""339mm"", ""Caída de pedalier"": ""36mm"", ""Avance Horquilla"": ""126mm"", ""Longitud de horquilla (total)"": ""550mm"", ""Avance/Retroceso Horquilla"": ""44mm"", ""Delante Centro"": ""863mm"", ""Chain-Stay Length"": ""447mm"", ""Distancia entre ejes"": ""1309mm"", ""Longitud Tubo Superior, (Horizontal)"": ""677mm"", ""Altura Tubo Superior Bici"": ""803mm"", ""Longitud Tubo Sillín"": ""465mm"", ""Ángulo Tubo Sillín"": ""77°"", ""Seat Post Max Insertion"": ""271mm"", ""Seat Post Min Insertion"": ""80mm"", ""Saddle Height for Effective ST Angle"": ""870mm""}",6499,false,https://www.specialized.com/es/es/turbo-levo-r-comp-alloy/p/4295031,https://www.specialized.com/es/es/turbo-levo-r-comp-alloy/p/4295031?color=5470373-4295031,html,2026-10-05
Specialized,Turbo Kenevo SL 2 [335601a2],Turbo Kenevo SL 2 Ohlins Coil,,emtb,S2,S,,,,,,618,435,"{""Longitud de biela"": ""165mm"", ""Ancho de manillar"": ""800mm"", ""Longitud Potencia"": ""40mm"", ""Saddle Width"": ""155mm"", ""Longitud Tija Sillín"": ""125mm"", ""Stack"": ""618mm"", ""Reach"": ""435mm"", ""Headtube Length"": ""105mm"", ""Headtube Angle"": ""63.5°"", ""Altura Pedalier"": ""350mm"", ""Caída Pedalier"": ""25mm"", ""Avance Horquilla"": ""136mm"", ""Longitud de horquilla (total)"": ""579mm"", ""Avance/Retroceso Horquilla"": ""46mm"", ""Delante Centro"": ""782mm"", ""Longitud de vaina"": ""447mm"", ""Distancia entre ejes"": ""1228mm"", ""Bike Standover Height"": ""792mm"", ""Long. Tubo de Sillín"": ""400mm"", ""Ángulo de Tubo de Sillín"": ""76°""}",7799,false,https://www.specialized.com/es/es/turbo-kenevo-sl-2-ohlins-coil/p/4221990,https://www.specialized.com/es/es/turbo-kenevo-sl-2-ohlins-coil/p/4221990?color=5401503-4221990,html,2026-10-05
Specialized,Turbo Kenevo SL 2 [335601a2],Turbo Kenevo SL 2 Ohlins Coil,,emtb,S3,S,,,,,,626,460,"{""Longitud de biela"": ""165mm"", ""Ancho de manillar"": ""800mm"", ""Longitud Potencia"": ""40mm"", ""Saddle Width"": ""143mm"", ""Longitud Tija Sillín"": ""160mm"", ""Stack"": ""626mm"", ""Reach"": ""460mm"", ""Headtube Length"": ""115mm"", ""Headtube Angle"": ""63.5°"", ""Altura Pedalier"": ""350mm"", ""Caída Pedalier"": ""25mm"", ""Avance Horquilla"": ""136mm"", ""Longitud de horquilla (total)"": ""579mm"", ""Avance/Retroceso Horquilla"": ""46mm"", ""Delante Centro"": ""812mm"", ""Longitud de vaina"": ""447.3mm"", ""Distancia entre ejes"": ""1258mm"", ""Bike Standover Height"": ""802mm"", ""Long. Tubo de Sillín"": ""420mm"", ""Ángulo de Tubo de Sillín"": ""76°""}",7799,false,https://www.specialized.com/es/es/turbo-kenevo-sl-2-ohlins-coil/p/4221990,https://www.specialized.com/es/es/turbo-kenevo-sl-2-ohlins-coil/p/4221990?color=5401503-4221990,html,2026-10-05
Specialized,Turbo Kenevo SL 2 [335601a2],Turbo Kenevo SL 2 Ohlins Coil,,emtb,S4,S,,,,,,635,485,"{""Longitud de biela"": ""170mm"", ""Ancho de manillar"": ""800mm"", ""Longitud Potencia"": ""40mm"", ""Saddle Width"": ""143mm"", ""Longitud Tija Sillín"": ""185mm"", ""Stack"": ""635mm"", ""Reach"": ""485mm"", ""Headtube Length"": ""125mm"", ""Headtube Angle"": ""63.5°"", ""Altura Pedalier"": ""350mm"", ""Caída Pedalier"": ""25mm"", ""Avance Horquilla"": ""136mm"", ""Longitud de horquilla (total)"": ""579mm"", ""Avance/Retroceso Horquilla"": ""46mm"", ""Delante Centro"": ""841mm"", ""Longitud de vaina"": ""447mm"", ""Distancia entre ejes"": ""1287mm"", ""Bike Standover Height"": ""779mm"", ""Long. Tubo de Sillín"": ""440mm"", ""Ángulo de Tubo de Sillín"": ""76°""}",7799,false,https://www.specialized.com/es/es/turbo-kenevo-sl-2-ohlins-coil/p/4221990,https://www.specialized.com/es/es/turbo-kenevo-sl-2-ohlins-coil/p/4221990?color=5401503-4221990,html,2026-10-05
Specialized,Turbo Kenevo SL 2 [335601a2],Turbo Kenevo SL 2 Ohlins Coil,,emtb,S5,S,,,,,,644,510,"{""Longitud de biela"": ""170mm"", ""Ancho de manillar"": ""800mm"", ""Longitud Potencia"": ""40mm"", ""Saddle Width"": ""143mm"", ""Longitud Tija Sillín"": ""213mm"", ""Stack"": ""644mm"", ""Reach"": ""510mm"", ""Headtube Length"": ""135mm"", ""Headtube Angle"": ""63.5°"", ""Altura Pedalier"": ""350mm"", ""Caída Pedalier"": ""25mm"", ""Avance Horquilla"": ""136mm"", ""Longitud de horquilla (total)"": ""579mm"", ""Avance/Retroceso Horquilla"": ""46mm"", ""Delante Centro"": ""871mm"", ""Longitud de vaina"": ""447mm"", ""Distancia entre ejes"": ""1316mm"", ""Bike Standover Height"": ""779mm"", ""Long. Tubo de Sillín"": ""465mm"", ""Ángulo de Tubo de Sillín"": ""76°""}",7799,false,https://www.specialized.com/es/es/turbo-kenevo-sl-2-ohlins-coil/p/4221990,https://www.specialized.com/es/es/turbo-kenevo-sl-2-ohlins-coil/p/4221990?color=5401503-4221990,html,2026-10-05
Specialized,Turbo Kenevo SL 2 [335601a2],Turbo Kenevo SL 2 Expert,,emtb,S2,S,,,,,,618,435,"{""Longitud de biela"": ""165mm"", ""Ancho de manillar"": ""780mm"", ""Longitud Potencia"": ""40mm"", ""Saddle Width"": ""155mm"", ""Longitud Tija Sillín"": ""125mm"", ""Stack"": ""618mm"", ""Reach"": ""435mm"", ""Headtube Length"": ""105mm"", ""Headtube Angle"": ""63.5°"", ""Altura Pedalier"": ""350mm"", ""Caída Pedalier"": ""25mm"", ""Avance Horquilla"": ""136mm"", ""Longitud de horquilla (total)"": ""579mm"", ""Avance/Retroceso Horquilla"": ""46mm"", ""Delante Centro"": ""782mm"", ""Longitud de vaina"": ""447mm"", ""Distancia entre ejes"": ""1228mm"", ""Bike Standover Height"": ""792mm"", ""Long. Tubo de Sillín"": ""400mm"", ""Ángulo de Tubo de Sillín"": ""76°"", ""Max Seatpost Insertion"": ""0mm"", ""Min Seatpost Insertion"": ""80mm""}",5999,false,https://www.specialized.com/es/es/turbo-kenevo-sl-2-expert/p/4221333,https://www.specialized.com/es/es/turbo-kenevo-sl-2-expert/p/4221333?color=5464586-4221333,html,2026-10-05
Specialized,Turbo Kenevo SL 2 [335601a2],Turbo Kenevo SL 2 Expert,,emtb,S3,S,,,,,,626,460,"{""Longitud de biela"": ""165mm"", ""Ancho de manillar"": ""800mm"", ""Longitud Potencia"": ""40mm"", ""Saddle Width"": ""143mm"", ""Longitud Tija Sillín"": ""150mm"", ""Stack"": ""626mm"", ""Reach"": ""460mm"", ""Headtube Length"": ""115mm"", ""Headtube Angle"": ""63.5°"", ""Altura Pedalier"": ""350mm"", ""Caída Pedalier"": ""25mm"", ""Avance Horquilla"": ""136mm"", ""Longitud de horquilla (total)"": ""579mm"", ""Avance/Retroceso Horquilla"": ""46mm"", ""Delante Centro"": ""812mm"", ""Longitud de vaina"": ""447.3mm"", ""Distancia entre ejes"": ""1258mm"", ""Bike Standover Height"": ""802mm"", ""Long. Tubo de Sillín"": ""420mm"", ""Ángulo de Tubo de Sillín"": ""76°"", ""Max Seatpost Insertion"": ""0mm"", ""Min Seatpost Insertion"": ""80mm""}",5999,false,https://www.specialized.com/es/es/turbo-kenevo-sl-2-expert/p/4221333,https://www.specialized.com/es/es/turbo-kenevo-sl-2-expert/p/4221333?color=5464586-4221333,html,2026-10-05
Specialized,Turbo Kenevo SL 2 [335601a2],Turbo Kenevo SL 2 Expert,,emtb,S4,S,,,,,,635,485,"{""Longitud de biela"": ""165mm"", ""Ancho de manillar"": ""800mm"", ""Longitud Potencia"": ""40mm"", ""Saddle Width"": ""143mm"", ""Longitud Tija Sillín"": ""175mm"", ""Stack"": ""635mm"", ""Reach"": ""485mm"", ""Headtube Length"": ""125mm"", ""Headtube Angle"": ""63.5°"", ""Altura Pedalier"": ""350mm"", ""Caída Pedalier"": ""25mm"", ""Avance Horquilla"": ""136mm"", ""Longitud de horquilla (total)"": ""579mm"", ""Avance/Retroceso Horquilla"": ""46mm"", ""Delante Centro"": ""841mm"", ""Longitud de vaina"": ""447mm"", ""Distancia entre ejes"": ""1287mm"", ""Bike Standover Height"": ""779mm"", ""Long. Tubo de Sillín"": ""440mm"", ""Ángulo de Tubo de Sillín"": ""76°"", ""Max Seatpost Insertion"": ""0mm"", ""Min Seatpost Insertion"": ""80mm""}",5999,false,https://www.specialized.com/es/es/turbo-kenevo-sl-2-expert/p/4221333,https://www.specialized.com/es/es/turbo-kenevo-sl-2-expert/p/4221333?color=5464586-4221333,html,2026-10-05
Specialized,Turbo Kenevo SL 2 [335601a2],Turbo Kenevo SL 2 Expert,,emtb,S5,S,,,,,,644,510,"{""Longitud de biela"": ""165mm"", ""Ancho de manillar"": ""800mm"", ""Longitud Potencia"": ""40mm"", ""Saddle Width"": ""143mm"", ""Longitud Tija Sillín"": ""200mm"", ""Stack"": ""644mm"", ""Reach"": ""510mm"", ""Headtube Length"": ""135mm"", ""Headtube Angle"": ""63.5°"", ""Altura Pedalier"": ""350mm"", ""Caída Pedalier"": ""25mm"", ""Avance Horquilla"": ""136mm"", ""Longitud de horquilla (total)"": ""579mm"", ""Avance/Retroceso Horquilla"": ""46mm"", ""Delante Centro"": ""871mm"", ""Longitud de vaina"": ""447mm"", ""Distancia entre ejes"": ""1316mm"", ""Bike Standover Height"": ""779mm"", ""Long. Tubo de Sillín"": ""465mm"", ""Ángulo de Tubo de Sillín"": ""76°"", ""Max Seatpost Insertion"": ""0mm"", ""Min Seatpost Insertion"": ""80mm""}",5999,false,https://www.specialized.com/es/es/turbo-kenevo-sl-2-expert/p/4221333,https://www.specialized.com/es/es/turbo-kenevo-sl-2-expert/p/4221333?color=5464586-4221333,html,2026-10-05
Specialized,Turbo Kenevo SL 2 [335601a2],Turbo Kenevo SL 2 Comp,,emtb,S2,S,,,,,,618,435,"{""Longitud de biela"": ""165mm"", ""Ancho de manillar"": ""780mm"", ""Longitud Potencia"": ""40mm"", ""Saddle Width"": ""155mm"", ""Longitud Tija Sillín"": ""125mm"", ""Stack"": ""618mm"", ""Reach"": ""435mm"", ""Headtube Length"": ""105mm"", ""Headtube Angle"": ""63.5°"", ""Altura Pedalier"": ""350mm"", ""Caída Pedalier"": ""25mm"", ""Avance Horquilla"": ""136mm"", ""Longitud de horquilla (total)"": ""579mm"", ""Avance/Retroceso Horquilla"": ""46mm"", ""Delante Centro"": ""782mm"", ""Longitud de vaina"": ""447mm"", ""Distancia entre ejes"": ""1228mm"", ""Bike Standover Height"": ""792mm"", ""Long. Tubo de Sillín"": ""400mm"", ""Ángulo de Tubo de Sillín"": ""76°"", ""Max Seatpost Insertion"": ""0mm"", ""Min Seatpost Insertion"": ""80mm""}",5199,false,https://www.specialized.com/es/es/turbo-kenevo-sl-2-comp/p/4221334,https://www.specialized.com/es/es/turbo-kenevo-sl-2-comp/p/4221334?color=5464597-4221334,html,2026-10-05
Specialized,Turbo Kenevo SL 2 [335601a2],Turbo Kenevo SL 2 Comp,,emtb,S3,S,,,,,,626,460,"{""Longitud de biela"": ""165mm"", ""Ancho de manillar"": ""800mm"", ""Longitud Potencia"": ""40mm"", ""Saddle Width"": ""143mm"", ""Longitud Tija Sillín"": ""150mm"", ""Stack"": ""626mm"", ""Reach"": ""460mm"", ""Headtube Length"": ""115mm"", ""Headtube Angle"": ""63.5°"", ""Altura Pedalier"": ""350mm"", ""Caída Pedalier"": ""25mm"", ""Avance Horquilla"": ""136mm"", ""Longitud de horquilla (total)"": ""579mm"", ""Avance/Retroceso Horquilla"": ""46mm"", ""Delante Centro"": ""812mm"", ""Longitud de vaina"": ""447.3mm"", ""Distancia entre ejes"": ""1258mm"", ""Bike Standover Height"": ""802mm"", ""Long. Tubo de Sillín"": ""420mm"", ""Ángulo de Tubo de Sillín"": ""76°"", ""Max Seatpost Insertion"": ""0mm"", ""Min Seatpost Insertion"": ""80mm""}",5199,false,https://www.specialized.com/es/es/turbo-kenevo-sl-2-comp/p/4221334,https://www.specialized.com/es/es/turbo-kenevo-sl-2-comp/p/4221334?color=5464597-4221334,html,2026-10-05
Specialized,Turbo Kenevo SL 2 [335601a2],Turbo Kenevo SL 2 Comp,,emtb,S4,S,,,,,,635,485,"{""Longitud de biela"": ""165mm"", ""Ancho de manillar"": ""800mm"", ""Longitud Potencia"": ""40mm"", ""Saddle Width"": ""143mm"", ""Longitud Tija Sillín"": ""170mm"", ""Stack"": ""635mm"", ""Reach"": ""485mm"", ""Headtube Length"": ""125mm"", ""Headtube Angle"": ""63.5°"", ""Altura Pedalier"": ""350mm"", ""Caída Pedalier"": ""25mm"", ""Avance Horquilla"": ""136mm"", ""Longitud de horquilla (total)"": ""579mm"", ""Avance/Retroceso Horquilla"": ""46mm"", ""Delante Centro"": ""841mm"", ""Longitud de vaina"": ""447mm"", ""Distancia entre ejes"": ""1287mm"", ""Bike Standover Height"": ""779mm"", ""Long. Tubo de Sillín"": ""440mm"", ""Ángulo de Tubo de Sillín"": ""76°"", ""Max Seatpost Insertion"": ""0mm"", ""Min Seatpost Insertion"": ""80mm""}",5199,false,https://www.specialized.com/es/es/turbo-kenevo-sl-2-comp/p/4221334,https://www.specialized.com/es/es/turbo-kenevo-sl-2-comp/p/4221334?color=5464597-4221334,html,2026-10-05
Specialized,Turbo Kenevo SL 2 [335601a2],Turbo Kenevo SL 2 Comp,,emtb,S5,S,,,,,,644,510,"{""Longitud de biela"": ""165mm"", ""Ancho de manillar"": ""800mm"", ""Longitud Potencia"": ""40mm"", ""Saddle Width"": ""143mm"", ""Longitud Tija Sillín"": ""170mm"", ""Stack"": ""644mm"", ""Reach"": ""510mm"", ""Headtube Length"": ""135mm"", ""Headtube Angle"": ""63.5°"", ""Altura Pedalier"": ""350mm"", ""Caída Pedalier"": ""25mm"", ""Avance Horquilla"": ""136mm"", ""Longitud de horquilla (total)"": ""579mm"", ""Avance/Retroceso Horquilla"": ""46mm"", ""Delante Centro"": ""871mm"", ""Longitud de vaina"": ""447mm"", ""Distancia entre ejes"": ""1316mm"", ""Bike Standover Height"": ""779mm"", ""Long. Tubo de Sillín"": ""465mm"", ""Ángulo de Tubo de Sillín"": ""76°"", ""Max Seatpost Insertion"": ""0mm"", ""Min Seatpost Insertion"": ""80mm""}",5199,false,https://www.specialized.com/es/es/turbo-kenevo-sl-2-comp/p/4221334,https://www.specialized.com/es/es/turbo-kenevo-sl-2-comp/p/4221334?color=5464597-4221334,html,2026-10-05
