brand,family,model,model_year,category,size_label,size_normalized,size_cm,height_min,height_max,height_original,height_unit,stack,reach,geometry_raw,price_eur,price_is_from,product_url,source_url,extraction_method,loaded_at
Trek,Madone [2fc29978],Madone SLR 9 AXS Gen 8 - No. 76 ICON,2027,carretera,XS,XS,,142,157,"143 - 158 cm 4'8"" - 5'2""",ft-in,507,370,"{""Dimensiones de la rueda"": ""700c"", ""A — Tubo del sillín"": ""40.4"", ""B — Ángulo del tubo del sillín"": ""73.8°"", ""C — Longitud del tubo de dirección"": ""10.0"", ""D — Ángulo de la dirección"": ""71.6°"", ""E — Tubo superior efectivo"": ""51.7"", ""G — Altura del eje de pedalier"": ""7.2"", ""H — Longitud de la vaina"": ""41.0"", ""I — Retroceso"": ""5.0"", ""J — Trail"": ""6.1"", ""K — Distancia entre ejes"": ""97.1"", ""L — Standover"": ""70.4"", ""Reach (cm)"": ""37.0"", ""Stack (cm)"": ""50.7"", ""Parte central delantera"": ""57.2"", ""Altura mínima del raíl del sillín (con tija corta)"": ""54.9"", ""Altura máxima del raíl del sillín (con tija corta)"": ""61.2"", ""Altura mínima del raíl del sillín (con tija larga)"": ""59.2"", ""Altura máxima del raíl del sillín (con tija larga)"": ""65.4""}",14399,false,https://www.trekbikes.com/es/es_ES/bicicletas/bicicletas-de-carretera/bicicletas-de-carretera-de-rendimiento/madone/madone-slr/madone-slr-9-axs-gen-8--no-76-icon/p/81696/,https://www.trekbikes.com/es/es_ES/bicicletas/bicicletas-de-carretera/bicicletas-de-carretera-de-rendimiento/madone/madone-slr/madone-slr-9-axs-gen-8--no-76-icon/p/81696/,html,2026-10-05
Trek,Madone [2fc29978],Madone SLR 9 AXS Gen 8 - No. 76 ICON,2027,carretera,S,S,,157,163,"158 - 162 cm 5'2"" - 5'4""",ft-in,530,378,"{""Dimensiones de la rueda"": ""700c"", ""A — Tubo del sillín"": ""44.0"", ""B — Ángulo del tubo del sillín"": ""73.8°"", ""C — Longitud del tubo de dirección"": ""12.1"", ""D — Ángulo de la dirección"": ""72.2°"", ""E — Tubo superior efectivo"": ""53.2"", ""G — Altura del eje de pedalier"": ""7.2"", ""H — Longitud de la vaina"": ""41.0"", ""I — Retroceso"": ""4.5"", ""J — Trail"": ""6.2"", ""K — Distancia entre ejes"": ""97.6"", ""L — Standover"": ""73.4"", ""Reach (cm)"": ""37.8"", ""Stack (cm)"": ""53.0"", ""Parte central delantera"": ""57.7"", ""Altura mínima del raíl del sillín (con tija corta)"": ""58.5"", ""Altura máxima del raíl del sillín (con tija corta)"": ""64.8"", ""Altura mínima del raíl del sillín (con tija larga)"": ""62.8"", ""Altura máxima del raíl del sillín (con tija larga)"": ""69.0""}",14399,false,https://www.trekbikes.com/es/es_ES/bicicletas/bicicletas-de-carretera/bicicletas-de-carretera-de-rendimiento/madone/madone-slr/madone-slr-9-axs-gen-8--no-76-icon/p/81696/,https://www.trekbikes.com/es/es_ES/bicicletas/bicicletas-de-carretera/bicicletas-de-carretera-de-rendimiento/madone/madone-slr/madone-slr-9-axs-gen-8--no-76-icon/p/81696/,html,2026-10-05
Trek,Madone [2fc29978],Madone SLR 9 AXS Gen 8 - No. 76 ICON,2027,carretera,M,M,,163,173,"162 - 173 cm 5'4"" - 5'8""",ft-in,546,384,"{""Dimensiones de la rueda"": ""700c"", ""A — Tubo del sillín"": ""47.6"", ""B — Ángulo del tubo del sillín"": ""73.6°"", ""C — Longitud del tubo de dirección"": ""13.6"", ""D — Ángulo de la dirección"": ""72.9°"", ""E — Tubo superior efectivo"": ""54.5"", ""G — Altura del eje de pedalier"": ""7.0"", ""H — Longitud de la vaina"": ""41.0"", ""I — Retroceso"": ""4.5"", ""J — Trail"": ""5.8"", ""K — Distancia entre ejes"": ""98.1"", ""L — Standover"": ""76.2"", ""Reach (cm)"": ""38.4"", ""Stack (cm)"": ""54.6"", ""Parte central delantera"": ""58.2"", ""Altura mínima del raíl del sillín (con tija corta)"": ""62.1"", ""Altura máxima del raíl del sillín (con tija corta)"": ""68.4"", ""Altura mínima del raíl del sillín (con tija larga)"": ""66.4"", ""Altura máxima del raíl del sillín (con tija larga)"": ""72.6""}",14399,false,https://www.trekbikes.com/es/es_ES/bicicletas/bicicletas-de-carretera/bicicletas-de-carretera-de-rendimiento/madone/madone-slr/madone-slr-9-axs-gen-8--no-76-icon/p/81696/,https://www.trekbikes.com/es/es_ES/bicicletas/bicicletas-de-carretera/bicicletas-de-carretera-de-rendimiento/madone/madone-slr/madone-slr-9-axs-gen-8--no-76-icon/p/81696/,html,2026-10-05
Trek,Madone [2fc29978],Madone SLR 9 AXS Gen 8 - No. 76 ICON,2027,carretera,ML,,,173,178,"173 - 179 cm 5'8"" - 5'10""",ft-in,562,389,"{""Dimensiones de la rueda"": ""700c"", ""A — Tubo del sillín"": ""51.2"", ""B — Ángulo del tubo del sillín"": ""73.4°"", ""C — Longitud del tubo de dirección"": ""15.0"", ""D — Ángulo de la dirección"": ""73.5°"", ""E — Tubo superior efectivo"": ""55.7"", ""G — Altura del eje de pedalier"": ""7.0"", ""H — Longitud de la vaina"": ""41.0"", ""I — Retroceso"": ""4.0"", ""J — Trail"": ""5.9"", ""K — Distancia entre ejes"": ""98.0"", ""L — Standover"": ""79.0"", ""Reach (cm)"": ""38.9"", ""Stack (cm)"": ""56.2"", ""Parte central delantera"": ""58.1"", ""Altura mínima del raíl del sillín (con tija corta)"": ""65.7"", ""Altura máxima del raíl del sillín (con tija corta)"": ""72.0"", ""Altura mínima del raíl del sillín (con tija larga)"": ""70.0"", ""Altura máxima del raíl del sillín (con tija larga)"": ""76.2""}",14399,false,https://www.trekbikes.com/es/es_ES/bicicletas/bicicletas-de-carretera/bicicletas-de-carretera-de-rendimiento/madone/madone-slr/madone-slr-9-axs-gen-8--no-76-icon/p/81696/,https://www.trekbikes.com/es/es_ES/bicicletas/bicicletas-de-carretera/bicicletas-de-carretera-de-rendimiento/madone/madone-slr/madone-slr-9-axs-gen-8--no-76-icon/p/81696/,html,2026-10-05
Trek,Madone [2fc29978],Madone SLR 9 AXS Gen 8 - No. 76 ICON,2027,carretera,L,L,,178,188,"179 - 188 cm 5'10"" - 6'2""",ft-in,582,394,"{""Dimensiones de la rueda"": ""700c"", ""A — Tubo del sillín"": ""54.8"", ""B — Ángulo del tubo del sillín"": ""73.4°"", ""C — Longitud del tubo de dirección"": ""17.2"", ""D — Ángulo de la dirección"": ""73.8°"", ""E — Tubo superior efectivo"": ""56.8"", ""G — Altura del eje de pedalier"": ""6.8"", ""H — Longitud de la vaina"": ""41.1"", ""I — Retroceso"": ""4.0"", ""J — Trail"": ""5.7"", ""K — Distancia entre ejes"": ""99.0"", ""L — Standover"": ""82.0"", ""Reach (cm)"": ""39.4"", ""Stack (cm)"": ""58.2"", ""Parte central delantera"": ""58.9"", ""Altura mínima del raíl del sillín (con tija corta)"": ""69.3"", ""Altura máxima del raíl del sillín (con tija corta)"": ""75.6"", ""Altura mínima del raíl del sillín (con tija larga)"": ""73.6"", ""Altura máxima del raíl del sillín (con tija larga)"": ""79.8""}",14399,false,https://www.trekbikes.com/es/es_ES/bicicletas/bicicletas-de-carretera/bicicletas-de-carretera-de-rendimiento/madone/madone-slr/madone-slr-9-axs-gen-8--no-76-icon/p/81696/,https://www.trekbikes.com/es/es_ES/bicicletas/bicicletas-de-carretera/bicicletas-de-carretera-de-rendimiento/madone/madone-slr/madone-slr-9-axs-gen-8--no-76-icon/p/81696/,html,2026-10-05
Trek,Madone [2fc29978],Madone SLR 9 AXS Gen 8 - No. 76 ICON,2027,carretera,XL,XL,,188,198,"188 - 199 cm 6'2"" - 6'6""",ft-in,610,402,"{""Dimensiones de la rueda"": ""700c"", ""A — Tubo del sillín"": ""60.9"", ""B — Ángulo del tubo del sillín"": ""73.4°"", ""C — Longitud del tubo de dirección"": ""20.1"", ""D — Ángulo de la dirección"": ""73.9°"", ""E — Tubo superior efectivo"": ""58.4"", ""G — Altura del eje de pedalier"": ""6.8"", ""H — Longitud de la vaina"": ""41.2"", ""I — Retroceso"": ""4.0"", ""J — Trail"": ""5.7"", ""K — Distancia entre ejes"": ""100.7"", ""L — Standover"": ""86.3"", ""Reach (cm)"": ""40.2"", ""Stack (cm)"": ""61.0"", ""Parte central delantera"": ""60.4"", ""Altura mínima del raíl del sillín (con tija corta)"": ""75.4"", ""Altura máxima del raíl del sillín (con tija corta)"": ""81.7"", ""Altura mínima del raíl del sillín (con tija larga)"": ""79.7"", ""Altura máxima del raíl del sillín (con tija larga)"": ""85.9""}",14399,false,https://www.trekbikes.com/es/es_ES/bicicletas/bicicletas-de-carretera/bicicletas-de-carretera-de-rendimiento/madone/madone-slr/madone-slr-9-axs-gen-8--no-76-icon/p/81696/,https://www.trekbikes.com/es/es_ES/bicicletas/bicicletas-de-carretera/bicicletas-de-carretera-de-rendimiento/madone/madone-slr/madone-slr-9-axs-gen-8--no-76-icon/p/81696/,html,2026-10-05
Trek,Madone [2fc29978],Madone SLR 9 AXS Gen 8 - La First 50 ICON,2027,carretera,XS,XS,,142,157,"143 - 158 cm 4'8"" - 5'2""",ft-in,507,370,"{""Dimensiones de la rueda"": ""700c"", ""A — Tubo del sillín"": ""40.4"", ""B — Ángulo del tubo del sillín"": ""73.8°"", ""C — Longitud del tubo de dirección"": ""10.0"", ""D — Ángulo de la dirección"": ""71.6°"", ""E — Tubo superior efectivo"": ""51.7"", ""G — Altura del eje de pedalier"": ""7.2"", ""H — Longitud de la vaina"": ""41.0"", ""I — Retroceso"": ""5.0"", ""J — Trail"": ""6.1"", ""K — Distancia entre ejes"": ""97.1"", ""L — Standover"": ""70.4"", ""Reach (cm)"": ""37.0"", ""Stack (cm)"": ""50.7"", ""Parte central delantera"": ""57.2"", ""Altura mínima del raíl del sillín (con tija corta)"": ""54.9"", ""Altura máxima del raíl del sillín (con tija corta)"": ""61.2"", ""Altura mínima del raíl del sillín (con tija larga)"": ""59.2"", ""Altura máxima del raíl del sillín (con tija larga)"": ""65.4""}",14399,false,https://www.trekbikes.com/es/es_ES/bicicletas/bicicletas-de-carretera/bicicletas-de-carretera-de-rendimiento/madone/madone-slr/madone-slr-9-axs-gen-8--la-first-50-icon/p/81617/,https://www.trekbikes.com/es/es_ES/bicicletas/bicicletas-de-carretera/bicicletas-de-carretera-de-rendimiento/madone/madone-slr/madone-slr-9-axs-gen-8--la-first-50-icon/p/81617/,html,2026-10-05
Trek,Madone [2fc29978],Madone SLR 9 AXS Gen 8 - La First 50 ICON,2027,carretera,S,S,,157,163,"158 - 162 cm 5'2"" - 5'4""",ft-in,530,378,"{""Dimensiones de la rueda"": ""700c"", ""A — Tubo del sillín"": ""44.0"", ""B — Ángulo del tubo del sillín"": ""73.8°"", ""C — Longitud del tubo de dirección"": ""12.1"", ""D — Ángulo de la dirección"": ""72.2°"", ""E — Tubo superior efectivo"": ""53.2"", ""G — Altura del eje de pedalier"": ""7.2"", ""H — Longitud de la vaina"": ""41.0"", ""I — Retroceso"": ""4.5"", ""J — Trail"": ""6.2"", ""K — Distancia entre ejes"": ""97.6"", ""L — Standover"": ""73.4"", ""Reach (cm)"": ""37.8"", ""Stack (cm)"": ""53.0"", ""Parte central delantera"": ""57.7"", ""Altura mínima del raíl del sillín (con tija corta)"": ""58.5"", ""Altura máxima del raíl del sillín (con tija corta)"": ""64.8"", ""Altura mínima del raíl del sillín (con tija larga)"": ""62.8"", ""Altura máxima del raíl del sillín (con tija larga)"": ""69.0""}",14399,false,https://www.trekbikes.com/es/es_ES/bicicletas/bicicletas-de-carretera/bicicletas-de-carretera-de-rendimiento/madone/madone-slr/madone-slr-9-axs-gen-8--la-first-50-icon/p/81617/,https://www.trekbikes.com/es/es_ES/bicicletas/bicicletas-de-carretera/bicicletas-de-carretera-de-rendimiento/madone/madone-slr/madone-slr-9-axs-gen-8--la-first-50-icon/p/81617/,html,2026-10-05
Trek,Madone [2fc29978],Madone SLR 9 AXS Gen 8 - La First 50 ICON,2027,carretera,M,M,,163,173,"162 - 173 cm 5'4"" - 5'8""",ft-in,546,384,"{""Dimensiones de la rueda"": ""700c"", ""A — Tubo del sillín"": ""47.6"", ""B — Ángulo del tubo del sillín"": ""73.6°"", ""C — Longitud del tubo de dirección"": ""13.6"", ""D — Ángulo de la dirección"": ""72.9°"", ""E — Tubo superior efectivo"": ""54.5"", ""G — Altura del eje de pedalier"": ""7.0"", ""H — Longitud de la vaina"": ""41.0"", ""I — Retroceso"": ""4.5"", ""J — Trail"": ""5.8"", ""K — Distancia entre ejes"": ""98.1"", ""L — Standover"": ""76.2"", ""Reach (cm)"": ""38.4"", ""Stack (cm)"": ""54.6"", ""Parte central delantera"": ""58.2"", ""Altura mínima del raíl del sillín (con tija corta)"": ""62.1"", ""Altura máxima del raíl del sillín (con tija corta)"": ""68.4"", ""Altura mínima del raíl del sillín (con tija larga)"": ""66.4"", ""Altura máxima del raíl del sillín (con tija larga)"": ""72.6""}",14399,false,https://www.trekbikes.com/es/es_ES/bicicletas/bicicletas-de-carretera/bicicletas-de-carretera-de-rendimiento/madone/madone-slr/madone-slr-9-axs-gen-8--la-first-50-icon/p/81617/,https://www.trekbikes.com/es/es_ES/bicicletas/bicicletas-de-carretera/bicicletas-de-carretera-de-rendimiento/madone/madone-slr/madone-slr-9-axs-gen-8--la-first-50-icon/p/81617/,html,2026-10-05
Trek,Madone [2fc29978],Madone SLR 9 AXS Gen 8 - La First 50 ICON,2027,carretera,ML,,,173,178,"173 - 179 cm 5'8"" - 5'10""",ft-in,562,389,"{""Dimensiones de la rueda"": ""700c"", ""A — Tubo del sillín"": ""51.2"", ""B — Ángulo del tubo del sillín"": ""73.4°"", ""C — Longitud del tubo de dirección"": ""15.0"", ""D — Ángulo de la dirección"": ""73.5°"", ""E — Tubo superior efectivo"": ""55.7"", ""G — Altura del eje de pedalier"": ""7.0"", ""H — Longitud de la vaina"": ""41.0"", ""I — Retroceso"": ""4.0"", ""J — Trail"": ""5.9"", ""K — Distancia entre ejes"": ""98.0"", ""L — Standover"": ""79.0"", ""Reach (cm)"": ""38.9"", ""Stack (cm)"": ""56.2"", ""Parte central delantera"": ""58.1"", ""Altura mínima del raíl del sillín (con tija corta)"": ""65.7"", ""Altura máxima del raíl del sillín (con tija corta)"": ""72.0"", ""Altura mínima del raíl del sillín (con tija larga)"": ""70.0"", ""Altura máxima del raíl del sillín (con tija larga)"": ""76.2""}",14399,false,https://www.trekbikes.com/es/es_ES/bicicletas/bicicletas-de-carretera/bicicletas-de-carretera-de-rendimiento/madone/madone-slr/madone-slr-9-axs-gen-8--la-first-50-icon/p/81617/,https://www.trekbikes.com/es/es_ES/bicicletas/bicicletas-de-carretera/bicicletas-de-carretera-de-rendimiento/madone/madone-slr/madone-slr-9-axs-gen-8--la-first-50-icon/p/81617/,html,2026-10-05
Trek,Madone [2fc29978],Madone SLR 9 AXS Gen 8 - La First 50 ICON,2027,carretera,L,L,,178,188,"179 - 188 cm 5'10"" - 6'2""",ft-in,582,394,"{""Dimensiones de la rueda"": ""700c"", ""A — Tubo del sillín"": ""54.8"", ""B — Ángulo del tubo del sillín"": ""73.4°"", ""C — Longitud del tubo de dirección"": ""17.2"", ""D — Ángulo de la dirección"": ""73.8°"", ""E — Tubo superior efectivo"": ""56.8"", ""G — Altura del eje de pedalier"": ""6.8"", ""H — Longitud de la vaina"": ""41.1"", ""I — Retroceso"": ""4.0"", ""J — Trail"": ""5.7"", ""K — Distancia entre ejes"": ""99.0"", ""L — Standover"": ""82.0"", ""Reach (cm)"": ""39.4"", ""Stack (cm)"": ""58.2"", ""Parte central delantera"": ""58.9"", ""Altura mínima del raíl del sillín (con tija corta)"": ""69.3"", ""Altura máxima del raíl del sillín (con tija corta)"": ""75.6"", ""Altura mínima del raíl del sillín (con tija larga)"": ""73.6"", ""Altura máxima del raíl del sillín (con tija larga)"": ""79.8""}",14399,false,https://www.trekbikes.com/es/es_ES/bicicletas/bicicletas-de-carretera/bicicletas-de-carretera-de-rendimiento/madone/madone-slr/madone-slr-9-axs-gen-8--la-first-50-icon/p/81617/,https://www.trekbikes.com/es/es_ES/bicicletas/bicicletas-de-carretera/bicicletas-de-carretera-de-rendimiento/madone/madone-slr/madone-slr-9-axs-gen-8--la-first-50-icon/p/81617/,html,2026-10-05
Trek,Madone [2fc29978],Madone SLR 9 AXS Gen 8 - La First 50 ICON,2027,carretera,XL,XL,,188,198,"188 - 199 cm 6'2"" - 6'6""",ft-in,610,402,"{""Dimensiones de la rueda"": ""700c"", ""A — Tubo del sillín"": ""60.9"", ""B — Ángulo del tubo del sillín"": ""73.4°"", ""C — Longitud del tubo de dirección"": ""20.1"", ""D — Ángulo de la dirección"": ""73.9°"", ""E — Tubo superior efectivo"": ""58.4"", ""G — Altura del eje de pedalier"": ""6.8"", ""H — Longitud de la vaina"": ""41.2"", ""I — Retroceso"": ""4.0"", ""J — Trail"": ""5.7"", ""K — Distancia entre ejes"": ""100.7"", ""L — Standover"": ""86.3"", ""Reach (cm)"": ""40.2"", ""Stack (cm)"": ""61.0"", ""Parte central delantera"": ""60.4"", ""Altura mínima del raíl del sillín (con tija corta)"": ""75.4"", ""Altura máxima del raíl del sillín (con tija corta)"": ""81.7"", ""Altura mínima del raíl del sillín (con tija larga)"": ""79.7"", ""Altura máxima del raíl del sillín (con tija larga)"": ""85.9""}",14399,false,https://www.trekbikes.com/es/es_ES/bicicletas/bicicletas-de-carretera/bicicletas-de-carretera-de-rendimiento/madone/madone-slr/madone-slr-9-axs-gen-8--la-first-50-icon/p/81617/,https://www.trekbikes.com/es/es_ES/bicicletas/bicicletas-de-carretera/bicicletas-de-carretera-de-rendimiento/madone/madone-slr/madone-slr-9-axs-gen-8--la-first-50-icon/p/81617/,html,2026-10-05
Trek,Madone [2fc29978],Madone SL 7 Gen 8 - La First 50 Replica,2027,carretera,XS,XS,,142,157,"143 - 158 cm 4'8"" - 5'2""",ft-in,507,370,"{""Dimensiones de la rueda"": ""700c"", ""A — Tubo del sillín"": ""40.4"", ""B — Ángulo del tubo del sillín"": ""73.8°"", ""C — Longitud del tubo de dirección"": ""10.0"", ""D — Ángulo de la dirección"": ""71.6°"", ""E — Tubo superior efectivo"": ""51.7"", ""G — Altura del eje de pedalier"": ""7.2"", ""H — Longitud de la vaina"": ""41.0"", ""I — Retroceso"": ""5.0"", ""J — Trail"": ""6.1"", ""K — Distancia entre ejes"": ""97.1"", ""L — Standover"": ""70.4"", ""Reach (cm)"": ""37.0"", ""Stack (cm)"": ""50.7"", ""Parte central delantera"": ""57.2"", ""Altura mínima del raíl del sillín (con tija corta)"": ""54.9"", ""Altura máxima del raíl del sillín (con tija corta)"": ""61.2"", ""Altura mínima del raíl del sillín (con tija larga)"": ""59.2"", ""Altura máxima del raíl del sillín (con tija larga)"": ""65.4""}",5599,false,https://www.trekbikes.com/es/es_ES/bicicletas/bicicletas-de-carretera/bicicletas-de-carretera-de-rendimiento/madone/madone-sl/madone-sl-7-gen-8--la-first-50-replica/p/81695/,https://www.trekbikes.com/es/es_ES/bicicletas/bicicletas-de-carretera/bicicletas-de-carretera-de-rendimiento/madone/madone-sl/madone-sl-7-gen-8--la-first-50-replica/p/81695/,html,2026-10-05
Trek,Madone [2fc29978],Madone SL 7 Gen 8 - La First 50 Replica,2027,carretera,S,S,,157,163,"158 - 162 cm 5'2"" - 5'4""",ft-in,530,378,"{""Dimensiones de la rueda"": ""700c"", ""A — Tubo del sillín"": ""44.0"", ""B — Ángulo del tubo del sillín"": ""73.8°"", ""C — Longitud del tubo de dirección"": ""12.1"", ""D — Ángulo de la dirección"": ""72.2°"", ""E — Tubo superior efectivo"": ""53.2"", ""G — Altura del eje de pedalier"": ""7.2"", ""H — Longitud de la vaina"": ""41.0"", ""I — Retroceso"": ""4.5"", ""J — Trail"": ""6.2"", ""K — Distancia entre ejes"": ""97.6"", ""L — Standover"": ""73.4"", ""Reach (cm)"": ""37.8"", ""Stack (cm)"": ""53.0"", ""Parte central delantera"": ""57.7"", ""Altura mínima del raíl del sillín (con tija corta)"": ""58.5"", ""Altura máxima del raíl del sillín (con tija corta)"": ""64.8"", ""Altura mínima del raíl del sillín (con tija larga)"": ""62.8"", ""Altura máxima del raíl del sillín (con tija larga)"": ""69.0""}",5599,false,https://www.trekbikes.com/es/es_ES/bicicletas/bicicletas-de-carretera/bicicletas-de-carretera-de-rendimiento/madone/madone-sl/madone-sl-7-gen-8--la-first-50-replica/p/81695/,https://www.trekbikes.com/es/es_ES/bicicletas/bicicletas-de-carretera/bicicletas-de-carretera-de-rendimiento/madone/madone-sl/madone-sl-7-gen-8--la-first-50-replica/p/81695/,html,2026-10-05
Trek,Madone [2fc29978],Madone SL 7 Gen 8 - La First 50 Replica,2027,carretera,M,M,,163,173,"162 - 173 cm 5'4"" - 5'8""",ft-in,546,384,"{""Dimensiones de la rueda"": ""700c"", ""A — Tubo del sillín"": ""47.6"", ""B — Ángulo del tubo del sillín"": ""73.6°"", ""C — Longitud del tubo de dirección"": ""13.6"", ""D — Ángulo de la dirección"": ""72.9°"", ""E — Tubo superior efectivo"": ""54.5"", ""G — Altura del eje de pedalier"": ""7.0"", ""H — Longitud de la vaina"": ""41.0"", ""I — Retroceso"": ""4.5"", ""J — Trail"": ""5.8"", ""K — Distancia entre ejes"": ""98.1"", ""L — Standover"": ""76.2"", ""Reach (cm)"": ""38.4"", ""Stack (cm)"": ""54.6"", ""Parte central delantera"": ""58.2"", ""Altura mínima del raíl del sillín (con tija corta)"": ""62.1"", ""Altura máxima del raíl del sillín (con tija corta)"": ""68.4"", ""Altura mínima del raíl del sillín (con tija larga)"": ""66.4"", ""Altura máxima del raíl del sillín (con tija larga)"": ""72.6""}",5599,false,https://www.trekbikes.com/es/es_ES/bicicletas/bicicletas-de-carretera/bicicletas-de-carretera-de-rendimiento/madone/madone-sl/madone-sl-7-gen-8--la-first-50-replica/p/81695/,https://www.trekbikes.com/es/es_ES/bicicletas/bicicletas-de-carretera/bicicletas-de-carretera-de-rendimiento/madone/madone-sl/madone-sl-7-gen-8--la-first-50-replica/p/81695/,html,2026-10-05
Trek,Madone [2fc29978],Madone SL 7 Gen 8 - La First 50 Replica,2027,carretera,ML,,,173,178,"173 - 179 cm 5'8"" - 5'10""",ft-in,562,389,"{""Dimensiones de la rueda"": ""700c"", ""A — Tubo del sillín"": ""51.2"", ""B — Ángulo del tubo del sillín"": ""73.4°"", ""C — Longitud del tubo de dirección"": ""15.0"", ""D — Ángulo de la dirección"": ""73.5°"", ""E — Tubo superior efectivo"": ""55.7"", ""G — Altura del eje de pedalier"": ""7.0"", ""H — Longitud de la vaina"": ""41.0"", ""I — Retroceso"": ""4.0"", ""J — Trail"": ""5.9"", ""K — Distancia entre ejes"": ""98.0"", ""L — Standover"": ""79.0"", ""Reach (cm)"": ""38.9"", ""Stack (cm)"": ""56.2"", ""Parte central delantera"": ""58.1"", ""Altura mínima del raíl del sillín (con tija corta)"": ""65.7"", ""Altura máxima del raíl del sillín (con tija corta)"": ""72.0"", ""Altura mínima del raíl del sillín (con tija larga)"": ""70.0"", ""Altura máxima del raíl del sillín (con tija larga)"": ""76.2""}",5599,false,https://www.trekbikes.com/es/es_ES/bicicletas/bicicletas-de-carretera/bicicletas-de-carretera-de-rendimiento/madone/madone-sl/madone-sl-7-gen-8--la-first-50-replica/p/81695/,https://www.trekbikes.com/es/es_ES/bicicletas/bicicletas-de-carretera/bicicletas-de-carretera-de-rendimiento/madone/madone-sl/madone-sl-7-gen-8--la-first-50-replica/p/81695/,html,2026-10-05
Trek,Madone [2fc29978],Madone SL 7 Gen 8 - La First 50 Replica,2027,carretera,L,L,,178,188,"179 - 188 cm 5'10"" - 6'2""",ft-in,582,394,"{""Dimensiones de la rueda"": ""700c"", ""A — Tubo del sillín"": ""54.8"", ""B — Ángulo del tubo del sillín"": ""73.4°"", ""C — Longitud del tubo de dirección"": ""17.2"", ""D — Ángulo de la dirección"": ""73.8°"", ""E — Tubo superior efectivo"": ""56.8"", ""G — Altura del eje de pedalier"": ""6.8"", ""H — Longitud de la vaina"": ""41.1"", ""I — Retroceso"": ""4.0"", ""J — Trail"": ""5.7"", ""K — Distancia entre ejes"": ""99.0"", ""L — Standover"": ""82.0"", ""Reach (cm)"": ""39.4"", ""Stack (cm)"": ""58.2"", ""Parte central delantera"": ""58.9"", ""Altura mínima del raíl del sillín (con tija corta)"": ""69.3"", ""Altura máxima del raíl del sillín (con tija corta)"": ""75.6"", ""Altura mínima del raíl del sillín (con tija larga)"": ""73.6"", ""Altura máxima del raíl del sillín (con tija larga)"": ""79.8""}",5599,false,https://www.trekbikes.com/es/es_ES/bicicletas/bicicletas-de-carretera/bicicletas-de-carretera-de-rendimiento/madone/madone-sl/madone-sl-7-gen-8--la-first-50-replica/p/81695/,https://www.trekbikes.com/es/es_ES/bicicletas/bicicletas-de-carretera/bicicletas-de-carretera-de-rendimiento/madone/madone-sl/madone-sl-7-gen-8--la-first-50-replica/p/81695/,html,2026-10-05
Trek,Madone [2fc29978],Madone SL 7 Gen 8 - La First 50 Replica,2027,carretera,XL,XL,,188,198,"188 - 199 cm 6'2"" - 6'6""",ft-in,610,402,"{""Dimensiones de la rueda"": ""700c"", ""A — Tubo del sillín"": ""60.9"", ""B — Ángulo del tubo del sillín"": ""73.4°"", ""C — Longitud del tubo de dirección"": ""20.1"", ""D — Ángulo de la dirección"": ""73.9°"", ""E — Tubo superior efectivo"": ""58.4"", ""G — Altura del eje de pedalier"": ""6.8"", ""H — Longitud de la vaina"": ""41.2"", ""I — Retroceso"": ""4.0"", ""J — Trail"": ""5.7"", ""K — Distancia entre ejes"": ""100.7"", ""L — Standover"": ""86.3"", ""Reach (cm)"": ""40.2"", ""Stack (cm)"": ""61.0"", ""Parte central delantera"": ""60.4"", ""Altura mínima del raíl del sillín (con tija corta)"": ""75.4"", ""Altura máxima del raíl del sillín (con tija corta)"": ""81.7"", ""Altura mínima del raíl del sillín (con tija larga)"": ""79.7"", ""Altura máxima del raíl del sillín (con tija larga)"": ""85.9""}",5599,false,https://www.trekbikes.com/es/es_ES/bicicletas/bicicletas-de-carretera/bicicletas-de-carretera-de-rendimiento/madone/madone-sl/madone-sl-7-gen-8--la-first-50-replica/p/81695/,https://www.trekbikes.com/es/es_ES/bicicletas/bicicletas-de-carretera/bicicletas-de-carretera-de-rendimiento/madone/madone-sl/madone-sl-7-gen-8--la-first-50-replica/p/81695/,html,2026-10-05
Trek,Madone [2fc29978],Madone SL 5 Pro Gen 8,2027,carretera,XS,XS,,142,157,"143 - 158 cm 4'8"" - 5'2""",ft-in,507,370,"{""Dimensiones de la rueda"": ""700c"", ""A — Tubo del sillín"": ""40.4"", ""B — Ángulo del tubo del sillín"": ""73.8°"", ""C — Longitud del tubo de dirección"": ""10.0"", ""D — Ángulo de la dirección"": ""71.6°"", ""E — Tubo superior efectivo"": ""51.7"", ""G — Altura del eje de pedalier"": ""7.2"", ""H — Longitud de la vaina"": ""41.0"", ""I — Retroceso"": ""5.0"", ""J — Trail"": ""6.1"", ""K — Distancia entre ejes"": ""97.1"", ""L — Standover"": ""70.4"", ""Reach (cm)"": ""37.0"", ""Stack (cm)"": ""50.7"", ""Parte central delantera"": ""57.2"", ""Altura mínima del raíl del sillín (con tija corta)"": ""54.9"", ""Altura máxima del raíl del sillín (con tija corta)"": ""61.2"", ""Altura mínima del raíl del sillín (con tija larga)"": ""59.2"", ""Altura máxima del raíl del sillín (con tija larga)"": ""65.4""}",3299,false,https://www.trekbikes.com/es/es_ES/bicicletas/bicicletas-de-carretera/bicicletas-de-carretera-de-rendimiento/madone/madone-sl/madone-sl-5-pro-gen-8/p/92145/,https://www.trekbikes.com/es/es_ES/bicicletas/bicicletas-de-carretera/bicicletas-de-carretera-de-rendimiento/madone/f/F213/madone-sl-5-pro-gen-8/92145/5357579,html,2026-10-05
Trek,Madone [2fc29978],Madone SL 5 Pro Gen 8,2027,carretera,S,S,,157,163,"158 - 162 cm 5'2"" - 5'4""",ft-in,530,378,"{""Dimensiones de la rueda"": ""700c"", ""A — Tubo del sillín"": ""44.0"", ""B — Ángulo del tubo del sillín"": ""73.8°"", ""C — Longitud del tubo de dirección"": ""12.1"", ""D — Ángulo de la dirección"": ""72.2°"", ""E — Tubo superior efectivo"": ""53.2"", ""G — Altura del eje de pedalier"": ""7.2"", ""H — Longitud de la vaina"": ""41.0"", ""I — Retroceso"": ""4.5"", ""J — Trail"": ""6.2"", ""K — Distancia entre ejes"": ""97.6"", ""L — Standover"": ""73.4"", ""Reach (cm)"": ""37.8"", ""Stack (cm)"": ""53.0"", ""Parte central delantera"": ""57.7"", ""Altura mínima del raíl del sillín (con tija corta)"": ""58.5"", ""Altura máxima del raíl del sillín (con tija corta)"": ""64.8"", ""Altura mínima del raíl del sillín (con tija larga)"": ""62.8"", ""Altura máxima del raíl del sillín (con tija larga)"": ""69.0""}",3299,false,https://www.trekbikes.com/es/es_ES/bicicletas/bicicletas-de-carretera/bicicletas-de-carretera-de-rendimiento/madone/madone-sl/madone-sl-5-pro-gen-8/p/92145/,https://www.trekbikes.com/es/es_ES/bicicletas/bicicletas-de-carretera/bicicletas-de-carretera-de-rendimiento/madone/f/F213/madone-sl-5-pro-gen-8/92145/5357579,html,2026-10-05
Trek,Madone [2fc29978],Madone SL 5 Pro Gen 8,2027,carretera,M,M,,163,173,"162 - 173 cm 5'4"" - 5'8""",ft-in,546,384,"{""Dimensiones de la rueda"": ""700c"", ""A — Tubo del sillín"": ""47.6"", ""B — Ángulo del tubo del sillín"": ""73.6°"", ""C — Longitud del tubo de dirección"": ""13.6"", ""D — Ángulo de la dirección"": ""72.9°"", ""E — Tubo superior efectivo"": ""54.5"", ""G — Altura del eje de pedalier"": ""7.0"", ""H — Longitud de la vaina"": ""41.0"", ""I — Retroceso"": ""4.5"", ""J — Trail"": ""5.8"", ""K — Distancia entre ejes"": ""98.1"", ""L — Standover"": ""76.2"", ""Reach (cm)"": ""38.4"", ""Stack (cm)"": ""54.6"", ""Parte central delantera"": ""58.2"", ""Altura mínima del raíl del sillín (con tija corta)"": ""62.1"", ""Altura máxima del raíl del sillín (con tija corta)"": ""68.4"", ""Altura mínima del raíl del sillín (con tija larga)"": ""66.4"", ""Altura máxima del raíl del sillín (con tija larga)"": ""72.6""}",3299,false,https://www.trekbikes.com/es/es_ES/bicicletas/bicicletas-de-carretera/bicicletas-de-carretera-de-rendimiento/madone/madone-sl/madone-sl-5-pro-gen-8/p/92145/,https://www.trekbikes.com/es/es_ES/bicicletas/bicicletas-de-carretera/bicicletas-de-carretera-de-rendimiento/madone/f/F213/madone-sl-5-pro-gen-8/92145/5357579,html,2026-10-05
Trek,Madone [2fc29978],Madone SL 5 Pro Gen 8,2027,carretera,ML,,,173,178,"173 - 179 cm 5'8"" - 5'10""",ft-in,562,389,"{""Dimensiones de la rueda"": ""700c"", ""A — Tubo del sillín"": ""51.2"", ""B — Ángulo del tubo del sillín"": ""73.4°"", ""C — Longitud del tubo de dirección"": ""15.0"", ""D — Ángulo de la dirección"": ""73.5°"", ""E — Tubo superior efectivo"": ""55.7"", ""G — Altura del eje de pedalier"": ""7.0"", ""H — Longitud de la vaina"": ""41.0"", ""I — Retroceso"": ""4.0"", ""J — Trail"": ""5.9"", ""K — Distancia entre ejes"": ""98.0"", ""L — Standover"": ""79.0"", ""Reach (cm)"": ""38.9"", ""Stack (cm)"": ""56.2"", ""Parte central delantera"": ""58.1"", ""Altura mínima del raíl del sillín (con tija corta)"": ""65.7"", ""Altura máxima del raíl del sillín (con tija corta)"": ""72.0"", ""Altura mínima del raíl del sillín (con tija larga)"": ""70.0"", ""Altura máxima del raíl del sillín (con tija larga)"": ""76.2""}",3299,false,https://www.trekbikes.com/es/es_ES/bicicletas/bicicletas-de-carretera/bicicletas-de-carretera-de-rendimiento/madone/madone-sl/madone-sl-5-pro-gen-8/p/92145/,https://www.trekbikes.com/es/es_ES/bicicletas/bicicletas-de-carretera/bicicletas-de-carretera-de-rendimiento/madone/f/F213/madone-sl-5-pro-gen-8/92145/5357579,html,2026-10-05
Trek,Madone [2fc29978],Madone SL 5 Pro Gen 8,2027,carretera,L,L,,178,188,"179 - 188 cm 5'10"" - 6'2""",ft-in,582,394,"{""Dimensiones de la rueda"": ""700c"", ""A — Tubo del sillín"": ""54.8"", ""B — Ángulo del tubo del sillín"": ""73.4°"", ""C — Longitud del tubo de dirección"": ""17.2"", ""D — Ángulo de la dirección"": ""73.8°"", ""E — Tubo superior efectivo"": ""56.8"", ""G — Altura del eje de pedalier"": ""6.8"", ""H — Longitud de la vaina"": ""41.1"", ""I — Retroceso"": ""4.0"", ""J — Trail"": ""5.7"", ""K — Distancia entre ejes"": ""99.0"", ""L — Standover"": ""82.0"", ""Reach (cm)"": ""39.4"", ""Stack (cm)"": ""58.2"", ""Parte central delantera"": ""58.9"", ""Altura mínima del raíl del sillín (con tija corta)"": ""69.3"", ""Altura máxima del raíl del sillín (con tija corta)"": ""75.6"", ""Altura mínima del raíl del sillín (con tija larga)"": ""73.6"", ""Altura máxima del raíl del sillín (con tija larga)"": ""79.8""}",3299,false,https://www.trekbikes.com/es/es_ES/bicicletas/bicicletas-de-carretera/bicicletas-de-carretera-de-rendimiento/madone/madone-sl/madone-sl-5-pro-gen-8/p/92145/,https://www.trekbikes.com/es/es_ES/bicicletas/bicicletas-de-carretera/bicicletas-de-carretera-de-rendimiento/madone/f/F213/madone-sl-5-pro-gen-8/92145/5357579,html,2026-10-05
Trek,Madone [2fc29978],Madone SL 5 Pro Gen 8,2027,carretera,XL,XL,,188,198,"188 - 199 cm 6'2"" - 6'6""",ft-in,610,402,"{""Dimensiones de la rueda"": ""700c"", ""A — Tubo del sillín"": ""60.9"", ""B — Ángulo del tubo del sillín"": ""73.4°"", ""C — Longitud del tubo de dirección"": ""20.1"", ""D — Ángulo de la dirección"": ""73.9°"", ""E — Tubo superior efectivo"": ""58.4"", ""G — Altura del eje de pedalier"": ""6.8"", ""H — Longitud de la vaina"": ""41.2"", ""I — Retroceso"": ""4.0"", ""J — Trail"": ""5.7"", ""K — Distancia entre ejes"": ""100.7"", ""L — Standover"": ""86.3"", ""Reach (cm)"": ""40.2"", ""Stack (cm)"": ""61.0"", ""Parte central delantera"": ""60.4"", ""Altura mínima del raíl del sillín (con tija corta)"": ""75.4"", ""Altura máxima del raíl del sillín (con tija corta)"": ""81.7"", ""Altura mínima del raíl del sillín (con tija larga)"": ""79.7"", ""Altura máxima del raíl del sillín (con tija larga)"": ""85.9""}",3299,false,https://www.trekbikes.com/es/es_ES/bicicletas/bicicletas-de-carretera/bicicletas-de-carretera-de-rendimiento/madone/madone-sl/madone-sl-5-pro-gen-8/p/92145/,https://www.trekbikes.com/es/es_ES/bicicletas/bicicletas-de-carretera/bicicletas-de-carretera-de-rendimiento/madone/f/F213/madone-sl-5-pro-gen-8/92145/5357579,html,2026-10-05
Trek,Madone [2fc29978],Madone SLR 9 AXS Gen 8,2025,carretera,XS,XS,,142,157,"143 - 158 cm 4'8"" - 5'2""",ft-in,507,370,"{""Dimensiones de la rueda"": ""700c"", ""A — Tubo del sillín"": ""40.4"", ""B — Ángulo del tubo del sillín"": ""73.8°"", ""C — Longitud del tubo de dirección"": ""10.0"", ""D — Ángulo de la dirección"": ""71.6°"", ""E — Tubo superior efectivo"": ""51.7"", ""G — Altura del eje de pedalier"": ""7.2"", ""H — Longitud de la vaina"": ""41.0"", ""I — Retroceso"": ""5.0"", ""J — Trail"": ""6.1"", ""K — Distancia entre ejes"": ""97.1"", ""L — Standover"": ""70.4"", ""Reach (cm)"": ""37.0"", ""Stack (cm)"": ""50.7"", ""Parte central delantera"": ""57.2"", ""Altura mínima del raíl del sillín (con tija corta)"": ""54.9"", ""Altura máxima del raíl del sillín (con tija corta)"": ""61.2"", ""Altura mínima del raíl del sillín (con tija larga)"": ""59.2"", ""Altura máxima del raíl del sillín (con tija larga)"": ""65.4""}",11999,false,https://www.trekbikes.com/es/es_ES/bicicletas/bicicletas-de-carretera/bicicletas-de-carretera-de-rendimiento/madone/madone-slr/madone-slr-9-axs-gen-8/p/46151/,https://www.trekbikes.com/es/es_ES/bicicletas/bicicletas-de-carretera/bicicletas-de-carretera-de-rendimiento/madone/f/F213/madone-slr-9-axs-gen-8/46151/5339386,html,2026-10-05
Trek,Madone [2fc29978],Madone SLR 9 AXS Gen 8,2025,carretera,S,S,,157,163,"158 - 162 cm 5'2"" - 5'4""",ft-in,530,378,"{""Dimensiones de la rueda"": ""700c"", ""A — Tubo del sillín"": ""44.0"", ""B — Ángulo del tubo del sillín"": ""73.8°"", ""C — Longitud del tubo de dirección"": ""12.1"", ""D — Ángulo de la dirección"": ""72.2°"", ""E — Tubo superior efectivo"": ""53.2"", ""G — Altura del eje de pedalier"": ""7.2"", ""H — Longitud de la vaina"": ""41.0"", ""I — Retroceso"": ""4.5"", ""J — Trail"": ""6.2"", ""K — Distancia entre ejes"": ""97.6"", ""L — Standover"": ""73.4"", ""Reach (cm)"": ""37.8"", ""Stack (cm)"": ""53.0"", ""Parte central delantera"": ""57.7"", ""Altura mínima del raíl del sillín (con tija corta)"": ""58.5"", ""Altura máxima del raíl del sillín (con tija corta)"": ""64.8"", ""Altura mínima del raíl del sillín (con tija larga)"": ""62.8"", ""Altura máxima del raíl del sillín (con tija larga)"": ""69.0""}",11999,false,https://www.trekbikes.com/es/es_ES/bicicletas/bicicletas-de-carretera/bicicletas-de-carretera-de-rendimiento/madone/madone-slr/madone-slr-9-axs-gen-8/p/46151/,https://www.trekbikes.com/es/es_ES/bicicletas/bicicletas-de-carretera/bicicletas-de-carretera-de-rendimiento/madone/f/F213/madone-slr-9-axs-gen-8/46151/5339386,html,2026-10-05
Trek,Madone [2fc29978],Madone SLR 9 AXS Gen 8,2025,carretera,M,M,,163,173,"162 - 173 cm 5'4"" - 5'8""",ft-in,546,384,"{""Dimensiones de la rueda"": ""700c"", ""A — Tubo del sillín"": ""47.6"", ""B — Ángulo del tubo del sillín"": ""73.6°"", ""C — Longitud del tubo de dirección"": ""13.6"", ""D — Ángulo de la dirección"": ""72.9°"", ""E — Tubo superior efectivo"": ""54.5"", ""G — Altura del eje de pedalier"": ""7.0"", ""H — Longitud de la vaina"": ""41.0"", ""I — Retroceso"": ""4.5"", ""J — Trail"": ""5.8"", ""K — Distancia entre ejes"": ""98.1"", ""L — Standover"": ""76.2"", ""Reach (cm)"": ""38.4"", ""Stack (cm)"": ""54.6"", ""Parte central delantera"": ""58.2"", ""Altura mínima del raíl del sillín (con tija corta)"": ""62.1"", ""Altura máxima del raíl del sillín (con tija corta)"": ""68.4"", ""Altura mínima del raíl del sillín (con tija larga)"": ""66.4"", ""Altura máxima del raíl del sillín (con tija larga)"": ""72.6""}",11999,false,https://www.trekbikes.com/es/es_ES/bicicletas/bicicletas-de-carretera/bicicletas-de-carretera-de-rendimiento/madone/madone-slr/madone-slr-9-axs-gen-8/p/46151/,https://www.trekbikes.com/es/es_ES/bicicletas/bicicletas-de-carretera/bicicletas-de-carretera-de-rendimiento/madone/f/F213/madone-slr-9-axs-gen-8/46151/5339386,html,2026-10-05
Trek,Madone [2fc29978],Madone SLR 9 AXS Gen 8,2025,carretera,ML,,,173,178,"173 - 179 cm 5'8"" - 5'10""",ft-in,562,389,"{""Dimensiones de la rueda"": ""700c"", ""A — Tubo del sillín"": ""51.2"", ""B — Ángulo del tubo del sillín"": ""73.4°"", ""C — Longitud del tubo de dirección"": ""15.0"", ""D — Ángulo de la dirección"": ""73.5°"", ""E — Tubo superior efectivo"": ""55.7"", ""G — Altura del eje de pedalier"": ""7.0"", ""H — Longitud de la vaina"": ""41.0"", ""I — Retroceso"": ""4.0"", ""J — Trail"": ""5.9"", ""K — Distancia entre ejes"": ""98.0"", ""L — Standover"": ""79.0"", ""Reach (cm)"": ""38.9"", ""Stack (cm)"": ""56.2"", ""Parte central delantera"": ""58.1"", ""Altura mínima del raíl del sillín (con tija corta)"": ""65.7"", ""Altura máxima del raíl del sillín (con tija corta)"": ""72.0"", ""Altura mínima del raíl del sillín (con tija larga)"": ""70.0"", ""Altura máxima del raíl del sillín (con tija larga)"": ""76.2""}",11999,false,https://www.trekbikes.com/es/es_ES/bicicletas/bicicletas-de-carretera/bicicletas-de-carretera-de-rendimiento/madone/madone-slr/madone-slr-9-axs-gen-8/p/46151/,https://www.trekbikes.com/es/es_ES/bicicletas/bicicletas-de-carretera/bicicletas-de-carretera-de-rendimiento/madone/f/F213/madone-slr-9-axs-gen-8/46151/5339386,html,2026-10-05
Trek,Madone [2fc29978],Madone SLR 9 AXS Gen 8,2025,carretera,L,L,,178,188,"179 - 188 cm 5'10"" - 6'2""",ft-in,582,394,"{""Dimensiones de la rueda"": ""700c"", ""A — Tubo del sillín"": ""54.8"", ""B — Ángulo del tubo del sillín"": ""73.4°"", ""C — Longitud del tubo de dirección"": ""17.2"", ""D — Ángulo de la dirección"": ""73.8°"", ""E — Tubo superior efectivo"": ""56.8"", ""G — Altura del eje de pedalier"": ""6.8"", ""H — Longitud de la vaina"": ""41.1"", ""I — Retroceso"": ""4.0"", ""J — Trail"": ""5.7"", ""K — Distancia entre ejes"": ""99.0"", ""L — Standover"": ""82.0"", ""Reach (cm)"": ""39.4"", ""Stack (cm)"": ""58.2"", ""Parte central delantera"": ""58.9"", ""Altura mínima del raíl del sillín (con tija corta)"": ""69.3"", ""Altura máxima del raíl del sillín (con tija corta)"": ""75.6"", ""Altura mínima del raíl del sillín (con tija larga)"": ""73.6"", ""Altura máxima del raíl del sillín (con tija larga)"": ""79.8""}",11999,false,https://www.trekbikes.com/es/es_ES/bicicletas/bicicletas-de-carretera/bicicletas-de-carretera-de-rendimiento/madone/madone-slr/madone-slr-9-axs-gen-8/p/46151/,https://www.trekbikes.com/es/es_ES/bicicletas/bicicletas-de-carretera/bicicletas-de-carretera-de-rendimiento/madone/f/F213/madone-slr-9-axs-gen-8/46151/5339386,html,2026-10-05
Trek,Madone [2fc29978],Madone SLR 9 AXS Gen 8,2025,carretera,XL,XL,,188,198,"188 - 199 cm 6'2"" - 6'6""",ft-in,610,402,"{""Dimensiones de la rueda"": ""700c"", ""A — Tubo del sillín"": ""60.9"", ""B — Ángulo del tubo del sillín"": ""73.4°"", ""C — Longitud del tubo de dirección"": ""20.1"", ""D — Ángulo de la dirección"": ""73.9°"", ""E — Tubo superior efectivo"": ""58.4"", ""G — Altura del eje de pedalier"": ""6.8"", ""H — Longitud de la vaina"": ""41.2"", ""I — Retroceso"": ""4.0"", ""J — Trail"": ""5.7"", ""K — Distancia entre ejes"": ""100.7"", ""L — Standover"": ""86.3"", ""Reach (cm)"": ""40.2"", ""Stack (cm)"": ""61.0"", ""Parte central delantera"": ""60.4"", ""Altura mínima del raíl del sillín (con tija corta)"": ""75.4"", ""Altura máxima del raíl del sillín (con tija corta)"": ""81.7"", ""Altura mínima del raíl del sillín (con tija larga)"": ""79.7"", ""Altura máxima del raíl del sillín (con tija larga)"": ""85.9""}",11999,false,https://www.trekbikes.com/es/es_ES/bicicletas/bicicletas-de-carretera/bicicletas-de-carretera-de-rendimiento/madone/madone-slr/madone-slr-9-axs-gen-8/p/46151/,https://www.trekbikes.com/es/es_ES/bicicletas/bicicletas-de-carretera/bicicletas-de-carretera-de-rendimiento/madone/f/F213/madone-slr-9-axs-gen-8/46151/5339386,html,2026-10-05
Trek,Madone [2fc29978],Madone SLR 9 Gen 8,2025,carretera,XS,XS,,142,157,"143 - 158 cm 4'8"" - 5'2""",ft-in,507,370,"{""Dimensiones de la rueda"": ""700c"", ""A — Tubo del sillín"": ""40.4"", ""B — Ángulo del tubo del sillín"": ""73.8°"", ""C — Longitud del tubo de dirección"": ""10.0"", ""D — Ángulo de la dirección"": ""71.6°"", ""E — Tubo superior efectivo"": ""51.7"", ""G — Altura del eje de pedalier"": ""7.2"", ""H — Longitud de la vaina"": ""41.0"", ""I — Retroceso"": ""5.0"", ""J — Trail"": ""6.1"", ""K — Distancia entre ejes"": ""97.1"", ""L — Standover"": ""70.4"", ""Reach (cm)"": ""37.0"", ""Stack (cm)"": ""50.7"", ""Parte central delantera"": ""57.2"", ""Altura mínima del raíl del sillín (con tija corta)"": ""54.9"", ""Altura máxima del raíl del sillín (con tija corta)"": ""61.2"", ""Altura mínima del raíl del sillín (con tija larga)"": ""59.2"", ""Altura máxima del raíl del sillín (con tija larga)"": ""65.4""}",11499,false,https://www.trekbikes.com/es/es_ES/bicicletas/bicicletas-de-carretera/bicicletas-de-carretera-de-rendimiento/madone/madone-slr/madone-slr-9-gen-8/p/46707/,https://www.trekbikes.com/es/es_ES/bicicletas/bicicletas-de-carretera/bicicletas-de-carretera-de-rendimiento/madone/f/F213/madone-slr-9-gen-8/46707/5320730,html,2026-10-05
Trek,Madone [2fc29978],Madone SLR 9 Gen 8,2025,carretera,S,S,,157,163,"158 - 162 cm 5'2"" - 5'4""",ft-in,530,378,"{""Dimensiones de la rueda"": ""700c"", ""A — Tubo del sillín"": ""44.0"", ""B — Ángulo del tubo del sillín"": ""73.8°"", ""C — Longitud del tubo de dirección"": ""12.1"", ""D — Ángulo de la dirección"": ""72.2°"", ""E — Tubo superior efectivo"": ""53.2"", ""G — Altura del eje de pedalier"": ""7.2"", ""H — Longitud de la vaina"": ""41.0"", ""I — Retroceso"": ""4.5"", ""J — Trail"": ""6.2"", ""K — Distancia entre ejes"": ""97.6"", ""L — Standover"": ""73.4"", ""Reach (cm)"": ""37.8"", ""Stack (cm)"": ""53.0"", ""Parte central delantera"": ""57.7"", ""Altura mínima del raíl del sillín (con tija corta)"": ""58.5"", ""Altura máxima del raíl del sillín (con tija corta)"": ""64.8"", ""Altura mínima del raíl del sillín (con tija larga)"": ""62.8"", ""Altura máxima del raíl del sillín (con tija larga)"": ""69.0""}",11499,false,https://www.trekbikes.com/es/es_ES/bicicletas/bicicletas-de-carretera/bicicletas-de-carretera-de-rendimiento/madone/madone-slr/madone-slr-9-gen-8/p/46707/,https://www.trekbikes.com/es/es_ES/bicicletas/bicicletas-de-carretera/bicicletas-de-carretera-de-rendimiento/madone/f/F213/madone-slr-9-gen-8/46707/5320730,html,2026-10-05
Trek,Madone [2fc29978],Madone SLR 9 Gen 8,2025,carretera,M,M,,163,173,"162 - 173 cm 5'4"" - 5'8""",ft-in,546,384,"{""Dimensiones de la rueda"": ""700c"", ""A — Tubo del sillín"": ""47.6"", ""B — Ángulo del tubo del sillín"": ""73.6°"", ""C — Longitud del tubo de dirección"": ""13.6"", ""D — Ángulo de la dirección"": ""72.9°"", ""E — Tubo superior efectivo"": ""54.5"", ""G — Altura del eje de pedalier"": ""7.0"", ""H — Longitud de la vaina"": ""41.0"", ""I — Retroceso"": ""4.5"", ""J — Trail"": ""5.8"", ""K — Distancia entre ejes"": ""98.1"", ""L — Standover"": ""76.2"", ""Reach (cm)"": ""38.4"", ""Stack (cm)"": ""54.6"", ""Parte central delantera"": ""58.2"", ""Altura mínima del raíl del sillín (con tija corta)"": ""62.1"", ""Altura máxima del raíl del sillín (con tija corta)"": ""68.4"", ""Altura mínima del raíl del sillín (con tija larga)"": ""66.4"", ""Altura máxima del raíl del sillín (con tija larga)"": ""72.6""}",11499,false,https://www.trekbikes.com/es/es_ES/bicicletas/bicicletas-de-carretera/bicicletas-de-carretera-de-rendimiento/madone/madone-slr/madone-slr-9-gen-8/p/46707/,https://www.trekbikes.com/es/es_ES/bicicletas/bicicletas-de-carretera/bicicletas-de-carretera-de-rendimiento/madone/f/F213/madone-slr-9-gen-8/46707/5320730,html,2026-10-05
Trek,Madone [2fc29978],Madone SLR 9 Gen 8,2025,carretera,ML,,,173,178,"173 - 179 cm 5'8"" - 5'10""",ft-in,562,389,"{""Dimensiones de la rueda"": ""700c"", ""A — Tubo del sillín"": ""51.2"", ""B — Ángulo del tubo del sillín"": ""73.4°"", ""C — Longitud del tubo de dirección"": ""15.0"", ""D — Ángulo de la dirección"": ""73.5°"", ""E — Tubo superior efectivo"": ""55.7"", ""G — Altura del eje de pedalier"": ""7.0"", ""H — Longitud de la vaina"": ""41.0"", ""I — Retroceso"": ""4.0"", ""J — Trail"": ""5.9"", ""K — Distancia entre ejes"": ""98.0"", ""L — Standover"": ""79.0"", ""Reach (cm)"": ""38.9"", ""Stack (cm)"": ""56.2"", ""Parte central delantera"": ""58.1"", ""Altura mínima del raíl del sillín (con tija corta)"": ""65.7"", ""Altura máxima del raíl del sillín (con tija corta)"": ""72.0"", ""Altura mínima del raíl del sillín (con tija larga)"": ""70.0"", ""Altura máxima del raíl del sillín (con tija larga)"": ""76.2""}",11499,false,https://www.trekbikes.com/es/es_ES/bicicletas/bicicletas-de-carretera/bicicletas-de-carretera-de-rendimiento/madone/madone-slr/madone-slr-9-gen-8/p/46707/,https://www.trekbikes.com/es/es_ES/bicicletas/bicicletas-de-carretera/bicicletas-de-carretera-de-rendimiento/madone/f/F213/madone-slr-9-gen-8/46707/5320730,html,2026-10-05
Trek,Madone [2fc29978],Madone SLR 9 Gen 8,2025,carretera,L,L,,178,188,"179 - 188 cm 5'10"" - 6'2""",ft-in,582,394,"{""Dimensiones de la rueda"": ""700c"", ""A — Tubo del sillín"": ""54.8"", ""B — Ángulo del tubo del sillín"": ""73.4°"", ""C — Longitud del tubo de dirección"": ""17.2"", ""D — Ángulo de la dirección"": ""73.8°"", ""E — Tubo superior efectivo"": ""56.8"", ""G — Altura del eje de pedalier"": ""6.8"", ""H — Longitud de la vaina"": ""41.1"", ""I — Retroceso"": ""4.0"", ""J — Trail"": ""5.7"", ""K — Distancia entre ejes"": ""99.0"", ""L — Standover"": ""82.0"", ""Reach (cm)"": ""39.4"", ""Stack (cm)"": ""58.2"", ""Parte central delantera"": ""58.9"", ""Altura mínima del raíl del sillín (con tija corta)"": ""69.3"", ""Altura máxima del raíl del sillín (con tija corta)"": ""75.6"", ""Altura mínima del raíl del sillín (con tija larga)"": ""73.6"", ""Altura máxima del raíl del sillín (con tija larga)"": ""79.8""}",11499,false,https://www.trekbikes.com/es/es_ES/bicicletas/bicicletas-de-carretera/bicicletas-de-carretera-de-rendimiento/madone/madone-slr/madone-slr-9-gen-8/p/46707/,https://www.trekbikes.com/es/es_ES/bicicletas/bicicletas-de-carretera/bicicletas-de-carretera-de-rendimiento/madone/f/F213/madone-slr-9-gen-8/46707/5320730,html,2026-10-05
Trek,Madone [2fc29978],Madone SLR 9 Gen 8,2025,carretera,XL,XL,,188,198,"188 - 199 cm 6'2"" - 6'6""",ft-in,610,402,"{""Dimensiones de la rueda"": ""700c"", ""A — Tubo del sillín"": ""60.9"", ""B — Ángulo del tubo del sillín"": ""73.4°"", ""C — Longitud del tubo de dirección"": ""20.1"", ""D — Ángulo de la dirección"": ""73.9°"", ""E — Tubo superior efectivo"": ""58.4"", ""G — Altura del eje de pedalier"": ""6.8"", ""H — Longitud de la vaina"": ""41.2"", ""I — Retroceso"": ""4.0"", ""J — Trail"": ""5.7"", ""K — Distancia entre ejes"": ""100.7"", ""L — Standover"": ""86.3"", ""Reach (cm)"": ""40.2"", ""Stack (cm)"": ""61.0"", ""Parte central delantera"": ""60.4"", ""Altura mínima del raíl del sillín (con tija corta)"": ""75.4"", ""Altura máxima del raíl del sillín (con tija corta)"": ""81.7"", ""Altura mínima del raíl del sillín (con tija larga)"": ""79.7"", ""Altura máxima del raíl del sillín (con tija larga)"": ""85.9""}",11499,false,https://www.trekbikes.com/es/es_ES/bicicletas/bicicletas-de-carretera/bicicletas-de-carretera-de-rendimiento/madone/madone-slr/madone-slr-9-gen-8/p/46707/,https://www.trekbikes.com/es/es_ES/bicicletas/bicicletas-de-carretera/bicicletas-de-carretera-de-rendimiento/madone/f/F213/madone-slr-9-gen-8/46707/5320730,html,2026-10-05
Trek,Madone [2fc29978],Madone SLR 9 AXS 1x Gen 8,2027,carretera,XS,XS,,142,157,"143 - 158 cm 4'8"" - 5'2""",ft-in,507,370,"{""Dimensiones de la rueda"": ""700c"", ""A — Tubo del sillín"": ""40.4"", ""B — Ángulo del tubo del sillín"": ""73.8°"", ""C — Longitud del tubo de dirección"": ""10.0"", ""D — Ángulo de la dirección"": ""71.6°"", ""E — Tubo superior efectivo"": ""51.7"", ""G — Altura del eje de pedalier"": ""7.2"", ""H — Longitud de la vaina"": ""41.0"", ""I — Retroceso"": ""5.0"", ""J — Trail"": ""6.1"", ""K — Distancia entre ejes"": ""97.1"", ""L — Standover"": ""70.4"", ""Reach (cm)"": ""37.0"", ""Stack (cm)"": ""50.7"", ""Parte central delantera"": ""57.2"", ""Altura mínima del raíl del sillín (con tija corta)"": ""54.9"", ""Altura máxima del raíl del sillín (con tija corta)"": ""61.2"", ""Altura mínima del raíl del sillín (con tija larga)"": ""59.2"", ""Altura máxima del raíl del sillín (con tija larga)"": ""65.4""}",11499,false,https://www.trekbikes.com/es/es_ES/bicicletas/bicicletas-de-carretera/bicicletas-de-carretera-de-rendimiento/madone/madone-slr/madone-slr-9-axs-1x-gen-8/p/64879/,https://www.trekbikes.com/es/es_ES/bicicletas/bicicletas-de-carretera/bicicletas-de-carretera-de-rendimiento/madone/f/F213/madone-slr-9-axs-1x-gen-8/64879/5344435,html,2026-10-05
Trek,Madone [2fc29978],Madone SLR 9 AXS 1x Gen 8,2027,carretera,S,S,,157,163,"158 - 162 cm 5'2"" - 5'4""",ft-in,530,378,"{""Dimensiones de la rueda"": ""700c"", ""A — Tubo del sillín"": ""44.0"", ""B — Ángulo del tubo del sillín"": ""73.8°"", ""C — Longitud del tubo de dirección"": ""12.1"", ""D — Ángulo de la dirección"": ""72.2°"", ""E — Tubo superior efectivo"": ""53.2"", ""G — Altura del eje de pedalier"": ""7.2"", ""H — Longitud de la vaina"": ""41.0"", ""I — Retroceso"": ""4.5"", ""J — Trail"": ""6.2"", ""K — Distancia entre ejes"": ""97.6"", ""L — Standover"": ""73.4"", ""Reach (cm)"": ""37.8"", ""Stack (cm)"": ""53.0"", ""Parte central delantera"": ""57.7"", ""Altura mínima del raíl del sillín (con tija corta)"": ""58.5"", ""Altura máxima del raíl del sillín (con tija corta)"": ""64.8"", ""Altura mínima del raíl del sillín (con tija larga)"": ""62.8"", ""Altura máxima del raíl del sillín (con tija larga)"": ""69.0""}",11499,false,https://www.trekbikes.com/es/es_ES/bicicletas/bicicletas-de-carretera/bicicletas-de-carretera-de-rendimiento/madone/madone-slr/madone-slr-9-axs-1x-gen-8/p/64879/,https://www.trekbikes.com/es/es_ES/bicicletas/bicicletas-de-carretera/bicicletas-de-carretera-de-rendimiento/madone/f/F213/madone-slr-9-axs-1x-gen-8/64879/5344435,html,2026-10-05
Trek,Madone [2fc29978],Madone SLR 9 AXS 1x Gen 8,2027,carretera,M,M,,163,173,"162 - 173 cm 5'4"" - 5'8""",ft-in,546,384,"{""Dimensiones de la rueda"": ""700c"", ""A — Tubo del sillín"": ""47.6"", ""B — Ángulo del tubo del sillín"": ""73.6°"", ""C — Longitud del tubo de dirección"": ""13.6"", ""D — Ángulo de la dirección"": ""72.9°"", ""E — Tubo superior efectivo"": ""54.5"", ""G — Altura del eje de pedalier"": ""7.0"", ""H — Longitud de la vaina"": ""41.0"", ""I — Retroceso"": ""4.5"", ""J — Trail"": ""5.8"", ""K — Distancia entre ejes"": ""98.1"", ""L — Standover"": ""76.2"", ""Reach (cm)"": ""38.4"", ""Stack (cm)"": ""54.6"", ""Parte central delantera"": ""58.2"", ""Altura mínima del raíl del sillín (con tija corta)"": ""62.1"", ""Altura máxima del raíl del sillín (con tija corta)"": ""68.4"", ""Altura mínima del raíl del sillín (con tija larga)"": ""66.4"", ""Altura máxima del raíl del sillín (con tija larga)"": ""72.6""}",11499,false,https://www.trekbikes.com/es/es_ES/bicicletas/bicicletas-de-carretera/bicicletas-de-carretera-de-rendimiento/madone/madone-slr/madone-slr-9-axs-1x-gen-8/p/64879/,https://www.trekbikes.com/es/es_ES/bicicletas/bicicletas-de-carretera/bicicletas-de-carretera-de-rendimiento/madone/f/F213/madone-slr-9-axs-1x-gen-8/64879/5344435,html,2026-10-05
Trek,Madone [2fc29978],Madone SLR 9 AXS 1x Gen 8,2027,carretera,ML,,,173,178,"173 - 179 cm 5'8"" - 5'10""",ft-in,562,389,"{""Dimensiones de la rueda"": ""700c"", ""A — Tubo del sillín"": ""51.2"", ""B — Ángulo del tubo del sillín"": ""73.4°"", ""C — Longitud del tubo de dirección"": ""15.0"", ""D — Ángulo de la dirección"": ""73.5°"", ""E — Tubo superior efectivo"": ""55.7"", ""G — Altura del eje de pedalier"": ""7.0"", ""H — Longitud de la vaina"": ""41.0"", ""I — Retroceso"": ""4.0"", ""J — Trail"": ""5.9"", ""K — Distancia entre ejes"": ""98.0"", ""L — Standover"": ""79.0"", ""Reach (cm)"": ""38.9"", ""Stack (cm)"": ""56.2"", ""Parte central delantera"": ""58.1"", ""Altura mínima del raíl del sillín (con tija corta)"": ""65.7"", ""Altura máxima del raíl del sillín (con tija corta)"": ""72.0"", ""Altura mínima del raíl del sillín (con tija larga)"": ""70.0"", ""Altura máxima del raíl del sillín (con tija larga)"": ""76.2""}",11499,false,https://www.trekbikes.com/es/es_ES/bicicletas/bicicletas-de-carretera/bicicletas-de-carretera-de-rendimiento/madone/madone-slr/madone-slr-9-axs-1x-gen-8/p/64879/,https://www.trekbikes.com/es/es_ES/bicicletas/bicicletas-de-carretera/bicicletas-de-carretera-de-rendimiento/madone/f/F213/madone-slr-9-axs-1x-gen-8/64879/5344435,html,2026-10-05
Trek,Madone [2fc29978],Madone SLR 9 AXS 1x Gen 8,2027,carretera,L,L,,178,188,"179 - 188 cm 5'10"" - 6'2""",ft-in,582,394,"{""Dimensiones de la rueda"": ""700c"", ""A — Tubo del sillín"": ""54.8"", ""B — Ángulo del tubo del sillín"": ""73.4°"", ""C — Longitud del tubo de dirección"": ""17.2"", ""D — Ángulo de la dirección"": ""73.8°"", ""E — Tubo superior efectivo"": ""56.8"", ""G — Altura del eje de pedalier"": ""6.8"", ""H — Longitud de la vaina"": ""41.1"", ""I — Retroceso"": ""4.0"", ""J — Trail"": ""5.7"", ""K — Distancia entre ejes"": ""99.0"", ""L — Standover"": ""82.0"", ""Reach (cm)"": ""39.4"", ""Stack (cm)"": ""58.2"", ""Parte central delantera"": ""58.9"", ""Altura mínima del raíl del sillín (con tija corta)"": ""69.3"", ""Altura máxima del raíl del sillín (con tija corta)"": ""75.6"", ""Altura mínima del raíl del sillín (con tija larga)"": ""73.6"", ""Altura máxima del raíl del sillín (con tija larga)"": ""79.8""}",11499,false,https://www.trekbikes.com/es/es_ES/bicicletas/bicicletas-de-carretera/bicicletas-de-carretera-de-rendimiento/madone/madone-slr/madone-slr-9-axs-1x-gen-8/p/64879/,https://www.trekbikes.com/es/es_ES/bicicletas/bicicletas-de-carretera/bicicletas-de-carretera-de-rendimiento/madone/f/F213/madone-slr-9-axs-1x-gen-8/64879/5344435,html,2026-10-05
Trek,Madone [2fc29978],Madone SLR 9 AXS 1x Gen 8,2027,carretera,XL,XL,,188,198,"188 - 199 cm 6'2"" - 6'6""",ft-in,610,402,"{""Dimensiones de la rueda"": ""700c"", ""A — Tubo del sillín"": ""60.9"", ""B — Ángulo del tubo del sillín"": ""73.4°"", ""C — Longitud del tubo de dirección"": ""20.1"", ""D — Ángulo de la dirección"": ""73.9°"", ""E — Tubo superior efectivo"": ""58.4"", ""G — Altura del eje de pedalier"": ""6.8"", ""H — Longitud de la vaina"": ""41.2"", ""I — Retroceso"": ""4.0"", ""J — Trail"": ""5.7"", ""K — Distancia entre ejes"": ""100.7"", ""L — Standover"": ""86.3"", ""Reach (cm)"": ""40.2"", ""Stack (cm)"": ""61.0"", ""Parte central delantera"": ""60.4"", ""Altura mínima del raíl del sillín (con tija corta)"": ""75.4"", ""Altura máxima del raíl del sillín (con tija corta)"": ""81.7"", ""Altura mínima del raíl del sillín (con tija larga)"": ""79.7"", ""Altura máxima del raíl del sillín (con tija larga)"": ""85.9""}",11499,false,https://www.trekbikes.com/es/es_ES/bicicletas/bicicletas-de-carretera/bicicletas-de-carretera-de-rendimiento/madone/madone-slr/madone-slr-9-axs-1x-gen-8/p/64879/,https://www.trekbikes.com/es/es_ES/bicicletas/bicicletas-de-carretera/bicicletas-de-carretera-de-rendimiento/madone/f/F213/madone-slr-9-axs-1x-gen-8/64879/5344435,html,2026-10-05
Trek,Madone [2fc29978],Madone SLR 7 AXS Gen 8,2027,carretera,XS,XS,,142,157,"143 - 158 cm 4'8"" - 5'2""",ft-in,507,370,"{""Dimensiones de la rueda"": ""700c"", ""A — Tubo del sillín"": ""40.4"", ""B — Ángulo del tubo del sillín"": ""73.8°"", ""C — Longitud del tubo de dirección"": ""10.0"", ""D — Ángulo de la dirección"": ""71.6°"", ""E — Tubo superior efectivo"": ""51.7"", ""G — Altura del eje de pedalier"": ""7.2"", ""H — Longitud de la vaina"": ""41.0"", ""I — Retroceso"": ""5.0"", ""J — Trail"": ""6.1"", ""K — Distancia entre ejes"": ""97.1"", ""L — Standover"": ""70.4"", ""Reach (cm)"": ""37.0"", ""Stack (cm)"": ""50.7"", ""Parte central delantera"": ""57.2"", ""Altura mínima del raíl del sillín (con tija corta)"": ""54.9"", ""Altura máxima del raíl del sillín (con tija corta)"": ""61.2"", ""Altura mínima del raíl del sillín (con tija larga)"": ""59.2"", ""Altura máxima del raíl del sillín (con tija larga)"": ""65.4""}",8499,false,https://www.trekbikes.com/es/es_ES/bicicletas/bicicletas-de-carretera/bicicletas-de-carretera-de-rendimiento/madone/madone-slr/madone-slr-7-axs-gen-8/p/58135/,https://www.trekbikes.com/es/es_ES/bicicletas/bicicletas-de-carretera/bicicletas-de-carretera-de-rendimiento/madone/f/F213/madone-slr-7-axs-gen-8/58135/5339170,html,2026-10-05
Trek,Madone [2fc29978],Madone SLR 7 AXS Gen 8,2027,carretera,S,S,,157,163,"158 - 162 cm 5'2"" - 5'4""",ft-in,530,378,"{""Dimensiones de la rueda"": ""700c"", ""A — Tubo del sillín"": ""44.0"", ""B — Ángulo del tubo del sillín"": ""73.8°"", ""C — Longitud del tubo de dirección"": ""12.1"", ""D — Ángulo de la dirección"": ""72.2°"", ""E — Tubo superior efectivo"": ""53.2"", ""G — Altura del eje de pedalier"": ""7.2"", ""H — Longitud de la vaina"": ""41.0"", ""I — Retroceso"": ""4.5"", ""J — Trail"": ""6.2"", ""K — Distancia entre ejes"": ""97.6"", ""L — Standover"": ""73.4"", ""Reach (cm)"": ""37.8"", ""Stack (cm)"": ""53.0"", ""Parte central delantera"": ""57.7"", ""Altura mínima del raíl del sillín (con tija corta)"": ""58.5"", ""Altura máxima del raíl del sillín (con tija corta)"": ""64.8"", ""Altura mínima del raíl del sillín (con tija larga)"": ""62.8"", ""Altura máxima del raíl del sillín (con tija larga)"": ""69.0""}",8499,false,https://www.trekbikes.com/es/es_ES/bicicletas/bicicletas-de-carretera/bicicletas-de-carretera-de-rendimiento/madone/madone-slr/madone-slr-7-axs-gen-8/p/58135/,https://www.trekbikes.com/es/es_ES/bicicletas/bicicletas-de-carretera/bicicletas-de-carretera-de-rendimiento/madone/f/F213/madone-slr-7-axs-gen-8/58135/5339170,html,2026-10-05
Trek,Madone [2fc29978],Madone SLR 7 AXS Gen 8,2027,carretera,M,M,,163,173,"162 - 173 cm 5'4"" - 5'8""",ft-in,546,384,"{""Dimensiones de la rueda"": ""700c"", ""A — Tubo del sillín"": ""47.6"", ""B — Ángulo del tubo del sillín"": ""73.6°"", ""C — Longitud del tubo de dirección"": ""13.6"", ""D — Ángulo de la dirección"": ""72.9°"", ""E — Tubo superior efectivo"": ""54.5"", ""G — Altura del eje de pedalier"": ""7.0"", ""H — Longitud de la vaina"": ""41.0"", ""I — Retroceso"": ""4.5"", ""J — Trail"": ""5.8"", ""K — Distancia entre ejes"": ""98.1"", ""L — Standover"": ""76.2"", ""Reach (cm)"": ""38.4"", ""Stack (cm)"": ""54.6"", ""Parte central delantera"": ""58.2"", ""Altura mínima del raíl del sillín (con tija corta)"": ""62.1"", ""Altura máxima del raíl del sillín (con tija corta)"": ""68.4"", ""Altura mínima del raíl del sillín (con tija larga)"": ""66.4"", ""Altura máxima del raíl del sillín (con tija larga)"": ""72.6""}",8499,false,https://www.trekbikes.com/es/es_ES/bicicletas/bicicletas-de-carretera/bicicletas-de-carretera-de-rendimiento/madone/madone-slr/madone-slr-7-axs-gen-8/p/58135/,https://www.trekbikes.com/es/es_ES/bicicletas/bicicletas-de-carretera/bicicletas-de-carretera-de-rendimiento/madone/f/F213/madone-slr-7-axs-gen-8/58135/5339170,html,2026-10-05
Trek,Madone [2fc29978],Madone SLR 7 AXS Gen 8,2027,carretera,ML,,,173,178,"173 - 179 cm 5'8"" - 5'10""",ft-in,562,389,"{""Dimensiones de la rueda"": ""700c"", ""A — Tubo del sillín"": ""51.2"", ""B — Ángulo del tubo del sillín"": ""73.4°"", ""C — Longitud del tubo de dirección"": ""15.0"", ""D — Ángulo de la dirección"": ""73.5°"", ""E — Tubo superior efectivo"": ""55.7"", ""G — Altura del eje de pedalier"": ""7.0"", ""H — Longitud de la vaina"": ""41.0"", ""I — Retroceso"": ""4.0"", ""J — Trail"": ""5.9"", ""K — Distancia entre ejes"": ""98.0"", ""L — Standover"": ""79.0"", ""Reach (cm)"": ""38.9"", ""Stack (cm)"": ""56.2"", ""Parte central delantera"": ""58.1"", ""Altura mínima del raíl del sillín (con tija corta)"": ""65.7"", ""Altura máxima del raíl del sillín (con tija corta)"": ""72.0"", ""Altura mínima del raíl del sillín (con tija larga)"": ""70.0"", ""Altura máxima del raíl del sillín (con tija larga)"": ""76.2""}",8499,false,https://www.trekbikes.com/es/es_ES/bicicletas/bicicletas-de-carretera/bicicletas-de-carretera-de-rendimiento/madone/madone-slr/madone-slr-7-axs-gen-8/p/58135/,https://www.trekbikes.com/es/es_ES/bicicletas/bicicletas-de-carretera/bicicletas-de-carretera-de-rendimiento/madone/f/F213/madone-slr-7-axs-gen-8/58135/5339170,html,2026-10-05
Trek,Madone [2fc29978],Madone SLR 7 AXS Gen 8,2027,carretera,L,L,,178,188,"179 - 188 cm 5'10"" - 6'2""",ft-in,582,394,"{""Dimensiones de la rueda"": ""700c"", ""A — Tubo del sillín"": ""54.8"", ""B — Ángulo del tubo del sillín"": ""73.4°"", ""C — Longitud del tubo de dirección"": ""17.2"", ""D — Ángulo de la dirección"": ""73.8°"", ""E — Tubo superior efectivo"": ""56.8"", ""G — Altura del eje de pedalier"": ""6.8"", ""H — Longitud de la vaina"": ""41.1"", ""I — Retroceso"": ""4.0"", ""J — Trail"": ""5.7"", ""K — Distancia entre ejes"": ""99.0"", ""L — Standover"": ""82.0"", ""Reach (cm)"": ""39.4"", ""Stack (cm)"": ""58.2"", ""Parte central delantera"": ""58.9"", ""Altura mínima del raíl del sillín (con tija corta)"": ""69.3"", ""Altura máxima del raíl del sillín (con tija corta)"": ""75.6"", ""Altura mínima del raíl del sillín (con tija larga)"": ""73.6"", ""Altura máxima del raíl del sillín (con tija larga)"": ""79.8""}",8499,false,https://www.trekbikes.com/es/es_ES/bicicletas/bicicletas-de-carretera/bicicletas-de-carretera-de-rendimiento/madone/madone-slr/madone-slr-7-axs-gen-8/p/58135/,https://www.trekbikes.com/es/es_ES/bicicletas/bicicletas-de-carretera/bicicletas-de-carretera-de-rendimiento/madone/f/F213/madone-slr-7-axs-gen-8/58135/5339170,html,2026-10-05
Trek,Madone [2fc29978],Madone SLR 7 AXS Gen 8,2027,carretera,XL,XL,,188,198,"188 - 199 cm 6'2"" - 6'6""",ft-in,610,402,"{""Dimensiones de la rueda"": ""700c"", ""A — Tubo del sillín"": ""60.9"", ""B — Ángulo del tubo del sillín"": ""73.4°"", ""C — Longitud del tubo de dirección"": ""20.1"", ""D — Ángulo de la dirección"": ""73.9°"", ""E — Tubo superior efectivo"": ""58.4"", ""G — Altura del eje de pedalier"": ""6.8"", ""H — Longitud de la vaina"": ""41.2"", ""I — Retroceso"": ""4.0"", ""J — Trail"": ""5.7"", ""K — Distancia entre ejes"": ""100.7"", ""L — Standover"": ""86.3"", ""Reach (cm)"": ""40.2"", ""Stack (cm)"": ""61.0"", ""Parte central delantera"": ""60.4"", ""Altura mínima del raíl del sillín (con tija corta)"": ""75.4"", ""Altura máxima del raíl del sillín (con tija corta)"": ""81.7"", ""Altura mínima del raíl del sillín (con tija larga)"": ""79.7"", ""Altura máxima del raíl del sillín (con tija larga)"": ""85.9""}",8499,false,https://www.trekbikes.com/es/es_ES/bicicletas/bicicletas-de-carretera/bicicletas-de-carretera-de-rendimiento/madone/madone-slr/madone-slr-7-axs-gen-8/p/58135/,https://www.trekbikes.com/es/es_ES/bicicletas/bicicletas-de-carretera/bicicletas-de-carretera-de-rendimiento/madone/f/F213/madone-slr-7-axs-gen-8/58135/5339170,html,2026-10-05
Trek,Madone [2fc29978],Madone SLR 7 Gen 8,2025,carretera,XS,XS,,142,157,"143 - 158 cm 4'8"" - 5'2""",ft-in,507,370,"{""Dimensiones de la rueda"": ""700c"", ""A — Tubo del sillín"": ""40.4"", ""B — Ángulo del tubo del sillín"": ""73.8°"", ""C — Longitud del tubo de dirección"": ""10.0"", ""D — Ángulo de la dirección"": ""71.6°"", ""E — Tubo superior efectivo"": ""51.7"", ""G — Altura del eje de pedalier"": ""7.2"", ""H — Longitud de la vaina"": ""41.0"", ""I — Retroceso"": ""5.0"", ""J — Trail"": ""6.1"", ""K — Distancia entre ejes"": ""97.1"", ""L — Standover"": ""70.4"", ""Reach (cm)"": ""37.0"", ""Stack (cm)"": ""50.7"", ""Parte central delantera"": ""57.2"", ""Altura mínima del raíl del sillín (con tija corta)"": ""54.9"", ""Altura máxima del raíl del sillín (con tija corta)"": ""61.2"", ""Altura mínima del raíl del sillín (con tija larga)"": ""59.2"", ""Altura máxima del raíl del sillín (con tija larga)"": ""65.4""}",7999,false,https://www.trekbikes.com/es/es_ES/bicicletas/bicicletas-de-carretera/bicicletas-de-carretera-de-rendimiento/madone/madone-slr/madone-slr-7-gen-8/p/46687/,https://www.trekbikes.com/es/es_ES/bicicletas/bicicletas-de-carretera/bicicletas-de-carretera-de-rendimiento/madone/f/F213/madone-slr-7-gen-8/46687/5320259,html,2026-10-05
Trek,Madone [2fc29978],Madone SLR 7 Gen 8,2025,carretera,S,S,,157,163,"158 - 162 cm 5'2"" - 5'4""",ft-in,530,378,"{""Dimensiones de la rueda"": ""700c"", ""A — Tubo del sillín"": ""44.0"", ""B — Ángulo del tubo del sillín"": ""73.8°"", ""C — Longitud del tubo de dirección"": ""12.1"", ""D — Ángulo de la dirección"": ""72.2°"", ""E — Tubo superior efectivo"": ""53.2"", ""G — Altura del eje de pedalier"": ""7.2"", ""H — Longitud de la vaina"": ""41.0"", ""I — Retroceso"": ""4.5"", ""J — Trail"": ""6.2"", ""K — Distancia entre ejes"": ""97.6"", ""L — Standover"": ""73.4"", ""Reach (cm)"": ""37.8"", ""Stack (cm)"": ""53.0"", ""Parte central delantera"": ""57.7"", ""Altura mínima del raíl del sillín (con tija corta)"": ""58.5"", ""Altura máxima del raíl del sillín (con tija corta)"": ""64.8"", ""Altura mínima del raíl del sillín (con tija larga)"": ""62.8"", ""Altura máxima del raíl del sillín (con tija larga)"": ""69.0""}",7999,false,https://www.trekbikes.com/es/es_ES/bicicletas/bicicletas-de-carretera/bicicletas-de-carretera-de-rendimiento/madone/madone-slr/madone-slr-7-gen-8/p/46687/,https://www.trekbikes.com/es/es_ES/bicicletas/bicicletas-de-carretera/bicicletas-de-carretera-de-rendimiento/madone/f/F213/madone-slr-7-gen-8/46687/5320259,html,2026-10-05
Trek,Madone [2fc29978],Madone SLR 7 Gen 8,2025,carretera,M,M,,163,173,"162 - 173 cm 5'4"" - 5'8""",ft-in,546,384,"{""Dimensiones de la rueda"": ""700c"", ""A — Tubo del sillín"": ""47.6"", ""B — Ángulo del tubo del sillín"": ""73.6°"", ""C — Longitud del tubo de dirección"": ""13.6"", ""D — Ángulo de la dirección"": ""72.9°"", ""E — Tubo superior efectivo"": ""54.5"", ""G — Altura del eje de pedalier"": ""7.0"", ""H — Longitud de la vaina"": ""41.0"", ""I — Retroceso"": ""4.5"", ""J — Trail"": ""5.8"", ""K — Distancia entre ejes"": ""98.1"", ""L — Standover"": ""76.2"", ""Reach (cm)"": ""38.4"", ""Stack (cm)"": ""54.6"", ""Parte central delantera"": ""58.2"", ""Altura mínima del raíl del sillín (con tija corta)"": ""62.1"", ""Altura máxima del raíl del sillín (con tija corta)"": ""68.4"", ""Altura mínima del raíl del sillín (con tija larga)"": ""66.4"", ""Altura máxima del raíl del sillín (con tija larga)"": ""72.6""}",7999,false,https://www.trekbikes.com/es/es_ES/bicicletas/bicicletas-de-carretera/bicicletas-de-carretera-de-rendimiento/madone/madone-slr/madone-slr-7-gen-8/p/46687/,https://www.trekbikes.com/es/es_ES/bicicletas/bicicletas-de-carretera/bicicletas-de-carretera-de-rendimiento/madone/f/F213/madone-slr-7-gen-8/46687/5320259,html,2026-10-05
Trek,Madone [2fc29978],Madone SLR 7 Gen 8,2025,carretera,ML,,,173,178,"173 - 179 cm 5'8"" - 5'10""",ft-in,562,389,"{""Dimensiones de la rueda"": ""700c"", ""A — Tubo del sillín"": ""51.2"", ""B — Ángulo del tubo del sillín"": ""73.4°"", ""C — Longitud del tubo de dirección"": ""15.0"", ""D — Ángulo de la dirección"": ""73.5°"", ""E — Tubo superior efectivo"": ""55.7"", ""G — Altura del eje de pedalier"": ""7.0"", ""H — Longitud de la vaina"": ""41.0"", ""I — Retroceso"": ""4.0"", ""J — Trail"": ""5.9"", ""K — Distancia entre ejes"": ""98.0"", ""L — Standover"": ""79.0"", ""Reach (cm)"": ""38.9"", ""Stack (cm)"": ""56.2"", ""Parte central delantera"": ""58.1"", ""Altura mínima del raíl del sillín (con tija corta)"": ""65.7"", ""Altura máxima del raíl del sillín (con tija corta)"": ""72.0"", ""Altura mínima del raíl del sillín (con tija larga)"": ""70.0"", ""Altura máxima del raíl del sillín (con tija larga)"": ""76.2""}",7999,false,https://www.trekbikes.com/es/es_ES/bicicletas/bicicletas-de-carretera/bicicletas-de-carretera-de-rendimiento/madone/madone-slr/madone-slr-7-gen-8/p/46687/,https://www.trekbikes.com/es/es_ES/bicicletas/bicicletas-de-carretera/bicicletas-de-carretera-de-rendimiento/madone/f/F213/madone-slr-7-gen-8/46687/5320259,html,2026-10-05
Trek,Madone [2fc29978],Madone SLR 7 Gen 8,2025,carretera,L,L,,178,188,"179 - 188 cm 5'10"" - 6'2""",ft-in,582,394,"{""Dimensiones de la rueda"": ""700c"", ""A — Tubo del sillín"": ""54.8"", ""B — Ángulo del tubo del sillín"": ""73.4°"", ""C — Longitud del tubo de dirección"": ""17.2"", ""D — Ángulo de la dirección"": ""73.8°"", ""E — Tubo superior efectivo"": ""56.8"", ""G — Altura del eje de pedalier"": ""6.8"", ""H — Longitud de la vaina"": ""41.1"", ""I — Retroceso"": ""4.0"", ""J — Trail"": ""5.7"", ""K — Distancia entre ejes"": ""99.0"", ""L — Standover"": ""82.0"", ""Reach (cm)"": ""39.4"", ""Stack (cm)"": ""58.2"", ""Parte central delantera"": ""58.9"", ""Altura mínima del raíl del sillín (con tija corta)"": ""69.3"", ""Altura máxima del raíl del sillín (con tija corta)"": ""75.6"", ""Altura mínima del raíl del sillín (con tija larga)"": ""73.6"", ""Altura máxima del raíl del sillín (con tija larga)"": ""79.8""}",7999,false,https://www.trekbikes.com/es/es_ES/bicicletas/bicicletas-de-carretera/bicicletas-de-carretera-de-rendimiento/madone/madone-slr/madone-slr-7-gen-8/p/46687/,https://www.trekbikes.com/es/es_ES/bicicletas/bicicletas-de-carretera/bicicletas-de-carretera-de-rendimiento/madone/f/F213/madone-slr-7-gen-8/46687/5320259,html,2026-10-05
Trek,Madone [2fc29978],Madone SLR 7 Gen 8,2025,carretera,XL,XL,,188,198,"188 - 199 cm 6'2"" - 6'6""",ft-in,610,402,"{""Dimensiones de la rueda"": ""700c"", ""A — Tubo del sillín"": ""60.9"", ""B — Ángulo del tubo del sillín"": ""73.4°"", ""C — Longitud del tubo de dirección"": ""20.1"", ""D — Ángulo de la dirección"": ""73.9°"", ""E — Tubo superior efectivo"": ""58.4"", ""G — Altura del eje de pedalier"": ""6.8"", ""H — Longitud de la vaina"": ""41.2"", ""I — Retroceso"": ""4.0"", ""J — Trail"": ""5.7"", ""K — Distancia entre ejes"": ""100.7"", ""L — Standover"": ""86.3"", ""Reach (cm)"": ""40.2"", ""Stack (cm)"": ""61.0"", ""Parte central delantera"": ""60.4"", ""Altura mínima del raíl del sillín (con tija corta)"": ""75.4"", ""Altura máxima del raíl del sillín (con tija corta)"": ""81.7"", ""Altura mínima del raíl del sillín (con tija larga)"": ""79.7"", ""Altura máxima del raíl del sillín (con tija larga)"": ""85.9""}",7999,false,https://www.trekbikes.com/es/es_ES/bicicletas/bicicletas-de-carretera/bicicletas-de-carretera-de-rendimiento/madone/madone-slr/madone-slr-7-gen-8/p/46687/,https://www.trekbikes.com/es/es_ES/bicicletas/bicicletas-de-carretera/bicicletas-de-carretera-de-rendimiento/madone/f/F213/madone-slr-7-gen-8/46687/5320259,html,2026-10-05
Trek,Madone [2fc29978],Madone SL 7 Gen 8,2027,carretera,XS,XS,,142,157,"143 - 158 cm 4'8"" - 5'2""",ft-in,507,370,"{""Dimensiones de la rueda"": ""700c"", ""A — Tubo del sillín"": ""40.4"", ""B — Ángulo del tubo del sillín"": ""73.8°"", ""C — Longitud del tubo de dirección"": ""10.0"", ""D — Ángulo de la dirección"": ""71.6°"", ""E — Tubo superior efectivo"": ""51.7"", ""G — Altura del eje de pedalier"": ""7.2"", ""H — Longitud de la vaina"": ""41.0"", ""I — Retroceso"": ""5.0"", ""J — Trail"": ""6.1"", ""K — Distancia entre ejes"": ""97.1"", ""L — Standover"": ""70.4"", ""Reach (cm)"": ""37.0"", ""Stack (cm)"": ""50.7"", ""Parte central delantera"": ""57.2"", ""Altura mínima del raíl del sillín (con tija corta)"": ""54.9"", ""Altura máxima del raíl del sillín (con tija corta)"": ""61.2"", ""Altura mínima del raíl del sillín (con tija larga)"": ""59.2"", ""Altura máxima del raíl del sillín (con tija larga)"": ""65.4""}",5599,false,https://www.trekbikes.com/es/es_ES/bicicletas/bicicletas-de-carretera/bicicletas-de-carretera-de-rendimiento/madone/madone-sl/madone-sl-7-gen-8/p/57664/,https://www.trekbikes.com/es/es_ES/bicicletas/bicicletas-de-carretera/bicicletas-de-carretera-de-rendimiento/madone/f/F213/madone-sl-7-gen-8/57664/5338039,html,2026-10-05
Trek,Madone [2fc29978],Madone SL 7 Gen 8,2027,carretera,S,S,,157,163,"158 - 162 cm 5'2"" - 5'4""",ft-in,530,378,"{""Dimensiones de la rueda"": ""700c"", ""A — Tubo del sillín"": ""44.0"", ""B — Ángulo del tubo del sillín"": ""73.8°"", ""C — Longitud del tubo de dirección"": ""12.1"", ""D — Ángulo de la dirección"": ""72.2°"", ""E — Tubo superior efectivo"": ""53.2"", ""G — Altura del eje de pedalier"": ""7.2"", ""H — Longitud de la vaina"": ""41.0"", ""I — Retroceso"": ""4.5"", ""J — Trail"": ""6.2"", ""K — Distancia entre ejes"": ""97.6"", ""L — Standover"": ""73.4"", ""Reach (cm)"": ""37.8"", ""Stack (cm)"": ""53.0"", ""Parte central delantera"": ""57.7"", ""Altura mínima del raíl del sillín (con tija corta)"": ""58.5"", ""Altura máxima del raíl del sillín (con tija corta)"": ""64.8"", ""Altura mínima del raíl del sillín (con tija larga)"": ""62.8"", ""Altura máxima del raíl del sillín (con tija larga)"": ""69.0""}",5599,false,https://www.trekbikes.com/es/es_ES/bicicletas/bicicletas-de-carretera/bicicletas-de-carretera-de-rendimiento/madone/madone-sl/madone-sl-7-gen-8/p/57664/,https://www.trekbikes.com/es/es_ES/bicicletas/bicicletas-de-carretera/bicicletas-de-carretera-de-rendimiento/madone/f/F213/madone-sl-7-gen-8/57664/5338039,html,2026-10-05
Trek,Madone [2fc29978],Madone SL 7 Gen 8,2027,carretera,M,M,,163,173,"162 - 173 cm 5'4"" - 5'8""",ft-in,546,384,"{""Dimensiones de la rueda"": ""700c"", ""A — Tubo del sillín"": ""47.6"", ""B — Ángulo del tubo del sillín"": ""73.6°"", ""C — Longitud del tubo de dirección"": ""13.6"", ""D — Ángulo de la dirección"": ""72.9°"", ""E — Tubo superior efectivo"": ""54.5"", ""G — Altura del eje de pedalier"": ""7.0"", ""H — Longitud de la vaina"": ""41.0"", ""I — Retroceso"": ""4.5"", ""J — Trail"": ""5.8"", ""K — Distancia entre ejes"": ""98.1"", ""L — Standover"": ""76.2"", ""Reach (cm)"": ""38.4"", ""Stack (cm)"": ""54.6"", ""Parte central delantera"": ""58.2"", ""Altura mínima del raíl del sillín (con tija corta)"": ""62.1"", ""Altura máxima del raíl del sillín (con tija corta)"": ""68.4"", ""Altura mínima del raíl del sillín (con tija larga)"": ""66.4"", ""Altura máxima del raíl del sillín (con tija larga)"": ""72.6""}",5599,false,https://www.trekbikes.com/es/es_ES/bicicletas/bicicletas-de-carretera/bicicletas-de-carretera-de-rendimiento/madone/madone-sl/madone-sl-7-gen-8/p/57664/,https://www.trekbikes.com/es/es_ES/bicicletas/bicicletas-de-carretera/bicicletas-de-carretera-de-rendimiento/madone/f/F213/madone-sl-7-gen-8/57664/5338039,html,2026-10-05
Trek,Madone [2fc29978],Madone SL 7 Gen 8,2027,carretera,ML,,,173,178,"173 - 179 cm 5'8"" - 5'10""",ft-in,562,389,"{""Dimensiones de la rueda"": ""700c"", ""A — Tubo del sillín"": ""51.2"", ""B — Ángulo del tubo del sillín"": ""73.4°"", ""C — Longitud del tubo de dirección"": ""15.0"", ""D — Ángulo de la dirección"": ""73.5°"", ""E — Tubo superior efectivo"": ""55.7"", ""G — Altura del eje de pedalier"": ""7.0"", ""H — Longitud de la vaina"": ""41.0"", ""I — Retroceso"": ""4.0"", ""J — Trail"": ""5.9"", ""K — Distancia entre ejes"": ""98.0"", ""L — Standover"": ""79.0"", ""Reach (cm)"": ""38.9"", ""Stack (cm)"": ""56.2"", ""Parte central delantera"": ""58.1"", ""Altura mínima del raíl del sillín (con tija corta)"": ""65.7"", ""Altura máxima del raíl del sillín (con tija corta)"": ""72.0"", ""Altura mínima del raíl del sillín (con tija larga)"": ""70.0"", ""Altura máxima del raíl del sillín (con tija larga)"": ""76.2""}",5599,false,https://www.trekbikes.com/es/es_ES/bicicletas/bicicletas-de-carretera/bicicletas-de-carretera-de-rendimiento/madone/madone-sl/madone-sl-7-gen-8/p/57664/,https://www.trekbikes.com/es/es_ES/bicicletas/bicicletas-de-carretera/bicicletas-de-carretera-de-rendimiento/madone/f/F213/madone-sl-7-gen-8/57664/5338039,html,2026-10-05
Trek,Madone [2fc29978],Madone SL 7 Gen 8,2027,carretera,L,L,,178,188,"179 - 188 cm 5'10"" - 6'2""",ft-in,582,394,"{""Dimensiones de la rueda"": ""700c"", ""A — Tubo del sillín"": ""54.8"", ""B — Ángulo del tubo del sillín"": ""73.4°"", ""C — Longitud del tubo de dirección"": ""17.2"", ""D — Ángulo de la dirección"": ""73.8°"", ""E — Tubo superior efectivo"": ""56.8"", ""G — Altura del eje de pedalier"": ""6.8"", ""H — Longitud de la vaina"": ""41.1"", ""I — Retroceso"": ""4.0"", ""J — Trail"": ""5.7"", ""K — Distancia entre ejes"": ""99.0"", ""L — Standover"": ""82.0"", ""Reach (cm)"": ""39.4"", ""Stack (cm)"": ""58.2"", ""Parte central delantera"": ""58.9"", ""Altura mínima del raíl del sillín (con tija corta)"": ""69.3"", ""Altura máxima del raíl del sillín (con tija corta)"": ""75.6"", ""Altura mínima del raíl del sillín (con tija larga)"": ""73.6"", ""Altura máxima del raíl del sillín (con tija larga)"": ""79.8""}",5599,false,https://www.trekbikes.com/es/es_ES/bicicletas/bicicletas-de-carretera/bicicletas-de-carretera-de-rendimiento/madone/madone-sl/madone-sl-7-gen-8/p/57664/,https://www.trekbikes.com/es/es_ES/bicicletas/bicicletas-de-carretera/bicicletas-de-carretera-de-rendimiento/madone/f/F213/madone-sl-7-gen-8/57664/5338039,html,2026-10-05
Trek,Madone [2fc29978],Madone SL 7 Gen 8,2027,carretera,XL,XL,,188,198,"188 - 199 cm 6'2"" - 6'6""",ft-in,610,402,"{""Dimensiones de la rueda"": ""700c"", ""A — Tubo del sillín"": ""60.9"", ""B — Ángulo del tubo del sillín"": ""73.4°"", ""C — Longitud del tubo de dirección"": ""20.1"", ""D — Ángulo de la dirección"": ""73.9°"", ""E — Tubo superior efectivo"": ""58.4"", ""G — Altura del eje de pedalier"": ""6.8"", ""H — Longitud de la vaina"": ""41.2"", ""I — Retroceso"": ""4.0"", ""J — Trail"": ""5.7"", ""K — Distancia entre ejes"": ""100.7"", ""L — Standover"": ""86.3"", ""Reach (cm)"": ""40.2"", ""Stack (cm)"": ""61.0"", ""Parte central delantera"": ""60.4"", ""Altura mínima del raíl del sillín (con tija corta)"": ""75.4"", ""Altura máxima del raíl del sillín (con tija corta)"": ""81.7"", ""Altura mínima del raíl del sillín (con tija larga)"": ""79.7"", ""Altura máxima del raíl del sillín (con tija larga)"": ""85.9""}",5599,false,https://www.trekbikes.com/es/es_ES/bicicletas/bicicletas-de-carretera/bicicletas-de-carretera-de-rendimiento/madone/madone-sl/madone-sl-7-gen-8/p/57664/,https://www.trekbikes.com/es/es_ES/bicicletas/bicicletas-de-carretera/bicicletas-de-carretera-de-rendimiento/madone/f/F213/madone-sl-7-gen-8/57664/5338039,html,2026-10-05
Trek,Madone [2fc29978],Madone SL 6 Gen 8,2027,carretera,XS,XS,,142,157,"143 - 158 cm 4'8"" - 5'2""",ft-in,507,370,"{""Dimensiones de la rueda"": ""700c"", ""A — Tubo del sillín"": ""40.4"", ""B — Ángulo del tubo del sillín"": ""73.8°"", ""C — Longitud del tubo de dirección"": ""10.0"", ""D — Ángulo de la dirección"": ""71.6°"", ""E — Tubo superior efectivo"": ""51.7"", ""G — Altura del eje de pedalier"": ""7.2"", ""H — Longitud de la vaina"": ""41.0"", ""I — Retroceso"": ""5.0"", ""J — Trail"": ""6.1"", ""K — Distancia entre ejes"": ""97.1"", ""L — Standover"": ""70.4"", ""Reach (cm)"": ""37.0"", ""Stack (cm)"": ""50.7"", ""Parte central delantera"": ""57.2"", ""Altura mínima del raíl del sillín (con tija corta)"": ""54.9"", ""Altura máxima del raíl del sillín (con tija corta)"": ""61.2"", ""Altura mínima del raíl del sillín (con tija larga)"": ""59.2"", ""Altura máxima del raíl del sillín (con tija larga)"": ""65.4""}",4299,false,https://www.trekbikes.com/es/es_ES/bicicletas/bicicletas-de-carretera/bicicletas-de-carretera-de-rendimiento/madone/madone-sl/madone-sl-6-gen-8/p/57662/,https://www.trekbikes.com/es/es_ES/bicicletas/bicicletas-de-carretera/bicicletas-de-carretera-de-rendimiento/madone/f/F213/madone-sl-6-gen-8/57662/5337977,html,2026-10-05
Trek,Madone [2fc29978],Madone SL 6 Gen 8,2027,carretera,S,S,,157,163,"158 - 162 cm 5'2"" - 5'4""",ft-in,530,378,"{""Dimensiones de la rueda"": ""700c"", ""A — Tubo del sillín"": ""44.0"", ""B — Ángulo del tubo del sillín"": ""73.8°"", ""C — Longitud del tubo de dirección"": ""12.1"", ""D — Ángulo de la dirección"": ""72.2°"", ""E — Tubo superior efectivo"": ""53.2"", ""G — Altura del eje de pedalier"": ""7.2"", ""H — Longitud de la vaina"": ""41.0"", ""I — Retroceso"": ""4.5"", ""J — Trail"": ""6.2"", ""K — Distancia entre ejes"": ""97.6"", ""L — Standover"": ""73.4"", ""Reach (cm)"": ""37.8"", ""Stack (cm)"": ""53.0"", ""Parte central delantera"": ""57.7"", ""Altura mínima del raíl del sillín (con tija corta)"": ""58.5"", ""Altura máxima del raíl del sillín (con tija corta)"": ""64.8"", ""Altura mínima del raíl del sillín (con tija larga)"": ""62.8"", ""Altura máxima del raíl del sillín (con tija larga)"": ""69.0""}",4299,false,https://www.trekbikes.com/es/es_ES/bicicletas/bicicletas-de-carretera/bicicletas-de-carretera-de-rendimiento/madone/madone-sl/madone-sl-6-gen-8/p/57662/,https://www.trekbikes.com/es/es_ES/bicicletas/bicicletas-de-carretera/bicicletas-de-carretera-de-rendimiento/madone/f/F213/madone-sl-6-gen-8/57662/5337977,html,2026-10-05
Trek,Madone [2fc29978],Madone SL 6 Gen 8,2027,carretera,M,M,,163,173,"162 - 173 cm 5'4"" - 5'8""",ft-in,546,384,"{""Dimensiones de la rueda"": ""700c"", ""A — Tubo del sillín"": ""47.6"", ""B — Ángulo del tubo del sillín"": ""73.6°"", ""C — Longitud del tubo de dirección"": ""13.6"", ""D — Ángulo de la dirección"": ""72.9°"", ""E — Tubo superior efectivo"": ""54.5"", ""G — Altura del eje de pedalier"": ""7.0"", ""H — Longitud de la vaina"": ""41.0"", ""I — Retroceso"": ""4.5"", ""J — Trail"": ""5.8"", ""K — Distancia entre ejes"": ""98.1"", ""L — Standover"": ""76.2"", ""Reach (cm)"": ""38.4"", ""Stack (cm)"": ""54.6"", ""Parte central delantera"": ""58.2"", ""Altura mínima del raíl del sillín (con tija corta)"": ""62.1"", ""Altura máxima del raíl del sillín (con tija corta)"": ""68.4"", ""Altura mínima del raíl del sillín (con tija larga)"": ""66.4"", ""Altura máxima del raíl del sillín (con tija larga)"": ""72.6""}",4299,false,https://www.trekbikes.com/es/es_ES/bicicletas/bicicletas-de-carretera/bicicletas-de-carretera-de-rendimiento/madone/madone-sl/madone-sl-6-gen-8/p/57662/,https://www.trekbikes.com/es/es_ES/bicicletas/bicicletas-de-carretera/bicicletas-de-carretera-de-rendimiento/madone/f/F213/madone-sl-6-gen-8/57662/5337977,html,2026-10-05
Trek,Madone [2fc29978],Madone SL 6 Gen 8,2027,carretera,ML,,,173,178,"173 - 179 cm 5'8"" - 5'10""",ft-in,562,389,"{""Dimensiones de la rueda"": ""700c"", ""A — Tubo del sillín"": ""51.2"", ""B — Ángulo del tubo del sillín"": ""73.4°"", ""C — Longitud del tubo de dirección"": ""15.0"", ""D — Ángulo de la dirección"": ""73.5°"", ""E — Tubo superior efectivo"": ""55.7"", ""G — Altura del eje de pedalier"": ""7.0"", ""H — Longitud de la vaina"": ""41.0"", ""I — Retroceso"": ""4.0"", ""J — Trail"": ""5.9"", ""K — Distancia entre ejes"": ""98.0"", ""L — Standover"": ""79.0"", ""Reach (cm)"": ""38.9"", ""Stack (cm)"": ""56.2"", ""Parte central delantera"": ""58.1"", ""Altura mínima del raíl del sillín (con tija corta)"": ""65.7"", ""Altura máxima del raíl del sillín (con tija corta)"": ""72.0"", ""Altura mínima del raíl del sillín (con tija larga)"": ""70.0"", ""Altura máxima del raíl del sillín (con tija larga)"": ""76.2""}",4299,false,https://www.trekbikes.com/es/es_ES/bicicletas/bicicletas-de-carretera/bicicletas-de-carretera-de-rendimiento/madone/madone-sl/madone-sl-6-gen-8/p/57662/,https://www.trekbikes.com/es/es_ES/bicicletas/bicicletas-de-carretera/bicicletas-de-carretera-de-rendimiento/madone/f/F213/madone-sl-6-gen-8/57662/5337977,html,2026-10-05
Trek,Madone [2fc29978],Madone SL 6 Gen 8,2027,carretera,L,L,,178,188,"179 - 188 cm 5'10"" - 6'2""",ft-in,582,394,"{""Dimensiones de la rueda"": ""700c"", ""A — Tubo del sillín"": ""54.8"", ""B — Ángulo del tubo del sillín"": ""73.4°"", ""C — Longitud del tubo de dirección"": ""17.2"", ""D — Ángulo de la dirección"": ""73.8°"", ""E — Tubo superior efectivo"": ""56.8"", ""G — Altura del eje de pedalier"": ""6.8"", ""H — Longitud de la vaina"": ""41.1"", ""I — Retroceso"": ""4.0"", ""J — Trail"": ""5.7"", ""K — Distancia entre ejes"": ""99.0"", ""L — Standover"": ""82.0"", ""Reach (cm)"": ""39.4"", ""Stack (cm)"": ""58.2"", ""Parte central delantera"": ""58.9"", ""Altura mínima del raíl del sillín (con tija corta)"": ""69.3"", ""Altura máxima del raíl del sillín (con tija corta)"": ""75.6"", ""Altura mínima del raíl del sillín (con tija larga)"": ""73.6"", ""Altura máxima del raíl del sillín (con tija larga)"": ""79.8""}",4299,false,https://www.trekbikes.com/es/es_ES/bicicletas/bicicletas-de-carretera/bicicletas-de-carretera-de-rendimiento/madone/madone-sl/madone-sl-6-gen-8/p/57662/,https://www.trekbikes.com/es/es_ES/bicicletas/bicicletas-de-carretera/bicicletas-de-carretera-de-rendimiento/madone/f/F213/madone-sl-6-gen-8/57662/5337977,html,2026-10-05
Trek,Madone [2fc29978],Madone SL 6 Gen 8,2027,carretera,XL,XL,,188,198,"188 - 199 cm 6'2"" - 6'6""",ft-in,610,402,"{""Dimensiones de la rueda"": ""700c"", ""A — Tubo del sillín"": ""60.9"", ""B — Ángulo del tubo del sillín"": ""73.4°"", ""C — Longitud del tubo de dirección"": ""20.1"", ""D — Ángulo de la dirección"": ""73.9°"", ""E — Tubo superior efectivo"": ""58.4"", ""G — Altura del eje de pedalier"": ""6.8"", ""H — Longitud de la vaina"": ""41.2"", ""I — Retroceso"": ""4.0"", ""J — Trail"": ""5.7"", ""K — Distancia entre ejes"": ""100.7"", ""L — Standover"": ""86.3"", ""Reach (cm)"": ""40.2"", ""Stack (cm)"": ""61.0"", ""Parte central delantera"": ""60.4"", ""Altura mínima del raíl del sillín (con tija corta)"": ""75.4"", ""Altura máxima del raíl del sillín (con tija corta)"": ""81.7"", ""Altura mínima del raíl del sillín (con tija larga)"": ""79.7"", ""Altura máxima del raíl del sillín (con tija larga)"": ""85.9""}",4299,false,https://www.trekbikes.com/es/es_ES/bicicletas/bicicletas-de-carretera/bicicletas-de-carretera-de-rendimiento/madone/madone-sl/madone-sl-6-gen-8/p/57662/,https://www.trekbikes.com/es/es_ES/bicicletas/bicicletas-de-carretera/bicicletas-de-carretera-de-rendimiento/madone/f/F213/madone-sl-6-gen-8/57662/5337977,html,2026-10-05
Trek,Madone [2fc29978],Madone SL 6 AXS Gen 8,2027,carretera,XS,XS,,142,157,"143 - 158 cm 4'8"" - 5'2""",ft-in,507,370,"{""Dimensiones de la rueda"": ""700c"", ""A — Tubo del sillín"": ""40.4"", ""B — Ángulo del tubo del sillín"": ""73.8°"", ""C — Longitud del tubo de dirección"": ""10.0"", ""D — Ángulo de la dirección"": ""71.6°"", ""E — Tubo superior efectivo"": ""51.7"", ""G — Altura del eje de pedalier"": ""7.2"", ""H — Longitud de la vaina"": ""41.0"", ""I — Retroceso"": ""5.0"", ""J — Trail"": ""6.1"", ""K — Distancia entre ejes"": ""97.1"", ""L — Standover"": ""70.4"", ""Reach (cm)"": ""37.0"", ""Stack (cm)"": ""50.7"", ""Parte central delantera"": ""57.2"", ""Altura mínima del raíl del sillín (con tija corta)"": ""54.9"", ""Altura máxima del raíl del sillín (con tija corta)"": ""61.2"", ""Altura mínima del raíl del sillín (con tija larga)"": ""59.2"", ""Altura máxima del raíl del sillín (con tija larga)"": ""65.4""}",4299,false,https://www.trekbikes.com/es/es_ES/bicicletas/bicicletas-de-carretera/bicicletas-de-carretera-de-rendimiento/madone/madone-sl/madone-sl-6-axs-gen-8/p/57663/,https://www.trekbikes.com/es/es_ES/bicicletas/bicicletas-de-carretera/bicicletas-de-carretera-de-rendimiento/madone/f/F213/madone-sl-6-axs-gen-8/57663/5338008,html,2026-10-05
Trek,Madone [2fc29978],Madone SL 6 AXS Gen 8,2027,carretera,S,S,,157,163,"158 - 162 cm 5'2"" - 5'4""",ft-in,530,378,"{""Dimensiones de la rueda"": ""700c"", ""A — Tubo del sillín"": ""44.0"", ""B — Ángulo del tubo del sillín"": ""73.8°"", ""C — Longitud del tubo de dirección"": ""12.1"", ""D — Ángulo de la dirección"": ""72.2°"", ""E — Tubo superior efectivo"": ""53.2"", ""G — Altura del eje de pedalier"": ""7.2"", ""H — Longitud de la vaina"": ""41.0"", ""I — Retroceso"": ""4.5"", ""J — Trail"": ""6.2"", ""K — Distancia entre ejes"": ""97.6"", ""L — Standover"": ""73.4"", ""Reach (cm)"": ""37.8"", ""Stack (cm)"": ""53.0"", ""Parte central delantera"": ""57.7"", ""Altura mínima del raíl del sillín (con tija corta)"": ""58.5"", ""Altura máxima del raíl del sillín (con tija corta)"": ""64.8"", ""Altura mínima del raíl del sillín (con tija larga)"": ""62.8"", ""Altura máxima del raíl del sillín (con tija larga)"": ""69.0""}",4299,false,https://www.trekbikes.com/es/es_ES/bicicletas/bicicletas-de-carretera/bicicletas-de-carretera-de-rendimiento/madone/madone-sl/madone-sl-6-axs-gen-8/p/57663/,https://www.trekbikes.com/es/es_ES/bicicletas/bicicletas-de-carretera/bicicletas-de-carretera-de-rendimiento/madone/f/F213/madone-sl-6-axs-gen-8/57663/5338008,html,2026-10-05
Trek,Madone [2fc29978],Madone SL 6 AXS Gen 8,2027,carretera,M,M,,163,173,"162 - 173 cm 5'4"" - 5'8""",ft-in,546,384,"{""Dimensiones de la rueda"": ""700c"", ""A — Tubo del sillín"": ""47.6"", ""B — Ángulo del tubo del sillín"": ""73.6°"", ""C — Longitud del tubo de dirección"": ""13.6"", ""D — Ángulo de la dirección"": ""72.9°"", ""E — Tubo superior efectivo"": ""54.5"", ""G — Altura del eje de pedalier"": ""7.0"", ""H — Longitud de la vaina"": ""41.0"", ""I — Retroceso"": ""4.5"", ""J — Trail"": ""5.8"", ""K — Distancia entre ejes"": ""98.1"", ""L — Standover"": ""76.2"", ""Reach (cm)"": ""38.4"", ""Stack (cm)"": ""54.6"", ""Parte central delantera"": ""58.2"", ""Altura mínima del raíl del sillín (con tija corta)"": ""62.1"", ""Altura máxima del raíl del sillín (con tija corta)"": ""68.4"", ""Altura mínima del raíl del sillín (con tija larga)"": ""66.4"", ""Altura máxima del raíl del sillín (con tija larga)"": ""72.6""}",4299,false,https://www.trekbikes.com/es/es_ES/bicicletas/bicicletas-de-carretera/bicicletas-de-carretera-de-rendimiento/madone/madone-sl/madone-sl-6-axs-gen-8/p/57663/,https://www.trekbikes.com/es/es_ES/bicicletas/bicicletas-de-carretera/bicicletas-de-carretera-de-rendimiento/madone/f/F213/madone-sl-6-axs-gen-8/57663/5338008,html,2026-10-05
Trek,Madone [2fc29978],Madone SL 6 AXS Gen 8,2027,carretera,ML,,,173,178,"173 - 179 cm 5'8"" - 5'10""",ft-in,562,389,"{""Dimensiones de la rueda"": ""700c"", ""A — Tubo del sillín"": ""51.2"", ""B — Ángulo del tubo del sillín"": ""73.4°"", ""C — Longitud del tubo de dirección"": ""15.0"", ""D — Ángulo de la dirección"": ""73.5°"", ""E — Tubo superior efectivo"": ""55.7"", ""G — Altura del eje de pedalier"": ""7.0"", ""H — Longitud de la vaina"": ""41.0"", ""I — Retroceso"": ""4.0"", ""J — Trail"": ""5.9"", ""K — Distancia entre ejes"": ""98.0"", ""L — Standover"": ""79.0"", ""Reach (cm)"": ""38.9"", ""Stack (cm)"": ""56.2"", ""Parte central delantera"": ""58.1"", ""Altura mínima del raíl del sillín (con tija corta)"": ""65.7"", ""Altura máxima del raíl del sillín (con tija corta)"": ""72.0"", ""Altura mínima del raíl del sillín (con tija larga)"": ""70.0"", ""Altura máxima del raíl del sillín (con tija larga)"": ""76.2""}",4299,false,https://www.trekbikes.com/es/es_ES/bicicletas/bicicletas-de-carretera/bicicletas-de-carretera-de-rendimiento/madone/madone-sl/madone-sl-6-axs-gen-8/p/57663/,https://www.trekbikes.com/es/es_ES/bicicletas/bicicletas-de-carretera/bicicletas-de-carretera-de-rendimiento/madone/f/F213/madone-sl-6-axs-gen-8/57663/5338008,html,2026-10-05
Trek,Madone [2fc29978],Madone SL 6 AXS Gen 8,2027,carretera,L,L,,178,188,"179 - 188 cm 5'10"" - 6'2""",ft-in,582,394,"{""Dimensiones de la rueda"": ""700c"", ""A — Tubo del sillín"": ""54.8"", ""B — Ángulo del tubo del sillín"": ""73.4°"", ""C — Longitud del tubo de dirección"": ""17.2"", ""D — Ángulo de la dirección"": ""73.8°"", ""E — Tubo superior efectivo"": ""56.8"", ""G — Altura del eje de pedalier"": ""6.8"", ""H — Longitud de la vaina"": ""41.1"", ""I — Retroceso"": ""4.0"", ""J — Trail"": ""5.7"", ""K — Distancia entre ejes"": ""99.0"", ""L — Standover"": ""82.0"", ""Reach (cm)"": ""39.4"", ""Stack (cm)"": ""58.2"", ""Parte central delantera"": ""58.9"", ""Altura mínima del raíl del sillín (con tija corta)"": ""69.3"", ""Altura máxima del raíl del sillín (con tija corta)"": ""75.6"", ""Altura mínima del raíl del sillín (con tija larga)"": ""73.6"", ""Altura máxima del raíl del sillín (con tija larga)"": ""79.8""}",4299,false,https://www.trekbikes.com/es/es_ES/bicicletas/bicicletas-de-carretera/bicicletas-de-carretera-de-rendimiento/madone/madone-sl/madone-sl-6-axs-gen-8/p/57663/,https://www.trekbikes.com/es/es_ES/bicicletas/bicicletas-de-carretera/bicicletas-de-carretera-de-rendimiento/madone/f/F213/madone-sl-6-axs-gen-8/57663/5338008,html,2026-10-05
Trek,Madone [2fc29978],Madone SL 6 AXS Gen 8,2027,carretera,XL,XL,,188,198,"188 - 199 cm 6'2"" - 6'6""",ft-in,610,402,"{""Dimensiones de la rueda"": ""700c"", ""A — Tubo del sillín"": ""60.9"", ""B — Ángulo del tubo del sillín"": ""73.4°"", ""C — Longitud del tubo de dirección"": ""20.1"", ""D — Ángulo de la dirección"": ""73.9°"", ""E — Tubo superior efectivo"": ""58.4"", ""G — Altura del eje de pedalier"": ""6.8"", ""H — Longitud de la vaina"": ""41.2"", ""I — Retroceso"": ""4.0"", ""J — Trail"": ""5.7"", ""K — Distancia entre ejes"": ""100.7"", ""L — Standover"": ""86.3"", ""Reach (cm)"": ""40.2"", ""Stack (cm)"": ""61.0"", ""Parte central delantera"": ""60.4"", ""Altura mínima del raíl del sillín (con tija corta)"": ""75.4"", ""Altura máxima del raíl del sillín (con tija corta)"": ""81.7"", ""Altura mínima del raíl del sillín (con tija larga)"": ""79.7"", ""Altura máxima del raíl del sillín (con tija larga)"": ""85.9""}",4299,false,https://www.trekbikes.com/es/es_ES/bicicletas/bicicletas-de-carretera/bicicletas-de-carretera-de-rendimiento/madone/madone-sl/madone-sl-6-axs-gen-8/p/57663/,https://www.trekbikes.com/es/es_ES/bicicletas/bicicletas-de-carretera/bicicletas-de-carretera-de-rendimiento/madone/f/F213/madone-sl-6-axs-gen-8/57663/5338008,html,2026-10-05
Trek,Madone [2fc29978],Madone SL 5 Gen 8,2027,carretera,XS,XS,,142,157,"143 - 158 cm 4'8"" - 5'2""",ft-in,507,370,"{""Dimensiones de la rueda"": ""700c"", ""A — Tubo del sillín"": ""40.4"", ""B — Ángulo del tubo del sillín"": ""73.8°"", ""C — Longitud del tubo de dirección"": ""10.0"", ""D — Ángulo de la dirección"": ""71.6°"", ""E — Tubo superior efectivo"": ""51.7"", ""G — Altura del eje de pedalier"": ""7.2"", ""H — Longitud de la vaina"": ""41.0"", ""I — Retroceso"": ""5.0"", ""J — Trail"": ""6.1"", ""K — Distancia entre ejes"": ""97.1"", ""L — Standover"": ""70.4"", ""Reach (cm)"": ""37.0"", ""Stack (cm)"": ""50.7"", ""Parte central delantera"": ""57.2"", ""Altura mínima del raíl del sillín (con tija corta)"": ""54.9"", ""Altura máxima del raíl del sillín (con tija corta)"": ""61.2"", ""Altura mínima del raíl del sillín (con tija larga)"": ""59.2"", ""Altura máxima del raíl del sillín (con tija larga)"": ""65.4""}",2799,false,https://www.trekbikes.com/es/es_ES/bicicletas/bicicletas-de-carretera/bicicletas-de-carretera-de-rendimiento/madone/madone-sl/madone-sl-5-gen-8/p/57653/,https://www.trekbikes.com/es/es_ES/bicicletas/bicicletas-de-carretera/bicicletas-de-carretera-de-rendimiento/madone/f/F213/madone-sl-5-gen-8/57653/5337896,html,2026-10-05
Trek,Madone [2fc29978],Madone SL 5 Gen 8,2027,carretera,S,S,,157,163,"158 - 162 cm 5'2"" - 5'4""",ft-in,530,378,"{""Dimensiones de la rueda"": ""700c"", ""A — Tubo del sillín"": ""44.0"", ""B — Ángulo del tubo del sillín"": ""73.8°"", ""C — Longitud del tubo de dirección"": ""12.1"", ""D — Ángulo de la dirección"": ""72.2°"", ""E — Tubo superior efectivo"": ""53.2"", ""G — Altura del eje de pedalier"": ""7.2"", ""H — Longitud de la vaina"": ""41.0"", ""I — Retroceso"": ""4.5"", ""J — Trail"": ""6.2"", ""K — Distancia entre ejes"": ""97.6"", ""L — Standover"": ""73.4"", ""Reach (cm)"": ""37.8"", ""Stack (cm)"": ""53.0"", ""Parte central delantera"": ""57.7"", ""Altura mínima del raíl del sillín (con tija corta)"": ""58.5"", ""Altura máxima del raíl del sillín (con tija corta)"": ""64.8"", ""Altura mínima del raíl del sillín (con tija larga)"": ""62.8"", ""Altura máxima del raíl del sillín (con tija larga)"": ""69.0""}",2799,false,https://www.trekbikes.com/es/es_ES/bicicletas/bicicletas-de-carretera/bicicletas-de-carretera-de-rendimiento/madone/madone-sl/madone-sl-5-gen-8/p/57653/,https://www.trekbikes.com/es/es_ES/bicicletas/bicicletas-de-carretera/bicicletas-de-carretera-de-rendimiento/madone/f/F213/madone-sl-5-gen-8/57653/5337896,html,2026-10-05
Trek,Madone [2fc29978],Madone SL 5 Gen 8,2027,carretera,M,M,,163,173,"162 - 173 cm 5'4"" - 5'8""",ft-in,546,384,"{""Dimensiones de la rueda"": ""700c"", ""A — Tubo del sillín"": ""47.6"", ""B — Ángulo del tubo del sillín"": ""73.6°"", ""C — Longitud del tubo de dirección"": ""13.6"", ""D — Ángulo de la dirección"": ""72.9°"", ""E — Tubo superior efectivo"": ""54.5"", ""G — Altura del eje de pedalier"": ""7.0"", ""H — Longitud de la vaina"": ""41.0"", ""I — Retroceso"": ""4.5"", ""J — Trail"": ""5.8"", ""K — Distancia entre ejes"": ""98.1"", ""L — Standover"": ""76.2"", ""Reach (cm)"": ""38.4"", ""Stack (cm)"": ""54.6"", ""Parte central delantera"": ""58.2"", ""Altura mínima del raíl del sillín (con tija corta)"": ""62.1"", ""Altura máxima del raíl del sillín (con tija corta)"": ""68.4"", ""Altura mínima del raíl del sillín (con tija larga)"": ""66.4"", ""Altura máxima del raíl del sillín (con tija larga)"": ""72.6""}",2799,false,https://www.trekbikes.com/es/es_ES/bicicletas/bicicletas-de-carretera/bicicletas-de-carretera-de-rendimiento/madone/madone-sl/madone-sl-5-gen-8/p/57653/,https://www.trekbikes.com/es/es_ES/bicicletas/bicicletas-de-carretera/bicicletas-de-carretera-de-rendimiento/madone/f/F213/madone-sl-5-gen-8/57653/5337896,html,2026-10-05
Trek,Madone [2fc29978],Madone SL 5 Gen 8,2027,carretera,ML,,,173,178,"173 - 179 cm 5'8"" - 5'10""",ft-in,562,389,"{""Dimensiones de la rueda"": ""700c"", ""A — Tubo del sillín"": ""51.2"", ""B — Ángulo del tubo del sillín"": ""73.4°"", ""C — Longitud del tubo de dirección"": ""15.0"", ""D — Ángulo de la dirección"": ""73.5°"", ""E — Tubo superior efectivo"": ""55.7"", ""G — Altura del eje de pedalier"": ""7.0"", ""H — Longitud de la vaina"": ""41.0"", ""I — Retroceso"": ""4.0"", ""J — Trail"": ""5.9"", ""K — Distancia entre ejes"": ""98.0"", ""L — Standover"": ""79.0"", ""Reach (cm)"": ""38.9"", ""Stack (cm)"": ""56.2"", ""Parte central delantera"": ""58.1"", ""Altura mínima del raíl del sillín (con tija corta)"": ""65.7"", ""Altura máxima del raíl del sillín (con tija corta)"": ""72.0"", ""Altura mínima del raíl del sillín (con tija larga)"": ""70.0"", ""Altura máxima del raíl del sillín (con tija larga)"": ""76.2""}",2799,false,https://www.trekbikes.com/es/es_ES/bicicletas/bicicletas-de-carretera/bicicletas-de-carretera-de-rendimiento/madone/madone-sl/madone-sl-5-gen-8/p/57653/,https://www.trekbikes.com/es/es_ES/bicicletas/bicicletas-de-carretera/bicicletas-de-carretera-de-rendimiento/madone/f/F213/madone-sl-5-gen-8/57653/5337896,html,2026-10-05
Trek,Madone [2fc29978],Madone SL 5 Gen 8,2027,carretera,L,L,,178,188,"179 - 188 cm 5'10"" - 6'2""",ft-in,582,394,"{""Dimensiones de la rueda"": ""700c"", ""A — Tubo del sillín"": ""54.8"", ""B — Ángulo del tubo del sillín"": ""73.4°"", ""C — Longitud del tubo de dirección"": ""17.2"", ""D — Ángulo de la dirección"": ""73.8°"", ""E — Tubo superior efectivo"": ""56.8"", ""G — Altura del eje de pedalier"": ""6.8"", ""H — Longitud de la vaina"": ""41.1"", ""I — Retroceso"": ""4.0"", ""J — Trail"": ""5.7"", ""K — Distancia entre ejes"": ""99.0"", ""L — Standover"": ""82.0"", ""Reach (cm)"": ""39.4"", ""Stack (cm)"": ""58.2"", ""Parte central delantera"": ""58.9"", ""Altura mínima del raíl del sillín (con tija corta)"": ""69.3"", ""Altura máxima del raíl del sillín (con tija corta)"": ""75.6"", ""Altura mínima del raíl del sillín (con tija larga)"": ""73.6"", ""Altura máxima del raíl del sillín (con tija larga)"": ""79.8""}",2799,false,https://www.trekbikes.com/es/es_ES/bicicletas/bicicletas-de-carretera/bicicletas-de-carretera-de-rendimiento/madone/madone-sl/madone-sl-5-gen-8/p/57653/,https://www.trekbikes.com/es/es_ES/bicicletas/bicicletas-de-carretera/bicicletas-de-carretera-de-rendimiento/madone/f/F213/madone-sl-5-gen-8/57653/5337896,html,2026-10-05
Trek,Madone [2fc29978],Madone SL 5 Gen 8,2027,carretera,XL,XL,,188,198,"188 - 199 cm 6'2"" - 6'6""",ft-in,610,402,"{""Dimensiones de la rueda"": ""700c"", ""A — Tubo del sillín"": ""60.9"", ""B — Ángulo del tubo del sillín"": ""73.4°"", ""C — Longitud del tubo de dirección"": ""20.1"", ""D — Ángulo de la dirección"": ""73.9°"", ""E — Tubo superior efectivo"": ""58.4"", ""G — Altura del eje de pedalier"": ""6.8"", ""H — Longitud de la vaina"": ""41.2"", ""I — Retroceso"": ""4.0"", ""J — Trail"": ""5.7"", ""K — Distancia entre ejes"": ""100.7"", ""L — Standover"": ""86.3"", ""Reach (cm)"": ""40.2"", ""Stack (cm)"": ""61.0"", ""Parte central delantera"": ""60.4"", ""Altura mínima del raíl del sillín (con tija corta)"": ""75.4"", ""Altura máxima del raíl del sillín (con tija corta)"": ""81.7"", ""Altura mínima del raíl del sillín (con tija larga)"": ""79.7"", ""Altura máxima del raíl del sillín (con tija larga)"": ""85.9""}",2799,false,https://www.trekbikes.com/es/es_ES/bicicletas/bicicletas-de-carretera/bicicletas-de-carretera-de-rendimiento/madone/madone-sl/madone-sl-5-gen-8/p/57653/,https://www.trekbikes.com/es/es_ES/bicicletas/bicicletas-de-carretera/bicicletas-de-carretera-de-rendimiento/madone/f/F213/madone-sl-5-gen-8/57653/5337896,html,2026-10-05
Trek,Domane [38944843],Domane SLR 9 AXS n.º 76 Gen 5,2027,carretera,XS,XS,,142,157,"143 - 158 cm 4'8"" - 5'2""",ft-in,524,368,"{""Dimensiones de la rueda"": ""700c"", ""A — Tubo del sillín"": ""44.4"", ""B — Ángulo del tubo del sillín"": ""73.5°"", ""C — Longitud del tubo de dirección"": ""10.6"", ""D — Ángulo de la dirección"": ""71.3°"", ""E — Tubo superior efectivo"": ""52.0"", ""G — Altura del eje de pedalier"": ""8.0"", ""H — Longitud de la vaina"": ""42.0"", ""I — Retroceso"": ""5.3"", ""J — Trail"": ""6.2"", ""K — Distancia entre ejes"": ""98.7"", ""L — Standover"": ""72.1"", ""Reach (cm)"": ""36.8"", ""Stack (cm)"": ""52.4"", ""Parte central delantera"": ""58.0""}",12999,false,https://www.trekbikes.com/es/es_ES/bicicletas/bicicletas-de-carretera/bicicletas-de-carretera-de-rendimiento/domane/domane-slr/domane-slr-9-axs-n-%C2%BA-76-gen-5/p/81730/,https://www.trekbikes.com/es/es_ES/bicicletas/bicicletas-de-carretera/bicicletas-de-carretera-de-rendimiento/domane/f/F221/domane-slr-9-axs-n-%25c2%25ba-76-gen-5/81730/5352737,html,2026-10-05
Trek,Domane [38944843],Domane SLR 9 AXS n.º 76 Gen 5,2027,carretera,S,S,,157,163,"158 - 162 cm 5'2"" - 5'4""",ft-in,555,371,"{""Dimensiones de la rueda"": ""700c"", ""A — Tubo del sillín"": ""47.6"", ""B — Ángulo del tubo del sillín"": ""73.7°"", ""C — Longitud del tubo de dirección"": ""13.9"", ""D — Ángulo de la dirección"": ""71.1°"", ""E — Tubo superior efectivo"": ""53.0"", ""G — Altura del eje de pedalier"": ""8.0"", ""H — Longitud de la vaina"": ""42.0"", ""I — Retroceso"": ""5.3"", ""J — Trail"": ""6.3"", ""K — Distancia entre ejes"": ""100.2"", ""L — Standover"": ""75.3"", ""Reach (cm)"": ""37.1"", ""Stack (cm)"": ""55.5"", ""Parte central delantera"": ""59.5""}",12999,false,https://www.trekbikes.com/es/es_ES/bicicletas/bicicletas-de-carretera/bicicletas-de-carretera-de-rendimiento/domane/domane-slr/domane-slr-9-axs-n-%C2%BA-76-gen-5/p/81730/,https://www.trekbikes.com/es/es_ES/bicicletas/bicicletas-de-carretera/bicicletas-de-carretera-de-rendimiento/domane/f/F221/domane-slr-9-axs-n-%25c2%25ba-76-gen-5/81730/5352737,html,2026-10-05
Trek,Domane [38944843],Domane SLR 9 AXS n.º 76 Gen 5,2027,carretera,M,M,,163,173,"162 - 173 cm 5'4"" - 5'8""",ft-in,575,374,"{""Dimensiones de la rueda"": ""700c"", ""A — Tubo del sillín"": ""50.0"", ""B — Ángulo del tubo del sillín"": ""73.5°"", ""C — Longitud del tubo de dirección"": ""15.9"", ""D — Ángulo de la dirección"": ""71.2°"", ""E — Tubo superior efectivo"": ""54.1"", ""G — Altura del eje de pedalier"": ""8.0"", ""H — Longitud de la vaina"": ""42.0"", ""I — Retroceso"": ""5.3"", ""J — Trail"": ""6.3"", ""K — Distancia entre ejes"": ""101.1"", ""L — Standover"": ""77.5"", ""Reach (cm)"": ""37.4"", ""Stack (cm)"": ""57.5"", ""Parte central delantera"": ""60.4""}",12999,false,https://www.trekbikes.com/es/es_ES/bicicletas/bicicletas-de-carretera/bicicletas-de-carretera-de-rendimiento/domane/domane-slr/domane-slr-9-axs-n-%C2%BA-76-gen-5/p/81730/,https://www.trekbikes.com/es/es_ES/bicicletas/bicicletas-de-carretera/bicicletas-de-carretera-de-rendimiento/domane/f/F221/domane-slr-9-axs-n-%25c2%25ba-76-gen-5/81730/5352737,html,2026-10-05
Trek,Domane [38944843],Domane SLR 9 AXS n.º 76 Gen 5,2027,carretera,ML,,,173,178,"173 - 179 cm 5'8"" - 5'10""",ft-in,596,377,"{""Dimensiones de la rueda"": ""700c"", ""A — Tubo del sillín"": ""53.3"", ""B — Ángulo del tubo del sillín"": ""73.3°"", ""C — Longitud del tubo de dirección"": ""17.0"", ""D — Ángulo de la dirección"": ""71.9°"", ""E — Tubo superior efectivo"": ""55.3"", ""G — Altura del eje de pedalier"": ""7.8"", ""H — Longitud de la vaina"": ""42.0"", ""I — Retroceso"": ""4.8"", ""J — Trail"": ""6.3"", ""K — Distancia entre ejes"": ""101.0"", ""L — Standover"": ""80.5"", ""Reach (cm)"": ""37.7"", ""Stack (cm)"": ""59.6"", ""Parte central delantera"": ""60.2""}",12999,false,https://www.trekbikes.com/es/es_ES/bicicletas/bicicletas-de-carretera/bicicletas-de-carretera-de-rendimiento/domane/domane-slr/domane-slr-9-axs-n-%C2%BA-76-gen-5/p/81730/,https://www.trekbikes.com/es/es_ES/bicicletas/bicicletas-de-carretera/bicicletas-de-carretera-de-rendimiento/domane/f/F221/domane-slr-9-axs-n-%25c2%25ba-76-gen-5/81730/5352737,html,2026-10-05
Trek,Domane [38944843],Domane SLR 9 AXS n.º 76 Gen 5,2027,carretera,L,L,,178,188,"179 - 188 cm 5'10"" - 6'2""",ft-in,618,380,"{""Dimensiones de la rueda"": ""700c"", ""A — Tubo del sillín"": ""55.3"", ""B — Ángulo del tubo del sillín"": ""73.3°"", ""C — Longitud del tubo de dirección"": ""19.2"", ""D — Ángulo de la dirección"": ""72.0°"", ""E — Tubo superior efectivo"": ""56.2"", ""G — Altura del eje de pedalier"": ""7.8"", ""H — Longitud de la vaina"": ""42.0"", ""I — Retroceso"": ""4.8"", ""J — Trail"": ""6.3"", ""K — Distancia entre ejes"": ""101.9"", ""L — Standover"": ""82.6"", ""Reach (cm)"": ""38.0"", ""Stack (cm)"": ""61.8"", ""Parte central delantera"": ""61.1""}",12999,false,https://www.trekbikes.com/es/es_ES/bicicletas/bicicletas-de-carretera/bicicletas-de-carretera-de-rendimiento/domane/domane-slr/domane-slr-9-axs-n-%C2%BA-76-gen-5/p/81730/,https://www.trekbikes.com/es/es_ES/bicicletas/bicicletas-de-carretera/bicicletas-de-carretera-de-rendimiento/domane/f/F221/domane-slr-9-axs-n-%25c2%25ba-76-gen-5/81730/5352737,html,2026-10-05
Trek,Domane [38944843],Domane SLR 9 AXS n.º 76 Gen 5,2027,carretera,XL,XL,,188,198,"188 - 199 cm 6'2"" - 6'6""",ft-in,648,384,"{""Dimensiones de la rueda"": ""700c"", ""A — Tubo del sillín"": ""59.3"", ""B — Ángulo del tubo del sillín"": ""73.3°"", ""C — Longitud del tubo de dirección"": ""22.6"", ""D — Ángulo de la dirección"": ""72.1°"", ""E — Tubo superior efectivo"": ""57.5"", ""G — Altura del eje de pedalier"": ""7.5"", ""H — Longitud de la vaina"": ""42.0"", ""I — Retroceso"": ""4.8"", ""J — Trail"": ""6.2"", ""K — Distancia entre ejes"": ""103.3"", ""L — Standover"": ""86.3"", ""Reach (cm)"": ""38.4"", ""Stack (cm)"": ""64.8"", ""Parte central delantera"": ""62.4""}",12999,false,https://www.trekbikes.com/es/es_ES/bicicletas/bicicletas-de-carretera/bicicletas-de-carretera-de-rendimiento/domane/domane-slr/domane-slr-9-axs-n-%C2%BA-76-gen-5/p/81730/,https://www.trekbikes.com/es/es_ES/bicicletas/bicicletas-de-carretera/bicicletas-de-carretera-de-rendimiento/domane/f/F221/domane-slr-9-axs-n-%25c2%25ba-76-gen-5/81730/5352737,html,2026-10-05
Trek,Domane [38944843],Domane SLR 9 AXS Gen 5,2027,carretera,XS,XS,,142,157,"143 - 158 cm 4'8"" - 5'2""",ft-in,524,368,"{""Dimensiones de la rueda"": ""700c"", ""A — Tubo del sillín"": ""44.4"", ""B — Ángulo del tubo del sillín"": ""73.5°"", ""C — Longitud del tubo de dirección"": ""10.6"", ""D — Ángulo de la dirección"": ""71.3°"", ""E — Tubo superior efectivo"": ""52.0"", ""G — Altura del eje de pedalier"": ""8.0"", ""H — Longitud de la vaina"": ""42.0"", ""I — Retroceso"": ""5.3"", ""J — Trail"": ""6.2"", ""K — Distancia entre ejes"": ""98.7"", ""L — Standover"": ""72.1"", ""Reach (cm)"": ""36.8"", ""Stack (cm)"": ""52.4"", ""Parte central delantera"": ""58.0""}",10499,false,https://www.trekbikes.com/es/es_ES/bicicletas/bicicletas-de-carretera/bicicletas-de-carretera-de-rendimiento/domane/domane-slr/domane-slr-9-axs-gen-5/p/79928/,https://www.trekbikes.com/es/es_ES/bicicletas/bicicletas-de-carretera/bicicletas-de-carretera-de-rendimiento/domane/f/F221/domane-slr-9-axs-gen-5/79928/5350082,html,2026-10-05
Trek,Domane [38944843],Domane SLR 9 AXS Gen 5,2027,carretera,S,S,,157,163,"158 - 162 cm 5'2"" - 5'4""",ft-in,555,371,"{""Dimensiones de la rueda"": ""700c"", ""A — Tubo del sillín"": ""47.6"", ""B — Ángulo del tubo del sillín"": ""73.7°"", ""C — Longitud del tubo de dirección"": ""13.9"", ""D — Ángulo de la dirección"": ""71.1°"", ""E — Tubo superior efectivo"": ""53.0"", ""G — Altura del eje de pedalier"": ""8.0"", ""H — Longitud de la vaina"": ""42.0"", ""I — Retroceso"": ""5.3"", ""J — Trail"": ""6.3"", ""K — Distancia entre ejes"": ""100.2"", ""L — Standover"": ""75.3"", ""Reach (cm)"": ""37.1"", ""Stack (cm)"": ""55.5"", ""Parte central delantera"": ""59.5""}",10499,false,https://www.trekbikes.com/es/es_ES/bicicletas/bicicletas-de-carretera/bicicletas-de-carretera-de-rendimiento/domane/domane-slr/domane-slr-9-axs-gen-5/p/79928/,https://www.trekbikes.com/es/es_ES/bicicletas/bicicletas-de-carretera/bicicletas-de-carretera-de-rendimiento/domane/f/F221/domane-slr-9-axs-gen-5/79928/5350082,html,2026-10-05
Trek,Domane [38944843],Domane SLR 9 AXS Gen 5,2027,carretera,M,M,,163,173,"162 - 173 cm 5'4"" - 5'8""",ft-in,575,374,"{""Dimensiones de la rueda"": ""700c"", ""A — Tubo del sillín"": ""50.0"", ""B — Ángulo del tubo del sillín"": ""73.5°"", ""C — Longitud del tubo de dirección"": ""15.9"", ""D — Ángulo de la dirección"": ""71.2°"", ""E — Tubo superior efectivo"": ""54.1"", ""G — Altura del eje de pedalier"": ""8.0"", ""H — Longitud de la vaina"": ""42.0"", ""I — Retroceso"": ""5.3"", ""J — Trail"": ""6.3"", ""K — Distancia entre ejes"": ""101.1"", ""L — Standover"": ""77.5"", ""Reach (cm)"": ""37.4"", ""Stack (cm)"": ""57.5"", ""Parte central delantera"": ""60.4""}",10499,false,https://www.trekbikes.com/es/es_ES/bicicletas/bicicletas-de-carretera/bicicletas-de-carretera-de-rendimiento/domane/domane-slr/domane-slr-9-axs-gen-5/p/79928/,https://www.trekbikes.com/es/es_ES/bicicletas/bicicletas-de-carretera/bicicletas-de-carretera-de-rendimiento/domane/f/F221/domane-slr-9-axs-gen-5/79928/5350082,html,2026-10-05
Trek,Domane [38944843],Domane SLR 9 AXS Gen 5,2027,carretera,ML,,,173,178,"173 - 179 cm 5'8"" - 5'10""",ft-in,596,377,"{""Dimensiones de la rueda"": ""700c"", ""A — Tubo del sillín"": ""53.3"", ""B — Ángulo del tubo del sillín"": ""73.3°"", ""C — Longitud del tubo de dirección"": ""17.0"", ""D — Ángulo de la dirección"": ""71.9°"", ""E — Tubo superior efectivo"": ""55.3"", ""G — Altura del eje de pedalier"": ""7.8"", ""H — Longitud de la vaina"": ""42.0"", ""I — Retroceso"": ""4.8"", ""J — Trail"": ""6.3"", ""K — Distancia entre ejes"": ""101.0"", ""L — Standover"": ""80.5"", ""Reach (cm)"": ""37.7"", ""Stack (cm)"": ""59.6"", ""Parte central delantera"": ""60.2""}",10499,false,https://www.trekbikes.com/es/es_ES/bicicletas/bicicletas-de-carretera/bicicletas-de-carretera-de-rendimiento/domane/domane-slr/domane-slr-9-axs-gen-5/p/79928/,https://www.trekbikes.com/es/es_ES/bicicletas/bicicletas-de-carretera/bicicletas-de-carretera-de-rendimiento/domane/f/F221/domane-slr-9-axs-gen-5/79928/5350082,html,2026-10-05
Trek,Domane [38944843],Domane SLR 9 AXS Gen 5,2027,carretera,L,L,,178,188,"179 - 188 cm 5'10"" - 6'2""",ft-in,618,380,"{""Dimensiones de la rueda"": ""700c"", ""A — Tubo del sillín"": ""55.3"", ""B — Ángulo del tubo del sillín"": ""73.3°"", ""C — Longitud del tubo de dirección"": ""19.2"", ""D — Ángulo de la dirección"": ""72.0°"", ""E — Tubo superior efectivo"": ""56.2"", ""G — Altura del eje de pedalier"": ""7.8"", ""H — Longitud de la vaina"": ""42.0"", ""I — Retroceso"": ""4.8"", ""J — Trail"": ""6.3"", ""K — Distancia entre ejes"": ""101.9"", ""L — Standover"": ""82.6"", ""Reach (cm)"": ""38.0"", ""Stack (cm)"": ""61.8"", ""Parte central delantera"": ""61.1""}",10499,false,https://www.trekbikes.com/es/es_ES/bicicletas/bicicletas-de-carretera/bicicletas-de-carretera-de-rendimiento/domane/domane-slr/domane-slr-9-axs-gen-5/p/79928/,https://www.trekbikes.com/es/es_ES/bicicletas/bicicletas-de-carretera/bicicletas-de-carretera-de-rendimiento/domane/f/F221/domane-slr-9-axs-gen-5/79928/5350082,html,2026-10-05
Trek,Domane [38944843],Domane SLR 9 AXS Gen 5,2027,carretera,XL,XL,,188,198,"188 - 199 cm 6'2"" - 6'6""",ft-in,648,384,"{""Dimensiones de la rueda"": ""700c"", ""A — Tubo del sillín"": ""59.3"", ""B — Ángulo del tubo del sillín"": ""73.3°"", ""C — Longitud del tubo de dirección"": ""22.6"", ""D — Ángulo de la dirección"": ""72.1°"", ""E — Tubo superior efectivo"": ""57.5"", ""G — Altura del eje de pedalier"": ""7.5"", ""H — Longitud de la vaina"": ""42.0"", ""I — Retroceso"": ""4.8"", ""J — Trail"": ""6.2"", ""K — Distancia entre ejes"": ""103.3"", ""L — Standover"": ""86.3"", ""Reach (cm)"": ""38.4"", ""Stack (cm)"": ""64.8"", ""Parte central delantera"": ""62.4""}",10499,false,https://www.trekbikes.com/es/es_ES/bicicletas/bicicletas-de-carretera/bicicletas-de-carretera-de-rendimiento/domane/domane-slr/domane-slr-9-axs-gen-5/p/79928/,https://www.trekbikes.com/es/es_ES/bicicletas/bicicletas-de-carretera/bicicletas-de-carretera-de-rendimiento/domane/f/F221/domane-slr-9-axs-gen-5/79928/5350082,html,2026-10-05
Trek,Domane [38944843],Domane SLR 9 AXS 1x Gen 5,2027,carretera,XS,XS,,142,157,"143 - 158 cm 4'8"" - 5'2""",ft-in,524,368,"{""Dimensiones de la rueda"": ""700c"", ""A — Tubo del sillín"": ""44.4"", ""B — Ángulo del tubo del sillín"": ""73.5°"", ""C — Longitud del tubo de dirección"": ""10.6"", ""D — Ángulo de la dirección"": ""71.3°"", ""E — Tubo superior efectivo"": ""52.0"", ""G — Altura del eje de pedalier"": ""8.0"", ""H — Longitud de la vaina"": ""42.0"", ""I — Retroceso"": ""5.3"", ""J — Trail"": ""6.2"", ""K — Distancia entre ejes"": ""98.7"", ""L — Standover"": ""72.1"", ""Reach (cm)"": ""36.8"", ""Stack (cm)"": ""52.4"", ""Parte central delantera"": ""58.0""}",10499,false,https://www.trekbikes.com/es/es_ES/bicicletas/bicicletas-de-carretera/bicicletas-de-carretera-de-rendimiento/domane/domane-slr/domane-slr-9-axs-1x-gen-5/p/80163/,https://www.trekbikes.com/es/es_ES/bicicletas/bicicletas-de-carretera/bicicletas-de-carretera-de-rendimiento/domane/f/F221/domane-slr-9-axs-1x-gen-5/80163/5350551,html,2026-10-05
Trek,Domane [38944843],Domane SLR 9 AXS 1x Gen 5,2027,carretera,S,S,,157,163,"158 - 162 cm 5'2"" - 5'4""",ft-in,555,371,"{""Dimensiones de la rueda"": ""700c"", ""A — Tubo del sillín"": ""47.6"", ""B — Ángulo del tubo del sillín"": ""73.7°"", ""C — Longitud del tubo de dirección"": ""13.9"", ""D — Ángulo de la dirección"": ""71.1°"", ""E — Tubo superior efectivo"": ""53.0"", ""G — Altura del eje de pedalier"": ""8.0"", ""H — Longitud de la vaina"": ""42.0"", ""I — Retroceso"": ""5.3"", ""J — Trail"": ""6.3"", ""K — Distancia entre ejes"": ""100.2"", ""L — Standover"": ""75.3"", ""Reach (cm)"": ""37.1"", ""Stack (cm)"": ""55.5"", ""Parte central delantera"": ""59.5""}",10499,false,https://www.trekbikes.com/es/es_ES/bicicletas/bicicletas-de-carretera/bicicletas-de-carretera-de-rendimiento/domane/domane-slr/domane-slr-9-axs-1x-gen-5/p/80163/,https://www.trekbikes.com/es/es_ES/bicicletas/bicicletas-de-carretera/bicicletas-de-carretera-de-rendimiento/domane/f/F221/domane-slr-9-axs-1x-gen-5/80163/5350551,html,2026-10-05
Trek,Domane [38944843],Domane SLR 9 AXS 1x Gen 5,2027,carretera,M,M,,163,173,"162 - 173 cm 5'4"" - 5'8""",ft-in,575,374,"{""Dimensiones de la rueda"": ""700c"", ""A — Tubo del sillín"": ""50.0"", ""B — Ángulo del tubo del sillín"": ""73.5°"", ""C — Longitud del tubo de dirección"": ""15.9"", ""D — Ángulo de la dirección"": ""71.2°"", ""E — Tubo superior efectivo"": ""54.1"", ""G — Altura del eje de pedalier"": ""8.0"", ""H — Longitud de la vaina"": ""42.0"", ""I — Retroceso"": ""5.3"", ""J — Trail"": ""6.3"", ""K — Distancia entre ejes"": ""101.1"", ""L — Standover"": ""77.5"", ""Reach (cm)"": ""37.4"", ""Stack (cm)"": ""57.5"", ""Parte central delantera"": ""60.4""}",10499,false,https://www.trekbikes.com/es/es_ES/bicicletas/bicicletas-de-carretera/bicicletas-de-carretera-de-rendimiento/domane/domane-slr/domane-slr-9-axs-1x-gen-5/p/80163/,https://www.trekbikes.com/es/es_ES/bicicletas/bicicletas-de-carretera/bicicletas-de-carretera-de-rendimiento/domane/f/F221/domane-slr-9-axs-1x-gen-5/80163/5350551,html,2026-10-05
Trek,Domane [38944843],Domane SLR 9 AXS 1x Gen 5,2027,carretera,ML,,,173,178,"173 - 179 cm 5'8"" - 5'10""",ft-in,596,377,"{""Dimensiones de la rueda"": ""700c"", ""A — Tubo del sillín"": ""53.3"", ""B — Ángulo del tubo del sillín"": ""73.3°"", ""C — Longitud del tubo de dirección"": ""17.0"", ""D — Ángulo de la dirección"": ""71.9°"", ""E — Tubo superior efectivo"": ""55.3"", ""G — Altura del eje de pedalier"": ""7.8"", ""H — Longitud de la vaina"": ""42.0"", ""I — Retroceso"": ""4.8"", ""J — Trail"": ""6.3"", ""K — Distancia entre ejes"": ""101.0"", ""L — Standover"": ""80.5"", ""Reach (cm)"": ""37.7"", ""Stack (cm)"": ""59.6"", ""Parte central delantera"": ""60.2""}",10499,false,https://www.trekbikes.com/es/es_ES/bicicletas/bicicletas-de-carretera/bicicletas-de-carretera-de-rendimiento/domane/domane-slr/domane-slr-9-axs-1x-gen-5/p/80163/,https://www.trekbikes.com/es/es_ES/bicicletas/bicicletas-de-carretera/bicicletas-de-carretera-de-rendimiento/domane/f/F221/domane-slr-9-axs-1x-gen-5/80163/5350551,html,2026-10-05
Trek,Domane [38944843],Domane SLR 9 AXS 1x Gen 5,2027,carretera,L,L,,178,188,"179 - 188 cm 5'10"" - 6'2""",ft-in,618,380,"{""Dimensiones de la rueda"": ""700c"", ""A — Tubo del sillín"": ""55.3"", ""B — Ángulo del tubo del sillín"": ""73.3°"", ""C — Longitud del tubo de dirección"": ""19.2"", ""D — Ángulo de la dirección"": ""72.0°"", ""E — Tubo superior efectivo"": ""56.2"", ""G — Altura del eje de pedalier"": ""7.8"", ""H — Longitud de la vaina"": ""42.0"", ""I — Retroceso"": ""4.8"", ""J — Trail"": ""6.3"", ""K — Distancia entre ejes"": ""101.9"", ""L — Standover"": ""82.6"", ""Reach (cm)"": ""38.0"", ""Stack (cm)"": ""61.8"", ""Parte central delantera"": ""61.1""}",10499,false,https://www.trekbikes.com/es/es_ES/bicicletas/bicicletas-de-carretera/bicicletas-de-carretera-de-rendimiento/domane/domane-slr/domane-slr-9-axs-1x-gen-5/p/80163/,https://www.trekbikes.com/es/es_ES/bicicletas/bicicletas-de-carretera/bicicletas-de-carretera-de-rendimiento/domane/f/F221/domane-slr-9-axs-1x-gen-5/80163/5350551,html,2026-10-05
Trek,Domane [38944843],Domane SLR 9 AXS 1x Gen 5,2027,carretera,XL,XL,,188,198,"188 - 199 cm 6'2"" - 6'6""",ft-in,648,384,"{""Dimensiones de la rueda"": ""700c"", ""A — Tubo del sillín"": ""59.3"", ""B — Ángulo del tubo del sillín"": ""73.3°"", ""C — Longitud del tubo de dirección"": ""22.6"", ""D — Ángulo de la dirección"": ""72.1°"", ""E — Tubo superior efectivo"": ""57.5"", ""G — Altura del eje de pedalier"": ""7.5"", ""H — Longitud de la vaina"": ""42.0"", ""I — Retroceso"": ""4.8"", ""J — Trail"": ""6.2"", ""K — Distancia entre ejes"": ""103.3"", ""L — Standover"": ""86.3"", ""Reach (cm)"": ""38.4"", ""Stack (cm)"": ""64.8"", ""Parte central delantera"": ""62.4""}",10499,false,https://www.trekbikes.com/es/es_ES/bicicletas/bicicletas-de-carretera/bicicletas-de-carretera-de-rendimiento/domane/domane-slr/domane-slr-9-axs-1x-gen-5/p/80163/,https://www.trekbikes.com/es/es_ES/bicicletas/bicicletas-de-carretera/bicicletas-de-carretera-de-rendimiento/domane/f/F221/domane-slr-9-axs-1x-gen-5/80163/5350551,html,2026-10-05
Trek,Domane [38944843],Domane SLR 9 Gen 5,2027,carretera,XS,XS,,142,157,"143 - 158 cm 4'8"" - 5'2""",ft-in,524,368,"{""Dimensiones de la rueda"": ""700c"", ""A — Tubo del sillín"": ""44.4"", ""B — Ángulo del tubo del sillín"": ""73.5°"", ""C — Longitud del tubo de dirección"": ""10.6"", ""D — Ángulo de la dirección"": ""71.3°"", ""E — Tubo superior efectivo"": ""52.0"", ""G — Altura del eje de pedalier"": ""8.0"", ""H — Longitud de la vaina"": ""42.0"", ""I — Retroceso"": ""5.3"", ""J — Trail"": ""6.2"", ""K — Distancia entre ejes"": ""98.7"", ""L — Standover"": ""72.1"", ""Reach (cm)"": ""36.8"", ""Stack (cm)"": ""52.4"", ""Parte central delantera"": ""58.0""}",9999,false,https://www.trekbikes.com/es/es_ES/bicicletas/bicicletas-de-carretera/bicicletas-de-carretera-de-rendimiento/domane/domane-slr/domane-slr-9-gen-5/p/79926/,https://www.trekbikes.com/es/es_ES/bicicletas/bicicletas-de-carretera/bicicletas-de-carretera-de-rendimiento/domane/f/F221/domane-slr-9-gen-5/79926/5349986,html,2026-10-05
Trek,Domane [38944843],Domane SLR 9 Gen 5,2027,carretera,S,S,,157,163,"158 - 162 cm 5'2"" - 5'4""",ft-in,555,371,"{""Dimensiones de la rueda"": ""700c"", ""A — Tubo del sillín"": ""47.6"", ""B — Ángulo del tubo del sillín"": ""73.7°"", ""C — Longitud del tubo de dirección"": ""13.9"", ""D — Ángulo de la dirección"": ""71.1°"", ""E — Tubo superior efectivo"": ""53.0"", ""G — Altura del eje de pedalier"": ""8.0"", ""H — Longitud de la vaina"": ""42.0"", ""I — Retroceso"": ""5.3"", ""J — Trail"": ""6.3"", ""K — Distancia entre ejes"": ""100.2"", ""L — Standover"": ""75.3"", ""Reach (cm)"": ""37.1"", ""Stack (cm)"": ""55.5"", ""Parte central delantera"": ""59.5""}",9999,false,https://www.trekbikes.com/es/es_ES/bicicletas/bicicletas-de-carretera/bicicletas-de-carretera-de-rendimiento/domane/domane-slr/domane-slr-9-gen-5/p/79926/,https://www.trekbikes.com/es/es_ES/bicicletas/bicicletas-de-carretera/bicicletas-de-carretera-de-rendimiento/domane/f/F221/domane-slr-9-gen-5/79926/5349986,html,2026-10-05
Trek,Domane [38944843],Domane SLR 9 Gen 5,2027,carretera,M,M,,163,173,"162 - 173 cm 5'4"" - 5'8""",ft-in,575,374,"{""Dimensiones de la rueda"": ""700c"", ""A — Tubo del sillín"": ""50.0"", ""B — Ángulo del tubo del sillín"": ""73.5°"", ""C — Longitud del tubo de dirección"": ""15.9"", ""D — Ángulo de la dirección"": ""71.2°"", ""E — Tubo superior efectivo"": ""54.1"", ""G — Altura del eje de pedalier"": ""8.0"", ""H — Longitud de la vaina"": ""42.0"", ""I — Retroceso"": ""5.3"", ""J — Trail"": ""6.3"", ""K — Distancia entre ejes"": ""101.1"", ""L — Standover"": ""77.5"", ""Reach (cm)"": ""37.4"", ""Stack (cm)"": ""57.5"", ""Parte central delantera"": ""60.4""}",9999,false,https://www.trekbikes.com/es/es_ES/bicicletas/bicicletas-de-carretera/bicicletas-de-carretera-de-rendimiento/domane/domane-slr/domane-slr-9-gen-5/p/79926/,https://www.trekbikes.com/es/es_ES/bicicletas/bicicletas-de-carretera/bicicletas-de-carretera-de-rendimiento/domane/f/F221/domane-slr-9-gen-5/79926/5349986,html,2026-10-05
Trek,Domane [38944843],Domane SLR 9 Gen 5,2027,carretera,ML,,,173,178,"173 - 179 cm 5'8"" - 5'10""",ft-in,596,377,"{""Dimensiones de la rueda"": ""700c"", ""A — Tubo del sillín"": ""53.3"", ""B — Ángulo del tubo del sillín"": ""73.3°"", ""C — Longitud del tubo de dirección"": ""17.0"", ""D — Ángulo de la dirección"": ""71.9°"", ""E — Tubo superior efectivo"": ""55.3"", ""G — Altura del eje de pedalier"": ""7.8"", ""H — Longitud de la vaina"": ""42.0"", ""I — Retroceso"": ""4.8"", ""J — Trail"": ""6.3"", ""K — Distancia entre ejes"": ""101.0"", ""L — Standover"": ""80.5"", ""Reach (cm)"": ""37.7"", ""Stack (cm)"": ""59.6"", ""Parte central delantera"": ""60.2""}",9999,false,https://www.trekbikes.com/es/es_ES/bicicletas/bicicletas-de-carretera/bicicletas-de-carretera-de-rendimiento/domane/domane-slr/domane-slr-9-gen-5/p/79926/,https://www.trekbikes.com/es/es_ES/bicicletas/bicicletas-de-carretera/bicicletas-de-carretera-de-rendimiento/domane/f/F221/domane-slr-9-gen-5/79926/5349986,html,2026-10-05
Trek,Domane [38944843],Domane SLR 9 Gen 5,2027,carretera,L,L,,178,188,"179 - 188 cm 5'10"" - 6'2""",ft-in,618,380,"{""Dimensiones de la rueda"": ""700c"", ""A — Tubo del sillín"": ""55.3"", ""B — Ángulo del tubo del sillín"": ""73.3°"", ""C — Longitud del tubo de dirección"": ""19.2"", ""D — Ángulo de la dirección"": ""72.0°"", ""E — Tubo superior efectivo"": ""56.2"", ""G — Altura del eje de pedalier"": ""7.8"", ""H — Longitud de la vaina"": ""42.0"", ""I — Retroceso"": ""4.8"", ""J — Trail"": ""6.3"", ""K — Distancia entre ejes"": ""101.9"", ""L — Standover"": ""82.6"", ""Reach (cm)"": ""38.0"", ""Stack (cm)"": ""61.8"", ""Parte central delantera"": ""61.1""}",9999,false,https://www.trekbikes.com/es/es_ES/bicicletas/bicicletas-de-carretera/bicicletas-de-carretera-de-rendimiento/domane/domane-slr/domane-slr-9-gen-5/p/79926/,https://www.trekbikes.com/es/es_ES/bicicletas/bicicletas-de-carretera/bicicletas-de-carretera-de-rendimiento/domane/f/F221/domane-slr-9-gen-5/79926/5349986,html,2026-10-05
Trek,Domane [38944843],Domane SLR 9 Gen 5,2027,carretera,XL,XL,,188,198,"188 - 199 cm 6'2"" - 6'6""",ft-in,648,384,"{""Dimensiones de la rueda"": ""700c"", ""A — Tubo del sillín"": ""59.3"", ""B — Ángulo del tubo del sillín"": ""73.3°"", ""C — Longitud del tubo de dirección"": ""22.6"", ""D — Ángulo de la dirección"": ""72.1°"", ""E — Tubo superior efectivo"": ""57.5"", ""G — Altura del eje de pedalier"": ""7.5"", ""H — Longitud de la vaina"": ""42.0"", ""I — Retroceso"": ""4.8"", ""J — Trail"": ""6.2"", ""K — Distancia entre ejes"": ""103.3"", ""L — Standover"": ""86.3"", ""Reach (cm)"": ""38.4"", ""Stack (cm)"": ""64.8"", ""Parte central delantera"": ""62.4""}",9999,false,https://www.trekbikes.com/es/es_ES/bicicletas/bicicletas-de-carretera/bicicletas-de-carretera-de-rendimiento/domane/domane-slr/domane-slr-9-gen-5/p/79926/,https://www.trekbikes.com/es/es_ES/bicicletas/bicicletas-de-carretera/bicicletas-de-carretera-de-rendimiento/domane/f/F221/domane-slr-9-gen-5/79926/5349986,html,2026-10-05
Trek,Domane [38944843],Domane SLR 7 AXS Gen 5,2027,carretera,XS,XS,,142,157,"143 - 158 cm 4'8"" - 5'2""",ft-in,524,368,"{""Dimensiones de la rueda"": ""700c"", ""A — Tubo del sillín"": ""44.4"", ""B — Ángulo del tubo del sillín"": ""73.5°"", ""C — Longitud del tubo de dirección"": ""10.6"", ""D — Ángulo de la dirección"": ""71.3°"", ""E — Tubo superior efectivo"": ""52.0"", ""G — Altura del eje de pedalier"": ""8.0"", ""H — Longitud de la vaina"": ""42.0"", ""I — Retroceso"": ""5.3"", ""J — Trail"": ""6.2"", ""K — Distancia entre ejes"": ""98.7"", ""L — Standover"": ""72.1"", ""Reach (cm)"": ""36.8"", ""Stack (cm)"": ""52.4"", ""Parte central delantera"": ""58.0""}",7499,false,https://www.trekbikes.com/es/es_ES/bicicletas/bicicletas-de-carretera/bicicletas-de-carretera-de-rendimiento/domane/domane-slr/domane-slr-7-axs-gen-5/p/79927/,https://www.trekbikes.com/es/es_ES/bicicletas/bicicletas-de-carretera/bicicletas-de-carretera-de-rendimiento/domane/f/F221/domane-slr-7-axs-gen-5/79927/5350034,html,2026-10-05
Trek,Domane [38944843],Domane SLR 7 AXS Gen 5,2027,carretera,S,S,,157,163,"158 - 162 cm 5'2"" - 5'4""",ft-in,555,371,"{""Dimensiones de la rueda"": ""700c"", ""A — Tubo del sillín"": ""47.6"", ""B — Ángulo del tubo del sillín"": ""73.7°"", ""C — Longitud del tubo de dirección"": ""13.9"", ""D — Ángulo de la dirección"": ""71.1°"", ""E — Tubo superior efectivo"": ""53.0"", ""G — Altura del eje de pedalier"": ""8.0"", ""H — Longitud de la vaina"": ""42.0"", ""I — Retroceso"": ""5.3"", ""J — Trail"": ""6.3"", ""K — Distancia entre ejes"": ""100.2"", ""L — Standover"": ""75.3"", ""Reach (cm)"": ""37.1"", ""Stack (cm)"": ""55.5"", ""Parte central delantera"": ""59.5""}",7499,false,https://www.trekbikes.com/es/es_ES/bicicletas/bicicletas-de-carretera/bicicletas-de-carretera-de-rendimiento/domane/domane-slr/domane-slr-7-axs-gen-5/p/79927/,https://www.trekbikes.com/es/es_ES/bicicletas/bicicletas-de-carretera/bicicletas-de-carretera-de-rendimiento/domane/f/F221/domane-slr-7-axs-gen-5/79927/5350034,html,2026-10-05
Trek,Domane [38944843],Domane SLR 7 AXS Gen 5,2027,carretera,M,M,,163,173,"162 - 173 cm 5'4"" - 5'8""",ft-in,575,374,"{""Dimensiones de la rueda"": ""700c"", ""A — Tubo del sillín"": ""50.0"", ""B — Ángulo del tubo del sillín"": ""73.5°"", ""C — Longitud del tubo de dirección"": ""15.9"", ""D — Ángulo de la dirección"": ""71.2°"", ""E — Tubo superior efectivo"": ""54.1"", ""G — Altura del eje de pedalier"": ""8.0"", ""H — Longitud de la vaina"": ""42.0"", ""I — Retroceso"": ""5.3"", ""J — Trail"": ""6.3"", ""K — Distancia entre ejes"": ""101.1"", ""L — Standover"": ""77.5"", ""Reach (cm)"": ""37.4"", ""Stack (cm)"": ""57.5"", ""Parte central delantera"": ""60.4""}",7499,false,https://www.trekbikes.com/es/es_ES/bicicletas/bicicletas-de-carretera/bicicletas-de-carretera-de-rendimiento/domane/domane-slr/domane-slr-7-axs-gen-5/p/79927/,https://www.trekbikes.com/es/es_ES/bicicletas/bicicletas-de-carretera/bicicletas-de-carretera-de-rendimiento/domane/f/F221/domane-slr-7-axs-gen-5/79927/5350034,html,2026-10-05
Trek,Domane [38944843],Domane SLR 7 AXS Gen 5,2027,carretera,ML,,,173,178,"173 - 179 cm 5'8"" - 5'10""",ft-in,596,377,"{""Dimensiones de la rueda"": ""700c"", ""A — Tubo del sillín"": ""53.3"", ""B — Ángulo del tubo del sillín"": ""73.3°"", ""C — Longitud del tubo de dirección"": ""17.0"", ""D — Ángulo de la dirección"": ""71.9°"", ""E — Tubo superior efectivo"": ""55.3"", ""G — Altura del eje de pedalier"": ""7.8"", ""H — Longitud de la vaina"": ""42.0"", ""I — Retroceso"": ""4.8"", ""J — Trail"": ""6.3"", ""K — Distancia entre ejes"": ""101.0"", ""L — Standover"": ""80.5"", ""Reach (cm)"": ""37.7"", ""Stack (cm)"": ""59.6"", ""Parte central delantera"": ""60.2""}",7499,false,https://www.trekbikes.com/es/es_ES/bicicletas/bicicletas-de-carretera/bicicletas-de-carretera-de-rendimiento/domane/domane-slr/domane-slr-7-axs-gen-5/p/79927/,https://www.trekbikes.com/es/es_ES/bicicletas/bicicletas-de-carretera/bicicletas-de-carretera-de-rendimiento/domane/f/F221/domane-slr-7-axs-gen-5/79927/5350034,html,2026-10-05
Trek,Domane [38944843],Domane SLR 7 AXS Gen 5,2027,carretera,L,L,,178,188,"179 - 188 cm 5'10"" - 6'2""",ft-in,618,380,"{""Dimensiones de la rueda"": ""700c"", ""A — Tubo del sillín"": ""55.3"", ""B — Ángulo del tubo del sillín"": ""73.3°"", ""C — Longitud del tubo de dirección"": ""19.2"", ""D — Ángulo de la dirección"": ""72.0°"", ""E — Tubo superior efectivo"": ""56.2"", ""G — Altura del eje de pedalier"": ""7.8"", ""H — Longitud de la vaina"": ""42.0"", ""I — Retroceso"": ""4.8"", ""J — Trail"": ""6.3"", ""K — Distancia entre ejes"": ""101.9"", ""L — Standover"": ""82.6"", ""Reach (cm)"": ""38.0"", ""Stack (cm)"": ""61.8"", ""Parte central delantera"": ""61.1""}",7499,false,https://www.trekbikes.com/es/es_ES/bicicletas/bicicletas-de-carretera/bicicletas-de-carretera-de-rendimiento/domane/domane-slr/domane-slr-7-axs-gen-5/p/79927/,https://www.trekbikes.com/es/es_ES/bicicletas/bicicletas-de-carretera/bicicletas-de-carretera-de-rendimiento/domane/f/F221/domane-slr-7-axs-gen-5/79927/5350034,html,2026-10-05
Trek,Domane [38944843],Domane SLR 7 AXS Gen 5,2027,carretera,XL,XL,,188,198,"188 - 199 cm 6'2"" - 6'6""",ft-in,648,384,"{""Dimensiones de la rueda"": ""700c"", ""A — Tubo del sillín"": ""59.3"", ""B — Ángulo del tubo del sillín"": ""73.3°"", ""C — Longitud del tubo de dirección"": ""22.6"", ""D — Ángulo de la dirección"": ""72.1°"", ""E — Tubo superior efectivo"": ""57.5"", ""G — Altura del eje de pedalier"": ""7.5"", ""H — Longitud de la vaina"": ""42.0"", ""I — Retroceso"": ""4.8"", ""J — Trail"": ""6.2"", ""K — Distancia entre ejes"": ""103.3"", ""L — Standover"": ""86.3"", ""Reach (cm)"": ""38.4"", ""Stack (cm)"": ""64.8"", ""Parte central delantera"": ""62.4""}",7499,false,https://www.trekbikes.com/es/es_ES/bicicletas/bicicletas-de-carretera/bicicletas-de-carretera-de-rendimiento/domane/domane-slr/domane-slr-7-axs-gen-5/p/79927/,https://www.trekbikes.com/es/es_ES/bicicletas/bicicletas-de-carretera/bicicletas-de-carretera-de-rendimiento/domane/f/F221/domane-slr-7-axs-gen-5/79927/5350034,html,2026-10-05
Trek,Domane [38944843],Domane SLR 7 Gen 5,2027,carretera,XS,XS,,142,157,"143 - 158 cm 4'8"" - 5'2""",ft-in,524,368,"{""Dimensiones de la rueda"": ""700c"", ""A — Tubo del sillín"": ""44.4"", ""B — Ángulo del tubo del sillín"": ""73.5°"", ""C — Longitud del tubo de dirección"": ""10.6"", ""D — Ángulo de la dirección"": ""71.3°"", ""E — Tubo superior efectivo"": ""52.0"", ""G — Altura del eje de pedalier"": ""8.0"", ""H — Longitud de la vaina"": ""42.0"", ""I — Retroceso"": ""5.3"", ""J — Trail"": ""6.2"", ""K — Distancia entre ejes"": ""98.7"", ""L — Standover"": ""72.1"", ""Reach (cm)"": ""36.8"", ""Stack (cm)"": ""52.4"", ""Parte central delantera"": ""58.0""}",6999,false,https://www.trekbikes.com/es/es_ES/bicicletas/bicicletas-de-carretera/bicicletas-de-carretera-de-rendimiento/domane/domane-slr/domane-slr-7-gen-5/p/79925/,https://www.trekbikes.com/es/es_ES/bicicletas/bicicletas-de-carretera/bicicletas-de-carretera-de-rendimiento/domane/f/F221/domane-slr-7-gen-5/79925/5349938,html,2026-10-05
Trek,Domane [38944843],Domane SLR 7 Gen 5,2027,carretera,S,S,,157,163,"158 - 162 cm 5'2"" - 5'4""",ft-in,555,371,"{""Dimensiones de la rueda"": ""700c"", ""A — Tubo del sillín"": ""47.6"", ""B — Ángulo del tubo del sillín"": ""73.7°"", ""C — Longitud del tubo de dirección"": ""13.9"", ""D — Ángulo de la dirección"": ""71.1°"", ""E — Tubo superior efectivo"": ""53.0"", ""G — Altura del eje de pedalier"": ""8.0"", ""H — Longitud de la vaina"": ""42.0"", ""I — Retroceso"": ""5.3"", ""J — Trail"": ""6.3"", ""K — Distancia entre ejes"": ""100.2"", ""L — Standover"": ""75.3"", ""Reach (cm)"": ""37.1"", ""Stack (cm)"": ""55.5"", ""Parte central delantera"": ""59.5""}",6999,false,https://www.trekbikes.com/es/es_ES/bicicletas/bicicletas-de-carretera/bicicletas-de-carretera-de-rendimiento/domane/domane-slr/domane-slr-7-gen-5/p/79925/,https://www.trekbikes.com/es/es_ES/bicicletas/bicicletas-de-carretera/bicicletas-de-carretera-de-rendimiento/domane/f/F221/domane-slr-7-gen-5/79925/5349938,html,2026-10-05
Trek,Domane [38944843],Domane SLR 7 Gen 5,2027,carretera,M,M,,163,173,"162 - 173 cm 5'4"" - 5'8""",ft-in,575,374,"{""Dimensiones de la rueda"": ""700c"", ""A — Tubo del sillín"": ""50.0"", ""B — Ángulo del tubo del sillín"": ""73.5°"", ""C — Longitud del tubo de dirección"": ""15.9"", ""D — Ángulo de la dirección"": ""71.2°"", ""E — Tubo superior efectivo"": ""54.1"", ""G — Altura del eje de pedalier"": ""8.0"", ""H — Longitud de la vaina"": ""42.0"", ""I — Retroceso"": ""5.3"", ""J — Trail"": ""6.3"", ""K — Distancia entre ejes"": ""101.1"", ""L — Standover"": ""77.5"", ""Reach (cm)"": ""37.4"", ""Stack (cm)"": ""57.5"", ""Parte central delantera"": ""60.4""}",6999,false,https://www.trekbikes.com/es/es_ES/bicicletas/bicicletas-de-carretera/bicicletas-de-carretera-de-rendimiento/domane/domane-slr/domane-slr-7-gen-5/p/79925/,https://www.trekbikes.com/es/es_ES/bicicletas/bicicletas-de-carretera/bicicletas-de-carretera-de-rendimiento/domane/f/F221/domane-slr-7-gen-5/79925/5349938,html,2026-10-05
Trek,Domane [38944843],Domane SLR 7 Gen 5,2027,carretera,ML,,,173,178,"173 - 179 cm 5'8"" - 5'10""",ft-in,596,377,"{""Dimensiones de la rueda"": ""700c"", ""A — Tubo del sillín"": ""53.3"", ""B — Ángulo del tubo del sillín"": ""73.3°"", ""C — Longitud del tubo de dirección"": ""17.0"", ""D — Ángulo de la dirección"": ""71.9°"", ""E — Tubo superior efectivo"": ""55.3"", ""G — Altura del eje de pedalier"": ""7.8"", ""H — Longitud de la vaina"": ""42.0"", ""I — Retroceso"": ""4.8"", ""J — Trail"": ""6.3"", ""K — Distancia entre ejes"": ""101.0"", ""L — Standover"": ""80.5"", ""Reach (cm)"": ""37.7"", ""Stack (cm)"": ""59.6"", ""Parte central delantera"": ""60.2""}",6999,false,https://www.trekbikes.com/es/es_ES/bicicletas/bicicletas-de-carretera/bicicletas-de-carretera-de-rendimiento/domane/domane-slr/domane-slr-7-gen-5/p/79925/,https://www.trekbikes.com/es/es_ES/bicicletas/bicicletas-de-carretera/bicicletas-de-carretera-de-rendimiento/domane/f/F221/domane-slr-7-gen-5/79925/5349938,html,2026-10-05
Trek,Domane [38944843],Domane SLR 7 Gen 5,2027,carretera,L,L,,178,188,"179 - 188 cm 5'10"" - 6'2""",ft-in,618,380,"{""Dimensiones de la rueda"": ""700c"", ""A — Tubo del sillín"": ""55.3"", ""B — Ángulo del tubo del sillín"": ""73.3°"", ""C — Longitud del tubo de dirección"": ""19.2"", ""D — Ángulo de la dirección"": ""72.0°"", ""E — Tubo superior efectivo"": ""56.2"", ""G — Altura del eje de pedalier"": ""7.8"", ""H — Longitud de la vaina"": ""42.0"", ""I — Retroceso"": ""4.8"", ""J — Trail"": ""6.3"", ""K — Distancia entre ejes"": ""101.9"", ""L — Standover"": ""82.6"", ""Reach (cm)"": ""38.0"", ""Stack (cm)"": ""61.8"", ""Parte central delantera"": ""61.1""}",6999,false,https://www.trekbikes.com/es/es_ES/bicicletas/bicicletas-de-carretera/bicicletas-de-carretera-de-rendimiento/domane/domane-slr/domane-slr-7-gen-5/p/79925/,https://www.trekbikes.com/es/es_ES/bicicletas/bicicletas-de-carretera/bicicletas-de-carretera-de-rendimiento/domane/f/F221/domane-slr-7-gen-5/79925/5349938,html,2026-10-05
Trek,Domane [38944843],Domane SLR 7 Gen 5,2027,carretera,XL,XL,,188,198,"188 - 199 cm 6'2"" - 6'6""",ft-in,648,384,"{""Dimensiones de la rueda"": ""700c"", ""A — Tubo del sillín"": ""59.3"", ""B — Ángulo del tubo del sillín"": ""73.3°"", ""C — Longitud del tubo de dirección"": ""22.6"", ""D — Ángulo de la dirección"": ""72.1°"", ""E — Tubo superior efectivo"": ""57.5"", ""G — Altura del eje de pedalier"": ""7.5"", ""H — Longitud de la vaina"": ""42.0"", ""I — Retroceso"": ""4.8"", ""J — Trail"": ""6.2"", ""K — Distancia entre ejes"": ""103.3"", ""L — Standover"": ""86.3"", ""Reach (cm)"": ""38.4"", ""Stack (cm)"": ""64.8"", ""Parte central delantera"": ""62.4""}",6999,false,https://www.trekbikes.com/es/es_ES/bicicletas/bicicletas-de-carretera/bicicletas-de-carretera-de-rendimiento/domane/domane-slr/domane-slr-7-gen-5/p/79925/,https://www.trekbikes.com/es/es_ES/bicicletas/bicicletas-de-carretera/bicicletas-de-carretera-de-rendimiento/domane/f/F221/domane-slr-7-gen-5/79925/5349938,html,2026-10-05
Trek,Domane [38944843],Domane SL 7 AXS 1x Gen 5,2027,carretera,XS,XS,,142,157,"143 - 158 cm 4'8"" - 5'2""",ft-in,524,368,"{""Dimensiones de la rueda"": ""700c"", ""A — Tubo del sillín"": ""44.4"", ""B — Ángulo del tubo del sillín"": ""73.5°"", ""C — Longitud del tubo de dirección"": ""10.6"", ""D — Ángulo de la dirección"": ""71.3°"", ""E — Tubo superior efectivo"": ""52.0"", ""G — Altura del eje de pedalier"": ""8.0"", ""H — Longitud de la vaina"": ""42.0"", ""I — Retroceso"": ""5.3"", ""J — Trail"": ""6.2"", ""K — Distancia entre ejes"": ""98.7"", ""L — Standover"": ""72.1"", ""Reach (cm)"": ""36.8"", ""Stack (cm)"": ""52.4"", ""Parte central delantera"": ""58.0""}",4999,false,https://www.trekbikes.com/es/es_ES/bicicletas/bicicletas-de-carretera/bicicletas-de-carretera-de-rendimiento/domane/domane-sl/domane-sl-7-axs-1x-gen-5/p/79818/,https://www.trekbikes.com/es/es_ES/bicicletas/bicicletas-de-carretera/bicicletas-de-carretera-de-rendimiento/domane/f/F221/domane-sl-7-axs-1x-gen-5/79818/5349533,html,2026-10-05
Trek,Domane [38944843],Domane SL 7 AXS 1x Gen 5,2027,carretera,S,S,,157,163,"158 - 162 cm 5'2"" - 5'4""",ft-in,555,371,"{""Dimensiones de la rueda"": ""700c"", ""A — Tubo del sillín"": ""47.6"", ""B — Ángulo del tubo del sillín"": ""73.7°"", ""C — Longitud del tubo de dirección"": ""13.9"", ""D — Ángulo de la dirección"": ""71.1°"", ""E — Tubo superior efectivo"": ""53.0"", ""G — Altura del eje de pedalier"": ""8.0"", ""H — Longitud de la vaina"": ""42.0"", ""I — Retroceso"": ""5.3"", ""J — Trail"": ""6.3"", ""K — Distancia entre ejes"": ""100.2"", ""L — Standover"": ""75.3"", ""Reach (cm)"": ""37.1"", ""Stack (cm)"": ""55.5"", ""Parte central delantera"": ""59.5""}",4999,false,https://www.trekbikes.com/es/es_ES/bicicletas/bicicletas-de-carretera/bicicletas-de-carretera-de-rendimiento/domane/domane-sl/domane-sl-7-axs-1x-gen-5/p/79818/,https://www.trekbikes.com/es/es_ES/bicicletas/bicicletas-de-carretera/bicicletas-de-carretera-de-rendimiento/domane/f/F221/domane-sl-7-axs-1x-gen-5/79818/5349533,html,2026-10-05
Trek,Domane [38944843],Domane SL 7 AXS 1x Gen 5,2027,carretera,M,M,,163,173,"162 - 173 cm 5'4"" - 5'8""",ft-in,575,374,"{""Dimensiones de la rueda"": ""700c"", ""A — Tubo del sillín"": ""50.0"", ""B — Ángulo del tubo del sillín"": ""73.5°"", ""C — Longitud del tubo de dirección"": ""15.9"", ""D — Ángulo de la dirección"": ""71.2°"", ""E — Tubo superior efectivo"": ""54.1"", ""G — Altura del eje de pedalier"": ""8.0"", ""H — Longitud de la vaina"": ""42.0"", ""I — Retroceso"": ""5.3"", ""J — Trail"": ""6.3"", ""K — Distancia entre ejes"": ""101.1"", ""L — Standover"": ""77.5"", ""Reach (cm)"": ""37.4"", ""Stack (cm)"": ""57.5"", ""Parte central delantera"": ""60.4""}",4999,false,https://www.trekbikes.com/es/es_ES/bicicletas/bicicletas-de-carretera/bicicletas-de-carretera-de-rendimiento/domane/domane-sl/domane-sl-7-axs-1x-gen-5/p/79818/,https://www.trekbikes.com/es/es_ES/bicicletas/bicicletas-de-carretera/bicicletas-de-carretera-de-rendimiento/domane/f/F221/domane-sl-7-axs-1x-gen-5/79818/5349533,html,2026-10-05
Trek,Domane [38944843],Domane SL 7 AXS 1x Gen 5,2027,carretera,ML,,,173,178,"173 - 179 cm 5'8"" - 5'10""",ft-in,596,377,"{""Dimensiones de la rueda"": ""700c"", ""A — Tubo del sillín"": ""53.3"", ""B — Ángulo del tubo del sillín"": ""73.3°"", ""C — Longitud del tubo de dirección"": ""17.0"", ""D — Ángulo de la dirección"": ""71.9°"", ""E — Tubo superior efectivo"": ""55.3"", ""G — Altura del eje de pedalier"": ""7.8"", ""H — Longitud de la vaina"": ""42.0"", ""I — Retroceso"": ""4.8"", ""J — Trail"": ""6.3"", ""K — Distancia entre ejes"": ""101.0"", ""L — Standover"": ""80.5"", ""Reach (cm)"": ""37.7"", ""Stack (cm)"": ""59.6"", ""Parte central delantera"": ""60.2""}",4999,false,https://www.trekbikes.com/es/es_ES/bicicletas/bicicletas-de-carretera/bicicletas-de-carretera-de-rendimiento/domane/domane-sl/domane-sl-7-axs-1x-gen-5/p/79818/,https://www.trekbikes.com/es/es_ES/bicicletas/bicicletas-de-carretera/bicicletas-de-carretera-de-rendimiento/domane/f/F221/domane-sl-7-axs-1x-gen-5/79818/5349533,html,2026-10-05
Trek,Domane [38944843],Domane SL 7 AXS 1x Gen 5,2027,carretera,L,L,,178,188,"179 - 188 cm 5'10"" - 6'2""",ft-in,618,380,"{""Dimensiones de la rueda"": ""700c"", ""A — Tubo del sillín"": ""55.3"", ""B — Ángulo del tubo del sillín"": ""73.3°"", ""C — Longitud del tubo de dirección"": ""19.2"", ""D — Ángulo de la dirección"": ""72.0°"", ""E — Tubo superior efectivo"": ""56.2"", ""G — Altura del eje de pedalier"": ""7.8"", ""H — Longitud de la vaina"": ""42.0"", ""I — Retroceso"": ""4.8"", ""J — Trail"": ""6.3"", ""K — Distancia entre ejes"": ""101.9"", ""L — Standover"": ""82.6"", ""Reach (cm)"": ""38.0"", ""Stack (cm)"": ""61.8"", ""Parte central delantera"": ""61.1""}",4999,false,https://www.trekbikes.com/es/es_ES/bicicletas/bicicletas-de-carretera/bicicletas-de-carretera-de-rendimiento/domane/domane-sl/domane-sl-7-axs-1x-gen-5/p/79818/,https://www.trekbikes.com/es/es_ES/bicicletas/bicicletas-de-carretera/bicicletas-de-carretera-de-rendimiento/domane/f/F221/domane-sl-7-axs-1x-gen-5/79818/5349533,html,2026-10-05
Trek,Domane [38944843],Domane SL 7 AXS 1x Gen 5,2027,carretera,XL,XL,,188,198,"188 - 199 cm 6'2"" - 6'6""",ft-in,648,384,"{""Dimensiones de la rueda"": ""700c"", ""A — Tubo del sillín"": ""59.3"", ""B — Ángulo del tubo del sillín"": ""73.3°"", ""C — Longitud del tubo de dirección"": ""22.6"", ""D — Ángulo de la dirección"": ""72.1°"", ""E — Tubo superior efectivo"": ""57.5"", ""G — Altura del eje de pedalier"": ""7.5"", ""H — Longitud de la vaina"": ""42.0"", ""I — Retroceso"": ""4.8"", ""J — Trail"": ""6.2"", ""K — Distancia entre ejes"": ""103.3"", ""L — Standover"": ""86.3"", ""Reach (cm)"": ""38.4"", ""Stack (cm)"": ""64.8"", ""Parte central delantera"": ""62.4""}",4999,false,https://www.trekbikes.com/es/es_ES/bicicletas/bicicletas-de-carretera/bicicletas-de-carretera-de-rendimiento/domane/domane-sl/domane-sl-7-axs-1x-gen-5/p/79818/,https://www.trekbikes.com/es/es_ES/bicicletas/bicicletas-de-carretera/bicicletas-de-carretera-de-rendimiento/domane/f/F221/domane-sl-7-axs-1x-gen-5/79818/5349533,html,2026-10-05
Trek,Domane [38944843],Domane SL 6 AXS Gen 5,2027,carretera,XS,XS,,142,157,"143 - 158 cm 4'8"" - 5'2""",ft-in,524,368,"{""Dimensiones de la rueda"": ""700c"", ""A — Tubo del sillín"": ""44.4"", ""B — Ángulo del tubo del sillín"": ""73.5°"", ""C — Longitud del tubo de dirección"": ""10.6"", ""D — Ángulo de la dirección"": ""71.3°"", ""E — Tubo superior efectivo"": ""52.0"", ""G — Altura del eje de pedalier"": ""8.0"", ""H — Longitud de la vaina"": ""42.0"", ""I — Retroceso"": ""5.3"", ""J — Trail"": ""6.2"", ""K — Distancia entre ejes"": ""98.7"", ""L — Standover"": ""72.1"", ""Reach (cm)"": ""36.8"", ""Stack (cm)"": ""52.4"", ""Parte central delantera"": ""58.0""}",3999,false,https://www.trekbikes.com/es/es_ES/bicicletas/bicicletas-de-carretera/bicicletas-de-carretera-de-rendimiento/domane/domane-sl/domane-sl-6-axs-gen-5/p/79844/,https://www.trekbikes.com/es/es_ES/bicicletas/bicicletas-de-carretera/bicicletas-de-carretera-de-rendimiento/domane/f/F221/domane-sl-6-axs-gen-5/79844/5349697,html,2026-10-05
Trek,Domane [38944843],Domane SL 6 AXS Gen 5,2027,carretera,S,S,,157,163,"158 - 162 cm 5'2"" - 5'4""",ft-in,555,371,"{""Dimensiones de la rueda"": ""700c"", ""A — Tubo del sillín"": ""47.6"", ""B — Ángulo del tubo del sillín"": ""73.7°"", ""C — Longitud del tubo de dirección"": ""13.9"", ""D — Ángulo de la dirección"": ""71.1°"", ""E — Tubo superior efectivo"": ""53.0"", ""G — Altura del eje de pedalier"": ""8.0"", ""H — Longitud de la vaina"": ""42.0"", ""I — Retroceso"": ""5.3"", ""J — Trail"": ""6.3"", ""K — Distancia entre ejes"": ""100.2"", ""L — Standover"": ""75.3"", ""Reach (cm)"": ""37.1"", ""Stack (cm)"": ""55.5"", ""Parte central delantera"": ""59.5""}",3999,false,https://www.trekbikes.com/es/es_ES/bicicletas/bicicletas-de-carretera/bicicletas-de-carretera-de-rendimiento/domane/domane-sl/domane-sl-6-axs-gen-5/p/79844/,https://www.trekbikes.com/es/es_ES/bicicletas/bicicletas-de-carretera/bicicletas-de-carretera-de-rendimiento/domane/f/F221/domane-sl-6-axs-gen-5/79844/5349697,html,2026-10-05
Trek,Domane [38944843],Domane SL 6 AXS Gen 5,2027,carretera,M,M,,163,173,"162 - 173 cm 5'4"" - 5'8""",ft-in,575,374,"{""Dimensiones de la rueda"": ""700c"", ""A — Tubo del sillín"": ""50.0"", ""B — Ángulo del tubo del sillín"": ""73.5°"", ""C — Longitud del tubo de dirección"": ""15.9"", ""D — Ángulo de la dirección"": ""71.2°"", ""E — Tubo superior efectivo"": ""54.1"", ""G — Altura del eje de pedalier"": ""8.0"", ""H — Longitud de la vaina"": ""42.0"", ""I — Retroceso"": ""5.3"", ""J — Trail"": ""6.3"", ""K — Distancia entre ejes"": ""101.1"", ""L — Standover"": ""77.5"", ""Reach (cm)"": ""37.4"", ""Stack (cm)"": ""57.5"", ""Parte central delantera"": ""60.4""}",3999,false,https://www.trekbikes.com/es/es_ES/bicicletas/bicicletas-de-carretera/bicicletas-de-carretera-de-rendimiento/domane/domane-sl/domane-sl-6-axs-gen-5/p/79844/,https://www.trekbikes.com/es/es_ES/bicicletas/bicicletas-de-carretera/bicicletas-de-carretera-de-rendimiento/domane/f/F221/domane-sl-6-axs-gen-5/79844/5349697,html,2026-10-05
Trek,Domane [38944843],Domane SL 6 AXS Gen 5,2027,carretera,ML,,,173,178,"173 - 179 cm 5'8"" - 5'10""",ft-in,596,377,"{""Dimensiones de la rueda"": ""700c"", ""A — Tubo del sillín"": ""53.3"", ""B — Ángulo del tubo del sillín"": ""73.3°"", ""C — Longitud del tubo de dirección"": ""17.0"", ""D — Ángulo de la dirección"": ""71.9°"", ""E — Tubo superior efectivo"": ""55.3"", ""G — Altura del eje de pedalier"": ""7.8"", ""H — Longitud de la vaina"": ""42.0"", ""I — Retroceso"": ""4.8"", ""J — Trail"": ""6.3"", ""K — Distancia entre ejes"": ""101.0"", ""L — Standover"": ""80.5"", ""Reach (cm)"": ""37.7"", ""Stack (cm)"": ""59.6"", ""Parte central delantera"": ""60.2""}",3999,false,https://www.trekbikes.com/es/es_ES/bicicletas/bicicletas-de-carretera/bicicletas-de-carretera-de-rendimiento/domane/domane-sl/domane-sl-6-axs-gen-5/p/79844/,https://www.trekbikes.com/es/es_ES/bicicletas/bicicletas-de-carretera/bicicletas-de-carretera-de-rendimiento/domane/f/F221/domane-sl-6-axs-gen-5/79844/5349697,html,2026-10-05
Trek,Domane [38944843],Domane SL 6 AXS Gen 5,2027,carretera,L,L,,178,188,"179 - 188 cm 5'10"" - 6'2""",ft-in,618,380,"{""Dimensiones de la rueda"": ""700c"", ""A — Tubo del sillín"": ""55.3"", ""B — Ángulo del tubo del sillín"": ""73.3°"", ""C — Longitud del tubo de dirección"": ""19.2"", ""D — Ángulo de la dirección"": ""72.0°"", ""E — Tubo superior efectivo"": ""56.2"", ""G — Altura del eje de pedalier"": ""7.8"", ""H — Longitud de la vaina"": ""42.0"", ""I — Retroceso"": ""4.8"", ""J — Trail"": ""6.3"", ""K — Distancia entre ejes"": ""101.9"", ""L — Standover"": ""82.6"", ""Reach (cm)"": ""38.0"", ""Stack (cm)"": ""61.8"", ""Parte central delantera"": ""61.1""}",3999,false,https://www.trekbikes.com/es/es_ES/bicicletas/bicicletas-de-carretera/bicicletas-de-carretera-de-rendimiento/domane/domane-sl/domane-sl-6-axs-gen-5/p/79844/,https://www.trekbikes.com/es/es_ES/bicicletas/bicicletas-de-carretera/bicicletas-de-carretera-de-rendimiento/domane/f/F221/domane-sl-6-axs-gen-5/79844/5349697,html,2026-10-05
Trek,Domane [38944843],Domane SL 6 AXS Gen 5,2027,carretera,XL,XL,,188,198,"188 - 199 cm 6'2"" - 6'6""",ft-in,648,384,"{""Dimensiones de la rueda"": ""700c"", ""A — Tubo del sillín"": ""59.3"", ""B — Ángulo del tubo del sillín"": ""73.3°"", ""C — Longitud del tubo de dirección"": ""22.6"", ""D — Ángulo de la dirección"": ""72.1°"", ""E — Tubo superior efectivo"": ""57.5"", ""G — Altura del eje de pedalier"": ""7.5"", ""H — Longitud de la vaina"": ""42.0"", ""I — Retroceso"": ""4.8"", ""J — Trail"": ""6.2"", ""K — Distancia entre ejes"": ""103.3"", ""L — Standover"": ""86.3"", ""Reach (cm)"": ""38.4"", ""Stack (cm)"": ""64.8"", ""Parte central delantera"": ""62.4""}",3999,false,https://www.trekbikes.com/es/es_ES/bicicletas/bicicletas-de-carretera/bicicletas-de-carretera-de-rendimiento/domane/domane-sl/domane-sl-6-axs-gen-5/p/79844/,https://www.trekbikes.com/es/es_ES/bicicletas/bicicletas-de-carretera/bicicletas-de-carretera-de-rendimiento/domane/f/F221/domane-sl-6-axs-gen-5/79844/5349697,html,2026-10-05
Trek,Domane [38944843],Domane SL 5 Gen 5,2027,carretera,XS,XS,,142,157,"143 - 158 cm 4'8"" - 5'2""",ft-in,524,368,"{""Dimensiones de la rueda"": ""700c"", ""A — Tubo del sillín"": ""44.4"", ""B — Ángulo del tubo del sillín"": ""73.5°"", ""C — Longitud del tubo de dirección"": ""10.6"", ""D — Ángulo de la dirección"": ""71.3°"", ""E — Tubo superior efectivo"": ""52.0"", ""G — Altura del eje de pedalier"": ""8.0"", ""H — Longitud de la vaina"": ""42.0"", ""I — Retroceso"": ""5.3"", ""J — Trail"": ""6.2"", ""K — Distancia entre ejes"": ""98.7"", ""L — Standover"": ""72.1"", ""Reach (cm)"": ""36.8"", ""Stack (cm)"": ""52.4"", ""Parte central delantera"": ""58.0""}",2499,false,https://www.trekbikes.com/es/es_ES/bicicletas/bicicletas-de-carretera/bicicletas-de-carretera-de-rendimiento/domane/domane-sl/domane-sl-5-gen-5/p/77555/,https://www.trekbikes.com/es/es_ES/bicicletas/bicicletas-de-carretera/bicicletas-de-carretera-de-rendimiento/domane/f/F221/domane-sl-5-gen-5/77555/5347955,html,2026-10-05
Trek,Domane [38944843],Domane SL 5 Gen 5,2027,carretera,S,S,,157,163,"158 - 162 cm 5'2"" - 5'4""",ft-in,555,371,"{""Dimensiones de la rueda"": ""700c"", ""A — Tubo del sillín"": ""47.6"", ""B — Ángulo del tubo del sillín"": ""73.7°"", ""C — Longitud del tubo de dirección"": ""13.9"", ""D — Ángulo de la dirección"": ""71.1°"", ""E — Tubo superior efectivo"": ""53.0"", ""G — Altura del eje de pedalier"": ""8.0"", ""H — Longitud de la vaina"": ""42.0"", ""I — Retroceso"": ""5.3"", ""J — Trail"": ""6.3"", ""K — Distancia entre ejes"": ""100.2"", ""L — Standover"": ""75.3"", ""Reach (cm)"": ""37.1"", ""Stack (cm)"": ""55.5"", ""Parte central delantera"": ""59.5""}",2499,false,https://www.trekbikes.com/es/es_ES/bicicletas/bicicletas-de-carretera/bicicletas-de-carretera-de-rendimiento/domane/domane-sl/domane-sl-5-gen-5/p/77555/,https://www.trekbikes.com/es/es_ES/bicicletas/bicicletas-de-carretera/bicicletas-de-carretera-de-rendimiento/domane/f/F221/domane-sl-5-gen-5/77555/5347955,html,2026-10-05
Trek,Domane [38944843],Domane SL 5 Gen 5,2027,carretera,M,M,,163,173,"162 - 173 cm 5'4"" - 5'8""",ft-in,575,374,"{""Dimensiones de la rueda"": ""700c"", ""A — Tubo del sillín"": ""50.0"", ""B — Ángulo del tubo del sillín"": ""73.5°"", ""C — Longitud del tubo de dirección"": ""15.9"", ""D — Ángulo de la dirección"": ""71.2°"", ""E — Tubo superior efectivo"": ""54.1"", ""G — Altura del eje de pedalier"": ""8.0"", ""H — Longitud de la vaina"": ""42.0"", ""I — Retroceso"": ""5.3"", ""J — Trail"": ""6.3"", ""K — Distancia entre ejes"": ""101.1"", ""L — Standover"": ""77.5"", ""Reach (cm)"": ""37.4"", ""Stack (cm)"": ""57.5"", ""Parte central delantera"": ""60.4""}",2499,false,https://www.trekbikes.com/es/es_ES/bicicletas/bicicletas-de-carretera/bicicletas-de-carretera-de-rendimiento/domane/domane-sl/domane-sl-5-gen-5/p/77555/,https://www.trekbikes.com/es/es_ES/bicicletas/bicicletas-de-carretera/bicicletas-de-carretera-de-rendimiento/domane/f/F221/domane-sl-5-gen-5/77555/5347955,html,2026-10-05
Trek,Domane [38944843],Domane SL 5 Gen 5,2027,carretera,ML,,,173,178,"173 - 179 cm 5'8"" - 5'10""",ft-in,596,377,"{""Dimensiones de la rueda"": ""700c"", ""A — Tubo del sillín"": ""53.3"", ""B — Ángulo del tubo del sillín"": ""73.3°"", ""C — Longitud del tubo de dirección"": ""17.0"", ""D — Ángulo de la dirección"": ""71.9°"", ""E — Tubo superior efectivo"": ""55.3"", ""G — Altura del eje de pedalier"": ""7.8"", ""H — Longitud de la vaina"": ""42.0"", ""I — Retroceso"": ""4.8"", ""J — Trail"": ""6.3"", ""K — Distancia entre ejes"": ""101.0"", ""L — Standover"": ""80.5"", ""Reach (cm)"": ""37.7"", ""Stack (cm)"": ""59.6"", ""Parte central delantera"": ""60.2""}",2499,false,https://www.trekbikes.com/es/es_ES/bicicletas/bicicletas-de-carretera/bicicletas-de-carretera-de-rendimiento/domane/domane-sl/domane-sl-5-gen-5/p/77555/,https://www.trekbikes.com/es/es_ES/bicicletas/bicicletas-de-carretera/bicicletas-de-carretera-de-rendimiento/domane/f/F221/domane-sl-5-gen-5/77555/5347955,html,2026-10-05
Trek,Domane [38944843],Domane SL 5 Gen 5,2027,carretera,L,L,,178,188,"179 - 188 cm 5'10"" - 6'2""",ft-in,618,380,"{""Dimensiones de la rueda"": ""700c"", ""A — Tubo del sillín"": ""55.3"", ""B — Ángulo del tubo del sillín"": ""73.3°"", ""C — Longitud del tubo de dirección"": ""19.2"", ""D — Ángulo de la dirección"": ""72.0°"", ""E — Tubo superior efectivo"": ""56.2"", ""G — Altura del eje de pedalier"": ""7.8"", ""H — Longitud de la vaina"": ""42.0"", ""I — Retroceso"": ""4.8"", ""J — Trail"": ""6.3"", ""K — Distancia entre ejes"": ""101.9"", ""L — Standover"": ""82.6"", ""Reach (cm)"": ""38.0"", ""Stack (cm)"": ""61.8"", ""Parte central delantera"": ""61.1""}",2499,false,https://www.trekbikes.com/es/es_ES/bicicletas/bicicletas-de-carretera/bicicletas-de-carretera-de-rendimiento/domane/domane-sl/domane-sl-5-gen-5/p/77555/,https://www.trekbikes.com/es/es_ES/bicicletas/bicicletas-de-carretera/bicicletas-de-carretera-de-rendimiento/domane/f/F221/domane-sl-5-gen-5/77555/5347955,html,2026-10-05
Trek,Domane [38944843],Domane SL 5 Gen 5,2027,carretera,XL,XL,,188,198,"188 - 199 cm 6'2"" - 6'6""",ft-in,648,384,"{""Dimensiones de la rueda"": ""700c"", ""A — Tubo del sillín"": ""59.3"", ""B — Ángulo del tubo del sillín"": ""73.3°"", ""C — Longitud del tubo de dirección"": ""22.6"", ""D — Ángulo de la dirección"": ""72.1°"", ""E — Tubo superior efectivo"": ""57.5"", ""G — Altura del eje de pedalier"": ""7.5"", ""H — Longitud de la vaina"": ""42.0"", ""I — Retroceso"": ""4.8"", ""J — Trail"": ""6.2"", ""K — Distancia entre ejes"": ""103.3"", ""L — Standover"": ""86.3"", ""Reach (cm)"": ""38.4"", ""Stack (cm)"": ""64.8"", ""Parte central delantera"": ""62.4""}",2499,false,https://www.trekbikes.com/es/es_ES/bicicletas/bicicletas-de-carretera/bicicletas-de-carretera-de-rendimiento/domane/domane-sl/domane-sl-5-gen-5/p/77555/,https://www.trekbikes.com/es/es_ES/bicicletas/bicicletas-de-carretera/bicicletas-de-carretera-de-rendimiento/domane/f/F221/domane-sl-5-gen-5/77555/5347955,html,2026-10-05
Trek,Domane AL [e56619cc],Domane AL 5 Gen 4,2027,carretera,44cm,,44,,,,,510,360,"{""Dimensiones de la rueda"": ""700c"", ""A — Tubo del sillín"": ""39.0"", ""B — Ángulo del tubo del sillín"": ""74.6°"", ""C — Longitud del tubo de dirección"": ""9.5"", ""D — Ángulo de la dirección"": ""70.3°"", ""E — Tubo superior efectivo"": ""50.7"", ""G — Altura del eje de pedalier"": ""8.0"", ""H — Longitud de la vaina"": ""42.0"", ""I — Retroceso"": ""5.3"", ""J — Trail"": ""6.6"", ""K — Distancia entre ejes"": ""98.3"", ""L — Standover"": ""65.7"", ""Reach (cm)"": ""36.0"", ""Stack (cm)"": ""51.0""}",1999,false,https://www.trekbikes.com/es/es_ES/bicicletas/bicicletas-de-carretera/bicicletas-de-carretera-de-rendimiento/domane/domane-al/domane-al-5-gen-4/p/80404/,https://www.trekbikes.com/es/es_ES/bicicletas/bicicletas-de-carretera/bicicletas-de-carretera-de-rendimiento/domane/domane-al/f/F221-5/domane-al-5-gen-4/80404/5350776,html,2026-10-05
Trek,Domane AL [e56619cc],Domane AL 5 Gen 4,2027,carretera,49cm,,49,,,,,540,368,"{""Dimensiones de la rueda"": ""700c"", ""A — Tubo del sillín"": ""44.0"", ""B — Ángulo del tubo del sillín"": ""74.6°"", ""C — Longitud del tubo de dirección"": ""12.3"", ""D — Ángulo de la dirección"": ""70.8°"", ""E — Tubo superior efectivo"": ""51.6"", ""G — Altura del eje de pedalier"": ""8.0"", ""H — Longitud de la vaina"": ""42.5"", ""I — Retroceso"": ""5.3"", ""J — Trail"": ""6.6"", ""K — Distancia entre ejes"": ""100.1"", ""L — Standover"": ""71.7"", ""Reach (cm)"": ""36.8"", ""Stack (cm)"": ""54.0""}",1999,false,https://www.trekbikes.com/es/es_ES/bicicletas/bicicletas-de-carretera/bicicletas-de-carretera-de-rendimiento/domane/domane-al/domane-al-5-gen-4/p/80404/,https://www.trekbikes.com/es/es_ES/bicicletas/bicicletas-de-carretera/bicicletas-de-carretera-de-rendimiento/domane/domane-al/f/F221-5/domane-al-5-gen-4/80404/5350776,html,2026-10-05
Trek,Domane AL [e56619cc],Domane AL 5 Gen 4,2027,carretera,52cm,,52,,,,,561,371,"{""Dimensiones de la rueda"": ""700c"", ""A — Tubo del sillín"": ""47.5"", ""B — Ángulo del tubo del sillín"": ""74.2°"", ""C — Longitud del tubo de dirección"": ""14.5"", ""D — Ángulo de la dirección"": ""71.3°"", ""E — Tubo superior efectivo"": ""53.0"", ""G — Altura del eje de pedalier"": ""8.0"", ""H — Longitud de la vaina"": ""42.0"", ""I — Retroceso"": ""5.3"", ""J — Trail"": ""5.9"", ""K — Distancia entre ejes"": ""100.3"", ""L — Standover"": ""73.5"", ""Reach (cm)"": ""37.1"", ""Stack (cm)"": ""56.1""}",1999,false,https://www.trekbikes.com/es/es_ES/bicicletas/bicicletas-de-carretera/bicicletas-de-carretera-de-rendimiento/domane/domane-al/domane-al-5-gen-4/p/80404/,https://www.trekbikes.com/es/es_ES/bicicletas/bicicletas-de-carretera/bicicletas-de-carretera-de-rendimiento/domane/domane-al/f/F221-5/domane-al-5-gen-4/80404/5350776,html,2026-10-05
Trek,Domane AL [e56619cc],Domane AL 5 Gen 4,2027,carretera,54cm,,54,,,,,575,374,"{""Dimensiones de la rueda"": ""700c"", ""A — Tubo del sillín"": ""50.0"", ""B — Ángulo del tubo del sillín"": ""73.7°"", ""C — Longitud del tubo de dirección"": ""16.0"", ""D — Ángulo de la dirección"": ""71.3°"", ""E — Tubo superior efectivo"": ""54.2"", ""G — Altura del eje de pedalier"": ""8.0"", ""H — Longitud de la vaina"": ""42.0"", ""I — Retroceso"": ""5.3"", ""J — Trail"": ""5.9"", ""K — Distancia entre ejes"": ""101.0"", ""L — Standover"": ""75.4"", ""Reach (cm)"": ""37.4"", ""Stack (cm)"": ""57.5""}",1999,false,https://www.trekbikes.com/es/es_ES/bicicletas/bicicletas-de-carretera/bicicletas-de-carretera-de-rendimiento/domane/domane-al/domane-al-5-gen-4/p/80404/,https://www.trekbikes.com/es/es_ES/bicicletas/bicicletas-de-carretera/bicicletas-de-carretera-de-rendimiento/domane/domane-al/f/F221-5/domane-al-5-gen-4/80404/5350776,html,2026-10-05
Trek,Domane AL [e56619cc],Domane AL 5 Gen 4,2027,carretera,56cm,,56,,,,,591,377,"{""Dimensiones de la rueda"": ""700c"", ""A — Tubo del sillín"": ""52.5"", ""B — Ángulo del tubo del sillín"": ""73.3°"", ""C — Longitud del tubo de dirección"": ""17.5"", ""D — Ángulo de la dirección"": ""71.9°"", ""E — Tubo superior efectivo"": ""55.4"", ""G — Altura del eje de pedalier"": ""7.8"", ""H — Longitud de la vaina"": ""42.0"", ""I — Retroceso"": ""4.8"", ""J — Trail"": ""6.1"", ""K — Distancia entre ejes"": ""101.8"", ""L — Standover"": ""77.6"", ""Reach (cm)"": ""37.7"", ""Stack (cm)"": ""59.1""}",1999,false,https://www.trekbikes.com/es/es_ES/bicicletas/bicicletas-de-carretera/bicicletas-de-carretera-de-rendimiento/domane/domane-al/domane-al-5-gen-4/p/80404/,https://www.trekbikes.com/es/es_ES/bicicletas/bicicletas-de-carretera/bicicletas-de-carretera-de-rendimiento/domane/domane-al/f/F221-5/domane-al-5-gen-4/80404/5350776,html,2026-10-05
Trek,Domane AL [e56619cc],Domane AL 5 Gen 4,2027,carretera,58cm,,58,,,,,611,380,"{""Dimensiones de la rueda"": ""700c"", ""A — Tubo del sillín"": ""54.8"", ""B — Ángulo del tubo del sillín"": ""73.0°"", ""C — Longitud del tubo de dirección"": ""19.5"", ""D — Ángulo de la dirección"": ""72.0°"", ""E — Tubo superior efectivo"": ""56.7"", ""G — Altura del eje de pedalier"": ""7.8"", ""H — Longitud de la vaina"": ""42.5"", ""I — Retroceso"": ""4.8"", ""J — Trail"": ""6.0"", ""K — Distancia entre ejes"": ""102.2"", ""L — Standover"": ""79.6"", ""Reach (cm)"": ""38.0"", ""Stack (cm)"": ""61.1""}",1999,false,https://www.trekbikes.com/es/es_ES/bicicletas/bicicletas-de-carretera/bicicletas-de-carretera-de-rendimiento/domane/domane-al/domane-al-5-gen-4/p/80404/,https://www.trekbikes.com/es/es_ES/bicicletas/bicicletas-de-carretera/bicicletas-de-carretera-de-rendimiento/domane/domane-al/f/F221-5/domane-al-5-gen-4/80404/5350776,html,2026-10-05
Trek,Domane AL [e56619cc],Domane AL 5 Gen 4,2027,carretera,61cm,,61,,,,,646,385,"{""Dimensiones de la rueda"": ""700c"", ""A — Tubo del sillín"": ""57.6"", ""B — Ángulo del tubo del sillín"": ""72.7°"", ""C — Longitud del tubo de dirección"": ""23.5"", ""D — Ángulo de la dirección"": ""72.1°"", ""E — Tubo superior efectivo"": ""58.6"", ""G — Altura del eje de pedalier"": ""7.5"", ""H — Longitud de la vaina"": ""42.5"", ""I — Retroceso"": ""4.8"", ""J — Trail"": ""6.3"", ""K — Distancia entre ejes"": ""103.8"", ""L — Standover"": ""84.2"", ""Reach (cm)"": ""38.5"", ""Stack (cm)"": ""64.6""}",1999,false,https://www.trekbikes.com/es/es_ES/bicicletas/bicicletas-de-carretera/bicicletas-de-carretera-de-rendimiento/domane/domane-al/domane-al-5-gen-4/p/80404/,https://www.trekbikes.com/es/es_ES/bicicletas/bicicletas-de-carretera/bicicletas-de-carretera-de-rendimiento/domane/domane-al/f/F221-5/domane-al-5-gen-4/80404/5350776,html,2026-10-05
Trek,Domane AL [e56619cc],Domane AL 4 Gen 4,2027,carretera,44cm,,44,,,,,510,360,"{""Dimensiones de la rueda"": ""700c"", ""A — Tubo del sillín"": ""39.0"", ""B — Ángulo del tubo del sillín"": ""74.6°"", ""C — Longitud del tubo de dirección"": ""9.5"", ""D — Ángulo de la dirección"": ""70.3°"", ""E — Tubo superior efectivo"": ""50.7"", ""G — Altura del eje de pedalier"": ""8.0"", ""H — Longitud de la vaina"": ""42.0"", ""I — Retroceso"": ""5.3"", ""J — Trail"": ""6.6"", ""K — Distancia entre ejes"": ""98.3"", ""L — Standover"": ""65.7"", ""Reach (cm)"": ""36.0"", ""Stack (cm)"": ""51.0""}",1499,false,https://www.trekbikes.com/es/es_ES/bicicletas/bicicletas-de-carretera/bicicletas-de-carretera-de-rendimiento/domane/domane-al/domane-al-4-gen-4/p/69926/,https://www.trekbikes.com/es/es_ES/bicicletas/bicicletas-de-carretera/bicicletas-de-carretera-de-rendimiento/domane/domane-al/f/F221-5/domane-al-4-gen-4/69926/5345583,html,2026-10-05
Trek,Domane AL [e56619cc],Domane AL 4 Gen 4,2027,carretera,49cm,,49,,,,,540,368,"{""Dimensiones de la rueda"": ""700c"", ""A — Tubo del sillín"": ""44.0"", ""B — Ángulo del tubo del sillín"": ""74.6°"", ""C — Longitud del tubo de dirección"": ""12.3"", ""D — Ángulo de la dirección"": ""70.8°"", ""E — Tubo superior efectivo"": ""51.6"", ""G — Altura del eje de pedalier"": ""8.0"", ""H — Longitud de la vaina"": ""42.5"", ""I — Retroceso"": ""5.3"", ""J — Trail"": ""6.6"", ""K — Distancia entre ejes"": ""100.1"", ""L — Standover"": ""71.7"", ""Reach (cm)"": ""36.8"", ""Stack (cm)"": ""54.0""}",1499,false,https://www.trekbikes.com/es/es_ES/bicicletas/bicicletas-de-carretera/bicicletas-de-carretera-de-rendimiento/domane/domane-al/domane-al-4-gen-4/p/69926/,https://www.trekbikes.com/es/es_ES/bicicletas/bicicletas-de-carretera/bicicletas-de-carretera-de-rendimiento/domane/domane-al/f/F221-5/domane-al-4-gen-4/69926/5345583,html,2026-10-05
Trek,Domane AL [e56619cc],Domane AL 4 Gen 4,2027,carretera,52cm,,52,,,,,561,371,"{""Dimensiones de la rueda"": ""700c"", ""A — Tubo del sillín"": ""47.5"", ""B — Ángulo del tubo del sillín"": ""74.2°"", ""C — Longitud del tubo de dirección"": ""14.5"", ""D — Ángulo de la dirección"": ""71.3°"", ""E — Tubo superior efectivo"": ""53.0"", ""G — Altura del eje de pedalier"": ""8.0"", ""H — Longitud de la vaina"": ""42.0"", ""I — Retroceso"": ""5.3"", ""J — Trail"": ""5.9"", ""K — Distancia entre ejes"": ""100.3"", ""L — Standover"": ""73.5"", ""Reach (cm)"": ""37.1"", ""Stack (cm)"": ""56.1""}",1499,false,https://www.trekbikes.com/es/es_ES/bicicletas/bicicletas-de-carretera/bicicletas-de-carretera-de-rendimiento/domane/domane-al/domane-al-4-gen-4/p/69926/,https://www.trekbikes.com/es/es_ES/bicicletas/bicicletas-de-carretera/bicicletas-de-carretera-de-rendimiento/domane/domane-al/f/F221-5/domane-al-4-gen-4/69926/5345583,html,2026-10-05
Trek,Domane AL [e56619cc],Domane AL 4 Gen 4,2027,carretera,54cm,,54,,,,,575,374,"{""Dimensiones de la rueda"": ""700c"", ""A — Tubo del sillín"": ""50.0"", ""B — Ángulo del tubo del sillín"": ""73.7°"", ""C — Longitud del tubo de dirección"": ""16.0"", ""D — Ángulo de la dirección"": ""71.3°"", ""E — Tubo superior efectivo"": ""54.2"", ""G — Altura del eje de pedalier"": ""8.0"", ""H — Longitud de la vaina"": ""42.0"", ""I — Retroceso"": ""5.3"", ""J — Trail"": ""5.9"", ""K — Distancia entre ejes"": ""101.0"", ""L — Standover"": ""75.4"", ""Reach (cm)"": ""37.4"", ""Stack (cm)"": ""57.5""}",1499,false,https://www.trekbikes.com/es/es_ES/bicicletas/bicicletas-de-carretera/bicicletas-de-carretera-de-rendimiento/domane/domane-al/domane-al-4-gen-4/p/69926/,https://www.trekbikes.com/es/es_ES/bicicletas/bicicletas-de-carretera/bicicletas-de-carretera-de-rendimiento/domane/domane-al/f/F221-5/domane-al-4-gen-4/69926/5345583,html,2026-10-05
Trek,Domane AL [e56619cc],Domane AL 4 Gen 4,2027,carretera,56cm,,56,,,,,591,377,"{""Dimensiones de la rueda"": ""700c"", ""A — Tubo del sillín"": ""52.5"", ""B — Ángulo del tubo del sillín"": ""73.3°"", ""C — Longitud del tubo de dirección"": ""17.5"", ""D — Ángulo de la dirección"": ""71.9°"", ""E — Tubo superior efectivo"": ""55.4"", ""G — Altura del eje de pedalier"": ""7.8"", ""H — Longitud de la vaina"": ""42.0"", ""I — Retroceso"": ""4.8"", ""J — Trail"": ""6.1"", ""K — Distancia entre ejes"": ""101.8"", ""L — Standover"": ""77.6"", ""Reach (cm)"": ""37.7"", ""Stack (cm)"": ""59.1""}",1499,false,https://www.trekbikes.com/es/es_ES/bicicletas/bicicletas-de-carretera/bicicletas-de-carretera-de-rendimiento/domane/domane-al/domane-al-4-gen-4/p/69926/,https://www.trekbikes.com/es/es_ES/bicicletas/bicicletas-de-carretera/bicicletas-de-carretera-de-rendimiento/domane/domane-al/f/F221-5/domane-al-4-gen-4/69926/5345583,html,2026-10-05
Trek,Domane AL [e56619cc],Domane AL 4 Gen 4,2027,carretera,58cm,,58,,,,,611,380,"{""Dimensiones de la rueda"": ""700c"", ""A — Tubo del sillín"": ""54.8"", ""B — Ángulo del tubo del sillín"": ""73.0°"", ""C — Longitud del tubo de dirección"": ""19.5"", ""D — Ángulo de la dirección"": ""72.0°"", ""E — Tubo superior efectivo"": ""56.7"", ""G — Altura del eje de pedalier"": ""7.8"", ""H — Longitud de la vaina"": ""42.5"", ""I — Retroceso"": ""4.8"", ""J — Trail"": ""6.0"", ""K — Distancia entre ejes"": ""102.2"", ""L — Standover"": ""79.6"", ""Reach (cm)"": ""38.0"", ""Stack (cm)"": ""61.1""}",1499,false,https://www.trekbikes.com/es/es_ES/bicicletas/bicicletas-de-carretera/bicicletas-de-carretera-de-rendimiento/domane/domane-al/domane-al-4-gen-4/p/69926/,https://www.trekbikes.com/es/es_ES/bicicletas/bicicletas-de-carretera/bicicletas-de-carretera-de-rendimiento/domane/domane-al/f/F221-5/domane-al-4-gen-4/69926/5345583,html,2026-10-05
Trek,Domane AL [e56619cc],Domane AL 4 Gen 4,2027,carretera,61cm,,61,,,,,646,385,"{""Dimensiones de la rueda"": ""700c"", ""A — Tubo del sillín"": ""57.6"", ""B — Ángulo del tubo del sillín"": ""72.7°"", ""C — Longitud del tubo de dirección"": ""23.5"", ""D — Ángulo de la dirección"": ""72.1°"", ""E — Tubo superior efectivo"": ""58.6"", ""G — Altura del eje de pedalier"": ""7.5"", ""H — Longitud de la vaina"": ""42.5"", ""I — Retroceso"": ""4.8"", ""J — Trail"": ""6.3"", ""K — Distancia entre ejes"": ""103.8"", ""L — Standover"": ""84.2"", ""Reach (cm)"": ""38.5"", ""Stack (cm)"": ""64.6""}",1499,false,https://www.trekbikes.com/es/es_ES/bicicletas/bicicletas-de-carretera/bicicletas-de-carretera-de-rendimiento/domane/domane-al/domane-al-4-gen-4/p/69926/,https://www.trekbikes.com/es/es_ES/bicicletas/bicicletas-de-carretera/bicicletas-de-carretera-de-rendimiento/domane/domane-al/f/F221-5/domane-al-4-gen-4/69926/5345583,html,2026-10-05
Trek,Domane AL [e56619cc],Domane AL 2 Gen 4,2027,carretera,44cm,,44,,,,,510,360,"{""Dimensiones de la rueda"": ""700c"", ""A — Tubo del sillín"": ""39.0"", ""B — Ángulo del tubo del sillín"": ""74.6°"", ""C — Longitud del tubo de dirección"": ""9.5"", ""D — Ángulo de la dirección"": ""70.3°"", ""E — Tubo superior efectivo"": ""50.7"", ""G — Altura del eje de pedalier"": ""8.0"", ""H — Longitud de la vaina"": ""42.0"", ""I — Retroceso"": ""5.3"", ""J — Trail"": ""6.6"", ""K — Distancia entre ejes"": ""98.3"", ""L — Standover"": ""65.7"", ""Reach (cm)"": ""36.0"", ""Stack (cm)"": ""51.0""}",999,false,https://www.trekbikes.com/es/es_ES/bicicletas/bicicletas-de-carretera/bicicletas-de-carretera-de-rendimiento/domane/domane-al/domane-al-2-gen-4/p/80164/,https://www.trekbikes.com/es/es_ES/bicicletas/bicicletas-de-carretera/bicicletas-de-carretera-de-rendimiento/domane/domane-al/f/F221-5/domane-al-2-gen-4/80164/5350575,html,2026-10-05
Trek,Domane AL [e56619cc],Domane AL 2 Gen 4,2027,carretera,49cm,,49,,,,,540,368,"{""Dimensiones de la rueda"": ""700c"", ""A — Tubo del sillín"": ""44.0"", ""B — Ángulo del tubo del sillín"": ""74.6°"", ""C — Longitud del tubo de dirección"": ""12.3"", ""D — Ángulo de la dirección"": ""70.8°"", ""E — Tubo superior efectivo"": ""51.6"", ""G — Altura del eje de pedalier"": ""8.0"", ""H — Longitud de la vaina"": ""42.5"", ""I — Retroceso"": ""5.3"", ""J — Trail"": ""6.6"", ""K — Distancia entre ejes"": ""100.1"", ""L — Standover"": ""71.7"", ""Reach (cm)"": ""36.8"", ""Stack (cm)"": ""54.0""}",999,false,https://www.trekbikes.com/es/es_ES/bicicletas/bicicletas-de-carretera/bicicletas-de-carretera-de-rendimiento/domane/domane-al/domane-al-2-gen-4/p/80164/,https://www.trekbikes.com/es/es_ES/bicicletas/bicicletas-de-carretera/bicicletas-de-carretera-de-rendimiento/domane/domane-al/f/F221-5/domane-al-2-gen-4/80164/5350575,html,2026-10-05
Trek,Domane AL [e56619cc],Domane AL 2 Gen 4,2027,carretera,52cm,,52,,,,,561,371,"{""Dimensiones de la rueda"": ""700c"", ""A — Tubo del sillín"": ""47.5"", ""B — Ángulo del tubo del sillín"": ""74.2°"", ""C — Longitud del tubo de dirección"": ""14.5"", ""D — Ángulo de la dirección"": ""71.3°"", ""E — Tubo superior efectivo"": ""53.0"", ""G — Altura del eje de pedalier"": ""8.0"", ""H — Longitud de la vaina"": ""42.0"", ""I — Retroceso"": ""5.3"", ""J — Trail"": ""5.9"", ""K — Distancia entre ejes"": ""100.3"", ""L — Standover"": ""73.5"", ""Reach (cm)"": ""37.1"", ""Stack (cm)"": ""56.1""}",999,false,https://www.trekbikes.com/es/es_ES/bicicletas/bicicletas-de-carretera/bicicletas-de-carretera-de-rendimiento/domane/domane-al/domane-al-2-gen-4/p/80164/,https://www.trekbikes.com/es/es_ES/bicicletas/bicicletas-de-carretera/bicicletas-de-carretera-de-rendimiento/domane/domane-al/f/F221-5/domane-al-2-gen-4/80164/5350575,html,2026-10-05
Trek,Domane AL [e56619cc],Domane AL 2 Gen 4,2027,carretera,54cm,,54,,,,,575,374,"{""Dimensiones de la rueda"": ""700c"", ""A — Tubo del sillín"": ""50.0"", ""B — Ángulo del tubo del sillín"": ""73.7°"", ""C — Longitud del tubo de dirección"": ""16.0"", ""D — Ángulo de la dirección"": ""71.3°"", ""E — Tubo superior efectivo"": ""54.2"", ""G — Altura del eje de pedalier"": ""8.0"", ""H — Longitud de la vaina"": ""42.0"", ""I — Retroceso"": ""5.3"", ""J — Trail"": ""5.9"", ""K — Distancia entre ejes"": ""101.0"", ""L — Standover"": ""75.4"", ""Reach (cm)"": ""37.4"", ""Stack (cm)"": ""57.5""}",999,false,https://www.trekbikes.com/es/es_ES/bicicletas/bicicletas-de-carretera/bicicletas-de-carretera-de-rendimiento/domane/domane-al/domane-al-2-gen-4/p/80164/,https://www.trekbikes.com/es/es_ES/bicicletas/bicicletas-de-carretera/bicicletas-de-carretera-de-rendimiento/domane/domane-al/f/F221-5/domane-al-2-gen-4/80164/5350575,html,2026-10-05
Trek,Domane AL [e56619cc],Domane AL 2 Gen 4,2027,carretera,56cm,,56,,,,,591,377,"{""Dimensiones de la rueda"": ""700c"", ""A — Tubo del sillín"": ""52.5"", ""B — Ángulo del tubo del sillín"": ""73.3°"", ""C — Longitud del tubo de dirección"": ""17.5"", ""D — Ángulo de la dirección"": ""71.9°"", ""E — Tubo superior efectivo"": ""55.4"", ""G — Altura del eje de pedalier"": ""7.8"", ""H — Longitud de la vaina"": ""42.0"", ""I — Retroceso"": ""4.8"", ""J — Trail"": ""6.1"", ""K — Distancia entre ejes"": ""101.8"", ""L — Standover"": ""77.6"", ""Reach (cm)"": ""37.7"", ""Stack (cm)"": ""59.1""}",999,false,https://www.trekbikes.com/es/es_ES/bicicletas/bicicletas-de-carretera/bicicletas-de-carretera-de-rendimiento/domane/domane-al/domane-al-2-gen-4/p/80164/,https://www.trekbikes.com/es/es_ES/bicicletas/bicicletas-de-carretera/bicicletas-de-carretera-de-rendimiento/domane/domane-al/f/F221-5/domane-al-2-gen-4/80164/5350575,html,2026-10-05
Trek,Domane AL [e56619cc],Domane AL 2 Gen 4,2027,carretera,58cm,,58,,,,,611,380,"{""Dimensiones de la rueda"": ""700c"", ""A — Tubo del sillín"": ""54.8"", ""B — Ángulo del tubo del sillín"": ""73.0°"", ""C — Longitud del tubo de dirección"": ""19.5"", ""D — Ángulo de la dirección"": ""72.0°"", ""E — Tubo superior efectivo"": ""56.7"", ""G — Altura del eje de pedalier"": ""7.8"", ""H — Longitud de la vaina"": ""42.5"", ""I — Retroceso"": ""4.8"", ""J — Trail"": ""6.0"", ""K — Distancia entre ejes"": ""102.2"", ""L — Standover"": ""79.6"", ""Reach (cm)"": ""38.0"", ""Stack (cm)"": ""61.1""}",999,false,https://www.trekbikes.com/es/es_ES/bicicletas/bicicletas-de-carretera/bicicletas-de-carretera-de-rendimiento/domane/domane-al/domane-al-2-gen-4/p/80164/,https://www.trekbikes.com/es/es_ES/bicicletas/bicicletas-de-carretera/bicicletas-de-carretera-de-rendimiento/domane/domane-al/f/F221-5/domane-al-2-gen-4/80164/5350575,html,2026-10-05
Trek,Domane AL [e56619cc],Domane AL 2 Gen 4,2027,carretera,61cm,,61,,,,,646,385,"{""Dimensiones de la rueda"": ""700c"", ""A — Tubo del sillín"": ""57.6"", ""B — Ángulo del tubo del sillín"": ""72.7°"", ""C — Longitud del tubo de dirección"": ""23.5"", ""D — Ángulo de la dirección"": ""72.1°"", ""E — Tubo superior efectivo"": ""58.6"", ""G — Altura del eje de pedalier"": ""7.5"", ""H — Longitud de la vaina"": ""42.5"", ""I — Retroceso"": ""4.8"", ""J — Trail"": ""6.3"", ""K — Distancia entre ejes"": ""103.8"", ""L — Standover"": ""84.2"", ""Reach (cm)"": ""38.5"", ""Stack (cm)"": ""64.6""}",999,false,https://www.trekbikes.com/es/es_ES/bicicletas/bicicletas-de-carretera/bicicletas-de-carretera-de-rendimiento/domane/domane-al/domane-al-2-gen-4/p/80164/,https://www.trekbikes.com/es/es_ES/bicicletas/bicicletas-de-carretera/bicicletas-de-carretera-de-rendimiento/domane/domane-al/f/F221-5/domane-al-2-gen-4/80164/5350575,html,2026-10-05
Trek,Checkmate SLR [477d93fb],Checkmate SLR 9 AXS,2026,gravel,XS,XS,,142,157,"143 - 158 cm 4'8"" - 5'2""",ft-in,525,380,"{""Dimensiones de la rueda"": ""700c"", ""A — Tubo del sillín"": ""37.3"", ""B — Ángulo del tubo del sillín"": ""73.9°"", ""C — Longitud del tubo de dirección"": ""9.1"", ""D — Ángulo de la dirección"": ""71.0°"", ""E — Tubo superior efectivo"": ""53.2"", ""G — Altura del eje de pedalier"": ""8.0"", ""H — Longitud de la vaina"": ""42.6"", ""I — Retroceso"": ""4.9"", ""J — Trail"": ""7.2"", ""K — Distancia entre ejes"": ""100.3"", ""L — Standover"": ""71.8"", ""Reach (cm)"": ""38.0"", ""Stack (cm)"": ""52.5"", ""Parte central delantera"": ""59.0"", ""Altura mínima del raíl del sillín (con tija corta)"": ""54.6"", ""Altura máxima del raíl del sillín (con tija corta)"": ""61.1"", ""Altura mínima del raíl del sillín (con tija larga)"": ""58.6"", ""Altura máxima del raíl del sillín (con tija larga)"": ""65.1""}",9499,false,https://www.trekbikes.com/es/es_ES/bicicletas/bicicletas-de-carretera/bicicletas-de-gravel/bicicletas-de-gravel-con-manillar-de-carretera/checkmate/checkmate-slr-9-axs/p/46152/,https://www.trekbikes.com/es/es_ES/bicicletas/bicicletas-de-carretera/bicicletas-de-gravel/bicicletas-de-gravel-con-manillar-de-carretera/checkmate/f/F225/checkmate-slr-9-axs/46152/5345995,html,2026-10-05
Trek,Checkmate SLR [477d93fb],Checkmate SLR 9 AXS,2026,gravel,S,S,,157,165,"158 - 164 cm 5'2"" - 5'5""",ft-in,540,385,"{""Dimensiones de la rueda"": ""700c"", ""A — Tubo del sillín"": ""41.4"", ""B — Ángulo del tubo del sillín"": ""73.9°"", ""C — Longitud del tubo de dirección"": ""10.6"", ""D — Ángulo de la dirección"": ""71.3°"", ""E — Tubo superior efectivo"": ""54.0"", ""G — Altura del eje de pedalier"": ""8.0"", ""H — Longitud de la vaina"": ""42.6"", ""I — Retroceso"": ""4.9"", ""J — Trail"": ""7.0"", ""K — Distancia entre ejes"": ""101.1"", ""L — Standover"": ""74.7"", ""Reach (cm)"": ""38.5"", ""Stack (cm)"": ""54.0"", ""Parte central delantera"": ""59.8"", ""Altura mínima del raíl del sillín (con tija corta)"": ""58.7"", ""Altura máxima del raíl del sillín (con tija corta)"": ""65.2"", ""Altura mínima del raíl del sillín (con tija larga)"": ""62.7"", ""Altura máxima del raíl del sillín (con tija larga)"": ""69.2""}",9499,false,https://www.trekbikes.com/es/es_ES/bicicletas/bicicletas-de-carretera/bicicletas-de-gravel/bicicletas-de-gravel-con-manillar-de-carretera/checkmate/checkmate-slr-9-axs/p/46152/,https://www.trekbikes.com/es/es_ES/bicicletas/bicicletas-de-carretera/bicicletas-de-gravel/bicicletas-de-gravel-con-manillar-de-carretera/checkmate/f/F225/checkmate-slr-9-axs/46152/5345995,html,2026-10-05
Trek,Checkmate SLR [477d93fb],Checkmate SLR 9 AXS,2026,gravel,M,M,,165,178,"164 - 177 cm 5'5"" - 5'10""",ft-in,560,392,"{""Dimensiones de la rueda"": ""700c"", ""A — Tubo del sillín"": ""45.5"", ""B — Ángulo del tubo del sillín"": ""73.7°"", ""C — Longitud del tubo de dirección"": ""12.6"", ""D — Ángulo de la dirección"": ""71.5°"", ""E — Tubo superior efectivo"": ""55.5"", ""G — Altura del eje de pedalier"": ""8.0"", ""H — Longitud de la vaina"": ""42.6"", ""I — Retroceso"": ""4.9"", ""J — Trail"": ""6.8"", ""K — Distancia entre ejes"": ""102.2"", ""L — Standover"": ""78.2"", ""Reach (cm)"": ""39.2"", ""Stack (cm)"": ""56.0"", ""Parte central delantera"": ""60.9"", ""Altura mínima del raíl del sillín (con tija corta)"": ""62.8"", ""Altura máxima del raíl del sillín (con tija corta)"": ""69.3"", ""Altura mínima del raíl del sillín (con tija larga)"": ""66.8"", ""Altura máxima del raíl del sillín (con tija larga)"": ""73.3""}",9499,false,https://www.trekbikes.com/es/es_ES/bicicletas/bicicletas-de-carretera/bicicletas-de-gravel/bicicletas-de-gravel-con-manillar-de-carretera/checkmate/checkmate-slr-9-axs/p/46152/,https://www.trekbikes.com/es/es_ES/bicicletas/bicicletas-de-carretera/bicicletas-de-gravel/bicicletas-de-gravel-con-manillar-de-carretera/checkmate/f/F225/checkmate-slr-9-axs/46152/5345995,html,2026-10-05
Trek,Checkmate SLR [477d93fb],Checkmate SLR 9 AXS,2026,gravel,ML,,,178,188,"177 - 188 cm 5'10"" - 6'2""",ft-in,584,399,"{""Dimensiones de la rueda"": ""700c"", ""A — Tubo del sillín"": ""50.0"", ""B — Ángulo del tubo del sillín"": ""73.5°"", ""C — Longitud del tubo de dirección"": ""15.0"", ""D — Ángulo de la dirección"": ""71.7°"", ""E — Tubo superior efectivo"": ""57.0"", ""G — Altura del eje de pedalier"": ""8.0"", ""H — Longitud de la vaina"": ""42.6"", ""I — Retroceso"": ""4.9"", ""J — Trail"": ""6.7"", ""K — Distancia entre ejes"": ""103.5"", ""L — Standover"": ""81.6"", ""Reach (cm)"": ""39.9"", ""Stack (cm)"": ""58.4"", ""Parte central delantera"": ""62.2"", ""Altura mínima del raíl del sillín (con tija corta)"": ""66.8"", ""Altura máxima del raíl del sillín (con tija corta)"": ""73.3"", ""Altura mínima del raíl del sillín (con tija larga)"": ""70.8"", ""Altura máxima del raíl del sillín (con tija larga)"": ""77.3""}",9499,false,https://www.trekbikes.com/es/es_ES/bicicletas/bicicletas-de-carretera/bicicletas-de-gravel/bicicletas-de-gravel-con-manillar-de-carretera/checkmate/checkmate-slr-9-axs/p/46152/,https://www.trekbikes.com/es/es_ES/bicicletas/bicicletas-de-carretera/bicicletas-de-gravel/bicicletas-de-gravel-con-manillar-de-carretera/checkmate/f/F225/checkmate-slr-9-axs/46152/5345995,html,2026-10-05
Trek,Checkmate SLR [477d93fb],Checkmate SLR 9 AXS,2026,gravel,L,L,,188,193,"188 - 194 cm 6'2"" - 6'4""",ft-in,608,404,"{""Dimensiones de la rueda"": ""700c"", ""A — Tubo del sillín"": ""53.7"", ""B — Ángulo del tubo del sillín"": ""73.6°"", ""C — Longitud del tubo de dirección"": ""17.4"", ""D — Ángulo de la dirección"": ""72.0°"", ""E — Tubo superior efectivo"": ""58.1"", ""G — Altura del eje de pedalier"": ""8.0"", ""H — Longitud de la vaina"": ""42.6"", ""I — Retroceso"": ""4.9"", ""J — Trail"": ""6.5"", ""K — Distancia entre ejes"": ""104.5"", ""L — Standover"": ""85.1"", ""Reach (cm)"": ""40.4"", ""Stack (cm)"": ""60.8"", ""Parte central delantera"": ""63.2"", ""Altura mínima del raíl del sillín (con tija corta)"": ""72.0"", ""Altura máxima del raíl del sillín (con tija corta)"": ""78.5"", ""Altura mínima del raíl del sillín (con tija larga)"": ""76.0"", ""Altura máxima del raíl del sillín (con tija larga)"": ""82.5""}",9499,false,https://www.trekbikes.com/es/es_ES/bicicletas/bicicletas-de-carretera/bicicletas-de-gravel/bicicletas-de-gravel-con-manillar-de-carretera/checkmate/checkmate-slr-9-axs/p/46152/,https://www.trekbikes.com/es/es_ES/bicicletas/bicicletas-de-carretera/bicicletas-de-gravel/bicicletas-de-gravel-con-manillar-de-carretera/checkmate/f/F225/checkmate-slr-9-axs/46152/5345995,html,2026-10-05
Trek,Checkmate SLR [477d93fb],Checkmate SLR 9 AXS,2026,gravel,XL,XL,,193,203,"194 - 203 cm 6'4"" - 6'8""",ft-in,633,409,"{""Dimensiones de la rueda"": ""700c"", ""A — Tubo del sillín"": ""58.3"", ""B — Ángulo del tubo del sillín"": ""73.7°"", ""C — Longitud del tubo de dirección"": ""19.9"", ""D — Ángulo de la dirección"": ""72.4°"", ""E — Tubo superior efectivo"": ""59.2"", ""G — Altura del eje de pedalier"": ""8.0"", ""H — Longitud de la vaina"": ""42.6"", ""I — Retroceso"": ""4.9"", ""J — Trail"": ""6.2"", ""K — Distancia entre ejes"": ""105.4"", ""L — Standover"": ""88.6"", ""Reach (cm)"": ""40.9"", ""Stack (cm)"": ""63.3"", ""Parte central delantera"": ""64.0"", ""Altura mínima del raíl del sillín (con tija corta)"": ""75.1"", ""Altura máxima del raíl del sillín (con tija corta)"": ""81.6"", ""Altura mínima del raíl del sillín (con tija larga)"": ""79.1"", ""Altura máxima del raíl del sillín (con tija larga)"": ""85.6""}",9499,false,https://www.trekbikes.com/es/es_ES/bicicletas/bicicletas-de-carretera/bicicletas-de-gravel/bicicletas-de-gravel-con-manillar-de-carretera/checkmate/checkmate-slr-9-axs/p/46152/,https://www.trekbikes.com/es/es_ES/bicicletas/bicicletas-de-carretera/bicicletas-de-gravel/bicicletas-de-gravel-con-manillar-de-carretera/checkmate/f/F225/checkmate-slr-9-axs/46152/5345995,html,2026-10-05
Trek,Checkmate SLR [477d93fb],Checkmate SLR 7 AXS,2026,gravel,XS,XS,,142,157,"143 - 158 cm 4'8"" - 5'2""",ft-in,525,380,"{""Dimensiones de la rueda"": ""700c"", ""A — Tubo del sillín"": ""37.3"", ""B — Ángulo del tubo del sillín"": ""73.9°"", ""C — Longitud del tubo de dirección"": ""9.1"", ""D — Ángulo de la dirección"": ""71.0°"", ""E — Tubo superior efectivo"": ""53.2"", ""G — Altura del eje de pedalier"": ""8.0"", ""H — Longitud de la vaina"": ""42.6"", ""I — Retroceso"": ""4.9"", ""J — Trail"": ""7.2"", ""K — Distancia entre ejes"": ""100.3"", ""L — Standover"": ""71.8"", ""Reach (cm)"": ""38.0"", ""Stack (cm)"": ""52.5"", ""Parte central delantera"": ""59.0"", ""Altura mínima del raíl del sillín (con tija corta)"": ""54.6"", ""Altura máxima del raíl del sillín (con tija corta)"": ""61.1"", ""Altura mínima del raíl del sillín (con tija larga)"": ""58.6"", ""Altura máxima del raíl del sillín (con tija larga)"": ""65.1""}",6999,false,https://www.trekbikes.com/es/es_ES/bicicletas/bicicletas-de-carretera/bicicletas-de-gravel/bicicletas-de-gravel-con-manillar-de-carretera/checkmate/checkmate-slr-7-axs/p/58668/,https://www.trekbikes.com/es/es_ES/bicicletas/bicicletas-de-carretera/bicicletas-de-gravel/bicicletas-de-gravel-con-manillar-de-carretera/checkmate/f/F225/checkmate-slr-7-axs/58668/5345953,html,2026-10-05
Trek,Checkmate SLR [477d93fb],Checkmate SLR 7 AXS,2026,gravel,S,S,,157,165,"158 - 164 cm 5'2"" - 5'5""",ft-in,540,385,"{""Dimensiones de la rueda"": ""700c"", ""A — Tubo del sillín"": ""41.4"", ""B — Ángulo del tubo del sillín"": ""73.9°"", ""C — Longitud del tubo de dirección"": ""10.6"", ""D — Ángulo de la dirección"": ""71.3°"", ""E — Tubo superior efectivo"": ""54.0"", ""G — Altura del eje de pedalier"": ""8.0"", ""H — Longitud de la vaina"": ""42.6"", ""I — Retroceso"": ""4.9"", ""J — Trail"": ""7.0"", ""K — Distancia entre ejes"": ""101.1"", ""L — Standover"": ""74.7"", ""Reach (cm)"": ""38.5"", ""Stack (cm)"": ""54.0"", ""Parte central delantera"": ""59.8"", ""Altura mínima del raíl del sillín (con tija corta)"": ""58.7"", ""Altura máxima del raíl del sillín (con tija corta)"": ""65.2"", ""Altura mínima del raíl del sillín (con tija larga)"": ""62.7"", ""Altura máxima del raíl del sillín (con tija larga)"": ""69.2""}",6999,false,https://www.trekbikes.com/es/es_ES/bicicletas/bicicletas-de-carretera/bicicletas-de-gravel/bicicletas-de-gravel-con-manillar-de-carretera/checkmate/checkmate-slr-7-axs/p/58668/,https://www.trekbikes.com/es/es_ES/bicicletas/bicicletas-de-carretera/bicicletas-de-gravel/bicicletas-de-gravel-con-manillar-de-carretera/checkmate/f/F225/checkmate-slr-7-axs/58668/5345953,html,2026-10-05
Trek,Checkmate SLR [477d93fb],Checkmate SLR 7 AXS,2026,gravel,M,M,,165,178,"164 - 177 cm 5'5"" - 5'10""",ft-in,560,392,"{""Dimensiones de la rueda"": ""700c"", ""A — Tubo del sillín"": ""45.5"", ""B — Ángulo del tubo del sillín"": ""73.7°"", ""C — Longitud del tubo de dirección"": ""12.6"", ""D — Ángulo de la dirección"": ""71.5°"", ""E — Tubo superior efectivo"": ""55.5"", ""G — Altura del eje de pedalier"": ""8.0"", ""H — Longitud de la vaina"": ""42.6"", ""I — Retroceso"": ""4.9"", ""J — Trail"": ""6.8"", ""K — Distancia entre ejes"": ""102.2"", ""L — Standover"": ""78.2"", ""Reach (cm)"": ""39.2"", ""Stack (cm)"": ""56.0"", ""Parte central delantera"": ""60.9"", ""Altura mínima del raíl del sillín (con tija corta)"": ""62.8"", ""Altura máxima del raíl del sillín (con tija corta)"": ""69.3"", ""Altura mínima del raíl del sillín (con tija larga)"": ""66.8"", ""Altura máxima del raíl del sillín (con tija larga)"": ""73.3""}",6999,false,https://www.trekbikes.com/es/es_ES/bicicletas/bicicletas-de-carretera/bicicletas-de-gravel/bicicletas-de-gravel-con-manillar-de-carretera/checkmate/checkmate-slr-7-axs/p/58668/,https://www.trekbikes.com/es/es_ES/bicicletas/bicicletas-de-carretera/bicicletas-de-gravel/bicicletas-de-gravel-con-manillar-de-carretera/checkmate/f/F225/checkmate-slr-7-axs/58668/5345953,html,2026-10-05
Trek,Checkmate SLR [477d93fb],Checkmate SLR 7 AXS,2026,gravel,ML,,,178,188,"177 - 188 cm 5'10"" - 6'2""",ft-in,584,399,"{""Dimensiones de la rueda"": ""700c"", ""A — Tubo del sillín"": ""50.0"", ""B — Ángulo del tubo del sillín"": ""73.5°"", ""C — Longitud del tubo de dirección"": ""15.0"", ""D — Ángulo de la dirección"": ""71.7°"", ""E — Tubo superior efectivo"": ""57.0"", ""G — Altura del eje de pedalier"": ""8.0"", ""H — Longitud de la vaina"": ""42.6"", ""I — Retroceso"": ""4.9"", ""J — Trail"": ""6.7"", ""K — Distancia entre ejes"": ""103.5"", ""L — Standover"": ""81.6"", ""Reach (cm)"": ""39.9"", ""Stack (cm)"": ""58.4"", ""Parte central delantera"": ""62.2"", ""Altura mínima del raíl del sillín (con tija corta)"": ""66.8"", ""Altura máxima del raíl del sillín (con tija corta)"": ""73.3"", ""Altura mínima del raíl del sillín (con tija larga)"": ""70.8"", ""Altura máxima del raíl del sillín (con tija larga)"": ""77.3""}",6999,false,https://www.trekbikes.com/es/es_ES/bicicletas/bicicletas-de-carretera/bicicletas-de-gravel/bicicletas-de-gravel-con-manillar-de-carretera/checkmate/checkmate-slr-7-axs/p/58668/,https://www.trekbikes.com/es/es_ES/bicicletas/bicicletas-de-carretera/bicicletas-de-gravel/bicicletas-de-gravel-con-manillar-de-carretera/checkmate/f/F225/checkmate-slr-7-axs/58668/5345953,html,2026-10-05
Trek,Checkmate SLR [477d93fb],Checkmate SLR 7 AXS,2026,gravel,L,L,,188,193,"188 - 194 cm 6'2"" - 6'4""",ft-in,608,404,"{""Dimensiones de la rueda"": ""700c"", ""A — Tubo del sillín"": ""53.7"", ""B — Ángulo del tubo del sillín"": ""73.6°"", ""C — Longitud del tubo de dirección"": ""17.4"", ""D — Ángulo de la dirección"": ""72.0°"", ""E — Tubo superior efectivo"": ""58.1"", ""G — Altura del eje de pedalier"": ""8.0"", ""H — Longitud de la vaina"": ""42.6"", ""I — Retroceso"": ""4.9"", ""J — Trail"": ""6.5"", ""K — Distancia entre ejes"": ""104.5"", ""L — Standover"": ""85.1"", ""Reach (cm)"": ""40.4"", ""Stack (cm)"": ""60.8"", ""Parte central delantera"": ""63.2"", ""Altura mínima del raíl del sillín (con tija corta)"": ""72.0"", ""Altura máxima del raíl del sillín (con tija corta)"": ""78.5"", ""Altura mínima del raíl del sillín (con tija larga)"": ""76.0"", ""Altura máxima del raíl del sillín (con tija larga)"": ""82.5""}",6999,false,https://www.trekbikes.com/es/es_ES/bicicletas/bicicletas-de-carretera/bicicletas-de-gravel/bicicletas-de-gravel-con-manillar-de-carretera/checkmate/checkmate-slr-7-axs/p/58668/,https://www.trekbikes.com/es/es_ES/bicicletas/bicicletas-de-carretera/bicicletas-de-gravel/bicicletas-de-gravel-con-manillar-de-carretera/checkmate/f/F225/checkmate-slr-7-axs/58668/5345953,html,2026-10-05
Trek,Checkmate SLR [477d93fb],Checkmate SLR 7 AXS,2026,gravel,XL,XL,,193,203,"194 - 203 cm 6'4"" - 6'8""",ft-in,633,409,"{""Dimensiones de la rueda"": ""700c"", ""A — Tubo del sillín"": ""58.3"", ""B — Ángulo del tubo del sillín"": ""73.7°"", ""C — Longitud del tubo de dirección"": ""19.9"", ""D — Ángulo de la dirección"": ""72.4°"", ""E — Tubo superior efectivo"": ""59.2"", ""G — Altura del eje de pedalier"": ""8.0"", ""H — Longitud de la vaina"": ""42.6"", ""I — Retroceso"": ""4.9"", ""J — Trail"": ""6.2"", ""K — Distancia entre ejes"": ""105.4"", ""L — Standover"": ""88.6"", ""Reach (cm)"": ""40.9"", ""Stack (cm)"": ""63.3"", ""Parte central delantera"": ""64.0"", ""Altura mínima del raíl del sillín (con tija corta)"": ""75.1"", ""Altura máxima del raíl del sillín (con tija corta)"": ""81.6"", ""Altura mínima del raíl del sillín (con tija larga)"": ""79.1"", ""Altura máxima del raíl del sillín (con tija larga)"": ""85.6""}",6999,false,https://www.trekbikes.com/es/es_ES/bicicletas/bicicletas-de-carretera/bicicletas-de-gravel/bicicletas-de-gravel-con-manillar-de-carretera/checkmate/checkmate-slr-7-axs/p/58668/,https://www.trekbikes.com/es/es_ES/bicicletas/bicicletas-de-carretera/bicicletas-de-gravel/bicicletas-de-gravel-con-manillar-de-carretera/checkmate/f/F225/checkmate-slr-7-axs/58668/5345953,html,2026-10-05
Trek,Checkpoint+ SL 7 AXS [202b6b6a],Checkpoint+ SL 7 AXS,2026,gravel,S,S,,,,,,562,376,"{""Dimensiones de la rueda"": ""700c"", ""A — Tubo del sillín"": ""48.0"", ""B — Ángulo del tubo del sillín"": ""73.0°"", ""C — Longitud del tubo de dirección"": ""10.6"", ""D — Ángulo de la dirección"": ""70.4°"", ""E — Tubo superior efectivo"": ""55.1"", ""G — Altura del eje de pedalier"": ""6.9"", ""H — Longitud de la vaina"": ""44.0"", ""I — Retroceso"": ""4.4"", ""J — Trail"": ""7.9"", ""K — Distancia entre ejes"": ""103.4"", ""L — Standover"": ""77.5"", ""Reach (cm)"": ""37.6"", ""Stack (cm)"": ""56.2""}",7499,false,https://www.trekbikes.com/es/es_ES/bicicletas/bicicletas-de-carretera/bicicletas-de-gravel/bicicletas-el%C3%A9ctricas-de-gravel/checkpoint/checkpoint-sl-7-axs/p/57447/,https://www.trekbikes.com/es/es_ES/bicicletas/bicicletas-de-carretera/bicicletas-de-gravel/bicicletas-el%C3%A9ctricas-de-gravel/checkpoint/f/F224-5/checkpoint%252b-sl-7-axs/57447/5337531,html,2026-10-05
Trek,Checkpoint+ SL 7 AXS [202b6b6a],Checkpoint+ SL 7 AXS,2026,gravel,M,M,,,,,,585,382,"{""Dimensiones de la rueda"": ""700c"", ""A — Tubo del sillín"": ""50.5"", ""B — Ángulo del tubo del sillín"": ""72.3°"", ""C — Longitud del tubo de dirección"": ""13.0"", ""D — Ángulo de la dirección"": ""70.6°"", ""E — Tubo superior efectivo"": ""56.9"", ""G — Altura del eje de pedalier"": ""6.9"", ""H — Longitud de la vaina"": ""44.0"", ""I — Retroceso"": ""4.4"", ""J — Trail"": ""7.8"", ""K — Distancia entre ejes"": ""104.5"", ""L — Standover"": ""79.7"", ""Reach (cm)"": ""38.2"", ""Stack (cm)"": ""58.5""}",7499,false,https://www.trekbikes.com/es/es_ES/bicicletas/bicicletas-de-carretera/bicicletas-de-gravel/bicicletas-el%C3%A9ctricas-de-gravel/checkpoint/checkpoint-sl-7-axs/p/57447/,https://www.trekbikes.com/es/es_ES/bicicletas/bicicletas-de-carretera/bicicletas-de-gravel/bicicletas-el%C3%A9ctricas-de-gravel/checkpoint/f/F224-5/checkpoint%252b-sl-7-axs/57447/5337531,html,2026-10-05
Trek,Checkpoint+ SL 7 AXS [202b6b6a],Checkpoint+ SL 7 AXS,2026,gravel,ML,,,,,,,607,387,"{""Dimensiones de la rueda"": ""700c"", ""A — Tubo del sillín"": ""53.0"", ""B — Ángulo del tubo del sillín"": ""72.3°"", ""C — Longitud del tubo de dirección"": ""15.1"", ""D — Ángulo de la dirección"": ""71.1°"", ""E — Tubo superior efectivo"": ""58.1"", ""G — Altura del eje de pedalier"": ""6.9"", ""H — Longitud de la vaina"": ""44.0"", ""I — Retroceso"": ""4.4"", ""J — Trail"": ""7.5"", ""K — Distancia entre ejes"": ""105.4"", ""L — Standover"": ""82.0"", ""Reach (cm)"": ""38.7"", ""Stack (cm)"": ""60.7""}",7499,false,https://www.trekbikes.com/es/es_ES/bicicletas/bicicletas-de-carretera/bicicletas-de-gravel/bicicletas-el%C3%A9ctricas-de-gravel/checkpoint/checkpoint-sl-7-axs/p/57447/,https://www.trekbikes.com/es/es_ES/bicicletas/bicicletas-de-carretera/bicicletas-de-gravel/bicicletas-el%C3%A9ctricas-de-gravel/checkpoint/f/F224-5/checkpoint%252b-sl-7-axs/57447/5337531,html,2026-10-05
Trek,Checkpoint+ SL 7 AXS [202b6b6a],Checkpoint+ SL 7 AXS,2026,gravel,L,L,,,,,,626,392,"{""Dimensiones de la rueda"": ""700c"", ""A — Tubo del sillín"": ""55.0"", ""B — Ángulo del tubo del sillín"": ""72.3°"", ""C — Longitud del tubo de dirección"": ""17.1"", ""D — Ángulo de la dirección"": ""71.1°"", ""E — Tubo superior efectivo"": ""59.3"", ""G — Altura del eje de pedalier"": ""6.9"", ""H — Longitud de la vaina"": ""44.0"", ""I — Retroceso"": ""4.4"", ""J — Trail"": ""7.4"", ""K — Distancia entre ejes"": ""106.4"", ""L — Standover"": ""83.9"", ""Reach (cm)"": ""39.2"", ""Stack (cm)"": ""62.6""}",7499,false,https://www.trekbikes.com/es/es_ES/bicicletas/bicicletas-de-carretera/bicicletas-de-gravel/bicicletas-el%C3%A9ctricas-de-gravel/checkpoint/checkpoint-sl-7-axs/p/57447/,https://www.trekbikes.com/es/es_ES/bicicletas/bicicletas-de-carretera/bicicletas-de-gravel/bicicletas-el%C3%A9ctricas-de-gravel/checkpoint/f/F224-5/checkpoint%252b-sl-7-axs/57447/5337531,html,2026-10-05
Trek,Checkpoint+ SL 7 AXS [202b6b6a],Checkpoint+ SL 7 AXS,2026,gravel,XL,XL,,,,,,647,398,"{""Dimensiones de la rueda"": ""700c"", ""A — Tubo del sillín"": ""57.5"", ""B — Ángulo del tubo del sillín"": ""72.3°"", ""C — Longitud del tubo de dirección"": ""19.1"", ""D — Ángulo de la dirección"": ""71.5°"", ""E — Tubo superior efectivo"": ""60.5"", ""G — Altura del eje de pedalier"": ""6.9"", ""H — Longitud de la vaina"": ""44.0"", ""I — Retroceso"": ""4.4"", ""J — Trail"": ""7.2"", ""K — Distancia entre ejes"": ""107.3"", ""L — Standover"": ""86.2"", ""Reach (cm)"": ""39.8"", ""Stack (cm)"": ""64.7""}",7499,false,https://www.trekbikes.com/es/es_ES/bicicletas/bicicletas-de-carretera/bicicletas-de-gravel/bicicletas-el%C3%A9ctricas-de-gravel/checkpoint/checkpoint-sl-7-axs/p/57447/,https://www.trekbikes.com/es/es_ES/bicicletas/bicicletas-de-carretera/bicicletas-de-gravel/bicicletas-el%C3%A9ctricas-de-gravel/checkpoint/f/F224-5/checkpoint%252b-sl-7-axs/57447/5337531,html,2026-10-05
Trek,Check-OUT SL [94f13e8b],Check-OUT SL 7 AXS,2026,gravel,S,S,,157,165,"158 - 164 cm 5'2"" - 5'5""",ft-in,580,395,"{""Dimensiones de la rueda"": ""700c"", ""A — Tubo del sillín"": ""44.0"", ""B — Ángulo del tubo del sillín"": ""74.6°"", ""C — Longitud del tubo de dirección"": ""9.4"", ""D — Ángulo de la dirección"": ""68.8°"", ""E — Tubo superior efectivo"": ""56.4"", ""G — Altura del eje de pedalier"": ""7.0"", ""H — Longitud de la vaina"": ""44.2"", ""I — Retroceso"": ""4.5"", ""J — Trail"": ""9.2"", ""K — Distancia entre ejes"": ""108.1"", ""L — Standover"": ""77.2"", ""Reach (cm)"": ""39.5"", ""Stack (cm)"": ""58.0""}",6999,false,https://www.trekbikes.com/es/es_ES/bicicletas/bicicletas-de-carretera/bicicletas-de-gravel/check-out/check-out-sl-7-axs/p/57828/,https://www.trekbikes.com/es/es_ES/bicicletas/bicicletas-de-carretera/bicicletas-de-gravel/check-out/f/F226/check-out-sl-7-axs/57828/5339759,html,2026-10-05
Trek,Check-OUT SL [94f13e8b],Check-OUT SL 7 AXS,2026,gravel,M,M,,165,178,"164 - 177 cm 5'5"" - 5'10""",ft-in,617,407,"{""Dimensiones de la rueda"": ""700c"", ""A — Tubo del sillín"": ""47.0"", ""B — Ángulo del tubo del sillín"": ""74.2°"", ""C — Longitud del tubo de dirección"": ""13.3"", ""D — Ángulo de la dirección"": ""69.0°"", ""E — Tubo superior efectivo"": ""58.9"", ""G — Altura del eje de pedalier"": ""7.0"", ""H — Longitud de la vaina"": ""44.2"", ""I — Retroceso"": ""4.5"", ""J — Trail"": ""9.1"", ""K — Distancia entre ejes"": ""110.5"", ""L — Standover"": ""80.4"", ""Reach (cm)"": ""40.7"", ""Stack (cm)"": ""61.7""}",6999,false,https://www.trekbikes.com/es/es_ES/bicicletas/bicicletas-de-carretera/bicicletas-de-gravel/check-out/check-out-sl-7-axs/p/57828/,https://www.trekbikes.com/es/es_ES/bicicletas/bicicletas-de-carretera/bicicletas-de-gravel/check-out/f/F226/check-out-sl-7-axs/57828/5339759,html,2026-10-05
Trek,Check-OUT SL [94f13e8b],Check-OUT SL 7 AXS,2026,gravel,ML,,,178,188,"177 - 188 cm 5'10"" - 6'2""",ft-in,634,417,"{""Dimensiones de la rueda"": ""700c"", ""A — Tubo del sillín"": ""52.0"", ""B — Ángulo del tubo del sillín"": ""73.7°"", ""C — Longitud del tubo de dirección"": ""14.9"", ""D — Ángulo de la dirección"": ""69.4°"", ""E — Tubo superior efectivo"": ""59.7"", ""G — Altura del eje de pedalier"": ""7.0"", ""H — Longitud de la vaina"": ""44.2"", ""I — Retroceso"": ""4.5"", ""J — Trail"": ""8.8"", ""K — Distancia entre ejes"": ""111.7"", ""L — Standover"": ""83.8"", ""Reach (cm)"": ""41.7"", ""Stack (cm)"": ""63.4""}",6999,false,https://www.trekbikes.com/es/es_ES/bicicletas/bicicletas-de-carretera/bicicletas-de-gravel/check-out/check-out-sl-7-axs/p/57828/,https://www.trekbikes.com/es/es_ES/bicicletas/bicicletas-de-carretera/bicicletas-de-gravel/check-out/f/F226/check-out-sl-7-axs/57828/5339759,html,2026-10-05
Trek,Check-OUT SL [94f13e8b],Check-OUT SL 7 AXS,2026,gravel,L,L,,188,193,"188 - 194 cm 6'2"" - 6'4""",ft-in,652,427,"{""Dimensiones de la rueda"": ""700c"", ""A — Tubo del sillín"": ""54.0"", ""B — Ángulo del tubo del sillín"": ""73.0°"", ""C — Longitud del tubo de dirección"": ""17.0"", ""D — Ángulo de la dirección"": ""69.5°"", ""E — Tubo superior efectivo"": ""61.3"", ""G — Altura del eje de pedalier"": ""6.8"", ""H — Longitud de la vaina"": ""44.2"", ""I — Retroceso"": ""4.5"", ""J — Trail"": ""8.8"", ""K — Distancia entre ejes"": ""113.5"", ""L — Standover"": ""84.6"", ""Reach (cm)"": ""42.7"", ""Stack (cm)"": ""65.2""}",6999,false,https://www.trekbikes.com/es/es_ES/bicicletas/bicicletas-de-carretera/bicicletas-de-gravel/check-out/check-out-sl-7-axs/p/57828/,https://www.trekbikes.com/es/es_ES/bicicletas/bicicletas-de-carretera/bicicletas-de-gravel/check-out/f/F226/check-out-sl-7-axs/57828/5339759,html,2026-10-05
Trek,Check-OUT SL [94f13e8b],Check-OUT SL 7 AXS,2026,gravel,XL,XL,,193,203,"194 - 203 cm 6'4"" - 6'8""",ft-in,673,435,"{""Dimensiones de la rueda"": ""700c"", ""A — Tubo del sillín"": ""56.0"", ""B — Ángulo del tubo del sillín"": ""72.6°"", ""C — Longitud del tubo de dirección"": ""19.3"", ""D — Ángulo de la dirección"": ""69.4°"", ""E — Tubo superior efectivo"": ""62.8"", ""G — Altura del eje de pedalier"": ""6.8"", ""H — Longitud de la vaina"": ""44.2"", ""I — Retroceso"": ""4.5"", ""J — Trail"": ""8.8"", ""K — Distancia entre ejes"": ""115.0"", ""L — Standover"": ""85.2"", ""Reach (cm)"": ""43.5"", ""Stack (cm)"": ""67.3""}",6999,false,https://www.trekbikes.com/es/es_ES/bicicletas/bicicletas-de-carretera/bicicletas-de-gravel/check-out/check-out-sl-7-axs/p/57828/,https://www.trekbikes.com/es/es_ES/bicicletas/bicicletas-de-carretera/bicicletas-de-gravel/check-out/f/F226/check-out-sl-7-axs/57828/5339759,html,2026-10-05
Trek,Check-OUT SL [94f13e8b],Check-OUT SL 5,2026,gravel,S,S,,157,165,"158 - 164 cm 5'2"" - 5'5""",ft-in,580,395,"{""Dimensiones de la rueda"": ""700c"", ""A — Tubo del sillín"": ""44.0"", ""B — Ángulo del tubo del sillín"": ""74.6°"", ""C — Longitud del tubo de dirección"": ""9.4"", ""D — Ángulo de la dirección"": ""68.8°"", ""E — Tubo superior efectivo"": ""56.4"", ""G — Altura del eje de pedalier"": ""7.0"", ""H — Longitud de la vaina"": ""44.2"", ""I — Retroceso"": ""4.5"", ""J — Trail"": ""9.2"", ""K — Distancia entre ejes"": ""108.1"", ""L — Standover"": ""77.2"", ""Reach (cm)"": ""39.5"", ""Stack (cm)"": ""58.0""}",4999,false,https://www.trekbikes.com/es/es_ES/bicicletas/bicicletas-de-carretera/bicicletas-de-gravel/check-out/check-out-sl-5/p/57827/,https://www.trekbikes.com/es/es_ES/bicicletas/bicicletas-de-carretera/bicicletas-de-gravel/check-out/f/F226/check-out-sl-5/57827/5338105,html,2026-10-05
Trek,Check-OUT SL [94f13e8b],Check-OUT SL 5,2026,gravel,M,M,,165,178,"164 - 177 cm 5'5"" - 5'10""",ft-in,617,407,"{""Dimensiones de la rueda"": ""700c"", ""A — Tubo del sillín"": ""47.0"", ""B — Ángulo del tubo del sillín"": ""74.2°"", ""C — Longitud del tubo de dirección"": ""13.3"", ""D — Ángulo de la dirección"": ""69.0°"", ""E — Tubo superior efectivo"": ""58.9"", ""G — Altura del eje de pedalier"": ""7.0"", ""H — Longitud de la vaina"": ""44.2"", ""I — Retroceso"": ""4.5"", ""J — Trail"": ""9.1"", ""K — Distancia entre ejes"": ""110.5"", ""L — Standover"": ""80.4"", ""Reach (cm)"": ""40.7"", ""Stack (cm)"": ""61.7""}",4999,false,https://www.trekbikes.com/es/es_ES/bicicletas/bicicletas-de-carretera/bicicletas-de-gravel/check-out/check-out-sl-5/p/57827/,https://www.trekbikes.com/es/es_ES/bicicletas/bicicletas-de-carretera/bicicletas-de-gravel/check-out/f/F226/check-out-sl-5/57827/5338105,html,2026-10-05
Trek,Check-OUT SL [94f13e8b],Check-OUT SL 5,2026,gravel,ML,,,178,188,"177 - 188 cm 5'10"" - 6'2""",ft-in,634,417,"{""Dimensiones de la rueda"": ""700c"", ""A — Tubo del sillín"": ""52.0"", ""B — Ángulo del tubo del sillín"": ""73.7°"", ""C — Longitud del tubo de dirección"": ""14.9"", ""D — Ángulo de la dirección"": ""69.4°"", ""E — Tubo superior efectivo"": ""59.7"", ""G — Altura del eje de pedalier"": ""7.0"", ""H — Longitud de la vaina"": ""44.2"", ""I — Retroceso"": ""4.5"", ""J — Trail"": ""8.8"", ""K — Distancia entre ejes"": ""111.7"", ""L — Standover"": ""83.8"", ""Reach (cm)"": ""41.7"", ""Stack (cm)"": ""63.4""}",4999,false,https://www.trekbikes.com/es/es_ES/bicicletas/bicicletas-de-carretera/bicicletas-de-gravel/check-out/check-out-sl-5/p/57827/,https://www.trekbikes.com/es/es_ES/bicicletas/bicicletas-de-carretera/bicicletas-de-gravel/check-out/f/F226/check-out-sl-5/57827/5338105,html,2026-10-05
Trek,Check-OUT SL [94f13e8b],Check-OUT SL 5,2026,gravel,L,L,,188,193,"188 - 194 cm 6'2"" - 6'4""",ft-in,652,427,"{""Dimensiones de la rueda"": ""700c"", ""A — Tubo del sillín"": ""54.0"", ""B — Ángulo del tubo del sillín"": ""73.0°"", ""C — Longitud del tubo de dirección"": ""17.0"", ""D — Ángulo de la dirección"": ""69.5°"", ""E — Tubo superior efectivo"": ""61.3"", ""G — Altura del eje de pedalier"": ""6.8"", ""H — Longitud de la vaina"": ""44.2"", ""I — Retroceso"": ""4.5"", ""J — Trail"": ""8.8"", ""K — Distancia entre ejes"": ""113.5"", ""L — Standover"": ""84.6"", ""Reach (cm)"": ""42.7"", ""Stack (cm)"": ""65.2""}",4999,false,https://www.trekbikes.com/es/es_ES/bicicletas/bicicletas-de-carretera/bicicletas-de-gravel/check-out/check-out-sl-5/p/57827/,https://www.trekbikes.com/es/es_ES/bicicletas/bicicletas-de-carretera/bicicletas-de-gravel/check-out/f/F226/check-out-sl-5/57827/5338105,html,2026-10-05
Trek,Check-OUT SL [94f13e8b],Check-OUT SL 5,2026,gravel,XL,XL,,193,203,"194 - 203 cm 6'4"" - 6'8""",ft-in,673,435,"{""Dimensiones de la rueda"": ""700c"", ""A — Tubo del sillín"": ""56.0"", ""B — Ángulo del tubo del sillín"": ""72.6°"", ""C — Longitud del tubo de dirección"": ""19.3"", ""D — Ángulo de la dirección"": ""69.4°"", ""E — Tubo superior efectivo"": ""62.8"", ""G — Altura del eje de pedalier"": ""6.8"", ""H — Longitud de la vaina"": ""44.2"", ""I — Retroceso"": ""4.5"", ""J — Trail"": ""8.8"", ""K — Distancia entre ejes"": ""115.0"", ""L — Standover"": ""85.2"", ""Reach (cm)"": ""43.5"", ""Stack (cm)"": ""67.3""}",4999,false,https://www.trekbikes.com/es/es_ES/bicicletas/bicicletas-de-carretera/bicicletas-de-gravel/check-out/check-out-sl-5/p/57827/,https://www.trekbikes.com/es/es_ES/bicicletas/bicicletas-de-carretera/bicicletas-de-gravel/check-out/f/F226/check-out-sl-5/57827/5338105,html,2026-10-05
Trek,Checkpoint+ SL [afeccc11],Checkpoint+ SL 6 AXS,2026,gravel,XS,XS,,142,157,"143 - 158 cm 4'8"" - 5'2""",ft-in,535,380,"{""Dimensiones de la rueda"": ""700c"", ""A — Tubo del sillín"": ""44.5"", ""B — Ángulo del tubo del sillín"": ""74.0°"", ""Ángulo efectivo del tubo del sillín"": ""72.7°"", ""C — Longitud del tubo de dirección"": ""8.6"", ""D — Ángulo de la dirección"": ""71.0°"", ""E — Tubo superior efectivo"": ""53.6"", ""G — Altura del eje de pedalier"": ""7.6"", ""H — Longitud de la vaina"": ""44.0"", ""I — Retroceso"": ""4.9"", ""J — Trail"": ""7.1"", ""K — Distancia entre ejes"": ""102.3"", ""L — Standover"": ""74.6"", ""Reach (cm)"": ""38.0"", ""Stack (cm)"": ""53.5""}",5999,false,https://www.trekbikes.com/es/es_ES/bicicletas/bicicletas-de-carretera/bicicletas-de-gravel/bicicletas-el%C3%A9ctricas-de-gravel/checkpoint/checkpoint-sl-6-axs/p/57441/,https://www.trekbikes.com/es/es_ES/bicicletas/bicicletas-de-carretera/bicicletas-de-gravel/bicicletas-el%C3%A9ctricas-de-gravel/checkpoint/f/F224-5/checkpoint%252b-sl-6-axs/57441/5337504,html,2026-10-05
Trek,Checkpoint+ SL [afeccc11],Checkpoint+ SL 6 AXS,2026,gravel,S,S,,157,165,"158 - 164 cm 5'2"" - 5'5""",ft-in,556,386,"{""Dimensiones de la rueda"": ""700c"", ""A — Tubo del sillín"": ""48.0"", ""B — Ángulo del tubo del sillín"": ""74.0°"", ""Ángulo efectivo del tubo del sillín"": ""73.0°"", ""C — Longitud del tubo de dirección"": ""10.6"", ""D — Ángulo de la dirección"": ""71.4°"", ""E — Tubo superior efectivo"": ""54.7"", ""G — Altura del eje de pedalier"": ""7.6"", ""H — Longitud de la vaina"": ""44.0"", ""I — Retroceso"": ""4.9"", ""J — Trail"": ""6.8"", ""K — Distancia entre ejes"": ""103.2"", ""L — Standover"": ""77.2"", ""Reach (cm)"": ""38.6"", ""Stack (cm)"": ""55.6""}",5999,false,https://www.trekbikes.com/es/es_ES/bicicletas/bicicletas-de-carretera/bicicletas-de-gravel/bicicletas-el%C3%A9ctricas-de-gravel/checkpoint/checkpoint-sl-6-axs/p/57441/,https://www.trekbikes.com/es/es_ES/bicicletas/bicicletas-de-carretera/bicicletas-de-gravel/bicicletas-el%C3%A9ctricas-de-gravel/checkpoint/f/F224-5/checkpoint%252b-sl-6-axs/57441/5337504,html,2026-10-05
Trek,Checkpoint+ SL [afeccc11],Checkpoint+ SL 6 AXS,2026,gravel,M,M,,165,178,"164 - 177 cm 5'5"" - 5'10""",ft-in,579,391,"{""Dimensiones de la rueda"": ""700c"", ""A — Tubo del sillín"": ""50.5"", ""B — Ángulo del tubo del sillín"": ""73.3°"", ""Ángulo efectivo del tubo del sillín"": ""72.8°"", ""C — Longitud del tubo de dirección"": ""13.0"", ""D — Ángulo de la dirección"": ""71.6°"", ""E — Tubo superior efectivo"": ""56.6"", ""G — Altura del eje de pedalier"": ""7.6"", ""H — Longitud de la vaina"": ""44.0"", ""I — Retroceso"": ""4.9"", ""J — Trail"": ""6.8"", ""K — Distancia entre ejes"": ""104.4"", ""L — Standover"": ""79.9"", ""Reach (cm)"": ""39.1"", ""Stack (cm)"": ""57.9""}",5999,false,https://www.trekbikes.com/es/es_ES/bicicletas/bicicletas-de-carretera/bicicletas-de-gravel/bicicletas-el%C3%A9ctricas-de-gravel/checkpoint/checkpoint-sl-6-axs/p/57441/,https://www.trekbikes.com/es/es_ES/bicicletas/bicicletas-de-carretera/bicicletas-de-gravel/bicicletas-el%C3%A9ctricas-de-gravel/checkpoint/f/F224-5/checkpoint%252b-sl-6-axs/57441/5337504,html,2026-10-05
Trek,Checkpoint+ SL [afeccc11],Checkpoint+ SL 6 AXS,2026,gravel,ML,,,178,188,"177 - 188 cm 5'10"" - 6'2""",ft-in,601,397,"{""Dimensiones de la rueda"": ""700c"", ""A — Tubo del sillín"": ""53.0"", ""B — Ángulo del tubo del sillín"": ""73.3°"", ""Ángulo efectivo del tubo del sillín"": ""72.8°"", ""C — Longitud del tubo de dirección"": ""15.1"", ""D — Ángulo de la dirección"": ""72.0°"", ""E — Tubo superior efectivo"": ""57.8"", ""G — Altura del eje de pedalier"": ""7.6"", ""H — Longitud de la vaina"": ""44.0"", ""I — Retroceso"": ""4.9"", ""J — Trail"": ""6.4"", ""K — Distancia entre ejes"": ""105.2"", ""L — Standover"": ""81.3"", ""Reach (cm)"": ""39.7"", ""Stack (cm)"": ""60.1""}",5999,false,https://www.trekbikes.com/es/es_ES/bicicletas/bicicletas-de-carretera/bicicletas-de-gravel/bicicletas-el%C3%A9ctricas-de-gravel/checkpoint/checkpoint-sl-6-axs/p/57441/,https://www.trekbikes.com/es/es_ES/bicicletas/bicicletas-de-carretera/bicicletas-de-gravel/bicicletas-el%C3%A9ctricas-de-gravel/checkpoint/f/F224-5/checkpoint%252b-sl-6-axs/57441/5337504,html,2026-10-05
Trek,Checkpoint+ SL [afeccc11],Checkpoint+ SL 6 AXS,2026,gravel,L,L,,188,193,"188 - 194 cm 6'2"" - 6'4""",ft-in,620,402,"{""Dimensiones de la rueda"": ""700c"", ""A — Tubo del sillín"": ""55.0"", ""B — Ángulo del tubo del sillín"": ""73.3°"", ""Ángulo efectivo del tubo del sillín"": ""72.8°"", ""C — Longitud del tubo de dirección"": ""17.1"", ""D — Ángulo de la dirección"": ""72.1°"", ""E — Tubo superior efectivo"": ""58.9"", ""G — Altura del eje de pedalier"": ""7.6"", ""H — Longitud de la vaina"": ""44.0"", ""I — Retroceso"": ""4.9"", ""J — Trail"": ""6.4"", ""K — Distancia entre ejes"": ""106.3"", ""L — Standover"": ""83.7"", ""Reach (cm)"": ""40.2"", ""Stack (cm)"": ""62.0""}",5999,false,https://www.trekbikes.com/es/es_ES/bicicletas/bicicletas-de-carretera/bicicletas-de-gravel/bicicletas-el%C3%A9ctricas-de-gravel/checkpoint/checkpoint-sl-6-axs/p/57441/,https://www.trekbikes.com/es/es_ES/bicicletas/bicicletas-de-carretera/bicicletas-de-gravel/bicicletas-el%C3%A9ctricas-de-gravel/checkpoint/f/F224-5/checkpoint%252b-sl-6-axs/57441/5337504,html,2026-10-05
Trek,Checkpoint+ SL [afeccc11],Checkpoint+ SL 6 AXS,2026,gravel,XL,XL,,193,203,"194 - 203 cm 6'4"" - 6'8""",ft-in,640,408,"{""Dimensiones de la rueda"": ""700c"", ""A — Tubo del sillín"": ""57.5"", ""B — Ángulo del tubo del sillín"": ""73.3°"", ""Ángulo efectivo del tubo del sillín"": ""72.8°"", ""C — Longitud del tubo de dirección"": ""19.1"", ""D — Ángulo de la dirección"": ""72.4°"", ""E — Tubo superior efectivo"": ""60.1"", ""G — Altura del eje de pedalier"": ""7.6"", ""H — Longitud de la vaina"": ""44.0"", ""I — Retroceso"": ""4.9"", ""J — Trail"": ""6.2"", ""K — Distancia entre ejes"": ""107.2"", ""L — Standover"": ""86.1"", ""Reach (cm)"": ""40.8"", ""Stack (cm)"": ""64.0""}",5999,false,https://www.trekbikes.com/es/es_ES/bicicletas/bicicletas-de-carretera/bicicletas-de-gravel/bicicletas-el%C3%A9ctricas-de-gravel/checkpoint/checkpoint-sl-6-axs/p/57441/,https://www.trekbikes.com/es/es_ES/bicicletas/bicicletas-de-carretera/bicicletas-de-gravel/bicicletas-el%C3%A9ctricas-de-gravel/checkpoint/f/F224-5/checkpoint%252b-sl-6-axs/57441/5337504,html,2026-10-05
Trek,Checkpoint+ SL [afeccc11],Checkpoint+ SL 5,2026,gravel,XS,XS,,142,157,"143 - 158 cm 4'8"" - 5'2""",ft-in,535,380,"{""Dimensiones de la rueda"": ""700c"", ""A — Tubo del sillín"": ""44.5"", ""B — Ángulo del tubo del sillín"": ""74.0°"", ""Ángulo efectivo del tubo del sillín"": ""72.7°"", ""C — Longitud del tubo de dirección"": ""8.6"", ""D — Ángulo de la dirección"": ""71.0°"", ""E — Tubo superior efectivo"": ""53.6"", ""G — Altura del eje de pedalier"": ""7.6"", ""H — Longitud de la vaina"": ""44.0"", ""I — Retroceso"": ""4.9"", ""J — Trail"": ""7.1"", ""K — Distancia entre ejes"": ""102.3"", ""L — Standover"": ""74.6"", ""Reach (cm)"": ""38.0"", ""Stack (cm)"": ""53.5""}",4999,false,https://www.trekbikes.com/es/es_ES/bicicletas/bicicletas-de-carretera/bicicletas-de-gravel/bicicletas-el%C3%A9ctricas-de-gravel/checkpoint/checkpoint-sl-5/p/57446/,https://www.trekbikes.com/es/es_ES/bicicletas/bicicletas-de-carretera/bicicletas-de-gravel/bicicletas-el%C3%A9ctricas-de-gravel/checkpoint/f/F224-5/checkpoint%252b-sl-5/57446/5337525,html,2026-10-05
Trek,Checkpoint+ SL [afeccc11],Checkpoint+ SL 5,2026,gravel,S,S,,157,165,"158 - 164 cm 5'2"" - 5'5""",ft-in,556,386,"{""Dimensiones de la rueda"": ""700c"", ""A — Tubo del sillín"": ""48.0"", ""B — Ángulo del tubo del sillín"": ""74.0°"", ""Ángulo efectivo del tubo del sillín"": ""73.0°"", ""C — Longitud del tubo de dirección"": ""10.6"", ""D — Ángulo de la dirección"": ""71.4°"", ""E — Tubo superior efectivo"": ""54.7"", ""G — Altura del eje de pedalier"": ""7.6"", ""H — Longitud de la vaina"": ""44.0"", ""I — Retroceso"": ""4.9"", ""J — Trail"": ""6.8"", ""K — Distancia entre ejes"": ""103.2"", ""L — Standover"": ""77.2"", ""Reach (cm)"": ""38.6"", ""Stack (cm)"": ""55.6""}",4999,false,https://www.trekbikes.com/es/es_ES/bicicletas/bicicletas-de-carretera/bicicletas-de-gravel/bicicletas-el%C3%A9ctricas-de-gravel/checkpoint/checkpoint-sl-5/p/57446/,https://www.trekbikes.com/es/es_ES/bicicletas/bicicletas-de-carretera/bicicletas-de-gravel/bicicletas-el%C3%A9ctricas-de-gravel/checkpoint/f/F224-5/checkpoint%252b-sl-5/57446/5337525,html,2026-10-05
Trek,Checkpoint+ SL [afeccc11],Checkpoint+ SL 5,2026,gravel,M,M,,165,178,"164 - 177 cm 5'5"" - 5'10""",ft-in,579,391,"{""Dimensiones de la rueda"": ""700c"", ""A — Tubo del sillín"": ""50.5"", ""B — Ángulo del tubo del sillín"": ""73.3°"", ""Ángulo efectivo del tubo del sillín"": ""72.8°"", ""C — Longitud del tubo de dirección"": ""13.0"", ""D — Ángulo de la dirección"": ""71.6°"", ""E — Tubo superior efectivo"": ""56.6"", ""G — Altura del eje de pedalier"": ""7.6"", ""H — Longitud de la vaina"": ""44.0"", ""I — Retroceso"": ""4.9"", ""J — Trail"": ""6.8"", ""K — Distancia entre ejes"": ""104.4"", ""L — Standover"": ""79.9"", ""Reach (cm)"": ""39.1"", ""Stack (cm)"": ""57.9""}",4999,false,https://www.trekbikes.com/es/es_ES/bicicletas/bicicletas-de-carretera/bicicletas-de-gravel/bicicletas-el%C3%A9ctricas-de-gravel/checkpoint/checkpoint-sl-5/p/57446/,https://www.trekbikes.com/es/es_ES/bicicletas/bicicletas-de-carretera/bicicletas-de-gravel/bicicletas-el%C3%A9ctricas-de-gravel/checkpoint/f/F224-5/checkpoint%252b-sl-5/57446/5337525,html,2026-10-05
Trek,Checkpoint+ SL [afeccc11],Checkpoint+ SL 5,2026,gravel,ML,,,178,188,"177 - 188 cm 5'10"" - 6'2""",ft-in,601,397,"{""Dimensiones de la rueda"": ""700c"", ""A — Tubo del sillín"": ""53.0"", ""B — Ángulo del tubo del sillín"": ""73.3°"", ""Ángulo efectivo del tubo del sillín"": ""72.8°"", ""C — Longitud del tubo de dirección"": ""15.1"", ""D — Ángulo de la dirección"": ""72.0°"", ""E — Tubo superior efectivo"": ""57.8"", ""G — Altura del eje de pedalier"": ""7.6"", ""H — Longitud de la vaina"": ""44.0"", ""I — Retroceso"": ""4.9"", ""J — Trail"": ""6.4"", ""K — Distancia entre ejes"": ""105.2"", ""L — Standover"": ""81.3"", ""Reach (cm)"": ""39.7"", ""Stack (cm)"": ""60.1""}",4999,false,https://www.trekbikes.com/es/es_ES/bicicletas/bicicletas-de-carretera/bicicletas-de-gravel/bicicletas-el%C3%A9ctricas-de-gravel/checkpoint/checkpoint-sl-5/p/57446/,https://www.trekbikes.com/es/es_ES/bicicletas/bicicletas-de-carretera/bicicletas-de-gravel/bicicletas-el%C3%A9ctricas-de-gravel/checkpoint/f/F224-5/checkpoint%252b-sl-5/57446/5337525,html,2026-10-05
Trek,Checkpoint+ SL [afeccc11],Checkpoint+ SL 5,2026,gravel,L,L,,188,193,"188 - 194 cm 6'2"" - 6'4""",ft-in,620,402,"{""Dimensiones de la rueda"": ""700c"", ""A — Tubo del sillín"": ""55.0"", ""B — Ángulo del tubo del sillín"": ""73.3°"", ""Ángulo efectivo del tubo del sillín"": ""72.8°"", ""C — Longitud del tubo de dirección"": ""17.1"", ""D — Ángulo de la dirección"": ""72.1°"", ""E — Tubo superior efectivo"": ""58.9"", ""G — Altura del eje de pedalier"": ""7.6"", ""H — Longitud de la vaina"": ""44.0"", ""I — Retroceso"": ""4.9"", ""J — Trail"": ""6.4"", ""K — Distancia entre ejes"": ""106.3"", ""L — Standover"": ""83.7"", ""Reach (cm)"": ""40.2"", ""Stack (cm)"": ""62.0""}",4999,false,https://www.trekbikes.com/es/es_ES/bicicletas/bicicletas-de-carretera/bicicletas-de-gravel/bicicletas-el%C3%A9ctricas-de-gravel/checkpoint/checkpoint-sl-5/p/57446/,https://www.trekbikes.com/es/es_ES/bicicletas/bicicletas-de-carretera/bicicletas-de-gravel/bicicletas-el%C3%A9ctricas-de-gravel/checkpoint/f/F224-5/checkpoint%252b-sl-5/57446/5337525,html,2026-10-05
Trek,Checkpoint+ SL [afeccc11],Checkpoint+ SL 5,2026,gravel,XL,XL,,193,203,"194 - 203 cm 6'4"" - 6'8""",ft-in,640,408,"{""Dimensiones de la rueda"": ""700c"", ""A — Tubo del sillín"": ""57.5"", ""B — Ángulo del tubo del sillín"": ""73.3°"", ""Ángulo efectivo del tubo del sillín"": ""72.8°"", ""C — Longitud del tubo de dirección"": ""19.1"", ""D — Ángulo de la dirección"": ""72.4°"", ""E — Tubo superior efectivo"": ""60.1"", ""G — Altura del eje de pedalier"": ""7.6"", ""H — Longitud de la vaina"": ""44.0"", ""I — Retroceso"": ""4.9"", ""J — Trail"": ""6.2"", ""K — Distancia entre ejes"": ""107.2"", ""L — Standover"": ""86.1"", ""Reach (cm)"": ""40.8"", ""Stack (cm)"": ""64.0""}",4999,false,https://www.trekbikes.com/es/es_ES/bicicletas/bicicletas-de-carretera/bicicletas-de-gravel/bicicletas-el%C3%A9ctricas-de-gravel/checkpoint/checkpoint-sl-5/p/57446/,https://www.trekbikes.com/es/es_ES/bicicletas/bicicletas-de-carretera/bicicletas-de-gravel/bicicletas-el%C3%A9ctricas-de-gravel/checkpoint/f/F224-5/checkpoint%252b-sl-5/57446/5337525,html,2026-10-05
Trek,Domane SL 7 Gen 4 [1e4439ec],Domane SL 7 Gen 4,2026,carretera,44cm,,44,,,,,510,360,"{""Dimensiones de la rueda"": ""700c"", ""A — Tubo del sillín"": ""39.0"", ""B — Ángulo del tubo del sillín"": ""74.6°"", ""C — Longitud del tubo de dirección"": ""9.5"", ""D — Ángulo de la dirección"": ""70.3°"", ""E — Tubo superior efectivo"": ""50.1"", ""G — Altura del eje de pedalier"": ""8.0"", ""H — Longitud de la vaina"": ""42.0"", ""I — Retroceso"": ""5.3"", ""J — Trail"": ""6.6"", ""K — Distancia entre ejes"": ""98.3"", ""L — Standover"": ""65.7"", ""Reach (cm)"": ""36.0"", ""Stack (cm)"": ""51.0"", ""Altura mínima del raíl del sillín (con tija corta)"": ""53.5"", ""Altura máxima del raíl del sillín (con tija corta)"": ""60.0"", ""Altura mínima del raíl del sillín (con tija larga)"": ""56.5"", ""Altura máxima del raíl del sillín (con tija larga)"": ""63.0""}",5999,false,https://www.trekbikes.com/es/es_ES/bicicletas/bicicletas-de-carretera/bicicletas-de-carretera-de-rendimiento/domane/domane-sl/domane-sl-7-gen-4/p/57644/,https://www.trekbikes.com/es/es_ES/bicicletas/bicicletas-de-carretera/bicicletas-de-carretera-de-rendimiento/domane/domane-sl/domane-sl-7-gen-4/p/57644/,html,2026-10-05
Trek,Domane SL 7 Gen 4 [1e4439ec],Domane SL 7 Gen 4,2026,carretera,47cm,,47,,,,,527,364,"{""Dimensiones de la rueda"": ""700c"", ""A — Tubo del sillín"": ""42.0"", ""B — Ángulo del tubo del sillín"": ""74.6°"", ""C — Longitud del tubo de dirección"": ""11.0"", ""D — Ángulo de la dirección"": ""71.0°"", ""E — Tubo superior efectivo"": ""50.9"", ""G — Altura del eje de pedalier"": ""8.0"", ""H — Longitud de la vaina"": ""42.0"", ""I — Retroceso"": ""5.3"", ""J — Trail"": ""6.1"", ""K — Distancia entre ejes"": ""98.6"", ""L — Standover"": ""68.6"", ""Reach (cm)"": ""36.4"", ""Stack (cm)"": ""52.7"", ""Altura mínima del raíl del sillín (con tija corta)"": ""55.5"", ""Altura máxima del raíl del sillín (con tija corta)"": ""62.0"", ""Altura mínima del raíl del sillín (con tija larga)"": ""58.5"", ""Altura máxima del raíl del sillín (con tija larga)"": ""65.0""}",5999,false,https://www.trekbikes.com/es/es_ES/bicicletas/bicicletas-de-carretera/bicicletas-de-carretera-de-rendimiento/domane/domane-sl/domane-sl-7-gen-4/p/57644/,https://www.trekbikes.com/es/es_ES/bicicletas/bicicletas-de-carretera/bicicletas-de-carretera-de-rendimiento/domane/domane-sl/domane-sl-7-gen-4/p/57644/,html,2026-10-05
Trek,Domane SL 7 Gen 4 [1e4439ec],Domane SL 7 Gen 4,2026,carretera,50cm,,50,,,,,546,368,"{""Dimensiones de la rueda"": ""700c"", ""A — Tubo del sillín"": ""45.0"", ""B — Ángulo del tubo del sillín"": ""74.6°"", ""C — Longitud del tubo de dirección"": ""13.0"", ""D — Ángulo de la dirección"": ""71.1°"", ""E — Tubo superior efectivo"": ""51.9"", ""G — Altura del eje de pedalier"": ""8.0"", ""H — Longitud de la vaina"": ""42.0"", ""I — Retroceso"": ""5.3"", ""J — Trail"": ""6.0"", ""K — Distancia entre ejes"": ""99.6"", ""L — Standover"": ""71.6"", ""Reach (cm)"": ""36.8"", ""Stack (cm)"": ""54.6"", ""Altura mínima del raíl del sillín (con tija corta)"": ""58.5"", ""Altura máxima del raíl del sillín (con tija corta)"": ""65.0"", ""Altura mínima del raíl del sillín (con tija larga)"": ""61.5"", ""Altura máxima del raíl del sillín (con tija larga)"": ""68.0""}",5999,false,https://www.trekbikes.com/es/es_ES/bicicletas/bicicletas-de-carretera/bicicletas-de-carretera-de-rendimiento/domane/domane-sl/domane-sl-7-gen-4/p/57644/,https://www.trekbikes.com/es/es_ES/bicicletas/bicicletas-de-carretera/bicicletas-de-carretera-de-rendimiento/domane/domane-sl/domane-sl-7-gen-4/p/57644/,html,2026-10-05
Trek,Domane SL 7 Gen 4 [1e4439ec],Domane SL 7 Gen 4,2026,carretera,52cm,,52,,,,,561,371,"{""Dimensiones de la rueda"": ""700c"", ""A — Tubo del sillín"": ""47.5"", ""B — Ángulo del tubo del sillín"": ""74.2°"", ""C — Longitud del tubo de dirección"": ""14.5"", ""D — Ángulo de la dirección"": ""71.3°"", ""E — Tubo superior efectivo"": ""53.0"", ""G — Altura del eje de pedalier"": ""8.0"", ""H — Longitud de la vaina"": ""42.0"", ""I — Retroceso"": ""5.3"", ""J — Trail"": ""5.9"", ""K — Distancia entre ejes"": ""100.3"", ""L — Standover"": ""73.5"", ""Reach (cm)"": ""37.1"", ""Stack (cm)"": ""56.1"", ""Altura mínima del raíl del sillín (con tija corta)"": ""61.5"", ""Altura máxima del raíl del sillín (con tija corta)"": ""68.0"", ""Altura mínima del raíl del sillín (con tija larga)"": ""64.5"", ""Altura máxima del raíl del sillín (con tija larga)"": ""71.0""}",5999,false,https://www.trekbikes.com/es/es_ES/bicicletas/bicicletas-de-carretera/bicicletas-de-carretera-de-rendimiento/domane/domane-sl/domane-sl-7-gen-4/p/57644/,https://www.trekbikes.com/es/es_ES/bicicletas/bicicletas-de-carretera/bicicletas-de-carretera-de-rendimiento/domane/domane-sl/domane-sl-7-gen-4/p/57644/,html,2026-10-05
Trek,Domane SL 7 Gen 4 [1e4439ec],Domane SL 7 Gen 4,2026,carretera,54cm,,54,,,,,575,374,"{""Dimensiones de la rueda"": ""700c"", ""A — Tubo del sillín"": ""50.0"", ""B — Ángulo del tubo del sillín"": ""73.7°"", ""C — Longitud del tubo de dirección"": ""16.0"", ""D — Ángulo de la dirección"": ""71.3°"", ""E — Tubo superior efectivo"": ""54.2"", ""G — Altura del eje de pedalier"": ""8.0"", ""H — Longitud de la vaina"": ""42.0"", ""I — Retroceso"": ""5.3"", ""J — Trail"": ""5.9"", ""K — Distancia entre ejes"": ""101.0"", ""L — Standover"": ""75.4"", ""Reach (cm)"": ""37.4"", ""Stack (cm)"": ""57.5"", ""Altura mínima del raíl del sillín (con tija corta)"": ""64.0"", ""Altura máxima del raíl del sillín (con tija corta)"": ""70.5"", ""Altura mínima del raíl del sillín (con tija larga)"": ""67.0"", ""Altura máxima del raíl del sillín (con tija larga)"": ""73.5""}",5999,false,https://www.trekbikes.com/es/es_ES/bicicletas/bicicletas-de-carretera/bicicletas-de-carretera-de-rendimiento/domane/domane-sl/domane-sl-7-gen-4/p/57644/,https://www.trekbikes.com/es/es_ES/bicicletas/bicicletas-de-carretera/bicicletas-de-carretera-de-rendimiento/domane/domane-sl/domane-sl-7-gen-4/p/57644/,html,2026-10-05
Trek,Domane SL 7 Gen 4 [1e4439ec],Domane SL 7 Gen 4,2026,carretera,56cm,,56,,,,,591,377,"{""Dimensiones de la rueda"": ""700c"", ""A — Tubo del sillín"": ""52.5"", ""B — Ángulo del tubo del sillín"": ""73.3°"", ""C — Longitud del tubo de dirección"": ""17.5"", ""D — Ángulo de la dirección"": ""71.9°"", ""E — Tubo superior efectivo"": ""55.4"", ""G — Altura del eje de pedalier"": ""7.8"", ""H — Longitud de la vaina"": ""42.0"", ""I — Retroceso"": ""4.8"", ""J — Trail"": ""6.1"", ""K — Distancia entre ejes"": ""100.8"", ""L — Standover"": ""77.6"", ""Reach (cm)"": ""37.7"", ""Stack (cm)"": ""59.1"", ""Altura mínima del raíl del sillín (con tija corta)"": ""67.0"", ""Altura máxima del raíl del sillín (con tija corta)"": ""73.5"", ""Altura mínima del raíl del sillín (con tija larga)"": ""70.0"", ""Altura máxima del raíl del sillín (con tija larga)"": ""76.5""}",5999,false,https://www.trekbikes.com/es/es_ES/bicicletas/bicicletas-de-carretera/bicicletas-de-carretera-de-rendimiento/domane/domane-sl/domane-sl-7-gen-4/p/57644/,https://www.trekbikes.com/es/es_ES/bicicletas/bicicletas-de-carretera/bicicletas-de-carretera-de-rendimiento/domane/domane-sl/domane-sl-7-gen-4/p/57644/,html,2026-10-05
Trek,Domane SL 7 Gen 4 [1e4439ec],Domane SL 7 Gen 4,2026,carretera,58cm,,58,,,,,611,380,"{""Dimensiones de la rueda"": ""700c"", ""A — Tubo del sillín"": ""54.8"", ""B — Ángulo del tubo del sillín"": ""73.0°"", ""C — Longitud del tubo de dirección"": ""19.5"", ""D — Ángulo de la dirección"": ""72.0°"", ""E — Tubo superior efectivo"": ""56.7"", ""G — Altura del eje de pedalier"": ""7.8"", ""H — Longitud de la vaina"": ""42.5"", ""I — Retroceso"": ""4.8"", ""J — Trail"": ""6.0"", ""K — Distancia entre ejes"": ""102.2"", ""L — Standover"": ""79.6"", ""Reach (cm)"": ""38.0"", ""Stack (cm)"": ""61.1"", ""Altura mínima del raíl del sillín (con tija corta)"": ""69.0"", ""Altura máxima del raíl del sillín (con tija corta)"": ""75.5"", ""Altura mínima del raíl del sillín (con tija larga)"": ""72.0"", ""Altura máxima del raíl del sillín (con tija larga)"": ""78.5""}",5999,false,https://www.trekbikes.com/es/es_ES/bicicletas/bicicletas-de-carretera/bicicletas-de-carretera-de-rendimiento/domane/domane-sl/domane-sl-7-gen-4/p/57644/,https://www.trekbikes.com/es/es_ES/bicicletas/bicicletas-de-carretera/bicicletas-de-carretera-de-rendimiento/domane/domane-sl/domane-sl-7-gen-4/p/57644/,html,2026-10-05
Trek,Domane SL 6 Gen 4 [3a3f13ca],Domane SL 6 Gen 4,2026,carretera,54cm,,54,,,,,575,374,"{""Dimensiones de la rueda"": ""700c"", ""A — Tubo del sillín"": ""50.0"", ""B — Ángulo del tubo del sillín"": ""73.7°"", ""C — Longitud del tubo de dirección"": ""16.0"", ""D — Ángulo de la dirección"": ""71.3°"", ""E — Tubo superior efectivo"": ""54.2"", ""G — Altura del eje de pedalier"": ""8.0"", ""H — Longitud de la vaina"": ""42.0"", ""I — Retroceso"": ""5.3"", ""J — Trail"": ""5.9"", ""K — Distancia entre ejes"": ""101.0"", ""L — Standover"": ""75.4"", ""Reach (cm)"": ""37.4"", ""Stack (cm)"": ""57.5"", ""Altura mínima del raíl del sillín (con tija corta)"": ""64.0"", ""Altura máxima del raíl del sillín (con tija corta)"": ""70.5"", ""Altura mínima del raíl del sillín (con tija larga)"": ""67.0"", ""Altura máxima del raíl del sillín (con tija larga)"": ""73.5""}",3999,false,https://www.trekbikes.com/es/es_ES/bicicletas/bicicletas-de-carretera/bicicletas-de-carretera-de-rendimiento/domane/domane-sl/domane-sl-6-gen-4/p/57639/,https://www.trekbikes.com/es/es_ES/bicicletas/bicicletas-de-carretera/bicicletas-de-carretera-de-rendimiento/domane/domane-sl/domane-sl-6-gen-4/p/57639/,html,2026-10-05
Trek,Domane SL 6 Gen 4 [3a3f13ca],Domane SL 6 Gen 4,2026,carretera,56cm,,56,,,,,591,377,"{""Dimensiones de la rueda"": ""700c"", ""A — Tubo del sillín"": ""52.5"", ""B — Ángulo del tubo del sillín"": ""73.3°"", ""C — Longitud del tubo de dirección"": ""17.5"", ""D — Ángulo de la dirección"": ""71.9°"", ""E — Tubo superior efectivo"": ""55.4"", ""G — Altura del eje de pedalier"": ""7.8"", ""H — Longitud de la vaina"": ""42.0"", ""I — Retroceso"": ""4.8"", ""J — Trail"": ""6.1"", ""K — Distancia entre ejes"": ""100.8"", ""L — Standover"": ""77.6"", ""Reach (cm)"": ""37.7"", ""Stack (cm)"": ""59.1"", ""Altura mínima del raíl del sillín (con tija corta)"": ""67.0"", ""Altura máxima del raíl del sillín (con tija corta)"": ""73.5"", ""Altura mínima del raíl del sillín (con tija larga)"": ""70.0"", ""Altura máxima del raíl del sillín (con tija larga)"": ""76.5""}",3999,false,https://www.trekbikes.com/es/es_ES/bicicletas/bicicletas-de-carretera/bicicletas-de-carretera-de-rendimiento/domane/domane-sl/domane-sl-6-gen-4/p/57639/,https://www.trekbikes.com/es/es_ES/bicicletas/bicicletas-de-carretera/bicicletas-de-carretera-de-rendimiento/domane/domane-sl/domane-sl-6-gen-4/p/57639/,html,2026-10-05
Trek,Domane SL 6 Gen 4 [3a3f13ca],Domane SL 6 Gen 4,2026,carretera,58cm,,58,,,,,611,380,"{""Dimensiones de la rueda"": ""700c"", ""A — Tubo del sillín"": ""54.8"", ""B — Ángulo del tubo del sillín"": ""73.0°"", ""C — Longitud del tubo de dirección"": ""19.5"", ""D — Ángulo de la dirección"": ""72.0°"", ""E — Tubo superior efectivo"": ""56.7"", ""G — Altura del eje de pedalier"": ""7.8"", ""H — Longitud de la vaina"": ""42.5"", ""I — Retroceso"": ""4.8"", ""J — Trail"": ""6.0"", ""K — Distancia entre ejes"": ""102.2"", ""L — Standover"": ""79.6"", ""Reach (cm)"": ""38.0"", ""Stack (cm)"": ""61.1"", ""Altura mínima del raíl del sillín (con tija corta)"": ""69.0"", ""Altura máxima del raíl del sillín (con tija corta)"": ""75.5"", ""Altura mínima del raíl del sillín (con tija larga)"": ""72.0"", ""Altura máxima del raíl del sillín (con tija larga)"": ""78.5""}",3999,false,https://www.trekbikes.com/es/es_ES/bicicletas/bicicletas-de-carretera/bicicletas-de-carretera-de-rendimiento/domane/domane-sl/domane-sl-6-gen-4/p/57639/,https://www.trekbikes.com/es/es_ES/bicicletas/bicicletas-de-carretera/bicicletas-de-carretera-de-rendimiento/domane/domane-sl/domane-sl-6-gen-4/p/57639/,html,2026-10-05
Trek,Domane SL 6 [982c0ecf],Domane SL 6,2027,carretera,54cm,,54,,,,,575,374,"{""Dimensiones de la rueda"": ""700c"", ""A — Tubo del sillín"": ""50.0"", ""B — Ángulo del tubo del sillín"": ""73.7°"", ""C — Longitud del tubo de dirección"": ""16.0"", ""D — Ángulo de la dirección"": ""71.3°"", ""E — Tubo superior efectivo"": ""54.2"", ""G — Altura del eje de pedalier"": ""8.0"", ""H — Longitud de la vaina"": ""42.0"", ""I — Retroceso"": ""5.3"", ""J — Trail"": ""5.9"", ""K — Distancia entre ejes"": ""101.0"", ""L — Standover"": ""75.4"", ""Reach (cm)"": ""37.4"", ""Stack (cm)"": ""57.5"", ""Altura mínima del raíl del sillín (con tija corta)"": ""64.0"", ""Altura máxima del raíl del sillín (con tija corta)"": ""70.0"", ""Altura mínima del raíl del sillín (con tija larga)"": ""67.5"", ""Altura máxima del raíl del sillín (con tija larga)"": ""73.5""}",3599,false,https://www.trekbikes.com/es/es_ES/bicicletas/bicicletas-de-carretera/bicicletas-de-carretera-de-rendimiento/domane/domane-sl/domane-sl-6/p/28313/,https://www.trekbikes.com/es/es_ES/bicicletas/bicicletas-de-carretera/bicicletas-de-carretera-de-rendimiento/domane/domane-sl/domane-sl-6/p/28313/,html,2026-10-05
Trek,Domane SL 5 Gen 4 [d400a59b],Domane SL 5 Gen 4,2026,carretera,47cm,,47,,,,,527,364,"{""Dimensiones de la rueda"": ""700c"", ""A — Tubo del sillín"": ""42.0"", ""B — Ángulo del tubo del sillín"": ""74.6°"", ""C — Longitud del tubo de dirección"": ""11.0"", ""D — Ángulo de la dirección"": ""71.0°"", ""E — Tubo superior efectivo"": ""50.9"", ""G — Altura del eje de pedalier"": ""8.0"", ""H — Longitud de la vaina"": ""42.0"", ""I — Retroceso"": ""5.3"", ""J — Trail"": ""6.1"", ""K — Distancia entre ejes"": ""98.6"", ""L — Standover"": ""68.6"", ""Reach (cm)"": ""36.4"", ""Stack (cm)"": ""52.7"", ""Altura mínima del raíl del sillín (con tija corta)"": ""55.5"", ""Altura máxima del raíl del sillín (con tija corta)"": ""62.0"", ""Altura mínima del raíl del sillín (con tija larga)"": ""58.5"", ""Altura máxima del raíl del sillín (con tija larga)"": ""65.0""}",2899,false,https://www.trekbikes.com/es/es_ES/bicicletas/bicicletas-de-carretera/bicicletas-de-carretera-de-rendimiento/domane/domane-sl/domane-sl-5-gen-4/p/57629/,https://www.trekbikes.com/es/es_ES/bicicletas/bicicletas-de-carretera/bicicletas-de-carretera-de-rendimiento/domane/domane-sl/domane-sl-5-gen-4/p/57629/,html,2026-10-05
Trek,Domane SL 5 Gen 4 [d400a59b],Domane SL 5 Gen 4,2026,carretera,50cm,,50,,,,,546,368,"{""Dimensiones de la rueda"": ""700c"", ""A — Tubo del sillín"": ""45.0"", ""B — Ángulo del tubo del sillín"": ""74.6°"", ""C — Longitud del tubo de dirección"": ""13.0"", ""D — Ángulo de la dirección"": ""71.1°"", ""E — Tubo superior efectivo"": ""51.9"", ""G — Altura del eje de pedalier"": ""8.0"", ""H — Longitud de la vaina"": ""42.0"", ""I — Retroceso"": ""5.3"", ""J — Trail"": ""6.0"", ""K — Distancia entre ejes"": ""99.6"", ""L — Standover"": ""71.6"", ""Reach (cm)"": ""36.8"", ""Stack (cm)"": ""54.6"", ""Altura mínima del raíl del sillín (con tija corta)"": ""58.5"", ""Altura máxima del raíl del sillín (con tija corta)"": ""65.0"", ""Altura mínima del raíl del sillín (con tija larga)"": ""61.5"", ""Altura máxima del raíl del sillín (con tija larga)"": ""68.0""}",2899,false,https://www.trekbikes.com/es/es_ES/bicicletas/bicicletas-de-carretera/bicicletas-de-carretera-de-rendimiento/domane/domane-sl/domane-sl-5-gen-4/p/57629/,https://www.trekbikes.com/es/es_ES/bicicletas/bicicletas-de-carretera/bicicletas-de-carretera-de-rendimiento/domane/domane-sl/domane-sl-5-gen-4/p/57629/,html,2026-10-05
Trek,Domane SL 5 Gen 4 [d400a59b],Domane SL 5 Gen 4,2026,carretera,52cm,,52,,,,,561,371,"{""Dimensiones de la rueda"": ""700c"", ""A — Tubo del sillín"": ""47.5"", ""B — Ángulo del tubo del sillín"": ""74.2°"", ""C — Longitud del tubo de dirección"": ""14.5"", ""D — Ángulo de la dirección"": ""71.3°"", ""E — Tubo superior efectivo"": ""53.0"", ""G — Altura del eje de pedalier"": ""8.0"", ""H — Longitud de la vaina"": ""42.0"", ""I — Retroceso"": ""5.3"", ""J — Trail"": ""5.9"", ""K — Distancia entre ejes"": ""100.3"", ""L — Standover"": ""73.5"", ""Reach (cm)"": ""37.1"", ""Stack (cm)"": ""56.1"", ""Altura mínima del raíl del sillín (con tija corta)"": ""61.5"", ""Altura máxima del raíl del sillín (con tija corta)"": ""68.0"", ""Altura mínima del raíl del sillín (con tija larga)"": ""64.5"", ""Altura máxima del raíl del sillín (con tija larga)"": ""71.0""}",2899,false,https://www.trekbikes.com/es/es_ES/bicicletas/bicicletas-de-carretera/bicicletas-de-carretera-de-rendimiento/domane/domane-sl/domane-sl-5-gen-4/p/57629/,https://www.trekbikes.com/es/es_ES/bicicletas/bicicletas-de-carretera/bicicletas-de-carretera-de-rendimiento/domane/domane-sl/domane-sl-5-gen-4/p/57629/,html,2026-10-05
Trek,Domane SL 5 Gen 4 [d400a59b],Domane SL 5 Gen 4,2026,carretera,54cm,,54,,,,,575,374,"{""Dimensiones de la rueda"": ""700c"", ""A — Tubo del sillín"": ""50.0"", ""B — Ángulo del tubo del sillín"": ""73.7°"", ""C — Longitud del tubo de dirección"": ""16.0"", ""D — Ángulo de la dirección"": ""71.3°"", ""E — Tubo superior efectivo"": ""54.2"", ""G — Altura del eje de pedalier"": ""8.0"", ""H — Longitud de la vaina"": ""42.0"", ""I — Retroceso"": ""5.3"", ""J — Trail"": ""5.9"", ""K — Distancia entre ejes"": ""101.0"", ""L — Standover"": ""75.4"", ""Reach (cm)"": ""37.4"", ""Stack (cm)"": ""57.5"", ""Altura mínima del raíl del sillín (con tija corta)"": ""64.0"", ""Altura máxima del raíl del sillín (con tija corta)"": ""70.5"", ""Altura mínima del raíl del sillín (con tija larga)"": ""67.0"", ""Altura máxima del raíl del sillín (con tija larga)"": ""73.5""}",2899,false,https://www.trekbikes.com/es/es_ES/bicicletas/bicicletas-de-carretera/bicicletas-de-carretera-de-rendimiento/domane/domane-sl/domane-sl-5-gen-4/p/57629/,https://www.trekbikes.com/es/es_ES/bicicletas/bicicletas-de-carretera/bicicletas-de-carretera-de-rendimiento/domane/domane-sl/domane-sl-5-gen-4/p/57629/,html,2026-10-05
Trek,Domane SL 5 Gen 4 [d400a59b],Domane SL 5 Gen 4,2026,carretera,56cm,,56,,,,,591,377,"{""Dimensiones de la rueda"": ""700c"", ""A — Tubo del sillín"": ""52.5"", ""B — Ángulo del tubo del sillín"": ""73.3°"", ""C — Longitud del tubo de dirección"": ""17.5"", ""D — Ángulo de la dirección"": ""71.9°"", ""E — Tubo superior efectivo"": ""55.4"", ""G — Altura del eje de pedalier"": ""7.8"", ""H — Longitud de la vaina"": ""42.0"", ""I — Retroceso"": ""4.8"", ""J — Trail"": ""6.1"", ""K — Distancia entre ejes"": ""100.8"", ""L — Standover"": ""77.6"", ""Reach (cm)"": ""37.7"", ""Stack (cm)"": ""59.1"", ""Altura mínima del raíl del sillín (con tija corta)"": ""67.0"", ""Altura máxima del raíl del sillín (con tija corta)"": ""73.5"", ""Altura mínima del raíl del sillín (con tija larga)"": ""70.0"", ""Altura máxima del raíl del sillín (con tija larga)"": ""76.5""}",2899,false,https://www.trekbikes.com/es/es_ES/bicicletas/bicicletas-de-carretera/bicicletas-de-carretera-de-rendimiento/domane/domane-sl/domane-sl-5-gen-4/p/57629/,https://www.trekbikes.com/es/es_ES/bicicletas/bicicletas-de-carretera/bicicletas-de-carretera-de-rendimiento/domane/domane-sl/domane-sl-5-gen-4/p/57629/,html,2026-10-05
Trek,Domane SL 5 Gen 4 [d400a59b],Domane SL 5 Gen 4,2026,carretera,58cm,,58,,,,,611,380,"{""Dimensiones de la rueda"": ""700c"", ""A — Tubo del sillín"": ""54.8"", ""B — Ángulo del tubo del sillín"": ""73.0°"", ""C — Longitud del tubo de dirección"": ""19.5"", ""D — Ángulo de la dirección"": ""72.0°"", ""E — Tubo superior efectivo"": ""56.7"", ""G — Altura del eje de pedalier"": ""7.8"", ""H — Longitud de la vaina"": ""42.5"", ""I — Retroceso"": ""4.8"", ""J — Trail"": ""6.0"", ""K — Distancia entre ejes"": ""102.2"", ""L — Standover"": ""79.6"", ""Reach (cm)"": ""38.0"", ""Stack (cm)"": ""61.1"", ""Altura mínima del raíl del sillín (con tija corta)"": ""69.0"", ""Altura máxima del raíl del sillín (con tija corta)"": ""75.5"", ""Altura mínima del raíl del sillín (con tija larga)"": ""72.0"", ""Altura máxima del raíl del sillín (con tija larga)"": ""78.5""}",2899,false,https://www.trekbikes.com/es/es_ES/bicicletas/bicicletas-de-carretera/bicicletas-de-carretera-de-rendimiento/domane/domane-sl/domane-sl-5-gen-4/p/57629/,https://www.trekbikes.com/es/es_ES/bicicletas/bicicletas-de-carretera/bicicletas-de-carretera-de-rendimiento/domane/domane-sl/domane-sl-5-gen-4/p/57629/,html,2026-10-05
Trek,Domane SL 5 Gen 4 [d400a59b],Domane SL 5 Gen 4,2026,carretera,60cm,,60,,,,,632,383,"{""Dimensiones de la rueda"": ""700c"", ""A — Tubo del sillín"": ""56.7"", ""B — Ángulo del tubo del sillín"": ""72.8°"", ""C — Longitud del tubo de dirección"": ""22.0"", ""D — Ángulo de la dirección"": ""72.1°"", ""E — Tubo superior efectivo"": ""57.9"", ""G — Altura del eje de pedalier"": ""7.5"", ""H — Longitud de la vaina"": ""42.5"", ""I — Retroceso"": ""4.8"", ""J — Trail"": ""5.9"", ""K — Distancia entre ejes"": ""103.2"", ""L — Standover"": ""81.7"", ""Reach (cm)"": ""38.3"", ""Stack (cm)"": ""63.2"", ""Altura mínima del raíl del sillín (con tija corta)"": ""71.0"", ""Altura máxima del raíl del sillín (con tija corta)"": ""77.5"", ""Altura mínima del raíl del sillín (con tija larga)"": ""74.0"", ""Altura máxima del raíl del sillín (con tija larga)"": ""80.5""}",2899,false,https://www.trekbikes.com/es/es_ES/bicicletas/bicicletas-de-carretera/bicicletas-de-carretera-de-rendimiento/domane/domane-sl/domane-sl-5-gen-4/p/57629/,https://www.trekbikes.com/es/es_ES/bicicletas/bicicletas-de-carretera/bicicletas-de-carretera-de-rendimiento/domane/domane-sl/domane-sl-5-gen-4/p/57629/,html,2026-10-05
Trek,Domane SL 5 Gen 4 [d400a59b],Domane SL 5 Gen 4,2026,carretera,62cm,,62,,,,,656,386,"{""Dimensiones de la rueda"": ""700c"", ""A — Tubo del sillín"": ""58.6"", ""B — Ángulo del tubo del sillín"": ""72.5°"", ""C — Longitud del tubo de dirección"": ""24.5"", ""D — Ángulo de la dirección"": ""72.1°"", ""E — Tubo superior efectivo"": ""59.3"", ""G — Altura del eje de pedalier"": ""7.5"", ""H — Longitud de la vaina"": ""42.5"", ""I — Retroceso"": ""4.8"", ""J — Trail"": ""5.9"", ""K — Distancia entre ejes"": ""104.2"", ""L — Standover"": ""83.5"", ""Reach (cm)"": ""38.6"", ""Stack (cm)"": ""65.6"", ""Altura mínima del raíl del sillín (con tija corta)"": ""73.0"", ""Altura máxima del raíl del sillín (con tija corta)"": ""79.5"", ""Altura mínima del raíl del sillín (con tija larga)"": ""76.0"", ""Altura máxima del raíl del sillín (con tija larga)"": ""82.5""}",2899,false,https://www.trekbikes.com/es/es_ES/bicicletas/bicicletas-de-carretera/bicicletas-de-carretera-de-rendimiento/domane/domane-sl/domane-sl-5-gen-4/p/57629/,https://www.trekbikes.com/es/es_ES/bicicletas/bicicletas-de-carretera/bicicletas-de-carretera-de-rendimiento/domane/domane-sl/domane-sl-5-gen-4/p/57629/,html,2026-10-05
Trek,Émonda ALR 5 [176ff2dc],Émonda ALR 5,2027,carretera,56cm,,56,,,,,577,387,"{""Dimensiones de la rueda"": ""700c"", ""A — Tubo del sillín"": ""51.3"", ""B — Ángulo del tubo del sillín"": ""73.3°"", ""C — Longitud del tubo de dirección"": ""17.0"", ""D — Ángulo de la dirección"": ""73.5°"", ""E — Tubo superior efectivo"": ""56.0"", ""G — Altura del eje de pedalier"": ""7.0"", ""H — Longitud de la vaina"": ""41.0"", ""I — Retroceso"": ""4.0"", ""J — Trail"": ""5.8"", ""K — Distancia entre ejes"": ""98.3"", ""L — Standover"": ""76.7"", ""Reach (cm)"": ""38.7"", ""Stack (cm)"": ""57.7""}",1899,false,https://www.trekbikes.com/es/es_ES/bicicletas/bicicletas-de-carretera/bicicletas-de-carretera-de-rendimiento/%C3%A9monda/%C3%A9monda-alr/%C3%A9monda-alr-5/p/24166/,https://www.trekbikes.com/es/es_ES/bicicletas/bicicletas-de-carretera/bicicletas-de-carretera-de-rendimiento/%C3%A9monda/%C3%A9monda-alr/%C3%A9monda-alr-5/p/24166/,html,2026-10-05
Trek,Émonda ALR 5 [176ff2dc],Émonda ALR 5,2027,carretera,62cm,,62,,,,,634,398,"{""Dimensiones de la rueda"": ""700c"", ""A — Tubo del sillín"": ""59.3"", ""B — Ángulo del tubo del sillín"": ""72.5°"", ""C — Longitud del tubo de dirección"": ""23.0"", ""D — Ángulo de la dirección"": ""73.9°"", ""E — Tubo superior efectivo"": ""59.8"", ""G — Altura del eje de pedalier"": ""6.8"", ""H — Longitud de la vaina"": ""41.2"", ""I — Retroceso"": ""4.0"", ""J — Trail"": ""5.5"", ""K — Distancia entre ejes"": ""101.0"", ""L — Standover"": ""82.2"", ""Reach (cm)"": ""39.8"", ""Stack (cm)"": ""63.4""}",1899,false,https://www.trekbikes.com/es/es_ES/bicicletas/bicicletas-de-carretera/bicicletas-de-carretera-de-rendimiento/%C3%A9monda/%C3%A9monda-alr/%C3%A9monda-alr-5/p/24166/,https://www.trekbikes.com/es/es_ES/bicicletas/bicicletas-de-carretera/bicicletas-de-carretera-de-rendimiento/%C3%A9monda/%C3%A9monda-alr/%C3%A9monda-alr-5/p/24166/,html,2026-10-05
Trek,Domane AL 5 Gen 3 [e679b71c],Domane AL 5 Gen 3,2027,carretera,44cm,,44,,,,,510,360,"{""Dimensiones de la rueda"": ""700c"", ""A — Tubo del sillín"": ""39.0"", ""B — Ángulo del tubo del sillín"": ""74.6°"", ""C — Longitud del tubo de dirección"": ""9.5"", ""D — Ángulo de la dirección"": ""70.3°"", ""E — Tubo superior efectivo"": ""50.1"", ""G — Altura del eje de pedalier"": ""8.0"", ""H — Longitud de la vaina"": ""42.0"", ""I — Retroceso"": ""5.3"", ""J — Trail"": ""6.6"", ""K — Distancia entre ejes"": ""98.3"", ""L — Standover"": ""65.7"", ""Reach (cm)"": ""36.0"", ""Stack (cm)"": ""51.0""}",2049,false,https://www.trekbikes.com/es/es_ES/bicicletas/bicicletas-de-carretera/bicicletas-de-carretera-de-rendimiento/domane/domane-al/domane-al-5-gen-3/p/33086/,https://www.trekbikes.com/es/es_ES/bicicletas/bicicletas-de-carretera/bicicletas-de-carretera-de-rendimiento/domane/domane-al/domane-al-5-gen-3/p/33086/,html,2026-10-05
Trek,Domane AL 5 Gen 3 [e679b71c],Domane AL 5 Gen 3,2027,carretera,52cm,,52,,,,,561,371,"{""Dimensiones de la rueda"": ""700c"", ""A — Tubo del sillín"": ""47.5"", ""B — Ángulo del tubo del sillín"": ""74.2°"", ""C — Longitud del tubo de dirección"": ""14.5"", ""D — Ángulo de la dirección"": ""71.3°"", ""E — Tubo superior efectivo"": ""53.0"", ""G — Altura del eje de pedalier"": ""8.0"", ""H — Longitud de la vaina"": ""42.0"", ""I — Retroceso"": ""5.3"", ""J — Trail"": ""5.9"", ""K — Distancia entre ejes"": ""100.3"", ""L — Standover"": ""73.5"", ""Reach (cm)"": ""37.1"", ""Stack (cm)"": ""56.1""}",2049,false,https://www.trekbikes.com/es/es_ES/bicicletas/bicicletas-de-carretera/bicicletas-de-carretera-de-rendimiento/domane/domane-al/domane-al-5-gen-3/p/33086/,https://www.trekbikes.com/es/es_ES/bicicletas/bicicletas-de-carretera/bicicletas-de-carretera-de-rendimiento/domane/domane-al/domane-al-5-gen-3/p/33086/,html,2026-10-05
Trek,Domane AL 5 Gen 3 [e679b71c],Domane AL 5 Gen 3,2027,carretera,54cm,,54,,,,,575,374,"{""Dimensiones de la rueda"": ""700c"", ""A — Tubo del sillín"": ""50.0"", ""B — Ángulo del tubo del sillín"": ""73.7°"", ""C — Longitud del tubo de dirección"": ""16.0"", ""D — Ángulo de la dirección"": ""71.3°"", ""E — Tubo superior efectivo"": ""54.2"", ""G — Altura del eje de pedalier"": ""8.0"", ""H — Longitud de la vaina"": ""42.0"", ""I — Retroceso"": ""5.3"", ""J — Trail"": ""5.9"", ""K — Distancia entre ejes"": ""101.0"", ""L — Standover"": ""75.4"", ""Reach (cm)"": ""37.4"", ""Stack (cm)"": ""57.5""}",2049,false,https://www.trekbikes.com/es/es_ES/bicicletas/bicicletas-de-carretera/bicicletas-de-carretera-de-rendimiento/domane/domane-al/domane-al-5-gen-3/p/33086/,https://www.trekbikes.com/es/es_ES/bicicletas/bicicletas-de-carretera/bicicletas-de-carretera-de-rendimiento/domane/domane-al/domane-al-5-gen-3/p/33086/,html,2026-10-05
Trek,Domane AL 5 Gen 3 [e679b71c],Domane AL 5 Gen 3,2027,carretera,56cm,,56,,,,,591,377,"{""Dimensiones de la rueda"": ""700c"", ""A — Tubo del sillín"": ""52.5"", ""B — Ángulo del tubo del sillín"": ""73.3°"", ""C — Longitud del tubo de dirección"": ""17.5"", ""D — Ángulo de la dirección"": ""71.9°"", ""E — Tubo superior efectivo"": ""55.4"", ""G — Altura del eje de pedalier"": ""7.8"", ""H — Longitud de la vaina"": ""42.0"", ""I — Retroceso"": ""4.8"", ""J — Trail"": ""6.1"", ""K — Distancia entre ejes"": ""101.8"", ""L — Standover"": ""77.6"", ""Reach (cm)"": ""37.7"", ""Stack (cm)"": ""59.1""}",2049,false,https://www.trekbikes.com/es/es_ES/bicicletas/bicicletas-de-carretera/bicicletas-de-carretera-de-rendimiento/domane/domane-al/domane-al-5-gen-3/p/33086/,https://www.trekbikes.com/es/es_ES/bicicletas/bicicletas-de-carretera/bicicletas-de-carretera-de-rendimiento/domane/domane-al/domane-al-5-gen-3/p/33086/,html,2026-10-05
Trek,Domane AL 5 Gen 3 [e679b71c],Domane AL 5 Gen 3,2027,carretera,58cm,,58,,,,,611,380,"{""Dimensiones de la rueda"": ""700c"", ""A — Tubo del sillín"": ""54.8"", ""B — Ángulo del tubo del sillín"": ""73.0°"", ""C — Longitud del tubo de dirección"": ""19.5"", ""D — Ángulo de la dirección"": ""72.0°"", ""E — Tubo superior efectivo"": ""56.7"", ""G — Altura del eje de pedalier"": ""7.8"", ""H — Longitud de la vaina"": ""42.5"", ""I — Retroceso"": ""4.8"", ""J — Trail"": ""6.0"", ""K — Distancia entre ejes"": ""102.2"", ""L — Standover"": ""79.6"", ""Reach (cm)"": ""38.0"", ""Stack (cm)"": ""61.1""}",2049,false,https://www.trekbikes.com/es/es_ES/bicicletas/bicicletas-de-carretera/bicicletas-de-carretera-de-rendimiento/domane/domane-al/domane-al-5-gen-3/p/33086/,https://www.trekbikes.com/es/es_ES/bicicletas/bicicletas-de-carretera/bicicletas-de-carretera-de-rendimiento/domane/domane-al/domane-al-5-gen-3/p/33086/,html,2026-10-05
Trek,Domane AL 2 Gen 3 [6adec507],Domane AL 2 Gen 3,2027,carretera,54cm,,54,,,,,575,374,"{""Dimensiones de la rueda"": ""700c"", ""A — Tubo del sillín"": ""50.0"", ""B — Ángulo del tubo del sillín"": ""73.7°"", ""C — Longitud del tubo de dirección"": ""16.0"", ""D — Ángulo de la dirección"": ""71.3°"", ""E — Tubo superior efectivo"": ""54.2"", ""G — Altura del eje de pedalier"": ""8.0"", ""H — Longitud de la vaina"": ""42.0"", ""I — Retroceso"": ""5.3"", ""J — Trail"": ""5.9"", ""K — Distancia entre ejes"": ""101.0"", ""L — Standover"": ""75.4"", ""Reach (cm)"": ""37.4"", ""Stack (cm)"": ""57.5""}",899,false,https://www.trekbikes.com/es/es_ES/bicicletas/bicicletas-de-carretera/bicicletas-de-carretera-de-rendimiento/domane/domane-al/domane-al-2-gen-3/p/33083/,https://www.trekbikes.com/es/es_ES/bicicletas/bicicletas-de-carretera/bicicletas-de-carretera-de-rendimiento/domane/domane-al/domane-al-2-gen-3/p/33083/,html,2026-10-05
Trek,Domane AL 2 Gen 3 [6adec507],Domane AL 2 Gen 3,2027,carretera,56cm,,56,,,,,591,377,"{""Dimensiones de la rueda"": ""700c"", ""A — Tubo del sillín"": ""52.5"", ""B — Ángulo del tubo del sillín"": ""73.3°"", ""C — Longitud del tubo de dirección"": ""17.5"", ""D — Ángulo de la dirección"": ""71.9°"", ""E — Tubo superior efectivo"": ""55.4"", ""G — Altura del eje de pedalier"": ""7.8"", ""H — Longitud de la vaina"": ""42.0"", ""I — Retroceso"": ""4.8"", ""J — Trail"": ""6.1"", ""K — Distancia entre ejes"": ""101.8"", ""L — Standover"": ""77.6"", ""Reach (cm)"": ""37.7"", ""Stack (cm)"": ""59.1""}",899,false,https://www.trekbikes.com/es/es_ES/bicicletas/bicicletas-de-carretera/bicicletas-de-carretera-de-rendimiento/domane/domane-al/domane-al-2-gen-3/p/33083/,https://www.trekbikes.com/es/es_ES/bicicletas/bicicletas-de-carretera/bicicletas-de-carretera-de-rendimiento/domane/domane-al/domane-al-2-gen-3/p/33083/,html,2026-10-05
Trek,Fuel EX 9.9 X0 AXS T-Type Gen 6 [d9507e43],Fuel EX 9.9 X0 AXS T-Type Gen 6,2025,mtb,S,S,,,,,,572,433,"{""Posición de geometría"": ""Alta"", ""Dimensiones de la rueda"": ""27.5\"""", ""A — Tubo del sillín"": ""38.0"", ""B — Ángulo del tubo del sillín"": ""71.1°"", ""Ángulo efectivo del tubo del sillín"": ""78.5°"", ""C — Longitud del tubo de dirección"": ""9.5"", ""D — Ángulo de la dirección"": ""64.8°"", ""E — Tubo superior efectivo"": ""55.0"", ""F — Altura del eje de pedalier"": ""33.7"", ""G — Altura del eje de pedalier"": ""2.1"", ""H — Longitud de la vaina"": ""43.4"", ""I — Retroceso"": ""4.4"", ""J — Trail"": ""11.9"", ""K — Distancia entre ejes"": ""117.4"", ""L — Standover"": ""72.8"", ""Reach (cm)"": ""43.3"", ""Stack (cm)"": ""57.2""}",9499,false,https://www.trekbikes.com/es/es_ES/bicicletas/bicicletas-de-monta%C3%B1a/bicicletas-de-monta%C3%B1a-de-trail/bicicletas-all-mountain/fuel/fuel-ex/fuel-ex-9-9-x0-axs-t-type-gen-6/p/47248/,https://www.trekbikes.com/es/es_ES/bicicletas/bicicletas-de-monta%C3%B1a/bicicletas-de-monta%C3%B1a-de-trail/bicicletas-all-mountain/fuel/fuel-ex/fuel-ex-9-9-x0-axs-t-type-gen-6/p/47248/,html,2026-10-05
Trek,Top Fuel 9.9 [6fe35e34],Top Fuel 9.9 XTR Di2 Gen 4,2026,mtb,S,S,,,,,,566,422,"{""Posición de geometría"": ""Alta"", ""Dimensiones de la rueda"": ""27.5\"""", ""A — Tubo del sillín"": ""36.0"", ""B — Ángulo del tubo del sillín"": ""69.5°"", ""Ángulo efectivo del tubo del sillín"": ""76.5°"", ""C — Longitud del tubo de dirección"": ""10.5"", ""D — Ángulo de la dirección"": ""65.9°"", ""E — Tubo superior efectivo"": ""55.8"", ""F — Altura del eje de pedalier"": ""35.1"", ""G — Altura del eje de pedalier"": ""1.0"", ""H — Longitud de la vaina"": ""43.4"", ""I — Retroceso"": ""4.3"", ""J — Trail"": ""11.1"", ""K — Distancia entre ejes"": ""115.0"", ""L — Standover"": ""70.5"", ""Reach (cm)"": ""42.2"", ""Stack (cm)"": ""56.6"", ""Parte central delantera"": ""71.7""}",8499,false,https://www.trekbikes.com/es/es_ES/bicicletas/bicicletas-de-monta%C3%B1a/bicicletas-de-monta%C3%B1a-de-trail/top-fuel/top-fuel-9-9-xtr-di2-gen-4/p/52232/,https://www.trekbikes.com/es/es_ES/bicicletas/bicicletas-de-monta%C3%B1a/bicicletas-de-monta%C3%B1a-de-trail/top-fuel/f/F311/top-fuel-9-9-xtr-di2-gen-4/52232/5333157,html,2026-10-05
Trek,Top Fuel 9.9 [6fe35e34],Top Fuel 9.9 XX AXS Gen 4,2025,mtb,S,S,,,,,,566,422,"{""Posición de geometría"": ""Alta"", ""Dimensiones de la rueda"": ""27.5\"""", ""A — Tubo del sillín"": ""36.0"", ""B — Ángulo del tubo del sillín"": ""69.5°"", ""Ángulo efectivo del tubo del sillín"": ""76.5°"", ""C — Longitud del tubo de dirección"": ""10.5"", ""D — Ángulo de la dirección"": ""65.9°"", ""E — Tubo superior efectivo"": ""55.8"", ""F — Altura del eje de pedalier"": ""35.1"", ""G — Altura del eje de pedalier"": ""1.0"", ""H — Longitud de la vaina"": ""43.4"", ""I — Retroceso"": ""4.3"", ""J — Trail"": ""11.1"", ""K — Distancia entre ejes"": ""115.0"", ""L — Standover"": ""70.5"", ""Reach (cm)"": ""42.2"", ""Stack (cm)"": ""56.6"", ""Parte central delantera"": ""71.7""}",11499,false,https://www.trekbikes.com/es/es_ES/bicicletas/bicicletas-de-monta%C3%B1a/bicicletas-de-monta%C3%B1a-de-trail/top-fuel/top-fuel-9-9-xx-axs-gen-4/p/46146/,https://www.trekbikes.com/es/es_ES/bicicletas/bicicletas-de-monta%C3%B1a/bicicletas-de-monta%C3%B1a-de-trail/top-fuel/f/F311/top-fuel-9-9-xx-axs-gen-4/46146/5319423,html,2026-10-05
Trek,Fuel EX 9.8 GX AXS Gen 5 [80d4e466],Fuel EX 9.8 GX AXS Gen 5,2027,mtb,S,S,,,,,,568,420,"{""Posición de geometría"": ""Alta"", ""Dimensiones de la rueda"": ""27.5\"""", ""A — Tubo del sillín"": ""39.5"", ""B — Ángulo del tubo del sillín"": ""69.5°"", ""Ángulo efectivo del tubo del sillín"": ""75.5°"", ""C — Longitud del tubo de dirección"": ""10.0"", ""D — Ángulo de la dirección"": ""66.5°"", ""E — Tubo superior efectivo"": ""56.7"", ""F — Altura del eje de pedalier"": ""34.1"", ""G — Altura del eje de pedalier"": ""1.4"", ""H — Longitud de la vaina"": ""43.6"", ""I — Retroceso"": ""4.3"", ""J — Trail"": ""10.6"", ""K — Distancia entre ejes"": ""114.3"", ""L — Standover"": ""70.8"", ""Reach (cm)"": ""42.0"", ""Stack (cm)"": ""56.8""}",7299,false,https://www.trekbikes.com/es/es_ES/bicicletas/bicicletas-de-monta%C3%B1a/bicicletas-de-monta%C3%B1a-de-trail/bicicletas-all-mountain/fuel/fuel-ex/fuel-ex-9-8-gx-axs-gen-5/p/35193/,https://www.trekbikes.com/es/es_ES/bicicletas/bicicletas-de-monta%C3%B1a/bicicletas-de-monta%C3%B1a-de-trail/bicicletas-all-mountain/fuel/fuel-ex/fuel-ex-9-8-gx-axs-gen-5/p/35193/,html,2026-10-05
Trek,Fuel EX 9.8 GX AXS Gen 5 [80d4e466],Fuel EX 9.8 GX AXS Gen 5,2027,mtb,M,M,,,,,,605,445,"{""Posición de geometría"": ""Alta"", ""Dimensiones de la rueda"": ""29\"""", ""A — Tubo del sillín"": ""42.0"", ""B — Ángulo del tubo del sillín"": ""68.0°"", ""Ángulo efectivo del tubo del sillín"": ""75.5°"", ""C — Longitud del tubo de dirección"": ""10.0"", ""D — Ángulo de la dirección"": ""66.5°"", ""E — Tubo superior efectivo"": ""60.2"", ""F — Altura del eje de pedalier"": ""34.6"", ""G — Altura del eje de pedalier"": ""2.8"", ""H — Longitud de la vaina"": ""43.5"", ""I — Retroceso"": ""4.3"", ""J — Trail"": ""11.6"", ""K — Distancia entre ejes"": ""117.8"", ""L — Standover"": ""74.7"", ""Reach (cm)"": ""44.5"", ""Stack (cm)"": ""60.5""}",7299,false,https://www.trekbikes.com/es/es_ES/bicicletas/bicicletas-de-monta%C3%B1a/bicicletas-de-monta%C3%B1a-de-trail/bicicletas-all-mountain/fuel/fuel-ex/fuel-ex-9-8-gx-axs-gen-5/p/35193/,https://www.trekbikes.com/es/es_ES/bicicletas/bicicletas-de-monta%C3%B1a/bicicletas-de-monta%C3%B1a-de-trail/bicicletas-all-mountain/fuel/fuel-ex/fuel-ex-9-8-gx-axs-gen-5/p/35193/,html,2026-10-05
Trek,Top Fuel 9.8 XT Di2 Gen 4 [8c23c918],Top Fuel 9.8 XT Di2 Gen 4,2026,mtb,S,S,,155,165,"155 - 165 cm 5'1"" - 5'5""",ft-in,566,422,"{""Posición de geometría"": ""Alta"", ""Dimensiones de la rueda"": ""27.5\"""", ""A — Tubo del sillín"": ""36.0"", ""B — Ángulo del tubo del sillín"": ""69.5°"", ""Ángulo efectivo del tubo del sillín"": ""76.5°"", ""C — Longitud del tubo de dirección"": ""10.5"", ""D — Ángulo de la dirección"": ""65.9°"", ""E — Tubo superior efectivo"": ""55.8"", ""F — Altura del eje de pedalier"": ""35.1"", ""G — Altura del eje de pedalier"": ""1.0"", ""H — Longitud de la vaina"": ""43.4"", ""I — Retroceso"": ""4.3"", ""J — Trail"": ""11.1"", ""K — Distancia entre ejes"": ""115.0"", ""L — Standover"": ""70.5"", ""Reach (cm)"": ""42.2"", ""Stack (cm)"": ""56.6"", ""Parte central delantera"": ""71.7""}",6999,false,https://www.trekbikes.com/es/es_ES/bicicletas/bicicletas-de-monta%C3%B1a/bicicletas-de-monta%C3%B1a-de-trail/top-fuel/top-fuel-9-8-xt-di2-gen-4/p/52231/,https://www.trekbikes.com/es/es_ES/bicicletas/bicicletas-de-monta%C3%B1a/bicicletas-de-monta%C3%B1a-de-trail/top-fuel/f/F311/top-fuel-9-8-xt-di2-gen-4/52231/5333137,html,2026-10-05
Trek,Top Fuel 9.8 XT Di2 Gen 4 [8c23c918],Top Fuel 9.8 XT Di2 Gen 4,2026,mtb,M,M,,165,178,"165 - 177 cm 5'5"" - 5'10""",ft-in,599,452,"{""Posición de geometría"": ""Alta"", ""Dimensiones de la rueda"": ""29\"""", ""A — Tubo del sillín"": ""41.0"", ""B — Ángulo del tubo del sillín"": ""70.5°"", ""Ángulo efectivo del tubo del sillín"": ""77.3°"", ""C — Longitud del tubo de dirección"": ""10.5"", ""D — Ángulo de la dirección"": ""65.9°"", ""E — Tubo superior efectivo"": ""58.7"", ""F — Altura del eje de pedalier"": ""35.4"", ""G — Altura del eje de pedalier"": ""2.6"", ""H — Longitud de la vaina"": ""43.4"", ""I — Retroceso"": ""4.3"", ""J — Trail"": ""12.1"", ""K — Distancia entre ejes"": ""118.8"", ""L — Standover"": ""75.5"", ""Reach (cm)"": ""45.2"", ""Stack (cm)"": ""59.9"", ""Parte central delantera"": ""75.5""}",6999,false,https://www.trekbikes.com/es/es_ES/bicicletas/bicicletas-de-monta%C3%B1a/bicicletas-de-monta%C3%B1a-de-trail/top-fuel/top-fuel-9-8-xt-di2-gen-4/p/52231/,https://www.trekbikes.com/es/es_ES/bicicletas/bicicletas-de-monta%C3%B1a/bicicletas-de-monta%C3%B1a-de-trail/top-fuel/f/F311/top-fuel-9-8-xt-di2-gen-4/52231/5333137,html,2026-10-05
Trek,Top Fuel 9.8 XT Di2 Gen 4 [8c23c918],Top Fuel 9.8 XT Di2 Gen 4,2026,mtb,ML,,,173,180,"173 - 180 cm 5'8"" - 5'11""",ft-in,604,467,"{""Posición de geometría"": ""Alta"", ""Dimensiones de la rueda"": ""29\"""", ""A — Tubo del sillín"": ""42.0"", ""B — Ángulo del tubo del sillín"": ""70.5°"", ""Ángulo efectivo del tubo del sillín"": ""76.6°"", ""C — Longitud del tubo de dirección"": ""11.0"", ""D — Ángulo de la dirección"": ""65.9°"", ""E — Tubo superior efectivo"": ""61.1"", ""F — Altura del eje de pedalier"": ""35.4"", ""G — Altura del eje de pedalier"": ""2.6"", ""H — Longitud de la vaina"": ""43.9"", ""I — Retroceso"": ""4.3"", ""J — Trail"": ""12.1"", ""K — Distancia entre ejes"": ""121.0"", ""L — Standover"": ""75.7"", ""Reach (cm)"": ""46.7"", ""Stack (cm)"": ""60.4"", ""Parte central delantera"": ""77.2""}",6999,false,https://www.trekbikes.com/es/es_ES/bicicletas/bicicletas-de-monta%C3%B1a/bicicletas-de-monta%C3%B1a-de-trail/top-fuel/top-fuel-9-8-xt-di2-gen-4/p/52231/,https://www.trekbikes.com/es/es_ES/bicicletas/bicicletas-de-monta%C3%B1a/bicicletas-de-monta%C3%B1a-de-trail/top-fuel/f/F311/top-fuel-9-8-xt-di2-gen-4/52231/5333137,html,2026-10-05
Trek,Top Fuel 9.8 XT Di2 Gen 4 [8c23c918],Top Fuel 9.8 XT Di2 Gen 4,2026,mtb,L,L,,178,188,"177 - 188 cm 5'10"" - 6'2""",ft-in,608,482,"{""Posición de geometría"": ""Alta"", ""Dimensiones de la rueda"": ""29\"""", ""A — Tubo del sillín"": ""43.5"", ""B — Ángulo del tubo del sillín"": ""70.5°"", ""Ángulo efectivo del tubo del sillín"": ""76.3°"", ""C — Longitud del tubo de dirección"": ""11.5"", ""D — Ángulo de la dirección"": ""65.9°"", ""E — Tubo superior efectivo"": ""63.0"", ""F — Altura del eje de pedalier"": ""35.4"", ""G — Altura del eje de pedalier"": ""2.6"", ""H — Longitud de la vaina"": ""43.9"", ""I — Retroceso"": ""4.3"", ""J — Trail"": ""12.1"", ""K — Distancia entre ejes"": ""122.7"", ""L — Standover"": ""75.8"", ""Reach (cm)"": ""48.2"", ""Stack (cm)"": ""60.8"", ""Parte central delantera"": ""78.9""}",6999,false,https://www.trekbikes.com/es/es_ES/bicicletas/bicicletas-de-monta%C3%B1a/bicicletas-de-monta%C3%B1a-de-trail/top-fuel/top-fuel-9-8-xt-di2-gen-4/p/52231/,https://www.trekbikes.com/es/es_ES/bicicletas/bicicletas-de-monta%C3%B1a/bicicletas-de-monta%C3%B1a-de-trail/top-fuel/f/F311/top-fuel-9-8-xt-di2-gen-4/52231/5333137,html,2026-10-05
Trek,Top Fuel 9.8 XT Di2 Gen 4 [8c23c918],Top Fuel 9.8 XT Di2 Gen 4,2026,mtb,XL,XL,,188,196,"188 - 195 cm 6'2"" - 6'5""",ft-in,626,512,"{""Posición de geometría"": ""Alta"", ""Dimensiones de la rueda"": ""29\"""", ""A — Tubo del sillín"": ""47.0"", ""B — Ángulo del tubo del sillín"": ""70.5°"", ""Ángulo efectivo del tubo del sillín"": ""75.6°"", ""C — Longitud del tubo de dirección"": ""13.5"", ""D — Ángulo de la dirección"": ""65.9°"", ""E — Tubo superior efectivo"": ""67.2"", ""F — Altura del eje de pedalier"": ""35.4"", ""G — Altura del eje de pedalier"": ""2.6"", ""H — Longitud de la vaina"": ""44.4"", ""I — Retroceso"": ""4.3"", ""J — Trail"": ""12.1"", ""K — Distancia entre ejes"": ""127.0"", ""L — Standover"": ""76.3"", ""Reach (cm)"": ""51.2"", ""Stack (cm)"": ""62.6"", ""Parte central delantera"": ""82.7""}",6999,false,https://www.trekbikes.com/es/es_ES/bicicletas/bicicletas-de-monta%C3%B1a/bicicletas-de-monta%C3%B1a-de-trail/top-fuel/top-fuel-9-8-xt-di2-gen-4/p/52231/,https://www.trekbikes.com/es/es_ES/bicicletas/bicicletas-de-monta%C3%B1a/bicicletas-de-monta%C3%B1a-de-trail/top-fuel/f/F311/top-fuel-9-8-xt-di2-gen-4/52231/5333137,html,2026-10-05
Trek,Fuel+ LX [1edb9afd],"Fuel+ LX 9,9 X0 AXS Gen 2",2027,emtb,S,S,,155,165,"155 - 165 cm 5'1"" - 5'5""",ft-in,633,418,"{""Dimensiones de la rueda"": ""29\"""", ""A — Tubo del sillín"": ""37.0"", ""B — Ángulo del tubo del sillín"": ""71.5°"", ""Ángulo efectivo del tubo del sillín"": ""77.0°"", ""C — Longitud del tubo de dirección"": ""11.0"", ""D — Ángulo de la dirección"": ""63.4°"", ""E — Tubo superior efectivo"": ""56.3"", ""F — Altura del eje de pedalier"": ""34.7"", ""G — Altura del eje de pedalier"": ""2.6"", ""H — Longitud de la vaina"": ""44.4"", ""I — Retroceso"": ""4.4"", ""J — Trail"": ""13.8"", ""K — Distancia entre ejes"": ""121.3"", ""L — Standover"": ""76.3"", ""Reach (cm)"": ""41.8"", ""Stack (cm)"": ""63.3"", ""Parte central delantera"": ""77.1""}",11699,false,https://www.trekbikes.com/es/es_ES/bicicletas/bicicletas-de-monta%C3%B1a/bicicletas-el%C3%A9ctricas-de-monta%C3%B1a/fuel/fuel-lx/fuel-lx-99-x0-axs-gen-2/p/81581/,https://www.trekbikes.com/es/es_ES/bicicletas/bicicletas-de-monta%C3%B1a/bicicletas-el%C3%A9ctricas-de-monta%C3%B1a/fuel/f/F370/fuel%252b-lx-9%252c9-x0-axs-gen-2/81581/5352051,html,2026-10-05
Trek,Fuel+ LX [1edb9afd],"Fuel+ LX 9,9 X0 AXS Gen 2",2027,emtb,M,M,,165,178,"165 - 177 cm 5'5"" - 5'10""",ft-in,633,448,"{""Dimensiones de la rueda"": ""29\"""", ""A — Tubo del sillín"": ""40.0"", ""B — Ángulo del tubo del sillín"": ""71.5°"", ""Ángulo efectivo del tubo del sillín"": ""76.7°"", ""C — Longitud del tubo de dirección"": ""11.0"", ""D — Ángulo de la dirección"": ""63.4°"", ""E — Tubo superior efectivo"": ""59.3"", ""F — Altura del eje de pedalier"": ""34.7"", ""G — Altura del eje de pedalier"": ""2.7"", ""H — Longitud de la vaina"": ""44.4"", ""I — Retroceso"": ""4.4"", ""J — Trail"": ""13.8"", ""K — Distancia entre ejes"": ""124.3"", ""L — Standover"": ""75.7"", ""Reach (cm)"": ""44.8"", ""Stack (cm)"": ""63.3"", ""Parte central delantera"": ""80.1""}",11699,false,https://www.trekbikes.com/es/es_ES/bicicletas/bicicletas-de-monta%C3%B1a/bicicletas-el%C3%A9ctricas-de-monta%C3%B1a/fuel/fuel-lx/fuel-lx-99-x0-axs-gen-2/p/81581/,https://www.trekbikes.com/es/es_ES/bicicletas/bicicletas-de-monta%C3%B1a/bicicletas-el%C3%A9ctricas-de-monta%C3%B1a/fuel/f/F370/fuel%252b-lx-9%252c9-x0-axs-gen-2/81581/5352051,html,2026-10-05
Trek,Fuel+ LX [1edb9afd],"Fuel+ LX 9,9 X0 AXS Gen 2",2027,emtb,L,L,,178,188,"177 - 188 cm 5'10"" - 6'2""",ft-in,647,473,"{""Dimensiones de la rueda"": ""29\"""", ""A — Tubo del sillín"": ""42.0"", ""B — Ángulo del tubo del sillín"": ""71.5°"", ""Ángulo efectivo del tubo del sillín"": ""76.3°"", ""C — Longitud del tubo de dirección"": ""12.5"", ""D — Ángulo de la dirección"": ""63.4°"", ""E — Tubo superior efectivo"": ""62.2"", ""F — Altura del eje de pedalier"": ""34.7"", ""G — Altura del eje de pedalier"": ""2.7"", ""H — Longitud de la vaina"": ""44.4"", ""I — Retroceso"": ""4.4"", ""J — Trail"": ""13.7"", ""K — Distancia entre ejes"": ""127.5"", ""L — Standover"": ""76.0"", ""Reach (cm)"": ""47.3"", ""Stack (cm)"": ""64.7"", ""Parte central delantera"": ""83.3""}",11699,false,https://www.trekbikes.com/es/es_ES/bicicletas/bicicletas-de-monta%C3%B1a/bicicletas-el%C3%A9ctricas-de-monta%C3%B1a/fuel/fuel-lx/fuel-lx-99-x0-axs-gen-2/p/81581/,https://www.trekbikes.com/es/es_ES/bicicletas/bicicletas-de-monta%C3%B1a/bicicletas-el%C3%A9ctricas-de-monta%C3%B1a/fuel/f/F370/fuel%252b-lx-9%252c9-x0-axs-gen-2/81581/5352051,html,2026-10-05
Trek,Fuel+ LX [1edb9afd],"Fuel+ LX 9,9 X0 AXS Gen 2",2027,emtb,XL,XL,,188,196,"188 - 195 cm 6'2"" - 6'5""",ft-in,661,498,"{""Dimensiones de la rueda"": ""29\"""", ""A — Tubo del sillín"": ""45.5"", ""B — Ángulo del tubo del sillín"": ""71.6°"", ""Ángulo efectivo del tubo del sillín"": ""75.9°"", ""C — Longitud del tubo de dirección"": ""14.0"", ""D — Ángulo de la dirección"": ""63.5°"", ""E — Tubo superior efectivo"": ""65.5"", ""F — Altura del eje de pedalier"": ""34.6"", ""G — Altura del eje de pedalier"": ""2.7"", ""H — Longitud de la vaina"": ""44.7"", ""I — Retroceso"": ""4.4"", ""J — Trail"": ""13.7"", ""K — Distancia entre ejes"": ""131.0"", ""L — Standover"": ""76.4"", ""Reach (cm)"": ""49.8"", ""Stack (cm)"": ""66.1"", ""Parte central delantera"": ""86.4""}",11699,false,https://www.trekbikes.com/es/es_ES/bicicletas/bicicletas-de-monta%C3%B1a/bicicletas-el%C3%A9ctricas-de-monta%C3%B1a/fuel/fuel-lx/fuel-lx-99-x0-axs-gen-2/p/81581/,https://www.trekbikes.com/es/es_ES/bicicletas/bicicletas-de-monta%C3%B1a/bicicletas-el%C3%A9ctricas-de-monta%C3%B1a/fuel/f/F370/fuel%252b-lx-9%252c9-x0-axs-gen-2/81581/5352051,html,2026-10-05
Trek,Fuel+ LX [1edb9afd],"Fuel+ LX 9,9 X0 AXS Gen 2",2027,emtb,XXL,XXL,,196,203,"195 - 203 cm 6'5"" - 6'8""",ft-in,674,518,"{""Dimensiones de la rueda"": ""29\"""", ""A — Tubo del sillín"": ""47.5"", ""B — Ángulo del tubo del sillín"": ""71.6°"", ""Ángulo efectivo del tubo del sillín"": ""75.4°"", ""C — Longitud del tubo de dirección"": ""15.5"", ""D — Ángulo de la dirección"": ""63.5°"", ""E — Tubo superior efectivo"": ""68.4"", ""F — Altura del eje de pedalier"": ""34.6"", ""G — Altura del eje de pedalier"": ""2.7"", ""H — Longitud de la vaina"": ""45.2"", ""I — Retroceso"": ""4.4"", ""J — Trail"": ""13.7"", ""K — Distancia entre ejes"": ""134.1"", ""L — Standover"": ""77.3"", ""Reach (cm)"": ""51.8"", ""Stack (cm)"": ""67.4"", ""Parte central delantera"": ""89.1""}",11699,false,https://www.trekbikes.com/es/es_ES/bicicletas/bicicletas-de-monta%C3%B1a/bicicletas-el%C3%A9ctricas-de-monta%C3%B1a/fuel/fuel-lx/fuel-lx-99-x0-axs-gen-2/p/81581/,https://www.trekbikes.com/es/es_ES/bicicletas/bicicletas-de-monta%C3%B1a/bicicletas-el%C3%A9ctricas-de-monta%C3%B1a/fuel/f/F370/fuel%252b-lx-9%252c9-x0-axs-gen-2/81581/5352051,html,2026-10-05
Trek,Fuel+ LX [1edb9afd],Fuel+ LX 9.8 XT Di2 Gen 2,2027,emtb,S,S,,155,165,"155 - 165 cm 5'1"" - 5'5""",ft-in,633,418,"{""Dimensiones de la rueda"": ""29\"""", ""A — Tubo del sillín"": ""37.0"", ""B — Ángulo del tubo del sillín"": ""71.5°"", ""Ángulo efectivo del tubo del sillín"": ""77.0°"", ""C — Longitud del tubo de dirección"": ""11.0"", ""D — Ángulo de la dirección"": ""63.4°"", ""E — Tubo superior efectivo"": ""56.3"", ""F — Altura del eje de pedalier"": ""34.7"", ""G — Altura del eje de pedalier"": ""2.6"", ""H — Longitud de la vaina"": ""44.4"", ""I — Retroceso"": ""4.4"", ""J — Trail"": ""13.8"", ""K — Distancia entre ejes"": ""121.3"", ""L — Standover"": ""76.3"", ""Reach (cm)"": ""41.8"", ""Stack (cm)"": ""63.3"", ""Parte central delantera"": ""77.1""}",9199,false,https://www.trekbikes.com/es/es_ES/bicicletas/bicicletas-de-monta%C3%B1a/bicicletas-el%C3%A9ctricas-de-monta%C3%B1a/fuel/fuel-lx/fuel-lx-9-8-xt-di2-gen-2/p/81579/,https://www.trekbikes.com/es/es_ES/bicicletas/bicicletas-de-monta%C3%B1a/bicicletas-el%C3%A9ctricas-de-monta%C3%B1a/fuel/f/F370/fuel%252b-lx-9-8-xt-di2-gen-2/81579/5352031,html,2026-10-05
Trek,Fuel+ LX [1edb9afd],Fuel+ LX 9.8 XT Di2 Gen 2,2027,emtb,M,M,,165,178,"165 - 177 cm 5'5"" - 5'10""",ft-in,633,448,"{""Dimensiones de la rueda"": ""29\"""", ""A — Tubo del sillín"": ""40.0"", ""B — Ángulo del tubo del sillín"": ""71.5°"", ""Ángulo efectivo del tubo del sillín"": ""76.7°"", ""C — Longitud del tubo de dirección"": ""11.0"", ""D — Ángulo de la dirección"": ""63.4°"", ""E — Tubo superior efectivo"": ""59.3"", ""F — Altura del eje de pedalier"": ""34.7"", ""G — Altura del eje de pedalier"": ""2.7"", ""H — Longitud de la vaina"": ""44.4"", ""I — Retroceso"": ""4.4"", ""J — Trail"": ""13.8"", ""K — Distancia entre ejes"": ""124.3"", ""L — Standover"": ""75.7"", ""Reach (cm)"": ""44.8"", ""Stack (cm)"": ""63.3"", ""Parte central delantera"": ""80.1""}",9199,false,https://www.trekbikes.com/es/es_ES/bicicletas/bicicletas-de-monta%C3%B1a/bicicletas-el%C3%A9ctricas-de-monta%C3%B1a/fuel/fuel-lx/fuel-lx-9-8-xt-di2-gen-2/p/81579/,https://www.trekbikes.com/es/es_ES/bicicletas/bicicletas-de-monta%C3%B1a/bicicletas-el%C3%A9ctricas-de-monta%C3%B1a/fuel/f/F370/fuel%252b-lx-9-8-xt-di2-gen-2/81579/5352031,html,2026-10-05
Trek,Fuel+ LX [1edb9afd],Fuel+ LX 9.8 XT Di2 Gen 2,2027,emtb,L,L,,178,188,"177 - 188 cm 5'10"" - 6'2""",ft-in,647,473,"{""Dimensiones de la rueda"": ""29\"""", ""A — Tubo del sillín"": ""42.0"", ""B — Ángulo del tubo del sillín"": ""71.5°"", ""Ángulo efectivo del tubo del sillín"": ""76.3°"", ""C — Longitud del tubo de dirección"": ""12.5"", ""D — Ángulo de la dirección"": ""63.4°"", ""E — Tubo superior efectivo"": ""62.2"", ""F — Altura del eje de pedalier"": ""34.7"", ""G — Altura del eje de pedalier"": ""2.7"", ""H — Longitud de la vaina"": ""44.4"", ""I — Retroceso"": ""4.4"", ""J — Trail"": ""13.7"", ""K — Distancia entre ejes"": ""127.5"", ""L — Standover"": ""76.0"", ""Reach (cm)"": ""47.3"", ""Stack (cm)"": ""64.7"", ""Parte central delantera"": ""83.3""}",9199,false,https://www.trekbikes.com/es/es_ES/bicicletas/bicicletas-de-monta%C3%B1a/bicicletas-el%C3%A9ctricas-de-monta%C3%B1a/fuel/fuel-lx/fuel-lx-9-8-xt-di2-gen-2/p/81579/,https://www.trekbikes.com/es/es_ES/bicicletas/bicicletas-de-monta%C3%B1a/bicicletas-el%C3%A9ctricas-de-monta%C3%B1a/fuel/f/F370/fuel%252b-lx-9-8-xt-di2-gen-2/81579/5352031,html,2026-10-05
Trek,Fuel+ LX [1edb9afd],Fuel+ LX 9.8 XT Di2 Gen 2,2027,emtb,XL,XL,,188,196,"188 - 195 cm 6'2"" - 6'5""",ft-in,661,498,"{""Dimensiones de la rueda"": ""29\"""", ""A — Tubo del sillín"": ""45.5"", ""B — Ángulo del tubo del sillín"": ""71.6°"", ""Ángulo efectivo del tubo del sillín"": ""75.9°"", ""C — Longitud del tubo de dirección"": ""14.0"", ""D — Ángulo de la dirección"": ""63.5°"", ""E — Tubo superior efectivo"": ""65.5"", ""F — Altura del eje de pedalier"": ""34.6"", ""G — Altura del eje de pedalier"": ""2.7"", ""H — Longitud de la vaina"": ""44.7"", ""I — Retroceso"": ""4.4"", ""J — Trail"": ""13.7"", ""K — Distancia entre ejes"": ""131.0"", ""L — Standover"": ""76.4"", ""Reach (cm)"": ""49.8"", ""Stack (cm)"": ""66.1"", ""Parte central delantera"": ""86.4""}",9199,false,https://www.trekbikes.com/es/es_ES/bicicletas/bicicletas-de-monta%C3%B1a/bicicletas-el%C3%A9ctricas-de-monta%C3%B1a/fuel/fuel-lx/fuel-lx-9-8-xt-di2-gen-2/p/81579/,https://www.trekbikes.com/es/es_ES/bicicletas/bicicletas-de-monta%C3%B1a/bicicletas-el%C3%A9ctricas-de-monta%C3%B1a/fuel/f/F370/fuel%252b-lx-9-8-xt-di2-gen-2/81579/5352031,html,2026-10-05
Trek,Fuel+ LX [1edb9afd],Fuel+ LX 9.8 XT Di2 Gen 2,2027,emtb,XXL,XXL,,196,203,"195 - 203 cm 6'5"" - 6'8""",ft-in,674,518,"{""Dimensiones de la rueda"": ""29\"""", ""A — Tubo del sillín"": ""47.5"", ""B — Ángulo del tubo del sillín"": ""71.6°"", ""Ángulo efectivo del tubo del sillín"": ""75.4°"", ""C — Longitud del tubo de dirección"": ""15.5"", ""D — Ángulo de la dirección"": ""63.5°"", ""E — Tubo superior efectivo"": ""68.4"", ""F — Altura del eje de pedalier"": ""34.6"", ""G — Altura del eje de pedalier"": ""2.7"", ""H — Longitud de la vaina"": ""45.2"", ""I — Retroceso"": ""4.4"", ""J — Trail"": ""13.7"", ""K — Distancia entre ejes"": ""134.1"", ""L — Standover"": ""77.3"", ""Reach (cm)"": ""51.8"", ""Stack (cm)"": ""67.4"", ""Parte central delantera"": ""89.1""}",9199,false,https://www.trekbikes.com/es/es_ES/bicicletas/bicicletas-de-monta%C3%B1a/bicicletas-el%C3%A9ctricas-de-monta%C3%B1a/fuel/fuel-lx/fuel-lx-9-8-xt-di2-gen-2/p/81579/,https://www.trekbikes.com/es/es_ES/bicicletas/bicicletas-de-monta%C3%B1a/bicicletas-el%C3%A9ctricas-de-monta%C3%B1a/fuel/f/F370/fuel%252b-lx-9-8-xt-di2-gen-2/81579/5352031,html,2026-10-05
Trek,Fuel+ LX [1edb9afd],Fuel+ LX 9.8 Eagle 90 Gen 2,2027,emtb,S,S,,155,165,"155 - 165 cm 5'1"" - 5'5""",ft-in,633,418,"{""Dimensiones de la rueda"": ""29\"""", ""A — Tubo del sillín"": ""37.0"", ""B — Ángulo del tubo del sillín"": ""71.5°"", ""Ángulo efectivo del tubo del sillín"": ""77.0°"", ""C — Longitud del tubo de dirección"": ""11.0"", ""D — Ángulo de la dirección"": ""63.4°"", ""E — Tubo superior efectivo"": ""56.3"", ""F — Altura del eje de pedalier"": ""34.7"", ""G — Altura del eje de pedalier"": ""2.6"", ""H — Longitud de la vaina"": ""44.4"", ""I — Retroceso"": ""4.4"", ""J — Trail"": ""13.8"", ""K — Distancia entre ejes"": ""121.3"", ""L — Standover"": ""76.3"", ""Reach (cm)"": ""41.8"", ""Stack (cm)"": ""63.3"", ""Parte central delantera"": ""77.1""}",8699,false,https://www.trekbikes.com/es/es_ES/bicicletas/bicicletas-de-monta%C3%B1a/bicicletas-el%C3%A9ctricas-de-monta%C3%B1a/fuel/fuel-lx/fuel-lx-9-8-eagle-90-gen-2/p/81575/,https://www.trekbikes.com/es/es_ES/bicicletas/bicicletas-de-monta%C3%B1a/bicicletas-el%C3%A9ctricas-de-monta%C3%B1a/fuel/f/F370/fuel%252b-lx-9-8-eagle-90-gen-2/81575/5351991,html,2026-10-05
Trek,Fuel+ LX [1edb9afd],Fuel+ LX 9.8 Eagle 90 Gen 2,2027,emtb,M,M,,165,178,"165 - 177 cm 5'5"" - 5'10""",ft-in,633,448,"{""Dimensiones de la rueda"": ""29\"""", ""A — Tubo del sillín"": ""40.0"", ""B — Ángulo del tubo del sillín"": ""71.5°"", ""Ángulo efectivo del tubo del sillín"": ""76.7°"", ""C — Longitud del tubo de dirección"": ""11.0"", ""D — Ángulo de la dirección"": ""63.4°"", ""E — Tubo superior efectivo"": ""59.3"", ""F — Altura del eje de pedalier"": ""34.7"", ""G — Altura del eje de pedalier"": ""2.7"", ""H — Longitud de la vaina"": ""44.4"", ""I — Retroceso"": ""4.4"", ""J — Trail"": ""13.8"", ""K — Distancia entre ejes"": ""124.3"", ""L — Standover"": ""75.7"", ""Reach (cm)"": ""44.8"", ""Stack (cm)"": ""63.3"", ""Parte central delantera"": ""80.1""}",8699,false,https://www.trekbikes.com/es/es_ES/bicicletas/bicicletas-de-monta%C3%B1a/bicicletas-el%C3%A9ctricas-de-monta%C3%B1a/fuel/fuel-lx/fuel-lx-9-8-eagle-90-gen-2/p/81575/,https://www.trekbikes.com/es/es_ES/bicicletas/bicicletas-de-monta%C3%B1a/bicicletas-el%C3%A9ctricas-de-monta%C3%B1a/fuel/f/F370/fuel%252b-lx-9-8-eagle-90-gen-2/81575/5351991,html,2026-10-05
Trek,Fuel+ LX [1edb9afd],Fuel+ LX 9.8 Eagle 90 Gen 2,2027,emtb,L,L,,178,188,"177 - 188 cm 5'10"" - 6'2""",ft-in,647,473,"{""Dimensiones de la rueda"": ""29\"""", ""A — Tubo del sillín"": ""42.0"", ""B — Ángulo del tubo del sillín"": ""71.5°"", ""Ángulo efectivo del tubo del sillín"": ""76.3°"", ""C — Longitud del tubo de dirección"": ""12.5"", ""D — Ángulo de la dirección"": ""63.4°"", ""E — Tubo superior efectivo"": ""62.2"", ""F — Altura del eje de pedalier"": ""34.7"", ""G — Altura del eje de pedalier"": ""2.7"", ""H — Longitud de la vaina"": ""44.4"", ""I — Retroceso"": ""4.4"", ""J — Trail"": ""13.7"", ""K — Distancia entre ejes"": ""127.5"", ""L — Standover"": ""76.0"", ""Reach (cm)"": ""47.3"", ""Stack (cm)"": ""64.7"", ""Parte central delantera"": ""83.3""}",8699,false,https://www.trekbikes.com/es/es_ES/bicicletas/bicicletas-de-monta%C3%B1a/bicicletas-el%C3%A9ctricas-de-monta%C3%B1a/fuel/fuel-lx/fuel-lx-9-8-eagle-90-gen-2/p/81575/,https://www.trekbikes.com/es/es_ES/bicicletas/bicicletas-de-monta%C3%B1a/bicicletas-el%C3%A9ctricas-de-monta%C3%B1a/fuel/f/F370/fuel%252b-lx-9-8-eagle-90-gen-2/81575/5351991,html,2026-10-05
Trek,Fuel+ LX [1edb9afd],Fuel+ LX 9.8 Eagle 90 Gen 2,2027,emtb,XL,XL,,188,196,"188 - 195 cm 6'2"" - 6'5""",ft-in,661,498,"{""Dimensiones de la rueda"": ""29\"""", ""A — Tubo del sillín"": ""45.5"", ""B — Ángulo del tubo del sillín"": ""71.6°"", ""Ángulo efectivo del tubo del sillín"": ""75.9°"", ""C — Longitud del tubo de dirección"": ""14.0"", ""D — Ángulo de la dirección"": ""63.5°"", ""E — Tubo superior efectivo"": ""65.5"", ""F — Altura del eje de pedalier"": ""34.6"", ""G — Altura del eje de pedalier"": ""2.7"", ""H — Longitud de la vaina"": ""44.7"", ""I — Retroceso"": ""4.4"", ""J — Trail"": ""13.7"", ""K — Distancia entre ejes"": ""131.0"", ""L — Standover"": ""76.4"", ""Reach (cm)"": ""49.8"", ""Stack (cm)"": ""66.1"", ""Parte central delantera"": ""86.4""}",8699,false,https://www.trekbikes.com/es/es_ES/bicicletas/bicicletas-de-monta%C3%B1a/bicicletas-el%C3%A9ctricas-de-monta%C3%B1a/fuel/fuel-lx/fuel-lx-9-8-eagle-90-gen-2/p/81575/,https://www.trekbikes.com/es/es_ES/bicicletas/bicicletas-de-monta%C3%B1a/bicicletas-el%C3%A9ctricas-de-monta%C3%B1a/fuel/f/F370/fuel%252b-lx-9-8-eagle-90-gen-2/81575/5351991,html,2026-10-05
Trek,Fuel+ LX [1edb9afd],Fuel+ LX 9.8 Eagle 90 Gen 2,2027,emtb,XXL,XXL,,196,203,"195 - 203 cm 6'5"" - 6'8""",ft-in,674,518,"{""Dimensiones de la rueda"": ""29\"""", ""A — Tubo del sillín"": ""47.5"", ""B — Ángulo del tubo del sillín"": ""71.6°"", ""Ángulo efectivo del tubo del sillín"": ""75.4°"", ""C — Longitud del tubo de dirección"": ""15.5"", ""D — Ángulo de la dirección"": ""63.5°"", ""E — Tubo superior efectivo"": ""68.4"", ""F — Altura del eje de pedalier"": ""34.6"", ""G — Altura del eje de pedalier"": ""2.7"", ""H — Longitud de la vaina"": ""45.2"", ""I — Retroceso"": ""4.4"", ""J — Trail"": ""13.7"", ""K — Distancia entre ejes"": ""134.1"", ""L — Standover"": ""77.3"", ""Reach (cm)"": ""51.8"", ""Stack (cm)"": ""67.4"", ""Parte central delantera"": ""89.1""}",8699,false,https://www.trekbikes.com/es/es_ES/bicicletas/bicicletas-de-monta%C3%B1a/bicicletas-el%C3%A9ctricas-de-monta%C3%B1a/fuel/fuel-lx/fuel-lx-9-8-eagle-90-gen-2/p/81575/,https://www.trekbikes.com/es/es_ES/bicicletas/bicicletas-de-monta%C3%B1a/bicicletas-el%C3%A9ctricas-de-monta%C3%B1a/fuel/f/F370/fuel%252b-lx-9-8-eagle-90-gen-2/81575/5351991,html,2026-10-05
Trek,Fuel+ LX [1edb9afd],Fuel+ LX 9.8 XT Gen 2,2027,emtb,S,S,,155,165,"155 - 165 cm 5'1"" - 5'5""",ft-in,633,418,"{""Dimensiones de la rueda"": ""29\"""", ""A — Tubo del sillín"": ""37.0"", ""B — Ángulo del tubo del sillín"": ""71.5°"", ""Ángulo efectivo del tubo del sillín"": ""77.0°"", ""C — Longitud del tubo de dirección"": ""11.0"", ""D — Ángulo de la dirección"": ""63.4°"", ""E — Tubo superior efectivo"": ""56.3"", ""F — Altura del eje de pedalier"": ""34.7"", ""G — Altura del eje de pedalier"": ""2.6"", ""H — Longitud de la vaina"": ""44.4"", ""I — Retroceso"": ""4.4"", ""J — Trail"": ""13.8"", ""K — Distancia entre ejes"": ""121.3"", ""L — Standover"": ""76.3"", ""Reach (cm)"": ""41.8"", ""Stack (cm)"": ""63.3"", ""Parte central delantera"": ""77.1""}",8699,false,https://www.trekbikes.com/es/es_ES/bicicletas/bicicletas-de-monta%C3%B1a/bicicletas-el%C3%A9ctricas-de-monta%C3%B1a/fuel/fuel-lx/fuel-lx-9-8-xt-gen-2/p/81577/,https://www.trekbikes.com/es/es_ES/bicicletas/bicicletas-de-monta%C3%B1a/bicicletas-el%C3%A9ctricas-de-monta%C3%B1a/fuel/f/F370/fuel%252b-lx-9-8-xt-gen-2/81577/5352011,html,2026-10-05
Trek,Fuel+ LX [1edb9afd],Fuel+ LX 9.8 XT Gen 2,2027,emtb,M,M,,165,178,"165 - 177 cm 5'5"" - 5'10""",ft-in,633,448,"{""Dimensiones de la rueda"": ""29\"""", ""A — Tubo del sillín"": ""40.0"", ""B — Ángulo del tubo del sillín"": ""71.5°"", ""Ángulo efectivo del tubo del sillín"": ""76.7°"", ""C — Longitud del tubo de dirección"": ""11.0"", ""D — Ángulo de la dirección"": ""63.4°"", ""E — Tubo superior efectivo"": ""59.3"", ""F — Altura del eje de pedalier"": ""34.7"", ""G — Altura del eje de pedalier"": ""2.7"", ""H — Longitud de la vaina"": ""44.4"", ""I — Retroceso"": ""4.4"", ""J — Trail"": ""13.8"", ""K — Distancia entre ejes"": ""124.3"", ""L — Standover"": ""75.7"", ""Reach (cm)"": ""44.8"", ""Stack (cm)"": ""63.3"", ""Parte central delantera"": ""80.1""}",8699,false,https://www.trekbikes.com/es/es_ES/bicicletas/bicicletas-de-monta%C3%B1a/bicicletas-el%C3%A9ctricas-de-monta%C3%B1a/fuel/fuel-lx/fuel-lx-9-8-xt-gen-2/p/81577/,https://www.trekbikes.com/es/es_ES/bicicletas/bicicletas-de-monta%C3%B1a/bicicletas-el%C3%A9ctricas-de-monta%C3%B1a/fuel/f/F370/fuel%252b-lx-9-8-xt-gen-2/81577/5352011,html,2026-10-05
Trek,Fuel+ LX [1edb9afd],Fuel+ LX 9.8 XT Gen 2,2027,emtb,L,L,,178,188,"177 - 188 cm 5'10"" - 6'2""",ft-in,647,473,"{""Dimensiones de la rueda"": ""29\"""", ""A — Tubo del sillín"": ""42.0"", ""B — Ángulo del tubo del sillín"": ""71.5°"", ""Ángulo efectivo del tubo del sillín"": ""76.3°"", ""C — Longitud del tubo de dirección"": ""12.5"", ""D — Ángulo de la dirección"": ""63.4°"", ""E — Tubo superior efectivo"": ""62.2"", ""F — Altura del eje de pedalier"": ""34.7"", ""G — Altura del eje de pedalier"": ""2.7"", ""H — Longitud de la vaina"": ""44.4"", ""I — Retroceso"": ""4.4"", ""J — Trail"": ""13.7"", ""K — Distancia entre ejes"": ""127.5"", ""L — Standover"": ""76.0"", ""Reach (cm)"": ""47.3"", ""Stack (cm)"": ""64.7"", ""Parte central delantera"": ""83.3""}",8699,false,https://www.trekbikes.com/es/es_ES/bicicletas/bicicletas-de-monta%C3%B1a/bicicletas-el%C3%A9ctricas-de-monta%C3%B1a/fuel/fuel-lx/fuel-lx-9-8-xt-gen-2/p/81577/,https://www.trekbikes.com/es/es_ES/bicicletas/bicicletas-de-monta%C3%B1a/bicicletas-el%C3%A9ctricas-de-monta%C3%B1a/fuel/f/F370/fuel%252b-lx-9-8-xt-gen-2/81577/5352011,html,2026-10-05
Trek,Fuel+ LX [1edb9afd],Fuel+ LX 9.8 XT Gen 2,2027,emtb,XL,XL,,188,196,"188 - 195 cm 6'2"" - 6'5""",ft-in,661,498,"{""Dimensiones de la rueda"": ""29\"""", ""A — Tubo del sillín"": ""45.5"", ""B — Ángulo del tubo del sillín"": ""71.6°"", ""Ángulo efectivo del tubo del sillín"": ""75.9°"", ""C — Longitud del tubo de dirección"": ""14.0"", ""D — Ángulo de la dirección"": ""63.5°"", ""E — Tubo superior efectivo"": ""65.5"", ""F — Altura del eje de pedalier"": ""34.6"", ""G — Altura del eje de pedalier"": ""2.7"", ""H — Longitud de la vaina"": ""44.7"", ""I — Retroceso"": ""4.4"", ""J — Trail"": ""13.7"", ""K — Distancia entre ejes"": ""131.0"", ""L — Standover"": ""76.4"", ""Reach (cm)"": ""49.8"", ""Stack (cm)"": ""66.1"", ""Parte central delantera"": ""86.4""}",8699,false,https://www.trekbikes.com/es/es_ES/bicicletas/bicicletas-de-monta%C3%B1a/bicicletas-el%C3%A9ctricas-de-monta%C3%B1a/fuel/fuel-lx/fuel-lx-9-8-xt-gen-2/p/81577/,https://www.trekbikes.com/es/es_ES/bicicletas/bicicletas-de-monta%C3%B1a/bicicletas-el%C3%A9ctricas-de-monta%C3%B1a/fuel/f/F370/fuel%252b-lx-9-8-xt-gen-2/81577/5352011,html,2026-10-05
Trek,Fuel+ LX [1edb9afd],Fuel+ LX 9.8 XT Gen 2,2027,emtb,XXL,XXL,,196,203,"195 - 203 cm 6'5"" - 6'8""",ft-in,674,518,"{""Dimensiones de la rueda"": ""29\"""", ""A — Tubo del sillín"": ""47.5"", ""B — Ángulo del tubo del sillín"": ""71.6°"", ""Ángulo efectivo del tubo del sillín"": ""75.4°"", ""C — Longitud del tubo de dirección"": ""15.5"", ""D — Ángulo de la dirección"": ""63.5°"", ""E — Tubo superior efectivo"": ""68.4"", ""F — Altura del eje de pedalier"": ""34.6"", ""G — Altura del eje de pedalier"": ""2.7"", ""H — Longitud de la vaina"": ""45.2"", ""I — Retroceso"": ""4.4"", ""J — Trail"": ""13.7"", ""K — Distancia entre ejes"": ""134.1"", ""L — Standover"": ""77.3"", ""Reach (cm)"": ""51.8"", ""Stack (cm)"": ""67.4"", ""Parte central delantera"": ""89.1""}",8699,false,https://www.trekbikes.com/es/es_ES/bicicletas/bicicletas-de-monta%C3%B1a/bicicletas-el%C3%A9ctricas-de-monta%C3%B1a/fuel/fuel-lx/fuel-lx-9-8-xt-gen-2/p/81577/,https://www.trekbikes.com/es/es_ES/bicicletas/bicicletas-de-monta%C3%B1a/bicicletas-el%C3%A9ctricas-de-monta%C3%B1a/fuel/f/F370/fuel%252b-lx-9-8-xt-gen-2/81577/5352011,html,2026-10-05
Trek,Fuel+ EX [0584e61b],"Fuel+ EX 9,9 X0 AXS Gen 2",2027,emtb,S,S,,155,165,"155 - 165 cm 5'1"" - 5'5""",ft-in,624,431,"{""Dimensiones de la rueda"": ""29\""/27.5\"""", ""A — Tubo del sillín"": ""37.0"", ""B — Ángulo del tubo del sillín"": ""72.7°"", ""Ángulo efectivo del tubo del sillín"": ""78.2°"", ""C — Longitud del tubo de dirección"": ""11.0"", ""D — Ángulo de la dirección"": ""64.6°"", ""E — Tubo superior efectivo"": ""55.9"", ""F — Altura del eje de pedalier"": ""33.9"", ""G — Altura del eje de pedalier"": ""3.4"", ""H — Longitud de la vaina"": ""44.1"", ""I — Retroceso"": ""4.4"", ""J — Trail"": ""12.9"", ""K — Distancia entre ejes"": ""120.0"", ""L — Standover"": ""75.4"", ""Reach (cm)"": ""43.1"", ""Stack (cm)"": ""62.4"", ""Parte central delantera"": ""76.1""}",11499,false,https://www.trekbikes.com/es/es_ES/bicicletas/bicicletas-de-monta%C3%B1a/bicicletas-el%C3%A9ctricas-de-monta%C3%B1a/fuel/fuel-ex/fuel-ex-99-x0-axs-gen-2/p/81573/,https://www.trekbikes.com/es/es_ES/bicicletas/bicicletas-de-monta%C3%B1a/bicicletas-el%C3%A9ctricas-de-monta%C3%B1a/fuel/fuel-ex/f/F370/fuel%252b-ex-9%252c9-x0-axs-gen-2/81573/5351971,html,2026-10-05
Trek,Fuel+ EX [0584e61b],"Fuel+ EX 9,9 X0 AXS Gen 2",2027,emtb,M,M,,165,178,"165 - 177 cm 5'5"" - 5'10""",ft-in,624,460,"{""Dimensiones de la rueda"": ""29\"""", ""A — Tubo del sillín"": ""40.0"", ""B — Ángulo del tubo del sillín"": ""72.6°"", ""Ángulo efectivo del tubo del sillín"": ""77.8°"", ""C — Longitud del tubo de dirección"": ""11.0"", ""D — Ángulo de la dirección"": ""64.5°"", ""E — Tubo superior efectivo"": ""58.9"", ""F — Altura del eje de pedalier"": ""33.9"", ""G — Altura del eje de pedalier"": ""3.5"", ""H — Longitud de la vaina"": ""44.4"", ""I — Retroceso"": ""4.4"", ""J — Trail"": ""12.9"", ""K — Distancia entre ejes"": ""123.2"", ""L — Standover"": ""74.7"", ""Reach (cm)"": ""46.0"", ""Stack (cm)"": ""62.4"", ""Parte central delantera"": ""79.1""}",11499,false,https://www.trekbikes.com/es/es_ES/bicicletas/bicicletas-de-monta%C3%B1a/bicicletas-el%C3%A9ctricas-de-monta%C3%B1a/fuel/fuel-ex/fuel-ex-99-x0-axs-gen-2/p/81573/,https://www.trekbikes.com/es/es_ES/bicicletas/bicicletas-de-monta%C3%B1a/bicicletas-el%C3%A9ctricas-de-monta%C3%B1a/fuel/fuel-ex/f/F370/fuel%252b-ex-9%252c9-x0-axs-gen-2/81573/5351971,html,2026-10-05
Trek,Fuel+ EX [0584e61b],"Fuel+ EX 9,9 X0 AXS Gen 2",2027,emtb,L,L,,178,188,"177 - 188 cm 5'10"" - 6'2""",ft-in,638,485,"{""Dimensiones de la rueda"": ""29\"""", ""A — Tubo del sillín"": ""42.0"", ""B — Ángulo del tubo del sillín"": ""72.6°"", ""Ángulo efectivo del tubo del sillín"": ""77.3°"", ""C — Longitud del tubo de dirección"": ""12.5"", ""D — Ángulo de la dirección"": ""64.5°"", ""E — Tubo superior efectivo"": ""61.3"", ""F — Altura del eje de pedalier"": ""33.9"", ""G — Altura del eje de pedalier"": ""3.5"", ""H — Longitud de la vaina"": ""44.4"", ""I — Retroceso"": ""4.4"", ""J — Trail"": ""12.9"", ""K — Distancia entre ejes"": ""125.8"", ""L — Standover"": ""75.0"", ""Reach (cm)"": ""48.5"", ""Stack (cm)"": ""63.8"", ""Parte central delantera"": ""82.2""}",11499,false,https://www.trekbikes.com/es/es_ES/bicicletas/bicicletas-de-monta%C3%B1a/bicicletas-el%C3%A9ctricas-de-monta%C3%B1a/fuel/fuel-ex/fuel-ex-99-x0-axs-gen-2/p/81573/,https://www.trekbikes.com/es/es_ES/bicicletas/bicicletas-de-monta%C3%B1a/bicicletas-el%C3%A9ctricas-de-monta%C3%B1a/fuel/fuel-ex/f/F370/fuel%252b-ex-9%252c9-x0-axs-gen-2/81573/5351971,html,2026-10-05
Trek,Fuel+ EX [0584e61b],"Fuel+ EX 9,9 X0 AXS Gen 2",2027,emtb,XL,XL,,188,196,"188 - 195 cm 6'2"" - 6'5""",ft-in,651,510,"{""Dimensiones de la rueda"": ""29\"""", ""A — Tubo del sillín"": ""45.5"", ""B — Ángulo del tubo del sillín"": ""72.6°"", ""Ángulo efectivo del tubo del sillín"": ""76.9°"", ""C — Longitud del tubo de dirección"": ""14.0"", ""D — Ángulo de la dirección"": ""64.5°"", ""E — Tubo superior efectivo"": ""65.1"", ""F — Altura del eje de pedalier"": ""33.9"", ""G — Altura del eje de pedalier"": ""3.5"", ""H — Longitud de la vaina"": ""44.7"", ""I — Retroceso"": ""4.4"", ""J — Trail"": ""12.9"", ""K — Distancia entre ejes"": ""129.8"", ""L — Standover"": ""75.5"", ""Reach (cm)"": ""51.0"", ""Stack (cm)"": ""65.1"", ""Parte central delantera"": ""85.4""}",11499,false,https://www.trekbikes.com/es/es_ES/bicicletas/bicicletas-de-monta%C3%B1a/bicicletas-el%C3%A9ctricas-de-monta%C3%B1a/fuel/fuel-ex/fuel-ex-99-x0-axs-gen-2/p/81573/,https://www.trekbikes.com/es/es_ES/bicicletas/bicicletas-de-monta%C3%B1a/bicicletas-el%C3%A9ctricas-de-monta%C3%B1a/fuel/fuel-ex/f/F370/fuel%252b-ex-9%252c9-x0-axs-gen-2/81573/5351971,html,2026-10-05
Trek,Fuel+ EX [0584e61b],"Fuel+ EX 9,9 X0 AXS Gen 2",2027,emtb,XXL,XXL,,196,203,"195 - 203 cm 6'5"" - 6'8""",ft-in,665,530,"{""Dimensiones de la rueda"": ""29\"""", ""A — Tubo del sillín"": ""47.5"", ""B — Ángulo del tubo del sillín"": ""72.6°"", ""Ángulo efectivo del tubo del sillín"": ""76.4°"", ""C — Longitud del tubo de dirección"": ""15.5"", ""D — Ángulo de la dirección"": ""64.5°"", ""E — Tubo superior efectivo"": ""68.0"", ""F — Altura del eje de pedalier"": ""33.9"", ""G — Altura del eje de pedalier"": ""3.5"", ""H — Longitud de la vaina"": ""45.2"", ""I — Retroceso"": ""4.4"", ""J — Trail"": ""12.9"", ""K — Distancia entre ejes"": ""133.0"", ""L — Standover"": ""76.4"", ""Reach (cm)"": ""53.0"", ""Stack (cm)"": ""66.5"", ""Parte central delantera"": ""88.0""}",11499,false,https://www.trekbikes.com/es/es_ES/bicicletas/bicicletas-de-monta%C3%B1a/bicicletas-el%C3%A9ctricas-de-monta%C3%B1a/fuel/fuel-ex/fuel-ex-99-x0-axs-gen-2/p/81573/,https://www.trekbikes.com/es/es_ES/bicicletas/bicicletas-de-monta%C3%B1a/bicicletas-el%C3%A9ctricas-de-monta%C3%B1a/fuel/fuel-ex/f/F370/fuel%252b-ex-9%252c9-x0-axs-gen-2/81573/5351971,html,2026-10-05
Trek,Fuel+ EX [0584e61b],"Fuel+ EX 9,8 XT Di2 Gen 2",2027,emtb,S,S,,155,165,"155 - 165 cm 5'1"" - 5'5""",ft-in,624,431,"{""Dimensiones de la rueda"": ""29\""/27.5\"""", ""A — Tubo del sillín"": ""37.0"", ""B — Ángulo del tubo del sillín"": ""72.7°"", ""Ángulo efectivo del tubo del sillín"": ""78.2°"", ""C — Longitud del tubo de dirección"": ""11.0"", ""D — Ángulo de la dirección"": ""64.6°"", ""E — Tubo superior efectivo"": ""55.9"", ""F — Altura del eje de pedalier"": ""33.9"", ""G — Altura del eje de pedalier"": ""3.4"", ""H — Longitud de la vaina"": ""44.1"", ""I — Retroceso"": ""4.4"", ""J — Trail"": ""12.9"", ""K — Distancia entre ejes"": ""120.0"", ""L — Standover"": ""75.4"", ""Reach (cm)"": ""43.1"", ""Stack (cm)"": ""62.4"", ""Parte central delantera"": ""76.1""}",8999,false,https://www.trekbikes.com/es/es_ES/bicicletas/bicicletas-de-monta%C3%B1a/bicicletas-el%C3%A9ctricas-de-monta%C3%B1a/fuel/fuel-ex/fuel-ex-98-xt-di2-gen-2/p/81570/,https://www.trekbikes.com/es/es_ES/bicicletas/bicicletas-de-monta%C3%B1a/bicicletas-el%C3%A9ctricas-de-monta%C3%B1a/fuel/fuel-ex/f/F370/fuel%252b-ex-9%252c8-xt-di2-gen-2/81570/5351941,html,2026-10-05
Trek,Fuel+ EX [0584e61b],"Fuel+ EX 9,8 XT Di2 Gen 2",2027,emtb,M,M,,165,178,"165 - 177 cm 5'5"" - 5'10""",ft-in,624,460,"{""Dimensiones de la rueda"": ""29\"""", ""A — Tubo del sillín"": ""40.0"", ""B — Ángulo del tubo del sillín"": ""72.6°"", ""Ángulo efectivo del tubo del sillín"": ""77.8°"", ""C — Longitud del tubo de dirección"": ""11.0"", ""D — Ángulo de la dirección"": ""64.5°"", ""E — Tubo superior efectivo"": ""58.9"", ""F — Altura del eje de pedalier"": ""33.9"", ""G — Altura del eje de pedalier"": ""3.5"", ""H — Longitud de la vaina"": ""44.4"", ""I — Retroceso"": ""4.4"", ""J — Trail"": ""12.9"", ""K — Distancia entre ejes"": ""123.2"", ""L — Standover"": ""74.7"", ""Reach (cm)"": ""46.0"", ""Stack (cm)"": ""62.4"", ""Parte central delantera"": ""79.1""}",8999,false,https://www.trekbikes.com/es/es_ES/bicicletas/bicicletas-de-monta%C3%B1a/bicicletas-el%C3%A9ctricas-de-monta%C3%B1a/fuel/fuel-ex/fuel-ex-98-xt-di2-gen-2/p/81570/,https://www.trekbikes.com/es/es_ES/bicicletas/bicicletas-de-monta%C3%B1a/bicicletas-el%C3%A9ctricas-de-monta%C3%B1a/fuel/fuel-ex/f/F370/fuel%252b-ex-9%252c8-xt-di2-gen-2/81570/5351941,html,2026-10-05
Trek,Fuel+ EX [0584e61b],"Fuel+ EX 9,8 XT Di2 Gen 2",2027,emtb,L,L,,178,188,"177 - 188 cm 5'10"" - 6'2""",ft-in,638,485,"{""Dimensiones de la rueda"": ""29\"""", ""A — Tubo del sillín"": ""42.0"", ""B — Ángulo del tubo del sillín"": ""72.6°"", ""Ángulo efectivo del tubo del sillín"": ""77.3°"", ""C — Longitud del tubo de dirección"": ""12.5"", ""D — Ángulo de la dirección"": ""64.5°"", ""E — Tubo superior efectivo"": ""61.3"", ""F — Altura del eje de pedalier"": ""33.9"", ""G — Altura del eje de pedalier"": ""3.5"", ""H — Longitud de la vaina"": ""44.4"", ""I — Retroceso"": ""4.4"", ""J — Trail"": ""12.9"", ""K — Distancia entre ejes"": ""125.8"", ""L — Standover"": ""75.0"", ""Reach (cm)"": ""48.5"", ""Stack (cm)"": ""63.8"", ""Parte central delantera"": ""82.2""}",8999,false,https://www.trekbikes.com/es/es_ES/bicicletas/bicicletas-de-monta%C3%B1a/bicicletas-el%C3%A9ctricas-de-monta%C3%B1a/fuel/fuel-ex/fuel-ex-98-xt-di2-gen-2/p/81570/,https://www.trekbikes.com/es/es_ES/bicicletas/bicicletas-de-monta%C3%B1a/bicicletas-el%C3%A9ctricas-de-monta%C3%B1a/fuel/fuel-ex/f/F370/fuel%252b-ex-9%252c8-xt-di2-gen-2/81570/5351941,html,2026-10-05
Trek,Fuel+ EX [0584e61b],"Fuel+ EX 9,8 XT Di2 Gen 2",2027,emtb,XL,XL,,188,196,"188 - 195 cm 6'2"" - 6'5""",ft-in,651,510,"{""Dimensiones de la rueda"": ""29\"""", ""A — Tubo del sillín"": ""45.5"", ""B — Ángulo del tubo del sillín"": ""72.6°"", ""Ángulo efectivo del tubo del sillín"": ""76.9°"", ""C — Longitud del tubo de dirección"": ""14.0"", ""D — Ángulo de la dirección"": ""64.5°"", ""E — Tubo superior efectivo"": ""65.1"", ""F — Altura del eje de pedalier"": ""33.9"", ""G — Altura del eje de pedalier"": ""3.5"", ""H — Longitud de la vaina"": ""44.7"", ""I — Retroceso"": ""4.4"", ""J — Trail"": ""12.9"", ""K — Distancia entre ejes"": ""129.8"", ""L — Standover"": ""75.5"", ""Reach (cm)"": ""51.0"", ""Stack (cm)"": ""65.1"", ""Parte central delantera"": ""85.4""}",8999,false,https://www.trekbikes.com/es/es_ES/bicicletas/bicicletas-de-monta%C3%B1a/bicicletas-el%C3%A9ctricas-de-monta%C3%B1a/fuel/fuel-ex/fuel-ex-98-xt-di2-gen-2/p/81570/,https://www.trekbikes.com/es/es_ES/bicicletas/bicicletas-de-monta%C3%B1a/bicicletas-el%C3%A9ctricas-de-monta%C3%B1a/fuel/fuel-ex/f/F370/fuel%252b-ex-9%252c8-xt-di2-gen-2/81570/5351941,html,2026-10-05
Trek,Fuel+ EX [0584e61b],"Fuel+ EX 9,8 XT Di2 Gen 2",2027,emtb,XXL,XXL,,196,203,"195 - 203 cm 6'5"" - 6'8""",ft-in,665,530,"{""Dimensiones de la rueda"": ""29\"""", ""A — Tubo del sillín"": ""47.5"", ""B — Ángulo del tubo del sillín"": ""72.6°"", ""Ángulo efectivo del tubo del sillín"": ""76.4°"", ""C — Longitud del tubo de dirección"": ""15.5"", ""D — Ángulo de la dirección"": ""64.5°"", ""E — Tubo superior efectivo"": ""68.0"", ""F — Altura del eje de pedalier"": ""33.9"", ""G — Altura del eje de pedalier"": ""3.5"", ""H — Longitud de la vaina"": ""45.2"", ""I — Retroceso"": ""4.4"", ""J — Trail"": ""12.9"", ""K — Distancia entre ejes"": ""133.0"", ""L — Standover"": ""76.4"", ""Reach (cm)"": ""53.0"", ""Stack (cm)"": ""66.5"", ""Parte central delantera"": ""88.0""}",8999,false,https://www.trekbikes.com/es/es_ES/bicicletas/bicicletas-de-monta%C3%B1a/bicicletas-el%C3%A9ctricas-de-monta%C3%B1a/fuel/fuel-ex/fuel-ex-98-xt-di2-gen-2/p/81570/,https://www.trekbikes.com/es/es_ES/bicicletas/bicicletas-de-monta%C3%B1a/bicicletas-el%C3%A9ctricas-de-monta%C3%B1a/fuel/fuel-ex/f/F370/fuel%252b-ex-9%252c8-xt-di2-gen-2/81570/5351941,html,2026-10-05
Trek,Fuel+ EX [0584e61b],Fuel+ EX 9.8 Eagle 90 Gen 2,2027,emtb,S,S,,155,165,"155 - 165 cm 5'1"" - 5'5""",ft-in,624,431,"{""Dimensiones de la rueda"": ""29\""/27.5\"""", ""A — Tubo del sillín"": ""37.0"", ""B — Ángulo del tubo del sillín"": ""72.7°"", ""Ángulo efectivo del tubo del sillín"": ""78.2°"", ""C — Longitud del tubo de dirección"": ""11.0"", ""D — Ángulo de la dirección"": ""64.6°"", ""E — Tubo superior efectivo"": ""55.9"", ""F — Altura del eje de pedalier"": ""33.9"", ""G — Altura del eje de pedalier"": ""3.4"", ""H — Longitud de la vaina"": ""44.1"", ""I — Retroceso"": ""4.4"", ""J — Trail"": ""12.9"", ""K — Distancia entre ejes"": ""120.0"", ""L — Standover"": ""75.4"", ""Reach (cm)"": ""43.1"", ""Stack (cm)"": ""62.4"", ""Parte central delantera"": ""76.1""}",8499,false,https://www.trekbikes.com/es/es_ES/bicicletas/bicicletas-de-monta%C3%B1a/bicicletas-el%C3%A9ctricas-de-monta%C3%B1a/fuel/fuel-ex/fuel-ex-9-8-eagle-90-gen-2/p/79619/,https://www.trekbikes.com/es/es_ES/bicicletas/bicicletas-de-monta%C3%B1a/bicicletas-el%C3%A9ctricas-de-monta%C3%B1a/fuel/fuel-ex/f/F370/fuel%252b-ex-9-8-eagle-90-gen-2/79619/5349250,html,2026-10-05
Trek,Fuel+ EX [0584e61b],Fuel+ EX 9.8 Eagle 90 Gen 2,2027,emtb,M,M,,165,178,"165 - 177 cm 5'5"" - 5'10""",ft-in,624,460,"{""Dimensiones de la rueda"": ""29\"""", ""A — Tubo del sillín"": ""40.0"", ""B — Ángulo del tubo del sillín"": ""72.6°"", ""Ángulo efectivo del tubo del sillín"": ""77.8°"", ""C — Longitud del tubo de dirección"": ""11.0"", ""D — Ángulo de la dirección"": ""64.5°"", ""E — Tubo superior efectivo"": ""58.9"", ""F — Altura del eje de pedalier"": ""33.9"", ""G — Altura del eje de pedalier"": ""3.5"", ""H — Longitud de la vaina"": ""44.4"", ""I — Retroceso"": ""4.4"", ""J — Trail"": ""12.9"", ""K — Distancia entre ejes"": ""123.2"", ""L — Standover"": ""74.7"", ""Reach (cm)"": ""46.0"", ""Stack (cm)"": ""62.4"", ""Parte central delantera"": ""79.1""}",8499,false,https://www.trekbikes.com/es/es_ES/bicicletas/bicicletas-de-monta%C3%B1a/bicicletas-el%C3%A9ctricas-de-monta%C3%B1a/fuel/fuel-ex/fuel-ex-9-8-eagle-90-gen-2/p/79619/,https://www.trekbikes.com/es/es_ES/bicicletas/bicicletas-de-monta%C3%B1a/bicicletas-el%C3%A9ctricas-de-monta%C3%B1a/fuel/fuel-ex/f/F370/fuel%252b-ex-9-8-eagle-90-gen-2/79619/5349250,html,2026-10-05
Trek,Fuel+ EX [0584e61b],Fuel+ EX 9.8 Eagle 90 Gen 2,2027,emtb,L,L,,178,188,"177 - 188 cm 5'10"" - 6'2""",ft-in,638,485,"{""Dimensiones de la rueda"": ""29\"""", ""A — Tubo del sillín"": ""42.0"", ""B — Ángulo del tubo del sillín"": ""72.6°"", ""Ángulo efectivo del tubo del sillín"": ""77.3°"", ""C — Longitud del tubo de dirección"": ""12.5"", ""D — Ángulo de la dirección"": ""64.5°"", ""E — Tubo superior efectivo"": ""61.3"", ""F — Altura del eje de pedalier"": ""33.9"", ""G — Altura del eje de pedalier"": ""3.5"", ""H — Longitud de la vaina"": ""44.4"", ""I — Retroceso"": ""4.4"", ""J — Trail"": ""12.9"", ""K — Distancia entre ejes"": ""125.8"", ""L — Standover"": ""75.0"", ""Reach (cm)"": ""48.5"", ""Stack (cm)"": ""63.8"", ""Parte central delantera"": ""82.2""}",8499,false,https://www.trekbikes.com/es/es_ES/bicicletas/bicicletas-de-monta%C3%B1a/bicicletas-el%C3%A9ctricas-de-monta%C3%B1a/fuel/fuel-ex/fuel-ex-9-8-eagle-90-gen-2/p/79619/,https://www.trekbikes.com/es/es_ES/bicicletas/bicicletas-de-monta%C3%B1a/bicicletas-el%C3%A9ctricas-de-monta%C3%B1a/fuel/fuel-ex/f/F370/fuel%252b-ex-9-8-eagle-90-gen-2/79619/5349250,html,2026-10-05
Trek,Fuel+ EX [0584e61b],Fuel+ EX 9.8 Eagle 90 Gen 2,2027,emtb,XL,XL,,188,196,"188 - 195 cm 6'2"" - 6'5""",ft-in,651,510,"{""Dimensiones de la rueda"": ""29\"""", ""A — Tubo del sillín"": ""45.5"", ""B — Ángulo del tubo del sillín"": ""72.6°"", ""Ángulo efectivo del tubo del sillín"": ""76.9°"", ""C — Longitud del tubo de dirección"": ""14.0"", ""D — Ángulo de la dirección"": ""64.5°"", ""E — Tubo superior efectivo"": ""65.1"", ""F — Altura del eje de pedalier"": ""33.9"", ""G — Altura del eje de pedalier"": ""3.5"", ""H — Longitud de la vaina"": ""44.7"", ""I — Retroceso"": ""4.4"", ""J — Trail"": ""12.9"", ""K — Distancia entre ejes"": ""129.8"", ""L — Standover"": ""75.5"", ""Reach (cm)"": ""51.0"", ""Stack (cm)"": ""65.1"", ""Parte central delantera"": ""85.4""}",8499,false,https://www.trekbikes.com/es/es_ES/bicicletas/bicicletas-de-monta%C3%B1a/bicicletas-el%C3%A9ctricas-de-monta%C3%B1a/fuel/fuel-ex/fuel-ex-9-8-eagle-90-gen-2/p/79619/,https://www.trekbikes.com/es/es_ES/bicicletas/bicicletas-de-monta%C3%B1a/bicicletas-el%C3%A9ctricas-de-monta%C3%B1a/fuel/fuel-ex/f/F370/fuel%252b-ex-9-8-eagle-90-gen-2/79619/5349250,html,2026-10-05
Trek,Fuel+ EX [0584e61b],Fuel+ EX 9.8 Eagle 90 Gen 2,2027,emtb,XXL,XXL,,196,203,"195 - 203 cm 6'5"" - 6'8""",ft-in,665,530,"{""Dimensiones de la rueda"": ""29\"""", ""A — Tubo del sillín"": ""47.5"", ""B — Ángulo del tubo del sillín"": ""72.6°"", ""Ángulo efectivo del tubo del sillín"": ""76.4°"", ""C — Longitud del tubo de dirección"": ""15.5"", ""D — Ángulo de la dirección"": ""64.5°"", ""E — Tubo superior efectivo"": ""68.0"", ""F — Altura del eje de pedalier"": ""33.9"", ""G — Altura del eje de pedalier"": ""3.5"", ""H — Longitud de la vaina"": ""45.2"", ""I — Retroceso"": ""4.4"", ""J — Trail"": ""12.9"", ""K — Distancia entre ejes"": ""133.0"", ""L — Standover"": ""76.4"", ""Reach (cm)"": ""53.0"", ""Stack (cm)"": ""66.5"", ""Parte central delantera"": ""88.0""}",8499,false,https://www.trekbikes.com/es/es_ES/bicicletas/bicicletas-de-monta%C3%B1a/bicicletas-el%C3%A9ctricas-de-monta%C3%B1a/fuel/fuel-ex/fuel-ex-9-8-eagle-90-gen-2/p/79619/,https://www.trekbikes.com/es/es_ES/bicicletas/bicicletas-de-monta%C3%B1a/bicicletas-el%C3%A9ctricas-de-monta%C3%B1a/fuel/fuel-ex/f/F370/fuel%252b-ex-9-8-eagle-90-gen-2/79619/5349250,html,2026-10-05
Trek,Fuel+ EX [0584e61b],Fuel+ EX 9.8 XT Gen 2,2027,emtb,S,S,,155,165,"155 - 165 cm 5'1"" - 5'5""",ft-in,624,431,"{""Dimensiones de la rueda"": ""29\""/27.5\"""", ""A — Tubo del sillín"": ""37.0"", ""B — Ángulo del tubo del sillín"": ""72.7°"", ""Ángulo efectivo del tubo del sillín"": ""78.2°"", ""C — Longitud del tubo de dirección"": ""11.0"", ""D — Ángulo de la dirección"": ""64.6°"", ""E — Tubo superior efectivo"": ""55.9"", ""F — Altura del eje de pedalier"": ""33.9"", ""G — Altura del eje de pedalier"": ""3.4"", ""H — Longitud de la vaina"": ""44.1"", ""I — Retroceso"": ""4.4"", ""J — Trail"": ""12.9"", ""K — Distancia entre ejes"": ""120.0"", ""L — Standover"": ""75.4"", ""Reach (cm)"": ""43.1"", ""Stack (cm)"": ""62.4"", ""Parte central delantera"": ""76.1""}",8499,false,https://www.trekbikes.com/es/es_ES/bicicletas/bicicletas-de-monta%C3%B1a/bicicletas-el%C3%A9ctricas-de-monta%C3%B1a/fuel/fuel-ex/fuel-ex-9-8-xt-gen-2/p/81567/,https://www.trekbikes.com/es/es_ES/bicicletas/bicicletas-de-monta%C3%B1a/bicicletas-el%C3%A9ctricas-de-monta%C3%B1a/fuel/fuel-ex/f/F370/fuel%252b-ex-9-8-xt-gen-2/81567/5351911,html,2026-10-05
Trek,Fuel+ EX [0584e61b],Fuel+ EX 9.8 XT Gen 2,2027,emtb,M,M,,165,178,"165 - 177 cm 5'5"" - 5'10""",ft-in,624,460,"{""Dimensiones de la rueda"": ""29\"""", ""A — Tubo del sillín"": ""40.0"", ""B — Ángulo del tubo del sillín"": ""72.6°"", ""Ángulo efectivo del tubo del sillín"": ""77.8°"", ""C — Longitud del tubo de dirección"": ""11.0"", ""D — Ángulo de la dirección"": ""64.5°"", ""E — Tubo superior efectivo"": ""58.9"", ""F — Altura del eje de pedalier"": ""33.9"", ""G — Altura del eje de pedalier"": ""3.5"", ""H — Longitud de la vaina"": ""44.4"", ""I — Retroceso"": ""4.4"", ""J — Trail"": ""12.9"", ""K — Distancia entre ejes"": ""123.2"", ""L — Standover"": ""74.7"", ""Reach (cm)"": ""46.0"", ""Stack (cm)"": ""62.4"", ""Parte central delantera"": ""79.1""}",8499,false,https://www.trekbikes.com/es/es_ES/bicicletas/bicicletas-de-monta%C3%B1a/bicicletas-el%C3%A9ctricas-de-monta%C3%B1a/fuel/fuel-ex/fuel-ex-9-8-xt-gen-2/p/81567/,https://www.trekbikes.com/es/es_ES/bicicletas/bicicletas-de-monta%C3%B1a/bicicletas-el%C3%A9ctricas-de-monta%C3%B1a/fuel/fuel-ex/f/F370/fuel%252b-ex-9-8-xt-gen-2/81567/5351911,html,2026-10-05
Trek,Fuel+ EX [0584e61b],Fuel+ EX 9.8 XT Gen 2,2027,emtb,L,L,,178,188,"177 - 188 cm 5'10"" - 6'2""",ft-in,638,485,"{""Dimensiones de la rueda"": ""29\"""", ""A — Tubo del sillín"": ""42.0"", ""B — Ángulo del tubo del sillín"": ""72.6°"", ""Ángulo efectivo del tubo del sillín"": ""77.3°"", ""C — Longitud del tubo de dirección"": ""12.5"", ""D — Ángulo de la dirección"": ""64.5°"", ""E — Tubo superior efectivo"": ""61.3"", ""F — Altura del eje de pedalier"": ""33.9"", ""G — Altura del eje de pedalier"": ""3.5"", ""H — Longitud de la vaina"": ""44.4"", ""I — Retroceso"": ""4.4"", ""J — Trail"": ""12.9"", ""K — Distancia entre ejes"": ""125.8"", ""L — Standover"": ""75.0"", ""Reach (cm)"": ""48.5"", ""Stack (cm)"": ""63.8"", ""Parte central delantera"": ""82.2""}",8499,false,https://www.trekbikes.com/es/es_ES/bicicletas/bicicletas-de-monta%C3%B1a/bicicletas-el%C3%A9ctricas-de-monta%C3%B1a/fuel/fuel-ex/fuel-ex-9-8-xt-gen-2/p/81567/,https://www.trekbikes.com/es/es_ES/bicicletas/bicicletas-de-monta%C3%B1a/bicicletas-el%C3%A9ctricas-de-monta%C3%B1a/fuel/fuel-ex/f/F370/fuel%252b-ex-9-8-xt-gen-2/81567/5351911,html,2026-10-05
Trek,Fuel+ EX [0584e61b],Fuel+ EX 9.8 XT Gen 2,2027,emtb,XL,XL,,188,196,"188 - 195 cm 6'2"" - 6'5""",ft-in,651,510,"{""Dimensiones de la rueda"": ""29\"""", ""A — Tubo del sillín"": ""45.5"", ""B — Ángulo del tubo del sillín"": ""72.6°"", ""Ángulo efectivo del tubo del sillín"": ""76.9°"", ""C — Longitud del tubo de dirección"": ""14.0"", ""D — Ángulo de la dirección"": ""64.5°"", ""E — Tubo superior efectivo"": ""65.1"", ""F — Altura del eje de pedalier"": ""33.9"", ""G — Altura del eje de pedalier"": ""3.5"", ""H — Longitud de la vaina"": ""44.7"", ""I — Retroceso"": ""4.4"", ""J — Trail"": ""12.9"", ""K — Distancia entre ejes"": ""129.8"", ""L — Standover"": ""75.5"", ""Reach (cm)"": ""51.0"", ""Stack (cm)"": ""65.1"", ""Parte central delantera"": ""85.4""}",8499,false,https://www.trekbikes.com/es/es_ES/bicicletas/bicicletas-de-monta%C3%B1a/bicicletas-el%C3%A9ctricas-de-monta%C3%B1a/fuel/fuel-ex/fuel-ex-9-8-xt-gen-2/p/81567/,https://www.trekbikes.com/es/es_ES/bicicletas/bicicletas-de-monta%C3%B1a/bicicletas-el%C3%A9ctricas-de-monta%C3%B1a/fuel/fuel-ex/f/F370/fuel%252b-ex-9-8-xt-gen-2/81567/5351911,html,2026-10-05
Trek,Fuel+ EX [0584e61b],Fuel+ EX 9.8 XT Gen 2,2027,emtb,XXL,XXL,,196,203,"195 - 203 cm 6'5"" - 6'8""",ft-in,665,530,"{""Dimensiones de la rueda"": ""29\"""", ""A — Tubo del sillín"": ""47.5"", ""B — Ángulo del tubo del sillín"": ""72.6°"", ""Ángulo efectivo del tubo del sillín"": ""76.4°"", ""C — Longitud del tubo de dirección"": ""15.5"", ""D — Ángulo de la dirección"": ""64.5°"", ""E — Tubo superior efectivo"": ""68.0"", ""F — Altura del eje de pedalier"": ""33.9"", ""G — Altura del eje de pedalier"": ""3.5"", ""H — Longitud de la vaina"": ""45.2"", ""I — Retroceso"": ""4.4"", ""J — Trail"": ""12.9"", ""K — Distancia entre ejes"": ""133.0"", ""L — Standover"": ""76.4"", ""Reach (cm)"": ""53.0"", ""Stack (cm)"": ""66.5"", ""Parte central delantera"": ""88.0""}",8499,false,https://www.trekbikes.com/es/es_ES/bicicletas/bicicletas-de-monta%C3%B1a/bicicletas-el%C3%A9ctricas-de-monta%C3%B1a/fuel/fuel-ex/fuel-ex-9-8-xt-gen-2/p/81567/,https://www.trekbikes.com/es/es_ES/bicicletas/bicicletas-de-monta%C3%B1a/bicicletas-el%C3%A9ctricas-de-monta%C3%B1a/fuel/fuel-ex/f/F370/fuel%252b-ex-9-8-xt-gen-2/81567/5351911,html,2026-10-05
Trek,Fuel+ EX [0584e61b],Fuel+ EX 9.7 Gen 2,2027,emtb,S,S,,155,165,"155 - 165 cm 5'1"" - 5'5""",ft-in,624,431,"{""Dimensiones de la rueda"": ""29\""/27.5\"""", ""A — Tubo del sillín"": ""37.0"", ""B — Ángulo del tubo del sillín"": ""72.7°"", ""Ángulo efectivo del tubo del sillín"": ""78.2°"", ""C — Longitud del tubo de dirección"": ""11.0"", ""D — Ángulo de la dirección"": ""64.6°"", ""E — Tubo superior efectivo"": ""55.9"", ""F — Altura del eje de pedalier"": ""33.9"", ""G — Altura del eje de pedalier"": ""3.4"", ""H — Longitud de la vaina"": ""44.1"", ""I — Retroceso"": ""4.4"", ""J — Trail"": ""12.9"", ""K — Distancia entre ejes"": ""120.0"", ""L — Standover"": ""75.4"", ""Reach (cm)"": ""43.1"", ""Stack (cm)"": ""62.4"", ""Parte central delantera"": ""76.1""}",5999,false,https://www.trekbikes.com/es/es_ES/bicicletas/bicicletas-de-monta%C3%B1a/bicicletas-el%C3%A9ctricas-de-monta%C3%B1a/fuel/fuel-ex/fuel-ex-9-7-gen-2/p/79620/,https://www.trekbikes.com/es/es_ES/bicicletas/bicicletas-de-monta%C3%B1a/bicicletas-el%C3%A9ctricas-de-monta%C3%B1a/fuel/fuel-ex/f/F370/fuel%252b-ex-9-7-gen-2/79620/5349265,html,2026-10-05
Trek,Fuel+ EX [0584e61b],Fuel+ EX 9.7 Gen 2,2027,emtb,M,M,,165,178,"165 - 177 cm 5'5"" - 5'10""",ft-in,624,460,"{""Dimensiones de la rueda"": ""29\"""", ""A — Tubo del sillín"": ""40.0"", ""B — Ángulo del tubo del sillín"": ""72.6°"", ""Ángulo efectivo del tubo del sillín"": ""77.8°"", ""C — Longitud del tubo de dirección"": ""11.0"", ""D — Ángulo de la dirección"": ""64.5°"", ""E — Tubo superior efectivo"": ""58.9"", ""F — Altura del eje de pedalier"": ""33.9"", ""G — Altura del eje de pedalier"": ""3.5"", ""H — Longitud de la vaina"": ""44.4"", ""I — Retroceso"": ""4.4"", ""J — Trail"": ""12.9"", ""K — Distancia entre ejes"": ""123.2"", ""L — Standover"": ""74.7"", ""Reach (cm)"": ""46.0"", ""Stack (cm)"": ""62.4"", ""Parte central delantera"": ""79.1""}",5999,false,https://www.trekbikes.com/es/es_ES/bicicletas/bicicletas-de-monta%C3%B1a/bicicletas-el%C3%A9ctricas-de-monta%C3%B1a/fuel/fuel-ex/fuel-ex-9-7-gen-2/p/79620/,https://www.trekbikes.com/es/es_ES/bicicletas/bicicletas-de-monta%C3%B1a/bicicletas-el%C3%A9ctricas-de-monta%C3%B1a/fuel/fuel-ex/f/F370/fuel%252b-ex-9-7-gen-2/79620/5349265,html,2026-10-05
Trek,Fuel+ EX [0584e61b],Fuel+ EX 9.7 Gen 2,2027,emtb,L,L,,178,188,"177 - 188 cm 5'10"" - 6'2""",ft-in,638,485,"{""Dimensiones de la rueda"": ""29\"""", ""A — Tubo del sillín"": ""42.0"", ""B — Ángulo del tubo del sillín"": ""72.6°"", ""Ángulo efectivo del tubo del sillín"": ""77.3°"", ""C — Longitud del tubo de dirección"": ""12.5"", ""D — Ángulo de la dirección"": ""64.5°"", ""E — Tubo superior efectivo"": ""61.3"", ""F — Altura del eje de pedalier"": ""33.9"", ""G — Altura del eje de pedalier"": ""3.5"", ""H — Longitud de la vaina"": ""44.4"", ""I — Retroceso"": ""4.4"", ""J — Trail"": ""12.9"", ""K — Distancia entre ejes"": ""125.8"", ""L — Standover"": ""75.0"", ""Reach (cm)"": ""48.5"", ""Stack (cm)"": ""63.8"", ""Parte central delantera"": ""82.2""}",5999,false,https://www.trekbikes.com/es/es_ES/bicicletas/bicicletas-de-monta%C3%B1a/bicicletas-el%C3%A9ctricas-de-monta%C3%B1a/fuel/fuel-ex/fuel-ex-9-7-gen-2/p/79620/,https://www.trekbikes.com/es/es_ES/bicicletas/bicicletas-de-monta%C3%B1a/bicicletas-el%C3%A9ctricas-de-monta%C3%B1a/fuel/fuel-ex/f/F370/fuel%252b-ex-9-7-gen-2/79620/5349265,html,2026-10-05
Trek,Fuel+ EX [0584e61b],Fuel+ EX 9.7 Gen 2,2027,emtb,XL,XL,,188,196,"188 - 195 cm 6'2"" - 6'5""",ft-in,651,510,"{""Dimensiones de la rueda"": ""29\"""", ""A — Tubo del sillín"": ""45.5"", ""B — Ángulo del tubo del sillín"": ""72.6°"", ""Ángulo efectivo del tubo del sillín"": ""76.9°"", ""C — Longitud del tubo de dirección"": ""14.0"", ""D — Ángulo de la dirección"": ""64.5°"", ""E — Tubo superior efectivo"": ""65.1"", ""F — Altura del eje de pedalier"": ""33.9"", ""G — Altura del eje de pedalier"": ""3.5"", ""H — Longitud de la vaina"": ""44.7"", ""I — Retroceso"": ""4.4"", ""J — Trail"": ""12.9"", ""K — Distancia entre ejes"": ""129.8"", ""L — Standover"": ""75.5"", ""Reach (cm)"": ""51.0"", ""Stack (cm)"": ""65.1"", ""Parte central delantera"": ""85.4""}",5999,false,https://www.trekbikes.com/es/es_ES/bicicletas/bicicletas-de-monta%C3%B1a/bicicletas-el%C3%A9ctricas-de-monta%C3%B1a/fuel/fuel-ex/fuel-ex-9-7-gen-2/p/79620/,https://www.trekbikes.com/es/es_ES/bicicletas/bicicletas-de-monta%C3%B1a/bicicletas-el%C3%A9ctricas-de-monta%C3%B1a/fuel/fuel-ex/f/F370/fuel%252b-ex-9-7-gen-2/79620/5349265,html,2026-10-05
Trek,Fuel+ EX [0584e61b],Fuel+ EX 9.7 Gen 2,2027,emtb,XXL,XXL,,196,203,"195 - 203 cm 6'5"" - 6'8""",ft-in,665,530,"{""Dimensiones de la rueda"": ""29\"""", ""A — Tubo del sillín"": ""47.5"", ""B — Ángulo del tubo del sillín"": ""72.6°"", ""Ángulo efectivo del tubo del sillín"": ""76.4°"", ""C — Longitud del tubo de dirección"": ""15.5"", ""D — Ángulo de la dirección"": ""64.5°"", ""E — Tubo superior efectivo"": ""68.0"", ""F — Altura del eje de pedalier"": ""33.9"", ""G — Altura del eje de pedalier"": ""3.5"", ""H — Longitud de la vaina"": ""45.2"", ""I — Retroceso"": ""4.4"", ""J — Trail"": ""12.9"", ""K — Distancia entre ejes"": ""133.0"", ""L — Standover"": ""76.4"", ""Reach (cm)"": ""53.0"", ""Stack (cm)"": ""66.5"", ""Parte central delantera"": ""88.0""}",5999,false,https://www.trekbikes.com/es/es_ES/bicicletas/bicicletas-de-monta%C3%B1a/bicicletas-el%C3%A9ctricas-de-monta%C3%B1a/fuel/fuel-ex/fuel-ex-9-7-gen-2/p/79620/,https://www.trekbikes.com/es/es_ES/bicicletas/bicicletas-de-monta%C3%B1a/bicicletas-el%C3%A9ctricas-de-monta%C3%B1a/fuel/fuel-ex/f/F370/fuel%252b-ex-9-7-gen-2/79620/5349265,html,2026-10-05
Trek,Fuel+ MX [f0cca6b8],Fuel+ MX 9.9 X0 AXS Gen 2,2027,emtb,S,S,,155,165,"155 - 165 cm 5'1"" - 5'5""",ft-in,627,426,"{""Dimensiones de la rueda"": ""29\""/27.5\"""", ""A — Tubo del sillín"": ""37.0"", ""B — Ángulo del tubo del sillín"": ""72.3°"", ""Ángulo efectivo del tubo del sillín"": ""77.7°"", ""C — Longitud del tubo de dirección"": ""11.0"", ""D — Ángulo de la dirección"": ""64.2°"", ""E — Tubo superior efectivo"": ""56.0"", ""F — Altura del eje de pedalier"": ""34.3"", ""G — Altura del eje de pedalier"": ""3.1"", ""H — Longitud de la vaina"": ""44.0"", ""I — Retroceso"": ""4.4"", ""J — Trail"": ""13.2"", ""K — Distancia entre ejes"": ""120.4"", ""L — Standover"": ""75.8"", ""Reach (cm)"": ""42.6"", ""Stack (cm)"": ""62.7"", ""Parte central delantera"": ""76.5""}",11499,false,https://www.trekbikes.com/es/es_ES/bicicletas/bicicletas-de-monta%C3%B1a/bicicletas-el%C3%A9ctricas-de-monta%C3%B1a/fuel/fuel-mx/fuel-mx-9-9-x0-axs-gen-2/p/81589/,https://www.trekbikes.com/es/es_ES/bicicletas/bicicletas-de-monta%C3%B1a/bicicletas-el%C3%A9ctricas-de-monta%C3%B1a/fuel/f/F370/fuel%252b-mx-9-9-x0-axs-gen-2/81589/5352101,html,2026-10-05
Trek,Fuel+ MX [f0cca6b8],Fuel+ MX 9.9 X0 AXS Gen 2,2027,emtb,M,M,,165,178,"165 - 177 cm 5'5"" - 5'10""",ft-in,627,456,"{""Dimensiones de la rueda"": ""29\""/27.5\"""", ""A — Tubo del sillín"": ""40.0"", ""B — Ángulo del tubo del sillín"": ""72.3°"", ""Ángulo efectivo del tubo del sillín"": ""77.5°"", ""C — Longitud del tubo de dirección"": ""11.0"", ""D — Ángulo de la dirección"": ""64.2°"", ""E — Tubo superior efectivo"": ""59.0"", ""F — Altura del eje de pedalier"": ""34.3"", ""G — Altura del eje de pedalier"": ""3.1"", ""H — Longitud de la vaina"": ""44.0"", ""I — Retroceso"": ""4.4"", ""J — Trail"": ""13.2"", ""K — Distancia entre ejes"": ""123.4"", ""L — Standover"": ""75.2"", ""Reach (cm)"": ""45.6"", ""Stack (cm)"": ""62.7"", ""Parte central delantera"": ""79.5""}",11499,false,https://www.trekbikes.com/es/es_ES/bicicletas/bicicletas-de-monta%C3%B1a/bicicletas-el%C3%A9ctricas-de-monta%C3%B1a/fuel/fuel-mx/fuel-mx-9-9-x0-axs-gen-2/p/81589/,https://www.trekbikes.com/es/es_ES/bicicletas/bicicletas-de-monta%C3%B1a/bicicletas-el%C3%A9ctricas-de-monta%C3%B1a/fuel/f/F370/fuel%252b-mx-9-9-x0-axs-gen-2/81589/5352101,html,2026-10-05
Trek,Fuel+ MX [f0cca6b8],Fuel+ MX 9.9 X0 AXS Gen 2,2027,emtb,L,L,,178,188,"177 - 188 cm 5'10"" - 6'2""",ft-in,641,482,"{""Dimensiones de la rueda"": ""29\""/27.5\"""", ""A — Tubo del sillín"": ""42.0"", ""B — Ángulo del tubo del sillín"": ""72.3°"", ""Ángulo efectivo del tubo del sillín"": ""77.0°"", ""C — Longitud del tubo de dirección"": ""12.5"", ""D — Ángulo de la dirección"": ""64.2°"", ""E — Tubo superior efectivo"": ""61.9"", ""F — Altura del eje de pedalier"": ""34.3"", ""G — Altura del eje de pedalier"": ""3.1"", ""H — Longitud de la vaina"": ""44.0"", ""I — Retroceso"": ""4.4"", ""J — Trail"": ""13.2"", ""K — Distancia entre ejes"": ""126.6"", ""L — Standover"": ""75.5"", ""Reach (cm)"": ""48.2"", ""Stack (cm)"": ""64.1"", ""Parte central delantera"": ""82.6""}",11499,false,https://www.trekbikes.com/es/es_ES/bicicletas/bicicletas-de-monta%C3%B1a/bicicletas-el%C3%A9ctricas-de-monta%C3%B1a/fuel/fuel-mx/fuel-mx-9-9-x0-axs-gen-2/p/81589/,https://www.trekbikes.com/es/es_ES/bicicletas/bicicletas-de-monta%C3%B1a/bicicletas-el%C3%A9ctricas-de-monta%C3%B1a/fuel/f/F370/fuel%252b-mx-9-9-x0-axs-gen-2/81589/5352101,html,2026-10-05
Trek,Fuel+ MX [f0cca6b8],Fuel+ MX 9.9 X0 AXS Gen 2,2027,emtb,XL,XL,,188,196,"188 - 195 cm 6'2"" - 6'5""",ft-in,654,507,"{""Dimensiones de la rueda"": ""29\""/27.5\"""", ""A — Tubo del sillín"": ""45.5"", ""B — Ángulo del tubo del sillín"": ""72.3°"", ""Ángulo efectivo del tubo del sillín"": ""76.6°"", ""C — Longitud del tubo de dirección"": ""14.0"", ""D — Ángulo de la dirección"": ""64.2°"", ""E — Tubo superior efectivo"": ""65.2"", ""F — Altura del eje de pedalier"": ""34.3"", ""G — Altura del eje de pedalier"": ""3.1"", ""H — Longitud de la vaina"": ""44.4"", ""I — Retroceso"": ""4.4"", ""J — Trail"": ""13.2"", ""K — Distancia entre ejes"": ""130.1"", ""L — Standover"": ""75.9"", ""Reach (cm)"": ""50.7"", ""Stack (cm)"": ""65.4"", ""Parte central delantera"": ""85.7""}",11499,false,https://www.trekbikes.com/es/es_ES/bicicletas/bicicletas-de-monta%C3%B1a/bicicletas-el%C3%A9ctricas-de-monta%C3%B1a/fuel/fuel-mx/fuel-mx-9-9-x0-axs-gen-2/p/81589/,https://www.trekbikes.com/es/es_ES/bicicletas/bicicletas-de-monta%C3%B1a/bicicletas-el%C3%A9ctricas-de-monta%C3%B1a/fuel/f/F370/fuel%252b-mx-9-9-x0-axs-gen-2/81589/5352101,html,2026-10-05
Trek,Fuel+ MX [f0cca6b8],Fuel+ MX 9.9 X0 AXS Gen 2,2027,emtb,XXL,XXL,,196,203,"195 - 203 cm 6'5"" - 6'8""",ft-in,668,527,"{""Dimensiones de la rueda"": ""29\""/27.5\"""", ""A — Tubo del sillín"": ""47.5"", ""B — Ángulo del tubo del sillín"": ""72.3°"", ""Ángulo efectivo del tubo del sillín"": ""76.1°"", ""C — Longitud del tubo de dirección"": ""15.5"", ""D — Ángulo de la dirección"": ""64.2°"", ""E — Tubo superior efectivo"": ""68.2"", ""F — Altura del eje de pedalier"": ""34.3"", ""G — Altura del eje de pedalier"": ""3.1"", ""H — Longitud de la vaina"": ""44.9"", ""I — Retroceso"": ""4.4"", ""J — Trail"": ""13.2"", ""K — Distancia entre ejes"": ""133.2"", ""L — Standover"": ""76.9"", ""Reach (cm)"": ""52.7"", ""Stack (cm)"": ""66.8"", ""Parte central delantera"": ""88.4""}",11499,false,https://www.trekbikes.com/es/es_ES/bicicletas/bicicletas-de-monta%C3%B1a/bicicletas-el%C3%A9ctricas-de-monta%C3%B1a/fuel/fuel-mx/fuel-mx-9-9-x0-axs-gen-2/p/81589/,https://www.trekbikes.com/es/es_ES/bicicletas/bicicletas-de-monta%C3%B1a/bicicletas-el%C3%A9ctricas-de-monta%C3%B1a/fuel/f/F370/fuel%252b-mx-9-9-x0-axs-gen-2/81589/5352101,html,2026-10-05
Trek,Fuel+ MX [f0cca6b8],"Fuel+ MX 9,8 XT Di2 Gen 2",2027,emtb,S,S,,155,165,"155 - 165 cm 5'1"" - 5'5""",ft-in,627,426,"{""Dimensiones de la rueda"": ""29\""/27.5\"""", ""A — Tubo del sillín"": ""37.0"", ""B — Ángulo del tubo del sillín"": ""72.3°"", ""Ángulo efectivo del tubo del sillín"": ""77.7°"", ""C — Longitud del tubo de dirección"": ""11.0"", ""D — Ángulo de la dirección"": ""64.2°"", ""E — Tubo superior efectivo"": ""56.0"", ""F — Altura del eje de pedalier"": ""34.3"", ""G — Altura del eje de pedalier"": ""3.1"", ""H — Longitud de la vaina"": ""44.0"", ""I — Retroceso"": ""4.4"", ""J — Trail"": ""13.2"", ""K — Distancia entre ejes"": ""120.4"", ""L — Standover"": ""75.8"", ""Reach (cm)"": ""42.6"", ""Stack (cm)"": ""62.7"", ""Parte central delantera"": ""76.5""}",8999,false,https://www.trekbikes.com/es/es_ES/bicicletas/bicicletas-de-monta%C3%B1a/bicicletas-el%C3%A9ctricas-de-monta%C3%B1a/fuel/fuel-mx/fuel-mx-98-xt-di2-gen-2/p/81587/,https://www.trekbikes.com/es/es_ES/bicicletas/bicicletas-de-monta%C3%B1a/bicicletas-el%C3%A9ctricas-de-monta%C3%B1a/fuel/f/F370/fuel%252b-mx-9%252c8-xt-di2-gen-2/81587/5352081,html,2026-10-05
Trek,Fuel+ MX [f0cca6b8],"Fuel+ MX 9,8 XT Di2 Gen 2",2027,emtb,M,M,,165,178,"165 - 177 cm 5'5"" - 5'10""",ft-in,627,456,"{""Dimensiones de la rueda"": ""29\""/27.5\"""", ""A — Tubo del sillín"": ""40.0"", ""B — Ángulo del tubo del sillín"": ""72.3°"", ""Ángulo efectivo del tubo del sillín"": ""77.5°"", ""C — Longitud del tubo de dirección"": ""11.0"", ""D — Ángulo de la dirección"": ""64.2°"", ""E — Tubo superior efectivo"": ""59.0"", ""F — Altura del eje de pedalier"": ""34.3"", ""G — Altura del eje de pedalier"": ""3.1"", ""H — Longitud de la vaina"": ""44.0"", ""I — Retroceso"": ""4.4"", ""J — Trail"": ""13.2"", ""K — Distancia entre ejes"": ""123.4"", ""L — Standover"": ""75.2"", ""Reach (cm)"": ""45.6"", ""Stack (cm)"": ""62.7"", ""Parte central delantera"": ""79.5""}",8999,false,https://www.trekbikes.com/es/es_ES/bicicletas/bicicletas-de-monta%C3%B1a/bicicletas-el%C3%A9ctricas-de-monta%C3%B1a/fuel/fuel-mx/fuel-mx-98-xt-di2-gen-2/p/81587/,https://www.trekbikes.com/es/es_ES/bicicletas/bicicletas-de-monta%C3%B1a/bicicletas-el%C3%A9ctricas-de-monta%C3%B1a/fuel/f/F370/fuel%252b-mx-9%252c8-xt-di2-gen-2/81587/5352081,html,2026-10-05
Trek,Fuel+ MX [f0cca6b8],"Fuel+ MX 9,8 XT Di2 Gen 2",2027,emtb,L,L,,178,188,"177 - 188 cm 5'10"" - 6'2""",ft-in,641,482,"{""Dimensiones de la rueda"": ""29\""/27.5\"""", ""A — Tubo del sillín"": ""42.0"", ""B — Ángulo del tubo del sillín"": ""72.3°"", ""Ángulo efectivo del tubo del sillín"": ""77.0°"", ""C — Longitud del tubo de dirección"": ""12.5"", ""D — Ángulo de la dirección"": ""64.2°"", ""E — Tubo superior efectivo"": ""61.9"", ""F — Altura del eje de pedalier"": ""34.3"", ""G — Altura del eje de pedalier"": ""3.1"", ""H — Longitud de la vaina"": ""44.0"", ""I — Retroceso"": ""4.4"", ""J — Trail"": ""13.2"", ""K — Distancia entre ejes"": ""126.6"", ""L — Standover"": ""75.5"", ""Reach (cm)"": ""48.2"", ""Stack (cm)"": ""64.1"", ""Parte central delantera"": ""82.6""}",8999,false,https://www.trekbikes.com/es/es_ES/bicicletas/bicicletas-de-monta%C3%B1a/bicicletas-el%C3%A9ctricas-de-monta%C3%B1a/fuel/fuel-mx/fuel-mx-98-xt-di2-gen-2/p/81587/,https://www.trekbikes.com/es/es_ES/bicicletas/bicicletas-de-monta%C3%B1a/bicicletas-el%C3%A9ctricas-de-monta%C3%B1a/fuel/f/F370/fuel%252b-mx-9%252c8-xt-di2-gen-2/81587/5352081,html,2026-10-05
Trek,Fuel+ MX [f0cca6b8],"Fuel+ MX 9,8 XT Di2 Gen 2",2027,emtb,XL,XL,,188,196,"188 - 195 cm 6'2"" - 6'5""",ft-in,654,507,"{""Dimensiones de la rueda"": ""29\""/27.5\"""", ""A — Tubo del sillín"": ""45.5"", ""B — Ángulo del tubo del sillín"": ""72.3°"", ""Ángulo efectivo del tubo del sillín"": ""76.6°"", ""C — Longitud del tubo de dirección"": ""14.0"", ""D — Ángulo de la dirección"": ""64.2°"", ""E — Tubo superior efectivo"": ""65.2"", ""F — Altura del eje de pedalier"": ""34.3"", ""G — Altura del eje de pedalier"": ""3.1"", ""H — Longitud de la vaina"": ""44.4"", ""I — Retroceso"": ""4.4"", ""J — Trail"": ""13.2"", ""K — Distancia entre ejes"": ""130.1"", ""L — Standover"": ""75.9"", ""Reach (cm)"": ""50.7"", ""Stack (cm)"": ""65.4"", ""Parte central delantera"": ""85.7""}",8999,false,https://www.trekbikes.com/es/es_ES/bicicletas/bicicletas-de-monta%C3%B1a/bicicletas-el%C3%A9ctricas-de-monta%C3%B1a/fuel/fuel-mx/fuel-mx-98-xt-di2-gen-2/p/81587/,https://www.trekbikes.com/es/es_ES/bicicletas/bicicletas-de-monta%C3%B1a/bicicletas-el%C3%A9ctricas-de-monta%C3%B1a/fuel/f/F370/fuel%252b-mx-9%252c8-xt-di2-gen-2/81587/5352081,html,2026-10-05
Trek,Fuel+ MX [f0cca6b8],"Fuel+ MX 9,8 XT Di2 Gen 2",2027,emtb,XXL,XXL,,196,203,"195 - 203 cm 6'5"" - 6'8""",ft-in,668,527,"{""Dimensiones de la rueda"": ""29\""/27.5\"""", ""A — Tubo del sillín"": ""47.5"", ""B — Ángulo del tubo del sillín"": ""72.3°"", ""Ángulo efectivo del tubo del sillín"": ""76.1°"", ""C — Longitud del tubo de dirección"": ""15.5"", ""D — Ángulo de la dirección"": ""64.2°"", ""E — Tubo superior efectivo"": ""68.2"", ""F — Altura del eje de pedalier"": ""34.3"", ""G — Altura del eje de pedalier"": ""3.1"", ""H — Longitud de la vaina"": ""44.9"", ""I — Retroceso"": ""4.4"", ""J — Trail"": ""13.2"", ""K — Distancia entre ejes"": ""133.2"", ""L — Standover"": ""76.9"", ""Reach (cm)"": ""52.7"", ""Stack (cm)"": ""66.8"", ""Parte central delantera"": ""88.4""}",8999,false,https://www.trekbikes.com/es/es_ES/bicicletas/bicicletas-de-monta%C3%B1a/bicicletas-el%C3%A9ctricas-de-monta%C3%B1a/fuel/fuel-mx/fuel-mx-98-xt-di2-gen-2/p/81587/,https://www.trekbikes.com/es/es_ES/bicicletas/bicicletas-de-monta%C3%B1a/bicicletas-el%C3%A9ctricas-de-monta%C3%B1a/fuel/f/F370/fuel%252b-mx-9%252c8-xt-di2-gen-2/81587/5352081,html,2026-10-05
Trek,Fuel+ MX [f0cca6b8],"Fuel+ MX 9,8 Eagle 90 Gen 2",2027,emtb,S,S,,155,165,"155 - 165 cm 5'1"" - 5'5""",ft-in,627,426,"{""Dimensiones de la rueda"": ""29\""/27.5\"""", ""A — Tubo del sillín"": ""37.0"", ""B — Ángulo del tubo del sillín"": ""72.3°"", ""Ángulo efectivo del tubo del sillín"": ""77.7°"", ""C — Longitud del tubo de dirección"": ""11.0"", ""D — Ángulo de la dirección"": ""64.2°"", ""E — Tubo superior efectivo"": ""56.0"", ""F — Altura del eje de pedalier"": ""34.3"", ""G — Altura del eje de pedalier"": ""3.1"", ""H — Longitud de la vaina"": ""44.0"", ""I — Retroceso"": ""4.4"", ""J — Trail"": ""13.2"", ""K — Distancia entre ejes"": ""120.4"", ""L — Standover"": ""75.8"", ""Reach (cm)"": ""42.6"", ""Stack (cm)"": ""62.7"", ""Parte central delantera"": ""76.5""}",8499,false,https://www.trekbikes.com/es/es_ES/bicicletas/bicicletas-de-monta%C3%B1a/bicicletas-el%C3%A9ctricas-de-monta%C3%B1a/fuel/fuel-mx/fuel-mx-98-eagle-90-gen-2/p/81736/,https://www.trekbikes.com/es/es_ES/bicicletas/bicicletas-de-monta%C3%B1a/bicicletas-el%C3%A9ctricas-de-monta%C3%B1a/fuel/f/F370/fuel%252b-mx-9%252c8-eagle-90-gen-2/81736/5352758,html,2026-10-05
Trek,Fuel+ MX [f0cca6b8],"Fuel+ MX 9,8 Eagle 90 Gen 2",2027,emtb,M,M,,165,178,"165 - 177 cm 5'5"" - 5'10""",ft-in,627,456,"{""Dimensiones de la rueda"": ""29\""/27.5\"""", ""A — Tubo del sillín"": ""40.0"", ""B — Ángulo del tubo del sillín"": ""72.3°"", ""Ángulo efectivo del tubo del sillín"": ""77.5°"", ""C — Longitud del tubo de dirección"": ""11.0"", ""D — Ángulo de la dirección"": ""64.2°"", ""E — Tubo superior efectivo"": ""59.0"", ""F — Altura del eje de pedalier"": ""34.3"", ""G — Altura del eje de pedalier"": ""3.1"", ""H — Longitud de la vaina"": ""44.0"", ""I — Retroceso"": ""4.4"", ""J — Trail"": ""13.2"", ""K — Distancia entre ejes"": ""123.4"", ""L — Standover"": ""75.2"", ""Reach (cm)"": ""45.6"", ""Stack (cm)"": ""62.7"", ""Parte central delantera"": ""79.5""}",8499,false,https://www.trekbikes.com/es/es_ES/bicicletas/bicicletas-de-monta%C3%B1a/bicicletas-el%C3%A9ctricas-de-monta%C3%B1a/fuel/fuel-mx/fuel-mx-98-eagle-90-gen-2/p/81736/,https://www.trekbikes.com/es/es_ES/bicicletas/bicicletas-de-monta%C3%B1a/bicicletas-el%C3%A9ctricas-de-monta%C3%B1a/fuel/f/F370/fuel%252b-mx-9%252c8-eagle-90-gen-2/81736/5352758,html,2026-10-05
Trek,Fuel+ MX [f0cca6b8],"Fuel+ MX 9,8 Eagle 90 Gen 2",2027,emtb,L,L,,178,188,"177 - 188 cm 5'10"" - 6'2""",ft-in,641,482,"{""Dimensiones de la rueda"": ""29\""/27.5\"""", ""A — Tubo del sillín"": ""42.0"", ""B — Ángulo del tubo del sillín"": ""72.3°"", ""Ángulo efectivo del tubo del sillín"": ""77.0°"", ""C — Longitud del tubo de dirección"": ""12.5"", ""D — Ángulo de la dirección"": ""64.2°"", ""E — Tubo superior efectivo"": ""61.9"", ""F — Altura del eje de pedalier"": ""34.3"", ""G — Altura del eje de pedalier"": ""3.1"", ""H — Longitud de la vaina"": ""44.0"", ""I — Retroceso"": ""4.4"", ""J — Trail"": ""13.2"", ""K — Distancia entre ejes"": ""126.6"", ""L — Standover"": ""75.5"", ""Reach (cm)"": ""48.2"", ""Stack (cm)"": ""64.1"", ""Parte central delantera"": ""82.6""}",8499,false,https://www.trekbikes.com/es/es_ES/bicicletas/bicicletas-de-monta%C3%B1a/bicicletas-el%C3%A9ctricas-de-monta%C3%B1a/fuel/fuel-mx/fuel-mx-98-eagle-90-gen-2/p/81736/,https://www.trekbikes.com/es/es_ES/bicicletas/bicicletas-de-monta%C3%B1a/bicicletas-el%C3%A9ctricas-de-monta%C3%B1a/fuel/f/F370/fuel%252b-mx-9%252c8-eagle-90-gen-2/81736/5352758,html,2026-10-05
Trek,Fuel+ MX [f0cca6b8],"Fuel+ MX 9,8 Eagle 90 Gen 2",2027,emtb,XL,XL,,188,196,"188 - 195 cm 6'2"" - 6'5""",ft-in,654,507,"{""Dimensiones de la rueda"": ""29\""/27.5\"""", ""A — Tubo del sillín"": ""45.5"", ""B — Ángulo del tubo del sillín"": ""72.3°"", ""Ángulo efectivo del tubo del sillín"": ""76.6°"", ""C — Longitud del tubo de dirección"": ""14.0"", ""D — Ángulo de la dirección"": ""64.2°"", ""E — Tubo superior efectivo"": ""65.2"", ""F — Altura del eje de pedalier"": ""34.3"", ""G — Altura del eje de pedalier"": ""3.1"", ""H — Longitud de la vaina"": ""44.4"", ""I — Retroceso"": ""4.4"", ""J — Trail"": ""13.2"", ""K — Distancia entre ejes"": ""130.1"", ""L — Standover"": ""75.9"", ""Reach (cm)"": ""50.7"", ""Stack (cm)"": ""65.4"", ""Parte central delantera"": ""85.7""}",8499,false,https://www.trekbikes.com/es/es_ES/bicicletas/bicicletas-de-monta%C3%B1a/bicicletas-el%C3%A9ctricas-de-monta%C3%B1a/fuel/fuel-mx/fuel-mx-98-eagle-90-gen-2/p/81736/,https://www.trekbikes.com/es/es_ES/bicicletas/bicicletas-de-monta%C3%B1a/bicicletas-el%C3%A9ctricas-de-monta%C3%B1a/fuel/f/F370/fuel%252b-mx-9%252c8-eagle-90-gen-2/81736/5352758,html,2026-10-05
Trek,Fuel+ MX [f0cca6b8],"Fuel+ MX 9,8 Eagle 90 Gen 2",2027,emtb,XXL,XXL,,196,203,"195 - 203 cm 6'5"" - 6'8""",ft-in,668,527,"{""Dimensiones de la rueda"": ""29\""/27.5\"""", ""A — Tubo del sillín"": ""47.5"", ""B — Ángulo del tubo del sillín"": ""72.3°"", ""Ángulo efectivo del tubo del sillín"": ""76.1°"", ""C — Longitud del tubo de dirección"": ""15.5"", ""D — Ángulo de la dirección"": ""64.2°"", ""E — Tubo superior efectivo"": ""68.2"", ""F — Altura del eje de pedalier"": ""34.3"", ""G — Altura del eje de pedalier"": ""3.1"", ""H — Longitud de la vaina"": ""44.9"", ""I — Retroceso"": ""4.4"", ""J — Trail"": ""13.2"", ""K — Distancia entre ejes"": ""133.2"", ""L — Standover"": ""76.9"", ""Reach (cm)"": ""52.7"", ""Stack (cm)"": ""66.8"", ""Parte central delantera"": ""88.4""}",8499,false,https://www.trekbikes.com/es/es_ES/bicicletas/bicicletas-de-monta%C3%B1a/bicicletas-el%C3%A9ctricas-de-monta%C3%B1a/fuel/fuel-mx/fuel-mx-98-eagle-90-gen-2/p/81736/,https://www.trekbikes.com/es/es_ES/bicicletas/bicicletas-de-monta%C3%B1a/bicicletas-el%C3%A9ctricas-de-monta%C3%B1a/fuel/f/F370/fuel%252b-mx-9%252c8-eagle-90-gen-2/81736/5352758,html,2026-10-05
Trek,Fuel+ MX [f0cca6b8],"Fuel+ MX 9,8 XT Gen 2",2027,emtb,S,S,,155,165,"155 - 165 cm 5'1"" - 5'5""",ft-in,627,426,"{""Dimensiones de la rueda"": ""29\""/27.5\"""", ""A — Tubo del sillín"": ""37.0"", ""B — Ángulo del tubo del sillín"": ""72.3°"", ""Ángulo efectivo del tubo del sillín"": ""77.7°"", ""C — Longitud del tubo de dirección"": ""11.0"", ""D — Ángulo de la dirección"": ""64.2°"", ""E — Tubo superior efectivo"": ""56.0"", ""F — Altura del eje de pedalier"": ""34.3"", ""G — Altura del eje de pedalier"": ""3.1"", ""H — Longitud de la vaina"": ""44.0"", ""I — Retroceso"": ""4.4"", ""J — Trail"": ""13.2"", ""K — Distancia entre ejes"": ""120.4"", ""L — Standover"": ""75.8"", ""Reach (cm)"": ""42.6"", ""Stack (cm)"": ""62.7"", ""Parte central delantera"": ""76.5""}",8499,false,https://www.trekbikes.com/es/es_ES/bicicletas/bicicletas-de-monta%C3%B1a/bicicletas-el%C3%A9ctricas-de-monta%C3%B1a/fuel/fuel-mx/fuel-mx-98-xt-gen-2/p/81585/,https://www.trekbikes.com/es/es_ES/bicicletas/bicicletas-de-monta%C3%B1a/bicicletas-el%C3%A9ctricas-de-monta%C3%B1a/fuel/f/F370/fuel%252b-mx-9%252c8-xt-gen-2/81585/5352061,html,2026-10-05
Trek,Fuel+ MX [f0cca6b8],"Fuel+ MX 9,8 XT Gen 2",2027,emtb,M,M,,165,178,"165 - 177 cm 5'5"" - 5'10""",ft-in,627,456,"{""Dimensiones de la rueda"": ""29\""/27.5\"""", ""A — Tubo del sillín"": ""40.0"", ""B — Ángulo del tubo del sillín"": ""72.3°"", ""Ángulo efectivo del tubo del sillín"": ""77.5°"", ""C — Longitud del tubo de dirección"": ""11.0"", ""D — Ángulo de la dirección"": ""64.2°"", ""E — Tubo superior efectivo"": ""59.0"", ""F — Altura del eje de pedalier"": ""34.3"", ""G — Altura del eje de pedalier"": ""3.1"", ""H — Longitud de la vaina"": ""44.0"", ""I — Retroceso"": ""4.4"", ""J — Trail"": ""13.2"", ""K — Distancia entre ejes"": ""123.4"", ""L — Standover"": ""75.2"", ""Reach (cm)"": ""45.6"", ""Stack (cm)"": ""62.7"", ""Parte central delantera"": ""79.5""}",8499,false,https://www.trekbikes.com/es/es_ES/bicicletas/bicicletas-de-monta%C3%B1a/bicicletas-el%C3%A9ctricas-de-monta%C3%B1a/fuel/fuel-mx/fuel-mx-98-xt-gen-2/p/81585/,https://www.trekbikes.com/es/es_ES/bicicletas/bicicletas-de-monta%C3%B1a/bicicletas-el%C3%A9ctricas-de-monta%C3%B1a/fuel/f/F370/fuel%252b-mx-9%252c8-xt-gen-2/81585/5352061,html,2026-10-05
Trek,Fuel+ MX [f0cca6b8],"Fuel+ MX 9,8 XT Gen 2",2027,emtb,L,L,,178,188,"177 - 188 cm 5'10"" - 6'2""",ft-in,641,482,"{""Dimensiones de la rueda"": ""29\""/27.5\"""", ""A — Tubo del sillín"": ""42.0"", ""B — Ángulo del tubo del sillín"": ""72.3°"", ""Ángulo efectivo del tubo del sillín"": ""77.0°"", ""C — Longitud del tubo de dirección"": ""12.5"", ""D — Ángulo de la dirección"": ""64.2°"", ""E — Tubo superior efectivo"": ""61.9"", ""F — Altura del eje de pedalier"": ""34.3"", ""G — Altura del eje de pedalier"": ""3.1"", ""H — Longitud de la vaina"": ""44.0"", ""I — Retroceso"": ""4.4"", ""J — Trail"": ""13.2"", ""K — Distancia entre ejes"": ""126.6"", ""L — Standover"": ""75.5"", ""Reach (cm)"": ""48.2"", ""Stack (cm)"": ""64.1"", ""Parte central delantera"": ""82.6""}",8499,false,https://www.trekbikes.com/es/es_ES/bicicletas/bicicletas-de-monta%C3%B1a/bicicletas-el%C3%A9ctricas-de-monta%C3%B1a/fuel/fuel-mx/fuel-mx-98-xt-gen-2/p/81585/,https://www.trekbikes.com/es/es_ES/bicicletas/bicicletas-de-monta%C3%B1a/bicicletas-el%C3%A9ctricas-de-monta%C3%B1a/fuel/f/F370/fuel%252b-mx-9%252c8-xt-gen-2/81585/5352061,html,2026-10-05
Trek,Fuel+ MX [f0cca6b8],"Fuel+ MX 9,8 XT Gen 2",2027,emtb,XL,XL,,188,196,"188 - 195 cm 6'2"" - 6'5""",ft-in,654,507,"{""Dimensiones de la rueda"": ""29\""/27.5\"""", ""A — Tubo del sillín"": ""45.5"", ""B — Ángulo del tubo del sillín"": ""72.3°"", ""Ángulo efectivo del tubo del sillín"": ""76.6°"", ""C — Longitud del tubo de dirección"": ""14.0"", ""D — Ángulo de la dirección"": ""64.2°"", ""E — Tubo superior efectivo"": ""65.2"", ""F — Altura del eje de pedalier"": ""34.3"", ""G — Altura del eje de pedalier"": ""3.1"", ""H — Longitud de la vaina"": ""44.4"", ""I — Retroceso"": ""4.4"", ""J — Trail"": ""13.2"", ""K — Distancia entre ejes"": ""130.1"", ""L — Standover"": ""75.9"", ""Reach (cm)"": ""50.7"", ""Stack (cm)"": ""65.4"", ""Parte central delantera"": ""85.7""}",8499,false,https://www.trekbikes.com/es/es_ES/bicicletas/bicicletas-de-monta%C3%B1a/bicicletas-el%C3%A9ctricas-de-monta%C3%B1a/fuel/fuel-mx/fuel-mx-98-xt-gen-2/p/81585/,https://www.trekbikes.com/es/es_ES/bicicletas/bicicletas-de-monta%C3%B1a/bicicletas-el%C3%A9ctricas-de-monta%C3%B1a/fuel/f/F370/fuel%252b-mx-9%252c8-xt-gen-2/81585/5352061,html,2026-10-05
Trek,Fuel+ MX [f0cca6b8],"Fuel+ MX 9,8 XT Gen 2",2027,emtb,XXL,XXL,,196,203,"195 - 203 cm 6'5"" - 6'8""",ft-in,668,527,"{""Dimensiones de la rueda"": ""29\""/27.5\"""", ""A — Tubo del sillín"": ""47.5"", ""B — Ángulo del tubo del sillín"": ""72.3°"", ""Ángulo efectivo del tubo del sillín"": ""76.1°"", ""C — Longitud del tubo de dirección"": ""15.5"", ""D — Ángulo de la dirección"": ""64.2°"", ""E — Tubo superior efectivo"": ""68.2"", ""F — Altura del eje de pedalier"": ""34.3"", ""G — Altura del eje de pedalier"": ""3.1"", ""H — Longitud de la vaina"": ""44.9"", ""I — Retroceso"": ""4.4"", ""J — Trail"": ""13.2"", ""K — Distancia entre ejes"": ""133.2"", ""L — Standover"": ""76.9"", ""Reach (cm)"": ""52.7"", ""Stack (cm)"": ""66.8"", ""Parte central delantera"": ""88.4""}",8499,false,https://www.trekbikes.com/es/es_ES/bicicletas/bicicletas-de-monta%C3%B1a/bicicletas-el%C3%A9ctricas-de-monta%C3%B1a/fuel/fuel-mx/fuel-mx-98-xt-gen-2/p/81585/,https://www.trekbikes.com/es/es_ES/bicicletas/bicicletas-de-monta%C3%B1a/bicicletas-el%C3%A9ctricas-de-monta%C3%B1a/fuel/f/F370/fuel%252b-mx-9%252c8-xt-gen-2/81585/5352061,html,2026-10-05
Trek,Fuel LX [db86e5ff],Fuel LX 9.9 X0 AXS Gen 7,2027,mtb,S,S,,155,165,"155 - 165 cm 5'1"" - 5'5""",ft-in,619,418,"{""Dimensiones de la rueda"": ""29\"""", ""A — Tubo del sillín"": ""37.0"", ""B — Ángulo del tubo del sillín"": ""71.5°"", ""Ángulo efectivo del tubo del sillín"": ""77.5°"", ""C — Longitud del tubo de dirección"": ""9.5"", ""D — Ángulo de la dirección"": ""63.4°"", ""E — Tubo superior efectivo"": ""55.2"", ""F — Altura del eje de pedalier"": ""34.7"", ""G — Altura del eje de pedalier"": ""2.6"", ""H — Longitud de la vaina"": ""43.7"", ""I — Retroceso"": ""4.4"", ""J — Trail"": ""13.8"", ""K — Distancia entre ejes"": ""120.0"", ""L — Standover"": ""75.0"", ""Reach (cm)"": ""41.8"", ""Stack (cm)"": ""61.9"", ""Parte central delantera"": ""76.5""}",8699,false,https://www.trekbikes.com/es/es_ES/bicicletas/bicicletas-de-monta%C3%B1a/bicicletas-de-monta%C3%B1a-de-trail/bicicletas-all-mountain/fuel/fuel-lx/fuel-lx-9-9-x0-axs-gen-7/p/81557/,https://www.trekbikes.com/es/es_ES/bicicletas/bicicletas-de-monta%C3%B1a/bicicletas-de-monta%C3%B1a-de-trail/bicicletas-all-mountain/fuel/fuel-lx/f/F360/fuel-lx-9-9-x0-axs-gen-7/81557/5355992,html,2026-10-05
Trek,Fuel LX [db86e5ff],Fuel LX 9.9 X0 AXS Gen 7,2027,mtb,M,M,,165,178,"165 - 177 cm 5'5"" - 5'10""",ft-in,633,448,"{""Dimensiones de la rueda"": ""29\"""", ""A — Tubo del sillín"": ""40.0"", ""B — Ángulo del tubo del sillín"": ""71.5°"", ""Ángulo efectivo del tubo del sillín"": ""77.2°"", ""C — Longitud del tubo de dirección"": ""11.0"", ""D — Ángulo de la dirección"": ""63.4°"", ""E — Tubo superior efectivo"": ""58.6"", ""F — Altura del eje de pedalier"": ""34.7"", ""G — Altura del eje de pedalier"": ""2.7"", ""H — Longitud de la vaina"": ""43.7"", ""I — Retroceso"": ""4.4"", ""J — Trail"": ""13.8"", ""K — Distancia entre ejes"": ""123.7"", ""L — Standover"": ""75.2"", ""Reach (cm)"": ""44.8"", ""Stack (cm)"": ""63.3"", ""Parte central delantera"": ""80.1""}",8699,false,https://www.trekbikes.com/es/es_ES/bicicletas/bicicletas-de-monta%C3%B1a/bicicletas-de-monta%C3%B1a-de-trail/bicicletas-all-mountain/fuel/fuel-lx/fuel-lx-9-9-x0-axs-gen-7/p/81557/,https://www.trekbikes.com/es/es_ES/bicicletas/bicicletas-de-monta%C3%B1a/bicicletas-de-monta%C3%B1a-de-trail/bicicletas-all-mountain/fuel/fuel-lx/f/F360/fuel-lx-9-9-x0-axs-gen-7/81557/5355992,html,2026-10-05
Trek,Fuel LX [db86e5ff],Fuel LX 9.9 X0 AXS Gen 7,2027,mtb,L,L,,178,188,"177 - 188 cm 5'10"" - 6'2""",ft-in,647,473,"{""Dimensiones de la rueda"": ""29\"""", ""A — Tubo del sillín"": ""42.0"", ""B — Ángulo del tubo del sillín"": ""71.5°"", ""Ángulo efectivo del tubo del sillín"": ""76.4°"", ""C — Longitud del tubo de dirección"": ""12.5"", ""D — Ángulo de la dirección"": ""63.4°"", ""E — Tubo superior efectivo"": ""62.1"", ""F — Altura del eje de pedalier"": ""34.7"", ""G — Altura del eje de pedalier"": ""2.7"", ""H — Longitud de la vaina"": ""44.2"", ""I — Retroceso"": ""4.4"", ""J — Trail"": ""13.7"", ""K — Distancia entre ejes"": ""127.3"", ""L — Standover"": ""75.9"", ""Reach (cm)"": ""47.3"", ""Stack (cm)"": ""64.7"", ""Parte central delantera"": ""83.3""}",8699,false,https://www.trekbikes.com/es/es_ES/bicicletas/bicicletas-de-monta%C3%B1a/bicicletas-de-monta%C3%B1a-de-trail/bicicletas-all-mountain/fuel/fuel-lx/fuel-lx-9-9-x0-axs-gen-7/p/81557/,https://www.trekbikes.com/es/es_ES/bicicletas/bicicletas-de-monta%C3%B1a/bicicletas-de-monta%C3%B1a-de-trail/bicicletas-all-mountain/fuel/fuel-lx/f/F360/fuel-lx-9-9-x0-axs-gen-7/81557/5355992,html,2026-10-05
Trek,Fuel LX [db86e5ff],Fuel LX 9.9 X0 AXS Gen 7,2027,mtb,XL,XL,,188,196,"188 - 195 cm 6'2"" - 6'5""",ft-in,661,498,"{""Dimensiones de la rueda"": ""29\"""", ""A — Tubo del sillín"": ""45.5"", ""B — Ángulo del tubo del sillín"": ""71.6°"", ""Ángulo efectivo del tubo del sillín"": ""75.9°"", ""C — Longitud del tubo de dirección"": ""14.0"", ""D — Ángulo de la dirección"": ""63.5°"", ""E — Tubo superior efectivo"": ""65.5"", ""F — Altura del eje de pedalier"": ""34.6"", ""G — Altura del eje de pedalier"": ""2.7"", ""H — Longitud de la vaina"": ""44.7"", ""I — Retroceso"": ""4.4"", ""J — Trail"": ""13.7"", ""K — Distancia entre ejes"": ""131.0"", ""L — Standover"": ""76.5"", ""Reach (cm)"": ""49.8"", ""Stack (cm)"": ""66.1"", ""Parte central delantera"": ""86.4""}",8699,false,https://www.trekbikes.com/es/es_ES/bicicletas/bicicletas-de-monta%C3%B1a/bicicletas-de-monta%C3%B1a-de-trail/bicicletas-all-mountain/fuel/fuel-lx/fuel-lx-9-9-x0-axs-gen-7/p/81557/,https://www.trekbikes.com/es/es_ES/bicicletas/bicicletas-de-monta%C3%B1a/bicicletas-de-monta%C3%B1a-de-trail/bicicletas-all-mountain/fuel/fuel-lx/f/F360/fuel-lx-9-9-x0-axs-gen-7/81557/5355992,html,2026-10-05
Trek,Fuel LX [db86e5ff],Fuel LX 9.9 X0 AXS Gen 7,2027,mtb,XXL,XXL,,196,203,"195 - 203 cm 6'5"" - 6'8""",ft-in,674,518,"{""Dimensiones de la rueda"": ""29\"""", ""A — Tubo del sillín"": ""47.5"", ""B — Ángulo del tubo del sillín"": ""71.6°"", ""Ángulo efectivo del tubo del sillín"": ""75.4°"", ""C — Longitud del tubo de dirección"": ""15.5"", ""D — Ángulo de la dirección"": ""63.5°"", ""E — Tubo superior efectivo"": ""68.4"", ""F — Altura del eje de pedalier"": ""34.6"", ""G — Altura del eje de pedalier"": ""2.7"", ""H — Longitud de la vaina"": ""45.2"", ""I — Retroceso"": ""4.4"", ""J — Trail"": ""13.7"", ""K — Distancia entre ejes"": ""134.1"", ""L — Standover"": ""77.3"", ""Reach (cm)"": ""51.8"", ""Stack (cm)"": ""67.4"", ""Parte central delantera"": ""89.1""}",8699,false,https://www.trekbikes.com/es/es_ES/bicicletas/bicicletas-de-monta%C3%B1a/bicicletas-de-monta%C3%B1a-de-trail/bicicletas-all-mountain/fuel/fuel-lx/fuel-lx-9-9-x0-axs-gen-7/p/81557/,https://www.trekbikes.com/es/es_ES/bicicletas/bicicletas-de-monta%C3%B1a/bicicletas-de-monta%C3%B1a-de-trail/bicicletas-all-mountain/fuel/fuel-lx/f/F360/fuel-lx-9-9-x0-axs-gen-7/81557/5355992,html,2026-10-05
Trek,Fuel LX [db86e5ff],Fuel LX 9.8 XT Di2 Gen 7,2027,mtb,S,S,,155,165,"155 - 165 cm 5'1"" - 5'5""",ft-in,619,418,"{""Dimensiones de la rueda"": ""29\"""", ""A — Tubo del sillín"": ""37.0"", ""B — Ángulo del tubo del sillín"": ""71.5°"", ""Ángulo efectivo del tubo del sillín"": ""77.5°"", ""C — Longitud del tubo de dirección"": ""9.5"", ""D — Ángulo de la dirección"": ""63.4°"", ""E — Tubo superior efectivo"": ""55.2"", ""F — Altura del eje de pedalier"": ""34.7"", ""G — Altura del eje de pedalier"": ""2.6"", ""H — Longitud de la vaina"": ""43.7"", ""I — Retroceso"": ""4.4"", ""J — Trail"": ""13.8"", ""K — Distancia entre ejes"": ""120.0"", ""L — Standover"": ""75.0"", ""Reach (cm)"": ""41.8"", ""Stack (cm)"": ""61.9"", ""Parte central delantera"": ""76.5""}",7199,false,https://www.trekbikes.com/es/es_ES/bicicletas/bicicletas-de-monta%C3%B1a/bicicletas-de-monta%C3%B1a-de-trail/bicicletas-all-mountain/fuel/fuel-lx/fuel-lx-9-8-xt-di2-gen-7/p/81556/,https://www.trekbikes.com/es/es_ES/bicicletas/bicicletas-de-monta%C3%B1a/bicicletas-de-monta%C3%B1a-de-trail/bicicletas-all-mountain/fuel/fuel-lx/f/F360/fuel-lx-9-8-xt-di2-gen-7/81556/5355982,html,2026-10-05
Trek,Fuel LX [db86e5ff],Fuel LX 9.8 XT Di2 Gen 7,2027,mtb,M,M,,165,178,"165 - 177 cm 5'5"" - 5'10""",ft-in,633,448,"{""Dimensiones de la rueda"": ""29\"""", ""A — Tubo del sillín"": ""40.0"", ""B — Ángulo del tubo del sillín"": ""71.5°"", ""Ángulo efectivo del tubo del sillín"": ""77.2°"", ""C — Longitud del tubo de dirección"": ""11.0"", ""D — Ángulo de la dirección"": ""63.4°"", ""E — Tubo superior efectivo"": ""58.6"", ""F — Altura del eje de pedalier"": ""34.7"", ""G — Altura del eje de pedalier"": ""2.7"", ""H — Longitud de la vaina"": ""43.7"", ""I — Retroceso"": ""4.4"", ""J — Trail"": ""13.8"", ""K — Distancia entre ejes"": ""123.7"", ""L — Standover"": ""75.2"", ""Reach (cm)"": ""44.8"", ""Stack (cm)"": ""63.3"", ""Parte central delantera"": ""80.1""}",7199,false,https://www.trekbikes.com/es/es_ES/bicicletas/bicicletas-de-monta%C3%B1a/bicicletas-de-monta%C3%B1a-de-trail/bicicletas-all-mountain/fuel/fuel-lx/fuel-lx-9-8-xt-di2-gen-7/p/81556/,https://www.trekbikes.com/es/es_ES/bicicletas/bicicletas-de-monta%C3%B1a/bicicletas-de-monta%C3%B1a-de-trail/bicicletas-all-mountain/fuel/fuel-lx/f/F360/fuel-lx-9-8-xt-di2-gen-7/81556/5355982,html,2026-10-05
Trek,Fuel LX [db86e5ff],Fuel LX 9.8 XT Di2 Gen 7,2027,mtb,L,L,,178,188,"177 - 188 cm 5'10"" - 6'2""",ft-in,647,473,"{""Dimensiones de la rueda"": ""29\"""", ""A — Tubo del sillín"": ""42.0"", ""B — Ángulo del tubo del sillín"": ""71.5°"", ""Ángulo efectivo del tubo del sillín"": ""76.4°"", ""C — Longitud del tubo de dirección"": ""12.5"", ""D — Ángulo de la dirección"": ""63.4°"", ""E — Tubo superior efectivo"": ""62.1"", ""F — Altura del eje de pedalier"": ""34.7"", ""G — Altura del eje de pedalier"": ""2.7"", ""H — Longitud de la vaina"": ""44.2"", ""I — Retroceso"": ""4.4"", ""J — Trail"": ""13.7"", ""K — Distancia entre ejes"": ""127.3"", ""L — Standover"": ""75.9"", ""Reach (cm)"": ""47.3"", ""Stack (cm)"": ""64.7"", ""Parte central delantera"": ""83.3""}",7199,false,https://www.trekbikes.com/es/es_ES/bicicletas/bicicletas-de-monta%C3%B1a/bicicletas-de-monta%C3%B1a-de-trail/bicicletas-all-mountain/fuel/fuel-lx/fuel-lx-9-8-xt-di2-gen-7/p/81556/,https://www.trekbikes.com/es/es_ES/bicicletas/bicicletas-de-monta%C3%B1a/bicicletas-de-monta%C3%B1a-de-trail/bicicletas-all-mountain/fuel/fuel-lx/f/F360/fuel-lx-9-8-xt-di2-gen-7/81556/5355982,html,2026-10-05
Trek,Fuel LX [db86e5ff],Fuel LX 9.8 XT Di2 Gen 7,2027,mtb,XL,XL,,188,196,"188 - 195 cm 6'2"" - 6'5""",ft-in,661,498,"{""Dimensiones de la rueda"": ""29\"""", ""A — Tubo del sillín"": ""45.5"", ""B — Ángulo del tubo del sillín"": ""71.6°"", ""Ángulo efectivo del tubo del sillín"": ""75.9°"", ""C — Longitud del tubo de dirección"": ""14.0"", ""D — Ángulo de la dirección"": ""63.5°"", ""E — Tubo superior efectivo"": ""65.5"", ""F — Altura del eje de pedalier"": ""34.6"", ""G — Altura del eje de pedalier"": ""2.7"", ""H — Longitud de la vaina"": ""44.7"", ""I — Retroceso"": ""4.4"", ""J — Trail"": ""13.7"", ""K — Distancia entre ejes"": ""131.0"", ""L — Standover"": ""76.5"", ""Reach (cm)"": ""49.8"", ""Stack (cm)"": ""66.1"", ""Parte central delantera"": ""86.4""}",7199,false,https://www.trekbikes.com/es/es_ES/bicicletas/bicicletas-de-monta%C3%B1a/bicicletas-de-monta%C3%B1a-de-trail/bicicletas-all-mountain/fuel/fuel-lx/fuel-lx-9-8-xt-di2-gen-7/p/81556/,https://www.trekbikes.com/es/es_ES/bicicletas/bicicletas-de-monta%C3%B1a/bicicletas-de-monta%C3%B1a-de-trail/bicicletas-all-mountain/fuel/fuel-lx/f/F360/fuel-lx-9-8-xt-di2-gen-7/81556/5355982,html,2026-10-05
Trek,Fuel LX [db86e5ff],Fuel LX 9.8 XT Di2 Gen 7,2027,mtb,XXL,XXL,,196,203,"195 - 203 cm 6'5"" - 6'8""",ft-in,674,518,"{""Dimensiones de la rueda"": ""29\"""", ""A — Tubo del sillín"": ""47.5"", ""B — Ángulo del tubo del sillín"": ""71.6°"", ""Ángulo efectivo del tubo del sillín"": ""75.4°"", ""C — Longitud del tubo de dirección"": ""15.5"", ""D — Ángulo de la dirección"": ""63.5°"", ""E — Tubo superior efectivo"": ""68.4"", ""F — Altura del eje de pedalier"": ""34.6"", ""G — Altura del eje de pedalier"": ""2.7"", ""H — Longitud de la vaina"": ""45.2"", ""I — Retroceso"": ""4.4"", ""J — Trail"": ""13.7"", ""K — Distancia entre ejes"": ""134.1"", ""L — Standover"": ""77.3"", ""Reach (cm)"": ""51.8"", ""Stack (cm)"": ""67.4"", ""Parte central delantera"": ""89.1""}",7199,false,https://www.trekbikes.com/es/es_ES/bicicletas/bicicletas-de-monta%C3%B1a/bicicletas-de-monta%C3%B1a-de-trail/bicicletas-all-mountain/fuel/fuel-lx/fuel-lx-9-8-xt-di2-gen-7/p/81556/,https://www.trekbikes.com/es/es_ES/bicicletas/bicicletas-de-monta%C3%B1a/bicicletas-de-monta%C3%B1a-de-trail/bicicletas-all-mountain/fuel/fuel-lx/f/F360/fuel-lx-9-8-xt-di2-gen-7/81556/5355982,html,2026-10-05
Trek,Fuel LX [db86e5ff],Fuel LX 9.8 Eagle 90 Gen 7,2027,mtb,S,S,,155,165,"155 - 165 cm 5'1"" - 5'5""",ft-in,619,418,"{""Dimensiones de la rueda"": ""29\"""", ""A — Tubo del sillín"": ""37.0"", ""B — Ángulo del tubo del sillín"": ""71.5°"", ""Ángulo efectivo del tubo del sillín"": ""77.5°"", ""C — Longitud del tubo de dirección"": ""9.5"", ""D — Ángulo de la dirección"": ""63.4°"", ""E — Tubo superior efectivo"": ""55.2"", ""F — Altura del eje de pedalier"": ""34.7"", ""G — Altura del eje de pedalier"": ""2.6"", ""H — Longitud de la vaina"": ""43.7"", ""I — Retroceso"": ""4.4"", ""J — Trail"": ""13.8"", ""K — Distancia entre ejes"": ""120.0"", ""L — Standover"": ""75.0"", ""Reach (cm)"": ""41.8"", ""Stack (cm)"": ""61.9"", ""Parte central delantera"": ""76.5""}",6699,false,https://www.trekbikes.com/es/es_ES/bicicletas/bicicletas-de-monta%C3%B1a/bicicletas-de-monta%C3%B1a-de-trail/bicicletas-all-mountain/fuel/fuel-lx/fuel-lx-9-8-eagle-90-gen-7/p/81554/,https://www.trekbikes.com/es/es_ES/bicicletas/bicicletas-de-monta%C3%B1a/bicicletas-de-monta%C3%B1a-de-trail/bicicletas-all-mountain/fuel/fuel-lx/f/F360/fuel-lx-9-8-eagle-90-gen-7/81554/5355962,html,2026-10-05
Trek,Fuel LX [db86e5ff],Fuel LX 9.8 Eagle 90 Gen 7,2027,mtb,M,M,,165,178,"165 - 177 cm 5'5"" - 5'10""",ft-in,633,448,"{""Dimensiones de la rueda"": ""29\"""", ""A — Tubo del sillín"": ""40.0"", ""B — Ángulo del tubo del sillín"": ""71.5°"", ""Ángulo efectivo del tubo del sillín"": ""77.2°"", ""C — Longitud del tubo de dirección"": ""11.0"", ""D — Ángulo de la dirección"": ""63.4°"", ""E — Tubo superior efectivo"": ""58.6"", ""F — Altura del eje de pedalier"": ""34.7"", ""G — Altura del eje de pedalier"": ""2.7"", ""H — Longitud de la vaina"": ""43.7"", ""I — Retroceso"": ""4.4"", ""J — Trail"": ""13.8"", ""K — Distancia entre ejes"": ""123.7"", ""L — Standover"": ""75.2"", ""Reach (cm)"": ""44.8"", ""Stack (cm)"": ""63.3"", ""Parte central delantera"": ""80.1""}",6699,false,https://www.trekbikes.com/es/es_ES/bicicletas/bicicletas-de-monta%C3%B1a/bicicletas-de-monta%C3%B1a-de-trail/bicicletas-all-mountain/fuel/fuel-lx/fuel-lx-9-8-eagle-90-gen-7/p/81554/,https://www.trekbikes.com/es/es_ES/bicicletas/bicicletas-de-monta%C3%B1a/bicicletas-de-monta%C3%B1a-de-trail/bicicletas-all-mountain/fuel/fuel-lx/f/F360/fuel-lx-9-8-eagle-90-gen-7/81554/5355962,html,2026-10-05
Trek,Fuel LX [db86e5ff],Fuel LX 9.8 Eagle 90 Gen 7,2027,mtb,L,L,,178,188,"177 - 188 cm 5'10"" - 6'2""",ft-in,647,473,"{""Dimensiones de la rueda"": ""29\"""", ""A — Tubo del sillín"": ""42.0"", ""B — Ángulo del tubo del sillín"": ""71.5°"", ""Ángulo efectivo del tubo del sillín"": ""76.4°"", ""C — Longitud del tubo de dirección"": ""12.5"", ""D — Ángulo de la dirección"": ""63.4°"", ""E — Tubo superior efectivo"": ""62.1"", ""F — Altura del eje de pedalier"": ""34.7"", ""G — Altura del eje de pedalier"": ""2.7"", ""H — Longitud de la vaina"": ""44.2"", ""I — Retroceso"": ""4.4"", ""J — Trail"": ""13.7"", ""K — Distancia entre ejes"": ""127.3"", ""L — Standover"": ""75.9"", ""Reach (cm)"": ""47.3"", ""Stack (cm)"": ""64.7"", ""Parte central delantera"": ""83.3""}",6699,false,https://www.trekbikes.com/es/es_ES/bicicletas/bicicletas-de-monta%C3%B1a/bicicletas-de-monta%C3%B1a-de-trail/bicicletas-all-mountain/fuel/fuel-lx/fuel-lx-9-8-eagle-90-gen-7/p/81554/,https://www.trekbikes.com/es/es_ES/bicicletas/bicicletas-de-monta%C3%B1a/bicicletas-de-monta%C3%B1a-de-trail/bicicletas-all-mountain/fuel/fuel-lx/f/F360/fuel-lx-9-8-eagle-90-gen-7/81554/5355962,html,2026-10-05
Trek,Fuel LX [db86e5ff],Fuel LX 9.8 Eagle 90 Gen 7,2027,mtb,XL,XL,,188,196,"188 - 195 cm 6'2"" - 6'5""",ft-in,661,498,"{""Dimensiones de la rueda"": ""29\"""", ""A — Tubo del sillín"": ""45.5"", ""B — Ángulo del tubo del sillín"": ""71.6°"", ""Ángulo efectivo del tubo del sillín"": ""75.9°"", ""C — Longitud del tubo de dirección"": ""14.0"", ""D — Ángulo de la dirección"": ""63.5°"", ""E — Tubo superior efectivo"": ""65.5"", ""F — Altura del eje de pedalier"": ""34.6"", ""G — Altura del eje de pedalier"": ""2.7"", ""H — Longitud de la vaina"": ""44.7"", ""I — Retroceso"": ""4.4"", ""J — Trail"": ""13.7"", ""K — Distancia entre ejes"": ""131.0"", ""L — Standover"": ""76.5"", ""Reach (cm)"": ""49.8"", ""Stack (cm)"": ""66.1"", ""Parte central delantera"": ""86.4""}",6699,false,https://www.trekbikes.com/es/es_ES/bicicletas/bicicletas-de-monta%C3%B1a/bicicletas-de-monta%C3%B1a-de-trail/bicicletas-all-mountain/fuel/fuel-lx/fuel-lx-9-8-eagle-90-gen-7/p/81554/,https://www.trekbikes.com/es/es_ES/bicicletas/bicicletas-de-monta%C3%B1a/bicicletas-de-monta%C3%B1a-de-trail/bicicletas-all-mountain/fuel/fuel-lx/f/F360/fuel-lx-9-8-eagle-90-gen-7/81554/5355962,html,2026-10-05
Trek,Fuel LX [db86e5ff],Fuel LX 9.8 Eagle 90 Gen 7,2027,mtb,XXL,XXL,,196,203,"195 - 203 cm 6'5"" - 6'8""",ft-in,674,518,"{""Dimensiones de la rueda"": ""29\"""", ""A — Tubo del sillín"": ""47.5"", ""B — Ángulo del tubo del sillín"": ""71.6°"", ""Ángulo efectivo del tubo del sillín"": ""75.4°"", ""C — Longitud del tubo de dirección"": ""15.5"", ""D — Ángulo de la dirección"": ""63.5°"", ""E — Tubo superior efectivo"": ""68.4"", ""F — Altura del eje de pedalier"": ""34.6"", ""G — Altura del eje de pedalier"": ""2.7"", ""H — Longitud de la vaina"": ""45.2"", ""I — Retroceso"": ""4.4"", ""J — Trail"": ""13.7"", ""K — Distancia entre ejes"": ""134.1"", ""L — Standover"": ""77.3"", ""Reach (cm)"": ""51.8"", ""Stack (cm)"": ""67.4"", ""Parte central delantera"": ""89.1""}",6699,false,https://www.trekbikes.com/es/es_ES/bicicletas/bicicletas-de-monta%C3%B1a/bicicletas-de-monta%C3%B1a-de-trail/bicicletas-all-mountain/fuel/fuel-lx/fuel-lx-9-8-eagle-90-gen-7/p/81554/,https://www.trekbikes.com/es/es_ES/bicicletas/bicicletas-de-monta%C3%B1a/bicicletas-de-monta%C3%B1a-de-trail/bicicletas-all-mountain/fuel/fuel-lx/f/F360/fuel-lx-9-8-eagle-90-gen-7/81554/5355962,html,2026-10-05
Trek,Fuel LX [db86e5ff],Fuel LX 9.8 XT Gen 7,2027,mtb,S,S,,155,165,"155 - 165 cm 5'1"" - 5'5""",ft-in,619,418,"{""Dimensiones de la rueda"": ""29\"""", ""A — Tubo del sillín"": ""37.0"", ""B — Ángulo del tubo del sillín"": ""71.5°"", ""Ángulo efectivo del tubo del sillín"": ""77.5°"", ""C — Longitud del tubo de dirección"": ""9.5"", ""D — Ángulo de la dirección"": ""63.4°"", ""E — Tubo superior efectivo"": ""55.2"", ""F — Altura del eje de pedalier"": ""34.7"", ""G — Altura del eje de pedalier"": ""2.6"", ""H — Longitud de la vaina"": ""43.7"", ""I — Retroceso"": ""4.4"", ""J — Trail"": ""13.8"", ""K — Distancia entre ejes"": ""120.0"", ""L — Standover"": ""75.0"", ""Reach (cm)"": ""41.8"", ""Stack (cm)"": ""61.9"", ""Parte central delantera"": ""76.5""}",6699,false,https://www.trekbikes.com/es/es_ES/bicicletas/bicicletas-de-monta%C3%B1a/bicicletas-de-monta%C3%B1a-de-trail/bicicletas-all-mountain/fuel/fuel-lx/fuel-lx-9-8-xt-gen-7/p/81555/,https://www.trekbikes.com/es/es_ES/bicicletas/bicicletas-de-monta%C3%B1a/bicicletas-de-monta%C3%B1a-de-trail/bicicletas-all-mountain/fuel/fuel-lx/f/F360/fuel-lx-9-8-xt-gen-7/81555/5355972,html,2026-10-05
Trek,Fuel LX [db86e5ff],Fuel LX 9.8 XT Gen 7,2027,mtb,M,M,,165,178,"165 - 177 cm 5'5"" - 5'10""",ft-in,633,448,"{""Dimensiones de la rueda"": ""29\"""", ""A — Tubo del sillín"": ""40.0"", ""B — Ángulo del tubo del sillín"": ""71.5°"", ""Ángulo efectivo del tubo del sillín"": ""77.2°"", ""C — Longitud del tubo de dirección"": ""11.0"", ""D — Ángulo de la dirección"": ""63.4°"", ""E — Tubo superior efectivo"": ""58.6"", ""F — Altura del eje de pedalier"": ""34.7"", ""G — Altura del eje de pedalier"": ""2.7"", ""H — Longitud de la vaina"": ""43.7"", ""I — Retroceso"": ""4.4"", ""J — Trail"": ""13.8"", ""K — Distancia entre ejes"": ""123.7"", ""L — Standover"": ""75.2"", ""Reach (cm)"": ""44.8"", ""Stack (cm)"": ""63.3"", ""Parte central delantera"": ""80.1""}",6699,false,https://www.trekbikes.com/es/es_ES/bicicletas/bicicletas-de-monta%C3%B1a/bicicletas-de-monta%C3%B1a-de-trail/bicicletas-all-mountain/fuel/fuel-lx/fuel-lx-9-8-xt-gen-7/p/81555/,https://www.trekbikes.com/es/es_ES/bicicletas/bicicletas-de-monta%C3%B1a/bicicletas-de-monta%C3%B1a-de-trail/bicicletas-all-mountain/fuel/fuel-lx/f/F360/fuel-lx-9-8-xt-gen-7/81555/5355972,html,2026-10-05
Trek,Fuel LX [db86e5ff],Fuel LX 9.8 XT Gen 7,2027,mtb,L,L,,178,188,"177 - 188 cm 5'10"" - 6'2""",ft-in,647,473,"{""Dimensiones de la rueda"": ""29\"""", ""A — Tubo del sillín"": ""42.0"", ""B — Ángulo del tubo del sillín"": ""71.5°"", ""Ángulo efectivo del tubo del sillín"": ""76.4°"", ""C — Longitud del tubo de dirección"": ""12.5"", ""D — Ángulo de la dirección"": ""63.4°"", ""E — Tubo superior efectivo"": ""62.1"", ""F — Altura del eje de pedalier"": ""34.7"", ""G — Altura del eje de pedalier"": ""2.7"", ""H — Longitud de la vaina"": ""44.2"", ""I — Retroceso"": ""4.4"", ""J — Trail"": ""13.7"", ""K — Distancia entre ejes"": ""127.3"", ""L — Standover"": ""75.9"", ""Reach (cm)"": ""47.3"", ""Stack (cm)"": ""64.7"", ""Parte central delantera"": ""83.3""}",6699,false,https://www.trekbikes.com/es/es_ES/bicicletas/bicicletas-de-monta%C3%B1a/bicicletas-de-monta%C3%B1a-de-trail/bicicletas-all-mountain/fuel/fuel-lx/fuel-lx-9-8-xt-gen-7/p/81555/,https://www.trekbikes.com/es/es_ES/bicicletas/bicicletas-de-monta%C3%B1a/bicicletas-de-monta%C3%B1a-de-trail/bicicletas-all-mountain/fuel/fuel-lx/f/F360/fuel-lx-9-8-xt-gen-7/81555/5355972,html,2026-10-05
Trek,Fuel LX [db86e5ff],Fuel LX 9.8 XT Gen 7,2027,mtb,XL,XL,,188,196,"188 - 195 cm 6'2"" - 6'5""",ft-in,661,498,"{""Dimensiones de la rueda"": ""29\"""", ""A — Tubo del sillín"": ""45.5"", ""B — Ángulo del tubo del sillín"": ""71.6°"", ""Ángulo efectivo del tubo del sillín"": ""75.9°"", ""C — Longitud del tubo de dirección"": ""14.0"", ""D — Ángulo de la dirección"": ""63.5°"", ""E — Tubo superior efectivo"": ""65.5"", ""F — Altura del eje de pedalier"": ""34.6"", ""G — Altura del eje de pedalier"": ""2.7"", ""H — Longitud de la vaina"": ""44.7"", ""I — Retroceso"": ""4.4"", ""J — Trail"": ""13.7"", ""K — Distancia entre ejes"": ""131.0"", ""L — Standover"": ""76.5"", ""Reach (cm)"": ""49.8"", ""Stack (cm)"": ""66.1"", ""Parte central delantera"": ""86.4""}",6699,false,https://www.trekbikes.com/es/es_ES/bicicletas/bicicletas-de-monta%C3%B1a/bicicletas-de-monta%C3%B1a-de-trail/bicicletas-all-mountain/fuel/fuel-lx/fuel-lx-9-8-xt-gen-7/p/81555/,https://www.trekbikes.com/es/es_ES/bicicletas/bicicletas-de-monta%C3%B1a/bicicletas-de-monta%C3%B1a-de-trail/bicicletas-all-mountain/fuel/fuel-lx/f/F360/fuel-lx-9-8-xt-gen-7/81555/5355972,html,2026-10-05
Trek,Fuel LX [db86e5ff],Fuel LX 9.8 XT Gen 7,2027,mtb,XXL,XXL,,196,203,"195 - 203 cm 6'5"" - 6'8""",ft-in,674,518,"{""Dimensiones de la rueda"": ""29\"""", ""A — Tubo del sillín"": ""47.5"", ""B — Ángulo del tubo del sillín"": ""71.6°"", ""Ángulo efectivo del tubo del sillín"": ""75.4°"", ""C — Longitud del tubo de dirección"": ""15.5"", ""D — Ángulo de la dirección"": ""63.5°"", ""E — Tubo superior efectivo"": ""68.4"", ""F — Altura del eje de pedalier"": ""34.6"", ""G — Altura del eje de pedalier"": ""2.7"", ""H — Longitud de la vaina"": ""45.2"", ""I — Retroceso"": ""4.4"", ""J — Trail"": ""13.7"", ""K — Distancia entre ejes"": ""134.1"", ""L — Standover"": ""77.3"", ""Reach (cm)"": ""51.8"", ""Stack (cm)"": ""67.4"", ""Parte central delantera"": ""89.1""}",6699,false,https://www.trekbikes.com/es/es_ES/bicicletas/bicicletas-de-monta%C3%B1a/bicicletas-de-monta%C3%B1a-de-trail/bicicletas-all-mountain/fuel/fuel-lx/fuel-lx-9-8-xt-gen-7/p/81555/,https://www.trekbikes.com/es/es_ES/bicicletas/bicicletas-de-monta%C3%B1a/bicicletas-de-monta%C3%B1a-de-trail/bicicletas-all-mountain/fuel/fuel-lx/f/F360/fuel-lx-9-8-xt-gen-7/81555/5355972,html,2026-10-05
Trek,Fuel EX [f9fd2baa],Fuel EX 9.9 X0 AXS Gen 7,2027,mtb,S,S,,155,165,"155 - 165 cm 5'1"" - 5'5""",ft-in,610,431,"{""Dimensiones de la rueda"": ""29\""/27.5\"""", ""A — Tubo del sillín"": ""37.0"", ""B — Ángulo del tubo del sillín"": ""72.7°"", ""Ángulo efectivo del tubo del sillín"": ""78.7°"", ""C — Longitud del tubo de dirección"": ""9.5"", ""D — Ángulo de la dirección"": ""64.6°"", ""E — Tubo superior efectivo"": ""54.8"", ""F — Altura del eje de pedalier"": ""34.0"", ""G — Altura del eje de pedalier"": ""3.4"", ""H — Longitud de la vaina"": ""43.7"", ""I — Retroceso"": ""4.4"", ""J — Trail"": ""12.9"", ""K — Distancia entre ejes"": ""118.7"", ""L — Standover"": ""74.1"", ""Reach (cm)"": ""43.1"", ""Stack (cm)"": ""61.0"", ""Parte central delantera"": ""75.4""}",8499,false,https://www.trekbikes.com/es/es_ES/bicicletas/bicicletas-de-monta%C3%B1a/bicicletas-de-monta%C3%B1a-de-trail/bicicletas-all-mountain/fuel/fuel-ex/fuel-ex-9-9-x0-axs-gen-7/p/79595/,https://www.trekbikes.com/es/es_ES/bicicletas/bicicletas-de-monta%C3%B1a/bicicletas-de-monta%C3%B1a-de-trail/bicicletas-all-mountain/fuel/fuel-ex/f/F360/fuel-ex-9-9-x0-axs-gen-7/79595/5356143,html,2026-10-05
Trek,Fuel EX [f9fd2baa],Fuel EX 9.9 X0 AXS Gen 7,2027,mtb,M,M,,165,178,"165 - 177 cm 5'5"" - 5'10""",ft-in,624,460,"{""Dimensiones de la rueda"": ""29\"""", ""A — Tubo del sillín"": ""40.0"", ""B — Ángulo del tubo del sillín"": ""72.6°"", ""Ángulo efectivo del tubo del sillín"": ""78.3°"", ""C — Longitud del tubo de dirección"": ""11.0"", ""D — Ángulo de la dirección"": ""64.5°"", ""E — Tubo superior efectivo"": ""58.3"", ""F — Altura del eje de pedalier"": ""33.9"", ""G — Altura del eje de pedalier"": ""3.5"", ""H — Longitud de la vaina"": ""43.7"", ""I — Retroceso"": ""4.4"", ""J — Trail"": ""12.9"", ""K — Distancia entre ejes"": ""122.5"", ""L — Standover"": ""74.2"", ""Reach (cm)"": ""46.0"", ""Stack (cm)"": ""62.4"", ""Parte central delantera"": ""79.1""}",8499,false,https://www.trekbikes.com/es/es_ES/bicicletas/bicicletas-de-monta%C3%B1a/bicicletas-de-monta%C3%B1a-de-trail/bicicletas-all-mountain/fuel/fuel-ex/fuel-ex-9-9-x0-axs-gen-7/p/79595/,https://www.trekbikes.com/es/es_ES/bicicletas/bicicletas-de-monta%C3%B1a/bicicletas-de-monta%C3%B1a-de-trail/bicicletas-all-mountain/fuel/fuel-ex/f/F360/fuel-ex-9-9-x0-axs-gen-7/79595/5356143,html,2026-10-05
Trek,Fuel EX [f9fd2baa],Fuel EX 9.9 X0 AXS Gen 7,2027,mtb,L,L,,178,188,"177 - 188 cm 5'10"" - 6'2""",ft-in,638,485,"{""Dimensiones de la rueda"": ""29\"""", ""A — Tubo del sillín"": ""42.0"", ""B — Ángulo del tubo del sillín"": ""72.6°"", ""Ángulo efectivo del tubo del sillín"": ""77.4°"", ""C — Longitud del tubo de dirección"": ""12.5"", ""D — Ángulo de la dirección"": ""64.5°"", ""E — Tubo superior efectivo"": ""61.7"", ""F — Altura del eje de pedalier"": ""33.9"", ""G — Altura del eje de pedalier"": ""3.5"", ""H — Longitud de la vaina"": ""44.2"", ""I — Retroceso"": ""4.4"", ""J — Trail"": ""12.9"", ""K — Distancia entre ejes"": ""126.2"", ""L — Standover"": ""74.9"", ""Reach (cm)"": ""48.5"", ""Stack (cm)"": ""63.8"", ""Parte central delantera"": ""82.2""}",8499,false,https://www.trekbikes.com/es/es_ES/bicicletas/bicicletas-de-monta%C3%B1a/bicicletas-de-monta%C3%B1a-de-trail/bicicletas-all-mountain/fuel/fuel-ex/fuel-ex-9-9-x0-axs-gen-7/p/79595/,https://www.trekbikes.com/es/es_ES/bicicletas/bicicletas-de-monta%C3%B1a/bicicletas-de-monta%C3%B1a-de-trail/bicicletas-all-mountain/fuel/fuel-ex/f/F360/fuel-ex-9-9-x0-axs-gen-7/79595/5356143,html,2026-10-05
Trek,Fuel EX [f9fd2baa],Fuel EX 9.9 X0 AXS Gen 7,2027,mtb,XL,XL,,188,196,"188 - 195 cm 6'2"" - 6'5""",ft-in,651,510,"{""Dimensiones de la rueda"": ""29\"""", ""A — Tubo del sillín"": ""45.5"", ""B — Ángulo del tubo del sillín"": ""72.6°"", ""Ángulo efectivo del tubo del sillín"": ""76.9°"", ""C — Longitud del tubo de dirección"": ""14.0"", ""D — Ángulo de la dirección"": ""64.5°"", ""E — Tubo superior efectivo"": ""65.1"", ""F — Altura del eje de pedalier"": ""33.9"", ""G — Altura del eje de pedalier"": ""3.5"", ""H — Longitud de la vaina"": ""44.7"", ""I — Retroceso"": ""4.4"", ""J — Trail"": ""12.9"", ""K — Distancia entre ejes"": ""129.8"", ""L — Standover"": ""75.5"", ""Reach (cm)"": ""51.0"", ""Stack (cm)"": ""65.1"", ""Parte central delantera"": ""85.4""}",8499,false,https://www.trekbikes.com/es/es_ES/bicicletas/bicicletas-de-monta%C3%B1a/bicicletas-de-monta%C3%B1a-de-trail/bicicletas-all-mountain/fuel/fuel-ex/fuel-ex-9-9-x0-axs-gen-7/p/79595/,https://www.trekbikes.com/es/es_ES/bicicletas/bicicletas-de-monta%C3%B1a/bicicletas-de-monta%C3%B1a-de-trail/bicicletas-all-mountain/fuel/fuel-ex/f/F360/fuel-ex-9-9-x0-axs-gen-7/79595/5356143,html,2026-10-05
Trek,Fuel EX [f9fd2baa],Fuel EX 9.9 X0 AXS Gen 7,2027,mtb,XXL,XXL,,196,203,"195 - 203 cm 6'5"" - 6'8""",ft-in,665,530,"{""Dimensiones de la rueda"": ""29\"""", ""A — Tubo del sillín"": ""47.5"", ""B — Ángulo del tubo del sillín"": ""72.6°"", ""Ángulo efectivo del tubo del sillín"": ""76.4°"", ""C — Longitud del tubo de dirección"": ""15.5"", ""D — Ángulo de la dirección"": ""64.5°"", ""E — Tubo superior efectivo"": ""68.0"", ""F — Altura del eje de pedalier"": ""33.9"", ""G — Altura del eje de pedalier"": ""3.5"", ""H — Longitud de la vaina"": ""45.2"", ""I — Retroceso"": ""4.4"", ""J — Trail"": ""12.9"", ""K — Distancia entre ejes"": ""133.0"", ""L — Standover"": ""76.4"", ""Reach (cm)"": ""53.0"", ""Stack (cm)"": ""66.5"", ""Parte central delantera"": ""88.0""}",8499,false,https://www.trekbikes.com/es/es_ES/bicicletas/bicicletas-de-monta%C3%B1a/bicicletas-de-monta%C3%B1a-de-trail/bicicletas-all-mountain/fuel/fuel-ex/fuel-ex-9-9-x0-axs-gen-7/p/79595/,https://www.trekbikes.com/es/es_ES/bicicletas/bicicletas-de-monta%C3%B1a/bicicletas-de-monta%C3%B1a-de-trail/bicicletas-all-mountain/fuel/fuel-ex/f/F360/fuel-ex-9-9-x0-axs-gen-7/79595/5356143,html,2026-10-05
Trek,Fuel EX [f9fd2baa],Fuel EX 9.8 XT Di2 Gen 7,2027,mtb,S,S,,155,165,"155 - 165 cm 5'1"" - 5'5""",ft-in,610,431,"{""Dimensiones de la rueda"": ""29\""/27.5\"""", ""A — Tubo del sillín"": ""37.0"", ""B — Ángulo del tubo del sillín"": ""72.7°"", ""Ángulo efectivo del tubo del sillín"": ""78.7°"", ""C — Longitud del tubo de dirección"": ""9.5"", ""D — Ángulo de la dirección"": ""64.6°"", ""E — Tubo superior efectivo"": ""54.8"", ""F — Altura del eje de pedalier"": ""34.0"", ""G — Altura del eje de pedalier"": ""3.4"", ""H — Longitud de la vaina"": ""43.7"", ""I — Retroceso"": ""4.4"", ""J — Trail"": ""12.9"", ""K — Distancia entre ejes"": ""118.7"", ""L — Standover"": ""74.1"", ""Reach (cm)"": ""43.1"", ""Stack (cm)"": ""61.0"", ""Parte central delantera"": ""75.4""}",6999,false,https://www.trekbikes.com/es/es_ES/bicicletas/bicicletas-de-monta%C3%B1a/bicicletas-de-monta%C3%B1a-de-trail/bicicletas-all-mountain/fuel/fuel-ex/fuel-ex-9-8-xt-di2-gen-7/p/79594/,https://www.trekbikes.com/es/es_ES/bicicletas/bicicletas-de-monta%C3%B1a/bicicletas-de-monta%C3%B1a-de-trail/bicicletas-all-mountain/fuel/fuel-ex/f/F360/fuel-ex-9-8-xt-di2-gen-7/79594/5355952,html,2026-10-05
Trek,Fuel EX [f9fd2baa],Fuel EX 9.8 XT Di2 Gen 7,2027,mtb,M,M,,165,178,"165 - 177 cm 5'5"" - 5'10""",ft-in,624,460,"{""Dimensiones de la rueda"": ""29\"""", ""A — Tubo del sillín"": ""40.0"", ""B — Ángulo del tubo del sillín"": ""72.6°"", ""Ángulo efectivo del tubo del sillín"": ""78.3°"", ""C — Longitud del tubo de dirección"": ""11.0"", ""D — Ángulo de la dirección"": ""64.5°"", ""E — Tubo superior efectivo"": ""58.3"", ""F — Altura del eje de pedalier"": ""33.9"", ""G — Altura del eje de pedalier"": ""3.5"", ""H — Longitud de la vaina"": ""43.7"", ""I — Retroceso"": ""4.4"", ""J — Trail"": ""12.9"", ""K — Distancia entre ejes"": ""122.5"", ""L — Standover"": ""74.2"", ""Reach (cm)"": ""46.0"", ""Stack (cm)"": ""62.4"", ""Parte central delantera"": ""79.1""}",6999,false,https://www.trekbikes.com/es/es_ES/bicicletas/bicicletas-de-monta%C3%B1a/bicicletas-de-monta%C3%B1a-de-trail/bicicletas-all-mountain/fuel/fuel-ex/fuel-ex-9-8-xt-di2-gen-7/p/79594/,https://www.trekbikes.com/es/es_ES/bicicletas/bicicletas-de-monta%C3%B1a/bicicletas-de-monta%C3%B1a-de-trail/bicicletas-all-mountain/fuel/fuel-ex/f/F360/fuel-ex-9-8-xt-di2-gen-7/79594/5355952,html,2026-10-05
Trek,Fuel EX [f9fd2baa],Fuel EX 9.8 XT Di2 Gen 7,2027,mtb,L,L,,178,188,"177 - 188 cm 5'10"" - 6'2""",ft-in,638,485,"{""Dimensiones de la rueda"": ""29\"""", ""A — Tubo del sillín"": ""42.0"", ""B — Ángulo del tubo del sillín"": ""72.6°"", ""Ángulo efectivo del tubo del sillín"": ""77.4°"", ""C — Longitud del tubo de dirección"": ""12.5"", ""D — Ángulo de la dirección"": ""64.5°"", ""E — Tubo superior efectivo"": ""61.7"", ""F — Altura del eje de pedalier"": ""33.9"", ""G — Altura del eje de pedalier"": ""3.5"", ""H — Longitud de la vaina"": ""44.2"", ""I — Retroceso"": ""4.4"", ""J — Trail"": ""12.9"", ""K — Distancia entre ejes"": ""126.2"", ""L — Standover"": ""74.9"", ""Reach (cm)"": ""48.5"", ""Stack (cm)"": ""63.8"", ""Parte central delantera"": ""82.2""}",6999,false,https://www.trekbikes.com/es/es_ES/bicicletas/bicicletas-de-monta%C3%B1a/bicicletas-de-monta%C3%B1a-de-trail/bicicletas-all-mountain/fuel/fuel-ex/fuel-ex-9-8-xt-di2-gen-7/p/79594/,https://www.trekbikes.com/es/es_ES/bicicletas/bicicletas-de-monta%C3%B1a/bicicletas-de-monta%C3%B1a-de-trail/bicicletas-all-mountain/fuel/fuel-ex/f/F360/fuel-ex-9-8-xt-di2-gen-7/79594/5355952,html,2026-10-05
Trek,Fuel EX [f9fd2baa],Fuel EX 9.8 XT Di2 Gen 7,2027,mtb,XL,XL,,188,196,"188 - 195 cm 6'2"" - 6'5""",ft-in,651,510,"{""Dimensiones de la rueda"": ""29\"""", ""A — Tubo del sillín"": ""45.5"", ""B — Ángulo del tubo del sillín"": ""72.6°"", ""Ángulo efectivo del tubo del sillín"": ""76.9°"", ""C — Longitud del tubo de dirección"": ""14.0"", ""D — Ángulo de la dirección"": ""64.5°"", ""E — Tubo superior efectivo"": ""65.1"", ""F — Altura del eje de pedalier"": ""33.9"", ""G — Altura del eje de pedalier"": ""3.5"", ""H — Longitud de la vaina"": ""44.7"", ""I — Retroceso"": ""4.4"", ""J — Trail"": ""12.9"", ""K — Distancia entre ejes"": ""129.8"", ""L — Standover"": ""75.5"", ""Reach (cm)"": ""51.0"", ""Stack (cm)"": ""65.1"", ""Parte central delantera"": ""85.4""}",6999,false,https://www.trekbikes.com/es/es_ES/bicicletas/bicicletas-de-monta%C3%B1a/bicicletas-de-monta%C3%B1a-de-trail/bicicletas-all-mountain/fuel/fuel-ex/fuel-ex-9-8-xt-di2-gen-7/p/79594/,https://www.trekbikes.com/es/es_ES/bicicletas/bicicletas-de-monta%C3%B1a/bicicletas-de-monta%C3%B1a-de-trail/bicicletas-all-mountain/fuel/fuel-ex/f/F360/fuel-ex-9-8-xt-di2-gen-7/79594/5355952,html,2026-10-05
Trek,Fuel EX [f9fd2baa],Fuel EX 9.8 XT Di2 Gen 7,2027,mtb,XXL,XXL,,196,203,"195 - 203 cm 6'5"" - 6'8""",ft-in,665,530,"{""Dimensiones de la rueda"": ""29\"""", ""A — Tubo del sillín"": ""47.5"", ""B — Ángulo del tubo del sillín"": ""72.6°"", ""Ángulo efectivo del tubo del sillín"": ""76.4°"", ""C — Longitud del tubo de dirección"": ""15.5"", ""D — Ángulo de la dirección"": ""64.5°"", ""E — Tubo superior efectivo"": ""68.0"", ""F — Altura del eje de pedalier"": ""33.9"", ""G — Altura del eje de pedalier"": ""3.5"", ""H — Longitud de la vaina"": ""45.2"", ""I — Retroceso"": ""4.4"", ""J — Trail"": ""12.9"", ""K — Distancia entre ejes"": ""133.0"", ""L — Standover"": ""76.4"", ""Reach (cm)"": ""53.0"", ""Stack (cm)"": ""66.5"", ""Parte central delantera"": ""88.0""}",6999,false,https://www.trekbikes.com/es/es_ES/bicicletas/bicicletas-de-monta%C3%B1a/bicicletas-de-monta%C3%B1a-de-trail/bicicletas-all-mountain/fuel/fuel-ex/fuel-ex-9-8-xt-di2-gen-7/p/79594/,https://www.trekbikes.com/es/es_ES/bicicletas/bicicletas-de-monta%C3%B1a/bicicletas-de-monta%C3%B1a-de-trail/bicicletas-all-mountain/fuel/fuel-ex/f/F360/fuel-ex-9-8-xt-di2-gen-7/79594/5355952,html,2026-10-05
Trek,Fuel EX [f9fd2baa],Fuel EX 9.8 Eagle 90 Gen 7,2027,mtb,S,S,,155,165,"155 - 165 cm 5'1"" - 5'5""",ft-in,610,431,"{""Dimensiones de la rueda"": ""29\""/27.5\"""", ""A — Tubo del sillín"": ""37.0"", ""B — Ángulo del tubo del sillín"": ""72.7°"", ""Ángulo efectivo del tubo del sillín"": ""78.7°"", ""C — Longitud del tubo de dirección"": ""9.5"", ""D — Ángulo de la dirección"": ""64.6°"", ""E — Tubo superior efectivo"": ""54.8"", ""F — Altura del eje de pedalier"": ""34.0"", ""G — Altura del eje de pedalier"": ""3.4"", ""H — Longitud de la vaina"": ""43.7"", ""I — Retroceso"": ""4.4"", ""J — Trail"": ""12.9"", ""K — Distancia entre ejes"": ""118.7"", ""L — Standover"": ""74.1"", ""Reach (cm)"": ""43.1"", ""Stack (cm)"": ""61.0"", ""Parte central delantera"": ""75.4""}",6499,false,https://www.trekbikes.com/es/es_ES/bicicletas/bicicletas-de-monta%C3%B1a/bicicletas-de-monta%C3%B1a-de-trail/bicicletas-all-mountain/fuel/fuel-ex/fuel-ex-9-8-eagle-90-gen-7/p/79592/,https://www.trekbikes.com/es/es_ES/bicicletas/bicicletas-de-monta%C3%B1a/bicicletas-de-monta%C3%B1a-de-trail/bicicletas-all-mountain/fuel/fuel-ex/f/F360/fuel-ex-9-8-eagle-90-gen-7/79592/5355927,html,2026-10-05
Trek,Fuel EX [f9fd2baa],Fuel EX 9.8 Eagle 90 Gen 7,2027,mtb,M,M,,165,178,"165 - 177 cm 5'5"" - 5'10""",ft-in,624,460,"{""Dimensiones de la rueda"": ""29\"""", ""A — Tubo del sillín"": ""40.0"", ""B — Ángulo del tubo del sillín"": ""72.6°"", ""Ángulo efectivo del tubo del sillín"": ""78.3°"", ""C — Longitud del tubo de dirección"": ""11.0"", ""D — Ángulo de la dirección"": ""64.5°"", ""E — Tubo superior efectivo"": ""58.3"", ""F — Altura del eje de pedalier"": ""33.9"", ""G — Altura del eje de pedalier"": ""3.5"", ""H — Longitud de la vaina"": ""43.7"", ""I — Retroceso"": ""4.4"", ""J — Trail"": ""12.9"", ""K — Distancia entre ejes"": ""122.5"", ""L — Standover"": ""74.2"", ""Reach (cm)"": ""46.0"", ""Stack (cm)"": ""62.4"", ""Parte central delantera"": ""79.1""}",6499,false,https://www.trekbikes.com/es/es_ES/bicicletas/bicicletas-de-monta%C3%B1a/bicicletas-de-monta%C3%B1a-de-trail/bicicletas-all-mountain/fuel/fuel-ex/fuel-ex-9-8-eagle-90-gen-7/p/79592/,https://www.trekbikes.com/es/es_ES/bicicletas/bicicletas-de-monta%C3%B1a/bicicletas-de-monta%C3%B1a-de-trail/bicicletas-all-mountain/fuel/fuel-ex/f/F360/fuel-ex-9-8-eagle-90-gen-7/79592/5355927,html,2026-10-05
Trek,Fuel EX [f9fd2baa],Fuel EX 9.8 Eagle 90 Gen 7,2027,mtb,L,L,,178,188,"177 - 188 cm 5'10"" - 6'2""",ft-in,638,485,"{""Dimensiones de la rueda"": ""29\"""", ""A — Tubo del sillín"": ""42.0"", ""B — Ángulo del tubo del sillín"": ""72.6°"", ""Ángulo efectivo del tubo del sillín"": ""77.4°"", ""C — Longitud del tubo de dirección"": ""12.5"", ""D — Ángulo de la dirección"": ""64.5°"", ""E — Tubo superior efectivo"": ""61.7"", ""F — Altura del eje de pedalier"": ""33.9"", ""G — Altura del eje de pedalier"": ""3.5"", ""H — Longitud de la vaina"": ""44.2"", ""I — Retroceso"": ""4.4"", ""J — Trail"": ""12.9"", ""K — Distancia entre ejes"": ""126.2"", ""L — Standover"": ""74.9"", ""Reach (cm)"": ""48.5"", ""Stack (cm)"": ""63.8"", ""Parte central delantera"": ""82.2""}",6499,false,https://www.trekbikes.com/es/es_ES/bicicletas/bicicletas-de-monta%C3%B1a/bicicletas-de-monta%C3%B1a-de-trail/bicicletas-all-mountain/fuel/fuel-ex/fuel-ex-9-8-eagle-90-gen-7/p/79592/,https://www.trekbikes.com/es/es_ES/bicicletas/bicicletas-de-monta%C3%B1a/bicicletas-de-monta%C3%B1a-de-trail/bicicletas-all-mountain/fuel/fuel-ex/f/F360/fuel-ex-9-8-eagle-90-gen-7/79592/5355927,html,2026-10-05
Trek,Fuel EX [f9fd2baa],Fuel EX 9.8 Eagle 90 Gen 7,2027,mtb,XL,XL,,188,196,"188 - 195 cm 6'2"" - 6'5""",ft-in,651,510,"{""Dimensiones de la rueda"": ""29\"""", ""A — Tubo del sillín"": ""45.5"", ""B — Ángulo del tubo del sillín"": ""72.6°"", ""Ángulo efectivo del tubo del sillín"": ""76.9°"", ""C — Longitud del tubo de dirección"": ""14.0"", ""D — Ángulo de la dirección"": ""64.5°"", ""E — Tubo superior efectivo"": ""65.1"", ""F — Altura del eje de pedalier"": ""33.9"", ""G — Altura del eje de pedalier"": ""3.5"", ""H — Longitud de la vaina"": ""44.7"", ""I — Retroceso"": ""4.4"", ""J — Trail"": ""12.9"", ""K — Distancia entre ejes"": ""129.8"", ""L — Standover"": ""75.5"", ""Reach (cm)"": ""51.0"", ""Stack (cm)"": ""65.1"", ""Parte central delantera"": ""85.4""}",6499,false,https://www.trekbikes.com/es/es_ES/bicicletas/bicicletas-de-monta%C3%B1a/bicicletas-de-monta%C3%B1a-de-trail/bicicletas-all-mountain/fuel/fuel-ex/fuel-ex-9-8-eagle-90-gen-7/p/79592/,https://www.trekbikes.com/es/es_ES/bicicletas/bicicletas-de-monta%C3%B1a/bicicletas-de-monta%C3%B1a-de-trail/bicicletas-all-mountain/fuel/fuel-ex/f/F360/fuel-ex-9-8-eagle-90-gen-7/79592/5355927,html,2026-10-05
Trek,Fuel EX [f9fd2baa],Fuel EX 9.8 Eagle 90 Gen 7,2027,mtb,XXL,XXL,,196,203,"195 - 203 cm 6'5"" - 6'8""",ft-in,665,530,"{""Dimensiones de la rueda"": ""29\"""", ""A — Tubo del sillín"": ""47.5"", ""B — Ángulo del tubo del sillín"": ""72.6°"", ""Ángulo efectivo del tubo del sillín"": ""76.4°"", ""C — Longitud del tubo de dirección"": ""15.5"", ""D — Ángulo de la dirección"": ""64.5°"", ""E — Tubo superior efectivo"": ""68.0"", ""F — Altura del eje de pedalier"": ""33.9"", ""G — Altura del eje de pedalier"": ""3.5"", ""H — Longitud de la vaina"": ""45.2"", ""I — Retroceso"": ""4.4"", ""J — Trail"": ""12.9"", ""K — Distancia entre ejes"": ""133.0"", ""L — Standover"": ""76.4"", ""Reach (cm)"": ""53.0"", ""Stack (cm)"": ""66.5"", ""Parte central delantera"": ""88.0""}",6499,false,https://www.trekbikes.com/es/es_ES/bicicletas/bicicletas-de-monta%C3%B1a/bicicletas-de-monta%C3%B1a-de-trail/bicicletas-all-mountain/fuel/fuel-ex/fuel-ex-9-8-eagle-90-gen-7/p/79592/,https://www.trekbikes.com/es/es_ES/bicicletas/bicicletas-de-monta%C3%B1a/bicicletas-de-monta%C3%B1a-de-trail/bicicletas-all-mountain/fuel/fuel-ex/f/F360/fuel-ex-9-8-eagle-90-gen-7/79592/5355927,html,2026-10-05
Trek,Fuel EX [f9fd2baa],Fuel EX 9.8 XT Gen 7,2027,mtb,S,S,,155,165,"155 - 165 cm 5'1"" - 5'5""",ft-in,610,431,"{""Dimensiones de la rueda"": ""29\""/27.5\"""", ""A — Tubo del sillín"": ""37.0"", ""B — Ángulo del tubo del sillín"": ""72.7°"", ""Ángulo efectivo del tubo del sillín"": ""78.7°"", ""C — Longitud del tubo de dirección"": ""9.5"", ""D — Ángulo de la dirección"": ""64.6°"", ""E — Tubo superior efectivo"": ""54.8"", ""F — Altura del eje de pedalier"": ""34.0"", ""G — Altura del eje de pedalier"": ""3.4"", ""H — Longitud de la vaina"": ""43.7"", ""I — Retroceso"": ""4.4"", ""J — Trail"": ""12.9"", ""K — Distancia entre ejes"": ""118.7"", ""L — Standover"": ""74.1"", ""Reach (cm)"": ""43.1"", ""Stack (cm)"": ""61.0"", ""Parte central delantera"": ""75.4""}",6499,false,https://www.trekbikes.com/es/es_ES/bicicletas/bicicletas-de-monta%C3%B1a/bicicletas-de-monta%C3%B1a-de-trail/bicicletas-all-mountain/fuel/fuel-ex/fuel-ex-9-8-xt-gen-7/p/79593/,https://www.trekbikes.com/es/es_ES/bicicletas/bicicletas-de-monta%C3%B1a/bicicletas-de-monta%C3%B1a-de-trail/bicicletas-all-mountain/fuel/fuel-ex/f/F360/fuel-ex-9-8-xt-gen-7/79593/5355937,html,2026-10-05
Trek,Fuel EX [f9fd2baa],Fuel EX 9.8 XT Gen 7,2027,mtb,M,M,,165,178,"165 - 177 cm 5'5"" - 5'10""",ft-in,624,460,"{""Dimensiones de la rueda"": ""29\"""", ""A — Tubo del sillín"": ""40.0"", ""B — Ángulo del tubo del sillín"": ""72.6°"", ""Ángulo efectivo del tubo del sillín"": ""78.3°"", ""C — Longitud del tubo de dirección"": ""11.0"", ""D — Ángulo de la dirección"": ""64.5°"", ""E — Tubo superior efectivo"": ""58.3"", ""F — Altura del eje de pedalier"": ""33.9"", ""G — Altura del eje de pedalier"": ""3.5"", ""H — Longitud de la vaina"": ""43.7"", ""I — Retroceso"": ""4.4"", ""J — Trail"": ""12.9"", ""K — Distancia entre ejes"": ""122.5"", ""L — Standover"": ""74.2"", ""Reach (cm)"": ""46.0"", ""Stack (cm)"": ""62.4"", ""Parte central delantera"": ""79.1""}",6499,false,https://www.trekbikes.com/es/es_ES/bicicletas/bicicletas-de-monta%C3%B1a/bicicletas-de-monta%C3%B1a-de-trail/bicicletas-all-mountain/fuel/fuel-ex/fuel-ex-9-8-xt-gen-7/p/79593/,https://www.trekbikes.com/es/es_ES/bicicletas/bicicletas-de-monta%C3%B1a/bicicletas-de-monta%C3%B1a-de-trail/bicicletas-all-mountain/fuel/fuel-ex/f/F360/fuel-ex-9-8-xt-gen-7/79593/5355937,html,2026-10-05
Trek,Fuel EX [f9fd2baa],Fuel EX 9.8 XT Gen 7,2027,mtb,L,L,,178,188,"177 - 188 cm 5'10"" - 6'2""",ft-in,638,485,"{""Dimensiones de la rueda"": ""29\"""", ""A — Tubo del sillín"": ""42.0"", ""B — Ángulo del tubo del sillín"": ""72.6°"", ""Ángulo efectivo del tubo del sillín"": ""77.4°"", ""C — Longitud del tubo de dirección"": ""12.5"", ""D — Ángulo de la dirección"": ""64.5°"", ""E — Tubo superior efectivo"": ""61.7"", ""F — Altura del eje de pedalier"": ""33.9"", ""G — Altura del eje de pedalier"": ""3.5"", ""H — Longitud de la vaina"": ""44.2"", ""I — Retroceso"": ""4.4"", ""J — Trail"": ""12.9"", ""K — Distancia entre ejes"": ""126.2"", ""L — Standover"": ""74.9"", ""Reach (cm)"": ""48.5"", ""Stack (cm)"": ""63.8"", ""Parte central delantera"": ""82.2""}",6499,false,https://www.trekbikes.com/es/es_ES/bicicletas/bicicletas-de-monta%C3%B1a/bicicletas-de-monta%C3%B1a-de-trail/bicicletas-all-mountain/fuel/fuel-ex/fuel-ex-9-8-xt-gen-7/p/79593/,https://www.trekbikes.com/es/es_ES/bicicletas/bicicletas-de-monta%C3%B1a/bicicletas-de-monta%C3%B1a-de-trail/bicicletas-all-mountain/fuel/fuel-ex/f/F360/fuel-ex-9-8-xt-gen-7/79593/5355937,html,2026-10-05
Trek,Fuel EX [f9fd2baa],Fuel EX 9.8 XT Gen 7,2027,mtb,XL,XL,,188,196,"188 - 195 cm 6'2"" - 6'5""",ft-in,651,510,"{""Dimensiones de la rueda"": ""29\"""", ""A — Tubo del sillín"": ""45.5"", ""B — Ángulo del tubo del sillín"": ""72.6°"", ""Ángulo efectivo del tubo del sillín"": ""76.9°"", ""C — Longitud del tubo de dirección"": ""14.0"", ""D — Ángulo de la dirección"": ""64.5°"", ""E — Tubo superior efectivo"": ""65.1"", ""F — Altura del eje de pedalier"": ""33.9"", ""G — Altura del eje de pedalier"": ""3.5"", ""H — Longitud de la vaina"": ""44.7"", ""I — Retroceso"": ""4.4"", ""J — Trail"": ""12.9"", ""K — Distancia entre ejes"": ""129.8"", ""L — Standover"": ""75.5"", ""Reach (cm)"": ""51.0"", ""Stack (cm)"": ""65.1"", ""Parte central delantera"": ""85.4""}",6499,false,https://www.trekbikes.com/es/es_ES/bicicletas/bicicletas-de-monta%C3%B1a/bicicletas-de-monta%C3%B1a-de-trail/bicicletas-all-mountain/fuel/fuel-ex/fuel-ex-9-8-xt-gen-7/p/79593/,https://www.trekbikes.com/es/es_ES/bicicletas/bicicletas-de-monta%C3%B1a/bicicletas-de-monta%C3%B1a-de-trail/bicicletas-all-mountain/fuel/fuel-ex/f/F360/fuel-ex-9-8-xt-gen-7/79593/5355937,html,2026-10-05
Trek,Fuel EX [f9fd2baa],Fuel EX 9.8 XT Gen 7,2027,mtb,XXL,XXL,,196,203,"195 - 203 cm 6'5"" - 6'8""",ft-in,665,530,"{""Dimensiones de la rueda"": ""29\"""", ""A — Tubo del sillín"": ""47.5"", ""B — Ángulo del tubo del sillín"": ""72.6°"", ""Ángulo efectivo del tubo del sillín"": ""76.4°"", ""C — Longitud del tubo de dirección"": ""15.5"", ""D — Ángulo de la dirección"": ""64.5°"", ""E — Tubo superior efectivo"": ""68.0"", ""F — Altura del eje de pedalier"": ""33.9"", ""G — Altura del eje de pedalier"": ""3.5"", ""H — Longitud de la vaina"": ""45.2"", ""I — Retroceso"": ""4.4"", ""J — Trail"": ""12.9"", ""K — Distancia entre ejes"": ""133.0"", ""L — Standover"": ""76.4"", ""Reach (cm)"": ""53.0"", ""Stack (cm)"": ""66.5"", ""Parte central delantera"": ""88.0""}",6499,false,https://www.trekbikes.com/es/es_ES/bicicletas/bicicletas-de-monta%C3%B1a/bicicletas-de-monta%C3%B1a-de-trail/bicicletas-all-mountain/fuel/fuel-ex/fuel-ex-9-8-xt-gen-7/p/79593/,https://www.trekbikes.com/es/es_ES/bicicletas/bicicletas-de-monta%C3%B1a/bicicletas-de-monta%C3%B1a-de-trail/bicicletas-all-mountain/fuel/fuel-ex/f/F360/fuel-ex-9-8-xt-gen-7/79593/5355937,html,2026-10-05
Trek,Fuel MX [7f1e1c59],Fuel MX 9.9 X0 AXS Gen 7,2027,mtb,S,S,,155,165,"155 - 165 cm 5'1"" - 5'5""",ft-in,613,426,"{""Dimensiones de la rueda"": ""29\""/27.5\"""", ""A — Tubo del sillín"": ""37.0"", ""B — Ángulo del tubo del sillín"": ""72.3°"", ""Ángulo efectivo del tubo del sillín"": ""78.3°"", ""C — Longitud del tubo de dirección"": ""9.5"", ""D — Ángulo de la dirección"": ""64.2°"", ""E — Tubo superior efectivo"": ""54.9"", ""F — Altura del eje de pedalier"": ""34.3"", ""G — Altura del eje de pedalier"": ""3.1"", ""H — Longitud de la vaina"": ""43.4"", ""I — Retroceso"": ""4.4"", ""J — Trail"": ""13.2"", ""K — Distancia entre ejes"": ""119.1"", ""L — Standover"": ""74.5"", ""Reach (cm)"": ""42.6"", ""Stack (cm)"": ""61.3"", ""Parte central delantera"": ""75.8""}",8499,false,https://www.trekbikes.com/es/es_ES/bicicletas/bicicletas-de-monta%C3%B1a/bicicletas-de-monta%C3%B1a-de-trail/bicicletas-all-mountain/fuel/fuel-mx/fuel-mx-9-9-x0-axs-gen-7/p/81565/,https://www.trekbikes.com/es/es_ES/bicicletas/bicicletas-de-monta%C3%B1a/bicicletas-de-monta%C3%B1a-de-trail/bicicletas-all-mountain/fuel/fuel-mx/f/F360/fuel-mx-9-9-x0-axs-gen-7/81565/5356032,html,2026-10-05
Trek,Fuel MX [7f1e1c59],Fuel MX 9.9 X0 AXS Gen 7,2027,mtb,M,M,,165,178,"165 - 177 cm 5'5"" - 5'10""",ft-in,627,456,"{""Dimensiones de la rueda"": ""29\""/27.5\"""", ""A — Tubo del sillín"": ""40.0"", ""B — Ángulo del tubo del sillín"": ""72.3°"", ""Ángulo efectivo del tubo del sillín"": ""77.5°"", ""C — Longitud del tubo de dirección"": ""11.0"", ""D — Ángulo de la dirección"": ""64.2°"", ""E — Tubo superior efectivo"": ""58.4"", ""F — Altura del eje de pedalier"": ""34.3"", ""G — Altura del eje de pedalier"": ""3.1"", ""H — Longitud de la vaina"": ""43.4"", ""I — Retroceso"": ""4.4"", ""J — Trail"": ""13.2"", ""K — Distancia entre ejes"": ""122.8"", ""L — Standover"": ""74.7"", ""Reach (cm)"": ""45.6"", ""Stack (cm)"": ""62.7"", ""Parte central delantera"": ""79.5""}",8499,false,https://www.trekbikes.com/es/es_ES/bicicletas/bicicletas-de-monta%C3%B1a/bicicletas-de-monta%C3%B1a-de-trail/bicicletas-all-mountain/fuel/fuel-mx/fuel-mx-9-9-x0-axs-gen-7/p/81565/,https://www.trekbikes.com/es/es_ES/bicicletas/bicicletas-de-monta%C3%B1a/bicicletas-de-monta%C3%B1a-de-trail/bicicletas-all-mountain/fuel/fuel-mx/f/F360/fuel-mx-9-9-x0-axs-gen-7/81565/5356032,html,2026-10-05
Trek,Fuel MX [7f1e1c59],Fuel MX 9.9 X0 AXS Gen 7,2027,mtb,L,L,,178,188,"177 - 188 cm 5'10"" - 6'2""",ft-in,641,482,"{""Dimensiones de la rueda"": ""29\""/27.5\"""", ""A — Tubo del sillín"": ""42.0"", ""B — Ángulo del tubo del sillín"": ""72.3°"", ""Ángulo efectivo del tubo del sillín"": ""77.0°"", ""C — Longitud del tubo de dirección"": ""12.5"", ""D — Ángulo de la dirección"": ""64.2°"", ""E — Tubo superior efectivo"": ""61.8"", ""F — Altura del eje de pedalier"": ""34.3"", ""G — Altura del eje de pedalier"": ""3.1"", ""H — Longitud de la vaina"": ""43.9"", ""I — Retroceso"": ""4.4"", ""J — Trail"": ""13.2"", ""K — Distancia entre ejes"": ""126.4"", ""L — Standover"": ""75.4"", ""Reach (cm)"": ""48.2"", ""Stack (cm)"": ""64.1"", ""Parte central delantera"": ""82.6""}",8499,false,https://www.trekbikes.com/es/es_ES/bicicletas/bicicletas-de-monta%C3%B1a/bicicletas-de-monta%C3%B1a-de-trail/bicicletas-all-mountain/fuel/fuel-mx/fuel-mx-9-9-x0-axs-gen-7/p/81565/,https://www.trekbikes.com/es/es_ES/bicicletas/bicicletas-de-monta%C3%B1a/bicicletas-de-monta%C3%B1a-de-trail/bicicletas-all-mountain/fuel/fuel-mx/f/F360/fuel-mx-9-9-x0-axs-gen-7/81565/5356032,html,2026-10-05
Trek,Fuel MX [7f1e1c59],Fuel MX 9.9 X0 AXS Gen 7,2027,mtb,XL,XL,,188,196,"188 - 195 cm 6'2"" - 6'5""",ft-in,654,507,"{""Dimensiones de la rueda"": ""29\""/27.5\"""", ""A — Tubo del sillín"": ""45.5"", ""B — Ángulo del tubo del sillín"": ""72.3°"", ""Ángulo efectivo del tubo del sillín"": ""76.6°"", ""C — Longitud del tubo de dirección"": ""14.0"", ""D — Ángulo de la dirección"": ""64.2°"", ""E — Tubo superior efectivo"": ""65.2"", ""F — Altura del eje de pedalier"": ""34.3"", ""G — Altura del eje de pedalier"": ""3.1"", ""H — Longitud de la vaina"": ""44.4"", ""I — Retroceso"": ""4.4"", ""J — Trail"": ""13.2"", ""K — Distancia entre ejes"": ""130.1"", ""L — Standover"": ""76.0"", ""Reach (cm)"": ""50.7"", ""Stack (cm)"": ""65.4"", ""Parte central delantera"": ""85.7""}",8499,false,https://www.trekbikes.com/es/es_ES/bicicletas/bicicletas-de-monta%C3%B1a/bicicletas-de-monta%C3%B1a-de-trail/bicicletas-all-mountain/fuel/fuel-mx/fuel-mx-9-9-x0-axs-gen-7/p/81565/,https://www.trekbikes.com/es/es_ES/bicicletas/bicicletas-de-monta%C3%B1a/bicicletas-de-monta%C3%B1a-de-trail/bicicletas-all-mountain/fuel/fuel-mx/f/F360/fuel-mx-9-9-x0-axs-gen-7/81565/5356032,html,2026-10-05
Trek,Fuel MX [7f1e1c59],Fuel MX 9.9 X0 AXS Gen 7,2027,mtb,XXL,XXL,,196,203,"195 - 203 cm 6'5"" - 6'8""",ft-in,668,527,"{""Dimensiones de la rueda"": ""29\""/27.5\"""", ""A — Tubo del sillín"": ""47.5"", ""B — Ángulo del tubo del sillín"": ""72.3°"", ""Ángulo efectivo del tubo del sillín"": ""76.1°"", ""C — Longitud del tubo de dirección"": ""15.5"", ""D — Ángulo de la dirección"": ""64.2°"", ""E — Tubo superior efectivo"": ""68.2"", ""F — Altura del eje de pedalier"": ""34.3"", ""G — Altura del eje de pedalier"": ""3.1"", ""H — Longitud de la vaina"": ""44.9"", ""I — Retroceso"": ""4.4"", ""J — Trail"": ""13.2"", ""K — Distancia entre ejes"": ""133.2"", ""L — Standover"": ""76.9"", ""Reach (cm)"": ""52.7"", ""Stack (cm)"": ""66.8"", ""Parte central delantera"": ""88.4""}",8499,false,https://www.trekbikes.com/es/es_ES/bicicletas/bicicletas-de-monta%C3%B1a/bicicletas-de-monta%C3%B1a-de-trail/bicicletas-all-mountain/fuel/fuel-mx/fuel-mx-9-9-x0-axs-gen-7/p/81565/,https://www.trekbikes.com/es/es_ES/bicicletas/bicicletas-de-monta%C3%B1a/bicicletas-de-monta%C3%B1a-de-trail/bicicletas-all-mountain/fuel/fuel-mx/f/F360/fuel-mx-9-9-x0-axs-gen-7/81565/5356032,html,2026-10-05
Trek,Fuel MX [7f1e1c59],Fuel MX 9.8 XT Di2 Gen 7,2027,mtb,S,S,,155,165,"155 - 165 cm 5'1"" - 5'5""",ft-in,613,426,"{""Dimensiones de la rueda"": ""29\""/27.5\"""", ""A — Tubo del sillín"": ""37.0"", ""B — Ángulo del tubo del sillín"": ""72.3°"", ""Ángulo efectivo del tubo del sillín"": ""78.3°"", ""C — Longitud del tubo de dirección"": ""9.5"", ""D — Ángulo de la dirección"": ""64.2°"", ""E — Tubo superior efectivo"": ""54.9"", ""F — Altura del eje de pedalier"": ""34.3"", ""G — Altura del eje de pedalier"": ""3.1"", ""H — Longitud de la vaina"": ""43.4"", ""I — Retroceso"": ""4.4"", ""J — Trail"": ""13.2"", ""K — Distancia entre ejes"": ""119.1"", ""L — Standover"": ""74.5"", ""Reach (cm)"": ""42.6"", ""Stack (cm)"": ""61.3"", ""Parte central delantera"": ""75.8""}",6999,false,https://www.trekbikes.com/es/es_ES/bicicletas/bicicletas-de-monta%C3%B1a/bicicletas-de-monta%C3%B1a-de-trail/bicicletas-all-mountain/fuel/fuel-mx/fuel-mx-9-8-xt-di2-gen-7/p/81564/,https://www.trekbikes.com/es/es_ES/bicicletas/bicicletas-de-monta%C3%B1a/bicicletas-de-monta%C3%B1a-de-trail/bicicletas-all-mountain/fuel/fuel-mx/f/F360/fuel-mx-9-8-xt-di2-gen-7/81564/5356022,html,2026-10-05
Trek,Fuel MX [7f1e1c59],Fuel MX 9.8 XT Di2 Gen 7,2027,mtb,M,M,,165,178,"165 - 177 cm 5'5"" - 5'10""",ft-in,627,456,"{""Dimensiones de la rueda"": ""29\""/27.5\"""", ""A — Tubo del sillín"": ""40.0"", ""B — Ángulo del tubo del sillín"": ""72.3°"", ""Ángulo efectivo del tubo del sillín"": ""77.5°"", ""C — Longitud del tubo de dirección"": ""11.0"", ""D — Ángulo de la dirección"": ""64.2°"", ""E — Tubo superior efectivo"": ""58.4"", ""F — Altura del eje de pedalier"": ""34.3"", ""G — Altura del eje de pedalier"": ""3.1"", ""H — Longitud de la vaina"": ""43.4"", ""I — Retroceso"": ""4.4"", ""J — Trail"": ""13.2"", ""K — Distancia entre ejes"": ""122.8"", ""L — Standover"": ""74.7"", ""Reach (cm)"": ""45.6"", ""Stack (cm)"": ""62.7"", ""Parte central delantera"": ""79.5""}",6999,false,https://www.trekbikes.com/es/es_ES/bicicletas/bicicletas-de-monta%C3%B1a/bicicletas-de-monta%C3%B1a-de-trail/bicicletas-all-mountain/fuel/fuel-mx/fuel-mx-9-8-xt-di2-gen-7/p/81564/,https://www.trekbikes.com/es/es_ES/bicicletas/bicicletas-de-monta%C3%B1a/bicicletas-de-monta%C3%B1a-de-trail/bicicletas-all-mountain/fuel/fuel-mx/f/F360/fuel-mx-9-8-xt-di2-gen-7/81564/5356022,html,2026-10-05
Trek,Fuel MX [7f1e1c59],Fuel MX 9.8 XT Di2 Gen 7,2027,mtb,L,L,,178,188,"177 - 188 cm 5'10"" - 6'2""",ft-in,641,482,"{""Dimensiones de la rueda"": ""29\""/27.5\"""", ""A — Tubo del sillín"": ""42.0"", ""B — Ángulo del tubo del sillín"": ""72.3°"", ""Ángulo efectivo del tubo del sillín"": ""77.0°"", ""C — Longitud del tubo de dirección"": ""12.5"", ""D — Ángulo de la dirección"": ""64.2°"", ""E — Tubo superior efectivo"": ""61.8"", ""F — Altura del eje de pedalier"": ""34.3"", ""G — Altura del eje de pedalier"": ""3.1"", ""H — Longitud de la vaina"": ""43.9"", ""I — Retroceso"": ""4.4"", ""J — Trail"": ""13.2"", ""K — Distancia entre ejes"": ""126.4"", ""L — Standover"": ""75.4"", ""Reach (cm)"": ""48.2"", ""Stack (cm)"": ""64.1"", ""Parte central delantera"": ""82.6""}",6999,false,https://www.trekbikes.com/es/es_ES/bicicletas/bicicletas-de-monta%C3%B1a/bicicletas-de-monta%C3%B1a-de-trail/bicicletas-all-mountain/fuel/fuel-mx/fuel-mx-9-8-xt-di2-gen-7/p/81564/,https://www.trekbikes.com/es/es_ES/bicicletas/bicicletas-de-monta%C3%B1a/bicicletas-de-monta%C3%B1a-de-trail/bicicletas-all-mountain/fuel/fuel-mx/f/F360/fuel-mx-9-8-xt-di2-gen-7/81564/5356022,html,2026-10-05
Trek,Fuel MX [7f1e1c59],Fuel MX 9.8 XT Di2 Gen 7,2027,mtb,XL,XL,,188,196,"188 - 195 cm 6'2"" - 6'5""",ft-in,654,507,"{""Dimensiones de la rueda"": ""29\""/27.5\"""", ""A — Tubo del sillín"": ""45.5"", ""B — Ángulo del tubo del sillín"": ""72.3°"", ""Ángulo efectivo del tubo del sillín"": ""76.6°"", ""C — Longitud del tubo de dirección"": ""14.0"", ""D — Ángulo de la dirección"": ""64.2°"", ""E — Tubo superior efectivo"": ""65.2"", ""F — Altura del eje de pedalier"": ""34.3"", ""G — Altura del eje de pedalier"": ""3.1"", ""H — Longitud de la vaina"": ""44.4"", ""I — Retroceso"": ""4.4"", ""J — Trail"": ""13.2"", ""K — Distancia entre ejes"": ""130.1"", ""L — Standover"": ""76.0"", ""Reach (cm)"": ""50.7"", ""Stack (cm)"": ""65.4"", ""Parte central delantera"": ""85.7""}",6999,false,https://www.trekbikes.com/es/es_ES/bicicletas/bicicletas-de-monta%C3%B1a/bicicletas-de-monta%C3%B1a-de-trail/bicicletas-all-mountain/fuel/fuel-mx/fuel-mx-9-8-xt-di2-gen-7/p/81564/,https://www.trekbikes.com/es/es_ES/bicicletas/bicicletas-de-monta%C3%B1a/bicicletas-de-monta%C3%B1a-de-trail/bicicletas-all-mountain/fuel/fuel-mx/f/F360/fuel-mx-9-8-xt-di2-gen-7/81564/5356022,html,2026-10-05
Trek,Fuel MX [7f1e1c59],Fuel MX 9.8 XT Di2 Gen 7,2027,mtb,XXL,XXL,,196,203,"195 - 203 cm 6'5"" - 6'8""",ft-in,668,527,"{""Dimensiones de la rueda"": ""29\""/27.5\"""", ""A — Tubo del sillín"": ""47.5"", ""B — Ángulo del tubo del sillín"": ""72.3°"", ""Ángulo efectivo del tubo del sillín"": ""76.1°"", ""C — Longitud del tubo de dirección"": ""15.5"", ""D — Ángulo de la dirección"": ""64.2°"", ""E — Tubo superior efectivo"": ""68.2"", ""F — Altura del eje de pedalier"": ""34.3"", ""G — Altura del eje de pedalier"": ""3.1"", ""H — Longitud de la vaina"": ""44.9"", ""I — Retroceso"": ""4.4"", ""J — Trail"": ""13.2"", ""K — Distancia entre ejes"": ""133.2"", ""L — Standover"": ""76.9"", ""Reach (cm)"": ""52.7"", ""Stack (cm)"": ""66.8"", ""Parte central delantera"": ""88.4""}",6999,false,https://www.trekbikes.com/es/es_ES/bicicletas/bicicletas-de-monta%C3%B1a/bicicletas-de-monta%C3%B1a-de-trail/bicicletas-all-mountain/fuel/fuel-mx/fuel-mx-9-8-xt-di2-gen-7/p/81564/,https://www.trekbikes.com/es/es_ES/bicicletas/bicicletas-de-monta%C3%B1a/bicicletas-de-monta%C3%B1a-de-trail/bicicletas-all-mountain/fuel/fuel-mx/f/F360/fuel-mx-9-8-xt-di2-gen-7/81564/5356022,html,2026-10-05
Trek,Fuel MX [7f1e1c59],Fuel MX 9.8 Eagle 90 Gen 7,2027,mtb,S,S,,155,165,"155 - 165 cm 5'1"" - 5'5""",ft-in,613,426,"{""Dimensiones de la rueda"": ""29\""/27.5\"""", ""A — Tubo del sillín"": ""37.0"", ""B — Ángulo del tubo del sillín"": ""72.3°"", ""Ángulo efectivo del tubo del sillín"": ""78.3°"", ""C — Longitud del tubo de dirección"": ""9.5"", ""D — Ángulo de la dirección"": ""64.2°"", ""E — Tubo superior efectivo"": ""54.9"", ""F — Altura del eje de pedalier"": ""34.3"", ""G — Altura del eje de pedalier"": ""3.1"", ""H — Longitud de la vaina"": ""43.4"", ""I — Retroceso"": ""4.4"", ""J — Trail"": ""13.2"", ""K — Distancia entre ejes"": ""119.1"", ""L — Standover"": ""74.5"", ""Reach (cm)"": ""42.6"", ""Stack (cm)"": ""61.3"", ""Parte central delantera"": ""75.8""}",6499,false,https://www.trekbikes.com/es/es_ES/bicicletas/bicicletas-de-monta%C3%B1a/bicicletas-de-monta%C3%B1a-de-trail/bicicletas-all-mountain/fuel/fuel-mx/fuel-mx-9-8-eagle-90-gen-7/p/81562/,https://www.trekbikes.com/es/es_ES/bicicletas/bicicletas-de-monta%C3%B1a/bicicletas-de-monta%C3%B1a-de-trail/bicicletas-all-mountain/fuel/fuel-mx/f/F360/fuel-mx-9-8-eagle-90-gen-7/81562/5356002,html,2026-10-05
Trek,Fuel MX [7f1e1c59],Fuel MX 9.8 Eagle 90 Gen 7,2027,mtb,M,M,,165,178,"165 - 177 cm 5'5"" - 5'10""",ft-in,627,456,"{""Dimensiones de la rueda"": ""29\""/27.5\"""", ""A — Tubo del sillín"": ""40.0"", ""B — Ángulo del tubo del sillín"": ""72.3°"", ""Ángulo efectivo del tubo del sillín"": ""77.5°"", ""C — Longitud del tubo de dirección"": ""11.0"", ""D — Ángulo de la dirección"": ""64.2°"", ""E — Tubo superior efectivo"": ""58.4"", ""F — Altura del eje de pedalier"": ""34.3"", ""G — Altura del eje de pedalier"": ""3.1"", ""H — Longitud de la vaina"": ""43.4"", ""I — Retroceso"": ""4.4"", ""J — Trail"": ""13.2"", ""K — Distancia entre ejes"": ""122.8"", ""L — Standover"": ""74.7"", ""Reach (cm)"": ""45.6"", ""Stack (cm)"": ""62.7"", ""Parte central delantera"": ""79.5""}",6499,false,https://www.trekbikes.com/es/es_ES/bicicletas/bicicletas-de-monta%C3%B1a/bicicletas-de-monta%C3%B1a-de-trail/bicicletas-all-mountain/fuel/fuel-mx/fuel-mx-9-8-eagle-90-gen-7/p/81562/,https://www.trekbikes.com/es/es_ES/bicicletas/bicicletas-de-monta%C3%B1a/bicicletas-de-monta%C3%B1a-de-trail/bicicletas-all-mountain/fuel/fuel-mx/f/F360/fuel-mx-9-8-eagle-90-gen-7/81562/5356002,html,2026-10-05
Trek,Fuel MX [7f1e1c59],Fuel MX 9.8 Eagle 90 Gen 7,2027,mtb,L,L,,178,188,"177 - 188 cm 5'10"" - 6'2""",ft-in,641,482,"{""Dimensiones de la rueda"": ""29\""/27.5\"""", ""A — Tubo del sillín"": ""42.0"", ""B — Ángulo del tubo del sillín"": ""72.3°"", ""Ángulo efectivo del tubo del sillín"": ""77.0°"", ""C — Longitud del tubo de dirección"": ""12.5"", ""D — Ángulo de la dirección"": ""64.2°"", ""E — Tubo superior efectivo"": ""61.8"", ""F — Altura del eje de pedalier"": ""34.3"", ""G — Altura del eje de pedalier"": ""3.1"", ""H — Longitud de la vaina"": ""43.9"", ""I — Retroceso"": ""4.4"", ""J — Trail"": ""13.2"", ""K — Distancia entre ejes"": ""126.4"", ""L — Standover"": ""75.4"", ""Reach (cm)"": ""48.2"", ""Stack (cm)"": ""64.1"", ""Parte central delantera"": ""82.6""}",6499,false,https://www.trekbikes.com/es/es_ES/bicicletas/bicicletas-de-monta%C3%B1a/bicicletas-de-monta%C3%B1a-de-trail/bicicletas-all-mountain/fuel/fuel-mx/fuel-mx-9-8-eagle-90-gen-7/p/81562/,https://www.trekbikes.com/es/es_ES/bicicletas/bicicletas-de-monta%C3%B1a/bicicletas-de-monta%C3%B1a-de-trail/bicicletas-all-mountain/fuel/fuel-mx/f/F360/fuel-mx-9-8-eagle-90-gen-7/81562/5356002,html,2026-10-05
Trek,Fuel MX [7f1e1c59],Fuel MX 9.8 Eagle 90 Gen 7,2027,mtb,XL,XL,,188,196,"188 - 195 cm 6'2"" - 6'5""",ft-in,654,507,"{""Dimensiones de la rueda"": ""29\""/27.5\"""", ""A — Tubo del sillín"": ""45.5"", ""B — Ángulo del tubo del sillín"": ""72.3°"", ""Ángulo efectivo del tubo del sillín"": ""76.6°"", ""C — Longitud del tubo de dirección"": ""14.0"", ""D — Ángulo de la dirección"": ""64.2°"", ""E — Tubo superior efectivo"": ""65.2"", ""F — Altura del eje de pedalier"": ""34.3"", ""G — Altura del eje de pedalier"": ""3.1"", ""H — Longitud de la vaina"": ""44.4"", ""I — Retroceso"": ""4.4"", ""J — Trail"": ""13.2"", ""K — Distancia entre ejes"": ""130.1"", ""L — Standover"": ""76.0"", ""Reach (cm)"": ""50.7"", ""Stack (cm)"": ""65.4"", ""Parte central delantera"": ""85.7""}",6499,false,https://www.trekbikes.com/es/es_ES/bicicletas/bicicletas-de-monta%C3%B1a/bicicletas-de-monta%C3%B1a-de-trail/bicicletas-all-mountain/fuel/fuel-mx/fuel-mx-9-8-eagle-90-gen-7/p/81562/,https://www.trekbikes.com/es/es_ES/bicicletas/bicicletas-de-monta%C3%B1a/bicicletas-de-monta%C3%B1a-de-trail/bicicletas-all-mountain/fuel/fuel-mx/f/F360/fuel-mx-9-8-eagle-90-gen-7/81562/5356002,html,2026-10-05
Trek,Fuel MX [7f1e1c59],Fuel MX 9.8 Eagle 90 Gen 7,2027,mtb,XXL,XXL,,196,203,"195 - 203 cm 6'5"" - 6'8""",ft-in,668,527,"{""Dimensiones de la rueda"": ""29\""/27.5\"""", ""A — Tubo del sillín"": ""47.5"", ""B — Ángulo del tubo del sillín"": ""72.3°"", ""Ángulo efectivo del tubo del sillín"": ""76.1°"", ""C — Longitud del tubo de dirección"": ""15.5"", ""D — Ángulo de la dirección"": ""64.2°"", ""E — Tubo superior efectivo"": ""68.2"", ""F — Altura del eje de pedalier"": ""34.3"", ""G — Altura del eje de pedalier"": ""3.1"", ""H — Longitud de la vaina"": ""44.9"", ""I — Retroceso"": ""4.4"", ""J — Trail"": ""13.2"", ""K — Distancia entre ejes"": ""133.2"", ""L — Standover"": ""76.9"", ""Reach (cm)"": ""52.7"", ""Stack (cm)"": ""66.8"", ""Parte central delantera"": ""88.4""}",6499,false,https://www.trekbikes.com/es/es_ES/bicicletas/bicicletas-de-monta%C3%B1a/bicicletas-de-monta%C3%B1a-de-trail/bicicletas-all-mountain/fuel/fuel-mx/fuel-mx-9-8-eagle-90-gen-7/p/81562/,https://www.trekbikes.com/es/es_ES/bicicletas/bicicletas-de-monta%C3%B1a/bicicletas-de-monta%C3%B1a-de-trail/bicicletas-all-mountain/fuel/fuel-mx/f/F360/fuel-mx-9-8-eagle-90-gen-7/81562/5356002,html,2026-10-05
Trek,Fuel MX [7f1e1c59],Fuel MX 9.8 XT Gen 7,2027,mtb,S,S,,155,165,"155 - 165 cm 5'1"" - 5'5""",ft-in,613,426,"{""Dimensiones de la rueda"": ""29\""/27.5\"""", ""A — Tubo del sillín"": ""37.0"", ""B — Ángulo del tubo del sillín"": ""72.3°"", ""Ángulo efectivo del tubo del sillín"": ""78.3°"", ""C — Longitud del tubo de dirección"": ""9.5"", ""D — Ángulo de la dirección"": ""64.2°"", ""E — Tubo superior efectivo"": ""54.9"", ""F — Altura del eje de pedalier"": ""34.3"", ""G — Altura del eje de pedalier"": ""3.1"", ""H — Longitud de la vaina"": ""43.4"", ""I — Retroceso"": ""4.4"", ""J — Trail"": ""13.2"", ""K — Distancia entre ejes"": ""119.1"", ""L — Standover"": ""74.5"", ""Reach (cm)"": ""42.6"", ""Stack (cm)"": ""61.3"", ""Parte central delantera"": ""75.8""}",6499,false,https://www.trekbikes.com/es/es_ES/bicicletas/bicicletas-de-monta%C3%B1a/bicicletas-de-monta%C3%B1a-de-trail/bicicletas-all-mountain/fuel/fuel-mx/fuel-mx-9-8-xt-gen-7/p/81563/,https://www.trekbikes.com/es/es_ES/bicicletas/bicicletas-de-monta%C3%B1a/bicicletas-de-monta%C3%B1a-de-trail/bicicletas-all-mountain/fuel/fuel-mx/f/F360/fuel-mx-9-8-xt-gen-7/81563/5356012,html,2026-10-05
Trek,Fuel MX [7f1e1c59],Fuel MX 9.8 XT Gen 7,2027,mtb,M,M,,165,178,"165 - 177 cm 5'5"" - 5'10""",ft-in,627,456,"{""Dimensiones de la rueda"": ""29\""/27.5\"""", ""A — Tubo del sillín"": ""40.0"", ""B — Ángulo del tubo del sillín"": ""72.3°"", ""Ángulo efectivo del tubo del sillín"": ""77.5°"", ""C — Longitud del tubo de dirección"": ""11.0"", ""D — Ángulo de la dirección"": ""64.2°"", ""E — Tubo superior efectivo"": ""58.4"", ""F — Altura del eje de pedalier"": ""34.3"", ""G — Altura del eje de pedalier"": ""3.1"", ""H — Longitud de la vaina"": ""43.4"", ""I — Retroceso"": ""4.4"", ""J — Trail"": ""13.2"", ""K — Distancia entre ejes"": ""122.8"", ""L — Standover"": ""74.7"", ""Reach (cm)"": ""45.6"", ""Stack (cm)"": ""62.7"", ""Parte central delantera"": ""79.5""}",6499,false,https://www.trekbikes.com/es/es_ES/bicicletas/bicicletas-de-monta%C3%B1a/bicicletas-de-monta%C3%B1a-de-trail/bicicletas-all-mountain/fuel/fuel-mx/fuel-mx-9-8-xt-gen-7/p/81563/,https://www.trekbikes.com/es/es_ES/bicicletas/bicicletas-de-monta%C3%B1a/bicicletas-de-monta%C3%B1a-de-trail/bicicletas-all-mountain/fuel/fuel-mx/f/F360/fuel-mx-9-8-xt-gen-7/81563/5356012,html,2026-10-05
Trek,Fuel MX [7f1e1c59],Fuel MX 9.8 XT Gen 7,2027,mtb,L,L,,178,188,"177 - 188 cm 5'10"" - 6'2""",ft-in,641,482,"{""Dimensiones de la rueda"": ""29\""/27.5\"""", ""A — Tubo del sillín"": ""42.0"", ""B — Ángulo del tubo del sillín"": ""72.3°"", ""Ángulo efectivo del tubo del sillín"": ""77.0°"", ""C — Longitud del tubo de dirección"": ""12.5"", ""D — Ángulo de la dirección"": ""64.2°"", ""E — Tubo superior efectivo"": ""61.8"", ""F — Altura del eje de pedalier"": ""34.3"", ""G — Altura del eje de pedalier"": ""3.1"", ""H — Longitud de la vaina"": ""43.9"", ""I — Retroceso"": ""4.4"", ""J — Trail"": ""13.2"", ""K — Distancia entre ejes"": ""126.4"", ""L — Standover"": ""75.4"", ""Reach (cm)"": ""48.2"", ""Stack (cm)"": ""64.1"", ""Parte central delantera"": ""82.6""}",6499,false,https://www.trekbikes.com/es/es_ES/bicicletas/bicicletas-de-monta%C3%B1a/bicicletas-de-monta%C3%B1a-de-trail/bicicletas-all-mountain/fuel/fuel-mx/fuel-mx-9-8-xt-gen-7/p/81563/,https://www.trekbikes.com/es/es_ES/bicicletas/bicicletas-de-monta%C3%B1a/bicicletas-de-monta%C3%B1a-de-trail/bicicletas-all-mountain/fuel/fuel-mx/f/F360/fuel-mx-9-8-xt-gen-7/81563/5356012,html,2026-10-05
Trek,Fuel MX [7f1e1c59],Fuel MX 9.8 XT Gen 7,2027,mtb,XL,XL,,188,196,"188 - 195 cm 6'2"" - 6'5""",ft-in,654,507,"{""Dimensiones de la rueda"": ""29\""/27.5\"""", ""A — Tubo del sillín"": ""45.5"", ""B — Ángulo del tubo del sillín"": ""72.3°"", ""Ángulo efectivo del tubo del sillín"": ""76.6°"", ""C — Longitud del tubo de dirección"": ""14.0"", ""D — Ángulo de la dirección"": ""64.2°"", ""E — Tubo superior efectivo"": ""65.2"", ""F — Altura del eje de pedalier"": ""34.3"", ""G — Altura del eje de pedalier"": ""3.1"", ""H — Longitud de la vaina"": ""44.4"", ""I — Retroceso"": ""4.4"", ""J — Trail"": ""13.2"", ""K — Distancia entre ejes"": ""130.1"", ""L — Standover"": ""76.0"", ""Reach (cm)"": ""50.7"", ""Stack (cm)"": ""65.4"", ""Parte central delantera"": ""85.7""}",6499,false,https://www.trekbikes.com/es/es_ES/bicicletas/bicicletas-de-monta%C3%B1a/bicicletas-de-monta%C3%B1a-de-trail/bicicletas-all-mountain/fuel/fuel-mx/fuel-mx-9-8-xt-gen-7/p/81563/,https://www.trekbikes.com/es/es_ES/bicicletas/bicicletas-de-monta%C3%B1a/bicicletas-de-monta%C3%B1a-de-trail/bicicletas-all-mountain/fuel/fuel-mx/f/F360/fuel-mx-9-8-xt-gen-7/81563/5356012,html,2026-10-05
Trek,Fuel MX [7f1e1c59],Fuel MX 9.8 XT Gen 7,2027,mtb,XXL,XXL,,196,203,"195 - 203 cm 6'5"" - 6'8""",ft-in,668,527,"{""Dimensiones de la rueda"": ""29\""/27.5\"""", ""A — Tubo del sillín"": ""47.5"", ""B — Ángulo del tubo del sillín"": ""72.3°"", ""Ángulo efectivo del tubo del sillín"": ""76.1°"", ""C — Longitud del tubo de dirección"": ""15.5"", ""D — Ángulo de la dirección"": ""64.2°"", ""E — Tubo superior efectivo"": ""68.2"", ""F — Altura del eje de pedalier"": ""34.3"", ""G — Altura del eje de pedalier"": ""3.1"", ""H — Longitud de la vaina"": ""44.9"", ""I — Retroceso"": ""4.4"", ""J — Trail"": ""13.2"", ""K — Distancia entre ejes"": ""133.2"", ""L — Standover"": ""76.9"", ""Reach (cm)"": ""52.7"", ""Stack (cm)"": ""66.8"", ""Parte central delantera"": ""88.4""}",6499,false,https://www.trekbikes.com/es/es_ES/bicicletas/bicicletas-de-monta%C3%B1a/bicicletas-de-monta%C3%B1a-de-trail/bicicletas-all-mountain/fuel/fuel-mx/fuel-mx-9-8-xt-gen-7/p/81563/,https://www.trekbikes.com/es/es_ES/bicicletas/bicicletas-de-monta%C3%B1a/bicicletas-de-monta%C3%B1a-de-trail/bicicletas-all-mountain/fuel/fuel-mx/f/F360/fuel-mx-9-8-xt-gen-7/81563/5356012,html,2026-10-05
Trek,Fuel EX 7 Gen 5 [66f06e8b],Fuel EX 7 Gen 5,2027,mtb,XS,XS,,,,,,559,400,"{""Posición de geometría"": ""Alta"", ""Dimensiones de la rueda"": ""27.5\"""", ""A — Tubo del sillín"": ""35.5"", ""B — Ángulo del tubo del sillín"": ""69.5°"", ""Ángulo efectivo del tubo del sillín"": ""75.5°"", ""C — Longitud del tubo de dirección"": ""9.0"", ""D — Ángulo de la dirección"": ""66.5°"", ""E — Tubo superior efectivo"": ""54.5"", ""F — Altura del eje de pedalier"": ""34.1"", ""G — Altura del eje de pedalier"": ""1.4"", ""H — Longitud de la vaina"": ""43.6"", ""I — Retroceso"": ""4.3"", ""J — Trail"": ""10.6"", ""K — Distancia entre ejes"": ""111.9"", ""L — Standover"": ""70.0"", ""Reach (cm)"": ""40.0"", ""Stack (cm)"": ""55.9""}",2949,false,https://www.trekbikes.com/es/es_ES/bicicletas/bicicletas-de-monta%C3%B1a/bicicletas-de-monta%C3%B1a-de-trail/bicicletas-all-mountain/fuel/fuel-ex/fuel-ex-7-gen-5/p/32884/,https://www.trekbikes.com/es/es_ES/bicicletas/bicicletas-de-monta%C3%B1a/bicicletas-de-monta%C3%B1a-de-trail/bicicletas-all-mountain/fuel/fuel-ex/fuel-ex-7-gen-5/p/32884/,html,2026-10-05
Trek,Rail+ [57d93488],Rail+ 9.8 Gen 5,2027,emtb,S,S,,155,165,"155 - 165 cm 5'1"" - 5'5""",ft-in,594,435,"{""Posición de geometría"": ""Alta"", ""Dimensiones de la rueda"": ""27.5\"""", ""A — Tubo del sillín"": ""38.0"", ""B — Ángulo del tubo del sillín"": ""75.3°"", ""Ángulo efectivo del tubo del sillín"": ""77.9°"", ""C — Longitud del tubo de dirección"": ""10.0"", ""D — Ángulo de la dirección"": ""65.0°"", ""E — Tubo superior efectivo"": ""56.2"", ""F — Altura del eje de pedalier"": ""34.5"", ""G — Altura del eje de pedalier"": ""1.2"", ""H — Longitud de la vaina"": ""44.6"", ""I — Retroceso"": ""4.3"", ""J — Trail"": ""11.9"", ""K — Distancia entre ejes"": ""120.1"", ""L — Standover"": ""76.3"", ""Reach (cm)"": ""43.5"", ""Stack (cm)"": ""59.4"", ""Parte central delantera"": ""75.4""}",7499,false,https://www.trekbikes.com/es/es_ES/bicicletas/bicicletas-de-monta%C3%B1a/bicicletas-el%C3%A9ctricas-de-monta%C3%B1a/rail/rail-9-8-gen-5/p/79227/,https://www.trekbikes.com/es/es_ES/bicicletas/bicicletas-de-monta%C3%B1a/bicicletas-el%C3%A9ctricas-de-monta%C3%B1a/rail/f/F344/rail%252b-9-8-gen-5/79227/5348430,html,2026-10-05
Trek,Rail+ [57d93488],Rail+ 9.8 Gen 5,2027,emtb,M,M,,165,178,"165 - 177 cm 5'5"" - 5'10""",ft-in,627,455,"{""Posición de geometría"": ""Alta"", ""Dimensiones de la rueda"": ""29\""/27.5\"""", ""A — Tubo del sillín"": ""41.0"", ""B — Ángulo del tubo del sillín"": ""75.3°"", ""Ángulo efectivo del tubo del sillín"": ""77.7°"", ""C — Longitud del tubo de dirección"": ""10.0"", ""D — Ángulo de la dirección"": ""65.0°"", ""E — Tubo superior efectivo"": ""59.1"", ""F — Altura del eje de pedalier"": ""34.5"", ""G — Altura del eje de pedalier"": ""1.8"", ""H — Longitud de la vaina"": ""44.6"", ""I — Retroceso"": ""4.3"", ""J — Trail"": ""12.7"", ""K — Distancia entre ejes"": ""122.9"", ""L — Standover"": ""77.5"", ""Reach (cm)"": ""45.5"", ""Stack (cm)"": ""62.7"", ""Parte central delantera"": ""78.3""}",7499,false,https://www.trekbikes.com/es/es_ES/bicicletas/bicicletas-de-monta%C3%B1a/bicicletas-el%C3%A9ctricas-de-monta%C3%B1a/rail/rail-9-8-gen-5/p/79227/,https://www.trekbikes.com/es/es_ES/bicicletas/bicicletas-de-monta%C3%B1a/bicicletas-el%C3%A9ctricas-de-monta%C3%B1a/rail/f/F344/rail%252b-9-8-gen-5/79227/5348430,html,2026-10-05
Trek,Rail+ [57d93488],Rail+ 9.8 Gen 5,2027,emtb,L,L,,178,188,"177 - 188 cm 5'10"" - 6'2""",ft-in,645,495,"{""Posición de geometría"": ""Alta"", ""Dimensiones de la rueda"": ""29\""/27.5\"""", ""A — Tubo del sillín"": ""43.5"", ""B — Ángulo del tubo del sillín"": ""75.2°"", ""Ángulo efectivo del tubo del sillín"": ""77.5°"", ""C — Longitud del tubo de dirección"": ""12.0"", ""D — Ángulo de la dirección"": ""65.0°"", ""E — Tubo superior efectivo"": ""63.8"", ""F — Altura del eje de pedalier"": ""34.5"", ""G — Altura del eje de pedalier"": ""1.7"", ""H — Longitud de la vaina"": ""44.6"", ""I — Retroceso"": ""4.3"", ""J — Trail"": ""12.7"", ""K — Distancia entre ejes"": ""127.7"", ""L — Standover"": ""77.5"", ""Reach (cm)"": ""49.5"", ""Stack (cm)"": ""64.5"", ""Parte central delantera"": ""83.1""}",7499,false,https://www.trekbikes.com/es/es_ES/bicicletas/bicicletas-de-monta%C3%B1a/bicicletas-el%C3%A9ctricas-de-monta%C3%B1a/rail/rail-9-8-gen-5/p/79227/,https://www.trekbikes.com/es/es_ES/bicicletas/bicicletas-de-monta%C3%B1a/bicicletas-el%C3%A9ctricas-de-monta%C3%B1a/rail/f/F344/rail%252b-9-8-gen-5/79227/5348430,html,2026-10-05
Trek,Rail+ [57d93488],Rail+ 9.8 Gen 5,2027,emtb,XL,XL,,188,196,"188 - 195 cm 6'2"" - 6'5""",ft-in,668,520,"{""Posición de geometría"": ""Alta"", ""Dimensiones de la rueda"": ""29\""/27.5\"""", ""A — Tubo del sillín"": ""47.0"", ""B — Ángulo del tubo del sillín"": ""75.2°"", ""Ángulo efectivo del tubo del sillín"": ""77.4°"", ""C — Longitud del tubo de dirección"": ""14.5"", ""D — Ángulo de la dirección"": ""64.9°"", ""E — Tubo superior efectivo"": ""66.9"", ""F — Altura del eje de pedalier"": ""34.5"", ""G — Altura del eje de pedalier"": ""1.7"", ""H — Longitud de la vaina"": ""44.6"", ""I — Retroceso"": ""4.3"", ""J — Trail"": ""12.7"", ""K — Distancia entre ejes"": ""131.3"", ""L — Standover"": ""79.8"", ""Reach (cm)"": ""52.0"", ""Stack (cm)"": ""66.8"", ""Parte central delantera"": ""86.7""}",7499,false,https://www.trekbikes.com/es/es_ES/bicicletas/bicicletas-de-monta%C3%B1a/bicicletas-el%C3%A9ctricas-de-monta%C3%B1a/rail/rail-9-8-gen-5/p/79227/,https://www.trekbikes.com/es/es_ES/bicicletas/bicicletas-de-monta%C3%B1a/bicicletas-el%C3%A9ctricas-de-monta%C3%B1a/rail/f/F344/rail%252b-9-8-gen-5/79227/5348430,html,2026-10-05
Trek,Rail+ [57d93488],Rail+ 9.7 Gen 5,2027,emtb,S,S,,155,165,"155 - 165 cm 5'1"" - 5'5""",ft-in,594,435,"{""Posición de geometría"": ""Alta"", ""Dimensiones de la rueda"": ""27.5\"""", ""A — Tubo del sillín"": ""38.0"", ""B — Ángulo del tubo del sillín"": ""75.3°"", ""Ángulo efectivo del tubo del sillín"": ""77.9°"", ""C — Longitud del tubo de dirección"": ""10.0"", ""D — Ángulo de la dirección"": ""65.0°"", ""E — Tubo superior efectivo"": ""56.2"", ""F — Altura del eje de pedalier"": ""34.5"", ""G — Altura del eje de pedalier"": ""1.2"", ""H — Longitud de la vaina"": ""44.6"", ""I — Retroceso"": ""4.3"", ""J — Trail"": ""11.9"", ""K — Distancia entre ejes"": ""120.1"", ""L — Standover"": ""76.3"", ""Reach (cm)"": ""43.5"", ""Stack (cm)"": ""59.4"", ""Parte central delantera"": ""75.4""}",5999,false,https://www.trekbikes.com/es/es_ES/bicicletas/bicicletas-de-monta%C3%B1a/bicicletas-el%C3%A9ctricas-de-monta%C3%B1a/rail/rail-9-7-gen-5/p/79287/,https://www.trekbikes.com/es/es_ES/bicicletas/bicicletas-de-monta%C3%B1a/bicicletas-el%C3%A9ctricas-de-monta%C3%B1a/rail/f/F344/rail%252b-9-7-gen-5/79287/,html,2026-10-05
Trek,Rail+ [57d93488],Rail+ 9.7 Gen 5,2027,emtb,M,M,,165,178,"165 - 177 cm 5'5"" - 5'10""",ft-in,627,455,"{""Posición de geometría"": ""Alta"", ""Dimensiones de la rueda"": ""29\""/27.5\"""", ""A — Tubo del sillín"": ""41.0"", ""B — Ángulo del tubo del sillín"": ""75.3°"", ""Ángulo efectivo del tubo del sillín"": ""77.7°"", ""C — Longitud del tubo de dirección"": ""10.0"", ""D — Ángulo de la dirección"": ""65.0°"", ""E — Tubo superior efectivo"": ""59.1"", ""F — Altura del eje de pedalier"": ""34.5"", ""G — Altura del eje de pedalier"": ""1.8"", ""H — Longitud de la vaina"": ""44.6"", ""I — Retroceso"": ""4.3"", ""J — Trail"": ""12.7"", ""K — Distancia entre ejes"": ""122.9"", ""L — Standover"": ""77.5"", ""Reach (cm)"": ""45.5"", ""Stack (cm)"": ""62.7"", ""Parte central delantera"": ""78.3""}",5999,false,https://www.trekbikes.com/es/es_ES/bicicletas/bicicletas-de-monta%C3%B1a/bicicletas-el%C3%A9ctricas-de-monta%C3%B1a/rail/rail-9-7-gen-5/p/79287/,https://www.trekbikes.com/es/es_ES/bicicletas/bicicletas-de-monta%C3%B1a/bicicletas-el%C3%A9ctricas-de-monta%C3%B1a/rail/f/F344/rail%252b-9-7-gen-5/79287/,html,2026-10-05
Trek,Rail+ [57d93488],Rail+ 9.7 Gen 5,2027,emtb,L,L,,178,188,"177 - 188 cm 5'10"" - 6'2""",ft-in,645,495,"{""Posición de geometría"": ""Alta"", ""Dimensiones de la rueda"": ""29\""/27.5\"""", ""A — Tubo del sillín"": ""43.5"", ""B — Ángulo del tubo del sillín"": ""75.2°"", ""Ángulo efectivo del tubo del sillín"": ""77.5°"", ""C — Longitud del tubo de dirección"": ""12.0"", ""D — Ángulo de la dirección"": ""65.0°"", ""E — Tubo superior efectivo"": ""63.8"", ""F — Altura del eje de pedalier"": ""34.5"", ""G — Altura del eje de pedalier"": ""1.7"", ""H — Longitud de la vaina"": ""44.6"", ""I — Retroceso"": ""4.3"", ""J — Trail"": ""12.7"", ""K — Distancia entre ejes"": ""127.7"", ""L — Standover"": ""77.5"", ""Reach (cm)"": ""49.5"", ""Stack (cm)"": ""64.5"", ""Parte central delantera"": ""83.1""}",5999,false,https://www.trekbikes.com/es/es_ES/bicicletas/bicicletas-de-monta%C3%B1a/bicicletas-el%C3%A9ctricas-de-monta%C3%B1a/rail/rail-9-7-gen-5/p/79287/,https://www.trekbikes.com/es/es_ES/bicicletas/bicicletas-de-monta%C3%B1a/bicicletas-el%C3%A9ctricas-de-monta%C3%B1a/rail/f/F344/rail%252b-9-7-gen-5/79287/,html,2026-10-05
Trek,Rail+ [57d93488],Rail+ 9.7 Gen 5,2027,emtb,XL,XL,,188,196,"188 - 195 cm 6'2"" - 6'5""",ft-in,668,520,"{""Posición de geometría"": ""Alta"", ""Dimensiones de la rueda"": ""29\""/27.5\"""", ""A — Tubo del sillín"": ""47.0"", ""B — Ángulo del tubo del sillín"": ""75.2°"", ""Ángulo efectivo del tubo del sillín"": ""77.4°"", ""C — Longitud del tubo de dirección"": ""14.5"", ""D — Ángulo de la dirección"": ""64.9°"", ""E — Tubo superior efectivo"": ""66.9"", ""F — Altura del eje de pedalier"": ""34.5"", ""G — Altura del eje de pedalier"": ""1.7"", ""H — Longitud de la vaina"": ""44.6"", ""I — Retroceso"": ""4.3"", ""J — Trail"": ""12.7"", ""K — Distancia entre ejes"": ""131.3"", ""L — Standover"": ""79.8"", ""Reach (cm)"": ""52.0"", ""Stack (cm)"": ""66.8"", ""Parte central delantera"": ""86.7""}",5999,false,https://www.trekbikes.com/es/es_ES/bicicletas/bicicletas-de-monta%C3%B1a/bicicletas-el%C3%A9ctricas-de-monta%C3%B1a/rail/rail-9-7-gen-5/p/79287/,https://www.trekbikes.com/es/es_ES/bicicletas/bicicletas-de-monta%C3%B1a/bicicletas-el%C3%A9ctricas-de-monta%C3%B1a/rail/f/F344/rail%252b-9-7-gen-5/79287/,html,2026-10-05
Trek,Fuel LX 9 [1718a93c],Fuel LX 9 X0 AXS Gen 7,2027,mtb,S,S,,155,165,"155 - 165 cm 5'1"" - 5'5""",ft-in,619,418,"{""Dimensiones de la rueda"": ""29\"""", ""A — Tubo del sillín"": ""37.0"", ""B — Ángulo del tubo del sillín"": ""71.5°"", ""Ángulo efectivo del tubo del sillín"": ""77.5°"", ""C — Longitud del tubo de dirección"": ""9.5"", ""D — Ángulo de la dirección"": ""63.4°"", ""E — Tubo superior efectivo"": ""55.2"", ""F — Altura del eje de pedalier"": ""34.7"", ""G — Altura del eje de pedalier"": ""2.6"", ""H — Longitud de la vaina"": ""43.7"", ""I — Retroceso"": ""4.4"", ""J — Trail"": ""13.8"", ""K — Distancia entre ejes"": ""120.0"", ""L — Standover"": ""75.7"", ""Reach (cm)"": ""41.8"", ""Stack (cm)"": ""61.9"", ""Parte central delantera"": ""76.5""}",6699,false,https://www.trekbikes.com/es/es_ES/bicicletas/bicicletas-de-monta%C3%B1a/bicicletas-de-monta%C3%B1a-de-trail/bicicletas-all-mountain/fuel/fuel-lx/fuel-lx-9-x0-axs-gen-7/p/81551/,https://www.trekbikes.com/es/es_ES/bicicletas/bicicletas-de-monta%C3%B1a/bicicletas-de-monta%C3%B1a-de-trail/bicicletas-all-mountain/fuel/fuel-lx/f/F360/fuel-lx-9-x0-axs-gen-7/81551/5353669,html,2026-10-05
Trek,Fuel LX 9 [1718a93c],Fuel LX 9 X0 AXS Gen 7,2027,mtb,M,M,,165,178,"165 - 177 cm 5'5"" - 5'10""",ft-in,633,448,"{""Dimensiones de la rueda"": ""29\"""", ""A — Tubo del sillín"": ""40.0"", ""B — Ángulo del tubo del sillín"": ""71.5°"", ""Ángulo efectivo del tubo del sillín"": ""77.2°"", ""C — Longitud del tubo de dirección"": ""11.0"", ""D — Ángulo de la dirección"": ""63.4°"", ""E — Tubo superior efectivo"": ""58.6"", ""F — Altura del eje de pedalier"": ""34.7"", ""G — Altura del eje de pedalier"": ""2.7"", ""H — Longitud de la vaina"": ""43.7"", ""I — Retroceso"": ""4.4"", ""J — Trail"": ""13.8"", ""K — Distancia entre ejes"": ""123.7"", ""L — Standover"": ""75.4"", ""Reach (cm)"": ""44.8"", ""Stack (cm)"": ""63.3"", ""Parte central delantera"": ""80.1""}",6699,false,https://www.trekbikes.com/es/es_ES/bicicletas/bicicletas-de-monta%C3%B1a/bicicletas-de-monta%C3%B1a-de-trail/bicicletas-all-mountain/fuel/fuel-lx/fuel-lx-9-x0-axs-gen-7/p/81551/,https://www.trekbikes.com/es/es_ES/bicicletas/bicicletas-de-monta%C3%B1a/bicicletas-de-monta%C3%B1a-de-trail/bicicletas-all-mountain/fuel/fuel-lx/f/F360/fuel-lx-9-x0-axs-gen-7/81551/5353669,html,2026-10-05
Trek,Fuel LX 9 [1718a93c],Fuel LX 9 X0 AXS Gen 7,2027,mtb,L,L,,178,188,"177 - 188 cm 5'10"" - 6'2""",ft-in,647,473,"{""Dimensiones de la rueda"": ""29\"""", ""A — Tubo del sillín"": ""42.0"", ""B — Ángulo del tubo del sillín"": ""71.5°"", ""Ángulo efectivo del tubo del sillín"": ""76.4°"", ""C — Longitud del tubo de dirección"": ""12.5"", ""D — Ángulo de la dirección"": ""63.4°"", ""E — Tubo superior efectivo"": ""62.1"", ""F — Altura del eje de pedalier"": ""34.7"", ""G — Altura del eje de pedalier"": ""2.7"", ""H — Longitud de la vaina"": ""44.2"", ""I — Retroceso"": ""4.4"", ""J — Trail"": ""13.7"", ""K — Distancia entre ejes"": ""127.3"", ""L — Standover"": ""75.7"", ""Reach (cm)"": ""47.3"", ""Stack (cm)"": ""64.7"", ""Parte central delantera"": ""83.3""}",6699,false,https://www.trekbikes.com/es/es_ES/bicicletas/bicicletas-de-monta%C3%B1a/bicicletas-de-monta%C3%B1a-de-trail/bicicletas-all-mountain/fuel/fuel-lx/fuel-lx-9-x0-axs-gen-7/p/81551/,https://www.trekbikes.com/es/es_ES/bicicletas/bicicletas-de-monta%C3%B1a/bicicletas-de-monta%C3%B1a-de-trail/bicicletas-all-mountain/fuel/fuel-lx/f/F360/fuel-lx-9-x0-axs-gen-7/81551/5353669,html,2026-10-05
Trek,Fuel LX 9 [1718a93c],Fuel LX 9 X0 AXS Gen 7,2027,mtb,XL,XL,,188,196,"188 - 195 cm 6'2"" - 6'5""",ft-in,661,498,"{""Dimensiones de la rueda"": ""29\"""", ""A — Tubo del sillín"": ""45.5"", ""B — Ángulo del tubo del sillín"": ""71.6°"", ""Ángulo efectivo del tubo del sillín"": ""75.9°"", ""C — Longitud del tubo de dirección"": ""14.0"", ""D — Ángulo de la dirección"": ""63.5°"", ""E — Tubo superior efectivo"": ""65.5"", ""F — Altura del eje de pedalier"": ""34.6"", ""G — Altura del eje de pedalier"": ""2.7"", ""H — Longitud de la vaina"": ""44.7"", ""I — Retroceso"": ""4.4"", ""J — Trail"": ""13.7"", ""K — Distancia entre ejes"": ""131.0"", ""L — Standover"": ""76.8"", ""Reach (cm)"": ""49.8"", ""Stack (cm)"": ""66.1"", ""Parte central delantera"": ""86.4""}",6699,false,https://www.trekbikes.com/es/es_ES/bicicletas/bicicletas-de-monta%C3%B1a/bicicletas-de-monta%C3%B1a-de-trail/bicicletas-all-mountain/fuel/fuel-lx/fuel-lx-9-x0-axs-gen-7/p/81551/,https://www.trekbikes.com/es/es_ES/bicicletas/bicicletas-de-monta%C3%B1a/bicicletas-de-monta%C3%B1a-de-trail/bicicletas-all-mountain/fuel/fuel-lx/f/F360/fuel-lx-9-x0-axs-gen-7/81551/5353669,html,2026-10-05
Trek,Fuel LX 9 [1718a93c],Fuel LX 9 XT Di2 Gen 7,2027,mtb,S,S,,155,165,"155 - 165 cm 5'1"" - 5'5""",ft-in,619,418,"{""Dimensiones de la rueda"": ""29\"""", ""A — Tubo del sillín"": ""37.0"", ""B — Ángulo del tubo del sillín"": ""71.5°"", ""Ángulo efectivo del tubo del sillín"": ""77.5°"", ""C — Longitud del tubo de dirección"": ""9.5"", ""D — Ángulo de la dirección"": ""63.4°"", ""E — Tubo superior efectivo"": ""55.2"", ""F — Altura del eje de pedalier"": ""34.7"", ""G — Altura del eje de pedalier"": ""2.6"", ""H — Longitud de la vaina"": ""43.7"", ""I — Retroceso"": ""4.4"", ""J — Trail"": ""13.8"", ""K — Distancia entre ejes"": ""120.0"", ""L — Standover"": ""75.7"", ""Reach (cm)"": ""41.8"", ""Stack (cm)"": ""61.9"", ""Parte central delantera"": ""76.5""}",6199,false,https://www.trekbikes.com/es/es_ES/bicicletas/bicicletas-de-monta%C3%B1a/bicicletas-de-monta%C3%B1a-de-trail/bicicletas-all-mountain/fuel/fuel-lx/fuel-lx-9-xt-di2-gen-7/p/81553/,https://www.trekbikes.com/es/es_ES/bicicletas/bicicletas-de-monta%C3%B1a/bicicletas-de-monta%C3%B1a-de-trail/bicicletas-all-mountain/fuel/fuel-lx/f/F360/fuel-lx-9-xt-di2-gen-7/81553/5353686,html,2026-10-05
Trek,Fuel LX 9 [1718a93c],Fuel LX 9 XT Di2 Gen 7,2027,mtb,M,M,,165,178,"165 - 177 cm 5'5"" - 5'10""",ft-in,633,448,"{""Dimensiones de la rueda"": ""29\"""", ""A — Tubo del sillín"": ""40.0"", ""B — Ángulo del tubo del sillín"": ""71.5°"", ""Ángulo efectivo del tubo del sillín"": ""77.2°"", ""C — Longitud del tubo de dirección"": ""11.0"", ""D — Ángulo de la dirección"": ""63.4°"", ""E — Tubo superior efectivo"": ""58.6"", ""F — Altura del eje de pedalier"": ""34.7"", ""G — Altura del eje de pedalier"": ""2.7"", ""H — Longitud de la vaina"": ""43.7"", ""I — Retroceso"": ""4.4"", ""J — Trail"": ""13.8"", ""K — Distancia entre ejes"": ""123.7"", ""L — Standover"": ""75.4"", ""Reach (cm)"": ""44.8"", ""Stack (cm)"": ""63.3"", ""Parte central delantera"": ""80.1""}",6199,false,https://www.trekbikes.com/es/es_ES/bicicletas/bicicletas-de-monta%C3%B1a/bicicletas-de-monta%C3%B1a-de-trail/bicicletas-all-mountain/fuel/fuel-lx/fuel-lx-9-xt-di2-gen-7/p/81553/,https://www.trekbikes.com/es/es_ES/bicicletas/bicicletas-de-monta%C3%B1a/bicicletas-de-monta%C3%B1a-de-trail/bicicletas-all-mountain/fuel/fuel-lx/f/F360/fuel-lx-9-xt-di2-gen-7/81553/5353686,html,2026-10-05
Trek,Fuel LX 9 [1718a93c],Fuel LX 9 XT Di2 Gen 7,2027,mtb,L,L,,178,188,"177 - 188 cm 5'10"" - 6'2""",ft-in,647,473,"{""Dimensiones de la rueda"": ""29\"""", ""A — Tubo del sillín"": ""42.0"", ""B — Ángulo del tubo del sillín"": ""71.5°"", ""Ángulo efectivo del tubo del sillín"": ""76.4°"", ""C — Longitud del tubo de dirección"": ""12.5"", ""D — Ángulo de la dirección"": ""63.4°"", ""E — Tubo superior efectivo"": ""62.1"", ""F — Altura del eje de pedalier"": ""34.7"", ""G — Altura del eje de pedalier"": ""2.7"", ""H — Longitud de la vaina"": ""44.2"", ""I — Retroceso"": ""4.4"", ""J — Trail"": ""13.7"", ""K — Distancia entre ejes"": ""127.3"", ""L — Standover"": ""75.7"", ""Reach (cm)"": ""47.3"", ""Stack (cm)"": ""64.7"", ""Parte central delantera"": ""83.3""}",6199,false,https://www.trekbikes.com/es/es_ES/bicicletas/bicicletas-de-monta%C3%B1a/bicicletas-de-monta%C3%B1a-de-trail/bicicletas-all-mountain/fuel/fuel-lx/fuel-lx-9-xt-di2-gen-7/p/81553/,https://www.trekbikes.com/es/es_ES/bicicletas/bicicletas-de-monta%C3%B1a/bicicletas-de-monta%C3%B1a-de-trail/bicicletas-all-mountain/fuel/fuel-lx/f/F360/fuel-lx-9-xt-di2-gen-7/81553/5353686,html,2026-10-05
Trek,Fuel LX 9 [1718a93c],Fuel LX 9 XT Di2 Gen 7,2027,mtb,XL,XL,,188,196,"188 - 195 cm 6'2"" - 6'5""",ft-in,661,498,"{""Dimensiones de la rueda"": ""29\"""", ""A — Tubo del sillín"": ""45.5"", ""B — Ángulo del tubo del sillín"": ""71.6°"", ""Ángulo efectivo del tubo del sillín"": ""75.9°"", ""C — Longitud del tubo de dirección"": ""14.0"", ""D — Ángulo de la dirección"": ""63.5°"", ""E — Tubo superior efectivo"": ""65.5"", ""F — Altura del eje de pedalier"": ""34.6"", ""G — Altura del eje de pedalier"": ""2.7"", ""H — Longitud de la vaina"": ""44.7"", ""I — Retroceso"": ""4.4"", ""J — Trail"": ""13.7"", ""K — Distancia entre ejes"": ""131.0"", ""L — Standover"": ""76.8"", ""Reach (cm)"": ""49.8"", ""Stack (cm)"": ""66.1"", ""Parte central delantera"": ""86.4""}",6199,false,https://www.trekbikes.com/es/es_ES/bicicletas/bicicletas-de-monta%C3%B1a/bicicletas-de-monta%C3%B1a-de-trail/bicicletas-all-mountain/fuel/fuel-lx/fuel-lx-9-xt-di2-gen-7/p/81553/,https://www.trekbikes.com/es/es_ES/bicicletas/bicicletas-de-monta%C3%B1a/bicicletas-de-monta%C3%B1a-de-trail/bicicletas-all-mountain/fuel/fuel-lx/f/F360/fuel-lx-9-xt-di2-gen-7/81553/5353686,html,2026-10-05
Trek,Fuel LX 9 [1718a93c],Fuel LX 9 XT Gen 7,2027,mtb,S,S,,155,165,"155 - 165 cm 5'1"" - 5'5""",ft-in,619,418,"{""Dimensiones de la rueda"": ""29\"""", ""A — Tubo del sillín"": ""37.0"", ""B — Ángulo del tubo del sillín"": ""71.5°"", ""Ángulo efectivo del tubo del sillín"": ""77.5°"", ""C — Longitud del tubo de dirección"": ""9.5"", ""D — Ángulo de la dirección"": ""63.4°"", ""E — Tubo superior efectivo"": ""55.2"", ""F — Altura del eje de pedalier"": ""34.7"", ""G — Altura del eje de pedalier"": ""2.6"", ""H — Longitud de la vaina"": ""43.7"", ""I — Retroceso"": ""4.4"", ""J — Trail"": ""13.8"", ""K — Distancia entre ejes"": ""120.0"", ""L — Standover"": ""75.7"", ""Reach (cm)"": ""41.8"", ""Stack (cm)"": ""61.9"", ""Parte central delantera"": ""76.5""}",5699,false,https://www.trekbikes.com/es/es_ES/bicicletas/bicicletas-de-monta%C3%B1a/bicicletas-de-monta%C3%B1a-de-trail/bicicletas-all-mountain/fuel/fuel-lx/fuel-lx-9-xt-gen-7/p/81552/,https://www.trekbikes.com/es/es_ES/bicicletas/bicicletas-de-monta%C3%B1a/bicicletas-de-monta%C3%B1a-de-trail/bicicletas-all-mountain/fuel/fuel-lx/f/F360/fuel-lx-9-xt-gen-7/81552/5353726,html,2026-10-05
Trek,Fuel LX 9 [1718a93c],Fuel LX 9 XT Gen 7,2027,mtb,M,M,,165,178,"165 - 177 cm 5'5"" - 5'10""",ft-in,633,448,"{""Dimensiones de la rueda"": ""29\"""", ""A — Tubo del sillín"": ""40.0"", ""B — Ángulo del tubo del sillín"": ""71.5°"", ""Ángulo efectivo del tubo del sillín"": ""77.2°"", ""C — Longitud del tubo de dirección"": ""11.0"", ""D — Ángulo de la dirección"": ""63.4°"", ""E — Tubo superior efectivo"": ""58.6"", ""F — Altura del eje de pedalier"": ""34.7"", ""G — Altura del eje de pedalier"": ""2.7"", ""H — Longitud de la vaina"": ""43.7"", ""I — Retroceso"": ""4.4"", ""J — Trail"": ""13.8"", ""K — Distancia entre ejes"": ""123.7"", ""L — Standover"": ""75.4"", ""Reach (cm)"": ""44.8"", ""Stack (cm)"": ""63.3"", ""Parte central delantera"": ""80.1""}",5699,false,https://www.trekbikes.com/es/es_ES/bicicletas/bicicletas-de-monta%C3%B1a/bicicletas-de-monta%C3%B1a-de-trail/bicicletas-all-mountain/fuel/fuel-lx/fuel-lx-9-xt-gen-7/p/81552/,https://www.trekbikes.com/es/es_ES/bicicletas/bicicletas-de-monta%C3%B1a/bicicletas-de-monta%C3%B1a-de-trail/bicicletas-all-mountain/fuel/fuel-lx/f/F360/fuel-lx-9-xt-gen-7/81552/5353726,html,2026-10-05
Trek,Fuel LX 9 [1718a93c],Fuel LX 9 XT Gen 7,2027,mtb,L,L,,178,188,"177 - 188 cm 5'10"" - 6'2""",ft-in,647,473,"{""Dimensiones de la rueda"": ""29\"""", ""A — Tubo del sillín"": ""42.0"", ""B — Ángulo del tubo del sillín"": ""71.5°"", ""Ángulo efectivo del tubo del sillín"": ""76.4°"", ""C — Longitud del tubo de dirección"": ""12.5"", ""D — Ángulo de la dirección"": ""63.4°"", ""E — Tubo superior efectivo"": ""62.1"", ""F — Altura del eje de pedalier"": ""34.7"", ""G — Altura del eje de pedalier"": ""2.7"", ""H — Longitud de la vaina"": ""44.2"", ""I — Retroceso"": ""4.4"", ""J — Trail"": ""13.7"", ""K — Distancia entre ejes"": ""127.3"", ""L — Standover"": ""75.7"", ""Reach (cm)"": ""47.3"", ""Stack (cm)"": ""64.7"", ""Parte central delantera"": ""83.3""}",5699,false,https://www.trekbikes.com/es/es_ES/bicicletas/bicicletas-de-monta%C3%B1a/bicicletas-de-monta%C3%B1a-de-trail/bicicletas-all-mountain/fuel/fuel-lx/fuel-lx-9-xt-gen-7/p/81552/,https://www.trekbikes.com/es/es_ES/bicicletas/bicicletas-de-monta%C3%B1a/bicicletas-de-monta%C3%B1a-de-trail/bicicletas-all-mountain/fuel/fuel-lx/f/F360/fuel-lx-9-xt-gen-7/81552/5353726,html,2026-10-05
Trek,Fuel LX 9 [1718a93c],Fuel LX 9 XT Gen 7,2027,mtb,XL,XL,,188,196,"188 - 195 cm 6'2"" - 6'5""",ft-in,661,498,"{""Dimensiones de la rueda"": ""29\"""", ""A — Tubo del sillín"": ""45.5"", ""B — Ángulo del tubo del sillín"": ""71.6°"", ""Ángulo efectivo del tubo del sillín"": ""75.9°"", ""C — Longitud del tubo de dirección"": ""14.0"", ""D — Ángulo de la dirección"": ""63.5°"", ""E — Tubo superior efectivo"": ""65.5"", ""F — Altura del eje de pedalier"": ""34.6"", ""G — Altura del eje de pedalier"": ""2.7"", ""H — Longitud de la vaina"": ""44.7"", ""I — Retroceso"": ""4.4"", ""J — Trail"": ""13.7"", ""K — Distancia entre ejes"": ""131.0"", ""L — Standover"": ""76.8"", ""Reach (cm)"": ""49.8"", ""Stack (cm)"": ""66.1"", ""Parte central delantera"": ""86.4""}",5699,false,https://www.trekbikes.com/es/es_ES/bicicletas/bicicletas-de-monta%C3%B1a/bicicletas-de-monta%C3%B1a-de-trail/bicicletas-all-mountain/fuel/fuel-lx/fuel-lx-9-xt-gen-7/p/81552/,https://www.trekbikes.com/es/es_ES/bicicletas/bicicletas-de-monta%C3%B1a/bicicletas-de-monta%C3%B1a-de-trail/bicicletas-all-mountain/fuel/fuel-lx/f/F360/fuel-lx-9-xt-gen-7/81552/5353726,html,2026-10-05
Trek,Fuel LX 9 [1718a93c],Fuel LX 9 Eagle 90 Gen 7,2027,mtb,S,S,,155,165,"155 - 165 cm 5'1"" - 5'5""",ft-in,619,418,"{""Dimensiones de la rueda"": ""29\"""", ""A — Tubo del sillín"": ""37.0"", ""B — Ángulo del tubo del sillín"": ""71.5°"", ""Ángulo efectivo del tubo del sillín"": ""77.5°"", ""C — Longitud del tubo de dirección"": ""9.5"", ""D — Ángulo de la dirección"": ""63.4°"", ""E — Tubo superior efectivo"": ""55.2"", ""F — Altura del eje de pedalier"": ""34.7"", ""G — Altura del eje de pedalier"": ""2.6"", ""H — Longitud de la vaina"": ""43.7"", ""I — Retroceso"": ""4.4"", ""J — Trail"": ""13.8"", ""K — Distancia entre ejes"": ""120.0"", ""L — Standover"": ""75.7"", ""Reach (cm)"": ""41.8"", ""Stack (cm)"": ""61.9"", ""Parte central delantera"": ""76.5""}",5699,false,https://www.trekbikes.com/es/es_ES/bicicletas/bicicletas-de-monta%C3%B1a/bicicletas-de-monta%C3%B1a-de-trail/bicicletas-all-mountain/fuel/fuel-lx/fuel-lx-9-eagle-90-gen-7/p/81550/,https://www.trekbikes.com/es/es_ES/bicicletas/bicicletas-de-monta%C3%B1a/bicicletas-de-monta%C3%B1a-de-trail/bicicletas-all-mountain/fuel/fuel-lx/f/F360/fuel-lx-9-eagle-90-gen-7/81550/5353710,html,2026-10-05
Trek,Fuel LX 9 [1718a93c],Fuel LX 9 Eagle 90 Gen 7,2027,mtb,M,M,,165,178,"165 - 177 cm 5'5"" - 5'10""",ft-in,633,448,"{""Dimensiones de la rueda"": ""29\"""", ""A — Tubo del sillín"": ""40.0"", ""B — Ángulo del tubo del sillín"": ""71.5°"", ""Ángulo efectivo del tubo del sillín"": ""77.2°"", ""C — Longitud del tubo de dirección"": ""11.0"", ""D — Ángulo de la dirección"": ""63.4°"", ""E — Tubo superior efectivo"": ""58.6"", ""F — Altura del eje de pedalier"": ""34.7"", ""G — Altura del eje de pedalier"": ""2.7"", ""H — Longitud de la vaina"": ""43.7"", ""I — Retroceso"": ""4.4"", ""J — Trail"": ""13.8"", ""K — Distancia entre ejes"": ""123.7"", ""L — Standover"": ""75.4"", ""Reach (cm)"": ""44.8"", ""Stack (cm)"": ""63.3"", ""Parte central delantera"": ""80.1""}",5699,false,https://www.trekbikes.com/es/es_ES/bicicletas/bicicletas-de-monta%C3%B1a/bicicletas-de-monta%C3%B1a-de-trail/bicicletas-all-mountain/fuel/fuel-lx/fuel-lx-9-eagle-90-gen-7/p/81550/,https://www.trekbikes.com/es/es_ES/bicicletas/bicicletas-de-monta%C3%B1a/bicicletas-de-monta%C3%B1a-de-trail/bicicletas-all-mountain/fuel/fuel-lx/f/F360/fuel-lx-9-eagle-90-gen-7/81550/5353710,html,2026-10-05
Trek,Fuel LX 9 [1718a93c],Fuel LX 9 Eagle 90 Gen 7,2027,mtb,L,L,,178,188,"177 - 188 cm 5'10"" - 6'2""",ft-in,647,473,"{""Dimensiones de la rueda"": ""29\"""", ""A — Tubo del sillín"": ""42.0"", ""B — Ángulo del tubo del sillín"": ""71.5°"", ""Ángulo efectivo del tubo del sillín"": ""76.4°"", ""C — Longitud del tubo de dirección"": ""12.5"", ""D — Ángulo de la dirección"": ""63.4°"", ""E — Tubo superior efectivo"": ""62.1"", ""F — Altura del eje de pedalier"": ""34.7"", ""G — Altura del eje de pedalier"": ""2.7"", ""H — Longitud de la vaina"": ""44.2"", ""I — Retroceso"": ""4.4"", ""J — Trail"": ""13.7"", ""K — Distancia entre ejes"": ""127.3"", ""L — Standover"": ""75.7"", ""Reach (cm)"": ""47.3"", ""Stack (cm)"": ""64.7"", ""Parte central delantera"": ""83.3""}",5699,false,https://www.trekbikes.com/es/es_ES/bicicletas/bicicletas-de-monta%C3%B1a/bicicletas-de-monta%C3%B1a-de-trail/bicicletas-all-mountain/fuel/fuel-lx/fuel-lx-9-eagle-90-gen-7/p/81550/,https://www.trekbikes.com/es/es_ES/bicicletas/bicicletas-de-monta%C3%B1a/bicicletas-de-monta%C3%B1a-de-trail/bicicletas-all-mountain/fuel/fuel-lx/f/F360/fuel-lx-9-eagle-90-gen-7/81550/5353710,html,2026-10-05
Trek,Fuel LX 9 [1718a93c],Fuel LX 9 Eagle 90 Gen 7,2027,mtb,XL,XL,,188,196,"188 - 195 cm 6'2"" - 6'5""",ft-in,661,498,"{""Dimensiones de la rueda"": ""29\"""", ""A — Tubo del sillín"": ""45.5"", ""B — Ángulo del tubo del sillín"": ""71.6°"", ""Ángulo efectivo del tubo del sillín"": ""75.9°"", ""C — Longitud del tubo de dirección"": ""14.0"", ""D — Ángulo de la dirección"": ""63.5°"", ""E — Tubo superior efectivo"": ""65.5"", ""F — Altura del eje de pedalier"": ""34.6"", ""G — Altura del eje de pedalier"": ""2.7"", ""H — Longitud de la vaina"": ""44.7"", ""I — Retroceso"": ""4.4"", ""J — Trail"": ""13.7"", ""K — Distancia entre ejes"": ""131.0"", ""L — Standover"": ""76.8"", ""Reach (cm)"": ""49.8"", ""Stack (cm)"": ""66.1"", ""Parte central delantera"": ""86.4""}",5699,false,https://www.trekbikes.com/es/es_ES/bicicletas/bicicletas-de-monta%C3%B1a/bicicletas-de-monta%C3%B1a-de-trail/bicicletas-all-mountain/fuel/fuel-lx/fuel-lx-9-eagle-90-gen-7/p/81550/,https://www.trekbikes.com/es/es_ES/bicicletas/bicicletas-de-monta%C3%B1a/bicicletas-de-monta%C3%B1a-de-trail/bicicletas-all-mountain/fuel/fuel-lx/f/F360/fuel-lx-9-eagle-90-gen-7/81550/5353710,html,2026-10-05
Trek,Fuel EX [db85755a],Fuel EX 9 X0 AXS Gen 7,2027,mtb,S,S,,155,165,"155 - 165 cm 5'1"" - 5'5""",ft-in,610,431,"{""Dimensiones de la rueda"": ""29\""/27.5\"""", ""A — Tubo del sillín"": ""37.0"", ""B — Ángulo del tubo del sillín"": ""72.7°"", ""Ángulo efectivo del tubo del sillín"": ""78.7°"", ""C — Longitud del tubo de dirección"": ""9.5"", ""D — Ángulo de la dirección"": ""64.6°"", ""E — Tubo superior efectivo"": ""54.8"", ""F — Altura del eje de pedalier"": ""34.0"", ""G — Altura del eje de pedalier"": ""3.4"", ""H — Longitud de la vaina"": ""43.7"", ""I — Retroceso"": ""4.4"", ""J — Trail"": ""12.9"", ""K — Distancia entre ejes"": ""118.7"", ""L — Standover"": ""74.8"", ""Reach (cm)"": ""43.1"", ""Stack (cm)"": ""61.0"", ""Parte central delantera"": ""75.4""}",6499,false,https://www.trekbikes.com/es/es_ES/bicicletas/bicicletas-de-monta%C3%B1a/bicicletas-de-monta%C3%B1a-de-trail/bicicletas-all-mountain/fuel/fuel-ex/fuel-ex-9-x0-axs-gen-7/p/79589/,https://www.trekbikes.com/es/es_ES/bicicletas/bicicletas-de-monta%C3%B1a/bicicletas-de-monta%C3%B1a-de-trail/bicicletas-all-mountain/fuel/fuel-ex/f/F360/fuel-ex-9-x0-axs-gen-7/79589/5353751,html,2026-10-05
Trek,Fuel EX [db85755a],Fuel EX 9 X0 AXS Gen 7,2027,mtb,M,M,,165,178,"165 - 177 cm 5'5"" - 5'10""",ft-in,624,460,"{""Dimensiones de la rueda"": ""29\"""", ""A — Tubo del sillín"": ""40.0"", ""B — Ángulo del tubo del sillín"": ""72.6°"", ""Ángulo efectivo del tubo del sillín"": ""78.3°"", ""C — Longitud del tubo de dirección"": ""11.0"", ""D — Ángulo de la dirección"": ""64.5°"", ""E — Tubo superior efectivo"": ""58.3"", ""F — Altura del eje de pedalier"": ""33.9"", ""G — Altura del eje de pedalier"": ""3.5"", ""H — Longitud de la vaina"": ""43.7"", ""I — Retroceso"": ""4.4"", ""J — Trail"": ""12.9"", ""K — Distancia entre ejes"": ""122.5"", ""L — Standover"": ""74.4"", ""Reach (cm)"": ""46.0"", ""Stack (cm)"": ""62.4"", ""Parte central delantera"": ""79.1""}",6499,false,https://www.trekbikes.com/es/es_ES/bicicletas/bicicletas-de-monta%C3%B1a/bicicletas-de-monta%C3%B1a-de-trail/bicicletas-all-mountain/fuel/fuel-ex/fuel-ex-9-x0-axs-gen-7/p/79589/,https://www.trekbikes.com/es/es_ES/bicicletas/bicicletas-de-monta%C3%B1a/bicicletas-de-monta%C3%B1a-de-trail/bicicletas-all-mountain/fuel/fuel-ex/f/F360/fuel-ex-9-x0-axs-gen-7/79589/5353751,html,2026-10-05
Trek,Fuel EX [db85755a],Fuel EX 9 X0 AXS Gen 7,2027,mtb,L,L,,178,188,"177 - 188 cm 5'10"" - 6'2""",ft-in,638,485,"{""Dimensiones de la rueda"": ""29\"""", ""A — Tubo del sillín"": ""42.0"", ""B — Ángulo del tubo del sillín"": ""72.6°"", ""Ángulo efectivo del tubo del sillín"": ""77.4°"", ""C — Longitud del tubo de dirección"": ""12.5"", ""D — Ángulo de la dirección"": ""64.5°"", ""E — Tubo superior efectivo"": ""61.7"", ""F — Altura del eje de pedalier"": ""33.9"", ""G — Altura del eje de pedalier"": ""3.5"", ""H — Longitud de la vaina"": ""44.2"", ""I — Retroceso"": ""4.4"", ""J — Trail"": ""12.9"", ""K — Distancia entre ejes"": ""126.2"", ""L — Standover"": ""74.7"", ""Reach (cm)"": ""48.5"", ""Stack (cm)"": ""63.8"", ""Parte central delantera"": ""82.2""}",6499,false,https://www.trekbikes.com/es/es_ES/bicicletas/bicicletas-de-monta%C3%B1a/bicicletas-de-monta%C3%B1a-de-trail/bicicletas-all-mountain/fuel/fuel-ex/fuel-ex-9-x0-axs-gen-7/p/79589/,https://www.trekbikes.com/es/es_ES/bicicletas/bicicletas-de-monta%C3%B1a/bicicletas-de-monta%C3%B1a-de-trail/bicicletas-all-mountain/fuel/fuel-ex/f/F360/fuel-ex-9-x0-axs-gen-7/79589/5353751,html,2026-10-05
Trek,Fuel EX [db85755a],Fuel EX 9 X0 AXS Gen 7,2027,mtb,XL,XL,,188,196,"188 - 195 cm 6'2"" - 6'5""",ft-in,651,510,"{""Dimensiones de la rueda"": ""29\"""", ""A — Tubo del sillín"": ""45.5"", ""B — Ángulo del tubo del sillín"": ""72.6°"", ""Ángulo efectivo del tubo del sillín"": ""76.9°"", ""C — Longitud del tubo de dirección"": ""14.0"", ""D — Ángulo de la dirección"": ""64.5°"", ""E — Tubo superior efectivo"": ""65.1"", ""F — Altura del eje de pedalier"": ""33.9"", ""G — Altura del eje de pedalier"": ""3.5"", ""H — Longitud de la vaina"": ""44.7"", ""I — Retroceso"": ""4.4"", ""J — Trail"": ""12.9"", ""K — Distancia entre ejes"": ""129.8"", ""L — Standover"": ""75.8"", ""Reach (cm)"": ""51.0"", ""Stack (cm)"": ""65.1"", ""Parte central delantera"": ""85.4""}",6499,false,https://www.trekbikes.com/es/es_ES/bicicletas/bicicletas-de-monta%C3%B1a/bicicletas-de-monta%C3%B1a-de-trail/bicicletas-all-mountain/fuel/fuel-ex/fuel-ex-9-x0-axs-gen-7/p/79589/,https://www.trekbikes.com/es/es_ES/bicicletas/bicicletas-de-monta%C3%B1a/bicicletas-de-monta%C3%B1a-de-trail/bicicletas-all-mountain/fuel/fuel-ex/f/F360/fuel-ex-9-x0-axs-gen-7/79589/5353751,html,2026-10-05
Trek,Fuel EX [db85755a],Fuel EX 9 XT Di2 Gen 7,2027,mtb,S,S,,155,165,"155 - 165 cm 5'1"" - 5'5""",ft-in,610,431,"{""Dimensiones de la rueda"": ""29\""/27.5\"""", ""A — Tubo del sillín"": ""37.0"", ""B — Ángulo del tubo del sillín"": ""72.7°"", ""Ángulo efectivo del tubo del sillín"": ""78.7°"", ""C — Longitud del tubo de dirección"": ""9.5"", ""D — Ángulo de la dirección"": ""64.6°"", ""E — Tubo superior efectivo"": ""54.8"", ""F — Altura del eje de pedalier"": ""34.0"", ""G — Altura del eje de pedalier"": ""3.4"", ""H — Longitud de la vaina"": ""43.7"", ""I — Retroceso"": ""4.4"", ""J — Trail"": ""12.9"", ""K — Distancia entre ejes"": ""118.7"", ""L — Standover"": ""74.8"", ""Reach (cm)"": ""43.1"", ""Stack (cm)"": ""61.0"", ""Parte central delantera"": ""75.4""}",5999,false,https://www.trekbikes.com/es/es_ES/bicicletas/bicicletas-de-monta%C3%B1a/bicicletas-de-monta%C3%B1a-de-trail/bicicletas-all-mountain/fuel/fuel-ex/fuel-ex-9-xt-di2-gen-7/p/79591/,https://www.trekbikes.com/es/es_ES/bicicletas/bicicletas-de-monta%C3%B1a/bicicletas-de-monta%C3%B1a-de-trail/bicicletas-all-mountain/fuel/fuel-ex/f/F360/fuel-ex-9-xt-di2-gen-7/79591/5353702,html,2026-10-05
Trek,Fuel EX [db85755a],Fuel EX 9 XT Di2 Gen 7,2027,mtb,M,M,,165,178,"165 - 177 cm 5'5"" - 5'10""",ft-in,624,460,"{""Dimensiones de la rueda"": ""29\"""", ""A — Tubo del sillín"": ""40.0"", ""B — Ángulo del tubo del sillín"": ""72.6°"", ""Ángulo efectivo del tubo del sillín"": ""78.3°"", ""C — Longitud del tubo de dirección"": ""11.0"", ""D — Ángulo de la dirección"": ""64.5°"", ""E — Tubo superior efectivo"": ""58.3"", ""F — Altura del eje de pedalier"": ""33.9"", ""G — Altura del eje de pedalier"": ""3.5"", ""H — Longitud de la vaina"": ""43.7"", ""I — Retroceso"": ""4.4"", ""J — Trail"": ""12.9"", ""K — Distancia entre ejes"": ""122.5"", ""L — Standover"": ""74.4"", ""Reach (cm)"": ""46.0"", ""Stack (cm)"": ""62.4"", ""Parte central delantera"": ""79.1""}",5999,false,https://www.trekbikes.com/es/es_ES/bicicletas/bicicletas-de-monta%C3%B1a/bicicletas-de-monta%C3%B1a-de-trail/bicicletas-all-mountain/fuel/fuel-ex/fuel-ex-9-xt-di2-gen-7/p/79591/,https://www.trekbikes.com/es/es_ES/bicicletas/bicicletas-de-monta%C3%B1a/bicicletas-de-monta%C3%B1a-de-trail/bicicletas-all-mountain/fuel/fuel-ex/f/F360/fuel-ex-9-xt-di2-gen-7/79591/5353702,html,2026-10-05
Trek,Fuel EX [db85755a],Fuel EX 9 XT Di2 Gen 7,2027,mtb,L,L,,178,188,"177 - 188 cm 5'10"" - 6'2""",ft-in,638,485,"{""Dimensiones de la rueda"": ""29\"""", ""A — Tubo del sillín"": ""42.0"", ""B — Ángulo del tubo del sillín"": ""72.6°"", ""Ángulo efectivo del tubo del sillín"": ""77.4°"", ""C — Longitud del tubo de dirección"": ""12.5"", ""D — Ángulo de la dirección"": ""64.5°"", ""E — Tubo superior efectivo"": ""61.7"", ""F — Altura del eje de pedalier"": ""33.9"", ""G — Altura del eje de pedalier"": ""3.5"", ""H — Longitud de la vaina"": ""44.2"", ""I — Retroceso"": ""4.4"", ""J — Trail"": ""12.9"", ""K — Distancia entre ejes"": ""126.2"", ""L — Standover"": ""74.7"", ""Reach (cm)"": ""48.5"", ""Stack (cm)"": ""63.8"", ""Parte central delantera"": ""82.2""}",5999,false,https://www.trekbikes.com/es/es_ES/bicicletas/bicicletas-de-monta%C3%B1a/bicicletas-de-monta%C3%B1a-de-trail/bicicletas-all-mountain/fuel/fuel-ex/fuel-ex-9-xt-di2-gen-7/p/79591/,https://www.trekbikes.com/es/es_ES/bicicletas/bicicletas-de-monta%C3%B1a/bicicletas-de-monta%C3%B1a-de-trail/bicicletas-all-mountain/fuel/fuel-ex/f/F360/fuel-ex-9-xt-di2-gen-7/79591/5353702,html,2026-10-05
Trek,Fuel EX [db85755a],Fuel EX 9 XT Di2 Gen 7,2027,mtb,XL,XL,,188,196,"188 - 195 cm 6'2"" - 6'5""",ft-in,651,510,"{""Dimensiones de la rueda"": ""29\"""", ""A — Tubo del sillín"": ""45.5"", ""B — Ángulo del tubo del sillín"": ""72.6°"", ""Ángulo efectivo del tubo del sillín"": ""76.9°"", ""C — Longitud del tubo de dirección"": ""14.0"", ""D — Ángulo de la dirección"": ""64.5°"", ""E — Tubo superior efectivo"": ""65.1"", ""F — Altura del eje de pedalier"": ""33.9"", ""G — Altura del eje de pedalier"": ""3.5"", ""H — Longitud de la vaina"": ""44.7"", ""I — Retroceso"": ""4.4"", ""J — Trail"": ""12.9"", ""K — Distancia entre ejes"": ""129.8"", ""L — Standover"": ""75.8"", ""Reach (cm)"": ""51.0"", ""Stack (cm)"": ""65.1"", ""Parte central delantera"": ""85.4""}",5999,false,https://www.trekbikes.com/es/es_ES/bicicletas/bicicletas-de-monta%C3%B1a/bicicletas-de-monta%C3%B1a-de-trail/bicicletas-all-mountain/fuel/fuel-ex/fuel-ex-9-xt-di2-gen-7/p/79591/,https://www.trekbikes.com/es/es_ES/bicicletas/bicicletas-de-monta%C3%B1a/bicicletas-de-monta%C3%B1a-de-trail/bicicletas-all-mountain/fuel/fuel-ex/f/F360/fuel-ex-9-xt-di2-gen-7/79591/5353702,html,2026-10-05
Trek,Fuel EX [db85755a],Fuel EX 9 Eagle 90 Gen 7,2027,mtb,S,S,,155,165,"155 - 165 cm 5'1"" - 5'5""",ft-in,610,431,"{""Dimensiones de la rueda"": ""29\""/27.5\"""", ""A — Tubo del sillín"": ""37.0"", ""B — Ángulo del tubo del sillín"": ""72.7°"", ""Ángulo efectivo del tubo del sillín"": ""78.7°"", ""C — Longitud del tubo de dirección"": ""9.5"", ""D — Ángulo de la dirección"": ""64.6°"", ""E — Tubo superior efectivo"": ""54.8"", ""F — Altura del eje de pedalier"": ""34.0"", ""G — Altura del eje de pedalier"": ""3.4"", ""H — Longitud de la vaina"": ""43.7"", ""I — Retroceso"": ""4.4"", ""J — Trail"": ""12.9"", ""K — Distancia entre ejes"": ""118.7"", ""L — Standover"": ""74.8"", ""Reach (cm)"": ""43.1"", ""Stack (cm)"": ""61.0"", ""Parte central delantera"": ""75.4""}",5499,false,https://www.trekbikes.com/es/es_ES/bicicletas/bicicletas-de-monta%C3%B1a/bicicletas-de-monta%C3%B1a-de-trail/bicicletas-all-mountain/fuel/fuel-ex/fuel-ex-9-eagle-90-gen-7/p/79588/,https://www.trekbikes.com/es/es_ES/bicicletas/bicicletas-de-monta%C3%B1a/bicicletas-de-monta%C3%B1a-de-trail/bicicletas-all-mountain/fuel/fuel-ex/f/F360/fuel-ex-9-eagle-90-gen-7/79588/5353677,html,2026-10-05
Trek,Fuel EX [db85755a],Fuel EX 9 Eagle 90 Gen 7,2027,mtb,M,M,,165,178,"165 - 177 cm 5'5"" - 5'10""",ft-in,624,460,"{""Dimensiones de la rueda"": ""29\"""", ""A — Tubo del sillín"": ""40.0"", ""B — Ángulo del tubo del sillín"": ""72.6°"", ""Ángulo efectivo del tubo del sillín"": ""78.3°"", ""C — Longitud del tubo de dirección"": ""11.0"", ""D — Ángulo de la dirección"": ""64.5°"", ""E — Tubo superior efectivo"": ""58.3"", ""F — Altura del eje de pedalier"": ""33.9"", ""G — Altura del eje de pedalier"": ""3.5"", ""H — Longitud de la vaina"": ""43.7"", ""I — Retroceso"": ""4.4"", ""J — Trail"": ""12.9"", ""K — Distancia entre ejes"": ""122.5"", ""L — Standover"": ""74.4"", ""Reach (cm)"": ""46.0"", ""Stack (cm)"": ""62.4"", ""Parte central delantera"": ""79.1""}",5499,false,https://www.trekbikes.com/es/es_ES/bicicletas/bicicletas-de-monta%C3%B1a/bicicletas-de-monta%C3%B1a-de-trail/bicicletas-all-mountain/fuel/fuel-ex/fuel-ex-9-eagle-90-gen-7/p/79588/,https://www.trekbikes.com/es/es_ES/bicicletas/bicicletas-de-monta%C3%B1a/bicicletas-de-monta%C3%B1a-de-trail/bicicletas-all-mountain/fuel/fuel-ex/f/F360/fuel-ex-9-eagle-90-gen-7/79588/5353677,html,2026-10-05
Trek,Fuel EX [db85755a],Fuel EX 9 Eagle 90 Gen 7,2027,mtb,L,L,,178,188,"177 - 188 cm 5'10"" - 6'2""",ft-in,638,485,"{""Dimensiones de la rueda"": ""29\"""", ""A — Tubo del sillín"": ""42.0"", ""B — Ángulo del tubo del sillín"": ""72.6°"", ""Ángulo efectivo del tubo del sillín"": ""77.4°"", ""C — Longitud del tubo de dirección"": ""12.5"", ""D — Ángulo de la dirección"": ""64.5°"", ""E — Tubo superior efectivo"": ""61.7"", ""F — Altura del eje de pedalier"": ""33.9"", ""G — Altura del eje de pedalier"": ""3.5"", ""H — Longitud de la vaina"": ""44.2"", ""I — Retroceso"": ""4.4"", ""J — Trail"": ""12.9"", ""K — Distancia entre ejes"": ""126.2"", ""L — Standover"": ""74.7"", ""Reach (cm)"": ""48.5"", ""Stack (cm)"": ""63.8"", ""Parte central delantera"": ""82.2""}",5499,false,https://www.trekbikes.com/es/es_ES/bicicletas/bicicletas-de-monta%C3%B1a/bicicletas-de-monta%C3%B1a-de-trail/bicicletas-all-mountain/fuel/fuel-ex/fuel-ex-9-eagle-90-gen-7/p/79588/,https://www.trekbikes.com/es/es_ES/bicicletas/bicicletas-de-monta%C3%B1a/bicicletas-de-monta%C3%B1a-de-trail/bicicletas-all-mountain/fuel/fuel-ex/f/F360/fuel-ex-9-eagle-90-gen-7/79588/5353677,html,2026-10-05
Trek,Fuel EX [db85755a],Fuel EX 9 Eagle 90 Gen 7,2027,mtb,XL,XL,,188,196,"188 - 195 cm 6'2"" - 6'5""",ft-in,651,510,"{""Dimensiones de la rueda"": ""29\"""", ""A — Tubo del sillín"": ""45.5"", ""B — Ángulo del tubo del sillín"": ""72.6°"", ""Ángulo efectivo del tubo del sillín"": ""76.9°"", ""C — Longitud del tubo de dirección"": ""14.0"", ""D — Ángulo de la dirección"": ""64.5°"", ""E — Tubo superior efectivo"": ""65.1"", ""F — Altura del eje de pedalier"": ""33.9"", ""G — Altura del eje de pedalier"": ""3.5"", ""H — Longitud de la vaina"": ""44.7"", ""I — Retroceso"": ""4.4"", ""J — Trail"": ""12.9"", ""K — Distancia entre ejes"": ""129.8"", ""L — Standover"": ""75.8"", ""Reach (cm)"": ""51.0"", ""Stack (cm)"": ""65.1"", ""Parte central delantera"": ""85.4""}",5499,false,https://www.trekbikes.com/es/es_ES/bicicletas/bicicletas-de-monta%C3%B1a/bicicletas-de-monta%C3%B1a-de-trail/bicicletas-all-mountain/fuel/fuel-ex/fuel-ex-9-eagle-90-gen-7/p/79588/,https://www.trekbikes.com/es/es_ES/bicicletas/bicicletas-de-monta%C3%B1a/bicicletas-de-monta%C3%B1a-de-trail/bicicletas-all-mountain/fuel/fuel-ex/f/F360/fuel-ex-9-eagle-90-gen-7/79588/5353677,html,2026-10-05
Trek,Fuel EX [db85755a],Fuel EX 9 XT Gen 7,2027,mtb,S,S,,155,165,"155 - 165 cm 5'1"" - 5'5""",ft-in,610,431,"{""Dimensiones de la rueda"": ""29\""/27.5\"""", ""A — Tubo del sillín"": ""37.0"", ""B — Ángulo del tubo del sillín"": ""72.7°"", ""Ángulo efectivo del tubo del sillín"": ""78.7°"", ""C — Longitud del tubo de dirección"": ""9.5"", ""D — Ángulo de la dirección"": ""64.6°"", ""E — Tubo superior efectivo"": ""54.8"", ""F — Altura del eje de pedalier"": ""34.0"", ""G — Altura del eje de pedalier"": ""3.4"", ""H — Longitud de la vaina"": ""43.7"", ""I — Retroceso"": ""4.4"", ""J — Trail"": ""12.9"", ""K — Distancia entre ejes"": ""118.7"", ""L — Standover"": ""74.8"", ""Reach (cm)"": ""43.1"", ""Stack (cm)"": ""61.0"", ""Parte central delantera"": ""75.4""}",5499,false,https://www.trekbikes.com/es/es_ES/bicicletas/bicicletas-de-monta%C3%B1a/bicicletas-de-monta%C3%B1a-de-trail/bicicletas-all-mountain/fuel/fuel-ex/fuel-ex-9-xt-gen-7/p/79590/,https://www.trekbikes.com/es/es_ES/bicicletas/bicicletas-de-monta%C3%B1a/bicicletas-de-monta%C3%B1a-de-trail/bicicletas-all-mountain/fuel/fuel-ex/f/F360/fuel-ex-9-xt-gen-7/79590/5353734,html,2026-10-05
Trek,Fuel EX [db85755a],Fuel EX 9 XT Gen 7,2027,mtb,M,M,,165,178,"165 - 177 cm 5'5"" - 5'10""",ft-in,624,460,"{""Dimensiones de la rueda"": ""29\"""", ""A — Tubo del sillín"": ""40.0"", ""B — Ángulo del tubo del sillín"": ""72.6°"", ""Ángulo efectivo del tubo del sillín"": ""78.3°"", ""C — Longitud del tubo de dirección"": ""11.0"", ""D — Ángulo de la dirección"": ""64.5°"", ""E — Tubo superior efectivo"": ""58.3"", ""F — Altura del eje de pedalier"": ""33.9"", ""G — Altura del eje de pedalier"": ""3.5"", ""H — Longitud de la vaina"": ""43.7"", ""I — Retroceso"": ""4.4"", ""J — Trail"": ""12.9"", ""K — Distancia entre ejes"": ""122.5"", ""L — Standover"": ""74.4"", ""Reach (cm)"": ""46.0"", ""Stack (cm)"": ""62.4"", ""Parte central delantera"": ""79.1""}",5499,false,https://www.trekbikes.com/es/es_ES/bicicletas/bicicletas-de-monta%C3%B1a/bicicletas-de-monta%C3%B1a-de-trail/bicicletas-all-mountain/fuel/fuel-ex/fuel-ex-9-xt-gen-7/p/79590/,https://www.trekbikes.com/es/es_ES/bicicletas/bicicletas-de-monta%C3%B1a/bicicletas-de-monta%C3%B1a-de-trail/bicicletas-all-mountain/fuel/fuel-ex/f/F360/fuel-ex-9-xt-gen-7/79590/5353734,html,2026-10-05
Trek,Fuel EX [db85755a],Fuel EX 9 XT Gen 7,2027,mtb,L,L,,178,188,"177 - 188 cm 5'10"" - 6'2""",ft-in,638,485,"{""Dimensiones de la rueda"": ""29\"""", ""A — Tubo del sillín"": ""42.0"", ""B — Ángulo del tubo del sillín"": ""72.6°"", ""Ángulo efectivo del tubo del sillín"": ""77.4°"", ""C — Longitud del tubo de dirección"": ""12.5"", ""D — Ángulo de la dirección"": ""64.5°"", ""E — Tubo superior efectivo"": ""61.7"", ""F — Altura del eje de pedalier"": ""33.9"", ""G — Altura del eje de pedalier"": ""3.5"", ""H — Longitud de la vaina"": ""44.2"", ""I — Retroceso"": ""4.4"", ""J — Trail"": ""12.9"", ""K — Distancia entre ejes"": ""126.2"", ""L — Standover"": ""74.7"", ""Reach (cm)"": ""48.5"", ""Stack (cm)"": ""63.8"", ""Parte central delantera"": ""82.2""}",5499,false,https://www.trekbikes.com/es/es_ES/bicicletas/bicicletas-de-monta%C3%B1a/bicicletas-de-monta%C3%B1a-de-trail/bicicletas-all-mountain/fuel/fuel-ex/fuel-ex-9-xt-gen-7/p/79590/,https://www.trekbikes.com/es/es_ES/bicicletas/bicicletas-de-monta%C3%B1a/bicicletas-de-monta%C3%B1a-de-trail/bicicletas-all-mountain/fuel/fuel-ex/f/F360/fuel-ex-9-xt-gen-7/79590/5353734,html,2026-10-05
Trek,Fuel EX [db85755a],Fuel EX 9 XT Gen 7,2027,mtb,XL,XL,,188,196,"188 - 195 cm 6'2"" - 6'5""",ft-in,651,510,"{""Dimensiones de la rueda"": ""29\"""", ""A — Tubo del sillín"": ""45.5"", ""B — Ángulo del tubo del sillín"": ""72.6°"", ""Ángulo efectivo del tubo del sillín"": ""76.9°"", ""C — Longitud del tubo de dirección"": ""14.0"", ""D — Ángulo de la dirección"": ""64.5°"", ""E — Tubo superior efectivo"": ""65.1"", ""F — Altura del eje de pedalier"": ""33.9"", ""G — Altura del eje de pedalier"": ""3.5"", ""H — Longitud de la vaina"": ""44.7"", ""I — Retroceso"": ""4.4"", ""J — Trail"": ""12.9"", ""K — Distancia entre ejes"": ""129.8"", ""L — Standover"": ""75.8"", ""Reach (cm)"": ""51.0"", ""Stack (cm)"": ""65.1"", ""Parte central delantera"": ""85.4""}",5499,false,https://www.trekbikes.com/es/es_ES/bicicletas/bicicletas-de-monta%C3%B1a/bicicletas-de-monta%C3%B1a-de-trail/bicicletas-all-mountain/fuel/fuel-ex/fuel-ex-9-xt-gen-7/p/79590/,https://www.trekbikes.com/es/es_ES/bicicletas/bicicletas-de-monta%C3%B1a/bicicletas-de-monta%C3%B1a-de-trail/bicicletas-all-mountain/fuel/fuel-ex/f/F360/fuel-ex-9-xt-gen-7/79590/5353734,html,2026-10-05
Trek,Fuel EX [db85755a],Fuel EX 8 Gen 7,2027,mtb,S,S,,155,165,"155 - 165 cm 5'1"" - 5'5""",ft-in,610,431,"{""Dimensiones de la rueda"": ""29\""/27.5\"""", ""A — Tubo del sillín"": ""37.0"", ""B — Ángulo del tubo del sillín"": ""72.7°"", ""Ángulo efectivo del tubo del sillín"": ""78.7°"", ""C — Longitud del tubo de dirección"": ""9.5"", ""D — Ángulo de la dirección"": ""64.6°"", ""E — Tubo superior efectivo"": ""54.8"", ""F — Altura del eje de pedalier"": ""34.0"", ""G — Altura del eje de pedalier"": ""3.4"", ""H — Longitud de la vaina"": ""43.7"", ""I — Retroceso"": ""4.4"", ""J — Trail"": ""12.9"", ""K — Distancia entre ejes"": ""118.7"", ""L — Standover"": ""74.8"", ""Reach (cm)"": ""43.1"", ""Stack (cm)"": ""61.0"", ""Parte central delantera"": ""75.4""}",3499,false,https://www.trekbikes.com/es/es_ES/bicicletas/bicicletas-de-monta%C3%B1a/bicicletas-de-monta%C3%B1a-de-trail/bicicletas-all-mountain/fuel/fuel-ex/fuel-ex-8-gen-7/p/79587/,https://www.trekbikes.com/es/es_ES/bicicletas/bicicletas-de-monta%C3%B1a/bicicletas-de-monta%C3%B1a-de-trail/bicicletas-all-mountain/fuel/fuel-ex/f/F360/fuel-ex-8-gen-7/79587/5348802,html,2026-10-05
Trek,Fuel EX [db85755a],Fuel EX 8 Gen 7,2027,mtb,M,M,,165,178,"165 - 177 cm 5'5"" - 5'10""",ft-in,624,460,"{""Dimensiones de la rueda"": ""29\"""", ""A — Tubo del sillín"": ""40.0"", ""B — Ángulo del tubo del sillín"": ""72.6°"", ""Ángulo efectivo del tubo del sillín"": ""78.3°"", ""C — Longitud del tubo de dirección"": ""11.0"", ""D — Ángulo de la dirección"": ""64.5°"", ""E — Tubo superior efectivo"": ""58.3"", ""F — Altura del eje de pedalier"": ""33.9"", ""G — Altura del eje de pedalier"": ""3.5"", ""H — Longitud de la vaina"": ""43.7"", ""I — Retroceso"": ""4.4"", ""J — Trail"": ""12.9"", ""K — Distancia entre ejes"": ""122.5"", ""L — Standover"": ""74.4"", ""Reach (cm)"": ""46.0"", ""Stack (cm)"": ""62.4"", ""Parte central delantera"": ""79.1""}",3499,false,https://www.trekbikes.com/es/es_ES/bicicletas/bicicletas-de-monta%C3%B1a/bicicletas-de-monta%C3%B1a-de-trail/bicicletas-all-mountain/fuel/fuel-ex/fuel-ex-8-gen-7/p/79587/,https://www.trekbikes.com/es/es_ES/bicicletas/bicicletas-de-monta%C3%B1a/bicicletas-de-monta%C3%B1a-de-trail/bicicletas-all-mountain/fuel/fuel-ex/f/F360/fuel-ex-8-gen-7/79587/5348802,html,2026-10-05
Trek,Fuel EX [db85755a],Fuel EX 8 Gen 7,2027,mtb,L,L,,178,188,"177 - 188 cm 5'10"" - 6'2""",ft-in,638,485,"{""Dimensiones de la rueda"": ""29\"""", ""A — Tubo del sillín"": ""42.0"", ""B — Ángulo del tubo del sillín"": ""72.6°"", ""Ángulo efectivo del tubo del sillín"": ""77.4°"", ""C — Longitud del tubo de dirección"": ""12.5"", ""D — Ángulo de la dirección"": ""64.5°"", ""E — Tubo superior efectivo"": ""61.7"", ""F — Altura del eje de pedalier"": ""33.9"", ""G — Altura del eje de pedalier"": ""3.5"", ""H — Longitud de la vaina"": ""44.2"", ""I — Retroceso"": ""4.4"", ""J — Trail"": ""12.9"", ""K — Distancia entre ejes"": ""126.2"", ""L — Standover"": ""74.7"", ""Reach (cm)"": ""48.5"", ""Stack (cm)"": ""63.8"", ""Parte central delantera"": ""82.2""}",3499,false,https://www.trekbikes.com/es/es_ES/bicicletas/bicicletas-de-monta%C3%B1a/bicicletas-de-monta%C3%B1a-de-trail/bicicletas-all-mountain/fuel/fuel-ex/fuel-ex-8-gen-7/p/79587/,https://www.trekbikes.com/es/es_ES/bicicletas/bicicletas-de-monta%C3%B1a/bicicletas-de-monta%C3%B1a-de-trail/bicicletas-all-mountain/fuel/fuel-ex/f/F360/fuel-ex-8-gen-7/79587/5348802,html,2026-10-05
Trek,Fuel EX [db85755a],Fuel EX 8 Gen 7,2027,mtb,XL,XL,,188,196,"188 - 195 cm 6'2"" - 6'5""",ft-in,651,510,"{""Dimensiones de la rueda"": ""29\"""", ""A — Tubo del sillín"": ""45.5"", ""B — Ángulo del tubo del sillín"": ""72.6°"", ""Ángulo efectivo del tubo del sillín"": ""76.9°"", ""C — Longitud del tubo de dirección"": ""14.0"", ""D — Ángulo de la dirección"": ""64.5°"", ""E — Tubo superior efectivo"": ""65.1"", ""F — Altura del eje de pedalier"": ""33.9"", ""G — Altura del eje de pedalier"": ""3.5"", ""H — Longitud de la vaina"": ""44.7"", ""I — Retroceso"": ""4.4"", ""J — Trail"": ""12.9"", ""K — Distancia entre ejes"": ""129.8"", ""L — Standover"": ""75.8"", ""Reach (cm)"": ""51.0"", ""Stack (cm)"": ""65.1"", ""Parte central delantera"": ""85.4""}",3499,false,https://www.trekbikes.com/es/es_ES/bicicletas/bicicletas-de-monta%C3%B1a/bicicletas-de-monta%C3%B1a-de-trail/bicicletas-all-mountain/fuel/fuel-ex/fuel-ex-8-gen-7/p/79587/,https://www.trekbikes.com/es/es_ES/bicicletas/bicicletas-de-monta%C3%B1a/bicicletas-de-monta%C3%B1a-de-trail/bicicletas-all-mountain/fuel/fuel-ex/f/F360/fuel-ex-8-gen-7/79587/5348802,html,2026-10-05
Trek,Fuel EX [db85755a],Fuel EX 5 Gen 7,2027,mtb,S,S,,155,165,"155 - 165 cm 5'1"" - 5'5""",ft-in,610,431,"{""Dimensiones de la rueda"": ""29\""/27.5\"""", ""A — Tubo del sillín"": ""37.0"", ""B — Ángulo del tubo del sillín"": ""72.7°"", ""Ángulo efectivo del tubo del sillín"": ""78.7°"", ""C — Longitud del tubo de dirección"": ""9.5"", ""D — Ángulo de la dirección"": ""64.6°"", ""E — Tubo superior efectivo"": ""54.8"", ""F — Altura del eje de pedalier"": ""34.0"", ""G — Altura del eje de pedalier"": ""3.4"", ""H — Longitud de la vaina"": ""43.7"", ""I — Retroceso"": ""4.4"", ""J — Trail"": ""12.9"", ""K — Distancia entre ejes"": ""118.7"", ""L — Standover"": ""74.8"", ""Reach (cm)"": ""43.1"", ""Stack (cm)"": ""61.0"", ""Parte central delantera"": ""75.4""}",2499,false,https://www.trekbikes.com/es/es_ES/bicicletas/bicicletas-de-monta%C3%B1a/bicicletas-de-monta%C3%B1a-de-trail/bicicletas-all-mountain/fuel/fuel-ex/fuel-ex-5-gen-7/p/79586/,https://www.trekbikes.com/es/es_ES/bicicletas/bicicletas-de-monta%C3%B1a/bicicletas-de-monta%C3%B1a-de-trail/bicicletas-all-mountain/fuel/fuel-ex/f/F360/fuel-ex-5-gen-7/79586/5348786,html,2026-10-05
Trek,Fuel EX [db85755a],Fuel EX 5 Gen 7,2027,mtb,M,M,,165,178,"165 - 177 cm 5'5"" - 5'10""",ft-in,624,460,"{""Dimensiones de la rueda"": ""29\"""", ""A — Tubo del sillín"": ""40.0"", ""B — Ángulo del tubo del sillín"": ""72.6°"", ""Ángulo efectivo del tubo del sillín"": ""78.3°"", ""C — Longitud del tubo de dirección"": ""11.0"", ""D — Ángulo de la dirección"": ""64.5°"", ""E — Tubo superior efectivo"": ""58.3"", ""F — Altura del eje de pedalier"": ""33.9"", ""G — Altura del eje de pedalier"": ""3.5"", ""H — Longitud de la vaina"": ""43.7"", ""I — Retroceso"": ""4.4"", ""J — Trail"": ""12.9"", ""K — Distancia entre ejes"": ""122.5"", ""L — Standover"": ""74.4"", ""Reach (cm)"": ""46.0"", ""Stack (cm)"": ""62.4"", ""Parte central delantera"": ""79.1""}",2499,false,https://www.trekbikes.com/es/es_ES/bicicletas/bicicletas-de-monta%C3%B1a/bicicletas-de-monta%C3%B1a-de-trail/bicicletas-all-mountain/fuel/fuel-ex/fuel-ex-5-gen-7/p/79586/,https://www.trekbikes.com/es/es_ES/bicicletas/bicicletas-de-monta%C3%B1a/bicicletas-de-monta%C3%B1a-de-trail/bicicletas-all-mountain/fuel/fuel-ex/f/F360/fuel-ex-5-gen-7/79586/5348786,html,2026-10-05
Trek,Fuel EX [db85755a],Fuel EX 5 Gen 7,2027,mtb,L,L,,178,188,"177 - 188 cm 5'10"" - 6'2""",ft-in,638,485,"{""Dimensiones de la rueda"": ""29\"""", ""A — Tubo del sillín"": ""42.0"", ""B — Ángulo del tubo del sillín"": ""72.6°"", ""Ángulo efectivo del tubo del sillín"": ""77.4°"", ""C — Longitud del tubo de dirección"": ""12.5"", ""D — Ángulo de la dirección"": ""64.5°"", ""E — Tubo superior efectivo"": ""61.7"", ""F — Altura del eje de pedalier"": ""33.9"", ""G — Altura del eje de pedalier"": ""3.5"", ""H — Longitud de la vaina"": ""44.2"", ""I — Retroceso"": ""4.4"", ""J — Trail"": ""12.9"", ""K — Distancia entre ejes"": ""126.2"", ""L — Standover"": ""74.7"", ""Reach (cm)"": ""48.5"", ""Stack (cm)"": ""63.8"", ""Parte central delantera"": ""82.2""}",2499,false,https://www.trekbikes.com/es/es_ES/bicicletas/bicicletas-de-monta%C3%B1a/bicicletas-de-monta%C3%B1a-de-trail/bicicletas-all-mountain/fuel/fuel-ex/fuel-ex-5-gen-7/p/79586/,https://www.trekbikes.com/es/es_ES/bicicletas/bicicletas-de-monta%C3%B1a/bicicletas-de-monta%C3%B1a-de-trail/bicicletas-all-mountain/fuel/fuel-ex/f/F360/fuel-ex-5-gen-7/79586/5348786,html,2026-10-05
Trek,Fuel EX [db85755a],Fuel EX 5 Gen 7,2027,mtb,XL,XL,,188,196,"188 - 195 cm 6'2"" - 6'5""",ft-in,651,510,"{""Dimensiones de la rueda"": ""29\"""", ""A — Tubo del sillín"": ""45.5"", ""B — Ángulo del tubo del sillín"": ""72.6°"", ""Ángulo efectivo del tubo del sillín"": ""76.9°"", ""C — Longitud del tubo de dirección"": ""14.0"", ""D — Ángulo de la dirección"": ""64.5°"", ""E — Tubo superior efectivo"": ""65.1"", ""F — Altura del eje de pedalier"": ""33.9"", ""G — Altura del eje de pedalier"": ""3.5"", ""H — Longitud de la vaina"": ""44.7"", ""I — Retroceso"": ""4.4"", ""J — Trail"": ""12.9"", ""K — Distancia entre ejes"": ""129.8"", ""L — Standover"": ""75.8"", ""Reach (cm)"": ""51.0"", ""Stack (cm)"": ""65.1"", ""Parte central delantera"": ""85.4""}",2499,false,https://www.trekbikes.com/es/es_ES/bicicletas/bicicletas-de-monta%C3%B1a/bicicletas-de-monta%C3%B1a-de-trail/bicicletas-all-mountain/fuel/fuel-ex/fuel-ex-5-gen-7/p/79586/,https://www.trekbikes.com/es/es_ES/bicicletas/bicicletas-de-monta%C3%B1a/bicicletas-de-monta%C3%B1a-de-trail/bicicletas-all-mountain/fuel/fuel-ex/f/F360/fuel-ex-5-gen-7/79586/5348786,html,2026-10-05
Trek,Fuel MX 9 [e9eb5bc8],Fuel MX 9 X0 AXS Gen 7,2027,mtb,S,S,,155,165,"155 - 165 cm 5'1"" - 5'5""",ft-in,613,426,"{""Dimensiones de la rueda"": ""29\""/27.5\"""", ""A — Tubo del sillín"": ""37.0"", ""B — Ángulo del tubo del sillín"": ""72.3°"", ""Ángulo efectivo del tubo del sillín"": ""78.3°"", ""C — Longitud del tubo de dirección"": ""9.5"", ""D — Ángulo de la dirección"": ""64.2°"", ""E — Tubo superior efectivo"": ""54.9"", ""F — Altura del eje de pedalier"": ""34.3"", ""G — Altura del eje de pedalier"": ""3.1"", ""H — Longitud de la vaina"": ""43.4"", ""I — Retroceso"": ""4.4"", ""J — Trail"": ""13.2"", ""K — Distancia entre ejes"": ""119.1"", ""L — Standover"": ""75.2"", ""Reach (cm)"": ""42.6"", ""Stack (cm)"": ""61.3"", ""Parte central delantera"": ""75.8""}",6499,false,https://www.trekbikes.com/es/es_ES/bicicletas/bicicletas-de-monta%C3%B1a/bicicletas-de-monta%C3%B1a-de-trail/bicicletas-all-mountain/fuel/fuel-mx/fuel-mx-9-x0-axs-gen-7/p/81559/,https://www.trekbikes.com/es/es_ES/bicicletas/bicicletas-de-monta%C3%B1a/bicicletas-de-monta%C3%B1a-de-trail/bicicletas-all-mountain/fuel/fuel-mx/f/F360/fuel-mx-9-x0-axs-gen-7/81559/5353661,html,2026-10-05
Trek,Fuel MX 9 [e9eb5bc8],Fuel MX 9 X0 AXS Gen 7,2027,mtb,M,M,,165,178,"165 - 177 cm 5'5"" - 5'10""",ft-in,627,456,"{""Dimensiones de la rueda"": ""29\""/27.5\"""", ""A — Tubo del sillín"": ""40.0"", ""B — Ángulo del tubo del sillín"": ""72.3°"", ""Ángulo efectivo del tubo del sillín"": ""77.5°"", ""C — Longitud del tubo de dirección"": ""11.0"", ""D — Ángulo de la dirección"": ""64.2°"", ""E — Tubo superior efectivo"": ""58.4"", ""F — Altura del eje de pedalier"": ""34.3"", ""G — Altura del eje de pedalier"": ""3.1"", ""H — Longitud de la vaina"": ""43.4"", ""I — Retroceso"": ""4.4"", ""J — Trail"": ""13.2"", ""K — Distancia entre ejes"": ""122.8"", ""L — Standover"": ""74.9"", ""Reach (cm)"": ""45.6"", ""Stack (cm)"": ""62.7"", ""Parte central delantera"": ""79.5""}",6499,false,https://www.trekbikes.com/es/es_ES/bicicletas/bicicletas-de-monta%C3%B1a/bicicletas-de-monta%C3%B1a-de-trail/bicicletas-all-mountain/fuel/fuel-mx/fuel-mx-9-x0-axs-gen-7/p/81559/,https://www.trekbikes.com/es/es_ES/bicicletas/bicicletas-de-monta%C3%B1a/bicicletas-de-monta%C3%B1a-de-trail/bicicletas-all-mountain/fuel/fuel-mx/f/F360/fuel-mx-9-x0-axs-gen-7/81559/5353661,html,2026-10-05
Trek,Fuel MX 9 [e9eb5bc8],Fuel MX 9 X0 AXS Gen 7,2027,mtb,L,L,,178,188,"177 - 188 cm 5'10"" - 6'2""",ft-in,641,482,"{""Dimensiones de la rueda"": ""29\""/27.5\"""", ""A — Tubo del sillín"": ""42.0"", ""B — Ángulo del tubo del sillín"": ""72.3°"", ""Ángulo efectivo del tubo del sillín"": ""77.0°"", ""C — Longitud del tubo de dirección"": ""12.5"", ""D — Ángulo de la dirección"": ""64.2°"", ""E — Tubo superior efectivo"": ""61.8"", ""F — Altura del eje de pedalier"": ""34.3"", ""G — Altura del eje de pedalier"": ""3.1"", ""H — Longitud de la vaina"": ""43.9"", ""I — Retroceso"": ""4.4"", ""J — Trail"": ""13.2"", ""K — Distancia entre ejes"": ""126.4"", ""L — Standover"": ""75.2"", ""Reach (cm)"": ""48.2"", ""Stack (cm)"": ""64.1"", ""Parte central delantera"": ""82.6""}",6499,false,https://www.trekbikes.com/es/es_ES/bicicletas/bicicletas-de-monta%C3%B1a/bicicletas-de-monta%C3%B1a-de-trail/bicicletas-all-mountain/fuel/fuel-mx/fuel-mx-9-x0-axs-gen-7/p/81559/,https://www.trekbikes.com/es/es_ES/bicicletas/bicicletas-de-monta%C3%B1a/bicicletas-de-monta%C3%B1a-de-trail/bicicletas-all-mountain/fuel/fuel-mx/f/F360/fuel-mx-9-x0-axs-gen-7/81559/5353661,html,2026-10-05
Trek,Fuel MX 9 [e9eb5bc8],Fuel MX 9 X0 AXS Gen 7,2027,mtb,XL,XL,,188,196,"188 - 195 cm 6'2"" - 6'5""",ft-in,654,507,"{""Dimensiones de la rueda"": ""29\""/27.5\"""", ""A — Tubo del sillín"": ""45.5"", ""B — Ángulo del tubo del sillín"": ""72.3°"", ""Ángulo efectivo del tubo del sillín"": ""76.6°"", ""C — Longitud del tubo de dirección"": ""14.0"", ""D — Ángulo de la dirección"": ""64.2°"", ""E — Tubo superior efectivo"": ""65.2"", ""F — Altura del eje de pedalier"": ""34.3"", ""G — Altura del eje de pedalier"": ""3.1"", ""H — Longitud de la vaina"": ""44.4"", ""I — Retroceso"": ""4.4"", ""J — Trail"": ""13.2"", ""K — Distancia entre ejes"": ""130.1"", ""L — Standover"": ""76.3"", ""Reach (cm)"": ""50.7"", ""Stack (cm)"": ""65.4"", ""Parte central delantera"": ""85.7""}",6499,false,https://www.trekbikes.com/es/es_ES/bicicletas/bicicletas-de-monta%C3%B1a/bicicletas-de-monta%C3%B1a-de-trail/bicicletas-all-mountain/fuel/fuel-mx/fuel-mx-9-x0-axs-gen-7/p/81559/,https://www.trekbikes.com/es/es_ES/bicicletas/bicicletas-de-monta%C3%B1a/bicicletas-de-monta%C3%B1a-de-trail/bicicletas-all-mountain/fuel/fuel-mx/f/F360/fuel-mx-9-x0-axs-gen-7/81559/5353661,html,2026-10-05
Trek,Fuel MX 9 [e9eb5bc8],Fuel MX 9 XT Di2 Gen 7,2027,mtb,S,S,,155,165,"155 - 165 cm 5'1"" - 5'5""",ft-in,613,426,"{""Dimensiones de la rueda"": ""29\""/27.5\"""", ""A — Tubo del sillín"": ""37.0"", ""B — Ángulo del tubo del sillín"": ""72.3°"", ""Ángulo efectivo del tubo del sillín"": ""78.3°"", ""C — Longitud del tubo de dirección"": ""9.5"", ""D — Ángulo de la dirección"": ""64.2°"", ""E — Tubo superior efectivo"": ""54.9"", ""F — Altura del eje de pedalier"": ""34.3"", ""G — Altura del eje de pedalier"": ""3.1"", ""H — Longitud de la vaina"": ""43.4"", ""I — Retroceso"": ""4.4"", ""J — Trail"": ""13.2"", ""K — Distancia entre ejes"": ""119.1"", ""L — Standover"": ""75.2"", ""Reach (cm)"": ""42.6"", ""Stack (cm)"": ""61.3"", ""Parte central delantera"": ""75.8""}",5999,false,https://www.trekbikes.com/es/es_ES/bicicletas/bicicletas-de-monta%C3%B1a/bicicletas-de-monta%C3%B1a-de-trail/bicicletas-all-mountain/fuel/fuel-mx/fuel-mx-9-xt-di2-gen-7/p/81561/,https://www.trekbikes.com/es/es_ES/bicicletas/bicicletas-de-monta%C3%B1a/bicicletas-de-monta%C3%B1a-de-trail/bicicletas-all-mountain/fuel/fuel-mx/f/F360/fuel-mx-9-xt-di2-gen-7/81561/5353694,html,2026-10-05
Trek,Fuel MX 9 [e9eb5bc8],Fuel MX 9 XT Di2 Gen 7,2027,mtb,M,M,,165,178,"165 - 177 cm 5'5"" - 5'10""",ft-in,627,456,"{""Dimensiones de la rueda"": ""29\""/27.5\"""", ""A — Tubo del sillín"": ""40.0"", ""B — Ángulo del tubo del sillín"": ""72.3°"", ""Ángulo efectivo del tubo del sillín"": ""77.5°"", ""C — Longitud del tubo de dirección"": ""11.0"", ""D — Ángulo de la dirección"": ""64.2°"", ""E — Tubo superior efectivo"": ""58.4"", ""F — Altura del eje de pedalier"": ""34.3"", ""G — Altura del eje de pedalier"": ""3.1"", ""H — Longitud de la vaina"": ""43.4"", ""I — Retroceso"": ""4.4"", ""J — Trail"": ""13.2"", ""K — Distancia entre ejes"": ""122.8"", ""L — Standover"": ""74.9"", ""Reach (cm)"": ""45.6"", ""Stack (cm)"": ""62.7"", ""Parte central delantera"": ""79.5""}",5999,false,https://www.trekbikes.com/es/es_ES/bicicletas/bicicletas-de-monta%C3%B1a/bicicletas-de-monta%C3%B1a-de-trail/bicicletas-all-mountain/fuel/fuel-mx/fuel-mx-9-xt-di2-gen-7/p/81561/,https://www.trekbikes.com/es/es_ES/bicicletas/bicicletas-de-monta%C3%B1a/bicicletas-de-monta%C3%B1a-de-trail/bicicletas-all-mountain/fuel/fuel-mx/f/F360/fuel-mx-9-xt-di2-gen-7/81561/5353694,html,2026-10-05
Trek,Fuel MX 9 [e9eb5bc8],Fuel MX 9 XT Di2 Gen 7,2027,mtb,L,L,,178,188,"177 - 188 cm 5'10"" - 6'2""",ft-in,641,482,"{""Dimensiones de la rueda"": ""29\""/27.5\"""", ""A — Tubo del sillín"": ""42.0"", ""B — Ángulo del tubo del sillín"": ""72.3°"", ""Ángulo efectivo del tubo del sillín"": ""77.0°"", ""C — Longitud del tubo de dirección"": ""12.5"", ""D — Ángulo de la dirección"": ""64.2°"", ""E — Tubo superior efectivo"": ""61.8"", ""F — Altura del eje de pedalier"": ""34.3"", ""G — Altura del eje de pedalier"": ""3.1"", ""H — Longitud de la vaina"": ""43.9"", ""I — Retroceso"": ""4.4"", ""J — Trail"": ""13.2"", ""K — Distancia entre ejes"": ""126.4"", ""L — Standover"": ""75.2"", ""Reach (cm)"": ""48.2"", ""Stack (cm)"": ""64.1"", ""Parte central delantera"": ""82.6""}",5999,false,https://www.trekbikes.com/es/es_ES/bicicletas/bicicletas-de-monta%C3%B1a/bicicletas-de-monta%C3%B1a-de-trail/bicicletas-all-mountain/fuel/fuel-mx/fuel-mx-9-xt-di2-gen-7/p/81561/,https://www.trekbikes.com/es/es_ES/bicicletas/bicicletas-de-monta%C3%B1a/bicicletas-de-monta%C3%B1a-de-trail/bicicletas-all-mountain/fuel/fuel-mx/f/F360/fuel-mx-9-xt-di2-gen-7/81561/5353694,html,2026-10-05
Trek,Fuel MX 9 [e9eb5bc8],Fuel MX 9 XT Di2 Gen 7,2027,mtb,XL,XL,,188,196,"188 - 195 cm 6'2"" - 6'5""",ft-in,654,507,"{""Dimensiones de la rueda"": ""29\""/27.5\"""", ""A — Tubo del sillín"": ""45.5"", ""B — Ángulo del tubo del sillín"": ""72.3°"", ""Ángulo efectivo del tubo del sillín"": ""76.6°"", ""C — Longitud del tubo de dirección"": ""14.0"", ""D — Ángulo de la dirección"": ""64.2°"", ""E — Tubo superior efectivo"": ""65.2"", ""F — Altura del eje de pedalier"": ""34.3"", ""G — Altura del eje de pedalier"": ""3.1"", ""H — Longitud de la vaina"": ""44.4"", ""I — Retroceso"": ""4.4"", ""J — Trail"": ""13.2"", ""K — Distancia entre ejes"": ""130.1"", ""L — Standover"": ""76.3"", ""Reach (cm)"": ""50.7"", ""Stack (cm)"": ""65.4"", ""Parte central delantera"": ""85.7""}",5999,false,https://www.trekbikes.com/es/es_ES/bicicletas/bicicletas-de-monta%C3%B1a/bicicletas-de-monta%C3%B1a-de-trail/bicicletas-all-mountain/fuel/fuel-mx/fuel-mx-9-xt-di2-gen-7/p/81561/,https://www.trekbikes.com/es/es_ES/bicicletas/bicicletas-de-monta%C3%B1a/bicicletas-de-monta%C3%B1a-de-trail/bicicletas-all-mountain/fuel/fuel-mx/f/F360/fuel-mx-9-xt-di2-gen-7/81561/5353694,html,2026-10-05
Trek,Fuel MX 9 [e9eb5bc8],Fuel MX 9 XT Gen 7,2027,mtb,S,S,,155,165,"155 - 165 cm 5'1"" - 5'5""",ft-in,613,426,"{""Dimensiones de la rueda"": ""29\""/27.5\"""", ""A — Tubo del sillín"": ""37.0"", ""B — Ángulo del tubo del sillín"": ""72.3°"", ""Ángulo efectivo del tubo del sillín"": ""78.3°"", ""C — Longitud del tubo de dirección"": ""9.5"", ""D — Ángulo de la dirección"": ""64.2°"", ""E — Tubo superior efectivo"": ""54.9"", ""F — Altura del eje de pedalier"": ""34.3"", ""G — Altura del eje de pedalier"": ""3.1"", ""H — Longitud de la vaina"": ""43.4"", ""I — Retroceso"": ""4.4"", ""J — Trail"": ""13.2"", ""K — Distancia entre ejes"": ""119.1"", ""L — Standover"": ""75.2"", ""Reach (cm)"": ""42.6"", ""Stack (cm)"": ""61.3"", ""Parte central delantera"": ""75.8""}",5499,false,https://www.trekbikes.com/es/es_ES/bicicletas/bicicletas-de-monta%C3%B1a/bicicletas-de-monta%C3%B1a-de-trail/bicicletas-all-mountain/fuel/fuel-mx/fuel-mx-9-xt-gen-7/p/81560/,https://www.trekbikes.com/es/es_ES/bicicletas/bicicletas-de-monta%C3%B1a/bicicletas-de-monta%C3%B1a-de-trail/bicicletas-all-mountain/fuel/fuel-mx/f/F360/fuel-mx-9-xt-gen-7/81560/5353743,html,2026-10-05
Trek,Fuel MX 9 [e9eb5bc8],Fuel MX 9 XT Gen 7,2027,mtb,M,M,,165,178,"165 - 177 cm 5'5"" - 5'10""",ft-in,627,456,"{""Dimensiones de la rueda"": ""29\""/27.5\"""", ""A — Tubo del sillín"": ""40.0"", ""B — Ángulo del tubo del sillín"": ""72.3°"", ""Ángulo efectivo del tubo del sillín"": ""77.5°"", ""C — Longitud del tubo de dirección"": ""11.0"", ""D — Ángulo de la dirección"": ""64.2°"", ""E — Tubo superior efectivo"": ""58.4"", ""F — Altura del eje de pedalier"": ""34.3"", ""G — Altura del eje de pedalier"": ""3.1"", ""H — Longitud de la vaina"": ""43.4"", ""I — Retroceso"": ""4.4"", ""J — Trail"": ""13.2"", ""K — Distancia entre ejes"": ""122.8"", ""L — Standover"": ""74.9"", ""Reach (cm)"": ""45.6"", ""Stack (cm)"": ""62.7"", ""Parte central delantera"": ""79.5""}",5499,false,https://www.trekbikes.com/es/es_ES/bicicletas/bicicletas-de-monta%C3%B1a/bicicletas-de-monta%C3%B1a-de-trail/bicicletas-all-mountain/fuel/fuel-mx/fuel-mx-9-xt-gen-7/p/81560/,https://www.trekbikes.com/es/es_ES/bicicletas/bicicletas-de-monta%C3%B1a/bicicletas-de-monta%C3%B1a-de-trail/bicicletas-all-mountain/fuel/fuel-mx/f/F360/fuel-mx-9-xt-gen-7/81560/5353743,html,2026-10-05
Trek,Fuel MX 9 [e9eb5bc8],Fuel MX 9 XT Gen 7,2027,mtb,L,L,,178,188,"177 - 188 cm 5'10"" - 6'2""",ft-in,641,482,"{""Dimensiones de la rueda"": ""29\""/27.5\"""", ""A — Tubo del sillín"": ""42.0"", ""B — Ángulo del tubo del sillín"": ""72.3°"", ""Ángulo efectivo del tubo del sillín"": ""77.0°"", ""C — Longitud del tubo de dirección"": ""12.5"", ""D — Ángulo de la dirección"": ""64.2°"", ""E — Tubo superior efectivo"": ""61.8"", ""F — Altura del eje de pedalier"": ""34.3"", ""G — Altura del eje de pedalier"": ""3.1"", ""H — Longitud de la vaina"": ""43.9"", ""I — Retroceso"": ""4.4"", ""J — Trail"": ""13.2"", ""K — Distancia entre ejes"": ""126.4"", ""L — Standover"": ""75.2"", ""Reach (cm)"": ""48.2"", ""Stack (cm)"": ""64.1"", ""Parte central delantera"": ""82.6""}",5499,false,https://www.trekbikes.com/es/es_ES/bicicletas/bicicletas-de-monta%C3%B1a/bicicletas-de-monta%C3%B1a-de-trail/bicicletas-all-mountain/fuel/fuel-mx/fuel-mx-9-xt-gen-7/p/81560/,https://www.trekbikes.com/es/es_ES/bicicletas/bicicletas-de-monta%C3%B1a/bicicletas-de-monta%C3%B1a-de-trail/bicicletas-all-mountain/fuel/fuel-mx/f/F360/fuel-mx-9-xt-gen-7/81560/5353743,html,2026-10-05
Trek,Fuel MX 9 [e9eb5bc8],Fuel MX 9 XT Gen 7,2027,mtb,XL,XL,,188,196,"188 - 195 cm 6'2"" - 6'5""",ft-in,654,507,"{""Dimensiones de la rueda"": ""29\""/27.5\"""", ""A — Tubo del sillín"": ""45.5"", ""B — Ángulo del tubo del sillín"": ""72.3°"", ""Ángulo efectivo del tubo del sillín"": ""76.6°"", ""C — Longitud del tubo de dirección"": ""14.0"", ""D — Ángulo de la dirección"": ""64.2°"", ""E — Tubo superior efectivo"": ""65.2"", ""F — Altura del eje de pedalier"": ""34.3"", ""G — Altura del eje de pedalier"": ""3.1"", ""H — Longitud de la vaina"": ""44.4"", ""I — Retroceso"": ""4.4"", ""J — Trail"": ""13.2"", ""K — Distancia entre ejes"": ""130.1"", ""L — Standover"": ""76.3"", ""Reach (cm)"": ""50.7"", ""Stack (cm)"": ""65.4"", ""Parte central delantera"": ""85.7""}",5499,false,https://www.trekbikes.com/es/es_ES/bicicletas/bicicletas-de-monta%C3%B1a/bicicletas-de-monta%C3%B1a-de-trail/bicicletas-all-mountain/fuel/fuel-mx/fuel-mx-9-xt-gen-7/p/81560/,https://www.trekbikes.com/es/es_ES/bicicletas/bicicletas-de-monta%C3%B1a/bicicletas-de-monta%C3%B1a-de-trail/bicicletas-all-mountain/fuel/fuel-mx/f/F360/fuel-mx-9-xt-gen-7/81560/5353743,html,2026-10-05
Trek,Fuel MX 9 [e9eb5bc8],Fuel MX 9 Eagle 90 Gen 7,2027,mtb,S,S,,155,165,"155 - 165 cm 5'1"" - 5'5""",ft-in,613,426,"{""Dimensiones de la rueda"": ""29\""/27.5\"""", ""A — Tubo del sillín"": ""37.0"", ""B — Ángulo del tubo del sillín"": ""72.3°"", ""Ángulo efectivo del tubo del sillín"": ""78.3°"", ""C — Longitud del tubo de dirección"": ""9.5"", ""D — Ángulo de la dirección"": ""64.2°"", ""E — Tubo superior efectivo"": ""54.9"", ""F — Altura del eje de pedalier"": ""34.3"", ""G — Altura del eje de pedalier"": ""3.1"", ""H — Longitud de la vaina"": ""43.4"", ""I — Retroceso"": ""4.4"", ""J — Trail"": ""13.2"", ""K — Distancia entre ejes"": ""119.1"", ""L — Standover"": ""75.2"", ""Reach (cm)"": ""42.6"", ""Stack (cm)"": ""61.3"", ""Parte central delantera"": ""75.8""}",5499,false,https://www.trekbikes.com/es/es_ES/bicicletas/bicicletas-de-monta%C3%B1a/bicicletas-de-monta%C3%B1a-de-trail/bicicletas-all-mountain/fuel/fuel-mx/fuel-mx-9-eagle-90-gen-7/p/81558/,https://www.trekbikes.com/es/es_ES/bicicletas/bicicletas-de-monta%C3%B1a/bicicletas-de-monta%C3%B1a-de-trail/bicicletas-all-mountain/fuel/fuel-mx/f/F360/fuel-mx-9-eagle-90-gen-7/81558/5353718,html,2026-10-05
Trek,Fuel MX 9 [e9eb5bc8],Fuel MX 9 Eagle 90 Gen 7,2027,mtb,M,M,,165,178,"165 - 177 cm 5'5"" - 5'10""",ft-in,627,456,"{""Dimensiones de la rueda"": ""29\""/27.5\"""", ""A — Tubo del sillín"": ""40.0"", ""B — Ángulo del tubo del sillín"": ""72.3°"", ""Ángulo efectivo del tubo del sillín"": ""77.5°"", ""C — Longitud del tubo de dirección"": ""11.0"", ""D — Ángulo de la dirección"": ""64.2°"", ""E — Tubo superior efectivo"": ""58.4"", ""F — Altura del eje de pedalier"": ""34.3"", ""G — Altura del eje de pedalier"": ""3.1"", ""H — Longitud de la vaina"": ""43.4"", ""I — Retroceso"": ""4.4"", ""J — Trail"": ""13.2"", ""K — Distancia entre ejes"": ""122.8"", ""L — Standover"": ""74.9"", ""Reach (cm)"": ""45.6"", ""Stack (cm)"": ""62.7"", ""Parte central delantera"": ""79.5""}",5499,false,https://www.trekbikes.com/es/es_ES/bicicletas/bicicletas-de-monta%C3%B1a/bicicletas-de-monta%C3%B1a-de-trail/bicicletas-all-mountain/fuel/fuel-mx/fuel-mx-9-eagle-90-gen-7/p/81558/,https://www.trekbikes.com/es/es_ES/bicicletas/bicicletas-de-monta%C3%B1a/bicicletas-de-monta%C3%B1a-de-trail/bicicletas-all-mountain/fuel/fuel-mx/f/F360/fuel-mx-9-eagle-90-gen-7/81558/5353718,html,2026-10-05
Trek,Fuel MX 9 [e9eb5bc8],Fuel MX 9 Eagle 90 Gen 7,2027,mtb,L,L,,178,188,"177 - 188 cm 5'10"" - 6'2""",ft-in,641,482,"{""Dimensiones de la rueda"": ""29\""/27.5\"""", ""A — Tubo del sillín"": ""42.0"", ""B — Ángulo del tubo del sillín"": ""72.3°"", ""Ángulo efectivo del tubo del sillín"": ""77.0°"", ""C — Longitud del tubo de dirección"": ""12.5"", ""D — Ángulo de la dirección"": ""64.2°"", ""E — Tubo superior efectivo"": ""61.8"", ""F — Altura del eje de pedalier"": ""34.3"", ""G — Altura del eje de pedalier"": ""3.1"", ""H — Longitud de la vaina"": ""43.9"", ""I — Retroceso"": ""4.4"", ""J — Trail"": ""13.2"", ""K — Distancia entre ejes"": ""126.4"", ""L — Standover"": ""75.2"", ""Reach (cm)"": ""48.2"", ""Stack (cm)"": ""64.1"", ""Parte central delantera"": ""82.6""}",5499,false,https://www.trekbikes.com/es/es_ES/bicicletas/bicicletas-de-monta%C3%B1a/bicicletas-de-monta%C3%B1a-de-trail/bicicletas-all-mountain/fuel/fuel-mx/fuel-mx-9-eagle-90-gen-7/p/81558/,https://www.trekbikes.com/es/es_ES/bicicletas/bicicletas-de-monta%C3%B1a/bicicletas-de-monta%C3%B1a-de-trail/bicicletas-all-mountain/fuel/fuel-mx/f/F360/fuel-mx-9-eagle-90-gen-7/81558/5353718,html,2026-10-05
Trek,Fuel MX 9 [e9eb5bc8],Fuel MX 9 Eagle 90 Gen 7,2027,mtb,XL,XL,,188,196,"188 - 195 cm 6'2"" - 6'5""",ft-in,654,507,"{""Dimensiones de la rueda"": ""29\""/27.5\"""", ""A — Tubo del sillín"": ""45.5"", ""B — Ángulo del tubo del sillín"": ""72.3°"", ""Ángulo efectivo del tubo del sillín"": ""76.6°"", ""C — Longitud del tubo de dirección"": ""14.0"", ""D — Ángulo de la dirección"": ""64.2°"", ""E — Tubo superior efectivo"": ""65.2"", ""F — Altura del eje de pedalier"": ""34.3"", ""G — Altura del eje de pedalier"": ""3.1"", ""H — Longitud de la vaina"": ""44.4"", ""I — Retroceso"": ""4.4"", ""J — Trail"": ""13.2"", ""K — Distancia entre ejes"": ""130.1"", ""L — Standover"": ""76.3"", ""Reach (cm)"": ""50.7"", ""Stack (cm)"": ""65.4"", ""Parte central delantera"": ""85.7""}",5499,false,https://www.trekbikes.com/es/es_ES/bicicletas/bicicletas-de-monta%C3%B1a/bicicletas-de-monta%C3%B1a-de-trail/bicicletas-all-mountain/fuel/fuel-mx/fuel-mx-9-eagle-90-gen-7/p/81558/,https://www.trekbikes.com/es/es_ES/bicicletas/bicicletas-de-monta%C3%B1a/bicicletas-de-monta%C3%B1a-de-trail/bicicletas-all-mountain/fuel/fuel-mx/f/F360/fuel-mx-9-eagle-90-gen-7/81558/5353718,html,2026-10-05
Trek,Powerfly FS+ 8 Gen 4 [6d8d3bc5],Powerfly FS+ 8 Gen 4,2027,emtb,S,S,,155,165,"155 - 165 cm 5'1"" - 5'5""",ft-in,597,425,"{""Dimensiones de la rueda"": ""27.5\"""", ""A — Tubo del sillín"": ""38.0"", ""B — Ángulo del tubo del sillín"": ""71.1°"", ""Ángulo efectivo del tubo del sillín"": ""77.0°"", ""C — Longitud del tubo de dirección"": ""13.0"", ""D — Ángulo de la dirección"": ""65.0°"", ""E — Tubo superior efectivo"": ""56.3"", ""F — Altura del eje de pedalier"": ""33.0"", ""G — Altura del eje de pedalier"": ""3.0"", ""H — Longitud de la vaina"": ""45.8"", ""I — Retroceso"": ""4.4"", ""J — Trail"": ""12.3"", ""K — Distancia entre ejes"": ""120.1"", ""L — Standover"": ""75.6"", ""Reach (cm)"": ""42.5"", ""Stack (cm)"": ""59.7""}",5999,false,https://www.trekbikes.com/es/es_ES/bicicletas/bicicletas-de-monta%C3%B1a/bicicletas-el%C3%A9ctricas-de-monta%C3%B1a/powerfly/powerfly-de-doble-suspensi%C3%B3n/powerfly-fs-8-gen-4/p/79981/,https://www.trekbikes.com/es/es_ES/bicicletas/bicicletas-de-monta%C3%B1a/bicicletas-el%C3%A9ctricas-de-monta%C3%B1a/powerfly/powerfly-de-doble-suspensi%C3%B3n/f/F338/powerfly-fs%252b-8-gen-4/79981/5350250,html,2026-10-05
Trek,Powerfly FS+ 8 Gen 4 [6d8d3bc5],Powerfly FS+ 8 Gen 4,2027,emtb,M,M,,165,178,"165 - 177 cm 5'5"" - 5'10""",ft-in,629,450,"{""Dimensiones de la rueda"": ""29\"""", ""A — Tubo del sillín"": ""40.0"", ""B — Ángulo del tubo del sillín"": ""71.3°"", ""Ángulo efectivo del tubo del sillín"": ""77.0°"", ""C — Longitud del tubo de dirección"": ""11.0"", ""D — Ángulo de la dirección"": ""66.0°"", ""E — Tubo superior efectivo"": ""59.5"", ""F — Altura del eje de pedalier"": ""33.5"", ""G — Altura del eje de pedalier"": ""4.5"", ""H — Longitud de la vaina"": ""46.1"", ""I — Retroceso"": ""4.4"", ""J — Trail"": ""12.5"", ""K — Distancia entre ejes"": ""122.3"", ""L — Standover"": ""78.0"", ""Reach (cm)"": ""45.0"", ""Stack (cm)"": ""62.9""}",5999,false,https://www.trekbikes.com/es/es_ES/bicicletas/bicicletas-de-monta%C3%B1a/bicicletas-el%C3%A9ctricas-de-monta%C3%B1a/powerfly/powerfly-de-doble-suspensi%C3%B3n/powerfly-fs-8-gen-4/p/79981/,https://www.trekbikes.com/es/es_ES/bicicletas/bicicletas-de-monta%C3%B1a/bicicletas-el%C3%A9ctricas-de-monta%C3%B1a/powerfly/powerfly-de-doble-suspensi%C3%B3n/f/F338/powerfly-fs%252b-8-gen-4/79981/5350250,html,2026-10-05
Trek,Powerfly FS+ 8 Gen 4 [6d8d3bc5],Powerfly FS+ 8 Gen 4,2027,emtb,L,L,,178,188,"177 - 188 cm 5'10"" - 6'2""",ft-in,647,475,"{""Dimensiones de la rueda"": ""29\"""", ""A — Tubo del sillín"": ""42.0"", ""B — Ángulo del tubo del sillín"": ""71.2°"", ""Ángulo efectivo del tubo del sillín"": ""77.0°"", ""C — Longitud del tubo de dirección"": ""13.0"", ""D — Ángulo de la dirección"": ""66.0°"", ""E — Tubo superior efectivo"": ""63.0"", ""F — Altura del eje de pedalier"": ""33.5"", ""G — Altura del eje de pedalier"": ""4.5"", ""H — Longitud de la vaina"": ""46.1"", ""I — Retroceso"": ""4.4"", ""J — Trail"": ""12.5"", ""K — Distancia entre ejes"": ""125.7"", ""L — Standover"": ""77.5"", ""Reach (cm)"": ""47.5"", ""Stack (cm)"": ""64.7""}",5999,false,https://www.trekbikes.com/es/es_ES/bicicletas/bicicletas-de-monta%C3%B1a/bicicletas-el%C3%A9ctricas-de-monta%C3%B1a/powerfly/powerfly-de-doble-suspensi%C3%B3n/powerfly-fs-8-gen-4/p/79981/,https://www.trekbikes.com/es/es_ES/bicicletas/bicicletas-de-monta%C3%B1a/bicicletas-el%C3%A9ctricas-de-monta%C3%B1a/powerfly/powerfly-de-doble-suspensi%C3%B3n/f/F338/powerfly-fs%252b-8-gen-4/79981/5350250,html,2026-10-05
Trek,Powerfly FS+ 8 Gen 4 [6d8d3bc5],Powerfly FS+ 8 Gen 4,2027,emtb,XL,XL,,188,196,"188 - 195 cm 6'2"" - 6'5""",ft-in,666,500,"{""Dimensiones de la rueda"": ""29\"""", ""A — Tubo del sillín"": ""45.0"", ""B — Ángulo del tubo del sillín"": ""72.4°"", ""Ángulo efectivo del tubo del sillín"": ""77.0°"", ""C — Longitud del tubo de dirección"": ""15.0"", ""D — Ángulo de la dirección"": ""66.0°"", ""E — Tubo superior efectivo"": ""65.4"", ""F — Altura del eje de pedalier"": ""33.5"", ""G — Altura del eje de pedalier"": ""4.5"", ""H — Longitud de la vaina"": ""46.1"", ""I — Retroceso"": ""4.4"", ""J — Trail"": ""12.5"", ""K — Distancia entre ejes"": ""129.0"", ""L — Standover"": ""77.8"", ""Reach (cm)"": ""50.0"", ""Stack (cm)"": ""66.6""}",5999,false,https://www.trekbikes.com/es/es_ES/bicicletas/bicicletas-de-monta%C3%B1a/bicicletas-el%C3%A9ctricas-de-monta%C3%B1a/powerfly/powerfly-de-doble-suspensi%C3%B3n/powerfly-fs-8-gen-4/p/79981/,https://www.trekbikes.com/es/es_ES/bicicletas/bicicletas-de-monta%C3%B1a/bicicletas-el%C3%A9ctricas-de-monta%C3%B1a/powerfly/powerfly-de-doble-suspensi%C3%B3n/f/F338/powerfly-fs%252b-8-gen-4/79981/5350250,html,2026-10-05
Trek,Powerfly FS+ 8 Gen 4 [6d8d3bc5],Powerfly FS+ 6 Gen 4,2027,emtb,S,S,,155,165,"155 - 165 cm 5'1"" - 5'5""",ft-in,597,425,"{""Dimensiones de la rueda"": ""27.5\"""", ""A — Tubo del sillín"": ""38.0"", ""B — Ángulo del tubo del sillín"": ""71.1°"", ""Ángulo efectivo del tubo del sillín"": ""77.0°"", ""C — Longitud del tubo de dirección"": ""13.0"", ""D — Ángulo de la dirección"": ""65.0°"", ""E — Tubo superior efectivo"": ""56.3"", ""F — Altura del eje de pedalier"": ""33.0"", ""G — Altura del eje de pedalier"": ""3.0"", ""H — Longitud de la vaina"": ""45.8"", ""I — Retroceso"": ""4.4"", ""J — Trail"": ""12.3"", ""K — Distancia entre ejes"": ""120.1"", ""L — Standover"": ""75.6"", ""Reach (cm)"": ""42.5"", ""Stack (cm)"": ""59.7""}",4999,false,https://www.trekbikes.com/es/es_ES/bicicletas/bicicletas-de-monta%C3%B1a/bicicletas-el%C3%A9ctricas-de-monta%C3%B1a/powerfly/powerfly-de-doble-suspensi%C3%B3n/powerfly-fs-6-gen-4/p/79853/,https://www.trekbikes.com/es/es_ES/bicicletas/bicicletas-de-monta%C3%B1a/bicicletas-el%C3%A9ctricas-de-monta%C3%B1a/powerfly/powerfly-de-doble-suspensi%C3%B3n/f/F338/powerfly-fs%252b-6-gen-4/79853/5349856,html,2026-10-05
Trek,Powerfly FS+ 8 Gen 4 [6d8d3bc5],Powerfly FS+ 6 Gen 4,2027,emtb,M,M,,165,178,"165 - 177 cm 5'5"" - 5'10""",ft-in,629,450,"{""Dimensiones de la rueda"": ""29\"""", ""A — Tubo del sillín"": ""40.0"", ""B — Ángulo del tubo del sillín"": ""71.3°"", ""Ángulo efectivo del tubo del sillín"": ""77.0°"", ""C — Longitud del tubo de dirección"": ""11.0"", ""D — Ángulo de la dirección"": ""66.0°"", ""E — Tubo superior efectivo"": ""59.5"", ""F — Altura del eje de pedalier"": ""33.5"", ""G — Altura del eje de pedalier"": ""4.5"", ""H — Longitud de la vaina"": ""46.1"", ""I — Retroceso"": ""4.4"", ""J — Trail"": ""12.5"", ""K — Distancia entre ejes"": ""122.3"", ""L — Standover"": ""78.0"", ""Reach (cm)"": ""45.0"", ""Stack (cm)"": ""62.9""}",4999,false,https://www.trekbikes.com/es/es_ES/bicicletas/bicicletas-de-monta%C3%B1a/bicicletas-el%C3%A9ctricas-de-monta%C3%B1a/powerfly/powerfly-de-doble-suspensi%C3%B3n/powerfly-fs-6-gen-4/p/79853/,https://www.trekbikes.com/es/es_ES/bicicletas/bicicletas-de-monta%C3%B1a/bicicletas-el%C3%A9ctricas-de-monta%C3%B1a/powerfly/powerfly-de-doble-suspensi%C3%B3n/f/F338/powerfly-fs%252b-6-gen-4/79853/5349856,html,2026-10-05
Trek,Powerfly FS+ 8 Gen 4 [6d8d3bc5],Powerfly FS+ 6 Gen 4,2027,emtb,L,L,,178,188,"177 - 188 cm 5'10"" - 6'2""",ft-in,647,475,"{""Dimensiones de la rueda"": ""29\"""", ""A — Tubo del sillín"": ""42.0"", ""B — Ángulo del tubo del sillín"": ""71.2°"", ""Ángulo efectivo del tubo del sillín"": ""77.0°"", ""C — Longitud del tubo de dirección"": ""13.0"", ""D — Ángulo de la dirección"": ""66.0°"", ""E — Tubo superior efectivo"": ""63.0"", ""F — Altura del eje de pedalier"": ""33.5"", ""G — Altura del eje de pedalier"": ""4.5"", ""H — Longitud de la vaina"": ""46.1"", ""I — Retroceso"": ""4.4"", ""J — Trail"": ""12.5"", ""K — Distancia entre ejes"": ""125.7"", ""L — Standover"": ""77.5"", ""Reach (cm)"": ""47.5"", ""Stack (cm)"": ""64.7""}",4999,false,https://www.trekbikes.com/es/es_ES/bicicletas/bicicletas-de-monta%C3%B1a/bicicletas-el%C3%A9ctricas-de-monta%C3%B1a/powerfly/powerfly-de-doble-suspensi%C3%B3n/powerfly-fs-6-gen-4/p/79853/,https://www.trekbikes.com/es/es_ES/bicicletas/bicicletas-de-monta%C3%B1a/bicicletas-el%C3%A9ctricas-de-monta%C3%B1a/powerfly/powerfly-de-doble-suspensi%C3%B3n/f/F338/powerfly-fs%252b-6-gen-4/79853/5349856,html,2026-10-05
Trek,Powerfly FS+ 8 Gen 4 [6d8d3bc5],Powerfly FS+ 6 Gen 4,2027,emtb,XL,XL,,188,196,"188 - 195 cm 6'2"" - 6'5""",ft-in,666,500,"{""Dimensiones de la rueda"": ""29\"""", ""A — Tubo del sillín"": ""45.0"", ""B — Ángulo del tubo del sillín"": ""72.4°"", ""Ángulo efectivo del tubo del sillín"": ""77.0°"", ""C — Longitud del tubo de dirección"": ""15.0"", ""D — Ángulo de la dirección"": ""66.0°"", ""E — Tubo superior efectivo"": ""65.4"", ""F — Altura del eje de pedalier"": ""33.5"", ""G — Altura del eje de pedalier"": ""4.5"", ""H — Longitud de la vaina"": ""46.1"", ""I — Retroceso"": ""4.4"", ""J — Trail"": ""12.5"", ""K — Distancia entre ejes"": ""129.0"", ""L — Standover"": ""77.8"", ""Reach (cm)"": ""50.0"", ""Stack (cm)"": ""66.6""}",4999,false,https://www.trekbikes.com/es/es_ES/bicicletas/bicicletas-de-monta%C3%B1a/bicicletas-el%C3%A9ctricas-de-monta%C3%B1a/powerfly/powerfly-de-doble-suspensi%C3%B3n/powerfly-fs-6-gen-4/p/79853/,https://www.trekbikes.com/es/es_ES/bicicletas/bicicletas-de-monta%C3%B1a/bicicletas-el%C3%A9ctricas-de-monta%C3%B1a/powerfly/powerfly-de-doble-suspensi%C3%B3n/f/F338/powerfly-fs%252b-6-gen-4/79853/5349856,html,2026-10-05
Trek,Powerfly FS+ 8 Gen 4 [6d8d3bc5],Powerfly FS+ 5 Gen 4,2027,emtb,S,S,,155,165,"155 - 165 cm 5'1"" - 5'5""",ft-in,597,425,"{""Dimensiones de la rueda"": ""27.5\"""", ""A — Tubo del sillín"": ""38.0"", ""B — Ángulo del tubo del sillín"": ""71.1°"", ""Ángulo efectivo del tubo del sillín"": ""77.0°"", ""C — Longitud del tubo de dirección"": ""13.0"", ""D — Ángulo de la dirección"": ""65.0°"", ""E — Tubo superior efectivo"": ""56.3"", ""F — Altura del eje de pedalier"": ""33.0"", ""G — Altura del eje de pedalier"": ""3.0"", ""H — Longitud de la vaina"": ""45.8"", ""I — Retroceso"": ""4.4"", ""J — Trail"": ""12.3"", ""K — Distancia entre ejes"": ""120.1"", ""L — Standover"": ""75.6"", ""Reach (cm)"": ""42.5"", ""Stack (cm)"": ""59.7""}",4499,false,https://www.trekbikes.com/es/es_ES/bicicletas/bicicletas-de-monta%C3%B1a/bicicletas-el%C3%A9ctricas-de-monta%C3%B1a/powerfly/powerfly-de-doble-suspensi%C3%B3n/powerfly-fs-5-gen-4/p/79851/,https://www.trekbikes.com/es/es_ES/bicicletas/bicicletas-de-monta%C3%B1a/bicicletas-el%C3%A9ctricas-de-monta%C3%B1a/powerfly/powerfly-de-doble-suspensi%C3%B3n/f/F338/powerfly-fs%252b-5-gen-4/79851/5349798,html,2026-10-05
Trek,Powerfly FS+ 8 Gen 4 [6d8d3bc5],Powerfly FS+ 5 Gen 4,2027,emtb,M,M,,165,178,"165 - 177 cm 5'5"" - 5'10""",ft-in,629,450,"{""Dimensiones de la rueda"": ""29\"""", ""A — Tubo del sillín"": ""40.0"", ""B — Ángulo del tubo del sillín"": ""71.3°"", ""Ángulo efectivo del tubo del sillín"": ""77.0°"", ""C — Longitud del tubo de dirección"": ""11.0"", ""D — Ángulo de la dirección"": ""66.0°"", ""E — Tubo superior efectivo"": ""59.5"", ""F — Altura del eje de pedalier"": ""33.5"", ""G — Altura del eje de pedalier"": ""4.5"", ""H — Longitud de la vaina"": ""46.1"", ""I — Retroceso"": ""4.4"", ""J — Trail"": ""12.5"", ""K — Distancia entre ejes"": ""122.3"", ""L — Standover"": ""78.0"", ""Reach (cm)"": ""45.0"", ""Stack (cm)"": ""62.9""}",4499,false,https://www.trekbikes.com/es/es_ES/bicicletas/bicicletas-de-monta%C3%B1a/bicicletas-el%C3%A9ctricas-de-monta%C3%B1a/powerfly/powerfly-de-doble-suspensi%C3%B3n/powerfly-fs-5-gen-4/p/79851/,https://www.trekbikes.com/es/es_ES/bicicletas/bicicletas-de-monta%C3%B1a/bicicletas-el%C3%A9ctricas-de-monta%C3%B1a/powerfly/powerfly-de-doble-suspensi%C3%B3n/f/F338/powerfly-fs%252b-5-gen-4/79851/5349798,html,2026-10-05
Trek,Powerfly FS+ 8 Gen 4 [6d8d3bc5],Powerfly FS+ 5 Gen 4,2027,emtb,L,L,,178,188,"177 - 188 cm 5'10"" - 6'2""",ft-in,647,475,"{""Dimensiones de la rueda"": ""29\"""", ""A — Tubo del sillín"": ""42.0"", ""B — Ángulo del tubo del sillín"": ""71.2°"", ""Ángulo efectivo del tubo del sillín"": ""77.0°"", ""C — Longitud del tubo de dirección"": ""13.0"", ""D — Ángulo de la dirección"": ""66.0°"", ""E — Tubo superior efectivo"": ""63.0"", ""F — Altura del eje de pedalier"": ""33.5"", ""G — Altura del eje de pedalier"": ""4.5"", ""H — Longitud de la vaina"": ""46.1"", ""I — Retroceso"": ""4.4"", ""J — Trail"": ""12.5"", ""K — Distancia entre ejes"": ""125.7"", ""L — Standover"": ""77.5"", ""Reach (cm)"": ""47.5"", ""Stack (cm)"": ""64.7""}",4499,false,https://www.trekbikes.com/es/es_ES/bicicletas/bicicletas-de-monta%C3%B1a/bicicletas-el%C3%A9ctricas-de-monta%C3%B1a/powerfly/powerfly-de-doble-suspensi%C3%B3n/powerfly-fs-5-gen-4/p/79851/,https://www.trekbikes.com/es/es_ES/bicicletas/bicicletas-de-monta%C3%B1a/bicicletas-el%C3%A9ctricas-de-monta%C3%B1a/powerfly/powerfly-de-doble-suspensi%C3%B3n/f/F338/powerfly-fs%252b-5-gen-4/79851/5349798,html,2026-10-05
Trek,Powerfly FS+ 8 Gen 4 [6d8d3bc5],Powerfly FS+ 5 Gen 4,2027,emtb,XL,XL,,188,196,"188 - 195 cm 6'2"" - 6'5""",ft-in,666,500,"{""Dimensiones de la rueda"": ""29\"""", ""A — Tubo del sillín"": ""45.0"", ""B — Ángulo del tubo del sillín"": ""72.4°"", ""Ángulo efectivo del tubo del sillín"": ""77.0°"", ""C — Longitud del tubo de dirección"": ""15.0"", ""D — Ángulo de la dirección"": ""66.0°"", ""E — Tubo superior efectivo"": ""65.4"", ""F — Altura del eje de pedalier"": ""33.5"", ""G — Altura del eje de pedalier"": ""4.5"", ""H — Longitud de la vaina"": ""46.1"", ""I — Retroceso"": ""4.4"", ""J — Trail"": ""12.5"", ""K — Distancia entre ejes"": ""129.0"", ""L — Standover"": ""77.8"", ""Reach (cm)"": ""50.0"", ""Stack (cm)"": ""66.6""}",4499,false,https://www.trekbikes.com/es/es_ES/bicicletas/bicicletas-de-monta%C3%B1a/bicicletas-el%C3%A9ctricas-de-monta%C3%B1a/powerfly/powerfly-de-doble-suspensi%C3%B3n/powerfly-fs-5-gen-4/p/79851/,https://www.trekbikes.com/es/es_ES/bicicletas/bicicletas-de-monta%C3%B1a/bicicletas-el%C3%A9ctricas-de-monta%C3%B1a/powerfly/powerfly-de-doble-suspensi%C3%B3n/f/F338/powerfly-fs%252b-5-gen-4/79851/5349798,html,2026-10-05
Trek,Powerfly FS+ 8 Gen 4 [6d8d3bc5],Powerfly+ FS 4 Equipped 800 Gen 4,2027,emtb,S,S,,155,165,"155 - 165 cm 5'1"" - 5'5""",ft-in,597,425,"{""Dimensiones de la rueda"": ""27.5\"""", ""A — Tubo del sillín"": ""38.0"", ""B — Ángulo del tubo del sillín"": ""71.1°"", ""Ángulo efectivo del tubo del sillín"": ""77.0°"", ""C — Longitud del tubo de dirección"": ""13.0"", ""D — Ángulo de la dirección"": ""65.0°"", ""E — Tubo superior efectivo"": ""56.3"", ""F — Altura del eje de pedalier"": ""33.0"", ""G — Altura del eje de pedalier"": ""3.0"", ""H — Longitud de la vaina"": ""45.8"", ""I — Retroceso"": ""4.4"", ""J — Trail"": ""12.3"", ""K — Distancia entre ejes"": ""120.1"", ""L — Standover"": ""75.6"", ""Reach (cm)"": ""42.5"", ""Stack (cm)"": ""59.7""}",4499,false,https://www.trekbikes.com/es/es_ES/bicicletas/bicicletas-de-monta%C3%B1a/bicicletas-el%C3%A9ctricas-de-monta%C3%B1a/powerfly/powerfly-de-doble-suspensi%C3%B3n/powerfly-fs-4-equipped-800-gen-4/p/79833/,https://www.trekbikes.com/es/es_ES/bicicletas/bicicletas-de-monta%C3%B1a/bicicletas-el%C3%A9ctricas-de-monta%C3%B1a/powerfly/powerfly-de-doble-suspensi%C3%B3n/f/F338/powerfly%252b-fs-4-equipped-800-gen-4/79833/5349593,html,2026-10-05
Trek,Powerfly FS+ 8 Gen 4 [6d8d3bc5],Powerfly+ FS 4 Equipped 800 Gen 4,2027,emtb,M,M,,165,178,"165 - 177 cm 5'5"" - 5'10""",ft-in,629,450,"{""Dimensiones de la rueda"": ""29\"""", ""A — Tubo del sillín"": ""40.0"", ""B — Ángulo del tubo del sillín"": ""71.3°"", ""Ángulo efectivo del tubo del sillín"": ""77.0°"", ""C — Longitud del tubo de dirección"": ""11.0"", ""D — Ángulo de la dirección"": ""66.0°"", ""E — Tubo superior efectivo"": ""59.5"", ""F — Altura del eje de pedalier"": ""33.5"", ""G — Altura del eje de pedalier"": ""4.5"", ""H — Longitud de la vaina"": ""46.1"", ""I — Retroceso"": ""4.4"", ""J — Trail"": ""12.5"", ""K — Distancia entre ejes"": ""122.3"", ""L — Standover"": ""78.0"", ""Reach (cm)"": ""45.0"", ""Stack (cm)"": ""62.9""}",4499,false,https://www.trekbikes.com/es/es_ES/bicicletas/bicicletas-de-monta%C3%B1a/bicicletas-el%C3%A9ctricas-de-monta%C3%B1a/powerfly/powerfly-de-doble-suspensi%C3%B3n/powerfly-fs-4-equipped-800-gen-4/p/79833/,https://www.trekbikes.com/es/es_ES/bicicletas/bicicletas-de-monta%C3%B1a/bicicletas-el%C3%A9ctricas-de-monta%C3%B1a/powerfly/powerfly-de-doble-suspensi%C3%B3n/f/F338/powerfly%252b-fs-4-equipped-800-gen-4/79833/5349593,html,2026-10-05
Trek,Powerfly FS+ 8 Gen 4 [6d8d3bc5],Powerfly+ FS 4 Equipped 800 Gen 4,2027,emtb,L,L,,178,188,"177 - 188 cm 5'10"" - 6'2""",ft-in,647,475,"{""Dimensiones de la rueda"": ""29\"""", ""A — Tubo del sillín"": ""42.0"", ""B — Ángulo del tubo del sillín"": ""71.2°"", ""Ángulo efectivo del tubo del sillín"": ""77.0°"", ""C — Longitud del tubo de dirección"": ""13.0"", ""D — Ángulo de la dirección"": ""66.0°"", ""E — Tubo superior efectivo"": ""63.0"", ""F — Altura del eje de pedalier"": ""33.5"", ""G — Altura del eje de pedalier"": ""4.5"", ""H — Longitud de la vaina"": ""46.1"", ""I — Retroceso"": ""4.4"", ""J — Trail"": ""12.5"", ""K — Distancia entre ejes"": ""125.7"", ""L — Standover"": ""77.5"", ""Reach (cm)"": ""47.5"", ""Stack (cm)"": ""64.7""}",4499,false,https://www.trekbikes.com/es/es_ES/bicicletas/bicicletas-de-monta%C3%B1a/bicicletas-el%C3%A9ctricas-de-monta%C3%B1a/powerfly/powerfly-de-doble-suspensi%C3%B3n/powerfly-fs-4-equipped-800-gen-4/p/79833/,https://www.trekbikes.com/es/es_ES/bicicletas/bicicletas-de-monta%C3%B1a/bicicletas-el%C3%A9ctricas-de-monta%C3%B1a/powerfly/powerfly-de-doble-suspensi%C3%B3n/f/F338/powerfly%252b-fs-4-equipped-800-gen-4/79833/5349593,html,2026-10-05
Trek,Powerfly FS+ 8 Gen 4 [6d8d3bc5],Powerfly+ FS 4 Equipped 800 Gen 4,2027,emtb,XL,XL,,188,196,"188 - 195 cm 6'2"" - 6'5""",ft-in,666,500,"{""Dimensiones de la rueda"": ""29\"""", ""A — Tubo del sillín"": ""45.0"", ""B — Ángulo del tubo del sillín"": ""72.4°"", ""Ángulo efectivo del tubo del sillín"": ""77.0°"", ""C — Longitud del tubo de dirección"": ""15.0"", ""D — Ángulo de la dirección"": ""66.0°"", ""E — Tubo superior efectivo"": ""65.4"", ""F — Altura del eje de pedalier"": ""33.5"", ""G — Altura del eje de pedalier"": ""4.5"", ""H — Longitud de la vaina"": ""46.1"", ""I — Retroceso"": ""4.4"", ""J — Trail"": ""12.5"", ""K — Distancia entre ejes"": ""129.0"", ""L — Standover"": ""77.8"", ""Reach (cm)"": ""50.0"", ""Stack (cm)"": ""66.6""}",4499,false,https://www.trekbikes.com/es/es_ES/bicicletas/bicicletas-de-monta%C3%B1a/bicicletas-el%C3%A9ctricas-de-monta%C3%B1a/powerfly/powerfly-de-doble-suspensi%C3%B3n/powerfly-fs-4-equipped-800-gen-4/p/79833/,https://www.trekbikes.com/es/es_ES/bicicletas/bicicletas-de-monta%C3%B1a/bicicletas-el%C3%A9ctricas-de-monta%C3%B1a/powerfly/powerfly-de-doble-suspensi%C3%B3n/f/F338/powerfly%252b-fs-4-equipped-800-gen-4/79833/5349593,html,2026-10-05
Trek,Powerfly FS+ 8 Gen 4 [6d8d3bc5],Powerfly FS+ 4 800 Gen 4,2027,emtb,S,S,,155,165,"155 - 165 cm 5'1"" - 5'5""",ft-in,597,425,"{""Dimensiones de la rueda"": ""27.5\"""", ""A — Tubo del sillín"": ""38.0"", ""B — Ángulo del tubo del sillín"": ""71.1°"", ""Ángulo efectivo del tubo del sillín"": ""77.0°"", ""C — Longitud del tubo de dirección"": ""13.0"", ""D — Ángulo de la dirección"": ""65.0°"", ""E — Tubo superior efectivo"": ""56.3"", ""F — Altura del eje de pedalier"": ""33.0"", ""G — Altura del eje de pedalier"": ""3.0"", ""H — Longitud de la vaina"": ""45.8"", ""I — Retroceso"": ""4.4"", ""J — Trail"": ""12.3"", ""K — Distancia entre ejes"": ""120.1"", ""L — Standover"": ""75.6"", ""Reach (cm)"": ""42.5"", ""Stack (cm)"": ""59.7""}",4199,false,https://www.trekbikes.com/es/es_ES/bicicletas/bicicletas-de-monta%C3%B1a/bicicletas-el%C3%A9ctricas-de-monta%C3%B1a/powerfly/powerfly-de-doble-suspensi%C3%B3n/powerfly-fs-4-800-gen-4/p/79832/,https://www.trekbikes.com/es/es_ES/bicicletas/bicicletas-de-monta%C3%B1a/bicicletas-el%C3%A9ctricas-de-monta%C3%B1a/powerfly/powerfly-de-doble-suspensi%C3%B3n/f/F338/powerfly-fs%252b-4-800-gen-4/79832/5349576,html,2026-10-05
Trek,Powerfly FS+ 8 Gen 4 [6d8d3bc5],Powerfly FS+ 4 800 Gen 4,2027,emtb,M,M,,165,178,"165 - 177 cm 5'5"" - 5'10""",ft-in,629,450,"{""Dimensiones de la rueda"": ""29\"""", ""A — Tubo del sillín"": ""40.0"", ""B — Ángulo del tubo del sillín"": ""71.3°"", ""Ángulo efectivo del tubo del sillín"": ""77.0°"", ""C — Longitud del tubo de dirección"": ""11.0"", ""D — Ángulo de la dirección"": ""66.0°"", ""E — Tubo superior efectivo"": ""59.5"", ""F — Altura del eje de pedalier"": ""33.5"", ""G — Altura del eje de pedalier"": ""4.5"", ""H — Longitud de la vaina"": ""46.1"", ""I — Retroceso"": ""4.4"", ""J — Trail"": ""12.5"", ""K — Distancia entre ejes"": ""122.3"", ""L — Standover"": ""78.0"", ""Reach (cm)"": ""45.0"", ""Stack (cm)"": ""62.9""}",4199,false,https://www.trekbikes.com/es/es_ES/bicicletas/bicicletas-de-monta%C3%B1a/bicicletas-el%C3%A9ctricas-de-monta%C3%B1a/powerfly/powerfly-de-doble-suspensi%C3%B3n/powerfly-fs-4-800-gen-4/p/79832/,https://www.trekbikes.com/es/es_ES/bicicletas/bicicletas-de-monta%C3%B1a/bicicletas-el%C3%A9ctricas-de-monta%C3%B1a/powerfly/powerfly-de-doble-suspensi%C3%B3n/f/F338/powerfly-fs%252b-4-800-gen-4/79832/5349576,html,2026-10-05
Trek,Powerfly FS+ 8 Gen 4 [6d8d3bc5],Powerfly FS+ 4 800 Gen 4,2027,emtb,L,L,,178,188,"177 - 188 cm 5'10"" - 6'2""",ft-in,647,475,"{""Dimensiones de la rueda"": ""29\"""", ""A — Tubo del sillín"": ""42.0"", ""B — Ángulo del tubo del sillín"": ""71.2°"", ""Ángulo efectivo del tubo del sillín"": ""77.0°"", ""C — Longitud del tubo de dirección"": ""13.0"", ""D — Ángulo de la dirección"": ""66.0°"", ""E — Tubo superior efectivo"": ""63.0"", ""F — Altura del eje de pedalier"": ""33.5"", ""G — Altura del eje de pedalier"": ""4.5"", ""H — Longitud de la vaina"": ""46.1"", ""I — Retroceso"": ""4.4"", ""J — Trail"": ""12.5"", ""K — Distancia entre ejes"": ""125.7"", ""L — Standover"": ""77.5"", ""Reach (cm)"": ""47.5"", ""Stack (cm)"": ""64.7""}",4199,false,https://www.trekbikes.com/es/es_ES/bicicletas/bicicletas-de-monta%C3%B1a/bicicletas-el%C3%A9ctricas-de-monta%C3%B1a/powerfly/powerfly-de-doble-suspensi%C3%B3n/powerfly-fs-4-800-gen-4/p/79832/,https://www.trekbikes.com/es/es_ES/bicicletas/bicicletas-de-monta%C3%B1a/bicicletas-el%C3%A9ctricas-de-monta%C3%B1a/powerfly/powerfly-de-doble-suspensi%C3%B3n/f/F338/powerfly-fs%252b-4-800-gen-4/79832/5349576,html,2026-10-05
Trek,Powerfly FS+ 8 Gen 4 [6d8d3bc5],Powerfly FS+ 4 800 Gen 4,2027,emtb,XL,XL,,188,196,"188 - 195 cm 6'2"" - 6'5""",ft-in,666,500,"{""Dimensiones de la rueda"": ""29\"""", ""A — Tubo del sillín"": ""45.0"", ""B — Ángulo del tubo del sillín"": ""72.4°"", ""Ángulo efectivo del tubo del sillín"": ""77.0°"", ""C — Longitud del tubo de dirección"": ""15.0"", ""D — Ángulo de la dirección"": ""66.0°"", ""E — Tubo superior efectivo"": ""65.4"", ""F — Altura del eje de pedalier"": ""33.5"", ""G — Altura del eje de pedalier"": ""4.5"", ""H — Longitud de la vaina"": ""46.1"", ""I — Retroceso"": ""4.4"", ""J — Trail"": ""12.5"", ""K — Distancia entre ejes"": ""129.0"", ""L — Standover"": ""77.8"", ""Reach (cm)"": ""50.0"", ""Stack (cm)"": ""66.6""}",4199,false,https://www.trekbikes.com/es/es_ES/bicicletas/bicicletas-de-monta%C3%B1a/bicicletas-el%C3%A9ctricas-de-monta%C3%B1a/powerfly/powerfly-de-doble-suspensi%C3%B3n/powerfly-fs-4-800-gen-4/p/79832/,https://www.trekbikes.com/es/es_ES/bicicletas/bicicletas-de-monta%C3%B1a/bicicletas-el%C3%A9ctricas-de-monta%C3%B1a/powerfly/powerfly-de-doble-suspensi%C3%B3n/f/F338/powerfly-fs%252b-4-800-gen-4/79832/5349576,html,2026-10-05
Trek,Powerfly FS+ 8 Gen 4 [6d8d3bc5],Powerfly+ FS 8 Gen 4,2025,emtb,S,S,,155,165,"155 - 165 cm 5'1"" - 5'5""",ft-in,597,425,"{""Dimensiones de la rueda"": ""27.5\"""", ""A — Tubo del sillín"": ""38.0"", ""B — Ángulo del tubo del sillín"": ""71.1°"", ""Ángulo efectivo del tubo del sillín"": ""77.0°"", ""C — Longitud del tubo de dirección"": ""13.0"", ""D — Ángulo de la dirección"": ""65.0°"", ""E — Tubo superior efectivo"": ""56.3"", ""F — Altura del eje de pedalier"": ""33.0"", ""G — Altura del eje de pedalier"": ""3.0"", ""H — Longitud de la vaina"": ""45.8"", ""I — Retroceso"": ""4.4"", ""J — Trail"": ""12.3"", ""K — Distancia entre ejes"": ""120.1"", ""L — Standover"": ""75.6"", ""Reach (cm)"": ""42.5"", ""Stack (cm)"": ""59.7""}",6499,false,https://www.trekbikes.com/es/es_ES/bicicletas/bicicletas-de-monta%C3%B1a/bicicletas-el%C3%A9ctricas-de-monta%C3%B1a/powerfly/powerfly-de-doble-suspensi%C3%B3n/powerfly-fs-8-gen-4/p/48618/,https://www.trekbikes.com/es/es_ES/bicicletas/bicicletas-de-monta%C3%B1a/bicicletas-el%C3%A9ctricas-de-monta%C3%B1a/powerfly/powerfly-de-doble-suspensi%C3%B3n/f/F338/powerfly%252b-fs-8-gen-4/48618/5329742,html,2026-10-05
Trek,Powerfly FS+ 8 Gen 4 [6d8d3bc5],Powerfly+ FS 8 Gen 4,2025,emtb,M,M,,165,178,"165 - 177 cm 5'5"" - 5'10""",ft-in,629,450,"{""Dimensiones de la rueda"": ""29\"""", ""A — Tubo del sillín"": ""40.0"", ""B — Ángulo del tubo del sillín"": ""71.3°"", ""Ángulo efectivo del tubo del sillín"": ""77.0°"", ""C — Longitud del tubo de dirección"": ""11.0"", ""D — Ángulo de la dirección"": ""66.0°"", ""E — Tubo superior efectivo"": ""59.5"", ""F — Altura del eje de pedalier"": ""33.5"", ""G — Altura del eje de pedalier"": ""4.5"", ""H — Longitud de la vaina"": ""46.1"", ""I — Retroceso"": ""4.4"", ""J — Trail"": ""12.5"", ""K — Distancia entre ejes"": ""122.3"", ""L — Standover"": ""78.0"", ""Reach (cm)"": ""45.0"", ""Stack (cm)"": ""62.9""}",6499,false,https://www.trekbikes.com/es/es_ES/bicicletas/bicicletas-de-monta%C3%B1a/bicicletas-el%C3%A9ctricas-de-monta%C3%B1a/powerfly/powerfly-de-doble-suspensi%C3%B3n/powerfly-fs-8-gen-4/p/48618/,https://www.trekbikes.com/es/es_ES/bicicletas/bicicletas-de-monta%C3%B1a/bicicletas-el%C3%A9ctricas-de-monta%C3%B1a/powerfly/powerfly-de-doble-suspensi%C3%B3n/f/F338/powerfly%252b-fs-8-gen-4/48618/5329742,html,2026-10-05
Trek,Powerfly FS+ 8 Gen 4 [6d8d3bc5],Powerfly+ FS 8 Gen 4,2025,emtb,L,L,,178,188,"177 - 188 cm 5'10"" - 6'2""",ft-in,647,475,"{""Dimensiones de la rueda"": ""29\"""", ""A — Tubo del sillín"": ""42.0"", ""B — Ángulo del tubo del sillín"": ""71.2°"", ""Ángulo efectivo del tubo del sillín"": ""77.0°"", ""C — Longitud del tubo de dirección"": ""13.0"", ""D — Ángulo de la dirección"": ""66.0°"", ""E — Tubo superior efectivo"": ""63.0"", ""F — Altura del eje de pedalier"": ""33.5"", ""G — Altura del eje de pedalier"": ""4.5"", ""H — Longitud de la vaina"": ""46.1"", ""I — Retroceso"": ""4.4"", ""J — Trail"": ""12.5"", ""K — Distancia entre ejes"": ""125.7"", ""L — Standover"": ""77.5"", ""Reach (cm)"": ""47.5"", ""Stack (cm)"": ""64.7""}",6499,false,https://www.trekbikes.com/es/es_ES/bicicletas/bicicletas-de-monta%C3%B1a/bicicletas-el%C3%A9ctricas-de-monta%C3%B1a/powerfly/powerfly-de-doble-suspensi%C3%B3n/powerfly-fs-8-gen-4/p/48618/,https://www.trekbikes.com/es/es_ES/bicicletas/bicicletas-de-monta%C3%B1a/bicicletas-el%C3%A9ctricas-de-monta%C3%B1a/powerfly/powerfly-de-doble-suspensi%C3%B3n/f/F338/powerfly%252b-fs-8-gen-4/48618/5329742,html,2026-10-05
Trek,Powerfly FS+ 8 Gen 4 [6d8d3bc5],Powerfly+ FS 8 Gen 4,2025,emtb,XL,XL,,188,196,"188 - 195 cm 6'2"" - 6'5""",ft-in,666,500,"{""Dimensiones de la rueda"": ""29\"""", ""A — Tubo del sillín"": ""45.0"", ""B — Ángulo del tubo del sillín"": ""72.4°"", ""Ángulo efectivo del tubo del sillín"": ""77.0°"", ""C — Longitud del tubo de dirección"": ""15.0"", ""D — Ángulo de la dirección"": ""66.0°"", ""E — Tubo superior efectivo"": ""65.4"", ""F — Altura del eje de pedalier"": ""33.5"", ""G — Altura del eje de pedalier"": ""4.5"", ""H — Longitud de la vaina"": ""46.1"", ""I — Retroceso"": ""4.4"", ""J — Trail"": ""12.5"", ""K — Distancia entre ejes"": ""129.0"", ""L — Standover"": ""77.8"", ""Reach (cm)"": ""50.0"", ""Stack (cm)"": ""66.6""}",6499,false,https://www.trekbikes.com/es/es_ES/bicicletas/bicicletas-de-monta%C3%B1a/bicicletas-el%C3%A9ctricas-de-monta%C3%B1a/powerfly/powerfly-de-doble-suspensi%C3%B3n/powerfly-fs-8-gen-4/p/48618/,https://www.trekbikes.com/es/es_ES/bicicletas/bicicletas-de-monta%C3%B1a/bicicletas-el%C3%A9ctricas-de-monta%C3%B1a/powerfly/powerfly-de-doble-suspensi%C3%B3n/f/F338/powerfly%252b-fs-8-gen-4/48618/5329742,html,2026-10-05
Trek,Powerfly FS+ 8 Gen 4 [6d8d3bc5],Powerfly+ FS 6 Gen 4,2025,emtb,S,S,,155,165,"155 - 165 cm 5'1"" - 5'5""",ft-in,597,425,"{""Dimensiones de la rueda"": ""27.5\"""", ""A — Tubo del sillín"": ""38.0"", ""B — Ángulo del tubo del sillín"": ""71.1°"", ""Ángulo efectivo del tubo del sillín"": ""77.0°"", ""C — Longitud del tubo de dirección"": ""13.0"", ""D — Ángulo de la dirección"": ""65.0°"", ""E — Tubo superior efectivo"": ""56.3"", ""F — Altura del eje de pedalier"": ""33.0"", ""G — Altura del eje de pedalier"": ""3.0"", ""H — Longitud de la vaina"": ""45.8"", ""I — Retroceso"": ""4.4"", ""J — Trail"": ""12.3"", ""K — Distancia entre ejes"": ""120.1"", ""L — Standover"": ""75.6"", ""Reach (cm)"": ""42.5"", ""Stack (cm)"": ""59.7""}",4999,false,https://www.trekbikes.com/es/es_ES/bicicletas/bicicletas-de-monta%C3%B1a/bicicletas-el%C3%A9ctricas-de-monta%C3%B1a/powerfly/powerfly-de-doble-suspensi%C3%B3n/powerfly-fs-6-gen-4/p/48617/,https://www.trekbikes.com/es/es_ES/bicicletas/bicicletas-de-monta%C3%B1a/bicicletas-el%C3%A9ctricas-de-monta%C3%B1a/powerfly/powerfly-de-doble-suspensi%C3%B3n/f/F338/powerfly%252b-fs-6-gen-4/48617/5329733,html,2026-10-05
Trek,Powerfly FS+ 8 Gen 4 [6d8d3bc5],Powerfly+ FS 6 Gen 4,2025,emtb,M,M,,165,178,"165 - 177 cm 5'5"" - 5'10""",ft-in,629,450,"{""Dimensiones de la rueda"": ""29\"""", ""A — Tubo del sillín"": ""40.0"", ""B — Ángulo del tubo del sillín"": ""71.3°"", ""Ángulo efectivo del tubo del sillín"": ""77.0°"", ""C — Longitud del tubo de dirección"": ""11.0"", ""D — Ángulo de la dirección"": ""66.0°"", ""E — Tubo superior efectivo"": ""59.5"", ""F — Altura del eje de pedalier"": ""33.5"", ""G — Altura del eje de pedalier"": ""4.5"", ""H — Longitud de la vaina"": ""46.1"", ""I — Retroceso"": ""4.4"", ""J — Trail"": ""12.5"", ""K — Distancia entre ejes"": ""122.3"", ""L — Standover"": ""78.0"", ""Reach (cm)"": ""45.0"", ""Stack (cm)"": ""62.9""}",4999,false,https://www.trekbikes.com/es/es_ES/bicicletas/bicicletas-de-monta%C3%B1a/bicicletas-el%C3%A9ctricas-de-monta%C3%B1a/powerfly/powerfly-de-doble-suspensi%C3%B3n/powerfly-fs-6-gen-4/p/48617/,https://www.trekbikes.com/es/es_ES/bicicletas/bicicletas-de-monta%C3%B1a/bicicletas-el%C3%A9ctricas-de-monta%C3%B1a/powerfly/powerfly-de-doble-suspensi%C3%B3n/f/F338/powerfly%252b-fs-6-gen-4/48617/5329733,html,2026-10-05
Trek,Powerfly FS+ 8 Gen 4 [6d8d3bc5],Powerfly+ FS 6 Gen 4,2025,emtb,L,L,,178,188,"177 - 188 cm 5'10"" - 6'2""",ft-in,647,475,"{""Dimensiones de la rueda"": ""29\"""", ""A — Tubo del sillín"": ""42.0"", ""B — Ángulo del tubo del sillín"": ""71.2°"", ""Ángulo efectivo del tubo del sillín"": ""77.0°"", ""C — Longitud del tubo de dirección"": ""13.0"", ""D — Ángulo de la dirección"": ""66.0°"", ""E — Tubo superior efectivo"": ""63.0"", ""F — Altura del eje de pedalier"": ""33.5"", ""G — Altura del eje de pedalier"": ""4.5"", ""H — Longitud de la vaina"": ""46.1"", ""I — Retroceso"": ""4.4"", ""J — Trail"": ""12.5"", ""K — Distancia entre ejes"": ""125.7"", ""L — Standover"": ""77.5"", ""Reach (cm)"": ""47.5"", ""Stack (cm)"": ""64.7""}",4999,false,https://www.trekbikes.com/es/es_ES/bicicletas/bicicletas-de-monta%C3%B1a/bicicletas-el%C3%A9ctricas-de-monta%C3%B1a/powerfly/powerfly-de-doble-suspensi%C3%B3n/powerfly-fs-6-gen-4/p/48617/,https://www.trekbikes.com/es/es_ES/bicicletas/bicicletas-de-monta%C3%B1a/bicicletas-el%C3%A9ctricas-de-monta%C3%B1a/powerfly/powerfly-de-doble-suspensi%C3%B3n/f/F338/powerfly%252b-fs-6-gen-4/48617/5329733,html,2026-10-05
Trek,Powerfly FS+ 8 Gen 4 [6d8d3bc5],Powerfly+ FS 6 Gen 4,2025,emtb,XL,XL,,188,196,"188 - 195 cm 6'2"" - 6'5""",ft-in,666,500,"{""Dimensiones de la rueda"": ""29\"""", ""A — Tubo del sillín"": ""45.0"", ""B — Ángulo del tubo del sillín"": ""72.4°"", ""Ángulo efectivo del tubo del sillín"": ""77.0°"", ""C — Longitud del tubo de dirección"": ""15.0"", ""D — Ángulo de la dirección"": ""66.0°"", ""E — Tubo superior efectivo"": ""65.4"", ""F — Altura del eje de pedalier"": ""33.5"", ""G — Altura del eje de pedalier"": ""4.5"", ""H — Longitud de la vaina"": ""46.1"", ""I — Retroceso"": ""4.4"", ""J — Trail"": ""12.5"", ""K — Distancia entre ejes"": ""129.0"", ""L — Standover"": ""77.8"", ""Reach (cm)"": ""50.0"", ""Stack (cm)"": ""66.6""}",4999,false,https://www.trekbikes.com/es/es_ES/bicicletas/bicicletas-de-monta%C3%B1a/bicicletas-el%C3%A9ctricas-de-monta%C3%B1a/powerfly/powerfly-de-doble-suspensi%C3%B3n/powerfly-fs-6-gen-4/p/48617/,https://www.trekbikes.com/es/es_ES/bicicletas/bicicletas-de-monta%C3%B1a/bicicletas-el%C3%A9ctricas-de-monta%C3%B1a/powerfly/powerfly-de-doble-suspensi%C3%B3n/f/F338/powerfly%252b-fs-6-gen-4/48617/5329733,html,2026-10-05
Trek,Powerfly FS+ 8 Gen 4 [6d8d3bc5],Powerfly+ FS 4 Equipped Gen 4,2025,emtb,S,S,,155,165,"155 - 165 cm 5'1"" - 5'5""",ft-in,597,425,"{""Dimensiones de la rueda"": ""27.5\"""", ""A — Tubo del sillín"": ""38.0"", ""B — Ángulo del tubo del sillín"": ""71.1°"", ""Ángulo efectivo del tubo del sillín"": ""77.0°"", ""C — Longitud del tubo de dirección"": ""13.0"", ""D — Ángulo de la dirección"": ""65.0°"", ""E — Tubo superior efectivo"": ""56.3"", ""F — Altura del eje de pedalier"": ""33.0"", ""G — Altura del eje de pedalier"": ""3.0"", ""H — Longitud de la vaina"": ""45.8"", ""I — Retroceso"": ""4.4"", ""J — Trail"": ""12.3"", ""K — Distancia entre ejes"": ""120.1"", ""L — Standover"": ""75.6"", ""Reach (cm)"": ""42.5"", ""Stack (cm)"": ""59.7""}",4299,false,https://www.trekbikes.com/es/es_ES/bicicletas/bicicletas-de-monta%C3%B1a/bicicletas-el%C3%A9ctricas-de-monta%C3%B1a/powerfly/powerfly-de-doble-suspensi%C3%B3n/powerfly-fs-4-equipped-gen-4/p/48616/,https://www.trekbikes.com/es/es_ES/bicicletas/bicicletas-de-monta%C3%B1a/bicicletas-el%C3%A9ctricas-de-monta%C3%B1a/powerfly/powerfly-de-doble-suspensi%C3%B3n/f/F338/powerfly%252b-fs-4-equipped-gen-4/48616/5329729,html,2026-10-05
Trek,Powerfly FS+ 8 Gen 4 [6d8d3bc5],Powerfly+ FS 4 Equipped Gen 4,2025,emtb,M,M,,165,178,"165 - 177 cm 5'5"" - 5'10""",ft-in,629,450,"{""Dimensiones de la rueda"": ""29\"""", ""A — Tubo del sillín"": ""40.0"", ""B — Ángulo del tubo del sillín"": ""71.3°"", ""Ángulo efectivo del tubo del sillín"": ""77.0°"", ""C — Longitud del tubo de dirección"": ""11.0"", ""D — Ángulo de la dirección"": ""66.0°"", ""E — Tubo superior efectivo"": ""59.5"", ""F — Altura del eje de pedalier"": ""33.5"", ""G — Altura del eje de pedalier"": ""4.5"", ""H — Longitud de la vaina"": ""46.1"", ""I — Retroceso"": ""4.4"", ""J — Trail"": ""12.5"", ""K — Distancia entre ejes"": ""122.3"", ""L — Standover"": ""78.0"", ""Reach (cm)"": ""45.0"", ""Stack (cm)"": ""62.9""}",4299,false,https://www.trekbikes.com/es/es_ES/bicicletas/bicicletas-de-monta%C3%B1a/bicicletas-el%C3%A9ctricas-de-monta%C3%B1a/powerfly/powerfly-de-doble-suspensi%C3%B3n/powerfly-fs-4-equipped-gen-4/p/48616/,https://www.trekbikes.com/es/es_ES/bicicletas/bicicletas-de-monta%C3%B1a/bicicletas-el%C3%A9ctricas-de-monta%C3%B1a/powerfly/powerfly-de-doble-suspensi%C3%B3n/f/F338/powerfly%252b-fs-4-equipped-gen-4/48616/5329729,html,2026-10-05
Trek,Powerfly FS+ 8 Gen 4 [6d8d3bc5],Powerfly+ FS 4 Equipped Gen 4,2025,emtb,L,L,,178,188,"177 - 188 cm 5'10"" - 6'2""",ft-in,647,475,"{""Dimensiones de la rueda"": ""29\"""", ""A — Tubo del sillín"": ""42.0"", ""B — Ángulo del tubo del sillín"": ""71.2°"", ""Ángulo efectivo del tubo del sillín"": ""77.0°"", ""C — Longitud del tubo de dirección"": ""13.0"", ""D — Ángulo de la dirección"": ""66.0°"", ""E — Tubo superior efectivo"": ""63.0"", ""F — Altura del eje de pedalier"": ""33.5"", ""G — Altura del eje de pedalier"": ""4.5"", ""H — Longitud de la vaina"": ""46.1"", ""I — Retroceso"": ""4.4"", ""J — Trail"": ""12.5"", ""K — Distancia entre ejes"": ""125.7"", ""L — Standover"": ""77.5"", ""Reach (cm)"": ""47.5"", ""Stack (cm)"": ""64.7""}",4299,false,https://www.trekbikes.com/es/es_ES/bicicletas/bicicletas-de-monta%C3%B1a/bicicletas-el%C3%A9ctricas-de-monta%C3%B1a/powerfly/powerfly-de-doble-suspensi%C3%B3n/powerfly-fs-4-equipped-gen-4/p/48616/,https://www.trekbikes.com/es/es_ES/bicicletas/bicicletas-de-monta%C3%B1a/bicicletas-el%C3%A9ctricas-de-monta%C3%B1a/powerfly/powerfly-de-doble-suspensi%C3%B3n/f/F338/powerfly%252b-fs-4-equipped-gen-4/48616/5329729,html,2026-10-05
Trek,Powerfly FS+ 8 Gen 4 [6d8d3bc5],Powerfly+ FS 4 Equipped Gen 4,2025,emtb,XL,XL,,188,196,"188 - 195 cm 6'2"" - 6'5""",ft-in,666,500,"{""Dimensiones de la rueda"": ""29\"""", ""A — Tubo del sillín"": ""45.0"", ""B — Ángulo del tubo del sillín"": ""72.4°"", ""Ángulo efectivo del tubo del sillín"": ""77.0°"", ""C — Longitud del tubo de dirección"": ""15.0"", ""D — Ángulo de la dirección"": ""66.0°"", ""E — Tubo superior efectivo"": ""65.4"", ""F — Altura del eje de pedalier"": ""33.5"", ""G — Altura del eje de pedalier"": ""4.5"", ""H — Longitud de la vaina"": ""46.1"", ""I — Retroceso"": ""4.4"", ""J — Trail"": ""12.5"", ""K — Distancia entre ejes"": ""129.0"", ""L — Standover"": ""77.8"", ""Reach (cm)"": ""50.0"", ""Stack (cm)"": ""66.6""}",4299,false,https://www.trekbikes.com/es/es_ES/bicicletas/bicicletas-de-monta%C3%B1a/bicicletas-el%C3%A9ctricas-de-monta%C3%B1a/powerfly/powerfly-de-doble-suspensi%C3%B3n/powerfly-fs-4-equipped-gen-4/p/48616/,https://www.trekbikes.com/es/es_ES/bicicletas/bicicletas-de-monta%C3%B1a/bicicletas-el%C3%A9ctricas-de-monta%C3%B1a/powerfly/powerfly-de-doble-suspensi%C3%B3n/f/F338/powerfly%252b-fs-4-equipped-gen-4/48616/5329729,html,2026-10-05
Trek,Powerfly FS+ 8 Gen 4 [6d8d3bc5],Powerfly+ FS 4 Gen 4,2025,emtb,S,S,,155,165,"155 - 165 cm 5'1"" - 5'5""",ft-in,597,425,"{""Dimensiones de la rueda"": ""27.5\"""", ""A — Tubo del sillín"": ""38.0"", ""B — Ángulo del tubo del sillín"": ""71.1°"", ""Ángulo efectivo del tubo del sillín"": ""77.0°"", ""C — Longitud del tubo de dirección"": ""13.0"", ""D — Ángulo de la dirección"": ""65.0°"", ""E — Tubo superior efectivo"": ""56.3"", ""F — Altura del eje de pedalier"": ""33.0"", ""G — Altura del eje de pedalier"": ""3.0"", ""H — Longitud de la vaina"": ""45.8"", ""I — Retroceso"": ""4.4"", ""J — Trail"": ""12.3"", ""K — Distancia entre ejes"": ""120.1"", ""L — Standover"": ""75.6"", ""Reach (cm)"": ""42.5"", ""Stack (cm)"": ""59.7""}",3999,false,https://www.trekbikes.com/es/es_ES/bicicletas/bicicletas-de-monta%C3%B1a/bicicletas-el%C3%A9ctricas-de-monta%C3%B1a/powerfly/powerfly-de-doble-suspensi%C3%B3n/powerfly-fs-4-gen-4/p/48614/,https://www.trekbikes.com/es/es_ES/bicicletas/bicicletas-de-monta%C3%B1a/bicicletas-el%C3%A9ctricas-de-monta%C3%B1a/powerfly/powerfly-de-doble-suspensi%C3%B3n/f/F338/powerfly%252b-fs-4-gen-4/48614/,html,2026-10-05
Trek,Powerfly FS+ 8 Gen 4 [6d8d3bc5],Powerfly+ FS 4 Gen 4,2025,emtb,M,M,,165,178,"165 - 177 cm 5'5"" - 5'10""",ft-in,629,450,"{""Dimensiones de la rueda"": ""29\"""", ""A — Tubo del sillín"": ""40.0"", ""B — Ángulo del tubo del sillín"": ""71.3°"", ""Ángulo efectivo del tubo del sillín"": ""77.0°"", ""C — Longitud del tubo de dirección"": ""11.0"", ""D — Ángulo de la dirección"": ""66.0°"", ""E — Tubo superior efectivo"": ""59.5"", ""F — Altura del eje de pedalier"": ""33.5"", ""G — Altura del eje de pedalier"": ""4.5"", ""H — Longitud de la vaina"": ""46.1"", ""I — Retroceso"": ""4.4"", ""J — Trail"": ""12.5"", ""K — Distancia entre ejes"": ""122.3"", ""L — Standover"": ""78.0"", ""Reach (cm)"": ""45.0"", ""Stack (cm)"": ""62.9""}",3999,false,https://www.trekbikes.com/es/es_ES/bicicletas/bicicletas-de-monta%C3%B1a/bicicletas-el%C3%A9ctricas-de-monta%C3%B1a/powerfly/powerfly-de-doble-suspensi%C3%B3n/powerfly-fs-4-gen-4/p/48614/,https://www.trekbikes.com/es/es_ES/bicicletas/bicicletas-de-monta%C3%B1a/bicicletas-el%C3%A9ctricas-de-monta%C3%B1a/powerfly/powerfly-de-doble-suspensi%C3%B3n/f/F338/powerfly%252b-fs-4-gen-4/48614/,html,2026-10-05
Trek,Powerfly FS+ 8 Gen 4 [6d8d3bc5],Powerfly+ FS 4 Gen 4,2025,emtb,L,L,,178,188,"177 - 188 cm 5'10"" - 6'2""",ft-in,647,475,"{""Dimensiones de la rueda"": ""29\"""", ""A — Tubo del sillín"": ""42.0"", ""B — Ángulo del tubo del sillín"": ""71.2°"", ""Ángulo efectivo del tubo del sillín"": ""77.0°"", ""C — Longitud del tubo de dirección"": ""13.0"", ""D — Ángulo de la dirección"": ""66.0°"", ""E — Tubo superior efectivo"": ""63.0"", ""F — Altura del eje de pedalier"": ""33.5"", ""G — Altura del eje de pedalier"": ""4.5"", ""H — Longitud de la vaina"": ""46.1"", ""I — Retroceso"": ""4.4"", ""J — Trail"": ""12.5"", ""K — Distancia entre ejes"": ""125.7"", ""L — Standover"": ""77.5"", ""Reach (cm)"": ""47.5"", ""Stack (cm)"": ""64.7""}",3999,false,https://www.trekbikes.com/es/es_ES/bicicletas/bicicletas-de-monta%C3%B1a/bicicletas-el%C3%A9ctricas-de-monta%C3%B1a/powerfly/powerfly-de-doble-suspensi%C3%B3n/powerfly-fs-4-gen-4/p/48614/,https://www.trekbikes.com/es/es_ES/bicicletas/bicicletas-de-monta%C3%B1a/bicicletas-el%C3%A9ctricas-de-monta%C3%B1a/powerfly/powerfly-de-doble-suspensi%C3%B3n/f/F338/powerfly%252b-fs-4-gen-4/48614/,html,2026-10-05
Trek,Powerfly FS+ 8 Gen 4 [6d8d3bc5],Powerfly+ FS 4 Gen 4,2025,emtb,XL,XL,,188,196,"188 - 195 cm 6'2"" - 6'5""",ft-in,666,500,"{""Dimensiones de la rueda"": ""29\"""", ""A — Tubo del sillín"": ""45.0"", ""B — Ángulo del tubo del sillín"": ""72.4°"", ""Ángulo efectivo del tubo del sillín"": ""77.0°"", ""C — Longitud del tubo de dirección"": ""15.0"", ""D — Ángulo de la dirección"": ""66.0°"", ""E — Tubo superior efectivo"": ""65.4"", ""F — Altura del eje de pedalier"": ""33.5"", ""G — Altura del eje de pedalier"": ""4.5"", ""H — Longitud de la vaina"": ""46.1"", ""I — Retroceso"": ""4.4"", ""J — Trail"": ""12.5"", ""K — Distancia entre ejes"": ""129.0"", ""L — Standover"": ""77.8"", ""Reach (cm)"": ""50.0"", ""Stack (cm)"": ""66.6""}",3999,false,https://www.trekbikes.com/es/es_ES/bicicletas/bicicletas-de-monta%C3%B1a/bicicletas-el%C3%A9ctricas-de-monta%C3%B1a/powerfly/powerfly-de-doble-suspensi%C3%B3n/powerfly-fs-4-gen-4/p/48614/,https://www.trekbikes.com/es/es_ES/bicicletas/bicicletas-de-monta%C3%B1a/bicicletas-el%C3%A9ctricas-de-monta%C3%B1a/powerfly/powerfly-de-doble-suspensi%C3%B3n/f/F338/powerfly%252b-fs-4-gen-4/48614/,html,2026-10-05
Trek,Fuel EX 8 Gen 2 [8df1e597],Fuel EX 8 Gen 2,2027,emtb,S,S,,155,165,"155 - 165 cm 5'1"" - 5'5""",ft-in,624,431,"{""Dimensiones de la rueda"": ""29\""/27.5\"""", ""A — Tubo del sillín"": ""37.0"", ""B — Ángulo del tubo del sillín"": ""72.7°"", ""Ángulo efectivo del tubo del sillín"": ""78.2°"", ""C — Longitud del tubo de dirección"": ""11.0"", ""D — Ángulo de la dirección"": ""64.6°"", ""E — Tubo superior efectivo"": ""55.9"", ""F — Altura del eje de pedalier"": ""33.9"", ""G — Altura del eje de pedalier"": ""3.4"", ""H — Longitud de la vaina"": ""44.1"", ""I — Retroceso"": ""4.4"", ""J — Trail"": ""12.9"", ""K — Distancia entre ejes"": ""120.0"", ""L — Standover"": ""75.4"", ""Reach (cm)"": ""43.1"", ""Stack (cm)"": ""62.4"", ""Parte central delantera"": ""76.1""}",5499,false,https://www.trekbikes.com/es/es_ES/bicicletas/bicicletas-de-monta%C3%B1a/bicicletas-el%C3%A9ctricas-de-monta%C3%B1a/fuel/fuel-ex/fuel-ex-8-gen-2/p/79616/,https://www.trekbikes.com/es/es_ES/bicicletas/bicicletas-de-monta%C3%B1a/bicicletas-el%C3%A9ctricas-de-monta%C3%B1a/fuel/fuel-ex/f/F370/fuel-ex-8-gen-2/79616/5349178,html,2026-10-05
Trek,Fuel EX 8 Gen 2 [8df1e597],Fuel EX 8 Gen 2,2027,emtb,M,M,,165,178,"165 - 177 cm 5'5"" - 5'10""",ft-in,624,460,"{""Dimensiones de la rueda"": ""29\"""", ""A — Tubo del sillín"": ""40.0"", ""B — Ángulo del tubo del sillín"": ""72.6°"", ""Ángulo efectivo del tubo del sillín"": ""77.8°"", ""C — Longitud del tubo de dirección"": ""11.0"", ""D — Ángulo de la dirección"": ""64.5°"", ""E — Tubo superior efectivo"": ""58.9"", ""F — Altura del eje de pedalier"": ""33.9"", ""G — Altura del eje de pedalier"": ""3.5"", ""H — Longitud de la vaina"": ""44.4"", ""I — Retroceso"": ""4.4"", ""J — Trail"": ""12.9"", ""K — Distancia entre ejes"": ""123.2"", ""L — Standover"": ""74.6"", ""Reach (cm)"": ""46.0"", ""Stack (cm)"": ""62.4"", ""Parte central delantera"": ""79.1""}",5499,false,https://www.trekbikes.com/es/es_ES/bicicletas/bicicletas-de-monta%C3%B1a/bicicletas-el%C3%A9ctricas-de-monta%C3%B1a/fuel/fuel-ex/fuel-ex-8-gen-2/p/79616/,https://www.trekbikes.com/es/es_ES/bicicletas/bicicletas-de-monta%C3%B1a/bicicletas-el%C3%A9ctricas-de-monta%C3%B1a/fuel/fuel-ex/f/F370/fuel-ex-8-gen-2/79616/5349178,html,2026-10-05
Trek,Fuel EX 8 Gen 2 [8df1e597],Fuel EX 8 Gen 2,2027,emtb,L,L,,178,188,"177 - 188 cm 5'10"" - 6'2""",ft-in,638,485,"{""Dimensiones de la rueda"": ""29\"""", ""A — Tubo del sillín"": ""42.0"", ""B — Ángulo del tubo del sillín"": ""72.6°"", ""Ángulo efectivo del tubo del sillín"": ""77.3°"", ""C — Longitud del tubo de dirección"": ""12.5"", ""D — Ángulo de la dirección"": ""64.5°"", ""E — Tubo superior efectivo"": ""61.3"", ""F — Altura del eje de pedalier"": ""33.9"", ""G — Altura del eje de pedalier"": ""3.5"", ""H — Longitud de la vaina"": ""44.4"", ""I — Retroceso"": ""4.4"", ""J — Trail"": ""12.9"", ""K — Distancia entre ejes"": ""125.8"", ""L — Standover"": ""74.3"", ""Reach (cm)"": ""48.5"", ""Stack (cm)"": ""63.8"", ""Parte central delantera"": ""82.2""}",5499,false,https://www.trekbikes.com/es/es_ES/bicicletas/bicicletas-de-monta%C3%B1a/bicicletas-el%C3%A9ctricas-de-monta%C3%B1a/fuel/fuel-ex/fuel-ex-8-gen-2/p/79616/,https://www.trekbikes.com/es/es_ES/bicicletas/bicicletas-de-monta%C3%B1a/bicicletas-el%C3%A9ctricas-de-monta%C3%B1a/fuel/fuel-ex/f/F370/fuel-ex-8-gen-2/79616/5349178,html,2026-10-05
Trek,Fuel EX 8 Gen 2 [8df1e597],Fuel EX 8 Gen 2,2027,emtb,XL,XL,,188,196,"188 - 195 cm 6'2"" - 6'5""",ft-in,651,510,"{""Dimensiones de la rueda"": ""29\"""", ""A — Tubo del sillín"": ""45.5"", ""B — Ángulo del tubo del sillín"": ""72.6°"", ""Ángulo efectivo del tubo del sillín"": ""76.9°"", ""C — Longitud del tubo de dirección"": ""14.0"", ""D — Ángulo de la dirección"": ""64.5°"", ""E — Tubo superior efectivo"": ""65.1"", ""F — Altura del eje de pedalier"": ""33.9"", ""G — Altura del eje de pedalier"": ""3.5"", ""H — Longitud de la vaina"": ""44.7"", ""I — Retroceso"": ""4.4"", ""J — Trail"": ""12.9"", ""K — Distancia entre ejes"": ""129.8"", ""L — Standover"": ""75.3"", ""Reach (cm)"": ""51.0"", ""Stack (cm)"": ""65.1"", ""Parte central delantera"": ""85.4""}",5499,false,https://www.trekbikes.com/es/es_ES/bicicletas/bicicletas-de-monta%C3%B1a/bicicletas-el%C3%A9ctricas-de-monta%C3%B1a/fuel/fuel-ex/fuel-ex-8-gen-2/p/79616/,https://www.trekbikes.com/es/es_ES/bicicletas/bicicletas-de-monta%C3%B1a/bicicletas-el%C3%A9ctricas-de-monta%C3%B1a/fuel/fuel-ex/f/F370/fuel-ex-8-gen-2/79616/5349178,html,2026-10-05
Trek,Powerfly+ [f58c0de7],Powerfly+ 8 Gen 5,2027,emtb,S,S,,155,165,"155 - 165 cm 5'1"" - 5'5""",ft-in,599,410,"{""Dimensiones de la rueda"": ""27.5\"""", ""A — Tubo del sillín"": ""37.0"", ""B — Ángulo del tubo del sillín"": ""73.0°"", ""Ángulo efectivo del tubo del sillín"": ""75.0°"", ""C — Longitud del tubo de dirección"": ""13.3"", ""D — Ángulo de la dirección"": ""65.5°"", ""E — Tubo superior efectivo"": ""57.1"", ""F — Altura del eje de pedalier"": ""31.5"", ""G — Altura del eje de pedalier"": ""4.5"", ""H — Longitud de la vaina"": ""44.2"", ""I — Retroceso"": ""4.4"", ""J — Trail"": ""11.6"", ""K — Distancia entre ejes"": ""115.1"", ""L — Standover"": ""69.7"", ""Reach (cm)"": ""41.0"", ""Stack (cm)"": ""59.9""}",4499,false,https://www.trekbikes.com/es/es_ES/bicicletas/bicicletas-de-monta%C3%B1a/bicicletas-el%C3%A9ctricas-de-monta%C3%B1a/powerfly/powerfly-hardtail/powerfly-8-gen-5/p/79351/,https://www.trekbikes.com/es/es_ES/bicicletas/bicicletas-de-monta%C3%B1a/bicicletas-el%C3%A9ctricas-de-monta%C3%B1a/powerfly/f/F337/powerfly%252b-8-gen-5/79351/5348525,html,2026-10-05
Trek,Powerfly+ [f58c0de7],Powerfly+ 8 Gen 5,2027,emtb,M,M,,165,178,"165 - 177 cm 5'5"" - 5'10""",ft-in,641,440,"{""Dimensiones de la rueda"": ""29\"""", ""A — Tubo del sillín"": ""40.0"", ""B — Ángulo del tubo del sillín"": ""73.3°"", ""Ángulo efectivo del tubo del sillín"": ""75.0°"", ""C — Longitud del tubo de dirección"": ""10.8"", ""D — Ángulo de la dirección"": ""66.5°"", ""E — Tubo superior efectivo"": ""61.2"", ""F — Altura del eje de pedalier"": ""31.5"", ""G — Altura del eje de pedalier"": ""6.5"", ""H — Longitud de la vaina"": ""46.1"", ""I — Retroceso"": ""4.4"", ""J — Trail"": ""11.7"", ""K — Distancia entre ejes"": ""119.5"", ""L — Standover"": ""74.7"", ""Reach (cm)"": ""44.0"", ""Stack (cm)"": ""64.1""}",4499,false,https://www.trekbikes.com/es/es_ES/bicicletas/bicicletas-de-monta%C3%B1a/bicicletas-el%C3%A9ctricas-de-monta%C3%B1a/powerfly/powerfly-hardtail/powerfly-8-gen-5/p/79351/,https://www.trekbikes.com/es/es_ES/bicicletas/bicicletas-de-monta%C3%B1a/bicicletas-el%C3%A9ctricas-de-monta%C3%B1a/powerfly/f/F337/powerfly%252b-8-gen-5/79351/5348525,html,2026-10-05
Trek,Powerfly+ [f58c0de7],Powerfly+ 8 Gen 5,2027,emtb,L,L,,178,188,"177 - 188 cm 5'10"" - 6'2""",ft-in,655,465,"{""Dimensiones de la rueda"": ""29\"""", ""A — Tubo del sillín"": ""42.0"", ""B — Ángulo del tubo del sillín"": ""73.4°"", ""Ángulo efectivo del tubo del sillín"": ""75.0°"", ""C — Longitud del tubo de dirección"": ""12.3"", ""D — Ángulo de la dirección"": ""66.5°"", ""E — Tubo superior efectivo"": ""64.0"", ""F — Altura del eje de pedalier"": ""31.5"", ""G — Altura del eje de pedalier"": ""6.5"", ""H — Longitud de la vaina"": ""46.1"", ""I — Retroceso"": ""4.4"", ""J — Trail"": ""11.7"", ""K — Distancia entre ejes"": ""122.6"", ""L — Standover"": ""74.6"", ""Reach (cm)"": ""46.5"", ""Stack (cm)"": ""65.5""}",4499,false,https://www.trekbikes.com/es/es_ES/bicicletas/bicicletas-de-monta%C3%B1a/bicicletas-el%C3%A9ctricas-de-monta%C3%B1a/powerfly/powerfly-hardtail/powerfly-8-gen-5/p/79351/,https://www.trekbikes.com/es/es_ES/bicicletas/bicicletas-de-monta%C3%B1a/bicicletas-el%C3%A9ctricas-de-monta%C3%B1a/powerfly/f/F337/powerfly%252b-8-gen-5/79351/5348525,html,2026-10-05
Trek,Powerfly+ [f58c0de7],Powerfly+ 8 Gen 5,2027,emtb,XL,XL,,188,196,"188 - 195 cm 6'2"" - 6'5""",ft-in,673,490,"{""Dimensiones de la rueda"": ""29\"""", ""A — Tubo del sillín"": ""45.0"", ""B — Ángulo del tubo del sillín"": ""74.6°"", ""Ángulo efectivo del tubo del sillín"": ""76.0°"", ""C — Longitud del tubo de dirección"": ""14.3"", ""D — Ángulo de la dirección"": ""66.5°"", ""E — Tubo superior efectivo"": ""65.8"", ""F — Altura del eje de pedalier"": ""31.5"", ""G — Altura del eje de pedalier"": ""6.5"", ""H — Longitud de la vaina"": ""46.1"", ""I — Retroceso"": ""4.4"", ""J — Trail"": ""11.7"", ""K — Distancia entre ejes"": ""125.9"", ""L — Standover"": ""74.6"", ""Reach (cm)"": ""49.0"", ""Stack (cm)"": ""67.3""}",4499,false,https://www.trekbikes.com/es/es_ES/bicicletas/bicicletas-de-monta%C3%B1a/bicicletas-el%C3%A9ctricas-de-monta%C3%B1a/powerfly/powerfly-hardtail/powerfly-8-gen-5/p/79351/,https://www.trekbikes.com/es/es_ES/bicicletas/bicicletas-de-monta%C3%B1a/bicicletas-el%C3%A9ctricas-de-monta%C3%B1a/powerfly/f/F337/powerfly%252b-8-gen-5/79351/5348525,html,2026-10-05
Trek,Powerfly+ [f58c0de7],Powerfly+ 6 Gen 5,2027,emtb,S,S,,155,165,"155 - 165 cm 5'1"" - 5'5""",ft-in,599,410,"{""Dimensiones de la rueda"": ""27.5\"""", ""A — Tubo del sillín"": ""37.0"", ""B — Ángulo del tubo del sillín"": ""73.0°"", ""Ángulo efectivo del tubo del sillín"": ""75.0°"", ""C — Longitud del tubo de dirección"": ""13.3"", ""D — Ángulo de la dirección"": ""65.5°"", ""E — Tubo superior efectivo"": ""57.1"", ""F — Altura del eje de pedalier"": ""31.5"", ""G — Altura del eje de pedalier"": ""4.5"", ""H — Longitud de la vaina"": ""44.2"", ""I — Retroceso"": ""4.4"", ""J — Trail"": ""11.6"", ""K — Distancia entre ejes"": ""115.1"", ""L — Standover"": ""69.7"", ""Reach (cm)"": ""41.0"", ""Stack (cm)"": ""59.9""}",3799,false,https://www.trekbikes.com/es/es_ES/bicicletas/bicicletas-de-monta%C3%B1a/bicicletas-el%C3%A9ctricas-de-monta%C3%B1a/powerfly/powerfly-hardtail/powerfly-6-gen-5/p/79352/,https://www.trekbikes.com/es/es_ES/bicicletas/bicicletas-de-monta%C3%B1a/bicicletas-el%C3%A9ctricas-de-monta%C3%B1a/powerfly/f/F337/powerfly%252b-6-gen-5/79352/5348529,html,2026-10-05
Trek,Powerfly+ [f58c0de7],Powerfly+ 6 Gen 5,2027,emtb,M,M,,165,178,"165 - 177 cm 5'5"" - 5'10""",ft-in,641,440,"{""Dimensiones de la rueda"": ""29\"""", ""A — Tubo del sillín"": ""40.0"", ""B — Ángulo del tubo del sillín"": ""73.3°"", ""Ángulo efectivo del tubo del sillín"": ""75.0°"", ""C — Longitud del tubo de dirección"": ""10.8"", ""D — Ángulo de la dirección"": ""66.5°"", ""E — Tubo superior efectivo"": ""61.2"", ""F — Altura del eje de pedalier"": ""31.5"", ""G — Altura del eje de pedalier"": ""6.5"", ""H — Longitud de la vaina"": ""46.1"", ""I — Retroceso"": ""4.4"", ""J — Trail"": ""11.7"", ""K — Distancia entre ejes"": ""119.5"", ""L — Standover"": ""74.7"", ""Reach (cm)"": ""44.0"", ""Stack (cm)"": ""64.1""}",3799,false,https://www.trekbikes.com/es/es_ES/bicicletas/bicicletas-de-monta%C3%B1a/bicicletas-el%C3%A9ctricas-de-monta%C3%B1a/powerfly/powerfly-hardtail/powerfly-6-gen-5/p/79352/,https://www.trekbikes.com/es/es_ES/bicicletas/bicicletas-de-monta%C3%B1a/bicicletas-el%C3%A9ctricas-de-monta%C3%B1a/powerfly/f/F337/powerfly%252b-6-gen-5/79352/5348529,html,2026-10-05
Trek,Powerfly+ [f58c0de7],Powerfly+ 6 Gen 5,2027,emtb,L,L,,178,188,"177 - 188 cm 5'10"" - 6'2""",ft-in,655,465,"{""Dimensiones de la rueda"": ""29\"""", ""A — Tubo del sillín"": ""42.0"", ""B — Ángulo del tubo del sillín"": ""73.4°"", ""Ángulo efectivo del tubo del sillín"": ""75.0°"", ""C — Longitud del tubo de dirección"": ""12.3"", ""D — Ángulo de la dirección"": ""66.5°"", ""E — Tubo superior efectivo"": ""64.0"", ""F — Altura del eje de pedalier"": ""31.5"", ""G — Altura del eje de pedalier"": ""6.5"", ""H — Longitud de la vaina"": ""46.1"", ""I — Retroceso"": ""4.4"", ""J — Trail"": ""11.7"", ""K — Distancia entre ejes"": ""122.6"", ""L — Standover"": ""74.6"", ""Reach (cm)"": ""46.5"", ""Stack (cm)"": ""65.5""}",3799,false,https://www.trekbikes.com/es/es_ES/bicicletas/bicicletas-de-monta%C3%B1a/bicicletas-el%C3%A9ctricas-de-monta%C3%B1a/powerfly/powerfly-hardtail/powerfly-6-gen-5/p/79352/,https://www.trekbikes.com/es/es_ES/bicicletas/bicicletas-de-monta%C3%B1a/bicicletas-el%C3%A9ctricas-de-monta%C3%B1a/powerfly/f/F337/powerfly%252b-6-gen-5/79352/5348529,html,2026-10-05
Trek,Powerfly+ [f58c0de7],Powerfly+ 6 Gen 5,2027,emtb,XL,XL,,188,196,"188 - 195 cm 6'2"" - 6'5""",ft-in,673,490,"{""Dimensiones de la rueda"": ""29\"""", ""A — Tubo del sillín"": ""45.0"", ""B — Ángulo del tubo del sillín"": ""74.6°"", ""Ángulo efectivo del tubo del sillín"": ""76.0°"", ""C — Longitud del tubo de dirección"": ""14.3"", ""D — Ángulo de la dirección"": ""66.5°"", ""E — Tubo superior efectivo"": ""65.8"", ""F — Altura del eje de pedalier"": ""31.5"", ""G — Altura del eje de pedalier"": ""6.5"", ""H — Longitud de la vaina"": ""46.1"", ""I — Retroceso"": ""4.4"", ""J — Trail"": ""11.7"", ""K — Distancia entre ejes"": ""125.9"", ""L — Standover"": ""74.6"", ""Reach (cm)"": ""49.0"", ""Stack (cm)"": ""67.3""}",3799,false,https://www.trekbikes.com/es/es_ES/bicicletas/bicicletas-de-monta%C3%B1a/bicicletas-el%C3%A9ctricas-de-monta%C3%B1a/powerfly/powerfly-hardtail/powerfly-6-gen-5/p/79352/,https://www.trekbikes.com/es/es_ES/bicicletas/bicicletas-de-monta%C3%B1a/bicicletas-el%C3%A9ctricas-de-monta%C3%B1a/powerfly/f/F337/powerfly%252b-6-gen-5/79352/5348529,html,2026-10-05
Trek,Powerfly+ [f58c0de7],Powerfly+ 4 Equipped 800 Gen 5,2027,emtb,S,S,,155,165,"155 - 165 cm 5'1"" - 5'5""",ft-in,599,410,"{""Dimensiones de la rueda"": ""27.5\"""", ""A — Tubo del sillín"": ""37.0"", ""B — Ángulo del tubo del sillín"": ""73.0°"", ""Ángulo efectivo del tubo del sillín"": ""75.0°"", ""C — Longitud del tubo de dirección"": ""13.3"", ""D — Ángulo de la dirección"": ""65.5°"", ""E — Tubo superior efectivo"": ""57.1"", ""F — Altura del eje de pedalier"": ""31.5"", ""G — Altura del eje de pedalier"": ""4.5"", ""H — Longitud de la vaina"": ""44.2"", ""I — Retroceso"": ""4.4"", ""J — Trail"": ""11.6"", ""K — Distancia entre ejes"": ""115.1"", ""L — Standover"": ""69.7"", ""Reach (cm)"": ""41.0"", ""Stack (cm)"": ""59.9""}",3599,false,https://www.trekbikes.com/es/es_ES/bicicletas/bicicletas-de-monta%C3%B1a/bicicletas-el%C3%A9ctricas-de-monta%C3%B1a/powerfly/powerfly-hardtail/powerfly-4-equipped-800-gen-5/p/79604/,https://www.trekbikes.com/es/es_ES/bicicletas/bicicletas-de-monta%C3%B1a/bicicletas-el%C3%A9ctricas-de-monta%C3%B1a/powerfly/f/F337/powerfly%252b-4-equipped-800-gen-5/79604/5349069,html,2026-10-05
Trek,Powerfly+ [f58c0de7],Powerfly+ 4 Equipped 800 Gen 5,2027,emtb,M,M,,165,178,"165 - 177 cm 5'5"" - 5'10""",ft-in,641,440,"{""Dimensiones de la rueda"": ""29\"""", ""A — Tubo del sillín"": ""40.0"", ""B — Ángulo del tubo del sillín"": ""73.3°"", ""Ángulo efectivo del tubo del sillín"": ""75.0°"", ""C — Longitud del tubo de dirección"": ""10.8"", ""D — Ángulo de la dirección"": ""66.5°"", ""E — Tubo superior efectivo"": ""61.2"", ""F — Altura del eje de pedalier"": ""31.5"", ""G — Altura del eje de pedalier"": ""6.5"", ""H — Longitud de la vaina"": ""46.1"", ""I — Retroceso"": ""4.4"", ""J — Trail"": ""11.7"", ""K — Distancia entre ejes"": ""119.5"", ""L — Standover"": ""74.7"", ""Reach (cm)"": ""44.0"", ""Stack (cm)"": ""64.1""}",3599,false,https://www.trekbikes.com/es/es_ES/bicicletas/bicicletas-de-monta%C3%B1a/bicicletas-el%C3%A9ctricas-de-monta%C3%B1a/powerfly/powerfly-hardtail/powerfly-4-equipped-800-gen-5/p/79604/,https://www.trekbikes.com/es/es_ES/bicicletas/bicicletas-de-monta%C3%B1a/bicicletas-el%C3%A9ctricas-de-monta%C3%B1a/powerfly/f/F337/powerfly%252b-4-equipped-800-gen-5/79604/5349069,html,2026-10-05
Trek,Powerfly+ [f58c0de7],Powerfly+ 4 Equipped 800 Gen 5,2027,emtb,L,L,,178,188,"177 - 188 cm 5'10"" - 6'2""",ft-in,655,465,"{""Dimensiones de la rueda"": ""29\"""", ""A — Tubo del sillín"": ""42.0"", ""B — Ángulo del tubo del sillín"": ""73.4°"", ""Ángulo efectivo del tubo del sillín"": ""75.0°"", ""C — Longitud del tubo de dirección"": ""12.3"", ""D — Ángulo de la dirección"": ""66.5°"", ""E — Tubo superior efectivo"": ""64.0"", ""F — Altura del eje de pedalier"": ""31.5"", ""G — Altura del eje de pedalier"": ""6.5"", ""H — Longitud de la vaina"": ""46.1"", ""I — Retroceso"": ""4.4"", ""J — Trail"": ""11.7"", ""K — Distancia entre ejes"": ""122.6"", ""L — Standover"": ""74.6"", ""Reach (cm)"": ""46.5"", ""Stack (cm)"": ""65.5""}",3599,false,https://www.trekbikes.com/es/es_ES/bicicletas/bicicletas-de-monta%C3%B1a/bicicletas-el%C3%A9ctricas-de-monta%C3%B1a/powerfly/powerfly-hardtail/powerfly-4-equipped-800-gen-5/p/79604/,https://www.trekbikes.com/es/es_ES/bicicletas/bicicletas-de-monta%C3%B1a/bicicletas-el%C3%A9ctricas-de-monta%C3%B1a/powerfly/f/F337/powerfly%252b-4-equipped-800-gen-5/79604/5349069,html,2026-10-05
Trek,Powerfly+ [f58c0de7],Powerfly+ 4 Equipped 800 Gen 5,2027,emtb,XL,XL,,188,196,"188 - 195 cm 6'2"" - 6'5""",ft-in,673,490,"{""Dimensiones de la rueda"": ""29\"""", ""A — Tubo del sillín"": ""45.0"", ""B — Ángulo del tubo del sillín"": ""74.6°"", ""Ángulo efectivo del tubo del sillín"": ""76.0°"", ""C — Longitud del tubo de dirección"": ""14.3"", ""D — Ángulo de la dirección"": ""66.5°"", ""E — Tubo superior efectivo"": ""65.8"", ""F — Altura del eje de pedalier"": ""31.5"", ""G — Altura del eje de pedalier"": ""6.5"", ""H — Longitud de la vaina"": ""46.1"", ""I — Retroceso"": ""4.4"", ""J — Trail"": ""11.7"", ""K — Distancia entre ejes"": ""125.9"", ""L — Standover"": ""74.6"", ""Reach (cm)"": ""49.0"", ""Stack (cm)"": ""67.3""}",3599,false,https://www.trekbikes.com/es/es_ES/bicicletas/bicicletas-de-monta%C3%B1a/bicicletas-el%C3%A9ctricas-de-monta%C3%B1a/powerfly/powerfly-hardtail/powerfly-4-equipped-800-gen-5/p/79604/,https://www.trekbikes.com/es/es_ES/bicicletas/bicicletas-de-monta%C3%B1a/bicicletas-el%C3%A9ctricas-de-monta%C3%B1a/powerfly/f/F337/powerfly%252b-4-equipped-800-gen-5/79604/5349069,html,2026-10-05
Trek,Powerfly+ [f58c0de7],Powerfly+ 4 800 Wh Gen 5,2027,emtb,S,S,,155,165,"155 - 165 cm 5'1"" - 5'5""",ft-in,599,410,"{""Dimensiones de la rueda"": ""27.5\"""", ""A — Tubo del sillín"": ""37.0"", ""B — Ángulo del tubo del sillín"": ""73.0°"", ""Ángulo efectivo del tubo del sillín"": ""75.0°"", ""C — Longitud del tubo de dirección"": ""13.3"", ""D — Ángulo de la dirección"": ""65.5°"", ""E — Tubo superior efectivo"": ""57.1"", ""F — Altura del eje de pedalier"": ""31.5"", ""G — Altura del eje de pedalier"": ""4.5"", ""H — Longitud de la vaina"": ""44.2"", ""I — Retroceso"": ""4.4"", ""J — Trail"": ""11.6"", ""K — Distancia entre ejes"": ""115.1"", ""L — Standover"": ""69.7"", ""Reach (cm)"": ""41.0"", ""Stack (cm)"": ""59.9""}",3299,false,https://www.trekbikes.com/es/es_ES/bicicletas/bicicletas-de-monta%C3%B1a/bicicletas-el%C3%A9ctricas-de-monta%C3%B1a/powerfly/powerfly-hardtail/powerfly-4-800-wh-gen-5/p/79355/,https://www.trekbikes.com/es/es_ES/bicicletas/bicicletas-de-monta%C3%B1a/bicicletas-el%C3%A9ctricas-de-monta%C3%B1a/powerfly/f/F337/powerfly%252b-4-800-wh-gen-5/79355/5348577,html,2026-10-05
Trek,Powerfly+ [f58c0de7],Powerfly+ 4 800 Wh Gen 5,2027,emtb,M,M,,165,178,"165 - 177 cm 5'5"" - 5'10""",ft-in,641,440,"{""Dimensiones de la rueda"": ""29\"""", ""A — Tubo del sillín"": ""40.0"", ""B — Ángulo del tubo del sillín"": ""73.3°"", ""Ángulo efectivo del tubo del sillín"": ""75.0°"", ""C — Longitud del tubo de dirección"": ""10.8"", ""D — Ángulo de la dirección"": ""66.5°"", ""E — Tubo superior efectivo"": ""61.2"", ""F — Altura del eje de pedalier"": ""31.5"", ""G — Altura del eje de pedalier"": ""6.5"", ""H — Longitud de la vaina"": ""46.1"", ""I — Retroceso"": ""4.4"", ""J — Trail"": ""11.7"", ""K — Distancia entre ejes"": ""119.5"", ""L — Standover"": ""74.7"", ""Reach (cm)"": ""44.0"", ""Stack (cm)"": ""64.1""}",3299,false,https://www.trekbikes.com/es/es_ES/bicicletas/bicicletas-de-monta%C3%B1a/bicicletas-el%C3%A9ctricas-de-monta%C3%B1a/powerfly/powerfly-hardtail/powerfly-4-800-wh-gen-5/p/79355/,https://www.trekbikes.com/es/es_ES/bicicletas/bicicletas-de-monta%C3%B1a/bicicletas-el%C3%A9ctricas-de-monta%C3%B1a/powerfly/f/F337/powerfly%252b-4-800-wh-gen-5/79355/5348577,html,2026-10-05
Trek,Powerfly+ [f58c0de7],Powerfly+ 4 800 Wh Gen 5,2027,emtb,L,L,,178,188,"177 - 188 cm 5'10"" - 6'2""",ft-in,655,465,"{""Dimensiones de la rueda"": ""29\"""", ""A — Tubo del sillín"": ""42.0"", ""B — Ángulo del tubo del sillín"": ""73.4°"", ""Ángulo efectivo del tubo del sillín"": ""75.0°"", ""C — Longitud del tubo de dirección"": ""12.3"", ""D — Ángulo de la dirección"": ""66.5°"", ""E — Tubo superior efectivo"": ""64.0"", ""F — Altura del eje de pedalier"": ""31.5"", ""G — Altura del eje de pedalier"": ""6.5"", ""H — Longitud de la vaina"": ""46.1"", ""I — Retroceso"": ""4.4"", ""J — Trail"": ""11.7"", ""K — Distancia entre ejes"": ""122.6"", ""L — Standover"": ""74.6"", ""Reach (cm)"": ""46.5"", ""Stack (cm)"": ""65.5""}",3299,false,https://www.trekbikes.com/es/es_ES/bicicletas/bicicletas-de-monta%C3%B1a/bicicletas-el%C3%A9ctricas-de-monta%C3%B1a/powerfly/powerfly-hardtail/powerfly-4-800-wh-gen-5/p/79355/,https://www.trekbikes.com/es/es_ES/bicicletas/bicicletas-de-monta%C3%B1a/bicicletas-el%C3%A9ctricas-de-monta%C3%B1a/powerfly/f/F337/powerfly%252b-4-800-wh-gen-5/79355/5348577,html,2026-10-05
Trek,Powerfly+ [f58c0de7],Powerfly+ 4 800 Wh Gen 5,2027,emtb,XL,XL,,188,196,"188 - 195 cm 6'2"" - 6'5""",ft-in,673,490,"{""Dimensiones de la rueda"": ""29\"""", ""A — Tubo del sillín"": ""45.0"", ""B — Ángulo del tubo del sillín"": ""74.6°"", ""Ángulo efectivo del tubo del sillín"": ""76.0°"", ""C — Longitud del tubo de dirección"": ""14.3"", ""D — Ángulo de la dirección"": ""66.5°"", ""E — Tubo superior efectivo"": ""65.8"", ""F — Altura del eje de pedalier"": ""31.5"", ""G — Altura del eje de pedalier"": ""6.5"", ""H — Longitud de la vaina"": ""46.1"", ""I — Retroceso"": ""4.4"", ""J — Trail"": ""11.7"", ""K — Distancia entre ejes"": ""125.9"", ""L — Standover"": ""74.6"", ""Reach (cm)"": ""49.0"", ""Stack (cm)"": ""67.3""}",3299,false,https://www.trekbikes.com/es/es_ES/bicicletas/bicicletas-de-monta%C3%B1a/bicicletas-el%C3%A9ctricas-de-monta%C3%B1a/powerfly/powerfly-hardtail/powerfly-4-800-wh-gen-5/p/79355/,https://www.trekbikes.com/es/es_ES/bicicletas/bicicletas-de-monta%C3%B1a/bicicletas-el%C3%A9ctricas-de-monta%C3%B1a/powerfly/f/F337/powerfly%252b-4-800-wh-gen-5/79355/5348577,html,2026-10-05
Trek,Powerfly+ [f58c0de7],Powerfly+ 4 Equipped Gen 5,2025,emtb,S,S,,155,165,"155 - 165 cm 5'1"" - 5'5""",ft-in,599,410,"{""Dimensiones de la rueda"": ""27.5\"""", ""A — Tubo del sillín"": ""37.0"", ""B — Ángulo del tubo del sillín"": ""73.0°"", ""Ángulo efectivo del tubo del sillín"": ""75.0°"", ""C — Longitud del tubo de dirección"": ""13.3"", ""D — Ángulo de la dirección"": ""65.5°"", ""E — Tubo superior efectivo"": ""57.1"", ""F — Altura del eje de pedalier"": ""31.5"", ""G — Altura del eje de pedalier"": ""4.5"", ""H — Longitud de la vaina"": ""44.2"", ""I — Retroceso"": ""4.4"", ""J — Trail"": ""11.6"", ""K — Distancia entre ejes"": ""115.1"", ""L — Standover"": ""69.7"", ""Reach (cm)"": ""41.0"", ""Stack (cm)"": ""59.9""}",3299,false,https://www.trekbikes.com/es/es_ES/bicicletas/bicicletas-de-monta%C3%B1a/bicicletas-el%C3%A9ctricas-de-monta%C3%B1a/powerfly/powerfly-hardtail/powerfly-4-equipped-gen-5/p/48620/,https://www.trekbikes.com/es/es_ES/bicicletas/bicicletas-de-monta%C3%B1a/bicicletas-el%C3%A9ctricas-de-monta%C3%B1a/powerfly/f/F337/powerfly%252b-4-equipped-gen-5/48620/5329761,html,2026-10-05
Trek,Powerfly+ [f58c0de7],Powerfly+ 4 Equipped Gen 5,2025,emtb,M,M,,165,178,"165 - 177 cm 5'5"" - 5'10""",ft-in,641,440,"{""Dimensiones de la rueda"": ""29\"""", ""A — Tubo del sillín"": ""40.0"", ""B — Ángulo del tubo del sillín"": ""73.3°"", ""Ángulo efectivo del tubo del sillín"": ""75.0°"", ""C — Longitud del tubo de dirección"": ""10.8"", ""D — Ángulo de la dirección"": ""66.5°"", ""E — Tubo superior efectivo"": ""61.2"", ""F — Altura del eje de pedalier"": ""31.5"", ""G — Altura del eje de pedalier"": ""6.5"", ""H — Longitud de la vaina"": ""46.1"", ""I — Retroceso"": ""4.4"", ""J — Trail"": ""11.7"", ""K — Distancia entre ejes"": ""119.5"", ""L — Standover"": ""74.7"", ""Reach (cm)"": ""44.0"", ""Stack (cm)"": ""64.1""}",3299,false,https://www.trekbikes.com/es/es_ES/bicicletas/bicicletas-de-monta%C3%B1a/bicicletas-el%C3%A9ctricas-de-monta%C3%B1a/powerfly/powerfly-hardtail/powerfly-4-equipped-gen-5/p/48620/,https://www.trekbikes.com/es/es_ES/bicicletas/bicicletas-de-monta%C3%B1a/bicicletas-el%C3%A9ctricas-de-monta%C3%B1a/powerfly/f/F337/powerfly%252b-4-equipped-gen-5/48620/5329761,html,2026-10-05
Trek,Powerfly+ [f58c0de7],Powerfly+ 4 Equipped Gen 5,2025,emtb,L,L,,178,188,"177 - 188 cm 5'10"" - 6'2""",ft-in,655,465,"{""Dimensiones de la rueda"": ""29\"""", ""A — Tubo del sillín"": ""42.0"", ""B — Ángulo del tubo del sillín"": ""73.4°"", ""Ángulo efectivo del tubo del sillín"": ""75.0°"", ""C — Longitud del tubo de dirección"": ""12.3"", ""D — Ángulo de la dirección"": ""66.5°"", ""E — Tubo superior efectivo"": ""64.0"", ""F — Altura del eje de pedalier"": ""31.5"", ""G — Altura del eje de pedalier"": ""6.5"", ""H — Longitud de la vaina"": ""46.1"", ""I — Retroceso"": ""4.4"", ""J — Trail"": ""11.7"", ""K — Distancia entre ejes"": ""122.6"", ""L — Standover"": ""74.6"", ""Reach (cm)"": ""46.5"", ""Stack (cm)"": ""65.5""}",3299,false,https://www.trekbikes.com/es/es_ES/bicicletas/bicicletas-de-monta%C3%B1a/bicicletas-el%C3%A9ctricas-de-monta%C3%B1a/powerfly/powerfly-hardtail/powerfly-4-equipped-gen-5/p/48620/,https://www.trekbikes.com/es/es_ES/bicicletas/bicicletas-de-monta%C3%B1a/bicicletas-el%C3%A9ctricas-de-monta%C3%B1a/powerfly/f/F337/powerfly%252b-4-equipped-gen-5/48620/5329761,html,2026-10-05
Trek,Powerfly+ [f58c0de7],Powerfly+ 4 Equipped Gen 5,2025,emtb,XL,XL,,188,196,"188 - 195 cm 6'2"" - 6'5""",ft-in,673,490,"{""Dimensiones de la rueda"": ""29\"""", ""A — Tubo del sillín"": ""45.0"", ""B — Ángulo del tubo del sillín"": ""74.6°"", ""Ángulo efectivo del tubo del sillín"": ""76.0°"", ""C — Longitud del tubo de dirección"": ""14.3"", ""D — Ángulo de la dirección"": ""66.5°"", ""E — Tubo superior efectivo"": ""65.8"", ""F — Altura del eje de pedalier"": ""31.5"", ""G — Altura del eje de pedalier"": ""6.5"", ""H — Longitud de la vaina"": ""46.1"", ""I — Retroceso"": ""4.4"", ""J — Trail"": ""11.7"", ""K — Distancia entre ejes"": ""125.9"", ""L — Standover"": ""74.6"", ""Reach (cm)"": ""49.0"", ""Stack (cm)"": ""67.3""}",3299,false,https://www.trekbikes.com/es/es_ES/bicicletas/bicicletas-de-monta%C3%B1a/bicicletas-el%C3%A9ctricas-de-monta%C3%B1a/powerfly/powerfly-hardtail/powerfly-4-equipped-gen-5/p/48620/,https://www.trekbikes.com/es/es_ES/bicicletas/bicicletas-de-monta%C3%B1a/bicicletas-el%C3%A9ctricas-de-monta%C3%B1a/powerfly/f/F337/powerfly%252b-4-equipped-gen-5/48620/5329761,html,2026-10-05
Trek,Powerfly+ [f58c0de7],Powerfly+ 4 Gen 5,2025,emtb,S,S,,155,165,"155 - 165 cm 5'1"" - 5'5""",ft-in,599,410,"{""Dimensiones de la rueda"": ""27.5\"""", ""A — Tubo del sillín"": ""37.0"", ""B — Ángulo del tubo del sillín"": ""73.0°"", ""Ángulo efectivo del tubo del sillín"": ""75.0°"", ""C — Longitud del tubo de dirección"": ""13.3"", ""D — Ángulo de la dirección"": ""65.5°"", ""E — Tubo superior efectivo"": ""57.1"", ""F — Altura del eje de pedalier"": ""31.5"", ""G — Altura del eje de pedalier"": ""4.5"", ""H — Longitud de la vaina"": ""44.2"", ""I — Retroceso"": ""4.4"", ""J — Trail"": ""11.6"", ""K — Distancia entre ejes"": ""115.1"", ""L — Standover"": ""69.7"", ""Reach (cm)"": ""41.0"", ""Stack (cm)"": ""59.9""}",2999,false,https://www.trekbikes.com/es/es_ES/bicicletas/bicicletas-de-monta%C3%B1a/bicicletas-el%C3%A9ctricas-de-monta%C3%B1a/powerfly/powerfly-hardtail/powerfly-4-gen-5/p/48619/,https://www.trekbikes.com/es/es_ES/bicicletas/bicicletas-de-monta%C3%B1a/bicicletas-el%C3%A9ctricas-de-monta%C3%B1a/powerfly/f/F337/powerfly%252b-4-gen-5/48619/5329749,html,2026-10-05
Trek,Powerfly+ [f58c0de7],Powerfly+ 4 Gen 5,2025,emtb,M,M,,165,178,"165 - 177 cm 5'5"" - 5'10""",ft-in,641,440,"{""Dimensiones de la rueda"": ""29\"""", ""A — Tubo del sillín"": ""40.0"", ""B — Ángulo del tubo del sillín"": ""73.3°"", ""Ángulo efectivo del tubo del sillín"": ""75.0°"", ""C — Longitud del tubo de dirección"": ""10.8"", ""D — Ángulo de la dirección"": ""66.5°"", ""E — Tubo superior efectivo"": ""61.2"", ""F — Altura del eje de pedalier"": ""31.5"", ""G — Altura del eje de pedalier"": ""6.5"", ""H — Longitud de la vaina"": ""46.1"", ""I — Retroceso"": ""4.4"", ""J — Trail"": ""11.7"", ""K — Distancia entre ejes"": ""119.5"", ""L — Standover"": ""74.7"", ""Reach (cm)"": ""44.0"", ""Stack (cm)"": ""64.1""}",2999,false,https://www.trekbikes.com/es/es_ES/bicicletas/bicicletas-de-monta%C3%B1a/bicicletas-el%C3%A9ctricas-de-monta%C3%B1a/powerfly/powerfly-hardtail/powerfly-4-gen-5/p/48619/,https://www.trekbikes.com/es/es_ES/bicicletas/bicicletas-de-monta%C3%B1a/bicicletas-el%C3%A9ctricas-de-monta%C3%B1a/powerfly/f/F337/powerfly%252b-4-gen-5/48619/5329749,html,2026-10-05
Trek,Powerfly+ [f58c0de7],Powerfly+ 4 Gen 5,2025,emtb,L,L,,178,188,"177 - 188 cm 5'10"" - 6'2""",ft-in,655,465,"{""Dimensiones de la rueda"": ""29\"""", ""A — Tubo del sillín"": ""42.0"", ""B — Ángulo del tubo del sillín"": ""73.4°"", ""Ángulo efectivo del tubo del sillín"": ""75.0°"", ""C — Longitud del tubo de dirección"": ""12.3"", ""D — Ángulo de la dirección"": ""66.5°"", ""E — Tubo superior efectivo"": ""64.0"", ""F — Altura del eje de pedalier"": ""31.5"", ""G — Altura del eje de pedalier"": ""6.5"", ""H — Longitud de la vaina"": ""46.1"", ""I — Retroceso"": ""4.4"", ""J — Trail"": ""11.7"", ""K — Distancia entre ejes"": ""122.6"", ""L — Standover"": ""74.6"", ""Reach (cm)"": ""46.5"", ""Stack (cm)"": ""65.5""}",2999,false,https://www.trekbikes.com/es/es_ES/bicicletas/bicicletas-de-monta%C3%B1a/bicicletas-el%C3%A9ctricas-de-monta%C3%B1a/powerfly/powerfly-hardtail/powerfly-4-gen-5/p/48619/,https://www.trekbikes.com/es/es_ES/bicicletas/bicicletas-de-monta%C3%B1a/bicicletas-el%C3%A9ctricas-de-monta%C3%B1a/powerfly/f/F337/powerfly%252b-4-gen-5/48619/5329749,html,2026-10-05
Trek,Powerfly+ [f58c0de7],Powerfly+ 4 Gen 5,2025,emtb,XL,XL,,188,196,"188 - 195 cm 6'2"" - 6'5""",ft-in,673,490,"{""Dimensiones de la rueda"": ""29\"""", ""A — Tubo del sillín"": ""45.0"", ""B — Ángulo del tubo del sillín"": ""74.6°"", ""Ángulo efectivo del tubo del sillín"": ""76.0°"", ""C — Longitud del tubo de dirección"": ""14.3"", ""D — Ángulo de la dirección"": ""66.5°"", ""E — Tubo superior efectivo"": ""65.8"", ""F — Altura del eje de pedalier"": ""31.5"", ""G — Altura del eje de pedalier"": ""6.5"", ""H — Longitud de la vaina"": ""46.1"", ""I — Retroceso"": ""4.4"", ""J — Trail"": ""11.7"", ""K — Distancia entre ejes"": ""125.9"", ""L — Standover"": ""74.6"", ""Reach (cm)"": ""49.0"", ""Stack (cm)"": ""67.3""}",2999,false,https://www.trekbikes.com/es/es_ES/bicicletas/bicicletas-de-monta%C3%B1a/bicicletas-el%C3%A9ctricas-de-monta%C3%B1a/powerfly/powerfly-hardtail/powerfly-4-gen-5/p/48619/,https://www.trekbikes.com/es/es_ES/bicicletas/bicicletas-de-monta%C3%B1a/bicicletas-el%C3%A9ctricas-de-monta%C3%B1a/powerfly/f/F337/powerfly%252b-4-gen-5/48619/5329749,html,2026-10-05
Trek,Procaliber [4f7a0c1f],Procaliber 9.7 Gen 3,2027,mtb,S,S,,155,165,"155 - 165 cm 5'1"" - 5'5""",ft-in,614,405,"{""Dimensiones de la rueda"": ""29\"""", ""A — Tubo del sillín"": ""39.0"", ""B — Ángulo del tubo del sillín"": ""71.0°"", ""Ángulo efectivo del tubo del sillín"": ""74.3°"", ""C — Longitud del tubo de dirección"": ""9.0"", ""D — Ángulo de la dirección"": ""67.0°"", ""E — Tubo superior efectivo"": ""57.7"", ""F — Altura del eje de pedalier"": ""30.9"", ""G — Altura del eje de pedalier"": ""6.4"", ""H — Longitud de la vaina"": ""43.0"", ""I — Retroceso"": ""4.3"", ""K — Distancia entre ejes"": ""111.0"", ""L — Standover"": ""74.7"", ""Reach (cm)"": ""40.5"", ""Stack (cm)"": ""61.4""}",4499,false,https://www.trekbikes.com/es/es_ES/bicicletas/bicicletas-de-monta%C3%B1a/bicicletas-de-monta%C3%B1a-de-cross-country/procaliber/procaliber-9-7-gen-3/p/76102/,https://www.trekbikes.com/es/es_ES/bicicletas/bicicletas-de-monta%C3%B1a/bicicletas-de-monta%C3%B1a-de-cross-country/procaliber/f/F312/procaliber-9-7-gen-3/76102/5347307,html,2026-10-05
Trek,Procaliber [4f7a0c1f],Procaliber 9.7 Gen 3,2027,mtb,M,M,,165,178,"165 - 177 cm 5'5"" - 5'10""",ft-in,614,430,"{""Dimensiones de la rueda"": ""29\"""", ""A — Tubo del sillín"": ""42.0"", ""B — Ángulo del tubo del sillín"": ""71.5°"", ""Ángulo efectivo del tubo del sillín"": ""74.3°"", ""C — Longitud del tubo de dirección"": ""9.0"", ""D — Ángulo de la dirección"": ""67.0°"", ""E — Tubo superior efectivo"": ""59.8"", ""F — Altura del eje de pedalier"": ""30.9"", ""G — Altura del eje de pedalier"": ""6.4"", ""H — Longitud de la vaina"": ""43.0"", ""I — Retroceso"": ""4.3"", ""K — Distancia entre ejes"": ""113.5"", ""L — Standover"": ""74.9"", ""Reach (cm)"": ""43.0"", ""Stack (cm)"": ""61.4""}",4499,false,https://www.trekbikes.com/es/es_ES/bicicletas/bicicletas-de-monta%C3%B1a/bicicletas-de-monta%C3%B1a-de-cross-country/procaliber/procaliber-9-7-gen-3/p/76102/,https://www.trekbikes.com/es/es_ES/bicicletas/bicicletas-de-monta%C3%B1a/bicicletas-de-monta%C3%B1a-de-cross-country/procaliber/f/F312/procaliber-9-7-gen-3/76102/5347307,html,2026-10-05
Trek,Procaliber [4f7a0c1f],Procaliber 9.7 Gen 3,2027,mtb,ML,,,173,180,"173 - 180 cm 5'8"" - 5'11""",ft-in,614,445,"{""Dimensiones de la rueda"": ""29\"""", ""A — Tubo del sillín"": ""44.0"", ""B — Ángulo del tubo del sillín"": ""72.0°"", ""Ángulo efectivo del tubo del sillín"": ""74.3°"", ""C — Longitud del tubo de dirección"": ""9.0"", ""D — Ángulo de la dirección"": ""67.0°"", ""E — Tubo superior efectivo"": ""61.3"", ""F — Altura del eje de pedalier"": ""30.9"", ""G — Altura del eje de pedalier"": ""6.4"", ""H — Longitud de la vaina"": ""43.5"", ""I — Retroceso"": ""4.3"", ""K — Distancia entre ejes"": ""115.5"", ""L — Standover"": ""75.8"", ""Reach (cm)"": ""44.5"", ""Stack (cm)"": ""61.4""}",4499,false,https://www.trekbikes.com/es/es_ES/bicicletas/bicicletas-de-monta%C3%B1a/bicicletas-de-monta%C3%B1a-de-cross-country/procaliber/procaliber-9-7-gen-3/p/76102/,https://www.trekbikes.com/es/es_ES/bicicletas/bicicletas-de-monta%C3%B1a/bicicletas-de-monta%C3%B1a-de-cross-country/procaliber/f/F312/procaliber-9-7-gen-3/76102/5347307,html,2026-10-05
Trek,Procaliber [4f7a0c1f],Procaliber 9.7 Gen 3,2027,mtb,L,L,,178,188,"177 - 188 cm 5'10"" - 6'2""",ft-in,614,460,"{""Dimensiones de la rueda"": ""29\"""", ""A — Tubo del sillín"": ""46.0"", ""B — Ángulo del tubo del sillín"": ""72.5°"", ""Ángulo efectivo del tubo del sillín"": ""74.3°"", ""C — Longitud del tubo de dirección"": ""9.0"", ""D — Ángulo de la dirección"": ""67.0°"", ""E — Tubo superior efectivo"": ""62.8"", ""F — Altura del eje de pedalier"": ""30.9"", ""G — Altura del eje de pedalier"": ""6.4"", ""H — Longitud de la vaina"": ""43.5"", ""I — Retroceso"": ""4.3"", ""K — Distancia entre ejes"": ""117.1"", ""L — Standover"": ""76.3"", ""Reach (cm)"": ""46.0"", ""Stack (cm)"": ""61.4""}",4499,false,https://www.trekbikes.com/es/es_ES/bicicletas/bicicletas-de-monta%C3%B1a/bicicletas-de-monta%C3%B1a-de-cross-country/procaliber/procaliber-9-7-gen-3/p/76102/,https://www.trekbikes.com/es/es_ES/bicicletas/bicicletas-de-monta%C3%B1a/bicicletas-de-monta%C3%B1a-de-cross-country/procaliber/f/F312/procaliber-9-7-gen-3/76102/5347307,html,2026-10-05
Trek,Procaliber [4f7a0c1f],Procaliber 9.7 Gen 3,2027,mtb,XL,XL,,188,196,"188 - 195 cm 6'2"" - 6'5""",ft-in,642,500,"{""Dimensiones de la rueda"": ""29\"""", ""A — Tubo del sillín"": ""51.0"", ""B — Ángulo del tubo del sillín"": ""73.0°"", ""Ángulo efectivo del tubo del sillín"": ""74.3°"", ""C — Longitud del tubo de dirección"": ""12.0"", ""D — Ángulo de la dirección"": ""67.0°"", ""E — Tubo superior efectivo"": ""67.7"", ""F — Altura del eje de pedalier"": ""30.9"", ""G — Altura del eje de pedalier"": ""6.4"", ""H — Longitud de la vaina"": ""44.0"", ""I — Retroceso"": ""4.3"", ""K — Distancia entre ejes"": ""122.7"", ""L — Standover"": ""79.1"", ""Reach (cm)"": ""50.0"", ""Stack (cm)"": ""64.2""}",4499,false,https://www.trekbikes.com/es/es_ES/bicicletas/bicicletas-de-monta%C3%B1a/bicicletas-de-monta%C3%B1a-de-cross-country/procaliber/procaliber-9-7-gen-3/p/76102/,https://www.trekbikes.com/es/es_ES/bicicletas/bicicletas-de-monta%C3%B1a/bicicletas-de-monta%C3%B1a-de-cross-country/procaliber/f/F312/procaliber-9-7-gen-3/76102/5347307,html,2026-10-05
Trek,Procaliber [4f7a0c1f],Procaliber 9.5 Gen 3,2027,mtb,S,S,,155,165,"155 - 165 cm 5'1"" - 5'5""",ft-in,614,405,"{""Dimensiones de la rueda"": ""29\"""", ""A — Tubo del sillín"": ""39.0"", ""B — Ángulo del tubo del sillín"": ""71.0°"", ""Ángulo efectivo del tubo del sillín"": ""74.3°"", ""C — Longitud del tubo de dirección"": ""9.0"", ""D — Ángulo de la dirección"": ""67.0°"", ""E — Tubo superior efectivo"": ""57.7"", ""F — Altura del eje de pedalier"": ""30.9"", ""G — Altura del eje de pedalier"": ""6.4"", ""H — Longitud de la vaina"": ""43.0"", ""I — Retroceso"": ""4.3"", ""K — Distancia entre ejes"": ""111.0"", ""L — Standover"": ""74.7"", ""Reach (cm)"": ""40.5"", ""Stack (cm)"": ""61.4""}",1999,false,https://www.trekbikes.com/es/es_ES/bicicletas/bicicletas-de-monta%C3%B1a/bicicletas-de-monta%C3%B1a-de-cross-country/procaliber/procaliber-9-5-gen-3/p/76161/,https://www.trekbikes.com/es/es_ES/bicicletas/bicicletas-de-monta%C3%B1a/bicicletas-de-monta%C3%B1a-de-cross-country/procaliber/f/F312/procaliber-9-5-gen-3/76161/5347358,html,2026-10-05
Trek,Procaliber [4f7a0c1f],Procaliber 9.5 Gen 3,2027,mtb,M,M,,165,178,"165 - 177 cm 5'5"" - 5'10""",ft-in,614,430,"{""Dimensiones de la rueda"": ""29\"""", ""A — Tubo del sillín"": ""42.0"", ""B — Ángulo del tubo del sillín"": ""71.5°"", ""Ángulo efectivo del tubo del sillín"": ""74.3°"", ""C — Longitud del tubo de dirección"": ""9.0"", ""D — Ángulo de la dirección"": ""67.0°"", ""E — Tubo superior efectivo"": ""59.8"", ""F — Altura del eje de pedalier"": ""30.9"", ""G — Altura del eje de pedalier"": ""6.4"", ""H — Longitud de la vaina"": ""43.0"", ""I — Retroceso"": ""4.3"", ""K — Distancia entre ejes"": ""113.5"", ""L — Standover"": ""74.9"", ""Reach (cm)"": ""43.0"", ""Stack (cm)"": ""61.4""}",1999,false,https://www.trekbikes.com/es/es_ES/bicicletas/bicicletas-de-monta%C3%B1a/bicicletas-de-monta%C3%B1a-de-cross-country/procaliber/procaliber-9-5-gen-3/p/76161/,https://www.trekbikes.com/es/es_ES/bicicletas/bicicletas-de-monta%C3%B1a/bicicletas-de-monta%C3%B1a-de-cross-country/procaliber/f/F312/procaliber-9-5-gen-3/76161/5347358,html,2026-10-05
Trek,Procaliber [4f7a0c1f],Procaliber 9.5 Gen 3,2027,mtb,ML,,,173,180,"173 - 180 cm 5'8"" - 5'11""",ft-in,614,445,"{""Dimensiones de la rueda"": ""29\"""", ""A — Tubo del sillín"": ""44.0"", ""B — Ángulo del tubo del sillín"": ""72.0°"", ""Ángulo efectivo del tubo del sillín"": ""74.3°"", ""C — Longitud del tubo de dirección"": ""9.0"", ""D — Ángulo de la dirección"": ""67.0°"", ""E — Tubo superior efectivo"": ""61.3"", ""F — Altura del eje de pedalier"": ""30.9"", ""G — Altura del eje de pedalier"": ""6.4"", ""H — Longitud de la vaina"": ""43.5"", ""I — Retroceso"": ""4.3"", ""K — Distancia entre ejes"": ""115.5"", ""L — Standover"": ""75.8"", ""Reach (cm)"": ""44.5"", ""Stack (cm)"": ""61.4""}",1999,false,https://www.trekbikes.com/es/es_ES/bicicletas/bicicletas-de-monta%C3%B1a/bicicletas-de-monta%C3%B1a-de-cross-country/procaliber/procaliber-9-5-gen-3/p/76161/,https://www.trekbikes.com/es/es_ES/bicicletas/bicicletas-de-monta%C3%B1a/bicicletas-de-monta%C3%B1a-de-cross-country/procaliber/f/F312/procaliber-9-5-gen-3/76161/5347358,html,2026-10-05
Trek,Procaliber [4f7a0c1f],Procaliber 9.5 Gen 3,2027,mtb,L,L,,178,188,"177 - 188 cm 5'10"" - 6'2""",ft-in,614,460,"{""Dimensiones de la rueda"": ""29\"""", ""A — Tubo del sillín"": ""46.0"", ""B — Ángulo del tubo del sillín"": ""72.5°"", ""Ángulo efectivo del tubo del sillín"": ""74.3°"", ""C — Longitud del tubo de dirección"": ""9.0"", ""D — Ángulo de la dirección"": ""67.0°"", ""E — Tubo superior efectivo"": ""62.8"", ""F — Altura del eje de pedalier"": ""30.9"", ""G — Altura del eje de pedalier"": ""6.4"", ""H — Longitud de la vaina"": ""43.5"", ""I — Retroceso"": ""4.3"", ""K — Distancia entre ejes"": ""117.1"", ""L — Standover"": ""76.3"", ""Reach (cm)"": ""46.0"", ""Stack (cm)"": ""61.4""}",1999,false,https://www.trekbikes.com/es/es_ES/bicicletas/bicicletas-de-monta%C3%B1a/bicicletas-de-monta%C3%B1a-de-cross-country/procaliber/procaliber-9-5-gen-3/p/76161/,https://www.trekbikes.com/es/es_ES/bicicletas/bicicletas-de-monta%C3%B1a/bicicletas-de-monta%C3%B1a-de-cross-country/procaliber/f/F312/procaliber-9-5-gen-3/76161/5347358,html,2026-10-05
Trek,Procaliber [4f7a0c1f],Procaliber 9.5 Gen 3,2027,mtb,XL,XL,,188,196,"188 - 195 cm 6'2"" - 6'5""",ft-in,642,500,"{""Dimensiones de la rueda"": ""29\"""", ""A — Tubo del sillín"": ""51.0"", ""B — Ángulo del tubo del sillín"": ""73.0°"", ""Ángulo efectivo del tubo del sillín"": ""74.3°"", ""C — Longitud del tubo de dirección"": ""12.0"", ""D — Ángulo de la dirección"": ""67.0°"", ""E — Tubo superior efectivo"": ""67.7"", ""F — Altura del eje de pedalier"": ""30.9"", ""G — Altura del eje de pedalier"": ""6.4"", ""H — Longitud de la vaina"": ""44.0"", ""I — Retroceso"": ""4.3"", ""K — Distancia entre ejes"": ""122.7"", ""L — Standover"": ""79.1"", ""Reach (cm)"": ""50.0"", ""Stack (cm)"": ""64.2""}",1999,false,https://www.trekbikes.com/es/es_ES/bicicletas/bicicletas-de-monta%C3%B1a/bicicletas-de-monta%C3%B1a-de-cross-country/procaliber/procaliber-9-5-gen-3/p/76161/,https://www.trekbikes.com/es/es_ES/bicicletas/bicicletas-de-monta%C3%B1a/bicicletas-de-monta%C3%B1a-de-cross-country/procaliber/f/F312/procaliber-9-5-gen-3/76161/5347358,html,2026-10-05
Trek,Procaliber [4f7a0c1f],Procaliber 8,2027,mtb,S,S,,155,165,"155 - 165 cm 5'1"" - 5'5""",ft-in,614,405,"{""Dimensiones de la rueda"": ""29\"""", ""A — Tubo del sillín"": ""39.0"", ""B — Ángulo del tubo del sillín"": ""71.0°"", ""Ángulo efectivo del tubo del sillín"": ""74.3°"", ""C — Longitud del tubo de dirección"": ""9.0"", ""D — Ángulo de la dirección"": ""67.0°"", ""E — Tubo superior efectivo"": ""57.7"", ""F — Altura del eje de pedalier"": ""30.9"", ""G — Altura del eje de pedalier"": ""6.4"", ""H — Longitud de la vaina"": ""43.0"", ""I — Retroceso"": ""4.3"", ""K — Distancia entre ejes"": ""111.0"", ""L — Standover"": ""74.7"", ""Reach (cm)"": ""40.5"", ""Stack (cm)"": ""61.4""}",1499,false,https://www.trekbikes.com/es/es_ES/bicicletas/bicicletas-de-monta%C3%B1a/bicicletas-de-monta%C3%B1a-de-cross-country/procaliber/procaliber-8/p/80405/,https://www.trekbikes.com/es/es_ES/bicicletas/bicicletas-de-monta%C3%B1a/bicicletas-de-monta%C3%B1a-de-cross-country/procaliber/f/F312/procaliber-8/80405/5350890,html,2026-10-05
Trek,Procaliber [4f7a0c1f],Procaliber 8,2027,mtb,M,M,,165,178,"165 - 177 cm 5'5"" - 5'10""",ft-in,614,430,"{""Dimensiones de la rueda"": ""29\"""", ""A — Tubo del sillín"": ""42.0"", ""B — Ángulo del tubo del sillín"": ""71.5°"", ""Ángulo efectivo del tubo del sillín"": ""74.3°"", ""C — Longitud del tubo de dirección"": ""9.0"", ""D — Ángulo de la dirección"": ""67.0°"", ""E — Tubo superior efectivo"": ""59.8"", ""F — Altura del eje de pedalier"": ""30.9"", ""G — Altura del eje de pedalier"": ""6.4"", ""H — Longitud de la vaina"": ""43.0"", ""I — Retroceso"": ""4.3"", ""K — Distancia entre ejes"": ""113.5"", ""L — Standover"": ""74.9"", ""Reach (cm)"": ""43.0"", ""Stack (cm)"": ""61.4""}",1499,false,https://www.trekbikes.com/es/es_ES/bicicletas/bicicletas-de-monta%C3%B1a/bicicletas-de-monta%C3%B1a-de-cross-country/procaliber/procaliber-8/p/80405/,https://www.trekbikes.com/es/es_ES/bicicletas/bicicletas-de-monta%C3%B1a/bicicletas-de-monta%C3%B1a-de-cross-country/procaliber/f/F312/procaliber-8/80405/5350890,html,2026-10-05
Trek,Procaliber [4f7a0c1f],Procaliber 8,2027,mtb,ML,,,173,180,"173 - 180 cm 5'8"" - 5'11""",ft-in,614,445,"{""Dimensiones de la rueda"": ""29\"""", ""A — Tubo del sillín"": ""44.0"", ""B — Ángulo del tubo del sillín"": ""72.0°"", ""Ángulo efectivo del tubo del sillín"": ""74.3°"", ""C — Longitud del tubo de dirección"": ""9.0"", ""D — Ángulo de la dirección"": ""67.0°"", ""E — Tubo superior efectivo"": ""61.3"", ""F — Altura del eje de pedalier"": ""30.9"", ""G — Altura del eje de pedalier"": ""6.4"", ""H — Longitud de la vaina"": ""43.5"", ""I — Retroceso"": ""4.3"", ""K — Distancia entre ejes"": ""115.5"", ""L — Standover"": ""75.8"", ""Reach (cm)"": ""44.5"", ""Stack (cm)"": ""61.4""}",1499,false,https://www.trekbikes.com/es/es_ES/bicicletas/bicicletas-de-monta%C3%B1a/bicicletas-de-monta%C3%B1a-de-cross-country/procaliber/procaliber-8/p/80405/,https://www.trekbikes.com/es/es_ES/bicicletas/bicicletas-de-monta%C3%B1a/bicicletas-de-monta%C3%B1a-de-cross-country/procaliber/f/F312/procaliber-8/80405/5350890,html,2026-10-05
Trek,Procaliber [4f7a0c1f],Procaliber 8,2027,mtb,L,L,,178,188,"177 - 188 cm 5'10"" - 6'2""",ft-in,614,460,"{""Dimensiones de la rueda"": ""29\"""", ""A — Tubo del sillín"": ""46.0"", ""B — Ángulo del tubo del sillín"": ""72.5°"", ""Ángulo efectivo del tubo del sillín"": ""74.3°"", ""C — Longitud del tubo de dirección"": ""9.0"", ""D — Ángulo de la dirección"": ""67.0°"", ""E — Tubo superior efectivo"": ""62.8"", ""F — Altura del eje de pedalier"": ""30.9"", ""G — Altura del eje de pedalier"": ""6.4"", ""H — Longitud de la vaina"": ""43.5"", ""I — Retroceso"": ""4.3"", ""K — Distancia entre ejes"": ""117.1"", ""L — Standover"": ""76.3"", ""Reach (cm)"": ""46.0"", ""Stack (cm)"": ""61.4""}",1499,false,https://www.trekbikes.com/es/es_ES/bicicletas/bicicletas-de-monta%C3%B1a/bicicletas-de-monta%C3%B1a-de-cross-country/procaliber/procaliber-8/p/80405/,https://www.trekbikes.com/es/es_ES/bicicletas/bicicletas-de-monta%C3%B1a/bicicletas-de-monta%C3%B1a-de-cross-country/procaliber/f/F312/procaliber-8/80405/5350890,html,2026-10-05
Trek,Procaliber [4f7a0c1f],Procaliber 8,2027,mtb,XL,XL,,188,196,"188 - 195 cm 6'2"" - 6'5""",ft-in,642,500,"{""Dimensiones de la rueda"": ""29\"""", ""A — Tubo del sillín"": ""51.0"", ""B — Ángulo del tubo del sillín"": ""73.0°"", ""Ángulo efectivo del tubo del sillín"": ""74.3°"", ""C — Longitud del tubo de dirección"": ""12.0"", ""D — Ángulo de la dirección"": ""67.0°"", ""E — Tubo superior efectivo"": ""67.7"", ""F — Altura del eje de pedalier"": ""30.9"", ""G — Altura del eje de pedalier"": ""6.4"", ""H — Longitud de la vaina"": ""44.0"", ""I — Retroceso"": ""4.3"", ""K — Distancia entre ejes"": ""122.7"", ""L — Standover"": ""79.1"", ""Reach (cm)"": ""50.0"", ""Stack (cm)"": ""64.2""}",1499,false,https://www.trekbikes.com/es/es_ES/bicicletas/bicicletas-de-monta%C3%B1a/bicicletas-de-monta%C3%B1a-de-cross-country/procaliber/procaliber-8/p/80405/,https://www.trekbikes.com/es/es_ES/bicicletas/bicicletas-de-monta%C3%B1a/bicicletas-de-monta%C3%B1a-de-cross-country/procaliber/f/F312/procaliber-8/80405/5350890,html,2026-10-05
Trek,Procaliber [4f7a0c1f],Procaliber 6,2027,mtb,S,S,,155,165,"155 - 165 cm 5'1"" - 5'5""",ft-in,614,405,"{""Dimensiones de la rueda"": ""29\"""", ""A — Tubo del sillín"": ""39.0"", ""B — Ángulo del tubo del sillín"": ""71.0°"", ""Ángulo efectivo del tubo del sillín"": ""74.3°"", ""C — Longitud del tubo de dirección"": ""9.0"", ""D — Ángulo de la dirección"": ""67.0°"", ""E — Tubo superior efectivo"": ""57.7"", ""F — Altura del eje de pedalier"": ""30.9"", ""G — Altura del eje de pedalier"": ""6.4"", ""H — Longitud de la vaina"": ""43.0"", ""I — Retroceso"": ""4.3"", ""K — Distancia entre ejes"": ""111.0"", ""L — Standover"": ""74.7"", ""Reach (cm)"": ""40.5"", ""Stack (cm)"": ""61.4""}",1299,false,https://www.trekbikes.com/es/es_ES/bicicletas/bicicletas-de-monta%C3%B1a/bicicletas-de-monta%C3%B1a-de-cross-country/procaliber/procaliber-6/p/80310/,https://www.trekbikes.com/es/es_ES/bicicletas/bicicletas-de-monta%C3%B1a/bicicletas-de-monta%C3%B1a-de-cross-country/procaliber/f/F312/procaliber-6/80310/5350748,html,2026-10-05
Trek,Procaliber [4f7a0c1f],Procaliber 6,2027,mtb,M,M,,165,178,"165 - 177 cm 5'5"" - 5'10""",ft-in,614,430,"{""Dimensiones de la rueda"": ""29\"""", ""A — Tubo del sillín"": ""42.0"", ""B — Ángulo del tubo del sillín"": ""71.5°"", ""Ángulo efectivo del tubo del sillín"": ""74.3°"", ""C — Longitud del tubo de dirección"": ""9.0"", ""D — Ángulo de la dirección"": ""67.0°"", ""E — Tubo superior efectivo"": ""59.8"", ""F — Altura del eje de pedalier"": ""30.9"", ""G — Altura del eje de pedalier"": ""6.4"", ""H — Longitud de la vaina"": ""43.0"", ""I — Retroceso"": ""4.3"", ""K — Distancia entre ejes"": ""113.5"", ""L — Standover"": ""74.9"", ""Reach (cm)"": ""43.0"", ""Stack (cm)"": ""61.4""}",1299,false,https://www.trekbikes.com/es/es_ES/bicicletas/bicicletas-de-monta%C3%B1a/bicicletas-de-monta%C3%B1a-de-cross-country/procaliber/procaliber-6/p/80310/,https://www.trekbikes.com/es/es_ES/bicicletas/bicicletas-de-monta%C3%B1a/bicicletas-de-monta%C3%B1a-de-cross-country/procaliber/f/F312/procaliber-6/80310/5350748,html,2026-10-05
Trek,Procaliber [4f7a0c1f],Procaliber 6,2027,mtb,ML,,,173,180,"173 - 180 cm 5'8"" - 5'11""",ft-in,614,445,"{""Dimensiones de la rueda"": ""29\"""", ""A — Tubo del sillín"": ""44.0"", ""B — Ángulo del tubo del sillín"": ""72.0°"", ""Ángulo efectivo del tubo del sillín"": ""74.3°"", ""C — Longitud del tubo de dirección"": ""9.0"", ""D — Ángulo de la dirección"": ""67.0°"", ""E — Tubo superior efectivo"": ""61.3"", ""F — Altura del eje de pedalier"": ""30.9"", ""G — Altura del eje de pedalier"": ""6.4"", ""H — Longitud de la vaina"": ""43.5"", ""I — Retroceso"": ""4.3"", ""K — Distancia entre ejes"": ""115.5"", ""L — Standover"": ""75.8"", ""Reach (cm)"": ""44.5"", ""Stack (cm)"": ""61.4""}",1299,false,https://www.trekbikes.com/es/es_ES/bicicletas/bicicletas-de-monta%C3%B1a/bicicletas-de-monta%C3%B1a-de-cross-country/procaliber/procaliber-6/p/80310/,https://www.trekbikes.com/es/es_ES/bicicletas/bicicletas-de-monta%C3%B1a/bicicletas-de-monta%C3%B1a-de-cross-country/procaliber/f/F312/procaliber-6/80310/5350748,html,2026-10-05
Trek,Procaliber [4f7a0c1f],Procaliber 6,2027,mtb,L,L,,178,188,"177 - 188 cm 5'10"" - 6'2""",ft-in,614,460,"{""Dimensiones de la rueda"": ""29\"""", ""A — Tubo del sillín"": ""46.0"", ""B — Ángulo del tubo del sillín"": ""72.5°"", ""Ángulo efectivo del tubo del sillín"": ""74.3°"", ""C — Longitud del tubo de dirección"": ""9.0"", ""D — Ángulo de la dirección"": ""67.0°"", ""E — Tubo superior efectivo"": ""62.8"", ""F — Altura del eje de pedalier"": ""30.9"", ""G — Altura del eje de pedalier"": ""6.4"", ""H — Longitud de la vaina"": ""43.5"", ""I — Retroceso"": ""4.3"", ""K — Distancia entre ejes"": ""117.1"", ""L — Standover"": ""76.3"", ""Reach (cm)"": ""46.0"", ""Stack (cm)"": ""61.4""}",1299,false,https://www.trekbikes.com/es/es_ES/bicicletas/bicicletas-de-monta%C3%B1a/bicicletas-de-monta%C3%B1a-de-cross-country/procaliber/procaliber-6/p/80310/,https://www.trekbikes.com/es/es_ES/bicicletas/bicicletas-de-monta%C3%B1a/bicicletas-de-monta%C3%B1a-de-cross-country/procaliber/f/F312/procaliber-6/80310/5350748,html,2026-10-05
Trek,Procaliber [4f7a0c1f],Procaliber 6,2027,mtb,XL,XL,,188,196,"188 - 195 cm 6'2"" - 6'5""",ft-in,642,500,"{""Dimensiones de la rueda"": ""29\"""", ""A — Tubo del sillín"": ""51.0"", ""B — Ángulo del tubo del sillín"": ""73.0°"", ""Ángulo efectivo del tubo del sillín"": ""74.3°"", ""C — Longitud del tubo de dirección"": ""12.0"", ""D — Ángulo de la dirección"": ""67.0°"", ""E — Tubo superior efectivo"": ""67.7"", ""F — Altura del eje de pedalier"": ""30.9"", ""G — Altura del eje de pedalier"": ""6.4"", ""H — Longitud de la vaina"": ""44.0"", ""I — Retroceso"": ""4.3"", ""K — Distancia entre ejes"": ""122.7"", ""L — Standover"": ""79.1"", ""Reach (cm)"": ""50.0"", ""Stack (cm)"": ""64.2""}",1299,false,https://www.trekbikes.com/es/es_ES/bicicletas/bicicletas-de-monta%C3%B1a/bicicletas-de-monta%C3%B1a-de-cross-country/procaliber/procaliber-6/p/80310/,https://www.trekbikes.com/es/es_ES/bicicletas/bicicletas-de-monta%C3%B1a/bicicletas-de-monta%C3%B1a-de-cross-country/procaliber/f/F312/procaliber-6/80310/5350748,html,2026-10-05
Trek,Procaliber [4f7a0c1f],Procaliber 9.7 AXS Gen 3,2025,mtb,S,S,,155,165,"155 - 165 cm 5'1"" - 5'5""",ft-in,614,405,"{""Dimensiones de la rueda"": ""29\"""", ""A — Tubo del sillín"": ""39.0"", ""B — Ángulo del tubo del sillín"": ""71.0°"", ""Ángulo efectivo del tubo del sillín"": ""74.3°"", ""C — Longitud del tubo de dirección"": ""9.0"", ""D — Ángulo de la dirección"": ""67.0°"", ""E — Tubo superior efectivo"": ""57.7"", ""F — Altura del eje de pedalier"": ""30.9"", ""G — Altura del eje de pedalier"": ""6.4"", ""H — Longitud de la vaina"": ""43.0"", ""I — Retroceso"": ""4.3"", ""K — Distancia entre ejes"": ""111.0"", ""L — Standover"": ""74.7"", ""Reach (cm)"": ""40.5"", ""Stack (cm)"": ""61.4""}",4499,false,https://www.trekbikes.com/es/es_ES/bicicletas/bicicletas-de-monta%C3%B1a/bicicletas-de-monta%C3%B1a-de-cross-country/procaliber/procaliber-9-7-axs-gen-3/p/47245/,https://www.trekbikes.com/es/es_ES/bicicletas/bicicletas-de-monta%C3%B1a/bicicletas-de-monta%C3%B1a-de-cross-country/procaliber/f/F312/procaliber-9-7-axs-gen-3/47245/5337366,html,2026-10-05
Trek,Procaliber [4f7a0c1f],Procaliber 9.7 AXS Gen 3,2025,mtb,M,M,,165,178,"165 - 177 cm 5'5"" - 5'10""",ft-in,614,430,"{""Dimensiones de la rueda"": ""29\"""", ""A — Tubo del sillín"": ""42.0"", ""B — Ángulo del tubo del sillín"": ""71.5°"", ""Ángulo efectivo del tubo del sillín"": ""74.3°"", ""C — Longitud del tubo de dirección"": ""9.0"", ""D — Ángulo de la dirección"": ""67.0°"", ""E — Tubo superior efectivo"": ""59.8"", ""F — Altura del eje de pedalier"": ""30.9"", ""G — Altura del eje de pedalier"": ""6.4"", ""H — Longitud de la vaina"": ""43.0"", ""I — Retroceso"": ""4.3"", ""K — Distancia entre ejes"": ""113.5"", ""L — Standover"": ""74.9"", ""Reach (cm)"": ""43.0"", ""Stack (cm)"": ""61.4""}",4499,false,https://www.trekbikes.com/es/es_ES/bicicletas/bicicletas-de-monta%C3%B1a/bicicletas-de-monta%C3%B1a-de-cross-country/procaliber/procaliber-9-7-axs-gen-3/p/47245/,https://www.trekbikes.com/es/es_ES/bicicletas/bicicletas-de-monta%C3%B1a/bicicletas-de-monta%C3%B1a-de-cross-country/procaliber/f/F312/procaliber-9-7-axs-gen-3/47245/5337366,html,2026-10-05
Trek,Procaliber [4f7a0c1f],Procaliber 9.7 AXS Gen 3,2025,mtb,ML,,,173,180,"173 - 180 cm 5'8"" - 5'11""",ft-in,614,445,"{""Dimensiones de la rueda"": ""29\"""", ""A — Tubo del sillín"": ""44.0"", ""B — Ángulo del tubo del sillín"": ""72.0°"", ""Ángulo efectivo del tubo del sillín"": ""74.3°"", ""C — Longitud del tubo de dirección"": ""9.0"", ""D — Ángulo de la dirección"": ""67.0°"", ""E — Tubo superior efectivo"": ""61.3"", ""F — Altura del eje de pedalier"": ""30.9"", ""G — Altura del eje de pedalier"": ""6.4"", ""H — Longitud de la vaina"": ""43.5"", ""I — Retroceso"": ""4.3"", ""K — Distancia entre ejes"": ""115.5"", ""L — Standover"": ""75.8"", ""Reach (cm)"": ""44.5"", ""Stack (cm)"": ""61.4""}",4499,false,https://www.trekbikes.com/es/es_ES/bicicletas/bicicletas-de-monta%C3%B1a/bicicletas-de-monta%C3%B1a-de-cross-country/procaliber/procaliber-9-7-axs-gen-3/p/47245/,https://www.trekbikes.com/es/es_ES/bicicletas/bicicletas-de-monta%C3%B1a/bicicletas-de-monta%C3%B1a-de-cross-country/procaliber/f/F312/procaliber-9-7-axs-gen-3/47245/5337366,html,2026-10-05
Trek,Procaliber [4f7a0c1f],Procaliber 9.7 AXS Gen 3,2025,mtb,L,L,,178,188,"177 - 188 cm 5'10"" - 6'2""",ft-in,614,460,"{""Dimensiones de la rueda"": ""29\"""", ""A — Tubo del sillín"": ""46.0"", ""B — Ángulo del tubo del sillín"": ""72.5°"", ""Ángulo efectivo del tubo del sillín"": ""74.3°"", ""C — Longitud del tubo de dirección"": ""9.0"", ""D — Ángulo de la dirección"": ""67.0°"", ""E — Tubo superior efectivo"": ""62.8"", ""F — Altura del eje de pedalier"": ""30.9"", ""G — Altura del eje de pedalier"": ""6.4"", ""H — Longitud de la vaina"": ""43.5"", ""I — Retroceso"": ""4.3"", ""K — Distancia entre ejes"": ""117.1"", ""L — Standover"": ""76.3"", ""Reach (cm)"": ""46.0"", ""Stack (cm)"": ""61.4""}",4499,false,https://www.trekbikes.com/es/es_ES/bicicletas/bicicletas-de-monta%C3%B1a/bicicletas-de-monta%C3%B1a-de-cross-country/procaliber/procaliber-9-7-axs-gen-3/p/47245/,https://www.trekbikes.com/es/es_ES/bicicletas/bicicletas-de-monta%C3%B1a/bicicletas-de-monta%C3%B1a-de-cross-country/procaliber/f/F312/procaliber-9-7-axs-gen-3/47245/5337366,html,2026-10-05
Trek,Procaliber [4f7a0c1f],Procaliber 9.7 AXS Gen 3,2025,mtb,XL,XL,,188,196,"188 - 195 cm 6'2"" - 6'5""",ft-in,642,500,"{""Dimensiones de la rueda"": ""29\"""", ""A — Tubo del sillín"": ""51.0"", ""B — Ángulo del tubo del sillín"": ""73.0°"", ""Ángulo efectivo del tubo del sillín"": ""74.3°"", ""C — Longitud del tubo de dirección"": ""12.0"", ""D — Ángulo de la dirección"": ""67.0°"", ""E — Tubo superior efectivo"": ""67.7"", ""F — Altura del eje de pedalier"": ""30.9"", ""G — Altura del eje de pedalier"": ""6.4"", ""H — Longitud de la vaina"": ""44.0"", ""I — Retroceso"": ""4.3"", ""K — Distancia entre ejes"": ""122.7"", ""L — Standover"": ""79.1"", ""Reach (cm)"": ""50.0"", ""Stack (cm)"": ""64.2""}",4499,false,https://www.trekbikes.com/es/es_ES/bicicletas/bicicletas-de-monta%C3%B1a/bicicletas-de-monta%C3%B1a-de-cross-country/procaliber/procaliber-9-7-axs-gen-3/p/47245/,https://www.trekbikes.com/es/es_ES/bicicletas/bicicletas-de-monta%C3%B1a/bicicletas-de-monta%C3%B1a-de-cross-country/procaliber/f/F312/procaliber-9-7-axs-gen-3/47245/5337366,html,2026-10-05
Trek,Procaliber [4f7a0c1f],Procaliber 9.6 Gen 3,2027,mtb,S,S,,155,165,"155 - 165 cm 5'1"" - 5'5""",ft-in,614,405,"{""Dimensiones de la rueda"": ""29\"""", ""A — Tubo del sillín"": ""39.0"", ""B — Ángulo del tubo del sillín"": ""71.0°"", ""Ángulo efectivo del tubo del sillín"": ""74.3°"", ""C — Longitud del tubo de dirección"": ""9.0"", ""D — Ángulo de la dirección"": ""67.0°"", ""E — Tubo superior efectivo"": ""57.7"", ""F — Altura del eje de pedalier"": ""30.9"", ""G — Altura del eje de pedalier"": ""6.4"", ""H — Longitud de la vaina"": ""43.0"", ""I — Retroceso"": ""4.3"", ""K — Distancia entre ejes"": ""111.0"", ""L — Standover"": ""74.7"", ""Reach (cm)"": ""40.5"", ""Stack (cm)"": ""61.4""}",2499,false,https://www.trekbikes.com/es/es_ES/bicicletas/bicicletas-de-monta%C3%B1a/bicicletas-de-monta%C3%B1a-de-cross-country/procaliber/procaliber-9-6-gen-3/p/57379/,https://www.trekbikes.com/es/es_ES/bicicletas/bicicletas-de-monta%C3%B1a/bicicletas-de-monta%C3%B1a-de-cross-country/procaliber/f/F312/procaliber-9-6-gen-3/57379/5337346,html,2026-10-05
Trek,Procaliber [4f7a0c1f],Procaliber 9.6 Gen 3,2027,mtb,M,M,,165,178,"165 - 177 cm 5'5"" - 5'10""",ft-in,614,430,"{""Dimensiones de la rueda"": ""29\"""", ""A — Tubo del sillín"": ""42.0"", ""B — Ángulo del tubo del sillín"": ""71.5°"", ""Ángulo efectivo del tubo del sillín"": ""74.3°"", ""C — Longitud del tubo de dirección"": ""9.0"", ""D — Ángulo de la dirección"": ""67.0°"", ""E — Tubo superior efectivo"": ""59.8"", ""F — Altura del eje de pedalier"": ""30.9"", ""G — Altura del eje de pedalier"": ""6.4"", ""H — Longitud de la vaina"": ""43.0"", ""I — Retroceso"": ""4.3"", ""K — Distancia entre ejes"": ""113.5"", ""L — Standover"": ""74.9"", ""Reach (cm)"": ""43.0"", ""Stack (cm)"": ""61.4""}",2499,false,https://www.trekbikes.com/es/es_ES/bicicletas/bicicletas-de-monta%C3%B1a/bicicletas-de-monta%C3%B1a-de-cross-country/procaliber/procaliber-9-6-gen-3/p/57379/,https://www.trekbikes.com/es/es_ES/bicicletas/bicicletas-de-monta%C3%B1a/bicicletas-de-monta%C3%B1a-de-cross-country/procaliber/f/F312/procaliber-9-6-gen-3/57379/5337346,html,2026-10-05
Trek,Procaliber [4f7a0c1f],Procaliber 9.6 Gen 3,2027,mtb,ML,,,173,180,"173 - 180 cm 5'8"" - 5'11""",ft-in,614,445,"{""Dimensiones de la rueda"": ""29\"""", ""A — Tubo del sillín"": ""44.0"", ""B — Ángulo del tubo del sillín"": ""72.0°"", ""Ángulo efectivo del tubo del sillín"": ""74.3°"", ""C — Longitud del tubo de dirección"": ""9.0"", ""D — Ángulo de la dirección"": ""67.0°"", ""E — Tubo superior efectivo"": ""61.3"", ""F — Altura del eje de pedalier"": ""30.9"", ""G — Altura del eje de pedalier"": ""6.4"", ""H — Longitud de la vaina"": ""43.5"", ""I — Retroceso"": ""4.3"", ""K — Distancia entre ejes"": ""115.5"", ""L — Standover"": ""75.8"", ""Reach (cm)"": ""44.5"", ""Stack (cm)"": ""61.4""}",2499,false,https://www.trekbikes.com/es/es_ES/bicicletas/bicicletas-de-monta%C3%B1a/bicicletas-de-monta%C3%B1a-de-cross-country/procaliber/procaliber-9-6-gen-3/p/57379/,https://www.trekbikes.com/es/es_ES/bicicletas/bicicletas-de-monta%C3%B1a/bicicletas-de-monta%C3%B1a-de-cross-country/procaliber/f/F312/procaliber-9-6-gen-3/57379/5337346,html,2026-10-05
Trek,Procaliber [4f7a0c1f],Procaliber 9.6 Gen 3,2027,mtb,L,L,,178,188,"177 - 188 cm 5'10"" - 6'2""",ft-in,614,460,"{""Dimensiones de la rueda"": ""29\"""", ""A — Tubo del sillín"": ""46.0"", ""B — Ángulo del tubo del sillín"": ""72.5°"", ""Ángulo efectivo del tubo del sillín"": ""74.3°"", ""C — Longitud del tubo de dirección"": ""9.0"", ""D — Ángulo de la dirección"": ""67.0°"", ""E — Tubo superior efectivo"": ""62.8"", ""F — Altura del eje de pedalier"": ""30.9"", ""G — Altura del eje de pedalier"": ""6.4"", ""H — Longitud de la vaina"": ""43.5"", ""I — Retroceso"": ""4.3"", ""K — Distancia entre ejes"": ""117.1"", ""L — Standover"": ""76.3"", ""Reach (cm)"": ""46.0"", ""Stack (cm)"": ""61.4""}",2499,false,https://www.trekbikes.com/es/es_ES/bicicletas/bicicletas-de-monta%C3%B1a/bicicletas-de-monta%C3%B1a-de-cross-country/procaliber/procaliber-9-6-gen-3/p/57379/,https://www.trekbikes.com/es/es_ES/bicicletas/bicicletas-de-monta%C3%B1a/bicicletas-de-monta%C3%B1a-de-cross-country/procaliber/f/F312/procaliber-9-6-gen-3/57379/5337346,html,2026-10-05
Trek,Procaliber [4f7a0c1f],Procaliber 9.6 Gen 3,2027,mtb,XL,XL,,188,196,"188 - 195 cm 6'2"" - 6'5""",ft-in,642,500,"{""Dimensiones de la rueda"": ""29\"""", ""A — Tubo del sillín"": ""51.0"", ""B — Ángulo del tubo del sillín"": ""73.0°"", ""Ángulo efectivo del tubo del sillín"": ""74.3°"", ""C — Longitud del tubo de dirección"": ""12.0"", ""D — Ángulo de la dirección"": ""67.0°"", ""E — Tubo superior efectivo"": ""67.7"", ""F — Altura del eje de pedalier"": ""30.9"", ""G — Altura del eje de pedalier"": ""6.4"", ""H — Longitud de la vaina"": ""44.0"", ""I — Retroceso"": ""4.3"", ""K — Distancia entre ejes"": ""122.7"", ""L — Standover"": ""79.1"", ""Reach (cm)"": ""50.0"", ""Stack (cm)"": ""64.2""}",2499,false,https://www.trekbikes.com/es/es_ES/bicicletas/bicicletas-de-monta%C3%B1a/bicicletas-de-monta%C3%B1a-de-cross-country/procaliber/procaliber-9-6-gen-3/p/57379/,https://www.trekbikes.com/es/es_ES/bicicletas/bicicletas-de-monta%C3%B1a/bicicletas-de-monta%C3%B1a-de-cross-country/procaliber/f/F312/procaliber-9-6-gen-3/57379/5337346,html,2026-10-05
Trek,Top Fuel 8 Gen 4 [66384e13],Top Fuel 8 Gen 4,2027,mtb,S,S,,155,165,"155 - 165 cm 5'1"" - 5'5""",ft-in,570,417,"{""Posición de geometría"": ""Alta"", ""Dimensiones de la rueda"": ""27.5\"""", ""A — Tubo del sillín"": ""36.0"", ""B — Ángulo del tubo del sillín"": ""69.0°"", ""Ángulo efectivo del tubo del sillín"": ""76.0°"", ""C — Longitud del tubo de dirección"": ""10.5"", ""D — Ángulo de la dirección"": ""65.5°"", ""E — Tubo superior efectivo"": ""55.9"", ""F — Altura del eje de pedalier"": ""35.1"", ""G — Altura del eje de pedalier"": ""0.7"", ""H — Longitud de la vaina"": ""43.4"", ""I — Retroceso"": ""4.3"", ""J — Trail"": ""11.6"", ""K — Distancia entre ejes"": ""115.4"", ""L — Standover"": ""70.9"", ""Reach (cm)"": ""41.7"", ""Stack (cm)"": ""57.0"", ""Parte central delantera"": ""72.1""}",3599,false,https://www.trekbikes.com/es/es_ES/bicicletas/bicicletas-de-monta%C3%B1a/bicicletas-de-monta%C3%B1a-de-trail/top-fuel/top-fuel-8-gen-4/p/74824/,https://www.trekbikes.com/es/es_ES/bicicletas/bicicletas-de-monta%C3%B1a/bicicletas-de-monta%C3%B1a-de-trail/top-fuel/f/F311/top-fuel-8-gen-4/74824/,html,2026-10-05
Trek,Top Fuel 8 Gen 4 [66384e13],Top Fuel 8 Gen 4,2027,mtb,M,M,,165,178,"165 - 177 cm 5'5"" - 5'10""",ft-in,603,447,"{""Posición de geometría"": ""Alta"", ""Dimensiones de la rueda"": ""29\"""", ""A — Tubo del sillín"": ""41.0"", ""B — Ángulo del tubo del sillín"": ""70.0°"", ""Ángulo efectivo del tubo del sillín"": ""76.9°"", ""C — Longitud del tubo de dirección"": ""10.5"", ""D — Ángulo de la dirección"": ""65.5°"", ""E — Tubo superior efectivo"": ""58.8"", ""F — Altura del eje de pedalier"": ""35.4"", ""G — Altura del eje de pedalier"": ""2.3"", ""H — Longitud de la vaina"": ""43.4"", ""I — Retroceso"": ""4.3"", ""J — Trail"": ""12.4"", ""K — Distancia entre ejes"": ""119.2"", ""L — Standover"": ""75.9"", ""Reach (cm)"": ""44.7"", ""Stack (cm)"": ""60.3"", ""Parte central delantera"": ""75.9""}",3599,false,https://www.trekbikes.com/es/es_ES/bicicletas/bicicletas-de-monta%C3%B1a/bicicletas-de-monta%C3%B1a-de-trail/top-fuel/top-fuel-8-gen-4/p/74824/,https://www.trekbikes.com/es/es_ES/bicicletas/bicicletas-de-monta%C3%B1a/bicicletas-de-monta%C3%B1a-de-trail/top-fuel/f/F311/top-fuel-8-gen-4/74824/,html,2026-10-05
Trek,Top Fuel 8 Gen 4 [66384e13],Top Fuel 8 Gen 4,2027,mtb,ML,,,173,180,"173 - 180 cm 5'8"" - 5'11""",ft-in,607,462,"{""Posición de geometría"": ""Alta"", ""Dimensiones de la rueda"": ""29\"""", ""A — Tubo del sillín"": ""42.0"", ""B — Ángulo del tubo del sillín"": ""70.0°"", ""Ángulo efectivo del tubo del sillín"": ""76.2°"", ""C — Longitud del tubo de dirección"": ""11.0"", ""D — Ángulo de la dirección"": ""65.5°"", ""E — Tubo superior efectivo"": ""61.2"", ""F — Altura del eje de pedalier"": ""35.4"", ""G — Altura del eje de pedalier"": ""2.3"", ""H — Longitud de la vaina"": ""43.9"", ""I — Retroceso"": ""4.3"", ""J — Trail"": ""12.4"", ""K — Distancia entre ejes"": ""121.4"", ""L — Standover"": ""76.1"", ""Reach (cm)"": ""46.2"", ""Stack (cm)"": ""60.7"", ""Parte central delantera"": ""77.6""}",3599,false,https://www.trekbikes.com/es/es_ES/bicicletas/bicicletas-de-monta%C3%B1a/bicicletas-de-monta%C3%B1a-de-trail/top-fuel/top-fuel-8-gen-4/p/74824/,https://www.trekbikes.com/es/es_ES/bicicletas/bicicletas-de-monta%C3%B1a/bicicletas-de-monta%C3%B1a-de-trail/top-fuel/f/F311/top-fuel-8-gen-4/74824/,html,2026-10-05
Trek,Top Fuel 8 Gen 4 [66384e13],Top Fuel 8 Gen 4,2027,mtb,L,L,,178,188,"177 - 188 cm 5'10"" - 6'2""",ft-in,612,477,"{""Posición de geometría"": ""Alta"", ""Dimensiones de la rueda"": ""29\"""", ""A — Tubo del sillín"": ""43.5"", ""B — Ángulo del tubo del sillín"": ""70.0°"", ""Ángulo efectivo del tubo del sillín"": ""75.9°"", ""C — Longitud del tubo de dirección"": ""11.5"", ""D — Ángulo de la dirección"": ""65.5°"", ""E — Tubo superior efectivo"": ""63.1"", ""F — Altura del eje de pedalier"": ""35.4"", ""G — Altura del eje de pedalier"": ""2.3"", ""H — Longitud de la vaina"": ""43.9"", ""I — Retroceso"": ""4.3"", ""J — Trail"": ""12.4"", ""K — Distancia entre ejes"": ""123.1"", ""L — Standover"": ""76.2"", ""Reach (cm)"": ""47.7"", ""Stack (cm)"": ""61.2"", ""Parte central delantera"": ""79.3""}",3599,false,https://www.trekbikes.com/es/es_ES/bicicletas/bicicletas-de-monta%C3%B1a/bicicletas-de-monta%C3%B1a-de-trail/top-fuel/top-fuel-8-gen-4/p/74824/,https://www.trekbikes.com/es/es_ES/bicicletas/bicicletas-de-monta%C3%B1a/bicicletas-de-monta%C3%B1a-de-trail/top-fuel/f/F311/top-fuel-8-gen-4/74824/,html,2026-10-05
Trek,Top Fuel 8 Gen 4 [66384e13],Top Fuel 8 Gen 4,2027,mtb,XL,XL,,188,196,"188 - 195 cm 6'2"" - 6'5""",ft-in,630,507,"{""Posición de geometría"": ""Alta"", ""Dimensiones de la rueda"": ""29\"""", ""A — Tubo del sillín"": ""47.0"", ""B — Ángulo del tubo del sillín"": ""70.0°"", ""Ángulo efectivo del tubo del sillín"": ""75.2°"", ""C — Longitud del tubo de dirección"": ""13.5"", ""D — Ángulo de la dirección"": ""65.5°"", ""E — Tubo superior efectivo"": ""67.3"", ""F — Altura del eje de pedalier"": ""35.4"", ""G — Altura del eje de pedalier"": ""2.3"", ""H — Longitud de la vaina"": ""44.4"", ""I — Retroceso"": ""4.3"", ""J — Trail"": ""12.4"", ""K — Distancia entre ejes"": ""127.4"", ""L — Standover"": ""76.7"", ""Reach (cm)"": ""50.7"", ""Stack (cm)"": ""63.0"", ""Parte central delantera"": ""83.1""}",3599,false,https://www.trekbikes.com/es/es_ES/bicicletas/bicicletas-de-monta%C3%B1a/bicicletas-de-monta%C3%B1a-de-trail/top-fuel/top-fuel-8-gen-4/p/74824/,https://www.trekbikes.com/es/es_ES/bicicletas/bicicletas-de-monta%C3%B1a/bicicletas-de-monta%C3%B1a-de-trail/top-fuel/f/F311/top-fuel-8-gen-4/74824/,html,2026-10-05
Trek,Supercaliber [fac2a6b6],Supercaliber SLR 9.9 XX Flight Attendant Gen,2026,mtb,S,S,,155,165,"155 - 165 cm 5'1"" - 5'5""",ft-in,590,410,"{""Dimensiones de la rueda"": ""29\"""", ""A — Tubo del sillín"": ""39.5"", ""B — Ángulo del tubo del sillín"": ""70.5°"", ""Ángulo efectivo del tubo del sillín"": ""74.5°"", ""C — Longitud del tubo de dirección"": ""9.0"", ""D — Ángulo de la dirección"": ""67.5°"", ""E — Tubo superior efectivo"": ""57.1"", ""F — Altura del eje de pedalier"": ""32.7"", ""G — Altura del eje de pedalier"": ""4.6"", ""H — Longitud de la vaina"": ""43.5"", ""I — Retroceso"": ""4.3"", ""J — Trail"": ""10.9"", ""K — Distancia entre ejes"": ""111.3"", ""L — Standover"": ""76.0"", ""Reach (cm)"": ""41.0"", ""Stack (cm)"": ""59.0"", ""Parte central delantera"": ""68.2""}",13999,false,https://www.trekbikes.com/es/es_ES/bicicletas/bicicletas-de-monta%C3%B1a/bicicletas-de-monta%C3%B1a-de-cross-country/supercaliber/supercaliber-slr-9-9-xx-flight-attendant-gen/p/58885/,https://www.trekbikes.com/es/es_ES/bicicletas/bicicletas-de-monta%C3%B1a/bicicletas-de-monta%C3%B1a-de-cross-country/supercaliber/f/F314/supercaliber-slr-9-9-xx-flight-attendant-gen/58885/5340231,html,2026-10-05
Trek,Supercaliber [fac2a6b6],Supercaliber SLR 9.9 XX Flight Attendant Gen,2026,mtb,M,M,,165,178,"165 - 177 cm 5'5"" - 5'10""",ft-in,590,435,"{""Dimensiones de la rueda"": ""29\"""", ""A — Tubo del sillín"": ""42.0"", ""B — Ángulo del tubo del sillín"": ""71.0°"", ""Ángulo efectivo del tubo del sillín"": ""74.5°"", ""C — Longitud del tubo de dirección"": ""9.0"", ""D — Ángulo de la dirección"": ""67.5°"", ""E — Tubo superior efectivo"": ""59.2"", ""F — Altura del eje de pedalier"": ""32.7"", ""G — Altura del eje de pedalier"": ""4.6"", ""H — Longitud de la vaina"": ""43.5"", ""I — Retroceso"": ""4.3"", ""J — Trail"": ""10.9"", ""K — Distancia entre ejes"": ""113.8"", ""L — Standover"": ""77.2"", ""Reach (cm)"": ""43.5"", ""Stack (cm)"": ""59.0"", ""Parte central delantera"": ""70.7""}",13999,false,https://www.trekbikes.com/es/es_ES/bicicletas/bicicletas-de-monta%C3%B1a/bicicletas-de-monta%C3%B1a-de-cross-country/supercaliber/supercaliber-slr-9-9-xx-flight-attendant-gen/p/58885/,https://www.trekbikes.com/es/es_ES/bicicletas/bicicletas-de-monta%C3%B1a/bicicletas-de-monta%C3%B1a-de-cross-country/supercaliber/f/F314/supercaliber-slr-9-9-xx-flight-attendant-gen/58885/5340231,html,2026-10-05
Trek,Supercaliber [fac2a6b6],Supercaliber SLR 9.9 XX Flight Attendant Gen,2026,mtb,ML,,,173,180,"173 - 180 cm 5'8"" - 5'11""",ft-in,590,450,"{""Dimensiones de la rueda"": ""29\"""", ""A — Tubo del sillín"": ""44.0"", ""B — Ángulo del tubo del sillín"": ""71.0°"", ""Ángulo efectivo del tubo del sillín"": ""74.5°"", ""C — Longitud del tubo de dirección"": ""9.0"", ""D — Ángulo de la dirección"": ""67.5°"", ""E — Tubo superior efectivo"": ""60.5"", ""F — Altura del eje de pedalier"": ""32.7"", ""G — Altura del eje de pedalier"": ""4.6"", ""H — Longitud de la vaina"": ""43.5"", ""I — Retroceso"": ""4.3"", ""J — Trail"": ""10.9"", ""K — Distancia entre ejes"": ""115.3"", ""L — Standover"": ""77.2"", ""Reach (cm)"": ""45.0"", ""Stack (cm)"": ""59.0"", ""Parte central delantera"": ""72.2""}",13999,false,https://www.trekbikes.com/es/es_ES/bicicletas/bicicletas-de-monta%C3%B1a/bicicletas-de-monta%C3%B1a-de-cross-country/supercaliber/supercaliber-slr-9-9-xx-flight-attendant-gen/p/58885/,https://www.trekbikes.com/es/es_ES/bicicletas/bicicletas-de-monta%C3%B1a/bicicletas-de-monta%C3%B1a-de-cross-country/supercaliber/f/F314/supercaliber-slr-9-9-xx-flight-attendant-gen/58885/5340231,html,2026-10-05
Trek,Supercaliber [fac2a6b6],Supercaliber SLR 9.9 XX Flight Attendant Gen,2026,mtb,L,L,,178,188,"177 - 188 cm 5'10"" - 6'2""",ft-in,599,465,"{""Dimensiones de la rueda"": ""29\"""", ""A — Tubo del sillín"": ""46.0"", ""B — Ángulo del tubo del sillín"": ""71.5°"", ""Ángulo efectivo del tubo del sillín"": ""74.5°"", ""C — Longitud del tubo de dirección"": ""10.0"", ""D — Ángulo de la dirección"": ""67.5°"", ""E — Tubo superior efectivo"": ""62.2"", ""F — Altura del eje de pedalier"": ""32.7"", ""G — Altura del eje de pedalier"": ""4.6"", ""H — Longitud de la vaina"": ""43.5"", ""I — Retroceso"": ""4.3"", ""J — Trail"": ""10.9"", ""K — Distancia entre ejes"": ""117.2"", ""L — Standover"": ""77.2"", ""Reach (cm)"": ""46.5"", ""Stack (cm)"": ""59.9"", ""Parte central delantera"": ""74.1""}",13999,false,https://www.trekbikes.com/es/es_ES/bicicletas/bicicletas-de-monta%C3%B1a/bicicletas-de-monta%C3%B1a-de-cross-country/supercaliber/supercaliber-slr-9-9-xx-flight-attendant-gen/p/58885/,https://www.trekbikes.com/es/es_ES/bicicletas/bicicletas-de-monta%C3%B1a/bicicletas-de-monta%C3%B1a-de-cross-country/supercaliber/f/F314/supercaliber-slr-9-9-xx-flight-attendant-gen/58885/5340231,html,2026-10-05
Trek,Supercaliber [fac2a6b6],Supercaliber SLR 9.9 XX Flight Attendant Gen,2026,mtb,XL,XL,,188,196,"188 - 195 cm 6'2"" - 6'5""",ft-in,622,500,"{""Dimensiones de la rueda"": ""29\"""", ""A — Tubo del sillín"": ""52.5"", ""B — Ángulo del tubo del sillín"": ""71.5°"", ""Ángulo efectivo del tubo del sillín"": ""74.5°"", ""C — Longitud del tubo de dirección"": ""12.5"", ""D — Ángulo de la dirección"": ""67.5°"", ""E — Tubo superior efectivo"": ""66.3"", ""F — Altura del eje de pedalier"": ""32.7"", ""G — Altura del eje de pedalier"": ""4.6"", ""H — Longitud de la vaina"": ""43.5"", ""I — Retroceso"": ""4.3"", ""J — Trail"": ""10.9"", ""K — Distancia entre ejes"": ""121.7"", ""L — Standover"": ""77.2"", ""Reach (cm)"": ""50.0"", ""Stack (cm)"": ""62.2"", ""Parte central delantera"": ""78.5""}",13999,false,https://www.trekbikes.com/es/es_ES/bicicletas/bicicletas-de-monta%C3%B1a/bicicletas-de-monta%C3%B1a-de-cross-country/supercaliber/supercaliber-slr-9-9-xx-flight-attendant-gen/p/58885/,https://www.trekbikes.com/es/es_ES/bicicletas/bicicletas-de-monta%C3%B1a/bicicletas-de-monta%C3%B1a-de-cross-country/supercaliber/f/F314/supercaliber-slr-9-9-xx-flight-attendant-gen/58885/5340231,html,2026-10-05
Trek,Supercaliber [fac2a6b6],Supercaliber SLR 9.9 XTR Di2 Gen 2,2027,mtb,S,S,,155,165,"155 - 165 cm 5'1"" - 5'5""",ft-in,590,410,"{""Dimensiones de la rueda"": ""29\"""", ""A — Tubo del sillín"": ""39.5"", ""B — Ángulo del tubo del sillín"": ""70.5°"", ""Ángulo efectivo del tubo del sillín"": ""74.5°"", ""C — Longitud del tubo de dirección"": ""9.0"", ""D — Ángulo de la dirección"": ""67.5°"", ""E — Tubo superior efectivo"": ""57.1"", ""F — Altura del eje de pedalier"": ""32.7"", ""G — Altura del eje de pedalier"": ""4.6"", ""H — Longitud de la vaina"": ""43.5"", ""I — Retroceso"": ""4.3"", ""J — Trail"": ""10.9"", ""K — Distancia entre ejes"": ""111.3"", ""L — Standover"": ""76.0"", ""Reach (cm)"": ""41.0"", ""Stack (cm)"": ""59.0"", ""Parte central delantera"": ""68.2""}",9999,false,https://www.trekbikes.com/es/es_ES/bicicletas/bicicletas-de-monta%C3%B1a/bicicletas-de-monta%C3%B1a-de-cross-country/supercaliber/supercaliber-slr-9-9-xtr-di2-gen-2/p/56165/,https://www.trekbikes.com/es/es_ES/bicicletas/bicicletas-de-monta%C3%B1a/bicicletas-de-monta%C3%B1a-de-cross-country/supercaliber/f/F314/supercaliber-slr-9-9-xtr-di2-gen-2/56165/5335333,html,2026-10-05
Trek,Supercaliber [fac2a6b6],Supercaliber SLR 9.9 XTR Di2 Gen 2,2027,mtb,M,M,,165,178,"165 - 177 cm 5'5"" - 5'10""",ft-in,590,435,"{""Dimensiones de la rueda"": ""29\"""", ""A — Tubo del sillín"": ""42.0"", ""B — Ángulo del tubo del sillín"": ""71.0°"", ""Ángulo efectivo del tubo del sillín"": ""74.5°"", ""C — Longitud del tubo de dirección"": ""9.0"", ""D — Ángulo de la dirección"": ""67.5°"", ""E — Tubo superior efectivo"": ""59.2"", ""F — Altura del eje de pedalier"": ""32.7"", ""G — Altura del eje de pedalier"": ""4.6"", ""H — Longitud de la vaina"": ""43.5"", ""I — Retroceso"": ""4.3"", ""J — Trail"": ""10.9"", ""K — Distancia entre ejes"": ""113.8"", ""L — Standover"": ""77.2"", ""Reach (cm)"": ""43.5"", ""Stack (cm)"": ""59.0"", ""Parte central delantera"": ""70.7""}",9999,false,https://www.trekbikes.com/es/es_ES/bicicletas/bicicletas-de-monta%C3%B1a/bicicletas-de-monta%C3%B1a-de-cross-country/supercaliber/supercaliber-slr-9-9-xtr-di2-gen-2/p/56165/,https://www.trekbikes.com/es/es_ES/bicicletas/bicicletas-de-monta%C3%B1a/bicicletas-de-monta%C3%B1a-de-cross-country/supercaliber/f/F314/supercaliber-slr-9-9-xtr-di2-gen-2/56165/5335333,html,2026-10-05
Trek,Supercaliber [fac2a6b6],Supercaliber SLR 9.9 XTR Di2 Gen 2,2027,mtb,ML,,,173,180,"173 - 180 cm 5'8"" - 5'11""",ft-in,590,450,"{""Dimensiones de la rueda"": ""29\"""", ""A — Tubo del sillín"": ""44.0"", ""B — Ángulo del tubo del sillín"": ""71.0°"", ""Ángulo efectivo del tubo del sillín"": ""74.5°"", ""C — Longitud del tubo de dirección"": ""9.0"", ""D — Ángulo de la dirección"": ""67.5°"", ""E — Tubo superior efectivo"": ""60.5"", ""F — Altura del eje de pedalier"": ""32.7"", ""G — Altura del eje de pedalier"": ""4.6"", ""H — Longitud de la vaina"": ""43.5"", ""I — Retroceso"": ""4.3"", ""J — Trail"": ""10.9"", ""K — Distancia entre ejes"": ""115.3"", ""L — Standover"": ""77.2"", ""Reach (cm)"": ""45.0"", ""Stack (cm)"": ""59.0"", ""Parte central delantera"": ""72.2""}",9999,false,https://www.trekbikes.com/es/es_ES/bicicletas/bicicletas-de-monta%C3%B1a/bicicletas-de-monta%C3%B1a-de-cross-country/supercaliber/supercaliber-slr-9-9-xtr-di2-gen-2/p/56165/,https://www.trekbikes.com/es/es_ES/bicicletas/bicicletas-de-monta%C3%B1a/bicicletas-de-monta%C3%B1a-de-cross-country/supercaliber/f/F314/supercaliber-slr-9-9-xtr-di2-gen-2/56165/5335333,html,2026-10-05
Trek,Supercaliber [fac2a6b6],Supercaliber SLR 9.9 XTR Di2 Gen 2,2027,mtb,L,L,,178,188,"177 - 188 cm 5'10"" - 6'2""",ft-in,599,465,"{""Dimensiones de la rueda"": ""29\"""", ""A — Tubo del sillín"": ""46.0"", ""B — Ángulo del tubo del sillín"": ""71.5°"", ""Ángulo efectivo del tubo del sillín"": ""74.5°"", ""C — Longitud del tubo de dirección"": ""10.0"", ""D — Ángulo de la dirección"": ""67.5°"", ""E — Tubo superior efectivo"": ""62.2"", ""F — Altura del eje de pedalier"": ""32.7"", ""G — Altura del eje de pedalier"": ""4.6"", ""H — Longitud de la vaina"": ""43.5"", ""I — Retroceso"": ""4.3"", ""J — Trail"": ""10.9"", ""K — Distancia entre ejes"": ""117.2"", ""L — Standover"": ""77.2"", ""Reach (cm)"": ""46.5"", ""Stack (cm)"": ""59.9"", ""Parte central delantera"": ""74.1""}",9999,false,https://www.trekbikes.com/es/es_ES/bicicletas/bicicletas-de-monta%C3%B1a/bicicletas-de-monta%C3%B1a-de-cross-country/supercaliber/supercaliber-slr-9-9-xtr-di2-gen-2/p/56165/,https://www.trekbikes.com/es/es_ES/bicicletas/bicicletas-de-monta%C3%B1a/bicicletas-de-monta%C3%B1a-de-cross-country/supercaliber/f/F314/supercaliber-slr-9-9-xtr-di2-gen-2/56165/5335333,html,2026-10-05
Trek,Supercaliber [fac2a6b6],Supercaliber SLR 9.9 XTR Di2 Gen 2,2027,mtb,XL,XL,,188,196,"188 - 195 cm 6'2"" - 6'5""",ft-in,622,500,"{""Dimensiones de la rueda"": ""29\"""", ""A — Tubo del sillín"": ""52.5"", ""B — Ángulo del tubo del sillín"": ""71.5°"", ""Ángulo efectivo del tubo del sillín"": ""74.5°"", ""C — Longitud del tubo de dirección"": ""12.5"", ""D — Ángulo de la dirección"": ""67.5°"", ""E — Tubo superior efectivo"": ""66.3"", ""F — Altura del eje de pedalier"": ""32.7"", ""G — Altura del eje de pedalier"": ""4.6"", ""H — Longitud de la vaina"": ""43.5"", ""I — Retroceso"": ""4.3"", ""J — Trail"": ""10.9"", ""K — Distancia entre ejes"": ""121.7"", ""L — Standover"": ""77.2"", ""Reach (cm)"": ""50.0"", ""Stack (cm)"": ""62.2"", ""Parte central delantera"": ""78.5""}",9999,false,https://www.trekbikes.com/es/es_ES/bicicletas/bicicletas-de-monta%C3%B1a/bicicletas-de-monta%C3%B1a-de-cross-country/supercaliber/supercaliber-slr-9-9-xtr-di2-gen-2/p/56165/,https://www.trekbikes.com/es/es_ES/bicicletas/bicicletas-de-monta%C3%B1a/bicicletas-de-monta%C3%B1a-de-cross-country/supercaliber/f/F314/supercaliber-slr-9-9-xtr-di2-gen-2/56165/5335333,html,2026-10-05
Trek,Supercaliber [fac2a6b6],Supercaliber SLR 9.8 X0 Flight Attendant Gen 2,2026,mtb,S,S,,155,165,"155 - 165 cm 5'1"" - 5'5""",ft-in,590,410,"{""Dimensiones de la rueda"": ""29\"""", ""A — Tubo del sillín"": ""39.5"", ""B — Ángulo del tubo del sillín"": ""70.5°"", ""Ángulo efectivo del tubo del sillín"": ""74.5°"", ""C — Longitud del tubo de dirección"": ""9.0"", ""D — Ángulo de la dirección"": ""67.5°"", ""E — Tubo superior efectivo"": ""57.1"", ""F — Altura del eje de pedalier"": ""32.7"", ""G — Altura del eje de pedalier"": ""4.6"", ""H — Longitud de la vaina"": ""43.5"", ""I — Retroceso"": ""4.3"", ""J — Trail"": ""10.9"", ""K — Distancia entre ejes"": ""111.3"", ""L — Standover"": ""76.0"", ""Reach (cm)"": ""41.0"", ""Stack (cm)"": ""59.0"", ""Parte central delantera"": ""68.2""}",9999,false,https://www.trekbikes.com/es/es_ES/bicicletas/bicicletas-de-monta%C3%B1a/bicicletas-de-monta%C3%B1a-de-cross-country/supercaliber/supercaliber-slr-9-8-x0-flight-attendant-gen-2/p/57334/,https://www.trekbikes.com/es/es_ES/bicicletas/bicicletas-de-monta%C3%B1a/bicicletas-de-monta%C3%B1a-de-cross-country/supercaliber/f/F314/supercaliber-slr-9-8-x0-flight-attendant-gen-2/57334/5336871,html,2026-10-05
Trek,Supercaliber [fac2a6b6],Supercaliber SLR 9.8 X0 Flight Attendant Gen 2,2026,mtb,M,M,,165,178,"165 - 177 cm 5'5"" - 5'10""",ft-in,590,435,"{""Dimensiones de la rueda"": ""29\"""", ""A — Tubo del sillín"": ""42.0"", ""B — Ángulo del tubo del sillín"": ""71.0°"", ""Ángulo efectivo del tubo del sillín"": ""74.5°"", ""C — Longitud del tubo de dirección"": ""9.0"", ""D — Ángulo de la dirección"": ""67.5°"", ""E — Tubo superior efectivo"": ""59.2"", ""F — Altura del eje de pedalier"": ""32.7"", ""G — Altura del eje de pedalier"": ""4.6"", ""H — Longitud de la vaina"": ""43.5"", ""I — Retroceso"": ""4.3"", ""J — Trail"": ""10.9"", ""K — Distancia entre ejes"": ""113.8"", ""L — Standover"": ""77.2"", ""Reach (cm)"": ""43.5"", ""Stack (cm)"": ""59.0"", ""Parte central delantera"": ""70.7""}",9999,false,https://www.trekbikes.com/es/es_ES/bicicletas/bicicletas-de-monta%C3%B1a/bicicletas-de-monta%C3%B1a-de-cross-country/supercaliber/supercaliber-slr-9-8-x0-flight-attendant-gen-2/p/57334/,https://www.trekbikes.com/es/es_ES/bicicletas/bicicletas-de-monta%C3%B1a/bicicletas-de-monta%C3%B1a-de-cross-country/supercaliber/f/F314/supercaliber-slr-9-8-x0-flight-attendant-gen-2/57334/5336871,html,2026-10-05
Trek,Supercaliber [fac2a6b6],Supercaliber SLR 9.8 X0 Flight Attendant Gen 2,2026,mtb,ML,,,173,180,"173 - 180 cm 5'8"" - 5'11""",ft-in,590,450,"{""Dimensiones de la rueda"": ""29\"""", ""A — Tubo del sillín"": ""44.0"", ""B — Ángulo del tubo del sillín"": ""71.0°"", ""Ángulo efectivo del tubo del sillín"": ""74.5°"", ""C — Longitud del tubo de dirección"": ""9.0"", ""D — Ángulo de la dirección"": ""67.5°"", ""E — Tubo superior efectivo"": ""60.5"", ""F — Altura del eje de pedalier"": ""32.7"", ""G — Altura del eje de pedalier"": ""4.6"", ""H — Longitud de la vaina"": ""43.5"", ""I — Retroceso"": ""4.3"", ""J — Trail"": ""10.9"", ""K — Distancia entre ejes"": ""115.3"", ""L — Standover"": ""77.2"", ""Reach (cm)"": ""45.0"", ""Stack (cm)"": ""59.0"", ""Parte central delantera"": ""72.2""}",9999,false,https://www.trekbikes.com/es/es_ES/bicicletas/bicicletas-de-monta%C3%B1a/bicicletas-de-monta%C3%B1a-de-cross-country/supercaliber/supercaliber-slr-9-8-x0-flight-attendant-gen-2/p/57334/,https://www.trekbikes.com/es/es_ES/bicicletas/bicicletas-de-monta%C3%B1a/bicicletas-de-monta%C3%B1a-de-cross-country/supercaliber/f/F314/supercaliber-slr-9-8-x0-flight-attendant-gen-2/57334/5336871,html,2026-10-05
Trek,Supercaliber [fac2a6b6],Supercaliber SLR 9.8 X0 Flight Attendant Gen 2,2026,mtb,L,L,,178,188,"177 - 188 cm 5'10"" - 6'2""",ft-in,599,465,"{""Dimensiones de la rueda"": ""29\"""", ""A — Tubo del sillín"": ""46.0"", ""B — Ángulo del tubo del sillín"": ""71.5°"", ""Ángulo efectivo del tubo del sillín"": ""74.5°"", ""C — Longitud del tubo de dirección"": ""10.0"", ""D — Ángulo de la dirección"": ""67.5°"", ""E — Tubo superior efectivo"": ""62.2"", ""F — Altura del eje de pedalier"": ""32.7"", ""G — Altura del eje de pedalier"": ""4.6"", ""H — Longitud de la vaina"": ""43.5"", ""I — Retroceso"": ""4.3"", ""J — Trail"": ""10.9"", ""K — Distancia entre ejes"": ""117.2"", ""L — Standover"": ""77.2"", ""Reach (cm)"": ""46.5"", ""Stack (cm)"": ""59.9"", ""Parte central delantera"": ""74.1""}",9999,false,https://www.trekbikes.com/es/es_ES/bicicletas/bicicletas-de-monta%C3%B1a/bicicletas-de-monta%C3%B1a-de-cross-country/supercaliber/supercaliber-slr-9-8-x0-flight-attendant-gen-2/p/57334/,https://www.trekbikes.com/es/es_ES/bicicletas/bicicletas-de-monta%C3%B1a/bicicletas-de-monta%C3%B1a-de-cross-country/supercaliber/f/F314/supercaliber-slr-9-8-x0-flight-attendant-gen-2/57334/5336871,html,2026-10-05
Trek,Supercaliber [fac2a6b6],Supercaliber SLR 9.8 X0 Flight Attendant Gen 2,2026,mtb,XL,XL,,188,196,"188 - 195 cm 6'2"" - 6'5""",ft-in,622,500,"{""Dimensiones de la rueda"": ""29\"""", ""A — Tubo del sillín"": ""52.5"", ""B — Ángulo del tubo del sillín"": ""71.5°"", ""Ángulo efectivo del tubo del sillín"": ""74.5°"", ""C — Longitud del tubo de dirección"": ""12.5"", ""D — Ángulo de la dirección"": ""67.5°"", ""E — Tubo superior efectivo"": ""66.3"", ""F — Altura del eje de pedalier"": ""32.7"", ""G — Altura del eje de pedalier"": ""4.6"", ""H — Longitud de la vaina"": ""43.5"", ""I — Retroceso"": ""4.3"", ""J — Trail"": ""10.9"", ""K — Distancia entre ejes"": ""121.7"", ""L — Standover"": ""77.2"", ""Reach (cm)"": ""50.0"", ""Stack (cm)"": ""62.2"", ""Parte central delantera"": ""78.5""}",9999,false,https://www.trekbikes.com/es/es_ES/bicicletas/bicicletas-de-monta%C3%B1a/bicicletas-de-monta%C3%B1a-de-cross-country/supercaliber/supercaliber-slr-9-8-x0-flight-attendant-gen-2/p/57334/,https://www.trekbikes.com/es/es_ES/bicicletas/bicicletas-de-monta%C3%B1a/bicicletas-de-monta%C3%B1a-de-cross-country/supercaliber/f/F314/supercaliber-slr-9-8-x0-flight-attendant-gen-2/57334/5336871,html,2026-10-05
Trek,Supercaliber [fac2a6b6],Supercaliber SLR 9.8 XT Di2 Gen 2,2027,mtb,S,S,,155,165,"155 - 165 cm 5'1"" - 5'5""",ft-in,590,410,"{""Dimensiones de la rueda"": ""29\"""", ""A — Tubo del sillín"": ""39.5"", ""B — Ángulo del tubo del sillín"": ""70.5°"", ""Ángulo efectivo del tubo del sillín"": ""74.5°"", ""C — Longitud del tubo de dirección"": ""9.0"", ""D — Ángulo de la dirección"": ""67.5°"", ""E — Tubo superior efectivo"": ""57.1"", ""F — Altura del eje de pedalier"": ""32.7"", ""G — Altura del eje de pedalier"": ""4.6"", ""H — Longitud de la vaina"": ""43.5"", ""I — Retroceso"": ""4.3"", ""J — Trail"": ""10.9"", ""K — Distancia entre ejes"": ""111.3"", ""L — Standover"": ""76.0"", ""Reach (cm)"": ""41.0"", ""Stack (cm)"": ""59.0"", ""Parte central delantera"": ""68.2""}",7999,false,https://www.trekbikes.com/es/es_ES/bicicletas/bicicletas-de-monta%C3%B1a/bicicletas-de-monta%C3%B1a-de-cross-country/supercaliber/supercaliber-slr-9-8-xt-di2-gen-2/p/56287/,https://www.trekbikes.com/es/es_ES/bicicletas/bicicletas-de-monta%C3%B1a/bicicletas-de-monta%C3%B1a-de-cross-country/supercaliber/f/F314/supercaliber-slr-9-8-xt-di2-gen-2/56287/5335543,html,2026-10-05
Trek,Supercaliber [fac2a6b6],Supercaliber SLR 9.8 XT Di2 Gen 2,2027,mtb,M,M,,165,178,"165 - 177 cm 5'5"" - 5'10""",ft-in,590,435,"{""Dimensiones de la rueda"": ""29\"""", ""A — Tubo del sillín"": ""42.0"", ""B — Ángulo del tubo del sillín"": ""71.0°"", ""Ángulo efectivo del tubo del sillín"": ""74.5°"", ""C — Longitud del tubo de dirección"": ""9.0"", ""D — Ángulo de la dirección"": ""67.5°"", ""E — Tubo superior efectivo"": ""59.2"", ""F — Altura del eje de pedalier"": ""32.7"", ""G — Altura del eje de pedalier"": ""4.6"", ""H — Longitud de la vaina"": ""43.5"", ""I — Retroceso"": ""4.3"", ""J — Trail"": ""10.9"", ""K — Distancia entre ejes"": ""113.8"", ""L — Standover"": ""77.2"", ""Reach (cm)"": ""43.5"", ""Stack (cm)"": ""59.0"", ""Parte central delantera"": ""70.7""}",7999,false,https://www.trekbikes.com/es/es_ES/bicicletas/bicicletas-de-monta%C3%B1a/bicicletas-de-monta%C3%B1a-de-cross-country/supercaliber/supercaliber-slr-9-8-xt-di2-gen-2/p/56287/,https://www.trekbikes.com/es/es_ES/bicicletas/bicicletas-de-monta%C3%B1a/bicicletas-de-monta%C3%B1a-de-cross-country/supercaliber/f/F314/supercaliber-slr-9-8-xt-di2-gen-2/56287/5335543,html,2026-10-05
Trek,Supercaliber [fac2a6b6],Supercaliber SLR 9.8 XT Di2 Gen 2,2027,mtb,ML,,,173,180,"173 - 180 cm 5'8"" - 5'11""",ft-in,590,450,"{""Dimensiones de la rueda"": ""29\"""", ""A — Tubo del sillín"": ""44.0"", ""B — Ángulo del tubo del sillín"": ""71.0°"", ""Ángulo efectivo del tubo del sillín"": ""74.5°"", ""C — Longitud del tubo de dirección"": ""9.0"", ""D — Ángulo de la dirección"": ""67.5°"", ""E — Tubo superior efectivo"": ""60.5"", ""F — Altura del eje de pedalier"": ""32.7"", ""G — Altura del eje de pedalier"": ""4.6"", ""H — Longitud de la vaina"": ""43.5"", ""I — Retroceso"": ""4.3"", ""J — Trail"": ""10.9"", ""K — Distancia entre ejes"": ""115.3"", ""L — Standover"": ""77.2"", ""Reach (cm)"": ""45.0"", ""Stack (cm)"": ""59.0"", ""Parte central delantera"": ""72.2""}",7999,false,https://www.trekbikes.com/es/es_ES/bicicletas/bicicletas-de-monta%C3%B1a/bicicletas-de-monta%C3%B1a-de-cross-country/supercaliber/supercaliber-slr-9-8-xt-di2-gen-2/p/56287/,https://www.trekbikes.com/es/es_ES/bicicletas/bicicletas-de-monta%C3%B1a/bicicletas-de-monta%C3%B1a-de-cross-country/supercaliber/f/F314/supercaliber-slr-9-8-xt-di2-gen-2/56287/5335543,html,2026-10-05
Trek,Supercaliber [fac2a6b6],Supercaliber SLR 9.8 XT Di2 Gen 2,2027,mtb,L,L,,178,188,"177 - 188 cm 5'10"" - 6'2""",ft-in,599,465,"{""Dimensiones de la rueda"": ""29\"""", ""A — Tubo del sillín"": ""46.0"", ""B — Ángulo del tubo del sillín"": ""71.5°"", ""Ángulo efectivo del tubo del sillín"": ""74.5°"", ""C — Longitud del tubo de dirección"": ""10.0"", ""D — Ángulo de la dirección"": ""67.5°"", ""E — Tubo superior efectivo"": ""62.2"", ""F — Altura del eje de pedalier"": ""32.7"", ""G — Altura del eje de pedalier"": ""4.6"", ""H — Longitud de la vaina"": ""43.5"", ""I — Retroceso"": ""4.3"", ""J — Trail"": ""10.9"", ""K — Distancia entre ejes"": ""117.2"", ""L — Standover"": ""77.2"", ""Reach (cm)"": ""46.5"", ""Stack (cm)"": ""59.9"", ""Parte central delantera"": ""74.1""}",7999,false,https://www.trekbikes.com/es/es_ES/bicicletas/bicicletas-de-monta%C3%B1a/bicicletas-de-monta%C3%B1a-de-cross-country/supercaliber/supercaliber-slr-9-8-xt-di2-gen-2/p/56287/,https://www.trekbikes.com/es/es_ES/bicicletas/bicicletas-de-monta%C3%B1a/bicicletas-de-monta%C3%B1a-de-cross-country/supercaliber/f/F314/supercaliber-slr-9-8-xt-di2-gen-2/56287/5335543,html,2026-10-05
Trek,Supercaliber [fac2a6b6],Supercaliber SLR 9.8 XT Di2 Gen 2,2027,mtb,XL,XL,,188,196,"188 - 195 cm 6'2"" - 6'5""",ft-in,622,500,"{""Dimensiones de la rueda"": ""29\"""", ""A — Tubo del sillín"": ""52.5"", ""B — Ángulo del tubo del sillín"": ""71.5°"", ""Ángulo efectivo del tubo del sillín"": ""74.5°"", ""C — Longitud del tubo de dirección"": ""12.5"", ""D — Ángulo de la dirección"": ""67.5°"", ""E — Tubo superior efectivo"": ""66.3"", ""F — Altura del eje de pedalier"": ""32.7"", ""G — Altura del eje de pedalier"": ""4.6"", ""H — Longitud de la vaina"": ""43.5"", ""I — Retroceso"": ""4.3"", ""J — Trail"": ""10.9"", ""K — Distancia entre ejes"": ""121.7"", ""L — Standover"": ""77.2"", ""Reach (cm)"": ""50.0"", ""Stack (cm)"": ""62.2"", ""Parte central delantera"": ""78.5""}",7999,false,https://www.trekbikes.com/es/es_ES/bicicletas/bicicletas-de-monta%C3%B1a/bicicletas-de-monta%C3%B1a-de-cross-country/supercaliber/supercaliber-slr-9-8-xt-di2-gen-2/p/56287/,https://www.trekbikes.com/es/es_ES/bicicletas/bicicletas-de-monta%C3%B1a/bicicletas-de-monta%C3%B1a-de-cross-country/supercaliber/f/F314/supercaliber-slr-9-8-xt-di2-gen-2/56287/5335543,html,2026-10-05
Trek,Supercaliber [fac2a6b6],Supercaliber SLR 9.8 X0 AXS T-Type Gen 2,2026,mtb,S,S,,155,165,"155 - 165 cm 5'1"" - 5'5""",ft-in,590,410,"{""Dimensiones de la rueda"": ""29\"""", ""A — Tubo del sillín"": ""39.5"", ""B — Ángulo del tubo del sillín"": ""70.5°"", ""Ángulo efectivo del tubo del sillín"": ""74.5°"", ""C — Longitud del tubo de dirección"": ""9.0"", ""D — Ángulo de la dirección"": ""67.5°"", ""E — Tubo superior efectivo"": ""57.1"", ""F — Altura del eje de pedalier"": ""32.7"", ""G — Altura del eje de pedalier"": ""4.6"", ""H — Longitud de la vaina"": ""43.5"", ""I — Retroceso"": ""4.3"", ""J — Trail"": ""10.9"", ""K — Distancia entre ejes"": ""111.3"", ""L — Standover"": ""76.0"", ""Reach (cm)"": ""41.0"", ""Stack (cm)"": ""59.0"", ""Parte central delantera"": ""68.2""}",6499,false,https://www.trekbikes.com/es/es_ES/bicicletas/bicicletas-de-monta%C3%B1a/bicicletas-de-monta%C3%B1a-de-cross-country/supercaliber/supercaliber-slr-9-8-x0-axs-t-type-gen-2/p/57382/,https://www.trekbikes.com/es/es_ES/bicicletas/bicicletas-de-monta%C3%B1a/bicicletas-de-monta%C3%B1a-de-cross-country/supercaliber/f/F314/supercaliber-slr-9-8-x0-axs-t-type-gen-2/57382/5337396,html,2026-10-05
Trek,Supercaliber [fac2a6b6],Supercaliber SLR 9.8 X0 AXS T-Type Gen 2,2026,mtb,M,M,,165,178,"165 - 177 cm 5'5"" - 5'10""",ft-in,590,435,"{""Dimensiones de la rueda"": ""29\"""", ""A — Tubo del sillín"": ""42.0"", ""B — Ángulo del tubo del sillín"": ""71.0°"", ""Ángulo efectivo del tubo del sillín"": ""74.5°"", ""C — Longitud del tubo de dirección"": ""9.0"", ""D — Ángulo de la dirección"": ""67.5°"", ""E — Tubo superior efectivo"": ""59.2"", ""F — Altura del eje de pedalier"": ""32.7"", ""G — Altura del eje de pedalier"": ""4.6"", ""H — Longitud de la vaina"": ""43.5"", ""I — Retroceso"": ""4.3"", ""J — Trail"": ""10.9"", ""K — Distancia entre ejes"": ""113.8"", ""L — Standover"": ""77.2"", ""Reach (cm)"": ""43.5"", ""Stack (cm)"": ""59.0"", ""Parte central delantera"": ""70.7""}",6499,false,https://www.trekbikes.com/es/es_ES/bicicletas/bicicletas-de-monta%C3%B1a/bicicletas-de-monta%C3%B1a-de-cross-country/supercaliber/supercaliber-slr-9-8-x0-axs-t-type-gen-2/p/57382/,https://www.trekbikes.com/es/es_ES/bicicletas/bicicletas-de-monta%C3%B1a/bicicletas-de-monta%C3%B1a-de-cross-country/supercaliber/f/F314/supercaliber-slr-9-8-x0-axs-t-type-gen-2/57382/5337396,html,2026-10-05
Trek,Supercaliber [fac2a6b6],Supercaliber SLR 9.8 X0 AXS T-Type Gen 2,2026,mtb,ML,,,173,180,"173 - 180 cm 5'8"" - 5'11""",ft-in,590,450,"{""Dimensiones de la rueda"": ""29\"""", ""A — Tubo del sillín"": ""44.0"", ""B — Ángulo del tubo del sillín"": ""71.0°"", ""Ángulo efectivo del tubo del sillín"": ""74.5°"", ""C — Longitud del tubo de dirección"": ""9.0"", ""D — Ángulo de la dirección"": ""67.5°"", ""E — Tubo superior efectivo"": ""60.5"", ""F — Altura del eje de pedalier"": ""32.7"", ""G — Altura del eje de pedalier"": ""4.6"", ""H — Longitud de la vaina"": ""43.5"", ""I — Retroceso"": ""4.3"", ""J — Trail"": ""10.9"", ""K — Distancia entre ejes"": ""115.3"", ""L — Standover"": ""77.2"", ""Reach (cm)"": ""45.0"", ""Stack (cm)"": ""59.0"", ""Parte central delantera"": ""72.2""}",6499,false,https://www.trekbikes.com/es/es_ES/bicicletas/bicicletas-de-monta%C3%B1a/bicicletas-de-monta%C3%B1a-de-cross-country/supercaliber/supercaliber-slr-9-8-x0-axs-t-type-gen-2/p/57382/,https://www.trekbikes.com/es/es_ES/bicicletas/bicicletas-de-monta%C3%B1a/bicicletas-de-monta%C3%B1a-de-cross-country/supercaliber/f/F314/supercaliber-slr-9-8-x0-axs-t-type-gen-2/57382/5337396,html,2026-10-05
Trek,Supercaliber [fac2a6b6],Supercaliber SLR 9.8 X0 AXS T-Type Gen 2,2026,mtb,L,L,,178,188,"177 - 188 cm 5'10"" - 6'2""",ft-in,599,465,"{""Dimensiones de la rueda"": ""29\"""", ""A — Tubo del sillín"": ""46.0"", ""B — Ángulo del tubo del sillín"": ""71.5°"", ""Ángulo efectivo del tubo del sillín"": ""74.5°"", ""C — Longitud del tubo de dirección"": ""10.0"", ""D — Ángulo de la dirección"": ""67.5°"", ""E — Tubo superior efectivo"": ""62.2"", ""F — Altura del eje de pedalier"": ""32.7"", ""G — Altura del eje de pedalier"": ""4.6"", ""H — Longitud de la vaina"": ""43.5"", ""I — Retroceso"": ""4.3"", ""J — Trail"": ""10.9"", ""K — Distancia entre ejes"": ""117.2"", ""L — Standover"": ""77.2"", ""Reach (cm)"": ""46.5"", ""Stack (cm)"": ""59.9"", ""Parte central delantera"": ""74.1""}",6499,false,https://www.trekbikes.com/es/es_ES/bicicletas/bicicletas-de-monta%C3%B1a/bicicletas-de-monta%C3%B1a-de-cross-country/supercaliber/supercaliber-slr-9-8-x0-axs-t-type-gen-2/p/57382/,https://www.trekbikes.com/es/es_ES/bicicletas/bicicletas-de-monta%C3%B1a/bicicletas-de-monta%C3%B1a-de-cross-country/supercaliber/f/F314/supercaliber-slr-9-8-x0-axs-t-type-gen-2/57382/5337396,html,2026-10-05
Trek,Supercaliber [fac2a6b6],Supercaliber SLR 9.8 X0 AXS T-Type Gen 2,2026,mtb,XL,XL,,188,196,"188 - 195 cm 6'2"" - 6'5""",ft-in,622,500,"{""Dimensiones de la rueda"": ""29\"""", ""A — Tubo del sillín"": ""52.5"", ""B — Ángulo del tubo del sillín"": ""71.5°"", ""Ángulo efectivo del tubo del sillín"": ""74.5°"", ""C — Longitud del tubo de dirección"": ""12.5"", ""D — Ángulo de la dirección"": ""67.5°"", ""E — Tubo superior efectivo"": ""66.3"", ""F — Altura del eje de pedalier"": ""32.7"", ""G — Altura del eje de pedalier"": ""4.6"", ""H — Longitud de la vaina"": ""43.5"", ""I — Retroceso"": ""4.3"", ""J — Trail"": ""10.9"", ""K — Distancia entre ejes"": ""121.7"", ""L — Standover"": ""77.2"", ""Reach (cm)"": ""50.0"", ""Stack (cm)"": ""62.2"", ""Parte central delantera"": ""78.5""}",6499,false,https://www.trekbikes.com/es/es_ES/bicicletas/bicicletas-de-monta%C3%B1a/bicicletas-de-monta%C3%B1a-de-cross-country/supercaliber/supercaliber-slr-9-8-x0-axs-t-type-gen-2/p/57382/,https://www.trekbikes.com/es/es_ES/bicicletas/bicicletas-de-monta%C3%B1a/bicicletas-de-monta%C3%B1a-de-cross-country/supercaliber/f/F314/supercaliber-slr-9-8-x0-axs-t-type-gen-2/57382/5337396,html,2026-10-05
Trek,Supercaliber [fac2a6b6],Supercaliber SL 9.7 GX AXS Gen 2,2026,mtb,S,S,,155,165,"155 - 165 cm 5'1"" - 5'5""",ft-in,590,410,"{""Dimensiones de la rueda"": ""29\"""", ""A — Tubo del sillín"": ""39.5"", ""B — Ángulo del tubo del sillín"": ""70.5°"", ""Ángulo efectivo del tubo del sillín"": ""74.5°"", ""C — Longitud del tubo de dirección"": ""9.0"", ""D — Ángulo de la dirección"": ""67.5°"", ""E — Tubo superior efectivo"": ""57.1"", ""F — Altura del eje de pedalier"": ""32.7"", ""G — Altura del eje de pedalier"": ""4.6"", ""H — Longitud de la vaina"": ""43.5"", ""I — Retroceso"": ""4.3"", ""J — Trail"": ""10.9"", ""K — Distancia entre ejes"": ""111.3"", ""L — Standover"": ""76.0"", ""Reach (cm)"": ""41.0"", ""Stack (cm)"": ""59.0"", ""Parte central delantera"": ""68.2""}",4999,false,https://www.trekbikes.com/es/es_ES/bicicletas/bicicletas-de-monta%C3%B1a/bicicletas-de-monta%C3%B1a-de-cross-country/supercaliber/supercaliber-sl-9-7-gx-axs-gen-2/p/56629/,https://www.trekbikes.com/es/es_ES/bicicletas/bicicletas-de-monta%C3%B1a/bicicletas-de-monta%C3%B1a-de-cross-country/supercaliber/f/F314/supercaliber-sl-9-7-gx-axs-gen-2/56629/5336256,html,2026-10-05
Trek,Supercaliber [fac2a6b6],Supercaliber SL 9.7 GX AXS Gen 2,2026,mtb,M,M,,165,178,"165 - 177 cm 5'5"" - 5'10""",ft-in,590,435,"{""Dimensiones de la rueda"": ""29\"""", ""A — Tubo del sillín"": ""42.0"", ""B — Ángulo del tubo del sillín"": ""71.0°"", ""Ángulo efectivo del tubo del sillín"": ""74.5°"", ""C — Longitud del tubo de dirección"": ""9.0"", ""D — Ángulo de la dirección"": ""67.5°"", ""E — Tubo superior efectivo"": ""59.2"", ""F — Altura del eje de pedalier"": ""32.7"", ""G — Altura del eje de pedalier"": ""4.6"", ""H — Longitud de la vaina"": ""43.5"", ""I — Retroceso"": ""4.3"", ""J — Trail"": ""10.9"", ""K — Distancia entre ejes"": ""113.8"", ""L — Standover"": ""77.2"", ""Reach (cm)"": ""43.5"", ""Stack (cm)"": ""59.0"", ""Parte central delantera"": ""70.7""}",4999,false,https://www.trekbikes.com/es/es_ES/bicicletas/bicicletas-de-monta%C3%B1a/bicicletas-de-monta%C3%B1a-de-cross-country/supercaliber/supercaliber-sl-9-7-gx-axs-gen-2/p/56629/,https://www.trekbikes.com/es/es_ES/bicicletas/bicicletas-de-monta%C3%B1a/bicicletas-de-monta%C3%B1a-de-cross-country/supercaliber/f/F314/supercaliber-sl-9-7-gx-axs-gen-2/56629/5336256,html,2026-10-05
Trek,Supercaliber [fac2a6b6],Supercaliber SL 9.7 GX AXS Gen 2,2026,mtb,ML,,,173,180,"173 - 180 cm 5'8"" - 5'11""",ft-in,590,450,"{""Dimensiones de la rueda"": ""29\"""", ""A — Tubo del sillín"": ""44.0"", ""B — Ángulo del tubo del sillín"": ""71.0°"", ""Ángulo efectivo del tubo del sillín"": ""74.5°"", ""C — Longitud del tubo de dirección"": ""9.0"", ""D — Ángulo de la dirección"": ""67.5°"", ""E — Tubo superior efectivo"": ""60.5"", ""F — Altura del eje de pedalier"": ""32.7"", ""G — Altura del eje de pedalier"": ""4.6"", ""H — Longitud de la vaina"": ""43.5"", ""I — Retroceso"": ""4.3"", ""J — Trail"": ""10.9"", ""K — Distancia entre ejes"": ""115.3"", ""L — Standover"": ""77.2"", ""Reach (cm)"": ""45.0"", ""Stack (cm)"": ""59.0"", ""Parte central delantera"": ""72.2""}",4999,false,https://www.trekbikes.com/es/es_ES/bicicletas/bicicletas-de-monta%C3%B1a/bicicletas-de-monta%C3%B1a-de-cross-country/supercaliber/supercaliber-sl-9-7-gx-axs-gen-2/p/56629/,https://www.trekbikes.com/es/es_ES/bicicletas/bicicletas-de-monta%C3%B1a/bicicletas-de-monta%C3%B1a-de-cross-country/supercaliber/f/F314/supercaliber-sl-9-7-gx-axs-gen-2/56629/5336256,html,2026-10-05
Trek,Supercaliber [fac2a6b6],Supercaliber SL 9.7 GX AXS Gen 2,2026,mtb,L,L,,178,188,"177 - 188 cm 5'10"" - 6'2""",ft-in,599,465,"{""Dimensiones de la rueda"": ""29\"""", ""A — Tubo del sillín"": ""46.0"", ""B — Ángulo del tubo del sillín"": ""71.5°"", ""Ángulo efectivo del tubo del sillín"": ""74.5°"", ""C — Longitud del tubo de dirección"": ""10.0"", ""D — Ángulo de la dirección"": ""67.5°"", ""E — Tubo superior efectivo"": ""62.2"", ""F — Altura del eje de pedalier"": ""32.7"", ""G — Altura del eje de pedalier"": ""4.6"", ""H — Longitud de la vaina"": ""43.5"", ""I — Retroceso"": ""4.3"", ""J — Trail"": ""10.9"", ""K — Distancia entre ejes"": ""117.2"", ""L — Standover"": ""77.2"", ""Reach (cm)"": ""46.5"", ""Stack (cm)"": ""59.9"", ""Parte central delantera"": ""74.1""}",4999,false,https://www.trekbikes.com/es/es_ES/bicicletas/bicicletas-de-monta%C3%B1a/bicicletas-de-monta%C3%B1a-de-cross-country/supercaliber/supercaliber-sl-9-7-gx-axs-gen-2/p/56629/,https://www.trekbikes.com/es/es_ES/bicicletas/bicicletas-de-monta%C3%B1a/bicicletas-de-monta%C3%B1a-de-cross-country/supercaliber/f/F314/supercaliber-sl-9-7-gx-axs-gen-2/56629/5336256,html,2026-10-05
Trek,Supercaliber [fac2a6b6],Supercaliber SL 9.7 GX AXS Gen 2,2026,mtb,XL,XL,,188,196,"188 - 195 cm 6'2"" - 6'5""",ft-in,622,500,"{""Dimensiones de la rueda"": ""29\"""", ""A — Tubo del sillín"": ""52.5"", ""B — Ángulo del tubo del sillín"": ""71.5°"", ""Ángulo efectivo del tubo del sillín"": ""74.5°"", ""C — Longitud del tubo de dirección"": ""12.5"", ""D — Ángulo de la dirección"": ""67.5°"", ""E — Tubo superior efectivo"": ""66.3"", ""F — Altura del eje de pedalier"": ""32.7"", ""G — Altura del eje de pedalier"": ""4.6"", ""H — Longitud de la vaina"": ""43.5"", ""I — Retroceso"": ""4.3"", ""J — Trail"": ""10.9"", ""K — Distancia entre ejes"": ""121.7"", ""L — Standover"": ""77.2"", ""Reach (cm)"": ""50.0"", ""Stack (cm)"": ""62.2"", ""Parte central delantera"": ""78.5""}",4999,false,https://www.trekbikes.com/es/es_ES/bicicletas/bicicletas-de-monta%C3%B1a/bicicletas-de-monta%C3%B1a-de-cross-country/supercaliber/supercaliber-sl-9-7-gx-axs-gen-2/p/56629/,https://www.trekbikes.com/es/es_ES/bicicletas/bicicletas-de-monta%C3%B1a/bicicletas-de-monta%C3%B1a-de-cross-country/supercaliber/f/F314/supercaliber-sl-9-7-gx-axs-gen-2/56629/5336256,html,2026-10-05
Trek,Supercaliber [fac2a6b6],Supercaliber SL 9.6 Gen 2,2026,mtb,S,S,,155,165,"155 - 165 cm 5'1"" - 5'5""",ft-in,590,410,"{""Dimensiones de la rueda"": ""29\"""", ""A — Tubo del sillín"": ""39.5"", ""B — Ángulo del tubo del sillín"": ""70.5°"", ""Ángulo efectivo del tubo del sillín"": ""74.5°"", ""C — Longitud del tubo de dirección"": ""9.0"", ""D — Ángulo de la dirección"": ""67.5°"", ""E — Tubo superior efectivo"": ""57.1"", ""F — Altura del eje de pedalier"": ""32.7"", ""G — Altura del eje de pedalier"": ""4.6"", ""H — Longitud de la vaina"": ""43.5"", ""I — Retroceso"": ""4.3"", ""J — Trail"": ""10.9"", ""K — Distancia entre ejes"": ""111.3"", ""L — Standover"": ""76.0"", ""Reach (cm)"": ""41.0"", ""Stack (cm)"": ""59.0"", ""Parte central delantera"": ""68.2""}",3999,false,https://www.trekbikes.com/es/es_ES/bicicletas/bicicletas-de-monta%C3%B1a/bicicletas-de-monta%C3%B1a-de-cross-country/supercaliber/supercaliber-sl-9-6-gen-2/p/56636/,https://www.trekbikes.com/es/es_ES/bicicletas/bicicletas-de-monta%C3%B1a/bicicletas-de-monta%C3%B1a-de-cross-country/supercaliber/f/F314/supercaliber-sl-9-6-gen-2/56636/,html,2026-10-05
Trek,Supercaliber [fac2a6b6],Supercaliber SL 9.6 Gen 2,2026,mtb,M,M,,165,178,"165 - 177 cm 5'5"" - 5'10""",ft-in,590,435,"{""Dimensiones de la rueda"": ""29\"""", ""A — Tubo del sillín"": ""42.0"", ""B — Ángulo del tubo del sillín"": ""71.0°"", ""Ángulo efectivo del tubo del sillín"": ""74.5°"", ""C — Longitud del tubo de dirección"": ""9.0"", ""D — Ángulo de la dirección"": ""67.5°"", ""E — Tubo superior efectivo"": ""59.2"", ""F — Altura del eje de pedalier"": ""32.7"", ""G — Altura del eje de pedalier"": ""4.6"", ""H — Longitud de la vaina"": ""43.5"", ""I — Retroceso"": ""4.3"", ""J — Trail"": ""10.9"", ""K — Distancia entre ejes"": ""113.8"", ""L — Standover"": ""77.2"", ""Reach (cm)"": ""43.5"", ""Stack (cm)"": ""59.0"", ""Parte central delantera"": ""70.7""}",3999,false,https://www.trekbikes.com/es/es_ES/bicicletas/bicicletas-de-monta%C3%B1a/bicicletas-de-monta%C3%B1a-de-cross-country/supercaliber/supercaliber-sl-9-6-gen-2/p/56636/,https://www.trekbikes.com/es/es_ES/bicicletas/bicicletas-de-monta%C3%B1a/bicicletas-de-monta%C3%B1a-de-cross-country/supercaliber/f/F314/supercaliber-sl-9-6-gen-2/56636/,html,2026-10-05
Trek,Supercaliber [fac2a6b6],Supercaliber SL 9.6 Gen 2,2026,mtb,ML,,,173,180,"173 - 180 cm 5'8"" - 5'11""",ft-in,590,450,"{""Dimensiones de la rueda"": ""29\"""", ""A — Tubo del sillín"": ""44.0"", ""B — Ángulo del tubo del sillín"": ""71.0°"", ""Ángulo efectivo del tubo del sillín"": ""74.5°"", ""C — Longitud del tubo de dirección"": ""9.0"", ""D — Ángulo de la dirección"": ""67.5°"", ""E — Tubo superior efectivo"": ""60.5"", ""F — Altura del eje de pedalier"": ""32.7"", ""G — Altura del eje de pedalier"": ""4.6"", ""H — Longitud de la vaina"": ""43.5"", ""I — Retroceso"": ""4.3"", ""J — Trail"": ""10.9"", ""K — Distancia entre ejes"": ""115.3"", ""L — Standover"": ""77.2"", ""Reach (cm)"": ""45.0"", ""Stack (cm)"": ""59.0"", ""Parte central delantera"": ""72.2""}",3999,false,https://www.trekbikes.com/es/es_ES/bicicletas/bicicletas-de-monta%C3%B1a/bicicletas-de-monta%C3%B1a-de-cross-country/supercaliber/supercaliber-sl-9-6-gen-2/p/56636/,https://www.trekbikes.com/es/es_ES/bicicletas/bicicletas-de-monta%C3%B1a/bicicletas-de-monta%C3%B1a-de-cross-country/supercaliber/f/F314/supercaliber-sl-9-6-gen-2/56636/,html,2026-10-05
Trek,Supercaliber [fac2a6b6],Supercaliber SL 9.6 Gen 2,2026,mtb,L,L,,178,188,"177 - 188 cm 5'10"" - 6'2""",ft-in,599,465,"{""Dimensiones de la rueda"": ""29\"""", ""A — Tubo del sillín"": ""46.0"", ""B — Ángulo del tubo del sillín"": ""71.5°"", ""Ángulo efectivo del tubo del sillín"": ""74.5°"", ""C — Longitud del tubo de dirección"": ""10.0"", ""D — Ángulo de la dirección"": ""67.5°"", ""E — Tubo superior efectivo"": ""62.2"", ""F — Altura del eje de pedalier"": ""32.7"", ""G — Altura del eje de pedalier"": ""4.6"", ""H — Longitud de la vaina"": ""43.5"", ""I — Retroceso"": ""4.3"", ""J — Trail"": ""10.9"", ""K — Distancia entre ejes"": ""117.2"", ""L — Standover"": ""77.2"", ""Reach (cm)"": ""46.5"", ""Stack (cm)"": ""59.9"", ""Parte central delantera"": ""74.1""}",3999,false,https://www.trekbikes.com/es/es_ES/bicicletas/bicicletas-de-monta%C3%B1a/bicicletas-de-monta%C3%B1a-de-cross-country/supercaliber/supercaliber-sl-9-6-gen-2/p/56636/,https://www.trekbikes.com/es/es_ES/bicicletas/bicicletas-de-monta%C3%B1a/bicicletas-de-monta%C3%B1a-de-cross-country/supercaliber/f/F314/supercaliber-sl-9-6-gen-2/56636/,html,2026-10-05
Trek,Supercaliber [fac2a6b6],Supercaliber SL 9.6 Gen 2,2026,mtb,XL,XL,,188,196,"188 - 195 cm 6'2"" - 6'5""",ft-in,622,500,"{""Dimensiones de la rueda"": ""29\"""", ""A — Tubo del sillín"": ""52.5"", ""B — Ángulo del tubo del sillín"": ""71.5°"", ""Ángulo efectivo del tubo del sillín"": ""74.5°"", ""C — Longitud del tubo de dirección"": ""12.5"", ""D — Ángulo de la dirección"": ""67.5°"", ""E — Tubo superior efectivo"": ""66.3"", ""F — Altura del eje de pedalier"": ""32.7"", ""G — Altura del eje de pedalier"": ""4.6"", ""H — Longitud de la vaina"": ""43.5"", ""I — Retroceso"": ""4.3"", ""J — Trail"": ""10.9"", ""K — Distancia entre ejes"": ""121.7"", ""L — Standover"": ""77.2"", ""Reach (cm)"": ""50.0"", ""Stack (cm)"": ""62.2"", ""Parte central delantera"": ""78.5""}",3999,false,https://www.trekbikes.com/es/es_ES/bicicletas/bicicletas-de-monta%C3%B1a/bicicletas-de-monta%C3%B1a-de-cross-country/supercaliber/supercaliber-sl-9-6-gen-2/p/56636/,https://www.trekbikes.com/es/es_ES/bicicletas/bicicletas-de-monta%C3%B1a/bicicletas-de-monta%C3%B1a-de-cross-country/supercaliber/f/F314/supercaliber-sl-9-6-gen-2/56636/,html,2026-10-05
Trek,Slash+ [70a9c4b0],Slash+ 9.9,2026,emtb,S,S,,155,165,"155 - 165 cm 5'1"" - 5'5""",ft-in,597,430,"{""Dimensiones de la rueda"": ""27.5\"""", ""A — Tubo del sillín"": ""39.0"", ""B — Ángulo del tubo del sillín"": ""74.0°"", ""Ángulo efectivo del tubo del sillín"": ""77.6°"", ""C — Longitud del tubo de dirección"": ""11.0"", ""D — Ángulo de la dirección"": ""63.5°"", ""E — Tubo superior efectivo"": ""56.1"", ""F — Altura del eje de pedalier"": ""35.2"", ""G — Altura del eje de pedalier"": ""1.0"", ""H — Longitud de la vaina"": ""43.4"", ""I — Retroceso"": ""4.3"", ""J — Trail"": ""13.2"", ""K — Distancia entre ejes"": ""120.5"", ""L — Standover"": ""77.1"", ""Reach (cm)"": ""43.0"", ""Stack (cm)"": ""59.7""}",10499,false,https://www.trekbikes.com/es/es_ES/bicicletas/bicicletas-de-monta%C3%B1a/bicicletas-el%C3%A9ctricas-de-monta%C3%B1a/slash/slash-9-9/p/57192/,https://www.trekbikes.com/es/es_ES/bicicletas/bicicletas-de-monta%C3%B1a/bicicletas-el%C3%A9ctricas-de-monta%C3%B1a/slash/f/F347/slash%252b-9-9/57192/,html,2026-10-05
Trek,Slash+ [70a9c4b0],Slash+ 9.9,2026,emtb,M,M,,165,178,"165 - 177 cm 5'5"" - 5'10""",ft-in,631,449,"{""Dimensiones de la rueda"": ""29\""/27.5\"""", ""A — Tubo del sillín"": ""40.0"", ""B — Ángulo del tubo del sillín"": ""73.9°"", ""Ángulo efectivo del tubo del sillín"": ""77.5°"", ""C — Longitud del tubo de dirección"": ""11.0"", ""D — Ángulo de la dirección"": ""63.4°"", ""E — Tubo superior efectivo"": ""58.8"", ""F — Altura del eje de pedalier"": ""35.2"", ""G — Altura del eje de pedalier"": ""2.7"", ""H — Longitud de la vaina"": ""43.4"", ""I — Retroceso"": ""4.3"", ""J — Trail"": ""14.2"", ""K — Distancia entre ejes"": ""123.3"", ""L — Standover"": ""77.6"", ""Reach (cm)"": ""44.9"", ""Stack (cm)"": ""63.1""}",10499,false,https://www.trekbikes.com/es/es_ES/bicicletas/bicicletas-de-monta%C3%B1a/bicicletas-el%C3%A9ctricas-de-monta%C3%B1a/slash/slash-9-9/p/57192/,https://www.trekbikes.com/es/es_ES/bicicletas/bicicletas-de-monta%C3%B1a/bicicletas-el%C3%A9ctricas-de-monta%C3%B1a/slash/f/F347/slash%252b-9-9/57192/,html,2026-10-05
Trek,Slash+ [70a9c4b0],Slash+ 9.9,2026,emtb,L,L,,178,188,"177 - 188 cm 5'10"" - 6'2""",ft-in,639,479,"{""Dimensiones de la rueda"": ""29\""/27.5\"""", ""A — Tubo del sillín"": ""43.5"", ""B — Ángulo del tubo del sillín"": ""73.9°"", ""Ángulo efectivo del tubo del sillín"": ""77.2°"", ""C — Longitud del tubo de dirección"": ""12.0"", ""D — Ángulo de la dirección"": ""63.4°"", ""E — Tubo superior efectivo"": ""62.5"", ""F — Altura del eje de pedalier"": ""35.2"", ""G — Altura del eje de pedalier"": ""2.7"", ""H — Longitud de la vaina"": ""43.4"", ""I — Retroceso"": ""4.3"", ""J — Trail"": ""14.2"", ""K — Distancia entre ejes"": ""126.7"", ""L — Standover"": ""77.0"", ""Reach (cm)"": ""47.9"", ""Stack (cm)"": ""63.9""}",10499,false,https://www.trekbikes.com/es/es_ES/bicicletas/bicicletas-de-monta%C3%B1a/bicicletas-el%C3%A9ctricas-de-monta%C3%B1a/slash/slash-9-9/p/57192/,https://www.trekbikes.com/es/es_ES/bicicletas/bicicletas-de-monta%C3%B1a/bicicletas-el%C3%A9ctricas-de-monta%C3%B1a/slash/f/F347/slash%252b-9-9/57192/,html,2026-10-05
Trek,Slash+ [70a9c4b0],Slash+ 9.9,2026,emtb,XL,XL,,188,196,"188 - 195 cm 6'2"" - 6'5""",ft-in,658,519,"{""Dimensiones de la rueda"": ""29\""/27.5\"""", ""A — Tubo del sillín"": ""47.0"", ""B — Ángulo del tubo del sillín"": ""73.9°"", ""Ángulo efectivo del tubo del sillín"": ""76.7°"", ""C — Longitud del tubo de dirección"": ""14.0"", ""D — Ángulo de la dirección"": ""63.4°"", ""E — Tubo superior efectivo"": ""66.9"", ""F — Altura del eje de pedalier"": ""35.2"", ""G — Altura del eje de pedalier"": ""2.7"", ""H — Longitud de la vaina"": ""43.9"", ""I — Retroceso"": ""4.3"", ""J — Trail"": ""14.2"", ""K — Distancia entre ejes"": ""131.7"", ""L — Standover"": ""76.9"", ""Reach (cm)"": ""51.9"", ""Stack (cm)"": ""65.8""}",10499,false,https://www.trekbikes.com/es/es_ES/bicicletas/bicicletas-de-monta%C3%B1a/bicicletas-el%C3%A9ctricas-de-monta%C3%B1a/slash/slash-9-9/p/57192/,https://www.trekbikes.com/es/es_ES/bicicletas/bicicletas-de-monta%C3%B1a/bicicletas-el%C3%A9ctricas-de-monta%C3%B1a/slash/f/F347/slash%252b-9-9/57192/,html,2026-10-05
Trek,Slash+ [70a9c4b0],Slash+ 9.7,2026,emtb,S,S,,155,165,"155 - 165 cm 5'1"" - 5'5""",ft-in,597,430,"{""Dimensiones de la rueda"": ""27.5\"""", ""A — Tubo del sillín"": ""39.0"", ""B — Ángulo del tubo del sillín"": ""74.0°"", ""Ángulo efectivo del tubo del sillín"": ""77.6°"", ""C — Longitud del tubo de dirección"": ""11.0"", ""D — Ángulo de la dirección"": ""63.5°"", ""E — Tubo superior efectivo"": ""56.1"", ""F — Altura del eje de pedalier"": ""35.2"", ""G — Altura del eje de pedalier"": ""1.0"", ""H — Longitud de la vaina"": ""43.4"", ""I — Retroceso"": ""4.3"", ""J — Trail"": ""13.2"", ""K — Distancia entre ejes"": ""120.5"", ""L — Standover"": ""77.1"", ""Reach (cm)"": ""43.0"", ""Stack (cm)"": ""59.7""}",6999,false,https://www.trekbikes.com/es/es_ES/bicicletas/bicicletas-de-monta%C3%B1a/bicicletas-el%C3%A9ctricas-de-monta%C3%B1a/slash/slash-9-7/p/57132/,https://www.trekbikes.com/es/es_ES/bicicletas/bicicletas-de-monta%C3%B1a/bicicletas-el%C3%A9ctricas-de-monta%C3%B1a/slash/f/F347/slash%252b-9-7/57132/,html,2026-10-05
Trek,Slash+ [70a9c4b0],Slash+ 9.7,2026,emtb,M,M,,165,178,"165 - 177 cm 5'5"" - 5'10""",ft-in,631,449,"{""Dimensiones de la rueda"": ""29\""/27.5\"""", ""A — Tubo del sillín"": ""40.0"", ""B — Ángulo del tubo del sillín"": ""73.9°"", ""Ángulo efectivo del tubo del sillín"": ""77.5°"", ""C — Longitud del tubo de dirección"": ""11.0"", ""D — Ángulo de la dirección"": ""63.4°"", ""E — Tubo superior efectivo"": ""58.8"", ""F — Altura del eje de pedalier"": ""35.2"", ""G — Altura del eje de pedalier"": ""2.7"", ""H — Longitud de la vaina"": ""43.4"", ""I — Retroceso"": ""4.3"", ""J — Trail"": ""14.2"", ""K — Distancia entre ejes"": ""123.3"", ""L — Standover"": ""77.6"", ""Reach (cm)"": ""44.9"", ""Stack (cm)"": ""63.1""}",6999,false,https://www.trekbikes.com/es/es_ES/bicicletas/bicicletas-de-monta%C3%B1a/bicicletas-el%C3%A9ctricas-de-monta%C3%B1a/slash/slash-9-7/p/57132/,https://www.trekbikes.com/es/es_ES/bicicletas/bicicletas-de-monta%C3%B1a/bicicletas-el%C3%A9ctricas-de-monta%C3%B1a/slash/f/F347/slash%252b-9-7/57132/,html,2026-10-05
Trek,Slash+ [70a9c4b0],Slash+ 9.7,2026,emtb,L,L,,178,188,"177 - 188 cm 5'10"" - 6'2""",ft-in,639,479,"{""Dimensiones de la rueda"": ""29\""/27.5\"""", ""A — Tubo del sillín"": ""43.5"", ""B — Ángulo del tubo del sillín"": ""73.9°"", ""Ángulo efectivo del tubo del sillín"": ""77.2°"", ""C — Longitud del tubo de dirección"": ""12.0"", ""D — Ángulo de la dirección"": ""63.4°"", ""E — Tubo superior efectivo"": ""62.5"", ""F — Altura del eje de pedalier"": ""35.2"", ""G — Altura del eje de pedalier"": ""2.7"", ""H — Longitud de la vaina"": ""43.4"", ""I — Retroceso"": ""4.3"", ""J — Trail"": ""14.2"", ""K — Distancia entre ejes"": ""126.7"", ""L — Standover"": ""77.0"", ""Reach (cm)"": ""47.9"", ""Stack (cm)"": ""63.9""}",6999,false,https://www.trekbikes.com/es/es_ES/bicicletas/bicicletas-de-monta%C3%B1a/bicicletas-el%C3%A9ctricas-de-monta%C3%B1a/slash/slash-9-7/p/57132/,https://www.trekbikes.com/es/es_ES/bicicletas/bicicletas-de-monta%C3%B1a/bicicletas-el%C3%A9ctricas-de-monta%C3%B1a/slash/f/F347/slash%252b-9-7/57132/,html,2026-10-05
Trek,Slash+ [70a9c4b0],Slash+ 9.7,2026,emtb,XL,XL,,188,196,"188 - 195 cm 6'2"" - 6'5""",ft-in,658,519,"{""Dimensiones de la rueda"": ""29\""/27.5\"""", ""A — Tubo del sillín"": ""47.0"", ""B — Ángulo del tubo del sillín"": ""73.9°"", ""Ángulo efectivo del tubo del sillín"": ""76.7°"", ""C — Longitud del tubo de dirección"": ""14.0"", ""D — Ángulo de la dirección"": ""63.4°"", ""E — Tubo superior efectivo"": ""66.9"", ""F — Altura del eje de pedalier"": ""35.2"", ""G — Altura del eje de pedalier"": ""2.7"", ""H — Longitud de la vaina"": ""43.9"", ""I — Retroceso"": ""4.3"", ""J — Trail"": ""14.2"", ""K — Distancia entre ejes"": ""131.7"", ""L — Standover"": ""76.9"", ""Reach (cm)"": ""51.9"", ""Stack (cm)"": ""65.8""}",6999,false,https://www.trekbikes.com/es/es_ES/bicicletas/bicicletas-de-monta%C3%B1a/bicicletas-el%C3%A9ctricas-de-monta%C3%B1a/slash/slash-9-7/p/57132/,https://www.trekbikes.com/es/es_ES/bicicletas/bicicletas-de-monta%C3%B1a/bicicletas-el%C3%A9ctricas-de-monta%C3%B1a/slash/f/F347/slash%252b-9-7/57132/,html,2026-10-05
Trek,Slash+ [61370306],Slash+ 9.9 X0 AXS T-Type,2025,emtb,"21.5""",,,,,,,658,519,"{""Letra de talla del cuadro"": ""XL"", ""Dimensiones de la rueda"": ""29\""/27.5\"""", ""A — Tubo del sillín"": ""47.0"", ""B — Ángulo del tubo del sillín"": ""73.9°"", ""Ángulo efectivo del tubo del sillín"": ""76.7°"", ""C — Longitud del tubo de dirección"": ""14.0"", ""D — Ángulo de la dirección"": ""63.4°"", ""E — Tubo superior efectivo"": ""66.9"", ""F — Altura del eje de pedalier"": ""35.2"", ""G — Altura del eje de pedalier"": ""2.7"", ""H — Longitud de la vaina"": ""43.9"", ""I — Retroceso"": ""4.3"", ""J — Trail"": ""14.2"", ""K — Distancia entre ejes"": ""131.7"", ""L — Standover"": ""76.9"", ""Reach (cm)"": ""51.9"", ""Stack (cm)"": ""65.8""}",10499,false,https://www.trekbikes.com/es/es_ES/bicicletas/bicicletas-de-monta%C3%B1a/bicicletas-el%C3%A9ctricas-de-monta%C3%B1a/slash/slash-9-9-x0-axs-t-type/p/47096/,https://www.trekbikes.com/es/es_ES/bicicletas/bicicletas-de-monta%C3%B1a/bicicletas-el%C3%A9ctricas-de-monta%C3%B1a/slash/f/F347/slash%252b-9-9-x0-axs-t-type/47096/5321964,html,2026-10-05
Trek,Slash+ [61370306],Slash+ 9.7 SLX/XT,2025,emtb,"21.5""",,,,,,,658,519,"{""Letra de talla del cuadro"": ""XL"", ""Dimensiones de la rueda"": ""29\""/27.5\"""", ""A — Tubo del sillín"": ""47.0"", ""B — Ángulo del tubo del sillín"": ""73.9°"", ""Ángulo efectivo del tubo del sillín"": ""76.7°"", ""C — Longitud del tubo de dirección"": ""14.0"", ""D — Ángulo de la dirección"": ""63.4°"", ""E — Tubo superior efectivo"": ""66.9"", ""F — Altura del eje de pedalier"": ""35.2"", ""G — Altura del eje de pedalier"": ""2.7"", ""H — Longitud de la vaina"": ""43.9"", ""I — Retroceso"": ""4.3"", ""J — Trail"": ""14.2"", ""K — Distancia entre ejes"": ""131.7"", ""L — Standover"": ""76.9"", ""Reach (cm)"": ""51.9"", ""Stack (cm)"": ""65.8""}",6999,false,https://www.trekbikes.com/es/es_ES/bicicletas/bicicletas-de-monta%C3%B1a/bicicletas-el%C3%A9ctricas-de-monta%C3%B1a/slash/slash-9-7-slx/xt/p/47091/,https://www.trekbikes.com/es/es_ES/bicicletas/bicicletas-de-monta%C3%B1a/bicicletas-el%C3%A9ctricas-de-monta%C3%B1a/slash/f/F347/slash%252b-9-7-slx-xt/47091/5321924,html,2026-10-05
Trek,Fuel+ MX 9.8 XT Di2 Gen 2 [7036c475],Fuel+ MX 9.8 XT Di2 Gen 2,2026,emtb,"17.5""",,,,,,,627,456,"{""Letra de talla del cuadro"": ""M"", ""Dimensiones de la rueda"": ""29\""/27.5\"""", ""A — Tubo del sillín"": ""40.0"", ""B — Ángulo del tubo del sillín"": ""72.3°"", ""Ángulo efectivo del tubo del sillín"": ""77.5°"", ""C — Longitud del tubo de dirección"": ""11.0"", ""D — Ángulo de la dirección"": ""64.2°"", ""E — Tubo superior efectivo"": ""59.0"", ""F — Altura del eje de pedalier"": ""34.3"", ""G — Altura del eje de pedalier"": ""3.1"", ""H — Longitud de la vaina"": ""44.0"", ""I — Retroceso"": ""4.4"", ""J — Trail"": ""13.2"", ""K — Distancia entre ejes"": ""123.4"", ""L — Standover"": ""75.2"", ""Reach (cm)"": ""45.6"", ""Stack (cm)"": ""62.7"", ""Parte central delantera"": ""79.5""}",8999,false,https://www.trekbikes.com/es/es_ES/bicicletas/bicicletas-de-monta%C3%B1a/bicicletas-el%C3%A9ctricas-de-monta%C3%B1a/fuel/fuel-mx/fuel-mx-9-8-xt-di2-gen-2/p/59259/,https://www.trekbikes.com/es/es_ES/bicicletas/bicicletas-de-monta%C3%B1a/bicicletas-el%C3%A9ctricas-de-monta%C3%B1a/fuel/f/F370/fuel%252b-mx-9-8-xt-di2-gen-2/59259/5341050,html,2026-10-05
Trek,Slash 9.9 X0 AXS T-Type Gen 6 [d668383d],Slash 9.9 X0 AXS T-Type Gen 6,2026,mtb,18.5,,,,,,,632,468,"{""Letra de talla del cuadro"": ""ML"", ""Dimensiones de la rueda"": ""29\""/27.5\"""", ""A — Tubo del sillín"": ""42.0"", ""B — Ángulo del tubo del sillín"": ""73.8°"", ""Ángulo efectivo del tubo del sillín"": ""77.3°"", ""C — Longitud del tubo de dirección"": ""11.0"", ""D — Ángulo de la dirección"": ""63.3°"", ""E — Tubo superior efectivo"": ""60.5"", ""F — Altura del eje de pedalier"": ""35.1"", ""G — Altura del eje de pedalier"": ""2.7"", ""H — Longitud de la vaina"": ""43.4"", ""I — Retroceso"": ""4.3"", ""J — Trail"": ""14.3"", ""K — Distancia entre ejes"": ""125.3"", ""L — Standover"": ""76.6"", ""Reach (cm)"": ""46.8"", ""Stack (cm)"": ""63.2""}",7999,false,https://www.trekbikes.com/es/es_ES/bicicletas/bicicletas-de-monta%C3%B1a/bicicletas-de-monta%C3%B1a-de-trail/slash/slash-9-9-x0-axs-t-type-gen-6/p/52939/,https://www.trekbikes.com/es/es_ES/bicicletas/bicicletas-de-monta%C3%B1a/bicicletas-de-monta%C3%B1a-de-trail/slash/f/F341/slash-9-9-x0-axs-t-type-gen-6/52939/5333344,html,2026-10-05
Trek,Slash 9.9 X0 AXS T-Type Gen 6 [d668383d],Slash 9.9 X0 AXS T-Type Gen 6,2026,mtb,19.5,,,,,,,641,488,"{""Letra de talla del cuadro"": ""L"", ""Dimensiones de la rueda"": ""29\""/27.5\"""", ""A — Tubo del sillín"": ""43.5"", ""B — Ángulo del tubo del sillín"": ""73.8°"", ""Ángulo efectivo del tubo del sillín"": ""77.1°"", ""C — Longitud del tubo de dirección"": ""12.0"", ""D — Ángulo de la dirección"": ""63.3°"", ""E — Tubo superior efectivo"": ""62.8"", ""F — Altura del eje de pedalier"": ""35.1"", ""G — Altura del eje de pedalier"": ""2.7"", ""H — Longitud de la vaina"": ""43.4"", ""I — Retroceso"": ""4.3"", ""J — Trail"": ""14.3"", ""K — Distancia entre ejes"": ""127.8"", ""L — Standover"": ""76.7"", ""Reach (cm)"": ""48.8"", ""Stack (cm)"": ""64.1""}",7999,false,https://www.trekbikes.com/es/es_ES/bicicletas/bicicletas-de-monta%C3%B1a/bicicletas-de-monta%C3%B1a-de-trail/slash/slash-9-9-x0-axs-t-type-gen-6/p/52939/,https://www.trekbikes.com/es/es_ES/bicicletas/bicicletas-de-monta%C3%B1a/bicicletas-de-monta%C3%B1a-de-trail/slash/f/F341/slash-9-9-x0-axs-t-type-gen-6/52939/5333344,html,2026-10-05
Trek,Slash 9.9 X0 AXS T-Type Gen 6 [d668383d],Slash 9.9 X0 AXS T-Type Gen 6,2026,mtb,21.5,,,,,,,659,513,"{""Letra de talla del cuadro"": ""XL"", ""Dimensiones de la rueda"": ""29\""/27.5\"""", ""A — Tubo del sillín"": ""47.0"", ""B — Ángulo del tubo del sillín"": ""73.8°"", ""Ángulo efectivo del tubo del sillín"": ""76.7°"", ""C — Longitud del tubo de dirección"": ""14.0"", ""D — Ángulo de la dirección"": ""63.3°"", ""E — Tubo superior efectivo"": ""65.8"", ""F — Altura del eje de pedalier"": ""35.1"", ""G — Altura del eje de pedalier"": ""2.7"", ""H — Longitud de la vaina"": ""43.9"", ""I — Retroceso"": ""4.3"", ""J — Trail"": ""14.3"", ""K — Distancia entre ejes"": ""131.2"", ""L — Standover"": ""76.8"", ""Reach (cm)"": ""51.3"", ""Stack (cm)"": ""65.9""}",7999,false,https://www.trekbikes.com/es/es_ES/bicicletas/bicicletas-de-monta%C3%B1a/bicicletas-de-monta%C3%B1a-de-trail/slash/slash-9-9-x0-axs-t-type-gen-6/p/52939/,https://www.trekbikes.com/es/es_ES/bicicletas/bicicletas-de-monta%C3%B1a/bicicletas-de-monta%C3%B1a-de-trail/slash/f/F341/slash-9-9-x0-axs-t-type-gen-6/52939/5333344,html,2026-10-05
Trek,Slash 9.8 XT Di2 Gen 6 [3bf377df],Slash 9.8 XT Di2 Gen 6,2026,mtb,18.5,,,,,,,632,468,"{""Letra de talla del cuadro"": ""ML"", ""Dimensiones de la rueda"": ""29\""/27.5\"""", ""A — Tubo del sillín"": ""42.0"", ""B — Ángulo del tubo del sillín"": ""73.8°"", ""Ángulo efectivo del tubo del sillín"": ""77.3°"", ""C — Longitud del tubo de dirección"": ""11.0"", ""D — Ángulo de la dirección"": ""63.3°"", ""E — Tubo superior efectivo"": ""60.5"", ""F — Altura del eje de pedalier"": ""35.1"", ""G — Altura del eje de pedalier"": ""2.7"", ""H — Longitud de la vaina"": ""43.4"", ""I — Retroceso"": ""4.3"", ""J — Trail"": ""14.3"", ""K — Distancia entre ejes"": ""125.3"", ""L — Standover"": ""76.6"", ""Reach (cm)"": ""46.8"", ""Stack (cm)"": ""63.2""}",7999,false,https://www.trekbikes.com/es/es_ES/bicicletas/bicicletas-de-monta%C3%B1a/bicicletas-de-monta%C3%B1a-de-trail/slash/slash-9-8-xt-di2-gen-6/p/52582/,https://www.trekbikes.com/es/es_ES/bicicletas/bicicletas-de-monta%C3%B1a/bicicletas-de-monta%C3%B1a-de-trail/slash/f/F341/slash-9-8-xt-di2-gen-6/52582/5333258,html,2026-10-05
Trek,Slash 9.8 XT Di2 Gen 6 [3bf377df],Slash 9.8 XT Di2 Gen 6,2026,mtb,19.5,,,,,,,641,488,"{""Letra de talla del cuadro"": ""L"", ""Dimensiones de la rueda"": ""29\""/27.5\"""", ""A — Tubo del sillín"": ""43.5"", ""B — Ángulo del tubo del sillín"": ""73.8°"", ""Ángulo efectivo del tubo del sillín"": ""77.1°"", ""C — Longitud del tubo de dirección"": ""12.0"", ""D — Ángulo de la dirección"": ""63.3°"", ""E — Tubo superior efectivo"": ""62.8"", ""F — Altura del eje de pedalier"": ""35.1"", ""G — Altura del eje de pedalier"": ""2.7"", ""H — Longitud de la vaina"": ""43.4"", ""I — Retroceso"": ""4.3"", ""J — Trail"": ""14.3"", ""K — Distancia entre ejes"": ""127.8"", ""L — Standover"": ""76.7"", ""Reach (cm)"": ""48.8"", ""Stack (cm)"": ""64.1""}",7999,false,https://www.trekbikes.com/es/es_ES/bicicletas/bicicletas-de-monta%C3%B1a/bicicletas-de-monta%C3%B1a-de-trail/slash/slash-9-8-xt-di2-gen-6/p/52582/,https://www.trekbikes.com/es/es_ES/bicicletas/bicicletas-de-monta%C3%B1a/bicicletas-de-monta%C3%B1a-de-trail/slash/f/F341/slash-9-8-xt-di2-gen-6/52582/5333258,html,2026-10-05
Trek,Rail+ 9.8 GX AXS T-Type Gen 5 [15de6196],Rail+ 9.8 GX AXS T-Type Gen 5,2025,emtb,M,M,,165,177,165 - 177 cm,cm,627,455,"{""Posición de geometría"": ""Alta"", ""Dimensiones de la rueda"": ""29\""/27.5\"""", ""A — Tubo del sillín"": ""41.0"", ""B — Ángulo del tubo del sillín"": ""75.3°"", ""Ángulo efectivo del tubo del sillín"": ""77.7°"", ""C — Longitud del tubo de dirección"": ""10.0"", ""D — Ángulo de la dirección"": ""65.0°"", ""E — Tubo superior efectivo"": ""59.1"", ""F — Altura del eje de pedalier"": ""34.5"", ""G — Altura del eje de pedalier"": ""1.8"", ""H — Longitud de la vaina"": ""44.6"", ""I — Retroceso"": ""4.3"", ""J — Trail"": ""12.7"", ""K — Distancia entre ejes"": ""122.9"", ""L — Standover"": ""77.5"", ""Reach (cm)"": ""45.5"", ""Stack (cm)"": ""62.7"", ""Parte central delantera"": ""78.3""}",7499,false,https://www.trekbikes.com/es/es_ES/bicicletas/bicicletas-de-monta%C3%B1a/bicicletas-el%C3%A9ctricas-de-monta%C3%B1a/rail/rail-9-8-gx-axs-t-type-gen-5/p/48465/,https://www.trekbikes.com/es/es_ES/bicicletas/bicicletas-de-monta%C3%B1a/bicicletas-el%C3%A9ctricas-de-monta%C3%B1a/rail/f/F344/rail%252b-9-8-gx-axs-t-type-gen-5/48465/5329083,html,2026-10-05
Trek,Rail+ 9.8 GX AXS T-Type Gen 5 [15de6196],Rail+ 9.8 GX AXS T-Type Gen 5,2025,emtb,L,L,,177,188,177 - 188 cm,cm,645,495,"{""Posición de geometría"": ""Alta"", ""Dimensiones de la rueda"": ""29\""/27.5\"""", ""A — Tubo del sillín"": ""43.5"", ""B — Ángulo del tubo del sillín"": ""75.2°"", ""Ángulo efectivo del tubo del sillín"": ""77.5°"", ""C — Longitud del tubo de dirección"": ""12.0"", ""D — Ángulo de la dirección"": ""65.0°"", ""E — Tubo superior efectivo"": ""63.8"", ""F — Altura del eje de pedalier"": ""34.5"", ""G — Altura del eje de pedalier"": ""1.7"", ""H — Longitud de la vaina"": ""44.6"", ""I — Retroceso"": ""4.3"", ""J — Trail"": ""12.7"", ""K — Distancia entre ejes"": ""127.7"", ""L — Standover"": ""77.5"", ""Reach (cm)"": ""49.5"", ""Stack (cm)"": ""64.5"", ""Parte central delantera"": ""83.1""}",7499,false,https://www.trekbikes.com/es/es_ES/bicicletas/bicicletas-de-monta%C3%B1a/bicicletas-el%C3%A9ctricas-de-monta%C3%B1a/rail/rail-9-8-gx-axs-t-type-gen-5/p/48465/,https://www.trekbikes.com/es/es_ES/bicicletas/bicicletas-de-monta%C3%B1a/bicicletas-el%C3%A9ctricas-de-monta%C3%B1a/rail/f/F344/rail%252b-9-8-gx-axs-t-type-gen-5/48465/5329083,html,2026-10-05
Trek,Rail+ 9.8 GX AXS T-Type Gen 5 [15de6196],Rail+ 9.8 GX AXS T-Type Gen 5,2025,emtb,XL,XL,,188,195,188 - 195 cm,cm,668,520,"{""Posición de geometría"": ""Alta"", ""Dimensiones de la rueda"": ""29\""/27.5\"""", ""A — Tubo del sillín"": ""47.0"", ""B — Ángulo del tubo del sillín"": ""75.2°"", ""Ángulo efectivo del tubo del sillín"": ""77.4°"", ""C — Longitud del tubo de dirección"": ""14.5"", ""D — Ángulo de la dirección"": ""64.9°"", ""E — Tubo superior efectivo"": ""66.9"", ""F — Altura del eje de pedalier"": ""34.5"", ""G — Altura del eje de pedalier"": ""1.7"", ""H — Longitud de la vaina"": ""44.6"", ""I — Retroceso"": ""4.3"", ""J — Trail"": ""12.7"", ""K — Distancia entre ejes"": ""131.3"", ""L — Standover"": ""79.8"", ""Reach (cm)"": ""52.0"", ""Stack (cm)"": ""66.8"", ""Parte central delantera"": ""86.7""}",7499,false,https://www.trekbikes.com/es/es_ES/bicicletas/bicicletas-de-monta%C3%B1a/bicicletas-el%C3%A9ctricas-de-monta%C3%B1a/rail/rail-9-8-gx-axs-t-type-gen-5/p/48465/,https://www.trekbikes.com/es/es_ES/bicicletas/bicicletas-de-monta%C3%B1a/bicicletas-el%C3%A9ctricas-de-monta%C3%B1a/rail/f/F344/rail%252b-9-8-gx-axs-t-type-gen-5/48465/5329083,html,2026-10-05
Trek,Session 9 X01 [7019f470],Session 9 X01,2027,mtb,42.5,,42.5,,,,,634,472,"{""B — Ángulo del tubo del sillín"": ""61.6°"", ""Ángulo efectivo del tubo del sillín"": ""77.1°"", ""C — Longitud del tubo de dirección"": ""11.7"", ""D — Ángulo de la dirección"": ""63.6°"", ""E — Tubo superior efectivo"": ""61.7"", ""F — Altura del eje de pedalier"": ""35.9"", ""G — Altura del eje de pedalier"": ""1.2"", ""H — Longitud de la vaina"": ""44.1"", ""I — Retroceso"": ""4.6"", ""J — Trail"": ""13.1"", ""K — Distancia entre ejes"": ""127.4"", ""L — Standover"": ""75.9"", ""Reach (cm)"": ""47.2"", ""Stack (cm)"": ""63.4""}",7099,false,https://www.trekbikes.com/es/es_ES/bicicletas/bicicletas-de-monta%C3%B1a/bicicletas-de-descenso/session/session-9-x01/p/34625/,https://www.trekbikes.com/es/es_ES/bicicletas/bicicletas-de-monta%C3%B1a/bicicletas-de-descenso/session/session-9-x01/p/34625/,html,2026-10-05
Trek,Supercaliber 9.8 GX Gen 1 [65d2a1df],Supercaliber 9.8 GX Gen 1,2027,mtb,M,M,,,,,,594,425,"{""Dimensiones de la rueda"": ""29\"""", ""A — Tubo del sillín"": ""41.9"", ""B — Ángulo del tubo del sillín"": ""70.5°"", ""Ángulo efectivo del tubo del sillín"": ""74.0°"", ""C — Longitud del tubo de dirección"": ""9.0"", ""D — Ángulo de la dirección"": ""69.0°"", ""E — Tubo superior efectivo"": ""59.5"", ""F — Altura del eje de pedalier"": ""32.0"", ""G — Altura del eje de pedalier"": ""5.3"", ""H — Longitud de la vaina"": ""43.0"", ""I — Retroceso"": ""4.4"", ""J — Trail"": ""9.6"", ""K — Distancia entre ejes"": ""110.6"", ""L — Standover"": ""76.0"", ""Reach (cm)"": ""42.5"", ""Stack (cm)"": ""59.4"", ""Parte central delantera"": ""68.0""}",6699,false,https://www.trekbikes.com/es/es_ES/bicicletas/bicicletas-de-monta%C3%B1a/bicicletas-de-monta%C3%B1a-de-cross-country/supercaliber/supercaliber-9-8-gx-gen-1/p/35147/,https://www.trekbikes.com/es/es_ES/bicicletas/bicicletas-de-monta%C3%B1a/bicicletas-de-monta%C3%B1a-de-cross-country/supercaliber/supercaliber-9-8-gx-gen-1/p/35147/,html,2026-10-05
Trek,Supercaliber 9.8 GX Gen 1 [65d2a1df],Supercaliber 9.8 GX Gen 1,2027,mtb,L,L,,,,,,594,455,"{""Dimensiones de la rueda"": ""29\"""", ""A — Tubo del sillín"": ""47.0"", ""B — Ángulo del tubo del sillín"": ""71.0°"", ""Ángulo efectivo del tubo del sillín"": ""74.0°"", ""C — Longitud del tubo de dirección"": ""9.0"", ""D — Ángulo de la dirección"": ""69.0°"", ""E — Tubo superior efectivo"": ""62.5"", ""F — Altura del eje de pedalier"": ""32.0"", ""G — Altura del eje de pedalier"": ""5.3"", ""H — Longitud de la vaina"": ""43.0"", ""I — Retroceso"": ""4.4"", ""J — Trail"": ""9.6"", ""K — Distancia entre ejes"": ""113.6"", ""L — Standover"": ""78.7"", ""Reach (cm)"": ""45.5"", ""Stack (cm)"": ""59.4"", ""Parte central delantera"": ""71.0""}",6699,false,https://www.trekbikes.com/es/es_ES/bicicletas/bicicletas-de-monta%C3%B1a/bicicletas-de-monta%C3%B1a-de-cross-country/supercaliber/supercaliber-9-8-gx-gen-1/p/35147/,https://www.trekbikes.com/es/es_ES/bicicletas/bicicletas-de-monta%C3%B1a/bicicletas-de-monta%C3%B1a-de-cross-country/supercaliber/supercaliber-9-8-gx-gen-1/p/35147/,html,2026-10-05
Trek,Slash 9.8 XT Gen 5 [4bac2bd3],Slash 9.8 XT Gen 5,2027,mtb,"18.5""",,,,,,,622,474,"{""Letra de talla del cuadro"": ""ML"", ""Posición de geometría"": ""Alta"", ""Dimensiones de la rueda"": ""29\"""", ""A — Tubo del sillín"": ""43.5"", ""B — Ángulo del tubo del sillín"": ""67.1°"", ""Ángulo efectivo del tubo del sillín"": ""76.1°"", ""C — Longitud del tubo de dirección"": ""10.5"", ""D — Ángulo de la dirección"": ""64.6°"", ""E — Tubo superior efectivo"": ""62.8"", ""F — Altura del eje de pedalier"": ""35.2"", ""G — Altura del eje de pedalier"": ""2.2"", ""H — Longitud de la vaina"": ""43.5"", ""I — Retroceso"": ""4.3"", ""J — Trail"": ""13.0"", ""K — Distancia entre ejes"": ""124.2"", ""L — Standover"": ""74.9"", ""Reach (cm)"": ""47.4"", ""Stack (cm)"": ""62.2""}",6299,false,https://www.trekbikes.com/es/es_ES/bicicletas/bicicletas-de-monta%C3%B1a/bicicletas-de-monta%C3%B1a-de-trail/slash/slash-9-8-xt-gen-5/p/33019/,https://www.trekbikes.com/es/es_ES/bicicletas/bicicletas-de-monta%C3%B1a/bicicletas-de-monta%C3%B1a-de-trail/slash/slash-9-8-xt-gen-5/p/33019/,html,2026-10-05
Trek,Fuel EXe 9.7 [93f2f079],Fuel EXe 9.7,2024,emtb,M,M,,,,,,625,459,"{""Posición de geometría"": ""Alta"", ""Dimensiones de la rueda"": ""29\"""", ""A — Tubo del sillín"": ""41.0"", ""B — Ángulo del tubo del sillín"": ""69.8°"", ""Ángulo efectivo del tubo del sillín"": ""77.3°"", ""C — Longitud del tubo de dirección"": ""11.0"", ""D — Ángulo de la dirección"": ""65.3°"", ""E — Tubo superior efectivo"": ""59.9"", ""F — Altura del eje de pedalier"": ""34.1"", ""G — Altura del eje de pedalier"": ""3.2"", ""H — Longitud de la vaina"": ""43.8"", ""I — Retroceso"": ""4.4"", ""J — Trail"": ""12.4"", ""K — Distancia entre ejes"": ""121.6"", ""L — Standover"": ""73.3"", ""Reach (cm)"": ""45.9"", ""Stack (cm)"": ""62.5"", ""Parte central delantera"": ""78.1""}",5499,false,https://www.trekbikes.com/es/es_ES/bicicletas/bicicletas-de-monta%C3%B1a/bicicletas-el%C3%A9ctricas-de-monta%C3%B1a/fuel-exe/fuel-exe-9-7/p/41519/,https://www.trekbikes.com/es/es_ES/bicicletas/bicicletas-de-monta%C3%B1a/bicicletas-el%C3%A9ctricas-de-monta%C3%B1a/fuel-exe/fuel-exe-9-7/p/41519/,html,2026-10-05
Trek,Fuel+ EX 8 Gen 2 [667f4e19],Fuel+ EX 8 Gen 2,2026,emtb,M,M,,165,177,165 - 177 cm,cm,624,460,"{""Dimensiones de la rueda"": ""29\"""", ""A — Tubo del sillín"": ""40.0"", ""B — Ángulo del tubo del sillín"": ""72.6°"", ""Ángulo efectivo del tubo del sillín"": ""77.8°"", ""C — Longitud del tubo de dirección"": ""11.0"", ""D — Ángulo de la dirección"": ""64.5°"", ""E — Tubo superior efectivo"": ""58.9"", ""F — Altura del eje de pedalier"": ""33.9"", ""G — Altura del eje de pedalier"": ""3.5"", ""H — Longitud de la vaina"": ""44.4"", ""I — Retroceso"": ""4.4"", ""J — Trail"": ""12.9"", ""K — Distancia entre ejes"": ""123.2"", ""L — Standover"": ""74.6"", ""Reach (cm)"": ""46.0"", ""Stack (cm)"": ""62.4"", ""Parte central delantera"": ""79.1""}",5499,false,https://www.trekbikes.com/es/es_ES/bicicletas/bicicletas-de-monta%C3%B1a/bicicletas-el%C3%A9ctricas-de-monta%C3%B1a/fuel/fuel-ex/fuel-ex-8-gen-2/p/56302/,https://www.trekbikes.com/es/es_ES/bicicletas/bicicletas-de-monta%C3%B1a/bicicletas-el%C3%A9ctricas-de-monta%C3%B1a/fuel/fuel-ex/f/F370/fuel%252b-ex-8-gen-2/56302/5335675,html,2026-10-05
Trek,Fuel+ EX 8 Gen 2 [667f4e19],Fuel+ EX 8 Gen 2,2026,emtb,L,L,,177,188,177 - 188 cm,cm,638,485,"{""Dimensiones de la rueda"": ""29\"""", ""A — Tubo del sillín"": ""42.0"", ""B — Ángulo del tubo del sillín"": ""72.6°"", ""Ángulo efectivo del tubo del sillín"": ""77.3°"", ""C — Longitud del tubo de dirección"": ""12.5"", ""D — Ángulo de la dirección"": ""64.5°"", ""E — Tubo superior efectivo"": ""61.3"", ""F — Altura del eje de pedalier"": ""33.9"", ""G — Altura del eje de pedalier"": ""3.5"", ""H — Longitud de la vaina"": ""44.4"", ""I — Retroceso"": ""4.4"", ""J — Trail"": ""12.9"", ""K — Distancia entre ejes"": ""125.8"", ""L — Standover"": ""74.3"", ""Reach (cm)"": ""48.5"", ""Stack (cm)"": ""63.8"", ""Parte central delantera"": ""82.2""}",5499,false,https://www.trekbikes.com/es/es_ES/bicicletas/bicicletas-de-monta%C3%B1a/bicicletas-el%C3%A9ctricas-de-monta%C3%B1a/fuel/fuel-ex/fuel-ex-8-gen-2/p/56302/,https://www.trekbikes.com/es/es_ES/bicicletas/bicicletas-de-monta%C3%B1a/bicicletas-el%C3%A9ctricas-de-monta%C3%B1a/fuel/fuel-ex/f/F370/fuel%252b-ex-8-gen-2/56302/5335675,html,2026-10-05
Trek,Fuel+ EX 8 Gen 2 [667f4e19],Fuel+ EX 8 Gen 2,2026,emtb,XL,XL,,188,195,188 - 195 cm,cm,651,510,"{""Dimensiones de la rueda"": ""29\"""", ""A — Tubo del sillín"": ""45.5"", ""B — Ángulo del tubo del sillín"": ""72.6°"", ""Ángulo efectivo del tubo del sillín"": ""76.9°"", ""C — Longitud del tubo de dirección"": ""14.0"", ""D — Ángulo de la dirección"": ""64.5°"", ""E — Tubo superior efectivo"": ""65.1"", ""F — Altura del eje de pedalier"": ""33.9"", ""G — Altura del eje de pedalier"": ""3.5"", ""H — Longitud de la vaina"": ""44.7"", ""I — Retroceso"": ""4.4"", ""J — Trail"": ""12.9"", ""K — Distancia entre ejes"": ""129.8"", ""L — Standover"": ""75.3"", ""Reach (cm)"": ""51.0"", ""Stack (cm)"": ""65.1"", ""Parte central delantera"": ""85.4""}",5499,false,https://www.trekbikes.com/es/es_ES/bicicletas/bicicletas-de-monta%C3%B1a/bicicletas-el%C3%A9ctricas-de-monta%C3%B1a/fuel/fuel-ex/fuel-ex-8-gen-2/p/56302/,https://www.trekbikes.com/es/es_ES/bicicletas/bicicletas-de-monta%C3%B1a/bicicletas-el%C3%A9ctricas-de-monta%C3%B1a/fuel/fuel-ex/f/F370/fuel%252b-ex-8-gen-2/56302/5335675,html,2026-10-05
Trek,Rail+ [9b727835],Rail+ 8 Gen 5,2025,emtb,S,S,,155,165,"155 - 165 cm 5'1"" - 5'5""",ft-in,594,435,"{""Posición de geometría"": ""Alta"", ""Dimensiones de la rueda"": ""27.5\"""", ""A — Tubo del sillín"": ""38.0"", ""B — Ángulo del tubo del sillín"": ""75.3°"", ""Ángulo efectivo del tubo del sillín"": ""77.9°"", ""C — Longitud del tubo de dirección"": ""10.0"", ""D — Ángulo de la dirección"": ""65.0°"", ""E — Tubo superior efectivo"": ""56.2"", ""F — Altura del eje de pedalier"": ""34.5"", ""G — Altura del eje de pedalier"": ""1.2"", ""H — Longitud de la vaina"": ""44.6"", ""I — Retroceso"": ""4.3"", ""J — Trail"": ""11.9"", ""K — Distancia entre ejes"": ""120.1"", ""L — Standover"": ""76.7"", ""Reach (cm)"": ""43.5"", ""Stack (cm)"": ""59.4"", ""Parte central delantera"": ""75.4""}",5499,false,https://www.trekbikes.com/es/es_ES/bicicletas/bicicletas-de-monta%C3%B1a/bicicletas-el%C3%A9ctricas-de-monta%C3%B1a/rail/rail-8-gen-5/p/48470/,https://www.trekbikes.com/es/es_ES/bicicletas/bicicletas-de-monta%C3%B1a/bicicletas-el%C3%A9ctricas-de-monta%C3%B1a/rail/f/F344/rail%252b-8-gen-5/48470/5329134,html,2026-10-05
Trek,Rail+ [9b727835],Rail+ 8 Gen 5,2025,emtb,M,M,,165,178,"165 - 177 cm 5'5"" - 5'10""",ft-in,627,455,"{""Posición de geometría"": ""Alta"", ""Dimensiones de la rueda"": ""29\""/27.5\"""", ""A — Tubo del sillín"": ""41.0"", ""B — Ángulo del tubo del sillín"": ""75.3°"", ""Ángulo efectivo del tubo del sillín"": ""77.7°"", ""C — Longitud del tubo de dirección"": ""10.0"", ""D — Ángulo de la dirección"": ""65.0°"", ""E — Tubo superior efectivo"": ""59.1"", ""F — Altura del eje de pedalier"": ""34.5"", ""G — Altura del eje de pedalier"": ""1.8"", ""H — Longitud de la vaina"": ""44.6"", ""I — Retroceso"": ""4.3"", ""J — Trail"": ""12.7"", ""K — Distancia entre ejes"": ""122.9"", ""L — Standover"": ""78.4"", ""Reach (cm)"": ""45.5"", ""Stack (cm)"": ""62.7"", ""Parte central delantera"": ""78.3""}",5499,false,https://www.trekbikes.com/es/es_ES/bicicletas/bicicletas-de-monta%C3%B1a/bicicletas-el%C3%A9ctricas-de-monta%C3%B1a/rail/rail-8-gen-5/p/48470/,https://www.trekbikes.com/es/es_ES/bicicletas/bicicletas-de-monta%C3%B1a/bicicletas-el%C3%A9ctricas-de-monta%C3%B1a/rail/f/F344/rail%252b-8-gen-5/48470/5329134,html,2026-10-05
Trek,Rail+ [9b727835],Rail+ 8 Gen 5,2025,emtb,L,L,,178,188,"177 - 188 cm 5'10"" - 6'2""",ft-in,645,495,"{""Posición de geometría"": ""Alta"", ""Dimensiones de la rueda"": ""29\""/27.5\"""", ""A — Tubo del sillín"": ""43.5"", ""B — Ángulo del tubo del sillín"": ""75.2°"", ""Ángulo efectivo del tubo del sillín"": ""77.5°"", ""C — Longitud del tubo de dirección"": ""12.0"", ""D — Ángulo de la dirección"": ""65.0°"", ""E — Tubo superior efectivo"": ""63.8"", ""F — Altura del eje de pedalier"": ""34.5"", ""G — Altura del eje de pedalier"": ""1.7"", ""H — Longitud de la vaina"": ""44.6"", ""I — Retroceso"": ""4.3"", ""J — Trail"": ""12.7"", ""K — Distancia entre ejes"": ""127.7"", ""L — Standover"": ""78.5"", ""Reach (cm)"": ""49.5"", ""Stack (cm)"": ""64.5"", ""Parte central delantera"": ""83.1""}",5499,false,https://www.trekbikes.com/es/es_ES/bicicletas/bicicletas-de-monta%C3%B1a/bicicletas-el%C3%A9ctricas-de-monta%C3%B1a/rail/rail-8-gen-5/p/48470/,https://www.trekbikes.com/es/es_ES/bicicletas/bicicletas-de-monta%C3%B1a/bicicletas-el%C3%A9ctricas-de-monta%C3%B1a/rail/f/F344/rail%252b-8-gen-5/48470/5329134,html,2026-10-05
Trek,Rail+ [9b727835],Rail+ 8 Gen 5,2025,emtb,XL,XL,,188,196,"188 - 195 cm 6'2"" - 6'5""",ft-in,668,520,"{""Posición de geometría"": ""Alta"", ""Dimensiones de la rueda"": ""29\""/27.5\"""", ""A — Tubo del sillín"": ""47.0"", ""B — Ángulo del tubo del sillín"": ""75.2°"", ""Ángulo efectivo del tubo del sillín"": ""77.4°"", ""C — Longitud del tubo de dirección"": ""14.5"", ""D — Ángulo de la dirección"": ""64.9°"", ""E — Tubo superior efectivo"": ""66.9"", ""F — Altura del eje de pedalier"": ""34.5"", ""G — Altura del eje de pedalier"": ""1.7"", ""H — Longitud de la vaina"": ""44.6"", ""I — Retroceso"": ""4.3"", ""J — Trail"": ""12.7"", ""K — Distancia entre ejes"": ""131.3"", ""L — Standover"": ""80.4"", ""Reach (cm)"": ""52.0"", ""Stack (cm)"": ""66.8"", ""Parte central delantera"": ""86.7""}",5499,false,https://www.trekbikes.com/es/es_ES/bicicletas/bicicletas-de-monta%C3%B1a/bicicletas-el%C3%A9ctricas-de-monta%C3%B1a/rail/rail-8-gen-5/p/48470/,https://www.trekbikes.com/es/es_ES/bicicletas/bicicletas-de-monta%C3%B1a/bicicletas-el%C3%A9ctricas-de-monta%C3%B1a/rail/f/F344/rail%252b-8-gen-5/48470/5329134,html,2026-10-05
Trek,Rail+ [9b727835],Rail+ 5 Gen 5,2025,emtb,S,S,,155,165,"155 - 165 cm 5'1"" - 5'5""",ft-in,594,435,"{""Posición de geometría"": ""Alta"", ""Dimensiones de la rueda"": ""27.5\"""", ""A — Tubo del sillín"": ""38.0"", ""B — Ángulo del tubo del sillín"": ""75.3°"", ""Ángulo efectivo del tubo del sillín"": ""77.9°"", ""C — Longitud del tubo de dirección"": ""10.0"", ""D — Ángulo de la dirección"": ""65.0°"", ""E — Tubo superior efectivo"": ""56.2"", ""F — Altura del eje de pedalier"": ""34.5"", ""G — Altura del eje de pedalier"": ""1.2"", ""H — Longitud de la vaina"": ""44.6"", ""I — Retroceso"": ""4.3"", ""J — Trail"": ""11.9"", ""K — Distancia entre ejes"": ""120.1"", ""L — Standover"": ""76.7"", ""Reach (cm)"": ""43.5"", ""Stack (cm)"": ""59.4"", ""Parte central delantera"": ""75.4""}",4499,false,https://www.trekbikes.com/es/es_ES/bicicletas/bicicletas-de-monta%C3%B1a/bicicletas-el%C3%A9ctricas-de-monta%C3%B1a/rail/rail-5-gen-5/p/48458/,https://www.trekbikes.com/es/es_ES/bicicletas/bicicletas-de-monta%C3%B1a/bicicletas-el%C3%A9ctricas-de-monta%C3%B1a/rail/f/F344/rail%252b-5-gen-5/48458/5329013,html,2026-10-05
Trek,Rail+ [9b727835],Rail+ 5 Gen 5,2025,emtb,M,M,,165,178,"165 - 177 cm 5'5"" - 5'10""",ft-in,627,455,"{""Posición de geometría"": ""Alta"", ""Dimensiones de la rueda"": ""29\""/27.5\"""", ""A — Tubo del sillín"": ""41.0"", ""B — Ángulo del tubo del sillín"": ""75.3°"", ""Ángulo efectivo del tubo del sillín"": ""77.7°"", ""C — Longitud del tubo de dirección"": ""10.0"", ""D — Ángulo de la dirección"": ""65.0°"", ""E — Tubo superior efectivo"": ""59.1"", ""F — Altura del eje de pedalier"": ""34.5"", ""G — Altura del eje de pedalier"": ""1.8"", ""H — Longitud de la vaina"": ""44.6"", ""I — Retroceso"": ""4.3"", ""J — Trail"": ""12.7"", ""K — Distancia entre ejes"": ""122.9"", ""L — Standover"": ""78.4"", ""Reach (cm)"": ""45.5"", ""Stack (cm)"": ""62.7"", ""Parte central delantera"": ""78.3""}",4499,false,https://www.trekbikes.com/es/es_ES/bicicletas/bicicletas-de-monta%C3%B1a/bicicletas-el%C3%A9ctricas-de-monta%C3%B1a/rail/rail-5-gen-5/p/48458/,https://www.trekbikes.com/es/es_ES/bicicletas/bicicletas-de-monta%C3%B1a/bicicletas-el%C3%A9ctricas-de-monta%C3%B1a/rail/f/F344/rail%252b-5-gen-5/48458/5329013,html,2026-10-05
Trek,Rail+ [9b727835],Rail+ 5 Gen 5,2025,emtb,L,L,,178,188,"177 - 188 cm 5'10"" - 6'2""",ft-in,645,495,"{""Posición de geometría"": ""Alta"", ""Dimensiones de la rueda"": ""29\""/27.5\"""", ""A — Tubo del sillín"": ""43.5"", ""B — Ángulo del tubo del sillín"": ""75.2°"", ""Ángulo efectivo del tubo del sillín"": ""77.5°"", ""C — Longitud del tubo de dirección"": ""12.0"", ""D — Ángulo de la dirección"": ""65.0°"", ""E — Tubo superior efectivo"": ""63.8"", ""F — Altura del eje de pedalier"": ""34.5"", ""G — Altura del eje de pedalier"": ""1.7"", ""H — Longitud de la vaina"": ""44.6"", ""I — Retroceso"": ""4.3"", ""J — Trail"": ""12.7"", ""K — Distancia entre ejes"": ""127.7"", ""L — Standover"": ""78.5"", ""Reach (cm)"": ""49.5"", ""Stack (cm)"": ""64.5"", ""Parte central delantera"": ""83.1""}",4499,false,https://www.trekbikes.com/es/es_ES/bicicletas/bicicletas-de-monta%C3%B1a/bicicletas-el%C3%A9ctricas-de-monta%C3%B1a/rail/rail-5-gen-5/p/48458/,https://www.trekbikes.com/es/es_ES/bicicletas/bicicletas-de-monta%C3%B1a/bicicletas-el%C3%A9ctricas-de-monta%C3%B1a/rail/f/F344/rail%252b-5-gen-5/48458/5329013,html,2026-10-05
Trek,Rail+ [9b727835],Rail+ 5 Gen 5,2025,emtb,XL,XL,,188,196,"188 - 195 cm 6'2"" - 6'5""",ft-in,668,520,"{""Posición de geometría"": ""Alta"", ""Dimensiones de la rueda"": ""29\""/27.5\"""", ""A — Tubo del sillín"": ""47.0"", ""B — Ángulo del tubo del sillín"": ""75.2°"", ""Ángulo efectivo del tubo del sillín"": ""77.4°"", ""C — Longitud del tubo de dirección"": ""14.5"", ""D — Ángulo de la dirección"": ""64.9°"", ""E — Tubo superior efectivo"": ""66.9"", ""F — Altura del eje de pedalier"": ""34.5"", ""G — Altura del eje de pedalier"": ""1.7"", ""H — Longitud de la vaina"": ""44.6"", ""I — Retroceso"": ""4.3"", ""J — Trail"": ""12.7"", ""K — Distancia entre ejes"": ""131.3"", ""L — Standover"": ""80.4"", ""Reach (cm)"": ""52.0"", ""Stack (cm)"": ""66.8"", ""Parte central delantera"": ""86.7""}",4499,false,https://www.trekbikes.com/es/es_ES/bicicletas/bicicletas-de-monta%C3%B1a/bicicletas-el%C3%A9ctricas-de-monta%C3%B1a/rail/rail-5-gen-5/p/48458/,https://www.trekbikes.com/es/es_ES/bicicletas/bicicletas-de-monta%C3%B1a/bicicletas-el%C3%A9ctricas-de-monta%C3%B1a/rail/f/F344/rail%252b-5-gen-5/48458/5329013,html,2026-10-05
Trek,Fuel EX 9.7 [1dcea974],Fuel EX 9.7,2027,mtb,S,S,,,,,,605,420,"{""Posición de geometría"": ""Alta"", ""Dimensiones de la rueda"": ""29\"""", ""A — Tubo del sillín"": ""39.5"", ""B — Ángulo del tubo del sillín"": ""68.0°"", ""Ángulo efectivo del tubo del sillín"": ""75.5°"", ""C — Longitud del tubo de dirección"": ""10.0"", ""D — Ángulo de la dirección"": ""66.5°"", ""E — Tubo superior efectivo"": ""57.7"", ""F — Altura del eje de pedalier"": ""34.6"", ""G — Altura del eje de pedalier"": ""2.8"", ""H — Longitud de la vaina"": ""43.6"", ""I — Retroceso"": ""4.3"", ""J — Trail"": ""11.5"", ""K — Distancia entre ejes"": ""115.3"", ""L — Standover"": ""70.8"", ""Reach (cm)"": ""42.0"", ""Stack (cm)"": ""60.5""}",4199,false,https://www.trekbikes.com/es/es_ES/bicicletas/bicicletas-de-monta%C3%B1a/bicicletas-de-monta%C3%B1a-de-trail/bicicletas-all-mountain/fuel/fuel-ex/fuel-ex-9-7/p/33002/,https://www.trekbikes.com/es/es_ES/bicicletas/bicicletas-de-monta%C3%B1a/bicicletas-de-monta%C3%B1a-de-trail/bicicletas-all-mountain/fuel/fuel-ex/fuel-ex-9-7/p/33002/,html,2026-10-05
Trek,Fuel EX 9.7 [1dcea974],Fuel EX 9.7,2027,mtb,XL,XL,,,,,,623,500,"{""Posición de geometría"": ""Alta"", ""Dimensiones de la rueda"": ""29\"""", ""A — Tubo del sillín"": ""50.0"", ""B — Ángulo del tubo del sillín"": ""68.0°"", ""Ángulo efectivo del tubo del sillín"": ""75.5°"", ""C — Longitud del tubo de dirección"": ""12.0"", ""D — Ángulo de la dirección"": ""66.5°"", ""E — Tubo superior efectivo"": ""66.2"", ""F — Altura del eje de pedalier"": ""34.6"", ""G — Altura del eje de pedalier"": ""2.7"", ""H — Longitud de la vaina"": ""43.5"", ""I — Retroceso"": ""4.3"", ""J — Trail"": ""11.6"", ""K — Distancia entre ejes"": ""124.1"", ""L — Standover"": ""77.6"", ""Reach (cm)"": ""50.0"", ""Stack (cm)"": ""62.3""}",4199,false,https://www.trekbikes.com/es/es_ES/bicicletas/bicicletas-de-monta%C3%B1a/bicicletas-de-monta%C3%B1a-de-trail/bicicletas-all-mountain/fuel/fuel-ex/fuel-ex-9-7/p/33002/,https://www.trekbikes.com/es/es_ES/bicicletas/bicicletas-de-monta%C3%B1a/bicicletas-de-monta%C3%B1a-de-trail/bicicletas-all-mountain/fuel/fuel-ex/fuel-ex-9-7/p/33002/,html,2026-10-05
Trek,Powerfly+ 4 Equipped 800 Wh Gen 5 [43ea52e0],Powerfly+ 4 Equipped 800 Wh Gen 5,2025,emtb,S,S,,,,,,599,410,"{""Dimensiones de la rueda"": ""27.5\"""", ""A — Tubo del sillín"": ""37.0"", ""B — Ángulo del tubo del sillín"": ""73.0°"", ""Ángulo efectivo del tubo del sillín"": ""75.0°"", ""C — Longitud del tubo de dirección"": ""13.3"", ""D — Ángulo de la dirección"": ""65.5°"", ""E — Tubo superior efectivo"": ""57.1"", ""F — Altura del eje de pedalier"": ""31.5"", ""G — Altura del eje de pedalier"": ""4.5"", ""H — Longitud de la vaina"": ""44.2"", ""I — Retroceso"": ""4.4"", ""J — Trail"": ""11.6"", ""K — Distancia entre ejes"": ""115.1"", ""L — Standover"": ""69.7"", ""Reach (cm)"": ""41.0"", ""Stack (cm)"": ""59.9""}",3599,false,https://www.trekbikes.com/es/es_ES/bicicletas/bicicletas-de-monta%C3%B1a/bicicletas-el%C3%A9ctricas-de-monta%C3%B1a/powerfly/powerfly-hardtail/powerfly-4-equipped-800-wh-gen-5/p/61726/,https://www.trekbikes.com/es/es_ES/bicicletas/bicicletas-de-monta%C3%B1a/bicicletas-el%C3%A9ctricas-de-monta%C3%B1a/powerfly/powerfly-hardtail/powerfly-4-equipped-800-wh-gen-5/p/61726/,html,2026-10-05
Trek,Fuel EX 8 Gen 5 [5b60d4ab],Fuel EX 8 Gen 5,2027,mtb,L,L,,,,,,609,475,"{""Posición de geometría"": ""Alta"", ""Dimensiones de la rueda"": ""29\"""", ""A — Tubo del sillín"": ""45.0"", ""B — Ángulo del tubo del sillín"": ""68.0°"", ""Ángulo efectivo del tubo del sillín"": ""75.5°"", ""C — Longitud del tubo de dirección"": ""10.5"", ""D — Ángulo de la dirección"": ""66.5°"", ""E — Tubo superior efectivo"": ""63.3"", ""F — Altura del eje de pedalier"": ""34.6"", ""G — Altura del eje de pedalier"": ""2.7"", ""H — Longitud de la vaina"": ""43.6"", ""I — Retroceso"": ""4.3"", ""J — Trail"": ""11.6"", ""K — Distancia entre ejes"": ""121.0"", ""L — Standover"": ""75.6"", ""Reach (cm)"": ""47.5"", ""Stack (cm)"": ""60.9""}",3499,false,https://www.trekbikes.com/es/es_ES/bicicletas/bicicletas-de-monta%C3%B1a/bicicletas-de-monta%C3%B1a-de-trail/bicicletas-all-mountain/fuel/fuel-ex/fuel-ex-8-gen-5/p/33000/,https://www.trekbikes.com/es/es_ES/bicicletas/bicicletas-de-monta%C3%B1a/bicicletas-de-monta%C3%B1a-de-trail/bicicletas-all-mountain/fuel/fuel-ex/fuel-ex-8-gen-5/p/33000/,html,2026-10-05
Trek,Remedy 8 XT [5d60eb2e],Remedy 8 XT,2027,mtb,XL,XL,,,,,,610,481,"{""Posición de geometría"": ""Alta"", ""Dimensiones de la rueda"": ""27.5\"""", ""A — Tubo del sillín"": ""52.1"", ""B — Ángulo del tubo del sillín"": ""68.5°"", ""Ángulo efectivo del tubo del sillín"": ""74.7°"", ""C — Longitud del tubo de dirección"": ""12.5"", ""D — Ángulo de la dirección"": ""66.1°"", ""E — Tubo superior efectivo"": ""64.8"", ""F — Altura del eje de pedalier"": ""35.6"", ""G — Altura del eje de pedalier"": ""9.4"", ""H — Longitud de la vaina"": ""43.3"", ""I — Retroceso"": ""4.6"", ""J — Trail"": ""11.2"", ""K — Distancia entre ejes"": ""123.1"", ""L — Standover"": ""77.5"", ""Reach (cm)"": ""48.1"", ""Stack (cm)"": ""61.0""}",3399,false,https://www.trekbikes.com/es/es_ES/bicicletas/bicicletas-de-monta%C3%B1a/bicicletas-de-monta%C3%B1a-de-trail/remedy/remedy-8-xt/p/32862/,https://www.trekbikes.com/es/es_ES/bicicletas/bicicletas-de-monta%C3%B1a/bicicletas-de-monta%C3%B1a-de-trail/remedy/remedy-8-xt/p/32862/,html,2026-10-05
Trek,Marlin+ 8 [61024579],Marlin+ 8,2026,emtb,S,S,,155,165,155 - 165 cm,cm,590,415,"{""Dimensiones de la rueda"": ""27.5\"""", ""A — Tubo del sillín"": ""37.0"", ""B — Ángulo del tubo del sillín"": ""73.8°"", ""Ángulo efectivo del tubo del sillín"": ""74.0°"", ""C — Longitud del tubo de dirección"": ""10.0"", ""D — Ángulo de la dirección"": ""66.5°"", ""E — Tubo superior efectivo"": ""58.4"", ""F — Altura del eje de pedalier"": ""31.3"", ""G — Altura del eje de pedalier"": ""4.5"", ""H — Longitud de la vaina"": ""47.0"", ""I — Retroceso"": ""4.6"", ""J — Trail"": ""11.0"", ""K — Distancia entre ejes"": ""116.6"", ""L — Standover"": ""71.0"", ""Reach (cm)"": ""41.5"", ""Stack (cm)"": ""59.0""}",2799,false,https://www.trekbikes.com/es/es_ES/bicicletas/bicicletas-de-monta%C3%B1a/bicicletas-el%C3%A9ctricas-de-monta%C3%B1a/marlin/marlin-8/p/56627/,https://www.trekbikes.com/es/es_ES/bicicletas/bicicletas-de-monta%C3%B1a/bicicletas-el%C3%A9ctricas-de-monta%C3%B1a/marlin/f/F358/marlin%252b-8/56627/5336225,html,2026-10-05
Trek,Marlin+ 8 [61024579],Marlin+ 8,2026,emtb,M,M,,165,177,165 - 177 cm,cm,626,440,"{""Dimensiones de la rueda"": ""29\"""", ""A — Tubo del sillín"": ""42.0"", ""B — Ángulo del tubo del sillín"": ""73.8°"", ""Ángulo efectivo del tubo del sillín"": ""74.0°"", ""C — Longitud del tubo de dirección"": ""10.5"", ""D — Ángulo de la dirección"": ""66.5°"", ""E — Tubo superior efectivo"": ""62.0"", ""F — Altura del eje de pedalier"": ""31.8"", ""G — Altura del eje de pedalier"": ""6.0"", ""H — Longitud de la vaina"": ""48.5"", ""I — Retroceso"": ""4.2"", ""J — Trail"": ""11.4"", ""K — Distancia entre ejes"": ""121.8"", ""L — Standover"": ""76.0"", ""Reach (cm)"": ""44.0"", ""Stack (cm)"": ""62.6""}",2799,false,https://www.trekbikes.com/es/es_ES/bicicletas/bicicletas-de-monta%C3%B1a/bicicletas-el%C3%A9ctricas-de-monta%C3%B1a/marlin/marlin-8/p/56627/,https://www.trekbikes.com/es/es_ES/bicicletas/bicicletas-de-monta%C3%B1a/bicicletas-el%C3%A9ctricas-de-monta%C3%B1a/marlin/f/F358/marlin%252b-8/56627/5336225,html,2026-10-05
Trek,Marlin+ 8 [61024579],Marlin+ 8,2026,emtb,L,L,,177,188,177 - 188 cm,cm,635,470,"{""Dimensiones de la rueda"": ""29\"""", ""A — Tubo del sillín"": ""45.0"", ""B — Ángulo del tubo del sillín"": ""73.8°"", ""Ángulo efectivo del tubo del sillín"": ""74.0°"", ""C — Longitud del tubo de dirección"": ""11.5"", ""D — Ángulo de la dirección"": ""66.5°"", ""E — Tubo superior efectivo"": ""65.2"", ""F — Altura del eje de pedalier"": ""31.8"", ""G — Altura del eje de pedalier"": ""6.0"", ""H — Longitud de la vaina"": ""48.5"", ""I — Retroceso"": ""4.2"", ""J — Trail"": ""11.4"", ""K — Distancia entre ejes"": ""125.1"", ""L — Standover"": ""77.1"", ""Reach (cm)"": ""47.0"", ""Stack (cm)"": ""63.5""}",2799,false,https://www.trekbikes.com/es/es_ES/bicicletas/bicicletas-de-monta%C3%B1a/bicicletas-el%C3%A9ctricas-de-monta%C3%B1a/marlin/marlin-8/p/56627/,https://www.trekbikes.com/es/es_ES/bicicletas/bicicletas-de-monta%C3%B1a/bicicletas-el%C3%A9ctricas-de-monta%C3%B1a/marlin/f/F358/marlin%252b-8/56627/5336225,html,2026-10-05
Trek,Marlin+ 8 [61024579],Marlin+ 8,2026,emtb,XL,XL,,188,195,188 - 195 cm,cm,653,495,"{""Dimensiones de la rueda"": ""29\"""", ""A — Tubo del sillín"": ""50.0"", ""B — Ángulo del tubo del sillín"": ""73.8°"", ""Ángulo efectivo del tubo del sillín"": ""74.0°"", ""C — Longitud del tubo de dirección"": ""13.5"", ""D — Ángulo de la dirección"": ""66.5°"", ""E — Tubo superior efectivo"": ""68.2"", ""F — Altura del eje de pedalier"": ""31.8"", ""G — Altura del eje de pedalier"": ""6.0"", ""H — Longitud de la vaina"": ""48.5"", ""I — Retroceso"": ""4.2"", ""J — Trail"": ""11.4"", ""K — Distancia entre ejes"": ""128.4"", ""L — Standover"": ""77.5"", ""Reach (cm)"": ""49.5"", ""Stack (cm)"": ""65.3""}",2799,false,https://www.trekbikes.com/es/es_ES/bicicletas/bicicletas-de-monta%C3%B1a/bicicletas-el%C3%A9ctricas-de-monta%C3%B1a/marlin/marlin-8/p/56627/,https://www.trekbikes.com/es/es_ES/bicicletas/bicicletas-de-monta%C3%B1a/bicicletas-el%C3%A9ctricas-de-monta%C3%B1a/marlin/f/F358/marlin%252b-8/56627/5336225,html,2026-10-05
Trek,Slash 7 Gen 5 [01882483],Slash 7 Gen 5,2027,mtb,"18.5""",,,,,,,622,474,"{""Letra de talla del cuadro"": ""ML"", ""Posición de geometría"": ""Alta"", ""Dimensiones de la rueda"": ""29\"""", ""A — Tubo del sillín"": ""43.5"", ""B — Ángulo del tubo del sillín"": ""67.1°"", ""Ángulo efectivo del tubo del sillín"": ""76.1°"", ""C — Longitud del tubo de dirección"": ""10.5"", ""D — Ángulo de la dirección"": ""64.6°"", ""E — Tubo superior efectivo"": ""62.8"", ""F — Altura del eje de pedalier"": ""35.2"", ""G — Altura del eje de pedalier"": ""2.2"", ""H — Longitud de la vaina"": ""43.5"", ""I — Retroceso"": ""4.3"", ""J — Trail"": ""13.0"", ""K — Distancia entre ejes"": ""124.2"", ""L — Standover"": ""75.0"", ""Reach (cm)"": ""47.4"", ""Stack (cm)"": ""62.2""}",2719.2,false,https://www.trekbikes.com/es/es_ES/bicicletas/bicicletas-de-monta%C3%B1a/bicicletas-de-monta%C3%B1a-de-trail/slash/slash-7-gen-5/p/35065/,https://www.trekbikes.com/es/es_ES/bicicletas/bicicletas-de-monta%C3%B1a/bicicletas-de-monta%C3%B1a-de-trail/slash/slash-7-gen-5/p/35065/,html,2026-10-05
Trek,Top Fuel 7 SX Gen 2 [316a8ccf],Top Fuel 7 SX Gen 2,2027,mtb,M,M,,,,,,590,445,"{""Posición de geometría"": ""Alta"", ""Dimensiones de la rueda"": ""29\"""", ""A — Tubo del sillín"": ""41.9"", ""B — Ángulo del tubo del sillín"": ""68.5°"", ""Ángulo efectivo del tubo del sillín"": ""75.5°"", ""C — Longitud del tubo de dirección"": ""9.0"", ""D — Ángulo de la dirección"": ""68.0°"", ""E — Tubo superior efectivo"": ""59.8"", ""F — Altura del eje de pedalier"": ""34.3"", ""G — Altura del eje de pedalier"": ""3.0"", ""H — Longitud de la vaina"": ""43.4"", ""I — Retroceso"": ""4.4"", ""J — Trail"": ""10.3"", ""K — Distancia entre ejes"": ""115.2"", ""L — Standover"": ""72.6"", ""Reach (cm)"": ""44.5"", ""Stack (cm)"": ""59.0""}",2699,false,https://www.trekbikes.com/es/es_ES/bicicletas/bicicletas-de-monta%C3%B1a/bicicletas-de-monta%C3%B1a-de-trail/top-fuel/top-fuel-7-sx-gen-2/p/32984/,https://www.trekbikes.com/es/es_ES/bicicletas/bicicletas-de-monta%C3%B1a/bicicletas-de-monta%C3%B1a-de-trail/top-fuel/top-fuel-7-sx-gen-2/p/32984/,html,2026-10-05
Trek,Top Fuel 7 SX Gen 2 [316a8ccf],Top Fuel 7 SX Gen 2,2027,mtb,ML,,,,,,,590,461,"{""Posición de geometría"": ""Alta"", ""Dimensiones de la rueda"": ""29\"""", ""A — Tubo del sillín"": ""44.5"", ""B — Ángulo del tubo del sillín"": ""68.5°"", ""Ángulo efectivo del tubo del sillín"": ""75.5°"", ""C — Longitud del tubo de dirección"": ""9.0"", ""D — Ángulo de la dirección"": ""68.0°"", ""E — Tubo superior efectivo"": ""61.4"", ""F — Altura del eje de pedalier"": ""34.3"", ""G — Altura del eje de pedalier"": ""3.0"", ""H — Longitud de la vaina"": ""43.4"", ""I — Retroceso"": ""4.4"", ""J — Trail"": ""10.3"", ""K — Distancia entre ejes"": ""116.8"", ""L — Standover"": ""73.1"", ""Reach (cm)"": ""46.1"", ""Stack (cm)"": ""59.0""}",2699,false,https://www.trekbikes.com/es/es_ES/bicicletas/bicicletas-de-monta%C3%B1a/bicicletas-de-monta%C3%B1a-de-trail/top-fuel/top-fuel-7-sx-gen-2/p/32984/,https://www.trekbikes.com/es/es_ES/bicicletas/bicicletas-de-monta%C3%B1a/bicicletas-de-monta%C3%B1a-de-trail/top-fuel/top-fuel-7-sx-gen-2/p/32984/,html,2026-10-05
Trek,Top Fuel 7 SX Gen 2 [316a8ccf],Top Fuel 7 SX Gen 2,2027,mtb,L,L,,,,,,599,475,"{""Posición de geometría"": ""Alta"", ""Dimensiones de la rueda"": ""29\"""", ""A — Tubo del sillín"": ""47.0"", ""B — Ángulo del tubo del sillín"": ""68.5°"", ""Ángulo efectivo del tubo del sillín"": ""75.5°"", ""C — Longitud del tubo de dirección"": ""10.0"", ""D — Ángulo de la dirección"": ""68.0°"", ""E — Tubo superior efectivo"": ""63.0"", ""F — Altura del eje de pedalier"": ""34.3"", ""G — Altura del eje de pedalier"": ""2.9"", ""H — Longitud de la vaina"": ""43.4"", ""I — Retroceso"": ""4.4"", ""J — Trail"": ""10.3"", ""K — Distancia entre ejes"": ""118.5"", ""L — Standover"": ""74.1"", ""Reach (cm)"": ""47.5"", ""Stack (cm)"": ""59.9""}",2699,false,https://www.trekbikes.com/es/es_ES/bicicletas/bicicletas-de-monta%C3%B1a/bicicletas-de-monta%C3%B1a-de-trail/top-fuel/top-fuel-7-sx-gen-2/p/32984/,https://www.trekbikes.com/es/es_ES/bicicletas/bicicletas-de-monta%C3%B1a/bicicletas-de-monta%C3%B1a-de-trail/top-fuel/top-fuel-7-sx-gen-2/p/32984/,html,2026-10-05
Trek,Fuel EX 7 [8e4d2f84],Fuel EX 7,2027,mtb,"18.5""",,,,,,,609,460,"{""Letra de talla del cuadro"": ""ML"", ""Posición de geometría"": ""Alta"", ""Dimensiones de la rueda"": ""29\"""", ""A — Tubo del sillín"": ""43.5"", ""B — Ángulo del tubo del sillín"": ""68.0°"", ""Ángulo efectivo del tubo del sillín"": ""75.5°"", ""C — Longitud del tubo de dirección"": ""10.5"", ""D — Ángulo de la dirección"": ""66.5°"", ""E — Tubo superior efectivo"": ""61.8"", ""F — Altura del eje de pedalier"": ""34.6"", ""G — Altura del eje de pedalier"": ""2.8"", ""H — Longitud de la vaina"": ""43.6"", ""I — Retroceso"": ""4.3"", ""J — Trail"": ""11.6"", ""K — Distancia entre ejes"": ""119.5"", ""L — Standover"": ""75.1"", ""Reach (cm)"": ""46.0"", ""Stack (cm)"": ""60.9""}",2699,false,https://www.trekbikes.com/es/es_ES/bicicletas/bicicletas-de-monta%C3%B1a/bicicletas-de-monta%C3%B1a-de-trail/bicicletas-all-mountain/fuel/fuel-ex/fuel-ex-7/p/29456/,https://www.trekbikes.com/es/es_ES/bicicletas/bicicletas-de-monta%C3%B1a/bicicletas-de-monta%C3%B1a-de-trail/bicicletas-all-mountain/fuel/fuel-ex/fuel-ex-7/p/29456/,html,2026-10-05
Trek,Top Fuel 5 Gen 3 [38e1bb90],Top Fuel 5 Gen 3,2024,mtb,M,M,,,,,,596,449,"{""Posición de geometría"": ""Alta"", ""Dimensiones de la rueda"": ""29\"""", ""A — Tubo del sillín"": ""42.0"", ""B — Ángulo del tubo del sillín"": ""69.9°"", ""Ángulo efectivo del tubo del sillín"": ""75.9°"", ""C — Longitud del tubo de dirección"": ""10.0"", ""D — Ángulo de la dirección"": ""65.9°"", ""E — Tubo superior efectivo"": ""59.9"", ""F — Altura del eje de pedalier"": ""34.6"", ""G — Altura del eje de pedalier"": ""2.7"", ""H — Longitud de la vaina"": ""43.4"", ""I — Retroceso"": ""4.3"", ""J — Trail"": ""12.0"", ""K — Distancia entre ejes"": ""118.3"", ""L — Standover"": ""74.4"", ""Reach (cm)"": ""44.9"", ""Stack (cm)"": ""59.6""}",2499,false,https://www.trekbikes.com/es/es_ES/bicicletas/bicicletas-de-monta%C3%B1a/bicicletas-de-monta%C3%B1a-de-trail/top-fuel/top-fuel-5-gen-3/p/41378/,https://www.trekbikes.com/es/es_ES/bicicletas/bicicletas-de-monta%C3%B1a/bicicletas-de-monta%C3%B1a-de-trail/top-fuel/top-fuel-5-gen-3/p/41378/,html,2026-10-05
Trek,Roscoe 8 [d1845b2a],Roscoe 8,2027,mtb,XL,XL,,,,,,666,495,"{""Dimensiones de la rueda"": ""29\"""", ""A — Tubo del sillín"": ""50.0"", ""B — Ángulo del tubo del sillín"": ""73.1°"", ""Ángulo efectivo del tubo del sillín"": ""74.7°"", ""C — Longitud del tubo de dirección"": ""13.5"", ""D — Ángulo de la dirección"": ""65.0°"", ""E — Tubo superior efectivo"": ""67.7"", ""F — Altura del eje de pedalier"": ""32.2"", ""G — Altura del eje de pedalier"": ""6.1"", ""H — Longitud de la vaina"": ""43.0"", ""I — Retroceso"": ""4.2"", ""J — Trail"": ""13.1"", ""K — Distancia entre ejes"": ""125.0"", ""L — Standover"": ""76.5"", ""Reach (cm)"": ""49.5"", ""Stack (cm)"": ""66.6""}",2449,false,https://www.trekbikes.com/es/es_ES/bicicletas/bicicletas-de-monta%C3%B1a/bicicletas-de-monta%C3%B1a-de-trail/roscoe/roscoe-8/p/35117/,https://www.trekbikes.com/es/es_ES/bicicletas/bicicletas-de-monta%C3%B1a/bicicletas-de-monta%C3%B1a-de-trail/roscoe/roscoe-8/p/35117/,html,2026-10-05
Trek,Roscoe 7 [c3272f3f],Roscoe 7,2027,mtb,"23""",,,,,,,644,457,"{""Letra de talla del cuadro"": ""XXL"", ""Dimensiones de la rueda"": ""27.5+"", ""A — Tubo del sillín"": ""55.9"", ""B — Ángulo del tubo del sillín"": ""69.7°"", ""Ángulo efectivo del tubo del sillín"": ""70.9°"", ""C — Longitud del tubo de dirección"": ""12.0"", ""D — Ángulo de la dirección"": ""67.4°"", ""E — Tubo superior efectivo"": ""68.0"", ""F — Altura del eje de pedalier"": ""31.8"", ""G — Altura del eje de pedalier"": ""4.2"", ""H — Longitud de la vaina"": ""43.8"", ""I — Retroceso"": ""4.2"", ""J — Trail"": ""15.0"", ""K — Distancia entre ejes"": ""118.2"", ""L — Standover"": ""81.5"", ""Reach (cm)"": ""45.7"", ""Stack (cm)"": ""64.4""}",1249,false,https://www.trekbikes.com/es/es_ES/bicicletas/bicicletas-de-monta%C3%B1a/bicicletas-de-monta%C3%B1a-de-trail/roscoe/roscoe-7/p/28499/,https://www.trekbikes.com/es/es_ES/bicicletas/bicicletas-de-monta%C3%B1a/bicicletas-de-monta%C3%B1a-de-trail/roscoe/roscoe-7/p/28499/,html,2026-10-05
Trek,Marlin [b717dc36],Marlin 7 Gen 3,2026,mtb,XS,XS,,145,155,"145 - 155 cm 4'9"" - 5'1""",ft-in,563,390,"{""Dimensiones de la rueda"": ""27.5\"""", ""A — Tubo del sillín"": ""34.0"", ""B — Ángulo del tubo del sillín"": ""73.8°"", ""Ángulo efectivo del tubo del sillín"": ""74.0°"", ""C — Longitud del tubo de dirección"": ""9.0"", ""D — Ángulo de la dirección"": ""66.5°"", ""E — Tubo superior efectivo"": ""55.1"", ""F — Altura del eje de pedalier"": ""31.3"", ""G — Altura del eje de pedalier"": ""4.5"", ""H — Longitud de la vaina"": ""43.3"", ""I — Retroceso"": ""4.2"", ""J — Trail"": ""11.0"", ""K — Distancia entre ejes"": ""109.2"", ""L — Standover"": ""65.8"", ""Reach (cm)"": ""39.0"", ""Stack (cm)"": ""56.3""}",1149,false,https://www.trekbikes.com/es/es_ES/bicicletas/bicicletas-de-monta%C3%B1a/bicicletas-de-monta%C3%B1a-de-cross-country/marlin/marlin-7-gen-3/p/57367/,https://www.trekbikes.com/es/es_ES/bicicletas/bicicletas-de-monta%C3%B1a/bicicletas-de-monta%C3%B1a-de-cross-country/marlin/f/F321/marlin-7-gen-3/57367/5337141,html,2026-10-05
Trek,Marlin [b717dc36],Marlin 7 Gen 3,2026,mtb,S,S,,155,165,"155 - 165 cm 5'1"" - 5'5""",ft-in,572,415,"{""Dimensiones de la rueda"": ""27.5\"""", ""A — Tubo del sillín"": ""37.0"", ""B — Ángulo del tubo del sillín"": ""73.8°"", ""Ángulo efectivo del tubo del sillín"": ""74.0°"", ""C — Longitud del tubo de dirección"": ""10.0"", ""D — Ángulo de la dirección"": ""66.5°"", ""E — Tubo superior efectivo"": ""57.9"", ""F — Altura del eje de pedalier"": ""31.3"", ""G — Altura del eje de pedalier"": ""4.5"", ""H — Longitud de la vaina"": ""43.3"", ""I — Retroceso"": ""4.2"", ""J — Trail"": ""11.0"", ""K — Distancia entre ejes"": ""112.1"", ""L — Standover"": ""69.2"", ""Reach (cm)"": ""41.5"", ""Stack (cm)"": ""57.2""}",1149,false,https://www.trekbikes.com/es/es_ES/bicicletas/bicicletas-de-monta%C3%B1a/bicicletas-de-monta%C3%B1a-de-cross-country/marlin/marlin-7-gen-3/p/57367/,https://www.trekbikes.com/es/es_ES/bicicletas/bicicletas-de-monta%C3%B1a/bicicletas-de-monta%C3%B1a-de-cross-country/marlin/f/F321/marlin-7-gen-3/57367/5337141,html,2026-10-05
Trek,Marlin [b717dc36],Marlin 7 Gen 3,2026,mtb,M,M,,165,178,"165 - 177 cm 5'5"" - 5'10""",ft-in,609,440,"{""Dimensiones de la rueda"": ""29\"""", ""A — Tubo del sillín"": ""42.0"", ""B — Ángulo del tubo del sillín"": ""73.4°"", ""Ángulo efectivo del tubo del sillín"": ""74.0°"", ""C — Longitud del tubo de dirección"": ""10.5"", ""D — Ángulo de la dirección"": ""66.5°"", ""E — Tubo superior efectivo"": ""61.5"", ""F — Altura del eje de pedalier"": ""30.8"", ""G — Altura del eje de pedalier"": ""6.0"", ""H — Longitud de la vaina"": ""43.8"", ""I — Retroceso"": ""4.6"", ""J — Trail"": ""11.0"", ""K — Distancia entre ejes"": ""116.3"", ""L — Standover"": ""74.7"", ""Reach (cm)"": ""44.0"", ""Stack (cm)"": ""60.9""}",1149,false,https://www.trekbikes.com/es/es_ES/bicicletas/bicicletas-de-monta%C3%B1a/bicicletas-de-monta%C3%B1a-de-cross-country/marlin/marlin-7-gen-3/p/57367/,https://www.trekbikes.com/es/es_ES/bicicletas/bicicletas-de-monta%C3%B1a/bicicletas-de-monta%C3%B1a-de-cross-country/marlin/f/F321/marlin-7-gen-3/57367/5337141,html,2026-10-05
Trek,Marlin [b717dc36],Marlin 7 Gen 3,2026,mtb,ML,,,173,180,"173 - 180 cm 5'8"" - 5'11""",ft-in,614,455,"{""Dimensiones de la rueda"": ""29\"""", ""A — Tubo del sillín"": ""43.5"", ""B — Ángulo del tubo del sillín"": ""73.4°"", ""Ángulo efectivo del tubo del sillín"": ""74.0°"", ""C — Longitud del tubo de dirección"": ""11.0"", ""D — Ángulo de la dirección"": ""66.5°"", ""E — Tubo superior efectivo"": ""63.1"", ""F — Altura del eje de pedalier"": ""30.8"", ""G — Altura del eje de pedalier"": ""6.0"", ""H — Longitud de la vaina"": ""43.8"", ""I — Retroceso"": ""4.6"", ""J — Trail"": ""11.0"", ""K — Distancia entre ejes"": ""118.0"", ""L — Standover"": ""75.9"", ""Reach (cm)"": ""45.5"", ""Stack (cm)"": ""61.4""}",1149,false,https://www.trekbikes.com/es/es_ES/bicicletas/bicicletas-de-monta%C3%B1a/bicicletas-de-monta%C3%B1a-de-cross-country/marlin/marlin-7-gen-3/p/57367/,https://www.trekbikes.com/es/es_ES/bicicletas/bicicletas-de-monta%C3%B1a/bicicletas-de-monta%C3%B1a-de-cross-country/marlin/f/F321/marlin-7-gen-3/57367/5337141,html,2026-10-05
Trek,Marlin [b717dc36],Marlin 7 Gen 3,2026,mtb,L,L,,178,188,"177 - 188 cm 5'10"" - 6'2""",ft-in,618,470,"{""Dimensiones de la rueda"": ""29\"""", ""A — Tubo del sillín"": ""45.0"", ""B — Ángulo del tubo del sillín"": ""73.4°"", ""Ángulo efectivo del tubo del sillín"": ""74.0°"", ""C — Longitud del tubo de dirección"": ""11.5"", ""D — Ángulo de la dirección"": ""66.5°"", ""E — Tubo superior efectivo"": ""64.7"", ""F — Altura del eje de pedalier"": ""30.8"", ""G — Altura del eje de pedalier"": ""6.0"", ""H — Longitud de la vaina"": ""43.8"", ""I — Retroceso"": ""4.6"", ""J — Trail"": ""11.0"", ""K — Distancia entre ejes"": ""119.7"", ""L — Standover"": ""77.1"", ""Reach (cm)"": ""47.0"", ""Stack (cm)"": ""61.8""}",1149,false,https://www.trekbikes.com/es/es_ES/bicicletas/bicicletas-de-monta%C3%B1a/bicicletas-de-monta%C3%B1a-de-cross-country/marlin/marlin-7-gen-3/p/57367/,https://www.trekbikes.com/es/es_ES/bicicletas/bicicletas-de-monta%C3%B1a/bicicletas-de-monta%C3%B1a-de-cross-country/marlin/f/F321/marlin-7-gen-3/57367/5337141,html,2026-10-05
Trek,Marlin [b717dc36],Marlin 7 Gen 3,2026,mtb,XL,XL,,188,196,"188 - 195 cm 6'2"" - 6'5""",ft-in,637,495,"{""Dimensiones de la rueda"": ""29\"""", ""A — Tubo del sillín"": ""50.0"", ""B — Ángulo del tubo del sillín"": ""73.4°"", ""Ángulo efectivo del tubo del sillín"": ""74.0°"", ""C — Longitud del tubo de dirección"": ""13.5"", ""D — Ángulo de la dirección"": ""66.5°"", ""E — Tubo superior efectivo"": ""67.8"", ""F — Altura del eje de pedalier"": ""30.8"", ""G — Altura del eje de pedalier"": ""6.0"", ""H — Longitud de la vaina"": ""43.8"", ""I — Retroceso"": ""4.6"", ""J — Trail"": ""11.0"", ""K — Distancia entre ejes"": ""123.0"", ""L — Standover"": ""79.1"", ""Reach (cm)"": ""49.5"", ""Stack (cm)"": ""63.7""}",1149,false,https://www.trekbikes.com/es/es_ES/bicicletas/bicicletas-de-monta%C3%B1a/bicicletas-de-monta%C3%B1a-de-cross-country/marlin/marlin-7-gen-3/p/57367/,https://www.trekbikes.com/es/es_ES/bicicletas/bicicletas-de-monta%C3%B1a/bicicletas-de-monta%C3%B1a-de-cross-country/marlin/f/F321/marlin-7-gen-3/57367/5337141,html,2026-10-05
Trek,Marlin [b717dc36],Marlin 7 Gen 3,2026,mtb,XXL,XXL,,196,203,"195 - 203 cm 6'5"" - 6'8""",ft-in,651,520,"{""Dimensiones de la rueda"": ""29\"""", ""A — Tubo del sillín"": ""54.0"", ""B — Ángulo del tubo del sillín"": ""73.4°"", ""Ángulo efectivo del tubo del sillín"": ""74.0°"", ""C — Longitud del tubo de dirección"": ""15.0"", ""D — Ángulo de la dirección"": ""66.5°"", ""E — Tubo superior efectivo"": ""70.7"", ""F — Altura del eje de pedalier"": ""30.8"", ""G — Altura del eje de pedalier"": ""6.0"", ""H — Longitud de la vaina"": ""43.8"", ""I — Retroceso"": ""4.6"", ""J — Trail"": ""11.0"", ""K — Distancia entre ejes"": ""126.1"", ""L — Standover"": ""81.6"", ""Reach (cm)"": ""52.0"", ""Stack (cm)"": ""65.1""}",1149,false,https://www.trekbikes.com/es/es_ES/bicicletas/bicicletas-de-monta%C3%B1a/bicicletas-de-monta%C3%B1a-de-cross-country/marlin/marlin-7-gen-3/p/57367/,https://www.trekbikes.com/es/es_ES/bicicletas/bicicletas-de-monta%C3%B1a/bicicletas-de-monta%C3%B1a-de-cross-country/marlin/f/F321/marlin-7-gen-3/57367/5337141,html,2026-10-05
Trek,Marlin [b717dc36],Marlin 6 Gen 3,2026,mtb,XS,XS,,145,155,"145 - 155 cm 4'9"" - 5'1""",ft-in,563,390,"{""Dimensiones de la rueda"": ""27.5\"""", ""A — Tubo del sillín"": ""34.0"", ""B — Ángulo del tubo del sillín"": ""73.8°"", ""Ángulo efectivo del tubo del sillín"": ""74.0°"", ""C — Longitud del tubo de dirección"": ""9.0"", ""D — Ángulo de la dirección"": ""66.5°"", ""E — Tubo superior efectivo"": ""55.1"", ""F — Altura del eje de pedalier"": ""31.3"", ""G — Altura del eje de pedalier"": ""4.5"", ""H — Longitud de la vaina"": ""43.3"", ""I — Retroceso"": ""4.2"", ""J — Trail"": ""11.0"", ""K — Distancia entre ejes"": ""109.2"", ""L — Standover"": ""65.8"", ""Reach (cm)"": ""39.0"", ""Stack (cm)"": ""56.3""}",949,false,https://www.trekbikes.com/es/es_ES/bicicletas/bicicletas-de-monta%C3%B1a/bicicletas-de-monta%C3%B1a-de-cross-country/marlin/marlin-6-gen-3/p/57365/,https://www.trekbikes.com/es/es_ES/bicicletas/bicicletas-de-monta%C3%B1a/bicicletas-de-monta%C3%B1a-de-cross-country/marlin/f/F321/marlin-6-gen-3/57365/5337078,html,2026-10-05
Trek,Marlin [b717dc36],Marlin 6 Gen 3,2026,mtb,S,S,,155,165,"155 - 165 cm 5'1"" - 5'5""",ft-in,572,415,"{""Dimensiones de la rueda"": ""27.5\"""", ""A — Tubo del sillín"": ""37.0"", ""B — Ángulo del tubo del sillín"": ""73.8°"", ""Ángulo efectivo del tubo del sillín"": ""74.0°"", ""C — Longitud del tubo de dirección"": ""10.0"", ""D — Ángulo de la dirección"": ""66.5°"", ""E — Tubo superior efectivo"": ""57.9"", ""F — Altura del eje de pedalier"": ""31.3"", ""G — Altura del eje de pedalier"": ""4.5"", ""H — Longitud de la vaina"": ""43.3"", ""I — Retroceso"": ""4.2"", ""J — Trail"": ""11.0"", ""K — Distancia entre ejes"": ""112.1"", ""L — Standover"": ""69.2"", ""Reach (cm)"": ""41.5"", ""Stack (cm)"": ""57.2""}",949,false,https://www.trekbikes.com/es/es_ES/bicicletas/bicicletas-de-monta%C3%B1a/bicicletas-de-monta%C3%B1a-de-cross-country/marlin/marlin-6-gen-3/p/57365/,https://www.trekbikes.com/es/es_ES/bicicletas/bicicletas-de-monta%C3%B1a/bicicletas-de-monta%C3%B1a-de-cross-country/marlin/f/F321/marlin-6-gen-3/57365/5337078,html,2026-10-05
Trek,Marlin [b717dc36],Marlin 6 Gen 3,2026,mtb,M,M,,165,178,"165 - 177 cm 5'5"" - 5'10""",ft-in,609,440,"{""Dimensiones de la rueda"": ""29\"""", ""A — Tubo del sillín"": ""42.0"", ""B — Ángulo del tubo del sillín"": ""73.4°"", ""Ángulo efectivo del tubo del sillín"": ""74.0°"", ""C — Longitud del tubo de dirección"": ""10.5"", ""D — Ángulo de la dirección"": ""66.5°"", ""E — Tubo superior efectivo"": ""61.5"", ""F — Altura del eje de pedalier"": ""30.8"", ""G — Altura del eje de pedalier"": ""6.0"", ""H — Longitud de la vaina"": ""43.8"", ""I — Retroceso"": ""4.6"", ""J — Trail"": ""11.0"", ""K — Distancia entre ejes"": ""116.3"", ""L — Standover"": ""74.7"", ""Reach (cm)"": ""44.0"", ""Stack (cm)"": ""60.9""}",949,false,https://www.trekbikes.com/es/es_ES/bicicletas/bicicletas-de-monta%C3%B1a/bicicletas-de-monta%C3%B1a-de-cross-country/marlin/marlin-6-gen-3/p/57365/,https://www.trekbikes.com/es/es_ES/bicicletas/bicicletas-de-monta%C3%B1a/bicicletas-de-monta%C3%B1a-de-cross-country/marlin/f/F321/marlin-6-gen-3/57365/5337078,html,2026-10-05
Trek,Marlin [b717dc36],Marlin 6 Gen 3,2026,mtb,ML,,,173,180,"173 - 180 cm 5'8"" - 5'11""",ft-in,614,455,"{""Dimensiones de la rueda"": ""29\"""", ""A — Tubo del sillín"": ""43.5"", ""B — Ángulo del tubo del sillín"": ""73.4°"", ""Ángulo efectivo del tubo del sillín"": ""74.0°"", ""C — Longitud del tubo de dirección"": ""11.0"", ""D — Ángulo de la dirección"": ""66.5°"", ""E — Tubo superior efectivo"": ""63.1"", ""F — Altura del eje de pedalier"": ""30.8"", ""G — Altura del eje de pedalier"": ""6.0"", ""H — Longitud de la vaina"": ""43.8"", ""I — Retroceso"": ""4.6"", ""J — Trail"": ""11.0"", ""K — Distancia entre ejes"": ""118.0"", ""L — Standover"": ""75.9"", ""Reach (cm)"": ""45.5"", ""Stack (cm)"": ""61.4""}",949,false,https://www.trekbikes.com/es/es_ES/bicicletas/bicicletas-de-monta%C3%B1a/bicicletas-de-monta%C3%B1a-de-cross-country/marlin/marlin-6-gen-3/p/57365/,https://www.trekbikes.com/es/es_ES/bicicletas/bicicletas-de-monta%C3%B1a/bicicletas-de-monta%C3%B1a-de-cross-country/marlin/f/F321/marlin-6-gen-3/57365/5337078,html,2026-10-05
Trek,Marlin [b717dc36],Marlin 6 Gen 3,2026,mtb,L,L,,178,188,"177 - 188 cm 5'10"" - 6'2""",ft-in,618,470,"{""Dimensiones de la rueda"": ""29\"""", ""A — Tubo del sillín"": ""45.0"", ""B — Ángulo del tubo del sillín"": ""73.4°"", ""Ángulo efectivo del tubo del sillín"": ""74.0°"", ""C — Longitud del tubo de dirección"": ""11.5"", ""D — Ángulo de la dirección"": ""66.5°"", ""E — Tubo superior efectivo"": ""64.7"", ""F — Altura del eje de pedalier"": ""30.8"", ""G — Altura del eje de pedalier"": ""6.0"", ""H — Longitud de la vaina"": ""43.8"", ""I — Retroceso"": ""4.6"", ""J — Trail"": ""11.0"", ""K — Distancia entre ejes"": ""119.7"", ""L — Standover"": ""77.1"", ""Reach (cm)"": ""47.0"", ""Stack (cm)"": ""61.8""}",949,false,https://www.trekbikes.com/es/es_ES/bicicletas/bicicletas-de-monta%C3%B1a/bicicletas-de-monta%C3%B1a-de-cross-country/marlin/marlin-6-gen-3/p/57365/,https://www.trekbikes.com/es/es_ES/bicicletas/bicicletas-de-monta%C3%B1a/bicicletas-de-monta%C3%B1a-de-cross-country/marlin/f/F321/marlin-6-gen-3/57365/5337078,html,2026-10-05
Trek,Marlin [b717dc36],Marlin 6 Gen 3,2026,mtb,XL,XL,,188,196,"188 - 195 cm 6'2"" - 6'5""",ft-in,637,495,"{""Dimensiones de la rueda"": ""29\"""", ""A — Tubo del sillín"": ""50.0"", ""B — Ángulo del tubo del sillín"": ""73.4°"", ""Ángulo efectivo del tubo del sillín"": ""74.0°"", ""C — Longitud del tubo de dirección"": ""13.5"", ""D — Ángulo de la dirección"": ""66.5°"", ""E — Tubo superior efectivo"": ""67.8"", ""F — Altura del eje de pedalier"": ""30.8"", ""G — Altura del eje de pedalier"": ""6.0"", ""H — Longitud de la vaina"": ""43.8"", ""I — Retroceso"": ""4.6"", ""J — Trail"": ""11.0"", ""K — Distancia entre ejes"": ""123.0"", ""L — Standover"": ""79.1"", ""Reach (cm)"": ""49.5"", ""Stack (cm)"": ""63.7""}",949,false,https://www.trekbikes.com/es/es_ES/bicicletas/bicicletas-de-monta%C3%B1a/bicicletas-de-monta%C3%B1a-de-cross-country/marlin/marlin-6-gen-3/p/57365/,https://www.trekbikes.com/es/es_ES/bicicletas/bicicletas-de-monta%C3%B1a/bicicletas-de-monta%C3%B1a-de-cross-country/marlin/f/F321/marlin-6-gen-3/57365/5337078,html,2026-10-05
Trek,Marlin [b717dc36],Marlin 6 Gen 3,2026,mtb,XXL,XXL,,196,203,"195 - 203 cm 6'5"" - 6'8""",ft-in,651,520,"{""Dimensiones de la rueda"": ""29\"""", ""A — Tubo del sillín"": ""54.0"", ""B — Ángulo del tubo del sillín"": ""73.4°"", ""Ángulo efectivo del tubo del sillín"": ""74.0°"", ""C — Longitud del tubo de dirección"": ""15.0"", ""D — Ángulo de la dirección"": ""66.5°"", ""E — Tubo superior efectivo"": ""70.7"", ""F — Altura del eje de pedalier"": ""30.8"", ""G — Altura del eje de pedalier"": ""6.0"", ""H — Longitud de la vaina"": ""43.8"", ""I — Retroceso"": ""4.6"", ""J — Trail"": ""11.0"", ""K — Distancia entre ejes"": ""126.1"", ""L — Standover"": ""81.6"", ""Reach (cm)"": ""52.0"", ""Stack (cm)"": ""65.1""}",949,false,https://www.trekbikes.com/es/es_ES/bicicletas/bicicletas-de-monta%C3%B1a/bicicletas-de-monta%C3%B1a-de-cross-country/marlin/marlin-6-gen-3/p/57365/,https://www.trekbikes.com/es/es_ES/bicicletas/bicicletas-de-monta%C3%B1a/bicicletas-de-monta%C3%B1a-de-cross-country/marlin/f/F321/marlin-6-gen-3/57365/5337078,html,2026-10-05
Trek,Marlin [b717dc36],Marlin 5 Gen 3,2026,mtb,XS,XS,,145,155,"145 - 155 cm 4'9"" - 5'1""",ft-in,563,390,"{""Dimensiones de la rueda"": ""27.5\"""", ""A — Tubo del sillín"": ""34.0"", ""B — Ángulo del tubo del sillín"": ""73.8°"", ""Ángulo efectivo del tubo del sillín"": ""74.0°"", ""C — Longitud del tubo de dirección"": ""9.0"", ""D — Ángulo de la dirección"": ""66.5°"", ""E — Tubo superior efectivo"": ""55.1"", ""F — Altura del eje de pedalier"": ""31.3"", ""G — Altura del eje de pedalier"": ""4.5"", ""H — Longitud de la vaina"": ""43.3"", ""I — Retroceso"": ""4.2"", ""J — Trail"": ""11.0"", ""K — Distancia entre ejes"": ""109.2"", ""L — Standover"": ""65.8"", ""Reach (cm)"": ""39.0"", ""Stack (cm)"": ""56.3""}",679,false,https://www.trekbikes.com/es/es_ES/bicicletas/bicicletas-de-monta%C3%B1a/bicicletas-de-monta%C3%B1a-de-cross-country/marlin/marlin-5-gen-3/p/57363/,https://www.trekbikes.com/es/es_ES/bicicletas/bicicletas-de-monta%C3%B1a/bicicletas-de-monta%C3%B1a-de-cross-country/marlin/f/F321/marlin-5-gen-3/57363/5337022,html,2026-10-05
Trek,Marlin [b717dc36],Marlin 5 Gen 3,2026,mtb,S,S,,155,165,"155 - 165 cm 5'1"" - 5'5""",ft-in,572,415,"{""Dimensiones de la rueda"": ""27.5\"""", ""A — Tubo del sillín"": ""37.0"", ""B — Ángulo del tubo del sillín"": ""73.8°"", ""Ángulo efectivo del tubo del sillín"": ""74.0°"", ""C — Longitud del tubo de dirección"": ""10.0"", ""D — Ángulo de la dirección"": ""66.5°"", ""E — Tubo superior efectivo"": ""57.9"", ""F — Altura del eje de pedalier"": ""31.3"", ""G — Altura del eje de pedalier"": ""4.5"", ""H — Longitud de la vaina"": ""43.3"", ""I — Retroceso"": ""4.2"", ""J — Trail"": ""11.0"", ""K — Distancia entre ejes"": ""112.1"", ""L — Standover"": ""69.2"", ""Reach (cm)"": ""41.5"", ""Stack (cm)"": ""57.2""}",679,false,https://www.trekbikes.com/es/es_ES/bicicletas/bicicletas-de-monta%C3%B1a/bicicletas-de-monta%C3%B1a-de-cross-country/marlin/marlin-5-gen-3/p/57363/,https://www.trekbikes.com/es/es_ES/bicicletas/bicicletas-de-monta%C3%B1a/bicicletas-de-monta%C3%B1a-de-cross-country/marlin/f/F321/marlin-5-gen-3/57363/5337022,html,2026-10-05
Trek,Marlin [b717dc36],Marlin 5 Gen 3,2026,mtb,M,M,,165,178,"165 - 177 cm 5'5"" - 5'10""",ft-in,609,440,"{""Dimensiones de la rueda"": ""29\"""", ""A — Tubo del sillín"": ""42.0"", ""B — Ángulo del tubo del sillín"": ""73.4°"", ""Ángulo efectivo del tubo del sillín"": ""74.0°"", ""C — Longitud del tubo de dirección"": ""10.5"", ""D — Ángulo de la dirección"": ""66.5°"", ""E — Tubo superior efectivo"": ""61.5"", ""F — Altura del eje de pedalier"": ""30.8"", ""G — Altura del eje de pedalier"": ""6.0"", ""H — Longitud de la vaina"": ""43.8"", ""I — Retroceso"": ""4.6"", ""J — Trail"": ""11.0"", ""K — Distancia entre ejes"": ""116.3"", ""L — Standover"": ""74.7"", ""Reach (cm)"": ""44.0"", ""Stack (cm)"": ""60.9""}",679,false,https://www.trekbikes.com/es/es_ES/bicicletas/bicicletas-de-monta%C3%B1a/bicicletas-de-monta%C3%B1a-de-cross-country/marlin/marlin-5-gen-3/p/57363/,https://www.trekbikes.com/es/es_ES/bicicletas/bicicletas-de-monta%C3%B1a/bicicletas-de-monta%C3%B1a-de-cross-country/marlin/f/F321/marlin-5-gen-3/57363/5337022,html,2026-10-05
Trek,Marlin [b717dc36],Marlin 5 Gen 3,2026,mtb,ML,,,173,180,"173 - 180 cm 5'8"" - 5'11""",ft-in,614,455,"{""Dimensiones de la rueda"": ""29\"""", ""A — Tubo del sillín"": ""43.5"", ""B — Ángulo del tubo del sillín"": ""73.4°"", ""Ángulo efectivo del tubo del sillín"": ""74.0°"", ""C — Longitud del tubo de dirección"": ""11.0"", ""D — Ángulo de la dirección"": ""66.5°"", ""E — Tubo superior efectivo"": ""63.1"", ""F — Altura del eje de pedalier"": ""30.8"", ""G — Altura del eje de pedalier"": ""6.0"", ""H — Longitud de la vaina"": ""43.8"", ""I — Retroceso"": ""4.6"", ""J — Trail"": ""11.0"", ""K — Distancia entre ejes"": ""118.0"", ""L — Standover"": ""75.9"", ""Reach (cm)"": ""45.5"", ""Stack (cm)"": ""61.4""}",679,false,https://www.trekbikes.com/es/es_ES/bicicletas/bicicletas-de-monta%C3%B1a/bicicletas-de-monta%C3%B1a-de-cross-country/marlin/marlin-5-gen-3/p/57363/,https://www.trekbikes.com/es/es_ES/bicicletas/bicicletas-de-monta%C3%B1a/bicicletas-de-monta%C3%B1a-de-cross-country/marlin/f/F321/marlin-5-gen-3/57363/5337022,html,2026-10-05
Trek,Marlin [b717dc36],Marlin 5 Gen 3,2026,mtb,L,L,,178,188,"177 - 188 cm 5'10"" - 6'2""",ft-in,618,470,"{""Dimensiones de la rueda"": ""29\"""", ""A — Tubo del sillín"": ""45.0"", ""B — Ángulo del tubo del sillín"": ""73.4°"", ""Ángulo efectivo del tubo del sillín"": ""74.0°"", ""C — Longitud del tubo de dirección"": ""11.5"", ""D — Ángulo de la dirección"": ""66.5°"", ""E — Tubo superior efectivo"": ""64.7"", ""F — Altura del eje de pedalier"": ""30.8"", ""G — Altura del eje de pedalier"": ""6.0"", ""H — Longitud de la vaina"": ""43.8"", ""I — Retroceso"": ""4.6"", ""J — Trail"": ""11.0"", ""K — Distancia entre ejes"": ""119.7"", ""L — Standover"": ""77.1"", ""Reach (cm)"": ""47.0"", ""Stack (cm)"": ""61.8""}",679,false,https://www.trekbikes.com/es/es_ES/bicicletas/bicicletas-de-monta%C3%B1a/bicicletas-de-monta%C3%B1a-de-cross-country/marlin/marlin-5-gen-3/p/57363/,https://www.trekbikes.com/es/es_ES/bicicletas/bicicletas-de-monta%C3%B1a/bicicletas-de-monta%C3%B1a-de-cross-country/marlin/f/F321/marlin-5-gen-3/57363/5337022,html,2026-10-05
Trek,Marlin [b717dc36],Marlin 5 Gen 3,2026,mtb,XL,XL,,188,196,"188 - 195 cm 6'2"" - 6'5""",ft-in,637,495,"{""Dimensiones de la rueda"": ""29\"""", ""A — Tubo del sillín"": ""50.0"", ""B — Ángulo del tubo del sillín"": ""73.4°"", ""Ángulo efectivo del tubo del sillín"": ""74.0°"", ""C — Longitud del tubo de dirección"": ""13.5"", ""D — Ángulo de la dirección"": ""66.5°"", ""E — Tubo superior efectivo"": ""67.8"", ""F — Altura del eje de pedalier"": ""30.8"", ""G — Altura del eje de pedalier"": ""6.0"", ""H — Longitud de la vaina"": ""43.8"", ""I — Retroceso"": ""4.6"", ""J — Trail"": ""11.0"", ""K — Distancia entre ejes"": ""123.0"", ""L — Standover"": ""79.1"", ""Reach (cm)"": ""49.5"", ""Stack (cm)"": ""63.7""}",679,false,https://www.trekbikes.com/es/es_ES/bicicletas/bicicletas-de-monta%C3%B1a/bicicletas-de-monta%C3%B1a-de-cross-country/marlin/marlin-5-gen-3/p/57363/,https://www.trekbikes.com/es/es_ES/bicicletas/bicicletas-de-monta%C3%B1a/bicicletas-de-monta%C3%B1a-de-cross-country/marlin/f/F321/marlin-5-gen-3/57363/5337022,html,2026-10-05
Trek,Marlin [b717dc36],Marlin 5 Gen 3,2026,mtb,XXL,XXL,,196,203,"195 - 203 cm 6'5"" - 6'8""",ft-in,651,520,"{""Dimensiones de la rueda"": ""29\"""", ""A — Tubo del sillín"": ""54.0"", ""B — Ángulo del tubo del sillín"": ""73.4°"", ""Ángulo efectivo del tubo del sillín"": ""74.0°"", ""C — Longitud del tubo de dirección"": ""15.0"", ""D — Ángulo de la dirección"": ""66.5°"", ""E — Tubo superior efectivo"": ""70.7"", ""F — Altura del eje de pedalier"": ""30.8"", ""G — Altura del eje de pedalier"": ""6.0"", ""H — Longitud de la vaina"": ""43.8"", ""I — Retroceso"": ""4.6"", ""J — Trail"": ""11.0"", ""K — Distancia entre ejes"": ""126.1"", ""L — Standover"": ""81.6"", ""Reach (cm)"": ""52.0"", ""Stack (cm)"": ""65.1""}",679,false,https://www.trekbikes.com/es/es_ES/bicicletas/bicicletas-de-monta%C3%B1a/bicicletas-de-monta%C3%B1a-de-cross-country/marlin/marlin-5-gen-3/p/57363/,https://www.trekbikes.com/es/es_ES/bicicletas/bicicletas-de-monta%C3%B1a/bicicletas-de-monta%C3%B1a-de-cross-country/marlin/f/F321/marlin-5-gen-3/57363/5337022,html,2026-10-05
Trek,Marlin [b717dc36],Marlin 4 Gen 3,2026,mtb,XS,XS,,,,,,563,390,"{""Dimensiones de la rueda"": ""27.5\"""", ""A — Tubo del sillín"": ""34.0"", ""B — Ángulo del tubo del sillín"": ""73.8°"", ""Ángulo efectivo del tubo del sillín"": ""74.0°"", ""C — Longitud del tubo de dirección"": ""9.0"", ""D — Ángulo de la dirección"": ""66.5°"", ""E — Tubo superior efectivo"": ""55.1"", ""F — Altura del eje de pedalier"": ""31.3"", ""G — Altura del eje de pedalier"": ""4.5"", ""H — Longitud de la vaina"": ""43.3"", ""I — Retroceso"": ""4.2"", ""J — Trail"": ""11.0"", ""K — Distancia entre ejes"": ""109.2"", ""L — Standover"": ""65.8"", ""Reach (cm)"": ""39.0"", ""Stack (cm)"": ""56.3""}",579,false,https://www.trekbikes.com/es/es_ES/bicicletas/bicicletas-de-monta%C3%B1a/bicicletas-de-monta%C3%B1a-de-cross-country/marlin/marlin-4-gen-3/p/57361/,https://www.trekbikes.com/es/es_ES/bicicletas/bicicletas-de-monta%C3%B1a/bicicletas-de-monta%C3%B1a-de-cross-country/marlin/f/F321/marlin-4-gen-3/57361/,html,2026-10-05
Trek,Marlin [b717dc36],Marlin 4 Gen 3,2026,mtb,S,S,,,,,,572,415,"{""Dimensiones de la rueda"": ""27.5\"""", ""A — Tubo del sillín"": ""37.0"", ""B — Ángulo del tubo del sillín"": ""73.8°"", ""Ángulo efectivo del tubo del sillín"": ""74.0°"", ""C — Longitud del tubo de dirección"": ""10.0"", ""D — Ángulo de la dirección"": ""66.5°"", ""E — Tubo superior efectivo"": ""57.9"", ""F — Altura del eje de pedalier"": ""31.3"", ""G — Altura del eje de pedalier"": ""4.5"", ""H — Longitud de la vaina"": ""43.3"", ""I — Retroceso"": ""4.2"", ""J — Trail"": ""11.0"", ""K — Distancia entre ejes"": ""112.1"", ""L — Standover"": ""69.2"", ""Reach (cm)"": ""41.5"", ""Stack (cm)"": ""57.2""}",579,false,https://www.trekbikes.com/es/es_ES/bicicletas/bicicletas-de-monta%C3%B1a/bicicletas-de-monta%C3%B1a-de-cross-country/marlin/marlin-4-gen-3/p/57361/,https://www.trekbikes.com/es/es_ES/bicicletas/bicicletas-de-monta%C3%B1a/bicicletas-de-monta%C3%B1a-de-cross-country/marlin/f/F321/marlin-4-gen-3/57361/,html,2026-10-05
Trek,Marlin [b717dc36],Marlin 4 Gen 3,2026,mtb,M,M,,,,,,609,440,"{""Dimensiones de la rueda"": ""29\"""", ""A — Tubo del sillín"": ""42.0"", ""B — Ángulo del tubo del sillín"": ""73.4°"", ""Ángulo efectivo del tubo del sillín"": ""74.0°"", ""C — Longitud del tubo de dirección"": ""10.5"", ""D — Ángulo de la dirección"": ""66.5°"", ""E — Tubo superior efectivo"": ""61.5"", ""F — Altura del eje de pedalier"": ""30.8"", ""G — Altura del eje de pedalier"": ""6.0"", ""H — Longitud de la vaina"": ""43.8"", ""I — Retroceso"": ""4.6"", ""J — Trail"": ""11.0"", ""K — Distancia entre ejes"": ""116.3"", ""L — Standover"": ""74.7"", ""Reach (cm)"": ""44.0"", ""Stack (cm)"": ""60.9""}",579,false,https://www.trekbikes.com/es/es_ES/bicicletas/bicicletas-de-monta%C3%B1a/bicicletas-de-monta%C3%B1a-de-cross-country/marlin/marlin-4-gen-3/p/57361/,https://www.trekbikes.com/es/es_ES/bicicletas/bicicletas-de-monta%C3%B1a/bicicletas-de-monta%C3%B1a-de-cross-country/marlin/f/F321/marlin-4-gen-3/57361/,html,2026-10-05
Trek,Marlin [b717dc36],Marlin 4 Gen 3,2026,mtb,ML,,,,,,,614,455,"{""Dimensiones de la rueda"": ""29\"""", ""A — Tubo del sillín"": ""43.5"", ""B — Ángulo del tubo del sillín"": ""73.4°"", ""Ángulo efectivo del tubo del sillín"": ""74.0°"", ""C — Longitud del tubo de dirección"": ""11.0"", ""D — Ángulo de la dirección"": ""66.5°"", ""E — Tubo superior efectivo"": ""63.1"", ""F — Altura del eje de pedalier"": ""30.8"", ""G — Altura del eje de pedalier"": ""6.0"", ""H — Longitud de la vaina"": ""43.8"", ""I — Retroceso"": ""4.6"", ""J — Trail"": ""11.0"", ""K — Distancia entre ejes"": ""118.0"", ""L — Standover"": ""75.9"", ""Reach (cm)"": ""45.5"", ""Stack (cm)"": ""61.4""}",579,false,https://www.trekbikes.com/es/es_ES/bicicletas/bicicletas-de-monta%C3%B1a/bicicletas-de-monta%C3%B1a-de-cross-country/marlin/marlin-4-gen-3/p/57361/,https://www.trekbikes.com/es/es_ES/bicicletas/bicicletas-de-monta%C3%B1a/bicicletas-de-monta%C3%B1a-de-cross-country/marlin/f/F321/marlin-4-gen-3/57361/,html,2026-10-05
Trek,Marlin [b717dc36],Marlin 4 Gen 3,2026,mtb,L,L,,,,,,618,470,"{""Dimensiones de la rueda"": ""29\"""", ""A — Tubo del sillín"": ""45.0"", ""B — Ángulo del tubo del sillín"": ""73.4°"", ""Ángulo efectivo del tubo del sillín"": ""74.0°"", ""C — Longitud del tubo de dirección"": ""11.5"", ""D — Ángulo de la dirección"": ""66.5°"", ""E — Tubo superior efectivo"": ""64.7"", ""F — Altura del eje de pedalier"": ""30.8"", ""G — Altura del eje de pedalier"": ""6.0"", ""H — Longitud de la vaina"": ""43.8"", ""I — Retroceso"": ""4.6"", ""J — Trail"": ""11.0"", ""K — Distancia entre ejes"": ""119.7"", ""L — Standover"": ""77.1"", ""Reach (cm)"": ""47.0"", ""Stack (cm)"": ""61.8""}",579,false,https://www.trekbikes.com/es/es_ES/bicicletas/bicicletas-de-monta%C3%B1a/bicicletas-de-monta%C3%B1a-de-cross-country/marlin/marlin-4-gen-3/p/57361/,https://www.trekbikes.com/es/es_ES/bicicletas/bicicletas-de-monta%C3%B1a/bicicletas-de-monta%C3%B1a-de-cross-country/marlin/f/F321/marlin-4-gen-3/57361/,html,2026-10-05
Trek,Marlin [b717dc36],Marlin 4 Gen 3,2026,mtb,XL,XL,,,,,,637,495,"{""Dimensiones de la rueda"": ""29\"""", ""A — Tubo del sillín"": ""50.0"", ""B — Ángulo del tubo del sillín"": ""73.4°"", ""Ángulo efectivo del tubo del sillín"": ""74.0°"", ""C — Longitud del tubo de dirección"": ""13.5"", ""D — Ángulo de la dirección"": ""66.5°"", ""E — Tubo superior efectivo"": ""67.8"", ""F — Altura del eje de pedalier"": ""30.8"", ""G — Altura del eje de pedalier"": ""6.0"", ""H — Longitud de la vaina"": ""43.8"", ""I — Retroceso"": ""4.6"", ""J — Trail"": ""11.0"", ""K — Distancia entre ejes"": ""123.0"", ""L — Standover"": ""79.1"", ""Reach (cm)"": ""49.5"", ""Stack (cm)"": ""63.7""}",579,false,https://www.trekbikes.com/es/es_ES/bicicletas/bicicletas-de-monta%C3%B1a/bicicletas-de-monta%C3%B1a-de-cross-country/marlin/marlin-4-gen-3/p/57361/,https://www.trekbikes.com/es/es_ES/bicicletas/bicicletas-de-monta%C3%B1a/bicicletas-de-monta%C3%B1a-de-cross-country/marlin/f/F321/marlin-4-gen-3/57361/,html,2026-10-05
Trek,Marlin [b717dc36],Marlin 4 Gen 3,2026,mtb,XXL,XXL,,,,,,651,520,"{""Dimensiones de la rueda"": ""29\"""", ""A — Tubo del sillín"": ""54.0"", ""B — Ángulo del tubo del sillín"": ""73.4°"", ""Ángulo efectivo del tubo del sillín"": ""74.0°"", ""C — Longitud del tubo de dirección"": ""15.0"", ""D — Ángulo de la dirección"": ""66.5°"", ""E — Tubo superior efectivo"": ""70.7"", ""F — Altura del eje de pedalier"": ""30.8"", ""G — Altura del eje de pedalier"": ""6.0"", ""H — Longitud de la vaina"": ""43.8"", ""I — Retroceso"": ""4.6"", ""J — Trail"": ""11.0"", ""K — Distancia entre ejes"": ""126.1"", ""L — Standover"": ""81.6"", ""Reach (cm)"": ""52.0"", ""Stack (cm)"": ""65.1""}",579,false,https://www.trekbikes.com/es/es_ES/bicicletas/bicicletas-de-monta%C3%B1a/bicicletas-de-monta%C3%B1a-de-cross-country/marlin/marlin-4-gen-3/p/57361/,https://www.trekbikes.com/es/es_ES/bicicletas/bicicletas-de-monta%C3%B1a/bicicletas-de-monta%C3%B1a-de-cross-country/marlin/f/F321/marlin-4-gen-3/57361/,html,2026-10-05
Trek,Marlin 5 Gen 2 [917afce1],Marlin 5 Gen 2,2027,mtb,"15.5""",,,,,,,574,385,"{""Letra de talla del cuadro"": ""S"", ""Dimensiones de la rueda"": ""27.5\"""", ""A — Tubo del sillín"": ""36.8"", ""B — Ángulo del tubo del sillín"": ""73.5°"", ""Ángulo efectivo del tubo del sillín"": ""73.5°"", ""C — Longitud del tubo de dirección"": ""9.0"", ""D — Ángulo de la dirección"": ""69.3°"", ""E — Tubo superior efectivo"": ""55.5"", ""F — Altura del eje de pedalier"": ""30.2"", ""G — Altura del eje de pedalier"": ""4.8"", ""H — Longitud de la vaina"": ""43.8"", ""I — Retroceso"": ""4.2"", ""J — Trail"": ""8.8"", ""K — Distancia entre ejes"": ""106.6"", ""L — Standover"": ""68.6"", ""Reach (cm)"": ""38.5"", ""Stack (cm)"": ""57.4""}",669,false,https://www.trekbikes.com/es/es_ES/bicicletas/bicicletas-de-monta%C3%B1a/bicicletas-de-monta%C3%B1a-de-cross-country/marlin/marlin-5-gen-2/p/34587/,https://www.trekbikes.com/es/es_ES/bicicletas/bicicletas-de-monta%C3%B1a/bicicletas-de-monta%C3%B1a-de-cross-country/marlin/f/F321/marlin-5-gen-2/34587/5255586,html,2026-10-05
Trek,Cuadros sueltos Marlin Gen 3 [cc683461],Cuadros sueltos Marlin Gen 3,2027,mtb,XXS,XXS,,135,145,"135 - 145 cm 4'5"" - 4'9""",ft-in,544,365,"{""Dimensiones de la rueda"": ""26\"""", ""A — Tubo del sillín"": ""32.0"", ""B — Ángulo del tubo del sillín"": ""74.0°"", ""Ángulo efectivo del tubo del sillín"": ""74.0°"", ""C — Longitud del tubo de dirección"": ""9.0"", ""D — Ángulo de la dirección"": ""66.5°"", ""E — Tubo superior efectivo"": ""52.1"", ""F — Altura del eje de pedalier"": ""30.2"", ""G — Altura del eje de pedalier"": ""3.8"", ""H — Longitud de la vaina"": ""43.3"", ""I — Retroceso"": ""4.0"", ""J — Trail"": ""10.4"", ""K — Distancia entre ejes"": ""106.0"", ""L — Standover"": ""65.0"", ""Reach (cm)"": ""36.5"", ""Stack (cm)"": ""54.4""}",499,false,https://www.trekbikes.com/es/es_ES/bicicletas/bicicletas-de-monta%C3%B1a/bicicletas-de-monta%C3%B1a-de-cross-country/marlin/cuadros-sueltos-marlin-gen-3/p/37982/,https://www.trekbikes.com/es/es_ES/bicicletas/bicicletas-de-monta%C3%B1a/bicicletas-de-monta%C3%B1a-de-cross-country/marlin/f/F321/cuadros-sueltos-marlin-gen-3/37982/5288503,html,2026-10-05
Trek,Cuadros sueltos Marlin Gen 3 [cc683461],Cuadros sueltos Marlin Gen 3,2027,mtb,XS,XS,,145,155,"145 - 155 cm 4'9"" - 5'1""",ft-in,563,390,"{""Dimensiones de la rueda"": ""27.5\"""", ""A — Tubo del sillín"": ""34.0"", ""B — Ángulo del tubo del sillín"": ""73.8°"", ""Ángulo efectivo del tubo del sillín"": ""74.0°"", ""C — Longitud del tubo de dirección"": ""9.0"", ""D — Ángulo de la dirección"": ""66.5°"", ""E — Tubo superior efectivo"": ""55.1"", ""F — Altura del eje de pedalier"": ""31.3"", ""G — Altura del eje de pedalier"": ""4.5"", ""H — Longitud de la vaina"": ""43.3"", ""I — Retroceso"": ""4.2"", ""J — Trail"": ""11.0"", ""K — Distancia entre ejes"": ""109.2"", ""L — Standover"": ""65.8"", ""Reach (cm)"": ""39.0"", ""Stack (cm)"": ""56.3""}",499,false,https://www.trekbikes.com/es/es_ES/bicicletas/bicicletas-de-monta%C3%B1a/bicicletas-de-monta%C3%B1a-de-cross-country/marlin/cuadros-sueltos-marlin-gen-3/p/37982/,https://www.trekbikes.com/es/es_ES/bicicletas/bicicletas-de-monta%C3%B1a/bicicletas-de-monta%C3%B1a-de-cross-country/marlin/f/F321/cuadros-sueltos-marlin-gen-3/37982/5288503,html,2026-10-05
Trek,Cuadros sueltos Marlin Gen 3 [cc683461],Cuadros sueltos Marlin Gen 3,2027,mtb,S,S,,155,165,"155 - 165 cm 5'1"" - 5'5""",ft-in,572,415,"{""Dimensiones de la rueda"": ""27.5\"""", ""A — Tubo del sillín"": ""37.0"", ""B — Ángulo del tubo del sillín"": ""73.8°"", ""Ángulo efectivo del tubo del sillín"": ""74.0°"", ""C — Longitud del tubo de dirección"": ""10.0"", ""D — Ángulo de la dirección"": ""66.5°"", ""E — Tubo superior efectivo"": ""57.9"", ""F — Altura del eje de pedalier"": ""31.3"", ""G — Altura del eje de pedalier"": ""4.5"", ""H — Longitud de la vaina"": ""43.3"", ""I — Retroceso"": ""4.2"", ""J — Trail"": ""11.0"", ""K — Distancia entre ejes"": ""112.1"", ""L — Standover"": ""69.2"", ""Reach (cm)"": ""41.5"", ""Stack (cm)"": ""57.2""}",499,false,https://www.trekbikes.com/es/es_ES/bicicletas/bicicletas-de-monta%C3%B1a/bicicletas-de-monta%C3%B1a-de-cross-country/marlin/cuadros-sueltos-marlin-gen-3/p/37982/,https://www.trekbikes.com/es/es_ES/bicicletas/bicicletas-de-monta%C3%B1a/bicicletas-de-monta%C3%B1a-de-cross-country/marlin/f/F321/cuadros-sueltos-marlin-gen-3/37982/5288503,html,2026-10-05
Trek,Cuadros sueltos Marlin Gen 3 [cc683461],Cuadros sueltos Marlin Gen 3,2027,mtb,M,M,,165,178,"165 - 177 cm 5'5"" - 5'10""",ft-in,609,440,"{""Dimensiones de la rueda"": ""29\"""", ""A — Tubo del sillín"": ""42.0"", ""B — Ángulo del tubo del sillín"": ""73.4°"", ""Ángulo efectivo del tubo del sillín"": ""74.0°"", ""C — Longitud del tubo de dirección"": ""10.5"", ""D — Ángulo de la dirección"": ""66.5°"", ""E — Tubo superior efectivo"": ""61.5"", ""F — Altura del eje de pedalier"": ""30.8"", ""G — Altura del eje de pedalier"": ""6.0"", ""H — Longitud de la vaina"": ""43.8"", ""I — Retroceso"": ""4.6"", ""J — Trail"": ""11.0"", ""K — Distancia entre ejes"": ""116.3"", ""L — Standover"": ""74.7"", ""Reach (cm)"": ""44.0"", ""Stack (cm)"": ""60.9""}",499,false,https://www.trekbikes.com/es/es_ES/bicicletas/bicicletas-de-monta%C3%B1a/bicicletas-de-monta%C3%B1a-de-cross-country/marlin/cuadros-sueltos-marlin-gen-3/p/37982/,https://www.trekbikes.com/es/es_ES/bicicletas/bicicletas-de-monta%C3%B1a/bicicletas-de-monta%C3%B1a-de-cross-country/marlin/f/F321/cuadros-sueltos-marlin-gen-3/37982/5288503,html,2026-10-05
Trek,Cuadros sueltos Marlin Gen 3 [cc683461],Cuadros sueltos Marlin Gen 3,2027,mtb,ML,,,173,180,"173 - 180 cm 5'8"" - 5'11""",ft-in,614,455,"{""Dimensiones de la rueda"": ""29\"""", ""A — Tubo del sillín"": ""43.5"", ""B — Ángulo del tubo del sillín"": ""73.4°"", ""Ángulo efectivo del tubo del sillín"": ""74.0°"", ""C — Longitud del tubo de dirección"": ""11.0"", ""D — Ángulo de la dirección"": ""66.5°"", ""E — Tubo superior efectivo"": ""63.1"", ""F — Altura del eje de pedalier"": ""30.8"", ""G — Altura del eje de pedalier"": ""6.0"", ""H — Longitud de la vaina"": ""43.8"", ""I — Retroceso"": ""4.6"", ""J — Trail"": ""11.0"", ""K — Distancia entre ejes"": ""118.0"", ""L — Standover"": ""75.9"", ""Reach (cm)"": ""45.5"", ""Stack (cm)"": ""61.4""}",499,false,https://www.trekbikes.com/es/es_ES/bicicletas/bicicletas-de-monta%C3%B1a/bicicletas-de-monta%C3%B1a-de-cross-country/marlin/cuadros-sueltos-marlin-gen-3/p/37982/,https://www.trekbikes.com/es/es_ES/bicicletas/bicicletas-de-monta%C3%B1a/bicicletas-de-monta%C3%B1a-de-cross-country/marlin/f/F321/cuadros-sueltos-marlin-gen-3/37982/5288503,html,2026-10-05
Trek,Cuadros sueltos Marlin Gen 3 [cc683461],Cuadros sueltos Marlin Gen 3,2027,mtb,L,L,,178,188,"177 - 188 cm 5'10"" - 6'2""",ft-in,618,470,"{""Dimensiones de la rueda"": ""29\"""", ""A — Tubo del sillín"": ""45.0"", ""B — Ángulo del tubo del sillín"": ""73.4°"", ""Ángulo efectivo del tubo del sillín"": ""74.0°"", ""C — Longitud del tubo de dirección"": ""11.5"", ""D — Ángulo de la dirección"": ""66.5°"", ""E — Tubo superior efectivo"": ""64.7"", ""F — Altura del eje de pedalier"": ""30.8"", ""G — Altura del eje de pedalier"": ""6.0"", ""H — Longitud de la vaina"": ""43.8"", ""I — Retroceso"": ""4.6"", ""J — Trail"": ""11.0"", ""K — Distancia entre ejes"": ""119.7"", ""L — Standover"": ""77.1"", ""Reach (cm)"": ""47.0"", ""Stack (cm)"": ""61.8""}",499,false,https://www.trekbikes.com/es/es_ES/bicicletas/bicicletas-de-monta%C3%B1a/bicicletas-de-monta%C3%B1a-de-cross-country/marlin/cuadros-sueltos-marlin-gen-3/p/37982/,https://www.trekbikes.com/es/es_ES/bicicletas/bicicletas-de-monta%C3%B1a/bicicletas-de-monta%C3%B1a-de-cross-country/marlin/f/F321/cuadros-sueltos-marlin-gen-3/37982/5288503,html,2026-10-05
Trek,Cuadros sueltos Marlin Gen 3 [cc683461],Cuadros sueltos Marlin Gen 3,2027,mtb,XL,XL,,188,196,"188 - 195 cm 6'2"" - 6'5""",ft-in,637,495,"{""Dimensiones de la rueda"": ""29\"""", ""A — Tubo del sillín"": ""50.0"", ""B — Ángulo del tubo del sillín"": ""73.4°"", ""Ángulo efectivo del tubo del sillín"": ""74.0°"", ""C — Longitud del tubo de dirección"": ""13.5"", ""D — Ángulo de la dirección"": ""66.5°"", ""E — Tubo superior efectivo"": ""67.8"", ""F — Altura del eje de pedalier"": ""30.8"", ""G — Altura del eje de pedalier"": ""6.0"", ""H — Longitud de la vaina"": ""43.8"", ""I — Retroceso"": ""4.6"", ""J — Trail"": ""11.0"", ""K — Distancia entre ejes"": ""123.0"", ""L — Standover"": ""79.1"", ""Reach (cm)"": ""49.5"", ""Stack (cm)"": ""63.7""}",499,false,https://www.trekbikes.com/es/es_ES/bicicletas/bicicletas-de-monta%C3%B1a/bicicletas-de-monta%C3%B1a-de-cross-country/marlin/cuadros-sueltos-marlin-gen-3/p/37982/,https://www.trekbikes.com/es/es_ES/bicicletas/bicicletas-de-monta%C3%B1a/bicicletas-de-monta%C3%B1a-de-cross-country/marlin/f/F321/cuadros-sueltos-marlin-gen-3/37982/5288503,html,2026-10-05
Trek,Cuadros sueltos Marlin Gen 3 [cc683461],Cuadros sueltos Marlin Gen 3,2027,mtb,XXL,XXL,,196,203,"195 - 203 cm 6'5"" - 6'8""",ft-in,651,520,"{""Dimensiones de la rueda"": ""29\"""", ""A — Tubo del sillín"": ""54.0"", ""B — Ángulo del tubo del sillín"": ""73.4°"", ""Ángulo efectivo del tubo del sillín"": ""74.0°"", ""C — Longitud del tubo de dirección"": ""15.0"", ""D — Ángulo de la dirección"": ""66.5°"", ""E — Tubo superior efectivo"": ""70.7"", ""F — Altura del eje de pedalier"": ""30.8"", ""G — Altura del eje de pedalier"": ""6.0"", ""H — Longitud de la vaina"": ""43.8"", ""I — Retroceso"": ""4.6"", ""J — Trail"": ""11.0"", ""K — Distancia entre ejes"": ""126.1"", ""L — Standover"": ""81.6"", ""Reach (cm)"": ""52.0"", ""Stack (cm)"": ""65.1""}",499,false,https://www.trekbikes.com/es/es_ES/bicicletas/bicicletas-de-monta%C3%B1a/bicicletas-de-monta%C3%B1a-de-cross-country/marlin/cuadros-sueltos-marlin-gen-3/p/37982/,https://www.trekbikes.com/es/es_ES/bicicletas/bicicletas-de-monta%C3%B1a/bicicletas-de-monta%C3%B1a-de-cross-country/marlin/f/F321/cuadros-sueltos-marlin-gen-3/37982/5288503,html,2026-10-05
